Adaptive_module_bypass	cpufreq_sugov_ext	vendor_dlkm/lib/modules/cpufreq_sugov_ext.ko
add_external_subdrv_entry	imgsensor_glue	vendor_dlkm/lib/modules/imgsensor-glue.ko
adpf_register_callback	powerhal_cpu_ctrl	vendor_dlkm/lib/modules/powerhal_cpu_ctrl.ko
adpf_unregister_callback	powerhal_cpu_ctrl	vendor_dlkm/lib/modules/powerhal_cpu_ctrl.ko
adsp_task_get_latency_support	snd_soc_audiodsp_common	vendor_dlkm/lib/modules/snd-soc-audiodsp-common.ko
afe_pcm_ipi_to_dsp	snd_soc_audiodsp_common	vendor_dlkm/lib/modules/snd-soc-audiodsp-common.ko
after_md_sleep_status	mtk_lpm_dbg_common_v2	vendor_dlkm/lib/modules/mtk-lpm-dbg-common-v2.ko
aie_vb2_common_vm_ops	mtk_aie	vendor_dlkm/lib/modules/mtk_aie.ko
aie_vb2_create_framevec	mtk_aie	vendor_dlkm/lib/modules/mtk_aie.ko
aie_vb2_dc_get_contiguous_size	mtk_aie	vendor_dlkm/lib/modules/mtk_aie.ko
aie_vb2_destroy_framevec	mtk_aie	vendor_dlkm/lib/modules/mtk_aie.ko
aie_vb2_dma_contig_memops	mtk_aie	vendor_dlkm/lib/modules/mtk_aie.ko
aie_vb2_dma_contig_set_max_seg_size	mtk_aie	vendor_dlkm/lib/modules/mtk_aie.ko
aie_vb2_vmalloc_memops	mtk_aie	vendor_dlkm/lib/modules/mtk_aie.ko
allocate_working_buffer_helper	mtk_hcp	vendor_dlkm/lib/modules/mtk_hcp.ko
alloc_candev_mqs	can_dev	system_dlkm/lib/modules/can-dev.ko
alloc_can_err_skb	can_dev	system_dlkm/lib/modules/can-dev.ko
alloc_canfd_skb	can_dev	system_dlkm/lib/modules/can-dev.ko
alloc_can_skb	can_dev	system_dlkm/lib/modules/can-dev.ko
alloc_canxl_skb	can_dev	system_dlkm/lib/modules/can-dev.ko
alloc_inst_rawbulk	c2k_usb	vendor_dlkm/lib/modules/c2k_usb.ko
aov_notify_register	mtk_aie	vendor_dlkm/lib/modules/mtk_aie.ko
aov_recovery_cb	apusys	vendor_dlkm/lib/modules/apusys.ko
apu_boot_host	apu_top	vendor_dlkm/lib/modules/apu_top.ko
apu_cmd_qos_end	apusys	vendor_dlkm/lib/modules/apusys.ko
apu_cmd_qos_start	apusys	vendor_dlkm/lib/modules/apusys.ko
apu_cmd_qos_suspend	apusys	vendor_dlkm/lib/modules/apusys.ko
apu_device_power_off	apu_top	vendor_dlkm/lib/modules/apu_top.ko
apu_device_power_on	apu_top	vendor_dlkm/lib/modules/apu_top.ko
apu_device_power_suspend	apu_top	vendor_dlkm/lib/modules/apu_top.ko
apu_device_set_opp	apu_top	vendor_dlkm/lib/modules/apu_top.ko
apu_get_power_info	apu_top	vendor_dlkm/lib/modules/apu_top.ko
apu_get_power_on_status	apu_top	vendor_dlkm/lib/modules/apu_top.ko
apummu_set_init_info	apusys	vendor_dlkm/lib/modules/apusys.ko
apu_power_callback_device_register	apu_top	vendor_dlkm/lib/modules/apu_top.ko
apu_power_callback_device_unregister	apu_top	vendor_dlkm/lib/modules/apu_top.ko
apu_power_device_register	apu_top	vendor_dlkm/lib/modules/apu_top.ko
apu_power_device_unregister	apu_top	vendor_dlkm/lib/modules/apu_top.ko
apu_power_drv_exit	apu_top	vendor_dlkm/lib/modules/apu_top.ko
apu_power_drv_init	apu_top	vendor_dlkm/lib/modules/apu_top.ko
apu_power_reg_dump	apu_top	vendor_dlkm/lib/modules/apu_top.ko
apupw_get_tag	apu_top	vendor_dlkm/lib/modules/apu_top.ko
apu_qos_set_vcore	apu_top	vendor_dlkm/lib/modules/apu_top.ko
apusys_boost_value_to_opp	apu_top	vendor_dlkm/lib/modules/apu_top.ko
apusys_get_ceiling_opp	apu_top	vendor_dlkm/lib/modules/apu_top.ko
apusys_get_opp	apu_top	vendor_dlkm/lib/modules/apu_top.ko
apusys_opp_to_freq	apu_top	vendor_dlkm/lib/modules/apu_top.ko
apusys_power_check	apu_top	vendor_dlkm/lib/modules/apu_top.ko
arc4_crypt	libarc4	system_dlkm/lib/modules/libarc4.ko
arc4_setkey	libarc4	system_dlkm/lib/modules/libarc4.ko
arch_get_cluster_cpus	mtk_core_ctl	vendor_dlkm/lib/modules/mtk_core_ctl.ko
arch_get_cluster_id	mtk_core_ctl	vendor_dlkm/lib/modules/mtk_core_ctl.ko
arch_get_nr_clusters	mtk_core_ctl	vendor_dlkm/lib/modules/mtk_core_ctl.ko
audio_get_dsp_id	audio_ipi	vendor_dlkm/lib/modules/audio_ipi.ko
audio_recv_ipi_buf_from_dsp	audio_ipi	vendor_dlkm/lib/modules/audio_ipi.ko
audio_send_ipi_buf_to_dsp	audio_ipi	vendor_dlkm/lib/modules/audio_ipi.ko
audio_send_ipi_msg	audio_ipi	vendor_dlkm/lib/modules/audio_ipi.ko
audio_set_dsp_afe	snd_soc_audiodsp_common	vendor_dlkm/lib/modules/snd-soc-audiodsp-common.ko
audio_task_register_callback	audio_ipi	vendor_dlkm/lib/modules/audio_ipi.ko
aw883xx_i2c_probe	aw883xx_driver	vendor_dlkm/lib/modules/aw883xx_driver.ko
aw883xx_i2c_remove	aw883xx_driver	vendor_dlkm/lib/modules/aw883xx_driver.ko
BaseAddrAPMIXEDSYS	met	vendor_dlkm/lib/modules/met.ko
BaseAddrCHN_EMI	met	vendor_dlkm/lib/modules/met.ko
BaseAddrDDRPHY_AO	met	vendor_dlkm/lib/modules/met.ko
BaseAddrDRAMC	met	vendor_dlkm/lib/modules/met.ko
BaseAddrEMI	met	vendor_dlkm/lib/modules/met.ko
BaseAddrSLC_PMU	met	vendor_dlkm/lib/modules/met.ko
baswap	bluetooth	system_dlkm/lib/modules/bluetooth.ko
baswap	bluetooth	vendor_dlkm/lib/modules/bluetooth.ko
bat_oc_set_ppb_mode	mtk_battery_oc_throttling	vendor_dlkm/lib/modules/mtk_battery_oc_throttling.ko
before_md_sleep_status	mtk_lpm_dbg_common_v2	vendor_dlkm/lib/modules/mtk-lpm-dbg-common-v2.ko
boost_get_cmd_fp	mtk_ioctl_powerhal	vendor_dlkm/lib/modules/mtk_ioctl_powerhal.ko
bridge_tunnel_header	cfg80211	vendor_dlkm/lib/modules/cfg80211.ko
bt_accept_dequeue	bluetooth	system_dlkm/lib/modules/bluetooth.ko
bt_accept_dequeue	bluetooth	vendor_dlkm/lib/modules/bluetooth.ko
bt_accept_enqueue	bluetooth	system_dlkm/lib/modules/bluetooth.ko
bt_accept_enqueue	bluetooth	vendor_dlkm/lib/modules/bluetooth.ko
bt_accept_unlink	bluetooth	system_dlkm/lib/modules/bluetooth.ko
bt_accept_unlink	bluetooth	vendor_dlkm/lib/modules/bluetooth.ko
btbcm_check_bdaddr	btbcm	system_dlkm/lib/modules/btbcm.ko
btbcm_finalize	btbcm	system_dlkm/lib/modules/btbcm.ko
btbcm_initialize	btbcm	system_dlkm/lib/modules/btbcm.ko
btbcm_patchram	btbcm	system_dlkm/lib/modules/btbcm.ko
btbcm_read_pcm_int_params	btbcm	system_dlkm/lib/modules/btbcm.ko
btbcm_set_bdaddr	btbcm	system_dlkm/lib/modules/btbcm.ko
btbcm_setup_apple	btbcm	system_dlkm/lib/modules/btbcm.ko
btbcm_setup_patchram	btbcm	system_dlkm/lib/modules/btbcm.ko
btbcm_write_pcm_int_params	btbcm	system_dlkm/lib/modules/btbcm.ko
bt_debugfs	bluetooth	system_dlkm/lib/modules/bluetooth.ko
bt_debugfs	bluetooth	vendor_dlkm/lib/modules/bluetooth.ko
bt_err	bluetooth	system_dlkm/lib/modules/bluetooth.ko
bt_err	bluetooth	vendor_dlkm/lib/modules/bluetooth.ko
bt_err_ratelimited	bluetooth	system_dlkm/lib/modules/bluetooth.ko
bt_err_ratelimited	bluetooth	vendor_dlkm/lib/modules/bluetooth.ko
bt_info	bluetooth	system_dlkm/lib/modules/bluetooth.ko
bt_info	bluetooth	vendor_dlkm/lib/modules/bluetooth.ko
btmtk_set_country_code_from_wifi	bt_drv_6878	vendor_dlkm/lib/modules/bt_drv_6878.ko
bt_procfs_cleanup	bluetooth	system_dlkm/lib/modules/bluetooth.ko
bt_procfs_cleanup	bluetooth	vendor_dlkm/lib/modules/bluetooth.ko
bt_procfs_init	bluetooth	system_dlkm/lib/modules/bluetooth.ko
bt_procfs_init	bluetooth	vendor_dlkm/lib/modules/bluetooth.ko
bt_sock_alloc	bluetooth	system_dlkm/lib/modules/bluetooth.ko
bt_sock_alloc	bluetooth	vendor_dlkm/lib/modules/bluetooth.ko
bt_sock_ioctl	bluetooth	system_dlkm/lib/modules/bluetooth.ko
bt_sock_ioctl	bluetooth	vendor_dlkm/lib/modules/bluetooth.ko
bt_sock_link	bluetooth	system_dlkm/lib/modules/bluetooth.ko
bt_sock_link	bluetooth	vendor_dlkm/lib/modules/bluetooth.ko
bt_sock_linked	bluetooth	system_dlkm/lib/modules/bluetooth.ko
bt_sock_linked	bluetooth	vendor_dlkm/lib/modules/bluetooth.ko
bt_sock_poll	bluetooth	system_dlkm/lib/modules/bluetooth.ko
bt_sock_poll	bluetooth	vendor_dlkm/lib/modules/bluetooth.ko
bt_sock_reclassify_lock	bluetooth	system_dlkm/lib/modules/bluetooth.ko
bt_sock_reclassify_lock	bluetooth	vendor_dlkm/lib/modules/bluetooth.ko
bt_sock_recvmsg	bluetooth	system_dlkm/lib/modules/bluetooth.ko
bt_sock_recvmsg	bluetooth	vendor_dlkm/lib/modules/bluetooth.ko
bt_sock_register	bluetooth	system_dlkm/lib/modules/bluetooth.ko
bt_sock_register	bluetooth	vendor_dlkm/lib/modules/bluetooth.ko
bt_sock_stream_recvmsg	bluetooth	system_dlkm/lib/modules/bluetooth.ko
bt_sock_stream_recvmsg	bluetooth	vendor_dlkm/lib/modules/bluetooth.ko
bt_sock_unlink	bluetooth	system_dlkm/lib/modules/bluetooth.ko
bt_sock_unlink	bluetooth	vendor_dlkm/lib/modules/bluetooth.ko
bt_sock_unregister	bluetooth	system_dlkm/lib/modules/bluetooth.ko
bt_sock_unregister	bluetooth	vendor_dlkm/lib/modules/bluetooth.ko
bt_sock_wait_ready	bluetooth	system_dlkm/lib/modules/bluetooth.ko
bt_sock_wait_ready	bluetooth	vendor_dlkm/lib/modules/bluetooth.ko
bt_sock_wait_state	bluetooth	system_dlkm/lib/modules/bluetooth.ko
bt_sock_wait_state	bluetooth	vendor_dlkm/lib/modules/bluetooth.ko
bt_status	bluetooth	system_dlkm/lib/modules/bluetooth.ko
bt_status	bluetooth	vendor_dlkm/lib/modules/bluetooth.ko
bt_to_errno	bluetooth	system_dlkm/lib/modules/bluetooth.ko
bt_to_errno	bluetooth	vendor_dlkm/lib/modules/bluetooth.ko
bt_warn	bluetooth	system_dlkm/lib/modules/bluetooth.ko
bt_warn	bluetooth	vendor_dlkm/lib/modules/bluetooth.ko
bt_warn_ratelimited	bluetooth	system_dlkm/lib/modules/bluetooth.ko
bt_warn_ratelimited	bluetooth	vendor_dlkm/lib/modules/bluetooth.ko
c2ps_ioctl_root	c2ps_perf_ioctl	vendor_dlkm/lib/modules/c2ps_perf_ioctl.ko
c2ps_notify_add_task_fp	c2ps_perf_ioctl	vendor_dlkm/lib/modules/c2ps_perf_ioctl.ko
c2ps_notify_camfps_fp	c2ps_perf_ioctl	vendor_dlkm/lib/modules/c2ps_perf_ioctl.ko
c2ps_notify_init_fp	c2ps_perf_ioctl	vendor_dlkm/lib/modules/c2ps_perf_ioctl.ko
c2ps_notify_task_end_fp	c2ps_perf_ioctl	vendor_dlkm/lib/modules/c2ps_perf_ioctl.ko
c2ps_notify_task_scene_change_fp	c2ps_perf_ioctl	vendor_dlkm/lib/modules/c2ps_perf_ioctl.ko
c2ps_notify_task_single_shot_fp	c2ps_perf_ioctl	vendor_dlkm/lib/modules/c2ps_perf_ioctl.ko
c2ps_notify_task_start_fp	c2ps_perf_ioctl	vendor_dlkm/lib/modules/c2ps_perf_ioctl.ko
c2ps_notify_uninit_fp	c2ps_perf_ioctl	vendor_dlkm/lib/modules/c2ps_perf_ioctl.ko
c2ps_notify_vsync_fp	c2ps_perf_ioctl	vendor_dlkm/lib/modules/c2ps_perf_ioctl.ko
can_bus_off	can_dev	system_dlkm/lib/modules/can-dev.ko
can_change_mtu	can_dev	system_dlkm/lib/modules/can-dev.ko
can_change_state	can_dev	system_dlkm/lib/modules/can-dev.ko
can_dropped_invalid_skb	can_dev	system_dlkm/lib/modules/can-dev.ko
can_eth_ioctl_hwts	can_dev	system_dlkm/lib/modules/can-dev.ko
can_ethtool_op_get_ts_info_hwts	can_dev	system_dlkm/lib/modules/can-dev.ko
can_fd_dlc2len	can_dev	system_dlkm/lib/modules/can-dev.ko
can_fd_len2dlc	can_dev	system_dlkm/lib/modules/can-dev.ko
can_free_echo_skb	can_dev	system_dlkm/lib/modules/can-dev.ko
can_get_echo_skb	can_dev	system_dlkm/lib/modules/can-dev.ko
can_get_state_str	can_dev	system_dlkm/lib/modules/can-dev.ko
can_proto_register	can	system_dlkm/lib/modules/can.ko
can_proto_unregister	can	system_dlkm/lib/modules/can.ko
can_put_echo_skb	can_dev	system_dlkm/lib/modules/can-dev.ko
can_rx_offload_add_fifo	can_dev	system_dlkm/lib/modules/can-dev.ko
can_rx_offload_add_manual	can_dev	system_dlkm/lib/modules/can-dev.ko
can_rx_offload_add_timestamp	can_dev	system_dlkm/lib/modules/can-dev.ko
can_rx_offload_del	can_dev	system_dlkm/lib/modules/can-dev.ko
can_rx_offload_enable	can_dev	system_dlkm/lib/modules/can-dev.ko
can_rx_offload_get_echo_skb	can_dev	system_dlkm/lib/modules/can-dev.ko
can_rx_offload_irq_finish	can_dev	system_dlkm/lib/modules/can-dev.ko
can_rx_offload_irq_offload_fifo	can_dev	system_dlkm/lib/modules/can-dev.ko
can_rx_offload_irq_offload_timestamp	can_dev	system_dlkm/lib/modules/can-dev.ko
can_rx_offload_queue_tail	can_dev	system_dlkm/lib/modules/can-dev.ko
can_rx_offload_queue_timestamp	can_dev	system_dlkm/lib/modules/can-dev.ko
can_rx_offload_threaded_irq_finish	can_dev	system_dlkm/lib/modules/can-dev.ko
can_rx_register	can	system_dlkm/lib/modules/can.ko
can_rx_unregister	can	system_dlkm/lib/modules/can.ko
can_send	can	system_dlkm/lib/modules/can.ko
can_skb_get_frame_len	can_dev	system_dlkm/lib/modules/can-dev.ko
can_sock_destruct	can	system_dlkm/lib/modules/can.ko
ccci_alloc_skb	ccci_md_all	vendor_dlkm/lib/modules/ccci_md_all.ko
ccci_c2k_buffer_push	ccci_md_all	vendor_dlkm/lib/modules/ccci_md_all.ko
ccci_c2k_rawbulk_intercept	ccci_md_all	vendor_dlkm/lib/modules/ccci_md_all.ko
ccci_c2k_set_usb_callback	ccci_md_all	vendor_dlkm/lib/modules/ccci_md_all.ko
ccci_dump_skb_pool_usage	ccci_md_all	vendor_dlkm/lib/modules/ccci_md_all.ko
ccci_dump_write	ccci_util_lib	vendor_dlkm/lib/modules/ccci_util_lib.ko
ccci_event_log	ccci_util_lib	vendor_dlkm/lib/modules/ccci_util_lib.ko
ccci_free_skb	ccci_md_all	vendor_dlkm/lib/modules/ccci_md_all.ko
ccci_fsm_get_md_state	ccci_md_all	vendor_dlkm/lib/modules/ccci_md_all.ko
ccci_fsm_get_md_state_for_user	ccci_md_all	vendor_dlkm/lib/modules/ccci_md_all.ko
ccci_get_adc_mV	ccci_auxadc	vendor_dlkm/lib/modules/ccci_auxadc.ko
ccci_get_adc_num	ccci_auxadc	vendor_dlkm/lib/modules/ccci_auxadc.ko
ccci_get_adc_val	ccci_auxadc	vendor_dlkm/lib/modules/ccci_auxadc.ko
ccci_get_md_check_hdr_inf	ccci_util_lib	vendor_dlkm/lib/modules/ccci_util_lib.ko
ccci_get_md_info_str	ccci_util_lib	vendor_dlkm/lib/modules/ccci_util_lib.ko
ccci_get_per_md_data	ccci_md_all	vendor_dlkm/lib/modules/ccci_md_all.ko
ccci_hif_register	ccci_md_all	vendor_dlkm/lib/modules/ccci_md_all.ko
ccci_map_phy_addr	ccci_util_lib	vendor_dlkm/lib/modules/ccci_util_lib.ko
ccci_md_add_log_history	ccci_md_all	vendor_dlkm/lib/modules/ccci_md_all.ko
ccci_md_dump_log_history	ccci_md_all	vendor_dlkm/lib/modules/ccci_md_all.ko
ccci_md_force_assert	ccci_md_all	vendor_dlkm/lib/modules/ccci_md_all.ko
ccci_md_get_smem_by_user_id	ccci_md_all	vendor_dlkm/lib/modules/ccci_md_all.ko
ccci_modem_init_common	ccci_md_all	vendor_dlkm/lib/modules/ccci_md_all.ko
ccci_port_dump_status	ccci_md_all	vendor_dlkm/lib/modules/ccci_md_all.ko
ccci_port_get_dev_name	ccci_md_all	vendor_dlkm/lib/modules/ccci_md_all.ko
ccci_port_queue_status_notify	ccci_md_all	vendor_dlkm/lib/modules/ccci_md_all.ko
ccci_port_recv_skb	ccci_md_all	vendor_dlkm/lib/modules/ccci_md_all.ko
ccci_port_send_msg_to_md	ccci_md_all	vendor_dlkm/lib/modules/ccci_md_all.ko
ccci_register_md_state_receiver	ccci_md_all	vendor_dlkm/lib/modules/ccci_md_all.ko
ccci_set_dpmaif_debug_cb	ccci_md_all	vendor_dlkm/lib/modules/ccci_md_all.ko
ccci_skb_dequeue	ccci_md_all	vendor_dlkm/lib/modules/ccci_md_all.ko
ccci_skb_enqueue	ccci_md_all	vendor_dlkm/lib/modules/ccci_md_all.ko
ccci_skb_queue_init	ccci_md_all	vendor_dlkm/lib/modules/ccci_md_all.ko
ccci_sysfs_add_modem	ccci_util_lib	vendor_dlkm/lib/modules/ccci_util_lib.ko
ccci_util_cmpt_mem_dump	ccci_util_lib	vendor_dlkm/lib/modules/ccci_util_lib.ko
ccci_util_mem_dump	ccci_util_lib	vendor_dlkm/lib/modules/ccci_util_lib.ko
ccd_get_pdev	mtk_ccd_remoteproc	vendor_dlkm/lib/modules/mtk_ccd_remoteproc.ko
ccd_ipi_register	ccd_rpmsg	vendor_dlkm/lib/modules/ccd_rpmsg.ko
ccd_ipi_unregister	ccd_rpmsg	vendor_dlkm/lib/modules/ccd_rpmsg.ko
ccd_mapping_dm_addr	mtk_ccd_remoteproc	vendor_dlkm/lib/modules/mtk_ccd_remoteproc.ko
ccd_master_destroy	ccd_rpmsg	vendor_dlkm/lib/modules/ccd_rpmsg.ko
ccd_master_listen	ccd_rpmsg	vendor_dlkm/lib/modules/ccd_rpmsg.ko
ccd_worker_read	ccd_rpmsg	vendor_dlkm/lib/modules/ccd_rpmsg.ko
ccd_worker_write	ccd_rpmsg	vendor_dlkm/lib/modules/ccd_rpmsg.ko
ccmni_clr_flush_timer	ccmni	vendor_dlkm/lib/modules/ccmni.ko
ccmni_ops	ccmni	vendor_dlkm/lib/modules/ccmni.ko
ccmni_set_cur_speed	ccmni	vendor_dlkm/lib/modules/ccmni.ko
ccmni_set_init_rps	ccmni	vendor_dlkm/lib/modules/ccmni.ko
cdc_ncm_bind_common	cdc_ncm	system_dlkm/lib/modules/cdc_ncm.ko
cdc_ncm_change_mtu	cdc_ncm	system_dlkm/lib/modules/cdc_ncm.ko
cdc_ncm_fill_tx_frame	cdc_ncm	system_dlkm/lib/modules/cdc_ncm.ko
cdc_ncm_rx_fixup	cdc_ncm	system_dlkm/lib/modules/cdc_ncm.ko
cdc_ncm_rx_verify_ndp16	cdc_ncm	system_dlkm/lib/modules/cdc_ncm.ko
cdc_ncm_rx_verify_ndp32	cdc_ncm	system_dlkm/lib/modules/cdc_ncm.ko
cdc_ncm_rx_verify_nth16	cdc_ncm	system_dlkm/lib/modules/cdc_ncm.ko
cdc_ncm_rx_verify_nth32	cdc_ncm	system_dlkm/lib/modules/cdc_ncm.ko
cdc_ncm_select_altsetting	cdc_ncm	system_dlkm/lib/modules/cdc_ncm.ko
cdc_ncm_tx_fixup	cdc_ncm	system_dlkm/lib/modules/cdc_ncm.ko
cdc_ncm_unbind	cdc_ncm	system_dlkm/lib/modules/cdc_ncm.ko
__cfg80211_alloc_event_skb	cfg80211	vendor_dlkm/lib/modules/cfg80211.ko
__cfg80211_alloc_reply_skb	cfg80211	vendor_dlkm/lib/modules/cfg80211.ko
cfg80211_any_usable_channels	cfg80211	vendor_dlkm/lib/modules/cfg80211.ko
cfg80211_assoc_comeback	cfg80211	vendor_dlkm/lib/modules/cfg80211.ko
cfg80211_assoc_failure	cfg80211	vendor_dlkm/lib/modules/cfg80211.ko
cfg80211_auth_timeout	cfg80211	vendor_dlkm/lib/modules/cfg80211.ko
cfg80211_background_cac_abort	cfg80211	vendor_dlkm/lib/modules/cfg80211.ko
cfg80211_bss_color_notify	cfg80211	vendor_dlkm/lib/modules/cfg80211.ko
cfg80211_bss_flush	cfg80211	vendor_dlkm/lib/modules/cfg80211.ko
cfg80211_bss_iter	cfg80211	vendor_dlkm/lib/modules/cfg80211.ko
cfg80211_cac_event	cfg80211	vendor_dlkm/lib/modules/cfg80211.ko
cfg80211_calculate_bitrate	cfg80211	vendor_dlkm/lib/modules/cfg80211.ko
cfg80211_chandef_compatible	cfg80211	vendor_dlkm/lib/modules/cfg80211.ko
cfg80211_chandef_create	cfg80211	vendor_dlkm/lib/modules/cfg80211.ko
cfg80211_chandef_dfs_required	cfg80211	vendor_dlkm/lib/modules/cfg80211.ko
cfg80211_chandef_usable	cfg80211	vendor_dlkm/lib/modules/cfg80211.ko
cfg80211_chandef_valid	cfg80211	vendor_dlkm/lib/modules/cfg80211.ko
cfg80211_check_combinations	cfg80211	vendor_dlkm/lib/modules/cfg80211.ko
cfg80211_check_station_change	cfg80211	vendor_dlkm/lib/modules/cfg80211.ko
cfg80211_ch_switch_notify	cfg80211	vendor_dlkm/lib/modules/cfg80211.ko
cfg80211_ch_switch_started_notify	cfg80211	vendor_dlkm/lib/modules/cfg80211.ko
cfg80211_classify8021d	cfg80211	vendor_dlkm/lib/modules/cfg80211.ko
cfg80211_connect_done	cfg80211	vendor_dlkm/lib/modules/cfg80211.ko
cfg80211_conn_failed	cfg80211	vendor_dlkm/lib/modules/cfg80211.ko
cfg80211_control_port_tx_status	cfg80211	vendor_dlkm/lib/modules/cfg80211.ko
cfg80211_cqm_beacon_loss_notify	cfg80211	vendor_dlkm/lib/modules/cfg80211.ko
cfg80211_cqm_pktloss_notify	cfg80211	vendor_dlkm/lib/modules/cfg80211.ko
cfg80211_cqm_rssi_notify	cfg80211	vendor_dlkm/lib/modules/cfg80211.ko
cfg80211_cqm_txe_notify	cfg80211	vendor_dlkm/lib/modules/cfg80211.ko
cfg80211_crit_proto_stopped	cfg80211	vendor_dlkm/lib/modules/cfg80211.ko
cfg80211_del_sta_sinfo	cfg80211	vendor_dlkm/lib/modules/cfg80211.ko
cfg80211_disconnected	cfg80211	vendor_dlkm/lib/modules/cfg80211.ko
cfg80211_external_auth_request	cfg80211	vendor_dlkm/lib/modules/cfg80211.ko
cfg80211_find_elem_match	cfg80211	vendor_dlkm/lib/modules/cfg80211.ko
cfg80211_find_vendor_elem	cfg80211	vendor_dlkm/lib/modules/cfg80211.ko
cfg80211_free_nan_func	cfg80211	vendor_dlkm/lib/modules/cfg80211.ko
cfg80211_ft_event	cfg80211	vendor_dlkm/lib/modules/cfg80211.ko
cfg80211_get_bss	cfg80211	vendor_dlkm/lib/modules/cfg80211.ko
cfg80211_get_drvinfo	cfg80211	vendor_dlkm/lib/modules/cfg80211.ko
cfg80211_get_ies_channel_number	cfg80211	vendor_dlkm/lib/modules/cfg80211.ko
cfg80211_get_iftype_ext_capa	cfg80211	vendor_dlkm/lib/modules/cfg80211.ko
cfg80211_get_p2p_attr	cfg80211	vendor_dlkm/lib/modules/cfg80211.ko
cfg80211_get_station	cfg80211	vendor_dlkm/lib/modules/cfg80211.ko
cfg80211_gtk_rekey_notify	cfg80211	vendor_dlkm/lib/modules/cfg80211.ko
cfg80211_ibss_joined	cfg80211	vendor_dlkm/lib/modules/cfg80211.ko
cfg80211_iftype_allowed	cfg80211	vendor_dlkm/lib/modules/cfg80211.ko
cfg80211_inform_bss_data	cfg80211	vendor_dlkm/lib/modules/cfg80211.ko
cfg80211_inform_bss_frame_data	cfg80211	vendor_dlkm/lib/modules/cfg80211.ko
cfg80211_is_element_inherited	cfg80211	vendor_dlkm/lib/modules/cfg80211.ko
cfg80211_iter_combinations	cfg80211	vendor_dlkm/lib/modules/cfg80211.ko
cfg80211_merge_profile	cfg80211	vendor_dlkm/lib/modules/cfg80211.ko
cfg80211_mgmt_tx_status_ext	cfg80211	vendor_dlkm/lib/modules/cfg80211.ko
cfg80211_michael_mic_failure	cfg80211	vendor_dlkm/lib/modules/cfg80211.ko
cfg80211_nan_func_terminated	cfg80211	vendor_dlkm/lib/modules/cfg80211.ko
cfg80211_nan_match	cfg80211	vendor_dlkm/lib/modules/cfg80211.ko
cfg80211_new_sta	cfg80211	vendor_dlkm/lib/modules/cfg80211.ko
cfg80211_notify_new_peer_candidate	cfg80211	vendor_dlkm/lib/modules/cfg80211.ko
cfg80211_pmksa_candidate_notify	cfg80211	vendor_dlkm/lib/modules/cfg80211.ko
cfg80211_pmsr_complete	cfg80211	vendor_dlkm/lib/modules/cfg80211.ko
cfg80211_pmsr_report	cfg80211	vendor_dlkm/lib/modules/cfg80211.ko
cfg80211_port_authorized	cfg80211	vendor_dlkm/lib/modules/cfg80211.ko
cfg80211_probe_status	cfg80211	vendor_dlkm/lib/modules/cfg80211.ko
cfg80211_put_bss	cfg80211	vendor_dlkm/lib/modules/cfg80211.ko
__cfg80211_radar_event	cfg80211	vendor_dlkm/lib/modules/cfg80211.ko
cfg80211_ready_on_channel	cfg80211	vendor_dlkm/lib/modules/cfg80211.ko
cfg80211_ref_bss	cfg80211	vendor_dlkm/lib/modules/cfg80211.ko
cfg80211_reg_can_beacon	cfg80211	vendor_dlkm/lib/modules/cfg80211.ko
cfg80211_reg_can_beacon_relax	cfg80211	vendor_dlkm/lib/modules/cfg80211.ko
cfg80211_register_netdevice	cfg80211	vendor_dlkm/lib/modules/cfg80211.ko
cfg80211_remain_on_channel_expired	cfg80211	vendor_dlkm/lib/modules/cfg80211.ko
cfg80211_report_obss_beacon_khz	cfg80211	vendor_dlkm/lib/modules/cfg80211.ko
cfg80211_report_wowlan_wakeup	cfg80211	vendor_dlkm/lib/modules/cfg80211.ko
cfg80211_roamed	cfg80211	vendor_dlkm/lib/modules/cfg80211.ko
cfg80211_rx_assoc_resp	cfg80211	vendor_dlkm/lib/modules/cfg80211.ko
cfg80211_rx_control_port	cfg80211	vendor_dlkm/lib/modules/cfg80211.ko
cfg80211_rx_mgmt_ext	cfg80211	vendor_dlkm/lib/modules/cfg80211.ko
cfg80211_rx_mlme_mgmt	cfg80211	vendor_dlkm/lib/modules/cfg80211.ko
cfg80211_rx_spurious_frame	cfg80211	vendor_dlkm/lib/modules/cfg80211.ko
cfg80211_rx_unexpected_4addr_frame	cfg80211	vendor_dlkm/lib/modules/cfg80211.ko
cfg80211_rx_unprot_mlme_mgmt	cfg80211	vendor_dlkm/lib/modules/cfg80211.ko
cfg80211_scan_done	cfg80211	vendor_dlkm/lib/modules/cfg80211.ko
cfg80211_sched_scan_results	cfg80211	vendor_dlkm/lib/modules/cfg80211.ko
cfg80211_sched_scan_stopped	cfg80211	vendor_dlkm/lib/modules/cfg80211.ko
cfg80211_sched_scan_stopped_locked	cfg80211	vendor_dlkm/lib/modules/cfg80211.ko
__cfg80211_send_event_skb	cfg80211	vendor_dlkm/lib/modules/cfg80211.ko
cfg80211_send_layer2_update	cfg80211	vendor_dlkm/lib/modules/cfg80211.ko
cfg80211_shutdown_all_interfaces	cfg80211	vendor_dlkm/lib/modules/cfg80211.ko
cfg80211_sinfo_alloc_tid_stats	cfg80211	vendor_dlkm/lib/modules/cfg80211.ko
cfg80211_sta_opmode_change_notify	cfg80211	vendor_dlkm/lib/modules/cfg80211.ko
cfg80211_stop_iface	cfg80211	vendor_dlkm/lib/modules/cfg80211.ko
cfg80211_tdls_oper_request	cfg80211	vendor_dlkm/lib/modules/cfg80211.ko
cfg80211_tx_mgmt_expired	cfg80211	vendor_dlkm/lib/modules/cfg80211.ko
cfg80211_tx_mlme_mgmt	cfg80211	vendor_dlkm/lib/modules/cfg80211.ko
cfg80211_unlink_bss	cfg80211	vendor_dlkm/lib/modules/cfg80211.ko
cfg80211_unregister_wdev	cfg80211	vendor_dlkm/lib/modules/cfg80211.ko
cfg80211_update_owe_info_event	cfg80211	vendor_dlkm/lib/modules/cfg80211.ko
cfg80211_valid_disable_subchannel_bitmap	cfg80211	vendor_dlkm/lib/modules/cfg80211.ko
cfg80211_vendor_cmd_get_sender	cfg80211	vendor_dlkm/lib/modules/cfg80211.ko
cfg80211_vendor_cmd_reply	cfg80211	vendor_dlkm/lib/modules/cfg80211.ko
cgppt_set_mo_multiscene	mtk_cg_peak_power_throttling	vendor_dlkm/lib/modules/mtk_cg_peak_power_throttling.ko
check_and_get_grp_id	scheduler	vendor_dlkm/lib/modules/scheduler.ko
check_rat_at_md_img	ccci_util_lib	vendor_dlkm/lib/modules/ccci_util_lib.ko
check_rat_at_rt_setting	ccci_util_lib	vendor_dlkm/lib/modules/ccci_util_lib.ko
check_sspm_support	met	vendor_dlkm/lib/modules/met.ko
clear_audiobuffer_hw	snd_soc_audiodsp_common	vendor_dlkm/lib/modules/snd-soc-audiodsp-common.ko
close_candev	can_dev	system_dlkm/lib/modules/can-dev.ko
cmdq_sec_dump_notify_loop	cmdq_sec_drv	vendor_dlkm/lib/modules/cmdq-sec-drv.ko
cmdq_sec_dump_operation	cmdq_sec_drv	vendor_dlkm/lib/modules/cmdq-sec-drv.ko
cmdq_sec_dump_response	cmdq_sec_drv	vendor_dlkm/lib/modules/cmdq-sec-drv.ko
cmdq_sec_dump_secure_data	cmdq_sec_drv	vendor_dlkm/lib/modules/cmdq-sec-drv.ko
cmdq_sec_dump_secure_thread_cookie	cmdq_sec_drv	vendor_dlkm/lib/modules/cmdq-sec-drv.ko
cmdq_sec_err_dump	cmdq_sec_drv	vendor_dlkm/lib/modules/cmdq-sec-drv.ko
cmdq_sec_insert_backup_cookie	cmdq_sec_drv	vendor_dlkm/lib/modules/cmdq-sec-drv.ko
cmdq_sec_mbox_chan_id	cmdq_sec_drv	vendor_dlkm/lib/modules/cmdq-sec-drv.ko
cmdq_sec_mbox_disable	cmdq_sec_drv	vendor_dlkm/lib/modules/cmdq-sec-drv.ko
cmdq_sec_mbox_enable	cmdq_sec_drv	vendor_dlkm/lib/modules/cmdq-sec-drv.ko
cmdq_sec_mbox_stop	cmdq_sec_drv	vendor_dlkm/lib/modules/cmdq-sec-drv.ko
cmdq_sec_mbox_switch_normal	cmdq_sec_drv	vendor_dlkm/lib/modules/cmdq-sec-drv.ko
cmdq_sec_mmp_wait	cmdq_sec_drv	vendor_dlkm/lib/modules/cmdq-sec-drv.ko
cmdq_sec_mmp_wait_done	cmdq_sec_drv	vendor_dlkm/lib/modules/cmdq-sec-drv.ko
cmdq_sec_pkt_assign_metadata	cmdq_sec_drv	vendor_dlkm/lib/modules/cmdq-sec-drv.ko
cmdq_sec_pkt_free_data	cmdq_sec_drv	vendor_dlkm/lib/modules/cmdq-sec-drv.ko
cmdq_sec_pkt_set_data	cmdq_sec_drv	vendor_dlkm/lib/modules/cmdq-sec-drv.ko
cmdq_sec_pkt_set_mtee	cmdq_sec_drv	vendor_dlkm/lib/modules/cmdq-sec-drv.ko
cmdq_sec_pkt_set_payload	cmdq_sec_drv	vendor_dlkm/lib/modules/cmdq-sec-drv.ko
cmdq_sec_pkt_wait_complete	cmdq_sec_drv	vendor_dlkm/lib/modules/cmdq-sec-drv.ko
cmdq_sec_pkt_write_reg	cmdq_sec_drv	vendor_dlkm/lib/modules/cmdq-sec-drv.ko
cm_get_ipi_enable	mtk_cm_ipi	vendor_dlkm/lib/modules/mtk_cm_ipi.ko
cm_ipi_init	mtk_cm_ipi	vendor_dlkm/lib/modules/mtk_cm_ipi.ko
cm_mgr_check_dts_setting	mtk_cm_mgr	vendor_dlkm/lib/modules/mtk_cm_mgr.ko
cm_mgr_common_exit	mtk_cm_mgr	vendor_dlkm/lib/modules/mtk_cm_mgr.ko
cm_mgr_common_init	mtk_cm_mgr	vendor_dlkm/lib/modules/mtk_cm_mgr.ko
cm_mgr_get_blank_status	mtk_cm_mgr	vendor_dlkm/lib/modules/mtk_cm_mgr.ko
cm_mgr_get_bw_path	mtk_cm_mgr	vendor_dlkm/lib/modules/mtk_cm_mgr.ko
cm_mgr_get_disable_fb	mtk_cm_mgr	vendor_dlkm/lib/modules/mtk_cm_mgr.ko
cm_mgr_get_dram_opp_base	mtk_cm_mgr	vendor_dlkm/lib/modules/mtk_cm_mgr.ko
cm_mgr_get_enable	mtk_cm_mgr	vendor_dlkm/lib/modules/mtk_cm_mgr.ko
cm_mgr_get_latency_awareness_model_info	mtk_cm_mgr	vendor_dlkm/lib/modules/mtk_cm_mgr.ko
cm_mgr_get_num_array	mtk_cm_mgr	vendor_dlkm/lib/modules/mtk_cm_mgr.ko
cm_mgr_get_num_perf	mtk_cm_mgr	vendor_dlkm/lib/modules/mtk_cm_mgr.ko
cm_mgr_get_perf_enable	mtk_cm_mgr	vendor_dlkm/lib/modules/mtk_cm_mgr.ko
cm_mgr_get_perf_force_enable	mtk_cm_mgr	vendor_dlkm/lib/modules/mtk_cm_mgr.ko
cm_mgr_get_perf_mode_ceiling_opp	mtk_cm_mgr	vendor_dlkm/lib/modules/mtk_cm_mgr.ko
cm_mgr_get_perf_mode_enable	mtk_cm_mgr	vendor_dlkm/lib/modules/mtk_cm_mgr.ko
cm_mgr_get_perf_mode_thd	mtk_cm_mgr	vendor_dlkm/lib/modules/mtk_cm_mgr.ko
cm_mgr_get_sspm_version	mtk_cm_mgr	vendor_dlkm/lib/modules/mtk_cm_mgr.ko
cm_mgr_judge_perfs_dram_opp	mtk_cm_mgr	vendor_dlkm/lib/modules/mtk_cm_mgr.ko
cm_mgr_perf_set_status	mtk_cm_mgr	vendor_dlkm/lib/modules/mtk_cm_mgr.ko
cm_mgr_process	mtk_cm_mgr	vendor_dlkm/lib/modules/mtk_cm_mgr.ko
cm_mgr_register_hook	mtk_cm_mgr	vendor_dlkm/lib/modules/mtk_cm_mgr.ko
cm_mgr_set_bw_path	mtk_cm_mgr	vendor_dlkm/lib/modules/mtk_cm_mgr.ko
cm_mgr_set_disable_fb	mtk_cm_mgr	vendor_dlkm/lib/modules/mtk_cm_mgr.ko
cm_mgr_set_dram_opp_base	mtk_cm_mgr	vendor_dlkm/lib/modules/mtk_cm_mgr.ko
cm_mgr_set_dram_opp_ceiling	mtk_cm_mgr	vendor_dlkm/lib/modules/mtk_cm_mgr.ko
cm_mgr_set_dram_opp_floor	mtk_cm_mgr	vendor_dlkm/lib/modules/mtk_cm_mgr.ko
cm_mgr_set_num_array	mtk_cm_mgr	vendor_dlkm/lib/modules/mtk_cm_mgr.ko
cm_mgr_set_num_perf	mtk_cm_mgr	vendor_dlkm/lib/modules/mtk_cm_mgr.ko
cm_mgr_set_pdev	mtk_cm_mgr	vendor_dlkm/lib/modules/mtk_cm_mgr.ko
cm_mgr_set_perf_force_enable	mtk_cm_mgr	vendor_dlkm/lib/modules/mtk_cm_mgr.ko
cm_mgr_set_perf_mode_ceiling_opp	mtk_cm_mgr	vendor_dlkm/lib/modules/mtk_cm_mgr.ko
cm_mgr_set_perf_mode_enable	mtk_cm_mgr	vendor_dlkm/lib/modules/mtk_cm_mgr.ko
cm_mgr_set_perf_mode_thd	mtk_cm_mgr	vendor_dlkm/lib/modules/mtk_cm_mgr.ko
cm_mgr_to_sspm_command	mtk_cm_ipi	vendor_dlkm/lib/modules/mtk_cm_ipi.ko
cm_mgr_unregister_hook	mtk_cm_mgr	vendor_dlkm/lib/modules/mtk_cm_mgr.ko
cm_mgr_update_dram_by_cpu_opp	mtk_cm_mgr	vendor_dlkm/lib/modules/mtk_cm_mgr.ko
cm_set_ipi_enable	mtk_cm_ipi	vendor_dlkm/lib/modules/mtk_cm_ipi.ko
conap_scp_is_drv_ready	connscp	vendor_dlkm/lib/modules/connscp.ko
conap_scp_is_ready	connscp	vendor_dlkm/lib/modules/connscp.ko
conap_scp_register_drv	connscp	vendor_dlkm/lib/modules/connscp.ko
conap_scp_send_message	connscp	vendor_dlkm/lib/modules/connscp.ko
conap_scp_unregister_drv	connscp	vendor_dlkm/lib/modules/connscp.ko
conn_dbg_add_log	connadp	vendor_dlkm/lib/modules/connadp.ko
connectivity_export_conap_get_dfd_value_info	connadp	vendor_dlkm/lib/modules/connadp.ko
connectivity_export_conap_scp_clr_dfd_buffer	connadp	vendor_dlkm/lib/modules/connadp.ko
connectivity_export_conap_scp_deinit	connadp	vendor_dlkm/lib/modules/connadp.ko
connectivity_export_conap_scp_init	connadp	vendor_dlkm/lib/modules/connadp.ko
connectivity_export_conap_scp_state_change	connadp	vendor_dlkm/lib/modules/connadp.ko
connectivity_export_conap_scp_trigger_cmd	connadp	vendor_dlkm/lib/modules/connadp.ko
connectivity_export_conap_scp_trigger_dfd_cmd	connadp	vendor_dlkm/lib/modules/connadp.ko
connectivity_export_dump_gpio_info	connadp	vendor_dlkm/lib/modules/connadp.ko
connectivity_export_dump_thread_state	connadp	vendor_dlkm/lib/modules/connadp.ko
connectivity_export_gpio_get_tristate_input	connadp	vendor_dlkm/lib/modules/connadp.ko
connectivity_export_mmc_io_rw_direct	connadp	vendor_dlkm/lib/modules/connadp.ko
connectivity_export_show_stack	connadp	vendor_dlkm/lib/modules/connadp.ko
connectivity_export_tracing_record_cmdline	connadp	vendor_dlkm/lib/modules/connadp.ko
connectivity_register_cmd_handler	connadp	vendor_dlkm/lib/modules/connadp.ko
connectivity_register_dfd_handler	connadp	vendor_dlkm/lib/modules/connadp.ko
connectivity_register_state_notifier	connadp	vendor_dlkm/lib/modules/connadp.ko
connectivity_unregister_cmd_handler	connadp	vendor_dlkm/lib/modules/connadp.ko
connectivity_unregister_dfd_handler	connadp	vendor_dlkm/lib/modules/connadp.ko
connectivity_unregister_state_notifier	connadp	vendor_dlkm/lib/modules/connadp.ko
connfem_epaelna_get_bt_fem_info	connfem	vendor_dlkm/lib/modules/connfem.ko
connfem_epaelna_get_fem_info	connfem	vendor_dlkm/lib/modules/connfem.ko
connfem_epaelna_get_flags	connfem	vendor_dlkm/lib/modules/connfem.ko
connfem_epaelna_get_pin_info	connfem	vendor_dlkm/lib/modules/connfem.ko
connfem_epaelna_laa_get_pin_info	connfem	vendor_dlkm/lib/modules/connfem.ko
connfem_is_available	connfem	vendor_dlkm/lib/modules/connfem.ko
connfem_sku_data	connfem	vendor_dlkm/lib/modules/connfem.ko
connfem_sku_flag_u8	connfem	vendor_dlkm/lib/modules/connfem.ko
conninfra_adie_top_ck_en_off	conninfra	vendor_dlkm/lib/modules/conninfra.ko
conninfra_adie_top_ck_en_on	conninfra	vendor_dlkm/lib/modules/conninfra.ko
conninfra_bus_clock_ctrl	conninfra	vendor_dlkm/lib/modules/conninfra.ko
conninfra_config_setup	conninfra	vendor_dlkm/lib/modules/conninfra.ko
conninfra_get_clock_schematic	conninfra	vendor_dlkm/lib/modules/conninfra.ko
conninfra_get_emi_phy_addr	conninfra	vendor_dlkm/lib/modules/conninfra.ko
conninfra_get_ic_info	conninfra	vendor_dlkm/lib/modules/conninfra.ko
conninfra_get_phy_addr	conninfra	vendor_dlkm/lib/modules/conninfra.ko
conninfra_is_bus_hang	conninfra	vendor_dlkm/lib/modules/conninfra.ko
conninfra_pwr_off	conninfra	vendor_dlkm/lib/modules/conninfra.ko
conninfra_pwr_on	conninfra	vendor_dlkm/lib/modules/conninfra.ko
conninfra_reg_readable	conninfra	vendor_dlkm/lib/modules/conninfra.ko
conninfra_reg_readable_for_coredump	conninfra	vendor_dlkm/lib/modules/conninfra.ko
conninfra_reg_readable_no_lock	conninfra	vendor_dlkm/lib/modules/conninfra.ko
conninfra_spi_1_read	conninfra	vendor_dlkm/lib/modules/conninfra.ko
conninfra_spi_1_update_bits	conninfra	vendor_dlkm/lib/modules/conninfra.ko
conninfra_spi_1_write	conninfra	vendor_dlkm/lib/modules/conninfra.ko
conninfra_spi_clock_switch	conninfra	vendor_dlkm/lib/modules/conninfra.ko
conninfra_spi_read	conninfra	vendor_dlkm/lib/modules/conninfra.ko
conninfra_spi_update_bits	conninfra	vendor_dlkm/lib/modules/conninfra.ko
conninfra_spi_write	conninfra	vendor_dlkm/lib/modules/conninfra.ko
conninfra_sub_drv_ops_register	conninfra	vendor_dlkm/lib/modules/conninfra.ko
conninfra_sub_drv_ops_unregister	conninfra	vendor_dlkm/lib/modules/conninfra.ko
conninfra_trigger_whole_chip_rst	conninfra	vendor_dlkm/lib/modules/conninfra.ko
conn_metlog_start	conninfra	vendor_dlkm/lib/modules/conninfra.ko
conn_metlog_stop	conninfra	vendor_dlkm/lib/modules/conninfra.ko
conn_pwr_deinit	connadp	vendor_dlkm/lib/modules/connadp.ko
conn_pwr_drv_post_off	connadp	vendor_dlkm/lib/modules/connadp.ko
conn_pwr_drv_pre_on	connadp	vendor_dlkm/lib/modules/connadp.ko
conn_pwr_enable	connadp	vendor_dlkm/lib/modules/connadp.ko
conn_pwr_get_drv_level	connadp	vendor_dlkm/lib/modules/connadp.ko
conn_pwr_get_platform_level	connadp	vendor_dlkm/lib/modules/connadp.ko
conn_pwr_get_thermal	connadp	vendor_dlkm/lib/modules/connadp.ko
conn_pwr_init	connadp	vendor_dlkm/lib/modules/connadp.ko
conn_pwr_register_event_cb	connadp	vendor_dlkm/lib/modules/connadp.ko
conn_pwr_report_level_required	connadp	vendor_dlkm/lib/modules/connadp.ko
conn_pwr_resume	connadp	vendor_dlkm/lib/modules/connadp.ko
conn_pwr_send_msg	connadp	vendor_dlkm/lib/modules/connadp.ko
conn_pwr_set_customer_level	connadp	vendor_dlkm/lib/modules/connadp.ko
conn_pwr_set_thermal_level	connadp	vendor_dlkm/lib/modules/connadp.ko
conn_pwr_suspend	connadp	vendor_dlkm/lib/modules/connadp.ko
connsys_coredump_clean	conninfra	vendor_dlkm/lib/modules/conninfra.ko
connsys_coredump_deinit	conninfra	vendor_dlkm/lib/modules/conninfra.ko
connsys_coredump_get_mode	conninfra	vendor_dlkm/lib/modules/conninfra.ko
connsys_coredump_get_start_offset	conninfra	vendor_dlkm/lib/modules/conninfra.ko
connsys_coredump_init	conninfra	vendor_dlkm/lib/modules/conninfra.ko
connsys_coredump_set_dump_mode	conninfra	vendor_dlkm/lib/modules/conninfra.ko
connsys_coredump_setup_dump_region	conninfra	vendor_dlkm/lib/modules/conninfra.ko
connsys_coredump_start	conninfra	vendor_dlkm/lib/modules/conninfra.ko
connsys_dedicated_log_get_log_mode	conninfra	vendor_dlkm/lib/modules/conninfra.ko
connsys_dedicated_log_path_alarm_disable	conninfra	vendor_dlkm/lib/modules/conninfra.ko
connsys_dedicated_log_path_alarm_enable	conninfra	vendor_dlkm/lib/modules/conninfra.ko
connsys_dedicated_log_path_apsoc_deinit	conninfra	vendor_dlkm/lib/modules/conninfra.ko
connsys_dedicated_log_path_apsoc_init	conninfra	vendor_dlkm/lib/modules/conninfra.ko
connsys_dedicated_log_path_blank_state_changed	conninfra	vendor_dlkm/lib/modules/conninfra.ko
connsys_dedicated_log_set_log_mode	conninfra	vendor_dlkm/lib/modules/conninfra.ko
connsys_log_deinit	conninfra	vendor_dlkm/lib/modules/conninfra.ko
connsys_log_dump_buf	conninfra	vendor_dlkm/lib/modules/conninfra.ko
connsys_log_get_buf_size	conninfra	vendor_dlkm/lib/modules/conninfra.ko
connsys_log_get_utc_time	conninfra	vendor_dlkm/lib/modules/conninfra.ko
connsys_log_init	conninfra	vendor_dlkm/lib/modules/conninfra.ko
connsys_log_irq_handler	conninfra	vendor_dlkm/lib/modules/conninfra.ko
connsys_log_read	conninfra	vendor_dlkm/lib/modules/conninfra.ko
connsys_log_read_to_user	conninfra	vendor_dlkm/lib/modules/conninfra.ko
connsys_log_register_event_cb	conninfra	vendor_dlkm/lib/modules/conninfra.ko
connv3_conninfra_bus_dump	conninfra	vendor_dlkm/lib/modules/conninfra.ko
connv3_coredump_deinit	conninfra	vendor_dlkm/lib/modules/conninfra.ko
connv3_coredump_end	conninfra	vendor_dlkm/lib/modules/conninfra.ko
connv3_coredump_get_issue_info	conninfra	vendor_dlkm/lib/modules/conninfra.ko
connv3_coredump_init	conninfra	vendor_dlkm/lib/modules/conninfra.ko
connv3_coredump_send	conninfra	vendor_dlkm/lib/modules/conninfra.ko
connv3_coredump_start	conninfra	vendor_dlkm/lib/modules/conninfra.ko
connv3_ext_32k_on	conninfra	vendor_dlkm/lib/modules/conninfra.ko
connv3_hif_dbg_end	conninfra	vendor_dlkm/lib/modules/conninfra.ko
connv3_hif_dbg_read	conninfra	vendor_dlkm/lib/modules/conninfra.ko
connv3_hif_dbg_start	conninfra	vendor_dlkm/lib/modules/conninfra.ko
connv3_hif_dbg_write	conninfra	vendor_dlkm/lib/modules/conninfra.ko
connv3_hif_dbg_write_mask	conninfra	vendor_dlkm/lib/modules/conninfra.ko
connv3_log_deinit	conninfra	vendor_dlkm/lib/modules/conninfra.ko
connv3_log_get_buf_size	conninfra	vendor_dlkm/lib/modules/conninfra.ko
connv3_log_get_log_mode	conninfra	vendor_dlkm/lib/modules/conninfra.ko
connv3_log_handler	conninfra	vendor_dlkm/lib/modules/conninfra.ko
connv3_log_init	conninfra	vendor_dlkm/lib/modules/conninfra.ko
connv3_log_read	conninfra	vendor_dlkm/lib/modules/conninfra.ko
connv3_log_read_to_user	conninfra	vendor_dlkm/lib/modules/conninfra.ko
connv3_log_register_event_cb	conninfra	vendor_dlkm/lib/modules/conninfra.ko
connv3_log_set_log_mode	conninfra	vendor_dlkm/lib/modules/conninfra.ko
connv3_pwr_off	conninfra	vendor_dlkm/lib/modules/conninfra.ko
connv3_pwr_on	conninfra	vendor_dlkm/lib/modules/conninfra.ko
connv3_pwr_on_done	conninfra	vendor_dlkm/lib/modules/conninfra.ko
connv3_sub_drv_ops_register	conninfra	vendor_dlkm/lib/modules/conninfra.ko
connv3_sub_drv_ops_unregister	conninfra	vendor_dlkm/lib/modules/conninfra.ko
connv3_trigger_whole_chip_rst	conninfra	vendor_dlkm/lib/modules/conninfra.ko
connv3_update_pmic_state	conninfra	vendor_dlkm/lib/modules/conninfra.ko
coordinate_map	hf_manager	vendor_dlkm/lib/modules/hf_manager.ko
core_ctl_enable_policy	mtk_core_ctl	vendor_dlkm/lib/modules/mtk_core_ctl.ko
core_ctl_force_pause_cpu	mtk_core_ctl	vendor_dlkm/lib/modules/mtk_core_ctl.ko
core_ctl_set_boost	mtk_core_ctl	vendor_dlkm/lib/modules/mtk_core_ctl.ko
core_ctl_set_cpu_busy_thres	mtk_core_ctl	vendor_dlkm/lib/modules/mtk_core_ctl.ko
core_ctl_set_limit_cpus	mtk_core_ctl	vendor_dlkm/lib/modules/mtk_core_ctl.ko
core_ctl_set_max_cpus	mtk_core_ctl	vendor_dlkm/lib/modules/mtk_core_ctl.ko
core_ctl_set_min_cpus	mtk_core_ctl	vendor_dlkm/lib/modules/mtk_core_ctl.ko
core_ctl_set_not_preferred	mtk_core_ctl	vendor_dlkm/lib/modules/mtk_core_ctl.ko
core_ctl_set_offline_throttle_ms	mtk_core_ctl	vendor_dlkm/lib/modules/mtk_core_ctl.ko
core_ctl_set_up_thres	mtk_core_ctl	vendor_dlkm/lib/modules/mtk_core_ctl.ko
core_ctl_update_active_cpu	mtk_core_ctl	vendor_dlkm/lib/modules/mtk_core_ctl.ko
corestack_driver_control	mali_kbase_mt6878_r44	vendor_dlkm/lib/modules/mali_kbase_mt6878_r44.ko
cpufreq_set_cci_mode	cpudvfs	vendor_dlkm/lib/modules/cpudvfs.ko
__cpu_pause_mask	scheduler	vendor_dlkm/lib/modules/scheduler.ko
cur_md_sleep_status	mtk_lpm_dbg_common_v2	vendor_dlkm/lib/modules/mtk-lpm-dbg-common-v2.ko
custom_ldo_en	custom_ldo	vendor_dlkm/lib/modules/custom-ldo.ko
custom_ldo_vout	custom_ldo	vendor_dlkm/lib/modules/custom-ldo.ko
dcs_enable	ged	vendor_dlkm/lib/modules/ged.ko
dcs_get_adjust_fr_cnt	ged	vendor_dlkm/lib/modules/ged.ko
dcs_get_adjust_non_dcs_th	ged	vendor_dlkm/lib/modules/ged.ko
dcs_get_adjust_ratio_th	ged	vendor_dlkm/lib/modules/ged.ko
dcs_get_adjust_support	ged	vendor_dlkm/lib/modules/ged.ko
dcs_get_cur_core_num	ged	vendor_dlkm/lib/modules/ged.ko
dcs_set_adjust_fr_cnt	ged	vendor_dlkm/lib/modules/ged.ko
dcs_set_adjust_non_dcs_th	ged	vendor_dlkm/lib/modules/ged.ko
dcs_set_adjust_ratio_th	ged	vendor_dlkm/lib/modules/ged.ko
dcs_set_adjust_support	ged	vendor_dlkm/lib/modules/ged.ko
ddrphy_ao_misc_cg_ctrl0	met	vendor_dlkm/lib/modules/met.ko
ddrphy_ao_misc_cg_ctrl2	met	vendor_dlkm/lib/modules/met.ko
debounce_times_perf_down_force_local_get	mtk_cm_mgr	vendor_dlkm/lib/modules/mtk_cm_mgr.ko
debounce_times_perf_down_force_local_set	mtk_cm_mgr	vendor_dlkm/lib/modules/mtk_cm_mgr.ko
debounce_times_perf_down_get	mtk_cm_mgr	vendor_dlkm/lib/modules/mtk_cm_mgr.ko
debounce_times_perf_down_local_get	mtk_cm_mgr	vendor_dlkm/lib/modules/mtk_cm_mgr.ko
debounce_times_perf_down_local_set	mtk_cm_mgr	vendor_dlkm/lib/modules/mtk_cm_mgr.ko
debounce_times_perf_force_down_get	mtk_cm_mgr	vendor_dlkm/lib/modules/mtk_cm_mgr.ko
deregister_mcupm_print_header	met	vendor_dlkm/lib/modules/met.ko
deregister_mcupm_process_argument	met	vendor_dlkm/lib/modules/met.ko
devm_reboot_mode_register	reboot_mode	vendor_dlkm/lib/modules/reboot-mode.ko
devm_reboot_mode_unregister	reboot_mode	vendor_dlkm/lib/modules/reboot-mode.ko
dmabuf_to_secure_handle	mtk_sec_heap	vendor_dlkm/lib/modules/mtk_sec_heap.ko
do_emi	met	vendor_dlkm/lib/modules/met.ko
dpe_deque_request_isp7s	camera_dpe_isp7sp	vendor_dlkm/lib/modules/camera_dpe_isp7sp.ko
dpe_enque_request_isp7s	camera_dpe_isp7sp	vendor_dlkm/lib/modules/camera_dpe_isp7sp.ko
dpe_register_requests_isp7s	camera_dpe_isp7sp	vendor_dlkm/lib/modules/camera_dpe_isp7sp.ko
dpe_request_dump_isp7s	camera_dpe_isp7sp	vendor_dlkm/lib/modules/camera_dpe_isp7sp.ko
dpe_request_handler_isp7s	camera_dpe_isp7sp	vendor_dlkm/lib/modules/camera_dpe_isp7sp.ko
dpe_request_running_isp7s	camera_dpe_isp7sp	vendor_dlkm/lib/modules/camera_dpe_isp7sp.ko
dpe_set_engine_ops_isp7s	camera_dpe_isp7sp	vendor_dlkm/lib/modules/camera_dpe_isp7sp.ko
dpe_unregister_requests_isp7s	camera_dpe_isp7sp	vendor_dlkm/lib/modules/camera_dpe_isp7sp.ko
dpe_update_request_isp7s	camera_dpe_isp7sp	vendor_dlkm/lib/modules/camera_dpe_isp7sp.ko
dram_chann_num	met	vendor_dlkm/lib/modules/met.ko
DRAM_CH_NUM_PER_EMI	met	vendor_dlkm/lib/modules/met.ko
dramc_pdir_enable	met	vendor_dlkm/lib/modules/met.ko
DRAM_TYPE	met	vendor_dlkm/lib/modules/met.ko
driver_init_done	vcp	vendor_dlkm/lib/modules/vcp.ko
dsp_dispatch_ipi_hanlder_to_queue	audio_ipi	vendor_dlkm/lib/modules/audio_ipi.ko
dsp_send_msg_to_queue	audio_ipi	vendor_dlkm/lib/modules/audio_ipi.ko
dsu_get_freq_opp	cpufreq_sugov_ext	vendor_dlkm/lib/modules/cpufreq_sugov_ext.ko
dsu_get_opp_ps	cpufreq_sugov_ext	vendor_dlkm/lib/modules/cpufreq_sugov_ext.ko
dump_audio_dsp_dram	snd_soc_audiodsp_common	vendor_dlkm/lib/modules/snd-soc-audiodsp-common.ko
dump_audio_hwbuffer	snd_soc_audiodsp_common	vendor_dlkm/lib/modules/snd-soc-audiodsp-common.ko
dump_rbuf_s	snd_soc_audiodsp_common	vendor_dlkm/lib/modules/snd-soc-audiodsp-common.ko
dump_vcp_irq_status	vcp	vendor_dlkm/lib/modules/vcp.ko
eara2fbt_set_2nd_t2wnt	mtk_fpsgo	vendor_dlkm/lib/modules/mtk_fpsgo.ko
eara2fstb_get_tfps	mtk_fpsgo	vendor_dlkm/lib/modules/mtk_fpsgo.ko
eara2fstb_tfps_mdiff	mtk_fpsgo	vendor_dlkm/lib/modules/mtk_fpsgo.ko
eara_pre_change_fp	mtk_fpsgo	vendor_dlkm/lib/modules/mtk_fpsgo.ko
eara_pre_change_single_fp	mtk_fpsgo	vendor_dlkm/lib/modules/mtk_fpsgo.ko
emi_create_header	met	vendor_dlkm/lib/modules/met.ko
emi_inited	met	vendor_dlkm/lib/modules/met.ko
emi_init	met	vendor_dlkm/lib/modules/met.ko
emi_mdct_enable	met	vendor_dlkm/lib/modules/met.ko
EMI_NUM	met	vendor_dlkm/lib/modules/met.ko
emi_print_header_basic	met	vendor_dlkm/lib/modules/met.ko
emi_tsct_enable	met	vendor_dlkm/lib/modules/met.ko
emi_uninit	met	vendor_dlkm/lib/modules/met.ko
emi_use_ondiemet	met	vendor_dlkm/lib/modules/met.ko
exec_ccci_kern_func	ccci_md_all	vendor_dlkm/lib/modules/ccci_md_all.ko
fbt_cal_target_time_fp	mtk_fpsgo	vendor_dlkm/lib/modules/mtk_fpsgo.ko
fbt_cal_target_time_ns	mtk_fpsgo	vendor_dlkm/lib/modules/mtk_fpsgo.ko
fbt_cpufreq_cb_cap_fp	mtk_fpsgo	vendor_dlkm/lib/modules/mtk_fpsgo.ko
feature_table	vcp	vendor_dlkm/lib/modules/vcp.ko
flashlight_dev_register_by_device_id	flashlight	vendor_dlkm/lib/modules/flashlight.ko
flashlight_dev_register	flashlight	vendor_dlkm/lib/modules/flashlight.ko
flashlight_dev_unregister_by_device_id	flashlight	vendor_dlkm/lib/modules/flashlight.ko
flashlight_dev_unregister	flashlight	vendor_dlkm/lib/modules/flashlight.ko
flashlight_drvctrl	flashlight	vendor_dlkm/lib/modules/flashlight.ko
flashlight_get_ct_id	flashlight	vendor_dlkm/lib/modules/flashlight.ko
flashlight_get_ct_index	flashlight	vendor_dlkm/lib/modules/flashlight.ko
flashlight_get_part_id	flashlight	vendor_dlkm/lib/modules/flashlight.ko
flashlight_get_part_index	flashlight	vendor_dlkm/lib/modules/flashlight.ko
flashlight_get_type_id	flashlight	vendor_dlkm/lib/modules/flashlight.ko
flashlight_get_type_index	flashlight	vendor_dlkm/lib/modules/flashlight.ko
flashlight_kicker_pbm_by_device_id	flashlight	vendor_dlkm/lib/modules/flashlight.ko
flashlight_kicker_pbm	flashlight	vendor_dlkm/lib/modules/flashlight.ko
flashlight_pt_is_low	flashlight	vendor_dlkm/lib/modules/flashlight.ko
flashlight_verify_ct_index	flashlight	vendor_dlkm/lib/modules/flashlight.ko
flashlight_verify_index	flashlight	vendor_dlkm/lib/modules/flashlight.ko
flashlight_verify_part_index	flashlight	vendor_dlkm/lib/modules/flashlight.ko
flashlight_verify_type_index	flashlight	vendor_dlkm/lib/modules/flashlight.ko
flt_ctl_api	scheduler	vendor_dlkm/lib/modules/scheduler.ko
flt_ctl	scheduler	vendor_dlkm/lib/modules/scheduler.ko
flt_ctrl_force_get	scheduler	vendor_dlkm/lib/modules/scheduler.ko
flt_ctrl_force_set	scheduler	vendor_dlkm/lib/modules/scheduler.ko
flt_get_cpu_by_wp_api	scheduler	vendor_dlkm/lib/modules/scheduler.ko
flt_get_cpu_by_wp	scheduler	vendor_dlkm/lib/modules/scheduler.ko
flt_get_cpu_o_eas_api	scheduler	vendor_dlkm/lib/modules/scheduler.ko
flt_get_cpu_o	scheduler	vendor_dlkm/lib/modules/scheduler.ko
flt_get_cpu_r_api	scheduler	vendor_dlkm/lib/modules/scheduler.ko
flt_get_cpu_r	scheduler	vendor_dlkm/lib/modules/scheduler.ko
flt_get_cpu	scheduler	vendor_dlkm/lib/modules/scheduler.ko
flt_get_cpu_util_hook	cpufreq_sugov_ext	vendor_dlkm/lib/modules/cpufreq_sugov_ext.ko
flt_get_fpsgo_boosting	cpufreq_sugov_ext	vendor_dlkm/lib/modules/cpufreq_sugov_ext.ko
flt_get_gear_max_pelt_group_api	scheduler	vendor_dlkm/lib/modules/scheduler.ko
flt_get_gear_max_pelt_group_cnt_api	scheduler	vendor_dlkm/lib/modules/scheduler.ko
flt_get_gear_max_pelt_group_cnt	scheduler	vendor_dlkm/lib/modules/scheduler.ko
flt_get_gear_max_pelt_group	scheduler	vendor_dlkm/lib/modules/scheduler.ko
flt_get_gear_sum_pelt_group_api	scheduler	vendor_dlkm/lib/modules/scheduler.ko
flt_get_gear_sum_pelt_group_cnt_api	scheduler	vendor_dlkm/lib/modules/scheduler.ko
flt_get_gear_sum_pelt_group_cnt	scheduler	vendor_dlkm/lib/modules/scheduler.ko
flt_get_gear_sum_pelt_group	scheduler	vendor_dlkm/lib/modules/scheduler.ko
flt_get_gp_hint	scheduler	vendor_dlkm/lib/modules/scheduler.ko
flt_get_gp_r	scheduler	vendor_dlkm/lib/modules/scheduler.ko
flt_get_grp_h_eas_api	scheduler	vendor_dlkm/lib/modules/scheduler.ko
flt_get_grp_r_eas_api	scheduler	vendor_dlkm/lib/modules/scheduler.ko
flt_get_max_group_api	scheduler	vendor_dlkm/lib/modules/scheduler.ko
flt_get_max_group	scheduler	vendor_dlkm/lib/modules/scheduler.ko
flt_get_mode	scheduler	vendor_dlkm/lib/modules/scheduler.ko
flt_getnid	scheduler	vendor_dlkm/lib/modules/scheduler.ko
flt_get_pm_status	scheduler	vendor_dlkm/lib/modules/scheduler.ko
flt_get_sum_group_api	scheduler	vendor_dlkm/lib/modules/scheduler.ko
flt_get_sum_group	scheduler	vendor_dlkm/lib/modules/scheduler.ko
flt_get_task_by_wp_api	scheduler	vendor_dlkm/lib/modules/scheduler.ko
flt_get_task_by_wp	scheduler	vendor_dlkm/lib/modules/scheduler.ko
flt_get_total_gp_api	scheduler	vendor_dlkm/lib/modules/scheduler.ko
flt_get_total_gp	scheduler	vendor_dlkm/lib/modules/scheduler.ko
flt_get_ws_api	scheduler	vendor_dlkm/lib/modules/scheduler.ko
flt_sched_get_cpu_group_eas_api	scheduler	vendor_dlkm/lib/modules/scheduler.ko
flt_sched_get_cpu_group_eas	scheduler	vendor_dlkm/lib/modules/scheduler.ko
flt_sched_get_cpu_group	scheduler	vendor_dlkm/lib/modules/scheduler.ko
flt_sched_get_cpu_group_util_eas_hook	cpufreq_sugov_ext	vendor_dlkm/lib/modules/cpufreq_sugov_ext.ko
flt_sched_get_cpu_policy_eas_api	scheduler	vendor_dlkm/lib/modules/scheduler.ko
flt_sched_get_gear_max_group_eas_api	scheduler	vendor_dlkm/lib/modules/scheduler.ko
flt_sched_get_gear_max_group_eas	scheduler	vendor_dlkm/lib/modules/scheduler.ko
flt_sched_get_gear_sum_group_eas_api	scheduler	vendor_dlkm/lib/modules/scheduler.ko
flt_sched_get_gear_sum_group_eas	scheduler	vendor_dlkm/lib/modules/scheduler.ko
flt_sched_get_group_policy_eas_api	scheduler	vendor_dlkm/lib/modules/scheduler.ko
flt_sched_set_cpu_policy_eas_api	scheduler	vendor_dlkm/lib/modules/scheduler.ko
flt_sched_set_group_policy_eas_api	scheduler	vendor_dlkm/lib/modules/scheduler.ko
flt_set_mode	scheduler	vendor_dlkm/lib/modules/scheduler.ko
flt_setnid	scheduler	vendor_dlkm/lib/modules/scheduler.ko
flt_set_ws_api	scheduler	vendor_dlkm/lib/modules/scheduler.ko
fpsgo2msync_hint_frameinfo_fp	mtk_fpsgo	vendor_dlkm/lib/modules/mtk_fpsgo.ko
fpsgo_get_cmd_fp	mtk_perf_ioctl	vendor_dlkm/lib/modules/mtk_perf_ioctl.ko
fpsgo_get_fps_fp	mtk_perf_ioctl	vendor_dlkm/lib/modules/mtk_perf_ioctl.ko
fpsgo_get_fstb_active_fp	mtk_perf_ioctl	vendor_dlkm/lib/modules/mtk_perf_ioctl.ko
fpsgo_get_lr_pair_fp	mtk_perf_ioctl	vendor_dlkm/lib/modules/mtk_perf_ioctl.ko
fpsgo_get_pid_fp	mtk_perf_ioctl	vendor_dlkm/lib/modules/mtk_perf_ioctl.ko
fpsgo_ktf2comp_test_check_BQ_type	mtk_fpsgo	vendor_dlkm/lib/modules/mtk_fpsgo.ko
fpsgo_ktf2fstb_test_fstb_hrtimer_info_update	mtk_fpsgo	vendor_dlkm/lib/modules/mtk_fpsgo.ko
fpsgo_ktf2xgf_atomic_set	mtk_fpsgo	vendor_dlkm/lib/modules/mtk_fpsgo.ko
fpsgo_main_trace	mtk_fpsgo	vendor_dlkm/lib/modules/mtk_fpsgo.ko
fpsgo_notify_acquire_fp	mtk_perf_ioctl	vendor_dlkm/lib/modules/mtk_perf_ioctl.ko
fpsgo_notify_bqid_fp	mtk_perf_ioctl	vendor_dlkm/lib/modules/mtk_perf_ioctl.ko
fpsgo_notify_buffer_quota_fp	mtk_perf_ioctl	vendor_dlkm/lib/modules/mtk_perf_ioctl.ko
fpsgo_notify_connect_fp	mtk_perf_ioctl	vendor_dlkm/lib/modules/mtk_perf_ioctl.ko
fpsgo_notify_fbt_is_boost_fp	cpufreq_sugov_ext	vendor_dlkm/lib/modules/cpufreq_sugov_ext.ko
fpsgo_notify_frame_hint_fp	mtk_perf_ioctl	vendor_dlkm/lib/modules/mtk_perf_ioctl.ko
fpsgo_notify_qudeq_fp	mtk_perf_ioctl	vendor_dlkm/lib/modules/mtk_perf_ioctl.ko
fpsgo_notify_sbe_policy_fp	mtk_perf_ioctl	vendor_dlkm/lib/modules/mtk_perf_ioctl.ko
fpsgo_notify_sbe_rescue_fp	mtk_perf_ioctl	vendor_dlkm/lib/modules/mtk_perf_ioctl.ko
fpsgo_notify_swap_buffer_fp	mtk_perf_ioctl	vendor_dlkm/lib/modules/mtk_perf_ioctl.ko
fpsgo_notify_vsync_fp	mtk_perf_ioctl	vendor_dlkm/lib/modules/mtk_perf_ioctl.ko
fpsgo_notify_vsync_period_fp	mtk_perf_ioctl	vendor_dlkm/lib/modules/mtk_perf_ioctl.ko
fpsgo_other2fstb_get_fps	mtk_fpsgo	vendor_dlkm/lib/modules/mtk_fpsgo.ko
fpsgo_other2fstb_register_info_callback	mtk_fpsgo	vendor_dlkm/lib/modules/mtk_fpsgo.ko
fpsgo_other2fstb_register_perf_callback	mtk_fpsgo	vendor_dlkm/lib/modules/mtk_fpsgo.ko
fpsgo_other2fstb_unregister_info_callback	mtk_fpsgo	vendor_dlkm/lib/modules/mtk_fpsgo.ko
fpsgo_other2fstb_unregister_perf_callback	mtk_fpsgo	vendor_dlkm/lib/modules/mtk_fpsgo.ko
fpsgo_render_tree_lock	mtk_fpsgo	vendor_dlkm/lib/modules/mtk_fpsgo.ko
fpsgo_render_tree_unlock	mtk_fpsgo	vendor_dlkm/lib/modules/mtk_fpsgo.ko
fpsgo_rl_create_render_in_list_fp	mtk_fpsgo	vendor_dlkm/lib/modules/mtk_fpsgo.ko
fpsgo_rl_delete_render_info_fp	mtk_fpsgo	vendor_dlkm/lib/modules/mtk_fpsgo.ko
fpsgo_set_last_quota_fp	mtk_fpsgo	vendor_dlkm/lib/modules/mtk_fpsgo.ko
fpsgo_set_last_quota_fps_ori_fp	mtk_fpsgo	vendor_dlkm/lib/modules/mtk_fpsgo.ko
fpsgo_set_last_target_t_fp	mtk_fpsgo	vendor_dlkm/lib/modules/mtk_fpsgo.ko
fpsgo_set_rl_expected_l2q_us_fp	mtk_perf_ioctl	vendor_dlkm/lib/modules/mtk_perf_ioctl.ko
fpsgo_set_rl_l2q_enable_fp	mtk_perf_ioctl	vendor_dlkm/lib/modules/mtk_perf_ioctl.ko
fpsgo_wait_fstb_active_fp	mtk_perf_ioctl	vendor_dlkm/lib/modules/mtk_perf_ioctl.ko
free_candev	can_dev	system_dlkm/lib/modules/can-dev.ko
free_reserved_memory	ccci_util_lib	vendor_dlkm/lib/modules/ccci_util_lib.ko
freq_reg_info	cfg80211	vendor_dlkm/lib/modules/cfg80211.ko
frs_data	thermal_interface	vendor_dlkm/lib/modules/thermal_interface.ko
fsm_get_entity	ccci_md_all	vendor_dlkm/lib/modules/ccci_md_all.ko
fs_sync_frame	imgsensor	vendor_dlkm/lib/modules/imgsensor.ko
fstb_delete_render_info_fp	mtk_fpsgo	vendor_dlkm/lib/modules/mtk_fpsgo.ko
fstb_event_buffer	mtk_fpsgo	vendor_dlkm/lib/modules/mtk_fpsgo.ko
fstb_event_buffer_size	mtk_fpsgo	vendor_dlkm/lib/modules/mtk_fpsgo.ko
fstb_filter_poll_enable	mtk_fpsgo	vendor_dlkm/lib/modules/mtk_fpsgo.ko
fstb_get_logic_head_trace_event_fp	mtk_fpsgo	vendor_dlkm/lib/modules/mtk_fpsgo.ko
fstb_get_target_fps_fp	mtk_fpsgo	vendor_dlkm/lib/modules/mtk_fpsgo.ko
fstb_no_r_timer_enable	mtk_fpsgo	vendor_dlkm/lib/modules/mtk_fpsgo.ko
fuelgauge_fw_version	yft_devinfo	vendor_dlkm/lib/modules/yft_devinfo.ko
fw_log_mcu_deinit	conninfra	vendor_dlkm/lib/modules/conninfra.ko
fw_log_mcu_init	conninfra	vendor_dlkm/lib/modules/conninfra.ko
game_engine_cooler_set_last_sleep_duration_fp	mtk_fpsgo	vendor_dlkm/lib/modules/mtk_fpsgo.ko
game_set_fps_fp	mtk_fpsgo	vendor_dlkm/lib/modules/mtk_fpsgo.ko
game_set_heaviest_pid_fp	mtk_fpsgo	vendor_dlkm/lib/modules/mtk_fpsgo.ko
gbe_get_cmd_fp	mtk_perf_ioctl	vendor_dlkm/lib/modules/mtk_perf_ioctl.ko
g_dbg_level	fmradio_drv_connac2x	vendor_dlkm/lib/modules/fmradio_drv_connac2x.ko
ged_check_power_duration	ged	vendor_dlkm/lib/modules/ged.ko
ged_check_predict_power_duration	ged	vendor_dlkm/lib/modules/ged.ko
ged_dvfs_cal_gpu_utilization_ex_fp	ged	vendor_dlkm/lib/modules/ged.ko
ged_dvfs_get_last_commit_dual_idx	ged	vendor_dlkm/lib/modules/ged.ko
ged_dvfs_get_last_commit_idx	ged	vendor_dlkm/lib/modules/ged.ko
ged_dvfs_get_last_commit_stack_idx	ged	vendor_dlkm/lib/modules/ged.ko
ged_dvfs_get_last_commit_top_idx	ged	vendor_dlkm/lib/modules/ged.ko
ged_dvfs_get_real_oppfreq_num	ged	vendor_dlkm/lib/modules/ged.ko
ged_dvfs_gpu_clock_switch_notify	ged	vendor_dlkm/lib/modules/ged.ko
ged_dvfs_gpu_freq_commit_fp	ged	vendor_dlkm/lib/modules/ged.ko
ged_dvfs_gpu_freq_dual_commit_fp	ged	vendor_dlkm/lib/modules/ged.ko
ged_dvfs_query_loading	ged	vendor_dlkm/lib/modules/ged.ko
ged_dvfs_query_opp_cost	ged	vendor_dlkm/lib/modules/ged.ko
ged_dvfs_query_power_state_time	ged	vendor_dlkm/lib/modules/ged.ko
ged_dvfs_set_gpu_core_mask_fp	ged	vendor_dlkm/lib/modules/ged.ko
ged_dvfs_set_sysram_last_commit_dual_idx	ged	vendor_dlkm/lib/modules/ged.ko
ged_dvfs_set_sysram_last_commit_stack_idx	ged	vendor_dlkm/lib/modules/ged.ko
ged_dvfs_set_sysram_last_commit_top_idx	ged	vendor_dlkm/lib/modules/ged.ko
ged_dvfs_update_step_size	ged	vendor_dlkm/lib/modules/ged.ko
ged_dvfs_write_sysram_last_commit_dual	ged	vendor_dlkm/lib/modules/ged.ko
ged_dvfs_write_sysram_last_commit_dual_test	ged	vendor_dlkm/lib/modules/ged.ko
ged_dvfs_write_sysram_last_commit_idx	ged	vendor_dlkm/lib/modules/ged.ko
ged_dvfs_write_sysram_last_commit_idx_test	ged	vendor_dlkm/lib/modules/ged.ko
ged_dvfs_write_sysram_last_commit_stack_idx	ged	vendor_dlkm/lib/modules/ged.ko
ged_dvfs_write_sysram_last_commit_stack_idx_test	ged	vendor_dlkm/lib/modules/ged.ko
ged_dvfs_write_sysram_last_commit_top_idx	ged	vendor_dlkm/lib/modules/ged.ko
ged_dvfs_write_sysram_last_commit_top_idx_test	ged	vendor_dlkm/lib/modules/ged.ko
ged_get_active_time	ged	vendor_dlkm/lib/modules/ged.ko
ged_get_apo_force_hint	ged	vendor_dlkm/lib/modules/ged.ko
ged_get_apo_hint	ged	vendor_dlkm/lib/modules/ged.ko
ged_get_apo_lp_threshold_us	ged	vendor_dlkm/lib/modules/ged.ko
ged_get_apo_threshold_us	ged	vendor_dlkm/lib/modules/ged.ko
ged_get_apo_wakeup_us	ged	vendor_dlkm/lib/modules/ged.ko
ged_get_idle_time	ged	vendor_dlkm/lib/modules/ged.ko
ged_get_last_commit_idx_fp	mtk_gpufreq_wrapper	vendor_dlkm/lib/modules/mtk_gpufreq_wrapper.ko
ged_get_last_commit_stack_idx_fp	mtk_gpufreq_wrapper	vendor_dlkm/lib/modules/mtk_gpufreq_wrapper.ko
ged_get_last_commit_top_idx_fp	mtk_gpufreq_wrapper	vendor_dlkm/lib/modules/mtk_gpufreq_wrapper.ko
ged_get_power_duration	ged	vendor_dlkm/lib/modules/ged.ko
ged_get_predict_active_time	ged	vendor_dlkm/lib/modules/ged.ko
ged_get_predict_idle_time	ged	vendor_dlkm/lib/modules/ged.ko
ged_get_predict_power_duration	ged	vendor_dlkm/lib/modules/ged.ko
ged_get_segment_id	ged	vendor_dlkm/lib/modules/ged.ko
ged_gpu_apo_notify	ged	vendor_dlkm/lib/modules/ged.ko
ged_gpu_apo_reset	ged	vendor_dlkm/lib/modules/ged.ko
ged_gpu_apo_support	ged	vendor_dlkm/lib/modules/ged.ko
ged_gpu_is_heavy	ged	vendor_dlkm/lib/modules/ged.ko
ged_gpu_predict_apo_notify	ged	vendor_dlkm/lib/modules/ged.ko
ged_gpu_predict_apo_reset	ged	vendor_dlkm/lib/modules/ged.ko
ged_is_fdvfs_support	ged	vendor_dlkm/lib/modules/ged.ko
ged_kpi_check_if_fallback_mode_fp	ged	vendor_dlkm/lib/modules/ged.ko
ged_kpi_enable_fw_idle_policy	ged	vendor_dlkm/lib/modules/ged.ko
ged_kpi_fastdvfs_update_dcs_fp	ged	vendor_dlkm/lib/modules/ged.ko
ged_kpi_get_panel_refresh_rate	ged	vendor_dlkm/lib/modules/ged.ko
ged_kpi_get_target_fps	ged	vendor_dlkm/lib/modules/ged.ko
ged_kpi_gpu_dvfs_fp	ged	vendor_dlkm/lib/modules/ged.ko
ged_kpi_output_gfx_info2_fp	ged	vendor_dlkm/lib/modules/ged.ko
ged_kpi_query_dvfs_freq_pred	ged	vendor_dlkm/lib/modules/ged.ko
ged_kpi_query_gpu_dvfs_info	ged	vendor_dlkm/lib/modules/ged.ko
ged_kpi_set_cpu_remained_time_fp	ged	vendor_dlkm/lib/modules/ged.ko
ged_kpi_set_fw_idle_mode	ged	vendor_dlkm/lib/modules/ged.ko
ged_kpi_set_gift_status	ged	vendor_dlkm/lib/modules/ged.ko
ged_kpi_set_gift_target_pid	ged	vendor_dlkm/lib/modules/ged.ko
ged_kpi_set_gpu_dvfs_hint_fp	ged	vendor_dlkm/lib/modules/ged.ko
ged_kpi_set_target_FPS_margin	ged	vendor_dlkm/lib/modules/ged.ko
ged_kpi_trigger_fb_dvfs_fp	ged	vendor_dlkm/lib/modules/ged.ko
ged_log_buf_alloc	ged	vendor_dlkm/lib/modules/ged.ko
ged_log_buf_free	ged	vendor_dlkm/lib/modules/ged.ko
ged_log_buf_get_early	ged	vendor_dlkm/lib/modules/ged.ko
ged_log_buf_get	ged	vendor_dlkm/lib/modules/ged.ko
ged_log_buf_print2	ged	vendor_dlkm/lib/modules/ged.ko
ged_log_buf_print	ged	vendor_dlkm/lib/modules/ged.ko
ged_log_buf_reset	ged	vendor_dlkm/lib/modules/ged.ko
ged_log_dump	ged	vendor_dlkm/lib/modules/ged.ko
ged_notification	ged	vendor_dlkm/lib/modules/ged.ko
ged_query_info	ged	vendor_dlkm/lib/modules/ged.ko
ged_set_apo_force_hint	ged	vendor_dlkm/lib/modules/ged.ko
ged_set_apo_lp_threshold_us	ged	vendor_dlkm/lib/modules/ged.ko
ged_set_apo_threshold_us	ged	vendor_dlkm/lib/modules/ged.ko
ged_set_apo_wakeup_ns	ged	vendor_dlkm/lib/modules/ged.ko
ged_set_apo_wakeup_ns_nolock	ged	vendor_dlkm/lib/modules/ged.ko
ged_set_apo_wakeup_us	ged	vendor_dlkm/lib/modules/ged.ko
ged_set_target_fps	ged	vendor_dlkm/lib/modules/ged.ko
ged_sw_vsync_event_fp	ged	vendor_dlkm/lib/modules/ged.ko
ged_vsync_notifier_fp	ged	vendor_dlkm/lib/modules/ged.ko
ged_write_sysram_pwr_hint	ged	vendor_dlkm/lib/modules/ged.ko
generic_mii_ioctl	mii	system_dlkm/lib/modules/mii.ko
get_adaptive_margin	cpufreq_sugov_ext	vendor_dlkm/lib/modules/cpufreq_sugov_ext.ko
get_am_ceiling	cpufreq_sugov_ext	vendor_dlkm/lib/modules/cpufreq_sugov_ext.ko
get_am_ctrl	cpufreq_sugov_ext	vendor_dlkm/lib/modules/cpufreq_sugov_ext.ko
get_apu_iommu_tfrp	apusys	vendor_dlkm/lib/modules/apusys.ko
get_background_cpumask	scheduler	vendor_dlkm/lib/modules/scheduler.ko
get_catm_min_ttj	thermal_interface	vendor_dlkm/lib/modules/thermal_interface.ko
get_catm_ttj	thermal_interface	vendor_dlkm/lib/modules/thermal_interface.ko
get_classify_wl	cpufreq_sugov_ext	vendor_dlkm/lib/modules/cpufreq_sugov_ext.ko
get_clkg_sram_base_addr	cpufreq_sugov_ext	vendor_dlkm/lib/modules/cpufreq_sugov_ext.ko
get_cm_step_num	mtk_cm_mgr	vendor_dlkm/lib/modules/mtk_cm_mgr.ko
get_cpu_active_ratio_cap	cpufreq_sugov_ext	vendor_dlkm/lib/modules/cpufreq_sugov_ext.ko
get_cpu_ceiling_freq	thermal_interface	vendor_dlkm/lib/modules/thermal_interface.ko
get_cpu_gear_uclamp_max_capacity	cpufreq_sugov_ext	vendor_dlkm/lib/modules/cpufreq_sugov_ext.ko
get_cpu_gear_uclamp_max	cpufreq_sugov_ext	vendor_dlkm/lib/modules/cpufreq_sugov_ext.ko
get_cpu_irqRatio_threshold	scheduler	vendor_dlkm/lib/modules/scheduler.ko
get_cpu_irqUtil_threshold	scheduler	vendor_dlkm/lib/modules/scheduler.ko
get_cpu_loading	mtk_perf_ioctl_magt	vendor_dlkm/lib/modules/mtk_perf_ioctl_magt.ko
get_cpu_pmu	mtk_perf_common	vendor_dlkm/lib/modules/mtk_perf_common.ko
get_cpu_temp	thermal_interface	vendor_dlkm/lib/modules/thermal_interface.ko
get_cpu_type	cpufreq_sugov_ext	vendor_dlkm/lib/modules/cpufreq_sugov_ext.ko
get_cpu_util_pct	mtk_core_ctl	vendor_dlkm/lib/modules/mtk_core_ctl.ko
get_cur_ddr_ratio_symbol	met	vendor_dlkm/lib/modules/met.ko
get_curr_cap	cpufreq_sugov_ext	vendor_dlkm/lib/modules/cpufreq_sugov_ext.ko
get_curr_uclamp_ctrl	cpufreq_sugov_ext	vendor_dlkm/lib/modules/cpufreq_sugov_ext.ko
get_curr_uclamp_hint	cpufreq_sugov_ext	vendor_dlkm/lib/modules/cpufreq_sugov_ext.ko
get_curr_wl	cpufreq_sugov_ext	vendor_dlkm/lib/modules/cpufreq_sugov_ext.ko
get_ddr_act_times	mtk_swpm	vendor_dlkm/lib/modules/mtk-swpm.ko
get_ddr_data_ip_num	mtk_swpm	vendor_dlkm/lib/modules/mtk-swpm.ko
get_ddr_freq_data_ip_stats	mtk_swpm	vendor_dlkm/lib/modules/mtk-swpm.ko
get_ddr_freq_num	mtk_swpm	vendor_dlkm/lib/modules/mtk-swpm.ko
get_ddr_sr_pd_times	mtk_swpm	vendor_dlkm/lib/modules/mtk-swpm.ko
get_dsp_base	snd_soc_audiodsp_common	vendor_dlkm/lib/modules/snd-soc-audiodsp-common.ko
get_dspdaiid_by_dspscene	snd_soc_audiodsp_common	vendor_dlkm/lib/modules/snd-soc-audiodsp-common.ko
get_dspscene_by_dspdaiid	snd_soc_audiodsp_common	vendor_dlkm/lib/modules/snd-soc-audiodsp-common.ko
get_dsp_task_attr	snd_soc_audiodsp_common	vendor_dlkm/lib/modules/snd-soc-audiodsp-common.ko
get_dsp_task_id_from_str	snd_soc_audiodsp_common	vendor_dlkm/lib/modules/snd-soc-audiodsp-common.ko
get_dsu_ceiling_freq	thermal_interface	vendor_dlkm/lib/modules/thermal_interface.ko
get_dsu_freq_state	cpufreq_sugov_ext	vendor_dlkm/lib/modules/cpufreq_sugov_ext.ko
get_dsu_temp	thermal_interface	vendor_dlkm/lib/modules/thermal_interface.ko
get_eas_adpf_enable	scheduler	vendor_dlkm/lib/modules/scheduler.ko
get_eas_dsu_ctrl	cpufreq_sugov_ext	vendor_dlkm/lib/modules/cpufreq_sugov_ext.ko
get_em_wl	cpufreq_sugov_ext	vendor_dlkm/lib/modules/cpufreq_sugov_ext.ko
get_flt_xrg	scheduler	vendor_dlkm/lib/modules/scheduler.ko
get_flt_xrg_size	scheduler	vendor_dlkm/lib/modules/scheduler.ko
get_foreground_cpumask	scheduler	vendor_dlkm/lib/modules/scheduler.ko
get_fpsgo_bypass_flag	cpufreq_sugov_ext	vendor_dlkm/lib/modules/cpufreq_sugov_ext.ko
get_gear_cpumask	cpufreq_sugov_ext	vendor_dlkm/lib/modules/cpufreq_sugov_ext.ko
get_gear_indices	scheduler	vendor_dlkm/lib/modules/scheduler.ko
get_gear_max_active_ratio_cap	cpufreq_sugov_ext	vendor_dlkm/lib/modules/cpufreq_sugov_ext.ko
get_gear_uclamp_ctrl	cpufreq_sugov_ext	vendor_dlkm/lib/modules/cpufreq_sugov_ext.ko
get_gear_uclamp_max	cpufreq_sugov_ext	vendor_dlkm/lib/modules/cpufreq_sugov_ext.ko
get_gpueb_ipidev	gpueb	vendor_dlkm/lib/modules/gpueb.ko
get_gpueb_ipidev_symbol	met	vendor_dlkm/lib/modules/met.ko
get_group_hint_hook	cpufreq_sugov_ext	vendor_dlkm/lib/modules/cpufreq_sugov_ext.ko
get_group_prefer_cpus	scheduler	vendor_dlkm/lib/modules/scheduler.ko
get_grp_awr_marg_ctrl	scheduler	vendor_dlkm/lib/modules/scheduler.ko
get_grp_awr_min_opp_margin	scheduler	vendor_dlkm/lib/modules/scheduler.ko
get_grp_awr_thr_freq	scheduler	vendor_dlkm/lib/modules/scheduler.ko
get_grp_awr_thr	scheduler	vendor_dlkm/lib/modules/scheduler.ko
get_grp_dvfs_ctrl	cpufreq_sugov_ext	vendor_dlkm/lib/modules/cpufreq_sugov_ext.ko
get_grp_high_freq	cpufreq_sugov_ext	vendor_dlkm/lib/modules/cpufreq_sugov_ext.ko
get_grp_id	scheduler	vendor_dlkm/lib/modules/scheduler.ko
get_gz_log_buffer	gz_log_mod	vendor_dlkm/lib/modules/gz_log_mod.ko
gether_update_dl_max_xfer_size	mtk_u_ether	vendor_dlkm/lib/modules/mtk_u_ether.ko
get_ignore_idle_ctrl	cpufreq_sugov_ext	vendor_dlkm/lib/modules/cpufreq_sugov_ext.ko
get_ipi_recv_private	snd_soc_audiodsp_common	vendor_dlkm/lib/modules/snd-soc-audiodsp-common.ko
get_jatm_suspend	thermal_interface	vendor_dlkm/lib/modules/thermal_interface.ko
get_l3ctl_sram_base_addr	cpufreq_sugov_ext	vendor_dlkm/lib/modules/cpufreq_sugov_ext.ko
get_low_latency_mode	wmt_chrdev_wifi_connac2	vendor_dlkm/lib/modules/wmt_chrdev_wifi_connac2.ko
get_lpm_logger_mbrain_dbg_ops	mtk_lpm_dbg_common_v2	vendor_dlkm/lib/modules/mtk-lpm-dbg-common-v2.ko
get_lpm_mbrain_dbg_ops	mtk_lpm_dbg_common_v2	vendor_dlkm/lib/modules/mtk-lpm-dbg-common-v2.ko
get_lpm_sys_res_ops	mtk_lpm_dbg_common_v2	vendor_dlkm/lib/modules/mtk-lpm-dbg-common-v2.ko
get_max_capacity	mtk_core_ctl	vendor_dlkm/lib/modules/mtk_core_ctl.ko
get_max_nr_running	mtk_core_ctl	vendor_dlkm/lib/modules/mtk_core_ctl.ko
get_mcupm_ipidev	mcupm	vendor_dlkm/lib/modules/mcupm.ko
get_mcupm_ipidev_symbol	met	vendor_dlkm/lib/modules/met.ko
get_md1_power	mtk_mdpm	vendor_dlkm/lib/modules/mtk_mdpm.ko
get_md_bin_capability	ccci_util_lib	vendor_dlkm/lib/modules/ccci_util_lib.ko
get_md_cache_region_info	ccci_util_lib	vendor_dlkm/lib/modules/ccci_util_lib.ko
get_md_img_type	ccci_util_lib	vendor_dlkm/lib/modules/ccci_util_lib.ko
get_md_resv_ccb_info	ccci_util_lib	vendor_dlkm/lib/modules/ccci_util_lib.ko
get_md_resv_csmem_info	ccci_util_lib	vendor_dlkm/lib/modules/ccci_util_lib.ko
get_md_resv_mem_info	ccci_util_lib	vendor_dlkm/lib/modules/ccci_util_lib.ko
get_md_resv_phy_cap_size	ccci_util_lib	vendor_dlkm/lib/modules/ccci_util_lib.ko
get_md_resv_sib_size	ccci_util_lib	vendor_dlkm/lib/modules/ccci_util_lib.ko
get_md_resv_udc_info	ccci_util_lib	vendor_dlkm/lib/modules/ccci_util_lib.ko
get_md_sib_mem_info	ccci_util_lib	vendor_dlkm/lib/modules/ccci_util_lib.ko
get_md_sleep_time	mtk_lpm_dbg_common_v2	vendor_dlkm/lib/modules/mtk-lpm-dbg-common-v2.ko
get_md_smem_cachable_offset	ccci_util_lib	vendor_dlkm/lib/modules/ccci_util_lib.ko
get_md_smem_dfd_size	ccci_util_lib	vendor_dlkm/lib/modules/ccci_util_lib.ko
get_modem_is_enabled	ccci_util_lib	vendor_dlkm/lib/modules/ccci_util_lib.ko
get_mtee_is_enabled	ccci_util_lib	vendor_dlkm/lib/modules/ccci_util_lib.ko
get_nc_smem_region_info	ccci_util_lib	vendor_dlkm/lib/modules/ccci_util_lib.ko
get_newly_idle_balance_interval_us	scheduler	vendor_dlkm/lib/modules/scheduler.ko
get_nr_cpu_type	cpufreq_sugov_ext	vendor_dlkm/lib/modules/cpufreq_sugov_ext.ko
get_nr_gears	cpufreq_sugov_ext	vendor_dlkm/lib/modules/cpufreq_sugov_ext.ko
get_nr_wl_type	cpufreq_sugov_ext	vendor_dlkm/lib/modules/cpufreq_sugov_ext.ko
get_over_threshold	mtk_core_ctl	vendor_dlkm/lib/modules/mtk_core_ctl.ko
get_pelt_dsu_bw	cpufreq_sugov_ext	vendor_dlkm/lib/modules/cpufreq_sugov_ext.ko
get_pelt_emi_bw	cpufreq_sugov_ext	vendor_dlkm/lib/modules/cpufreq_sugov_ext.ko
get_perf_index	mtk_perf_ioctl_magt	vendor_dlkm/lib/modules/mtk_perf_ioctl_magt.ko
get_pre_cal_status	wmt_chrdev_wifi_connac2	vendor_dlkm/lib/modules/wmt_chrdev_wifi_connac2.ko
get_qos_bound_apubw_mon	mtk_qos	vendor_dlkm/lib/modules/mtk_qos.ko
get_qos_bound_apulat_mon	mtk_qos	vendor_dlkm/lib/modules/mtk_qos.ko
get_qos_bound_buf	mtk_qos	vendor_dlkm/lib/modules/mtk_qos.ko
get_qos_bound_bw_threshold	mtk_qos	vendor_dlkm/lib/modules/mtk_qos.ko
get_qos_bound_count	mtk_qos	vendor_dlkm/lib/modules/mtk_qos.ko
get_qos_bound_emibw_mon	mtk_qos	vendor_dlkm/lib/modules/mtk_qos.ko
get_qos_bound_idx	mtk_qos	vendor_dlkm/lib/modules/mtk_qos.ko
get_qos_bound	mtk_qos	vendor_dlkm/lib/modules/mtk_qos.ko
get_qos_bound_smibw_mon	mtk_qos	vendor_dlkm/lib/modules/mtk_qos.ko
get_res_sig_stats	mtk_swpm	vendor_dlkm/lib/modules/mtk-swpm.ko
get_sbb_active_ratio_gear	cpufreq_sugov_ext	vendor_dlkm/lib/modules/cpufreq_sugov_ext.ko
get_sched_capacity_margin_dvfs	cpufreq_sugov_ext	vendor_dlkm/lib/modules/cpufreq_sugov_ext.ko
get_scmi_tinysys_info_symbol	met	vendor_dlkm/lib/modules/met.ko
get_scp_dram_region_manage	scp	vendor_dlkm/lib/modules/scp.ko
get_scp_mbrain_dbg_ops	scp	vendor_dlkm/lib/modules/scp.ko
get_scp_semaphore	scp	vendor_dlkm/lib/modules/scp.ko
get_scp_ultra_base	mtk_scp_ultra	vendor_dlkm/lib/modules/mtk-scp-ultra.ko
get_share_buck	scheduler	vendor_dlkm/lib/modules/scheduler.ko
get_smcnr_dev	gz_trusty_mod	vendor_dlkm/lib/modules/gz_trusty_mod.ko
get_smem_align_padding_size	ccci_util_lib	vendor_dlkm/lib/modules/ccci_util_lib.ko
get_smem_amms_pos_size	ccci_util_lib	vendor_dlkm/lib/modules/ccci_util_lib.ko
get_smem_phy_start_addr	ccci_md_all	vendor_dlkm/lib/modules/ccci_md_all.ko
get_smem_start_addr	ccci_md_all	vendor_dlkm/lib/modules/ccci_md_all.ko
get_soc_md_rt_rat	ccci_util_lib	vendor_dlkm/lib/modules/ccci_util_lib.ko
get_soc_md_rt_rat_idx	ccci_util_lib	vendor_dlkm/lib/modules/ccci_util_lib.ko
get_str_by_dsp_dai_id	snd_soc_audiodsp_common	vendor_dlkm/lib/modules/snd-soc-audiodsp-common.ko
get_system_sbb	cpufreq_sugov_ext	vendor_dlkm/lib/modules/cpufreq_sugov_ext.ko
get_target_margin	cpufreq_sugov_ext	vendor_dlkm/lib/modules/cpufreq_sugov_ext.ko
get_target_margin_low	cpufreq_sugov_ext	vendor_dlkm/lib/modules/cpufreq_sugov_ext.ko
get_task_attr	snd_soc_audiodsp_common	vendor_dlkm/lib/modules/snd-soc-audiodsp-common.ko
get_thermal_headroom_interval_tick	scheduler	vendor_dlkm/lib/modules/scheduler.ko
get_thermal_headroom	thermal_interface	vendor_dlkm/lib/modules/thermal_interface.ko
get_top_app_cpumask	scheduler	vendor_dlkm/lib/modules/scheduler.ko
get_top_grp_aware_refcnt	scheduler	vendor_dlkm/lib/modules/scheduler.ko
get_top_grp_aware	scheduler	vendor_dlkm/lib/modules/scheduler.ko
get_turn_point_freq	cpufreq_sugov_ext	vendor_dlkm/lib/modules/cpufreq_sugov_ext.ko
get_uclamp_min_ls	scheduler	vendor_dlkm/lib/modules/scheduler.ko
get_updown_migration_pct	scheduler	vendor_dlkm/lib/modules/scheduler.ko
get_u_vsensor0_info	thermal_interface	vendor_dlkm/lib/modules/thermal_interface.ko
get_u_vsensor1_info	thermal_interface	vendor_dlkm/lib/modules/thermal_interface.ko
get_u_vsensor2_info	thermal_interface	vendor_dlkm/lib/modules/thermal_interface.ko
get_u_vsensor3_info	thermal_interface	vendor_dlkm/lib/modules/thermal_interface.ko
get_u_vsensor4_info	thermal_interface	vendor_dlkm/lib/modules/thermal_interface.ko
get_u_vsensor5_info	thermal_interface	vendor_dlkm/lib/modules/thermal_interface.ko
get_vcore_ip_num	mtk_swpm	vendor_dlkm/lib/modules/mtk-swpm.ko
get_vcore_ip_vol_stats	mtk_swpm	vendor_dlkm/lib/modules/mtk-swpm.ko
get_vcore_vol_duration	mtk_swpm	vendor_dlkm/lib/modules/mtk-swpm.ko
get_vcore_vol_num	mtk_swpm	vendor_dlkm/lib/modules/mtk-swpm.ko
get_vcp_generation	vcp	vendor_dlkm/lib/modules/vcp.ko
get_vcp_semaphore	vcp	vendor_dlkm/lib/modules/vcp.ko
get_wake_sync	scheduler	vendor_dlkm/lib/modules/scheduler.ko
get_wifi_powered_status	wmt_chrdev_wifi_connac2	vendor_dlkm/lib/modules/wmt_chrdev_wifi_connac2.ko
get_wifi_process_status	wmt_chrdev_wifi_connac2	vendor_dlkm/lib/modules/wmt_chrdev_wifi_connac2.ko
get_wifi_standalone_log_mode	wmt_chrdev_wifi_connac2	vendor_dlkm/lib/modules/wmt_chrdev_wifi_connac2.ko
get_wiphy_regdom	cfg80211	vendor_dlkm/lib/modules/cfg80211.ko
get_wl_type_manual	cpufreq_sugov_ext	vendor_dlkm/lib/modules/cpufreq_sugov_ext.ko
get_xpu_ip_num	mtk_swpm	vendor_dlkm/lib/modules/mtk-swpm.ko
get_xpu_ip_stats	mtk_swpm	vendor_dlkm/lib/modules/mtk-swpm.ko
gpueb_clr_mbox1_irq	gpueb	vendor_dlkm/lib/modules/gpueb.ko
gpueb_dump_status	gpueb	vendor_dlkm/lib/modules/gpueb.ko
gpueb_get_gpr_addr	gpueb	vendor_dlkm/lib/modules/gpueb.ko
gpueb_get_mbox1_irq	gpueb	vendor_dlkm/lib/modules/gpueb.ko
gpueb_get_recv_PIN_ID_by_name	gpueb	vendor_dlkm/lib/modules/gpueb.ko
gpueb_get_recv_PIN_ID_by_name_symbol	met	vendor_dlkm/lib/modules/met.ko
gpueb_get_reserve_mem_phys_by_name	gpueb	vendor_dlkm/lib/modules/gpueb.ko
gpueb_get_reserve_mem_phys	gpueb	vendor_dlkm/lib/modules/gpueb.ko
gpueb_get_reserve_mem_phys_symbol	met	vendor_dlkm/lib/modules/met.ko
gpueb_get_reserve_mem_size_by_name	gpueb	vendor_dlkm/lib/modules/gpueb.ko
gpueb_get_reserve_mem_size	gpueb	vendor_dlkm/lib/modules/gpueb.ko
gpueb_get_reserve_mem_size_symbol	met	vendor_dlkm/lib/modules/met.ko
gpueb_get_reserve_mem_virt_by_name	gpueb	vendor_dlkm/lib/modules/gpueb.ko
gpueb_get_reserve_mem_virt	gpueb	vendor_dlkm/lib/modules/gpueb.ko
gpueb_get_reserve_mem_virt_symbol	met	vendor_dlkm/lib/modules/met.ko
gpueb_get_send_PIN_ID_by_name	gpueb	vendor_dlkm/lib/modules/gpueb.ko
gpueb_get_send_PIN_ID_by_name_symbol	met	vendor_dlkm/lib/modules/met.ko
gpueb_trigger_wdt	gpueb	vendor_dlkm/lib/modules/gpueb.ko
gpufreq_active_sleep_control	mtk_gpufreq_wrapper	vendor_dlkm/lib/modules/mtk_gpufreq_wrapper.ko
gpufreq_active_sleep_ctrl_enable	mtk_gpufreq_wrapper	vendor_dlkm/lib/modules/mtk_gpufreq_wrapper.ko
gpufreq_bringup	mtk_gpufreq_wrapper	vendor_dlkm/lib/modules/mtk_gpufreq_wrapper.ko
gpufreq_commit	mtk_gpufreq_wrapper	vendor_dlkm/lib/modules/mtk_gpufreq_wrapper.ko
gpufreq_dual_commit	mtk_gpufreq_wrapper	vendor_dlkm/lib/modules/mtk_gpufreq_wrapper.ko
gpufreq_dump_infra_status_logbuffer	mtk_gpufreq_wrapper	vendor_dlkm/lib/modules/mtk_gpufreq_wrapper.ko
gpufreq_dump_infra_status	mtk_gpufreq_wrapper	vendor_dlkm/lib/modules/mtk_gpufreq_wrapper.ko
gpufreq_fake_mtcmos_control	mtk_gpufreq_wrapper	vendor_dlkm/lib/modules/mtk_gpufreq_wrapper.ko
gpufreq_get_core_mask_table	mtk_gpufreq_wrapper	vendor_dlkm/lib/modules/mtk_gpufreq_wrapper.ko
gpufreq_get_core_num	mtk_gpufreq_wrapper	vendor_dlkm/lib/modules/mtk_gpufreq_wrapper.ko
gpufreq_get_cur_freq	mtk_gpufreq_wrapper	vendor_dlkm/lib/modules/mtk_gpufreq_wrapper.ko
gpufreq_get_cur_limiter	mtk_gpufreq_wrapper	vendor_dlkm/lib/modules/mtk_gpufreq_wrapper.ko
gpufreq_get_cur_limit_idx	mtk_gpufreq_wrapper	vendor_dlkm/lib/modules/mtk_gpufreq_wrapper.ko
gpufreq_get_cur_oppidx	mtk_gpufreq_wrapper	vendor_dlkm/lib/modules/mtk_gpufreq_wrapper.ko
gpufreq_get_cur_power	mtk_gpufreq_wrapper	vendor_dlkm/lib/modules/mtk_gpufreq_wrapper.ko
gpufreq_get_cur_temperature	mtk_gpufreq_wrapper	vendor_dlkm/lib/modules/mtk_gpufreq_wrapper.ko
gpufreq_get_cur_volt	mtk_gpufreq_wrapper	vendor_dlkm/lib/modules/mtk_gpufreq_wrapper.ko
gpufreq_get_cur_vsram	mtk_gpufreq_wrapper	vendor_dlkm/lib/modules/mtk_gpufreq_wrapper.ko
gpufreq_get_dvfs_state	mtk_gpufreq_wrapper	vendor_dlkm/lib/modules/mtk_gpufreq_wrapper.ko
gpufreq_get_dynamic_power	mtk_gpufreq_wrapper	vendor_dlkm/lib/modules/mtk_gpufreq_wrapper.ko
gpufreq_get_freq_by_idx	mtk_gpufreq_wrapper	vendor_dlkm/lib/modules/mtk_gpufreq_wrapper.ko
gpufreq_get_leakage_power	mtk_gpufreq_wrapper	vendor_dlkm/lib/modules/mtk_gpufreq_wrapper.ko
gpufreq_get_max_power	mtk_gpufreq_wrapper	vendor_dlkm/lib/modules/mtk_gpufreq_wrapper.ko
gpufreq_get_min_power	mtk_gpufreq_wrapper	vendor_dlkm/lib/modules/mtk_gpufreq_wrapper.ko
gpufreq_get_oppidx_by_freq	mtk_gpufreq_wrapper	vendor_dlkm/lib/modules/mtk_gpufreq_wrapper.ko
gpufreq_get_opp_num	mtk_gpufreq_wrapper	vendor_dlkm/lib/modules/mtk_gpufreq_wrapper.ko
gpufreq_get_power_by_idx	mtk_gpufreq_wrapper	vendor_dlkm/lib/modules/mtk_gpufreq_wrapper.ko
gpufreq_get_power_state	mtk_gpufreq_wrapper	vendor_dlkm/lib/modules/mtk_gpufreq_wrapper.ko
gpufreq_get_segment_id	mtk_gpufreq_wrapper	vendor_dlkm/lib/modules/mtk_gpufreq_wrapper.ko
gpufreq_get_shader_present	mtk_gpufreq_wrapper	vendor_dlkm/lib/modules/mtk_gpufreq_wrapper.ko
gpufreq_get_working_table	mtk_gpufreq_wrapper	vendor_dlkm/lib/modules/mtk_gpufreq_wrapper.ko
gpufreq_hardstop_dump_slog	mtk_gpufreq_wrapper	vendor_dlkm/lib/modules/mtk_gpufreq_wrapper.ko
gpufreq_pdca_config	mtk_gpufreq_wrapper	vendor_dlkm/lib/modules/mtk_gpufreq_wrapper.ko
gpufreq_pdca_polling_ack	mtk_gpufreq_wrapper	vendor_dlkm/lib/modules/mtk_gpufreq_wrapper.ko
gpufreq_power_control	mtk_gpufreq_wrapper	vendor_dlkm/lib/modules/mtk_gpufreq_wrapper.ko
gpufreq_power_ctrl_enable	mtk_gpufreq_wrapper	vendor_dlkm/lib/modules/mtk_gpufreq_wrapper.ko
gpufreq_register_gpufreq_fp	mtk_gpufreq_wrapper	vendor_dlkm/lib/modules/mtk_gpufreq_wrapper.ko
gpufreq_register_gpuppm_fp	mtk_gpufreq_wrapper	vendor_dlkm/lib/modules/mtk_gpufreq_wrapper.ko
gpufreq_set_limit	mtk_gpufreq_wrapper	vendor_dlkm/lib/modules/mtk_gpufreq_wrapper.ko
gpufreq_set_mfgsys_config	mtk_gpufreq_wrapper	vendor_dlkm/lib/modules/mtk_gpufreq_wrapper.ko
group_get_mode	scheduler	vendor_dlkm/lib/modules/scheduler.ko
group_get_threshold	scheduler	vendor_dlkm/lib/modules/scheduler.ko
group_get_threshold_util	scheduler	vendor_dlkm/lib/modules/scheduler.ko
group_reset_threshold	scheduler	vendor_dlkm/lib/modules/scheduler.ko
group_set_mode	scheduler	vendor_dlkm/lib/modules/scheduler.ko
group_set_threshold	scheduler	vendor_dlkm/lib/modules/scheduler.ko
grp_awr_update_cpu_tar_util_hook	scheduler	vendor_dlkm/lib/modules/scheduler.ko
grp_awr_update_group_util_hook	scheduler	vendor_dlkm/lib/modules/scheduler.ko
grp_cal_rat	scheduler	vendor_dlkm/lib/modules/scheduler.ko
grp_cal_tra	scheduler	vendor_dlkm/lib/modules/scheduler.ko
h4_recv_buf	hci_uart	system_dlkm/lib/modules/hci_uart.ko
hci_alloc_dev_priv	bluetooth	system_dlkm/lib/modules/bluetooth.ko
hci_alloc_dev_priv	bluetooth	vendor_dlkm/lib/modules/bluetooth.ko
__hci_cmd_send	bluetooth	system_dlkm/lib/modules/bluetooth.ko
__hci_cmd_send	bluetooth	vendor_dlkm/lib/modules/bluetooth.ko
__hci_cmd_sync	bluetooth	system_dlkm/lib/modules/bluetooth.ko
hci_cmd_sync	bluetooth	system_dlkm/lib/modules/bluetooth.ko
__hci_cmd_sync	bluetooth	vendor_dlkm/lib/modules/bluetooth.ko
hci_cmd_sync	bluetooth	vendor_dlkm/lib/modules/bluetooth.ko
hci_cmd_sync_cancel	bluetooth	system_dlkm/lib/modules/bluetooth.ko
hci_cmd_sync_cancel	bluetooth	vendor_dlkm/lib/modules/bluetooth.ko
__hci_cmd_sync_ev	bluetooth	system_dlkm/lib/modules/bluetooth.ko
__hci_cmd_sync_ev	bluetooth	vendor_dlkm/lib/modules/bluetooth.ko
hci_cmd_sync_queue	bluetooth	system_dlkm/lib/modules/bluetooth.ko
hci_cmd_sync_queue	bluetooth	vendor_dlkm/lib/modules/bluetooth.ko
__hci_cmd_sync_sk	bluetooth	system_dlkm/lib/modules/bluetooth.ko
__hci_cmd_sync_sk	bluetooth	vendor_dlkm/lib/modules/bluetooth.ko
__hci_cmd_sync_status	bluetooth	system_dlkm/lib/modules/bluetooth.ko
hci_cmd_sync_status	bluetooth	system_dlkm/lib/modules/bluetooth.ko
__hci_cmd_sync_status	bluetooth	vendor_dlkm/lib/modules/bluetooth.ko
hci_cmd_sync_status	bluetooth	vendor_dlkm/lib/modules/bluetooth.ko
__hci_cmd_sync_status_sk	bluetooth	system_dlkm/lib/modules/bluetooth.ko
__hci_cmd_sync_status_sk	bluetooth	vendor_dlkm/lib/modules/bluetooth.ko
hci_cmd_sync_submit	bluetooth	system_dlkm/lib/modules/bluetooth.ko
hci_cmd_sync_submit	bluetooth	vendor_dlkm/lib/modules/bluetooth.ko
hci_conn_check_secure	bluetooth	system_dlkm/lib/modules/bluetooth.ko
hci_conn_check_secure	bluetooth	vendor_dlkm/lib/modules/bluetooth.ko
hci_conn_security	bluetooth	system_dlkm/lib/modules/bluetooth.ko
hci_conn_security	bluetooth	vendor_dlkm/lib/modules/bluetooth.ko
hci_conn_switch_role	bluetooth	system_dlkm/lib/modules/bluetooth.ko
hci_conn_switch_role	bluetooth	vendor_dlkm/lib/modules/bluetooth.ko
hci_free_dev	bluetooth	system_dlkm/lib/modules/bluetooth.ko
hci_free_dev	bluetooth	vendor_dlkm/lib/modules/bluetooth.ko
hci_get_route	bluetooth	system_dlkm/lib/modules/bluetooth.ko
hci_get_route	bluetooth	vendor_dlkm/lib/modules/bluetooth.ko
hci_mgmt_chan_register	bluetooth	system_dlkm/lib/modules/bluetooth.ko
hci_mgmt_chan_register	bluetooth	vendor_dlkm/lib/modules/bluetooth.ko
hci_mgmt_chan_unregister	bluetooth	system_dlkm/lib/modules/bluetooth.ko
hci_mgmt_chan_unregister	bluetooth	vendor_dlkm/lib/modules/bluetooth.ko
hci_recv_diag	bluetooth	system_dlkm/lib/modules/bluetooth.ko
hci_recv_diag	bluetooth	vendor_dlkm/lib/modules/bluetooth.ko
hci_recv_frame	bluetooth	system_dlkm/lib/modules/bluetooth.ko
hci_recv_frame	bluetooth	vendor_dlkm/lib/modules/bluetooth.ko
hci_register_cb	bluetooth	system_dlkm/lib/modules/bluetooth.ko
hci_register_cb	bluetooth	vendor_dlkm/lib/modules/bluetooth.ko
hci_register_dev	bluetooth	system_dlkm/lib/modules/bluetooth.ko
hci_register_dev	bluetooth	vendor_dlkm/lib/modules/bluetooth.ko
hci_release_dev	bluetooth	system_dlkm/lib/modules/bluetooth.ko
hci_release_dev	bluetooth	vendor_dlkm/lib/modules/bluetooth.ko
hci_reset_dev	bluetooth	system_dlkm/lib/modules/bluetooth.ko
hci_reset_dev	bluetooth	vendor_dlkm/lib/modules/bluetooth.ko
hci_resume_dev	bluetooth	system_dlkm/lib/modules/bluetooth.ko
hci_resume_dev	bluetooth	vendor_dlkm/lib/modules/bluetooth.ko
hci_set_fw_info	bluetooth	system_dlkm/lib/modules/bluetooth.ko
hci_set_fw_info	bluetooth	vendor_dlkm/lib/modules/bluetooth.ko
hci_set_hw_info	bluetooth	system_dlkm/lib/modules/bluetooth.ko
hci_set_hw_info	bluetooth	vendor_dlkm/lib/modules/bluetooth.ko
hci_suspend_dev	bluetooth	system_dlkm/lib/modules/bluetooth.ko
hci_suspend_dev	bluetooth	vendor_dlkm/lib/modules/bluetooth.ko
hci_uart_register_device	hci_uart	system_dlkm/lib/modules/hci_uart.ko
hci_uart_tx_wakeup	hci_uart	system_dlkm/lib/modules/hci_uart.ko
hci_uart_unregister_device	hci_uart	system_dlkm/lib/modules/hci_uart.ko
hci_unregister_cb	bluetooth	system_dlkm/lib/modules/bluetooth.ko
hci_unregister_cb	bluetooth	vendor_dlkm/lib/modules/bluetooth.ko
hci_unregister_dev	bluetooth	system_dlkm/lib/modules/bluetooth.ko
hci_unregister_dev	bluetooth	vendor_dlkm/lib/modules/bluetooth.ko
header_str	met	vendor_dlkm/lib/modules/met.ko
hf_client_control_sensor	hf_manager	vendor_dlkm/lib/modules/hf_manager.ko
hf_client_create	hf_manager	vendor_dlkm/lib/modules/hf_manager.ko
hf_client_custom_cmd	hf_manager	vendor_dlkm/lib/modules/hf_manager.ko
hf_client_destroy	hf_manager	vendor_dlkm/lib/modules/hf_manager.ko
hf_client_find_sensor	hf_manager	vendor_dlkm/lib/modules/hf_manager.ko
hf_client_get_sensor_info	hf_manager	vendor_dlkm/lib/modules/hf_manager.ko
hf_client_poll_sensor_timeout	hf_manager	vendor_dlkm/lib/modules/hf_manager.ko
hf_client_request_sensor_cali	hf_manager	vendor_dlkm/lib/modules/hf_manager.ko
hf_device_register	hf_manager	vendor_dlkm/lib/modules/hf_manager.ko
hf_device_register_manager_create	hf_manager	vendor_dlkm/lib/modules/hf_manager.ko
hf_device_unregister	hf_manager	vendor_dlkm/lib/modules/hf_manager.ko
hf_device_unregister_manager_destroy	hf_manager	vendor_dlkm/lib/modules/hf_manager.ko
hf_manager_create	hf_manager	vendor_dlkm/lib/modules/hf_manager.ko
hf_manager_destroy	hf_manager	vendor_dlkm/lib/modules/hf_manager.ko
hidp_hid_driver	hidp	system_dlkm/lib/modules/hidp.ko
hook_has_video_cb	snd_soc_audiodsp_common	vendor_dlkm/lib/modules/snd-soc-audiodsp-common.ko
hook_scp_ipi_queue_recv_msg_handler	mtk_scp_audiocommon	vendor_dlkm/lib/modules/mtk-scp-audiocommon.ko
hook_vp_sync_cb	snd_soc_audiodsp_common	vendor_dlkm/lib/modules/snd-soc-audiodsp-common.ko
hw_logger_config_init	apusys	vendor_dlkm/lib/modules/apusys.ko
ieee80211_alloc_hw_nm	mac80211	vendor_dlkm/lib/modules/mac80211.ko
ieee80211_amsdu_to_8023s	cfg80211	vendor_dlkm/lib/modules/cfg80211.ko
ieee80211_ap_probereq_get	mac80211	vendor_dlkm/lib/modules/mac80211.ko
ieee80211_ave_rssi	mac80211	vendor_dlkm/lib/modules/mac80211.ko
ieee80211_beacon_cntdwn_is_complete	mac80211	vendor_dlkm/lib/modules/mac80211.ko
ieee80211_beacon_get_template	mac80211	vendor_dlkm/lib/modules/mac80211.ko
ieee80211_beacon_get_tim	mac80211	vendor_dlkm/lib/modules/mac80211.ko
ieee80211_beacon_loss	mac80211	vendor_dlkm/lib/modules/mac80211.ko
ieee80211_beacon_set_cntdwn	mac80211	vendor_dlkm/lib/modules/mac80211.ko
ieee80211_beacon_update_cntdwn	mac80211	vendor_dlkm/lib/modules/mac80211.ko
ieee80211_bss_get_elem	cfg80211	vendor_dlkm/lib/modules/cfg80211.ko
ieee80211_calc_rx_airtime	mac80211	vendor_dlkm/lib/modules/mac80211.ko
ieee80211_calc_tx_airtime	mac80211	vendor_dlkm/lib/modules/mac80211.ko
ieee80211_chandef_to_operating_class	cfg80211	vendor_dlkm/lib/modules/cfg80211.ko
ieee80211_channel_switch_disconnect	mac80211	vendor_dlkm/lib/modules/mac80211.ko
ieee80211_channel_to_freq_khz	cfg80211	vendor_dlkm/lib/modules/cfg80211.ko
ieee80211_chswitch_done	mac80211	vendor_dlkm/lib/modules/mac80211.ko
ieee80211_color_change_finish	mac80211	vendor_dlkm/lib/modules/mac80211.ko
ieee80211_connection_loss	mac80211	vendor_dlkm/lib/modules/mac80211.ko
ieee80211_cqm_beacon_loss_notify	mac80211	vendor_dlkm/lib/modules/mac80211.ko
ieee80211_cqm_rssi_notify	mac80211	vendor_dlkm/lib/modules/mac80211.ko
ieee80211_csa_finish	mac80211	vendor_dlkm/lib/modules/mac80211.ko
ieee80211_ctstoself_duration	mac80211	vendor_dlkm/lib/modules/mac80211.ko
ieee80211_ctstoself_get	mac80211	vendor_dlkm/lib/modules/mac80211.ko
ieee80211_data_to_8023_exthdr	cfg80211	vendor_dlkm/lib/modules/cfg80211.ko
ieee80211_disable_rssi_reports	mac80211	vendor_dlkm/lib/modules/mac80211.ko
ieee80211_disconnect	mac80211	vendor_dlkm/lib/modules/mac80211.ko
ieee80211_enable_rssi_reports	mac80211	vendor_dlkm/lib/modules/mac80211.ko
ieee80211_find_sta_by_ifaddr	mac80211	vendor_dlkm/lib/modules/mac80211.ko
ieee80211_find_sta_by_link_addrs	mac80211	vendor_dlkm/lib/modules/mac80211.ko
ieee80211_find_sta	mac80211	vendor_dlkm/lib/modules/mac80211.ko
ieee80211_free_hw	mac80211	vendor_dlkm/lib/modules/mac80211.ko
ieee80211_free_txskb	mac80211	vendor_dlkm/lib/modules/mac80211.ko
ieee80211_freq_khz_to_channel	cfg80211	vendor_dlkm/lib/modules/cfg80211.ko
ieee80211_generic_frame_duration	mac80211	vendor_dlkm/lib/modules/mac80211.ko
ieee80211_get_8023_tunnel_proto	cfg80211	vendor_dlkm/lib/modules/cfg80211.ko
ieee80211_get_bssid	mac80211	vendor_dlkm/lib/modules/mac80211.ko
ieee80211_get_buffered_bc	mac80211	vendor_dlkm/lib/modules/mac80211.ko
ieee80211_get_channel_khz	cfg80211	vendor_dlkm/lib/modules/cfg80211.ko
ieee80211_get_fils_discovery_tmpl	mac80211	vendor_dlkm/lib/modules/mac80211.ko
ieee80211_get_hdrlen_from_skb	cfg80211	vendor_dlkm/lib/modules/cfg80211.ko
ieee80211_get_key_rx_seq	mac80211	vendor_dlkm/lib/modules/mac80211.ko
ieee80211_get_mesh_hdrlen	cfg80211	vendor_dlkm/lib/modules/cfg80211.ko
ieee80211_get_num_supported_channels	cfg80211	vendor_dlkm/lib/modules/cfg80211.ko
ieee80211_get_response_rate	cfg80211	vendor_dlkm/lib/modules/cfg80211.ko
ieee80211_get_tkip_p1k_iv	mac80211	vendor_dlkm/lib/modules/mac80211.ko
ieee80211_get_tkip_p2k	mac80211	vendor_dlkm/lib/modules/mac80211.ko
ieee80211_get_tkip_rx_p1k	mac80211	vendor_dlkm/lib/modules/mac80211.ko
ieee80211_get_tx_rates	mac80211	vendor_dlkm/lib/modules/mac80211.ko
ieee80211_get_unsol_bcast_probe_resp_tmpl	mac80211	vendor_dlkm/lib/modules/mac80211.ko
ieee80211_get_vht_max_nss	cfg80211	vendor_dlkm/lib/modules/cfg80211.ko
ieee80211_gtk_rekey_add	mac80211	vendor_dlkm/lib/modules/mac80211.ko
ieee80211_gtk_rekey_notify	mac80211	vendor_dlkm/lib/modules/mac80211.ko
ieee80211_hdrlen	cfg80211	vendor_dlkm/lib/modules/cfg80211.ko
ieee80211_hw_restart_disconnect	mac80211	vendor_dlkm/lib/modules/mac80211.ko
ieee80211_ie_split_ric	cfg80211	vendor_dlkm/lib/modules/cfg80211.ko
ieee80211_is_valid_amsdu	cfg80211	vendor_dlkm/lib/modules/cfg80211.ko
ieee80211_iterate_active_interfaces_atomic	mac80211	vendor_dlkm/lib/modules/mac80211.ko
ieee80211_iterate_active_interfaces_mtx	mac80211	vendor_dlkm/lib/modules/mac80211.ko
ieee80211_iterate_interfaces	mac80211	vendor_dlkm/lib/modules/mac80211.ko
ieee80211_iterate_stations_atomic	mac80211	vendor_dlkm/lib/modules/mac80211.ko
ieee80211_iterate_stations	mac80211	vendor_dlkm/lib/modules/mac80211.ko
ieee80211_iter_chan_contexts_atomic	mac80211	vendor_dlkm/lib/modules/mac80211.ko
ieee80211_iter_keys	mac80211	vendor_dlkm/lib/modules/mac80211.ko
ieee80211_iter_keys_rcu	mac80211	vendor_dlkm/lib/modules/mac80211.ko
ieee80211_key_mic_failure	mac80211	vendor_dlkm/lib/modules/mac80211.ko
ieee80211_key_replay	mac80211	vendor_dlkm/lib/modules/mac80211.ko
ieee80211_manage_rx_ba_offl	mac80211	vendor_dlkm/lib/modules/mac80211.ko
ieee80211_mandatory_rates	cfg80211	vendor_dlkm/lib/modules/cfg80211.ko
ieee80211_mark_rx_ba_filtered_frames	mac80211	vendor_dlkm/lib/modules/mac80211.ko
ieee80211_nan_func_match	mac80211	vendor_dlkm/lib/modules/mac80211.ko
ieee80211_nan_func_terminated	mac80211	vendor_dlkm/lib/modules/mac80211.ko
ieee80211_next_txq	mac80211	vendor_dlkm/lib/modules/mac80211.ko
ieee80211_nullfunc_get	mac80211	vendor_dlkm/lib/modules/mac80211.ko
ieee80211_operating_class_to_band	cfg80211	vendor_dlkm/lib/modules/cfg80211.ko
ieee80211_parse_p2p_noa	mac80211	vendor_dlkm/lib/modules/mac80211.ko
ieee80211_probereq_get	mac80211	vendor_dlkm/lib/modules/mac80211.ko
ieee80211_proberesp_get	mac80211	vendor_dlkm/lib/modules/mac80211.ko
ieee80211_pspoll_get	mac80211	vendor_dlkm/lib/modules/mac80211.ko
ieee80211_queue_delayed_work	mac80211	vendor_dlkm/lib/modules/mac80211.ko
ieee80211_queue_stopped	mac80211	vendor_dlkm/lib/modules/mac80211.ko
ieee80211_queue_work	mac80211	vendor_dlkm/lib/modules/mac80211.ko
ieee80211_radar_detected	mac80211	vendor_dlkm/lib/modules/mac80211.ko
ieee80211_radiotap_iterator_init	cfg80211	vendor_dlkm/lib/modules/cfg80211.ko
ieee80211_radiotap_iterator_next	cfg80211	vendor_dlkm/lib/modules/cfg80211.ko
ieee80211_rate_control_register	mac80211	vendor_dlkm/lib/modules/mac80211.ko
ieee80211_rate_control_unregister	mac80211	vendor_dlkm/lib/modules/mac80211.ko
ieee80211_ready_on_channel	mac80211	vendor_dlkm/lib/modules/mac80211.ko
ieee80211_register_hw	mac80211	vendor_dlkm/lib/modules/mac80211.ko
ieee80211_remain_on_channel_expired	mac80211	vendor_dlkm/lib/modules/mac80211.ko
ieee80211_remove_key	mac80211	vendor_dlkm/lib/modules/mac80211.ko
ieee80211_report_low_ack	mac80211	vendor_dlkm/lib/modules/mac80211.ko
ieee80211_report_wowlan_wakeup	mac80211	vendor_dlkm/lib/modules/mac80211.ko
ieee80211_request_smps	mac80211	vendor_dlkm/lib/modules/mac80211.ko
ieee80211_reserve_tid	mac80211	vendor_dlkm/lib/modules/mac80211.ko
ieee80211_restart_hw	mac80211	vendor_dlkm/lib/modules/mac80211.ko
ieee80211_resume_disconnect	mac80211	vendor_dlkm/lib/modules/mac80211.ko
ieee80211_rts_duration	mac80211	vendor_dlkm/lib/modules/mac80211.ko
ieee80211_rts_get	mac80211	vendor_dlkm/lib/modules/mac80211.ko
ieee80211_rx_ba_timer_expired	mac80211	vendor_dlkm/lib/modules/mac80211.ko
ieee80211_rx_irqsafe	mac80211	vendor_dlkm/lib/modules/mac80211.ko
ieee80211_rx_list	mac80211	vendor_dlkm/lib/modules/mac80211.ko
ieee80211_rx_napi	mac80211	vendor_dlkm/lib/modules/mac80211.ko
ieee80211_s1g_channel_width	cfg80211	vendor_dlkm/lib/modules/cfg80211.ko
ieee80211_scan_completed	mac80211	vendor_dlkm/lib/modules/mac80211.ko
ieee80211_sched_scan_results	mac80211	vendor_dlkm/lib/modules/mac80211.ko
ieee80211_sched_scan_stopped	mac80211	vendor_dlkm/lib/modules/mac80211.ko
__ieee80211_schedule_txq	mac80211	vendor_dlkm/lib/modules/mac80211.ko
ieee80211_send_bar	mac80211	vendor_dlkm/lib/modules/mac80211.ko
ieee80211_send_eosp_nullfunc	mac80211	vendor_dlkm/lib/modules/mac80211.ko
ieee80211_set_active_links_async	mac80211	vendor_dlkm/lib/modules/mac80211.ko
ieee80211_set_active_links	mac80211	vendor_dlkm/lib/modules/mac80211.ko
ieee80211_set_key_rx_seq	mac80211	vendor_dlkm/lib/modules/mac80211.ko
ieee80211_sta_block_awake	mac80211	vendor_dlkm/lib/modules/mac80211.ko
ieee80211_sta_eosp	mac80211	vendor_dlkm/lib/modules/mac80211.ko
ieee80211_sta_pspoll	mac80211	vendor_dlkm/lib/modules/mac80211.ko
ieee80211_sta_ps_transition	mac80211	vendor_dlkm/lib/modules/mac80211.ko
ieee80211_sta_recalc_aggregates	mac80211	vendor_dlkm/lib/modules/mac80211.ko
ieee80211_sta_register_airtime	mac80211	vendor_dlkm/lib/modules/mac80211.ko
ieee80211_start_tx_ba_cb_irqsafe	mac80211	vendor_dlkm/lib/modules/mac80211.ko
ieee80211_start_tx_ba_session	mac80211	vendor_dlkm/lib/modules/mac80211.ko
ieee80211_sta_set_buffered	mac80211	vendor_dlkm/lib/modules/mac80211.ko
ieee80211_sta_uapsd_trigger	mac80211	vendor_dlkm/lib/modules/mac80211.ko
ieee80211_stop_queue	mac80211	vendor_dlkm/lib/modules/mac80211.ko
ieee80211_stop_queues	mac80211	vendor_dlkm/lib/modules/mac80211.ko
ieee80211_stop_rx_ba_session	mac80211	vendor_dlkm/lib/modules/mac80211.ko
ieee80211_stop_tx_ba_cb_irqsafe	mac80211	vendor_dlkm/lib/modules/mac80211.ko
ieee80211_stop_tx_ba_session	mac80211	vendor_dlkm/lib/modules/mac80211.ko
ieee80211_strip_8023_mesh_hdr	cfg80211	vendor_dlkm/lib/modules/cfg80211.ko
ieee80211_tdls_oper_request	mac80211	vendor_dlkm/lib/modules/mac80211.ko
ieee80211_tkip_add_iv	mac80211	vendor_dlkm/lib/modules/mac80211.ko
ieee80211_tx_dequeue	mac80211	vendor_dlkm/lib/modules/mac80211.ko
ieee80211_tx_prepare_skb	mac80211	vendor_dlkm/lib/modules/mac80211.ko
ieee80211_txq_airtime_check	mac80211	vendor_dlkm/lib/modules/mac80211.ko
ieee80211_txq_get_depth	mac80211	vendor_dlkm/lib/modules/mac80211.ko
ieee80211_txq_may_transmit	mac80211	vendor_dlkm/lib/modules/mac80211.ko
ieee80211_txq_schedule_start	mac80211	vendor_dlkm/lib/modules/mac80211.ko
ieee80211_tx_rate_update	mac80211	vendor_dlkm/lib/modules/mac80211.ko
ieee80211_tx_status_8023	mac80211	vendor_dlkm/lib/modules/mac80211.ko
ieee80211_tx_status_ext	mac80211	vendor_dlkm/lib/modules/mac80211.ko
ieee80211_tx_status_irqsafe	mac80211	vendor_dlkm/lib/modules/mac80211.ko
ieee80211_tx_status	mac80211	vendor_dlkm/lib/modules/mac80211.ko
ieee80211_unregister_hw	mac80211	vendor_dlkm/lib/modules/mac80211.ko
ieee80211_unreserve_tid	mac80211	vendor_dlkm/lib/modules/mac80211.ko
ieee80211_update_mu_groups	mac80211	vendor_dlkm/lib/modules/mac80211.ko
ieee80211_update_p2p_noa	mac80211	vendor_dlkm/lib/modules/mac80211.ko
ieee80211_vif_to_wdev	mac80211	vendor_dlkm/lib/modules/mac80211.ko
ieee80211_wake_queue	mac80211	vendor_dlkm/lib/modules/mac80211.ko
ieee80211_wake_queues	mac80211	vendor_dlkm/lib/modules/mac80211.ko
ieee802154_alloc_hw	mac802154	system_dlkm/lib/modules/mac802154.ko
ieee802154_configure_durations	mac802154	system_dlkm/lib/modules/mac802154.ko
ieee802154_free_hw	mac802154	system_dlkm/lib/modules/mac802154.ko
ieee802154_hdr_peek_addrs	ieee802154	system_dlkm/lib/modules/ieee802154.ko
ieee802154_hdr_peek	ieee802154	system_dlkm/lib/modules/ieee802154.ko
ieee802154_hdr_pull	ieee802154	system_dlkm/lib/modules/ieee802154.ko
ieee802154_hdr_push	ieee802154	system_dlkm/lib/modules/ieee802154.ko
ieee802154_max_payload	ieee802154	system_dlkm/lib/modules/ieee802154.ko
ieee802154_register_hw	mac802154	system_dlkm/lib/modules/mac802154.ko
ieee802154_rx_irqsafe	mac802154	system_dlkm/lib/modules/mac802154.ko
ieee802154_stop_queue	mac802154	system_dlkm/lib/modules/mac802154.ko
ieee802154_unregister_hw	mac802154	system_dlkm/lib/modules/mac802154.ko
ieee802154_wake_queue	mac802154	system_dlkm/lib/modules/mac802154.ko
ieee802154_xmit_complete	mac802154	system_dlkm/lib/modules/mac802154.ko
ieee802154_xmit_error	mac802154	system_dlkm/lib/modules/mac802154.ko
ieee802154_xmit_hw_error	mac802154	system_dlkm/lib/modules/mac802154.ko
ieeee80211_obss_color_collision_notify	mac80211	vendor_dlkm/lib/modules/mac80211.ko
imgsys_cmdq_clearevent	mtk_imgsys_cmdq	vendor_dlkm/lib/modules/mtk_imgsys_cmdq.ko
imgsys_cmdq_init	mtk_imgsys_cmdq	vendor_dlkm/lib/modules/mtk_imgsys_cmdq.ko
imgsys_cmdq_release	mtk_imgsys_cmdq	vendor_dlkm/lib/modules/mtk_imgsys_cmdq.ko
imgsys_cmdq_sendtask	mtk_imgsys_cmdq	vendor_dlkm/lib/modules/mtk_imgsys_cmdq.ko
imgsys_cmdq_streamoff	mtk_imgsys_cmdq	vendor_dlkm/lib/modules/mtk_imgsys_cmdq.ko
imgsys_cmdq_streamon	mtk_imgsys_cmdq	vendor_dlkm/lib/modules/mtk_imgsys_cmdq.ko
imgsys_quick_onoff_enable	mtk_imgsys_cmdq	vendor_dlkm/lib/modules/mtk_imgsys_cmdq.ko
init_md_section_level	mtk_mdpm	vendor_dlkm/lib/modules/mtk_mdpm.ko
init_sbb_cpu_data	cpufreq_sugov_ext	vendor_dlkm/lib/modules/cpufreq_sugov_ext.ko
inject_md_status_event	ccci_util_lib	vendor_dlkm/lib/modules/ccci_util_lib.ko
inject_pin_status_event	ccci_util_lib	vendor_dlkm/lib/modules/ccci_util_lib.ko
ipesys_me_debug_dump_local	mtk_ipesys_me	vendor_dlkm/lib/modules/mtk-ipesys-me.ko
ipesys_me_debug_dump	mtk_ipesys_me	vendor_dlkm/lib/modules/mtk-ipesys-me.ko
ipesys_me_set_initial_value	mtk_ipesys_me	vendor_dlkm/lib/modules/mtk-ipesys-me.ko
ipesys_me_uninit	mtk_ipesys_me	vendor_dlkm/lib/modules/mtk-ipesys-me.ko
ipi_monitor_dump	mtk_tinysys_ipi	vendor_dlkm/lib/modules/mtk_tinysys_ipi.ko
is_adsp_genpool_addr_valid	snd_soc_audiodsp_common	vendor_dlkm/lib/modules/snd-soc-audiodsp-common.ko
is_afe_need_triggered	snd_soc_mtk_common	vendor_dlkm/lib/modules/snd-soc-mtk-common.ko
is_audio_mbox_init_done	mtk_scp_audiocommon	vendor_dlkm/lib/modules/mtk-scp-audiocommon.ko
is_audio_scp_support	audio_ipi	vendor_dlkm/lib/modules/audio_ipi.ko
is_audio_task_dsp_ready	audio_ipi	vendor_dlkm/lib/modules/audio_ipi.ko
is_fstb_active	mtk_fpsgo	vendor_dlkm/lib/modules/mtk_fpsgo.ko
is_gearless_support	cpufreq_sugov_ext	vendor_dlkm/lib/modules/cpufreq_sugov_ext.ko
is_gpu_ged_log_enable	ged	vendor_dlkm/lib/modules/ged.ko
is_md_sleep_info_valid	mtk_lpm_dbg_common_v2	vendor_dlkm/lib/modules/mtk-lpm-dbg-common-v2.ko
is_mtk_sec_heap_dmabuf	mtk_sec_heap	vendor_dlkm/lib/modules/mtk_sec_heap.ko
isp71_allocate_working_buffer	mtk_hcp	vendor_dlkm/lib/modules/mtk_hcp.ko
isp71_get_dip_cq_fd	mtk_hcp	vendor_dlkm/lib/modules/mtk_hcp.ko
isp71_get_dip_tdr_fd	mtk_hcp	vendor_dlkm/lib/modules/mtk_hcp.ko
isp71_get_dip_virt	mtk_hcp	vendor_dlkm/lib/modules/mtk_hcp.ko
isp71_get_gce_virt	mtk_hcp	vendor_dlkm/lib/modules/mtk_hcp.ko
isp71_get_hwid_virt	mtk_hcp	vendor_dlkm/lib/modules/mtk_hcp.ko
isp71_get_pqdip_cq_fd	mtk_hcp	vendor_dlkm/lib/modules/mtk_hcp.ko
isp71_get_pqdip_tdr_fd	mtk_hcp	vendor_dlkm/lib/modules/mtk_hcp.ko
isp71_get_pqdip_virt	mtk_hcp	vendor_dlkm/lib/modules/mtk_hcp.ko
isp71_get_reserve_mem_dma	mtk_hcp	vendor_dlkm/lib/modules/mtk_hcp.ko
isp71_get_reserve_mem_fd	mtk_hcp	vendor_dlkm/lib/modules/mtk_hcp.ko
isp71_get_reserve_mem_phys	mtk_hcp	vendor_dlkm/lib/modules/mtk_hcp.ko
isp71_get_reserve_mem_size	mtk_hcp	vendor_dlkm/lib/modules/mtk_hcp.ko
isp71_get_reserve_mem_virt	mtk_hcp	vendor_dlkm/lib/modules/mtk_hcp.ko
isp71_get_traw_cq_fd	mtk_hcp	vendor_dlkm/lib/modules/mtk_hcp.ko
isp71_get_traw_tdr_fd	mtk_hcp	vendor_dlkm/lib/modules/mtk_hcp.ko
isp71_get_traw_virt	mtk_hcp	vendor_dlkm/lib/modules/mtk_hcp.ko
isp71_get_wpe_cq_fd	mtk_hcp	vendor_dlkm/lib/modules/mtk_hcp.ko
isp71_get_wpe_tdr_fd	mtk_hcp	vendor_dlkm/lib/modules/mtk_hcp.ko
isp71_get_wpe_virt	mtk_hcp	vendor_dlkm/lib/modules/mtk_hcp.ko
isp71_release_working_buffer	mtk_hcp	vendor_dlkm/lib/modules/mtk_hcp.ko
isp7s_allocate_working_buffer	mtk_hcp	vendor_dlkm/lib/modules/mtk_hcp.ko
isp7s_get_dip_cq_fd	mtk_hcp	vendor_dlkm/lib/modules/mtk_hcp.ko
isp7s_get_dip_tdr_fd	mtk_hcp	vendor_dlkm/lib/modules/mtk_hcp.ko
isp7s_get_dip_virt	mtk_hcp	vendor_dlkm/lib/modules/mtk_hcp.ko
isp7s_get_gce_token_virt	mtk_hcp	vendor_dlkm/lib/modules/mtk_hcp.ko
isp7s_get_gce_virt	mtk_hcp	vendor_dlkm/lib/modules/mtk_hcp.ko
isp7s_get_hwid_virt	mtk_hcp	vendor_dlkm/lib/modules/mtk_hcp.ko
isp7s_get_pqdip_cq_fd	mtk_hcp	vendor_dlkm/lib/modules/mtk_hcp.ko
isp7s_get_pqdip_tdr_fd	mtk_hcp	vendor_dlkm/lib/modules/mtk_hcp.ko
isp7s_get_pqdip_virt	mtk_hcp	vendor_dlkm/lib/modules/mtk_hcp.ko
isp7s_get_reserve_mem_dma	mtk_hcp	vendor_dlkm/lib/modules/mtk_hcp.ko
isp7s_get_reserve_mem_fd	mtk_hcp	vendor_dlkm/lib/modules/mtk_hcp.ko
isp7s_get_reserve_mem_phys	mtk_hcp	vendor_dlkm/lib/modules/mtk_hcp.ko
isp7s_get_reserve_mem_size	mtk_hcp	vendor_dlkm/lib/modules/mtk_hcp.ko
isp7s_get_reserve_mem_virt	mtk_hcp	vendor_dlkm/lib/modules/mtk_hcp.ko
isp7s_get_traw_cq_fd	mtk_hcp	vendor_dlkm/lib/modules/mtk_hcp.ko
isp7s_get_traw_tdr_fd	mtk_hcp	vendor_dlkm/lib/modules/mtk_hcp.ko
isp7s_get_traw_virt	mtk_hcp	vendor_dlkm/lib/modules/mtk_hcp.ko
isp7s_get_wpe_cq_fd	mtk_hcp	vendor_dlkm/lib/modules/mtk_hcp.ko
isp7s_get_wpe_tdr_fd	mtk_hcp	vendor_dlkm/lib/modules/mtk_hcp.ko
isp7s_get_wpe_virt	mtk_hcp	vendor_dlkm/lib/modules/mtk_hcp.ko
isp7sp_allocate_working_buffer	mtk_hcp	vendor_dlkm/lib/modules/mtk_hcp.ko
isp7sp_get_dip_cq_fd	mtk_hcp	vendor_dlkm/lib/modules/mtk_hcp.ko
isp7sp_get_dip_tdr_fd	mtk_hcp	vendor_dlkm/lib/modules/mtk_hcp.ko
isp7sp_get_dip_virt	mtk_hcp	vendor_dlkm/lib/modules/mtk_hcp.ko
isp7sp_get_gce_token_virt	mtk_hcp	vendor_dlkm/lib/modules/mtk_hcp.ko
isp7sp_get_gce_virt	mtk_hcp	vendor_dlkm/lib/modules/mtk_hcp.ko
isp7sp_get_hwid_virt	mtk_hcp	vendor_dlkm/lib/modules/mtk_hcp.ko
isp7sp_get_pqdip_cq_fd	mtk_hcp	vendor_dlkm/lib/modules/mtk_hcp.ko
isp7sp_get_pqdip_tdr_fd	mtk_hcp	vendor_dlkm/lib/modules/mtk_hcp.ko
isp7sp_get_pqdip_virt	mtk_hcp	vendor_dlkm/lib/modules/mtk_hcp.ko
isp7sp_get_reserve_mem_dma	mtk_hcp	vendor_dlkm/lib/modules/mtk_hcp.ko
isp7sp_get_reserve_mem_fd	mtk_hcp	vendor_dlkm/lib/modules/mtk_hcp.ko
isp7sp_get_reserve_mem_phys	mtk_hcp	vendor_dlkm/lib/modules/mtk_hcp.ko
isp7sp_get_reserve_mem_size	mtk_hcp	vendor_dlkm/lib/modules/mtk_hcp.ko
isp7sp_get_reserve_mem_virt	mtk_hcp	vendor_dlkm/lib/modules/mtk_hcp.ko
isp7sp_get_traw_cq_fd	mtk_hcp	vendor_dlkm/lib/modules/mtk_hcp.ko
isp7sp_get_traw_tdr_fd	mtk_hcp	vendor_dlkm/lib/modules/mtk_hcp.ko
isp7sp_get_traw_virt	mtk_hcp	vendor_dlkm/lib/modules/mtk_hcp.ko
isp7sp_get_wpe_cq_fd	mtk_hcp	vendor_dlkm/lib/modules/mtk_hcp.ko
isp7sp_get_wpe_tdr_fd	mtk_hcp	vendor_dlkm/lib/modules/mtk_hcp.ko
isp7sp_get_wpe_virt	mtk_hcp	vendor_dlkm/lib/modules/mtk_hcp.ko
isp7sp_release_gce_working_buffer	mtk_hcp	vendor_dlkm/lib/modules/mtk_hcp.ko
isp7sp_release_working_buffer	mtk_hcp	vendor_dlkm/lib/modules/mtk_hcp.ko
isp7s_release_gce_working_buffer	mtk_hcp	vendor_dlkm/lib/modules/mtk_hcp.ko
isp7s_release_working_buffer	mtk_hcp	vendor_dlkm/lib/modules/mtk_hcp.ko
is_sbb_trigger	cpufreq_sugov_ext	vendor_dlkm/lib/modules/cpufreq_sugov_ext.ko
is_scp_audio_ready	mtk_scp_audiocommon	vendor_dlkm/lib/modules/mtk-scp-audiocommon.ko
is_scp_ready	scp	vendor_dlkm/lib/modules/scp.ko
is_sram	usb_offload	vendor_dlkm/lib/modules/usb_offload.ko
is_support_secure_handle	mtk_sec_heap	vendor_dlkm/lib/modules/mtk_sec_heap.ko
is_task_latency_sensitive	scheduler	vendor_dlkm/lib/modules/scheduler.ko
is_ultra_reserved_dram_addr_valid	mtk_scp_ultra	vendor_dlkm/lib/modules/mtk-scp-ultra.ko
is_vcp_ready	vcp	vendor_dlkm/lib/modules/vcp.ko
is_vcp_suspending	vcp	vendor_dlkm/lib/modules/vcp.ko
is_wl_support	cpufreq_sugov_ext	vendor_dlkm/lib/modules/cpufreq_sugov_ext.ko
is_yft_cts_board	yft_devinfo	vendor_dlkm/lib/modules/yft_devinfo.ko
jatm_notify_fp	mtk_fpsgo	vendor_dlkm/lib/modules/mtk_fpsgo.ko
kbase_add_va_region	mali_kbase_mt6878_r44	vendor_dlkm/lib/modules/mali_kbase_mt6878_r44.ko
kbase_alloc_free_region	mali_kbase_mt6878_r44	vendor_dlkm/lib/modules/mali_kbase_mt6878_r44.ko
kbase_alloc_phy_pages	mali_kbase_mt6878_r44	vendor_dlkm/lib/modules/mali_kbase_mt6878_r44.ko
kbase_clk_rate_trace_manager_notify_all	mali_kbase_mt6878_r44	vendor_dlkm/lib/modules/mali_kbase_mt6878_r44.ko
kbase_context_debugfs_init	mali_kbase_mt6878_r44	vendor_dlkm/lib/modules/mali_kbase_mt6878_r44.ko
kbase_context_debugfs_term	mali_kbase_mt6878_r44	vendor_dlkm/lib/modules/mali_kbase_mt6878_r44.ko
kbase_context_mmap	mali_kbase_mt6878_r44	vendor_dlkm/lib/modules/mali_kbase_mt6878_r44.ko
kbase_create_context	mali_kbase_mt6878_r44	vendor_dlkm/lib/modules/mali_kbase_mt6878_r44.ko
kbase_csf_alloc_command_stream_user_pages	mali_kbase_mt6878_r44	vendor_dlkm/lib/modules/mali_kbase_mt6878_r44.ko
kbase_csf_find_queue_group	mali_kbase_mt6878_r44	vendor_dlkm/lib/modules/mali_kbase_mt6878_r44.ko
kbase_csf_firmware_csg_output	mali_kbase_mt6878_r44	vendor_dlkm/lib/modules/mali_kbase_mt6878_r44.ko
kbase_csf_firmware_get_trace_buffer	mali_kbase_mt6878_r44	vendor_dlkm/lib/modules/mali_kbase_mt6878_r44.ko
kbase_csf_firmware_global_input	mali_kbase_mt6878_r44	vendor_dlkm/lib/modules/mali_kbase_mt6878_r44.ko
kbase_csf_firmware_global_input_mask	mali_kbase_mt6878_r44	vendor_dlkm/lib/modules/mali_kbase_mt6878_r44.ko
kbase_csf_firmware_global_output	mali_kbase_mt6878_r44	vendor_dlkm/lib/modules/mali_kbase_mt6878_r44.ko
kbase_csf_firmware_trace_buffer_discard	mali_kbase_mt6878_r44	vendor_dlkm/lib/modules/mali_kbase_mt6878_r44.ko
kbase_csf_firmware_trace_buffer_get_trace_enable_bits_count	mali_kbase_mt6878_r44	vendor_dlkm/lib/modules/mali_kbase_mt6878_r44.ko
kbase_csf_firmware_trace_buffer_is_empty	mali_kbase_mt6878_r44	vendor_dlkm/lib/modules/mali_kbase_mt6878_r44.ko
kbase_csf_firmware_trace_buffer_read_data	mali_kbase_mt6878_r44	vendor_dlkm/lib/modules/mali_kbase_mt6878_r44.ko
kbase_csf_firmware_trace_buffer_update_trace_enable_bit	mali_kbase_mt6878_r44	vendor_dlkm/lib/modules/mali_kbase_mt6878_r44.ko
kbase_csf_free_command_stream_user_pages	mali_kbase_mt6878_r44	vendor_dlkm/lib/modules/mali_kbase_mt6878_r44.ko
kbase_csf_kcpu_queue_context_term	mali_kbase_mt6878_r44	vendor_dlkm/lib/modules/mali_kbase_mt6878_r44.ko
kbase_csf_kcpu_queue_new	mali_kbase_mt6878_r44	vendor_dlkm/lib/modules/mali_kbase_mt6878_r44.ko
kbase_csf_queue_group_terminate	mali_kbase_mt6878_r44	vendor_dlkm/lib/modules/mali_kbase_mt6878_r44.ko
kbase_csf_ring_doorbell	mali_kbase_mt6878_r44	vendor_dlkm/lib/modules/mali_kbase_mt6878_r44.ko
kbase_csf_scheduler_group_copy_suspend_buf	mali_kbase_mt6878_r44	vendor_dlkm/lib/modules/mali_kbase_mt6878_r44.ko
kbase_csf_scheduler_pm_active	mali_kbase_mt6878_r44	vendor_dlkm/lib/modules/mali_kbase_mt6878_r44.ko
kbase_csf_scheduler_pm_idle	mali_kbase_mt6878_r44	vendor_dlkm/lib/modules/mali_kbase_mt6878_r44.ko
kbase_csf_scheduler_pm_resume	mali_kbase_mt6878_r44	vendor_dlkm/lib/modules/mali_kbase_mt6878_r44.ko
kbase_csf_scheduler_pm_suspend	mali_kbase_mt6878_r44	vendor_dlkm/lib/modules/mali_kbase_mt6878_r44.ko
kbase_csf_scheduler_wait_mcu_active	mali_kbase_mt6878_r44	vendor_dlkm/lib/modules/mali_kbase_mt6878_r44.ko
kbase_debug_csf_fault_wait_completion	mali_kbase_mt6878_r44	vendor_dlkm/lib/modules/mali_kbase_mt6878_r44.ko
kbase_destroy_context	mali_kbase_mt6878_r44	vendor_dlkm/lib/modules/mali_kbase_mt6878_r44.ko
kbase_devfreq_set_core_mask	mali_kbase_mt6878_r44	vendor_dlkm/lib/modules/mali_kbase_mt6878_r44.ko
kbase_device_firmware_init_once	mali_kbase_mt6878_r44	vendor_dlkm/lib/modules/mali_kbase_mt6878_r44.ko
kbase_device_get_list	mali_kbase_mt6878_r44	vendor_dlkm/lib/modules/mali_kbase_mt6878_r44.ko
kbase_device_put_list	mali_kbase_mt6878_r44	vendor_dlkm/lib/modules/mali_kbase_mt6878_r44.ko
kbase_disjoint_event_get	mali_kbase_mt6878_r44	vendor_dlkm/lib/modules/mali_kbase_mt6878_r44.ko
kbase_event_pending	mali_kbase_mt6878_r44	vendor_dlkm/lib/modules/mali_kbase_mt6878_r44.ko
kbase_event_wakeup	mali_kbase_mt6878_r44	vendor_dlkm/lib/modules/mali_kbase_mt6878_r44.ko
kbase_fence_ops	mali_kbase_mt6878_r44	vendor_dlkm/lib/modules/mali_kbase_mt6878_r44.ko
kbase_find_device	mali_kbase_mt6878_r44	vendor_dlkm/lib/modules/mali_kbase_mt6878_r44.ko
kbase_free_alloced_region	mali_kbase_mt6878_r44	vendor_dlkm/lib/modules/mali_kbase_mt6878_r44.ko
kbase_free_phy_pages_helper_locked	mali_kbase_mt6878_r44	vendor_dlkm/lib/modules/mali_kbase_mt6878_r44.ko
kbase_gator_hwcnt_init	mali_kbase_mt6878_r44	vendor_dlkm/lib/modules/mali_kbase_mt6878_r44.ko
kbase_gator_hwcnt_init_names	mali_kbase_mt6878_r44	vendor_dlkm/lib/modules/mali_kbase_mt6878_r44.ko
kbase_gator_hwcnt_term	mali_kbase_mt6878_r44	vendor_dlkm/lib/modules/mali_kbase_mt6878_r44.ko
kbase_gator_hwcnt_term_names	mali_kbase_mt6878_r44	vendor_dlkm/lib/modules/mali_kbase_mt6878_r44.ko
kbase_gator_instr_hwcnt_dump_complete	mali_kbase_mt6878_r44	vendor_dlkm/lib/modules/mali_kbase_mt6878_r44.ko
kbase_gator_instr_hwcnt_dump_irq	mali_kbase_mt6878_r44	vendor_dlkm/lib/modules/mali_kbase_mt6878_r44.ko
kbase_get_real_power_locked	mali_kbase_mt6878_r44	vendor_dlkm/lib/modules/mali_kbase_mt6878_r44.ko
kbase_get_real_power	mali_kbase_mt6878_r44	vendor_dlkm/lib/modules/mali_kbase_mt6878_r44.ko
kbase_get_timeout_ms	mali_kbase_mt6878_r44	vendor_dlkm/lib/modules/mali_kbase_mt6878_r44.ko
kbase_gpu_mmap	mali_kbase_mt6878_r44	vendor_dlkm/lib/modules/mali_kbase_mt6878_r44.ko
kbase_gpu_vm_lock	mali_kbase_mt6878_r44	vendor_dlkm/lib/modules/mali_kbase_mt6878_r44.ko
kbase_gpu_vm_unlock	mali_kbase_mt6878_r44	vendor_dlkm/lib/modules/mali_kbase_mt6878_r44.ko
kbase_hwaccess_pm_halt	mali_kbase_mt6878_r44	vendor_dlkm/lib/modules/mali_kbase_mt6878_r44.ko
kbase_ipa_control_handle_gpu_reset_post	mali_kbase_mt6878_r44	vendor_dlkm/lib/modules/mali_kbase_mt6878_r44.ko
kbase_ipa_control_handle_gpu_reset_pre	mali_kbase_mt6878_r44	vendor_dlkm/lib/modules/mali_kbase_mt6878_r44.ko
kbase_ipa_control_handle_gpu_sleep_enter	mali_kbase_mt6878_r44	vendor_dlkm/lib/modules/mali_kbase_mt6878_r44.ko
kbase_ipa_control_handle_gpu_sleep_exit	mali_kbase_mt6878_r44	vendor_dlkm/lib/modules/mali_kbase_mt6878_r44.ko
kbase_ipa_control_init	mali_kbase_mt6878_r44	vendor_dlkm/lib/modules/mali_kbase_mt6878_r44.ko
kbase_ipa_control_query	mali_kbase_mt6878_r44	vendor_dlkm/lib/modules/mali_kbase_mt6878_r44.ko
kbase_ipa_control_rate_change_notify_test	mali_kbase_mt6878_r44	vendor_dlkm/lib/modules/mali_kbase_mt6878_r44.ko
kbase_ipa_control_register	mali_kbase_mt6878_r44	vendor_dlkm/lib/modules/mali_kbase_mt6878_r44.ko
kbase_ipa_control_term	mali_kbase_mt6878_r44	vendor_dlkm/lib/modules/mali_kbase_mt6878_r44.ko
kbase_ipa_control_unregister	mali_kbase_mt6878_r44	vendor_dlkm/lib/modules/mali_kbase_mt6878_r44.ko
kbase_ipa_init	mali_kbase_mt6878_r44	vendor_dlkm/lib/modules/mali_kbase_mt6878_r44.ko
kbase_ipa_init_model	mali_kbase_mt6878_r44	vendor_dlkm/lib/modules/mali_kbase_mt6878_r44.ko
kbase_ipa_model_name_from_id	mali_kbase_mt6878_r44	vendor_dlkm/lib/modules/mali_kbase_mt6878_r44.ko
kbase_ipa_model_ops_find	mali_kbase_mt6878_r44	vendor_dlkm/lib/modules/mali_kbase_mt6878_r44.ko
kbase_ipa_model_param_set_s32	mali_kbase_mt6878_r44	vendor_dlkm/lib/modules/mali_kbase_mt6878_r44.ko
kbase_ipa_power_model_ops	mali_kbase_mt6878_r44	vendor_dlkm/lib/modules/mali_kbase_mt6878_r44.ko
kbase_ipa_term	mali_kbase_mt6878_r44	vendor_dlkm/lib/modules/mali_kbase_mt6878_r44.ko
kbase_ipa_term_model	mali_kbase_mt6878_r44	vendor_dlkm/lib/modules/mali_kbase_mt6878_r44.ko
kbase_is_page_migration_enabled	mali_kbase_mt6878_r44	vendor_dlkm/lib/modules/mali_kbase_mt6878_r44.ko
kbase_kcpu_fence_signal_init	mali_kbase_mt6878_r44	vendor_dlkm/lib/modules/mali_kbase_mt6878_r44.ko
kbase_kcpu_fence_signal_process	mali_kbase_mt6878_r44	vendor_dlkm/lib/modules/mali_kbase_mt6878_r44.ko
kbase_lodx_ipa_model_ops	mali_kbase_mt6878_r44	vendor_dlkm/lib/modules/mali_kbase_mt6878_r44.ko
kbase_ltix_ipa_model_ops	mali_kbase_mt6878_r44	vendor_dlkm/lib/modules/mali_kbase_mt6878_r44.ko
kbase_ltux_ipa_model_ops	mali_kbase_mt6878_r44	vendor_dlkm/lib/modules/mali_kbase_mt6878_r44.ko
kbase_mem_alloc	mali_kbase_mt6878_r44	vendor_dlkm/lib/modules/mali_kbase_mt6878_r44.ko
kbase_mem_free	mali_kbase_mt6878_r44	vendor_dlkm/lib/modules/mali_kbase_mt6878_r44.ko
kbase_mem_free_region	mali_kbase_mt6878_r44	vendor_dlkm/lib/modules/mali_kbase_mt6878_r44.ko
kbase_mem_kref_free	mali_kbase_mt6878_r44	vendor_dlkm/lib/modules/mali_kbase_mt6878_r44.ko
kbase_mem_pool_grow	mali_kbase_mt6878_r44	vendor_dlkm/lib/modules/mali_kbase_mt6878_r44.ko
kbase_mem_pool_init	mali_kbase_mt6878_r44	vendor_dlkm/lib/modules/mali_kbase_mt6878_r44.ko
kbase_mem_pool_set_max_size	mali_kbase_mt6878_r44	vendor_dlkm/lib/modules/mali_kbase_mt6878_r44.ko
kbase_mem_pool_term	mali_kbase_mt6878_r44	vendor_dlkm/lib/modules/mali_kbase_mt6878_r44.ko
kbase_mem_term	mali_kbase_mt6878_r44	vendor_dlkm/lib/modules/mali_kbase_mt6878_r44.ko
kbase_migrate_page_allocated_mapped	mali_kbase_mt6878_r44	vendor_dlkm/lib/modules/mali_kbase_mt6878_r44.ko
kbase_mmu_disable	mali_kbase_mt6878_r44	vendor_dlkm/lib/modules/mali_kbase_mt6878_r44.ko
kbase_mmu_gpu_fault_interrupt	mali_kbase_mt6878_r44	vendor_dlkm/lib/modules/mali_kbase_mt6878_r44.ko
kbase_mmu_insert_pages	mali_kbase_mt6878_r44	vendor_dlkm/lib/modules/mali_kbase_mt6878_r44.ko
kbase_mmu_report_mcu_as_fault_and_reset	mali_kbase_mt6878_r44	vendor_dlkm/lib/modules/mali_kbase_mt6878_r44.ko
kbase_mmu_update	mali_kbase_mt6878_r44	vendor_dlkm/lib/modules/mali_kbase_mt6878_r44.ko
kbase_page_migration_enabled	mali_kbase_mt6878_r44	vendor_dlkm/lib/modules/mali_kbase_mt6878_r44.ko
kbasep_debug_assert_call_hook	mali_kbase_mt6878_r44	vendor_dlkm/lib/modules/mali_kbase_mt6878_r44.ko
kbasep_find_enclosing_cpu_mapping_offset	mali_kbase_mt6878_r44	vendor_dlkm/lib/modules/mali_kbase_mt6878_r44.ko
kbasep_find_enclosing_gpu_mapping_start_and_offset	mali_kbase_mt6878_r44	vendor_dlkm/lib/modules/mali_kbase_mt6878_r44.ko
kbase_pm_always_on_policy_ops	mali_kbase_mt6878_r44	vendor_dlkm/lib/modules/mali_kbase_mt6878_r44.ko
kbase_pm_ca_get_core_mask	mali_kbase_mt6878_r44	vendor_dlkm/lib/modules/mali_kbase_mt6878_r44.ko
kbase_pm_clock_off	mali_kbase_mt6878_r44	vendor_dlkm/lib/modules/mali_kbase_mt6878_r44.ko
kbase_pm_clock_on	mali_kbase_mt6878_r44	vendor_dlkm/lib/modules/mali_kbase_mt6878_r44.ko
kbase_pm_coarse_demand_policy_ops	mali_kbase_mt6878_r44	vendor_dlkm/lib/modules/mali_kbase_mt6878_r44.ko
kbase_pm_context_active	mali_kbase_mt6878_r44	vendor_dlkm/lib/modules/mali_kbase_mt6878_r44.ko
kbase_pm_context_idle	mali_kbase_mt6878_r44	vendor_dlkm/lib/modules/mali_kbase_mt6878_r44.ko
kbase_pm_disable_interrupts	mali_kbase_mt6878_r44	vendor_dlkm/lib/modules/mali_kbase_mt6878_r44.ko
kbase_pm_enable_interrupts	mali_kbase_mt6878_r44	vendor_dlkm/lib/modules/mali_kbase_mt6878_r44.ko
kbase_pm_get_active_cores	mali_kbase_mt6878_r44	vendor_dlkm/lib/modules/mali_kbase_mt6878_r44.ko
kbase_pm_get_dvfs_metrics	mali_kbase_mt6878_r44	vendor_dlkm/lib/modules/mali_kbase_mt6878_r44.ko
kbase_pm_get_policy	mali_kbase_mt6878_r44	vendor_dlkm/lib/modules/mali_kbase_mt6878_r44.ko
kbase_pm_get_present_cores	mali_kbase_mt6878_r44	vendor_dlkm/lib/modules/mali_kbase_mt6878_r44.ko
kbase_pm_get_ready_cores	mali_kbase_mt6878_r44	vendor_dlkm/lib/modules/mali_kbase_mt6878_r44.ko
kbase_pm_get_trans_cores	mali_kbase_mt6878_r44	vendor_dlkm/lib/modules/mali_kbase_mt6878_r44.ko
kbase_pm_list_policies	mali_kbase_mt6878_r44	vendor_dlkm/lib/modules/mali_kbase_mt6878_r44.ko
kbase_pm_metrics_is_active	mali_kbase_mt6878_r44	vendor_dlkm/lib/modules/mali_kbase_mt6878_r44.ko
kbase_pm_release_gpu_cycle_counter	mali_kbase_mt6878_r44	vendor_dlkm/lib/modules/mali_kbase_mt6878_r44.ko
kbase_pm_request_gpu_cycle_counter_l2_is_on	mali_kbase_mt6878_r44	vendor_dlkm/lib/modules/mali_kbase_mt6878_r44.ko
kbase_pm_request_gpu_cycle_counter	mali_kbase_mt6878_r44	vendor_dlkm/lib/modules/mali_kbase_mt6878_r44.ko
kbase_pm_reset_done	mali_kbase_mt6878_r44	vendor_dlkm/lib/modules/mali_kbase_mt6878_r44.ko
kbase_pm_set_debug_core_mask	mali_kbase_mt6878_r44	vendor_dlkm/lib/modules/mali_kbase_mt6878_r44.ko
kbase_pm_set_policy	mali_kbase_mt6878_r44	vendor_dlkm/lib/modules/mali_kbase_mt6878_r44.ko
kbase_pm_wait_for_desired_state	mali_kbase_mt6878_r44	vendor_dlkm/lib/modules/mali_kbase_mt6878_r44.ko
kbase_pm_wait_for_gpu_power_down	mali_kbase_mt6878_r44	vendor_dlkm/lib/modules/mali_kbase_mt6878_r44.ko
kbase_pm_wait_for_poweroff_work_complete	mali_kbase_mt6878_r44	vendor_dlkm/lib/modules/mali_kbase_mt6878_r44.ko
kbasep_pm_metrics_init	mali_kbase_mt6878_r44	vendor_dlkm/lib/modules/mali_kbase_mt6878_r44.ko
kbasep_pm_metrics_term	mali_kbase_mt6878_r44	vendor_dlkm/lib/modules/mali_kbase_mt6878_r44.ko
kbase_prepare_to_reset_gpu	mali_kbase_mt6878_r44	vendor_dlkm/lib/modules/mali_kbase_mt6878_r44.ko
kbase_region_tracker_find_region_base_address	mali_kbase_mt6878_r44	vendor_dlkm/lib/modules/mali_kbase_mt6878_r44.ko
kbase_region_tracker_find_region_enclosing_address	mali_kbase_mt6878_r44	vendor_dlkm/lib/modules/mali_kbase_mt6878_r44.ko
kbase_reg_read	mali_kbase_mt6878_r44	vendor_dlkm/lib/modules/mali_kbase_mt6878_r44.ko
kbase_reg_write	mali_kbase_mt6878_r44	vendor_dlkm/lib/modules/mali_kbase_mt6878_r44.ko
kbase_release_device	mali_kbase_mt6878_r44	vendor_dlkm/lib/modules/mali_kbase_mt6878_r44.ko
kbase_remove_va_region	mali_kbase_mt6878_r44	vendor_dlkm/lib/modules/mali_kbase_mt6878_r44.ko
kbase_reset_gpu_allow	mali_kbase_mt6878_r44	vendor_dlkm/lib/modules/mali_kbase_mt6878_r44.ko
kbase_reset_gpu	mali_kbase_mt6878_r44	vendor_dlkm/lib/modules/mali_kbase_mt6878_r44.ko
kbase_reset_gpu_prevent_and_wait	mali_kbase_mt6878_r44	vendor_dlkm/lib/modules/mali_kbase_mt6878_r44.ko
kbase_reset_gpu_silent	mali_kbase_mt6878_r44	vendor_dlkm/lib/modules/mali_kbase_mt6878_r44.ko
kbase_reset_gpu_wait	mali_kbase_mt6878_r44	vendor_dlkm/lib/modules/mali_kbase_mt6878_r44.ko
kbase_simple_ipa_model_ops	mali_kbase_mt6878_r44	vendor_dlkm/lib/modules/mali_kbase_mt6878_r44.ko
kbase_simple_power_model_set_dummy_temp	mali_kbase_mt6878_r44	vendor_dlkm/lib/modules/mali_kbase_mt6878_r44.ko
kbase_synchronize_irqs	mali_kbase_mt6878_r44	vendor_dlkm/lib/modules/mali_kbase_mt6878_r44.ko
kbase_sync_now	mali_kbase_mt6878_r44	vendor_dlkm/lib/modules/mali_kbase_mt6878_r44.ko
kbase_sync_single_for_cpu	mali_kbase_mt6878_r44	vendor_dlkm/lib/modules/mali_kbase_mt6878_r44.ko
kbase_sync_single_for_device	mali_kbase_mt6878_r44	vendor_dlkm/lib/modules/mali_kbase_mt6878_r44.ko
kbase_tgrx_ipa_model_ops	mali_kbase_mt6878_r44	vendor_dlkm/lib/modules/mali_kbase_mt6878_r44.ko
kbase_todx_ipa_model_ops	mali_kbase_mt6878_r44	vendor_dlkm/lib/modules/mali_kbase_mt6878_r44.ko
kbase_ttix_ipa_model_ops	mali_kbase_mt6878_r44	vendor_dlkm/lib/modules/mali_kbase_mt6878_r44.ko
kbase_ttux_ipa_model_ops	mali_kbase_mt6878_r44	vendor_dlkm/lib/modules/mali_kbase_mt6878_r44.ko
kbase_tvax_ipa_model_ops	mali_kbase_mt6878_r44	vendor_dlkm/lib/modules/mali_kbase_mt6878_r44.ko
kbase_vmap	mali_kbase_mt6878_r44	vendor_dlkm/lib/modules/mali_kbase_mt6878_r44.ko
kbase_vunmap	mali_kbase_mt6878_r44	vendor_dlkm/lib/modules/mali_kbase_mt6878_r44.ko
kicker_pbm_by_flash	mtk_pbm	vendor_dlkm/lib/modules/mtk_pbm.ko
kicker_pbm_by_md	mtk_pbm	vendor_dlkm/lib/modules/mtk_pbm.ko
kicker_ppb_request_power	mtk_peak_power_budget	vendor_dlkm/lib/modules/mtk_peak_power_budget.ko
kobj_emi	met	vendor_dlkm/lib/modules/met.ko
KREE_AllocSecuremem	gz_tz_system	vendor_dlkm/lib/modules/gz_tz_system.ko
KREE_AllocSecurememWithTag	gz_tz_system	vendor_dlkm/lib/modules/gz_tz_system.ko
KREE_AppendSecureMultichunkmem	gz_tz_system	vendor_dlkm/lib/modules/gz_tz_system.ko
KREE_CloseSession	gz_tz_system	vendor_dlkm/lib/modules/gz_tz_system.ko
KREE_ConfigSecureMultiChunkMemInfo	gz_tz_system	vendor_dlkm/lib/modules/gz_tz_system.ko
KREE_CreateSession	gz_tz_system	vendor_dlkm/lib/modules/gz_tz_system.ko
KREE_GetSystemCntFrq	gz_tz_system	vendor_dlkm/lib/modules/gz_tz_system.ko
KREE_GetSystemCnt	gz_tz_system	vendor_dlkm/lib/modules/gz_tz_system.ko
KREE_ION_AllocChunkmem	gz_tz_system	vendor_dlkm/lib/modules/gz_tz_system.ko
KREE_ION_QueryChunkmem_TEST	gz_tz_system	vendor_dlkm/lib/modules/gz_tz_system.ko
KREE_ION_ReferenceChunkmem	gz_tz_system	vendor_dlkm/lib/modules/gz_tz_system.ko
KREE_ION_UnreferenceChunkmem	gz_tz_system	vendor_dlkm/lib/modules/gz_tz_system.ko
KREE_ION_ZallocChunkmem	gz_tz_system	vendor_dlkm/lib/modules/gz_tz_system.ko
KREE_QueryChunkmem_TEST	gz_tz_system	vendor_dlkm/lib/modules/gz_tz_system.ko
KREE_ReferenceSecuremem	gz_tz_system	vendor_dlkm/lib/modules/gz_tz_system.ko
KREE_ReferenceSecureMultichunkmem	gz_tz_system	vendor_dlkm/lib/modules/gz_tz_system.ko
KREE_RegisterSharedmem	gz_tz_system	vendor_dlkm/lib/modules/gz_tz_system.ko
KREE_ReleaseSecureMultichunkmem	gz_tz_system	vendor_dlkm/lib/modules/gz_tz_system.ko
KREE_SessionToTID	gz_tz_system	vendor_dlkm/lib/modules/gz_tz_system.ko
KREE_TeeServiceCall	gz_tz_system	vendor_dlkm/lib/modules/gz_tz_system.ko
KREE_TeeServiceCallPlus	gz_tz_system	vendor_dlkm/lib/modules/gz_tz_system.ko
KREE_UnreferenceSecuremem	gz_tz_system	vendor_dlkm/lib/modules/gz_tz_system.ko
KREE_UnregisterSharedmem	gz_tz_system	vendor_dlkm/lib/modules/gz_tz_system.ko
KREE_ZallocSecuremem	gz_tz_system	vendor_dlkm/lib/modules/gz_tz_system.ko
KREE_ZallocSecurememWithTag	gz_tz_system	vendor_dlkm/lib/modules/gz_tz_system.ko
l2cap_add_psm	bluetooth	system_dlkm/lib/modules/bluetooth.ko
l2cap_add_psm	bluetooth	vendor_dlkm/lib/modules/bluetooth.ko
l2cap_chan_close	bluetooth	system_dlkm/lib/modules/bluetooth.ko
l2cap_chan_close	bluetooth	vendor_dlkm/lib/modules/bluetooth.ko
l2cap_chan_connect	bluetooth	system_dlkm/lib/modules/bluetooth.ko
l2cap_chan_connect	bluetooth	vendor_dlkm/lib/modules/bluetooth.ko
l2cap_chan_create	bluetooth	system_dlkm/lib/modules/bluetooth.ko
l2cap_chan_create	bluetooth	vendor_dlkm/lib/modules/bluetooth.ko
l2cap_chan_del	bluetooth	system_dlkm/lib/modules/bluetooth.ko
l2cap_chan_del	bluetooth	vendor_dlkm/lib/modules/bluetooth.ko
l2cap_chan_list	bluetooth	system_dlkm/lib/modules/bluetooth.ko
l2cap_chan_list	bluetooth	vendor_dlkm/lib/modules/bluetooth.ko
l2cap_chan_put	bluetooth	system_dlkm/lib/modules/bluetooth.ko
l2cap_chan_put	bluetooth	vendor_dlkm/lib/modules/bluetooth.ko
l2cap_chan_send	bluetooth	system_dlkm/lib/modules/bluetooth.ko
l2cap_chan_send	bluetooth	vendor_dlkm/lib/modules/bluetooth.ko
l2cap_chan_set_defaults	bluetooth	system_dlkm/lib/modules/bluetooth.ko
l2cap_chan_set_defaults	bluetooth	vendor_dlkm/lib/modules/bluetooth.ko
l2cap_conn_get	bluetooth	system_dlkm/lib/modules/bluetooth.ko
l2cap_conn_get	bluetooth	vendor_dlkm/lib/modules/bluetooth.ko
l2cap_conn_put	bluetooth	system_dlkm/lib/modules/bluetooth.ko
l2cap_conn_put	bluetooth	vendor_dlkm/lib/modules/bluetooth.ko
l2cap_is_socket	bluetooth	system_dlkm/lib/modules/bluetooth.ko
l2cap_is_socket	bluetooth	vendor_dlkm/lib/modules/bluetooth.ko
l2cap_register_user	bluetooth	system_dlkm/lib/modules/bluetooth.ko
l2cap_register_user	bluetooth	vendor_dlkm/lib/modules/bluetooth.ko
l2cap_unregister_user	bluetooth	system_dlkm/lib/modules/bluetooth.ko
l2cap_unregister_user	bluetooth	vendor_dlkm/lib/modules/bluetooth.ko
l2tp_recv_common	l2tp_core	system_dlkm/lib/modules/l2tp_core.ko
l2tp_session_create	l2tp_core	system_dlkm/lib/modules/l2tp_core.ko
l2tp_session_dec_refcount	l2tp_core	system_dlkm/lib/modules/l2tp_core.ko
l2tp_session_delete	l2tp_core	system_dlkm/lib/modules/l2tp_core.ko
l2tp_session_get_by_ifname	l2tp_core	system_dlkm/lib/modules/l2tp_core.ko
l2tp_session_get	l2tp_core	system_dlkm/lib/modules/l2tp_core.ko
l2tp_session_get_nth	l2tp_core	system_dlkm/lib/modules/l2tp_core.ko
l2tp_session_inc_refcount	l2tp_core	system_dlkm/lib/modules/l2tp_core.ko
l2tp_session_register	l2tp_core	system_dlkm/lib/modules/l2tp_core.ko
l2tp_session_set_header_len	l2tp_core	system_dlkm/lib/modules/l2tp_core.ko
l2tp_sk_to_tunnel	l2tp_core	system_dlkm/lib/modules/l2tp_core.ko
l2tp_tunnel_create	l2tp_core	system_dlkm/lib/modules/l2tp_core.ko
l2tp_tunnel_dec_refcount	l2tp_core	system_dlkm/lib/modules/l2tp_core.ko
l2tp_tunnel_delete	l2tp_core	system_dlkm/lib/modules/l2tp_core.ko
l2tp_tunnel_get	l2tp_core	system_dlkm/lib/modules/l2tp_core.ko
l2tp_tunnel_get_nth	l2tp_core	system_dlkm/lib/modules/l2tp_core.ko
l2tp_tunnel_get_session	l2tp_core	system_dlkm/lib/modules/l2tp_core.ko
l2tp_tunnel_inc_refcount	l2tp_core	system_dlkm/lib/modules/l2tp_core.ko
l2tp_tunnel_register	l2tp_core	system_dlkm/lib/modules/l2tp_core.ko
l2tp_udp_encap_recv	l2tp_core	system_dlkm/lib/modules/l2tp_core.ko
l2tp_xmit_skb	l2tp_core	system_dlkm/lib/modules/l2tp_core.ko
lbat_set_hpt_mode	mtk_low_battery_throttling	vendor_dlkm/lib/modules/mtk_low_battery_throttling.ko
lbat_set_ppb_mode	mtk_low_battery_throttling	vendor_dlkm/lib/modules/mtk_low_battery_throttling.ko
log_md_sleep_info	mtk_lpm_dbg_common_v2	vendor_dlkm/lib/modules/mtk-lpm-dbg-common-v2.ko
lookup_grp	scheduler	vendor_dlkm/lib/modules/scheduler.ko
lowpan_header_compress	6lowpan	system_dlkm/lib/modules/6lowpan.ko
lowpan_header_decompress	6lowpan	system_dlkm/lib/modules/6lowpan.ko
lowpan_nhc_add	6lowpan	system_dlkm/lib/modules/6lowpan.ko
lowpan_nhc_del	6lowpan	system_dlkm/lib/modules/6lowpan.ko
lowpan_register_netdev	6lowpan	system_dlkm/lib/modules/6lowpan.ko
lowpan_register_netdevice	6lowpan	system_dlkm/lib/modules/6lowpan.ko
lowpan_unregister_netdev	6lowpan	system_dlkm/lib/modules/6lowpan.ko
lowpan_unregister_netdevice	6lowpan	system_dlkm/lib/modules/6lowpan.ko
lpm_callee_get_impl	mtk_lpm	vendor_dlkm/lib/modules/mtk-lpm.ko
lpm_callee_put_impl	mtk_lpm	vendor_dlkm/lib/modules/mtk-lpm.ko
lpm_callee_registry	mtk_lpm	vendor_dlkm/lib/modules/mtk-lpm.ko
lpm_callee_unregistry	mtk_lpm	vendor_dlkm/lib/modules/mtk-lpm.ko
lpm_cpuidle_fs_deinit	mtk_lpm_dbg_common_v2	vendor_dlkm/lib/modules/mtk-lpm-dbg-common-v2.ko
lpm_cpuidle_fs_init	mtk_lpm_dbg_common_v2	vendor_dlkm/lib/modules/mtk-lpm-dbg-common-v2.ko
lpm_dbg_common_fs_exit	mtk_lpm_dbg_common_v2	vendor_dlkm/lib/modules/mtk-lpm-dbg-common-v2.ko
lpm_dbg_common_fs_init	mtk_lpm_dbg_common_v2	vendor_dlkm/lib/modules/mtk-lpm-dbg-common-v2.ko
lpm_dbg_fs_exit	mtk_lpm_dbg_common_v2	vendor_dlkm/lib/modules/mtk-lpm-dbg-common-v2.ko
lpm_dbg_fs_init	mtk_lpm_dbg_common_v2	vendor_dlkm/lib/modules/mtk-lpm-dbg-common-v2.ko
lpm_dbg_plat_info_set	mtk_lpm_dbg_common_v2	vendor_dlkm/lib/modules/mtk-lpm-dbg-common-v2.ko
lpm_dbg_plat_ops_register	mtk_lpm_dbg_common_v2	vendor_dlkm/lib/modules/mtk-lpm-dbg-common-v2.ko
lpm_dbg_pm_exit	mtk_lpm_dbg_common_v2	vendor_dlkm/lib/modules/mtk-lpm-dbg-common-v2.ko
lpm_dbg_pm_init	mtk_lpm_dbg_common_v2	vendor_dlkm/lib/modules/mtk-lpm-dbg-common-v2.ko
lpm_dbg_spm_rsc_req_check	mtk_lpm_dbg_common_v2	vendor_dlkm/lib/modules/mtk-lpm-dbg-common-v2.ko
lpm_get_lp_blocked_threshold	mtk_lpm_dbg_common_v2	vendor_dlkm/lib/modules/mtk-lpm-dbg-common-v2.ko
lpm_hwreq_fs_deinit	mtk_lpm_dbg_common_v2	vendor_dlkm/lib/modules/mtk-lpm-dbg-common-v2.ko
lpm_hwreq_fs_init	mtk_lpm_dbg_common_v2	vendor_dlkm/lib/modules/mtk-lpm-dbg-common-v2.ko
lpm_irqremain_get	mtk_lpm	vendor_dlkm/lib/modules/mtk-lpm.ko
lpm_irqremain_list_release	mtk_lpm	vendor_dlkm/lib/modules/mtk-lpm.ko
lpm_irqremain_put	mtk_lpm	vendor_dlkm/lib/modules/mtk-lpm.ko
lpm_issuer_register	mtk_lpm	vendor_dlkm/lib/modules/mtk-lpm.ko
lpm_issuer_unregister	mtk_lpm	vendor_dlkm/lib/modules/mtk-lpm.ko
lpm_logger_deinit	mtk_lpm_dbg_common_v2	vendor_dlkm/lib/modules/mtk-lpm-dbg-common-v2.ko
lpm_logger_init	mtk_lpm_dbg_common_v2	vendor_dlkm/lib/modules/mtk-lpm-dbg-common-v2.ko
lpm_model_register	mtk_lpm	vendor_dlkm/lib/modules/mtk-lpm.ko
lpm_model_unregister	mtk_lpm	vendor_dlkm/lib/modules/mtk-lpm.ko
lpm_notifier_register	mtk_lpm	vendor_dlkm/lib/modules/mtk-lpm.ko
lpm_notifier_unregister	mtk_lpm	vendor_dlkm/lib/modules/mtk-lpm.ko
lpm_platform_trace_get	mtk_lpm	vendor_dlkm/lib/modules/mtk-lpm.ko
lpm_rc_fs_deinit	mtk_lpm_dbg_common_v2	vendor_dlkm/lib/modules/mtk-lpm-dbg-common-v2.ko
lpm_rc_fs_init	mtk_lpm_dbg_common_v2	vendor_dlkm/lib/modules/mtk-lpm-dbg-common-v2.ko
lpm_spm_base	mtk_lpm_dbg_common_v2	vendor_dlkm/lib/modules/mtk-lpm-dbg-common-v2.ko
lpm_spm_fs_deinit	mtk_lpm_dbg_common_v2	vendor_dlkm/lib/modules/mtk-lpm-dbg-common-v2.ko
lpm_spm_fs_init	mtk_lpm_dbg_common_v2	vendor_dlkm/lib/modules/mtk-lpm-dbg-common-v2.ko
lpm_suspend_registry	mtk_lpm	vendor_dlkm/lib/modules/mtk-lpm.ko
lpm_suspend_type_get	mtk_lpm	vendor_dlkm/lib/modules/mtk-lpm.ko
lpm_sys_res_exit	mtk_lpm_dbg_common_v2	vendor_dlkm/lib/modules/mtk-lpm-dbg-common-v2.ko
lpm_sys_res_fs_deinit	mtk_lpm_dbg_common_v2	vendor_dlkm/lib/modules/mtk-lpm-dbg-common-v2.ko
lpm_sys_res_fs_init	mtk_lpm_dbg_common_v2	vendor_dlkm/lib/modules/mtk-lpm-dbg-common-v2.ko
lpm_sys_res_init	mtk_lpm_dbg_common_v2	vendor_dlkm/lib/modules/mtk-lpm-dbg-common-v2.ko
lpm_trace_event_deinit	mtk_lpm_dbg_common_v2	vendor_dlkm/lib/modules/mtk-lpm-dbg-common-v2.ko
lpm_trace_event_init	mtk_lpm_dbg_common_v2	vendor_dlkm/lib/modules/mtk-lpm-dbg-common-v2.ko
lpm_trace_fs_deinit	mtk_lpm_dbg_common_v2	vendor_dlkm/lib/modules/mtk-lpm-dbg-common-v2.ko
lpm_trace_fs_init	mtk_lpm_dbg_common_v2	vendor_dlkm/lib/modules/mtk-lpm-dbg-common-v2.ko
magt2fpsgo_notify_dep_list_fp	mtk_perf_ioctl_magt	vendor_dlkm/lib/modules/mtk_perf_ioctl_magt.ko
magt2fpsgo_notify_target_fps_fp	mtk_perf_ioctl_magt	vendor_dlkm/lib/modules/mtk_perf_ioctl_magt.ko
_map_user_pages	gz_tz_system	vendor_dlkm/lib/modules/gz_tz_system.ko
mbraink_netlink_send_msg	mtk_mbraink	vendor_dlkm/lib/modules/mtk_mbraink.ko
mcupm_mbox_read	mcupm	vendor_dlkm/lib/modules/mcupm.ko
mcupm_mbox_write	mcupm	vendor_dlkm/lib/modules/mcupm.ko
mcupm_reserve_mem_get_phys	mcupm	vendor_dlkm/lib/modules/mcupm.ko
mcupm_reserve_mem_get_phys_symbol	met	vendor_dlkm/lib/modules/met.ko
mcupm_reserve_mem_get_size	mcupm	vendor_dlkm/lib/modules/mcupm.ko
mcupm_reserve_mem_get_size_symbol	met	vendor_dlkm/lib/modules/met.ko
mcupm_reserve_mem_get_virt	mcupm	vendor_dlkm/lib/modules/mcupm.ko
mcupm_reserve_mem_get_virt_symbol	met	vendor_dlkm/lib/modules/met.ko
mddp_drv_attach	mddp	vendor_dlkm/lib/modules/mddp.ko
mddp_drv_detach	mddp	vendor_dlkm/lib/modules/mddp.ko
md_fsm_exp_info	ccci_md_all	vendor_dlkm/lib/modules/ccci_md_all.ko
mdmcu_sel_enable	met	vendor_dlkm/lib/modules/met.ko
met_apu_smmu_lmu	met	vendor_dlkm/lib/modules/met.ko
met_backlight_api_ready	met	vendor_dlkm/lib/modules/met.ko
met_backlight	met	vendor_dlkm/lib/modules/met.ko
MET_BM_Init	met	vendor_dlkm/lib/modules/met.ko
met_boot_msg_tmp	met	vendor_dlkm/lib/modules/met.ko
met_config_list	met	vendor_dlkm/lib/modules/met.ko
met_deregister	met	vendor_dlkm/lib/modules/met.ko
met_device	met	vendor_dlkm/lib/modules/met.ko
met_emi_api_ready	met	vendor_dlkm/lib/modules/met.ko
met_emi_create_basic	met	vendor_dlkm/lib/modules/met.ko
met_emi_delete_basic	met	vendor_dlkm/lib/modules/met.ko
metemi_func_opt	met	vendor_dlkm/lib/modules/met.ko
MET_EMI_Get_BaseClock_Rate	met	vendor_dlkm/lib/modules/met.ko
MET_EMI_GetDramChannNum	met	vendor_dlkm/lib/modules/met.ko
met_emi_regdump	met	vendor_dlkm/lib/modules/met.ko
MET_EMI_support_list	met	vendor_dlkm/lib/modules/met.ko
met_get_chip_id	met	vendor_dlkm/lib/modules/met.ko
met_get_dram_data_rate	met	vendor_dlkm/lib/modules/met.ko
MET_GET_DRAM_TYPE	met	vendor_dlkm/lib/modules/met.ko
met_get_platform	met	vendor_dlkm/lib/modules/met.ko
met_gpu_adv_api_ready	met	vendor_dlkm/lib/modules/met.ko
met_gpu_api_ready	met	vendor_dlkm/lib/modules/met.ko
met_gpueb_api_ready	met	vendor_dlkm/lib/modules/met.ko
met_gpueb_common	met	vendor_dlkm/lib/modules/met.ko
met_gpueb_log_init	met	vendor_dlkm/lib/modules/met.ko
met_gpueb_log_uninit	met	vendor_dlkm/lib/modules/met.ko
met_gpueb	met	vendor_dlkm/lib/modules/met.ko
met_gpu_smmu_lmu	met	vendor_dlkm/lib/modules/met.ko
met_ipi_api_ready	met	vendor_dlkm/lib/modules/met.ko
met_ipi_to_gpueb_command_async	met	vendor_dlkm/lib/modules/met.ko
met_ipi_to_gpueb_command	met	vendor_dlkm/lib/modules/met.ko
met_ipi_to_mcupm_command_async	met	vendor_dlkm/lib/modules/met.ko
met_ipi_to_mcupm_command	met	vendor_dlkm/lib/modules/met.ko
met_mcupm_api_ready	met	vendor_dlkm/lib/modules/met.ko
met_mcupm_common	met	vendor_dlkm/lib/modules/met.ko
met_mcupm_log_init	met	vendor_dlkm/lib/modules/met.ko
met_mcupm_log_uninit	met	vendor_dlkm/lib/modules/met.ko
met_mcupm	met	vendor_dlkm/lib/modules/met.ko
met_mm_smmu_lmu	met	vendor_dlkm/lib/modules/met.ko
met_mode	met	vendor_dlkm/lib/modules/met.ko
met_ondiemet_attr_init_gpueb	met	vendor_dlkm/lib/modules/met.ko
met_ondiemet_attr_init_mcupm	met	vendor_dlkm/lib/modules/met.ko
met_ondiemet_attr_init_sspm	met	vendor_dlkm/lib/modules/met.ko
met_ondiemet_attr_uninit_gpueb	met	vendor_dlkm/lib/modules/met.ko
met_ondiemet_attr_uninit_mcupm	met	vendor_dlkm/lib/modules/met.ko
met_ondiemet_attr_uninit_sspm	met	vendor_dlkm/lib/modules/met.ko
met_ptpod	met	vendor_dlkm/lib/modules/met.ko
met_register	met	vendor_dlkm/lib/modules/met.ko
met_scmi_api_ready	met	vendor_dlkm/lib/modules/met.ko
met_scmi_to_sspm_command_async	met	vendor_dlkm/lib/modules/met.ko
met_scmi_to_sspm_command	met	vendor_dlkm/lib/modules/met.ko
met_scmi_to_sspm_resrc_request	met	vendor_dlkm/lib/modules/met.ko
met_set_chip_id	met	vendor_dlkm/lib/modules/met.ko
met_set_platform	met	vendor_dlkm/lib/modules/met.ko
met_set_topology	met	vendor_dlkm/lib/modules/met.ko
met_soc_smmu_lmu	met	vendor_dlkm/lib/modules/met.ko
met_sspm_api_ready	met	vendor_dlkm/lib/modules/met.ko
met_sspm_common	met	vendor_dlkm/lib/modules/met.ko
met_sspm_emi	met	vendor_dlkm/lib/modules/met.ko
met_sspm_log_init	met	vendor_dlkm/lib/modules/met.ko
met_sspm_log_uninit	met	vendor_dlkm/lib/modules/met.ko
met_sspm_smi	met	vendor_dlkm/lib/modules/met.ko
met_tag_end_real	met	vendor_dlkm/lib/modules/met.ko
met_tag_oneshot_real	met	vendor_dlkm/lib/modules/met.ko
met_tag_start_real	met	vendor_dlkm/lib/modules/met.ko
met_vcore_api_ready	met	vendor_dlkm/lib/modules/met.ko
met_wall_time	met	vendor_dlkm/lib/modules/met.ko
mii_check_gmii_support	mii	system_dlkm/lib/modules/mii.ko
mii_check_link	mii	system_dlkm/lib/modules/mii.ko
mii_check_media	mii	system_dlkm/lib/modules/mii.ko
mii_ethtool_get_link_ksettings	mii	system_dlkm/lib/modules/mii.ko
mii_ethtool_gset	mii	system_dlkm/lib/modules/mii.ko
mii_ethtool_set_link_ksettings	mii	system_dlkm/lib/modules/mii.ko
mii_ethtool_sset	mii	system_dlkm/lib/modules/mii.ko
mii_link_ok	mii	system_dlkm/lib/modules/mii.ko
mii_nway_restart	mii	system_dlkm/lib/modules/mii.ko
modem_dcd_state	ccci_md_all	vendor_dlkm/lib/modules/ccci_md_all.ko
modem_dtr_set	ccci_md_all	vendor_dlkm/lib/modules/ccci_md_all.ko
ms_formatD_EOL	met	vendor_dlkm/lib/modules/met.ko
ms_formatD	met	vendor_dlkm/lib/modules/met.ko
ms_formatD_ulong	met	vendor_dlkm/lib/modules/met.ko
ms_formatH_EOL	met	vendor_dlkm/lib/modules/met.ko
ms_formatH	met	vendor_dlkm/lib/modules/met.ko
ms_formatH_ulonglong_EOL	met	vendor_dlkm/lib/modules/met.ko
ms_formatH_ulong	met	vendor_dlkm/lib/modules/met.ko
mt6369_accdet_init	mt6369_accdet	vendor_dlkm/lib/modules/mt6369-accdet.ko
mt6369_accdet_late_init	mt6369_accdet	vendor_dlkm/lib/modules/mt6369-accdet.ko
mt6369_accdet_modify_vref_volt	mt6369_accdet	vendor_dlkm/lib/modules/mt6369-accdet.ko
mt6369_accdet_read_audio_res	mt6369_accdet	vendor_dlkm/lib/modules/mt6369-accdet.ko
mt6369_mtkaif_calibration_disable	snd_soc_mt6369	vendor_dlkm/lib/modules/snd-soc-mt6369.ko
mt6369_mtkaif_calibration_enable	snd_soc_mt6369	vendor_dlkm/lib/modules/snd-soc-mt6369.ko
mt6369_set_codec_ops	snd_soc_mt6369	vendor_dlkm/lib/modules/snd-soc-mt6369.ko
mt6369_set_mtkaif_calibration_phase	snd_soc_mt6369	vendor_dlkm/lib/modules/snd-soc-mt6369.ko
mt6369_set_mtkaif_protocol	snd_soc_mt6369	vendor_dlkm/lib/modules/snd-soc-mt6369.ko
mt6878_adda_dl_gain_control	snd_soc_mt6878_afe	vendor_dlkm/lib/modules/snd-soc-mt6878-afe.ko
mt6878_afe_gpio_is_prepared	snd_soc_mt6878_afe	vendor_dlkm/lib/modules/snd-soc-mt6878-afe.ko
mt6878_afe_gpio_request	snd_soc_mt6878_afe	vendor_dlkm/lib/modules/snd-soc-mt6878-afe.ko
mt6878_aud_get_power_scenario	snd_soc_mt6878_afe	vendor_dlkm/lib/modules/snd-soc-mt6878-afe.ko
mt6878_enable_cm_bypass	snd_soc_mt6878_afe	vendor_dlkm/lib/modules/snd-soc-mt6878-afe.ko
mt6878_enable_cm	snd_soc_mt6878_afe	vendor_dlkm/lib/modules/snd-soc-mt6878-afe.ko
mt6878_enable_dc_compensation	snd_soc_mt6878_afe	vendor_dlkm/lib/modules/snd-soc-mt6878-afe.ko
mt6878_is_need_enable_cm	snd_soc_mt6878_afe	vendor_dlkm/lib/modules/snd-soc-mt6878-afe.ko
mt6878_set_adda_predistortion	snd_soc_mt6878_afe	vendor_dlkm/lib/modules/snd-soc-mt6878-afe.ko
mt6878_set_cm_rate	snd_soc_mt6878_afe	vendor_dlkm/lib/modules/snd-soc-mt6878-afe.ko
mt6878_set_cm	snd_soc_mt6878_afe	vendor_dlkm/lib/modules/snd-soc-mt6878-afe.ko
mt6878_set_lch_dc_compensation	snd_soc_mt6878_afe	vendor_dlkm/lib/modules/snd-soc-mt6878-afe.ko
mt6878_set_rch_dc_compensation	snd_soc_mt6878_afe	vendor_dlkm/lib/modules/snd-soc-mt6878-afe.ko
mtk_adaptive_power_notify_fp	mtk_gpu_hal	vendor_dlkm/lib/modules/mtk_gpu_hal.ko
mtk_adaptive_power_notify	mtk_gpu_hal	vendor_dlkm/lib/modules/mtk_gpu_hal.ko
mtk_adsp_allocate_mem	snd_soc_audiodsp_common	vendor_dlkm/lib/modules/snd-soc-audiodsp-common.ko
mtk_adsp_free_mem	snd_soc_audiodsp_common	vendor_dlkm/lib/modules/snd-soc-audiodsp-common.ko
mtk_adsp_genpool_allocate_sharemem_ring	snd_soc_audiodsp_common	vendor_dlkm/lib/modules/snd-soc-audiodsp-common.ko
mtk_adsp_genpool_free_sharemem_ring	snd_soc_audiodsp_common	vendor_dlkm/lib/modules/snd-soc-audiodsp-common.ko
mtk_afe_add_sub_dai_control	snd_soc_mtk_common	vendor_dlkm/lib/modules/snd-soc-mtk-common.ko
mtk_afe_combine_sub_dai	snd_soc_mtk_common	vendor_dlkm/lib/modules/snd-soc-mtk-common.ko
mtk_afe_debugfs_open	snd_soc_mtk_common	vendor_dlkm/lib/modules/snd-soc-mtk-common.ko
mtk_afe_debugfs_write	snd_soc_mtk_common	vendor_dlkm/lib/modules/snd-soc-mtk-common.ko
mtk_afe_debug_write_reg	snd_soc_mtk_common	vendor_dlkm/lib/modules/snd-soc-mtk-common.ko
mtk_afe_fe_hw_free	snd_soc_mtk_common	vendor_dlkm/lib/modules/snd-soc-mtk-common.ko
mtk_afe_fe_hw_params	snd_soc_mtk_common	vendor_dlkm/lib/modules/snd-soc-mtk-common.ko
mtk_afe_fe_ops	snd_soc_mtk_common	vendor_dlkm/lib/modules/snd-soc-mtk-common.ko
mtk_afe_fe_prepare	snd_soc_mtk_common	vendor_dlkm/lib/modules/snd-soc-mtk-common.ko
mtk_afe_fe_shutdown	snd_soc_mtk_common	vendor_dlkm/lib/modules/snd-soc-mtk-common.ko
mtk_afe_fe_startup	snd_soc_mtk_common	vendor_dlkm/lib/modules/snd-soc-mtk-common.ko
mtk_afe_fe_trigger	snd_soc_mtk_common	vendor_dlkm/lib/modules/snd-soc-mtk-common.ko
mtk_afe_pcm_ack	snd_soc_mtk_common	vendor_dlkm/lib/modules/snd-soc-mtk-common.ko
mtk_afe_pcm_copy_user	snd_soc_mtk_common	vendor_dlkm/lib/modules/snd-soc-mtk-common.ko
mtk_afe_pcm_free	snd_soc_mtk_common	vendor_dlkm/lib/modules/snd-soc-mtk-common.ko
mtk_afe_pcm_new	snd_soc_mtk_common	vendor_dlkm/lib/modules/snd-soc-mtk-common.ko
mtk_afe_pcm_open	snd_soc_mtk_common	vendor_dlkm/lib/modules/snd-soc-mtk-common.ko
mtk_afe_pcm_platform	snd_soc_mtk_common	vendor_dlkm/lib/modules/snd-soc-mtk-common.ko
mtk_afe_pcm_pointer	snd_soc_mtk_common	vendor_dlkm/lib/modules/snd-soc-mtk-common.ko
mtk_afe_resume	snd_soc_mtk_common	vendor_dlkm/lib/modules/snd-soc-mtk-common.ko
mtk_afe_suspend	snd_soc_mtk_common	vendor_dlkm/lib/modules/snd-soc-mtk-common.ko
mtk_afe_write_reg	snd_soc_mtk_common	vendor_dlkm/lib/modules/snd-soc-mtk-common.ko
mtk_aie_register_tf_cb_7sp_2	mtk_aie_debug_7sp_2	vendor_dlkm/lib/modules/mtk_aie_debug_7sp_2.ko
mtk_audio_sram_allocate	snd_soc_mtk_common	vendor_dlkm/lib/modules/snd-soc-mtk-common.ko
mtk_audio_sram_free	snd_soc_mtk_common	vendor_dlkm/lib/modules/snd-soc-mtk-common.ko
mtk_audio_sram_get_size	snd_soc_mtk_common	vendor_dlkm/lib/modules/snd-soc-mtk-common.ko
mtk_audio_sram_init	snd_soc_mtk_common	vendor_dlkm/lib/modules/snd-soc-mtk-common.ko
mtk_audio_usb_offload_afe_hook	snd_soc_mtk_common	vendor_dlkm/lib/modules/snd-soc-mtk-common.ko
mtk_audio_usb_offload_allocate_adsp_sram	snd_soc_mtk_common	vendor_dlkm/lib/modules/snd-soc-mtk-common.ko
mtk_audio_usb_offload_allocate_afe_sram	snd_soc_mtk_common	vendor_dlkm/lib/modules/snd-soc-mtk-common.ko
mtk_audio_usb_offload_allocate_sram	snd_soc_mtk_common	vendor_dlkm/lib/modules/snd-soc-mtk-common.ko
mtk_audio_usb_offload_get_basic_sram	snd_soc_mtk_common	vendor_dlkm/lib/modules/snd-soc-mtk-common.ko
mtk_audio_usb_offload_register_ops	snd_soc_mtk_common	vendor_dlkm/lib/modules/snd-soc-mtk-common.ko
mtk_bandwidth_resource_init	ged	vendor_dlkm/lib/modules/ged.ko
mtk_cam_seninf_aov_reset_sensor	mtk_cam_isp7sp	vendor_dlkm/lib/modules/mtk-cam-isp7sp.ko
mtk_cam_seninf_aov_runtime_resume	mtk_cam_isp7sp	vendor_dlkm/lib/modules/mtk-cam-isp7sp.ko
mtk_cam_seninf_aov_runtime_suspend	mtk_cam_isp7sp	vendor_dlkm/lib/modules/mtk-cam-isp7sp.ko
mtk_cam_seninf_aov_sensor_set_mclk	mtk_cam_isp7sp	vendor_dlkm/lib/modules/mtk-cam-isp7sp.ko
mtk_cam_seninf_s_aov_param	mtk_cam_isp7sp	vendor_dlkm/lib/modules/mtk-cam-isp7sp.ko
mtk_ccci_add_new_args	ccci_util_lib	vendor_dlkm/lib/modules/ccci_util_lib.ko
mtk_ccci_find_args_val	ccci_util_lib	vendor_dlkm/lib/modules/ccci_util_lib.ko
mtk_ccci_get_md_c_smem_inf	ccci_util_lib	vendor_dlkm/lib/modules/ccci_util_lib.ko
mtk_ccci_get_md_img_cap	ccci_util_lib	vendor_dlkm/lib/modules/ccci_util_lib.ko
mtk_ccci_get_md_nc_smem_inf	ccci_util_lib	vendor_dlkm/lib/modules/ccci_util_lib.ko
mtk_ccci_get_smem_by_id	ccci_util_lib	vendor_dlkm/lib/modules/ccci_util_lib.ko
mtk_ccci_get_smem_phy_start_addr	ccci_util_lib	vendor_dlkm/lib/modules/ccci_util_lib.ko
mtk_ccci_get_smem_start_addr	ccci_util_lib	vendor_dlkm/lib/modules/ccci_util_lib.ko
mtk_ccci_open_port	ccci_md_all	vendor_dlkm/lib/modules/ccci_md_all.ko
mtk_ccci_read_data	ccci_md_all	vendor_dlkm/lib/modules/ccci_md_all.ko
mtk_ccci_register_md_state_cb	ccci_md_all	vendor_dlkm/lib/modules/ccci_md_all.ko
mtk_ccci_release_port	ccci_md_all	vendor_dlkm/lib/modules/ccci_md_all.ko
mtk_ccci_request_port	ccci_md_all	vendor_dlkm/lib/modules/ccci_md_all.ko
mtk_ccci_send_data	ccci_md_all	vendor_dlkm/lib/modules/ccci_md_all.ko
mtk_ccd_get_buffer_dmabuf	mtk_ccd_remoteproc	vendor_dlkm/lib/modules/mtk_ccd_remoteproc.ko
mtk_ccd_get_buffer_fd	mtk_ccd_remoteproc	vendor_dlkm/lib/modules/mtk_ccd_remoteproc.ko
mtk_ccd_get_buffer	mtk_ccd_remoteproc	vendor_dlkm/lib/modules/mtk_ccd_remoteproc.ko
mtk_ccd_mem_init	mtk_ccd_remoteproc	vendor_dlkm/lib/modules/mtk_ccd_remoteproc.ko
mtk_ccd_mem_release	mtk_ccd_remoteproc	vendor_dlkm/lib/modules/mtk_ccd_remoteproc.ko
mtk_ccd_put_buffer	mtk_ccd_remoteproc	vendor_dlkm/lib/modules/mtk_ccd_remoteproc.ko
mtk_ccu_da_to_va	mtk_ccuv	vendor_dlkm/lib/modules/mtk_ccuv.ko
mtk_ccu_get_pdev	mtk_ccuv	vendor_dlkm/lib/modules/mtk_ccuv.ko
mtk_ccu_ipc_register	mtk_ccuv	vendor_dlkm/lib/modules/mtk_ccuv.ko
mtk_ccu_ipc_unregister	mtk_ccuv	vendor_dlkm/lib/modules/mtk_ccuv.ko
mtk_ccu_rproc_get_inforeg	mtk_ccuv	vendor_dlkm/lib/modules/mtk_ccuv.ko
mtk_ccu_rproc_ipc_send	mtk_ccuv	vendor_dlkm/lib/modules/mtk_ccuv.ko
mtk_common_rate_change_notify_fp	mali_kbase_mt6878_r44	vendor_dlkm/lib/modules/mali_kbase_mt6878_r44.ko
mtk_cpuidle_status_exit	mtk_lpm_dbg_common_v2	vendor_dlkm/lib/modules/mtk-lpm-dbg-common-v2.ko
mtk_cpuidle_status_init	mtk_lpm_dbg_common_v2	vendor_dlkm/lib/modules/mtk-lpm-dbg-common-v2.ko
mtk_cpuidle_sysfs_entry_node_add	mtk_lpm	vendor_dlkm/lib/modules/mtk-lpm.ko
mtk_cpuidle_sysfs_entry_node_remove	mtk_lpm	vendor_dlkm/lib/modules/mtk-lpm.ko
mtk_cpuidle_sysfs_entry_root_get	mtk_lpm	vendor_dlkm/lib/modules/mtk-lpm.ko
mtk_cpuidle_sysfs_remove	mtk_lpm	vendor_dlkm/lib/modules/mtk-lpm.ko
mtk_cpuidle_sysfs_root_entry_create	mtk_lpm	vendor_dlkm/lib/modules/mtk-lpm.ko
mtk_cpuidle_sysfs_sub_entry_add	mtk_lpm	vendor_dlkm/lib/modules/mtk-lpm.ko
mtk_cpuidle_sysfs_sub_entry_node_add	mtk_lpm	vendor_dlkm/lib/modules/mtk-lpm.ko
mtk_cpupm_dbg_exit	mtk_lpm_dbg_common_v2	vendor_dlkm/lib/modules/mtk-lpm-dbg-common-v2.ko
mtk_cpupm_dbg_init	mtk_lpm_dbg_common_v2	vendor_dlkm/lib/modules/mtk-lpm-dbg-common-v2.ko
mtk_cpuqos_css_map	cpuqos_v3	vendor_dlkm/lib/modules/cpuqos_v3.ko
mtk_cpuqos_set	cpuqos_v3	vendor_dlkm/lib/modules/cpuqos_v3.ko
mtk_cpu_util	cpufreq_sugov_ext	vendor_dlkm/lib/modules/cpufreq_sugov_ext.ko
mtk_create_client_msgdevice	ccd_rpmsg	vendor_dlkm/lib/modules/ccd_rpmsg.ko
mtk_custom_boost_gpu_freq_fp	mtk_gpu_hal	vendor_dlkm/lib/modules/mtk_gpu_hal.ko
mtk_custom_boost_gpu_freq	mtk_gpu_hal	vendor_dlkm/lib/modules/mtk_gpu_hal.ko
mtk_custom_get_gpu_freq_level_count_fp	mtk_gpu_hal	vendor_dlkm/lib/modules/mtk_gpu_hal.ko
mtk_custom_get_gpu_freq_level_count	mtk_gpu_hal	vendor_dlkm/lib/modules/mtk_gpu_hal.ko
mtk_custom_upbound_gpu_freq_fp	mtk_gpu_hal	vendor_dlkm/lib/modules/mtk_gpu_hal.ko
mtk_custom_upbound_gpu_freq	mtk_gpu_hal	vendor_dlkm/lib/modules/mtk_gpu_hal.ko
mtk_destroy_client_msgdevice	ccd_rpmsg	vendor_dlkm/lib/modules/ccd_rpmsg.ko
mtk_dma_sync_sg_range	mtk_vcodec_common	vendor_dlkm/lib/modules/mtk-vcodec-common.ko
mtk_dramc_get_data_rate_symbol	met	vendor_dlkm/lib/modules/met.ko
mtk_dramc_get_ddr_type_symbol	met	vendor_dlkm/lib/modules/met.ko
mtk_dsp_pcm_platform	snd_soc_audiodsp_common	vendor_dlkm/lib/modules/snd-soc-audiodsp-common.ko
mtk_dump_gpu_memory_usage_fp	mtk_gpu_hal	vendor_dlkm/lib/modules/mtk_gpu_hal.ko
mtk_dump_gpu_memory_usage	mtk_gpu_hal	vendor_dlkm/lib/modules/mtk_gpu_hal.ko
mtk_dvfs_loading_mode_fp	mtk_gpu_hal	vendor_dlkm/lib/modules/mtk_gpu_hal.ko
mtk_dvfs_loading_mode	mtk_gpu_hal	vendor_dlkm/lib/modules/mtk_gpu_hal.ko
mtk_dvfs_margin_value_fp	mtk_gpu_hal	vendor_dlkm/lib/modules/mtk_gpu_hal.ko
mtk_dvfs_margin_value	mtk_gpu_hal	vendor_dlkm/lib/modules/mtk_gpu_hal.ko
mtk_dvfs_workload_mode_fp	mtk_gpu_hal	vendor_dlkm/lib/modules/mtk_gpu_hal.ko
mtk_dvfs_workload_mode	mtk_gpu_hal	vendor_dlkm/lib/modules/mtk_gpu_hal.ko
mtk_dynamic_irq_acquire	snd_soc_mtk_common	vendor_dlkm/lib/modules/snd-soc-mtk-common.ko
mtk_dynamic_irq_release	snd_soc_mtk_common	vendor_dlkm/lib/modules/snd-soc-mtk-common.ko
mtk_exporter_init	snd_soc_mtk_common	vendor_dlkm/lib/modules/snd-soc-mtk-common.ko
mtk_ext_spk_enable	mtk_sp_spk_amp	vendor_dlkm/lib/modules/mtk-sp-spk-amp.ko
mtk_ext_spk_get_status	mtk_sp_spk_amp	vendor_dlkm/lib/modules/mtk-sp-spk-amp.ko
mtk_get_adsp_dram_gen_pool	snd_soc_audiodsp_common	vendor_dlkm/lib/modules/snd-soc-audiodsp-common.ko
mtk_get_bottom_gpu_freq_fp	mtk_gpu_hal	vendor_dlkm/lib/modules/mtk_gpu_hal.ko
mtk_get_bottom_gpu_freq	mtk_gpu_hal	vendor_dlkm/lib/modules/mtk_gpu_hal.ko
mtk_get_channel_value	snd_soc_mtk_common	vendor_dlkm/lib/modules/snd-soc-mtk-common.ko
mtk_get_client_msgdevice	ccd_rpmsg	vendor_dlkm/lib/modules/ccd_rpmsg.ko
mtk_get_dsu_freq	cpufreq_sugov_ext	vendor_dlkm/lib/modules/cpufreq_sugov_ext.ko
mtk_get_dvfs_loading_mode_fp	mtk_gpu_hal	vendor_dlkm/lib/modules/mtk_gpu_hal.ko
mtk_get_dvfs_loading_mode	mtk_gpu_hal	vendor_dlkm/lib/modules/mtk_gpu_hal.ko
mtk_get_dvfs_margin_value_fp	mtk_gpu_hal	vendor_dlkm/lib/modules/mtk_gpu_hal.ko
mtk_get_dvfs_margin_value	mtk_gpu_hal	vendor_dlkm/lib/modules/mtk_gpu_hal.ko
mtk_get_dvfs_workload_mode_fp	mtk_gpu_hal	vendor_dlkm/lib/modules/mtk_gpu_hal.ko
mtk_get_dvfs_workload_mode	mtk_gpu_hal	vendor_dlkm/lib/modules/mtk_gpu_hal.ko
mtk_get_fastdvfs_mode_fp	mtk_gpu_hal	vendor_dlkm/lib/modules/mtk_gpu_hal.ko
mtk_get_fastdvfs_mode	mtk_gpu_hal	vendor_dlkm/lib/modules/mtk_gpu_hal.ko
mtk_get_gpu_block_fp	mtk_gpu_hal	vendor_dlkm/lib/modules/mtk_gpu_hal.ko
mtk_get_gpu_block	mtk_gpu_hal	vendor_dlkm/lib/modules/mtk_gpu_hal.ko
mtk_get_gpu_block_symbol	met	vendor_dlkm/lib/modules/met.ko
mtk_get_gpu_bottom_freq_fp	mtk_gpu_hal	vendor_dlkm/lib/modules/mtk_gpu_hal.ko
mtk_get_gpu_bottom_freq	mtk_gpu_hal	vendor_dlkm/lib/modules/mtk_gpu_hal.ko
mtk_get_gpu_ceiling_index	mtk_gpu_hal	vendor_dlkm/lib/modules/mtk_gpu_hal.ko
mtk_get_gpu_ceiling_index_symbol	met	vendor_dlkm/lib/modules/met.ko
mtk_get_gpu_ceiling_limiter	mtk_gpu_hal	vendor_dlkm/lib/modules/mtk_gpu_hal.ko
mtk_get_gpu_ceiling_limiter_symbol	met	vendor_dlkm/lib/modules/met.ko
mtk_get_gpu_cur_freq_fp	mtk_gpu_hal	vendor_dlkm/lib/modules/mtk_gpu_hal.ko
mtk_get_gpu_cur_freq	mtk_gpu_hal	vendor_dlkm/lib/modules/mtk_gpu_hal.ko
mtk_get_gpu_cur_freq_symbol	met	vendor_dlkm/lib/modules/met.ko
mtk_get_gpu_cur_oppidx_fp	mtk_gpu_hal	vendor_dlkm/lib/modules/mtk_gpu_hal.ko
mtk_get_gpu_cur_oppidx	mtk_gpu_hal	vendor_dlkm/lib/modules/mtk_gpu_hal.ko
mtk_get_gpu_cur_oppidx_symbol	met	vendor_dlkm/lib/modules/met.ko
mtk_get_gpu_floor_index	mtk_gpu_hal	vendor_dlkm/lib/modules/mtk_gpu_hal.ko
mtk_get_gpu_floor_index_symbol	met	vendor_dlkm/lib/modules/met.ko
mtk_get_gpu_floor_limiter	mtk_gpu_hal	vendor_dlkm/lib/modules/mtk_gpu_hal.ko
mtk_get_gpu_floor_limiter_symbol	met	vendor_dlkm/lib/modules/met.ko
mtk_get_gpu_idle_fp	mtk_gpu_hal	vendor_dlkm/lib/modules/mtk_gpu_hal.ko
mtk_get_gpu_idle	mtk_gpu_hal	vendor_dlkm/lib/modules/mtk_gpu_hal.ko
mtk_get_gpu_idle_symbol	met	vendor_dlkm/lib/modules/met.ko
mtk_get_gpu_limiter_fp	mtk_gpu_hal	vendor_dlkm/lib/modules/mtk_gpu_hal.ko
mtk_get_gpu_limit_index_fp	mtk_gpu_hal	vendor_dlkm/lib/modules/mtk_gpu_hal.ko
mtk_get_gpu_loading_fp	mtk_gpu_hal	vendor_dlkm/lib/modules/mtk_gpu_hal.ko
mtk_get_gpu_loading	mtk_gpu_hal	vendor_dlkm/lib/modules/mtk_gpu_hal.ko
mtk_get_gpu_loading_symbol	met	vendor_dlkm/lib/modules/met.ko
mtk_get_gpu_memory_pool_fp	mtk_gpu_hal	vendor_dlkm/lib/modules/mtk_gpu_hal.ko
mtk_get_gpu_memory_pool	mtk_gpu_hal	vendor_dlkm/lib/modules/mtk_gpu_hal.ko
mtk_get_gpu_memory_usage_fp	mtk_gpu_hal	vendor_dlkm/lib/modules/mtk_gpu_hal.ko
mtk_get_gpu_memory_usage	mtk_gpu_hal	vendor_dlkm/lib/modules/mtk_gpu_hal.ko
mtk_get_gpu_pmu_deinit_fp	mtk_gpu_hal	vendor_dlkm/lib/modules/mtk_gpu_hal.ko
mtk_get_gpu_pmu_deinit	mtk_gpu_hal	vendor_dlkm/lib/modules/mtk_gpu_hal.ko
mtk_get_gpu_pmu_deinit_symbol	met	vendor_dlkm/lib/modules/met.ko
mtk_get_gpu_pmu_init_fp	mtk_gpu_hal	vendor_dlkm/lib/modules/mtk_gpu_hal.ko
mtk_get_gpu_pmu_init	mtk_gpu_hal	vendor_dlkm/lib/modules/mtk_gpu_hal.ko
mtk_get_gpu_pmu_init_symbol	met	vendor_dlkm/lib/modules/met.ko
mtk_get_gpu_pmu_swapnreset_fp	mtk_gpu_hal	vendor_dlkm/lib/modules/mtk_gpu_hal.ko
mtk_get_gpu_pmu_swapnreset	mtk_gpu_hal	vendor_dlkm/lib/modules/mtk_gpu_hal.ko
mtk_get_gpu_pmu_swapnreset_stop_fp	mtk_gpu_hal	vendor_dlkm/lib/modules/mtk_gpu_hal.ko
mtk_get_gpu_pmu_swapnreset_stop	mtk_gpu_hal	vendor_dlkm/lib/modules/mtk_gpu_hal.ko
mtk_get_gpu_pmu_swapnreset_stop_symbol	met	vendor_dlkm/lib/modules/met.ko
mtk_get_gpu_pmu_swapnreset_symbol	met	vendor_dlkm/lib/modules/met.ko
mtk_gether_cleanup	mtk_u_ether	vendor_dlkm/lib/modules/mtk_u_ether.ko
mtk_gether_connect	mtk_u_ether	vendor_dlkm/lib/modules/mtk_u_ether.ko
mtk_gether_disconnect	mtk_u_ether	vendor_dlkm/lib/modules/mtk_u_ether.ko
mtk_gether_get_dev_addr	mtk_u_ether	vendor_dlkm/lib/modules/mtk_u_ether.ko
mtk_gether_get_host_addr_cdc	mtk_u_ether	vendor_dlkm/lib/modules/mtk_u_ether.ko
mtk_gether_get_host_addr	mtk_u_ether	vendor_dlkm/lib/modules/mtk_u_ether.ko
mtk_gether_get_host_addr_u8	mtk_u_ether	vendor_dlkm/lib/modules/mtk_u_ether.ko
mtk_gether_get_ifname	mtk_u_ether	vendor_dlkm/lib/modules/mtk_u_ether.ko
mtk_gether_get_qmult	mtk_u_ether	vendor_dlkm/lib/modules/mtk_u_ether.ko
mtk_gether_register_netdev	mtk_u_ether	vendor_dlkm/lib/modules/mtk_u_ether.ko
mtk_gether_set_dev_addr	mtk_u_ether	vendor_dlkm/lib/modules/mtk_u_ether.ko
mtk_gether_set_gadget	mtk_u_ether	vendor_dlkm/lib/modules/mtk_u_ether.ko
mtk_gether_set_host_addr	mtk_u_ether	vendor_dlkm/lib/modules/mtk_u_ether.ko
mtk_gether_set_qmult	mtk_u_ether	vendor_dlkm/lib/modules/mtk_u_ether.ko
mtk_gether_setup_name_default	mtk_u_ether	vendor_dlkm/lib/modules/mtk_u_ether.ko
mtk_gether_setup_name	mtk_u_ether	vendor_dlkm/lib/modules/mtk_u_ether.ko
mtk_get_ipi_buf_scene_adsp	snd_soc_audiodsp_common	vendor_dlkm/lib/modules/snd-soc-audiodsp-common.ko
mtk_get_leakage	cpufreq_sugov_ext	vendor_dlkm/lib/modules/cpufreq_sugov_ext.ko
mtk_get_loading_base_dvfs_step_fp	mtk_gpu_hal	vendor_dlkm/lib/modules/mtk_gpu_hal.ko
mtk_get_loading_base_dvfs_step	mtk_gpu_hal	vendor_dlkm/lib/modules/mtk_gpu_hal.ko
mtk_get_mmap_dl_buffer	snd_soc_mtk_common	vendor_dlkm/lib/modules/snd-soc-mtk-common.ko
mtk_get_mmap_dl_fd	snd_soc_mtk_common	vendor_dlkm/lib/modules/snd-soc-mtk-common.ko
mtk_get_mmap_ul_buffer	snd_soc_mtk_common	vendor_dlkm/lib/modules/snd-soc-mtk-common.ko
mtk_get_mmap_ul_fd	snd_soc_mtk_common	vendor_dlkm/lib/modules/snd-soc-mtk-common.ko
mtk_get_timer_base_dvfs_margin_fp	mtk_gpu_hal	vendor_dlkm/lib/modules/mtk_gpu_hal.ko
mtk_get_timer_base_dvfs_margin	mtk_gpu_hal	vendor_dlkm/lib/modules/mtk_gpu_hal.ko
mtk_gpueb_dvfs_commit	ged	vendor_dlkm/lib/modules/ged.ko
mtk_gpueb_dvfs_dcs_commit	ged	vendor_dlkm/lib/modules/ged.ko
mtk_gpueb_dvfs_get_cur_freq	ged	vendor_dlkm/lib/modules/ged.ko
mtk_gpueb_dvfs_get_desire_freq_dual	ged	vendor_dlkm/lib/modules/ged.ko
mtk_gpueb_dvfs_get_desire_freq	ged	vendor_dlkm/lib/modules/ged.ko
mtk_gpueb_dvfs_get_frame_loading	ged	vendor_dlkm/lib/modules/ged.ko
mtk_gpueb_dvfs_get_mode	ged	vendor_dlkm/lib/modules/ged.ko
mtk_gpueb_dvfs_set_feedback_info	ged	vendor_dlkm/lib/modules/ged.ko
mtk_gpueb_dvfs_set_frame_base_dvfs	ged	vendor_dlkm/lib/modules/ged.ko
mtk_gpueb_dvfs_set_frame_done	ged	vendor_dlkm/lib/modules/ged.ko
mtk_gpueb_dvfs_set_mode	ged	vendor_dlkm/lib/modules/ged.ko
mtk_gpueb_dvfs_set_taget_frame_time	ged	vendor_dlkm/lib/modules/ged.ko
mtk_gpueb_power_modle_cmd	ged	vendor_dlkm/lib/modules/ged.ko
mtk_gpueb_set_fallback_mode	ged	vendor_dlkm/lib/modules/ged.ko
mtk_gpueb_set_power_state	ged	vendor_dlkm/lib/modules/ged.ko
mtk_gpueb_set_stability_mode	ged	vendor_dlkm/lib/modules/ged.ko
mtk_gpueb_sysram_batch_read	ged	vendor_dlkm/lib/modules/ged.ko
mtk_gpueb_sysram_read	ged	vendor_dlkm/lib/modules/ged.ko
mtk_gpueb_sysram_write	ged	vendor_dlkm/lib/modules/ged.ko
mtk_gpu_fence_debug_dump_fp	mtk_gpu_hal	vendor_dlkm/lib/modules/mtk_gpu_hal.ko
mtk_gpu_fence_debug_dump	mtk_gpu_hal	vendor_dlkm/lib/modules/mtk_gpu_hal.ko
MTKGPUQoS_getBW	mtk_gpu_qos	vendor_dlkm/lib/modules/mtk_gpu_qos.ko
MTKGPUQoS_is_inited	mtk_gpu_qos	vendor_dlkm/lib/modules/mtk_gpu_qos.ko
MTKGPUQoS_mode	mtk_gpu_qos	vendor_dlkm/lib/modules/mtk_gpu_qos.ko
MTKGPUQoS_setup	mtk_gpu_qos	vendor_dlkm/lib/modules/mtk_gpu_qos.ko
mtk_hcp_allocate_working_buffer	mtk_hcp	vendor_dlkm/lib/modules/mtk_hcp.ko
mtk_hcp_get_current_task	mtk_hcp	vendor_dlkm/lib/modules/mtk_hcp.ko
mtk_hcp_get_dip_mem_cq_fd	mtk_hcp	vendor_dlkm/lib/modules/mtk_hcp.ko
mtk_hcp_get_dip_mem_tdr_fd	mtk_hcp	vendor_dlkm/lib/modules/mtk_hcp.ko
mtk_hcp_get_dip_mem_virt	mtk_hcp	vendor_dlkm/lib/modules/mtk_hcp.ko
mtk_hcp_get_gce_buffer	mtk_hcp	vendor_dlkm/lib/modules/mtk_hcp.ko
mtk_hcp_get_gce_mem_virt	mtk_hcp	vendor_dlkm/lib/modules/mtk_hcp.ko
mtk_hcp_get_gce_token_mem_virt	mtk_hcp	vendor_dlkm/lib/modules/mtk_hcp.ko
mtk_hcp_get_hwid_mem_virt	mtk_hcp	vendor_dlkm/lib/modules/mtk_hcp.ko
mtk_hcp_get_init_info	mtk_hcp	vendor_dlkm/lib/modules/mtk_hcp.ko
mtk_hcp_get_mem_info	mtk_hcp	vendor_dlkm/lib/modules/mtk_hcp.ko
mtk_hcp_get_plat_device	mtk_hcp	vendor_dlkm/lib/modules/mtk_hcp.ko
mtk_hcp_get_pqdip_mem_cq_fd	mtk_hcp	vendor_dlkm/lib/modules/mtk_hcp.ko
mtk_hcp_get_pqdip_mem_tdr_fd	mtk_hcp	vendor_dlkm/lib/modules/mtk_hcp.ko
mtk_hcp_get_pqdip_mem_virt	mtk_hcp	vendor_dlkm/lib/modules/mtk_hcp.ko
mtk_hcp_get_reserve_mem_dma	mtk_hcp	vendor_dlkm/lib/modules/mtk_hcp.ko
mtk_hcp_get_reserve_mem_fd	mtk_hcp	vendor_dlkm/lib/modules/mtk_hcp.ko
mtk_hcp_get_reserve_mem_phys	mtk_hcp	vendor_dlkm/lib/modules/mtk_hcp.ko
mtk_hcp_get_reserve_mem_size	mtk_hcp	vendor_dlkm/lib/modules/mtk_hcp.ko
mtk_hcp_get_reserve_mem_virt	mtk_hcp	vendor_dlkm/lib/modules/mtk_hcp.ko
mtk_hcp_get_traw_mem_cq_fd	mtk_hcp	vendor_dlkm/lib/modules/mtk_hcp.ko
mtk_hcp_get_traw_mem_tdr_fd	mtk_hcp	vendor_dlkm/lib/modules/mtk_hcp.ko
mtk_hcp_get_traw_mem_virt	mtk_hcp	vendor_dlkm/lib/modules/mtk_hcp.ko
mtk_hcp_get_wpe_mem_cq_fd	mtk_hcp	vendor_dlkm/lib/modules/mtk_hcp.ko
mtk_hcp_get_wpe_mem_tdr_fd	mtk_hcp	vendor_dlkm/lib/modules/mtk_hcp.ko
mtk_hcp_get_wpe_mem_virt	mtk_hcp	vendor_dlkm/lib/modules/mtk_hcp.ko
mtk_hcp_init_KernelFence	mtk_hcp	vendor_dlkm/lib/modules/mtk_hcp.ko
mtk_hcp_ioc_release_working_buffer	mtk_hcp	vendor_dlkm/lib/modules/mtk_hcp.ko
mtk_hcp_kernel_db_write	mtk_hcp	vendor_dlkm/lib/modules/mtk_hcp.ko
mtk_hcp_partial_flush	mtk_hcp	vendor_dlkm/lib/modules/mtk_hcp.ko
mtk_hcp_purge_msg	mtk_hcp	vendor_dlkm/lib/modules/mtk_hcp.ko
mtk_hcp_put_gce_buffer	mtk_hcp	vendor_dlkm/lib/modules/mtk_hcp.ko
mtk_hcp_register	mtk_hcp	vendor_dlkm/lib/modules/mtk_hcp.ko
mtk_hcp_release_gce_working_buffer	mtk_hcp	vendor_dlkm/lib/modules/mtk_hcp.ko
mtk_hcp_release_working_buffer	mtk_hcp	vendor_dlkm/lib/modules/mtk_hcp.ko
mtk_hcp_send_async	mtk_hcp	vendor_dlkm/lib/modules/mtk_hcp.ko
mtk_hcp_send	mtk_hcp	vendor_dlkm/lib/modules/mtk_hcp.ko
mtk_hcp_set_apu_dc	mtk_hcp	vendor_dlkm/lib/modules/mtk_hcp.ko
mtk_hcp_set_KernelFence	mtk_hcp	vendor_dlkm/lib/modules/mtk_hcp.ko
mtk_hcp_set_reserve_mem_fd	mtk_hcp	vendor_dlkm/lib/modules/mtk_hcp.ko
mtk_hcp_set_reserve_mem_virt	mtk_hcp	vendor_dlkm/lib/modules/mtk_hcp.ko
mtk_hcp_uninit_KernelFence	mtk_hcp	vendor_dlkm/lib/modules/mtk_hcp.ko
mtk_hcp_unregister	mtk_hcp	vendor_dlkm/lib/modules/mtk_hcp.ko
mtk_imgsys_cmdq_get_plat_dev	mtk_imgsys_cmdq	vendor_dlkm/lib/modules/mtk_imgsys_cmdq.ko
mtk_imgsys_main_power_ctrl	mtk_imgsys_cmdq	vendor_dlkm/lib/modules/mtk_imgsys_cmdq.ko
mtk_imgsys_mmdvfs_init	mtk_imgsys_cmdq	vendor_dlkm/lib/modules/mtk_imgsys_cmdq.ko
mtk_imgsys_mmdvfs_uninit	mtk_imgsys_cmdq	vendor_dlkm/lib/modules/mtk_imgsys_cmdq.ko
mtk_imgsys_mmqos_init	mtk_imgsys_cmdq	vendor_dlkm/lib/modules/mtk_imgsys_cmdq.ko
mtk_imgsys_mmqos_uninit	mtk_imgsys_cmdq	vendor_dlkm/lib/modules/mtk_imgsys_cmdq.ko
mtk_imgsys_power_ctrl	mtk_imgsys_cmdq	vendor_dlkm/lib/modules/mtk_imgsys_cmdq.ko
mtk_imgsys_probe	mtk_imgsys_v4l2	vendor_dlkm/lib/modules/mtk_imgsys_v4l2.ko
mtk_imgsys_remove	mtk_imgsys_v4l2	vendor_dlkm/lib/modules/mtk_imgsys_v4l2.ko
mtk_imgsys_runtime_resume	mtk_imgsys_v4l2	vendor_dlkm/lib/modules/mtk_imgsys_v4l2.ko
mtk_imgsys_runtime_suspend	mtk_imgsys_v4l2	vendor_dlkm/lib/modules/mtk_imgsys_v4l2.ko
mtk_imgsys_shutdown	mtk_imgsys_v4l2	vendor_dlkm/lib/modules/mtk_imgsys_v4l2.ko
mtk_ipi_device_register	mtk_tinysys_ipi	vendor_dlkm/lib/modules/mtk_tinysys_ipi.ko
mtk_ipi_device_reset	mtk_tinysys_ipi	vendor_dlkm/lib/modules/mtk_tinysys_ipi.ko
mtk_ipi_recv	mtk_tinysys_ipi	vendor_dlkm/lib/modules/mtk_tinysys_ipi.ko
mtk_ipi_recv_reply	mtk_tinysys_ipi	vendor_dlkm/lib/modules/mtk_tinysys_ipi.ko
mtk_ipi_recv_reply_symbol	met	vendor_dlkm/lib/modules/met.ko
mtk_ipi_register	mtk_tinysys_ipi	vendor_dlkm/lib/modules/mtk_tinysys_ipi.ko
mtk_ipi_register_symbol	met	vendor_dlkm/lib/modules/met.ko
mtk_ipi_send_compl	mtk_tinysys_ipi	vendor_dlkm/lib/modules/mtk_tinysys_ipi.ko
mtk_ipi_send_compl_symbol	met	vendor_dlkm/lib/modules/met.ko
mtk_ipi_send	mtk_tinysys_ipi	vendor_dlkm/lib/modules/mtk_tinysys_ipi.ko
mtk_ipi_send_symbol	met	vendor_dlkm/lib/modules/met.ko
mtk_ipi_tracking	mtk_tinysys_ipi	vendor_dlkm/lib/modules/mtk_tinysys_ipi.ko
mtk_ipi_unregister	mtk_tinysys_ipi	vendor_dlkm/lib/modules/mtk_tinysys_ipi.ko
mtk_ipi_unregister_symbol	met	vendor_dlkm/lib/modules/met.ko
mtk_irq_set_disable	snd_soc_mtk_common	vendor_dlkm/lib/modules/snd-soc-mtk-common.ko
mtk_irq_set_enable	snd_soc_mtk_common	vendor_dlkm/lib/modules/snd-soc-mtk-common.ko
mtk_ispdvfs_dbg_level	mtk_vmm_isp71_regulator	vendor_dlkm/lib/modules/mtk-vmm-isp71-regulator.ko
mtk_ispdvfs_fix_dvfs	mtk_vmm_isp71_regulator	vendor_dlkm/lib/modules/mtk-vmm-isp71-regulator.ko
mtk_kbase_csf_firmware_ke_dump_fwlog	mali_kbase_mt6878_r44	vendor_dlkm/lib/modules/mali_kbase_mt6878_r44.ko
mtk_leds_register_notifier_symbol	met	vendor_dlkm/lib/modules/met.ko
mtk_leds_unregister_notifier_symbol	met	vendor_dlkm/lib/modules/met.ko
mtk_loading_base_dvfs_step_fp	mtk_gpu_hal	vendor_dlkm/lib/modules/mtk_gpu_hal.ko
mtk_loading_base_dvfs_step	mtk_gpu_hal	vendor_dlkm/lib/modules/mtk_gpu_hal.ko
mtk_lpm_sysfs_entry_node_add	mtk_lpm	vendor_dlkm/lib/modules/mtk-lpm.ko
mtk_lpm_sysfs_entry_node_remove	mtk_lpm	vendor_dlkm/lib/modules/mtk-lpm.ko
mtk_lpm_sysfs_entry_root_get	mtk_lpm	vendor_dlkm/lib/modules/mtk-lpm.ko
mtk_lpm_sysfs_remove	mtk_lpm	vendor_dlkm/lib/modules/mtk-lpm.ko
mtk_lpm_sysfs_root_entry_create	mtk_lpm	vendor_dlkm/lib/modules/mtk-lpm.ko
mtk_lpm_sysfs_sub_entry_add	mtk_lpm	vendor_dlkm/lib/modules/mtk-lpm.ko
mtk_lpm_sysfs_sub_entry_node_add	mtk_lpm	vendor_dlkm/lib/modules/mtk-lpm.ko
mtk_lp_sysfs_entry_func_create	mtk_lpm	vendor_dlkm/lib/modules/mtk-lpm.ko
mtk_lp_sysfs_entry_func_group_create	mtk_lpm	vendor_dlkm/lib/modules/mtk-lpm.ko
mtk_lp_sysfs_entry_func_node_add	mtk_lpm	vendor_dlkm/lib/modules/mtk-lpm.ko
mtk_lp_sysfs_entry_func_node_remove	mtk_lpm	vendor_dlkm/lib/modules/mtk-lpm.ko
MTK_LTR_gpu_pmu_resume	mali_kbase_mt6878_r44	vendor_dlkm/lib/modules/mali_kbase_mt6878_r44.ko
mtk_ltr_gpu_pmu_start_fp	mtk_gpu_hal	vendor_dlkm/lib/modules/mtk_gpu_hal.ko
MTK_LTR_gpu_pmu_start	mali_kbase_mt6878_r44	vendor_dlkm/lib/modules/mali_kbase_mt6878_r44.ko
mtk_ltr_gpu_pmu_start	mtk_gpu_hal	vendor_dlkm/lib/modules/mtk_gpu_hal.ko
MTK_LTR_gpu_pmu_start_swpm	mali_kbase_mt6878_r44	vendor_dlkm/lib/modules/mali_kbase_mt6878_r44.ko
mtk_ltr_gpu_pmu_stop_fp	mtk_gpu_hal	vendor_dlkm/lib/modules/mtk_gpu_hal.ko
MTK_LTR_gpu_pmu_stop	mali_kbase_mt6878_r44	vendor_dlkm/lib/modules/mali_kbase_mt6878_r44.ko
mtk_ltr_gpu_pmu_stop	mtk_gpu_hal	vendor_dlkm/lib/modules/mtk_gpu_hal.ko
MTK_LTR_gpu_pmu_suspend	mali_kbase_mt6878_r44	vendor_dlkm/lib/modules/mali_kbase_mt6878_r44.ko
mtk_map_util_freq	cpufreq_sugov_ext	vendor_dlkm/lib/modules/cpufreq_sugov_ext.ko
mtk_mbox_cb_register	mtk_mbox	vendor_dlkm/lib/modules/mtk-mbox.ko
mtk_mbox_check_send_irq	mtk_mbox	vendor_dlkm/lib/modules/mtk-mbox.ko
mtk_mbox_clr_index_record	mtk_mbox	vendor_dlkm/lib/modules/mtk-mbox.ko
mtk_mbox_clr_irq	mtk_mbox	vendor_dlkm/lib/modules/mtk-mbox.ko
mtk_mbox_dump_all	mtk_mbox	vendor_dlkm/lib/modules/mtk-mbox.ko
mtk_mbox_dump	mtk_mbox	vendor_dlkm/lib/modules/mtk-mbox.ko
mtk_mbox_dump_recv	mtk_mbox	vendor_dlkm/lib/modules/mtk-mbox.ko
mtk_mbox_dump_recv_pin	mtk_mbox	vendor_dlkm/lib/modules/mtk-mbox.ko
mtk_mbox_dump_send	mtk_mbox	vendor_dlkm/lib/modules/mtk-mbox.ko
mtk_mbox_get_index_record	mtk_mbox	vendor_dlkm/lib/modules/mtk-mbox.ko
mtk_mbox_log_enable	mtk_mbox	vendor_dlkm/lib/modules/mtk-mbox.ko
mtk_mbox_polling	mtk_mbox	vendor_dlkm/lib/modules/mtk-mbox.ko
mtk_mbox_print_minfo	mtk_mbox	vendor_dlkm/lib/modules/mtk-mbox.ko
mtk_mbox_print_recv	mtk_mbox	vendor_dlkm/lib/modules/mtk-mbox.ko
mtk_mbox_print_send	mtk_mbox	vendor_dlkm/lib/modules/mtk-mbox.ko
mtk_mbox_probe	mtk_mbox	vendor_dlkm/lib/modules/mtk-mbox.ko
mtk_mbox_read_hd	mtk_mbox	vendor_dlkm/lib/modules/mtk-mbox.ko
mtk_mbox_read	mtk_mbox	vendor_dlkm/lib/modules/mtk-mbox.ko
mtk_mbox_read_recv_irq	mtk_mbox	vendor_dlkm/lib/modules/mtk-mbox.ko
mtk_mbox_reset_record	mtk_mbox	vendor_dlkm/lib/modules/mtk-mbox.ko
mtk_mbox_send	mtk_rpmsg_mbox	vendor_dlkm/lib/modules/mtk_rpmsg_mbox.ko
mtk_mbox_set_base_addr	mtk_mbox	vendor_dlkm/lib/modules/mtk-mbox.ko
mtk_mbox_set_base_reg	mtk_mbox	vendor_dlkm/lib/modules/mtk-mbox.ko
mtk_mbox_trigger_irq	mtk_mbox	vendor_dlkm/lib/modules/mtk-mbox.ko
mtk_mbox_write_hd	mtk_mbox	vendor_dlkm/lib/modules/mtk-mbox.ko
mtk_mbox_write	mtk_mbox	vendor_dlkm/lib/modules/mtk-mbox.ko
mtk_memif_set_addr	snd_soc_mtk_common	vendor_dlkm/lib/modules/snd-soc-mtk-common.ko
mtk_memif_set_channel	snd_soc_mtk_common	vendor_dlkm/lib/modules/snd-soc-mtk-common.ko
mtk_memif_set_disable	snd_soc_mtk_common	vendor_dlkm/lib/modules/snd-soc-mtk-common.ko
mtk_memif_set_enable	snd_soc_mtk_common	vendor_dlkm/lib/modules/snd-soc-mtk-common.ko
mtk_memif_set_format	snd_soc_mtk_common	vendor_dlkm/lib/modules/snd-soc-mtk-common.ko
mtk_memif_set_pbuf_size	snd_soc_mtk_common	vendor_dlkm/lib/modules/snd-soc-mtk-common.ko
mtk_memif_set_rate	snd_soc_mtk_common	vendor_dlkm/lib/modules/snd-soc-mtk-common.ko
mtk_memif_set_rate_substream	snd_soc_mtk_common	vendor_dlkm/lib/modules/snd-soc-mtk-common.ko
mtk_notify_gpu_freq_change_fp	mtk_gpu_hal	vendor_dlkm/lib/modules/mtk_gpu_hal.ko
mtk_notify_gpu_freq_change	mtk_gpu_hal	vendor_dlkm/lib/modules/mtk_gpu_hal.ko
mtk_notify_gpu_power_change	mtk_gpu_hal	vendor_dlkm/lib/modules/mtk_gpu_hal.ko
mtk_offload_deinit_rsv_sram	usb_offload	vendor_dlkm/lib/modules/usb_offload.ko
mtk_offload_free_mem	usb_offload	vendor_dlkm/lib/modules/usb_offload.ko
mtk_offload_get_rsv_mem_info	usb_offload	vendor_dlkm/lib/modules/usb_offload.ko
mtk_offload_init_rsv_dram	usb_offload	vendor_dlkm/lib/modules/usb_offload.ko
mtk_offload_init_rsv_sram	usb_offload	vendor_dlkm/lib/modules/usb_offload.ko
mtk_offload_is_advlowpwr	usb_offload	vendor_dlkm/lib/modules/usb_offload.ko
mtk_register_gpu_power_change	mtk_gpu_hal	vendor_dlkm/lib/modules/mtk_gpu_hal.ko
mtk_register_swpm_ops	mtk_swpm	vendor_dlkm/lib/modules/mtk-swpm.ko
mtk_regmap_update_bits	snd_soc_mtk_common	vendor_dlkm/lib/modules/snd-soc-mtk-common.ko
mtk_regmap_write	snd_soc_mtk_common	vendor_dlkm/lib/modules/snd-soc-mtk-common.ko
mtk_rndis_add_hdr	mtk_usb_f_rndis	vendor_dlkm/lib/modules/mtk_usb_f_rndis.ko
mtk_rndis_borrow_net	mtk_usb_f_rndis	vendor_dlkm/lib/modules/mtk_usb_f_rndis.ko
mtk_rndis_deregister	mtk_usb_f_rndis	vendor_dlkm/lib/modules/mtk_usb_f_rndis.ko
mtk_rndis_free_response	mtk_usb_f_rndis	vendor_dlkm/lib/modules/mtk_usb_f_rndis.ko
mtk_rndis_get_next_response	mtk_usb_f_rndis	vendor_dlkm/lib/modules/mtk_usb_f_rndis.ko
mtk_rndis_msg_parser	mtk_usb_f_rndis	vendor_dlkm/lib/modules/mtk_usb_f_rndis.ko
mtk_rndis_register	mtk_usb_f_rndis	vendor_dlkm/lib/modules/mtk_usb_f_rndis.ko
mtk_rndis_rm_hdr	mtk_usb_f_rndis	vendor_dlkm/lib/modules/mtk_usb_f_rndis.ko
mtk_rndis_set_host_mac	mtk_usb_f_rndis	vendor_dlkm/lib/modules/mtk_usb_f_rndis.ko
mtk_rndis_set_param_dev	mtk_usb_f_rndis	vendor_dlkm/lib/modules/mtk_usb_f_rndis.ko
mtk_rndis_set_param_medium	mtk_usb_f_rndis	vendor_dlkm/lib/modules/mtk_usb_f_rndis.ko
mtk_rndis_set_param_vendor	mtk_usb_f_rndis	vendor_dlkm/lib/modules/mtk_usb_f_rndis.ko
mtk_rndis_signal_connect	mtk_usb_f_rndis	vendor_dlkm/lib/modules/mtk_usb_f_rndis.ko
mtk_rndis_signal_disconnect	mtk_usb_f_rndis	vendor_dlkm/lib/modules/mtk_usb_f_rndis.ko
mtk_rndis_uninit	mtk_usb_f_rndis	vendor_dlkm/lib/modules/mtk_usb_f_rndis.ko
mtk_rpmsg_create_channel	mtk_rpmsg_mbox	vendor_dlkm/lib/modules/mtk_rpmsg_mbox.ko
mtk_rpmsg_create_device	mtk_rpmsg_mbox	vendor_dlkm/lib/modules/mtk_rpmsg_mbox.ko
mtk_rpmsg_create_rproc_subdev	ccd_rpmsg	vendor_dlkm/lib/modules/ccd_rpmsg.ko
mtk_rpmsg_destroy_rpmsgdev	ccd_rpmsg	vendor_dlkm/lib/modules/ccd_rpmsg.ko
mtk_rpmsg_destroy_rproc_subdev	ccd_rpmsg	vendor_dlkm/lib/modules/ccd_rpmsg.ko
mtk_scp_ipi_send	snd_soc_audiodsp_common	vendor_dlkm/lib/modules/snd-soc-audiodsp-common.ko
mtk_scp_ultra_allocate_mem	mtk_scp_ultra	vendor_dlkm/lib/modules/mtk-scp-ultra.ko
mtk_scp_ultra_pcm_platform	snd_soc_mtk_scp_ultra	vendor_dlkm/lib/modules/snd-soc-mtk-scp-ultra.ko
mtk_set_bottom_gpu_freq_fp	mtk_gpu_hal	vendor_dlkm/lib/modules/mtk_gpu_hal.ko
mtk_set_bottom_gpu_freq	mtk_gpu_hal	vendor_dlkm/lib/modules/mtk_gpu_hal.ko
mtk_set_fastdvfs_mode_fp	mtk_gpu_hal	vendor_dlkm/lib/modules/mtk_gpu_hal.ko
mtk_set_fastdvfs_mode	mtk_gpu_hal	vendor_dlkm/lib/modules/mtk_gpu_hal.ko
mtk_set_gpu_idle_fp	mtk_gpu_hal	vendor_dlkm/lib/modules/mtk_gpu_hal.ko
mtk_set_gpu_idle	mtk_gpu_hal	vendor_dlkm/lib/modules/mtk_gpu_hal.ko
mtk_smem_init	mtk_mbox	vendor_dlkm/lib/modules/mtk-mbox.ko
mtk_sp_clean_written_buffer_ack	snd_soc_mtk_common	vendor_dlkm/lib/modules/snd-soc-mtk-common.ko
mtk_spk_get_i2s_in_type	mtk_sp_spk_amp	vendor_dlkm/lib/modules/mtk-sp-spk-amp.ko
mtk_spk_get_i2s_out_type	mtk_sp_spk_amp	vendor_dlkm/lib/modules/mtk-sp-spk-amp.ko
mtk_spk_get_reduceDb	mtk_sp_spk_amp	vendor_dlkm/lib/modules/mtk-sp-spk-amp.ko
mtk_spk_get_type	mtk_sp_spk_amp	vendor_dlkm/lib/modules/mtk-sp-spk-amp.ko
mtk_spk_recv_ipi_buf_from_dsp	mtk_sp_spk_amp	vendor_dlkm/lib/modules/mtk-sp-spk-amp.ko
mtk_spk_send_ipi_buf_to_dsp	mtk_sp_spk_amp	vendor_dlkm/lib/modules/mtk-sp-spk-amp.ko
mtk_spk_set_reduceDb	mtk_sp_spk_amp	vendor_dlkm/lib/modules/mtk-sp-spk-amp.ko
mtk_spk_set_type	mtk_sp_spk_amp	vendor_dlkm/lib/modules/mtk-sp-spk-amp.ko
mtk_spk_update_info	mtk_sp_spk_amp	vendor_dlkm/lib/modules/mtk-sp-spk-amp.ko
mtk_spm_sysfs_entry_node_add	mtk_lpm	vendor_dlkm/lib/modules/mtk-lpm.ko
mtk_spm_sysfs_entry_node_remove	mtk_lpm	vendor_dlkm/lib/modules/mtk-lpm.ko
mtk_spm_sysfs_entry_root_get	mtk_lpm	vendor_dlkm/lib/modules/mtk-lpm.ko
mtk_spm_sysfs_root_entry_create	mtk_lpm	vendor_dlkm/lib/modules/mtk-lpm.ko
mtk_suspend_sysfs_entry_node_add	mtk_lpm	vendor_dlkm/lib/modules/mtk-lpm.ko
mtk_suspend_sysfs_entry_node_remove	mtk_lpm	vendor_dlkm/lib/modules/mtk-lpm.ko
mtk_suspend_sysfs_entry_root_get	mtk_lpm	vendor_dlkm/lib/modules/mtk-lpm.ko
mtk_suspend_sysfs_root_entry_create	mtk_lpm	vendor_dlkm/lib/modules/mtk-lpm.ko
mtk_swpm_gpu_pm_start_fp	mtk_gpu_hal	vendor_dlkm/lib/modules/mtk_gpu_hal.ko
mtk_swpm_gpu_pm_start	mtk_gpu_hal	vendor_dlkm/lib/modules/mtk_gpu_hal.ko
mtk_swpm_sysfs_entry_func_create	mtk_swpm	vendor_dlkm/lib/modules/mtk-swpm.ko
mtk_swpm_sysfs_entry_func_group_create	mtk_swpm	vendor_dlkm/lib/modules/mtk-swpm.ko
mtk_swpm_sysfs_entry_func_node_add	mtk_swpm	vendor_dlkm/lib/modules/mtk-swpm.ko
mtk_swpm_sysfs_entry_func_node_remove	mtk_swpm	vendor_dlkm/lib/modules/mtk-swpm.ko
mtk_timer_base_dvfs_margin_fp	mtk_gpu_hal	vendor_dlkm/lib/modules/mtk_gpu_hal.ko
mtk_timer_base_dvfs_margin	mtk_gpu_hal	vendor_dlkm/lib/modules/mtk_gpu_hal.ko
mtk_unregister_gpu_power_change	mtk_gpu_hal	vendor_dlkm/lib/modules/mtk_gpu_hal.ko
mtk_update_wl_table	cpufreq_sugov_ext	vendor_dlkm/lib/modules/cpufreq_sugov_ext.ko
mtk_v4l2_dbg_level	mtk_vcodec_common	vendor_dlkm/lib/modules/mtk-vcodec-common.ko
mtk_vcodec_add_ctx_list	mtk_vcodec_common	vendor_dlkm/lib/modules/mtk-vcodec-common.ko
mtk_vcodec_alloc_mem	mtk_vcodec_common	vendor_dlkm/lib/modules/mtk-vcodec-common.ko
mtk_vcodec_c1_enc_irq_handler	mtk_vcodec_common	vendor_dlkm/lib/modules/mtk-vcodec-common.ko
mtk_vcodec_check_alive	mtk_vcodec_common	vendor_dlkm/lib/modules/mtk-vcodec-common.ko
mtk_vcodec_config_group_list	mtk_vcodec_common	vendor_dlkm/lib/modules/mtk-vcodec-common.ko
mtk_vcodec_create_fence	mtk_vcodec_common	vendor_dlkm/lib/modules/mtk-vcodec-common.ko
mtk_vcodec_dbg	mtk_vcodec_common	vendor_dlkm/lib/modules/mtk-vcodec-common.ko
mtk_vcodec_dec_irq_handler	mtk_vcodec_common	vendor_dlkm/lib/modules/mtk-vcodec-common.ko
mtk_vcodec_dec_irq_setup	mtk_vcodec_common	vendor_dlkm/lib/modules/mtk-vcodec-common.ko
mtk_vcodec_del_ctx_list	mtk_vcodec_common	vendor_dlkm/lib/modules/mtk-vcodec-common.ko
mtk_vcodec_dump_ctx_list	mtk_vcodec_common	vendor_dlkm/lib/modules/mtk-vcodec-common.ko
mtk_vcodec_enc_irq_handler	mtk_vcodec_common	vendor_dlkm/lib/modules/mtk-vcodec-common.ko
mtk_vcodec_enc_irq_setup	mtk_vcodec_common	vendor_dlkm/lib/modules/mtk-vcodec-common.ko
mtk_vcodec_fence_signal	mtk_vcodec_common	vendor_dlkm/lib/modules/mtk-vcodec-common.ko
mtk_vcodec_free_mem	mtk_vcodec_common	vendor_dlkm/lib/modules/mtk-vcodec-common.ko
mtk_vcodec_gce_timeout_dump	mtk_vcodec_common	vendor_dlkm/lib/modules/mtk-vcodec-common.ko
mtk_vcodec_get_bs	mtk_vcodec_common	vendor_dlkm/lib/modules/mtk-vcodec-common.ko
mtk_vcodec_get_curr_ctx	mtk_vcodec_common	vendor_dlkm/lib/modules/mtk-vcodec-common.ko
mtk_vcodec_get_dec_reg_addr	mtk_vcodec_common	vendor_dlkm/lib/modules/mtk-vcodec-common.ko
mtk_vcodec_get_enc_reg_addr	mtk_vcodec_common	vendor_dlkm/lib/modules/mtk-vcodec-common.ko
mtk_vcodec_get_fb	mtk_vcodec_common	vendor_dlkm/lib/modules/mtk-vcodec-common.ko
mtk_vcodec_get_log	mtk_vcodec_common	vendor_dlkm/lib/modules/mtk-vcodec-common.ko
mtk_vcodec_get_state	mtk_vcodec_common	vendor_dlkm/lib/modules/mtk-vcodec-common.ko
mtk_vcodec_init_group_list_lock	mtk_vcodec_common	vendor_dlkm/lib/modules/mtk-vcodec-common.ko
mtk_vcodec_init_slice_info	mtk_vcodec_common	vendor_dlkm/lib/modules/mtk-vcodec-common.ko
mtk_vcodec_is_state	mtk_vcodec_common	vendor_dlkm/lib/modules/mtk-vcodec-common.ko
mtk_vcodec_is_vcp	mtk_vcodec_common	vendor_dlkm/lib/modules/mtk-vcodec-common.ko
mtk_vcodec_lat_dec_irq_handler	mtk_vcodec_common	vendor_dlkm/lib/modules/mtk-vcodec-common.ko
mtk_vcodec_line_count_irq_handler	mtk_vcodec_common	vendor_dlkm/lib/modules/mtk-vcodec-common.ko
mtk_vcodec_mem_alloc	mtk_vcodec_common	vendor_dlkm/lib/modules/mtk-vcodec-common.ko
mtk_vcodec_mem_free	mtk_vcodec_common	vendor_dlkm/lib/modules/mtk-vcodec-common.ko
mtk_vcodec_perf	mtk_vcodec_common	vendor_dlkm/lib/modules/mtk-vcodec-common.ko
mtk_vcodec_set_cpu_hint	mtk_vcodec_common	vendor_dlkm/lib/modules/mtk-vcodec-common.ko
mtk_vcodec_set_curr_ctx	mtk_vcodec_common	vendor_dlkm/lib/modules/mtk-vcodec-common.ko
mtk_vcodec_set_log	mtk_vcodec_common	vendor_dlkm/lib/modules/mtk-vcodec-common.ko
mtk_vcodec_set_state_except	mtk_vcodec_common	vendor_dlkm/lib/modules/mtk-vcodec-common.ko
mtk_vcodec_set_state_from	mtk_vcodec_common	vendor_dlkm/lib/modules/mtk-vcodec-common.ko
mtk_vcodec_set_state	mtk_vcodec_common	vendor_dlkm/lib/modules/mtk-vcodec-common.ko
mtk_vcodec_state_in_range	mtk_vcodec_common	vendor_dlkm/lib/modules/mtk-vcodec-common.ko
mtk_vcodec_vcp	mtk_vcodec_common	vendor_dlkm/lib/modules/mtk-vcodec-common.ko
mtk_vcodec_vp_mode_buf_prepare	mtk_vcodec_common	vendor_dlkm/lib/modules/mtk-vcodec-common.ko
mtk_vcodec_vp_mode_buf_unprepare	mtk_vcodec_common	vendor_dlkm/lib/modules/mtk-vcodec-common.ko
mtk_vcodec_wait_for_done_ctx	mtk_vcodec_common	vendor_dlkm/lib/modules/mtk-vcodec-common.ko
mtk_vdec_lpw_level	mtk_vcodec_common	vendor_dlkm/lib/modules/mtk-vcodec-common.ko
mtk_vdec_lpw_limit	mtk_vcodec_common	vendor_dlkm/lib/modules/mtk-vcodec-common.ko
mtk_vdec_lpw_timeout	mtk_vcodec_common	vendor_dlkm/lib/modules/mtk-vcodec-common.ko
mtk_vdec_property	mtk_vcodec_common	vendor_dlkm/lib/modules/mtk-vcodec-common.ko
mtk_vdec_slc_enable	mtk_vcodec_common	vendor_dlkm/lib/modules/mtk-vcodec-common.ko
mtk_vdec_trace_enable	mtk_vcodec_common	vendor_dlkm/lib/modules/mtk-vcodec-common.ko
mtk_vdec_vcp_log	mtk_vcodec_common	vendor_dlkm/lib/modules/mtk-vcodec-common.ko
mtk_venc_property	mtk_vcodec_common	vendor_dlkm/lib/modules/mtk-vcodec-common.ko
mtk_venc_slb_cb	mtk_vcodec_common	vendor_dlkm/lib/modules/mtk-vcodec-common.ko
mtk_venc_vcp_log	mtk_vcodec_common	vendor_dlkm/lib/modules/mtk-vcodec-common.ko
mtk_wcn_cmb_sdio_pm_cb	connadp	vendor_dlkm/lib/modules/connadp.ko
mtk_wcn_cmb_sdio_pm_data	connadp	vendor_dlkm/lib/modules/connadp.ko
mtk_wcn_wlan_func_ctrl	wmt_chrdev_wifi_connac2	vendor_dlkm/lib/modules/wmt_chrdev_wifi_connac2.ko
mtk_wcn_wlan_reg	wmt_chrdev_wifi_connac2	vendor_dlkm/lib/modules/wmt_chrdev_wifi_connac2.ko
mtk_wcn_wlan_unreg	wmt_chrdev_wifi_connac2	vendor_dlkm/lib/modules/wmt_chrdev_wifi_connac2.ko
mt_pwm_clk_sel_hal	mtk_pwm	vendor_dlkm/lib/modules/mtk-pwm.ko
mt_pwm_disable	mtk_pwm	vendor_dlkm/lib/modules/mtk-pwm.ko
mt_pwm_dump_regs	mtk_pwm	vendor_dlkm/lib/modules/mtk-pwm.ko
nfc_add_se	nfc	system_dlkm/lib/modules/nfc.ko
nfc_allocate_device	nfc	system_dlkm/lib/modules/nfc.ko
nfc_alloc_recv_skb	nfc	system_dlkm/lib/modules/nfc.ko
__nfc_alloc_vendor_cmd_reply_skb	nfc	system_dlkm/lib/modules/nfc.ko
nfc_class	nfc	system_dlkm/lib/modules/nfc.ko
nfc_dep_link_is_up	nfc	system_dlkm/lib/modules/nfc.ko
nfc_driver_failure	nfc	system_dlkm/lib/modules/nfc.ko
nfc_find_se	nfc	system_dlkm/lib/modules/nfc.ko
nfc_fw_download_done	nfc	system_dlkm/lib/modules/nfc.ko
nfc_get_local_general_bytes	nfc	system_dlkm/lib/modules/nfc.ko
nfc_proto_register	nfc	system_dlkm/lib/modules/nfc.ko
nfc_proto_unregister	nfc	system_dlkm/lib/modules/nfc.ko
nfc_register_device	nfc	system_dlkm/lib/modules/nfc.ko
nfc_remove_se	nfc	system_dlkm/lib/modules/nfc.ko
nfc_se_connectivity	nfc	system_dlkm/lib/modules/nfc.ko
nfc_send_to_raw_sock	nfc	system_dlkm/lib/modules/nfc.ko
nfc_se_transaction	nfc	system_dlkm/lib/modules/nfc.ko
nfc_set_remote_general_bytes	nfc	system_dlkm/lib/modules/nfc.ko
nfc_target_lost	nfc	system_dlkm/lib/modules/nfc.ko
nfc_targets_found	nfc	system_dlkm/lib/modules/nfc.ko
nfc_tm_activated	nfc	system_dlkm/lib/modules/nfc.ko
nfc_tm_data_received	nfc	system_dlkm/lib/modules/nfc.ko
nfc_tm_deactivated	nfc	system_dlkm/lib/modules/nfc.ko
nfc_unregister_device	nfc	system_dlkm/lib/modules/nfc.ko
nfc_vendor_cmd_reply	nfc	system_dlkm/lib/modules/nfc.ko
notify_fpsgo_touch_latency_ko_ready	mtk_fpsgo	vendor_dlkm/lib/modules/mtk_fpsgo.ko
notify_rl_ko_is_ready	mtk_fpsgo	vendor_dlkm/lib/modules/mtk_fpsgo.ko
notify_xgf_ko_ready	mtk_fpsgo	vendor_dlkm/lib/modules/mtk_fpsgo.ko
of_can_transceiver	can_dev	system_dlkm/lib/modules/can-dev.ko
ondiemet_emi_start_basic	met	vendor_dlkm/lib/modules/met.ko
ondiemet_module	met	vendor_dlkm/lib/modules/met.ko
ondiemet_record_check	met	vendor_dlkm/lib/modules/met.ko
ondiemet_recording	met	vendor_dlkm/lib/modules/met.ko
open_candev	can_dev	system_dlkm/lib/modules/can-dev.ko
output_header_len	met	vendor_dlkm/lib/modules/met.ko
output_str_len	met	vendor_dlkm/lib/modules/met.ko
pd_get_cpu_opp	cpufreq_sugov_ext	vendor_dlkm/lib/modules/cpufreq_sugov_ext.ko
pd_get_dsu_weighting	cpufreq_sugov_ext	vendor_dlkm/lib/modules/cpufreq_sugov_ext.ko
pd_get_emi_weighting	cpufreq_sugov_ext	vendor_dlkm/lib/modules/cpufreq_sugov_ext.ko
pd_get_freq_opp	cpufreq_sugov_ext	vendor_dlkm/lib/modules/cpufreq_sugov_ext.ko
pd_get_freq_opp_legacy	cpufreq_sugov_ext	vendor_dlkm/lib/modules/cpufreq_sugov_ext.ko
pd_get_freq_opp_legacy_type	cpufreq_sugov_ext	vendor_dlkm/lib/modules/cpufreq_sugov_ext.ko
pd_get_freq_ps	cpufreq_sugov_ext	vendor_dlkm/lib/modules/cpufreq_sugov_ext.ko
pd_get_freq_pwr_eff	cpufreq_sugov_ext	vendor_dlkm/lib/modules/cpufreq_sugov_ext.ko
pd_get_freq_util	cpufreq_sugov_ext	vendor_dlkm/lib/modules/cpufreq_sugov_ext.ko
pd_get_opp_capacity	cpufreq_sugov_ext	vendor_dlkm/lib/modules/cpufreq_sugov_ext.ko
pd_get_opp_capacity_legacy	cpufreq_sugov_ext	vendor_dlkm/lib/modules/cpufreq_sugov_ext.ko
pd_get_opp_freq	cpufreq_sugov_ext	vendor_dlkm/lib/modules/cpufreq_sugov_ext.ko
pd_get_opp_freq_legacy	cpufreq_sugov_ext	vendor_dlkm/lib/modules/cpufreq_sugov_ext.ko
pd_get_opp_leakage	cpufreq_sugov_ext	vendor_dlkm/lib/modules/cpufreq_sugov_ext.ko
pd_get_opp_ps	cpufreq_sugov_ext	vendor_dlkm/lib/modules/cpufreq_sugov_ext.ko
pd_get_opp_pwr_eff	cpufreq_sugov_ext	vendor_dlkm/lib/modules/cpufreq_sugov_ext.ko
pd_get_util_freq	cpufreq_sugov_ext	vendor_dlkm/lib/modules/cpufreq_sugov_ext.ko
pd_get_util_opp	cpufreq_sugov_ext	vendor_dlkm/lib/modules/cpufreq_sugov_ext.ko
pd_get_util_opp_legacy	cpufreq_sugov_ext	vendor_dlkm/lib/modules/cpufreq_sugov_ext.ko
pd_get_util_ps	cpufreq_sugov_ext	vendor_dlkm/lib/modules/cpufreq_sugov_ext.ko
pd_get_util_ps_legacy	cpufreq_sugov_ext	vendor_dlkm/lib/modules/cpufreq_sugov_ext.ko
pd_get_util_pwr_eff	cpufreq_sugov_ext	vendor_dlkm/lib/modules/cpufreq_sugov_ext.ko
pd_X2Y	cpufreq_sugov_ext	vendor_dlkm/lib/modules/cpufreq_sugov_ext.ko
perfmgr_root	mtk_perf_ioctl	vendor_dlkm/lib/modules/mtk_perf_ioctl.ko
perf_tracker_enable	mtk_perf_common	vendor_dlkm/lib/modules/mtk_perf_common.ko
plat_vtskin_info	thermal_interface	vendor_dlkm/lib/modules/thermal_interface.ko
p_met_strbuf	met	vendor_dlkm/lib/modules/met.ko
port_lookup_tid	gz_ipc_mod	vendor_dlkm/lib/modules/gz_ipc_mod.ko
powerhal_adpf_close_fp	mtk_ioctl_powerhal	vendor_dlkm/lib/modules/mtk_ioctl_powerhal.ko
powerhal_adpf_create_session_hint_fp	mtk_ioctl_powerhal	vendor_dlkm/lib/modules/mtk_ioctl_powerhal.ko
powerhal_adpf_get_hint_session_preferred_rate_fp	mtk_ioctl_powerhal	vendor_dlkm/lib/modules/mtk_ioctl_powerhal.ko
powerhal_adpf_pause_fp	mtk_ioctl_powerhal	vendor_dlkm/lib/modules/mtk_ioctl_powerhal.ko
powerhal_adpf_report_actual_work_duration_fp	mtk_ioctl_powerhal	vendor_dlkm/lib/modules/mtk_ioctl_powerhal.ko
powerhal_adpf_resume_fp	mtk_ioctl_powerhal	vendor_dlkm/lib/modules/mtk_ioctl_powerhal.ko
powerhal_adpf_sent_hint_fp	mtk_ioctl_powerhal	vendor_dlkm/lib/modules/mtk_ioctl_powerhal.ko
powerhal_adpf_set_threads_fp	mtk_ioctl_powerhal	vendor_dlkm/lib/modules/mtk_ioctl_powerhal.ko
powerhal_adpf_update_work_duration_fp	mtk_ioctl_powerhal	vendor_dlkm/lib/modules/mtk_ioctl_powerhal.ko
powerhal_dsu_sport_mode_fp	mtk_ioctl_powerhal	vendor_dlkm/lib/modules/mtk_ioctl_powerhal.ko
ppp_channel_index	ppp_generic	system_dlkm/lib/modules/ppp_generic.ko
ppp_dev_name	ppp_generic	system_dlkm/lib/modules/ppp_generic.ko
ppp_input_error	ppp_generic	system_dlkm/lib/modules/ppp_generic.ko
ppp_input	ppp_generic	system_dlkm/lib/modules/ppp_generic.ko
ppp_output_wakeup	ppp_generic	system_dlkm/lib/modules/ppp_generic.ko
pppox_compat_ioctl	pppox	system_dlkm/lib/modules/pppox.ko
pppox_ioctl	pppox	system_dlkm/lib/modules/pppox.ko
pppox_unbind_sock	pppox	system_dlkm/lib/modules/pppox.ko
ppp_register_channel	ppp_generic	system_dlkm/lib/modules/ppp_generic.ko
ppp_register_compressor	ppp_generic	system_dlkm/lib/modules/ppp_generic.ko
ppp_register_net_channel	ppp_generic	system_dlkm/lib/modules/ppp_generic.ko
ppp_unit_number	ppp_generic	system_dlkm/lib/modules/ppp_generic.ko
ppp_unregister_channel	ppp_generic	system_dlkm/lib/modules/ppp_generic.ko
ppp_unregister_compressor	ppp_generic	system_dlkm/lib/modules/ppp_generic.ko
pr_bootmsg	met	vendor_dlkm/lib/modules/met.ko
pwm_set_easy_config	mtk_pwm	vendor_dlkm/lib/modules/mtk-pwm.ko
pwm_set_spec_config	mtk_pwm	vendor_dlkm/lib/modules/mtk-pwm.ko
qca_read_soc_version	btqca	system_dlkm/lib/modules/btqca.ko
qca_send_pre_shutdown_cmd	btqca	system_dlkm/lib/modules/btqca.ko
qca_set_bdaddr	btqca	system_dlkm/lib/modules/btqca.ko
qca_set_bdaddr_rome	btqca	system_dlkm/lib/modules/btqca.ko
qca_uart_setup	btqca	system_dlkm/lib/modules/btqca.ko
qos_get_ipi_cmd	mtk_qos	vendor_dlkm/lib/modules/mtk_qos.ko
qos_init_rec_share	mtk_qos	vendor_dlkm/lib/modules/mtk_qos.ko
qos_ipi_init	mtk_qos	vendor_dlkm/lib/modules/mtk_qos.ko
qos_ipi_recv_init	mtk_qos	vendor_dlkm/lib/modules/mtk_qos.ko
qos_ipi_to_sspm_scmi_command	mtk_qos	vendor_dlkm/lib/modules/mtk_qos.ko
qos_rec_check_sram_ext	mtk_qos	vendor_dlkm/lib/modules/mtk_qos.ko
qos_rec_get_dramc_hist_bw	mtk_qos	vendor_dlkm/lib/modules/mtk_qos.ko
qos_rec_get_hist_bw	mtk_qos	vendor_dlkm/lib/modules/mtk_qos.ko
qos_rec_get_hist_data_bw	mtk_qos	vendor_dlkm/lib/modules/mtk_qos.ko
qos_rec_get_hist_idx	mtk_qos	vendor_dlkm/lib/modules/mtk_qos.ko
qos_share_init_sram_ext	mtk_qos	vendor_dlkm/lib/modules/mtk_qos.ko
qos_share_init_sram	mtk_qos	vendor_dlkm/lib/modules/mtk_qos.ko
qos_share_sram_read_ext	mtk_qos	vendor_dlkm/lib/modules/mtk_qos.ko
qos_share_sram_read	mtk_qos	vendor_dlkm/lib/modules/mtk_qos.ko
qos_sram_read	mtk_qos	vendor_dlkm/lib/modules/mtk_qos.ko
qos_sram_write	mtk_qos	vendor_dlkm/lib/modules/mtk_qos.ko
query_external_subdrv_entry	imgsensor_glue	vendor_dlkm/lib/modules/imgsensor-glue.ko
rate_control_set_rates	mac80211	vendor_dlkm/lib/modules/mac80211.ko
rawbulk_alloc	c2k_usb	vendor_dlkm/lib/modules/c2k_usb.ko
rawbulk_bind_function	c2k_usb	vendor_dlkm/lib/modules/c2k_usb.ko
rawbulk_bind_sdio_channel	c2k_usb	vendor_dlkm/lib/modules/c2k_usb.ko
rawbulk_check_enable	c2k_usb	vendor_dlkm/lib/modules/c2k_usb.ko
rawbulk_disable_function	c2k_usb	vendor_dlkm/lib/modules/c2k_usb.ko
rawbulk_lookup_function	c2k_usb	vendor_dlkm/lib/modules/c2k_usb.ko
rawbulk_push_upstream_buffer	c2k_usb	vendor_dlkm/lib/modules/c2k_usb.ko
rawbulk_start_transactions	c2k_usb	vendor_dlkm/lib/modules/c2k_usb.ko
rawbulk_stop_transactions	c2k_usb	vendor_dlkm/lib/modules/c2k_usb.ko
rawbulk_transfer_exit	c2k_usb	vendor_dlkm/lib/modules/c2k_usb.ko
rawbulk_transfer_init	c2k_usb	vendor_dlkm/lib/modules/c2k_usb.ko
rawbulk_transfer_statistics	c2k_usb	vendor_dlkm/lib/modules/c2k_usb.ko
rawbulk_unbind_function	c2k_usb	vendor_dlkm/lib/modules/c2k_usb.ko
rawbulk_unbind_sdio_channel	c2k_usb	vendor_dlkm/lib/modules/c2k_usb.ko
rawbulk_usb_state_check	c2k_usb	vendor_dlkm/lib/modules/c2k_usb.ko
rd_mdmcu_rsv_num	met	vendor_dlkm/lib/modules/met.ko
reboot_mode_register	reboot_mode	vendor_dlkm/lib/modules/reboot-mode.ko
reboot_mode_unregister	reboot_mode	vendor_dlkm/lib/modules/reboot-mode.ko
reg_initiator_name	cfg80211	vendor_dlkm/lib/modules/cfg80211.ko
register_battery_oc_notify	mtk_battery_oc_throttling	vendor_dlkm/lib/modules/mtk_battery_oc_throttling.ko
register_candev	can_dev	system_dlkm/lib/modules/can-dev.ko
register_ccci_sys_call_back	ccci_md_all	vendor_dlkm/lib/modules/ccci_md_all.ko
register_dlpt_notify	mtk_dynamic_loading_throttling	vendor_dlkm/lib/modules/mtk_dynamic_loading_throttling.ko
register_file_buf_handler	wmt_chrdev_wifi_connac2	vendor_dlkm/lib/modules/wmt_chrdev_wifi_connac2.ko
register_get_fpsgo_is_boosting_fp	powerhal_cpu_ctrl	vendor_dlkm/lib/modules/powerhal_cpu_ctrl.ko
register_low_battery_mbrain_cb	mtk_low_battery_throttling	vendor_dlkm/lib/modules/mtk_low_battery_throttling.ko
register_low_battery_notify	mtk_low_battery_throttling	vendor_dlkm/lib/modules/mtk_low_battery_throttling.ko
register_lpm_logger_mbrain_dbg_ops	mtk_lpm_dbg_common_v2	vendor_dlkm/lib/modules/mtk-lpm-dbg-common-v2.ko
register_lpm_mbrain_dbg_ops	mtk_lpm_dbg_common_v2	vendor_dlkm/lib/modules/mtk-lpm-dbg-common-v2.ko
register_lpm_sys_res_ops	mtk_lpm_dbg_common_v2	vendor_dlkm/lib/modules/mtk-lpm-dbg-common-v2.ko
register_mcupm_print_header	met	vendor_dlkm/lib/modules/met.ko
register_mcupm_process_argument	met	vendor_dlkm/lib/modules/met.ko
register_mtk_aie_reg_tf_cb	mtk_aie	vendor_dlkm/lib/modules/mtk_aie.ko
register_pbm_gpu_notify	mtk_pbm	vendor_dlkm/lib/modules/mtk_pbm.ko
register_pbm_notify	mtk_pbm	vendor_dlkm/lib/modules/mtk_pbm.ko
register_pppox_proto	pppox	system_dlkm/lib/modules/pppox.ko
register_qos_notifier	mtk_qos	vendor_dlkm/lib/modules/mtk_qos.ko
register_scp_mbrain_dbg_ops	scp	vendor_dlkm/lib/modules/scp.ko
register_set_p2p_mode_handler	wmt_chrdev_wifi_connac2	vendor_dlkm/lib/modules/wmt_chrdev_wifi_connac2.ko
register_tpd_tui_request	tui_common	vendor_dlkm/lib/modules/tui-common.ko
register_udc_functions	ccci_md_all	vendor_dlkm/lib/modules/ccci_md_all.ko
reg_loading_tracking_sp	load_track	vendor_dlkm/lib/modules/load_track.ko
reg_query_regdb_wmm	cfg80211	vendor_dlkm/lib/modules/cfg80211.ko
regulatory_hint	cfg80211	vendor_dlkm/lib/modules/cfg80211.ko
regulatory_pre_cac_allowed	cfg80211	vendor_dlkm/lib/modules/cfg80211.ko
regulatory_set_wiphy_regd	cfg80211	vendor_dlkm/lib/modules/cfg80211.ko
regulatory_set_wiphy_regd_sync	cfg80211	vendor_dlkm/lib/modules/cfg80211.ko
release_scp_semaphore	scp	vendor_dlkm/lib/modules/scp.ko
release_vcp_semaphore	vcp	vendor_dlkm/lib/modules/vcp.ko
release_working_buffer_helper	mtk_hcp	vendor_dlkm/lib/modules/mtk_hcp.ko
reset_grp_awr_margin	scheduler	vendor_dlkm/lib/modules/scheduler.ko
resume_cpus	scheduler	vendor_dlkm/lib/modules/scheduler.ko
reviser_set_init_info	apusys	vendor_dlkm/lib/modules/apusys.ko
rfc1042_header	cfg80211	vendor_dlkm/lib/modules/cfg80211.ko
rfkill_alloc	rfkill	system_dlkm/lib/modules/rfkill.ko
rfkill_blocked	rfkill	system_dlkm/lib/modules/rfkill.ko
rfkill_destroy	rfkill	system_dlkm/lib/modules/rfkill.ko
rfkill_find_type	rfkill	system_dlkm/lib/modules/rfkill.ko
rfkill_get_led_trigger_name	rfkill	system_dlkm/lib/modules/rfkill.ko
rfkill_init_sw_state	rfkill	system_dlkm/lib/modules/rfkill.ko
rfkill_pause_polling	rfkill	system_dlkm/lib/modules/rfkill.ko
rfkill_register	rfkill	system_dlkm/lib/modules/rfkill.ko
rfkill_resume_polling	rfkill	system_dlkm/lib/modules/rfkill.ko
rfkill_set_hw_state_reason	rfkill	system_dlkm/lib/modules/rfkill.ko
rfkill_set_led_trigger_name	rfkill	system_dlkm/lib/modules/rfkill.ko
rfkill_set_states	rfkill	system_dlkm/lib/modules/rfkill.ko
rfkill_set_sw_state	rfkill	system_dlkm/lib/modules/rfkill.ko
rfkill_soft_blocked	rfkill	system_dlkm/lib/modules/rfkill.ko
rfkill_unregister	rfkill	system_dlkm/lib/modules/rfkill.ko
RingBuf_Bridge_update_writeptr	snd_soc_audiodsp_common	vendor_dlkm/lib/modules/snd-soc-audiodsp-common.ko
RingBuf_Clear	snd_soc_audiodsp_common	vendor_dlkm/lib/modules/snd-soc-audiodsp-common.ko
RingBuf_copyFromUserLinear	snd_soc_audiodsp_common	vendor_dlkm/lib/modules/snd-soc-audiodsp-common.ko
RingBuf_getDataCount	snd_soc_audiodsp_common	vendor_dlkm/lib/modules/snd-soc-audiodsp-common.ko
RingBuf_getFreeSpace	snd_soc_audiodsp_common	vendor_dlkm/lib/modules/snd-soc-audiodsp-common.ko
RingBuf_Reset	snd_soc_audiodsp_common	vendor_dlkm/lib/modules/snd-soc-audiodsp-common.ko
RingBuf_update_writeptr	snd_soc_audiodsp_common	vendor_dlkm/lib/modules/snd-soc-audiodsp-common.ko
rndis_test_last_msg_id	mtk_u_ether	vendor_dlkm/lib/modules/mtk_u_ether.ko
rndis_test_reset_msg_cnt	mtk_u_ether	vendor_dlkm/lib/modules/mtk_u_ether.ko
rpmsg_ccd_ipi_send	ccd_rpmsg	vendor_dlkm/lib/modules/ccd_rpmsg.ko
rtl8152_get_version	r8152	system_dlkm/lib/modules/r8152.ko
safe_candev_priv	can_dev	system_dlkm/lib/modules/can-dev.ko
sap_enabled	scp	vendor_dlkm/lib/modules/scp.ko
sap_ipidev	scp	vendor_dlkm/lib/modules/scp.ko
sbb	cpufreq_sugov_ext	vendor_dlkm/lib/modules/cpufreq_sugov_ext.ko
sched_adpf_callback	scheduler	vendor_dlkm/lib/modules/scheduler.ko
sched_gear_hints_enable_get	cpufreq_sugov_ext	vendor_dlkm/lib/modules/cpufreq_sugov_ext.ko
sched_get_nr_over_thres_avg	mtk_core_ctl	vendor_dlkm/lib/modules/mtk_core_ctl.ko
sched_max_util_task	mtk_core_ctl	vendor_dlkm/lib/modules/mtk_core_ctl.ko
sched_pause_cpu	scheduler	vendor_dlkm/lib/modules/scheduler.ko
sched_post_init_util_enable_get	cpufreq_sugov_ext	vendor_dlkm/lib/modules/cpufreq_sugov_ext.ko
sched_post_init_util_set	cpufreq_sugov_ext	vendor_dlkm/lib/modules/cpufreq_sugov_ext.ko
sched_resume_cpu	scheduler	vendor_dlkm/lib/modules/scheduler.ko
sched_rt_aggre_preempt_enable_get	cpufreq_sugov_ext	vendor_dlkm/lib/modules/cpufreq_sugov_ext.ko
sched_skip_hiIRQ_enable_get	cpufreq_sugov_ext	vendor_dlkm/lib/modules/cpufreq_sugov_ext.ko
sched_updown_migration_enable_get	cpufreq_sugov_ext	vendor_dlkm/lib/modules/cpufreq_sugov_ext.ko
sched_vip_enable_get	cpufreq_sugov_ext	vendor_dlkm/lib/modules/cpufreq_sugov_ext.ko
sched_window_nr_ticks_change	scheduler	vendor_dlkm/lib/modules/scheduler.ko
__SCK__tp_func_cpu_hr_info_0	thermal_trace	vendor_dlkm/lib/modules/thermal_trace.ko
__SCK__tp_func_cpu_hr_info_1	thermal_trace	vendor_dlkm/lib/modules/thermal_trace.ko
__SCK__tp_func_lpm_trace	mtk_lpm	vendor_dlkm/lib/modules/mtk-lpm.ko
__SCK__tp_func_md_mutt_limit	thermal_trace	vendor_dlkm/lib/modules/thermal_trace.ko
__SCK__tp_func_md_scg_off	thermal_trace	vendor_dlkm/lib/modules/thermal_trace.ko
__SCK__tp_func_md_tx_pwr_limit	thermal_trace	vendor_dlkm/lib/modules/thermal_trace.ko
__SCK__tp_func_network_tput	thermal_trace	vendor_dlkm/lib/modules/thermal_trace.ko
__SCK__tp_func_SPM__resource_req_0	mtk_lpm	vendor_dlkm/lib/modules/mtk-lpm.ko
scmi_tinysys_common_set_symbol	met	vendor_dlkm/lib/modules/met.ko
scmi_tinysys_event_notify_symbol	met	vendor_dlkm/lib/modules/met.ko
scmi_tinysys_register_event_notifier_symbol	met	vendor_dlkm/lib/modules/met.ko
scp_A_register_notify	scp	vendor_dlkm/lib/modules/scp.ko
scp_audio_ipi_registration	mtk_scp_audiocommon	vendor_dlkm/lib/modules/mtk-scp-audiocommon.ko
scp_audio_ipi_unregistration	mtk_scp_audiocommon	vendor_dlkm/lib/modules/mtk-scp-audiocommon.ko
scp_A_unregister_notify	scp	vendor_dlkm/lib/modules/scp.ko
scp_awake_lock	scp	vendor_dlkm/lib/modules/scp.ko
scp_awake_unlock	scp	vendor_dlkm/lib/modules/scp.ko
scp_clr_spm_reg	scp	vendor_dlkm/lib/modules/scp.ko
scp_deregister_feature	scp	vendor_dlkm/lib/modules/scp.ko
scp_get_reserve_mem_phys	scp	vendor_dlkm/lib/modules/scp.ko
scp_get_reserve_mem_size	scp	vendor_dlkm/lib/modules/scp.ko
scp_get_reserve_mem_virt	scp	vendor_dlkm/lib/modules/scp.ko
scp_get_semaphore_3way	scp	vendor_dlkm/lib/modules/scp.ko
scp_ipidev	scp	vendor_dlkm/lib/modules/scp.ko
scp_ipi_registration	scp	vendor_dlkm/lib/modules/scp.ko
scp_ipi_send	scp	vendor_dlkm/lib/modules/scp.ko
scp_ipi_unregistration	scp	vendor_dlkm/lib/modules/scp.ko
scp_register_feature	scp	vendor_dlkm/lib/modules/scp.ko
scp_release_semaphore_3way	scp	vendor_dlkm/lib/modules/scp.ko
scp_send_message	mtk_scp_audiocommon	vendor_dlkm/lib/modules/mtk-scp-audiocommon.ko
scp_wdt_reset	scp	vendor_dlkm/lib/modules/scp.ko
second_touch_fw_version	yft_devinfo	vendor_dlkm/lib/modules/yft_devinfo.ko
sensor_control_scp	scp	vendor_dlkm/lib/modules/scp.ko
set_am_ceiling	cpufreq_sugov_ext	vendor_dlkm/lib/modules/cpufreq_sugov_ext.ko
set_am_ctrl	cpufreq_sugov_ext	vendor_dlkm/lib/modules/cpufreq_sugov_ext.ko
set_audiobuffer_hw	snd_soc_audiodsp_common	vendor_dlkm/lib/modules/snd-soc-audiodsp-common.ko
set_audiobuffer_memorytype	snd_soc_audiodsp_common	vendor_dlkm/lib/modules/snd-soc-audiodsp-common.ko
set_background_cpumask	scheduler	vendor_dlkm/lib/modules/scheduler.ko
set_background_vip	scheduler	vendor_dlkm/lib/modules/scheduler.ko
set_big_task_rotation	scheduler	vendor_dlkm/lib/modules/scheduler.ko
set_ccmni_rps	ccmni	vendor_dlkm/lib/modules/ccmni.ko
set_cold_interrupt_enable_addr	thermal_interface	vendor_dlkm/lib/modules/thermal_interface.ko
set_cpu_active_bitmask	thermal_interface	vendor_dlkm/lib/modules/thermal_interface.ko
set_cpu_group_active_ratio_cap	scheduler	vendor_dlkm/lib/modules/scheduler.ko
set_cpu_group_active_ratio_pct	scheduler	vendor_dlkm/lib/modules/scheduler.ko
set_cpu_irqRatio_threshold	scheduler	vendor_dlkm/lib/modules/scheduler.ko
set_cpu_irqUtil_threshold	scheduler	vendor_dlkm/lib/modules/scheduler.ko
set_cpu_min_opp	thermal_interface	vendor_dlkm/lib/modules/thermal_interface.ko
set_cpuqos_mode	cpuqos_v3	vendor_dlkm/lib/modules/cpuqos_v3.ko
set_ct_group	cpuqos_v3	vendor_dlkm/lib/modules/cpuqos_v3.ko
set_ct_task	cpuqos_v3	vendor_dlkm/lib/modules/cpuqos_v3.ko
set_curr_uclamp_ctrl	cpufreq_sugov_ext	vendor_dlkm/lib/modules/cpufreq_sugov_ext.ko
set_curr_uclamp_hint	cpufreq_sugov_ext	vendor_dlkm/lib/modules/cpufreq_sugov_ext.ko
set_dsu_ctrl	cpufreq_sugov_ext	vendor_dlkm/lib/modules/cpufreq_sugov_ext.ko
set_dsu_ctrl_debug	cpudvfs	vendor_dlkm/lib/modules/cpudvfs.ko
set_eas_adpf_enable	scheduler	vendor_dlkm/lib/modules/scheduler.ko
set_eas_dsu_ctrl	cpufreq_sugov_ext	vendor_dlkm/lib/modules/cpufreq_sugov_ext.ko
set_foreground_cpumask	scheduler	vendor_dlkm/lib/modules/scheduler.ko
set_foreground_vip	scheduler	vendor_dlkm/lib/modules/scheduler.ko
set_gear_indices	scheduler	vendor_dlkm/lib/modules/scheduler.ko
set_gear_uclamp_ctrl	cpufreq_sugov_ext	vendor_dlkm/lib/modules/cpufreq_sugov_ext.ko
set_gear_uclamp_max	cpufreq_sugov_ext	vendor_dlkm/lib/modules/cpufreq_sugov_ext.ko
set_get_thermal_headroom_interval_tick	scheduler	vendor_dlkm/lib/modules/scheduler.ko
set_group_active_ratio_cap	scheduler	vendor_dlkm/lib/modules/scheduler.ko
set_group_active_ratio_pct	scheduler	vendor_dlkm/lib/modules/scheduler.ko
set_group_pd	cpuqos_v3	vendor_dlkm/lib/modules/cpuqos_v3.ko
set_group_prefer_cpus	scheduler	vendor_dlkm/lib/modules/scheduler.ko
set_group_target_active_ratio_cap	scheduler	vendor_dlkm/lib/modules/scheduler.ko
set_group_target_active_ratio_pct	scheduler	vendor_dlkm/lib/modules/scheduler.ko
set_group_vip_prio	scheduler	vendor_dlkm/lib/modules/scheduler.ko
set_grp_awr_marg_ctrl	scheduler	vendor_dlkm/lib/modules/scheduler.ko
set_grp_awr_min_opp_margin	scheduler	vendor_dlkm/lib/modules/scheduler.ko
set_grp_awr_thr	scheduler	vendor_dlkm/lib/modules/scheduler.ko
set_grp_dvfs_ctrl	cpufreq_sugov_ext	vendor_dlkm/lib/modules/cpufreq_sugov_ext.ko
set_grp_high_freq	cpufreq_sugov_ext	vendor_dlkm/lib/modules/cpufreq_sugov_ext.ko
set_ignore_idle_ctrl	cpufreq_sugov_ext	vendor_dlkm/lib/modules/cpufreq_sugov_ext.ko
set_ls_task_vip	scheduler	vendor_dlkm/lib/modules/scheduler.ko
set_newly_idle_balance_interval_us	scheduler	vendor_dlkm/lib/modules/scheduler.ko
set_over_threshold	mtk_core_ctl	vendor_dlkm/lib/modules/mtk_core_ctl.ko
set_reboot_temperature	thermal_interface	vendor_dlkm/lib/modules/thermal_interface.ko
set_rps_map	rps_perf	vendor_dlkm/lib/modules/rps_perf.ko
set_rt_aggre_preempt	scheduler	vendor_dlkm/lib/modules/scheduler.ko
set_sbb_active_ratio	cpufreq_sugov_ext	vendor_dlkm/lib/modules/cpufreq_sugov_ext.ko
set_sbb_active_ratio_gear	cpufreq_sugov_ext	vendor_dlkm/lib/modules/cpufreq_sugov_ext.ko
set_sbb	cpufreq_sugov_ext	vendor_dlkm/lib/modules/cpufreq_sugov_ext.ko
set_sched_capacity_margin_dvfs	cpufreq_sugov_ext	vendor_dlkm/lib/modules/cpufreq_sugov_ext.ko
set_scp_ultra_base	mtk_scp_ultra	vendor_dlkm/lib/modules/mtk-scp-ultra.ko
set_soc_md_rt_rat_by_idx	ccci_util_lib	vendor_dlkm/lib/modules/ccci_util_lib.ko
set_soc_md_rt_rat	ccci_util_lib	vendor_dlkm/lib/modules/ccci_util_lib.ko
set_soc_md_rt_rat_str	ccci_util_lib	vendor_dlkm/lib/modules/ccci_util_lib.ko
set_system_sbb	cpufreq_sugov_ext	vendor_dlkm/lib/modules/cpufreq_sugov_ext.ko
set_target_active_ratio_cap	cpufreq_sugov_ext	vendor_dlkm/lib/modules/cpufreq_sugov_ext.ko
set_target_active_ratio_pct	cpufreq_sugov_ext	vendor_dlkm/lib/modules/cpufreq_sugov_ext.ko
set_target_margin	cpufreq_sugov_ext	vendor_dlkm/lib/modules/cpufreq_sugov_ext.ko
set_target_margin_low	cpufreq_sugov_ext	vendor_dlkm/lib/modules/cpufreq_sugov_ext.ko
set_task_basic_vip	scheduler	vendor_dlkm/lib/modules/scheduler.ko
set_task_ls_prefer_cpus	scheduler	vendor_dlkm/lib/modules/scheduler.ko
set_task_ls	scheduler	vendor_dlkm/lib/modules/scheduler.ko
set_task_pd	cpuqos_v3	vendor_dlkm/lib/modules/cpuqos_v3.ko
set_task_to_group	scheduler	vendor_dlkm/lib/modules/scheduler.ko
set_task_vvip	scheduler	vendor_dlkm/lib/modules/scheduler.ko
set_top_app_cpumask	scheduler	vendor_dlkm/lib/modules/scheduler.ko
set_top_app_vip	scheduler	vendor_dlkm/lib/modules/scheduler.ko
set_top_grp_aware	scheduler	vendor_dlkm/lib/modules/scheduler.ko
set_ttj	thermal_interface	vendor_dlkm/lib/modules/thermal_interface.ko
set_turn_point_freq	cpufreq_sugov_ext	vendor_dlkm/lib/modules/cpufreq_sugov_ext.ko
set_uclamp_min_ls	scheduler	vendor_dlkm/lib/modules/scheduler.ko
set_updown_migration_pct	scheduler	vendor_dlkm/lib/modules/scheduler.ko
set_wake_sync	scheduler	vendor_dlkm/lib/modules/scheduler.ko
set_wl_type_manual	cpufreq_sugov_ext	vendor_dlkm/lib/modules/cpufreq_sugov_ext.ko
slc_pmu_cnt_setting_enable_val_	met	vendor_dlkm/lib/modules/met.ko
slhc_compress	slhc	system_dlkm/lib/modules/slhc.ko
slhc_free	slhc	system_dlkm/lib/modules/slhc.ko
slhc_init	slhc	system_dlkm/lib/modules/slhc.ko
slhc_remember	slhc	system_dlkm/lib/modules/slhc.ko
slhc_toss	slhc	system_dlkm/lib/modules/slhc.ko
slhc_uncompress	slhc	system_dlkm/lib/modules/slhc.ko
soc_init_aud_intf	usb_offload	vendor_dlkm/lib/modules/usb_offload.ko
spm_cond_deinit	mtk_lpm_dbg_common_v2	vendor_dlkm/lib/modules/mtk-lpm-dbg-common-v2.ko
spm_cond_init	mtk_lpm_dbg_common_v2	vendor_dlkm/lib/modules/mtk-lpm-dbg-common-v2.ko
ssc_disable_vlogic_bound	mtk_ssc	vendor_dlkm/lib/modules/mtk-ssc.ko
ssc_enable	mtk_ssc	vendor_dlkm/lib/modules/mtk-ssc.ko
ssc_enable_vlogic_bound	mtk_ssc	vendor_dlkm/lib/modules/mtk-ssc.ko
ssc_kobj	mtk_ssc	vendor_dlkm/lib/modules/mtk-ssc.ko
ssc_vlogic_bound_register_notifier	mtk_ssc	vendor_dlkm/lib/modules/mtk-ssc.ko
ssc_vlogic_bound_unregister_notifier	mtk_ssc	vendor_dlkm/lib/modules/mtk-ssc.ko
ssmr_offline	tmem_ffa	vendor_dlkm/lib/modules/tmem_ffa.ko
ssmr_online	tmem_ffa	vendor_dlkm/lib/modules/tmem_ffa.ko
sspm_buf_available	met	vendor_dlkm/lib/modules/met.ko
sspm_reserve_mem_get_phys	sspm_v3	vendor_dlkm/lib/modules/sspm_v3.ko
sspm_reserve_mem_get_phys_symbol	met	vendor_dlkm/lib/modules/met.ko
sspm_reserve_mem_get_size	sspm_v3	vendor_dlkm/lib/modules/sspm_v3.ko
sspm_reserve_mem_get_size_symbol	met	vendor_dlkm/lib/modules/met.ko
sspm_reserve_mem_get_virt	sspm_v3	vendor_dlkm/lib/modules/sspm_v3.ko
sspm_reserve_mem_get_virt_symbol	met	vendor_dlkm/lib/modules/met.ko
sspm_sbuf_get	sspm_v3	vendor_dlkm/lib/modules/sspm_v3.ko
strobe_VDIrq	flashlight	vendor_dlkm/lib/modules/flashlight.ko
sugov_grp_awr_update_cpu_tar_util_hook	cpufreq_sugov_ext	vendor_dlkm/lib/modules/cpufreq_sugov_ext.ko
support_svp_region	mtk_vcodec_common	vendor_dlkm/lib/modules/mtk-vcodec-common.ko
support_wfd_region	mtk_vcodec_common	vendor_dlkm/lib/modules/mtk-vcodec-common.ko
sw_logger_config_init	apusys	vendor_dlkm/lib/modules/apusys.ko
swpm_call_event_notifier	mtk_swpm	vendor_dlkm/lib/modules/mtk-swpm.ko
swpm_common_wq	mtk_swpm	vendor_dlkm/lib/modules/mtk-swpm.ko
swpm_core_ops_register	mtk_swpm	vendor_dlkm/lib/modules/mtk-swpm.ko
swpm_dbg_common_fs_exit	mtk_swpm_dbg_common_v1	vendor_dlkm/lib/modules/mtk-swpm-dbg-common-v1.ko
swpm_dbg_common_fs_init	mtk_swpm_dbg_common_v1	vendor_dlkm/lib/modules/mtk-swpm-dbg-common-v1.ko
swpm_get_rec_addr	mtk_swpm	vendor_dlkm/lib/modules/mtk-swpm.ko
swpm_gpu_debug	mtk_swpm_dbg_common_v1	vendor_dlkm/lib/modules/mtk-swpm-dbg-common-v1.ko
swpm_interface_manager_init	mtk_swpm	vendor_dlkm/lib/modules/mtk-swpm.ko
swpm_log_interval_ms	mtk_swpm	vendor_dlkm/lib/modules/mtk-swpm.ko
swpm_mem_addr_request	mtk_swpm	vendor_dlkm/lib/modules/mtk-swpm.ko
swpm_mutex	mtk_swpm	vendor_dlkm/lib/modules/mtk-swpm.ko
swpm_pmu_enable	mtk_swpm	vendor_dlkm/lib/modules/mtk-swpm.ko
swpm_register_event_notifier	mtk_swpm	vendor_dlkm/lib/modules/mtk-swpm.ko
swpm_reserve_mem_init	mtk_swpm	vendor_dlkm/lib/modules/mtk-swpm.ko
swpm_set_and_get_cmd	mtk_swpm	vendor_dlkm/lib/modules/mtk-swpm.ko
swpm_set_cmd	mtk_swpm	vendor_dlkm/lib/modules/mtk-swpm.ko
swpm_set_only_cmd	mtk_swpm	vendor_dlkm/lib/modules/mtk-swpm.ko
swpm_status	mtk_swpm_dbg_common_v1	vendor_dlkm/lib/modules/mtk-swpm-dbg-common-v1.ko
swpm_timer	mtk_swpm	vendor_dlkm/lib/modules/mtk-swpm.ko
swpm_unregister_event_notifier	mtk_swpm	vendor_dlkm/lib/modules/mtk-swpm.ko
sync_latest_data	mtk_swpm	vendor_dlkm/lib/modules/mtk-swpm.ko
sync_ringbuf_readidx	snd_soc_audiodsp_common	vendor_dlkm/lib/modules/snd-soc-audiodsp-common.ko
sysctl_sched_init_task_load_pct	scheduler	vendor_dlkm/lib/modules/scheduler.ko
sysctl_sched_ravg_window_nr_ticks	scheduler	vendor_dlkm/lib/modules/scheduler.ko
sysctl_task_sched_window_stats_policy	scheduler	vendor_dlkm/lib/modules/scheduler.ko
sysctl_util_est	cpufreq_sugov_ext	vendor_dlkm/lib/modules/cpufreq_sugov_ext.ko
Test_fake_trace_event	mtk_fpsgo	vendor_dlkm/lib/modules/mtk_fpsgo.ko
Test_fbt_get_loading_exp	mtk_fpsgo	vendor_dlkm/lib/modules/mtk_fpsgo.ko
Test_fbt_get_separatecap	mtk_fpsgo	vendor_dlkm/lib/modules/mtk_fpsgo.ko
test_fstb_hrtimer_info_update_fp	mtk_fpsgo	vendor_dlkm/lib/modules/mtk_fpsgo.ko
thermal_apu_mbox_base	thermal_interface	vendor_dlkm/lib/modules/thermal_interface.ko
thermal_cputcm_base	thermal_interface	vendor_dlkm/lib/modules/thermal_interface.ko
thermal_csram_base	thermal_interface	vendor_dlkm/lib/modules/thermal_interface.ko
tinylcd_fw_version	yft_devinfo	vendor_dlkm/lib/modules/yft_devinfo.ko
tiny_tp_gesture_contorl	hynitron	vendor_dlkm/lib/modules/hynitron.ko
tiny_tp_power_contorl	hynitron	vendor_dlkm/lib/modules/hynitron.ko
tipc_chan_connect	gz_ipc_mod	vendor_dlkm/lib/modules/gz_ipc_mod.ko
tipc_chan_destroy	gz_ipc_mod	vendor_dlkm/lib/modules/gz_ipc_mod.ko
tipc_chan_get_rxbuf	gz_ipc_mod	vendor_dlkm/lib/modules/gz_ipc_mod.ko
tipc_chan_get_txbuf_timeout	gz_ipc_mod	vendor_dlkm/lib/modules/gz_ipc_mod.ko
tipc_chan_put_rxbuf	gz_ipc_mod	vendor_dlkm/lib/modules/gz_ipc_mod.ko
tipc_chan_put_txbuf	gz_ipc_mod	vendor_dlkm/lib/modules/gz_ipc_mod.ko
tipc_chan_queue_msg	gz_ipc_mod	vendor_dlkm/lib/modules/gz_ipc_mod.ko
tipc_chan_shutdown	gz_ipc_mod	vendor_dlkm/lib/modules/gz_ipc_mod.ko
tipc_create_channel	gz_ipc_mod	vendor_dlkm/lib/modules/gz_ipc_mod.ko
tipc_dump_done	tipc	system_dlkm/lib/modules/tipc.ko
tipc_dump_start	tipc	system_dlkm/lib/modules/tipc.ko
tipc_k_connect	gz_ipc_mod	vendor_dlkm/lib/modules/gz_ipc_mod.ko
tipc_k_disconnect	gz_ipc_mod	vendor_dlkm/lib/modules/gz_ipc_mod.ko
tipc_k_read	gz_ipc_mod	vendor_dlkm/lib/modules/gz_ipc_mod.ko
tipc_k_write	gz_ipc_mod	vendor_dlkm/lib/modules/gz_ipc_mod.ko
tipc_nl_sk_walk	tipc	system_dlkm/lib/modules/tipc.ko
tipc_set_default_cpumask	gz_ipc_mod	vendor_dlkm/lib/modules/gz_ipc_mod.ko
tipc_sk_fill_sock_diag	tipc	system_dlkm/lib/modules/tipc.ko
touch_boost_get_cmd_fp	mtk_ioctl_touch_boost	vendor_dlkm/lib/modules/mtk_ioctl_touch_boost.ko
touch_fw_version	yft_devinfo	vendor_dlkm/lib/modules/yft_devinfo.ko
tpd_enter_tui	tui_common	vendor_dlkm/lib/modules/tui-common.ko
tpd_exit_tui	tui_common	vendor_dlkm/lib/modules/tui-common.ko
__traceiter_cpu_hr_info_0	thermal_trace	vendor_dlkm/lib/modules/thermal_trace.ko
__traceiter_cpu_hr_info_1	thermal_trace	vendor_dlkm/lib/modules/thermal_trace.ko
__traceiter_lpm_trace	mtk_lpm	vendor_dlkm/lib/modules/mtk-lpm.ko
__traceiter_md_mutt_limit	thermal_trace	vendor_dlkm/lib/modules/thermal_trace.ko
__traceiter_md_scg_off	thermal_trace	vendor_dlkm/lib/modules/thermal_trace.ko
__traceiter_md_tx_pwr_limit	thermal_trace	vendor_dlkm/lib/modules/thermal_trace.ko
__traceiter_network_tput	thermal_trace	vendor_dlkm/lib/modules/thermal_trace.ko
__traceiter_SPM__resource_req_0	mtk_lpm	vendor_dlkm/lib/modules/mtk-lpm.ko
__tracepoint_cpu_hr_info_0	thermal_trace	vendor_dlkm/lib/modules/thermal_trace.ko
__tracepoint_cpu_hr_info_1	thermal_trace	vendor_dlkm/lib/modules/thermal_trace.ko
__tracepoint_lpm_trace	mtk_lpm	vendor_dlkm/lib/modules/mtk-lpm.ko
__tracepoint_md_mutt_limit	thermal_trace	vendor_dlkm/lib/modules/thermal_trace.ko
__tracepoint_md_scg_off	thermal_trace	vendor_dlkm/lib/modules/thermal_trace.ko
__tracepoint_md_tx_pwr_limit	thermal_trace	vendor_dlkm/lib/modules/thermal_trace.ko
__tracepoint_network_tput	thermal_trace	vendor_dlkm/lib/modules/thermal_trace.ko
__tracepoint_SPM__resource_req_0	mtk_lpm	vendor_dlkm/lib/modules/mtk-lpm.ko
trigger_vcp_disp_sync	vcp	vendor_dlkm/lib/modules/vcp.ko
trigger_vcp_halt	vcp	vendor_dlkm/lib/modules/vcp.ko
trusted_mem_api_alloc	tmem_ffa	vendor_dlkm/lib/modules/tmem_ffa.ko
trusted_mem_api_alloc_zero	tmem_ffa	vendor_dlkm/lib/modules/tmem_ffa.ko
trusted_mem_api_get_page_replace	tmem_ffa	vendor_dlkm/lib/modules/tmem_ffa.ko
trusted_mem_api_get_region_info	tmem_ffa	vendor_dlkm/lib/modules/tmem_ffa.ko
trusted_mem_api_query_pa	tmem_ffa	vendor_dlkm/lib/modules/tmem_ffa.ko
trusted_mem_api_unref	tmem_ffa	vendor_dlkm/lib/modules/tmem_ffa.ko
trusted_mem_disable_high_freq	tmem_ffa	vendor_dlkm/lib/modules/tmem_ffa.ko
trusted_mem_enable_high_freq	tmem_ffa	vendor_dlkm/lib/modules/tmem_ffa.ko
trusted_mem_ffa_query_pa	tmem_ffa	vendor_dlkm/lib/modules/tmem_ffa.ko
trusted_mem_is_ffa_enabled	tmem_ffa	vendor_dlkm/lib/modules/tmem_ffa.ko
trusted_mem_is_page_v2_enabled	tmem_ffa	vendor_dlkm/lib/modules/tmem_ffa.ko
trusted_mem_page_based_alloc	tmem_ffa	vendor_dlkm/lib/modules/tmem_ffa.ko
trusted_mem_page_based_free	tmem_ffa	vendor_dlkm/lib/modules/tmem_ffa.ko
trusty_adjust_task_attr	gz_trusty_mod	vendor_dlkm/lib/modules/gz_trusty_mod.ko
trusty_callback_notifier_register	gz_trusty_mod	vendor_dlkm/lib/modules/gz_trusty_mod.ko
trusty_callback_notifier_unregister	gz_trusty_mod	vendor_dlkm/lib/modules/gz_trusty_mod.ko
trusty_call_notifier_register	gz_trusty_mod	vendor_dlkm/lib/modules/gz_trusty_mod.ko
trusty_call_notifier_unregister	gz_trusty_mod	vendor_dlkm/lib/modules/gz_trusty_mod.ko
trusty_dequeue_nop	gz_trusty_mod	vendor_dlkm/lib/modules/gz_trusty_mod.ko
trusty_dump_systrace	gz_trusty_mod	vendor_dlkm/lib/modules/gz_trusty_mod.ko
trusty_enqueue_nop	gz_trusty_mod	vendor_dlkm/lib/modules/gz_trusty_mod.ko
trusty_fast_call32	gz_trusty_mod	vendor_dlkm/lib/modules/gz_trusty_mod.ko
trusty_get_api_version	gz_trusty_mod	vendor_dlkm/lib/modules/gz_trusty_mod.ko
trusty_nop_set_switch_pri	gz_trusty_mod	vendor_dlkm/lib/modules/gz_trusty_mod.ko
trusty_std_call32	gz_trusty_mod	vendor_dlkm/lib/modules/gz_trusty_mod.ko
trusty_version_str_get	gz_trusty_mod	vendor_dlkm/lib/modules/gz_trusty_mod.ko
ttype1_16_en	met	vendor_dlkm/lib/modules/met.ko
ttype17_21_en	met	vendor_dlkm/lib/modules/met.ko
turn_off_vvip_balance_overutilized	scheduler	vendor_dlkm/lib/modules/scheduler.ko
turn_on_vvip_balance_overutilized	scheduler	vendor_dlkm/lib/modules/scheduler.ko
tz_system_dev	gz_tz_system	vendor_dlkm/lib/modules/gz_tz_system.ko
ultra_set_dsp_afe	snd_soc_mtk_scp_ultra	vendor_dlkm/lib/modules/snd-soc-mtk-scp-ultra.ko
unhook_scp_ipi_queue_recv_msg_handler	mtk_scp_audiocommon	vendor_dlkm/lib/modules/mtk-scp-audiocommon.ko
unregister_candev	can_dev	system_dlkm/lib/modules/can-dev.ko
unregister_get_fpsgo_is_boosting_fp	powerhal_cpu_ctrl	vendor_dlkm/lib/modules/powerhal_cpu_ctrl.ko
unregister_lpm_logger_mbrain_dbg_ops	mtk_lpm_dbg_common_v2	vendor_dlkm/lib/modules/mtk-lpm-dbg-common-v2.ko
unregister_lpm_mbrain_dbg_ops	mtk_lpm_dbg_common_v2	vendor_dlkm/lib/modules/mtk-lpm-dbg-common-v2.ko
unregister_lpm_sys_res_ops	mtk_lpm_dbg_common_v2	vendor_dlkm/lib/modules/mtk-lpm-dbg-common-v2.ko
unregister_pppox_proto	pppox	system_dlkm/lib/modules/pppox.ko
unregister_qos_notifier	mtk_qos	vendor_dlkm/lib/modules/mtk_qos.ko
unregister_scp_mbrain_dbg_ops	scp	vendor_dlkm/lib/modules/scp.ko
unreg_loading_tracking_sp	load_track	vendor_dlkm/lib/modules/load_track.ko
unset_background_vip	scheduler	vendor_dlkm/lib/modules/scheduler.ko
unset_cpu_irqRatio_threshold	scheduler	vendor_dlkm/lib/modules/scheduler.ko
unset_cpu_irqUtil_threshold	scheduler	vendor_dlkm/lib/modules/scheduler.ko
unset_foreground_vip	scheduler	vendor_dlkm/lib/modules/scheduler.ko
unset_gear_indices	scheduler	vendor_dlkm/lib/modules/scheduler.ko
unset_group_vip_prio	scheduler	vendor_dlkm/lib/modules/scheduler.ko
unset_ls_task_vip	scheduler	vendor_dlkm/lib/modules/scheduler.ko
unset_task_basic_vip	scheduler	vendor_dlkm/lib/modules/scheduler.ko
unset_task_ls_prefer_cpus	scheduler	vendor_dlkm/lib/modules/scheduler.ko
unset_task_ls	scheduler	vendor_dlkm/lib/modules/scheduler.ko
unset_task_vvip	scheduler	vendor_dlkm/lib/modules/scheduler.ko
unset_top_app_vip	scheduler	vendor_dlkm/lib/modules/scheduler.ko
unset_updown_migration_pct	scheduler	vendor_dlkm/lib/modules/scheduler.ko
update_active_ratio_all	cpufreq_sugov_ext	vendor_dlkm/lib/modules/cpufreq_sugov_ext.ko
update_driver_l0_reset_status	wmt_chrdev_wifi_connac2	vendor_dlkm/lib/modules/wmt_chrdev_wifi_connac2.ko
update_driver_loaded_status	wmt_chrdev_wifi_connac2	vendor_dlkm/lib/modules/wmt_chrdev_wifi_connac2.ko
update_driver_reset_status	wmt_chrdev_wifi_connac2	vendor_dlkm/lib/modules/wmt_chrdev_wifi_connac2.ko
update_pelt_data	cpufreq_sugov_ext	vendor_dlkm/lib/modules/cpufreq_sugov_ext.ko
update_pre_cal_status	wmt_chrdev_wifi_connac2	vendor_dlkm/lib/modules/wmt_chrdev_wifi_connac2.ko
update_uartlog_status_symbol	met	vendor_dlkm/lib/modules/met.ko
update_wl_tbl	cpufreq_sugov_ext	vendor_dlkm/lib/modules/cpufreq_sugov_ext.ko
usbnet_cdc_bind	cdc_ether	system_dlkm/lib/modules/cdc_ether.ko
usbnet_cdc_status	cdc_ether	system_dlkm/lib/modules/cdc_ether.ko
usbnet_cdc_unbind	cdc_ether	system_dlkm/lib/modules/cdc_ether.ko
usbnet_cdc_update_filter	cdc_ether	system_dlkm/lib/modules/cdc_ether.ko
usbnet_cdc_zte_rx_fixup	cdc_ether	system_dlkm/lib/modules/cdc_ether.ko
usbnet_change_mtu	usbnet	system_dlkm/lib/modules/usbnet.ko
usbnet_defer_kevent	usbnet	system_dlkm/lib/modules/usbnet.ko
usbnet_device_suggests_idle	usbnet	system_dlkm/lib/modules/usbnet.ko
usbnet_disconnect	usbnet	system_dlkm/lib/modules/usbnet.ko
usbnet_ether_cdc_bind	cdc_ether	system_dlkm/lib/modules/cdc_ether.ko
usbnet_generic_cdc_bind	cdc_ether	system_dlkm/lib/modules/cdc_ether.ko
usbnet_get_drvinfo	usbnet	system_dlkm/lib/modules/usbnet.ko
usbnet_get_endpoints	usbnet	system_dlkm/lib/modules/usbnet.ko
usbnet_get_ethernet_addr	usbnet	system_dlkm/lib/modules/usbnet.ko
usbnet_get_link_ksettings_internal	usbnet	system_dlkm/lib/modules/usbnet.ko
usbnet_get_link_ksettings_mii	usbnet	system_dlkm/lib/modules/usbnet.ko
usbnet_get_link	usbnet	system_dlkm/lib/modules/usbnet.ko
usbnet_get_msglevel	usbnet	system_dlkm/lib/modules/usbnet.ko
usbnet_link_change	usbnet	system_dlkm/lib/modules/usbnet.ko
usbnet_manage_power	usbnet	system_dlkm/lib/modules/usbnet.ko
usbnet_nway_reset	usbnet	system_dlkm/lib/modules/usbnet.ko
usbnet_open	usbnet	system_dlkm/lib/modules/usbnet.ko
usbnet_pause_rx	usbnet	system_dlkm/lib/modules/usbnet.ko
usbnet_probe	usbnet	system_dlkm/lib/modules/usbnet.ko
usbnet_purge_paused_rxq	usbnet	system_dlkm/lib/modules/usbnet.ko
usbnet_read_cmd_nopm	usbnet	system_dlkm/lib/modules/usbnet.ko
usbnet_read_cmd	usbnet	system_dlkm/lib/modules/usbnet.ko
usbnet_resume_rx	usbnet	system_dlkm/lib/modules/usbnet.ko
usbnet_resume	usbnet	system_dlkm/lib/modules/usbnet.ko
usbnet_set_link_ksettings_mii	usbnet	system_dlkm/lib/modules/usbnet.ko
usbnet_set_msglevel	usbnet	system_dlkm/lib/modules/usbnet.ko
usbnet_set_rx_mode	usbnet	system_dlkm/lib/modules/usbnet.ko
usbnet_skb_return	usbnet	system_dlkm/lib/modules/usbnet.ko
usbnet_start_xmit	usbnet	system_dlkm/lib/modules/usbnet.ko
usbnet_status_start	usbnet	system_dlkm/lib/modules/usbnet.ko
usbnet_status_stop	usbnet	system_dlkm/lib/modules/usbnet.ko
usbnet_stop	usbnet	system_dlkm/lib/modules/usbnet.ko
usbnet_suspend	usbnet	system_dlkm/lib/modules/usbnet.ko
usbnet_tx_timeout	usbnet	system_dlkm/lib/modules/usbnet.ko
usbnet_unlink_rx_urbs	usbnet	system_dlkm/lib/modules/usbnet.ko
usbnet_update_max_qlen	usbnet	system_dlkm/lib/modules/usbnet.ko
usbnet_write_cmd_async	usbnet	system_dlkm/lib/modules/usbnet.ko
usbnet_write_cmd_nopm	usbnet	system_dlkm/lib/modules/usbnet.ko
usbnet_write_cmd	usbnet	system_dlkm/lib/modules/usbnet.ko
usb_serial_claim_interface	usbserial	system_dlkm/lib/modules/usbserial.ko
usb_serial_deregister_drivers	usbserial	system_dlkm/lib/modules/usbserial.ko
usb_serial_generic_chars_in_buffer	usbserial	system_dlkm/lib/modules/usbserial.ko
usb_serial_generic_close	usbserial	system_dlkm/lib/modules/usbserial.ko
usb_serial_generic_get_icount	usbserial	system_dlkm/lib/modules/usbserial.ko
usb_serial_generic_open	usbserial	system_dlkm/lib/modules/usbserial.ko
usb_serial_generic_process_read_urb	usbserial	system_dlkm/lib/modules/usbserial.ko
usb_serial_generic_read_bulk_callback	usbserial	system_dlkm/lib/modules/usbserial.ko
usb_serial_generic_resume	usbserial	system_dlkm/lib/modules/usbserial.ko
usb_serial_generic_submit_read_urbs	usbserial	system_dlkm/lib/modules/usbserial.ko
usb_serial_generic_throttle	usbserial	system_dlkm/lib/modules/usbserial.ko
usb_serial_generic_tiocmiwait	usbserial	system_dlkm/lib/modules/usbserial.ko
usb_serial_generic_unthrottle	usbserial	system_dlkm/lib/modules/usbserial.ko
usb_serial_generic_wait_until_sent	usbserial	system_dlkm/lib/modules/usbserial.ko
usb_serial_generic_write_bulk_callback	usbserial	system_dlkm/lib/modules/usbserial.ko
usb_serial_generic_write_start	usbserial	system_dlkm/lib/modules/usbserial.ko
usb_serial_generic_write	usbserial	system_dlkm/lib/modules/usbserial.ko
usb_serial_handle_dcd_change	usbserial	system_dlkm/lib/modules/usbserial.ko
usb_serial_port_softint	usbserial	system_dlkm/lib/modules/usbserial.ko
usb_serial_register_drivers	usbserial	system_dlkm/lib/modules/usbserial.ko
usb_serial_resume	usbserial	system_dlkm/lib/modules/usbserial.ko
usb_serial_suspend	usbserial	system_dlkm/lib/modules/usbserial.ko
v4l2_m2m_buf_queue_check	mtk_vcodec_common	vendor_dlkm/lib/modules/mtk-vcodec-common.ko
v4l_fill_mtk_fmtdesc	mtk_vcodec_common	vendor_dlkm/lib/modules/mtk-vcodec-common.ko
vb2_dpe_dma_contig_clear_max_seg_size_isp7s	camera_dpe_isp7sp	vendor_dlkm/lib/modules/camera_dpe_isp7sp.ko
vb2_dpe_dma_contig_memops_isp7s	camera_dpe_isp7sp	vendor_dlkm/lib/modules/camera_dpe_isp7sp.ko
vcodec_trace	mtk_vcodec_common	vendor_dlkm/lib/modules/mtk-vcodec-common.ko
vcorefs_get_num_opp_symbol	met	vendor_dlkm/lib/modules/met.ko
vcorefs_get_opp_info_name_symbol	met	vendor_dlkm/lib/modules/met.ko
vcorefs_get_opp_info_num_symbol	met	vendor_dlkm/lib/modules/met.ko
vcorefs_get_opp_info_symbol	met	vendor_dlkm/lib/modules/met.ko
vcorefs_get_src_req_name_symbol	met	vendor_dlkm/lib/modules/met.ko
vcorefs_get_src_req_num_symbol	met	vendor_dlkm/lib/modules/met.ko
vcorefs_get_src_req_symbol	met	vendor_dlkm/lib/modules/met.ko
vcp_A_register_notify	vcp	vendor_dlkm/lib/modules/vcp.ko
vcp_A_unregister_notify	vcp	vendor_dlkm/lib/modules/vcp.ko
vcp_awake_lock	vcp	vendor_dlkm/lib/modules/vcp.ko
vcp_awake_unlock	vcp	vendor_dlkm/lib/modules/vcp.ko
vcp_clr_spm_reg	vcp	vendor_dlkm/lib/modules/vcp.ko
vcp_deregister_feature	vcp	vendor_dlkm/lib/modules/vcp.ko
vcp_disable_pm_clk	vcp	vendor_dlkm/lib/modules/vcp.ko
vcp_enable_pm_clk	vcp	vendor_dlkm/lib/modules/vcp.ko
vcp_get_io_device	vcp	vendor_dlkm/lib/modules/vcp.ko
vcp_get_reserve_mem_phys	vcp	vendor_dlkm/lib/modules/vcp.ko
vcp_get_reserve_mem_size	vcp	vendor_dlkm/lib/modules/vcp.ko
vcp_get_reserve_mem_virt	vcp	vendor_dlkm/lib/modules/vcp.ko
vcp_ipidev	vcp	vendor_dlkm/lib/modules/vcp.ko
vcp_mboxdev	vcp	vendor_dlkm/lib/modules/vcp.ko
vcp_register_feature	vcp	vendor_dlkm/lib/modules/vcp.ko
vcp_wdt_reset	vcp	vendor_dlkm/lib/modules/vcp.ko
vcu_clear_codec_ctx	mtk_vcu	vendor_dlkm/lib/modules/mtk-vcu.ko
vcu_compare_version	mtk_vcu	vendor_dlkm/lib/modules/mtk-vcu.ko
vcu_func	mtk_vcodec_common	vendor_dlkm/lib/modules/mtk-vcodec-common.ko
vcu_get_ctx_ipi_binding_lock	mtk_vcu	vendor_dlkm/lib/modules/mtk-vcu.ko
vcu_get_log	mtk_vcu	vendor_dlkm/lib/modules/mtk-vcu.ko
vcu_get_plat_device	mtk_vcu	vendor_dlkm/lib/modules/mtk-vcu.ko
vcu_get_task	mtk_vcu	vendor_dlkm/lib/modules/mtk-vcu.ko
vcu_ipi_register	mtk_vcu	vendor_dlkm/lib/modules/mtk-vcu.ko
vcu_ipi_send	mtk_vcu	vendor_dlkm/lib/modules/mtk-vcu.ko
vcu_load_firmware	mtk_vcu	vendor_dlkm/lib/modules/mtk-vcu.ko
vcu_mapping_dm_addr	mtk_vcu	vendor_dlkm/lib/modules/mtk-vcu.ko
vcu_put_task	mtk_vcu	vendor_dlkm/lib/modules/mtk-vcu.ko
vcu_set_codec_ctx	mtk_vcu	vendor_dlkm/lib/modules/mtk-vcu.ko
vcu_set_log	mtk_vcu	vendor_dlkm/lib/modules/mtk-vcu.ko
vcu_set_v4l2_callback	mtk_vcu	vendor_dlkm/lib/modules/mtk-vcu.ko
vmap_reserved_mem	ccci_util_lib	vendor_dlkm/lib/modules/ccci_util_lib.ko
vmm_isp_ctrl_notify	mtk_vmm_notifier	vendor_dlkm/lib/modules/mtk-vmm-notifier.ko
vow_ipi_send	mtk_vow	vendor_dlkm/lib/modules/mtk-vow.ko
vpu_init_info_remove	apusys	vendor_dlkm/lib/modules/apusys.ko
vpu_set_init_info	apusys	vendor_dlkm/lib/modules/apusys.ko
wait_vcp_ready_to_reboot	vcp	vendor_dlkm/lib/modules/vcp.ko
wdev_chandef	cfg80211	vendor_dlkm/lib/modules/cfg80211.ko
wdev_to_ieee80211_vif	mac80211	vendor_dlkm/lib/modules/mac80211.ko
wifi_irq	connadp	vendor_dlkm/lib/modules/connadp.ko
wifi_pwr_on_deinit	wmt_chrdev_wifi_connac2	vendor_dlkm/lib/modules/wmt_chrdev_wifi_connac2.ko
wifi_pwr_on_init	wmt_chrdev_wifi_connac2	vendor_dlkm/lib/modules/wmt_chrdev_wifi_connac2.ko
wifi_reset_end	wmt_chrdev_wifi_connac2	vendor_dlkm/lib/modules/wmt_chrdev_wifi_connac2.ko
wifi_reset_start	wmt_chrdev_wifi_connac2	vendor_dlkm/lib/modules/wmt_chrdev_wifi_connac2.ko
will_ldo_en	custom_ldo_wl2868	vendor_dlkm/lib/modules/custom-ldo-wl2868.ko
will_ldo_vout	custom_ldo_wl2868	vendor_dlkm/lib/modules/custom-ldo-wl2868.ko
wiphy_apply_custom_regulatory	cfg80211	vendor_dlkm/lib/modules/cfg80211.ko
wiphy_delayed_work_cancel	cfg80211	vendor_dlkm/lib/modules/cfg80211.ko
wiphy_delayed_work_flush	cfg80211	vendor_dlkm/lib/modules/cfg80211.ko
wiphy_delayed_work_queue	cfg80211	vendor_dlkm/lib/modules/cfg80211.ko
wiphy_delayed_work_timer	cfg80211	vendor_dlkm/lib/modules/cfg80211.ko
wiphy_free	cfg80211	vendor_dlkm/lib/modules/cfg80211.ko
wiphy_new_nm	cfg80211	vendor_dlkm/lib/modules/cfg80211.ko
wiphy_read_of_freq_limits	cfg80211	vendor_dlkm/lib/modules/cfg80211.ko
wiphy_register	cfg80211	vendor_dlkm/lib/modules/cfg80211.ko
wiphy_rfkill_set_hw_state_reason	cfg80211	vendor_dlkm/lib/modules/cfg80211.ko
wiphy_rfkill_start_polling	cfg80211	vendor_dlkm/lib/modules/cfg80211.ko
wiphy_to_ieee80211_hw	mac80211	vendor_dlkm/lib/modules/mac80211.ko
wiphy_unregister	cfg80211	vendor_dlkm/lib/modules/cfg80211.ko
wiphy_work_cancel	cfg80211	vendor_dlkm/lib/modules/cfg80211.ko
wiphy_work_flush	cfg80211	vendor_dlkm/lib/modules/cfg80211.ko
wiphy_work_queue	cfg80211	vendor_dlkm/lib/modules/cfg80211.ko
wmt_export_mtk_wcn_cmb_sdio_disable_eirq	connadp	vendor_dlkm/lib/modules/connadp.ko
wmt_export_mtk_wcn_sdio_irq_flag_set	connadp	vendor_dlkm/lib/modules/connadp.ko
wmt_export_platform_bridge_register	connadp	vendor_dlkm/lib/modules/connadp.ko
wmt_export_platform_bridge_unregister	connadp	vendor_dlkm/lib/modules/connadp.ko
wmt_export_platform_dbg_bridge_register	connadp	vendor_dlkm/lib/modules/connadp.ko
wmt_export_platform_dbg_bridge_unregister	connadp	vendor_dlkm/lib/modules/connadp.ko
word_size_align	snd_soc_mtk_common	vendor_dlkm/lib/modules/snd-soc-mtk-common.ko
wpan_phy_find	ieee802154	system_dlkm/lib/modules/ieee802154.ko
wpan_phy_for_each	ieee802154	system_dlkm/lib/modules/ieee802154.ko
wpan_phy_free	ieee802154	system_dlkm/lib/modules/ieee802154.ko
wpan_phy_new	ieee802154	system_dlkm/lib/modules/ieee802154.ko
wpan_phy_register	ieee802154	system_dlkm/lib/modules/ieee802154.ko
wpan_phy_unregister	ieee802154	system_dlkm/lib/modules/ieee802154.ko
write_jatm_suspend	thermal_interface	vendor_dlkm/lib/modules/thermal_interface.ko
wwan_create_port	wwan	system_dlkm/lib/modules/wwan.ko
wwan_port_get_drvdata	wwan	system_dlkm/lib/modules/wwan.ko
wwan_port_rx	wwan	system_dlkm/lib/modules/wwan.ko
wwan_port_txoff	wwan	system_dlkm/lib/modules/wwan.ko
wwan_port_txon	wwan	system_dlkm/lib/modules/wwan.ko
wwan_register_ops	wwan	system_dlkm/lib/modules/wwan.ko
wwan_remove_port	wwan	system_dlkm/lib/modules/wwan.ko
wwan_unregister_ops	wwan	system_dlkm/lib/modules/wwan.ko
xgf_alloc_array	mtk_fpsgo	vendor_dlkm/lib/modules/mtk_fpsgo.ko
xgf_alloc	mtk_fpsgo	vendor_dlkm/lib/modules/mtk_fpsgo.ko
xgf_atomic_read	mtk_fpsgo	vendor_dlkm/lib/modules/mtk_fpsgo.ko
xgf_calculate_sqrt	mtk_fpsgo	vendor_dlkm/lib/modules/mtk_fpsgo.ko
xgf_check_main_sf_pid	mtk_fpsgo	vendor_dlkm/lib/modules/mtk_fpsgo.ko
xgf_check_specific_pid	mtk_fpsgo	vendor_dlkm/lib/modules/mtk_fpsgo.ko
xgf_delete_render_info_fp	mtk_fpsgo	vendor_dlkm/lib/modules/mtk_fpsgo.ko
xgf_do_div	mtk_fpsgo	vendor_dlkm/lib/modules/mtk_fpsgo.ko
xgf_ema2_dump_info_frames	mtk_fpsgo	vendor_dlkm/lib/modules/mtk_fpsgo.ko
xgf_ema2_dump_rho	mtk_fpsgo	vendor_dlkm/lib/modules/mtk_fpsgo.ko
xgf_ema2_systrace	mtk_fpsgo	vendor_dlkm/lib/modules/mtk_fpsgo.ko
xgf_est_runtime_fp	mtk_fpsgo	vendor_dlkm/lib/modules/mtk_fpsgo.ko
xgf_event_buffer	mtk_fpsgo	vendor_dlkm/lib/modules/mtk_fpsgo.ko
xgf_event_buffer_size	mtk_fpsgo	vendor_dlkm/lib/modules/mtk_fpsgo.ko
xgff_boost_startend_fp	mtk_perf_ioctl	vendor_dlkm/lib/modules/mtk_perf_ioctl.ko
xgff_frame_getdeplist_maxsize_fp	mtk_perf_ioctl	vendor_dlkm/lib/modules/mtk_perf_ioctl.ko
xgff_frame_min_cap_fp	mtk_perf_ioctl	vendor_dlkm/lib/modules/mtk_perf_ioctl.ko
xgff_frame_startend_fp	mtk_perf_ioctl	vendor_dlkm/lib/modules/mtk_perf_ioctl.ko
xgf_free	mtk_fpsgo	vendor_dlkm/lib/modules/mtk_fpsgo.ko
xgf_get_logical_tid	mtk_fpsgo	vendor_dlkm/lib/modules/mtk_fpsgo.ko
xgf_get_process_id	mtk_fpsgo	vendor_dlkm/lib/modules/mtk_fpsgo.ko
xgf_get_runtime	mtk_fpsgo	vendor_dlkm/lib/modules/mtk_fpsgo.ko
xgf_trace	mtk_fpsgo	vendor_dlkm/lib/modules/mtk_fpsgo.ko
yft_accsensor_device_add	yft_devinfo	vendor_dlkm/lib/modules/yft_devinfo.ko
yft_alspssensor_device_add	yft_devinfo	vendor_dlkm/lib/modules/yft_devinfo.ko
yft_barosensor_device_add	yft_devinfo	vendor_dlkm/lib/modules/yft_devinfo.ko
yft_camera_device_add	yft_devinfo	vendor_dlkm/lib/modules/yft_devinfo.ko
yft_cts_dump	yft_devinfo	vendor_dlkm/lib/modules/yft_devinfo.ko
yft_device_dump	yft_devinfo	vendor_dlkm/lib/modules/yft_devinfo.ko
yft_fuelgauge_device_add	yft_devinfo	vendor_dlkm/lib/modules/yft_devinfo.ko
yft_memory_dump	yft_devinfo	vendor_dlkm/lib/modules/yft_devinfo.ko
yft_msensor_device_add	yft_devinfo	vendor_dlkm/lib/modules/yft_devinfo.ko
yft_sarsensor_device_add	yft_devinfo	vendor_dlkm/lib/modules/yft_devinfo.ko
yft_set_accsensor_device_used	yft_devinfo	vendor_dlkm/lib/modules/yft_devinfo.ko
yft_set_alspssensor_device_used	yft_devinfo	vendor_dlkm/lib/modules/yft_devinfo.ko
yft_set_barosensor_device_used	yft_devinfo	vendor_dlkm/lib/modules/yft_devinfo.ko
yft_set_camera_device_used	yft_devinfo	vendor_dlkm/lib/modules/yft_devinfo.ko
yft_set_fuelgauge_device_used	yft_devinfo	vendor_dlkm/lib/modules/yft_devinfo.ko
yft_set_msensor_device_used	yft_devinfo	vendor_dlkm/lib/modules/yft_devinfo.ko
yft_set_sarsensor_device_used	yft_devinfo	vendor_dlkm/lib/modules/yft_devinfo.ko
yft_set_tinylcd_device_used	yft_devinfo	vendor_dlkm/lib/modules/yft_devinfo.ko
yft_set_touch_device_used	yft_devinfo	vendor_dlkm/lib/modules/yft_devinfo.ko
yft_spitouchpanel_device_add	yft_devinfo	vendor_dlkm/lib/modules/yft_devinfo.ko
yft_tinylcd_device_add	yft_devinfo	vendor_dlkm/lib/modules/yft_devinfo.ko
yft_touchpanel_device_add	yft_devinfo	vendor_dlkm/lib/modules/yft_devinfo.ko
zs_compact	zsmalloc	system_dlkm/lib/modules/zsmalloc.ko
zs_create_pool	zsmalloc	system_dlkm/lib/modules/zsmalloc.ko
zs_destroy_pool	zsmalloc	system_dlkm/lib/modules/zsmalloc.ko
zs_free	zsmalloc	system_dlkm/lib/modules/zsmalloc.ko
zs_get_total_pages	zsmalloc	system_dlkm/lib/modules/zsmalloc.ko
zs_huge_class_size	zsmalloc	system_dlkm/lib/modules/zsmalloc.ko
zs_malloc	zsmalloc	system_dlkm/lib/modules/zsmalloc.ko
zs_map_object	zsmalloc	system_dlkm/lib/modules/zsmalloc.ko
zs_pool_stats	zsmalloc	system_dlkm/lib/modules/zsmalloc.ko
zs_unmap_object	zsmalloc	system_dlkm/lib/modules/zsmalloc.ko
