symbol,crc,provider_kind,provider_modules,provider_module_count,consumer_modules,consumer_module_count,import_record_count,in_kernel_base,in_kernel_mtk,in_kernel_nothing,in_device_base,in_device_mtk,in_device_mtk_union,in_kernel_nothing_union,in_any_published_nothing_list,required_stock_crc,exact_gki_crc,exact_gki_crc_status
__ClearPageMovable,0xb4e74d22,KERNEL_OR_BUILTIN,,0,mali_kbase_mt6878_r44;zsmalloc,2,2,0,1,0,0,1,1,1,1,0xb4e74d22,0xb4e74d22,MATCH
__SetPageMovable,0xe8b6d861,KERNEL_OR_BUILTIN,,0,zsmalloc,1,1,0,1,0,0,1,1,1,1,0xe8b6d861,0xe8b6d861,MATCH
___drm_dbg,0x7e3277f8,KERNEL_OR_BUILTIN,,0,drm_display_helper;drm_dma_helper;mediatek_drm,3,3,0,1,0,0,0,0,1,1,0x7e3277f8,0x7e3277f8,MATCH
___pskb_trim,0x45b20f13,KERNEL_OR_BUILTIN,,0,mac80211;tipc,2,2,0,1,0,0,0,0,1,1,0x45b20f13,0x45b20f13,MATCH
___ratelimit,0x1d24c881,KERNEL_OR_BUILTIN,,0,adsp;aee_aed;apu_top;apusys;bluetooth;bus_parity;c2k_usb;cache_parity;can;ccci_md_all;ccd_rpmsg;cfg80211;clk_common;connadp;conninfra;device_apc_common;drm_display_helper;emi_mpu;fhctl;flashlight;fmradio_drv_connac2x;ftdi_sio;hf_manager;imgsensor;iommu_debug;l2tp_ppp;last_bus;mac80211;mac802154;mali_kbase_mt6878_r44;mdp_drv_mt6878;mediatek_drm;mediatek_drm_gateic;mmprofile;mt6375_auxadc;mt6375_battery;mtk_btcvsd;mtk_cam_isp7sp;mtk_ccuv;mtk_charger_framework;mtk_cmdq_drv_ext;mtk_dvfsrc_helper;mtk_imgsys_cmdq;mtk_mdpm;mtk_mminfra_debug;mtk_mml;mtk_pbm;mtk_pmic_oc_debug;mtk_pmic_wrap;mtk_scp_audiocommon;mtk_smi;mtk_ssc;mtk_u_ether;rtc_mt6685;sensorhub;smpu;smpu_hook_v1;snd_soc_audiodsp_common;snd_soc_mt6878_afe;snd_soc_mtk_common;spmi_mtk_pmif;tcpc_class;tipc;ufs_mediatek_dbg;wlan_drv_gen4m_6878;xhci_mtk_hcd_v2,66,67,0,1,1,0,1,1,1,1,0x1d24c881,0x1d24c881,MATCH
__alloc_pages,0x7870d49b,KERNEL_OR_BUILTIN,,0,mali_dmabuf_test_mt6878_r44;mali_kbase_mt6878_r44;mali_mgm_mt6878_r44;mtk_sec_heap;r8152;system_heap;tmem_ffa;zsmalloc,8,8,0,1,1,0,1,1,1,1,0x7870d49b,0x7870d49b,MATCH
__alloc_percpu,0x29f93135,KERNEL_OR_BUILTIN,,0,can_raw;gz_irq_mod;met;ppp_generic;tipc;zram,6,6,0,1,0,0,1,1,1,1,0x29f93135,0x29f93135,MATCH
__alloc_percpu_gfp,0x7900fd25,KERNEL_OR_BUILTIN,,0,8021q;mac80211;tipc;usbnet,4,4,0,1,0,0,0,0,1,1,0x7900fd25,0x7900fd25,MATCH
__alloc_skb,0x19dd35ba,KERNEL_OR_BUILTIN,,0,bluetooth;bt_drv_6878;btqca;btsdio;can_bcm;cdc_ncm;cfg80211;conninfra;frs;hci_uart;hidp;ieee802154;ieee802154_6lowpan;mac80211;mt6375_battery;mtk_mbraink;mtk_u_ether;nfc;ppp_generic;rfcomm;thermal_interface;tipc;wlan_drv_gen4m_6878;wwan,24,25,0,1,0,0,1,1,1,1,0x19dd35ba,0x19dd35ba,MATCH
__arch_clear_user,0x4d296494,KERNEL_OR_BUILTIN,,0,mali_kbase_mt6878_r44,1,1,0,1,0,0,1,1,1,1,0x4d296494,0x4d296494,MATCH
__arch_copy_from_user,0x2be0c009,KERNEL_OR_BUILTIN,,0,8021q;adsp;aee_aed;aee_rs;apu_top;apusys;audio_ipi;aw883xx_driver;blocktag;bluetooth;bootprof;bt_drv_6878;c2ps_perf_ioctl;camera_dpe_isp7sp;camera_eeprom_v4l2;can_dev;can_raw;ccci_dpmaif;ccci_md_all;ccci_util_lib;ccmni;clk_common;cmdq_test;connfem;conninfra;connscp;cpudvfs;cpuqos_v3;device_apc_common;fhctl;flashlight;fmradio_drv_connac2x;focaltech_touch_spi_ft3680;ged;gps_drv_dl_v051;gps_scp;gpueb;gz_main_mod;gzvm;hbt;hf_manager;hidp;ieee802154_socket;imgsensor;l2tp_ppp;log_store;main2_vcm;main3_vcm;main4_vcm;main_vcm;mali_dmabuf_test_mt6878_r44;mali_kbase_mt6878_r44;md_cooling_all;mddp;mdp_drv_mt6878;mediatek_drm;microarray_fp_tee;mmprofile;monitor_hang;mt6375_battery;mt6878_mt6369;mtk_btcvsd;mtk_cam_isp7sp;mtk_ccd_remoteproc;mtk_ccuv;mtk_charger_framework;mtk_core_ctl;mtk_dpc;mtk_gpu_qos;mtk_gpufreq_wrapper;mtk_hcp;mtk_heap_debug;mtk_imgsys_v4l2;mtk_ioctl_powerhal;mtk_ioctl_touch_boost;mtk_lpm;mtk_mbraink;mtk_mdpm;mtk_mmc_dbg;mtk_mml;mtk_pbm;mtk_peak_power_budget;mtk_perf_ioctl;mtk_perf_ioctl_magt;mtk_printk_ctrl;mtk_scp_audiocommon;mtk_soc_offload_common;mtk_swpm;mtk_vcodec_dec_v1;mtk_vcu;mtk_vow;mtu3;mux_switch;nfc;pda_drv_mt6878;phy_mtk_xsphy;pidmap;pinctrl_mtk_common_v2_debug;powerhal_cpu_ctrl;ppp_generic;rfcomm;rfkill;rpmb_mtk;rtc_mt6685;sapu;scheduler;scp;sec;snd_soc_audiodsp_common;snd_soc_mt6369;snd_soc_mtk_common;snd_soc_mtk_scp_ultra;snd_soc_tfa98xx;spi_tiny_co5300_lcd;sub_vcm;teeperf;thermal_interface;tipc;tkcore;touch_boost;uarthub_drv;ufs_mediatek_dbg;ufs_mediatek_mod;usb_logger;usb_offload;vcp;widevine_driver;wlan_drv_gen4m_6878;wmt_chrdev_wifi_connac2;wwan;xhci_mtk_hcd_v2;yft_tpd_gesture,132,133,0,1,1,0,1,1,1,1,0x2be0c009,0x2be0c009,MATCH
__arch_copy_to_user,0x9a85eebb,KERNEL_OR_BUILTIN,,0,8021q;adsp;aee_aed;apusys;atf_logger;audio_ipi;aw883xx_driver;blocktag;bluetooth;bt_drv_6878;camera_dpe_isp7sp;camera_eeprom_v4l2;can_dev;can_raw;ccci_dpmaif;ccci_md_all;ccci_util_lib;connfem;conninfra;connscp;custom_ldo_wl2868;dw9781c;flashlight;fmradio_drv_connac2x;focaltech_touch_spi_ft3680;ftdi_sio;ged;gps_drv_dl_v051;gps_pwr;gps_scp;gpueb;gz_log_mod;gz_main_mod;gzvm;hbt;hf_manager;hidp;ieee802154_socket;imgsensor;l2tp_ppp;mali_dmabuf_test_mt6878_r44;mali_kbase_mt6878_r44;mcupm;mddp;mdp_drv_mt6878;mediatek_drm;microarray_fp_tee;mmprofile;monitor_hang;mt6375_battery;mt6878_mt6369;mtk_btcvsd;mtk_ccd_remoteproc;mtk_ccuv;mtk_hcp;mtk_imgsys_v4l2;mtk_ioctl_powerhal;mtk_ioctl_touch_boost;mtk_mbraink;mtk_mml;mtk_perf_ioctl;mtk_perf_ioctl_magt;mtk_scp_audiocommon;mtk_soc_offload_common;mtk_vcu;mtk_vow;pda_drv_mt6878;ppp_generic;rfcomm;rfkill;rpmb_mtk;scheduler;scp;sec;slcan;snd_soc_audiodsp_common;snd_soc_mtk_common;snd_soc_mtk_scp_ultra;snd_soc_tfa98xx;spi_tiny_co5300_lcd;sspm_v3;st21nfc;tipc;tkcore;ufs_mediatek_mod;widevine_driver;wlan_drv_gen4m_6878;wwan;yft_tpd_gesture,89,90,0,1,1,0,1,1,1,1,0x9a85eebb,0x9a85eebb,MATCH
__arm_smccc_hvc,0x50f85302,KERNEL_OR_BUILTIN,,0,gzvm;sec_rng,2,2,0,1,0,0,1,1,1,1,0x50f85302,0x50f85302,MATCH
__arm_smccc_smc,0xf93aae46,KERNEL_OR_BUILTIN,,0,adsp;aee_aed;aee_hangdet;apu_top;apusys;atf_logger;bus_parity;ccci_ccif;ccci_dpmaif;ccci_fsm_scp;ccci_md_all;cmdq_sec_drv;conninfra;dbg_error_flag;dbgtop_drm;device_apc_common;emi;emi_mpu;fmradio_drv_connac2x;gps_drv_dl_v051;gpueb;gz_trusty_mod;iommu_secure;irq_dbg;mediatek_drm;mrdump;mtk_aie;mtk_btcvsd;mtk_cam_isp7sp;mtk_ccuv;mtk_cmdq_drv_ext;mtk_dvfsrc;mtk_dvfsrc_devfreq;mtk_dvfsrc_helper;mtk_dvfsrc_start;mtk_imgsys_isp7sp;mtk_imgsys_v4l2;mtk_iommu;mtk_lpm;mtk_lpm_dbg_common_v2;mtk_lpm_dbg_mt6878;mtk_lpm_plat_v1;mtk_mbox_mailbox;mtk_mmc;mtk_scpsys;mtk_sec_heap;mtk_ssc_dbg_v2;mtu3;scp;sec_rng;smpu;snd_soc_audiodsp_common;snd_soc_mt6878_afe;tkcore_drv;tmem_ffa;ufs_mediatek_mod;usb_offload;vcp,58,58,0,1,0,0,1,1,1,1,0xf93aae46,0xf93aae46,MATCH
__bitmap_and,0xeca957d1,KERNEL_OR_BUILTIN,,0,arm_dsu_pmu;mtk_core_ctl;scheduler;task_turbo,4,4,0,1,0,0,0,0,1,1,0xeca957d1,0xeca957d1,MATCH
__bitmap_andnot,0xf390f6f1,KERNEL_OR_BUILTIN,,0,apusys;mali_kbase_mt6878_r44;mtk_core_ctl;scheduler,4,4,0,1,0,0,1,1,1,1,0xf390f6f1,0xf390f6f1,MATCH
__bitmap_clear,0x922f45a6,KERNEL_OR_BUILTIN,,0,apusys;mtu3,2,2,0,1,1,0,1,1,1,1,0x922f45a6,0x922f45a6,MATCH
__bitmap_complement,0x7c173634,KERNEL_OR_BUILTIN,,0,ftdi_sio;mtk_core_ctl,2,2,0,1,0,0,0,0,1,1,0x7c173634,0x7c173634,MATCH
__bitmap_equal,0x06d11488,KERNEL_OR_BUILTIN,,0,cpufreq_sugov_ext;load_track;mali_kbase_mt6878_r44,3,3,0,1,0,0,1,1,1,1,0x06d11488,0x06d11488,MATCH
__bitmap_intersects,0x48d27375,KERNEL_OR_BUILTIN,,0,cpufreq_sugov_ext;scheduler;ufs_mediatek_mod,3,3,0,1,0,0,0,0,1,1,0x48d27375,0x48d27375,MATCH
__bitmap_or,0xa084749a,KERNEL_OR_BUILTIN,,0,mali_kbase_mt6878_r44;mtk_core_ctl;scheduler;wlan_drv_gen4m_6878,4,4,0,1,0,0,1,1,1,1,0xa084749a,0xa084749a,MATCH
__bitmap_set,0x615911d7,KERNEL_OR_BUILTIN,,0,apusys;mali_kbase_mt6878_r44;mtu3,3,3,0,1,1,0,1,1,1,1,0x615911d7,0x615911d7,MATCH
__bitmap_subset,0x3221df67,KERNEL_OR_BUILTIN,,0,yft_gpio_keys,1,1,0,1,0,0,0,0,1,1,0x3221df67,0x3221df67,MATCH
__bitmap_weight,0x21ea5251,KERNEL_OR_BUILTIN,,0,apusys;cpufreq_sugov_ext;gz_ipc_mod;load_track;mali_kbase_mt6878_r44;mrdump;mtk_core_ctl;mtk_fpsgo;mtk_lpm;mtk_lpm_dbg_common_v2;mtk_lpm_plat_v1;mtk_pbm;mtk_perf_common;mtk_perf_ioctl_magt;mtk_swpm_dbg_common_v1;mtk_swpm_perf_arm_pmu;rps_perf;scheduler;thermal_interface;tkcore_drv;uload_ind;wlan_drv_gen4m_6878,22,22,0,1,1,0,1,1,1,1,0x21ea5251,0x21ea5251,MATCH
__bitmap_xor,0xf6fc8791,KERNEL_OR_BUILTIN,,0,mediatek_drm,1,1,0,1,0,0,0,0,1,1,0xf6fc8791,0xf6fc8791,MATCH
__blk_alloc_disk,0x1ce70c88,KERNEL_OR_BUILTIN,,0,zram,1,1,0,1,0,0,1,1,1,1,0x1ce70c88,0x1ce70c88,MATCH
__check_object_size,0x88db9f48,KERNEL_OR_BUILTIN,,0,adsp;aee_aed;apu_top;apusys;atf_logger;audio_ipi;aw883xx_driver;blocktag;bluetooth;bootprof;bt_drv_6878;c2ps_perf_ioctl;camera_dpe_isp7sp;camera_eeprom_v4l2;can_bcm;can_raw;ccci_dpmaif;ccci_md_all;ccci_util_lib;clk_common;cmdq_test;connfem;conninfra;connscp;cpudvfs;custom_ldo_wl2868;device_apc_common;fhctl;fmradio_drv_connac2x;focaltech_touch_spi_ft3680;ged;gps_drv_dl_v051;gps_pwr;gps_scp;gpueb;gz_ipc_mod;gz_log_mod;gz_main_mod;gzvm;hbt;hf_manager;ieee802154_socket;imgsensor;l2tp_ppp;log_store;mali_kbase_mt6878_r44;mcupm;md_cooling_all;mddp;mdp_drv_mt6878;mediatek_drm;microarray_fp_tee;mmprofile;monitor_hang;mtk_btcvsd;mtk_cam_isp7sp;mtk_ccd_remoteproc;mtk_charger_framework;mtk_dpc;mtk_gpu_qos;mtk_gpufreq_wrapper;mtk_hcp;mtk_heap_debug;mtk_imgsys_v4l2;mtk_ioctl_powerhal;mtk_lpm;mtk_mbraink;mtk_mdpm;mtk_mmc_dbg;mtk_mml;mtk_pbm;mtk_peak_power_budget;mtk_perf_ioctl;mtk_perf_ioctl_magt;mtk_printk_ctrl;mtk_scp_audiocommon;mtk_swpm;mtk_vcodec_dec_v1;mtk_vow;mtu3;mux_switch;nfc;phy_mtk_xsphy;pinctrl_mtk_common_v2_debug;powerhal_cpu_ctrl;ppp_generic;rfcomm;rfkill;rpmb_mtk;scheduler;scp;sec;slcan;snd_soc_audiodsp_common;snd_soc_mt6369;snd_soc_mtk_common;snd_soc_tfa98xx;sspm_v3;st21nfc;teeperf;thermal_interface;tipc;tkcore;touch_boost;uarthub_drv;ufs_mediatek_dbg;ufs_mediatek_mod;usb_logger;vcp;wlan_drv_gen4m_6878;wmt_chrdev_wifi_connac2;wwan;xhci_mtk_hcd_v2,113,114,0,1,0,0,1,1,1,1,0x88db9f48,0x88db9f48,MATCH
__class_create,0x13f8371b,KERNEL_OR_BUILTIN,,0,adapter_class;apusys;bluetooth;bt_drv_6878;c2k_usb;camera_dpe_isp7sp;camera_eeprom_v4l2;ccci_md_all;ccci_util_lib;charger_class;connadp;connfem;conninfra;connscp;extcon_mtk_usb;extdev_io_class;flashlight;fmradio_drv_connac2x;gps_drv_dl_v051;gps_pwr;gps_scp;gz_ipc_mod;gz_main_mod;hf_manager;mdp_drv_mt6878;mediatek_drm;microarray_fp_tee;mt6369_accdet;mt6375_battery;mtk_ccd_remoteproc;mtk_ccuv;mtk_cg_peak_power_throttling;mtk_charger_algorithm_class;mtk_hcp;mtk_vcu;panel_ky_vtdr6115_dphy_cmd;pda_drv_mt6878;ppp_generic;rpmb_mtk;sc8571_charger;sec;sh366003_fg;tcpc_class;teeperf;usb_boost;usb_meta;widevine_driver;wlan_drv_gen4m_6878;wmt_chrdev_wifi_connac2;wwan;yft_devinfo,51,52,0,1,0,0,1,1,1,1,0x13f8371b,0x13f8371b,MATCH
__class_register,0x290df2c0,KERNEL_OR_BUILTIN,,0,aw883xx_driver;cfg80211;ieee802154;mtk_mbraink;nfc;rfkill;rpmb;zram,8,8,0,1,0,0,1,1,1,1,0x290df2c0,0x290df2c0,MATCH
__clk_get_hw,0x83284a5a,KERNEL_OR_BUILTIN,,0,apu_top;clk_common;clk_disable_unused,3,3,0,1,0,0,1,1,1,1,0x83284a5a,0x83284a5a,MATCH
__clk_get_name,0xc569d8ce,KERNEL_OR_BUILTIN,,0,apu_top;clk_bringup;clk_common;clk_disable_unused;imgsensor;mediatek_drm;mtk_mmdvfs_v3;vcp,8,8,0,1,0,0,1,1,1,1,0xc569d8ce,0xc569d8ce,MATCH
__clk_is_enabled,0xc6a4a872,KERNEL_OR_BUILTIN,,0,clk_common;clk_disable_unused;mali_kbase_mt6878_r44;mdp_drv_mt6878;mtk_ccuv;mtk_mmc_dbg,6,6,0,1,0,0,1,1,1,1,0xc6a4a872,0xc6a4a872,MATCH
__clk_mux_determine_rate_closest,0x585eaed3,KERNEL_OR_BUILTIN,,0,clk_common,1,1,0,1,0,0,0,0,1,1,0x585eaed3,0x585eaed3,MATCH
__const_udelay,0xeae3dfd6,KERNEL_OR_BUILTIN,,0,8250_mtk;adsp;aee_aed;aee_hangdet;apu_top;apusys;asix;board_temp;bt_drv_6878;cache_parity;ccci_ccif;ccci_dpmaif;ccci_md_all;clk_chk_mt6878;clk_common;clk_fmeter_mt6878;clkbuf;conninfra;dw9781c;emi_fake_eng;fhctl;focaltech_touch_spi_ft3680;hci_uart;hynitron;i2c_mt65xx;imgsensor;main2_vcm;main3_vcm;main4_vcm;main_vcm;mali_kbase_mt6878_r44;mediatek_drm;mediatek_drm_gateic;mediatek_drm_panel_drv;mmqos_common;mrdump;mt6363_regulator;mt6369_accdet;mt6369_regulator;mt6375_auxadc;mt6375_battery;mtk_cam_isp7sp;mtk_ccuv;mtk_dpc;mtk_dvfsrc;mtk_dvfsrc_helper;mtk_gpufreq_mt6878;mtk_iommu;mtk_lpm_dbg_common_v2;mtk_mmc;mtk_mmc_dbg;mtk_mmdvfs_v3;mtk_mminfra_debug;mtk_mml;mtk_perf_common;mtk_pwm;mtk_scpsys;mtk_smi_dbg;mtk_spmi_pmic_adc;mtk_tinysys_ipi;mtk_uart_apdma;mtk_vcodec_dec_v1;mtk_vcodec_enc_v1;mtk_vmm_spm;mtk_wdt;mtu3;nvmem_mt635x_efuse;pd_chk_mt6878;phy_mtk_ufs;phy_mtk_xsphy;pinctrl_mtk_common_v2_debug;pinctrl_mtk_v2;pmic_lbat_service;rt5133_regulator;rtc_mt6685;scp;sh366003_fg;snd_soc_mt6878_afe;soc_temp_lvts;spi_mt65xx;spi_tiny_co5300_lcd;spmi_mtk_pmif;sub_vcm;tcpc_mt6375;uarthub_drv;ufs_mediatek_mod;vcp;wlan_drv_gen4m_6878;xhci_mtk_hcd_v2;yft_tiny2c_usb,90,90,0,1,0,0,1,1,1,1,0xeae3dfd6,0xeae3dfd6,MATCH
__copy_overflow,0x7682ba4e,KERNEL_OR_BUILTIN,,0,aee_aed;apusys;aw883xx_driver;bt_drv_6878;camera_dpe_isp7sp;custom_ldo_wl2868;gps_drv_dl_v051;gz_main_mod;mediatek_drm;mtk_mbraink;wlan_drv_gen4m_6878,11,11,0,1,0,0,0,0,1,1,0x7682ba4e,0x7682ba4e,MATCH
__cpu_active_mask,0x15db3b99,KERNEL_OR_BUILTIN,,0,cpufreq_sugov_ext;lpm_gov_MHSP;monitor_hang;mtk_core_ctl;mtk_fpsgo;mtk_perf_ioctl_magt;scheduler;task_turbo,8,8,0,1,0,0,1,1,1,1,0x15db3b99,0x15db3b99,MATCH
__cpu_online_mask,0xac594e02,KERNEL_OR_BUILTIN,,0,aee_aed;aee_hangdet;apu_top;apusys;arm_dsu_pmu;blocktag;bt_drv_6878;cfg80211;cpufreq_sugov_ext;cpuqos_v3;ged;gz_ipc_mod;gz_trusty_mod;gz_virtio_mod;ieee802154;imgsensor;l2tp_core;lpm_gov_MHSP;mac80211;mac802154;mali_kbase_mt6878_r44;md_cooling_all;mediatek_drm;met;mmqos_common;monitor_hang;mtk_c2ps;mtk_cam_isp7sp;mtk_cg_peak_power_throttling;mtk_core_ctl;mtk_cpu_power_throttling;mtk_dvfsrc_regulator;mtk_emi;mtk_fpsgo;mtk_gpu_power_throttling;mtk_gpufreq_wrapper;mtk_icc_core;mtk_imgsys_cmdq;mtk_imgsys_v4l2;mtk_low_battery_throttling;mtk_lpm;mtk_lpm_dbg_common_v2;mtk_lpm_plat_v1;mtk_mbox;mtk_mbraink;mtk_mmdvfs_ftrace;mtk_peak_power_budget;mtk_perf_common;mtk_vmm_isp71_regulator;mtu3;powerhal_cpu_ctrl;rps_perf;rtc_mt6685;scheduler;snd_soc_audiodsp_common;task_turbo;thermal_trace;timer_mediatek;tipc;tkcore_drv;touch_boost;trace_mmstat;ufs_mediatek_mod;usb_logger;wlan_drv_gen4m_6878;xhci_mtk_hcd_v2,66,66,0,1,0,0,1,1,1,1,0xac594e02,0xac594e02,MATCH
__cpu_possible_mask,0xde7ece30,KERNEL_OR_BUILTIN,,0,8021q;aee_hangdet;blocktag;ccci_dpmaif;cpufreq_sugov_ext;gz_ipc_mod;gz_irq_mod;gz_trusty_mod;gz_virtio_mod;load_track;lpm_gov_MHSP;mac80211;mediatek_cpufreq_hw;met;monitor_hang;mrdump;mtk_cg_peak_power_throttling;mtk_cm_mgr;mtk_core_ctl;mtk_cpu_power_throttling;mtk_fpsgo;mtk_lpm_dbg_common_v2;mtk_lpm_plat_v1;mtk_mbraink;mtk_pbm;mtk_perf_common;mtk_perf_ioctl_magt;mtk_swpm_dbg_common_v1;mtk_swpm_perf_arm_pmu;powerhal_cpu_ctrl;ppp_generic;scheduler;task_turbo;thermal_interface;thermal_trace;timer_mediatek;tipc;tkcore;tkcore_drv;touch_boost;uload_ind;usb_boost;usbnet;wlan_drv_gen4m_6878;zram,45,45,0,1,0,0,1,1,1,1,0xde7ece30,0xde7ece30,MATCH
__cpu_present_mask,0xb3055449,KERNEL_OR_BUILTIN,,0,mrdump;mtk_lpm_dbg_common_v2,2,2,0,1,0,0,1,1,1,1,0xb3055449,0xb3055449,MATCH
__cpufreq_driver_target,0xaa4f60c2,KERNEL_OR_BUILTIN,,0,cpufreq_sugov_ext,1,1,0,1,0,0,1,1,1,1,0xaa4f60c2,0xaa4f60c2,MATCH
__cpuhp_remove_state,0x82d7e59a,KERNEL_OR_BUILTIN,,0,arm_dsu_pmu;gz_irq_mod;met;mtk_core_ctl;tkcore_drv;zram;zsmalloc,7,7,0,1,0,0,1,1,1,1,0x82d7e59a,0x82d7e59a,MATCH
__cpuhp_setup_state,0x4d01ac5c,KERNEL_OR_BUILTIN,,0,aee_hangdet;arm_dsu_pmu;gz_irq_mod;lpm_gov_MHSP;met;mtk_core_ctl;mtk_lpm_plat_v1;tkcore_drv;zram;zsmalloc,10,10,0,1,0,0,1,1,1,1,0x4d01ac5c,0x4d01ac5c,MATCH
__cpuhp_state_add_instance,0xf4b5123c,KERNEL_OR_BUILTIN,,0,arm_dsu_pmu;gz_irq_mod;zram,3,3,0,1,0,0,1,1,1,1,0xf4b5123c,0xf4b5123c,MATCH
__cpuhp_state_remove_instance,0x37e793c1,KERNEL_OR_BUILTIN,,0,arm_dsu_pmu;gz_irq_mod;zram,3,3,0,1,0,0,1,1,1,1,0x37e793c1,0x37e793c1,MATCH
__crypto_memneq,0x5a44f8cb,KERNEL_OR_BUILTIN,,0,bluetooth;mac80211,2,3,0,1,0,0,0,0,1,1,0x5a44f8cb,0x5a44f8cb,MATCH
__crypto_xor,0xa3f12f69,KERNEL_OR_BUILTIN,,0,mac80211,1,1,0,1,0,0,0,0,1,1,0xa3f12f69,0xa3f12f69,MATCH
__dev_change_net_namespace,0x80432a75,KERNEL_OR_BUILTIN,,0,cfg80211;ieee802154,2,2,0,1,0,0,0,0,1,1,0x80432a75,0x80432a75,MATCH
__dev_get_by_index,0xecfcb475,KERNEL_OR_BUILTIN,,0,8021q;can_gw;cfg80211;ieee802154;tipc,5,5,0,1,0,0,0,0,1,1,0xecfcb475,0xecfcb475,MATCH
__dev_get_by_name,0xd26df809,KERNEL_OR_BUILTIN,,0,8021q,1,1,0,1,0,0,0,0,1,1,0xd26df809,0xd26df809,MATCH
__dev_kfree_skb_any,0x28b967c1,KERNEL_OR_BUILTIN,,0,aqc111;asix;ax88179_178a;can_dev;ccci_dpmaif;ccci_md_all;cdc_eem;cdc_ncm;mac80211;mac802154;mtk_u_ether;mtk_usb_f_rndis;r8152;usbnet;wlan_drv_gen4m_6878,15,15,0,1,0,0,1,1,1,1,0x28b967c1,0x28b967c1,MATCH
__dev_kfree_skb_irq,0xad728207,KERNEL_OR_BUILTIN,,0,bluetooth;hci_uart;rfcomm;rtl8150,4,5,0,1,0,0,0,0,1,1,0xad728207,0xad728207,MATCH
__dev_queue_xmit,0xf4b25665,KERNEL_OR_BUILTIN,,0,8021q;can;ieee802154_6lowpan;ieee802154_socket;mac80211;tipc,6,6,0,1,0,0,0,0,1,1,0xf4b25665,0xf4b25665,MATCH
__device_reset,0x4cc911be,KERNEL_OR_BUILTIN,,0,xhci_mtk_hcd_v2,1,1,0,1,0,0,0,0,1,1,0x4cc911be,0x4cc911be,MATCH
__devm_alloc_percpu,0xafc0a60c,KERNEL_OR_BUILTIN,,0,gz_trusty_mod,1,1,0,1,0,0,1,1,1,1,0xafc0a60c,0xafc0a60c,MATCH
__devm_iio_device_register,0x7930d674,KERNEL_OR_BUILTIN,,0,mt6375_adc;mt6375_auxadc;mtk_spmi_pmic_adc,3,3,0,1,0,0,1,1,1,1,0x7930d674,0x7930d674,MATCH
__devm_of_phy_provider_register,0x041c29ed,KERNEL_OR_BUILTIN,,0,mediatek_drm;phy_mtk_ufs;phy_mtk_xsphy,3,3,0,1,0,0,1,1,1,1,0x041c29ed,0x041c29ed,MATCH
__devm_regmap_init,0x78d75b61,KERNEL_OR_BUILTIN,,0,mt6375;mtk_pmic_wrap;rt5133_regulator,3,3,0,1,0,0,1,1,1,1,0x78d75b61,0x78d75b61,MATCH
__devm_regmap_init_i2c,0x1bab1211,KERNEL_OR_BUILTIN,,0,aw36515;aw36518;aw36518_v2;leds_rgb_aw2013;mt6338_core;rt6160_regulator;sc851x_charger;sc8571_charger;snd_soc_tfa98xx,9,9,0,1,0,0,1,1,1,1,0x1bab1211,0x1bab1211,MATCH
__devm_regmap_init_mmio_clk,0x6820f16e,KERNEL_OR_BUILTIN,,0,snd_soc_mt6878_afe,1,1,0,1,0,0,1,1,1,1,0x6820f16e,0x6820f16e,MATCH
__devm_regmap_init_spmi_ext,0x1ca87cdd,KERNEL_OR_BUILTIN,,0,mt6685_core;mtk_spmi_pmic,2,2,0,1,0,0,0,0,1,1,0x1ca87cdd,0x1ca87cdd,MATCH
__devm_reset_control_get,0xb86f1eec,KERNEL_OR_BUILTIN,,0,mtk_mmc;mtk_pmic_wrap;soc_temp_lvts;ufs_mediatek_mod,4,4,0,1,0,0,1,1,1,1,0xb86f1eec,0xb86f1eec,MATCH
__devm_rtc_register_device,0x4a3b3586,KERNEL_OR_BUILTIN,,0,rtc_mt6685,1,1,0,1,0,0,1,1,1,1,0x4a3b3586,0x4a3b3586,MATCH
__devres_alloc_node,0xb77e7bf8,KERNEL_OR_BUILTIN,,0,extdev_io_class;kfifo_buf;reboot_mode,3,3,0,1,0,0,1,1,1,1,0xb77e7bf8,0xb77e7bf8,MATCH
__drm_atomic_helper_connector_destroy_state,0x3866cd2b,KERNEL_OR_BUILTIN,,0,mediatek_drm,1,1,0,1,0,0,0,0,1,1,0x3866cd2b,0x3866cd2b,MATCH
__drm_atomic_helper_connector_duplicate_state,0x54872645,KERNEL_OR_BUILTIN,,0,mediatek_drm,1,1,0,1,0,0,0,0,1,1,0x54872645,0x54872645,MATCH
__drm_atomic_helper_connector_reset,0x29764194,KERNEL_OR_BUILTIN,,0,mediatek_drm,1,1,0,1,0,0,0,0,1,1,0x29764194,0x29764194,MATCH
__drm_atomic_helper_crtc_destroy_state,0xab75bef4,KERNEL_OR_BUILTIN,,0,mediatek_drm,1,1,0,1,0,0,1,1,1,1,0xab75bef4,0xab75bef4,MATCH
__drm_atomic_helper_crtc_duplicate_state,0x64c68dc3,KERNEL_OR_BUILTIN,,0,mediatek_drm,1,1,0,1,0,0,1,1,1,1,0x64c68dc3,0x64c68dc3,MATCH
__drm_atomic_helper_plane_destroy_state,0xa1424581,KERNEL_OR_BUILTIN,,0,mediatek_drm,1,1,0,1,0,0,1,1,1,1,0xa1424581,0xa1424581,MATCH
__drm_atomic_helper_plane_duplicate_state,0x26fab918,KERNEL_OR_BUILTIN,,0,mediatek_drm,1,1,0,1,0,0,1,1,1,1,0x26fab918,0x26fab918,MATCH
__drm_atomic_helper_private_obj_duplicate_state,0xa4f72029,KERNEL_OR_BUILTIN,,0,drm_display_helper,1,1,0,1,0,0,0,0,1,1,0xa4f72029,0xa4f72029,MATCH
__drm_atomic_state_free,0xb9cad492,KERNEL_OR_BUILTIN,,0,mediatek_drm,1,1,0,1,0,0,1,1,1,1,0xb9cad492,0xb9cad492,MATCH
__drm_crtc_commit_free,0xae277372,KERNEL_OR_BUILTIN,,0,drm_display_helper,1,1,0,1,0,0,0,0,1,1,0xae277372,0xae277372,MATCH
__drm_debug,0x69353664,KERNEL_OR_BUILTIN,,0,drm_display_helper,1,1,0,1,0,0,0,0,1,1,0x69353664,0x69353664,MATCH
__drm_dev_dbg,0x065ad6d0,KERNEL_OR_BUILTIN,,0,drm_display_helper;drm_dma_helper,2,2,0,1,0,0,0,0,1,1,0x065ad6d0,0x065ad6d0,MATCH
__drm_err,0xb11ac7a7,KERNEL_OR_BUILTIN,,0,drm_display_helper;drm_dma_helper;mediatek_drm,3,3,0,1,0,0,1,1,1,1,0xb11ac7a7,0xb11ac7a7,MATCH
__drm_printfn_debug,0xf824c7db,KERNEL_OR_BUILTIN,,0,drm_display_helper,1,1,0,1,0,0,0,0,1,1,0xf824c7db,0xf824c7db,MATCH
__ethtool_get_link_ksettings,0xae545be3,KERNEL_OR_BUILTIN,,0,8021q,1,1,0,1,0,0,0,0,1,1,0xae545be3,0xae545be3,MATCH
__fdget,0xc1d8cfaf,KERNEL_OR_BUILTIN,,0,gzvm;hbt,2,2,0,1,0,0,0,0,1,1,0xc1d8cfaf,0xc1d8cfaf,MATCH
__flush_workqueue,0x9166fc03,KERNEL_OR_BUILTIN,,0,apusys;bluetooth;bt_drv_6878;c2k_usb;dw9781c;ged;gzvm;hynitron;l2tp_core;load_track;mac80211;mac802154;mali_kbase_mt6878_r44;mtk_hcp;mtk_imgsys_v4l2;mtk_lpm_dbg_common_v2;mtk_mbraink;mtk_swpm;mtk_vcodec_common;mtk_vcodec_dec_v1;mtk_vcodec_enc_v1;mtu3;scp;sensorhub;vcp,25,26,0,1,0,0,0,0,1,1,0x9166fc03,0x9166fc03,MATCH
__folio_lock,0xad6ef96e,KERNEL_OR_BUILTIN,,0,mali_kbase_mt6878_r44,1,1,0,1,1,0,0,0,1,1,0xad6ef96e,0xad6ef96e,MATCH
__folio_put,0x2c38db08,KERNEL_OR_BUILTIN,,0,ccci_dpmaif;gz_main_mod;gz_tz_system;gzvm;mali_kbase_mt6878_r44;monitor_hang;r8152;zsmalloc,8,8,0,1,1,0,0,0,1,1,0x2c38db08,0x2c38db08,MATCH
__free_pages,0xcd5271aa,KERNEL_OR_BUILTIN,,0,ccci_util_lib;mali_dmabuf_test_mt6878_r44;mali_kbase_mt6878_r44;mali_mgm_mt6878_r44;mediatek_drm;mtk_sec_heap;r8152;system_heap;tmem_ffa;zsmalloc,10,10,0,1,0,0,1,1,1,1,0xcd5271aa,0xcd5271aa,MATCH
__get_free_pages,0x6a5cb5ee,KERNEL_OR_BUILTIN,,0,aee_aed;apusys;c2k_usb;cpudvfs;gz_main_mod;mali_kbase_mt6878_r44;met;powerhal_cpu_ctrl;tkcore_drv;touch_boost;zram,11,11,0,1,0,0,1,1,1,1,0x6a5cb5ee,0x6a5cb5ee,MATCH
__get_random_u32_below,0xfba7a5f5,KERNEL_OR_BUILTIN,,0,bluetooth,1,2,0,1,0,0,0,0,1,1,0xfba7a5f5,0xfba7a5f5,MATCH
__get_task_comm,0x9d01eb28,KERNEL_OR_BUILTIN,,0,apusys;bluetooth;irq_dbg;mdp_drv_mt6878;mtk_sec_heap;system_heap,6,7,0,1,0,0,1,1,1,1,0x9d01eb28,0x9d01eb28,MATCH
__hrtimer_get_remaining,0xed269ad2,KERNEL_OR_BUILTIN,,0,ged;lpm_gov_MHSP,2,2,0,1,0,0,0,0,1,1,0xed269ad2,0xed269ad2,MATCH
__hw_addr_init,0xf28cf0ae,KERNEL_OR_BUILTIN,,0,mac80211,1,1,0,1,0,0,0,0,1,1,0xf28cf0ae,0xf28cf0ae,MATCH
__hw_addr_sync,0x91f68ea1,KERNEL_OR_BUILTIN,,0,mac80211,1,1,0,1,0,0,0,0,1,1,0x91f68ea1,0x91f68ea1,MATCH
__hw_addr_unsync,0xb71ed69f,KERNEL_OR_BUILTIN,,0,mac80211,1,1,0,1,0,0,0,0,1,1,0xb71ed69f,0xb71ed69f,MATCH
__init_rwsem,0xf5a94b83,KERNEL_OR_BUILTIN,,0,apu_top;gz_trusty_mod;mali_kbase_mt6878_r44;mmqos_common;monitor_hang;ppp_generic;zram,7,7,0,1,1,0,1,1,1,1,0xf5a94b83,0xf5a94b83,MATCH
__init_swait_queue_head,0x608741b5,KERNEL_OR_BUILTIN,,0,adsp;aee_aed;apu_top;apusys;bluetooth;bt_drv_6878;camera_dpe_isp7sp;cmdq_test;conninfra;connscp;cqhci;fmradio_drv_connac2x;gps_drv_dl_v051;gz_ipc_mod;gz_trusty_mod;gz_tz_system;gz_virtio_mod;hci_uart;i2c_mt65xx;mali_kbase_mt6878_r44;mddp;mediatek_drm;met;mt6375_charger;mtk_aie;mtk_cam_isp7sp;mtk_cmdq_drv_ext;mtk_imgsys_v4l2;mtk_mml;mtk_tinysys_ipi;rtc_mt6685;sapu;sensorhub;spi_mt65xx;tkcore;tkcore_drv;ufs_mediatek_mod;wlan_drv_gen4m_6878;wmt_chrdev_wifi_connac2;xhci_mtk_hcd_v2,40,41,0,1,0,0,1,1,1,1,0x608741b5,0x608741b5,MATCH
__init_waitqueue_head,0xd9a5ea54,KERNEL_OR_BUILTIN,,0,adsp;aee_aed;apusys;atf_logger;audio_ipi;blocktag;bluetooth;bt_drv_6878;camera_dpe_isp7sp;ccci_dpmaif;ccci_fsm_scp;ccci_md_all;ccci_util_lib;ccd_rpmsg;cdc_acm;cfg80211;conninfra;connscp;cqhci;drm_display_helper;fmradio_drv_connac2x;focaltech_touch_spi_ft3680;gps_drv_dl_v051;gps_pwr;gps_scp;gz_ipc_mod;gz_log_mod;hci_uart;hf_manager;hidp;ieee802154;mali_kbase_mt6878_r44;mcupm;mddp;mdp_drv_mt6878;mediatek_drm;mmqos_common;monitor_hang;mt6375_battery;mtk_aie;mtk_btcvsd;mtk_cam_isp7sp;mtk_ccuv;mtk_charger_framework;mtk_chg_type_det;mtk_cmdq_drv_ext;mtk_dpc;mtk_hcp;mtk_imgsys_v4l2;mtk_low_battery_throttling;mtk_mml;mtk_pep50;mtk_soc_offload_common;mtk_vcodec_dec_v1;mtk_vcodec_enc_v1;mtk_vcu;pda_drv_mt6878;ppp_generic;rfkill;scp;slcan;snd_soc_tfa98xx;sspm_v3;st21nfc;system_heap;tcpc_class;tkcore;tkcore_drv;touch_boost;usb_offload;usbnet;vcp;wlan_drv_gen4m_6878;wmt_chrdev_wifi_connac2;wwan,75,76,0,1,0,0,1,1,1,1,0xd9a5ea54,0xd9a5ea54,MATCH
__ip_dev_find,0x9223cda1,KERNEL_OR_BUILTIN,,0,tipc,1,1,0,1,0,0,0,0,1,1,0x9223cda1,0x9223cda1,MATCH
__ip_select_ident,0x51a34ed2,KERNEL_OR_BUILTIN,,0,pptp,1,1,0,1,0,0,0,0,1,1,0x51a34ed2,0x51a34ed2,MATCH
__ipv6_addr_type,0x0d542439,KERNEL_OR_BUILTIN,,0,6lowpan;tipc;wlan_drv_gen4m_6878,3,3,0,1,0,0,0,0,1,1,0x0d542439,0x0d542439,MATCH
__irq_apply_affinity_hint,0x51786ad8,KERNEL_OR_BUILTIN,,0,apusys;cache_parity;ccci_dpmaif;ufs_mediatek_mod;wlan_drv_gen4m_6878,5,5,0,1,0,0,0,0,1,1,0x51786ad8,0x51786ad8,MATCH
__irq_domain_add,0x75aecb8b,KERNEL_OR_BUILTIN,,0,mt6375;mt6375_auxadc;mt6375_battery;mtk_spmi_pmic;pinctrl_mtk_v2;spmi_mtk_pmif,6,6,0,1,0,0,1,1,1,1,0x75aecb8b,0x75aecb8b,MATCH
__irq_resolve_mapping,0xcb7ab12a,KERNEL_OR_BUILTIN,,0,irq_dbg;mt6375;mt6375_auxadc;mt6375_battery;mtk_spmi_pmic;pinctrl_mtk_v2;spmi_mtk_pmif,7,7,0,1,0,0,1,1,1,1,0xcb7ab12a,0xcb7ab12a,MATCH
__kfifo_alloc,0x139f2189,KERNEL_OR_BUILTIN,,0,conninfra;kfifo_buf;usbserial,3,3,0,1,0,0,1,1,1,1,0x139f2189,0x139f2189,MATCH
__kfifo_free,0xdb760f52,KERNEL_OR_BUILTIN,,0,conninfra;kfifo_buf;mtk_cam_isp7sp;usbserial,4,4,0,1,0,0,1,1,1,1,0xdb760f52,0xdb760f52,MATCH
__kfifo_from_user,0xee08c0fb,KERNEL_OR_BUILTIN,,0,kfifo_buf,1,1,0,1,0,0,0,0,1,1,0xee08c0fb,0xee08c0fb,MATCH
__kfifo_in,0xf23fcb99,KERNEL_OR_BUILTIN,,0,conninfra;kfifo_buf;mtk_cam_isp7sp;mtk_mmc;sensorhub;usbserial;wlan_drv_gen4m_6878,7,7,0,1,0,0,1,1,1,1,0xf23fcb99,0xf23fcb99,MATCH
__kfifo_init,0xbd462b55,KERNEL_OR_BUILTIN,,0,conninfra;mtk_cam_isp7sp;wlan_drv_gen4m_6878,3,3,0,1,0,0,1,1,1,1,0xbd462b55,0xbd462b55,MATCH
__kfifo_out,0x13d0adf7,KERNEL_OR_BUILTIN,,0,conninfra;ftdi_sio;kfifo_buf;mtk_cam_isp7sp;mtk_mmc;sensorhub;usbserial;wlan_drv_gen4m_6878,8,8,0,1,0,0,1,1,1,1,0x13d0adf7,0x13d0adf7,MATCH
__kfifo_to_user,0x72aa63ef,KERNEL_OR_BUILTIN,,0,kfifo_buf,1,1,0,1,0,0,1,1,1,1,0x72aa63ef,0x72aa63ef,MATCH
__kmalloc,0xeb233a45,KERNEL_OR_BUILTIN,,0,aee_aed;apu_top;apusys;asix;aw883xx_driver;ax88179_178a;blocktag;bluetooth;bootprof;bt_drv_6878;camera_eeprom_v4l2;can_bcm;ccci_dpmaif;ccci_md_all;ccci_util_lib;cdc_acm;cdc_ncm;cfg80211;clk_common;clkbuf;cmdq_sec_drv;connadp;connfem;conninfra;cpufreq_sugov_ext;device_apc_common;drm_display_helper;extdev_io_class;ffa_v10;fhctl;fmradio_drv_connac2x;focaltech_touch_spi_ft3680;ged;gz_ipc_mod;gz_main_mod;gz_tz_system;gz_virtio_mod;hf_manager;hynitron;i2c_mt65xx;ieee802154;imgsensor;l2tp_core;load_track;log_store;mac80211;mac802154;mali_kbase_mt6878_r44;mcupm;md_cooling_all;mddp;mdp_drv_mt6878;mediatek_drm;mediatek_drm_gateic;mediatek_drm_panel_drv;met;mrdump;mt6375_battery;mtk_c2ps;mtk_cam_isp7sp;mtk_cmdq_drv_ext;mtk_core_ctl;mtk_cpu_power_throttling;mtk_fpsgo;mtk_hcp;mtk_heap_debug;mtk_icc_core;mtk_ioctl_powerhal;mtk_lpm;mtk_lpm_dbg_common_v2;mtk_lpm_dbg_mt6878;mtk_mbraink;mtk_md_power_throttling;mtk_mmdvfs_debug;mtk_mmdvfs_v3;mtk_mml;mtk_perf_common;mtk_perf_ioctl;mtk_perf_ioctl_magt;mtk_sec_heap;mtk_swpm_dbg_v6878;mtk_tinysys_ipi;mtk_u_ether;mtk_usb_f_rndis;mtk_vcodec_common;mtu3;nfc;pd_dbg_info;pmic_lbat_service;powerhal_cpu_ctrl;ppp_mppe;r8152;rfcomm;rfkill;rpmb_mtk;rps_perf;rt5133_regulator;scheduler;scp;sensorhub;slhc;snd_soc_tfa98xx;spi_mt65xx;sspm_v3;system_heap;thermal_interface;tipc;tkcore_drv;touch_boost;ufs_mediatek_mod;usb_offload;usbnet;usbserial;wlan_drv_gen4m_6878;xhci_mtk_hcd_v2;yft_devinfo,116,117,0,1,1,0,1,1,1,1,0xeb233a45,0xeb233a45,MATCH
__kmalloc_node,0x1ba59527,KERNEL_OR_BUILTIN,,0,xhci_mtk_hcd_v2,1,1,0,1,0,0,0,0,1,1,0x1ba59527,0x1ba59527,MATCH
__kmalloc_node_track_caller,0x4e547048,KERNEL_OR_BUILTIN,,0,can_raw,1,1,0,1,0,0,0,0,1,1,0x4e547048,0x4e547048,MATCH
__kthread_init_worker,0x6f02eb42,KERNEL_OR_BUILTIN,,0,cpufreq_sugov_ext;gz_trusty_mod;imgsensor;mtk_cam_isp7sp;mtk_imgsys_cmdq,5,5,0,1,0,0,1,1,1,1,0x6f02eb42,0x6f02eb42,MATCH
__list_add_valid,0x68f31cbd,KERNEL_OR_BUILTIN,,0,8021q;aee_aed;apu_top;apusys;aw883xx_driver;blocktag;bluetooth;bootprof;c2k_usb;can_bcm;can_raw;ccci_md_all;ccci_util_lib;ccd_rpmsg;cfg80211;cmdq_sec_drv;connscp;device_apc_common;drm_display_helper;flashlight;focaltech_touch_spi_ft3680;ged;gz_ipc_mod;gz_trusty_mod;gz_virtio_mod;gzvm;hci_uart;hf_manager;hidp;ieee802154;imgsensor_glue;iommu_debug;mac80211;mac802154;mali_kbase_mt6878_r44;mali_mgm_mt6878_r44;md_cooling_all;mddp;mdp_drv_mt6878;mediatek_drm;mediatek_drm_gateic;mediatek_drm_panel_drv;met;microarray_fp_tee;mmprofile;mmqos_common;monitor_hang;mt6375_battery;mtk_c2ps;mtk_cam_isp7sp;mtk_cmdq_drv_ext;mtk_cpu_power_throttling;mtk_fpsgo;mtk_gpu_hal;mtk_hcp;mtk_heap_debug;mtk_icc_core;mtk_imgsys_v4l2;mtk_iommu;mtk_lpm;mtk_lpm_dbg_common_v2;mtk_mml;mtk_panel_ext;mtk_pbm;mtk_sec_heap;mtk_swpm;mtk_sync;mtk_u_ether;mtk_uart_apdma;mtk_usb_f_rndis;mtk_vcodec_common;mtk_vcodec_dec_v1;mtk_vcodec_enc_v1;mtk_vcu;mtu3;mux_switch;nfc;pd_dbg_info;pmic_lbat_service;powerhal_cpu_ctrl;ppp_generic;r8152;reboot_mode;rfcomm;rfkill;scheduler;sensorhub;snd_soc_mt6878_afe;snd_soc_tfa98xx;spi_tiny_co5300_lcd;system_heap;task_turbo;tipc;tkcore;tkcore_drv;tmem_ffa;touch_boost;usb_boost;usb_meta;usb_offload;usbserial;wlan_drv_gen4m_6878;xhci_mtk_hcd_v2;yft_devinfo;zsmalloc,105,106,0,1,0,0,1,1,1,1,0x68f31cbd,0x68f31cbd,MATCH
__list_del_entry_valid,0xe1537255,KERNEL_OR_BUILTIN,,0,8021q;aee_aed;apu_top;apusys;blocktag;bluetooth;bootprof;c2k_usb;can_bcm;can_raw;ccci_md_all;ccci_util_lib;ccd_rpmsg;cfg80211;cmdq_sec_drv;connscp;drm_display_helper;flashlight;ged;gz_ipc_mod;gz_trusty_mod;gz_virtio_mod;gzvm;hci_uart;hf_manager;hidp;ieee802154;imgsensor_glue;iommu_debug;mac80211;mac802154;mali_kbase_mt6878_r44;mali_mgm_mt6878_r44;md_cooling_all;mddp;mdp_drv_mt6878;mediatek_drm;mediatek_drm_panel_drv;met;monitor_hang;mt6375_battery;mtk_c2ps;mtk_cam_isp7sp;mtk_cmdq_drv_ext;mtk_cpu_power_throttling;mtk_fpsgo;mtk_gpu_hal;mtk_hcp;mtk_heap_debug;mtk_icc_core;mtk_imgsys_v4l2;mtk_iommu;mtk_lpm;mtk_lpm_dbg_common_v2;mtk_mml;mtk_panel_ext;mtk_pbm;mtk_sec_heap;mtk_swpm;mtk_sync;mtk_u_ether;mtk_uart_apdma;mtk_usb_f_rndis;mtk_vcodec_common;mtk_vcodec_dec_v1;mtk_vcodec_enc_v1;mtk_vcu;mtu3;mux_switch;nfc;pd_dbg_info;pmic_lbat_service;powerhal_cpu_ctrl;ppp_generic;r8152;rfcomm;rfkill;scheduler;sensorhub;snd_soc_tfa98xx;system_heap;tipc;tkcore;tkcore_drv;tmem_ffa;touch_boost;ufs_mediatek_mod;usb_boost;usb_meta;usb_offload;usbserial;wlan_drv_gen4m_6878;xhci_mtk_hcd_v2;zsmalloc,94,95,0,1,0,0,1,1,1,1,0xe1537255,0xe1537255,MATCH
__local_bh_enable_ip,0x3c3fce39,KERNEL_OR_BUILTIN,,0,can_dev;can_gw;ccmni;cdc_ncm;l2tp_core;l2tp_ppp;mac80211;mddp;ppp_generic;tipc,10,10,0,1,0,0,1,1,1,1,0x3c3fce39,0x3c3fce39,MATCH
__mdiobus_register,0xa19883f4,KERNEL_OR_BUILTIN,,0,asix,1,1,0,1,0,0,1,1,1,1,0xa19883f4,0xa19883f4,MATCH
__media_device_register,0xd1732581,KERNEL_OR_BUILTIN,,0,camera_af_media;mtk_aie;mtk_cam_isp7sp;mtk_composite;mtk_imgsys_v4l2,5,5,0,1,0,0,1,1,1,1,0xd1732581,0xd1732581,MATCH
__media_entity_next_link,0xdf2b8208,KERNEL_OR_BUILTIN,,0,mtk_cam_isp7sp,1,1,0,1,0,0,0,0,1,1,0xdf2b8208,0xdf2b8208,MATCH
__memcpy_fromio,0x5d112304,KERNEL_OR_BUILTIN,,0,adsp;apusys;bt_drv_6878;ccci_md_all;ccci_util_lib;conninfra;connscp;gps_drv_dl_v051;mcupm;sensorhub;sspm_v3;wlan_drv_gen4m_6878,12,12,0,1,0,0,1,1,1,1,0x5d112304,0x5d112304,MATCH
__memcpy_toio,0xf77555cd,KERNEL_OR_BUILTIN,,0,adsp;apusys;bt_drv_6878;ccci_md_all;conninfra;gps_drv_dl_v051;mali_kbase_mt6878_r44;mrdump;mtk_cg_peak_power_throttling;sensorhub;wlan_drv_gen4m_6878,11,11,0,1,0,0,1,1,1,1,0xf77555cd,0xf77555cd,MATCH
__memset_io,0x18b48e28,KERNEL_OR_BUILTIN,,0,apusys;audio_ipi;bt_drv_6878;ccci_ccif;ccci_dpmaif;ccci_fsm_scp;ccci_md_all;ccci_util_lib;conninfra;gps_drv_dl_v051;met;mrdump;mtk_cg_peak_power_throttling;mtk_lpm_plat_v1;scp;snd_soc_mt6878_afe;snd_soc_mtk_common;snd_soc_mtk_scp_ultra;wlan_drv_gen4m_6878,19,19,0,1,0,0,1,1,1,1,0x18b48e28,0x18b48e28,MATCH
__migrate_task,0xaaa6dd7d,KERNEL_OR_BUILTIN,,0,scheduler,1,1,0,1,0,0,0,0,1,1,0xaaa6dd7d,0xaaa6dd7d,MATCH
__mmap_lock_do_trace_acquire_returned,0x5319be0e,KERNEL_OR_BUILTIN,,0,gzvm;hbt;monitor_hang;mtk_heap_debug,4,4,0,1,0,0,1,1,1,1,0x5319be0e,0x5319be0e,MATCH
__mmap_lock_do_trace_released,0xb996c292,KERNEL_OR_BUILTIN,,0,gzvm;hbt;monitor_hang;mtk_heap_debug,4,4,0,1,0,0,1,1,1,1,0xb996c292,0xb996c292,MATCH
__mmap_lock_do_trace_start_locking,0x56ac7b18,KERNEL_OR_BUILTIN,,0,gzvm;hbt;monitor_hang;mtk_heap_debug,4,4,0,1,0,0,1,1,1,1,0x56ac7b18,0x56ac7b18,MATCH
__mmdrop,0x428651f5,KERNEL_OR_BUILTIN,,0,mali_kbase_mt6878_r44;mtk_mbraink,2,2,0,1,0,0,1,1,1,1,0x428651f5,0x428651f5,MATCH
__module_get,0x82f3eefb,KERNEL_OR_BUILTIN,,0,bluetooth;hidp;rfcomm;tipc,4,5,0,1,0,0,0,0,1,1,0x82f3eefb,0x82f3eefb,MATCH
__module_put_and_kthread_exit,0x9130ce6c,KERNEL_OR_BUILTIN,,0,hidp,1,1,0,1,0,0,0,0,1,1,0x9130ce6c,0x9130ce6c,MATCH
__msecs_to_jiffies,0x7f02188f,KERNEL_OR_BUILTIN,,0,adsp;apu_top;apusys;audio_ipi;aw883xx_driver;bluetooth;can_dev;cdc_acm;cfg80211;cmdq_sec_drv;conninfra;cpuqos_v3;cqhci;focaltech_touch_spi_ft3680;gps_drv_dl_v051;gz_ipc_mod;hci_uart;imgsensor;l2tp_ppp;load_track;mac80211;mali_kbase_mt6878_r44;mediatek_drm;mt6363_regulator;mt6369_regulator;mt6375_charger;mtk_cam_isp7sp;mtk_cg_peak_power_throttling;mtk_cmdq_drv_ext;mtk_core_ctl;mtk_dpc;mtk_lpm_dbg_common_v2;mtk_mml;mtk_perf_common;mtk_swpm_dbg_v6878;mtk_vcodec_common;mtk_vcodec_dec_v1;mtk_vcodec_enc_v1;nfc;pmic_lbat_service;spi_mt65xx;spmi_mtk_mpu;tcpc_class;tipc;tmem_ffa;usbserial;wlan_drv_gen4m_6878;yft_gpio_keys,48,49,0,1,0,0,1,1,1,1,0x7f02188f,0x7f02188f,MATCH
__mutex_init,0xa571f6b0,KERNEL_OR_BUILTIN,,0,8250_mtk;adapter_class;adsp;aee_aed;apu_top;apusys;atf_logger;aw36515;aw36518;aw36518_v2;aw883xx_driver;bluetooth;bt_drv_6878;c2k_usb;camera_af_media;camera_dpe_isp7sp;camera_eeprom_v4l2;ccci_fsm_scp;ccci_md_all;ccd_rpmsg;cdc_acm;cfg80211;charger_class;cmdq_sec_drv;cmdq_test;conninfra;connscp;cpufreq_sugov_ext;drm_display_helper;extdev_io_class;ffa_v10;focaltech_touch_spi_ft3680;ftdi_sio;ged;gps_drv_dl_v051;gpueb;gz_ipc_mod;gz_log_mod;gz_main_mod;gz_trusty_mod;gz_tz_system;gz_virtio_mod;gzvm;hci_uart;hf_manager;hidp;hynitron;imgsensor;kfifo_buf;l2tp_ppp;leds_ln2403;leds_mtk;leds_rgb_aw2013;mac80211;mac802154;mali_dmabuf_test_mt6878_r44;mali_kbase_mt6878_r44;mddp;mdp_drv_mt6878;mediatek_drm;met;mmqos_common;mt6338_core;mt6369_accdet;mt6375;mt6375_adc;mt6375_auxadc;mt6375_battery;mt6375_charger;mt6685_audclk;mtk_aie;mtk_c2ps;mtk_cam_isp7sp;mtk_ccd_remoteproc;mtk_ccuv;mtk_charger_algorithm_class;mtk_charger_framework;mtk_chg_type_det;mtk_cmdq_drv_ext;mtk_composite;mtk_dvfsrc;mtk_dvfsrc_helper;mtk_fpsgo;mtk_hcp;mtk_imgsys_cmdq;mtk_imgsys_v4l2;mtk_iommu;mtk_jpeg;mtk_mmdvfs;mtk_mml;mtk_pd_adapter;mtk_pd_charging;mtk_pep;mtk_pep40;mtk_pep50;mtk_pwm;mtk_scp_audiocommon;mtk_sec_heap;mtk_soc_offload_common;mtk_spmi_pmic;mtk_spmi_pmic_adc;mtk_tinysys_ipi;mtk_uart_apdma;mtk_usb_f_rndis;mtk_vcodec_dec_v1;mtk_vcodec_enc_v1;mtk_vcu;mtk_vmm_isp71_regulator;nfc;nvmem_mt635x_efuse;pmic_lvsys_notify;ppp_generic;r8152;rfcomm;rfkill;rpmb;rtc_mt6685;sapu;scp;sensorhub;sh366003_fg;snd_soc_mt6878_afe;snd_soc_tfa98xx;soc_temp_lvts;spmi_mtk_pmif;st21nfc;system_heap;tcpc_class;thermal_interface;thermal_trace;tkcore;tkcore_drv;tmem_ffa;uarthub_drv;usb_meta;usb_offload;usbnet;usbserial;vcp;wlan_drv_gen4m_6878;wmt_chrdev_wifi_connac2;wwan;xhci_mtk_hcd_v2;yft_devinfo;yft_gpio_keys,145,146,0,1,1,0,1,1,1,1,0xa571f6b0,0xa571f6b0,MATCH
__napi_alloc_skb,0xc5fa677d,KERNEL_OR_BUILTIN,,0,r8152,1,1,0,1,0,0,0,0,1,1,0xc5fa677d,0xc5fa677d,MATCH
__napi_schedule,0xf5221e2b,KERNEL_OR_BUILTIN,,0,can_dev;ccmni;r8152;wlan_drv_gen4m_6878,4,4,0,1,0,0,1,1,1,1,0xf5221e2b,0xf5221e2b,MATCH
__napi_schedule_irqoff,0x7096c85f,KERNEL_OR_BUILTIN,,0,wlan_drv_gen4m_6878,1,1,0,1,0,0,1,1,1,1,0x7096c85f,0x7096c85f,MATCH
__ndisc_fill_addr_option,0x07cb9d0f,KERNEL_OR_BUILTIN,,0,6lowpan,1,1,0,1,0,0,0,0,1,1,0x07cb9d0f,0x07cb9d0f,MATCH
__netdev_alloc_frag_align,0x91a488ac,KERNEL_OR_BUILTIN,,0,ccci_dpmaif,1,1,0,1,0,0,1,1,1,1,0x91a488ac,0x91a488ac,MATCH
__netdev_alloc_skb,0x1ba22d8b,KERNEL_OR_BUILTIN,,0,aqc111;asix;ax88179_178a;can_dev;ccci_dpmaif;ccci_md_all;cdc_ncm;cfg80211;mac80211;mddp;ppp_generic;rtl8150;usbnet;wlan_drv_gen4m_6878,14,14,0,1,0,0,1,1,1,1,0x1ba22d8b,0x1ba22d8b,MATCH
__netif_napi_del,0xf7cce469,KERNEL_OR_BUILTIN,,0,can_dev;wlan_drv_gen4m_6878,2,2,0,1,0,0,0,0,1,1,0xf7cce469,0xf7cce469,MATCH
__netlink_dump_start,0x53d7f503,KERNEL_OR_BUILTIN,,0,diag,1,1,0,1,0,0,0,0,1,1,0x53d7f503,0x53d7f503,MATCH
__netlink_kernel_create,0x9f3fe1fe,KERNEL_OR_BUILTIN,,0,frs;mt6375_battery;wlan_drv_gen4m_6878,3,3,0,1,0,0,1,1,1,1,0x9f3fe1fe,0x9f3fe1fe,MATCH
__nla_parse,0x581e2394,KERNEL_OR_BUILTIN,,0,can_dev;can_gw;cfg80211;nfc;tipc;wlan_drv_gen4m_6878;wwan,7,7,0,1,0,0,1,1,1,1,0x581e2394,0x581e2394,MATCH
__nla_validate,0x933dc050,KERNEL_OR_BUILTIN,,0,8021q;cfg80211,2,2,0,1,0,0,0,0,1,1,0x933dc050,0x933dc050,MATCH
__nlmsg_put,0x899805b0,KERNEL_OR_BUILTIN,,0,can_gw;diag;frs;mt6375_battery;tipc;wlan_drv_gen4m_6878;wwan,7,7,0,1,0,0,1,1,1,1,0x899805b0,0x899805b0,MATCH
__num_online_cpus,0xc60d0620,KERNEL_OR_BUILTIN,,0,aee_hangdet;mtk_lpm;mtk_lpm_plat_v1;xhci_mtk_hcd_v2;zram,5,5,0,1,0,0,1,1,1,1,0xc60d0620,0xc60d0620,MATCH
__of_get_address,0x42ec81ae,KERNEL_OR_BUILTIN,,0,bt_drv_6878;conninfra;snd_soc_mtk_common,3,3,0,1,0,0,1,1,1,1,0x42ec81ae,0x42ec81ae,MATCH
__of_parse_phandle_with_args,0x26f40d9d,KERNEL_OR_BUILTIN,,0,apu_top;apusys;arm_dsu_pmu;blocktag;camera_dpe_isp7sp;ccci_dpmaif;clkbuf;cmdq_test;connfem;conninfra;cpufreq_sugov_ext;dbg_error_flag;emi;emi_fake_eng;emi_mpu;gps_drv_dl_v051;gz_irq_mod;lpm_gov_MHSP;mali_kbase_mt6878_r44;mdp_drv_mt6878;mediatek_cpufreq_hw;mediatek_drm;mediatek_drm_panel_drv;mmqos_common;mt6375_battery;mt6375_charger;mt6878_mt6369;mtk_aie;mtk_cam_isp7sp;mtk_ccd_remoteproc;mtk_ccuv;mtk_charger_framework;mtk_cmdq_drv_ext;mtk_dvfsrc;mtk_dynamic_loading_throttling;mtk_hcp;mtk_icc_core;mtk_imgsys_cmdq;mtk_imgsys_v4l2;mtk_iommu;mtk_ipesys_me;mtk_jpeg;mtk_low_battery_throttling;mtk_lpm;mtk_lpm_dbg_common_v2;mtk_mbox_mailbox;mtk_mmdvfs_debug;mtk_mmdvfs_v3;mtk_mminfra_imax;mtk_mml;mtk_peak_power_budget;mtk_sec_heap;mtk_smi;mtk_vcodec_dec_v1;mtk_vcodec_enc_v1;mtk_vcu;mtu3;panel_ky_vtdr6115_dphy_cmd;pda_drv_mt6878;phy_mtk_ufs;phy_mtk_xsphy;pmic_temp;sapu;scp;thermal_interface;tmem_ffa;ufs_mediatek_mod;usb_meta;usb_offload;vcp;wlan_drv_gen4m_6878;xhci_mtk_hcd_v2,72,72,0,1,0,0,0,0,1,1,0x26f40d9d,0x26f40d9d,MATCH
__page_pinner_put_page,0xbf444ebf,KERNEL_OR_BUILTIN,,0,ccci_dpmaif;gz_main_mod;gz_tz_system;gzvm;mali_kbase_mt6878_r44;monitor_hang;r8152;zsmalloc,8,8,0,1,1,0,0,0,1,1,0xbf444ebf,0xbf444ebf,MATCH
__per_cpu_offset,0x280f9f14,KERNEL_OR_BUILTIN,,0,8021q;aee_hangdet;blocktag;cpufreq_sugov_ext;cpuqos_v3;gz_irq_mod;gz_trusty_mod;irq_dbg;lpm_gov_MHSP;mac80211;met;monitor_hang;mrdump;mtk_core_ctl;mtk_fpsgo;mtk_lpm;mtk_mbraink;mtk_perf_common;mtk_perf_ioctl_magt;mtk_swpm_perf_arm_pmu;ppp_generic;scheduler;task_turbo;tipc;trace_mmstat;ufs_mediatek_dbg;zram;zsmalloc,28,28,0,1,0,0,1,1,1,1,0x280f9f14,0x280f9f14,MATCH
__percpu_down_read,0x9d1c6de1,KERNEL_OR_BUILTIN,,0,hci_uart,1,1,0,1,0,0,0,0,1,1,0x9d1c6de1,0x9d1c6de1,MATCH
__percpu_init_rwsem,0xc94eb71f,KERNEL_OR_BUILTIN,,0,hci_uart,1,1,0,1,0,0,0,0,1,1,0xc94eb71f,0xc94eb71f,MATCH
__platform_driver_probe,0xa1ec90c9,KERNEL_OR_BUILTIN,,0,conninfra,1,1,0,1,0,0,1,1,1,1,0xa1ec90c9,0xa1ec90c9,MATCH
__platform_driver_register,0x894c433a,KERNEL_OR_BUILTIN,,0,8250_mtk;apu_top;apusys;arm_dsu_pmu;atf_logger;backlight_cooling;board_temp;bus_parity;cache_parity;camera_af_media;camera_dpe_isp7sp;ccci_auxadc;ccci_ccif;ccci_dpmaif;ccci_fsm_scp;ccci_md_all;charger_cooling;clk_bringup;clk_chk_mt6878;clk_common;clk_disable_unused;clk_fmeter_mt6878;clk_mt6878;clk_mt6878_adsp;clk_mt6878_bus;clk_mt6878_cam;clk_mt6878_ccu;clk_mt6878_img;clk_mt6878_mdpsys;clk_mt6878_mmsys;clk_mt6878_peri;clk_mt6878_vcodec;clk_mt6878_vlp;clkbuf;cmdq_sec_drv;cmdq_test;connfem;conninfra;connscp;cpufreq_sugov_ext;cpuqos_v3;dbg_error_flag;dbgtop_drm;device_apc_mt6878;emi;emi_fake_eng;emi_mpu;extcon_mtk_usb;fhctl;fingerprint;flashlight;fmradio_drv_connac2x;ged;gps_drv_dl_v051;gpueb;gz_irq_mod;gz_log_mod;gz_main_mod;gz_trusty_mod;gz_tz_system;gz_virtio_mod;gzvm;hci_uart;i2c_mt65xx;iommu_debug;iommu_secure;last_bus;leds_ln2403;leds_mtk_disp;mali_kbase_mt6878_r44;mali_mgm_mt6878_r44;mali_prot_alloc_mt6878_r44;mcupm;md_cooling_all;mdp_drv_mt6878;mediatek_cpufreq_hw;mediatek_drm;mediatek_drm_gateic;mediatek_drm_panel_drv;mmqos_mt6878;mt6315_regulator;mt6363_regulator;mt6369_accdet;mt6369_regulator;mt6375_adc;mt6375_auxadc;mt6375_battery;mt6375_charger;mt6685_audclk;mt6878_mt6369;mtk_aie;mtk_aie_debug_7sp_2;mtk_battery_oc_throttling;mtk_bp_thl;mtk_btcvsd;mtk_cam_isp7sp;mtk_ccd_remoteproc;mtk_ccuv;mtk_cg_peak_power_throttling;mtk_charger_framework;mtk_chg_type_det;mtk_cm_mgr_mt6878;mtk_cmdq_drv_ext;mtk_composite;mtk_cpu_power_throttling;mtk_disp_sec;mtk_dpc;mtk_dramc;mtk_dvfsrc;mtk_dvfsrc_devfreq;mtk_dvfsrc_helper;mtk_dvfsrc_regulator;mtk_dvfsrc_start;mtk_dynamic_loading_throttling;mtk_emi;mtk_fpsgo;mtk_gpu_power_throttling;mtk_gpufreq_mt6878;mtk_gpufreq_wrapper;mtk_hcp;mtk_imgsys_cmdq;mtk_imgsys_isp7sp;mtk_imgsys_v4l2;mtk_iommu;mtk_ipesys_me;mtk_irtx_pwm;mtk_jpeg;mtk_low_battery_throttling;mtk_lpm_dbg_common_v2;mtk_mbox_mailbox;mtk_md_power_throttling;mtk_mdpm;mtk_mmc;mtk_mmdvfs;mtk_mmdvfs_debug;mtk_mmdvfs_v3_start;mtk_mminfra_debug;mtk_mminfra_imax;mtk_pbm;mtk_pd_adapter;mtk_pd_charging;mtk_peak_power_budget;mtk_pep;mtk_pep40;mtk_pep50;mtk_pm_domain_disable_unused;mtk_pmic_keys;mtk_pmic_oc_debug;mtk_pmic_wrap;mtk_pwm;mtk_qos;mtk_scp_audiocommon;mtk_scpsys;mtk_scpsys_bringup;mtk_scpsys_mt6878;mtk_sec_heap;mtk_soc_offload_common;mtk_spmi_pmic_adc;mtk_ssc;mtk_uart_apdma;mtk_vcodec_dec_v1;mtk_vcodec_enc_v1;mtk_vcu;mtk_vmm_isp71_regulator;mtk_vmm_notifier;mtk_vmm_spm;mtk_vow;mtk_wdt;mtu3;mux_switch;nvmem_mt635x_efuse;nvmem_mtk_devinfo;pd_chk_mt6878;pda_drv_mt6878;phy_mtk_ufs;phy_mtk_xsphy;pinctrl_mt6363;pinctrl_mt6878;pmic_lbat_service;pmic_lvsys_notify;pmic_temp;pwm_mtk_disp;regulator_vibrator;reset_ti_syscon;rt_pd_manager;rtc_mt6685;sapu;scheduler;scp;sec;sec_rng;smpu;snd_soc_audiodsp_common;snd_soc_mt6369;snd_soc_mt6878_afe;snd_soc_mtk_common;snd_soc_mtk_scp_ultra;soc_temp_lvts;spi_mt65xx;spmi_mtk_mpu;spmi_mtk_pmif;sspm_v3;syscon_reboot_mode;system_heap;tcpc_mt6375;teeperf;thermal_generic_adc;thermal_interface;timer_mediatek;tkcore_drv;tmem_ffa;uarthub_drv;ufs_mediatek_mod;usb_boost;usb_logger;usb_meta;usb_offload;vcp;vtskin_temp;widevine_driver;wifi_cooling;wlan_drv_gen4m_6878;xhci_mtk_hcd_v2;yft_devinfo;yft_gpio_keys;yft_tiny2c_usb;yft_tpd_gesture,227,227,0,1,0,0,1,1,1,1,0x894c433a,0x894c433a,MATCH
__platform_register_drivers,0x0547fe8f,KERNEL_OR_BUILTIN,,0,mtk_mmdvfs_v3;mtk_mml;mtk_smi;mtk_smi_dbg,4,4,0,1,0,0,1,1,1,1,0x0547fe8f,0x0547fe8f,MATCH
__pm_relax,0x1aa68695,KERNEL_OR_BUILTIN,,0,adsp;apu_top;apusys;bt_drv_6878;c2k_usb;ccci_md_all;conninfra;fmradio_drv_connac2x;gps_drv_dl_v051;gz_tz_system;imgsensor;leds_ln2403;mdp_drv_mt6878;mediatek_drm;mt6369_accdet;mt6375_auxadc;mt6375_battery;mtk_bp_thl;mtk_charger_framework;mtk_dynamic_loading_throttling;mtk_mml;mtk_pep;mtk_pep40;mtk_pmic_keys;mtk_soc_offload_common;mtk_vow;scp;sensorhub;snd_soc_audiodsp_common;snd_soc_mtk_scp_ultra;spmi_mtk_pmif;ufs_mediatek_mod;vcp;wlan_drv_gen4m_6878,34,34,0,1,0,0,1,1,1,1,0x1aa68695,0x1aa68695,MATCH
__pm_runtime_disable,0x05e59274,KERNEL_OR_BUILTIN,,0,8250_mtk;apu_top;aw36515;aw36518;aw36518_v2;camera_dpe_isp7sp;clk_common;dw9781c;hci_uart;mali_kbase_mt6878_r44;mediatek_drm;mtk_aie;mtk_cam_isp7sp;mtk_ccuv;mtk_imgsys_v4l2;mtk_iommu;mtk_ipesys_me;mtk_jpeg;mtk_mmc;mtk_mml;mtk_smi;mtk_uart_apdma;mtk_vcodec_dec_v1;mtk_vcodec_enc_v1;mtu3;pda_drv_mt6878;snd_soc_mt6878_afe;spi_mt65xx;vcp;xhci_mtk_hcd_v2,30,30,0,1,0,0,1,1,1,1,0x05e59274,0x05e59274,MATCH
__pm_runtime_idle,0x14cee5de,KERNEL_OR_BUILTIN,,0,apu_top;apusys;aw36515;aw36518;aw36518_v2;camera_dpe_isp7sp;ccci_md_all;clk_common;clk_disable_unused;cmdq_sec_drv;conninfra;dw9781c;mdp_drv_mt6878;mediatek_drm;mt6878_mt6369;mtk_aie;mtk_cam_isp7sp;mtk_ccuv;mtk_cmdq_drv_ext;mtk_dpc;mtk_imgsys_cmdq;mtk_imgsys_v4l2;mtk_iommu;mtk_jpeg;mtk_mmdvfs_v3;mtk_mminfra_debug;mtk_mml;mtk_scpsys_bringup;mtk_smi;mtk_smi_dbg;mtk_vcodec_dec_v1;mtk_vcodec_enc_v1;mtu3;pda_drv_mt6878;snd_soc_mt6878_afe;snd_soc_mtk_common;snd_soc_mtk_scp_ultra;ufs_mediatek_mod;vcp,39,39,0,1,0,0,1,1,1,1,0x14cee5de,0x14cee5de,MATCH
__pm_runtime_resume,0xabe820ab,KERNEL_OR_BUILTIN,,0,8250_mtk;apu_top;apusys;aw36515;aw36518;aw36518_v2;camera_dpe_isp7sp;ccci_md_all;clk_common;clk_disable_unused;cmdq_sec_drv;conninfra;dw9781c;hci_uart;mali_kbase_mt6878_r44;mdp_drv_mt6878;mediatek_drm;mt6878_mt6369;mtk_aie;mtk_cam_isp7sp;mtk_ccuv;mtk_cmdq_drv_ext;mtk_dpc;mtk_imgsys_cmdq;mtk_imgsys_v4l2;mtk_iommu;mtk_jpeg;mtk_mmc;mtk_mmdvfs_v3;mtk_mminfra_debug;mtk_mml;mtk_scpsys_bringup;mtk_smi;mtk_smi_dbg;mtk_vcodec_dec_v1;mtk_vcodec_enc_v1;mtu3;pda_drv_mt6878;snd_soc_mt6878_afe;snd_soc_mtk_common;snd_soc_mtk_scp_ultra;ufs_mediatek_mod;vcp;xhci_mtk_hcd_v2,44,44,0,1,0,0,1,1,1,1,0xabe820ab,0xabe820ab,MATCH
__pm_runtime_set_status,0x22808c6a,KERNEL_OR_BUILTIN,,0,aw36515;aw36518;aw36518_v2;dw9781c;hci_uart;mali_kbase_mt6878_r44;mtk_mmc;mtu3;ufs_mediatek_mod;xhci_mtk_hcd_v2,10,10,0,1,0,0,1,1,1,1,0x22808c6a,0x22808c6a,MATCH
__pm_runtime_suspend,0x7c91d8d1,KERNEL_OR_BUILTIN,,0,8250_mtk;hci_uart;mali_kbase_mt6878_r44;mt6878_mt6369;mtu3;xhci_mtk_hcd_v2,6,6,0,1,0,0,1,1,1,1,0x7c91d8d1,0x7c91d8d1,MATCH
__pm_runtime_use_autosuspend,0x446c5527,KERNEL_OR_BUILTIN,,0,hci_uart;mali_kbase_mt6878_r44;mtk_mmc;mtu3;spi_mt65xx;xhci_mtk_hcd_v2,6,6,0,1,0,0,1,1,1,1,0x446c5527,0x446c5527,MATCH
__pm_stay_awake,0xe186a5ce,KERNEL_OR_BUILTIN,,0,adsp;apu_top;apusys;bt_drv_6878;c2k_usb;ccci_md_all;conninfra;fmradio_drv_connac2x;gps_drv_dl_v051;gz_tz_system;imgsensor;leds_ln2403;mdp_drv_mt6878;mediatek_drm;mt6369_accdet;mt6375_auxadc;mt6375_battery;mtk_bp_thl;mtk_charger_framework;mtk_dynamic_loading_throttling;mtk_lpm;mtk_mml;mtk_pep;mtk_pep40;mtk_pmic_keys;mtk_soc_offload_common;mtk_vow;rtc_mt6685;scp;sensorhub;snd_soc_audiodsp_common;snd_soc_mtk_scp_ultra;spmi_mtk_pmif;ufs_mediatek_mod;vcp;wlan_drv_gen4m_6878,36,36,0,1,0,0,1,1,1,1,0xe186a5ce,0xe186a5ce,MATCH
__printk_ratelimit,0x6128b5fc,KERNEL_OR_BUILTIN,,0,rtl8150,1,1,0,1,0,0,0,0,1,1,0x6128b5fc,0x6128b5fc,MATCH
__pskb_copy_fclone,0xccd67e8e,KERNEL_OR_BUILTIN,,0,bluetooth;nfc;tipc,3,4,0,1,0,0,0,0,1,1,0xccd67e8e,0xccd67e8e,MATCH
__pskb_pull_tail,0x263e8160,KERNEL_OR_BUILTIN,,0,6lowpan;aqc111;ax88179_178a;bluetooth;cfg80211;hidp;ieee802154;ieee802154_6lowpan;l2tp_core;l2tp_ppp;mac80211;nhc_udp;ppp_generic;pptp;rfcomm;tipc,16,17,0,1,0,0,0,0,1,1,0x263e8160,0x263e8160,MATCH
__put_cred,0xea9a45e2,KERNEL_OR_BUILTIN,,0,mali_kbase_mt6878_r44;mtk_mbraink,2,2,0,1,0,0,0,0,1,1,0xea9a45e2,0xea9a45e2,MATCH
__put_net,0x64b548b6,KERNEL_OR_BUILTIN,,0,cfg80211;ieee802154;ppp_generic,3,3,0,1,0,0,0,0,1,1,0x64b548b6,0x64b548b6,MATCH
__put_task_struct,0x950c847f,KERNEL_OR_BUILTIN,,0,cpufreq_sugov_ext;cpuqos_v3;mali_kbase_mt6878_r44;monitor_hang;mtk_c2ps;mtk_fpsgo;mtk_heap_debug;mtk_imgsys_v4l2;mtk_mbraink;mtk_vcodec_common;scheduler;task_turbo;wlan_drv_gen4m_6878,13,13,1,1,1,1,1,1,1,1,0x950c847f,0x950c847f,MATCH
__rb_erase_color,0x551bd071,KERNEL_OR_BUILTIN,,0,tipc,1,1,0,1,0,0,0,0,1,1,0x551bd071,0x551bd071,MATCH
__rb_insert_augmented,0x120b336a,KERNEL_OR_BUILTIN,,0,tipc,1,1,0,1,0,0,0,0,1,1,0x120b336a,0x120b336a,MATCH
__rcu_read_lock,0x8d522714,KERNEL_OR_BUILTIN,,0,8021q;aee_aed;aee_hangdet;blocktag;bluetooth;can;can_bcm;can_gw;cfg80211;cpufreq_sugov_ext;cpuqos_v3;ged;ieee802154_socket;l2tp_core;l2tp_ppp;mac80211;mac802154;mali_kbase_mt6878_r44;monitor_hang;mtk_c2ps;mtk_fpsgo;mtk_heap_debug;mtk_vcodec_common;mtk_wp;ppp_generic;pptp;rfcomm;scheduler;task_turbo;tipc;trace_mmstat;wlan_drv_gen4m_6878,32,33,0,1,0,0,1,1,1,1,0x8d522714,0x8d522714,MATCH
__rcu_read_unlock,0x2469810f,KERNEL_OR_BUILTIN,,0,8021q;aee_aed;aee_hangdet;blocktag;bluetooth;can;can_bcm;can_gw;cfg80211;cpufreq_sugov_ext;cpuqos_v3;ged;ieee802154_socket;l2tp_core;l2tp_ppp;mac80211;mac802154;mali_kbase_mt6878_r44;monitor_hang;mtk_c2ps;mtk_fpsgo;mtk_heap_debug;mtk_vcodec_common;mtk_wp;ppp_generic;pptp;rfcomm;scheduler;task_turbo;tipc;trace_mmstat;wlan_drv_gen4m_6878,32,33,0,1,0,0,1,1,1,1,0x2469810f,0x2469810f,MATCH
__register_blkdev,0x720a27a7,KERNEL_OR_BUILTIN,,0,zram,1,1,0,1,0,0,1,1,1,1,0x720a27a7,0x720a27a7,MATCH
__register_chrdev,0xbd842ba8,KERNEL_OR_BUILTIN,,0,gz_main_mod;hf_manager;ppp_generic;wwan,4,4,0,1,0,0,1,1,1,1,0xbd842ba8,0xbd842ba8,MATCH
__register_rpmsg_driver,0x22984856,KERNEL_OR_BUILTIN,,0,apu_top;apusys;ccd_rpmsg;sapu,4,4,0,1,0,0,1,1,1,1,0x22984856,0x22984856,MATCH
__release_region,0x1848221d,KERNEL_OR_BUILTIN,,0,cpufreq_sugov_ext;fmradio_drv_connac2x;mali_kbase_mt6878_r44;mediatek_cpufreq_hw;wlan_drv_gen4m_6878,5,5,0,1,0,0,1,1,1,1,0x1848221d,0x1848221d,MATCH
__request_module,0xa24f23d8,KERNEL_OR_BUILTIN,,0,6lowpan;bluetooth;can;ppp_generic;pppox,5,6,0,1,0,0,0,0,1,1,0xa24f23d8,0xa24f23d8,MATCH
__request_percpu_irq,0xf8b9b956,KERNEL_OR_BUILTIN,,0,gz_irq_mod,1,1,0,1,0,0,1,1,1,1,0xf8b9b956,0xf8b9b956,MATCH
__request_region,0x0ca39ba0,KERNEL_OR_BUILTIN,,0,fmradio_drv_connac2x;mali_kbase_mt6878_r44;mediatek_cpufreq_hw;wlan_drv_gen4m_6878,4,4,0,1,0,0,1,1,1,1,0x0ca39ba0,0x0ca39ba0,MATCH
__rht_bucket_nested,0xd0d156e9,KERNEL_OR_BUILTIN,,0,mac80211;tipc,2,2,0,1,0,0,0,0,1,1,0xd0d156e9,0xd0d156e9,MATCH
__scsi_iterate_devices,0xd556190c,KERNEL_OR_BUILTIN,,0,ufs_mediatek_mod,1,1,0,1,0,0,1,1,1,1,0xd556190c,0xd556190c,MATCH
__serdev_device_driver_register,0x49c683c2,KERNEL_OR_BUILTIN,,0,hci_uart,1,1,0,1,0,0,0,0,1,1,0x49c683c2,0x49c683c2,MATCH
__sg_page_iter_next,0x7c9ca58f,KERNEL_OR_BUILTIN,,0,apusys;mtk_sec_heap;system_heap,3,3,0,1,0,0,1,1,1,1,0x7c9ca58f,0x7c9ca58f,MATCH
__sg_page_iter_start,0xccd4c999,KERNEL_OR_BUILTIN,,0,apusys;mtk_sec_heap;system_heap,3,3,0,1,0,0,1,1,1,1,0xccd4c999,0xccd4c999,MATCH
__sk_receive_skb,0x6048e9c0,KERNEL_OR_BUILTIN,,0,pptp,1,1,0,1,0,0,0,0,1,1,0x6048e9c0,0x6048e9c0,MATCH
__skb_get_hash,0x1ddd1883,KERNEL_OR_BUILTIN,,0,mac80211,1,1,0,1,0,0,0,0,1,1,0x1ddd1883,0x1ddd1883,MATCH
__skb_gso_segment,0x69420fe8,KERNEL_OR_BUILTIN,,0,mac80211;r8152,2,2,0,1,0,0,0,0,1,1,0x69420fe8,0x69420fe8,MATCH
__sock_create,0x7265e465,KERNEL_OR_BUILTIN,,0,cfg80211,1,1,0,1,0,0,0,0,1,1,0x7265e465,0x7265e465,MATCH
__sock_queue_rcv_skb,0x9d9799e5,KERNEL_OR_BUILTIN,,0,bluetooth,1,2,0,1,0,0,0,0,1,1,0x9d9799e5,0x9d9799e5,MATCH
__sock_recv_cmsgs,0xd32b6582,KERNEL_OR_BUILTIN,,0,bluetooth;can_bcm;can_raw;ieee802154_socket,4,5,0,1,0,0,0,0,1,1,0xd32b6582,0xd32b6582,MATCH
__sock_recv_timestamp,0xcdc149a2,KERNEL_OR_BUILTIN,,0,bluetooth;nfc,2,3,0,1,0,0,0,0,1,1,0xcdc149a2,0xcdc149a2,MATCH
__sock_recv_wifi_status,0xd80f3e2d,KERNEL_OR_BUILTIN,,0,bluetooth;nfc,2,3,0,1,0,0,0,0,1,1,0xd80f3e2d,0xd80f3e2d,MATCH
__sock_tx_timestamp,0x437a0d6d,KERNEL_OR_BUILTIN,,0,can_raw,1,1,0,1,0,0,0,0,1,1,0x437a0d6d,0x437a0d6d,MATCH
__spi_alloc_controller,0x139ba157,KERNEL_OR_BUILTIN,,0,spi_mt65xx,1,1,0,1,0,0,1,1,1,1,0x139ba157,0x139ba157,MATCH
__spi_register_driver,0x9a9c1906,KERNEL_OR_BUILTIN,,0,focaltech_touch_spi_ft3680;microarray_fp_tee;spi_tiny_co5300_lcd,3,3,0,1,0,0,1,1,1,1,0x9a9c1906,0x9a9c1906,MATCH
__spmi_driver_register,0x36f7ad6c,KERNEL_OR_BUILTIN,,0,mt6685_core;mtk_spmi_pmic,2,2,0,1,0,0,1,1,1,1,0x36f7ad6c,0x36f7ad6c,MATCH
__srcu_read_lock,0x5f0dddd4,KERNEL_OR_BUILTIN,,0,gzvm,1,1,0,1,0,0,0,0,1,1,0x5f0dddd4,0x5f0dddd4,MATCH
__srcu_read_unlock,0x492dabdc,KERNEL_OR_BUILTIN,,0,gzvm,1,1,0,1,0,0,0,0,1,1,0x492dabdc,0x492dabdc,MATCH
__stack_chk_fail,0xc2c193d2,KERNEL_OR_BUILTIN,,0,6lowpan;8021q;8250_mtk;adsp;aee_aed;aee_hangdet;aee_rs;apu_top;apusys;aqc111;arm_dsu_pmu;asix;atf_logger;audio_ipi;aw36515;aw36518;aw36518_v2;aw883xx_driver;ax88179_178a;backlight_cooling;blocktag;bluetooth;bootprof;bt_drv_6878;btbcm;btqca;btsdio;bus_parity;c2k_usb;c2ps_perf_ioctl;cache_parity;camera_dpe_isp7sp;camera_eeprom_v4l2;can_bcm;can_dev;can_gw;can_raw;ccci_auxadc;ccci_ccif;ccci_dpmaif;ccci_fsm_scp;ccci_md_all;ccci_util_lib;ccd_rpmsg;ccmni;cdc_acm;cdc_ether;cdc_ncm;cfg80211;charger_cooling;clk_bringup;clk_chk_mt6878;clk_common;clk_fmeter_mt6878;clkbuf;cmdq_helper_inf;cmdq_platform_mt6878;cmdq_sec_drv;cmdq_test;connadp;connfem;conninfra;connscp;cpudvfs;cpufreq_sugov_ext;cpuqos_v3;cqhci;custom_ldo_wl2868;dbg_error_flag;dbgtop_drm;device_apc_common;device_apc_mt6878;diag;drm_display_helper;drm_dma_helper;dw9781c;emi;emi_fake_eng;emi_mpu;extcon_mtk_usb;extdev_io_class;ffa_v10;fhctl;fingerprint;flashlight;fmradio_drv_connac2x;focaltech_touch_spi_ft3680;fpsgo;frs;ftdi_sio;ged;gps_drv_dl_v051;gpueb;gz_ipc_mod;gz_irq_mod;gz_log_mod;gz_main_mod;gz_trusty_mod;gz_tz_system;gz_virtio_mod;gzvm;hbt;hci_uart;hf_manager;hidp;hynitron;i2c_mt65xx;ieee802154;ieee802154_6lowpan;ieee802154_socket;imgsensor;iommu_debug;iommu_secure;irq_dbg;kfifo_buf;l2tp_core;l2tp_ppp;last_bus;leds_ln2403;leds_mtk;leds_rgb_aw2013;load_track;log_store;lpm_gov_MHSP;mac80211;mac802154;main2_vcm;main3_vcm;main4_vcm;main_vcm;mali_dmabuf_test_mt6878_r44;mali_kbase_mt6878_r44;mali_mgm_mt6878_r44;mali_prot_alloc_mt6878_r44;mcupm;md_cooling_all;mddp;mdp_drv_mt6878;mediatek_cpufreq_hw;mediatek_drm;mediatek_drm_gateic;mediatek_drm_panel_drv;met;microarray_fp_tee;mii;mmprofile;mmqos_common;monitor_hang;mrdump;mt6315_regulator;mt6338_core;mt6363_regulator;mt6369_accdet;mt6369_regulator;mt6375;mt6375_adc;mt6375_auxadc;mt6375_battery;mt6375_charger;mt6878_mt6369;mtk_aie;mtk_battery_oc_throttling;mtk_bp_thl;mtk_btcvsd;mtk_c2ps;mtk_cam_isp7sp;mtk_ccd_remoteproc;mtk_ccuv;mtk_cg_peak_power_throttling;mtk_charger_framework;mtk_chg_type_det;mtk_cm_ipi;mtk_cm_mgr;mtk_cm_mgr_mt6878;mtk_cmdq_drv_ext;mtk_core_ctl;mtk_cpu_power_throttling;mtk_dcm;mtk_dpc;mtk_dramc;mtk_dvfsrc;mtk_dvfsrc_devfreq;mtk_dvfsrc_helper;mtk_dvfsrc_regulator;mtk_dvfsrc_start;mtk_dynamic_loading_throttling;mtk_fpsgo;mtk_gpu_power_throttling;mtk_gpu_qos;mtk_gpufreq_mt6878;mtk_gpufreq_wrapper;mtk_hcp;mtk_heap_debug;mtk_icc_core;mtk_imgsys_cmdq;mtk_imgsys_isp7sp;mtk_imgsys_v4l2;mtk_ioctl_powerhal;mtk_ioctl_touch_boost;mtk_iommu;mtk_ipesys_me;mtk_irtx_pwm;mtk_jpeg;mtk_low_battery_throttling;mtk_lpm;mtk_lpm_dbg_common_v2;mtk_lpm_dbg_mt6878;mtk_lpm_plat_v1;mtk_mbox;mtk_mbox_mailbox;mtk_mbraink;mtk_md_power_throttling;mtk_mdpm;mtk_mmc;mtk_mmc_dbg;mtk_mmdvfs;mtk_mmdvfs_debug;mtk_mmdvfs_ftrace;mtk_mmdvfs_v3;mtk_mminfra_debug;mtk_mminfra_imax;mtk_mml;mtk_mml_mt6878;mtk_pbm;mtk_pd_adapter;mtk_pd_charging;mtk_peak_power_budget;mtk_pep;mtk_pep40;mtk_pep50;mtk_perf_common;mtk_perf_ioctl;mtk_perf_ioctl_magt;mtk_pmic_keys;mtk_pmic_oc_debug;mtk_pmic_wrap;mtk_printk_ctrl;mtk_qos;mtk_scp_audiocommon;mtk_scpsys;mtk_scpsys_bringup;mtk_sec_heap;mtk_smi;mtk_smi_dbg;mtk_soc_offload_common;mtk_sp_spk_amp;mtk_spmi_pmic;mtk_spmi_pmic_adc;mtk_ssc;mtk_ssc_dbg_v2;mtk_swpm;mtk_swpm_cpu_dbg_v6878;mtk_swpm_dbg_common_v1;mtk_swpm_dbg_v6878;mtk_swpm_perf_arm_pmu;mtk_tinysys_ipi;mtk_u_ether;mtk_uart_apdma;mtk_usb_f_rndis;mtk_vcodec_common;mtk_vcodec_dec_v1;mtk_vcodec_enc_v1;mtk_vcu;mtk_vmm_isp71_regulator;mtk_vmm_notifier;mtk_vmm_spm;mtk_vow;mtk_wp;mtu3;mux_switch;nfc;nvmem_mt635x_efuse;nvmem_mtk_devinfo;panel_ky_vtdr6115_dphy_cmd;pd_dbg_info;pda_drv_mt6878;phy_mtk_ufs;phy_mtk_xsphy;pidmap;pinctrl_mtk_common_v2_debug;pinctrl_mtk_v2;pmic_lbat_service;pmic_lvsys_notify;pmic_temp;powerhal_cpu_ctrl;ppp_deflate;ppp_generic;pptp;r8152;r8153_ecm;reset_ti_syscon;rfcomm;rfkill;rpmb;rpmb_mtk;rps_perf;rt4831a_drv;rt5133_regulator;rt6160_regulator;rt_pd_manager;rtc_mt6685;rtl8150;sapu;sc851x_charger;sc8571_charger;scheduler;scp;sec;sec_rng;sensorhub;sh366003_fg;slcan;slhc;smpu;snd_soc_audiodsp_common;snd_soc_mt6369;snd_soc_mt6878_afe;snd_soc_mtk_common;snd_soc_mtk_scp_ultra;snd_soc_tfa98xx;soc_temp_lvts;spi_mt65xx;spi_tiny_co5300_lcd;spmi_mtk_mpu;spmi_mtk_pmif;sspm_v3;st21nfc;sub_vcm;system_heap;task_turbo;tcpc_class;tcpc_mt6375;teeperf;thermal_generic_adc;thermal_interface;thermal_trace;timer_mediatek;tinysys_scmi;tipc;tkcore;tkcore_drv;tmem_ffa;touch_boost;trace_mmstat;uarthub_drv;ufs_mediatek_dbg;ufs_mediatek_mod;uload_ind;usb_boost;usb_logger;usb_meta;usb_offload;usbnet;usbserial;vcp;vtskin_temp;widevine_driver;wlan_drv_gen4m_6878;wmt_chrdev_wifi_connac2;wwan;xhci_mtk_hcd_v2;yft_devinfo;yft_tiny2c_usb;yft_tpd_gesture;zram;zsmalloc,366,367,0,1,1,0,1,1,1,1,0xc2c193d2,0xc2c193d2,MATCH
__sw_hweight16,0x57674fd7,KERNEL_OR_BUILTIN,,0,cfg80211;mac80211,2,2,0,1,0,0,0,0,1,1,0x57674fd7,0x57674fd7,MATCH
__sw_hweight32,0x74c134b9,KERNEL_OR_BUILTIN,,0,cfg80211;drm_display_helper;imgsensor;mac80211;mali_kbase_mt6878_r44;mtk_cam_isp7sp;mtk_lpm_dbg_common_v2;xhci_mtk_hcd_v2,8,8,0,1,0,0,1,1,1,1,0x74c134b9,0x74c134b9,MATCH
__sw_hweight64,0x9f46ced8,KERNEL_OR_BUILTIN,,0,mac80211;mali_kbase_mt6878_r44,2,2,0,1,0,0,1,1,1,1,0x9f46ced8,0x9f46ced8,MATCH
__sw_hweight8,0xdc3fcbc9,KERNEL_OR_BUILTIN,,0,cfg80211;drm_display_helper;mac80211,3,3,0,1,0,0,0,0,1,1,0xdc3fcbc9,0xdc3fcbc9,MATCH
__task_pid_nr_ns,0x29757059,KERNEL_OR_BUILTIN,,0,bootprof;monitor_hang,2,2,0,1,0,0,1,1,1,1,0x29757059,0x29757059,MATCH
__task_rq_lock,0xd3cf4618,KERNEL_OR_BUILTIN,,0,scheduler;task_turbo,2,2,0,1,0,0,1,1,1,1,0xd3cf4618,0xd3cf4618,MATCH
__tasklet_hi_schedule,0x3e3bad0a,KERNEL_OR_BUILTIN,,0,ccci_dpmaif;wlan_drv_gen4m_6878,2,2,0,1,0,0,1,1,1,1,0x3e3bad0a,0x3e3bad0a,MATCH
__tasklet_schedule,0x9d2ab8ac,KERNEL_OR_BUILTIN,,0,aee_aed;cdc_ncm;hf_manager;mac80211;mac802154;r8152;rtl8150;scp;usbnet;vcp;wlan_drv_gen4m_6878,11,11,0,1,0,0,1,1,1,1,0x9d2ab8ac,0x9d2ab8ac,MATCH
__trace_bprintk,0xa20d01ba,KERNEL_OR_BUILTIN,,0,snd_soc_tfa98xx,1,1,0,1,0,0,1,1,1,1,0xa20d01ba,0xa20d01ba,MATCH
__trace_puts,0x2d41e6f5,KERNEL_OR_BUILTIN,,0,mediatek_drm;met;mtk_aie;mtk_cmdq_drv_ext;mtk_mml;mtk_vcodec_common,6,6,0,1,0,0,1,1,1,1,0x2d41e6f5,0x2d41e6f5,MATCH
__trace_trigger_soft_disabled,0x942c940f,KERNEL_OR_BUILTIN,,0,aee_aed;apu_top;apusys;blocktag;bt_drv_6878;cfg80211;cpufreq_sugov_ext;cpuqos_v3;ged;ieee802154;imgsensor;l2tp_core;lpm_gov_MHSP;mac80211;mac802154;mali_kbase_mt6878_r44;mediatek_drm;mmqos_common;mtk_c2ps;mtk_cam_isp7sp;mtk_cg_peak_power_throttling;mtk_cm_mgr_mt6878;mtk_core_ctl;mtk_cpu_power_throttling;mtk_dvfsrc;mtk_fpsgo;mtk_gpu_power_throttling;mtk_gpufreq_wrapper;mtk_icc_core;mtk_imgsys_cmdq;mtk_imgsys_v4l2;mtk_low_battery_throttling;mtk_lpm;mtk_mbox;mtk_mmdvfs_ftrace;mtk_mml;mtk_peak_power_budget;mtk_perf_common;mtk_swpm_dbg_v6878;mtk_vmm_isp71_regulator;mtu3;powerhal_cpu_ctrl;scheduler;snd_soc_audiodsp_common;task_turbo;thermal_trace;timer_mediatek;tipc;touch_boost;trace_mmstat;ufs_mediatek_mod;uload_ind;usb_logger;xhci_mtk_hcd_v2,54,54,0,1,0,0,0,0,1,1,0x942c940f,0x942c940f,MATCH
__traceiter_cpu_frequency,0xead3e41b,KERNEL_OR_BUILTIN,,0,met,1,1,0,1,0,0,1,1,1,1,0xead3e41b,0xead3e41b,MATCH
__traceiter_gpu_mem_total,0x448af6f4,KERNEL_OR_BUILTIN,,0,mali_kbase_mt6878_r44,1,1,0,1,0,0,1,1,1,1,0x448af6f4,0x448af6f4,MATCH
__tracepoint_android_rvh_after_dequeue_task,0x9ad4f5ba,KERNEL_OR_BUILTIN,,0,scheduler,1,1,0,1,0,0,0,0,1,1,0x9ad4f5ba,0x9ad4f5ba,MATCH
__tracepoint_android_rvh_after_enqueue_task,0x36d08831,KERNEL_OR_BUILTIN,,0,scheduler,1,1,0,1,0,0,1,1,1,1,0x36d08831,0x36d08831,MATCH
__tracepoint_android_rvh_audio_usb_offload_disconnect,0xb46edc7c,KERNEL_OR_BUILTIN,,0,usb_offload,1,1,0,1,0,0,1,1,1,1,0xb46edc7c,0xb46edc7c,MATCH
__tracepoint_android_rvh_can_migrate_task,0x89ef9455,KERNEL_OR_BUILTIN,,0,scheduler,1,1,0,1,0,0,1,1,1,1,0x89ef9455,0x89ef9455,MATCH
__tracepoint_android_rvh_check_preempt_wakeup,0x7e34ad6c,KERNEL_OR_BUILTIN,,0,scheduler,1,1,0,1,0,0,0,0,1,1,0x7e34ad6c,0x7e34ad6c,MATCH
__tracepoint_android_rvh_cpu_cgroup_attach,0xe5107ad0,KERNEL_OR_BUILTIN,,0,scheduler,1,1,0,1,0,0,0,0,1,1,0xe5107ad0,0xe5107ad0,MATCH
__tracepoint_android_rvh_cpu_cgroup_online,0x3f3039c2,KERNEL_OR_BUILTIN,,0,scheduler,1,1,0,1,0,0,0,0,1,1,0x3f3039c2,0x3f3039c2,MATCH
__tracepoint_android_rvh_cpu_overutilized,0x29b33046,KERNEL_OR_BUILTIN,,0,scheduler,1,1,0,1,0,0,1,1,1,1,0x29b33046,0x29b33046,MATCH
__tracepoint_android_rvh_cpufreq_transition,0xda623954,KERNEL_OR_BUILTIN,,0,mtk_fpsgo,1,1,0,1,0,0,0,0,1,1,0xda623954,0xda623954,MATCH
__tracepoint_android_rvh_dequeue_task,0xf992211e,KERNEL_OR_BUILTIN,,0,scheduler,1,1,0,1,0,0,1,1,1,1,0xf992211e,0xf992211e,MATCH
__tracepoint_android_rvh_dequeue_task_fair,0x34684643,KERNEL_OR_BUILTIN,,0,mtk_core_ctl,1,1,0,1,0,0,1,1,1,1,0x34684643,0x34684643,MATCH
__tracepoint_android_rvh_enqueue_task,0x55965c95,KERNEL_OR_BUILTIN,,0,scheduler,1,1,0,1,0,0,1,1,1,1,0x55965c95,0x55965c95,MATCH
__tracepoint_android_rvh_enqueue_task_fair,0x6eb0e4b8,KERNEL_OR_BUILTIN,,0,mtk_core_ctl,1,1,0,1,0,0,1,1,1,1,0x6eb0e4b8,0x6eb0e4b8,MATCH
__tracepoint_android_rvh_find_busiest_group,0x49269776,KERNEL_OR_BUILTIN,,0,scheduler,1,1,0,1,0,0,1,1,1,1,0x49269776,0x49269776,MATCH
__tracepoint_android_rvh_find_busiest_queue,0x7681ac90,KERNEL_OR_BUILTIN,,0,scheduler,1,1,0,1,0,0,1,1,1,1,0x7681ac90,0x7681ac90,MATCH
__tracepoint_android_rvh_find_energy_efficient_cpu,0xc762e5b3,KERNEL_OR_BUILTIN,,0,scheduler,1,1,0,1,0,0,1,1,1,1,0xc762e5b3,0xc762e5b3,MATCH
__tracepoint_android_rvh_find_lowest_rq,0xd1276946,KERNEL_OR_BUILTIN,,0,scheduler,1,1,0,1,0,0,1,1,1,1,0xd1276946,0xd1276946,MATCH
__tracepoint_android_rvh_find_new_ilb,0xad8a8a9b,KERNEL_OR_BUILTIN,,0,scheduler,1,1,0,1,0,0,1,1,1,1,0xad8a8a9b,0xad8a8a9b,MATCH
__tracepoint_android_rvh_finish_prio_fork,0x33e0a813,KERNEL_OR_BUILTIN,,0,task_turbo,1,1,0,1,0,0,1,1,1,1,0x33e0a813,0x33e0a813,MATCH
__tracepoint_android_rvh_flush_task,0x97640e4f,KERNEL_OR_BUILTIN,,0,scheduler,1,1,0,1,0,0,0,0,1,1,0x97640e4f,0x97640e4f,MATCH
__tracepoint_android_rvh_get_nohz_timer_target,0x11bfb9a4,KERNEL_OR_BUILTIN,,0,scheduler,1,1,0,1,0,0,1,1,1,1,0x11bfb9a4,0x11bfb9a4,MATCH
__tracepoint_android_rvh_iommu_limit_align_shift,0xe72e34ff,KERNEL_OR_BUILTIN,,0,iommu_debug,1,1,0,0,0,0,0,0,0,0,0xe72e34ff,0xe72e34ff,MATCH
__tracepoint_android_rvh_is_cpu_allowed,0xfe153f7a,KERNEL_OR_BUILTIN,,0,scheduler,1,1,0,1,0,0,1,1,1,1,0xfe153f7a,0xfe153f7a,MATCH
__tracepoint_android_rvh_new_task_stats,0x798d7748,KERNEL_OR_BUILTIN,,0,scheduler,1,1,0,1,0,0,1,1,1,1,0x798d7748,0x798d7748,MATCH
__tracepoint_android_rvh_post_init_entity_util_avg,0xa967c441,KERNEL_OR_BUILTIN,,0,scheduler,1,1,0,1,0,0,0,0,1,1,0xa967c441,0xa967c441,MATCH
__tracepoint_android_rvh_prepare_prio_fork,0xadd0283e,KERNEL_OR_BUILTIN,,0,task_turbo,1,1,0,1,0,0,1,1,1,1,0xadd0283e,0xadd0283e,MATCH
__tracepoint_android_rvh_replace_next_task_fair,0xa95004c7,KERNEL_OR_BUILTIN,,0,scheduler,1,1,0,1,0,0,0,0,1,1,0xa95004c7,0xa95004c7,MATCH
__tracepoint_android_rvh_rtmutex_prepare_setprio,0x7740c625,KERNEL_OR_BUILTIN,,0,task_turbo,1,1,0,1,0,0,1,1,1,1,0x7740c625,0x7740c625,MATCH
__tracepoint_android_rvh_rto_next_cpu,0x81a1754b,KERNEL_OR_BUILTIN,,0,scheduler,1,1,0,1,0,0,1,1,1,1,0x81a1754b,0x81a1754b,MATCH
__tracepoint_android_rvh_sched_cpu_starting,0xdd953146,KERNEL_OR_BUILTIN,,0,scheduler,1,1,0,1,0,0,0,0,1,1,0xdd953146,0xdd953146,MATCH
__tracepoint_android_rvh_sched_fork_init,0x2071a467,KERNEL_OR_BUILTIN,,0,scheduler,1,1,0,1,0,0,0,0,1,1,0x2071a467,0x2071a467,MATCH
__tracepoint_android_rvh_sched_newidle_balance,0xbadefe48,KERNEL_OR_BUILTIN,,0,scheduler,1,1,0,1,0,0,1,1,1,1,0xbadefe48,0xbadefe48,MATCH
__tracepoint_android_rvh_schedule,0xb6bce8f8,KERNEL_OR_BUILTIN,,0,scheduler,1,1,0,1,0,0,0,0,1,1,0xb6bce8f8,0xb6bce8f8,MATCH
__tracepoint_android_rvh_select_task_rq_fair,0x4bfae7d4,KERNEL_OR_BUILTIN,,0,task_turbo,1,1,0,1,0,0,1,1,1,1,0x4bfae7d4,0x4bfae7d4,MATCH
__tracepoint_android_rvh_select_task_rq_rt,0xa1f10509,KERNEL_OR_BUILTIN,,0,scheduler,1,1,0,1,0,0,1,1,1,1,0xa1f10509,0xa1f10509,MATCH
__tracepoint_android_rvh_set_cpus_allowed_by_task,0xb9f0b1bc,KERNEL_OR_BUILTIN,,0,scheduler,1,1,0,1,0,0,1,1,1,1,0xb9f0b1bc,0xb9f0b1bc,MATCH
__tracepoint_android_rvh_set_task_cpu,0x0b7e6c73,KERNEL_OR_BUILTIN,,0,scheduler,1,1,0,1,0,0,0,0,1,1,0x0b7e6c73,0x0b7e6c73,MATCH
__tracepoint_android_rvh_set_user_nice,0x4529c9f1,KERNEL_OR_BUILTIN,,0,task_turbo,1,1,0,1,0,0,1,1,1,1,0x4529c9f1,0x4529c9f1,MATCH
__tracepoint_android_rvh_setscheduler,0xfa177030,KERNEL_OR_BUILTIN,,0,task_turbo,1,1,0,1,0,0,1,1,1,1,0xfa177030,0xfa177030,MATCH
__tracepoint_android_rvh_tick_entry,0x0bd72419,KERNEL_OR_BUILTIN,,0,scheduler,1,1,0,1,0,0,1,1,1,1,0x0bd72419,0x0bd72419,MATCH
__tracepoint_android_rvh_try_to_wake_up,0x82233cc0,KERNEL_OR_BUILTIN,,0,scheduler,1,1,0,1,0,0,0,0,1,1,0x82233cc0,0x82233cc0,MATCH
__tracepoint_android_rvh_try_to_wake_up_success,0xbc0d0d45,KERNEL_OR_BUILTIN,,0,scheduler,1,1,0,1,0,0,0,0,1,1,0xbc0d0d45,0xbc0d0d45,MATCH
__tracepoint_android_rvh_update_cpu_capacity,0xef03083e,KERNEL_OR_BUILTIN,,0,scheduler,1,1,0,1,0,0,1,1,1,1,0xef03083e,0xef03083e,MATCH
__tracepoint_android_rvh_wake_up_new_task,0x6b60d8f1,KERNEL_OR_BUILTIN,,0,scheduler,1,1,0,1,0,0,0,0,1,1,0x6b60d8f1,0x6b60d8f1,MATCH
__tracepoint_android_vh_alter_futex_plist_add,0xed380509,KERNEL_OR_BUILTIN,,0,task_turbo,1,1,0,1,0,0,1,1,1,1,0xed380509,0xed380509,MATCH
__tracepoint_android_vh_alter_rwsem_list_add,0xb65a03d5,KERNEL_OR_BUILTIN,,0,task_turbo,1,1,0,1,0,0,1,1,1,1,0xb65a03d5,0xb65a03d5,MATCH
__tracepoint_android_vh_arch_set_freq_scale,0x7600dd62,KERNEL_OR_BUILTIN,,0,cpufreq_sugov_ext,1,1,0,1,0,0,1,1,1,1,0x7600dd62,0x7600dd62,MATCH
__tracepoint_android_vh_audio_usb_offload_connect,0x33a52dcb,KERNEL_OR_BUILTIN,,0,usb_offload;xhci_mtk_hcd_v2,2,2,0,1,0,0,0,0,1,1,0x33a52dcb,0x33a52dcb,MATCH
__tracepoint_android_vh_binder_restore_priority,0xbf6d3788,KERNEL_OR_BUILTIN,,0,task_turbo,1,1,0,1,0,0,1,1,1,1,0xbf6d3788,0xbf6d3788,MATCH
__tracepoint_android_vh_binder_set_priority,0x03b21b81,KERNEL_OR_BUILTIN,,0,task_turbo,1,1,0,1,0,0,1,1,1,1,0x03b21b81,0x03b21b81,MATCH
__tracepoint_android_vh_binder_trans,0x2bda2355,KERNEL_OR_BUILTIN,,0,mtk_mbraink,1,1,0,1,0,0,0,0,1,1,0x2bda2355,0x2bda2355,MATCH
__tracepoint_android_vh_binder_transaction_init,0x2e7c8a6c,KERNEL_OR_BUILTIN,,0,task_turbo,1,1,0,1,0,0,1,1,1,1,0x2e7c8a6c,0x2e7c8a6c,MATCH
__tracepoint_android_vh_cgroup_attach,0xde2789e0,KERNEL_OR_BUILTIN,,0,cpuqos_v3,1,1,0,1,0,0,1,1,1,1,0xde2789e0,0xde2789e0,MATCH
__tracepoint_android_vh_cgroup_set_task,0xe1f9a223,KERNEL_OR_BUILTIN,,0,task_turbo,1,1,0,1,0,0,1,1,1,1,0xe1f9a223,0xe1f9a223,MATCH
__tracepoint_android_vh_check_uninterrupt_tasks,0xcc643163,KERNEL_OR_BUILTIN,,0,scheduler,1,1,0,1,0,0,0,0,1,1,0xcc643163,0xcc643163,MATCH
__tracepoint_android_vh_cpu_idle_enter,0x656d334c,KERNEL_OR_BUILTIN,,0,lpm_gov_MHSP,1,1,0,1,0,0,0,0,1,1,0x656d334c,0x656d334c,MATCH
__tracepoint_android_vh_cpu_idle_exit,0x51b29892,KERNEL_OR_BUILTIN,,0,lpm_gov_MHSP,1,1,0,1,0,0,0,0,1,1,0x51b29892,0x51b29892,MATCH
__tracepoint_android_vh_cpufreq_fast_switch,0x6abcf30a,KERNEL_OR_BUILTIN,,0,cpufreq_sugov_ext,1,1,0,1,0,0,0,0,1,1,0x6abcf30a,0x6abcf30a,MATCH
__tracepoint_android_vh_dump_throttled_rt_tasks,0xd29bebac,KERNEL_OR_BUILTIN,,0,scheduler,1,1,0,1,0,0,0,0,1,1,0xd29bebac,0xd29bebac,MATCH
__tracepoint_android_vh_iommu_iovad_alloc_iova,0x7a1fcb87,KERNEL_OR_BUILTIN,,0,iommu_debug,1,1,0,1,0,0,1,1,1,1,0x7a1fcb87,0x7a1fcb87,MATCH
__tracepoint_android_vh_iommu_iovad_free_iova,0x6c2a9494,KERNEL_OR_BUILTIN,,0,iommu_debug,1,1,0,1,0,0,1,1,1,1,0x6c2a9494,0x6c2a9494,MATCH
__tracepoint_android_vh_is_fpsimd_save,0x961b247c,KERNEL_OR_BUILTIN,,0,cpuqos_v3,1,1,0,1,0,0,1,1,1,1,0x961b247c,0x961b247c,MATCH
__tracepoint_android_vh_rwsem_init,0x554a1937,KERNEL_OR_BUILTIN,,0,task_turbo,1,1,0,1,0,0,1,1,1,1,0x554a1937,0x554a1937,MATCH
__tracepoint_android_vh_rwsem_wake,0x41026d41,KERNEL_OR_BUILTIN,,0,task_turbo,1,1,0,1,0,0,1,1,1,1,0x41026d41,0x41026d41,MATCH
__tracepoint_android_vh_rwsem_write_finished,0xa15e744e,KERNEL_OR_BUILTIN,,0,task_turbo,1,1,0,1,0,0,1,1,1,1,0xa15e744e,0xa15e744e,MATCH
__tracepoint_android_vh_sched_pelt_multiplier,0x8363715e,KERNEL_OR_BUILTIN,,0,scheduler,1,1,0,1,0,0,1,1,1,1,0x8363715e,0x8363715e,MATCH
__tracepoint_android_vh_scheduler_tick,0xa3e74b24,KERNEL_OR_BUILTIN,,0,mtk_core_ctl;mtk_perf_common;scheduler,3,3,0,1,0,0,1,1,1,1,0xa3e74b24,0xa3e74b24,MATCH
__tracepoint_android_vh_set_wake_flags,0x6b9fe557,KERNEL_OR_BUILTIN,,0,scheduler,1,1,0,1,0,0,1,1,1,1,0x6b9fe557,0x6b9fe557,MATCH
__tracepoint_android_vh_setscheduler_uclamp,0x7ae79b81,KERNEL_OR_BUILTIN,,0,scheduler,1,1,0,1,0,0,0,0,1,1,0x7ae79b81,0x7ae79b81,MATCH
__tracepoint_android_vh_show_resume_epoch_val,0x8917c5f6,KERNEL_OR_BUILTIN,,0,met,1,1,0,1,0,0,1,1,1,1,0x8917c5f6,0x8917c5f6,MATCH
__tracepoint_android_vh_show_suspend_epoch_val,0xaf7f3246,KERNEL_OR_BUILTIN,,0,met,1,1,0,1,0,0,1,1,1,1,0xaf7f3246,0xaf7f3246,MATCH
__tracepoint_android_vh_syscall_prctl_finished,0xf2cf3f0f,KERNEL_OR_BUILTIN,,0,task_turbo,1,1,0,1,0,0,1,1,1,1,0xf2cf3f0f,0xf2cf3f0f,MATCH
__tracepoint_cpu_frequency,0xf9093f5b,KERNEL_OR_BUILTIN,,0,met,1,1,0,1,0,0,1,1,1,1,0xf9093f5b,0xf9093f5b,MATCH
__tracepoint_gpu_mem_total,0x16fa73fe,KERNEL_OR_BUILTIN,,0,mali_kbase_mt6878_r44,1,1,0,1,0,0,1,1,1,1,0x16fa73fe,0x16fa73fe,MATCH
__tracepoint_ipi_entry,0x3f573f55,KERNEL_OR_BUILTIN,,0,lpm_gov_MHSP,1,1,0,1,0,0,0,0,1,1,0x3f573f55,0x3f573f55,MATCH
__tracepoint_ipi_raise,0xe612228f,KERNEL_OR_BUILTIN,,0,lpm_gov_MHSP,1,1,0,1,0,0,0,0,1,1,0xe612228f,0xe612228f,MATCH
__tracepoint_mmap_lock_acquire_returned,0xbe118c52,KERNEL_OR_BUILTIN,,0,gzvm;hbt;monitor_hang;mtk_heap_debug,4,4,0,1,0,0,1,1,1,1,0xbe118c52,0xbe118c52,MATCH
__tracepoint_mmap_lock_released,0x5efdd68b,KERNEL_OR_BUILTIN,,0,gzvm;hbt;monitor_hang;mtk_heap_debug,4,4,0,1,0,0,1,1,1,1,0x5efdd68b,0x5efdd68b,MATCH
__tracepoint_mmap_lock_start_locking,0xbd628752,KERNEL_OR_BUILTIN,,0,gzvm;hbt;monitor_hang;mtk_heap_debug,4,4,0,1,0,0,1,1,1,1,0xbd628752,0xbd628752,MATCH
__tracepoint_pelt_rt_tp,0x90d937b4,KERNEL_OR_BUILTIN,,0,scheduler,1,1,0,1,0,0,0,0,1,1,0x90d937b4,0x90d937b4,MATCH
__tracepoint_pelt_se_tp,0x06055a23,KERNEL_OR_BUILTIN,,0,mtk_core_ctl;scheduler,2,2,0,1,0,0,1,1,1,1,0x06055a23,0x06055a23,MATCH
__tracepoint_sched_update_nr_running_tp,0x365b45d1,KERNEL_OR_BUILTIN,,0,mtk_core_ctl,1,1,0,1,0,0,1,1,1,1,0x365b45d1,0x365b45d1,MATCH
__tracepoint_task_newtask,0x6ba3f1e6,KERNEL_OR_BUILTIN,,0,cpuqos_v3;scheduler,2,2,0,1,0,0,1,1,1,1,0x6ba3f1e6,0x6ba3f1e6,MATCH
__tty_alloc_driver,0xd78427a9,KERNEL_OR_BUILTIN,,0,cdc_acm;rfcomm;usbserial,3,3,0,1,0,0,0,0,1,1,0xd78427a9,0xd78427a9,MATCH
__tty_insert_flip_char,0x2f90d388,KERNEL_OR_BUILTIN,,0,cdc_acm;ftdi_sio;usbserial,3,3,0,1,0,0,0,0,1,1,0x2f90d388,0x2f90d388,MATCH
__udelay,0x9e7d6bd0,KERNEL_OR_BUILTIN,,0,apu_top;apusys;ccci_md_all;conninfra;fmradio_drv_connac2x;gps_drv_dl_v051;imgsensor;mediatek_drm;mediatek_drm_panel_drv;wlan_drv_gen4m_6878,10,10,0,1,0,0,1,1,1,1,0x9e7d6bd0,0x9e7d6bd0,MATCH
__unregister_chrdev,0x6bc3fbc0,KERNEL_OR_BUILTIN,,0,hf_manager;ppp_generic;wwan,3,3,0,1,0,0,1,1,1,1,0x6bc3fbc0,0x6bc3fbc0,MATCH
__usecs_to_jiffies,0xf1969a8e,KERNEL_OR_BUILTIN,,0,apusys;mac80211,2,2,0,1,0,0,1,1,1,1,0xf1969a8e,0xf1969a8e,MATCH
__v4l2_ctrl_modify_range,0xb09c0033,KERNEL_OR_BUILTIN,,0,imgsensor,1,1,0,1,0,0,1,1,1,1,0xb09c0033,0xb09c0033,MATCH
__v4l2_ctrl_s_ctrl,0x20c468ae,KERNEL_OR_BUILTIN,,0,mtk_cam_isp7sp,1,1,0,1,0,0,1,1,1,1,0x20c468ae,0x20c468ae,MATCH
__v4l2_ctrl_s_ctrl_compound,0xe999d9fc,KERNEL_OR_BUILTIN,,0,mtk_cam_isp7sp,1,1,0,1,0,0,1,1,1,1,0xe999d9fc,0xe999d9fc,MATCH
__v4l2_device_register_subdev_nodes,0x906d9c8d,KERNEL_OR_BUILTIN,,0,camera_af_media;mtk_cam_isp7sp;mtk_composite;mtk_imgsys_v4l2,4,4,0,1,0,0,1,1,1,1,0x906d9c8d,0x906d9c8d,MATCH
__v4l2_find_nearest_size,0xe2822320,KERNEL_OR_BUILTIN,,0,imgsensor,1,1,0,1,0,0,1,1,1,1,0xe2822320,0xe2822320,MATCH
__video_register_device,0x0bdd7131,KERNEL_OR_BUILTIN,,0,camera_dpe_isp7sp;mtk_aie;mtk_cam_isp7sp;mtk_imgsys_v4l2;mtk_jpeg;mtk_vcodec_dec_v1;mtk_vcodec_enc_v1,7,7,0,1,0,0,1,1,1,1,0x0bdd7131,0x0bdd7131,MATCH
__wake_up,0xe2964344,KERNEL_OR_BUILTIN,,0,adsp;aee_aed;apusys;atf_logger;audio_ipi;blocktag;bluetooth;bt_drv_6878;camera_dpe_isp7sp;ccci_dpmaif;ccci_md_all;ccci_util_lib;ccd_rpmsg;cdc_acm;cfg80211;conninfra;connscp;cqhci;drm_display_helper;fingerprint;fmradio_drv_connac2x;focaltech_touch_spi_ft3680;ftdi_sio;gps_drv_dl_v051;gps_pwr;gps_scp;gz_ipc_mod;gz_log_mod;hci_uart;hf_manager;hidp;ieee802154;kfifo_buf;mali_kbase_mt6878_r44;mcupm;mddp;mdp_drv_mt6878;mediatek_drm;microarray_fp_tee;mmqos_common;monitor_hang;mt6375_battery;mtk_aie;mtk_bp_thl;mtk_btcvsd;mtk_c2ps;mtk_cam_isp7sp;mtk_ccuv;mtk_charger_framework;mtk_chg_type_det;mtk_cmdq_drv_ext;mtk_dpc;mtk_dynamic_loading_throttling;mtk_fpsgo;mtk_hcp;mtk_imgsys_v4l2;mtk_low_battery_throttling;mtk_mml;mtk_pep50;mtk_soc_offload_common;mtk_vcodec_common;mtk_vcodec_dec_v1;mtk_vcodec_enc_v1;mtk_vcu;mtk_vow;pda_drv_mt6878;powerhal_cpu_ctrl;ppp_generic;rfcomm;rfkill;scp;slcan;snd_soc_audiodsp_common;sspm_v3;st21nfc;system_heap;tcpc_class;tkcore;tkcore_drv;touch_boost;ufs_mediatek_mod;usb_offload;usbnet;usbserial;wlan_drv_gen4m_6878;wmt_chrdev_wifi_connac2;wwan;yft_tpd_gesture,88,89,0,1,0,0,1,1,1,1,0xe2964344,0xe2964344,MATCH
__wake_up_locked,0x2773c485,KERNEL_OR_BUILTIN,,0,ccci_md_all;mddp,2,2,0,1,0,0,1,1,1,1,0x2773c485,0x2773c485,MATCH
__wake_up_sync_key,0xba220db7,KERNEL_OR_BUILTIN,,0,tipc,1,1,0,1,0,0,0,0,1,1,0xba220db7,0xba220db7,MATCH
__warn_printk,0x56470118,KERNEL_OR_BUILTIN,,0,6lowpan;8021q;apu_top;apusys;audio_ipi;bluetooth;bt_drv_6878;can_dev;can_gw;ccci_dpmaif;ccci_util_lib;ccd_rpmsg;cfg80211;cmdq_sec_drv;connfem;cqhci;device_apc_common;drm_display_helper;fmradio_drv_connac2x;ged;gz_ipc_mod;gz_trusty_mod;i2c_mt65xx;ieee802154;ieee802154_6lowpan;imgsensor;l2tp_core;mac80211;mac802154;mali_dmabuf_test_mt6878_r44;mali_kbase_mt6878_r44;mali_prot_alloc_mt6878_r44;mtk_aie;mtk_c2ps;mtk_cam_isp7sp;mtk_fpsgo;mtk_hcp;mtk_icc_core;mtk_imgsys_v4l2;mtk_mbraink;mtk_sec_heap;mtk_vcodec_dec_v1;nfc;pd_dbg_info;powerhal_cpu_ctrl;ppp_mppe;rfkill;scheduler;slhc;spi_mt65xx;system_heap;tcpc_class;tipc;usbserial;vcan;wlan_drv_gen4m_6878;xhci_mtk_hcd_v2,57,58,0,1,1,0,1,1,1,1,0x56470118,0x56470118,MATCH
__write_overflow_field,0x3402dc8b,KERNEL_OR_BUILTIN,,0,wlan_drv_gen4m_6878,1,1,0,1,0,0,0,0,1,1,0x3402dc8b,0x3402dc8b,MATCH
_copy_from_iter,0xdf9dadfe,KERNEL_OR_BUILTIN,,0,bluetooth;bt_drv_6878;can_bcm;can_raw;gz_ipc_mod;ieee802154_socket;l2tp_ppp;nfc;rfcomm;tipc,10,11,0,1,0,0,1,1,1,1,0xdf9dadfe,0xdf9dadfe,MATCH
_copy_to_iter,0x7136f73c,KERNEL_OR_BUILTIN,,0,can_bcm;can_raw;gz_ipc_mod,3,3,0,1,0,0,1,1,1,1,0x7136f73c,0x7136f73c,MATCH
_ctype,0x11089ac7,KERNEL_OR_BUILTIN,,0,cfg80211;fmradio_drv_connac2x;mali_kbase_mt6878_r44;mt6375_battery;mtk_mbraink;snd_soc_tfa98xx;wlan_drv_gen4m_6878,7,7,0,1,0,0,1,1,1,1,0x11089ac7,0x11089ac7,MATCH
_dev_err,0xf27ed00b,KERNEL_OR_BUILTIN,,0,8250_mtk;arm_dsu_pmu;board_temp;bus_parity;cache_parity;cdc_acm;cdc_ncm;cfg80211;clk_bringup;clk_common;clk_mt6878;clk_mt6878_adsp;clk_mt6878_bus;clk_mt6878_cam;clk_mt6878_ccu;clk_mt6878_img;clk_mt6878_mdpsys;clk_mt6878_mmsys;clk_mt6878_peri;clk_mt6878_vcodec;clk_mt6878_vlp;cqhci;custom_ldo_wl2868;drm_display_helper;emi;emi_mpu;extcon_mtk_usb;ffa_v10;fingerprint;ftdi_sio;gzvm;hci_uart;hynitron;i2c_mt65xx;imgsensor;last_bus;leds_rgb_aw2013;mali_dmabuf_test_mt6878_r44;mali_kbase_mt6878_r44;mali_mgm_mt6878_r44;mali_prot_alloc_mt6878_r44;md_cooling_all;mediatek_drm;mediatek_drm_gateic;mediatek_drm_panel_drv;mt6315_regulator;mt6363_regulator;mt6369_regulator;mt6375;mt6375_adc;mt6375_battery;mt6375_charger;mtk_battery_oc_throttling;mtk_btcvsd;mtk_cam_isp7sp;mtk_ccuv;mtk_dvfsrc;mtk_dvfsrc_devfreq;mtk_dvfsrc_regulator;mtk_emi;mtk_icc_core;mtk_iommu;mtk_irtx_pwm;mtk_jpeg;mtk_mbox_mailbox;mtk_mmc;mtk_mml;mtk_pmic_keys;mtk_pmic_wrap;mtk_pwm;mtk_scp_ultra;mtk_scpsys;mtk_scpsys_bringup;mtk_scpsys_mt6878;mtk_smi;mtk_sp_spk_amp;mtk_spmi_pmic;mtk_spmi_pmic_adc;mtk_uart_apdma;mtk_usb_f_rndis;mtk_wdt;mtu3;nvmem_mt635x_efuse;panel_ky_vtdr6115_dphy_cmd;phy_mtk_xsphy;pinctrl_mtk_v2;pwm_mtk_disp;r8152;reboot_mode;reset_ti_syscon;rt5133_regulator;rt6160_regulator;rtc_mt6685;rtl8150;sc851x_charger;sc8571_charger;sec_rng;smpu;snd_soc_audiodsp_common;snd_soc_mt6369;snd_soc_mtk_common;snd_soc_tfa98xx;soc_temp_lvts;spi_mt65xx;spi_tiny_co5300_lcd;spmi_mtk_pmif;syscon_reboot_mode;tcpc_class;tcpc_mt6375;thermal_generic_adc;thermal_interface;ufs_mediatek_mod;usbserial;vtskin_temp;wifi_cooling;xhci_mtk_hcd_v2;yft_gpio_keys,117,117,0,1,0,0,1,1,1,1,0xf27ed00b,0xf27ed00b,MATCH
_dev_info,0xef3cb484,KERNEL_OR_BUILTIN,,0,8250_mtk;apu_top;apusys;backlight_cooling;board_temp;bus_parity;cache_parity;camera_dpe_isp7sp;ccd_rpmsg;cdc_acm;cdc_ether;cdc_ncm;charger_cooling;custom_ldo_wl2868;dbg_error_flag;dbgtop_drm;emi;emi_fake_eng;emi_mpu;extcon_mtk_usb;extdev_io_class;ftdi_sio;gz_ipc_mod;gz_irq_mod;gz_log_mod;gz_main_mod;gz_trusty_mod;gz_virtio_mod;hci_uart;i2c_mt65xx;imgsensor;last_bus;leds_rgb_aw2013;mac80211;mali_dmabuf_test_mt6878_r44;mali_kbase_mt6878_r44;mali_mgm_mt6878_r44;mali_prot_alloc_mt6878_r44;md_cooling_all;mediatek_cpufreq_hw;mediatek_drm;mt6338_core;mt6369_accdet;mt6375;mt6375_auxadc;mt6375_battery;mt6375_charger;mt6685_audclk;mt6878_mt6369;mtk_aie;mtk_aie_debug_7sp_2;mtk_battery_oc_throttling;mtk_bp_thl;mtk_btcvsd;mtk_cam_isp7sp;mtk_ccd_remoteproc;mtk_ccuv;mtk_chg_type_det;mtk_cm_mgr_mt6878;mtk_dvfsrc;mtk_dvfsrc_helper;mtk_dvfsrc_start;mtk_fpsgo;mtk_hcp;mtk_imgsys_cmdq;mtk_imgsys_isp7sp;mtk_imgsys_v4l2;mtk_iommu;mtk_ipesys_me;mtk_jpeg;mtk_low_battery_throttling;mtk_mbox_mailbox;mtk_mmc;mtk_mminfra_debug;mtk_mml;mtk_pd_adapter;mtk_pep50;mtk_pmic_keys;mtk_pmic_oc_debug;mtk_scp_ultra;mtk_sec_heap;mtk_smi;mtk_smi_dbg;mtk_soc_offload_common;mtk_sp_spk_amp;mtk_spmi_pmic;mtk_spmi_pmic_adc;mtk_u_ether;mtk_uart_apdma;mtk_usb_f_rndis;mtk_vcodec_dec_v1;mtk_vcodec_enc_v1;mtk_vcu;mtk_wdt;mtu3;mux_switch;panel_ky_vtdr6115_dphy_cmd;phy_mtk_ufs;phy_mtk_xsphy;pinctrl_mtk_v2;pmic_lbat_service;pmic_temp;r8152;rt5133_regulator;rt_pd_manager;rtc_mt6685;rtl8150;sc851x_charger;sc8571_charger;smpu;snd_soc_audiodsp_common;snd_soc_mt6369;snd_soc_mt6878_afe;snd_soc_mtk_common;snd_soc_mtk_scp_ultra;snd_soc_tfa98xx;soc_temp_lvts;spi_mt65xx;spmi_mtk_mpu;spmi_mtk_pmif;tcpc_class;tcpc_mt6375;thermal_interface;ufs_mediatek_dbg;ufs_mediatek_mod;usb_logger;usbserial;vcp;wifi_cooling;xhci_mtk_hcd_v2;yft_tiny2c_usb,131,131,0,1,0,0,1,1,1,1,0xef3cb484,0xef3cb484,MATCH
_dev_notice,0x7436d39e,KERNEL_OR_BUILTIN,,0,apu_top;apusys;backlight_cooling;bus_parity;cache_parity;leds_mtk_disp;mali_kbase_mt6878_r44;mmqos_common;mt6315_regulator;mt6363_regulator;mt6369_accdet;mt6369_regulator;mt6375_battery;mt6375_charger;mtk_battery_oc_throttling;mtk_bp_thl;mtk_ccuv;mtk_chg_type_det;mtk_cmdq_drv_ext;mtk_dynamic_loading_throttling;mtk_low_battery_throttling;mtk_mbox_mailbox;mtk_mdpm;mtk_mmdvfs;mtk_mminfra_debug;mtk_mminfra_imax;mtk_mml;mtk_pbm;mtk_pd_adapter;mtk_peak_power_budget;mtk_pmic_oc_debug;mtk_scpsys;mtk_smi;mtk_smi_dbg;mtk_spmi_pmic_adc;pinctrl_mtk_v2;pmic_lbat_service;pmic_lvsys_notify;rpmb;rt6160_regulator;rt_pd_manager;rtc_mt6685;scp;spi_mt65xx;spmi_mtk_pmif;tcpc_class;tcpc_mt6375;thermal_generic_adc;thermal_interface;ufs_mediatek_mod;vtskin_temp,51,51,0,1,0,0,1,1,1,1,0x7436d39e,0x7436d39e,MATCH
_dev_printk,0x7d4d96b8,KERNEL_OR_BUILTIN,,0,drm_display_helper;mac80211;snd_soc_tfa98xx,3,3,0,1,0,0,1,1,1,1,0x7d4d96b8,0x7d4d96b8,MATCH
_dev_warn,0x0f55bd9b,KERNEL_OR_BUILTIN,,0,8250_mtk;arm_dsu_pmu;cdc_acm;cdc_ncm;drm_display_helper;ftdi_sio;hci_uart;imgsensor;mac80211;mac802154;mali_kbase_mt6878_r44;mali_mgm_mt6878_r44;mali_prot_alloc_mt6878_r44;mediatek_drm;mt6375_charger;mtk_btcvsd;mtk_ccuv;mtk_dvfsrc;mtk_imgsys_v4l2;mtk_iommu;mtu3;pinctrl_mtk_v2;r8152;rtl8150;snd_soc_audiodsp_common;snd_soc_mt6369;snd_soc_mtk_common;snd_soc_mtk_scp_ultra;tkcore;ufs_mediatek_mod;usbserial;xhci_mtk_hcd_v2;yft_gpio_keys,33,33,0,1,0,0,1,1,1,1,0x0f55bd9b,0x0f55bd9b,MATCH
_find_first_and_bit,0xb6cb556a,KERNEL_OR_BUILTIN,,0,scheduler,1,1,0,1,0,0,0,0,1,1,0xb6cb556a,0xb6cb556a,MATCH
_find_first_bit,0x8810754a,KERNEL_OR_BUILTIN,,0,aee_hangdet;arm_dsu_pmu;cpufreq_sugov_ext;ftdi_sio;gz_tz_system;gz_virtio_mod;mac80211;mali_kbase_mt6878_r44;mediatek_drm;mtk_c2ps;mtk_cm_mgr;mtk_core_ctl;mtk_fpsgo;mtk_pbm;mtk_perf_common;rtc_mt6685;scheduler;sensorhub;task_turbo,19,19,0,1,0,0,1,1,1,1,0x8810754a,0x8810754a,MATCH
_find_first_zero_bit,0x7b37d4a7,KERNEL_OR_BUILTIN,,0,apusys;arm_dsu_pmu;mali_kbase_mt6878_r44;wwan,4,4,0,1,0,0,1,1,1,1,0x7b37d4a7,0x7b37d4a7,MATCH
_find_last_bit,0x9ae47436,KERNEL_OR_BUILTIN,,0,ccci_dpmaif;cpufreq_sugov_ext;mediatek_drm;mtk_cm_mgr;mtk_fpsgo;mtk_mbraink;mtk_perf_common;powerhal_cpu_ctrl;scheduler;touch_boost,10,10,0,1,0,0,0,0,1,1,0x9ae47436,0x9ae47436,MATCH
_find_next_and_bit,0xafaa6031,KERNEL_OR_BUILTIN,,0,rps_perf;scheduler;wlan_drv_gen4m_6878,3,3,0,1,0,0,0,0,1,1,0xafaa6031,0xafaa6031,MATCH
_find_next_bit,0x53a1e8d9,KERNEL_OR_BUILTIN,,0,8021q;aee_hangdet;apusys;arm_dsu_pmu;blocktag;ccci_dpmaif;cpufreq_sugov_ext;cqhci;gz_ipc_mod;gz_irq_mod;gz_trusty_mod;gz_virtio_mod;load_track;lpm_gov_MHSP;mac80211;mali_kbase_mt6878_r44;mediatek_cpufreq_hw;mediatek_drm;met;mt6375_adc;mtk_cg_peak_power_throttling;mtk_cm_mgr;mtk_core_ctl;mtk_cpu_power_throttling;mtk_fpsgo;mtk_lpm;mtk_lpm_dbg_common_v2;mtk_lpm_plat_v1;mtk_mbraink;mtk_pbm;mtk_perf_common;mtk_perf_ioctl_magt;powerhal_cpu_ctrl;ppp_generic;pptp;scheduler;task_turbo;thermal_interface;thermal_trace;tipc;tkcore;tkcore_drv;touch_boost;trace_mmstat;usb_boost;usbnet;wlan_drv_gen4m_6878;zram,48,48,0,1,1,0,1,1,1,1,0x53a1e8d9,0x53a1e8d9,MATCH
_find_next_zero_bit,0xdf521442,KERNEL_OR_BUILTIN,,0,apusys;mali_kbase_mt6878_r44;pptp,3,3,0,1,1,0,0,0,1,1,0xdf521442,0xdf521442,MATCH
_printk,0x92997ed8,KERNEL_OR_BUILTIN,,0,8021q;8250_mtk;adapter_class;adsp;aee_aed;aee_hangdet;aee_rs;apu_top;apusys;arm_dsu_pmu;atf_logger;audio_ipi;aw36515;aw36518;aw36518_v2;aw883xx_driver;blocktag;bluetooth;bootprof;bsd_comp;bt_drv_6878;bus_parity;c2k_usb;cache_parity;camera_af_media;camera_dpe_isp7sp;camera_eeprom_v4l2;can;can_bcm;can_dev;can_gw;can_raw;ccci_auxadc;ccci_ccif;ccci_dpmaif;ccci_fsm_scp;ccci_md_all;ccci_util_lib;ccd_rpmsg;ccmni;cdc_acm;cfg80211;charger_class;charger_cooling;clk_bringup;clk_chk_mt6878;clk_common;clk_disable_unused;clk_fmeter_mt6878;clk_mt6878;clk_mt6878_adsp;clk_mt6878_bus;clk_mt6878_cam;clk_mt6878_ccu;clk_mt6878_img;clk_mt6878_mdpsys;clk_mt6878_mmsys;clk_mt6878_peri;clk_mt6878_vcodec;clk_mt6878_vlp;clkbuf;cmdq_helper_inf;cmdq_platform_mt6878;cmdq_sec_drv;cmdq_test;connadp;connfem;conninfra;connscp;cpudvfs;cpufreq_sugov_ext;cpuqos_v3;cqhci;custom_ldo_wl2868;dbg_error_flag;dbgtop_drm;device_apc_common;device_apc_mt6878;dw9781c;emi;emi_fake_eng;emi_mpu;extcon_mtk_usb;extdev_io_class;ffa_v10;fhctl;fingerprint;flashlight;fmradio_drv_connac2x;focaltech_touch_spi_ft3680;frs;ged;gps_drv_dl_v051;gps_pwr;gps_scp;gpueb;gz_ipc_mod;gz_irq_mod;gz_log_mod;gz_main_mod;gz_trusty_mod;gz_tz_system;gz_virtio_mod;gzvm;hf_manager;hynitron;ieee802154_6lowpan;ieee802154_socket;imgsensor;imgsensor_glue;iommu_debug;iommu_secure;irq_dbg;l2tp_core;l2tp_ppp;last_bus;leds_ln2403;leds_mtk;leds_mtk_disp;leds_rgb_aw2013;log_store;lpm_gov_MHSP;mac80211;mac802154;main2_vcm;main3_vcm;main4_vcm;main_vcm;mali_dmabuf_test_mt6878_r44;mali_kbase_mt6878_r44;mcupm;md_cooling_all;mddp;mdp_drv_mt6878;mediatek_cpufreq_hw;mediatek_drm;mediatek_drm_gateic;mediatek_drm_panel_drv;met;microarray_fp_tee;mmprofile;mmqos_common;monitor_hang;mrdump;mt6369_accdet;mt6375_battery;mt6375_charger;mt6685_core;mt6878_dcm;mt6878_mt6369;mtk_aie;mtk_aie_debug_7sp_2;mtk_battery_oc_throttling;mtk_bp_thl;mtk_btcvsd;mtk_c2ps;mtk_cam_isp7sp;mtk_ccd_remoteproc;mtk_ccuv;mtk_cg_peak_power_throttling;mtk_charger_algorithm_class;mtk_charger_framework;mtk_cm_ipi;mtk_cm_mgr;mtk_cm_mgr_mt6878;mtk_cmdq_drv_ext;mtk_composite;mtk_core_ctl;mtk_cpu_power_throttling;mtk_dcm;mtk_disp_notify;mtk_disp_sec;mtk_dpc;mtk_dramc;mtk_dvfsrc;mtk_dvfsrc_helper;mtk_dynamic_loading_throttling;mtk_fpsgo;mtk_gpu_power_throttling;mtk_gpu_qos;mtk_gpufreq_mt6878;mtk_gpufreq_wrapper;mtk_hcp;mtk_heap_debug;mtk_icc_core;mtk_imgsys_cmdq;mtk_imgsys_isp7sp;mtk_imgsys_v4l2;mtk_iommu;mtk_ipesys_me;mtk_irtx_pwm;mtk_jpeg;mtk_low_battery_throttling;mtk_lpm;mtk_lpm_dbg_common_v2;mtk_lpm_dbg_mt6878;mtk_lpm_plat_v1;mtk_mbox;mtk_mbox_mailbox;mtk_mbraink;mtk_md_power_throttling;mtk_mdpm;mtk_mmc;mtk_mmc_dbg;mtk_mmdvfs;mtk_mmdvfs_debug;mtk_mmdvfs_v3;mtk_mmdvfs_v3_start;mtk_mminfra_debug;mtk_mminfra_imax;mtk_mml;mtk_mml_mt6878;mtk_pbm;mtk_pd_charging;mtk_peak_power_budget;mtk_pep;mtk_pep40;mtk_pep50;mtk_perf_common;mtk_pmic_keys;mtk_pmic_oc_debug;mtk_printk_ctrl;mtk_pwm;mtk_qos;mtk_scp_audiocommon;mtk_scp_ultra;mtk_scpsys;mtk_scpsys_bringup;mtk_sec_heap;mtk_smi;mtk_smi_dbg;mtk_soc_offload_common;mtk_socinfo;mtk_ssc;mtk_ssc_dbg_v2;mtk_swpm;mtk_swpm_cpu_dbg_v6878;mtk_swpm_dbg_v6878;mtk_swpm_perf_arm_pmu;mtk_tinysys_ipi;mtk_u_ether;mtk_uart_apdma;mtk_usb_f_rndis;mtk_vcodec_common;mtk_vcodec_dec_v1;mtk_vcodec_enc_v1;mtk_vcu;mtk_vmm_isp71_regulator;mtk_vmm_notifier;mtk_vmm_spm;mtk_vow;mtk_wdt;mtk_wp;nfc;nvmem_mtk_devinfo;panel_ky_vtdr6115_dphy_cmd;pd_chk_mt6878;pd_dbg_info;pda_drv_mt6878;pidmap;pinctrl_mtk_common_v2_debug;pmic_lbat_service;pmic_temp;powerhal_cpu_ctrl;ppp_deflate;ppp_generic;ppp_mppe;pptp;pwm_mtk_disp;regulator_vibrator;rpmb;rpmb_mtk;rt4831a_drv;rtc_mt6685;sapu;sc851x_charger;sc8571_charger;scheduler;scp;sec;sec_rng;sensorhub;sh366003_fg;slcan;smpu;smpu_hook_v1;snd_soc_audiodsp_common;snd_soc_mt6369;snd_soc_mt6878_afe;snd_soc_mtk_common;snd_soc_mtk_scp_ultra;snd_soc_tfa98xx;soc_temp_lvts;spi_mt65xx;spi_tiny_co5300_lcd;spmi_mtk_pmif;sspm_v3;st21nfc;sub_vcm;system_heap;task_turbo;tcpc_class;tcpci_late_sync;teeperf;thermal_interface;thermal_trace;tinysys_scmi;tipc;tkcore;tkcore_drv;tmem_ffa;touch_boost;trace_mmstat;tui_common;uarthub_drv;ufs_mediatek_dbg;ufs_mediatek_mod;usb_boost;usb_meta;usb_offload;usbserial;vcan;vcp;widevine_driver;wlan_drv_gen4m_6878;wmt_chrdev_wifi_connac2;yft_devinfo;yft_gpio_keys;yft_tiny2c_usb;yft_tpd_gesture;zram;zsmalloc,332,333,0,1,1,0,1,1,1,1,0x92997ed8,0x92997ed8,MATCH
_printk_deferred,0x1e19eb6c,KERNEL_OR_BUILTIN,,0,mtk_core_ctl;scheduler;sensorhub;smpu,4,4,0,1,0,0,1,1,1,1,0x1e19eb6c,0x1e19eb6c,MATCH
_proc_mkdir,0x3c4b25ef,KERNEL_OR_BUILTIN,,0,8021q;can;can_bcm,3,3,0,1,0,0,0,0,1,1,0x3c4b25ef,0x3c4b25ef,MATCH
_raw_read_lock,0xfe8c61f0,KERNEL_OR_BUILTIN,,0,bluetooth;ieee802154_socket;mtk_cam_isp7sp;mtk_mbraink;nfc;rfcomm;scheduler;thermal_trace;zsmalloc,9,10,0,1,0,0,1,1,1,1,0xfe8c61f0,0xfe8c61f0,MATCH
_raw_read_lock_bh,0x8dee722d,KERNEL_OR_BUILTIN,,0,6lowpan;ged;ieee802154_6lowpan;mac802154;ppp_generic;tipc,6,6,0,1,0,0,1,1,1,1,0x8dee722d,0x8dee722d,MATCH
_raw_read_trylock,0x889b1370,KERNEL_OR_BUILTIN,,0,aee_hangdet,1,1,0,1,0,0,1,1,1,1,0x889b1370,0x889b1370,MATCH
_raw_read_unlock,0xdd4d55b6,KERNEL_OR_BUILTIN,,0,bluetooth;ieee802154_socket;mtk_cam_isp7sp;mtk_mbraink;nfc;rfcomm;scheduler;thermal_trace;zsmalloc,9,10,0,1,0,0,1,1,1,1,0xdd4d55b6,0xdd4d55b6,MATCH
_raw_read_unlock_bh,0xaeb082ad,KERNEL_OR_BUILTIN,,0,6lowpan;ged;ieee802154_6lowpan;mac802154;ppp_generic;tipc,6,6,0,1,0,0,1,1,1,1,0xaeb082ad,0xaeb082ad,MATCH
_raw_spin_lock,0xba8fbd64,KERNEL_OR_BUILTIN,,0,aee_aed;aee_hangdet;apu_top;apusys;bluetooth;bootprof;bt_drv_6878;bus_parity;c2k_usb;cache_parity;camera_dpe_isp7sp;can_bcm;can_raw;ccci_dpmaif;ccci_md_all;ccci_util_lib;ccd_rpmsg;ccmni;cdc_ncm;cfg80211;conninfra;cpufreq_sugov_ext;cqhci;dbg_error_flag;ged;gz_irq_mod;gz_main_mod;hbt;ieee802154_6lowpan;ieee802154_socket;imgsensor;iommu_debug;l2tp_core;mac80211;mali_kbase_mt6878_r44;mali_mgm_mt6878_r44;mali_prot_alloc_mt6878_r44;mddp;mediatek_drm;monitor_hang;mtk_cam_isp7sp;mtk_ccuv;mtk_core_ctl;mtk_dvfsrc;mtk_heap_debug;mtk_imgsys_v4l2;mtk_lpm;mtk_mbraink;mtk_mmc;mtk_sec_heap;mtk_soc_offload_common;mtk_u_ether;mtk_uart_apdma;mtk_usb_f_rndis;mtk_vcodec_common;mtk_vow;mtu3;nfc;pda_drv_mt6878;ppp_generic;pptp;r8152;scheduler;scp;sensorhub;slcan;snd_soc_mtk_common;system_heap;task_turbo;tipc;tkcore;tkcore_drv;trace_mmstat;ufs_mediatek_mod;usbnet;usbserial;wlan_drv_gen4m_6878;xhci_mtk_hcd_v2;zsmalloc,79,80,0,1,1,0,1,1,1,1,0xba8fbd64,0xba8fbd64,MATCH
_raw_spin_lock_bh,0x0c3690fc,KERNEL_OR_BUILTIN,,0,6lowpan;aee_hangdet;bluetooth;can;ccmni;cdc_ncm;cfg80211;fmradio_drv_connac2x;ieee802154_socket;l2tp_core;mac80211;mac802154;nfc;ppp_generic;r8152;slcan;tipc;wlan_drv_gen4m_6878,18,19,0,1,0,0,1,1,1,1,0x0c3690fc,0x0c3690fc,MATCH
_raw_spin_lock_irq,0x8427cc7b,KERNEL_OR_BUILTIN,,0,ccci_md_all;cdc_acm;cfg80211;ged;gzvm;mddp;mdp_drv_mt6878;mtk_core_ctl;mtk_sync;mtk_u_ether;mtk_uart_apdma;rtl8150;usbnet;xhci_mtk_hcd_v2,14,14,0,1,0,0,1,1,1,1,0x8427cc7b,0x8427cc7b,MATCH
_raw_spin_lock_irqsave,0x34db050b,KERNEL_OR_BUILTIN,,0,8250_mtk;adsp;aee_aed;apusys;arm_dsu_pmu;audio_ipi;blocktag;bluetooth;bt_drv_6878;c2k_usb;camera_dpe_isp7sp;can_dev;ccci_ccif;ccci_dpmaif;ccci_md_all;ccci_util_lib;ccmni;cdc_acm;cfg80211;clk_chk_mt6878;clk_common;clk_fmeter_mt6878;clkbuf;cmdq_sec_drv;connadp;conninfra;connscp;cpufreq_sugov_ext;cqhci;device_apc_common;emi;fhctl;focaltech_touch_spi_ft3680;ftdi_sio;ged;gps_drv_dl_v051;gpueb;gz_irq_mod;gz_trusty_mod;gzvm;hci_uart;hf_manager;i2c_mt65xx;ieee802154;iommu_debug;mac80211;mali_kbase_mt6878_r44;mcupm;mddp;mdp_drv_mt6878;mediatek_drm;mediatek_drm_panel_drv;met;mrdump;mt6375_battery;mtk_btcvsd;mtk_cam_isp7sp;mtk_charger_framework;mtk_cm_mgr_mt6878;mtk_cmdq_drv_ext;mtk_core_ctl;mtk_dpc;mtk_dvfsrc;mtk_fpsgo;mtk_gpufreq_wrapper;mtk_hcp;mtk_heap_debug;mtk_imgsys_v4l2;mtk_iommu;mtk_jpeg;mtk_lpm;mtk_lpm_dbg_common_v2;mtk_lpm_dbg_mt6878;mtk_mbox;mtk_mbraink;mtk_mmc;mtk_mmc_dbg;mtk_mmdvfs_debug;mtk_mml;mtk_peak_power_budget;mtk_perf_common;mtk_pwm;mtk_rpmsg_mbox;mtk_scpsys;mtk_smi;mtk_smi_dbg;mtk_soc_offload_common;mtk_ssc;mtk_swpm_dbg_v6878;mtk_sync;mtk_tinysys_ipi;mtk_u_ether;mtk_uart_apdma;mtk_usb_f_rndis;mtk_vcodec_common;mtk_vcodec_dec_v1;mtk_vcodec_enc_v1;mtk_vcu;mtk_vow;mtk_wdt;mtu3;pd_chk_mt6878;pinctrl_mtk_v2;r8152;rfcomm;rfkill;rtl8150;scheduler;scp;sensorhub;snd_soc_audiodsp_common;spmi_mtk_pmif;sspm_v3;st21nfc;system_heap;task_turbo;tcpc_class;tmem_ffa;touch_boost;trace_mmstat;ufs_mediatek_dbg;ufs_mediatek_mod;usb_meta;usbnet;usbserial;vcp;wlan_drv_gen4m_6878;wwan;xhci_mtk_hcd_v2;yft_gpio_keys,130,131,0,1,0,0,1,1,1,1,0x34db050b,0x34db050b,MATCH
_raw_spin_trylock,0xfef216eb,KERNEL_OR_BUILTIN,,0,aee_hangdet;cpufreq_sugov_ext;mediatek_drm;met;mtk_ccuv;scheduler,6,6,0,1,0,0,1,1,1,1,0xfef216eb,0xfef216eb,MATCH
_raw_spin_trylock_bh,0x8518a4a6,KERNEL_OR_BUILTIN,,0,tipc;wlan_drv_gen4m_6878,2,2,0,1,0,0,1,1,1,1,0x8518a4a6,0x8518a4a6,MATCH
_raw_spin_unlock,0xb5b54b34,KERNEL_OR_BUILTIN,,0,aee_aed;aee_hangdet;apu_top;apusys;bluetooth;bootprof;bt_drv_6878;bus_parity;c2k_usb;cache_parity;camera_dpe_isp7sp;can_bcm;can_raw;ccci_dpmaif;ccci_md_all;ccci_util_lib;ccd_rpmsg;ccmni;cdc_ncm;cfg80211;conninfra;cpufreq_sugov_ext;cqhci;dbg_error_flag;ged;gz_irq_mod;gz_main_mod;hbt;ieee802154_6lowpan;ieee802154_socket;imgsensor;iommu_debug;l2tp_core;mac80211;mali_kbase_mt6878_r44;mali_mgm_mt6878_r44;mali_prot_alloc_mt6878_r44;mddp;mediatek_drm;met;monitor_hang;mtk_cam_isp7sp;mtk_ccuv;mtk_core_ctl;mtk_dvfsrc;mtk_heap_debug;mtk_imgsys_v4l2;mtk_lpm;mtk_mbraink;mtk_mmc;mtk_sec_heap;mtk_soc_offload_common;mtk_u_ether;mtk_uart_apdma;mtk_usb_f_rndis;mtk_vcodec_common;mtk_vow;mtu3;nfc;pda_drv_mt6878;ppp_generic;pptp;r8152;scheduler;scp;sensorhub;slcan;snd_soc_mtk_common;system_heap;task_turbo;tipc;tkcore;tkcore_drv;trace_mmstat;ufs_mediatek_mod;usbnet;usbserial;wlan_drv_gen4m_6878;xhci_mtk_hcd_v2;zsmalloc,80,81,0,1,1,0,1,1,1,1,0xb5b54b34,0xb5b54b34,MATCH
_raw_spin_unlock_bh,0xe46021ca,KERNEL_OR_BUILTIN,,0,6lowpan;aee_hangdet;bluetooth;can;ccmni;cdc_ncm;cfg80211;fmradio_drv_connac2x;ieee802154_socket;l2tp_core;mac80211;mac802154;nfc;ppp_generic;r8152;slcan;tipc;wlan_drv_gen4m_6878,18,19,0,1,0,0,1,1,1,1,0xe46021ca,0xe46021ca,MATCH
_raw_spin_unlock_irq,0x4b750f53,KERNEL_OR_BUILTIN,,0,ccci_md_all;cdc_acm;cfg80211;ged;gzvm;mddp;mdp_drv_mt6878;mtk_core_ctl;mtk_sync;mtk_u_ether;mtk_uart_apdma;rtl8150;usbnet;xhci_mtk_hcd_v2,14,14,0,1,0,0,1,1,1,1,0x4b750f53,0x4b750f53,MATCH
_raw_spin_unlock_irqrestore,0xd35cce70,KERNEL_OR_BUILTIN,,0,8250_mtk;adsp;aee_aed;aee_hangdet;apusys;arm_dsu_pmu;audio_ipi;blocktag;bluetooth;bt_drv_6878;c2k_usb;camera_dpe_isp7sp;can_dev;ccci_ccif;ccci_dpmaif;ccci_md_all;ccci_util_lib;ccmni;cdc_acm;cfg80211;clk_chk_mt6878;clk_common;clk_fmeter_mt6878;clkbuf;cmdq_sec_drv;connadp;conninfra;connscp;cpufreq_sugov_ext;cqhci;device_apc_common;emi;fhctl;focaltech_touch_spi_ft3680;ftdi_sio;ged;gps_drv_dl_v051;gpueb;gz_irq_mod;gz_trusty_mod;gzvm;hci_uart;hf_manager;i2c_mt65xx;ieee802154;iommu_debug;mac80211;mali_kbase_mt6878_r44;mcupm;mddp;mdp_drv_mt6878;mediatek_drm;mediatek_drm_panel_drv;met;mrdump;mt6375_battery;mtk_btcvsd;mtk_c2ps;mtk_cam_isp7sp;mtk_charger_framework;mtk_cm_mgr_mt6878;mtk_cmdq_drv_ext;mtk_core_ctl;mtk_dpc;mtk_dvfsrc;mtk_fpsgo;mtk_gpufreq_wrapper;mtk_hcp;mtk_heap_debug;mtk_imgsys_v4l2;mtk_iommu;mtk_jpeg;mtk_lpm;mtk_lpm_dbg_common_v2;mtk_lpm_dbg_mt6878;mtk_mbox;mtk_mbraink;mtk_mmc;mtk_mmc_dbg;mtk_mmdvfs_debug;mtk_mml;mtk_peak_power_budget;mtk_perf_common;mtk_pwm;mtk_rpmsg_mbox;mtk_scpsys;mtk_smi;mtk_smi_dbg;mtk_soc_offload_common;mtk_ssc;mtk_swpm_dbg_v6878;mtk_sync;mtk_tinysys_ipi;mtk_u_ether;mtk_uart_apdma;mtk_usb_f_rndis;mtk_vcodec_common;mtk_vcodec_dec_v1;mtk_vcodec_enc_v1;mtk_vcu;mtk_vow;mtk_wdt;mtu3;pd_chk_mt6878;pinctrl_mtk_v2;r8152;rfcomm;rfkill;rtl8150;scheduler;scp;sensorhub;snd_soc_audiodsp_common;spmi_mtk_pmif;sspm_v3;st21nfc;system_heap;task_turbo;tcpc_class;tmem_ffa;touch_boost;trace_mmstat;ufs_mediatek_dbg;ufs_mediatek_mod;usb_meta;usbnet;usbserial;vcp;wlan_drv_gen4m_6878;wwan;xhci_mtk_hcd_v2;yft_gpio_keys,132,133,0,1,0,0,1,1,1,1,0xd35cce70,0xd35cce70,MATCH
_raw_write_lock,0xe68efe41,KERNEL_OR_BUILTIN,,0,bluetooth;mtk_cam_isp7sp;nfc;rfcomm;scheduler;zsmalloc,6,7,0,1,0,0,1,1,1,1,0xe68efe41,0xe68efe41,MATCH
_raw_write_lock_bh,0x51a511eb,KERNEL_OR_BUILTIN,,0,6lowpan;bluetooth;can;can_bcm;can_raw;ged;hidp;ieee802154_socket;l2tp_core;l2tp_ppp;mac802154;nfc;ppp_generic;pptp;rfcomm;tipc,16,17,0,1,0,0,1,1,1,1,0x51a511eb,0x51a511eb,MATCH
_raw_write_unlock,0x40235c98,KERNEL_OR_BUILTIN,,0,bluetooth;mtk_cam_isp7sp;nfc;rfcomm;scheduler;zsmalloc,6,7,0,1,0,0,1,1,1,1,0x40235c98,0x40235c98,MATCH
_raw_write_unlock_bh,0xe7ab1ecc,KERNEL_OR_BUILTIN,,0,6lowpan;bluetooth;can;can_bcm;can_raw;ged;hidp;ieee802154_socket;l2tp_core;l2tp_ppp;mac802154;nfc;ppp_generic;pptp;rfcomm;tipc,16,17,0,1,0,0,1,1,1,1,0xe7ab1ecc,0xe7ab1ecc,MATCH
_totalram_pages,0x944375db,KERNEL_OR_BUILTIN,,0,mali_kbase_mt6878_r44;mtk_heap_debug;mtk_sec_heap;system_heap;trace_mmstat,5,5,0,1,0,0,1,1,1,1,0x944375db,0x944375db,MATCH
_trace_android_vh_record_pcpu_rwsem_starttime,0xbbd3ba26,KERNEL_OR_BUILTIN,,0,hci_uart,1,1,0,1,0,0,0,0,1,1,0xbbd3ba26,0xbbd3ba26,MATCH
_trace_android_vh_record_pcpu_rwsem_time_early,0x2ea4d65a,KERNEL_OR_BUILTIN,,0,hci_uart,1,1,0,1,0,0,0,0,1,1,0x2ea4d65a,0x2ea4d65a,MATCH
access_process_vm,0xb3e05868,KERNEL_OR_BUILTIN,,0,aee_aed;monitor_hang,2,2,0,1,0,0,1,1,1,1,0xb3e05868,0xb3e05868,MATCH
activate_task,0xe4134e16,KERNEL_OR_BUILTIN,,0,scheduler;task_turbo,2,2,0,1,0,0,1,1,1,1,0xe4134e16,0xe4134e16,MATCH
add_cpu,0x7eb808d0,KERNEL_OR_BUILTIN,,0,tkcore_drv,1,1,0,0,0,0,0,0,0,0,0x7eb808d0,0x7eb808d0,MATCH
add_timer,0x65744673,KERNEL_OR_BUILTIN,,0,aee_hangdet;apusys;conninfra;fmradio_drv_connac2x;gps_drv_dl_v051;mcupm;mddp;mtk_c2ps;mtk_cam_isp7sp;mtk_iommu;mtk_lpm_dbg_common_v2;mtk_vcodec_common;mtk_vcodec_dec_v1;mtk_vcodec_enc_v1;scp;sspm_v3;vcp;wlan_drv_gen4m_6878;xhci_mtk_hcd_v2,19,19,0,1,0,0,1,1,1,1,0x65744673,0x65744673,MATCH
add_uevent_var,0x9c6febfc,KERNEL_OR_BUILTIN,,0,ffa_v10;rfkill,2,2,0,1,0,0,1,1,1,1,0x9c6febfc,0x9c6febfc,MATCH
add_wait_queue,0x4afb2238,KERNEL_OR_BUILTIN,,0,bluetooth;cdc_acm;gz_ipc_mod;hidp;nfc;ppp_generic;rfcomm;tipc;usbnet,9,10,0,1,0,0,1,1,1,1,0x4afb2238,0x4afb2238,MATCH
add_wait_queue_exclusive,0xde293f9e,KERNEL_OR_BUILTIN,,0,bluetooth;nfc;rfcomm,3,4,0,1,0,0,0,0,1,1,0xde293f9e,0xde293f9e,MATCH
add_wait_queue_priority,0x005f18a6,KERNEL_OR_BUILTIN,,0,gzvm,1,1,0,1,0,0,0,0,1,1,0x005f18a6,0x005f18a6,MATCH
addrconf_add_linklocal,0x49969074,KERNEL_OR_BUILTIN,,0,6lowpan,1,1,0,1,0,0,0,0,1,1,0x49969074,0x49969074,MATCH
addrconf_prefix_rcv_add_addr,0x1da1aeb9,KERNEL_OR_BUILTIN,,0,6lowpan,1,1,0,1,0,0,0,0,1,1,0x1da1aeb9,0x1da1aeb9,MATCH
adjust_managed_page_count,0xa61a42f0,KERNEL_OR_BUILTIN,,0,ccci_util_lib;mediatek_drm,2,2,0,1,0,0,1,1,1,1,0xa61a42f0,0xa61a42f0,MATCH
aes_encrypt,0x77e9eb37,KERNEL_OR_BUILTIN,,0,bluetooth,1,2,0,1,0,0,0,0,1,1,0x77e9eb37,0x77e9eb37,MATCH
aes_expandkey,0x558b281d,KERNEL_OR_BUILTIN,,0,bluetooth,1,2,0,1,0,0,0,0,1,1,0x558b281d,0x558b281d,MATCH
alarm_cancel,0x536e1fa7,KERNEL_OR_BUILTIN,,0,conninfra;mt6375_battery;mtk_pep50,3,3,0,1,0,0,1,1,1,1,0x536e1fa7,0x536e1fa7,MATCH
alarm_init,0x1fbe3658,KERNEL_OR_BUILTIN,,0,conninfra;mt6375_auxadc;mt6375_battery;mtk_charger_framework;mtk_pep50;tcpc_class,6,6,0,1,0,0,1,1,1,1,0x1fbe3658,0x1fbe3658,MATCH
alarm_start,0x111d2777,KERNEL_OR_BUILTIN,,0,mt6375_auxadc;mt6375_battery;mtk_charger_framework,3,3,0,1,0,0,1,1,1,1,0x111d2777,0x111d2777,MATCH
alarm_start_relative,0xfeb6361a,KERNEL_OR_BUILTIN,,0,conninfra;mtk_pep50;tcpc_class,3,3,0,1,0,0,1,1,1,1,0xfeb6361a,0xfeb6361a,MATCH
alarm_try_to_cancel,0xf3295ffe,KERNEL_OR_BUILTIN,,0,mtk_charger_framework;tcpc_class,2,2,0,1,0,0,1,1,1,1,0xf3295ffe,0xf3295ffe,MATCH
all_vm_events,0x7278d328,KERNEL_OR_BUILTIN,,0,met,1,1,0,1,0,0,1,1,1,1,0x7278d328,0x7278d328,MATCH
alloc_chrdev_region,0xe3ec2f2b,KERNEL_OR_BUILTIN,,0,apusys;bt_drv_6878;camera_dpe_isp7sp;camera_eeprom_v4l2;ccci_md_all;ccci_util_lib;connfem;conninfra;connscp;flashlight;fmradio_drv_connac2x;gps_drv_dl_v051;gps_pwr;gps_scp;gz_ipc_mod;mdp_drv_mt6878;microarray_fp_tee;mt6369_accdet;mt6375_battery;mtk_ccd_remoteproc;mtk_ccuv;mtk_hcp;mtk_mbraink;mtk_vcu;pda_drv_mt6878;rpmb_mtk;teeperf;widevine_driver;wlan_drv_gen4m_6878;wmt_chrdev_wifi_connac2,30,30,0,1,0,0,1,1,1,1,0xe3ec2f2b,0xe3ec2f2b,MATCH
alloc_etherdev_mqs,0x4489db23,KERNEL_OR_BUILTIN,,0,ccmni;mtk_u_ether;r8152;rtl8150;usbnet,5,5,0,1,0,0,1,1,1,1,0x4489db23,0x4489db23,MATCH
alloc_io_pgtable_ops,0xe827d155,KERNEL_OR_BUILTIN,,0,mtk_iommu,1,1,0,1,0,0,1,1,1,1,0xe827d155,0xe827d155,MATCH
alloc_netdev_mqs,0xa8cf71ff,KERNEL_OR_BUILTIN,,0,8021q;can_dev;mac80211;mac802154;ppp_generic;wlan_drv_gen4m_6878;wwan,7,7,0,1,0,0,1,1,1,1,0xa8cf71ff,0xa8cf71ff,MATCH
alloc_pages_exact,0x5fc72f0e,KERNEL_OR_BUILTIN,,0,ffa_v10;gz_ipc_mod;gz_virtio_mod;gzvm,4,4,0,1,0,0,1,1,1,1,0x5fc72f0e,0x5fc72f0e,MATCH
alloc_workqueue,0x49cd25ed,KERNEL_OR_BUILTIN,,0,8250_mtk;adsp;aee_hangdet;apusys;aw883xx_driver;blocktag;bluetooth;bt_drv_6878;c2k_usb;camera_dpe_isp7sp;ccci_ccif;ccci_md_all;ccmni;cfg80211;cmdq_sec_drv;cpuqos_v3;drm_display_helper;dw9781c;extcon_mtk_usb;fmradio_drv_connac2x;focaltech_touch_spi_ft3680;ged;gpueb;gzvm;hci_uart;hynitron;l2tp_core;load_track;mac80211;mac802154;mali_kbase_mt6878_r44;mcupm;mdp_drv_mt6878;mediatek_drm;microarray_fp_tee;mt6369_accdet;mt6375_charger;mtk_aie;mtk_cmdq_drv_ext;mtk_fpsgo;mtk_hcp;mtk_imgsys_v4l2;mtk_lpm;mtk_lpm_dbg_common_v2;mtk_mbraink;mtk_mmdvfs_debug;mtk_mmdvfs_v3;mtk_mml;mtk_swpm;mtk_swpm_dbg_v6878;mtk_u_ether;mtk_vcodec_dec_v1;mtk_vcodec_enc_v1;mtu3;phy_mtk_xsphy;pmic_lbat_service;regulator_vibrator;scp;sensorhub;snd_soc_tfa98xx;sspm_v3;st21nfc;tcpc_class;tipc;tmem_ffa;touch_boost;uarthub_drv;ufs_mediatek_mod;usb_boost;vcp,70,71,0,1,0,0,1,1,1,1,0x49cd25ed,0x49cd25ed,MATCH
alt_cb_patch_nops,0x1348649e,KERNEL_OR_BUILTIN,,0,6lowpan;8021q;8250_mtk;adsp;aee_aed;aee_hangdet;aee_rs;apu_top;apusys;arm_dsu_pmu;atf_logger;audio_ipi;aw36515;aw36518;aw36518_v2;aw883xx_driver;blocktag;bluetooth;bootprof;bt_drv_6878;btbcm;btqca;btsdio;c2ps_perf_ioctl;cache_parity;camera_dpe_isp7sp;camera_eeprom_v4l2;can;can_bcm;can_dev;can_raw;ccci_ccif;ccci_dpmaif;ccci_md_all;ccci_util_lib;ccd_rpmsg;ccmni;cdc_acm;cdc_ether;cdc_ncm;cfg80211;clk_common;cmdq_sec_drv;cmdq_test;connfem;conninfra;connscp;cpudvfs;cpufreq_sugov_ext;cpuqos_v3;custom_ldo_wl2868;device_apc_common;drm_display_helper;drm_dma_helper;dw9781c;emi;fhctl;flashlight;fmradio_drv_connac2x;focaltech_touch_spi_ft3680;ftdi_sio;ged;gps_drv_dl_v051;gps_pwr;gps_scp;gpueb;gz_ipc_mod;gz_log_mod;gz_main_mod;gz_trusty_mod;gz_tz_system;gz_virtio_mod;gzvm;hbt;hci_uart;hf_manager;hidp;i2c_mt65xx;ieee802154;ieee802154_6lowpan;ieee802154_socket;imgsensor;iommu_debug;l2tp_core;l2tp_ppp;log_store;mac80211;mac802154;main2_vcm;main3_vcm;main4_vcm;main_vcm;mali_dmabuf_test_mt6878_r44;mali_kbase_mt6878_r44;mali_mgm_mt6878_r44;mcupm;md_cooling_all;mddp;mdp_drv_mt6878;mediatek_cpufreq_hw;mediatek_drm;mediatek_drm_gateic;microarray_fp_tee;mmprofile;mmqos_common;monitor_hang;mrdump;mt6369_accdet;mt6375;mt6375_battery;mt6375_charger;mt6878_mt6369;mtk_aie;mtk_btcvsd;mtk_c2ps;mtk_cam_isp7sp;mtk_ccd_remoteproc;mtk_ccuv;mtk_charger_framework;mtk_chg_type_det;mtk_cmdq_drv_ext;mtk_core_ctl;mtk_dpc;mtk_dvfsrc_start;mtk_fpsgo;mtk_gpu_qos;mtk_gpufreq_wrapper;mtk_hcp;mtk_heap_debug;mtk_imgsys_cmdq;mtk_imgsys_v4l2;mtk_ioctl_powerhal;mtk_ioctl_touch_boost;mtk_iommu;mtk_jpeg;mtk_lpm;mtk_lpm_plat_v1;mtk_mbraink;mtk_mdpm;mtk_mmc;mtk_mmc_dbg;mtk_mmdvfs_v3;mtk_mminfra_debug;mtk_mml;mtk_pbm;mtk_peak_power_budget;mtk_perf_common;mtk_perf_ioctl;mtk_perf_ioctl_magt;mtk_printk_ctrl;mtk_pwm;mtk_rpmsg_mbox;mtk_scp_audiocommon;mtk_sec_heap;mtk_smi;mtk_smi_dbg;mtk_soc_offload_common;mtk_ssc;mtk_swpm;mtk_sync;mtk_tinysys_ipi;mtk_u_ether;mtk_uart_apdma;mtk_usb_f_rndis;mtk_vcodec_common;mtk_vcodec_dec_v1;mtk_vcodec_enc_v1;mtk_vcu;mtk_vow;mtk_wdt;mtu3;mux_switch;nfc;pda_drv_mt6878;phy_mtk_xsphy;pidmap;pinctrl_mtk_common_v2_debug;powerhal_cpu_ctrl;ppp_generic;pppox;pptp;r8152;rfcomm;rfkill;rpmb_mtk;rtc_mt6685;rtl8150;sapu;scheduler;scp;sec;sensorhub;slcan;snd_soc_audiodsp_common;snd_soc_mt6369;snd_soc_mtk_common;snd_soc_mtk_scp_ultra;snd_soc_tfa98xx;spi_tiny_co5300_lcd;sspm_v3;st21nfc;sub_vcm;system_heap;task_turbo;tcpc_class;tcpc_mt6375;teeperf;thermal_interface;tipc;tkcore;tkcore_drv;tmem_ffa;touch_boost;uarthub_drv;ufs_mediatek_dbg;ufs_mediatek_mod;uload_ind;usb_logger;usb_offload;usbnet;usbserial;vcan;vcp;widevine_driver;wlan_drv_gen4m_6878;wmt_chrdev_wifi_connac2;wwan;xhci_mtk_hcd_v2;yft_tpd_gesture;zram;zsmalloc,231,232,0,1,1,0,0,0,1,1,0x1348649e,0x1348649e,MATCH
android_rvh_probe_register,0x7fbbd0bb,KERNEL_OR_BUILTIN,,0,iommu_debug;mtk_core_ctl;mtk_fpsgo;scheduler;task_turbo;usb_offload,6,6,0,1,0,0,1,1,1,1,0x7fbbd0bb,0x7fbbd0bb,MATCH
anon_inode_getfd,0x70e6fa2e,KERNEL_OR_BUILTIN,,0,ged;gzvm;mali_kbase_mt6878_r44;tkcore,4,4,0,1,0,0,1,1,1,1,0x70e6fa2e,0x70e6fa2e,MATCH
anon_inode_getfile,0x49b434ee,KERNEL_OR_BUILTIN,,0,ged,1,1,0,1,0,0,1,1,1,1,0x49b434ee,0x49b434ee,MATCH
arch_freq_scale,0xceed33cf,KERNEL_OR_BUILTIN,,0,cpufreq_sugov_ext;mtk_perf_ioctl_magt;scheduler,3,3,0,1,0,0,1,1,1,1,0xceed33cf,0xceed33cf,MATCH
arch_timer_read_counter,0x75fb9062,KERNEL_OR_BUILTIN,,0,adsp;aee_aed;apusys;ccci_md_all;gpueb;mcupm;mediatek_drm;mtk_ccuv;mtk_vmm_isp71_regulator;mtk_vow;snd_soc_mt6878_afe;sspm_v3,12,12,0,1,0,0,1,1,1,1,0x75fb9062,0x75fb9062,MATCH
arm64_use_ng_mappings,0xaf56600a,KERNEL_OR_BUILTIN,,0,8250_mtk;adsp;aee_aed;apu_top;apusys;atf_logger;bt_drv_6878;ccci_dpmaif;ccci_md_all;ccci_util_lib;clk_chk_mt6878;clk_common;cmdq_sec_drv;cmdq_test;conninfra;connscp;cpudvfs;cpufreq_sugov_ext;cpuqos_v3;emi;emi_fake_eng;fmradio_drv_connac2x;ged;gps_drv_dl_v051;gpueb;gz_virtio_mod;i2c_mt65xx;last_bus;log_store;mali_kbase_mt6878_r44;mcupm;mediatek_cpufreq_hw;mediatek_drm;met;mmqos_common;mrdump;mtk_aie;mtk_btcvsd;mtk_cam_isp7sp;mtk_cg_peak_power_throttling;mtk_cm_mgr_mt6878;mtk_cmdq_drv_ext;mtk_dpc;mtk_gpufreq_wrapper;mtk_imgsys_cmdq;mtk_lpm_dbg_common_v2;mtk_mmc;mtk_mmdvfs_debug;mtk_mminfra_debug;mtk_mminfra_imax;mtk_perf_common;mtk_scpsys;mtk_smi;mtk_uart_apdma;mtk_vmm_notifier;scheduler;scp;sspm_v3;system_heap;thermal_interface;tkcore;uarthub_drv;usb_offload;vcp;wlan_drv_gen4m_6878,65,65,0,1,1,0,1,1,1,1,0xaf56600a,0xaf56600a,MATCH
arm_smccc_1_1_get_conduit,0x6d467b08,KERNEL_OR_BUILTIN,,0,ffa_v10,1,1,0,1,0,0,1,1,1,1,0x6d467b08,0x6d467b08,MATCH
arm_smccc_1_2_hvc,0xea1c3e3a,KERNEL_OR_BUILTIN,,0,ffa_v10,1,1,0,1,0,0,1,1,1,1,0xea1c3e3a,0xea1c3e3a,MATCH
arm_smccc_1_2_smc,0x3e79fb00,KERNEL_OR_BUILTIN,,0,ffa_v10,1,1,0,1,0,0,1,1,1,1,0x3e79fb00,0x3e79fb00,MATCH
arm_smccc_get_version,0xe98f55f2,KERNEL_OR_BUILTIN,,0,ffa_v10,1,1,0,1,0,0,1,1,1,1,0xe98f55f2,0xe98f55f2,MATCH
arp_tbl,0x228f026d,KERNEL_OR_BUILTIN,,0,mddp,1,1,0,1,0,0,1,1,1,1,0x228f026d,0x228f026d,MATCH
async_schedule_node,0xf5f370e0,KERNEL_OR_BUILTIN,,0,ufs_mediatek_mod,1,1,0,1,0,0,1,1,1,1,0xf5f370e0,0xf5f370e0,MATCH
atomic_notifier_call_chain,0xd3752c27,KERNEL_OR_BUILTIN,,0,clk_common;gz_trusty_mod;mtk_afe_external;mtk_swpm,4,4,0,1,0,0,1,1,1,1,0xd3752c27,0xd3752c27,MATCH
atomic_notifier_chain_register,0x2b9997fb,KERNEL_OR_BUILTIN,,0,aee_aed;clk_common;gz_log_mod;gz_trusty_mod;mediatek_cpufreq_hw;mrdump;mtk_afe_external;mtk_dvfsrc_start;mtk_swpm,9,9,0,1,0,0,1,1,1,1,0x2b9997fb,0x2b9997fb,MATCH
atomic_notifier_chain_unregister,0x7181db30,KERNEL_OR_BUILTIN,,0,clk_common;gz_log_mod;gz_trusty_mod;mrdump;mtk_afe_external;mtk_swpm,6,6,0,1,0,0,1,1,1,1,0x7181db30,0x7181db30,MATCH
autoremove_wake_function,0xad73041f,KERNEL_OR_BUILTIN,,0,ccci_md_all;mddp;tkcore_drv,3,3,0,1,0,0,1,1,1,1,0xad73041f,0xad73041f,MATCH
available_idle_cpu,0x2088e082,KERNEL_OR_BUILTIN,,0,cpufreq_sugov_ext;scheduler,2,2,0,1,0,0,0,0,1,1,0x2088e082,0x2088e082,MATCH
balance_push_callback,0xa6209c0c,KERNEL_OR_BUILTIN,,0,scheduler,1,1,0,1,0,0,1,1,1,1,0xa6209c0c,0xa6209c0c,MATCH
bcmp,0x263c3152,KERNEL_OR_BUILTIN,,0,bluetooth;bt_drv_6878;can_gw;ccmni;cfg80211;l2tp_core;mac80211;mediatek_drm;mtk_mml;nfc;slhc;snd_soc_tfa98xx;tipc;wlan_drv_gen4m_6878,14,15,0,1,1,0,1,1,1,1,0x263c3152,0x263c3152,MATCH
bdev_end_io_acct,0xc633719c,KERNEL_OR_BUILTIN,,0,zram,1,1,0,1,0,0,0,0,1,1,0xc633719c,0xc633719c,MATCH
bdev_start_io_acct,0xc3af13bf,KERNEL_OR_BUILTIN,,0,zram,1,1,0,1,0,0,0,0,1,1,0xc3af13bf,0xc3af13bf,MATCH
bin2hex,0xd45cc6ca,KERNEL_OR_BUILTIN,,0,tipc,1,1,0,1,0,0,0,0,1,1,0xd45cc6ca,0xd45cc6ca,MATCH
bio_end_io_acct_remapped,0xc797f514,KERNEL_OR_BUILTIN,,0,zram,1,1,0,1,0,0,1,1,1,1,0xc797f514,0xc797f514,MATCH
bio_endio,0x4703fc89,KERNEL_OR_BUILTIN,,0,zram,1,1,0,1,0,0,1,1,1,1,0x4703fc89,0x4703fc89,MATCH
bio_start_io_acct,0xf9eebc5c,KERNEL_OR_BUILTIN,,0,zram,1,1,0,1,0,0,1,1,1,1,0xf9eebc5c,0xf9eebc5c,MATCH
bit_wait,0x16e297c3,KERNEL_OR_BUILTIN,,0,bluetooth,1,2,0,1,0,0,0,0,1,1,0x16e297c3,0x16e297c3,MATCH
bit_wait_timeout,0x44bae227,KERNEL_OR_BUILTIN,,0,ccd_rpmsg;hci_uart,2,2,0,1,0,0,0,0,1,1,0x44bae227,0x44bae227,MATCH
bitmap_alloc,0x020dbf27,KERNEL_OR_BUILTIN,,0,yft_gpio_keys,1,1,0,1,0,0,0,0,1,1,0x020dbf27,0x020dbf27,MATCH
bitmap_find_free_region,0x63a7c28c,KERNEL_OR_BUILTIN,,0,apusys,1,1,0,1,0,0,1,1,1,1,0x63a7c28c,0x63a7c28c,MATCH
bitmap_find_next_zero_area_off,0x64127b67,KERNEL_OR_BUILTIN,,0,apusys;mtu3,2,2,0,1,0,0,1,1,1,1,0x64127b67,0x64127b67,MATCH
bitmap_free,0xca21ebd3,KERNEL_OR_BUILTIN,,0,apusys;mac80211;yft_gpio_keys,3,3,0,1,0,0,1,1,1,1,0xca21ebd3,0xca21ebd3,MATCH
bitmap_from_arr32,0xf8d07858,KERNEL_OR_BUILTIN,,0,arm_dsu_pmu,1,1,0,1,0,0,1,1,1,1,0xf8d07858,0xf8d07858,MATCH
bitmap_parse,0xb97220ff,KERNEL_OR_BUILTIN,,0,ufs_mediatek_mod,1,1,0,1,0,0,0,0,1,1,0xb97220ff,0xb97220ff,MATCH
bitmap_parselist,0x1b015d25,KERNEL_OR_BUILTIN,,0,yft_gpio_keys,1,1,0,0,0,0,0,0,0,0,0x1b015d25,0x1b015d25,MATCH
bitmap_print_to_pagebuf,0xf474c21c,KERNEL_OR_BUILTIN,,0,arm_dsu_pmu,1,1,0,1,0,0,1,1,1,1,0xf474c21c,0xf474c21c,MATCH
bitmap_release_region,0x574c2e74,KERNEL_OR_BUILTIN,,0,apusys,1,1,0,1,0,0,1,1,1,1,0x574c2e74,0x574c2e74,MATCH
bitmap_zalloc,0x2688ec10,KERNEL_OR_BUILTIN,,0,apusys;mac80211;yft_gpio_keys,3,3,0,1,0,0,1,1,1,1,0x2688ec10,0x2688ec10,MATCH
blk_mq_unique_tag,0xcfc4c418,KERNEL_OR_BUILTIN,,0,ufs_mediatek_mod,1,1,0,1,0,0,0,0,1,1,0xcfc4c418,0xcfc4c418,MATCH
blk_queue_flag_clear,0x6d17731d,KERNEL_OR_BUILTIN,,0,zram,1,1,0,1,0,0,1,1,1,1,0x6d17731d,0x6d17731d,MATCH
blk_queue_flag_set,0xef5eec46,KERNEL_OR_BUILTIN,,0,ufs_mediatek_mod;zram,2,2,0,1,0,0,1,1,1,1,0xef5eec46,0xef5eec46,MATCH
blk_queue_io_min,0xef31aabc,KERNEL_OR_BUILTIN,,0,zram,1,1,0,1,0,0,1,1,1,1,0xef31aabc,0xef31aabc,MATCH
blk_queue_io_opt,0x675963b4,KERNEL_OR_BUILTIN,,0,zram,1,1,0,1,0,0,1,1,1,1,0x675963b4,0x675963b4,MATCH
blk_queue_logical_block_size,0x973f30bd,KERNEL_OR_BUILTIN,,0,zram,1,1,0,1,0,0,1,1,1,1,0x973f30bd,0x973f30bd,MATCH
blk_queue_max_discard_sectors,0x98abf96a,KERNEL_OR_BUILTIN,,0,zram,1,1,0,1,0,0,1,1,1,1,0x98abf96a,0x98abf96a,MATCH
blk_queue_max_write_zeroes_sectors,0xea75ae35,KERNEL_OR_BUILTIN,,0,zram,1,1,0,1,0,0,1,1,1,1,0xea75ae35,0xea75ae35,MATCH
blk_queue_physical_block_size,0x6e05674b,KERNEL_OR_BUILTIN,,0,zram,1,1,0,1,0,0,1,1,1,1,0x6e05674b,0x6e05674b,MATCH
blkdev_get_by_dev,0xcf384c1c,KERNEL_OR_BUILTIN,,0,mtk_wp,1,1,0,1,0,0,1,1,1,1,0xcf384c1c,0xcf384c1c,MATCH
blkdev_put,0x786c891c,KERNEL_OR_BUILTIN,,0,mtk_wp,1,1,0,1,0,0,1,1,1,1,0x786c891c,0x786c891c,MATCH
blocking_notifier_call_chain,0x8317ad7c,KERNEL_OR_BUILTIN,,0,adsp;apu_top;connadp;dbg_error_flag;gz_trusty_mod;leds_mtk;mdp_drv_mt6878;mmqos_common;mtk_disp_notify;mtk_dvfsrc;mtk_mmdvfs;mtk_qos;mtk_scpsys;mtk_ssc;pmic_lvsys_notify;scp;sensorhub;vcp,18,18,0,1,0,0,1,1,1,1,0x8317ad7c,0x8317ad7c,MATCH
blocking_notifier_chain_register,0xbb0c86a5,KERNEL_OR_BUILTIN,,0,adsp;apu_top;connadp;dbg_error_flag;gz_trusty_mod;leds_mtk;mdp_drv_mt6878;mmqos_common;mtk_disp_notify;mtk_dvfsrc;mtk_mmdvfs;mtk_qos;mtk_scpsys;mtk_ssc;pmic_lvsys_notify;scp;sensorhub;vcp,18,18,0,1,0,0,1,1,1,1,0xbb0c86a5,0xbb0c86a5,MATCH
blocking_notifier_chain_unregister,0x963aa2a9,KERNEL_OR_BUILTIN,,0,adsp;apu_top;connadp;gz_trusty_mod;leds_mtk;mdp_drv_mt6878;mmqos_common;mtk_disp_notify;mtk_dvfsrc;mtk_mmdvfs;mtk_qos;mtk_scpsys;mtk_ssc;pmic_lvsys_notify;scp;sensorhub;vcp,17,17,0,1,0,0,1,1,1,1,0x963aa2a9,0x963aa2a9,MATCH
bpf_trace_run1,0xe6643531,KERNEL_OR_BUILTIN,,0,aee_aed;apu_top;apusys;cfg80211;cpuqos_v3;ged;ieee802154;l2tp_core;mac80211;mac802154;mali_kbase_mt6878_r44;mediatek_drm;mmqos_common;mtk_c2ps;mtk_cg_peak_power_throttling;mtk_cpu_power_throttling;mtk_fpsgo;mtk_gpu_power_throttling;mtk_imgsys_cmdq;mtk_imgsys_v4l2;mtk_low_battery_throttling;mtk_lpm;mtk_mml;mtk_peak_power_budget;mtk_swpm_dbg_v6878;mtu3;powerhal_cpu_ctrl;scheduler;snd_soc_audiodsp_common;task_turbo;thermal_trace;timer_mediatek;touch_boost;xhci_mtk_hcd_v2,34,34,0,1,0,0,1,1,1,1,0xe6643531,0xe6643531,MATCH
bpf_trace_run10,0xb2057ce2,KERNEL_OR_BUILTIN,,0,cfg80211;lpm_gov_MHSP,2,2,0,1,0,0,0,0,1,1,0xb2057ce2,0xb2057ce2,MATCH
bpf_trace_run11,0x11d6a547,KERNEL_OR_BUILTIN,,0,apusys;scheduler,2,2,0,1,0,0,0,0,1,1,0x11d6a547,0x11d6a547,MATCH
bpf_trace_run12,0x7e34c48d,KERNEL_OR_BUILTIN,,0,apusys;mtk_perf_common;scheduler,3,3,0,1,0,0,1,1,1,1,0x7e34c48d,0x7e34c48d,MATCH
bpf_trace_run2,0xc4b28304,KERNEL_OR_BUILTIN,,0,apusys;blocktag;cfg80211;cpufreq_sugov_ext;cpuqos_v3;ged;ieee802154;imgsensor;l2tp_core;mac80211;mac802154;mali_kbase_mt6878_r44;mmqos_common;mtk_cam_isp7sp;mtk_cm_mgr_mt6878;mtk_cpu_power_throttling;mtk_gpu_power_throttling;mtk_icc_core;mtk_low_battery_throttling;mtk_mbox;mtk_mmdvfs_ftrace;mtk_perf_common;mtu3;scheduler;snd_soc_audiodsp_common;task_turbo;thermal_trace;ufs_mediatek_mod;uload_ind;usb_logger;xhci_mtk_hcd_v2,31,31,0,1,0,0,1,1,1,1,0xc4b28304,0xc4b28304,MATCH
bpf_trace_run3,0x1f7600cb,KERNEL_OR_BUILTIN,,0,apusys;blocktag;cfg80211;cpufreq_sugov_ext;cpuqos_v3;ged;ieee802154;mac80211;mac802154;mali_kbase_mt6878_r44;mmqos_common;mtk_core_ctl;mtk_dvfsrc;mtk_mbox;mtk_perf_common;mtk_vmm_isp71_regulator;scheduler;snd_soc_audiodsp_common;task_turbo;tipc;trace_mmstat;ufs_mediatek_mod;xhci_mtk_hcd_v2,23,23,0,1,0,0,1,1,1,1,0x1f7600cb,0x1f7600cb,MATCH
bpf_trace_run4,0xc7b92fda,KERNEL_OR_BUILTIN,,0,bt_drv_6878;cfg80211;cpufreq_sugov_ext;ged;ieee802154;mac80211;mac802154;mali_kbase_mt6878_r44;mtk_cam_isp7sp;mtk_perf_common;scheduler;snd_soc_audiodsp_common;task_turbo;thermal_trace;tipc,15,15,0,1,0,0,1,1,1,1,0xc7b92fda,0xc7b92fda,MATCH
bpf_trace_run5,0x267d05bf,KERNEL_OR_BUILTIN,,0,apu_top;apusys;blocktag;cfg80211;cpufreq_sugov_ext;ged;mac80211;mali_kbase_mt6878_r44;mmqos_common;mtk_core_ctl;mtk_icc_core;mtk_perf_common;scheduler;snd_soc_audiodsp_common,14,14,0,1,0,0,1,1,1,1,0x267d05bf,0x267d05bf,MATCH
bpf_trace_run6,0xa69c2a3c,KERNEL_OR_BUILTIN,,0,apusys;cfg80211;cpufreq_sugov_ext;cpuqos_v3;ged;mac80211;mali_kbase_mt6878_r44;scheduler,8,8,0,1,0,0,1,1,1,1,0xa69c2a3c,0xa69c2a3c,MATCH
bpf_trace_run7,0xb5e91f0b,KERNEL_OR_BUILTIN,,0,apusys;cfg80211;cpufreq_sugov_ext;cpuqos_v3;mmqos_common;mtk_cam_isp7sp;scheduler,7,7,0,1,0,0,1,1,1,1,0xb5e91f0b,0xb5e91f0b,MATCH
bpf_trace_run8,0x63b71df2,KERNEL_OR_BUILTIN,,0,cfg80211;mtk_cam_isp7sp;mtk_gpufreq_wrapper;scheduler,4,4,0,1,0,0,1,1,1,1,0x63b71df2,0x63b71df2,MATCH
bpf_trace_run9,0x486596c9,KERNEL_OR_BUILTIN,,0,apusys;mmqos_common;mtk_cam_isp7sp;mtk_core_ctl;mtk_lpm;scheduler,6,6,0,1,0,0,1,1,1,1,0x486596c9,0x486596c9,MATCH
build_skb,0xb7cab24f,KERNEL_OR_BUILTIN,,0,ccci_dpmaif;wlan_drv_gen4m_6878,2,2,0,1,0,0,1,1,1,1,0xb7cab24f,0xb7cab24f,MATCH
bus_find_device,0x78729785,KERNEL_OR_BUILTIN,,0,ffa_v10,1,1,0,1,0,0,0,0,1,1,0x78729785,0x78729785,MATCH
bus_for_each_dev,0x8963bd73,KERNEL_OR_BUILTIN,,0,ffa_v10,1,1,0,1,0,0,0,0,1,1,0x8963bd73,0x8963bd73,MATCH
bus_register,0x289cfdfc,KERNEL_OR_BUILTIN,,0,ffa_v10;usbserial,2,2,0,1,0,0,1,1,1,1,0x289cfdfc,0x289cfdfc,MATCH
bus_unregister,0xf469358a,KERNEL_OR_BUILTIN,,0,ffa_v10;usbserial,2,2,0,1,0,0,1,1,1,1,0xf469358a,0xf469358a,MATCH
cache_line_size,0x605d5bfa,KERNEL_OR_BUILTIN,,0,mali_kbase_mt6878_r44;met,2,2,0,1,0,0,1,1,1,1,0x605d5bfa,0x605d5bfa,MATCH
call_netdevice_notifiers,0x1264cbde,KERNEL_OR_BUILTIN,,0,8021q,1,1,0,1,0,0,0,0,1,1,0x1264cbde,0x1264cbde,MATCH
call_rcu,0x28aa6a67,KERNEL_OR_BUILTIN,,0,can;can_bcm;can_gw;l2tp_ppp;mac80211;mac802154;tipc,7,7,0,1,1,0,0,0,1,1,0x28aa6a67,0x28aa6a67,MATCH
cancel_delayed_work,0xda571594,KERNEL_OR_BUILTIN,,0,adsp;apusys;bluetooth;bt_drv_6878;c2k_usb;ccmni;cfg80211;hci_uart;mac80211;mdp_drv_mt6878;mtk_jpeg;mtk_mmc;mtk_pbm;sensorhub;snd_soc_tfa98xx;thermal_trace;tipc;xhci_mtk_hcd_v2,18,19,0,1,0,0,1,1,1,1,0xda571594,0xda571594,MATCH
cancel_delayed_work_sync,0xf8beca97,KERNEL_OR_BUILTIN,,0,apu_top;apusys;aw883xx_driver;bluetooth;bt_drv_6878;can_dev;cdc_acm;cfg80211;focaltech_touch_spi_ft3680;mac80211;mali_kbase_mt6878_r44;met;mmqos_common;mt6375_charger;mtk_pbm;r8152;rfkill;snd_soc_tfa98xx;tcpc_class;tcpc_mt6375;thermal_trace;tipc;tmem_ffa;trace_mmstat;wlan_drv_gen4m_6878;xhci_mtk_hcd_v2;yft_gpio_keys,27,28,0,1,0,0,1,1,1,1,0xf8beca97,0xf8beca97,MATCH
cancel_work_sync,0xd969d6f4,KERNEL_OR_BUILTIN,,0,apusys;bluetooth;btsdio;cfg80211;focaltech_touch_spi_ft3680;hci_uart;hidp;mac80211;mali_kbase_mt6878_r44;mediatek_drm;mtk_cg_peak_power_throttling;nfc;regulator_vibrator;rfkill;tipc;usb_meta;usbnet;usbserial;wlan_drv_gen4m_6878,19,20,0,1,0,0,1,1,1,1,0xd969d6f4,0xd969d6f4,MATCH
capable,0xc6cbbc89,KERNEL_OR_BUILTIN,,0,bluetooth;cdc_acm;ftdi_sio;hci_uart;hidp;ieee802154_socket;mali_kbase_mt6878_r44;nfc;r8152;rfcomm;rfkill;rtl8150;slcan;usbserial,14,15,0,1,1,0,0,0,1,1,0xc6cbbc89,0xc6cbbc89,MATCH
cdc_parse_cdc_header,0x8ca5f80e,KERNEL_OR_BUILTIN,,0,cdc_acm;cdc_ether;cdc_ncm,3,3,0,1,0,0,0,0,1,1,0x8ca5f80e,0x8ca5f80e,MATCH
cdev_add,0xf27a67e1,KERNEL_OR_BUILTIN,,0,apusys;bt_drv_6878;camera_dpe_isp7sp;camera_eeprom_v4l2;ccci_md_all;ccci_util_lib;connadp;connfem;conninfra;connscp;flashlight;fmradio_drv_connac2x;gps_drv_dl_v051;gps_pwr;gps_scp;gz_ipc_mod;mdp_drv_mt6878;microarray_fp_tee;mt6375_battery;mtk_ccd_remoteproc;mtk_ccuv;mtk_hcp;mtk_mbraink;mtk_vcu;pda_drv_mt6878;rpmb_mtk;sec;teeperf;widevine_driver;wlan_drv_gen4m_6878;wmt_chrdev_wifi_connac2,31,31,0,1,0,0,1,1,1,1,0xf27a67e1,0xf27a67e1,MATCH
cdev_alloc,0x00198a28,KERNEL_OR_BUILTIN,,0,apusys;camera_dpe_isp7sp;flashlight;mdp_drv_mt6878;microarray_fp_tee;mt6375_battery;mtk_vcu;pda_drv_mt6878;widevine_driver,9,9,0,1,0,0,1,1,1,1,0x00198a28,0x00198a28,MATCH
cdev_del,0x61ee3bf2,KERNEL_OR_BUILTIN,,0,apusys;bt_drv_6878;camera_dpe_isp7sp;ccci_util_lib;connadp;connfem;conninfra;connscp;flashlight;fmradio_drv_connac2x;gps_drv_dl_v051;gps_pwr;gps_scp;gz_ipc_mod;mdp_drv_mt6878;microarray_fp_tee;mtk_ccd_remoteproc;mtk_ccuv;mtk_hcp;mtk_mbraink;mtk_vcu;pda_drv_mt6878;rpmb_mtk;sec;teeperf;widevine_driver;wlan_drv_gen4m_6878;wmt_chrdev_wifi_connac2,28,28,0,1,0,0,1,1,1,1,0x61ee3bf2,0x61ee3bf2,MATCH
cdev_init,0x7d3657fd,KERNEL_OR_BUILTIN,,0,apusys;bt_drv_6878;camera_dpe_isp7sp;camera_eeprom_v4l2;ccci_md_all;ccci_util_lib;connadp;connfem;conninfra;connscp;fmradio_drv_connac2x;gps_drv_dl_v051;gps_pwr;gps_scp;gz_ipc_mod;mtk_ccd_remoteproc;mtk_ccuv;mtk_hcp;mtk_mbraink;pda_drv_mt6878;rpmb_mtk;sec;teeperf;widevine_driver;wlan_drv_gen4m_6878;wmt_chrdev_wifi_connac2,26,26,0,1,0,0,1,1,1,1,0x7d3657fd,0x7d3657fd,MATCH
cgroup_taskset_first,0xc815fe12,KERNEL_OR_BUILTIN,,0,cpuqos_v3;scheduler,2,2,0,1,0,0,1,1,1,1,0xc815fe12,0xc815fe12,MATCH
cgroup_taskset_next,0xa23b7f66,KERNEL_OR_BUILTIN,,0,cpuqos_v3;scheduler,2,2,0,1,0,0,1,1,1,1,0xa23b7f66,0xa23b7f66,MATCH
check_preempt_curr,0xd9ade0b0,KERNEL_OR_BUILTIN,,0,scheduler,1,1,0,1,0,0,1,1,1,1,0xd9ade0b0,0xd9ade0b0,MATCH
class_create_file_ns,0x7f96615d,KERNEL_OR_BUILTIN,,0,aw883xx_driver;camera_eeprom_v4l2;extcon_mtk_usb;flashlight;panel_ky_vtdr6115_dphy_cmd;sc8571_charger;sh366003_fg;tcpc_class;yft_devinfo,9,9,0,0,0,0,0,0,0,0,0x7f96615d,0x7f96615d,MATCH
class_destroy,0xd5fc0938,KERNEL_OR_BUILTIN,,0,adapter_class;apusys;bluetooth;bt_drv_6878;c2k_usb;camera_dpe_isp7sp;camera_eeprom_v4l2;charger_class;connadp;connfem;conninfra;connscp;extdev_io_class;flashlight;fmradio_drv_connac2x;gps_drv_dl_v051;gps_pwr;gps_scp;gz_ipc_mod;hf_manager;mdp_drv_mt6878;mt6369_accdet;mtk_ccd_remoteproc;mtk_cg_peak_power_throttling;mtk_charger_algorithm_class;mtk_hcp;mtk_vcu;panel_ky_vtdr6115_dphy_cmd;pda_drv_mt6878;ppp_generic;rpmb_mtk;sec;tcpc_class;teeperf;usb_meta;widevine_driver;wlan_drv_gen4m_6878;wmt_chrdev_wifi_connac2;wwan,39,40,0,1,0,0,1,1,1,1,0xd5fc0938,0xd5fc0938,MATCH
class_dev_iter_exit,0xa7641c7c,KERNEL_OR_BUILTIN,,0,nfc;wwan,2,2,0,1,0,0,0,0,1,1,0xa7641c7c,0xa7641c7c,MATCH
class_dev_iter_init,0x067484d5,KERNEL_OR_BUILTIN,,0,nfc;wwan,2,2,0,1,0,0,0,0,1,1,0x067484d5,0x067484d5,MATCH
class_dev_iter_next,0xafe8798f,KERNEL_OR_BUILTIN,,0,nfc;wwan,2,2,0,1,0,0,0,0,1,1,0xafe8798f,0xafe8798f,MATCH
class_find_device,0x6af5a23e,KERNEL_OR_BUILTIN,,0,adapter_class;charger_class;ieee802154;mtk_charger_algorithm_class;nfc;rpmb;tcpc_class;tkcore;wwan,9,9,0,1,0,0,1,1,1,1,0x6af5a23e,0x6af5a23e,MATCH
class_for_each_device,0x3e37109e,KERNEL_OR_BUILTIN,,0,ieee802154;tcpci_late_sync,2,2,0,1,0,0,1,1,1,1,0x3e37109e,0x3e37109e,MATCH
class_remove_file_ns,0xe11eda7f,KERNEL_OR_BUILTIN,,0,aw883xx_driver;flashlight;yft_devinfo,3,3,0,0,0,0,0,0,0,0,0xe11eda7f,0xe11eda7f,MATCH
class_unregister,0x69bef55d,KERNEL_OR_BUILTIN,,0,aw883xx_driver;cfg80211;ieee802154;mtk_mbraink;nfc;rfkill;rpmb;zram,8,8,0,1,0,0,1,1,1,1,0x69bef55d,0x69bef55d,MATCH
clear_page,0x3d9ee9f0,KERNEL_OR_BUILTIN,,0,mali_kbase_mt6878_r44;mali_mgm_mt6878_r44,2,2,0,1,0,0,1,1,1,1,0x3d9ee9f0,0x3d9ee9f0,MATCH
clk_bulk_disable,0x479f7d4b,KERNEL_OR_BUILTIN,,0,apu_top;mtk_aie;mtk_imgsys_v4l2;mtk_jpeg;mtk_mmc;mtu3;phy_mtk_ufs;xhci_mtk_hcd_v2,8,8,0,1,0,0,1,1,1,1,0x479f7d4b,0x479f7d4b,MATCH
clk_bulk_enable,0xc7a7e770,KERNEL_OR_BUILTIN,,0,apu_top;mtk_aie;mtk_imgsys_v4l2;mtk_jpeg;mtk_mmc;mtu3;phy_mtk_ufs;xhci_mtk_hcd_v2,8,8,0,1,0,0,1,1,1,1,0xc7a7e770,0xc7a7e770,MATCH
clk_bulk_prepare,0xead5c8e5,KERNEL_OR_BUILTIN,,0,apu_top;mtk_aie;mtk_imgsys_v4l2;mtk_jpeg;mtk_mmc;mtu3;phy_mtk_ufs;xhci_mtk_hcd_v2,8,8,0,1,0,0,1,1,1,1,0xead5c8e5,0xead5c8e5,MATCH
clk_bulk_put_all,0xa8caa845,KERNEL_OR_BUILTIN,,0,apu_top,1,1,0,1,0,0,1,1,1,1,0xa8caa845,0xa8caa845,MATCH
clk_bulk_unprepare,0x63c08029,KERNEL_OR_BUILTIN,,0,apu_top;mtk_aie;mtk_imgsys_v4l2;mtk_jpeg;mtk_mmc;mtu3;phy_mtk_ufs;xhci_mtk_hcd_v2,8,8,0,1,0,0,1,1,1,1,0x63c08029,0x63c08029,MATCH
clk_disable,0xb6e6d99d,KERNEL_OR_BUILTIN,,0,8250_mtk;camera_dpe_isp7sp;ccci_ccif;ccci_dpmaif;ccci_fsm_scp;clk_common;clk_disable_unused;cmdq_sec_drv;cmdq_test;device_apc_common;hci_uart;i2c_mt65xx;imgsensor;mali_kbase_mt6878_r44;mdp_drv_mt6878;mediatek_drm;mtk_cam_isp7sp;mtk_ccuv;mtk_cmdq_drv_ext;mtk_iommu;mtk_mmc;mtk_mmdvfs;mtk_mminfra_debug;mtk_mml;mtk_pmic_wrap;mtk_pwm;mtk_scpsys;mtk_smi;mtk_uart_apdma;mtk_vcodec_dec_v1;mtk_vcodec_enc_v1;mtk_vmm_isp71_regulator;pda_drv_mt6878;phy_mtk_xsphy;pwm_mtk_disp;scp;snd_soc_mt6878_afe;spi_mt65xx;spmi_mtk_pmif;tkcore;uarthub_drv;ufs_mediatek_mod;vcp,43,43,0,1,0,0,1,1,1,1,0xb6e6d99d,0xb6e6d99d,MATCH
clk_divider_ops,0x8fd318d4,KERNEL_OR_BUILTIN,,0,clk_common,1,1,0,1,0,0,1,1,1,1,0x8fd318d4,0x8fd318d4,MATCH
clk_enable,0x815588a6,KERNEL_OR_BUILTIN,,0,8250_mtk;camera_dpe_isp7sp;ccci_ccif;ccci_dpmaif;ccci_fsm_scp;clk_bringup;clk_common;clk_disable_unused;cmdq_sec_drv;cmdq_test;device_apc_common;hci_uart;i2c_mt65xx;imgsensor;mali_kbase_mt6878_r44;mdp_drv_mt6878;mediatek_drm;mtk_cam_isp7sp;mtk_ccuv;mtk_cmdq_drv_ext;mtk_iommu;mtk_mmc;mtk_mmdvfs;mtk_mminfra_debug;mtk_mml;mtk_pmic_wrap;mtk_pwm;mtk_scpsys;mtk_smi;mtk_uart_apdma;mtk_vcodec_dec_v1;mtk_vcodec_enc_v1;mtk_vmm_isp71_regulator;pda_drv_mt6878;phy_mtk_xsphy;pwm_mtk_disp;scp;snd_soc_mt6878_afe;spi_mt65xx;spmi_mtk_pmif;tkcore;uarthub_drv;ufs_mediatek_mod;vcp,44,44,0,1,0,0,1,1,1,1,0x815588a6,0x815588a6,MATCH
clk_gate_ops,0xe056f714,KERNEL_OR_BUILTIN,,0,clk_common,1,1,0,1,0,0,1,1,1,1,0xe056f714,0xe056f714,MATCH
clk_get,0x5d2bc299,KERNEL_OR_BUILTIN,,0,apu_top,1,1,0,1,0,0,1,1,1,1,0x5d2bc299,0x5d2bc299,MATCH
clk_get_parent,0x63150e06,KERNEL_OR_BUILTIN,,0,clk_common;clk_disable_unused;mtk_mmc,3,3,0,1,0,0,1,1,1,1,0x63150e06,0x63150e06,MATCH
clk_get_rate,0x556e4390,KERNEL_OR_BUILTIN,,0,8250_mtk;apu_top;i2c_mt65xx;mmqos_common;mtk_mmc;mtk_mmc_dbg;pwm_mtk_disp;spi_mt65xx;ufs_mediatek_mod,9,9,0,1,0,0,1,1,1,1,0x556e4390,0x556e4390,MATCH
clk_hw_get_name,0x7e1ec924,KERNEL_OR_BUILTIN,,0,apu_top;clk_common,2,2,0,1,0,0,1,1,1,1,0x7e1ec924,0x7e1ec924,MATCH
clk_hw_get_num_parents,0x0fc1ea2b,KERNEL_OR_BUILTIN,,0,apu_top;clk_common,2,2,0,1,0,0,1,1,1,1,0x0fc1ea2b,0x0fc1ea2b,MATCH
clk_hw_get_parent,0x01ff9461,KERNEL_OR_BUILTIN,,0,apu_top;clk_common,2,2,0,1,0,0,1,1,1,1,0x01ff9461,0x01ff9461,MATCH
clk_hw_get_parent_by_index,0x497af998,KERNEL_OR_BUILTIN,,0,apu_top;clk_common,2,2,0,1,0,0,1,1,1,1,0x497af998,0x497af998,MATCH
clk_hw_get_parent_index,0xaf08cd8f,KERNEL_OR_BUILTIN,,0,clk_common,1,1,0,1,0,0,0,0,1,1,0xaf08cd8f,0xaf08cd8f,MATCH
clk_hw_get_rate,0x73f4f415,KERNEL_OR_BUILTIN,,0,apu_top;clk_common,2,2,0,1,0,0,1,1,1,1,0x73f4f415,0x73f4f415,MATCH
clk_hw_is_enabled,0x39c6bcf3,KERNEL_OR_BUILTIN,,0,clk_common,1,1,0,1,0,0,1,1,1,1,0x39c6bcf3,0x39c6bcf3,MATCH
clk_hw_is_prepared,0x4d27d89b,KERNEL_OR_BUILTIN,,0,clk_common;clk_disable_unused,2,2,0,1,0,0,1,1,1,1,0x4d27d89b,0x4d27d89b,MATCH
clk_hw_round_rate,0xb08b8340,KERNEL_OR_BUILTIN,,0,clk_common,1,1,0,1,0,0,0,0,1,1,0xb08b8340,0xb08b8340,MATCH
clk_hw_set_parent,0x080f13e0,KERNEL_OR_BUILTIN,,0,clk_common,1,1,0,1,0,0,0,0,1,1,0x080f13e0,0x080f13e0,MATCH
clk_is_match,0x8b149c36,KERNEL_OR_BUILTIN,,0,hci_uart,1,1,0,1,0,0,0,0,1,1,0x8b149c36,0x8b149c36,MATCH
clk_mux_ops,0x2c68f124,KERNEL_OR_BUILTIN,,0,clk_common,1,1,0,1,0,0,1,1,1,1,0x2c68f124,0x2c68f124,MATCH
clk_notifier_register,0x60091316,KERNEL_OR_BUILTIN,,0,clk_common,1,1,0,1,0,0,1,1,1,1,0x60091316,0x60091316,MATCH
clk_prepare,0x7c9a7371,KERNEL_OR_BUILTIN,,0,8250_mtk;camera_dpe_isp7sp;ccci_ccif;ccci_dpmaif;ccci_fsm_scp;clk_bringup;clk_common;clk_disable_unused;cmdq_sec_drv;cmdq_test;device_apc_common;hci_uart;i2c_mt65xx;imgsensor;mali_kbase_mt6878_r44;mdp_drv_mt6878;mediatek_drm;mtk_cam_isp7sp;mtk_ccuv;mtk_cmdq_drv_ext;mtk_iommu;mtk_mmc;mtk_mmdvfs;mtk_mminfra_debug;mtk_mml;mtk_pmic_wrap;mtk_pwm;mtk_scpsys;mtk_smi;mtk_uart_apdma;mtk_vcodec_dec_v1;mtk_vcodec_enc_v1;mtk_vmm_isp71_regulator;pda_drv_mt6878;phy_mtk_xsphy;pwm_mtk_disp;scp;snd_soc_mt6878_afe;spi_mt65xx;spmi_mtk_pmif;tkcore;uarthub_drv;ufs_mediatek_mod;vcp,44,44,0,1,0,0,1,1,1,1,0x7c9a7371,0x7c9a7371,MATCH
clk_put,0x2e1ca751,KERNEL_OR_BUILTIN,,0,apu_top;mali_kbase_mt6878_r44;mtk_cam_isp7sp,3,3,0,1,0,0,1,1,1,1,0x2e1ca751,0x2e1ca751,MATCH
clk_register,0x2e6edf21,KERNEL_OR_BUILTIN,,0,clk_common;mtk_mmdvfs_v3,2,2,0,1,0,0,1,1,1,1,0x2e6edf21,0x2e6edf21,MATCH
clk_register_composite,0xa7ee61bf,KERNEL_OR_BUILTIN,,0,clk_common,1,1,0,1,0,0,1,1,1,1,0xa7ee61bf,0xa7ee61bf,MATCH
clk_register_divider_table,0xf1215e76,KERNEL_OR_BUILTIN,,0,clk_common,1,1,0,1,0,0,1,1,1,1,0xf1215e76,0xf1215e76,MATCH
clk_register_fixed_factor,0x0f3e4115,KERNEL_OR_BUILTIN,,0,clk_common,1,1,0,1,0,0,1,1,1,1,0x0f3e4115,0x0f3e4115,MATCH
clk_register_fixed_rate,0x82eca5da,KERNEL_OR_BUILTIN,,0,clk_common,1,1,0,1,0,0,1,1,1,1,0x82eca5da,0x82eca5da,MATCH
clk_set_parent,0x2396c7f0,KERNEL_OR_BUILTIN,,0,apu_top;clk_common;imgsensor;mediatek_drm;mtk_cam_isp7sp;mtk_mmdvfs;mtk_vmm_isp71_regulator;scp;snd_soc_mt6878_afe;spi_mt65xx;ufs_mediatek_mod;vcp,12,12,0,1,0,0,1,1,1,1,0x2396c7f0,0x2396c7f0,MATCH
clk_set_rate,0x76d9b876,KERNEL_OR_BUILTIN,,0,apu_top;clk_common;hci_uart;mali_kbase_mt6878_r44;mdp_drv_mt6878;mediatek_drm;mtk_cam_isp7sp;mtk_imgsys_cmdq;mtk_jpeg;mtk_mmdvfs;mtk_mmdvfs_v3;mtk_mml;mtk_vcodec_dec_v1;mtk_vcodec_enc_v1;snd_soc_mt6878_afe,15,15,0,1,0,0,1,1,1,1,0x76d9b876,0x76d9b876,MATCH
clk_unprepare,0xb077e70a,KERNEL_OR_BUILTIN,,0,8250_mtk;camera_dpe_isp7sp;ccci_ccif;ccci_dpmaif;ccci_fsm_scp;clk_bringup;clk_common;clk_disable_unused;cmdq_sec_drv;cmdq_test;device_apc_common;hci_uart;i2c_mt65xx;imgsensor;mali_kbase_mt6878_r44;mdp_drv_mt6878;mediatek_drm;mtk_cam_isp7sp;mtk_ccuv;mtk_cmdq_drv_ext;mtk_iommu;mtk_mmc;mtk_mmdvfs;mtk_mminfra_debug;mtk_mml;mtk_pmic_wrap;mtk_pwm;mtk_scpsys;mtk_smi;mtk_uart_apdma;mtk_vcodec_dec_v1;mtk_vcodec_enc_v1;mtk_vmm_isp71_regulator;pda_drv_mt6878;phy_mtk_xsphy;pwm_mtk_disp;scp;snd_soc_mt6878_afe;spi_mt65xx;spmi_mtk_pmif;tkcore;uarthub_drv;ufs_mediatek_mod;vcp,44,44,0,1,0,0,1,1,1,1,0xb077e70a,0xb077e70a,MATCH
clockevents_config_and_register,0x1092d9de,KERNEL_OR_BUILTIN,,0,timer_mediatek,1,1,0,1,0,0,1,1,1,1,0x1092d9de,0x1092d9de,MATCH
clocks_calc_mult_shift,0x62bb09bf,KERNEL_OR_BUILTIN,,0,adsp;gpueb;mcupm;sspm_v3,4,4,0,1,0,0,1,1,1,1,0x62bb09bf,0x62bb09bf,MATCH
clocksource_mmio_init,0x3f4fc1ef,KERNEL_OR_BUILTIN,,0,timer_mediatek,1,1,0,1,0,0,1,1,1,1,0x3f4fc1ef,0x3f4fc1ef,MATCH
clocksource_mmio_readl_up,0x49b9dfb4,KERNEL_OR_BUILTIN,,0,timer_mediatek,1,1,0,1,0,0,1,1,1,1,0x49b9dfb4,0x49b9dfb4,MATCH
cma_alloc,0x72b32442,KERNEL_OR_BUILTIN,,0,ccci_dpmaif;tmem_ffa,2,2,0,1,0,0,1,1,1,1,0x72b32442,0x72b32442,MATCH
cma_release,0xbcc61de4,KERNEL_OR_BUILTIN,,0,tmem_ffa,1,1,0,1,0,0,1,1,1,1,0xbcc61de4,0xbcc61de4,MATCH
compat_ptr_ioctl,0xd3720693,KERNEL_OR_BUILTIN,,0,rfkill;wwan,2,2,0,1,0,0,1,1,1,1,0xd3720693,0xd3720693,MATCH
complete,0xa6257a2f,KERNEL_OR_BUILTIN,,0,adsp;aee_aed;apu_top;apusys;bluetooth;bt_drv_6878;camera_dpe_isp7sp;cmdq_test;conninfra;connscp;fmradio_drv_connac2x;gps_drv_dl_v051;gz_ipc_mod;gz_trusty_mod;gz_tz_system;gz_virtio_mod;hci_uart;i2c_mt65xx;mali_kbase_mt6878_r44;mddp;met;mt6375_charger;mtk_cam_isp7sp;mtk_cmdq_drv_ext;mtk_imgsys_v4l2;mtk_mml;mtk_tinysys_ipi;rtc_mt6685;sapu;scp;sensorhub;spi_mt65xx;tkcore;tkcore_drv;ufs_mediatek_mod;vcp;wlan_drv_gen4m_6878;wmt_chrdev_wifi_connac2;xhci_mtk_hcd_v2,39,40,0,1,0,0,1,1,1,1,0xa6257a2f,0xa6257a2f,MATCH
complete_all,0x93d6dd8c,KERNEL_OR_BUILTIN,,0,adsp;camera_dpe_isp7sp;gz_virtio_mod;mali_kbase_mt6878_r44;mtk_aie;mtk_mml;wlan_drv_gen4m_6878;xhci_mtk_hcd_v2,8,8,0,1,0,0,1,1,1,1,0x93d6dd8c,0x93d6dd8c,MATCH
completion_done,0xddf6ad7a,KERNEL_OR_BUILTIN,,0,mali_kbase_mt6878_r44;wlan_drv_gen4m_6878,2,2,0,1,0,0,1,1,1,1,0xddf6ad7a,0xddf6ad7a,MATCH
component_add,0xecc09b4d,KERNEL_OR_BUILTIN,,0,mediatek_drm;mtk_cam_isp7sp;mtk_mml;mtk_smi,4,4,0,1,0,0,1,1,1,1,0xecc09b4d,0xecc09b4d,MATCH
component_add_typed,0x8913ca50,KERNEL_OR_BUILTIN,,0,mtk_mml,1,1,0,1,0,0,1,1,1,1,0x8913ca50,0x8913ca50,MATCH
component_bind_all,0x30b703f5,KERNEL_OR_BUILTIN,,0,mediatek_drm;mtk_cam_isp7sp;mtk_iommu;mtk_mml,4,4,0,1,0,0,1,1,1,1,0x30b703f5,0x30b703f5,MATCH
component_del,0x8c7aa996,KERNEL_OR_BUILTIN,,0,mediatek_drm;mtk_cam_isp7sp;mtk_mml;mtk_smi,4,4,0,1,0,0,1,1,1,1,0x8c7aa996,0x8c7aa996,MATCH
component_master_add_with_match,0xd7a582bc,KERNEL_OR_BUILTIN,,0,mediatek_drm;mtk_cam_isp7sp;mtk_iommu;mtk_mml,4,4,0,1,0,0,1,1,1,1,0xd7a582bc,0xd7a582bc,MATCH
component_master_del,0x7996b226,KERNEL_OR_BUILTIN,,0,mediatek_drm;mtk_cam_isp7sp;mtk_iommu;mtk_mml,4,4,0,1,0,0,1,1,1,1,0x7996b226,0x7996b226,MATCH
component_match_add_release,0xf4013a82,KERNEL_OR_BUILTIN,,0,mediatek_drm;mtk_cam_isp7sp;mtk_iommu,3,3,0,1,0,0,1,1,1,1,0xf4013a82,0xf4013a82,MATCH
component_match_add_typed,0x17d6bd85,KERNEL_OR_BUILTIN,,0,mtk_mml,1,1,0,1,0,0,1,1,1,1,0x17d6bd85,0x17d6bd85,MATCH
component_unbind_all,0xd241f9aa,KERNEL_OR_BUILTIN,,0,mediatek_drm;mtk_cam_isp7sp;mtk_iommu;mtk_mml,4,4,0,1,0,0,1,1,1,1,0xd241f9aa,0xd241f9aa,MATCH
config_ep_by_speed,0xeedd3616,KERNEL_OR_BUILTIN,,0,c2k_usb;mtk_usb_f_rndis,2,2,0,1,0,0,1,1,1,1,0xeedd3616,0xeedd3616,MATCH
config_group_init_type_name,0x9681b115,KERNEL_OR_BUILTIN,,0,c2k_usb;mtk_usb_f_rndis,2,2,0,1,0,0,1,1,1,1,0x9681b115,0x9681b115,MATCH
console_drivers,0x0148e770,KERNEL_OR_BUILTIN,,0,mtk_printk_ctrl,1,1,0,1,0,0,1,1,1,1,0x0148e770,0x0148e770,MATCH
console_suspend_enabled,0x0366307a,KERNEL_OR_BUILTIN,,0,mtk_lpm_dbg_common_v2,1,1,0,1,0,0,1,1,1,1,0x0366307a,0x0366307a,MATCH
consume_skb,0x925b1655,KERNEL_OR_BUILTIN,,0,can;can_dev;ccmni;cdc_eem;cfg80211;ieee802154_6lowpan;ieee802154_socket;mac80211;mac802154;mddp;mtk_usb_f_rndis;ppp_generic;pptp;r8152;rtl8150;slcan;tipc;usbnet;vcan;wlan_drv_gen4m_6878;wwan,21,21,0,1,0,0,1,1,1,1,0x925b1655,0x925b1655,MATCH
contig_page_data,0xce482787,KERNEL_OR_BUILTIN,,0,mali_kbase_mt6878_r44;mali_mgm_mt6878_r44;system_heap;trace_mmstat,4,4,0,1,0,0,1,1,1,1,0xce482787,0xce482787,MATCH
copy_from_kernel_nofault,0x4531ab62,KERNEL_OR_BUILTIN,,0,mrdump;mtk_heap_debug;mtk_vcu,3,3,0,1,0,0,1,1,1,1,0x4531ab62,0x4531ab62,MATCH
cpu_all_bits,0xd994ecee,KERNEL_OR_BUILTIN,,0,gz_tz_system;mediatek_drm;wlan_drv_gen4m_6878,3,3,0,1,0,0,1,1,1,1,0xd994ecee,0xd994ecee,MATCH
cpu_bit_bitmap,0x62ad2053,KERNEL_OR_BUILTIN,,0,aee_hangdet;cache_parity;mediatek_drm;ufs_mediatek_mod;wlan_drv_gen4m_6878,5,5,0,1,0,0,1,1,1,1,0x62ad2053,0x62ad2053,MATCH
cpu_busy_with_softirqs,0x3c5aab9e,KERNEL_OR_BUILTIN,,0,scheduler,1,1,0,0,0,0,0,0,0,0,0x3c5aab9e,0x3c5aab9e,MATCH
cpu_hotplug_disable,0x4d0015e2,KERNEL_OR_BUILTIN,,0,aee_hangdet;mtk_core_ctl;mtk_lpm_plat_v1,3,3,0,1,0,0,1,1,1,1,0x4d0015e2,0x4d0015e2,MATCH
cpu_hotplug_enable,0xf6c8dc62,KERNEL_OR_BUILTIN,,0,aee_hangdet;mtk_core_ctl;mtk_lpm_plat_v1,3,3,0,1,0,0,1,1,1,1,0xf6c8dc62,0xf6c8dc62,MATCH
cpu_hwcaps,0x79e4c52b,KERNEL_OR_BUILTIN,,0,8021q;adsp;aee_aed;aee_rs;apu_top;apusys;atf_logger;audio_ipi;aw883xx_driver;blocktag;bluetooth;bootprof;bt_drv_6878;c2ps_perf_ioctl;camera_dpe_isp7sp;camera_eeprom_v4l2;can_dev;can_raw;ccci_dpmaif;ccci_md_all;ccci_util_lib;ccmni;clk_common;cmdq_test;connfem;conninfra;connscp;cpudvfs;cpuqos_v3;custom_ldo_wl2868;device_apc_common;dw9781c;fhctl;flashlight;fmradio_drv_connac2x;focaltech_touch_spi_ft3680;ftdi_sio;ged;gps_drv_dl_v051;gps_pwr;gps_scp;gpueb;gz_log_mod;gz_main_mod;gzvm;hbt;hf_manager;hidp;ieee802154_socket;imgsensor;l2tp_ppp;log_store;main2_vcm;main3_vcm;main4_vcm;main_vcm;mali_dmabuf_test_mt6878_r44;mali_kbase_mt6878_r44;mcupm;md_cooling_all;mddp;mdp_drv_mt6878;mediatek_drm;microarray_fp_tee;mmprofile;monitor_hang;mrdump;mt6375_battery;mt6878_mt6369;mtk_btcvsd;mtk_cam_isp7sp;mtk_ccd_remoteproc;mtk_ccuv;mtk_charger_framework;mtk_core_ctl;mtk_dpc;mtk_gpu_qos;mtk_gpufreq_wrapper;mtk_hcp;mtk_heap_debug;mtk_imgsys_v4l2;mtk_ioctl_powerhal;mtk_ioctl_touch_boost;mtk_lpm;mtk_mbraink;mtk_mdpm;mtk_mmc_dbg;mtk_mml;mtk_pbm;mtk_peak_power_budget;mtk_perf_ioctl;mtk_perf_ioctl_magt;mtk_printk_ctrl;mtk_scp_audiocommon;mtk_soc_offload_common;mtk_swpm;mtk_vcodec_dec_v1;mtk_vcu;mtk_vow;mtu3;mux_switch;nfc;pda_drv_mt6878;phy_mtk_xsphy;pidmap;pinctrl_mtk_common_v2_debug;powerhal_cpu_ctrl;ppp_generic;pppox;pptp;rfcomm;rfkill;rpmb_mtk;rtc_mt6685;sapu;scheduler;scp;sec;slcan;snd_soc_audiodsp_common;snd_soc_mt6369;snd_soc_mtk_common;snd_soc_mtk_scp_ultra;snd_soc_tfa98xx;spi_tiny_co5300_lcd;sspm_v3;st21nfc;sub_vcm;teeperf;thermal_interface;tipc;tkcore;touch_boost;uarthub_drv;ufs_mediatek_dbg;ufs_mediatek_mod;usb_logger;usb_offload;vcp;widevine_driver;wlan_drv_gen4m_6878;wmt_chrdev_wifi_connac2;wwan;xhci_mtk_hcd_v2;yft_tpd_gesture,145,146,0,1,1,0,1,1,1,1,0x79e4c52b,0x79e4c52b,MATCH
cpu_latency_qos_add_request,0x589e1a22,KERNEL_OR_BUILTIN,,0,apusys;i2c_mt65xx;mediatek_cpufreq_hw;mediatek_drm;mtk_lpm_dbg_common_v2;mtk_lpm_plat_v1;mtk_mmc;ufs_mediatek_mod;usb_boost,9,9,0,1,0,0,1,1,1,1,0x589e1a22,0x589e1a22,MATCH
cpu_latency_qos_remove_request,0x3aaa15b2,KERNEL_OR_BUILTIN,,0,apusys;mediatek_cpufreq_hw;mtk_lpm_dbg_common_v2;mtk_lpm_plat_v1;mtk_mmc,5,5,0,1,0,0,1,1,1,1,0x3aaa15b2,0x3aaa15b2,MATCH
cpu_latency_qos_update_request,0xdc528096,KERNEL_OR_BUILTIN,,0,apusys;i2c_mt65xx;mediatek_drm;mtk_lpm_dbg_common_v2;mtk_lpm_plat_v1;mtk_mmc;ufs_mediatek_mod;usb_boost,8,8,0,1,0,0,1,1,1,1,0xdc528096,0xdc528096,MATCH
cpu_number,0xf8b9acd3,KERNEL_OR_BUILTIN,,0,8250_mtk;aee_aed;aee_hangdet;apu_top;apusys;arm_dsu_pmu;blocktag;bt_drv_6878;cache_parity;ccci_util_lib;ccmni;cfg80211;cpufreq_sugov_ext;cpuqos_v3;ged;gz_ipc_mod;gz_irq_mod;gz_trusty_mod;gz_tz_system;ieee802154;imgsensor;l2tp_core;lpm_gov_MHSP;mac80211;mac802154;mali_kbase_mt6878_r44;md_cooling_all;mddp;mediatek_drm;met;mmqos_common;mrdump;mtk_c2ps;mtk_cam_isp7sp;mtk_cg_peak_power_throttling;mtk_core_ctl;mtk_cpu_power_throttling;mtk_dvfsrc_regulator;mtk_emi;mtk_fpsgo;mtk_gpu_power_throttling;mtk_gpufreq_wrapper;mtk_icc_core;mtk_imgsys_cmdq;mtk_imgsys_v4l2;mtk_low_battery_throttling;mtk_lpm;mtk_lpm_dbg_common_v2;mtk_lpm_plat_v1;mtk_mbox;mtk_mbraink;mtk_mmdvfs_ftrace;mtk_peak_power_budget;mtk_perf_common;mtk_uart_apdma;mtk_vmm_isp71_regulator;mtu3;powerhal_cpu_ctrl;scheduler;snd_soc_audiodsp_common;task_turbo;thermal_trace;timer_mediatek;tipc;touch_boost;trace_mmstat;ufs_mediatek_dbg;ufs_mediatek_mod;usb_logger;wlan_drv_gen4m_6878;xhci_mtk_hcd_v2,71,71,0,1,0,0,1,1,1,1,0xf8b9acd3,0xf8b9acd3,MATCH
cpu_pm_register_notifier,0x444f1735,KERNEL_OR_BUILTIN,,0,met,1,1,0,1,0,0,1,1,1,1,0x444f1735,0x444f1735,MATCH
cpu_pm_unregister_notifier,0x4f98d766,KERNEL_OR_BUILTIN,,0,met,1,1,0,1,0,0,1,1,1,1,0x4f98d766,0x4f98d766,MATCH
cpu_scale,0x54552241,KERNEL_OR_BUILTIN,,0,cpufreq_sugov_ext;scheduler,2,2,0,1,0,0,1,1,1,1,0x54552241,0x54552241,MATCH
cpu_subsys,0x94715028,KERNEL_OR_BUILTIN,,0,cpuqos_v3;mtk_core_ctl;mtk_perf_common;scheduler,4,4,0,1,0,0,1,1,1,1,0x94715028,0x94715028,MATCH
cpu_topology,0x0de6d465,KERNEL_OR_BUILTIN,,0,cpufreq_sugov_ext;lpm_gov_MHSP;mtk_c2ps;mtk_cg_peak_power_throttling;mtk_core_ctl;mtk_lpm_dbg_common_v2;mtk_perf_ioctl_magt;scheduler;task_turbo;tkcore,10,10,0,1,0,0,1,1,1,1,0x0de6d465,0x0de6d465,MATCH
cpufreq_add_update_util_hook,0x1403ad09,KERNEL_OR_BUILTIN,,0,cpufreq_sugov_ext,1,1,0,1,0,0,1,1,1,1,0x1403ad09,0x1403ad09,MATCH
cpufreq_cpu_get,0x70475977,KERNEL_OR_BUILTIN,,0,ccci_dpmaif;cpudvfs;cpufreq_sugov_ext;mediatek_drm;met;mtk_c2ps;mtk_cg_peak_power_throttling;mtk_cm_mgr;mtk_core_ctl;mtk_cpu_power_throttling;mtk_fpsgo;mtk_mbraink;mtk_pbm;mtk_perf_common;powerhal_cpu_ctrl;scheduler;teeperf;tmem_ffa;touch_boost;usb_boost;wlan_drv_gen4m_6878,21,21,0,1,0,0,1,1,1,1,0x70475977,0x70475977,MATCH
cpufreq_cpu_put,0xeff012e0,KERNEL_OR_BUILTIN,,0,cpudvfs;cpufreq_sugov_ext;mediatek_drm;met;mtk_c2ps;mtk_cg_peak_power_throttling;mtk_cm_mgr;mtk_core_ctl;mtk_cpu_power_throttling;mtk_fpsgo;mtk_mbraink;mtk_pbm;mtk_perf_common;powerhal_cpu_ctrl;scheduler;teeperf;tmem_ffa;touch_boost;wlan_drv_gen4m_6878,19,19,0,1,0,0,1,1,1,1,0xeff012e0,0xeff012e0,MATCH
cpufreq_disable_fast_switch,0x9fef0d32,KERNEL_OR_BUILTIN,,0,cpufreq_sugov_ext,1,1,0,1,0,0,1,1,1,1,0x9fef0d32,0x9fef0d32,MATCH
cpufreq_driver_fast_switch,0xbc22999d,KERNEL_OR_BUILTIN,,0,cpufreq_sugov_ext,1,1,0,1,0,0,1,1,1,1,0xbc22999d,0xbc22999d,MATCH
cpufreq_driver_resolve_freq,0xaba5f612,KERNEL_OR_BUILTIN,,0,cpufreq_sugov_ext,1,1,0,1,0,0,1,1,1,1,0xaba5f612,0xaba5f612,MATCH
cpufreq_enable_fast_switch,0x98b5f0dc,KERNEL_OR_BUILTIN,,0,cpufreq_sugov_ext,1,1,0,1,0,0,1,1,1,1,0x98b5f0dc,0x98b5f0dc,MATCH
cpufreq_generic_attr,0x632ffc4f,KERNEL_OR_BUILTIN,,0,mediatek_cpufreq_hw,1,1,0,1,0,0,1,1,1,1,0x632ffc4f,0x632ffc4f,MATCH
cpufreq_generic_frequency_table_verify,0xc289e46d,KERNEL_OR_BUILTIN,,0,mediatek_cpufreq_hw,1,1,0,1,0,0,1,1,1,1,0xc289e46d,0xc289e46d,MATCH
cpufreq_get_policy,0xa7c7febc,KERNEL_OR_BUILTIN,,0,mtk_fpsgo,1,1,0,1,0,0,1,1,1,1,0xa7c7febc,0xa7c7febc,MATCH
cpufreq_policy_transition_delay_us,0x353655e9,KERNEL_OR_BUILTIN,,0,cpufreq_sugov_ext,1,1,0,1,0,0,1,1,1,1,0x353655e9,0x353655e9,MATCH
cpufreq_quick_get,0x7c46233a,KERNEL_OR_BUILTIN,,0,mtk_pbm,1,1,0,1,0,0,1,1,1,1,0x7c46233a,0x7c46233a,MATCH
cpufreq_register_driver,0xee829b11,KERNEL_OR_BUILTIN,,0,mediatek_cpufreq_hw,1,1,0,1,0,0,1,1,1,1,0xee829b11,0xee829b11,MATCH
cpufreq_register_governor,0x40a85c54,KERNEL_OR_BUILTIN,,0,cpufreq_sugov_ext,1,1,0,1,0,0,1,1,1,1,0x40a85c54,0x40a85c54,MATCH
cpufreq_remove_update_util_hook,0x3192d768,KERNEL_OR_BUILTIN,,0,cpufreq_sugov_ext,1,1,0,1,0,0,1,1,1,1,0x3192d768,0x3192d768,MATCH
cpufreq_table_index_unsorted,0x76dd70d6,KERNEL_OR_BUILTIN,,0,mtk_cm_mgr,1,1,0,1,0,0,1,1,1,1,0x76dd70d6,0x76dd70d6,MATCH
cpufreq_this_cpu_can_update,0x03d7bbbb,KERNEL_OR_BUILTIN,,0,cpufreq_sugov_ext,1,1,0,1,0,0,1,1,1,1,0x03d7bbbb,0x03d7bbbb,MATCH
cpufreq_unregister_driver,0x2648be53,KERNEL_OR_BUILTIN,,0,mediatek_cpufreq_hw,1,1,0,1,0,0,1,1,1,1,0x2648be53,0x2648be53,MATCH
cpufreq_unregister_governor,0x711f2958,KERNEL_OR_BUILTIN,,0,cpufreq_sugov_ext,1,1,0,1,0,0,1,1,1,1,0x711f2958,0x711f2958,MATCH
cpufreq_update_limits,0x816a41ca,KERNEL_OR_BUILTIN,,0,teeperf;tmem_ffa,2,2,0,1,0,0,1,1,1,1,0x816a41ca,0x816a41ca,MATCH
cpufreq_update_util_data,0x68071e79,KERNEL_OR_BUILTIN,,0,scheduler,1,1,0,1,0,0,0,0,1,1,0x68071e79,0x68071e79,MATCH
cpuidle_driver_state_disabled,0x00cb8431,KERNEL_OR_BUILTIN,,0,mtk_lpm_dbg_common_v2,1,1,0,1,0,0,1,1,1,1,0x00cb8431,0x00cb8431,MATCH
cpuidle_get_driver,0x3a864b43,KERNEL_OR_BUILTIN,,0,mtk_lpm;mtk_lpm_dbg_common_v2;mtk_lpm_plat_v1,3,3,0,1,0,0,1,1,1,1,0x3a864b43,0x3a864b43,MATCH
cpuidle_governor_latency_req,0xc319717f,KERNEL_OR_BUILTIN,,0,lpm_gov_MHSP,1,1,0,1,0,0,0,0,1,1,0xc319717f,0xc319717f,MATCH
cpuidle_pause_and_lock,0xf553318d,KERNEL_OR_BUILTIN,,0,mtk_lpm;mtk_lpm_dbg_common_v2;mtk_lpm_plat_v1;vcp,4,4,0,1,0,0,1,1,1,1,0xf553318d,0xf553318d,MATCH
cpuidle_register_governor,0x61b8fbb1,KERNEL_OR_BUILTIN,,0,lpm_gov_MHSP,1,1,0,1,0,0,0,0,1,1,0x61b8fbb1,0x61b8fbb1,MATCH
cpuidle_resume_and_unlock,0xcabe04de,KERNEL_OR_BUILTIN,,0,mtk_lpm;mtk_lpm_dbg_common_v2;mtk_lpm_plat_v1;vcp,4,4,0,1,0,0,1,1,1,1,0xcabe04de,0xcabe04de,MATCH
cpumask_any_and_distribute,0xceb4af5b,KERNEL_OR_BUILTIN,,0,scheduler,1,1,0,1,0,0,0,0,1,1,0xceb4af5b,0xceb4af5b,MATCH
cpupri_find_fitness,0xa26560aa,KERNEL_OR_BUILTIN,,0,scheduler,1,1,0,1,0,0,0,0,1,1,0xa26560aa,0xa26560aa,MATCH
cpus_read_lock,0xa04f945a,KERNEL_OR_BUILTIN,,0,met;tkcore_drv,2,2,0,1,0,0,1,1,1,1,0xa04f945a,0xa04f945a,MATCH
cpus_read_unlock,0x18fb2caf,KERNEL_OR_BUILTIN,,0,met;tkcore_drv,2,2,0,1,0,0,1,1,1,1,0x18fb2caf,0x18fb2caf,MATCH
crc16,0xbd6841d4,KERNEL_OR_BUILTIN,,0,bluetooth,1,2,0,1,0,0,0,0,1,1,0xbd6841d4,0xbd6841d4,MATCH
crc32_be,0x4df02057,KERNEL_OR_BUILTIN,,0,mac80211,1,1,0,1,0,0,0,0,1,1,0x4df02057,0x4df02057,MATCH
crc32_le,0x69dd3b5b,KERNEL_OR_BUILTIN,,0,aqc111;asix;ax88179_178a;cdc_eem;cfg80211;mac80211;mrdump;r8152;snd_soc_tfa98xx,9,9,0,1,0,0,1,1,1,1,0x69dd3b5b,0x69dd3b5b,MATCH
crc8,0x9c5d5b94,KERNEL_OR_BUILTIN,,0,rt5133_regulator,1,1,0,1,0,0,1,1,1,1,0x9c5d5b94,0x9c5d5b94,MATCH
crc8_populate_msb,0xaa8106bc,KERNEL_OR_BUILTIN,,0,rt5133_regulator,1,1,0,1,0,0,1,1,1,1,0xaa8106bc,0xaa8106bc,MATCH
crc_ccitt,0x52ecbc75,KERNEL_OR_BUILTIN,,0,mac802154,1,1,0,1,0,0,0,0,1,1,0x52ecbc75,0x52ecbc75,MATCH
crypto_aead_decrypt,0x80c539ad,KERNEL_OR_BUILTIN,,0,mac80211;mac802154;tipc,3,3,0,1,0,0,0,0,1,1,0x80c539ad,0x80c539ad,MATCH
crypto_aead_encrypt,0x3d564936,KERNEL_OR_BUILTIN,,0,mac80211;mac802154;tipc,3,3,0,1,0,0,0,0,1,1,0x3d564936,0x3d564936,MATCH
crypto_aead_setauthsize,0x5de839de,KERNEL_OR_BUILTIN,,0,mac80211;mac802154;tipc,3,3,0,1,0,0,0,0,1,1,0x5de839de,0x5de839de,MATCH
crypto_aead_setkey,0x3de7f547,KERNEL_OR_BUILTIN,,0,mac80211;mac802154;tipc,3,3,0,1,0,0,0,0,1,1,0x3de7f547,0x3de7f547,MATCH
crypto_alloc_aead,0xbfb0935d,KERNEL_OR_BUILTIN,,0,mac80211;mac802154;tipc,3,3,0,1,0,0,0,0,1,1,0xbfb0935d,0xbfb0935d,MATCH
crypto_alloc_base,0x06caa363,KERNEL_OR_BUILTIN,,0,zram,1,1,0,1,0,0,1,1,1,1,0x06caa363,0x06caa363,MATCH
crypto_alloc_kpp,0x7795233a,KERNEL_OR_BUILTIN,,0,bluetooth,1,2,0,1,0,0,0,0,1,1,0x7795233a,0x7795233a,MATCH
crypto_alloc_shash,0x5b3ecf50,KERNEL_OR_BUILTIN,,0,bluetooth;mac80211;ppp_mppe;r8152;rpmb_mtk,5,6,0,1,0,0,1,1,1,1,0x5b3ecf50,0x5b3ecf50,MATCH
crypto_alloc_skcipher,0xb786e327,KERNEL_OR_BUILTIN,,0,mac80211,1,1,0,1,0,0,0,0,1,1,0xb786e327,0xb786e327,MATCH
crypto_alloc_sync_skcipher,0xdea2eaf0,KERNEL_OR_BUILTIN,,0,mac802154,1,1,0,1,0,0,0,0,1,1,0xdea2eaf0,0xdea2eaf0,MATCH
crypto_comp_compress,0xdd046394,KERNEL_OR_BUILTIN,,0,zram,1,1,0,1,0,0,1,1,1,1,0xdd046394,0xdd046394,MATCH
crypto_comp_decompress,0x240b4b98,KERNEL_OR_BUILTIN,,0,zram,1,1,0,1,0,0,1,1,1,1,0x240b4b98,0x240b4b98,MATCH
crypto_default_rng,0x6c9331b1,KERNEL_OR_BUILTIN,,0,tipc,1,1,0,1,0,0,0,0,1,1,0x6c9331b1,0x6c9331b1,MATCH
crypto_destroy_tfm,0x996f6d67,KERNEL_OR_BUILTIN,,0,bluetooth;mac80211;mac802154;ppp_mppe;r8152;rpmb_mtk;tipc;zram,8,9,0,1,0,0,1,1,1,1,0x996f6d67,0x996f6d67,MATCH
crypto_ecdh_encode_key,0xb230d2ec,KERNEL_OR_BUILTIN,,0,bluetooth,1,2,0,1,0,0,0,0,1,1,0xb230d2ec,0xb230d2ec,MATCH
crypto_ecdh_key_len,0x7475be8e,KERNEL_OR_BUILTIN,,0,bluetooth,1,2,0,1,0,0,0,0,1,1,0x7475be8e,0x7475be8e,MATCH
crypto_get_default_rng,0x6ff607b6,KERNEL_OR_BUILTIN,,0,tipc,1,1,0,1,0,0,0,0,1,1,0x6ff607b6,0x6ff607b6,MATCH
crypto_has_ahash,0x34407691,KERNEL_OR_BUILTIN,,0,ppp_mppe,1,1,0,1,0,0,0,0,1,1,0x34407691,0x34407691,MATCH
crypto_has_alg,0x951a2773,KERNEL_OR_BUILTIN,,0,tipc;zram,2,2,0,1,0,0,1,1,1,1,0x951a2773,0x951a2773,MATCH
crypto_put_default_rng,0x668402aa,KERNEL_OR_BUILTIN,,0,tipc,1,1,0,1,0,0,0,0,1,1,0x668402aa,0x668402aa,MATCH
crypto_shash_digest,0x5dd4ac73,KERNEL_OR_BUILTIN,,0,mac80211;r8152,2,2,0,1,0,0,0,0,1,1,0x5dd4ac73,0x5dd4ac73,MATCH
crypto_shash_final,0xee0bf3c2,KERNEL_OR_BUILTIN,,0,ppp_mppe;rpmb_mtk,2,2,0,1,0,0,1,1,1,1,0xee0bf3c2,0xee0bf3c2,MATCH
crypto_shash_finup,0xced3ee9b,KERNEL_OR_BUILTIN,,0,mac80211,1,1,0,1,0,0,0,0,1,1,0xced3ee9b,0xced3ee9b,MATCH
crypto_shash_setkey,0x72a3fb20,KERNEL_OR_BUILTIN,,0,bluetooth;mac80211;rpmb_mtk,3,4,0,1,0,0,1,1,1,1,0x72a3fb20,0x72a3fb20,MATCH
crypto_shash_tfm_digest,0xd395e8c3,KERNEL_OR_BUILTIN,,0,bluetooth,1,2,0,1,0,0,0,0,1,1,0xd395e8c3,0xd395e8c3,MATCH
crypto_shash_update,0xd0b8754a,KERNEL_OR_BUILTIN,,0,mac80211;ppp_mppe;rpmb_mtk,3,3,0,1,0,0,1,1,1,1,0xd0b8754a,0xd0b8754a,MATCH
crypto_skcipher_decrypt,0x5528f6cb,KERNEL_OR_BUILTIN,,0,mac80211;mac802154,2,2,0,1,0,0,0,0,1,1,0x5528f6cb,0x5528f6cb,MATCH
crypto_skcipher_encrypt,0xcfad4135,KERNEL_OR_BUILTIN,,0,mac80211;mac802154,2,2,0,1,0,0,0,0,1,1,0xcfad4135,0xcfad4135,MATCH
crypto_skcipher_setkey,0x26a098fc,KERNEL_OR_BUILTIN,,0,mac80211;mac802154,2,2,0,1,0,0,0,0,1,1,0x26a098fc,0x26a098fc,MATCH
css_next_child,0xd19a6c6f,KERNEL_OR_BUILTIN,,0,scheduler,1,1,0,1,0,0,0,0,1,1,0xd19a6c6f,0xd19a6c6f,MATCH
csum_ipv6_magic,0x4d65cbd5,KERNEL_OR_BUILTIN,,0,r8152,1,1,0,1,0,0,0,0,1,1,0x4d65cbd5,0x4d65cbd5,MATCH
csum_partial,0xe113bbbc,KERNEL_OR_BUILTIN,,0,cfg80211;mac80211,2,2,0,1,0,0,0,0,1,1,0xe113bbbc,0xe113bbbc,MATCH
ct_idle_enter,0xa2c0f59a,KERNEL_OR_BUILTIN,,0,mtk_lpm,1,1,0,1,0,0,0,0,1,1,0xa2c0f59a,0xa2c0f59a,MATCH
ct_idle_exit,0x52647db1,KERNEL_OR_BUILTIN,,0,mtk_lpm,1,1,0,1,0,0,0,0,1,1,0x52647db1,0x52647db1,MATCH
d_path,0x4aef61ee,KERNEL_OR_BUILTIN,,0,monitor_hang;mtk_heap_debug,2,2,0,1,0,0,1,1,1,1,0x4aef61ee,0x4aef61ee,MATCH
dapm_clock_event,0x45277c97,KERNEL_OR_BUILTIN,,0,snd_soc_mt6878_afe,1,1,0,1,0,0,1,1,1,1,0x45277c97,0x45277c97,MATCH
dapm_kcontrol_get_value,0xa7874699,KERNEL_OR_BUILTIN,,0,snd_soc_mt6369,1,1,0,1,0,0,1,1,1,1,0xa7874699,0xa7874699,MATCH
dapm_regulator_event,0x09700f5e,KERNEL_OR_BUILTIN,,0,snd_soc_mt6369,1,1,0,1,0,0,1,1,1,1,0x09700f5e,0x09700f5e,MATCH
datagram_poll,0x4cdae0ba,KERNEL_OR_BUILTIN,,0,bluetooth;can_bcm;can_raw;ieee802154_socket;l2tp_ppp;nfc,6,7,0,1,0,0,0,0,1,1,0x4cdae0ba,0x4cdae0ba,MATCH
deactivate_task,0xab0c473a,KERNEL_OR_BUILTIN,,0,scheduler;task_turbo,2,2,0,1,0,0,1,1,1,1,0xab0c473a,0xab0c473a,MATCH
debugfs_attr_read,0x227fcbb5,KERNEL_OR_BUILTIN,,0,apusys;bluetooth;mali_kbase_mt6878_r44;mali_mgm_mt6878_r44,4,5,0,1,0,0,1,1,1,1,0x227fcbb5,0x227fcbb5,MATCH
debugfs_attr_write,0x2075e13d,KERNEL_OR_BUILTIN,,0,apusys;bluetooth;mali_kbase_mt6878_r44;mali_mgm_mt6878_r44,4,5,0,1,0,0,1,1,1,1,0x2075e13d,0x2075e13d,MATCH
debugfs_create_bool,0x651e1d7a,KERNEL_OR_BUILTIN,,0,hci_uart;mali_kbase_mt6878_r44,2,2,0,1,0,0,1,1,1,1,0x651e1d7a,0x651e1d7a,MATCH
debugfs_create_devm_seqfile,0xa1e05bad,KERNEL_OR_BUILTIN,,0,apusys,1,1,0,1,0,0,1,1,1,1,0xa1e05bad,0xa1e05bad,MATCH
debugfs_create_dir,0x6401ce4f,KERNEL_OR_BUILTIN,,0,apu_top;apusys;bluetooth;cfg80211;cmdq_test;fhctl;ged;hci_uart;mali_kbase_mt6878_r44;mali_mgm_mt6878_r44;md_cooling_all;mediatek_drm;mmprofile;mtk_cmdq_drv_ext;mtk_gpufreq_wrapper;mtk_icc_core;mtk_mml;mtk_smi_dbg;mtk_vmm_isp71_regulator;mtu3;snd_soc_tfa98xx;spmi_mtk_pmif;tcpc_class;thermal_interface;xhci_mtk_hcd_v2,25,26,0,1,0,0,1,1,1,1,0x6401ce4f,0x6401ce4f,MATCH
debugfs_create_file,0x72b8adcd,KERNEL_OR_BUILTIN,,0,adsp;apu_top;apusys;bluetooth;cmdq_test;fhctl;ged;mali_kbase_mt6878_r44;mali_mgm_mt6878_r44;md_cooling_all;mediatek_drm;mmprofile;mtk_cmdq_drv_ext;mtk_dpc;mtk_gpufreq_wrapper;mtk_icc_core;mtk_mml;mtk_smi_dbg;mtk_vmm_isp71_regulator;mtu3;rfcomm;scp;snd_soc_mt6369;snd_soc_mt6878_afe;snd_soc_tfa98xx;spmi_mtk_pmif;tcpc_class;thermal_interface;trace_mmstat;xhci_mtk_hcd_v2,30,31,0,1,0,0,1,1,1,1,0x72b8adcd,0x72b8adcd,MATCH
debugfs_create_regset32,0x54e62340,KERNEL_OR_BUILTIN,,0,xhci_mtk_hcd_v2,1,1,0,1,0,0,1,1,1,1,0x54e62340,0x54e62340,MATCH
debugfs_create_symlink,0x29235f89,KERNEL_OR_BUILTIN,,0,apu_top,1,1,0,1,0,0,1,1,1,1,0x29235f89,0x29235f89,MATCH
debugfs_create_u16,0xd87e3670,KERNEL_OR_BUILTIN,,0,bluetooth,1,2,0,1,0,0,1,1,1,1,0xd87e3670,0xd87e3670,MATCH
debugfs_create_u32,0x8c1b8852,KERNEL_OR_BUILTIN,,0,apusys;hci_uart,2,2,0,1,0,0,1,1,1,1,0x8c1b8852,0x8c1b8852,MATCH
debugfs_create_u64,0xab40bdbe,KERNEL_OR_BUILTIN,,0,apusys;hci_uart,2,2,0,1,0,0,1,1,1,1,0xab40bdbe,0xab40bdbe,MATCH
debugfs_create_u8,0x2ca08111,KERNEL_OR_BUILTIN,,0,apusys;bluetooth;hci_uart,3,4,0,1,0,0,1,1,1,1,0x2ca08111,0x2ca08111,MATCH
debugfs_create_x32,0x66eb3a39,KERNEL_OR_BUILTIN,,0,apusys,1,1,0,1,0,0,1,1,1,1,0x66eb3a39,0x66eb3a39,MATCH
debugfs_lookup,0x092dda18,KERNEL_OR_BUILTIN,,0,cmdq_test;mtk_cmdq_drv_ext;mtk_mml;mtk_smi_dbg,4,4,0,1,0,0,1,1,1,1,0x092dda18,0x092dda18,MATCH
debugfs_remove,0x6fb25926,KERNEL_OR_BUILTIN,,0,apu_top;apusys;bluetooth;cfg80211;ged;mali_kbase_mt6878_r44;mali_mgm_mt6878_r44;md_cooling_all;mediatek_drm;mmprofile;mtk_icc_core;mtu3;rfcomm;snd_soc_tfa98xx;tcpc_class;thermal_interface;wwan;xhci_mtk_hcd_v2,18,19,0,1,0,0,1,1,1,1,0x6fb25926,0x6fb25926,MATCH
debugfs_rename,0x763313ce,KERNEL_OR_BUILTIN,,0,cfg80211,1,1,0,1,0,0,0,0,1,1,0x763313ce,0x763313ce,MATCH
dec_zone_page_state,0x2ae04824,KERNEL_OR_BUILTIN,,0,zsmalloc,1,1,0,1,0,0,1,1,1,1,0x2ae04824,0x2ae04824,MATCH
default_llseek,0xa97d698b,KERNEL_OR_BUILTIN,,0,apusys;bluetooth;mali_kbase_mt6878_r44;mtk_cam_isp7sp;snd_soc_tfa98xx,5,6,0,1,0,0,1,1,1,1,0xa97d698b,0xa97d698b,MATCH
default_wake_function,0xaad8c7d6,KERNEL_OR_BUILTIN,,0,bluetooth;cdc_acm;nfc;ppp_generic;usbnet,5,6,0,1,0,0,0,0,1,1,0xaad8c7d6,0xaad8c7d6,MATCH
del_gendisk,0x7f44480b,KERNEL_OR_BUILTIN,,0,zram,1,1,0,1,0,0,1,1,1,1,0x7f44480b,0x7f44480b,MATCH
del_timer,0xaa4008af,KERNEL_OR_BUILTIN,,0,aee_hangdet;apusys;ccci_ccif;ccci_dpmaif;cfg80211;cmdq_sec_drv;cmdq_test;conninfra;fmradio_drv_connac2x;gps_drv_dl_v051;hci_uart;mac80211;mali_kbase_mt6878_r44;mtk_cg_peak_power_throttling;mtk_cmdq_drv_ext;mtk_lpm_dbg_common_v2;mtk_swpm_dbg_v6878;mtk_vcodec_dec_v1;nfc;rfcomm;scp;ufs_mediatek_mod;vcp,23,23,0,1,0,0,1,1,1,1,0xaa4008af,0xaa4008af,MATCH
del_timer_sync,0xf15e728e,KERNEL_OR_BUILTIN,,0,apusys;can;cfg80211;conninfra;gps_drv_dl_v051;hci_uart;hidp;mac80211;mali_kbase_mt6878_r44;mediatek_drm;mt6369_accdet;mtk_c2ps;mtk_cam_isp7sp;mtk_dpc;mtk_low_battery_throttling;mtk_lpm_dbg_common_v2;mtk_swpm_dbg_v6878;mtk_vcodec_common;mtk_vcodec_dec_v1;mtk_vcodec_enc_v1;nfc;rfcomm;sensorhub;tipc;usbnet;wlan_drv_gen4m_6878;xhci_mtk_hcd_v2,27,27,0,1,0,0,1,1,1,1,0xf15e728e,0xf15e728e,MATCH
delayed_work_timer_fn,0x253af43d,KERNEL_OR_BUILTIN,,0,adsp;apu_top;apusys;aw883xx_driver;bluetooth;bt_drv_6878;c2k_usb;can_dev;ccci_md_all;ccmni;cdc_acm;cfg80211;cpuqos_v3;extcon_mtk_usb;focaltech_touch_spi_ft3680;hci_uart;load_track;mac80211;mali_kbase_mt6878_r44;mdp_drv_mt6878;met;mmqos_common;mrdump;mt6363_regulator;mt6369_regulator;mt6375_charger;mtk_cm_mgr;mtk_cm_mgr_mt6878;mtk_core_ctl;mtk_gpu_qos;mtk_jpeg;mtk_mmc;mtk_pbm;mtk_perf_common;pd_dbg_info;pmic_lbat_service;r8152;rfkill;sensorhub;sh366003_fg;snd_soc_tfa98xx;spi_tiny_co5300_lcd;tcpc_class;tcpc_mt6375;thermal_trace;tipc;tmem_ffa;trace_mmstat;ufs_mediatek_mod;usb_meta;wlan_drv_gen4m_6878;xhci_mtk_hcd_v2;yft_gpio_keys,53,54,0,1,0,0,1,1,1,1,0x253af43d,0x253af43d,MATCH
desc_to_gpio,0x967ec840,KERNEL_OR_BUILTIN,,0,st21nfc,1,1,0,1,0,0,1,1,1,1,0x967ec840,0x967ec840,MATCH
destroy_workqueue,0x8c03d20c,KERNEL_OR_BUILTIN,,0,apusys;aw883xx_driver;bluetooth;bt_drv_6878;c2k_usb;camera_dpe_isp7sp;cfg80211;cpuqos_v3;drm_display_helper;dw9781c;fmradio_drv_connac2x;focaltech_touch_spi_ft3680;ged;gzvm;hci_uart;l2tp_core;load_track;mac80211;mac802154;mali_kbase_mt6878_r44;mdp_drv_mt6878;mediatek_drm;microarray_fp_tee;mt6369_accdet;mt6375_charger;mtk_aie;mtk_cmdq_drv_ext;mtk_fpsgo;mtk_hcp;mtk_imgsys_v4l2;mtk_lpm_dbg_common_v2;mtk_mbraink;mtk_mml;mtk_swpm;mtk_u_ether;mtk_vcodec_dec_v1;mtk_vcodec_enc_v1;mtu3;scp;sensorhub;snd_soc_tfa98xx;st21nfc;tipc;vcp,44,45,0,1,0,0,1,1,1,1,0x8c03d20c,0x8c03d20c,MATCH
dev_add_pack,0x609b674f,KERNEL_OR_BUILTIN,,0,can;ieee802154_6lowpan;ieee802154_socket;tipc,4,4,0,1,0,0,0,0,1,1,0x609b674f,0x609b674f,MATCH
dev_addr_mod,0x08cfab32,KERNEL_OR_BUILTIN,,0,8021q;aqc111;asix;ax88179_178a;ccmni;cdc_ether;ieee802154_6lowpan;mac80211;mac802154;mtk_u_ether;r8152;rtl8150;usbnet;wlan_drv_gen4m_6878,14,14,0,1,0,0,0,0,1,1,0x08cfab32,0x08cfab32,MATCH
dev_alloc_name,0xf1291097,KERNEL_OR_BUILTIN,,0,mac80211;mac802154,2,2,0,1,0,0,0,0,1,1,0xf1291097,0xf1291097,MATCH
dev_base_lock,0xa5976e4f,KERNEL_OR_BUILTIN,,0,thermal_trace,1,1,0,1,0,0,1,1,1,1,0xa5976e4f,0xa5976e4f,MATCH
dev_change_flags,0x585c1f37,KERNEL_OR_BUILTIN,,0,8021q;wlan_drv_gen4m_6878,2,2,0,1,0,0,1,1,1,1,0x585c1f37,0x585c1f37,MATCH
dev_close,0x30a3c21b,KERNEL_OR_BUILTIN,,0,cfg80211;mac80211,2,2,0,1,0,0,0,0,1,1,0x30a3c21b,0x30a3c21b,MATCH
dev_close_many,0x58b4645c,KERNEL_OR_BUILTIN,,0,8021q,1,1,0,1,0,0,0,0,1,1,0x58b4645c,0x58b4645c,MATCH
dev_coredumpv,0x253fb312,KERNEL_OR_BUILTIN,,0,hci_uart,1,1,0,1,0,0,0,0,1,1,0x253fb312,0x253fb312,MATCH
dev_driver_string,0x992067ae,KERNEL_OR_BUILTIN,,0,apusys;ccci_dpmaif;drm_display_helper;i2c_mt65xx;mtk_aie;mtk_cam_isp7sp;spi_mt65xx;wlan_drv_gen4m_6878;xhci_mtk_hcd_v2,9,9,0,1,0,0,1,1,1,1,0x992067ae,0x992067ae,MATCH
dev_err_probe,0x84311b34,KERNEL_OR_BUILTIN,,0,can_dev;mtu3;xhci_mtk_hcd_v2,3,3,0,1,0,0,1,1,1,1,0x84311b34,0x84311b34,MATCH
dev_fetch_sw_netstats,0xa1051fd8,KERNEL_OR_BUILTIN,,0,mac80211,1,1,0,1,0,0,0,0,1,1,0xa1051fd8,0xa1051fd8,MATCH
dev_fwnode,0xc473d041,KERNEL_OR_BUILTIN,,0,arm_dsu_pmu;bluetooth;mtu3;rt_pd_manager,4,5,0,1,0,0,1,1,1,1,0xc473d041,0xc473d041,MATCH
dev_get_by_index,0xb5783cb2,KERNEL_OR_BUILTIN,,0,can_bcm;can_raw;cfg80211;ieee802154;ieee802154_6lowpan;ieee802154_socket,6,6,0,1,0,0,0,0,1,1,0xb5783cb2,0xb5783cb2,MATCH
dev_get_by_index_rcu,0x98b0d070,KERNEL_OR_BUILTIN,,0,can_bcm,1,1,0,1,0,0,0,0,1,1,0x98b0d070,0x98b0d070,MATCH
dev_get_by_name,0xa9d5e9c6,KERNEL_OR_BUILTIN,,0,ieee802154;ieee802154_socket;mddp;tipc;wmt_chrdev_wifi_connac2,5,5,0,1,0,0,1,1,1,1,0xa9d5e9c6,0xa9d5e9c6,MATCH
dev_get_flags,0x80faba5e,KERNEL_OR_BUILTIN,,0,8021q,1,1,0,1,0,0,0,0,1,1,0x80faba5e,0x80faba5e,MATCH
dev_get_regmap,0x100b434b,KERNEL_OR_BUILTIN,,0,ccci_md_all;clkbuf;conninfra;gps_drv_dl_v051;log_store;mediatek_drm;mt6315_regulator;mt6363_regulator;mt6369_accdet;mt6369_regulator;mt6375_adc;mt6375_auxadc;mt6375_battery;mt6375_charger;mt6685_audclk;mtk_battery_oc_throttling;mtk_dynamic_loading_throttling;mtk_pmic_keys;mtk_pmic_oc_debug;mtk_spmi_pmic_adc;mtu3;nvmem_mt635x_efuse;pinctrl_mtk_v2;pmic_lbat_service;pmic_lvsys_notify;pmic_temp;rtc_mt6685;snd_soc_mt6369;snd_soc_mt6878_afe;tcpc_mt6375,30,30,0,1,0,0,1,1,1,1,0x100b434b,0x100b434b,MATCH
dev_get_stats,0x6ee4ba67,KERNEL_OR_BUILTIN,,0,8021q;ccmni;mtk_usb_f_rndis;thermal_trace;wlan_drv_gen4m_6878,5,5,0,1,0,0,1,1,1,1,0x6ee4ba67,0x6ee4ba67,MATCH
dev_get_tstats64,0x2aeaf871,KERNEL_OR_BUILTIN,,0,aqc111;asix;ax88179_178a;cdc_ncm;usbnet,5,5,0,1,0,0,1,1,1,1,0x2aeaf871,0x2aeaf871,MATCH
dev_getbyhwaddr_rcu,0xae67278c,KERNEL_OR_BUILTIN,,0,ieee802154_socket,1,1,0,1,0,0,0,0,1,1,0xae67278c,0xae67278c,MATCH
dev_getfirstbyhwtype,0x4baeefa3,KERNEL_OR_BUILTIN,,0,ieee802154_socket,1,1,0,1,0,0,0,0,1,1,0x4baeefa3,0x4baeefa3,MATCH
dev_load,0x1aa37d86,KERNEL_OR_BUILTIN,,0,ieee802154_socket,1,1,0,1,0,0,0,0,1,1,0x1aa37d86,0x1aa37d86,MATCH
dev_mc_sync,0x19c1118d,KERNEL_OR_BUILTIN,,0,8021q,1,1,0,1,0,0,0,0,1,1,0x19c1118d,0x19c1118d,MATCH
dev_mc_unsync,0x06accf73,KERNEL_OR_BUILTIN,,0,8021q,1,1,0,1,0,0,0,0,1,1,0x06accf73,0x06accf73,MATCH
dev_nit_active,0x897fd5d9,KERNEL_OR_BUILTIN,,0,tipc,1,1,0,1,0,0,0,0,1,1,0x897fd5d9,0x897fd5d9,MATCH
dev_pm_clear_wake_irq,0x01e7ead9,KERNEL_OR_BUILTIN,,0,xhci_mtk_hcd_v2,1,1,0,1,0,0,1,1,1,1,0x01e7ead9,0x01e7ead9,MATCH
dev_pm_domain_attach_by_id,0x3292651b,KERNEL_OR_BUILTIN,,0,mtk_cam_isp7sp,1,1,0,1,0,0,1,1,1,1,0x3292651b,0x3292651b,MATCH
dev_pm_domain_detach,0xbd56661e,KERNEL_OR_BUILTIN,,0,mtk_cam_isp7sp,1,1,0,1,0,0,1,1,1,1,0xbd56661e,0xbd56661e,MATCH
dev_pm_genpd_add_notifier,0x6092de0f,KERNEL_OR_BUILTIN,,0,adsp;clk_common;mtk_iommu;mtk_mminfra_debug;mtk_smi;mtk_vmm_notifier,6,6,0,1,0,0,1,1,1,1,0x6092de0f,0x6092de0f,MATCH
dev_pm_genpd_set_performance_state,0x81bb593b,KERNEL_OR_BUILTIN,,0,mtk_cm_mgr_mt6878,1,1,0,1,0,0,1,1,1,1,0x81bb593b,0x81bb593b,MATCH
dev_pm_opp_add,0xe7184297,KERNEL_OR_BUILTIN,,0,mtk_dvfsrc_devfreq,1,1,0,1,0,0,1,1,1,1,0xe7184297,0xe7184297,MATCH
dev_pm_opp_clear_config,0x32295715,KERNEL_OR_BUILTIN,,0,mali_kbase_mt6878_r44,1,1,0,1,0,0,0,0,1,1,0x32295715,0x32295715,MATCH
dev_pm_opp_find_freq_ceil,0xa04c730f,KERNEL_OR_BUILTIN,,0,apu_top;mali_kbase_mt6878_r44;mediatek_drm;mmqos_common;mtk_cam_isp7sp;mtk_jpeg;mtk_mmdvfs;mtk_mml;mtk_vcodec_dec_v1;mtk_vcodec_enc_v1;mtk_vmm_isp71_regulator,11,11,0,1,0,0,1,1,1,1,0xa04c730f,0xa04c730f,MATCH
dev_pm_opp_find_freq_exact,0x0646177d,KERNEL_OR_BUILTIN,,0,mali_kbase_mt6878_r44,1,1,0,1,0,0,1,1,1,1,0x0646177d,0x0646177d,MATCH
dev_pm_opp_find_freq_floor,0x8229b3d9,KERNEL_OR_BUILTIN,,0,cpudvfs;mali_kbase_mt6878_r44;mmqos_common,3,3,0,1,0,0,1,1,1,1,0x8229b3d9,0x8229b3d9,MATCH
dev_pm_opp_get_freq,0xb3fc1b14,KERNEL_OR_BUILTIN,,0,apu_top;mtk_dvfsrc_devfreq,2,2,0,1,0,0,1,1,1,1,0xb3fc1b14,0xb3fc1b14,MATCH
dev_pm_opp_get_level,0xf6b29b49,KERNEL_OR_BUILTIN,,0,mtk_scpsys,1,1,0,1,0,0,1,1,1,1,0xf6b29b49,0xf6b29b49,MATCH
dev_pm_opp_get_opp_count,0x738e5f33,KERNEL_OR_BUILTIN,,0,mali_kbase_mt6878_r44;mdp_drv_mt6878;mediatek_drm;mtk_cam_isp7sp;mtk_jpeg;mtk_mml;mtk_vcodec_dec_v1;mtk_vcodec_enc_v1;mtk_vmm_isp71_regulator,9,9,0,1,0,0,1,1,1,1,0x738e5f33,0x738e5f33,MATCH
dev_pm_opp_get_opp_table,0x5afd1bfe,KERNEL_OR_BUILTIN,,0,apu_top,1,1,0,1,0,0,1,1,1,1,0x5afd1bfe,0x5afd1bfe,MATCH
dev_pm_opp_get_voltage,0x617211ff,KERNEL_OR_BUILTIN,,0,apu_top;mali_kbase_mt6878_r44;mediatek_drm;mmqos_common;mtk_cam_isp7sp;mtk_jpeg;mtk_mmdvfs;mtk_mml;mtk_vcodec_dec_v1;mtk_vcodec_enc_v1;mtk_vmm_isp71_regulator,11,11,0,1,0,0,1,1,1,1,0x617211ff,0x617211ff,MATCH
dev_pm_opp_of_add_table,0x2d3b704e,KERNEL_OR_BUILTIN,,0,mali_kbase_mt6878_r44;mediatek_drm;mmqos_common;mtk_cam_isp7sp;mtk_imgsys_cmdq;mtk_jpeg;mtk_mmdvfs;mtk_mml;mtk_vcodec_dec_v1;mtk_vcodec_enc_v1;mtk_vmm_isp71_regulator,11,11,0,1,0,0,1,1,1,1,0x2d3b704e,0x2d3b704e,MATCH
dev_pm_opp_of_add_table_indexed,0x9d67227a,KERNEL_OR_BUILTIN,,0,apu_top;mdp_drv_mt6878,2,2,0,1,0,0,1,1,1,1,0x9d67227a,0x9d67227a,MATCH
dev_pm_opp_of_remove_table,0x04bb325e,KERNEL_OR_BUILTIN,,0,mali_kbase_mt6878_r44;mtk_cam_isp7sp,2,2,0,1,0,0,1,1,1,1,0x04bb325e,0x04bb325e,MATCH
dev_pm_opp_put,0x628882fb,KERNEL_OR_BUILTIN,,0,apu_top;mali_kbase_mt6878_r44;mediatek_drm;mmqos_common;mtk_cam_isp7sp;mtk_dvfsrc_devfreq;mtk_jpeg;mtk_mmdvfs;mtk_mml;mtk_vcodec_dec_v1;mtk_vcodec_enc_v1;mtk_vmm_isp71_regulator,12,12,0,1,0,0,1,1,1,1,0x628882fb,0x628882fb,MATCH
dev_pm_opp_put_opp_table,0xbc4e604a,KERNEL_OR_BUILTIN,,0,apu_top,1,1,0,1,0,0,1,1,1,1,0xbc4e604a,0xbc4e604a,MATCH
dev_pm_opp_remove_all_dynamic,0x94de810f,KERNEL_OR_BUILTIN,,0,mtk_dvfsrc_devfreq,1,1,0,1,0,0,1,1,1,1,0x94de810f,0x94de810f,MATCH
dev_pm_opp_set_config,0xf91199eb,KERNEL_OR_BUILTIN,,0,mali_kbase_mt6878_r44,1,1,0,1,0,0,0,0,1,1,0xf91199eb,0xf91199eb,MATCH
dev_pm_qos_add_notifier,0x6237e7ff,KERNEL_OR_BUILTIN,,0,lpm_gov_MHSP,1,1,0,1,0,0,0,0,1,1,0x6237e7ff,0x6237e7ff,MATCH
dev_pm_qos_remove_notifier,0xce2252ae,KERNEL_OR_BUILTIN,,0,lpm_gov_MHSP,1,1,0,1,0,0,0,0,1,1,0xce2252ae,0xce2252ae,MATCH
dev_pm_qos_update_request,0x279988b8,KERNEL_OR_BUILTIN,,0,apu_top,1,1,0,1,0,0,1,1,1,1,0x279988b8,0x279988b8,MATCH
dev_pm_set_dedicated_wake_irq_reverse,0x559050f3,KERNEL_OR_BUILTIN,,0,xhci_mtk_hcd_v2,1,1,0,1,0,0,0,0,1,1,0x559050f3,0x559050f3,MATCH
dev_remove_pack,0x2bfff2a4,KERNEL_OR_BUILTIN,,0,can;ieee802154_6lowpan;ieee802154_socket;tipc,4,4,0,1,0,0,0,0,1,1,0x2bfff2a4,0x2bfff2a4,MATCH
dev_set_allmulti,0x4ecd66ce,KERNEL_OR_BUILTIN,,0,8021q,1,1,0,1,0,0,0,0,1,1,0x4ecd66ce,0x4ecd66ce,MATCH
dev_set_mac_address,0x0d98be8b,KERNEL_OR_BUILTIN,,0,ieee802154;r8152,2,2,0,1,0,0,1,1,1,1,0x0d98be8b,0x0d98be8b,MATCH
dev_set_mtu,0x0793a2a4,KERNEL_OR_BUILTIN,,0,8021q,1,1,0,1,0,0,0,0,1,1,0x0793a2a4,0x0793a2a4,MATCH
dev_set_name,0x0784f05c,KERNEL_OR_BUILTIN,,0,adapter_class;aw883xx_driver;bluetooth;cfg80211;charger_class;ffa_v10;ieee802154;mtk_charger_algorithm_class;nfc;rfkill;rpmb;snd_soc_tfa98xx;tcpc_class;usbserial;wwan,15,16,0,1,0,0,1,1,1,1,0x0784f05c,0x0784f05c,MATCH
dev_set_promiscuity,0xce576468,KERNEL_OR_BUILTIN,,0,8021q,1,1,0,1,0,0,0,0,1,1,0xce576468,0xce576468,MATCH
dev_set_threaded,0x91ca7518,KERNEL_OR_BUILTIN,,0,wlan_drv_gen4m_6878,1,1,0,1,0,0,0,0,1,1,0x91ca7518,0x91ca7518,MATCH
dev_uc_add,0x9ae58f51,KERNEL_OR_BUILTIN,,0,8021q,1,1,0,1,0,0,0,0,1,1,0x9ae58f51,0x9ae58f51,MATCH
dev_uc_del,0xa8dd16a5,KERNEL_OR_BUILTIN,,0,8021q,1,1,0,1,0,0,0,0,1,1,0xa8dd16a5,0xa8dd16a5,MATCH
dev_uc_sync,0x0be53878,KERNEL_OR_BUILTIN,,0,8021q,1,1,0,1,0,0,0,0,1,1,0x0be53878,0x0be53878,MATCH
dev_uc_unsync,0x2dd550c3,KERNEL_OR_BUILTIN,,0,8021q,1,1,0,1,0,0,0,0,1,1,0x2dd550c3,0x2dd550c3,MATCH
devfreq_add_device,0x7ea982d2,KERNEL_OR_BUILTIN,,0,mali_kbase_mt6878_r44,1,1,0,1,0,0,1,1,1,1,0x7ea982d2,0x7ea982d2,MATCH
devfreq_add_governor,0xa1de781d,KERNEL_OR_BUILTIN,,0,apu_top;mali_kbase_mt6878_r44,2,2,0,1,0,0,1,1,1,1,0xa1de781d,0xa1de781d,MATCH
devfreq_cooling_unregister,0x38dd7eaa,KERNEL_OR_BUILTIN,,0,mali_kbase_mt6878_r44,1,1,0,1,0,0,1,1,1,1,0x38dd7eaa,0x38dd7eaa,MATCH
devfreq_get_devfreq_by_phandle,0x13bddc95,KERNEL_OR_BUILTIN,,0,apu_top,1,1,0,1,0,0,1,1,1,1,0x13bddc95,0x13bddc95,MATCH
devfreq_monitor_resume,0xcb31d2fd,KERNEL_OR_BUILTIN,,0,apu_top;mali_kbase_mt6878_r44,2,2,0,1,0,0,1,1,1,1,0xcb31d2fd,0xcb31d2fd,MATCH
devfreq_monitor_start,0x28179e84,KERNEL_OR_BUILTIN,,0,apu_top;mali_kbase_mt6878_r44,2,2,0,1,0,0,1,1,1,1,0x28179e84,0x28179e84,MATCH
devfreq_monitor_stop,0x5b5b4508,KERNEL_OR_BUILTIN,,0,apu_top;mali_kbase_mt6878_r44,2,2,0,1,0,0,1,1,1,1,0x5b5b4508,0x5b5b4508,MATCH
devfreq_monitor_suspend,0xf304bbbc,KERNEL_OR_BUILTIN,,0,apu_top;mali_kbase_mt6878_r44,2,2,0,1,0,0,1,1,1,1,0xf304bbbc,0xf304bbbc,MATCH
devfreq_recommended_opp,0x7495765d,KERNEL_OR_BUILTIN,,0,apu_top;mali_kbase_mt6878_r44;mtk_dvfsrc_devfreq,3,3,0,1,0,0,1,1,1,1,0x7495765d,0x7495765d,MATCH
devfreq_register_opp_notifier,0x69986964,KERNEL_OR_BUILTIN,,0,mali_kbase_mt6878_r44,1,1,0,1,0,0,1,1,1,1,0x69986964,0x69986964,MATCH
devfreq_remove_device,0x60ecad3d,KERNEL_OR_BUILTIN,,0,mali_kbase_mt6878_r44;mtk_dvfsrc_devfreq,2,2,0,1,0,0,1,1,1,1,0x60ecad3d,0x60ecad3d,MATCH
devfreq_remove_governor,0xe9ff59fd,KERNEL_OR_BUILTIN,,0,apu_top;mali_kbase_mt6878_r44,2,2,0,1,0,0,1,1,1,1,0xe9ff59fd,0xe9ff59fd,MATCH
devfreq_resume_device,0xbfc01b5d,KERNEL_OR_BUILTIN,,0,apu_top;mali_kbase_mt6878_r44;ufs_mediatek_mod,3,3,0,1,0,0,1,1,1,1,0xbfc01b5d,0xbfc01b5d,MATCH
devfreq_suspend_device,0xf894254b,KERNEL_OR_BUILTIN,,0,apu_top;mali_kbase_mt6878_r44;ufs_mediatek_mod,3,3,0,1,0,0,1,1,1,1,0xf894254b,0xf894254b,MATCH
devfreq_unregister_opp_notifier,0x80d2a057,KERNEL_OR_BUILTIN,,0,mali_kbase_mt6878_r44,1,1,0,1,0,0,1,1,1,1,0x80d2a057,0x80d2a057,MATCH
devfreq_update_interval,0x3d86f570,KERNEL_OR_BUILTIN,,0,apu_top;mali_kbase_mt6878_r44,2,2,0,1,0,0,1,1,1,1,0x3d86f570,0x3d86f570,MATCH
device_add,0xc47219a9,KERNEL_OR_BUILTIN,,0,bluetooth;cfg80211;ieee802154;nfc;rfkill;usbserial,6,7,0,1,0,0,1,1,1,1,0xc47219a9,0xc47219a9,MATCH
device_add_disk,0x5b26c1e6,KERNEL_OR_BUILTIN,,0,zram,1,1,0,1,0,0,1,1,1,1,0x5b26c1e6,0x5b26c1e6,MATCH
device_create,0x6bc6324b,KERNEL_OR_BUILTIN,,0,apusys;bt_drv_6878;c2k_usb;camera_dpe_isp7sp;camera_eeprom_v4l2;ccci_md_all;ccci_util_lib;connadp;connfem;conninfra;connscp;flashlight;fmradio_drv_connac2x;gps_drv_dl_v051;gps_pwr;gps_scp;gz_ipc_mod;gz_main_mod;hf_manager;mdp_drv_mt6878;mediatek_drm;microarray_fp_tee;mt6375_battery;mtk_ccd_remoteproc;mtk_ccuv;mtk_cg_peak_power_throttling;mtk_hcp;mtk_vcu;pda_drv_mt6878;ppp_generic;rpmb_mtk;sec;teeperf;usb_boost;usb_meta;widevine_driver;wlan_drv_gen4m_6878;wmt_chrdev_wifi_connac2,38,38,0,1,0,0,1,1,1,1,0x6bc6324b,0x6bc6324b,MATCH
device_create_bin_file,0x0b968d79,KERNEL_OR_BUILTIN,,0,scp;snd_soc_tfa98xx;sspm_v3;vcp,4,4,0,1,0,0,1,1,1,1,0x0b968d79,0x0b968d79,MATCH
device_create_file,0xe25f59ab,KERNEL_OR_BUILTIN,,0,aw36515;aw36518;aw36518_v2;c2k_usb;cdc_acm;extcon_mtk_usb;flashlight;gpueb;gz_main_mod;gz_trusty_mod;imgsensor;leds_ln2403;leds_mtk;mcupm;mediatek_drm;met;mt6375_battery;mt6375_charger;mtk_bp_thl;mtk_cam_isp7sp;mtk_charger_framework;mtk_low_battery_throttling;mtk_mbraink;mtk_pep50;mtk_pwm;mtk_scp_audiocommon;mtk_vow;pmic_lbat_service;rfcomm;sc851x_charger;sc8571_charger;spi_mt65xx;sspm_v3;tinysys_scmi;tkcore;usb_boost;usb_meta;yft_devinfo;yft_tiny2c_usb,39,39,0,1,0,0,1,1,1,1,0xe25f59ab,0xe25f59ab,MATCH
device_create_managed_software_node,0x07813c35,KERNEL_OR_BUILTIN,,0,xhci_mtk_hcd_v2,1,1,0,1,0,0,0,0,1,1,0x07813c35,0x07813c35,MATCH
device_create_with_groups,0xa2675780,KERNEL_OR_BUILTIN,,0,extdev_io_class,1,1,0,1,0,0,1,1,1,1,0xa2675780,0xa2675780,MATCH
device_del,0x9a53602b,KERNEL_OR_BUILTIN,,0,bluetooth;cfg80211;ieee802154;nfc;rfkill;rpmb;usbserial,7,8,0,1,0,0,1,1,1,1,0x9a53602b,0x9a53602b,MATCH
device_destroy,0xc2569e41,KERNEL_OR_BUILTIN,,0,apusys;bt_drv_6878;c2k_usb;camera_dpe_isp7sp;camera_eeprom_v4l2;connadp;connfem;conninfra;connscp;flashlight;fmradio_drv_connac2x;gps_drv_dl_v051;gps_pwr;gps_scp;gz_ipc_mod;hf_manager;mdp_drv_mt6878;mediatek_drm;mtk_ccd_remoteproc;mtk_cg_peak_power_throttling;mtk_vcu;pda_drv_mt6878;ppp_generic;sec;teeperf;usb_meta;widevine_driver;wlan_drv_gen4m_6878;wmt_chrdev_wifi_connac2,29,29,0,1,0,0,1,1,1,1,0xc2569e41,0xc2569e41,MATCH
device_find_child,0x07583eb2,KERNEL_OR_BUILTIN,,0,bluetooth,1,2,0,1,0,0,0,0,1,1,0x07583eb2,0x07583eb2,MATCH
device_find_child_by_name,0xfe92284a,KERNEL_OR_BUILTIN,,0,mtu3;wwan,2,2,0,1,0,0,0,0,1,1,0xfe92284a,0xfe92284a,MATCH
device_for_each_child,0xe22fac99,KERNEL_OR_BUILTIN,,0,gz_trusty_mod;wwan,2,2,0,1,0,0,1,1,1,1,0xe22fac99,0xe22fac99,MATCH
device_get_child_node_count,0xd337280d,KERNEL_OR_BUILTIN,,0,leds_mtk_disp;yft_gpio_keys,2,2,0,1,0,0,1,1,1,1,0xd337280d,0xd337280d,MATCH
device_get_match_data,0xf1b58a74,KERNEL_OR_BUILTIN,,0,hci_uart;mt6375_auxadc;pinctrl_mtk_v2,3,3,0,1,0,0,1,1,1,1,0xf1b58a74,0xf1b58a74,MATCH
device_get_named_child_node,0xb456957a,KERNEL_OR_BUILTIN,,0,extdev_io_class,1,1,0,0,0,0,0,0,0,0,0xb456957a,0xb456957a,MATCH
device_get_next_child_node,0xe570c27d,KERNEL_OR_BUILTIN,,0,leds_mtk_disp;yft_gpio_keys,2,2,0,1,0,0,1,1,1,1,0xe570c27d,0xe570c27d,MATCH
device_initialize,0x554e3ff5,KERNEL_OR_BUILTIN,,0,bluetooth;cfg80211;ieee802154;nfc;rfkill;usbserial,6,7,0,1,0,0,1,1,1,1,0x554e3ff5,0x554e3ff5,MATCH
device_link_add,0x17336304,KERNEL_OR_BUILTIN,,0,apu_top;cmdq_sec_drv;mediatek_drm;mtk_aie;mtk_cam_isp7sp;mtk_ccuv;mtk_cmdq_drv_ext;mtk_imgsys_v4l2;mtk_iommu;mtk_ipesys_me;mtk_jpeg;mtk_mmdvfs_v3;mtk_smi;mtk_vcodec_dec_v1;mtk_vcodec_enc_v1;pda_drv_mt6878;ufs_mediatek_mod;vcp,18,18,0,1,0,0,1,1,1,1,0x17336304,0x17336304,MATCH
device_link_remove,0x421ad161,KERNEL_OR_BUILTIN,,0,mtk_iommu,1,1,0,1,0,0,1,1,1,1,0x421ad161,0x421ad161,MATCH
device_match_any,0x79bc2c09,KERNEL_OR_BUILTIN,,0,ffa_v10,1,1,0,1,0,0,1,1,1,1,0x79bc2c09,0x79bc2c09,MATCH
device_match_name,0x4291b3e0,KERNEL_OR_BUILTIN,,0,ieee802154;tkcore,2,2,0,1,0,0,0,0,1,1,0x4291b3e0,0x4291b3e0,MATCH
device_move,0xa20b010c,KERNEL_OR_BUILTIN,,0,bluetooth;rfcomm,2,3,0,1,0,0,0,0,1,1,0xa20b010c,0xa20b010c,MATCH
device_node_to_regmap,0x6bbe1b3a,KERNEL_OR_BUILTIN,,0,clk_common;mtu3,2,2,0,1,0,0,1,1,1,1,0x6bbe1b3a,0x6bbe1b3a,MATCH
device_property_present,0xd4b590ed,KERNEL_OR_BUILTIN,,0,hci_uart;mt6375_charger;phy_mtk_xsphy;rt6160_regulator;st21nfc;tcpc_mt6375;yft_gpio_keys,7,7,0,1,0,0,1,1,1,1,0xd4b590ed,0xd4b590ed,MATCH
device_property_read_string,0x4f49d69f,KERNEL_OR_BUILTIN,,0,hci_uart;mtu3;phy_mtk_xsphy;tcpc_mt6375;yft_gpio_keys,5,5,0,1,0,0,1,1,1,1,0x4f49d69f,0x4f49d69f,MATCH
device_property_read_u32_array,0x752e64c4,KERNEL_OR_BUILTIN,,0,can_dev;hci_uart;mt6375_charger;phy_mtk_xsphy;tcpc_mt6375;usb_boost;xhci_mtk_hcd_v2,7,7,0,1,0,0,1,1,1,1,0x752e64c4,0x752e64c4,MATCH
device_property_read_u8_array,0x993d17a3,KERNEL_OR_BUILTIN,,0,hci_uart,1,1,0,1,0,0,0,0,1,1,0x993d17a3,0x993d17a3,MATCH
device_register,0x0fa063de,KERNEL_OR_BUILTIN,,0,adapter_class;charger_class;ffa_v10;mtk_charger_algorithm_class;mtk_mbraink;rpmb;tcpc_class;wwan,8,8,0,1,0,0,1,1,1,1,0x0fa063de,0x0fa063de,MATCH
device_remove_bin_file,0x4a5f012e,KERNEL_OR_BUILTIN,,0,snd_soc_tfa98xx,1,1,0,1,0,0,1,1,1,1,0x4a5f012e,0x4a5f012e,MATCH
device_remove_file,0x17678b2a,KERNEL_OR_BUILTIN,,0,c2k_usb;cdc_acm;flashlight;gz_main_mod;gz_trusty_mod;imgsensor;leds_ln2403;leds_mtk;mediatek_drm;met;mt6375_charger;mtk_cam_isp7sp;mtk_mbraink;mtk_pwm;tkcore;usb_boost;yft_devinfo;yft_tiny2c_usb,18,18,0,1,0,0,1,1,1,1,0x17678b2a,0x17678b2a,MATCH
device_rename,0x7033f9f3,KERNEL_OR_BUILTIN,,0,cfg80211;ieee802154,2,2,0,1,0,0,1,1,1,1,0x7033f9f3,0x7033f9f3,MATCH
device_set_of_node_from_dev,0xdadf3a62,KERNEL_OR_BUILTIN,,0,tcpc_class,1,1,0,1,0,0,1,1,1,1,0xdadf3a62,0xdadf3a62,MATCH
device_set_wakeup_capable,0x490c3055,KERNEL_OR_BUILTIN,,0,conninfra;hci_uart;mt6375_adc;mt6375_auxadc;mtk_pep50;mtk_spmi_pmic;mtu3;rtc_mt6685;tcpc_class;tcpc_mt6375;wlan_drv_gen4m_6878;xhci_mtk_hcd_v2;yft_gpio_keys,13,13,0,1,0,0,1,1,1,1,0x490c3055,0x490c3055,MATCH
device_set_wakeup_enable,0xbea999aa,KERNEL_OR_BUILTIN,,0,r8152,1,1,0,1,0,0,0,0,1,1,0xbea999aa,0xbea999aa,MATCH
device_show_bool,0xe3983df5,KERNEL_OR_BUILTIN,,0,apusys,1,1,0,1,0,0,1,1,1,1,0xe3983df5,0xe3983df5,MATCH
device_store_bool,0xde719222,KERNEL_OR_BUILTIN,,0,apusys,1,1,0,1,0,0,1,1,1,1,0xde719222,0xde719222,MATCH
device_unregister,0xd6b17cf1,KERNEL_OR_BUILTIN,,0,adapter_class;bluetooth;charger_class;extdev_io_class;ffa_v10;mtk_charger_algorithm_class;mtk_mbraink;tcpc_class;wwan,9,10,0,1,0,0,1,1,1,1,0xd6b17cf1,0xd6b17cf1,MATCH
device_wakeup_disable,0x1c7ea990,KERNEL_OR_BUILTIN,,0,conninfra;hci_uart;mtu3;tcpc_mt6375;xhci_mtk_hcd_v2;yft_gpio_keys,6,6,0,1,0,0,0,0,1,1,0x1c7ea990,0x1c7ea990,MATCH
device_wakeup_enable,0x088b197f,KERNEL_OR_BUILTIN,,0,conninfra;hci_uart;mt6375_adc;mt6375_auxadc;mtk_pep50;mtk_spmi_pmic;mtu3;rtc_mt6685;tcpc_class;tcpc_mt6375;wlan_drv_gen4m_6878;xhci_mtk_hcd_v2;yft_gpio_keys,13,13,0,1,0,0,0,0,1,1,0x088b197f,0x088b197f,MATCH
devm_add_action,0xe6fe2896,KERNEL_OR_BUILTIN,,0,extdev_io_class;industrialio_triggered_buffer;mt6375_auxadc;xhci_mtk_hcd_v2;yft_gpio_keys,5,5,0,1,0,0,1,1,1,1,0xe6fe2896,0xe6fe2896,MATCH
devm_backlight_device_register,0x55da2bd9,KERNEL_OR_BUILTIN,,0,drm_display_helper,1,1,0,1,0,0,0,0,1,1,0x55da2bd9,0x55da2bd9,MATCH
devm_blk_crypto_profile_init,0x9318bcc8,KERNEL_OR_BUILTIN,,0,cqhci,1,1,0,1,0,0,0,0,1,1,0x9318bcc8,0x9318bcc8,MATCH
devm_clk_bulk_get,0xeef0516b,KERNEL_OR_BUILTIN,,0,mtk_aie;mtk_imgsys_v4l2;mtk_ipesys_me;mtk_jpeg;phy_mtk_ufs,5,5,0,1,0,0,1,1,1,1,0xeef0516b,0xeef0516b,MATCH
devm_clk_bulk_get_optional,0xcf5dcde7,KERNEL_OR_BUILTIN,,0,mtk_mmc;mtu3;xhci_mtk_hcd_v2,3,3,0,1,0,0,1,1,1,1,0xcf5dcde7,0xcf5dcde7,MATCH
devm_clk_get,0xa25d3c67,KERNEL_OR_BUILTIN,,0,8250_mtk;camera_dpe_isp7sp;ccci_ccif;ccci_dpmaif;ccci_fsm_scp;ccci_md_all;clk_common;cmdq_sec_drv;cmdq_test;device_apc_common;hci_uart;i2c_mt65xx;imgsensor;mdp_drv_mt6878;mediatek_drm;mmqos_common;mtk_cam_isp7sp;mtk_ccuv;mtk_cmdq_drv_ext;mtk_imgsys_cmdq;mtk_iommu;mtk_jpeg;mtk_mmc;mtk_mmdvfs;mtk_mmdvfs_v3;mtk_mminfra_debug;mtk_mml;mtk_pmic_wrap;mtk_pwm;mtk_scpsys;mtk_smi;mtk_uart_apdma;mtk_vcodec_dec_v1;mtk_vcodec_enc_v1;mtk_vmm_isp71_regulator;mtk_vmm_notifier;pda_drv_mt6878;phy_mtk_xsphy;pwm_mtk_disp;scp;snd_soc_mt6878_afe;soc_temp_lvts;spi_mt65xx;spmi_mtk_pmif;uarthub_drv;ufs_mediatek_mod;vcp,47,47,0,1,0,0,1,1,1,1,0xa25d3c67,0xa25d3c67,MATCH
devm_clk_get_optional,0x8d6f4569,KERNEL_OR_BUILTIN,,0,hci_uart;mtk_mmc,2,2,0,1,0,0,1,1,1,1,0x8d6f4569,0x8d6f4569,MATCH
devm_clk_put,0x2f220db3,KERNEL_OR_BUILTIN,,0,hci_uart,1,1,0,1,0,0,1,1,1,1,0x2f220db3,0x2f220db3,MATCH
devm_clk_register,0x5878b0aa,KERNEL_OR_BUILTIN,,0,mediatek_drm,1,1,0,1,0,0,1,1,1,1,0x5878b0aa,0x5878b0aa,MATCH
devm_devfreq_add_device,0x83ab22d6,KERNEL_OR_BUILTIN,,0,apu_top;mtk_dvfsrc_devfreq,2,2,0,1,0,0,1,1,1,1,0x83ab22d6,0x83ab22d6,MATCH
devm_devfreq_register_notifier,0xde16c4ef,KERNEL_OR_BUILTIN,,0,apu_top,1,1,0,1,0,0,1,1,1,1,0xde16c4ef,0xde16c4ef,MATCH
devm_devfreq_remove_device,0x79fa057d,KERNEL_OR_BUILTIN,,0,apu_top,1,1,0,1,0,0,1,1,1,1,0x79fa057d,0x79fa057d,MATCH
devm_devfreq_unregister_notifier,0x4e144aab,KERNEL_OR_BUILTIN,,0,apu_top,1,1,0,1,0,0,1,1,1,1,0x4e144aab,0x4e144aab,MATCH
devm_extcon_dev_allocate,0x791836df,KERNEL_OR_BUILTIN,,0,extcon_mtk_usb;mediatek_drm,2,2,0,1,0,0,1,1,1,1,0x791836df,0x791836df,MATCH
devm_extcon_dev_register,0xd0e76d8f,KERNEL_OR_BUILTIN,,0,extcon_mtk_usb;mediatek_drm,2,2,0,1,0,0,1,1,1,1,0xd0e76d8f,0xd0e76d8f,MATCH
devm_extcon_register_notifier,0x1f9c8229,KERNEL_OR_BUILTIN,,0,mtu3,1,1,0,1,0,0,1,1,1,1,0x1f9c8229,0x1f9c8229,MATCH
devm_free_irq,0xaa6e7490,KERNEL_OR_BUILTIN,,0,aw883xx_driver;hci_uart;mtk_ccuv;mtk_iommu;st21nfc,5,5,0,1,0,0,1,1,1,1,0xaa6e7490,0xaa6e7490,MATCH
devm_fwnode_gpiod_get_index,0x92ce209d,KERNEL_OR_BUILTIN,,0,yft_gpio_keys,1,1,0,0,0,0,0,0,0,0,0x92ce209d,0x92ce209d,MATCH
devm_gpio_request_one,0xc4a21586,KERNEL_OR_BUILTIN,,0,aw36515;aw36518;aw36518_v2;aw883xx_driver;yft_gpio_keys,5,5,0,1,0,0,1,1,1,1,0xc4a21586,0xc4a21586,MATCH
devm_gpiochip_add_data_with_key,0xda8fe327,KERNEL_OR_BUILTIN,,0,rt5133_regulator,1,1,0,1,0,0,1,1,1,1,0xda8fe327,0xda8fe327,MATCH
devm_gpiod_get,0x66e8ab95,KERNEL_OR_BUILTIN,,0,custom_ldo_wl2868;extcon_mtk_usb;mediatek_drm_gateic;panel_ky_vtdr6115_dphy_cmd;rt4831a_drv;st21nfc,6,6,0,1,0,0,1,1,1,1,0x66e8ab95,0x66e8ab95,MATCH
devm_gpiod_get_index,0x37498737,KERNEL_OR_BUILTIN,,0,mediatek_drm_gateic;mediatek_drm_panel_drv;mtk_mmc,3,3,0,1,0,0,1,1,1,1,0x37498737,0x37498737,MATCH
devm_gpiod_get_optional,0xe17397b0,KERNEL_OR_BUILTIN,,0,can_dev;hci_uart;rt5133_regulator;rt6160_regulator,4,4,0,1,0,0,1,1,1,1,0xe17397b0,0xe17397b0,MATCH
devm_gpiod_put,0xa8cb2b21,KERNEL_OR_BUILTIN,,0,custom_ldo_wl2868;mediatek_drm_gateic;mediatek_drm_panel_drv;panel_ky_vtdr6115_dphy_cmd;rt4831a_drv;st21nfc,6,6,0,1,0,0,1,1,1,1,0xa8cb2b21,0xa8cb2b21,MATCH
devm_hwrng_register,0x9b4c1e3d,KERNEL_OR_BUILTIN,,0,sec_rng,1,1,0,1,0,0,1,1,1,1,0x9b4c1e3d,0x9b4c1e3d,MATCH
devm_i2c_new_dummy_device,0x2cc383ae,KERNEL_OR_BUILTIN,,0,mt6375,1,1,0,1,0,0,1,1,1,1,0x2cc383ae,0x2cc383ae,MATCH
devm_iio_channel_get,0xf9e3414e,KERNEL_OR_BUILTIN,,0,connfem;mt6369_accdet;mt6375_auxadc;mt6375_battery;mtk_dynamic_loading_throttling;pmic_temp;snd_soc_mt6369;thermal_generic_adc,8,8,0,1,0,0,1,1,1,1,0xf9e3414e,0xf9e3414e,MATCH
devm_iio_channel_get_all,0xa33a8bc2,KERNEL_OR_BUILTIN,,0,mt6375_charger;tcpc_mt6375,2,2,0,1,0,0,1,1,1,1,0xa33a8bc2,0xa33a8bc2,MATCH
devm_iio_device_alloc,0xfb1c3e17,KERNEL_OR_BUILTIN,,0,mt6375_adc;mt6375_auxadc;mtk_spmi_pmic_adc,3,3,0,1,0,0,1,1,1,1,0xfb1c3e17,0xfb1c3e17,MATCH
devm_input_allocate_device,0x3819137b,KERNEL_OR_BUILTIN,,0,mtk_pmic_keys;yft_gpio_keys,2,2,0,1,0,0,1,1,1,1,0x3819137b,0x3819137b,MATCH
devm_ioremap,0xfb2db23b,KERNEL_OR_BUILTIN,,0,8250_mtk;adsp;cmdq_sec_drv;cqhci;gps_drv_dl_v051;gpueb;mali_prot_alloc_mt6878_r44;mcupm;mtk_ccuv;mtk_dvfsrc_helper;mtk_gpufreq_mt6878;mtk_mbox_mailbox;mtk_smi_dbg;mtk_vmm_spm;phy_mtk_xsphy,15,15,0,1,0,0,1,1,1,1,0xfb2db23b,0xfb2db23b,MATCH
devm_ioremap_resource,0x39f72cab,KERNEL_OR_BUILTIN,,0,apusys;board_temp;clk_mt6878;emi_mpu;i2c_mt65xx;mcupm;mediatek_drm;mtk_aie;mtk_cam_isp7sp;mtk_cm_mgr;mtk_cmdq_drv_ext;mtk_dpc;mtk_dramc;mtk_dvfsrc;mtk_iommu;mtk_jpeg;mtk_mbox;mtk_mbox_mailbox;mtk_mmc;mtk_mminfra_debug;mtk_peak_power_budget;mtk_pmic_wrap;mtk_qos;mtk_scpsys;mtk_smi;mtk_vcodec_dec_v1;mtk_vcodec_enc_v1;phy_mtk_xsphy;scp;snd_soc_mt6878_afe;soc_temp_lvts;spmi_mtk_mpu;spmi_mtk_pmif;sspm_v3;thermal_interface;vcp;xhci_mtk_hcd_v2,37,37,0,1,0,0,1,1,1,1,0x39f72cab,0x39f72cab,MATCH
devm_ioremap_wc,0x58e6491a,KERNEL_OR_BUILTIN,,0,apusys,1,1,0,1,0,0,1,1,1,1,0x58e6491a,0x58e6491a,MATCH
devm_iounmap,0x61df24fa,KERNEL_OR_BUILTIN,,0,mali_prot_alloc_mt6878_r44,1,1,0,1,0,0,1,1,1,1,0x61df24fa,0x61df24fa,MATCH
devm_kasprintf,0x2d6c1ace,KERNEL_OR_BUILTIN,,0,arm_dsu_pmu;extdev_io_class;mtk_charger_framework;rt5133_regulator,4,4,0,1,0,0,1,1,1,1,0x2d6c1ace,0x2d6c1ace,MATCH
devm_kfree,0x8177f433,KERNEL_OR_BUILTIN,,0,8250_mtk;apu_top;apusys;aw883xx_driver;bt_drv_6878;emi_mpu;gz_ipc_mod;gz_trusty_mod;mali_prot_alloc_mt6878_r44;mediatek_drm;mmqos_common;mt6369_accdet;mtk_cam_isp7sp;mtk_hcp;mtk_imgsys_cmdq;mtk_imgsys_v4l2;mtk_ipesys_me;mtk_mml;mtk_vcu;nfc;reboot_mode;sapu;sc851x_charger;sc8571_charger;smpu;tcpc_class;thermal_interface;tkcore;tkcore_drv;ufs_mediatek_mod,30,30,0,1,0,0,1,1,1,1,0x8177f433,0x8177f433,MATCH
devm_kmalloc,0xd50f026e,KERNEL_OR_BUILTIN,,0,8250_mtk;adsp;apu_top;apusys;arm_dsu_pmu;asix;aw36515;aw36518;aw36518_v2;aw883xx_driver;backlight_cooling;board_temp;bt_drv_6878;btbcm;btsdio;bus_parity;cache_parity;camera_af_media;camera_eeprom_v4l2;ccci_dpmaif;charger_cooling;cmdq_sec_drv;cmdq_test;cqhci;dbg_error_flag;dbgtop_drm;drm_display_helper;dw9781c;emi;emi_fake_eng;emi_mpu;extcon_mtk_usb;extdev_io_class;gz_ipc_mod;gz_trusty_mod;hci_uart;i2c_mt65xx;imgsensor;iommu_debug;leds_mtk_disp;leds_rgb_aw2013;main2_vcm;main3_vcm;main4_vcm;main_vcm;mali_prot_alloc_mt6878_r44;md_cooling_all;mediatek_cpufreq_hw;mediatek_drm;mmqos_common;mt6315_regulator;mt6338_core;mt6369_accdet;mt6375;mt6375_battery;mt6375_charger;mt6685_audclk;mtk_aie;mtk_battery_oc_throttling;mtk_bp_thl;mtk_btcvsd;mtk_cam_isp7sp;mtk_ccd_remoteproc;mtk_charger_framework;mtk_chg_type_det;mtk_cm_mgr;mtk_cm_mgr_mt6878;mtk_cmdq_drv_ext;mtk_composite;mtk_dramc;mtk_dvfsrc;mtk_dvfsrc_devfreq;mtk_dvfsrc_helper;mtk_emi;mtk_gpu_power_throttling;mtk_hcp;mtk_imgsys_cmdq;mtk_imgsys_v4l2;mtk_iommu;mtk_ipesys_me;mtk_irtx_pwm;mtk_jpeg;mtk_low_battery_throttling;mtk_mbox_mailbox;mtk_mmc;mtk_mmdvfs;mtk_mml;mtk_panel_ext;mtk_pd_adapter;mtk_pd_charging;mtk_pep;mtk_pep40;mtk_pep50;mtk_pmic_keys;mtk_pmic_oc_debug;mtk_pmic_wrap;mtk_qos;mtk_scpsys;mtk_sec_heap;mtk_smi;mtk_spmi_pmic;mtk_spmi_pmic_adc;mtk_uart_apdma;mtk_vcodec_dec_v1;mtk_vcodec_enc_v1;mtk_vcu;mtk_vmm_isp71_regulator;mtk_wdt;mtu3;nvmem_mt635x_efuse;nvmem_mtk_devinfo;panel_ky_vtdr6115_dphy_cmd;phy_mtk_ufs;phy_mtk_xsphy;pinctrl_mtk_v2;pmic_lvsys_notify;pmic_temp;pwm_mtk_disp;reboot_mode;regulator_vibrator;reset_ti_syscon;rt4831a_drv;rt5133_regulator;rt6160_regulator;rt_pd_manager;rtc_mt6685;sapu;sc851x_charger;sc8571_charger;sec_rng;sh366003_fg;smpu;snd_soc_audiodsp_common;snd_soc_mt6369;snd_soc_mt6878_afe;snd_soc_mtk_common;snd_soc_mtk_scp_ultra;snd_soc_tfa98xx;soc_temp_lvts;spi_mt65xx;spmi_mtk_mpu;spmi_mtk_pmif;st21nfc;sub_vcm;syscon_reboot_mode;system_heap;tcpc_class;tcpc_mt6375;thermal_generic_adc;thermal_interface;tinysys_scmi;tkcore;tkcore_drv;ufs_mediatek_mod;usb_offload;vcp;vtskin_temp;wifi_cooling;xhci_mtk_hcd_v2;yft_gpio_keys,160,160,0,1,0,0,1,1,1,1,0xd50f026e,0xd50f026e,MATCH
devm_kmemdup,0x9ec5e35d,KERNEL_OR_BUILTIN,,0,extdev_io_class,1,1,0,0,0,0,0,0,0,0,0x9ec5e35d,0x9ec5e35d,MATCH
devm_kstrdup,0x7a08ba5b,KERNEL_OR_BUILTIN,,0,ufs_mediatek_mod,1,1,0,1,0,0,0,0,1,1,0x7a08ba5b,0x7a08ba5b,MATCH
devm_led_classdev_register_ext,0x9c6e5a8d,KERNEL_OR_BUILTIN,,0,leds_mtk;leds_rgb_aw2013;regulator_vibrator,3,3,0,1,0,0,1,1,1,1,0x9c6e5a8d,0x9c6e5a8d,MATCH
devm_led_classdev_unregister,0xcfe9ef77,KERNEL_OR_BUILTIN,,0,leds_mtk;regulator_vibrator,2,2,0,1,0,0,1,1,1,1,0xcfe9ef77,0xcfe9ef77,MATCH
devm_mbox_controller_register,0x2dd8f071,KERNEL_OR_BUILTIN,,0,mtk_mbox_mailbox,1,1,0,1,0,0,1,1,1,1,0x2dd8f071,0x2dd8f071,MATCH
devm_mfd_add_devices,0x4453e522,KERNEL_OR_BUILTIN,,0,mt6338_core;mt6685_core;mtk_spmi_pmic,3,3,0,1,0,0,1,1,1,1,0x4453e522,0x4453e522,MATCH
devm_nvmem_cell_get,0xf28fdfd2,KERNEL_OR_BUILTIN,,0,pmic_temp,1,1,0,1,0,0,1,1,1,1,0xf28fdfd2,0xf28fdfd2,MATCH
devm_nvmem_device_get,0x159083e3,KERNEL_OR_BUILTIN,,0,mt6369_accdet;pmic_temp;snd_soc_mt6369,3,3,0,1,0,0,1,1,1,1,0x159083e3,0x159083e3,MATCH
devm_nvmem_register,0x0a4ecd3d,KERNEL_OR_BUILTIN,,0,nvmem_mt635x_efuse;nvmem_mtk_devinfo,2,2,0,1,0,0,1,1,1,1,0x0a4ecd3d,0x0a4ecd3d,MATCH
devm_of_icc_get,0xd17d3ad9,KERNEL_OR_BUILTIN,,0,mtk_dvfsrc_helper,1,1,0,1,0,0,0,0,1,1,0xd17d3ad9,0xd17d3ad9,MATCH
devm_of_phy_get_by_index,0x6e34ead3,KERNEL_OR_BUILTIN,,0,mtu3;ufs_mediatek_mod,2,2,0,1,0,0,1,1,1,1,0x6e34ead3,0x6e34ead3,MATCH
devm_of_platform_populate,0x117417f3,KERNEL_OR_BUILTIN,,0,mt6375;mtk_dvfsrc;mtk_spmi_pmic;rt6160_regulator,4,4,0,1,0,0,1,1,1,1,0x117417f3,0x117417f3,MATCH
devm_phy_create,0xf8132783,KERNEL_OR_BUILTIN,,0,mediatek_drm;phy_mtk_ufs;phy_mtk_xsphy,3,3,0,1,0,0,1,1,1,1,0xf8132783,0xf8132783,MATCH
devm_phy_get,0x7984325f,KERNEL_OR_BUILTIN,,0,mediatek_drm,1,1,0,1,0,0,1,1,1,1,0x7984325f,0x7984325f,MATCH
devm_pinctrl_get,0x1e78d642,KERNEL_OR_BUILTIN,,0,connfem;conninfra;dw9781c;fingerprint;gps_drv_dl_v051;imgsensor;leds_ln2403;main2_vcm;main3_vcm;main4_vcm;main_vcm;mediatek_drm;mediatek_drm_panel_drv;mt6369_accdet;mtk_mmc;snd_soc_mt6878_afe;spi_tiny_co5300_lcd;sub_vcm,18,18,0,1,0,0,1,1,1,1,0x1e78d642,0x1e78d642,MATCH
devm_pinctrl_put,0x1eb56d31,KERNEL_OR_BUILTIN,,0,connfem;fingerprint;imgsensor,3,3,0,1,0,0,1,1,1,1,0x1eb56d31,0x1eb56d31,MATCH
devm_pinctrl_register_and_init,0x784f5532,KERNEL_OR_BUILTIN,,0,pinctrl_mtk_v2,1,1,0,1,0,0,1,1,1,1,0x784f5532,0x784f5532,MATCH
devm_platform_get_and_ioremap_resource,0xe537bee5,KERNEL_OR_BUILTIN,,0,mtk_mml,1,1,0,1,0,0,1,1,1,1,0xe537bee5,0xe537bee5,MATCH
devm_platform_ioremap_resource,0x326cd4ea,KERNEL_OR_BUILTIN,,0,cpufreq_sugov_ext;dbgtop_drm;mediatek_cpufreq_hw;mtk_mmc;mtk_uart_apdma;mtk_wdt;phy_mtk_ufs;pwm_mtk_disp;spi_mt65xx,9,9,0,1,0,0,1,1,1,1,0x326cd4ea,0x326cd4ea,MATCH
devm_platform_ioremap_resource_byname,0x43daf40e,KERNEL_OR_BUILTIN,,0,mtk_cam_isp7sp;mtu3,2,2,0,1,0,0,1,1,1,1,0x43daf40e,0x43daf40e,MATCH
devm_power_supply_get_by_phandle,0xddd61e77,KERNEL_OR_BUILTIN,,0,extcon_mtk_usb;mt6375_auxadc;mt6375_battery;mtk_charger_framework;mtk_chg_type_det;mtk_low_battery_throttling;mtk_pd_charging;mtk_pep;mtk_pep40;mtk_pep50,10,10,0,1,0,0,1,1,1,1,0xddd61e77,0xddd61e77,MATCH
devm_power_supply_register,0xf58e113b,KERNEL_OR_BUILTIN,,0,mt6375_charger;sc8571_charger;sh366003_fg,3,3,0,1,0,0,1,1,1,1,0xf58e113b,0xf58e113b,MATCH
devm_rc_allocate_device,0x2c14694d,KERNEL_OR_BUILTIN,,0,mtk_irtx_pwm,1,1,0,1,0,0,1,1,1,1,0x2c14694d,0x2c14694d,MATCH
devm_rc_register_device,0xdf90c837,KERNEL_OR_BUILTIN,,0,mtk_irtx_pwm,1,1,0,1,0,0,1,1,1,1,0xdf90c837,0xdf90c837,MATCH
devm_regmap_field_alloc,0x1ef40de7,KERNEL_OR_BUILTIN,,0,mt6375_charger;sc851x_charger;sc8571_charger,3,3,0,1,0,0,1,1,1,1,0x1ef40de7,0x1ef40de7,MATCH
devm_regulator_bulk_get,0x796de6ef,KERNEL_OR_BUILTIN,,0,hci_uart;xhci_mtk_hcd_v2,2,2,0,1,0,0,0,0,1,1,0x796de6ef,0x796de6ef,MATCH
devm_regulator_get,0x12d1b352,KERNEL_OR_BUILTIN,,0,conninfra;dw9781c;main2_vcm;main3_vcm;main4_vcm;main_vcm;mdp_drv_mt6878;mtk_imgsys_cmdq;mtk_irtx_pwm;mtk_mmdvfs;mtk_mmdvfs_debug;mtk_vmm_isp71_regulator;mtk_vmm_spm;mtu3;regulator_vibrator;sub_vcm;ufs_mediatek_mod,17,17,0,1,0,0,1,1,1,1,0x12d1b352,0x12d1b352,MATCH
devm_regulator_get_exclusive,0x881c7bc4,KERNEL_OR_BUILTIN,,0,extcon_mtk_usb;mt6375_auxadc;mtk_spmi_pmic_adc,3,3,0,1,0,0,1,1,1,1,0x881c7bc4,0x881c7bc4,MATCH
devm_regulator_get_optional,0x8bd4129a,KERNEL_OR_BUILTIN,,0,apu_top;ccci_md_all;conninfra;i2c_mt65xx;imgsensor;mdp_drv_mt6878;mediatek_drm;met;mmqos_common;mtk_cam_isp7sp;mtk_dvfsrc_helper;mtk_imgsys_cmdq;mtk_jpeg;mtk_mmc;mtk_mml;mtk_pmic_oc_debug;mtk_scpsys;mtk_vcodec_dec_v1;mtk_vcodec_enc_v1;scp;snd_soc_mt6369;ufs_mediatek_mod;usb_boost,23,23,0,1,0,0,1,1,1,1,0x8bd4129a,0x8bd4129a,MATCH
devm_regulator_put,0xe91adbb5,KERNEL_OR_BUILTIN,,0,imgsensor;mtk_mmdvfs_debug,2,2,0,1,0,0,1,1,1,1,0xe91adbb5,0xe91adbb5,MATCH
devm_regulator_register,0x78d8ab06,KERNEL_OR_BUILTIN,,0,mt6315_regulator;mt6363_regulator;mt6369_regulator;mt6375_charger;mtk_dvfsrc_regulator;mtk_vmm_isp71_regulator;rt5133_regulator;rt6160_regulator,8,8,0,1,0,0,1,1,1,1,0x78d8ab06,0x78d8ab06,MATCH
devm_regulator_register_notifier,0x2089c37d,KERNEL_OR_BUILTIN,,0,conninfra;mtk_mmc;mtk_mmdvfs;mtk_pmic_oc_debug;mtk_vmm_spm;regulator_vibrator,6,6,0,1,0,0,1,1,1,1,0x2089c37d,0x2089c37d,MATCH
devm_regulator_unregister_notifier,0x4357bccf,KERNEL_OR_BUILTIN,,0,mtk_mmc;mtk_mmdvfs,2,2,0,1,0,0,1,1,1,1,0x4357bccf,0x4357bccf,MATCH
devm_request_any_context_irq,0xf62dc15f,KERNEL_OR_BUILTIN,,0,yft_gpio_keys,1,1,0,0,0,0,0,0,0,0,0xf62dc15f,0xf62dc15f,MATCH
devm_request_threaded_irq,0x0570ef04,KERNEL_OR_BUILTIN,,0,apusys;arm_dsu_pmu;aw883xx_driver;bus_parity;cache_parity;conninfra;dbg_error_flag;device_apc_common;extcon_mtk_usb;hci_uart;i2c_mt65xx;mediatek_drm;mt6363_regulator;mt6369_accdet;mt6369_regulator;mt6375;mt6375_battery;mt6375_charger;mtk_battery_oc_throttling;mtk_btcvsd;mtk_cam_isp7sp;mtk_ccuv;mtk_cmdq_drv_ext;mtk_dpc;mtk_dvfsrc;mtk_iommu;mtk_jpeg;mtk_mmc;mtk_mminfra_debug;mtk_mml;mtk_pmic_keys;mtk_pmic_oc_debug;mtk_pmic_wrap;mtk_pwm;mtk_spmi_pmic;mtk_vcodec_common;mtk_wdt;mtu3;pmic_lbat_service;pmic_lvsys_notify;rt5133_regulator;rtc_mt6685;sc851x_charger;sc8571_charger;snd_soc_audiodsp_common;snd_soc_mt6878_afe;soc_temp_lvts;spi_mt65xx;spmi_mtk_pmif;st21nfc;tcpc_mt6375;ufs_mediatek_mod,52,52,0,1,0,0,1,1,1,1,0x0570ef04,0x0570ef04,MATCH
devm_reset_controller_register,0x429f44d6,KERNEL_OR_BUILTIN,,0,mtk_wdt;reset_ti_syscon,2,2,0,1,0,0,1,1,1,1,0x429f44d6,0x429f44d6,MATCH
devm_rtc_allocate_device,0x01968f79,KERNEL_OR_BUILTIN,,0,rtc_mt6685,1,1,0,1,0,0,1,1,1,1,0x01968f79,0x01968f79,MATCH
devm_rtc_nvmem_register,0xdff5d1b0,KERNEL_OR_BUILTIN,,0,rtc_mt6685,1,1,0,1,0,0,1,1,1,1,0xdff5d1b0,0xdff5d1b0,MATCH
devm_snd_soc_register_card,0x95ca8c34,KERNEL_OR_BUILTIN,,0,mt6878_mt6369,1,1,0,1,0,0,1,1,1,1,0x95ca8c34,0x95ca8c34,MATCH
devm_snd_soc_register_component,0xc5ff76a4,KERNEL_OR_BUILTIN,,0,mtk_btcvsd;snd_soc_mt6369;snd_soc_mt6878_afe;snd_soc_tfa98xx,4,4,0,1,0,0,1,1,1,1,0xc5ff76a4,0xc5ff76a4,MATCH
devm_spi_register_controller,0xff4c4c85,KERNEL_OR_BUILTIN,,0,spi_mt65xx,1,1,0,1,0,0,1,1,1,1,0xff4c4c85,0xff4c4c85,MATCH
devm_thermal_of_zone_register,0x21c72be8,KERNEL_OR_BUILTIN,,0,board_temp;conninfra;imgsensor;pmic_temp;soc_temp_lvts;thermal_generic_adc;vtskin_temp,7,7,0,1,0,0,0,0,1,1,0x21c72be8,0x21c72be8,MATCH
devm_watchdog_register_device,0x13942ca1,KERNEL_OR_BUILTIN,,0,mtk_wdt,1,1,0,1,0,0,1,1,1,1,0x13942ca1,0x13942ca1,MATCH
devres_add,0xcb9503da,KERNEL_OR_BUILTIN,,0,extdev_io_class;kfifo_buf;reboot_mode,3,3,0,1,0,0,1,1,1,1,0xcb9503da,0xcb9503da,MATCH
devres_free,0xe93e49c3,KERNEL_OR_BUILTIN,,0,extdev_io_class;kfifo_buf;reboot_mode,3,3,0,1,0,0,1,1,1,1,0xe93e49c3,0xe93e49c3,MATCH
devres_release,0xfaf840f5,KERNEL_OR_BUILTIN,,0,reboot_mode,1,1,0,1,0,0,1,1,1,1,0xfaf840f5,0xfaf840f5,MATCH
disable_irq,0x3ce4ca6f,KERNEL_OR_BUILTIN,,0,apusys;camera_dpe_isp7sp;ccci_dpmaif;gps_drv_dl_v051;mdp_drv_mt6878;mediatek_drm;microarray_fp_tee;mt6375;mtk_btcvsd;mtk_cam_isp7sp;mtk_ccuv;mtk_vcodec_common;mtk_vcodec_dec_v1;mtk_vcodec_enc_v1;sc851x_charger;sc8571_charger;spi_tiny_co5300_lcd;tcpc_mt6375;ufs_mediatek_mod;vcp;xhci_mtk_hcd_v2;yft_gpio_keys,22,22,0,1,0,0,1,1,1,1,0x3ce4ca6f,0x3ce4ca6f,MATCH
disable_irq_nosync,0x27bbf221,KERNEL_OR_BUILTIN,,0,apusys;bt_drv_6878;bus_parity;cache_parity;ccci_ccif;ccci_md_all;clk_common;connadp;conninfra;dbg_error_flag;fmradio_drv_connac2x;focaltech_touch_spi_ft3680;gps_drv_dl_v051;gz_irq_mod;hynitron;mt6363_regulator;mt6369_accdet;mt6369_regulator;mt6375_auxadc;mt6375_battery;mtk_battery_oc_throttling;mtk_ccuv;mtk_mmc;rtc_mt6685;scp;st21nfc;vcp;wlan_drv_gen4m_6878;yft_gpio_keys,29,29,0,1,0,0,1,1,1,1,0x27bbf221,0x27bbf221,MATCH
disable_percpu_irq,0xf21e1f9b,KERNEL_OR_BUILTIN,,0,gz_irq_mod;met,2,2,0,1,0,0,1,1,1,1,0xf21e1f9b,0xf21e1f9b,MATCH
dma_alloc_attrs,0xaecca64f,KERNEL_OR_BUILTIN,,0,apusys;camera_dpe_isp7sp;ccci_dpmaif;cmdq_sec_drv;drm_dma_helper;gps_drv_dl_v051;mali_dmabuf_test_mt6878_r44;mdp_drv_mt6878;mediatek_drm;mtk_aie;mtk_ccuv;mtk_cmdq_drv_ext;mtk_irtx_pwm;mtk_mmc;mtk_mminfra_imax;mtk_vcodec_common;snd_soc_mt6878_afe;tmem_ffa;wlan_drv_gen4m_6878;xhci_mtk_hcd_v2,20,20,0,1,0,0,1,1,1,1,0xaecca64f,0xaecca64f,MATCH
dma_alloc_pages,0x6b2a8b2a,KERNEL_OR_BUILTIN,,0,drm_dma_helper;mtk_mml,2,2,0,1,0,0,0,0,1,1,0x6b2a8b2a,0x6b2a8b2a,MATCH
dma_async_device_register,0xe5e76052,KERNEL_OR_BUILTIN,,0,mtk_uart_apdma,1,1,0,1,0,0,1,1,1,1,0xe5e76052,0xe5e76052,MATCH
dma_async_device_unregister,0x21433073,KERNEL_OR_BUILTIN,,0,mtk_uart_apdma,1,1,0,1,0,0,1,1,1,1,0x21433073,0x21433073,MATCH
dma_async_tx_descriptor_init,0x2b11f66f,KERNEL_OR_BUILTIN,,0,mtk_uart_apdma,1,1,0,1,0,0,1,1,1,1,0x2b11f66f,0x2b11f66f,MATCH
dma_buf_attach,0x1c8c3c9f,KERNEL_OR_BUILTIN,,0,apusys;camera_dpe_isp7sp;mali_dmabuf_test_mt6878_r44;mali_kbase_mt6878_r44;mdp_drv_mt6878;mediatek_drm;mtk_aie;mtk_cam_isp7sp;mtk_ccd_remoteproc;mtk_ccuv;mtk_hcp;mtk_imgsys_v4l2;mtk_mml;mtk_vcodec_common;mtk_vcodec_dec_v1;mtk_vcodec_enc_v1;mtk_vcu;pda_drv_mt6878;sapu;tkcore;vcp,21,21,0,1,0,0,1,1,1,1,0x1c8c3c9f,0x1c8c3c9f,MATCH
dma_buf_begin_cpu_access,0x4406c079,KERNEL_OR_BUILTIN,,0,apusys;mali_dmabuf_test_mt6878_r44;mtk_aie;mtk_hcp;mtk_imgsys_v4l2;mtk_mml;mtk_vcodec_dec_v1;mtk_vcodec_enc_v1,8,8,0,1,0,0,1,1,1,1,0x4406c079,0x4406c079,MATCH
dma_buf_detach,0x4425402e,KERNEL_OR_BUILTIN,,0,apusys;camera_dpe_isp7sp;mali_dmabuf_test_mt6878_r44;mali_kbase_mt6878_r44;mdp_drv_mt6878;mediatek_drm;mtk_aie;mtk_cam_isp7sp;mtk_ccd_remoteproc;mtk_ccuv;mtk_hcp;mtk_imgsys_v4l2;mtk_mml;mtk_vcodec_common;mtk_vcodec_dec_v1;mtk_vcodec_enc_v1;mtk_vcu;pda_drv_mt6878;sapu;tkcore;vcp,21,21,0,1,0,0,1,1,1,1,0x4425402e,0x4425402e,MATCH
dma_buf_end_cpu_access,0xc82f07f0,KERNEL_OR_BUILTIN,,0,apusys;mali_dmabuf_test_mt6878_r44;mtk_aie;mtk_hcp;mtk_imgsys_v4l2;mtk_mml;mtk_vcodec_dec_v1;mtk_vcodec_enc_v1,8,8,0,1,0,0,1,1,1,1,0xc82f07f0,0xc82f07f0,MATCH
dma_buf_end_cpu_access_partial,0x0b750434,KERNEL_OR_BUILTIN,,0,mtk_aie;mtk_hcp,2,2,0,1,0,0,0,0,1,1,0x0b750434,0x0b750434,MATCH
dma_buf_export,0xf20c4b0b,KERNEL_OR_BUILTIN,,0,apusys;camera_dpe_isp7sp;mali_dmabuf_test_mt6878_r44;mtk_aie;mtk_sec_heap;snd_soc_mtk_common;system_heap;tkcore,8,8,0,1,0,0,1,1,1,1,0xf20c4b0b,0xf20c4b0b,MATCH
dma_buf_fd,0x317a2244,KERNEL_OR_BUILTIN,,0,apusys;mali_dmabuf_test_mt6878_r44;mtk_cam_isp7sp;mtk_ccd_remoteproc;mtk_hcp;snd_soc_mtk_common;tkcore,7,7,0,1,0,0,1,1,1,1,0x317a2244,0x317a2244,MATCH
dma_buf_get,0xe1c6bdef,KERNEL_OR_BUILTIN,,0,apusys;camera_dpe_isp7sp;ged;gz_main_mod;mali_dmabuf_test_mt6878_r44;mali_kbase_mt6878_r44;mdp_drv_mt6878;mediatek_drm;mtk_aie;mtk_cam_isp7sp;mtk_ccd_remoteproc;mtk_imgsys_cmdq;mtk_imgsys_isp7sp;mtk_imgsys_v4l2;mtk_mml;mtk_vcodec_dec_v1;mtk_vcodec_enc_v1;mtk_vcu;pda_drv_mt6878;sapu;tkcore;widevine_driver,22,22,0,1,0,0,1,1,1,1,0xe1c6bdef,0xe1c6bdef,MATCH
dma_buf_get_each,0x37a35f4e,KERNEL_OR_BUILTIN,,0,mtk_heap_debug,1,1,0,1,0,0,0,0,1,1,0x37a35f4e,0x37a35f4e,MATCH
dma_buf_map_attachment,0xb1441f23,KERNEL_OR_BUILTIN,,0,apusys;camera_dpe_isp7sp;mali_dmabuf_test_mt6878_r44;mali_kbase_mt6878_r44;mdp_drv_mt6878;mediatek_drm;mtk_aie;mtk_cam_isp7sp;mtk_ccd_remoteproc;mtk_ccuv;mtk_hcp;mtk_imgsys_v4l2;mtk_mml;mtk_vcodec_common;mtk_vcodec_dec_v1;mtk_vcodec_enc_v1;mtk_vcu;pda_drv_mt6878;sapu;tkcore;vcp,21,21,0,1,0,0,1,1,1,1,0xb1441f23,0xb1441f23,MATCH
dma_buf_mmap,0x5256ef77,KERNEL_OR_BUILTIN,,0,mali_kbase_mt6878_r44;mtk_ccuv,2,2,0,1,0,0,1,1,1,1,0x5256ef77,0x5256ef77,MATCH
dma_buf_put,0x819fd9a0,KERNEL_OR_BUILTIN,,0,apusys;camera_dpe_isp7sp;ged;gz_main_mod;mali_dmabuf_test_mt6878_r44;mali_kbase_mt6878_r44;mdp_drv_mt6878;mediatek_drm;mtk_aie;mtk_cam_isp7sp;mtk_hcp;mtk_heap_debug;mtk_imgsys_v4l2;mtk_mml;mtk_vcodec_dec_v1;mtk_vcodec_enc_v1;mtk_vcu;pda_drv_mt6878;sapu;tkcore;widevine_driver,21,21,0,1,0,0,1,1,1,1,0x819fd9a0,0x819fd9a0,MATCH
dma_buf_unmap_attachment,0x54dc2906,KERNEL_OR_BUILTIN,,0,apusys;camera_dpe_isp7sp;mali_dmabuf_test_mt6878_r44;mali_kbase_mt6878_r44;mdp_drv_mt6878;mtk_aie;mtk_cam_isp7sp;mtk_ccd_remoteproc;mtk_ccuv;mtk_hcp;mtk_imgsys_v4l2;mtk_mml;mtk_vcodec_common;mtk_vcodec_dec_v1;mtk_vcodec_enc_v1;mtk_vcu;pda_drv_mt6878;sapu;tkcore,19,19,0,1,0,0,1,1,1,1,0x54dc2906,0x54dc2906,MATCH
dma_buf_vmap,0x0e98d45b,KERNEL_OR_BUILTIN,,0,apusys;camera_dpe_isp7sp;drm_dma_helper;mediatek_drm;mtk_aie;mtk_cam_isp7sp;mtk_ccd_remoteproc;mtk_ccuv;mtk_hcp;mtk_imgsys_v4l2;mtk_mml;mtk_vcodec_common;mtk_vcodec_dec_v1;mtk_vcodec_enc_v1;vcp,15,15,0,1,0,0,1,1,1,1,0x0e98d45b,0x0e98d45b,MATCH
dma_buf_vunmap,0xdeb1c797,KERNEL_OR_BUILTIN,,0,apusys;camera_dpe_isp7sp;drm_dma_helper;mediatek_drm;mtk_aie;mtk_cam_isp7sp;mtk_ccd_remoteproc;mtk_ccuv;mtk_hcp;mtk_imgsys_v4l2;mtk_mml;mtk_vcodec_common;mtk_vcodec_dec_v1;mtk_vcodec_enc_v1,14,14,0,1,0,0,1,1,1,1,0xdeb1c797,0xdeb1c797,MATCH
dma_fence_add_callback,0x8e21c9a1,KERNEL_OR_BUILTIN,,0,ged;mali_kbase_mt6878_r44;mtk_imgsys_cmdq,3,3,0,1,0,0,1,1,1,1,0x8e21c9a1,0x8e21c9a1,MATCH
dma_fence_array_create,0xa2d52a7a,KERNEL_OR_BUILTIN,,0,mtk_vcodec_common,1,1,0,1,0,0,1,1,1,1,0xa2d52a7a,0xa2d52a7a,MATCH
dma_fence_array_ops,0xe03a689d,KERNEL_OR_BUILTIN,,0,mali_kbase_mt6878_r44;mtk_vcodec_common,2,2,0,1,0,0,1,1,1,1,0xe03a689d,0xe03a689d,MATCH
dma_fence_context_alloc,0x14605535,KERNEL_OR_BUILTIN,,0,apusys;ged;mali_kbase_mt6878_r44;mdp_drv_mt6878;mtk_sync;mtk_vcodec_common,6,6,0,1,0,0,1,1,1,1,0x14605535,0x14605535,MATCH
dma_fence_default_wait,0x350ea558,KERNEL_OR_BUILTIN,,0,apusys;ged;mali_kbase_mt6878_r44;mdp_drv_mt6878;mtk_hcp,5,5,0,1,0,0,1,1,1,1,0x350ea558,0x350ea558,MATCH
dma_fence_free,0xdd8166a1,KERNEL_OR_BUILTIN,,0,ged;mdp_drv_mt6878;mtk_sync,3,3,0,1,0,0,1,1,1,1,0xdd8166a1,0xdd8166a1,MATCH
dma_fence_get_status,0x2e0b1deb,KERNEL_OR_BUILTIN,,0,mali_kbase_mt6878_r44,1,1,0,1,0,0,1,1,1,1,0x2e0b1deb,0x2e0b1deb,MATCH
dma_fence_init,0x16dee44d,KERNEL_OR_BUILTIN,,0,apusys;ged;mali_kbase_mt6878_r44;mdp_drv_mt6878;mtk_hcp;mtk_sync;mtk_vcodec_common,7,7,0,1,0,0,1,1,1,1,0x16dee44d,0x16dee44d,MATCH
dma_fence_release,0xe123f3d9,KERNEL_OR_BUILTIN,,0,apusys;ged;mali_kbase_mt6878_r44;mdp_drv_mt6878;mediatek_drm;mtk_imgsys_cmdq;mtk_mml;mtk_sync;mtk_vcodec_common;mtk_vcodec_dec_v1,10,10,0,1,0,0,1,1,1,1,0xe123f3d9,0xe123f3d9,MATCH
dma_fence_remove_callback,0x3b20fb95,KERNEL_OR_BUILTIN,,0,mali_kbase_mt6878_r44;mtk_imgsys_cmdq,2,2,0,1,0,0,1,1,1,1,0x3b20fb95,0x3b20fb95,MATCH
dma_fence_signal,0x731c4a9c,KERNEL_OR_BUILTIN,,0,apusys;mali_kbase_mt6878_r44;mtk_imgsys_cmdq;mtk_mml;mtk_vcodec_common,5,5,0,1,0,0,1,1,1,1,0x731c4a9c,0x731c4a9c,MATCH
dma_fence_signal_locked,0x3d02cd70,KERNEL_OR_BUILTIN,,0,ged;mdp_drv_mt6878;mtk_sync,3,3,0,1,0,0,1,1,1,1,0x3d02cd70,0x3d02cd70,MATCH
dma_fence_signal_timestamp_locked,0x8455e3a7,KERNEL_OR_BUILTIN,,0,mtk_sync,1,1,0,1,0,0,1,1,1,1,0x8455e3a7,0x8455e3a7,MATCH
dma_fence_wait_timeout,0x98c039dc,KERNEL_OR_BUILTIN,,0,apusys;mtk_mml,2,2,0,1,0,0,1,1,1,1,0x98c039dc,0x98c039dc,MATCH
dma_free_attrs,0x1ccd9429,KERNEL_OR_BUILTIN,,0,apusys;camera_dpe_isp7sp;drm_dma_helper;gps_drv_dl_v051;mali_dmabuf_test_mt6878_r44;mdp_drv_mt6878;mediatek_drm;mtk_aie;mtk_ccuv;mtk_cmdq_drv_ext;mtk_irtx_pwm;mtk_mmc;mtk_vcodec_common;snd_soc_mt6878_afe;tmem_ffa;wlan_drv_gen4m_6878;xhci_mtk_hcd_v2,17,17,0,1,0,0,1,1,1,1,0x1ccd9429,0x1ccd9429,MATCH
dma_free_pages,0xb0e02c8a,KERNEL_OR_BUILTIN,,0,drm_dma_helper;mtk_mml,2,2,0,1,0,0,0,0,1,1,0xb0e02c8a,0xb0e02c8a,MATCH
dma_get_sgtable_attrs,0x75dcc291,KERNEL_OR_BUILTIN,,0,apusys;camera_dpe_isp7sp;drm_dma_helper;mediatek_drm;mtk_aie,5,5,0,1,0,0,1,1,1,1,0x75dcc291,0x75dcc291,MATCH
dma_heap_add,0x54f954ba,KERNEL_OR_BUILTIN,,0,mtk_sec_heap;system_heap,2,2,0,1,0,0,1,1,1,1,0x54f954ba,0x54f954ba,MATCH
dma_heap_buffer_alloc,0x82adb69b,KERNEL_OR_BUILTIN,,0,apusys;mediatek_drm;mtk_aie;mtk_cam_isp7sp;mtk_ccd_remoteproc;mtk_ccuv;mtk_hcp;mtk_vcodec_common;sapu;system_heap;vcp,11,11,0,1,0,0,1,1,1,1,0x82adb69b,0x82adb69b,MATCH
dma_heap_buffer_free,0xf541892d,KERNEL_OR_BUILTIN,,0,apusys;mediatek_drm;mtk_aie;mtk_cam_isp7sp;mtk_ccd_remoteproc;mtk_ccuv;mtk_vcodec_common;sapu;system_heap;vcp,10,10,0,1,0,0,1,1,1,1,0xf541892d,0xf541892d,MATCH
dma_heap_bufferfd_alloc,0x9ba677bf,KERNEL_OR_BUILTIN,,0,mtk_heap_debug,1,1,0,1,0,0,1,1,1,1,0x9ba677bf,0x9ba677bf,MATCH
dma_heap_find,0xeff75c0b,KERNEL_OR_BUILTIN,,0,apusys;mediatek_drm;mtk_aie;mtk_cam_isp7sp;mtk_ccd_remoteproc;mtk_ccuv;mtk_hcp;mtk_heap_debug;mtk_vcodec_common;sapu;system_heap;vcp,12,12,0,1,0,0,1,1,1,1,0xeff75c0b,0xeff75c0b,MATCH
dma_heap_get_dev,0x6bbb8549,KERNEL_OR_BUILTIN,,0,mtk_sec_heap;system_heap,2,2,0,1,0,0,1,1,1,1,0x6bbb8549,0x6bbb8549,MATCH
dma_heap_get_drvdata,0xf39b6569,KERNEL_OR_BUILTIN,,0,mtk_heap_debug;system_heap,2,2,0,1,0,0,1,1,1,1,0xf39b6569,0xf39b6569,MATCH
dma_heap_get_name,0xed3a3cb3,KERNEL_OR_BUILTIN,,0,mtk_heap_debug;mtk_sec_heap;system_heap,3,3,0,1,0,0,1,1,1,1,0xed3a3cb3,0xed3a3cb3,MATCH
dma_heap_put,0x067e2f47,KERNEL_OR_BUILTIN,,0,apusys;mediatek_drm;mtk_aie;mtk_cam_isp7sp;mtk_ccuv;mtk_heap_debug;sapu;system_heap,8,8,0,1,0,0,1,1,1,1,0x067e2f47,0x067e2f47,MATCH
dma_map_page_attrs,0x0a99e54c,KERNEL_OR_BUILTIN,,0,apusys;ccci_dpmaif;i2c_mt65xx;mali_kbase_mt6878_r44;spi_mt65xx;wlan_drv_gen4m_6878;xhci_mtk_hcd_v2,7,7,0,1,0,0,1,1,1,1,0x0a99e54c,0x0a99e54c,MATCH
dma_map_resource,0xd7d92ed9,KERNEL_OR_BUILTIN,,0,mtk_aie;mtk_cam_isp7sp,2,2,0,1,0,0,1,1,1,1,0xd7d92ed9,0xd7d92ed9,MATCH
dma_map_sg_attrs,0x32348f21,KERNEL_OR_BUILTIN,,0,apusys;camera_dpe_isp7sp;cqhci;mali_dmabuf_test_mt6878_r44;mediatek_drm;mtk_mmc;tkcore,7,7,0,1,0,0,1,1,1,1,0x32348f21,0x32348f21,MATCH
dma_map_sgtable,0x409f2393,KERNEL_OR_BUILTIN,,0,apusys;mtk_aie;mtk_sec_heap;system_heap,4,4,0,1,0,0,1,1,1,1,0x409f2393,0x409f2393,MATCH
dma_mmap_attrs,0x4c740777,KERNEL_OR_BUILTIN,,0,drm_dma_helper;mediatek_drm;mtk_aie;mtk_ccuv,4,4,0,1,0,0,1,1,1,1,0x4c740777,0x4c740777,MATCH
dma_mmap_pages,0x8890df74,KERNEL_OR_BUILTIN,,0,drm_dma_helper,1,1,0,1,0,0,0,0,1,1,0x8890df74,0x8890df74,MATCH
dma_pool_alloc,0x678b96ec,KERNEL_OR_BUILTIN,,0,mdp_drv_mt6878;mtk_cmdq_drv_ext;mtu3;xhci_mtk_hcd_v2,4,4,0,1,0,0,1,1,1,1,0x678b96ec,0x678b96ec,MATCH
dma_pool_create,0x0e6501dd,KERNEL_OR_BUILTIN,,0,mtk_cmdq_drv_ext;mtu3;xhci_mtk_hcd_v2,3,3,0,1,0,0,1,1,1,1,0x0e6501dd,0x0e6501dd,MATCH
dma_pool_destroy,0xb5aa7165,KERNEL_OR_BUILTIN,,0,mdp_drv_mt6878;mtk_cmdq_drv_ext;mtu3;xhci_mtk_hcd_v2,4,4,0,1,0,0,1,1,1,1,0xb5aa7165,0xb5aa7165,MATCH
dma_pool_free,0x2f7754a8,KERNEL_OR_BUILTIN,,0,mdp_drv_mt6878;mtk_cmdq_drv_ext;mtu3;xhci_mtk_hcd_v2,4,4,0,1,0,0,1,1,1,1,0x2f7754a8,0x2f7754a8,MATCH
dma_resv_add_fence,0x08dd5a9a,KERNEL_OR_BUILTIN,,0,mtk_vcodec_common,1,1,0,1,0,0,0,0,1,1,0x08dd5a9a,0x08dd5a9a,MATCH
dma_resv_iter_first_unlocked,0x28ff265b,KERNEL_OR_BUILTIN,,0,mtk_vcodec_dec_v1,1,1,0,1,0,0,0,0,1,1,0x28ff265b,0x28ff265b,MATCH
dma_resv_iter_next_unlocked,0x2a33131b,KERNEL_OR_BUILTIN,,0,mtk_vcodec_dec_v1,1,1,0,1,0,0,0,0,1,1,0x2a33131b,0x2a33131b,MATCH
dma_resv_reserve_fences,0x8c07c1d7,KERNEL_OR_BUILTIN,,0,mtk_sync,1,1,0,1,0,0,0,0,1,1,0x8c07c1d7,0x8c07c1d7,MATCH
dma_set_coherent_mask,0xceefb577,KERNEL_OR_BUILTIN,,0,apusys;cmdq_sec_drv;mali_kbase_mt6878_r44;mdp_drv_mt6878;mediatek_drm;mtk_aie;mtk_cam_isp7sp;mtk_ccd_remoteproc;mtk_ccuv;mtk_cmdq_drv_ext;mtk_hcp;mtk_imgsys_v4l2;mtk_irtx_pwm;mtk_jpeg;mtk_mmc;mtk_mminfra_imax;mtk_mml;mtk_sec_heap;mtk_uart_apdma;mtk_vcodec_dec_v1;mtk_vcodec_enc_v1;mtk_vcu;mtu3;pda_drv_mt6878;snd_soc_mt6878_afe;system_heap;vcp;wlan_drv_gen4m_6878;xhci_mtk_hcd_v2,29,29,0,1,0,0,1,1,1,1,0xceefb577,0xceefb577,MATCH
dma_set_mask,0x18d3ec20,KERNEL_OR_BUILTIN,,0,apusys;i2c_mt65xx;mali_kbase_mt6878_r44;mdp_drv_mt6878;mediatek_drm;mtk_aie;mtk_cam_isp7sp;mtk_ccd_remoteproc;mtk_ccuv;mtk_hcp;mtk_imgsys_v4l2;mtk_jpeg;mtk_mminfra_imax;mtk_mml;mtk_sec_heap;mtk_uart_apdma;mtk_vcodec_dec_v1;mtk_vcodec_enc_v1;mtk_vcu;mtu3;pda_drv_mt6878;snd_soc_mt6878_afe;spi_mt65xx;system_heap;vcp;wlan_drv_gen4m_6878;xhci_mtk_hcd_v2,27,27,0,1,0,0,1,1,1,1,0x18d3ec20,0x18d3ec20,MATCH
dma_sync_sg_for_cpu,0x7416c68b,KERNEL_OR_BUILTIN,,0,apusys;camera_dpe_isp7sp;mali_dmabuf_test_mt6878_r44;mali_kbase_mt6878_r44;mtk_aie;mtk_cam_isp7sp;mtk_hcp;mtk_imgsys_v4l2;mtk_sec_heap;mtk_vcodec_common;mtk_vcodec_dec_v1;system_heap;tmem_ffa,13,13,0,1,0,0,1,1,1,1,0x7416c68b,0x7416c68b,MATCH
dma_sync_sg_for_device,0x3cdacb78,KERNEL_OR_BUILTIN,,0,apusys;camera_dpe_isp7sp;mali_dmabuf_test_mt6878_r44;mali_kbase_mt6878_r44;mtk_aie;mtk_cam_isp7sp;mtk_hcp;mtk_imgsys_v4l2;mtk_sec_heap;mtk_vcodec_common;mtk_vcodec_dec_v1;mtk_vcodec_enc_v1;mtk_vcu;system_heap,14,14,0,1,0,0,1,1,1,1,0x3cdacb78,0x3cdacb78,MATCH
dma_sync_single_for_cpu,0x66e8950d,KERNEL_OR_BUILTIN,,0,apusys;ccci_dpmaif;mali_kbase_mt6878_r44,3,3,0,1,0,0,1,1,1,1,0x66e8950d,0x66e8950d,MATCH
dma_sync_single_for_device,0xd22e85cb,KERNEL_OR_BUILTIN,,0,drm_dma_helper;mali_kbase_mt6878_r44;mtk_mml,3,3,0,1,0,0,1,1,1,1,0xd22e85cb,0xd22e85cb,MATCH
dma_unmap_page_attrs,0x2800f2e6,KERNEL_OR_BUILTIN,,0,apusys;ccci_dpmaif;i2c_mt65xx;mali_kbase_mt6878_r44;mtk_cam_isp7sp;spi_mt65xx;wlan_drv_gen4m_6878;xhci_mtk_hcd_v2,8,8,0,1,0,0,1,1,1,1,0x2800f2e6,0x2800f2e6,MATCH
dma_unmap_resource,0xf6141921,KERNEL_OR_BUILTIN,,0,mtk_aie;mtk_cam_isp7sp,2,2,0,1,0,0,1,1,1,1,0xf6141921,0xf6141921,MATCH
dma_unmap_sg_attrs,0x0df35f73,KERNEL_OR_BUILTIN,,0,apusys;camera_dpe_isp7sp;cqhci;mali_dmabuf_test_mt6878_r44;mediatek_drm;mtk_aie;mtk_mmc;mtk_sec_heap;system_heap;tkcore,10,10,0,1,0,0,1,1,1,1,0x0df35f73,0x0df35f73,MATCH
dma_vmap_noncontiguous,0x5bc92933,KERNEL_OR_BUILTIN,,0,mtk_hcp;mtk_imgsys_v4l2,2,2,0,1,0,0,0,0,1,1,0x5bc92933,0x5bc92933,MATCH
dmabuf_page_pool_alloc,0x8b0411eb,KERNEL_OR_BUILTIN,,0,mtk_sec_heap,1,1,0,1,0,0,1,1,1,1,0x8b0411eb,0x8b0411eb,MATCH
dmabuf_page_pool_create,0x8034c53b,KERNEL_OR_BUILTIN,,0,mtk_sec_heap,1,1,0,1,0,0,1,1,1,1,0x8034c53b,0x8034c53b,MATCH
dmabuf_page_pool_destroy,0x6971adf7,KERNEL_OR_BUILTIN,,0,mtk_sec_heap,1,1,0,1,0,0,1,1,1,1,0x6971adf7,0x6971adf7,MATCH
dmabuf_page_pool_free,0x7ba95d6c,KERNEL_OR_BUILTIN,,0,mtk_sec_heap,1,1,0,1,0,0,1,1,1,1,0x7ba95d6c,0x7ba95d6c,MATCH
dmam_alloc_attrs,0xcf6082ed,KERNEL_OR_BUILTIN,,0,cqhci,1,1,0,1,0,0,1,1,1,1,0xcf6082ed,0xcf6082ed,MATCH
dmam_free_coherent,0xb0da3933,KERNEL_OR_BUILTIN,,0,cqhci,1,1,0,1,0,0,1,1,1,1,0xb0da3933,0xb0da3933,MATCH
do_trace_netlink_extack,0xe6d2458e,KERNEL_OR_BUILTIN,,0,8021q;can_dev;can_gw;cfg80211;tipc;wlan_drv_gen4m_6878;wwan,7,7,0,1,0,0,1,1,1,1,0xe6d2458e,0xe6d2458e,MATCH
do_wait_intr_irq,0x5102a30b,KERNEL_OR_BUILTIN,,0,ccci_md_all;mddp,2,2,0,1,0,0,1,1,1,1,0x5102a30b,0x5102a30b,MATCH
double_rq_lock,0xdb32b18f,KERNEL_OR_BUILTIN,,0,scheduler,1,1,0,1,0,0,1,1,1,1,0xdb32b18f,0xdb32b18f,MATCH
down,0x6626afca,KERNEL_OR_BUILTIN,,0,bt_drv_6878;connscp;gps_scp;mtk_vcodec_dec_v1;tcpc_class;tkcore;ufs_mediatek_mod;wlan_drv_gen4m_6878,8,8,0,1,0,0,1,1,1,1,0x6626afca,0x6626afca,MATCH
down_interruptible,0x6bd0e573,KERNEL_OR_BUILTIN,,0,aee_aed;aee_rs;fmradio_drv_connac2x;mediatek_drm;mtk_vcodec_dec_v1;mtk_vcodec_enc_v1;sec;tkcore,8,8,0,1,0,0,1,1,1,1,0x6bd0e573,0x6bd0e573,MATCH
down_killable,0x36b6ebbf,KERNEL_OR_BUILTIN,,0,wlan_drv_gen4m_6878,1,1,0,1,0,0,0,0,1,1,0x36b6ebbf,0x36b6ebbf,MATCH
down_read,0x3355da1c,KERNEL_OR_BUILTIN,,0,gz_tz_system;gzvm;hidp;mali_kbase_mt6878_r44;monitor_hang;ppp_generic;zram,7,7,0,1,1,0,1,1,1,1,0x3355da1c,0x3355da1c,MATCH
down_read_killable,0x2604b7c2,KERNEL_OR_BUILTIN,,0,hbt,1,1,0,1,0,0,0,0,1,1,0x2604b7c2,0x2604b7c2,MATCH
down_read_trylock,0x88f5cdef,KERNEL_OR_BUILTIN,,0,mali_kbase_mt6878_r44;mtk_heap_debug,2,2,0,1,0,0,1,1,1,1,0x88f5cdef,0x88f5cdef,MATCH
down_timeout,0x92e683f5,KERNEL_OR_BUILTIN,,0,conninfra;mtk_vcu;wlan_drv_gen4m_6878,3,3,0,1,0,0,1,1,1,1,0x92e683f5,0x92e683f5,MATCH
down_trylock,0xe9ffc063,KERNEL_OR_BUILTIN,,0,fmradio_drv_connac2x;mtk_vcodec_dec_v1;mtk_vcodec_enc_v1;mtk_vcu;ufs_mediatek_mod;wlan_drv_gen4m_6878,6,6,0,1,0,0,1,1,1,1,0xe9ffc063,0xe9ffc063,MATCH
down_write,0x28ed2847,KERNEL_OR_BUILTIN,,0,ccci_md_all;cpudvfs;drm_dma_helper;hidp;mali_dmabuf_test_mt6878_r44;mali_kbase_mt6878_r44;mediatek_drm;monitor_hang;mtk_aie;ppp_generic;snd_soc_mtk_common;teeperf;tmem_ffa;zram,14,14,0,1,1,0,1,1,1,1,0x28ed2847,0x28ed2847,MATCH
down_write_killable,0xced2405e,KERNEL_OR_BUILTIN,,0,hbt,1,1,0,1,0,0,1,1,1,1,0xced2405e,0xced2405e,MATCH
downgrade_write,0xd486fb9c,KERNEL_OR_BUILTIN,,0,mali_kbase_mt6878_r44,1,1,0,1,0,0,1,1,1,1,0xd486fb9c,0xd486fb9c,MATCH
dput,0x8a38d2d9,KERNEL_OR_BUILTIN,,0,mtk_cmdq_drv_ext;mtk_mml;mtk_smi_dbg,3,3,0,1,1,0,1,1,1,1,0x8a38d2d9,0x8a38d2d9,MATCH
drain_workqueue,0xa38602cd,KERNEL_OR_BUILTIN,,0,bluetooth,1,2,0,1,0,0,1,1,1,1,0xa38602cd,0xa38602cd,MATCH
driver_attach,0xb6db38a0,KERNEL_OR_BUILTIN,,0,usbserial,1,1,0,1,0,0,0,0,1,1,0xb6db38a0,0xb6db38a0,MATCH
driver_create_file,0x4cafa18c,KERNEL_OR_BUILTIN,,0,bus_parity;cache_parity;emi;emi_fake_eng;gps_drv_dl_v051;mt6369_accdet;mtk_dramc;pinctrl_mtk_v2;spi_tiny_co5300_lcd;yft_tpd_gesture,10,10,0,1,0,0,1,1,1,1,0x4cafa18c,0x4cafa18c,MATCH
driver_register,0xe33175d6,KERNEL_OR_BUILTIN,,0,ffa_v10;usbserial,2,2,0,1,0,0,0,0,1,1,0xe33175d6,0xe33175d6,MATCH
driver_remove_file,0xb81ba41d,KERNEL_OR_BUILTIN,,0,bus_parity;cache_parity;emi_fake_eng;gps_drv_dl_v051;yft_tpd_gesture,5,5,0,1,0,0,1,1,1,1,0xb81ba41d,0xb81ba41d,MATCH
driver_unregister,0x1be461e1,KERNEL_OR_BUILTIN,,0,ffa_v10;focaltech_touch_spi_ft3680;hci_uart;microarray_fp_tee;mt6685_core;mtk_spmi_pmic;spi_tiny_co5300_lcd;usbserial,8,8,0,1,0,0,1,1,1,1,0x1be461e1,0x1be461e1,MATCH
drm_add_edid_modes,0x89db1c0d,KERNEL_OR_BUILTIN,,0,mediatek_drm,1,1,0,1,0,0,1,1,1,1,0x89db1c0d,0x89db1c0d,MATCH
drm_add_modes_noedid,0x61d6f9cb,KERNEL_OR_BUILTIN,,0,mediatek_drm,1,1,0,1,0,0,1,1,1,1,0x61d6f9cb,0x61d6f9cb,MATCH
drm_atomic_add_affected_connectors,0x382c8307,KERNEL_OR_BUILTIN,,0,mediatek_drm,1,1,0,1,0,0,1,1,1,1,0x382c8307,0x382c8307,MATCH
drm_atomic_get_connector_state,0x3e66308a,KERNEL_OR_BUILTIN,,0,drm_display_helper,1,1,0,1,0,0,0,0,1,1,0x3e66308a,0x3e66308a,MATCH
drm_atomic_get_crtc_state,0x90a202a4,KERNEL_OR_BUILTIN,,0,drm_display_helper;mediatek_drm,2,2,0,1,0,0,1,1,1,1,0x90a202a4,0x90a202a4,MATCH
drm_atomic_get_new_private_obj_state,0xe843f465,KERNEL_OR_BUILTIN,,0,drm_display_helper,1,1,0,1,0,0,0,0,1,1,0xe843f465,0xe843f465,MATCH
drm_atomic_get_old_private_obj_state,0xef6b1339,KERNEL_OR_BUILTIN,,0,drm_display_helper,1,1,0,1,0,0,0,0,1,1,0xef6b1339,0xef6b1339,MATCH
drm_atomic_get_private_obj_state,0x1fb91d36,KERNEL_OR_BUILTIN,,0,drm_display_helper,1,1,0,1,0,0,0,0,1,1,0x1fb91d36,0x1fb91d36,MATCH
drm_atomic_helper_check,0x14f5d679,KERNEL_OR_BUILTIN,,0,mediatek_drm,1,1,0,1,0,0,1,1,1,1,0x14f5d679,0x14f5d679,MATCH
drm_atomic_helper_check_plane_state,0xc5f2329a,KERNEL_OR_BUILTIN,,0,mediatek_drm,1,1,0,1,0,0,1,1,1,1,0xc5f2329a,0xc5f2329a,MATCH
drm_atomic_helper_cleanup_planes,0xd36f4777,KERNEL_OR_BUILTIN,,0,mediatek_drm,1,1,0,1,0,0,1,1,1,1,0xd36f4777,0xd36f4777,MATCH
drm_atomic_helper_commit_modeset_disables,0x433d2315,KERNEL_OR_BUILTIN,,0,mediatek_drm,1,1,0,1,0,0,1,1,1,1,0x433d2315,0x433d2315,MATCH
drm_atomic_helper_commit_modeset_enables,0xe9f68f32,KERNEL_OR_BUILTIN,,0,mediatek_drm,1,1,0,1,0,0,1,1,1,1,0xe9f68f32,0xe9f68f32,MATCH
drm_atomic_helper_commit_planes,0x9651b05e,KERNEL_OR_BUILTIN,,0,mediatek_drm,1,1,0,1,0,0,1,1,1,1,0x9651b05e,0x9651b05e,MATCH
drm_atomic_helper_connector_destroy_state,0xe5b45ca1,KERNEL_OR_BUILTIN,,0,mediatek_drm,1,1,0,1,0,0,1,1,1,1,0xe5b45ca1,0xe5b45ca1,MATCH
drm_atomic_helper_connector_duplicate_state,0x794b58c9,KERNEL_OR_BUILTIN,,0,mediatek_drm,1,1,0,1,0,0,1,1,1,1,0x794b58c9,0x794b58c9,MATCH
drm_atomic_helper_connector_reset,0x792830f7,KERNEL_OR_BUILTIN,,0,mediatek_drm,1,1,0,1,0,0,1,1,1,1,0x792830f7,0x792830f7,MATCH
drm_atomic_helper_damage_iter_init,0x01676359,KERNEL_OR_BUILTIN,,0,drm_dma_helper,1,1,0,1,0,0,0,0,1,1,0x01676359,0x01676359,MATCH
drm_atomic_helper_damage_iter_next,0x6b5c2b06,KERNEL_OR_BUILTIN,,0,drm_dma_helper,1,1,0,1,0,0,0,0,1,1,0x6b5c2b06,0x6b5c2b06,MATCH
drm_atomic_helper_disable_plane,0xeef245a7,KERNEL_OR_BUILTIN,,0,mediatek_drm,1,1,0,1,0,0,1,1,1,1,0xeef245a7,0xeef245a7,MATCH
drm_atomic_helper_page_flip,0xf48df017,KERNEL_OR_BUILTIN,,0,mediatek_drm,1,1,0,1,0,0,1,1,1,1,0xf48df017,0xf48df017,MATCH
drm_atomic_helper_prepare_planes,0x70a59260,KERNEL_OR_BUILTIN,,0,mediatek_drm,1,1,0,1,0,0,1,1,1,1,0x70a59260,0x70a59260,MATCH
drm_atomic_helper_resume,0xe5ac5939,KERNEL_OR_BUILTIN,,0,mediatek_drm,1,1,0,1,0,0,1,1,1,1,0xe5ac5939,0xe5ac5939,MATCH
drm_atomic_helper_set_config,0x732e63df,KERNEL_OR_BUILTIN,,0,mediatek_drm,1,1,0,1,0,0,1,1,1,1,0x732e63df,0x732e63df,MATCH
drm_atomic_helper_shutdown,0x95b86c5d,KERNEL_OR_BUILTIN,,0,mediatek_drm,1,1,0,1,0,0,1,1,1,1,0x95b86c5d,0x95b86c5d,MATCH
drm_atomic_helper_suspend,0x67057183,KERNEL_OR_BUILTIN,,0,mediatek_drm,1,1,0,1,0,0,1,1,1,1,0x67057183,0x67057183,MATCH
drm_atomic_helper_swap_state,0x27189346,KERNEL_OR_BUILTIN,,0,mediatek_drm,1,1,0,1,0,0,1,1,1,1,0x27189346,0x27189346,MATCH
drm_atomic_helper_update_plane,0xbe6fc0dd,KERNEL_OR_BUILTIN,,0,mediatek_drm,1,1,0,1,0,0,1,1,1,1,0xbe6fc0dd,0xbe6fc0dd,MATCH
drm_atomic_helper_wait_for_vblanks,0x8068773d,KERNEL_OR_BUILTIN,,0,mediatek_drm,1,1,0,1,0,0,1,1,1,1,0x8068773d,0x8068773d,MATCH
drm_atomic_private_obj_fini,0x3ecca617,KERNEL_OR_BUILTIN,,0,drm_display_helper,1,1,0,1,0,0,0,0,1,1,0x3ecca617,0x3ecca617,MATCH
drm_atomic_private_obj_init,0x7c08579a,KERNEL_OR_BUILTIN,,0,drm_display_helper,1,1,0,1,0,0,0,0,1,1,0x7c08579a,0x7c08579a,MATCH
drm_atomic_state_clear,0x56525008,KERNEL_OR_BUILTIN,,0,mediatek_drm,1,1,0,1,0,0,1,1,1,1,0x56525008,0x56525008,MATCH
drm_atomic_state_default_release,0x9640fef5,KERNEL_OR_BUILTIN,,0,mediatek_drm,1,1,0,1,0,0,1,1,1,1,0x9640fef5,0x9640fef5,MATCH
drm_atomic_state_init,0xe4837ea7,KERNEL_OR_BUILTIN,,0,mediatek_drm,1,1,0,1,0,0,1,1,1,1,0xe4837ea7,0xe4837ea7,MATCH
drm_bridge_attach,0x1dd8d6f5,KERNEL_OR_BUILTIN,,0,mediatek_drm,1,1,0,1,0,0,1,1,1,1,0x1dd8d6f5,0x1dd8d6f5,MATCH
drm_calc_timestamping_constants,0x8c4309f6,KERNEL_OR_BUILTIN,,0,mediatek_drm,1,1,0,1,0,0,1,1,1,1,0x8c4309f6,0x8c4309f6,MATCH
drm_compat_ioctl,0x7924dd7f,KERNEL_OR_BUILTIN,,0,mediatek_drm,1,1,0,1,0,0,1,1,1,1,0x7924dd7f,0x7924dd7f,MATCH
drm_connector_attach_encoder,0x65ac6d56,KERNEL_OR_BUILTIN,,0,mediatek_drm,1,1,0,1,0,0,1,1,1,1,0x65ac6d56,0x65ac6d56,MATCH
drm_connector_cleanup,0xf5c627ca,KERNEL_OR_BUILTIN,,0,mediatek_drm,1,1,0,1,0,0,1,1,1,1,0xf5c627ca,0xf5c627ca,MATCH
drm_connector_init,0xe888ac75,KERNEL_OR_BUILTIN,,0,mediatek_drm,1,1,0,1,0,0,1,1,1,1,0xe888ac75,0xe888ac75,MATCH
drm_connector_register,0x64effeaf,KERNEL_OR_BUILTIN,,0,drm_display_helper,1,1,0,1,0,0,0,0,1,1,0x64effeaf,0x64effeaf,MATCH
drm_connector_unregister,0x411bde66,KERNEL_OR_BUILTIN,,0,drm_display_helper,1,1,0,1,0,0,0,0,1,1,0x411bde66,0x411bde66,MATCH
drm_connector_update_edid_property,0x98f042db,KERNEL_OR_BUILTIN,,0,mediatek_drm,1,1,0,1,0,0,1,1,1,1,0x98f042db,0x98f042db,MATCH
drm_crtc_add_crc_entry,0x2056c89f,KERNEL_OR_BUILTIN,,0,drm_display_helper,1,1,0,1,0,0,0,0,1,1,0x2056c89f,0x2056c89f,MATCH
drm_crtc_cleanup,0x2575db6e,KERNEL_OR_BUILTIN,,0,mediatek_drm,1,1,0,1,0,0,1,1,1,1,0x2575db6e,0x2575db6e,MATCH
drm_crtc_commit_wait,0xe39b1a76,KERNEL_OR_BUILTIN,,0,drm_display_helper,1,1,0,1,0,0,0,0,1,1,0xe39b1a76,0xe39b1a76,MATCH
drm_crtc_handle_vblank,0x38c14875,KERNEL_OR_BUILTIN,,0,mediatek_drm,1,1,0,1,0,0,1,1,1,1,0x38c14875,0x38c14875,MATCH
drm_crtc_init_with_planes,0x5553a750,KERNEL_OR_BUILTIN,,0,mediatek_drm,1,1,0,1,0,0,1,1,1,1,0x5553a750,0x5553a750,MATCH
drm_crtc_send_vblank_event,0x53686300,KERNEL_OR_BUILTIN,,0,mediatek_drm,1,1,0,1,0,0,1,1,1,1,0x53686300,0x53686300,MATCH
drm_crtc_vblank_get,0x9d9f1180,KERNEL_OR_BUILTIN,,0,mediatek_drm,1,1,0,1,0,0,1,1,1,1,0x9d9f1180,0x9d9f1180,MATCH
drm_crtc_vblank_off,0xef6d267f,KERNEL_OR_BUILTIN,,0,mediatek_drm,1,1,0,1,0,0,1,1,1,1,0xef6d267f,0xef6d267f,MATCH
drm_crtc_vblank_on,0x9fb2e466,KERNEL_OR_BUILTIN,,0,mediatek_drm,1,1,0,1,0,0,1,1,1,1,0x9fb2e466,0x9fb2e466,MATCH
drm_crtc_vblank_put,0x864e6898,KERNEL_OR_BUILTIN,,0,mediatek_drm,1,1,0,1,0,0,1,1,1,1,0x864e6898,0x864e6898,MATCH
drm_crtc_wait_one_vblank,0x8581217d,KERNEL_OR_BUILTIN,,0,drm_display_helper,1,1,0,1,0,0,0,0,1,1,0x8581217d,0x8581217d,MATCH
drm_detect_monitor_audio,0xa248afde,KERNEL_OR_BUILTIN,,0,drm_display_helper,1,1,0,1,0,0,0,0,1,1,0xa248afde,0xa248afde,MATCH
drm_dev_alloc,0xfcb6d242,KERNEL_OR_BUILTIN,,0,mediatek_drm,1,1,0,1,0,0,1,1,1,1,0xfcb6d242,0xfcb6d242,MATCH
drm_dev_printk,0xa6456769,KERNEL_OR_BUILTIN,,0,drm_display_helper,1,1,0,1,0,0,0,0,1,1,0xa6456769,0xa6456769,MATCH
drm_dev_put,0x5762f2f1,KERNEL_OR_BUILTIN,,0,mediatek_drm,1,1,0,1,0,0,1,1,1,1,0x5762f2f1,0x5762f2f1,MATCH
drm_dev_register,0x7ef67a65,KERNEL_OR_BUILTIN,,0,mediatek_drm,1,1,0,1,0,0,1,1,1,1,0x7ef67a65,0x7ef67a65,MATCH
drm_dev_unregister,0x99fc2812,KERNEL_OR_BUILTIN,,0,mediatek_drm,1,1,0,1,0,0,1,1,1,1,0x99fc2812,0x99fc2812,MATCH
drm_display_mode_from_cea_vic,0xa9ea8384,KERNEL_OR_BUILTIN,,0,drm_display_helper,1,1,0,1,0,0,0,0,1,1,0xa9ea8384,0xa9ea8384,MATCH
drm_display_mode_to_videomode,0xfe9f72f3,KERNEL_OR_BUILTIN,,0,mediatek_drm,1,1,0,1,0,0,1,1,1,1,0xfe9f72f3,0xfe9f72f3,MATCH
drm_edid_duplicate,0x7edf470b,KERNEL_OR_BUILTIN,,0,drm_display_helper;mediatek_drm,2,2,0,1,0,0,1,1,1,1,0x7edf470b,0x7edf470b,MATCH
drm_edid_get_monitor_name,0x7c545285,KERNEL_OR_BUILTIN,,0,drm_display_helper,1,1,0,1,0,0,0,0,1,1,0x7c545285,0x7c545285,MATCH
drm_edid_to_sad,0x6ac01ea8,KERNEL_OR_BUILTIN,,0,mediatek_drm,1,1,0,1,0,0,1,1,1,1,0x6ac01ea8,0x6ac01ea8,MATCH
drm_encoder_cleanup,0x5dcb3db3,KERNEL_OR_BUILTIN,,0,mediatek_drm,1,1,0,1,0,0,1,1,1,1,0x5dcb3db3,0x5dcb3db3,MATCH
drm_encoder_init,0x1195f64a,KERNEL_OR_BUILTIN,,0,mediatek_drm,1,1,0,1,0,0,1,1,1,1,0x1195f64a,0x1195f64a,MATCH
drm_format_info,0x55eb38da,KERNEL_OR_BUILTIN,,0,mediatek_drm,1,1,0,1,0,0,1,1,1,1,0x55eb38da,0x55eb38da,MATCH
drm_format_info_block_height,0x982d09b3,KERNEL_OR_BUILTIN,,0,drm_dma_helper,1,1,0,1,0,0,0,0,1,1,0x982d09b3,0x982d09b3,MATCH
drm_format_info_block_width,0x74fc6fbd,KERNEL_OR_BUILTIN,,0,drm_dma_helper,1,1,0,1,0,0,0,0,1,1,0x74fc6fbd,0x74fc6fbd,MATCH
drm_framebuffer_cleanup,0xbf1c6c9f,KERNEL_OR_BUILTIN,,0,mediatek_drm,1,1,0,1,0,0,1,1,1,1,0xbf1c6c9f,0xbf1c6c9f,MATCH
drm_framebuffer_init,0x2064415b,KERNEL_OR_BUILTIN,,0,mediatek_drm,1,1,0,1,0,0,1,1,1,1,0x2064415b,0x2064415b,MATCH
drm_framebuffer_lookup,0x65005562,KERNEL_OR_BUILTIN,,0,mediatek_drm,1,1,0,1,0,0,1,1,1,1,0x65005562,0x65005562,MATCH
drm_framebuffer_remove,0xa29533ba,KERNEL_OR_BUILTIN,,0,mediatek_drm,1,1,0,1,0,0,1,1,1,1,0xa29533ba,0xa29533ba,MATCH
drm_gem_create_mmap_offset,0x6155f315,KERNEL_OR_BUILTIN,,0,drm_dma_helper;mediatek_drm,2,2,0,1,0,0,1,1,1,1,0x6155f315,0x6155f315,MATCH
drm_gem_fb_get_obj,0xaa830a18,KERNEL_OR_BUILTIN,,0,drm_dma_helper,1,1,0,1,0,0,0,0,1,1,0xaa830a18,0xaa830a18,MATCH
drm_gem_handle_create,0x3de8eeab,KERNEL_OR_BUILTIN,,0,drm_dma_helper;mediatek_drm,2,2,0,1,0,0,1,1,1,1,0x3de8eeab,0x3de8eeab,MATCH
drm_gem_mmap,0x90694ef5,KERNEL_OR_BUILTIN,,0,mediatek_drm,1,1,0,1,0,0,1,1,1,1,0x90694ef5,0x90694ef5,MATCH
drm_gem_mmap_obj,0x62be7bae,KERNEL_OR_BUILTIN,,0,mediatek_drm,1,1,0,1,0,0,1,1,1,1,0x62be7bae,0x62be7bae,MATCH
drm_gem_object_free,0xd680a377,KERNEL_OR_BUILTIN,,0,drm_dma_helper;mediatek_drm,2,2,0,1,0,0,1,1,1,1,0xd680a377,0xd680a377,MATCH
drm_gem_object_init,0x9c19c481,KERNEL_OR_BUILTIN,,0,drm_dma_helper;mediatek_drm,2,2,0,1,0,0,1,1,1,1,0x9c19c481,0x9c19c481,MATCH
drm_gem_object_lookup,0x1e4ed7f7,KERNEL_OR_BUILTIN,,0,mediatek_drm,1,1,0,1,0,0,1,1,1,1,0x1e4ed7f7,0x1e4ed7f7,MATCH
drm_gem_object_release,0xf527d31d,KERNEL_OR_BUILTIN,,0,drm_dma_helper;mediatek_drm,2,2,0,1,0,0,1,1,1,1,0xf527d31d,0xf527d31d,MATCH
drm_gem_prime_fd_to_handle,0x90243c97,KERNEL_OR_BUILTIN,,0,mediatek_drm,1,1,0,1,0,0,1,1,1,1,0x90243c97,0x90243c97,MATCH
drm_gem_prime_handle_to_fd,0xf15a8008,KERNEL_OR_BUILTIN,,0,mediatek_drm,1,1,0,1,0,0,1,1,1,1,0xf15a8008,0xf15a8008,MATCH
drm_gem_prime_import_dev,0x25097918,KERNEL_OR_BUILTIN,,0,mediatek_drm,1,1,0,1,0,0,0,0,1,1,0x25097918,0x25097918,MATCH
drm_gem_private_object_init,0x9a5c1e53,KERNEL_OR_BUILTIN,,0,drm_dma_helper,1,1,0,1,0,0,0,0,1,1,0x9a5c1e53,0x9a5c1e53,MATCH
drm_gem_vm_close,0x7b3d61be,KERNEL_OR_BUILTIN,,0,drm_dma_helper;mediatek_drm,2,2,0,1,0,0,1,1,1,1,0x7b3d61be,0x7b3d61be,MATCH
drm_gem_vm_open,0x579d1817,KERNEL_OR_BUILTIN,,0,drm_dma_helper,1,1,0,1,0,0,0,0,1,1,0x579d1817,0x579d1817,MATCH
drm_get_edid,0x5efab667,KERNEL_OR_BUILTIN,,0,drm_display_helper;mediatek_drm,2,2,0,1,0,0,1,1,1,1,0x5efab667,0x5efab667,MATCH
drm_helper_hpd_irq_event,0xfe9c9482,KERNEL_OR_BUILTIN,,0,mediatek_drm,1,1,0,1,0,0,1,1,1,1,0xfe9c9482,0xfe9c9482,MATCH
drm_helper_mode_fill_fb_struct,0x76a96b53,KERNEL_OR_BUILTIN,,0,mediatek_drm,1,1,0,1,0,0,1,1,1,1,0x76a96b53,0x76a96b53,MATCH
drm_helper_probe_single_connector_modes,0x6dc86f5a,KERNEL_OR_BUILTIN,,0,mediatek_drm,1,1,0,1,0,0,1,1,1,1,0x6dc86f5a,0x6dc86f5a,MATCH
drm_ioctl,0x5ba71db3,KERNEL_OR_BUILTIN,,0,mediatek_drm,1,1,0,1,0,0,1,1,1,1,0x5ba71db3,0x5ba71db3,MATCH
drm_is_current_master,0xe7ab81f3,KERNEL_OR_BUILTIN,,0,mediatek_drm,1,1,0,1,0,0,1,1,1,1,0xe7ab81f3,0xe7ab81f3,MATCH
drm_kms_helper_hotplug_event,0x407f8acf,KERNEL_OR_BUILTIN,,0,drm_display_helper,1,1,0,1,0,0,0,0,1,1,0x407f8acf,0x407f8acf,MATCH
drm_kms_helper_poll_disable,0xff84cea9,KERNEL_OR_BUILTIN,,0,mediatek_drm,1,1,0,1,0,0,1,1,1,1,0xff84cea9,0xff84cea9,MATCH
drm_kms_helper_poll_enable,0x9c77bbab,KERNEL_OR_BUILTIN,,0,mediatek_drm,1,1,0,1,0,0,1,1,1,1,0x9c77bbab,0x9c77bbab,MATCH
drm_kms_helper_poll_fini,0x171dda3d,KERNEL_OR_BUILTIN,,0,mediatek_drm,1,1,0,1,0,0,1,1,1,1,0x171dda3d,0x171dda3d,MATCH
drm_mode_config_cleanup,0x84a1c450,KERNEL_OR_BUILTIN,,0,mediatek_drm,1,1,0,1,0,0,1,1,1,1,0x84a1c450,0x84a1c450,MATCH
drm_mode_config_reset,0xc6c97ad1,KERNEL_OR_BUILTIN,,0,mediatek_drm,1,1,0,1,0,0,1,1,1,1,0xc6c97ad1,0xc6c97ad1,MATCH
drm_mode_copy,0x9ce050be,KERNEL_OR_BUILTIN,,0,mediatek_drm,1,1,0,1,0,0,1,1,1,1,0x9ce050be,0x9ce050be,MATCH
drm_mode_crtc_set_gamma_size,0x79b7fe4c,KERNEL_OR_BUILTIN,,0,mediatek_drm,1,1,0,1,0,0,1,1,1,1,0x79b7fe4c,0x79b7fe4c,MATCH
drm_mode_duplicate,0xff193a01,KERNEL_OR_BUILTIN,,0,mediatek_drm;mediatek_drm_panel_drv;panel_ky_vtdr6115_dphy_cmd,3,3,0,1,0,0,1,1,1,1,0xff193a01,0xff193a01,MATCH
drm_mode_equal,0x0d9b4753,KERNEL_OR_BUILTIN,,0,mediatek_drm_panel_drv,1,1,0,1,0,0,1,1,1,1,0x0d9b4753,0x0d9b4753,MATCH
drm_mode_object_find,0xdcea725a,KERNEL_OR_BUILTIN,,0,mediatek_drm,1,1,0,1,0,0,1,1,1,1,0xdcea725a,0xdcea725a,MATCH
drm_mode_object_put,0xfdff984a,KERNEL_OR_BUILTIN,,0,drm_display_helper;mediatek_drm,2,2,0,1,0,0,1,1,1,1,0xfdff984a,0xfdff984a,MATCH
drm_mode_probed_add,0x88f2da8e,KERNEL_OR_BUILTIN,,0,mediatek_drm;mediatek_drm_panel_drv;panel_ky_vtdr6115_dphy_cmd,3,3,0,1,0,0,1,1,1,1,0x88f2da8e,0x88f2da8e,MATCH
drm_mode_set_crtcinfo,0x4575a0ca,KERNEL_OR_BUILTIN,,0,mediatek_drm,1,1,0,1,0,0,1,1,1,1,0x4575a0ca,0x4575a0ca,MATCH
drm_mode_set_name,0x4a35d30d,KERNEL_OR_BUILTIN,,0,mediatek_drm;mediatek_drm_panel_drv;panel_ky_vtdr6115_dphy_cmd,3,3,0,1,0,0,1,1,1,1,0x4a35d30d,0x4a35d30d,MATCH
drm_mode_vrefresh,0xf1b5340a,KERNEL_OR_BUILTIN,,0,mediatek_drm;mediatek_drm_panel_drv;panel_ky_vtdr6115_dphy_cmd,3,3,0,1,0,0,1,1,1,1,0xf1b5340a,0xf1b5340a,MATCH
drm_modeset_lock,0xb9e8c048,KERNEL_OR_BUILTIN,,0,drm_display_helper,1,1,0,1,0,0,0,0,1,1,0xb9e8c048,0xb9e8c048,MATCH
drm_modeset_lock_single_interruptible,0x33020bb7,KERNEL_OR_BUILTIN,,0,drm_display_helper,1,1,0,1,0,0,0,0,1,1,0x33020bb7,0x33020bb7,MATCH
drm_modeset_unlock,0x1c6b0af8,KERNEL_OR_BUILTIN,,0,drm_display_helper,1,1,0,1,0,0,0,0,1,1,0x1c6b0af8,0x1c6b0af8,MATCH
drm_object_attach_property,0xa831bbd6,KERNEL_OR_BUILTIN,,0,mediatek_drm,1,1,0,1,0,0,1,1,1,1,0xa831bbd6,0xa831bbd6,MATCH
drm_object_property_set_value,0x94569246,KERNEL_OR_BUILTIN,,0,drm_display_helper;mediatek_drm,2,2,0,1,0,0,0,0,1,1,0x94569246,0x94569246,MATCH
drm_open,0xd8d401cc,KERNEL_OR_BUILTIN,,0,mediatek_drm,1,1,0,1,0,0,1,1,1,1,0xd8d401cc,0xd8d401cc,MATCH
drm_panel_add,0xb6b95897,KERNEL_OR_BUILTIN,,0,mediatek_drm_panel_drv;panel_ky_vtdr6115_dphy_cmd,2,2,0,1,0,0,1,1,1,1,0xb6b95897,0xb6b95897,MATCH
drm_panel_disable,0x536b2dec,KERNEL_OR_BUILTIN,,0,mediatek_drm,1,1,0,1,0,0,1,1,1,1,0x536b2dec,0x536b2dec,MATCH
drm_panel_enable,0xf7c0b0e6,KERNEL_OR_BUILTIN,,0,mediatek_drm,1,1,0,1,0,0,1,1,1,1,0xf7c0b0e6,0xf7c0b0e6,MATCH
drm_panel_get_modes,0xa0c334cd,KERNEL_OR_BUILTIN,,0,mediatek_drm,1,1,0,1,0,0,1,1,1,1,0xa0c334cd,0xa0c334cd,MATCH
drm_panel_init,0x2d451166,KERNEL_OR_BUILTIN,,0,mediatek_drm_panel_drv;panel_ky_vtdr6115_dphy_cmd,2,2,0,1,0,0,1,1,1,1,0x2d451166,0x2d451166,MATCH
drm_panel_prepare,0x4817ee32,KERNEL_OR_BUILTIN,,0,mediatek_drm,1,1,0,1,0,0,1,1,1,1,0x4817ee32,0x4817ee32,MATCH
drm_panel_remove,0x23456173,KERNEL_OR_BUILTIN,,0,mediatek_drm_panel_drv;panel_ky_vtdr6115_dphy_cmd,2,2,0,1,0,0,1,1,1,1,0x23456173,0x23456173,MATCH
drm_panel_unprepare,0xf7113846,KERNEL_OR_BUILTIN,,0,mediatek_drm,1,1,0,1,0,0,1,1,1,1,0xf7113846,0xf7113846,MATCH
drm_plane_cleanup,0x625001a0,KERNEL_OR_BUILTIN,,0,mediatek_drm,1,1,0,1,0,0,1,1,1,1,0x625001a0,0x625001a0,MATCH
drm_plane_create_alpha_property,0x7b0786ac,KERNEL_OR_BUILTIN,,0,mediatek_drm,1,1,0,1,0,0,0,0,1,1,0x7b0786ac,0x7b0786ac,MATCH
drm_plane_create_blend_mode_property,0x7900faf9,KERNEL_OR_BUILTIN,,0,mediatek_drm,1,1,0,1,0,0,0,0,1,1,0x7900faf9,0x7900faf9,MATCH
drm_poll,0xf583b687,KERNEL_OR_BUILTIN,,0,mediatek_drm,1,1,0,1,0,0,1,1,1,1,0xf583b687,0xf583b687,MATCH
drm_prime_gem_destroy,0xbf9f5c36,KERNEL_OR_BUILTIN,,0,drm_dma_helper;mediatek_drm,2,2,0,1,0,0,1,1,1,1,0xbf9f5c36,0xbf9f5c36,MATCH
drm_prime_get_contiguous_size,0xd05fda43,KERNEL_OR_BUILTIN,,0,drm_dma_helper,1,1,0,1,0,0,0,0,1,1,0xd05fda43,0xd05fda43,MATCH
drm_printf,0x28779e52,KERNEL_OR_BUILTIN,,0,drm_display_helper;drm_dma_helper,2,2,0,1,0,0,0,0,1,1,0x28779e52,0x28779e52,MATCH
drm_property_blob_put,0x9fb721c3,KERNEL_OR_BUILTIN,,0,mediatek_drm,1,1,0,1,0,0,1,1,1,1,0x9fb721c3,0x9fb721c3,MATCH
drm_property_create_blob,0xb4679f3d,KERNEL_OR_BUILTIN,,0,mediatek_drm,1,1,0,1,0,0,1,1,1,1,0xb4679f3d,0xb4679f3d,MATCH
drm_property_create_range,0x6ed99063,KERNEL_OR_BUILTIN,,0,mediatek_drm,1,1,0,1,0,0,1,1,1,1,0x6ed99063,0x6ed99063,MATCH
drm_property_lookup_blob,0x328b60c8,KERNEL_OR_BUILTIN,,0,mediatek_drm,1,1,0,1,0,0,1,1,1,1,0x328b60c8,0x328b60c8,MATCH
drm_read,0x868c4e79,KERNEL_OR_BUILTIN,,0,mediatek_drm,1,1,0,1,0,0,1,1,1,1,0x868c4e79,0x868c4e79,MATCH
drm_release,0x136961da,KERNEL_OR_BUILTIN,,0,mediatek_drm,1,1,0,1,0,0,1,1,1,1,0x136961da,0x136961da,MATCH
drm_universal_plane_init,0x3c3cc9ae,KERNEL_OR_BUILTIN,,0,mediatek_drm,1,1,0,1,0,0,1,1,1,1,0x3c3cc9ae,0x3c3cc9ae,MATCH
drm_vblank_init,0xae4c6cd9,KERNEL_OR_BUILTIN,,0,mediatek_drm,1,1,0,1,0,0,1,1,1,1,0xae4c6cd9,0xae4c6cd9,MATCH
drm_writeback_connector_init,0x7d3eca64,KERNEL_OR_BUILTIN,,0,mediatek_drm,1,1,0,1,0,0,1,1,1,1,0x7d3eca64,0x7d3eca64,MATCH
drm_writeback_queue_job,0xd10bb800,KERNEL_OR_BUILTIN,,0,mediatek_drm,1,1,0,1,0,0,1,1,1,1,0xd10bb800,0xd10bb800,MATCH
drm_writeback_signal_completion,0x54156b4a,KERNEL_OR_BUILTIN,,0,mediatek_drm,1,1,0,1,0,0,1,1,1,1,0x54156b4a,0x54156b4a,MATCH
drmm_mode_config_init,0x4fc1b0fa,KERNEL_OR_BUILTIN,,0,mediatek_drm,1,1,0,1,0,0,1,1,1,1,0x4fc1b0fa,0x4fc1b0fa,MATCH
dst_cache_destroy,0xc6556f6c,KERNEL_OR_BUILTIN,,0,tipc,1,1,0,1,0,0,0,0,1,1,0xc6556f6c,0xc6556f6c,MATCH
dst_cache_get,0x6afc552f,KERNEL_OR_BUILTIN,,0,tipc,1,1,0,1,0,0,0,0,1,1,0x6afc552f,0x6afc552f,MATCH
dst_cache_init,0x676e698a,KERNEL_OR_BUILTIN,,0,tipc,1,1,0,1,0,0,0,0,1,1,0x676e698a,0x676e698a,MATCH
dst_cache_set_ip4,0x633308af,KERNEL_OR_BUILTIN,,0,tipc,1,1,0,1,0,0,0,0,1,1,0x633308af,0x633308af,MATCH
dst_cache_set_ip6,0x36de37e2,KERNEL_OR_BUILTIN,,0,tipc,1,1,0,1,0,0,0,0,1,1,0x36de37e2,0x36de37e2,MATCH
dst_release,0x5fc9451b,KERNEL_OR_BUILTIN,,0,ieee802154_6lowpan;ieee802154_socket;l2tp_core;l2tp_ppp;pptp,5,5,0,1,0,0,0,0,1,1,0x5fc9451b,0x5fc9451b,MATCH
dump_stack,0x6b2dc060,KERNEL_OR_BUILTIN,,0,clk_common;connadp;mali_kbase_mt6878_r44;mdp_drv_mt6878;mediatek_drm;mrdump;mtk_cmdq_drv_ext;mtk_imgsys_cmdq;mtk_imgsys_isp7sp;mtk_vcodec_dec_v1;snd_soc_audiodsp_common;snd_soc_mt6878_afe;snd_soc_mtk_common;wlan_drv_gen4m_6878,14,14,0,1,0,0,1,1,1,1,0x6b2dc060,0x6b2dc060,MATCH
efi,0x1dfaa4dd,KERNEL_OR_BUILTIN,,0,btbcm,1,1,0,1,0,0,0,0,1,1,0x1dfaa4dd,0x1dfaa4dd,MATCH
em_cpu_get,0x48203853,KERNEL_OR_BUILTIN,,0,mtk_core_ctl;mtk_pbm;mtk_perf_common;scheduler,4,4,0,1,0,0,1,1,1,1,0x48203853,0x48203853,MATCH
em_dev_register_perf_domain,0x6df6ef79,KERNEL_OR_BUILTIN,,0,mediatek_cpufreq_hw,1,1,0,1,0,0,1,1,1,1,0x6df6ef79,0x6df6ef79,MATCH
enable_irq,0xfcec0987,KERNEL_OR_BUILTIN,,0,apusys;bt_drv_6878;bus_parity;ccci_ccif;ccci_dpmaif;ccci_md_all;connadp;conninfra;dbg_error_flag;fmradio_drv_connac2x;focaltech_touch_spi_ft3680;gps_drv_dl_v051;gz_irq_mod;hynitron;mediatek_drm;microarray_fp_tee;mt6363_regulator;mt6369_accdet;mt6369_regulator;mt6375;mt6375_auxadc;mt6375_battery;mtk_battery_oc_throttling;mtk_btcvsd;mtk_cam_isp7sp;mtk_ccuv;mtk_mmc;mtk_vcodec_dec_v1;mtk_vcodec_enc_v1;sc851x_charger;sc8571_charger;scp;spi_tiny_co5300_lcd;st21nfc;ufs_mediatek_mod;vcp;wlan_drv_gen4m_6878;xhci_mtk_hcd_v2;yft_gpio_keys,39,39,0,1,0,0,1,1,1,1,0xfcec0987,0xfcec0987,MATCH
enable_percpu_irq,0x335c570f,KERNEL_OR_BUILTIN,,0,gz_irq_mod,1,1,0,1,0,0,1,1,1,1,0x335c570f,0x335c570f,MATCH
eth_header,0x4e4cbc45,KERNEL_OR_BUILTIN,,0,ccmni,1,1,0,1,0,0,1,1,1,1,0x4e4cbc45,0x4e4cbc45,MATCH
eth_header_cache,0x0d78f33b,KERNEL_OR_BUILTIN,,0,ccmni,1,1,0,1,0,0,1,1,1,1,0x0d78f33b,0x0d78f33b,MATCH
eth_header_cache_update,0x8fab9a49,KERNEL_OR_BUILTIN,,0,ccmni,1,1,0,1,0,0,1,1,1,1,0x8fab9a49,0x8fab9a49,MATCH
eth_header_parse,0xf081da3d,KERNEL_OR_BUILTIN,,0,8021q;ccmni,2,2,0,1,0,0,1,1,1,1,0xf081da3d,0xf081da3d,MATCH
eth_mac_addr,0x6f314653,KERNEL_OR_BUILTIN,,0,aqc111;asix;cdc_ncm;mac80211;mtk_u_ether;usbnet,6,6,0,1,0,0,1,1,1,1,0x6f314653,0x6f314653,MATCH
eth_platform_get_mac_address,0x9576cab2,KERNEL_OR_BUILTIN,,0,asix;ax88179_178a;r8152,3,3,0,1,0,0,1,1,1,1,0x9576cab2,0x9576cab2,MATCH
eth_type_trans,0xa3a49e39,KERNEL_OR_BUILTIN,,0,cfg80211;mac80211;mtk_u_ether;r8152;rtl8150;tipc;usbnet;wlan_drv_gen4m_6878,8,8,0,1,0,0,1,1,1,1,0xa3a49e39,0xa3a49e39,MATCH
eth_validate_addr,0xd0c4e253,KERNEL_OR_BUILTIN,,0,8021q;aqc111;asix;ax88179_178a;cdc_ncm;mtk_u_ether;r8152;rtl8150;usbnet,9,9,0,1,0,0,1,1,1,1,0xd0c4e253,0xd0c4e253,MATCH
ether_setup,0x46c7e5b5,KERNEL_OR_BUILTIN,,0,8021q;mac80211;wlan_drv_gen4m_6878,3,3,0,1,0,0,1,1,1,1,0x46c7e5b5,0x46c7e5b5,MATCH
ethtool_convert_legacy_u32_to_link_mode,0x8f996a30,KERNEL_OR_BUILTIN,,0,mii;rtl8150,2,2,0,1,0,0,0,0,1,1,0x8f996a30,0x8f996a30,MATCH
ethtool_convert_link_mode_to_legacy_u32,0x55e31703,KERNEL_OR_BUILTIN,,0,mii,1,1,0,1,0,0,0,0,1,1,0x55e31703,0x55e31703,MATCH
ethtool_op_get_link,0xb5a62b42,KERNEL_OR_BUILTIN,,0,8021q;aqc111;ax88179_178a;mac80211;mtk_u_ether;r8152;rtl8150;usbnet,8,8,0,1,0,0,1,1,1,1,0xb5a62b42,0xb5a62b42,MATCH
ethtool_op_get_ts_info,0x59d7903f,KERNEL_OR_BUILTIN,,0,ax88179_178a;cdc_ether;cdc_ncm;slcan;usbnet;vcan,6,6,0,1,0,0,1,1,1,1,0x59d7903f,0x59d7903f,MATCH
eventfd_ctx_do_read,0xe911df29,KERNEL_OR_BUILTIN,,0,gzvm,1,1,0,1,0,0,0,0,1,1,0xe911df29,0xe911df29,MATCH
eventfd_ctx_fdget,0xd67364f7,KERNEL_OR_BUILTIN,,0,gzvm,1,1,0,1,0,0,0,0,1,1,0xd67364f7,0xd67364f7,MATCH
eventfd_ctx_fileget,0x6af6da20,KERNEL_OR_BUILTIN,,0,gzvm,1,1,0,1,0,0,0,0,1,1,0x6af6da20,0x6af6da20,MATCH
eventfd_ctx_put,0x941f2aaa,KERNEL_OR_BUILTIN,,0,gzvm,1,1,0,1,0,0,0,0,1,1,0x941f2aaa,0x941f2aaa,MATCH
eventfd_ctx_remove_wait_queue,0x41ed3cec,KERNEL_OR_BUILTIN,,0,gzvm,1,1,0,1,0,0,0,0,1,1,0x41ed3cec,0x41ed3cec,MATCH
eventfd_signal,0xdf0f75c6,KERNEL_OR_BUILTIN,,0,gzvm,1,1,0,1,0,0,0,0,1,1,0xdf0f75c6,0xdf0f75c6,MATCH
extcon_get_edev_by_phandle,0x09bcb4a4,KERNEL_OR_BUILTIN,,0,mtu3,1,1,0,1,0,0,1,1,1,1,0x09bcb4a4,0x09bcb4a4,MATCH
extcon_get_state,0xf46b7726,KERNEL_OR_BUILTIN,,0,mtu3,1,1,0,1,0,0,1,1,1,1,0xf46b7726,0xf46b7726,MATCH
extcon_set_state_sync,0xad30aa24,KERNEL_OR_BUILTIN,,0,extcon_mtk_usb;mediatek_drm,2,2,0,1,0,0,1,1,1,1,0xad30aa24,0xad30aa24,MATCH
fd_install,0xd94e18fc,KERNEL_OR_BUILTIN,,0,apusys;ged;mali_kbase_mt6878_r44;mdp_drv_mt6878;mediatek_drm;mtk_hcp;mtk_sync,7,7,0,1,0,0,1,1,1,1,0xd94e18fc,0xd94e18fc,MATCH
fget,0x314a6896,KERNEL_OR_BUILTIN,,0,ged;mediatek_drm;ppp_generic,3,3,0,1,0,0,1,1,1,1,0x314a6896,0x314a6896,MATCH
find_get_pid,0xa1aafdfe,KERNEL_OR_BUILTIN,,0,mali_kbase_mt6878_r44;monitor_hang;mtk_cam_isp7sp;mtk_heap_debug;mtk_mbraink,5,5,0,1,0,0,1,1,1,1,0xa1aafdfe,0xa1aafdfe,MATCH
find_pid_ns,0x93c5ba17,KERNEL_OR_BUILTIN,,0,aee_aed,1,1,0,1,0,0,1,1,1,1,0x93c5ba17,0x93c5ba17,MATCH
find_task_by_vpid,0x5cd583b1,KERNEL_OR_BUILTIN,,0,blocktag;cpufreq_sugov_ext;cpuqos_v3;mtk_c2ps;mtk_fpsgo;mtk_vcodec_common;scheduler;task_turbo;wlan_drv_gen4m_6878,9,9,0,1,0,0,1,1,1,1,0x5cd583b1,0x5cd583b1,MATCH
find_vma,0xa8f1e1ea,KERNEL_OR_BUILTIN,,0,tkcore,1,1,0,0,0,0,0,0,0,0,0xa8f1e1ea,0xa8f1e1ea,MATCH
find_vma_intersection,0xed4b637e,KERNEL_OR_BUILTIN,,0,gz_tz_system;mali_kbase_mt6878_r44,2,2,0,1,0,0,0,0,1,1,0xed4b637e,0xed4b637e,MATCH
find_vpid,0xaf95aaf5,KERNEL_OR_BUILTIN,,0,ged;scheduler,2,2,0,1,0,0,1,1,1,1,0xaf95aaf5,0xaf95aaf5,MATCH
finish_wait,0x92540fbf,KERNEL_OR_BUILTIN,,0,adsp;apusys;atf_logger;audio_ipi;bluetooth;bt_drv_6878;ccci_dpmaif;ccci_md_all;ccci_util_lib;ccd_rpmsg;cfg80211;conninfra;connscp;cqhci;drm_display_helper;fingerprint;fmradio_drv_connac2x;focaltech_touch_spi_ft3680;gps_drv_dl_v051;gz_ipc_mod;hci_uart;hf_manager;hidp;ieee802154;mali_kbase_mt6878_r44;mddp;mdp_drv_mt6878;mediatek_drm;microarray_fp_tee;mmqos_common;monitor_hang;mt6375_battery;mtk_aie;mtk_bp_thl;mtk_btcvsd;mtk_c2ps;mtk_cam_isp7sp;mtk_ccuv;mtk_charger_framework;mtk_chg_type_det;mtk_cmdq_drv_ext;mtk_dpc;mtk_dynamic_loading_throttling;mtk_fpsgo;mtk_hcp;mtk_imgsys_v4l2;mtk_low_battery_throttling;mtk_mml;mtk_pep50;mtk_soc_offload_common;mtk_vcodec_common;mtk_vcodec_dec_v1;mtk_vcodec_enc_v1;mtk_vcu;mtk_vow;pda_drv_mt6878;powerhal_cpu_ctrl;rfkill;scp;slcan;snd_soc_audiodsp_common;system_heap;tcpc_class;tcpc_mt6375;tkcore;tkcore_drv;touch_boost;usbserial;wlan_drv_gen4m_6878;wmt_chrdev_wifi_connac2;wwan;yft_tpd_gesture,72,73,0,1,0,0,1,1,1,1,0x92540fbf,0x92540fbf,MATCH
firmware_request_nowarn,0x5dfa297f,KERNEL_OR_BUILTIN,,0,btbcm,1,1,0,1,0,0,0,0,1,1,0x5dfa297f,0x5dfa297f,MATCH
flush_dcache_page,0xd53495d8,KERNEL_OR_BUILTIN,,0,zram,1,1,0,1,1,0,1,1,1,1,0xd53495d8,0xd53495d8,MATCH
flush_delayed_work,0x1148c0ea,KERNEL_OR_BUILTIN,,0,adsp;apusys;ccmni;cfg80211;mac80211;pd_dbg_info;tcpc_class;wlan_drv_gen4m_6878,8,8,0,1,0,0,1,1,1,1,0x1148c0ea,0x1148c0ea,MATCH
flush_work,0x4735ac17,KERNEL_OR_BUILTIN,,0,apusys;bluetooth;bt_drv_6878;bus_parity;cache_parity;ccci_ccif;cfg80211;dbg_error_flag;drm_display_helper;dw9781c;emi_mpu;mali_kbase_mt6878_r44;mediatek_drm;mtk_cam_isp7sp;mtk_u_ether;sensorhub;slcan;wlan_drv_gen4m_6878;zsmalloc,19,20,0,1,0,0,1,1,1,1,0x4735ac17,0x4735ac17,MATCH
folio_wait_bit,0x5aacc70c,KERNEL_OR_BUILTIN,,0,zsmalloc,1,1,0,1,0,0,0,0,1,1,0x5aacc70c,0x5aacc70c,MATCH
follow_pfn,0x03ca71b7,KERNEL_OR_BUILTIN,,0,gz_tz_system,1,1,0,1,0,0,1,1,1,1,0x03ca71b7,0x03ca71b7,MATCH
font_vga_8x16,0xa01d3df6,KERNEL_OR_BUILTIN,,0,mediatek_drm,1,1,0,1,0,0,1,1,1,1,0xa01d3df6,0xa01d3df6,MATCH
for_each_kernel_tracepoint,0x058c6377,KERNEL_OR_BUILTIN,,0,aee_aed;blocktag;bootprof;met;mtk_cm_mgr;mtk_fpsgo;mtk_mbraink;mtk_mmc_dbg;mtk_pbm;pidmap;ufs_mediatek_dbg;ufs_mediatek_mod,12,12,0,1,0,0,1,1,1,1,0x058c6377,0x058c6377,MATCH
fortify_panic,0xcbd4898c,KERNEL_OR_BUILTIN,,0,6lowpan;8021q;adsp;aee_aed;apu_top;apusys;aw36515;aw883xx_driver;bluetooth;bt_drv_6878;btqca;can_bcm;ccci_dpmaif;ccci_md_all;ccci_util_lib;ccd_rpmsg;cfg80211;charger_cooling;connadp;connfem;conninfra;connscp;cpufreq_sugov_ext;cqhci;device_apc_common;drm_display_helper;emi_mpu;extdev_io_class;flashlight;fmradio_drv_connac2x;focaltech_touch_spi_ft3680;ged;gps_drv_dl_v051;gz_tz_system;gz_virtio_mod;hf_manager;hidp;hynitron;ieee802154;imgsensor;leds_mtk;mac80211;mali_kbase_mt6878_r44;mddp;mdp_drv_mt6878;mediatek_drm;met;mmprofile;monitor_hang;mrdump;mt6369_accdet;mt6375_battery;mt6375_charger;mt6878_mt6369;mtk_aie;mtk_cam_isp7sp;mtk_charger_framework;mtk_core_ctl;mtk_dpc;mtk_fpsgo;mtk_imgsys_cmdq;mtk_imgsys_isp7sp;mtk_imgsys_v4l2;mtk_jpeg;mtk_lpm;mtk_lpm_dbg_common_v2;mtk_lpm_dbg_mt6878;mtk_lpm_plat_v1;mtk_mbraink;mtk_mml;mtk_peak_power_budget;mtk_u_ether;mtk_vcodec_common;mtk_vcodec_dec_v1;mtk_vcodec_enc_v1;mtk_vcu;mtk_vow;powerhal_cpu_ctrl;r8152;sc851x_charger;sc8571_charger;scheduler;scp;sec_rng;sensorhub;slcan;slhc;smpu;snd_soc_mtk_scp_ultra;snd_soc_tfa98xx;spi_mt65xx;task_turbo;tcpc_class;thermal_interface;tipc;tkcore;uarthub_drv;ufs_mediatek_mod;uload_ind;usb_meta;usbnet;wifi_cooling;wlan_drv_gen4m_6878;xhci_mtk_hcd_v2;yft_devinfo;yft_tpd_gesture;zram,107,108,0,1,0,0,0,0,1,1,0xcbd4898c,0xcbd4898c,MATCH
fput,0x07215730,KERNEL_OR_BUILTIN,,0,apusys;ged;gzvm;hbt;hidp;l2tp_core;mali_kbase_mt6878_r44;mdp_drv_mt6878;mtk_vcodec_dec_v1;mtk_vcu;ppp_generic,11,11,0,1,0,0,1,1,1,1,0x07215730,0x07215730,MATCH
fqdir_exit,0x09580062,KERNEL_OR_BUILTIN,,0,ieee802154_6lowpan,1,1,0,1,0,0,0,0,1,1,0x09580062,0x09580062,MATCH
fqdir_init,0x2f71efdb,KERNEL_OR_BUILTIN,,0,ieee802154_6lowpan,1,1,0,1,0,0,0,0,1,1,0x2f71efdb,0x2f71efdb,MATCH
frame_vector_create,0x065246b8,KERNEL_OR_BUILTIN,,0,mtk_aie,1,1,0,1,0,0,1,1,1,1,0x065246b8,0x065246b8,MATCH
frame_vector_destroy,0x1d5f9555,KERNEL_OR_BUILTIN,,0,mtk_aie,1,1,0,1,0,0,1,1,1,1,0x1d5f9555,0x1d5f9555,MATCH
frame_vector_to_pages,0xc5e5573a,KERNEL_OR_BUILTIN,,0,mtk_aie,1,1,0,1,0,0,1,1,1,1,0xc5e5573a,0xc5e5573a,MATCH
frame_vector_to_pfns,0xdffb744b,KERNEL_OR_BUILTIN,,0,mtk_aie,1,1,0,1,0,0,1,1,1,1,0xdffb744b,0xdffb744b,MATCH
free_irq,0xc1514a3b,KERNEL_OR_BUILTIN,,0,apusys;bt_drv_6878;camera_dpe_isp7sp;conninfra;emi_mpu;fmradio_drv_connac2x;focaltech_touch_spi_ft3680;gps_drv_dl_v051;gz_irq_mod;hynitron;mali_kbase_mt6878_r44;microarray_fp_tee;mt6375_auxadc;mt6375_battery;mtk_mbox_mailbox;mtk_uart_apdma;scp;smpu;spi_tiny_co5300_lcd;tkcore;uarthub_drv;vcp;wlan_drv_gen4m_6878;xhci_mtk_hcd_v2,24,24,0,1,0,0,1,1,1,1,0xc1514a3b,0xc1514a3b,MATCH
free_netdev,0xb5769105,KERNEL_OR_BUILTIN,,0,8021q;can_dev;ccmni;mac80211;mac802154;mtk_u_ether;mtk_usb_f_rndis;ppp_generic;r8152;rtl8150;usbnet;wlan_drv_gen4m_6878;wwan,13,13,0,1,0,0,1,1,1,1,0xb5769105,0xb5769105,MATCH
free_pages,0x4302d0eb,KERNEL_OR_BUILTIN,,0,aee_aed;apusys;c2k_usb;cpudvfs;gz_main_mod;mali_kbase_mt6878_r44;mcupm;met;powerhal_cpu_ctrl;tkcore_drv;touch_boost;wwan;zram,13,13,0,1,0,0,1,1,1,1,0x4302d0eb,0x4302d0eb,MATCH
free_pages_exact,0xeb44339a,KERNEL_OR_BUILTIN,,0,ffa_v10;gz_ipc_mod;gz_virtio_mod;gzvm,4,4,0,1,0,0,1,1,1,1,0xeb44339a,0xeb44339a,MATCH
free_percpu,0xfce5a203,KERNEL_OR_BUILTIN,,0,8021q;can_raw;gz_irq_mod;mac80211;met;ppp_generic;tipc;usbnet;zram,9,9,0,1,0,0,1,1,1,1,0xfce5a203,0xfce5a203,MATCH
free_percpu_irq,0x7a6b169c,KERNEL_OR_BUILTIN,,0,gz_irq_mod,1,1,0,1,0,0,1,1,1,1,0x7a6b169c,0x7a6b169c,MATCH
freq_qos_add_notifier,0x8959e3df,KERNEL_OR_BUILTIN,,0,mtk_fpsgo;mtk_mbraink;mtk_perf_common;scheduler,4,4,0,1,0,0,1,1,1,1,0x8959e3df,0x8959e3df,MATCH
freq_qos_add_request,0x98a5d06a,KERNEL_OR_BUILTIN,,0,ccci_dpmaif;mediatek_drm;mtk_cpu_power_throttling;mtk_fpsgo;mtk_pbm;powerhal_cpu_ctrl;touch_boost;usb_boost;wlan_drv_gen4m_6878,9,9,0,1,0,0,1,1,1,1,0x98a5d06a,0x98a5d06a,MATCH
freq_qos_remove_notifier,0x6435f6e7,KERNEL_OR_BUILTIN,,0,mtk_mbraink;mtk_perf_common,2,2,0,1,0,0,1,1,1,1,0x6435f6e7,0x6435f6e7,MATCH
freq_qos_remove_request,0xb41c4e90,KERNEL_OR_BUILTIN,,0,mediatek_drm;mtk_cpu_power_throttling;mtk_pbm;usb_boost,4,4,0,1,0,0,1,1,1,1,0xb41c4e90,0xb41c4e90,MATCH
freq_qos_update_request,0x5aa683b8,KERNEL_OR_BUILTIN,,0,ccci_dpmaif;mtk_cpu_power_throttling;mtk_fpsgo;mtk_pbm;powerhal_cpu_ctrl;touch_boost;usb_boost;wlan_drv_gen4m_6878,8,8,0,1,0,0,1,1,1,1,0x5aa683b8,0x5aa683b8,MATCH
fsg_common_create_luns,0xd1a3e8e0,KERNEL_OR_BUILTIN,,0,usb_meta,1,1,0,1,0,0,1,1,1,1,0xd1a3e8e0,0xd1a3e8e0,MATCH
fsg_common_set_cdev,0x79831070,KERNEL_OR_BUILTIN,,0,usb_meta,1,1,0,1,0,0,1,1,1,1,0x79831070,0x79831070,MATCH
fsg_common_set_inquiry_string,0x6acb4179,KERNEL_OR_BUILTIN,,0,usb_meta,1,1,0,1,0,0,1,1,1,1,0x6acb4179,0x6acb4179,MATCH
fsg_common_set_sysfs,0x7e26d4a5,KERNEL_OR_BUILTIN,,0,usb_meta,1,1,0,1,0,0,1,1,1,1,0x7e26d4a5,0x7e26d4a5,MATCH
fsg_config_from_params,0xab6c68ac,KERNEL_OR_BUILTIN,,0,usb_meta,1,1,0,1,0,0,1,1,1,1,0xab6c68ac,0xab6c68ac,MATCH
fwnode_handle_put,0xf4671bb6,KERNEL_OR_BUILTIN,,0,extdev_io_class;leds_mtk_disp;yft_gpio_keys,3,3,0,1,0,0,1,1,1,1,0xf4671bb6,0xf4671bb6,MATCH
fwnode_property_present,0x002bfa87,KERNEL_OR_BUILTIN,,0,yft_gpio_keys,1,1,0,1,0,0,1,1,1,1,0x002bfa87,0x002bfa87,MATCH
fwnode_property_read_string,0x315e0775,KERNEL_OR_BUILTIN,,0,extdev_io_class;leds_mtk;yft_gpio_keys,3,3,0,1,0,0,1,1,1,1,0x315e0775,0x315e0775,MATCH
fwnode_property_read_u32_array,0x9e786eb6,KERNEL_OR_BUILTIN,,0,leds_mtk;yft_gpio_keys,2,2,0,1,0,0,1,1,1,1,0x9e786eb6,0x9e786eb6,MATCH
fwnode_property_read_u8_array,0xcfede7db,KERNEL_OR_BUILTIN,,0,bluetooth,1,2,0,1,0,0,0,0,1,1,0xcfede7db,0xcfede7db,MATCH
fwnode_typec_mux_get,0xfa4bbd79,KERNEL_OR_BUILTIN,,0,rt_pd_manager,1,1,0,1,0,0,0,0,1,1,0xfa4bbd79,0xfa4bbd79,MATCH
gcd,0xea124bd1,KERNEL_OR_BUILTIN,,0,cfg80211;mali_kbase_mt6878_r44,2,2,0,1,0,0,1,1,1,1,0xea124bd1,0xea124bd1,MATCH
gen_pool_add_owner,0xbefa51a3,KERNEL_OR_BUILTIN,,0,apusys;audio_ipi;snd_soc_audiodsp_common;tmem_ffa;usb_offload,5,5,0,1,0,0,1,1,1,1,0xbefa51a3,0xbefa51a3,MATCH
gen_pool_alloc_algo_owner,0x2b593aa8,KERNEL_OR_BUILTIN,,0,audio_ipi,1,1,0,1,0,0,1,1,1,1,0x2b593aa8,0x2b593aa8,MATCH
gen_pool_avail,0xd0d3f0a4,KERNEL_OR_BUILTIN,,0,audio_ipi;snd_soc_audiodsp_common;tmem_ffa;usb_offload,4,4,0,1,0,0,1,1,1,1,0xd0d3f0a4,0xd0d3f0a4,MATCH
gen_pool_best_fit,0xb737b185,KERNEL_OR_BUILTIN,,0,snd_soc_audiodsp_common,1,1,0,1,0,0,1,1,1,1,0xb737b185,0xb737b185,MATCH
gen_pool_create,0xced0f4d4,KERNEL_OR_BUILTIN,,0,apusys;audio_ipi;snd_soc_audiodsp_common;tmem_ffa;usb_offload,5,5,0,1,0,0,1,1,1,1,0xced0f4d4,0xced0f4d4,MATCH
gen_pool_destroy,0x6c224cda,KERNEL_OR_BUILTIN,,0,apusys;audio_ipi;tmem_ffa;usb_offload,4,4,0,1,0,0,1,1,1,1,0x6c224cda,0x6c224cda,MATCH
gen_pool_dma_alloc_align,0xada31e57,KERNEL_OR_BUILTIN,,0,apusys;tmem_ffa,2,2,0,1,0,0,1,1,1,1,0xada31e57,0xada31e57,MATCH
gen_pool_dma_zalloc,0xee7d7deb,KERNEL_OR_BUILTIN,,0,snd_soc_audiodsp_common,1,1,0,1,0,0,1,1,1,1,0xee7d7deb,0xee7d7deb,MATCH
gen_pool_dma_zalloc_align,0x3d210724,KERNEL_OR_BUILTIN,,0,usb_offload,1,1,0,1,0,0,0,0,1,1,0x3d210724,0x3d210724,MATCH
gen_pool_for_each_chunk,0x5ef6a672,KERNEL_OR_BUILTIN,,0,snd_soc_audiodsp_common,1,1,0,1,0,0,1,1,1,1,0x5ef6a672,0x5ef6a672,MATCH
gen_pool_free_owner,0x060ba97c,KERNEL_OR_BUILTIN,,0,apusys;audio_ipi;snd_soc_audiodsp_common;tmem_ffa;usb_offload,5,5,0,1,0,0,1,1,1,1,0x060ba97c,0x060ba97c,MATCH
gen_pool_has_addr,0x1f557414,KERNEL_OR_BUILTIN,,0,snd_soc_audiodsp_common;usb_offload,2,2,0,1,0,0,1,1,1,1,0x1f557414,0x1f557414,MATCH
gen_pool_set_algo,0x96e5d30f,KERNEL_OR_BUILTIN,,0,snd_soc_audiodsp_common,1,1,0,1,0,0,1,1,1,1,0x96e5d30f,0x96e5d30f,MATCH
gen_pool_size,0x2464da17,KERNEL_OR_BUILTIN,,0,audio_ipi;snd_soc_audiodsp_common;tmem_ffa;usb_offload,4,4,0,1,0,0,1,1,1,1,0x2464da17,0x2464da17,MATCH
gen_pool_virt_to_phys,0x7d0ba682,KERNEL_OR_BUILTIN,,0,audio_ipi;usb_offload,2,2,0,1,0,0,1,1,1,1,0x7d0ba682,0x7d0ba682,MATCH
generic_file_llseek,0x55e1ea29,KERNEL_OR_BUILTIN,,0,apusys;iommu_debug;mali_kbase_mt6878_r44;mediatek_drm;mmprofile;mtk_cmdq_drv_ext;mtk_smi_dbg;mtk_vmm_isp71_regulator;snd_soc_tfa98xx,9,9,0,1,1,0,1,1,1,1,0x55e1ea29,0x55e1ea29,MATCH
generic_handle_irq,0x7ceaf0d5,KERNEL_OR_BUILTIN,,0,mt6375;pinctrl_mtk_v2,2,2,0,1,0,0,1,1,1,1,0x7ceaf0d5,0x7ceaf0d5,MATCH
genl_register_family,0x1b998c98,KERNEL_OR_BUILTIN,,0,cfg80211;conninfra;ieee802154;mtk_mbraink;nfc;thermal_interface;tipc,7,7,0,1,0,0,1,1,1,1,0x1b998c98,0x1b998c98,MATCH
genl_unregister_family,0xfc6fbbba,KERNEL_OR_BUILTIN,,0,cfg80211;ieee802154;mtk_mbraink;nfc;thermal_interface;tipc,6,6,0,1,0,0,1,1,1,1,0xfc6fbbba,0xfc6fbbba,MATCH
genlmsg_multicast_allns,0xa112607c,KERNEL_OR_BUILTIN,,0,cfg80211,1,1,0,1,0,0,0,0,1,1,0xa112607c,0xa112607c,MATCH
genlmsg_put,0x21eefe5b,KERNEL_OR_BUILTIN,,0,cfg80211;conninfra;ieee802154;mtk_mbraink;nfc;thermal_interface;tipc,7,7,0,1,0,0,1,1,1,1,0x21eefe5b,0x21eefe5b,MATCH
genphy_resume,0x8ca306fa,KERNEL_OR_BUILTIN,,0,asix,1,1,0,1,0,0,1,1,1,1,0x8ca306fa,0x8ca306fa,MATCH
get_cpu_device,0xe7e36288,KERNEL_OR_BUILTIN,,0,cpudvfs;lpm_gov_MHSP;mediatek_cpufreq_hw;mtk_core_ctl;mtk_lpm_dbg_common_v2;scheduler;thermal_interface,7,7,0,1,0,0,1,1,1,1,0xe7e36288,0xe7e36288,MATCH
get_cpu_idle_time,0x9fe899b7,KERNEL_OR_BUILTIN,,0,cpufreq_sugov_ext;load_track;mtk_c2ps;mtk_fpsgo;mtk_perf_ioctl_magt;scheduler,6,6,0,1,0,0,1,1,1,1,0x9fe899b7,0x9fe899b7,MATCH
get_cpu_idle_time_us,0x7b9793a2,KERNEL_OR_BUILTIN,,0,blocktag;met,2,2,0,1,0,0,1,1,1,1,0x7b9793a2,0x7b9793a2,MATCH
get_cpu_iowait_time_us,0x1234e483,KERNEL_OR_BUILTIN,,0,blocktag;met,2,2,0,1,0,0,1,1,1,1,0x1234e483,0x1234e483,MATCH
get_device,0xf181d237,KERNEL_OR_BUILTIN,,0,apu_top;bluetooth;camera_dpe_isp7sp;ccd_rpmsg;hidp;ieee802154;mali_kbase_mt6878_r44;mediatek_drm;mtk_aie;mtk_ccd_remoteproc;rpmb;tkcore,12,13,0,1,0,0,1,1,1,1,0xf181d237,0xf181d237,MATCH
get_governor_parent_kobj,0x9a124520,KERNEL_OR_BUILTIN,,0,cpufreq_sugov_ext,1,1,0,1,0,0,1,1,1,1,0x9a124520,0x9a124520,MATCH
get_net_ns_by_fd,0x6e5208e9,KERNEL_OR_BUILTIN,,0,cfg80211;ieee802154,2,2,0,1,0,0,0,0,1,1,0x6e5208e9,0x6e5208e9,MATCH
get_net_ns_by_pid,0xabbbe571,KERNEL_OR_BUILTIN,,0,cfg80211;ieee802154,2,2,0,1,0,0,0,0,1,1,0xabbbe571,0xabbbe571,MATCH
get_pid_task,0xecd5f222,KERNEL_OR_BUILTIN,,0,monitor_hang;mtk_heap_debug;mtk_mbraink;scheduler,4,4,0,1,0,0,1,1,1,1,0xecd5f222,0xecd5f222,MATCH
get_random_bytes,0x41ed3709,KERNEL_OR_BUILTIN,,0,apusys;asix;ax88179_178a;bluetooth;ccci_md_all;ccmni;cdc_ether;drm_display_helper;ged;mac80211;mac802154;mali_mgm_mt6878_r44;mddp;mtk_gpufreq_mt6878;mtk_mml;mtk_u_ether;r8152;rpmb_mtk;rtl8150;tipc;usbnet;wlan_drv_gen4m_6878,22,23,0,1,0,0,1,1,1,1,0x41ed3709,0x41ed3709,MATCH
get_random_u16,0x044f0ad9,KERNEL_OR_BUILTIN,,0,mac80211,1,1,0,1,0,0,0,0,1,1,0x044f0ad9,0x044f0ad9,MATCH
get_random_u32,0xd36dc10c,KERNEL_OR_BUILTIN,,0,apusys;ccci_md_all;tipc,3,3,0,1,1,0,1,1,1,1,0xd36dc10c,0xd36dc10c,MATCH
get_task_cred,0xd90bd095,KERNEL_OR_BUILTIN,,0,mtk_mbraink,1,1,0,1,0,0,0,0,1,1,0xd90bd095,0xd90bd095,MATCH
get_task_mm,0x41436ea5,KERNEL_OR_BUILTIN,,0,aee_aed;monitor_hang;mtk_heap_debug,3,3,0,1,0,0,1,1,1,1,0x41436ea5,0x41436ea5,MATCH
get_unused_fd_flags,0xa843805a,KERNEL_OR_BUILTIN,,0,apusys;ged;mali_kbase_mt6878_r44;mdp_drv_mt6878;mediatek_drm;mtk_hcp;mtk_sync,7,7,0,1,0,0,1,1,1,1,0xa843805a,0xa843805a,MATCH
get_user_ifreq,0x1c136deb,KERNEL_OR_BUILTIN,,0,ieee802154_socket,1,1,0,1,0,0,0,0,1,1,0x1c136deb,0x1c136deb,MATCH
get_user_pages,0x6e591d3f,KERNEL_OR_BUILTIN,,0,mali_kbase_mt6878_r44,1,1,0,1,0,0,1,1,1,1,0x6e591d3f,0x6e591d3f,MATCH
get_user_pages_fast,0x56ce2f81,KERNEL_OR_BUILTIN,,0,mali_kbase_mt6878_r44,1,1,0,1,0,0,1,1,1,1,0x56ce2f81,0x56ce2f81,MATCH
get_user_pages_fast_only,0xce7bb883,KERNEL_OR_BUILTIN,,0,gzvm,1,1,0,1,0,0,0,0,1,1,0xce7bb883,0xce7bb883,MATCH
get_user_pages_remote,0xe4dd19ab,KERNEL_OR_BUILTIN,,0,gz_tz_system;monitor_hang,2,2,0,1,0,0,1,1,1,1,0xe4dd19ab,0xe4dd19ab,MATCH
get_user_pages_unlocked,0x25491db2,KERNEL_OR_BUILTIN,,0,gzvm,1,1,0,1,0,0,0,0,1,1,0x25491db2,0x25491db2,MATCH
get_vaddr_frames,0xc2d9e090,KERNEL_OR_BUILTIN,,0,mtk_aie,1,1,0,1,0,0,1,1,1,1,0xc2d9e090,0xc2d9e090,MATCH
get_zeroed_page,0xf09b5d9a,KERNEL_OR_BUILTIN,,0,wwan,1,1,0,1,0,0,1,1,1,1,0xf09b5d9a,0xf09b5d9a,MATCH
gic_nonsecure_priorities,0x4b0a3f52,KERNEL_OR_BUILTIN,,0,8021q;adsp;aee_aed;aee_hangdet;aee_rs;apu_top;apusys;atf_logger;audio_ipi;aw883xx_driver;blocktag;bluetooth;bootprof;bt_drv_6878;c2ps_perf_ioctl;camera_dpe_isp7sp;camera_eeprom_v4l2;can_dev;can_raw;ccci_dpmaif;ccci_md_all;ccci_util_lib;ccmni;clk_common;cmdq_test;connfem;conninfra;connscp;cpudvfs;cpuqos_v3;custom_ldo_wl2868;device_apc_common;dw9781c;fhctl;flashlight;fmradio_drv_connac2x;focaltech_touch_spi_ft3680;ftdi_sio;ged;gps_drv_dl_v051;gps_pwr;gps_scp;gpueb;gz_irq_mod;gz_log_mod;gz_main_mod;gz_trusty_mod;gzvm;hbt;hf_manager;hidp;ieee802154_socket;imgsensor;l2tp_ppp;log_store;main2_vcm;main3_vcm;main4_vcm;main_vcm;mali_dmabuf_test_mt6878_r44;mali_kbase_mt6878_r44;mcupm;md_cooling_all;mddp;mdp_drv_mt6878;mediatek_drm;met;microarray_fp_tee;mmprofile;monitor_hang;mrdump;mt6375_battery;mt6878_mt6369;mtk_btcvsd;mtk_cam_isp7sp;mtk_ccd_remoteproc;mtk_ccuv;mtk_charger_framework;mtk_core_ctl;mtk_dpc;mtk_gpu_qos;mtk_gpufreq_wrapper;mtk_hcp;mtk_heap_debug;mtk_imgsys_v4l2;mtk_ioctl_powerhal;mtk_ioctl_touch_boost;mtk_lpm;mtk_mbraink;mtk_mdpm;mtk_mmc_dbg;mtk_mml;mtk_pbm;mtk_peak_power_budget;mtk_perf_ioctl;mtk_perf_ioctl_magt;mtk_printk_ctrl;mtk_scp_audiocommon;mtk_soc_offload_common;mtk_swpm;mtk_vcodec_dec_v1;mtk_vcu;mtk_vmm_spm;mtk_vow;mtu3;mux_switch;nfc;pda_drv_mt6878;phy_mtk_xsphy;pidmap;pinctrl_mtk_common_v2_debug;powerhal_cpu_ctrl;ppp_generic;pppox;pptp;rfcomm;rfkill;rpmb_mtk;rtc_mt6685;sapu;scheduler;scp;sec;sensorhub;slcan;snd_soc_audiodsp_common;snd_soc_mt6369;snd_soc_mtk_common;snd_soc_mtk_scp_ultra;snd_soc_tfa98xx;spi_tiny_co5300_lcd;sspm_v3;st21nfc;sub_vcm;teeperf;thermal_interface;tipc;tkcore;touch_boost;uarthub_drv;ufs_mediatek_dbg;ufs_mediatek_mod;usb_logger;usb_offload;vcp;widevine_driver;wlan_drv_gen4m_6878;wmt_chrdev_wifi_connac2;wwan;xhci_mtk_hcd_v2;yft_tpd_gesture,151,152,0,1,1,0,1,1,1,1,0x4b0a3f52,0x4b0a3f52,MATCH
gov_attr_set_get,0xe5806ff6,KERNEL_OR_BUILTIN,,0,cpufreq_sugov_ext,1,1,0,1,0,0,1,1,1,1,0xe5806ff6,0xe5806ff6,MATCH
gov_attr_set_init,0x2cc04b33,KERNEL_OR_BUILTIN,,0,cpufreq_sugov_ext,1,1,0,1,0,0,1,1,1,1,0x2cc04b33,0x2cc04b33,MATCH
gov_attr_set_put,0x220455ed,KERNEL_OR_BUILTIN,,0,cpufreq_sugov_ext,1,1,0,1,0,0,1,1,1,1,0x220455ed,0x220455ed,MATCH
governor_sysfs_ops,0x4660f474,KERNEL_OR_BUILTIN,,0,cpufreq_sugov_ext,1,1,0,1,0,0,1,1,1,1,0x4660f474,0x4660f474,MATCH
gpio_free,0xfe990052,KERNEL_OR_BUILTIN,,0,fmradio_drv_connac2x;focaltech_touch_spi_ft3680;hynitron;spi_tiny_co5300_lcd,4,4,0,1,0,0,1,1,1,1,0xfe990052,0xfe990052,MATCH
gpio_request,0x47229b5c,KERNEL_OR_BUILTIN,,0,extcon_mtk_usb;fmradio_drv_connac2x;focaltech_touch_spi_ft3680;hynitron;leds_ln2403;leds_rgb_aw2013;mt6369_accdet;snd_soc_tfa98xx;spi_tiny_co5300_lcd;yft_devinfo;yft_tiny2c_usb,11,11,0,1,0,0,1,1,1,1,0x47229b5c,0x47229b5c,MATCH
gpio_request_one,0x403f9529,KERNEL_OR_BUILTIN,,0,sc851x_charger;sc8571_charger,2,2,0,1,0,0,1,1,1,1,0x403f9529,0x403f9529,MATCH
gpio_to_desc,0x0ec43f6f,KERNEL_OR_BUILTIN,,0,aw36515;aw36518;aw36518_v2;aw883xx_driver;ccci_md_all;connfem;conninfra;custom_ldo_wl2868;extcon_mtk_usb;fmradio_drv_connac2x;focaltech_touch_spi_ft3680;hynitron;leds_ln2403;leds_rgb_aw2013;mt6369_accdet;pinctrl_mtk_common_v2_debug;sc851x_charger;sc8571_charger;snd_soc_tfa98xx;spi_tiny_co5300_lcd;yft_devinfo;yft_gpio_keys;yft_tiny2c_usb,23,23,0,1,0,0,1,1,1,1,0x0ec43f6f,0x0ec43f6f,MATCH
gpiochip_add_data_with_key,0xd395bb32,KERNEL_OR_BUILTIN,,0,ftdi_sio;pinctrl_mtk_v2,2,2,0,1,0,0,1,1,1,1,0xd395bb32,0xd395bb32,MATCH
gpiochip_generic_free,0x171224e9,KERNEL_OR_BUILTIN,,0,pinctrl_mtk_v2,1,1,0,1,0,0,1,1,1,1,0x171224e9,0x171224e9,MATCH
gpiochip_generic_request,0xb9f78bd7,KERNEL_OR_BUILTIN,,0,pinctrl_mtk_v2,1,1,0,1,0,0,1,1,1,1,0xb9f78bd7,0xb9f78bd7,MATCH
gpiochip_get_data,0x2ddbb38c,KERNEL_OR_BUILTIN,,0,ftdi_sio;pinctrl_mtk_common_v2_debug;pinctrl_mtk_v2;rt5133_regulator,4,4,0,1,0,0,1,1,1,1,0x2ddbb38c,0x2ddbb38c,MATCH
gpiochip_lock_as_irq,0xd82b8c33,KERNEL_OR_BUILTIN,,0,pinctrl_mtk_v2,1,1,0,1,0,0,1,1,1,1,0xd82b8c33,0xd82b8c33,MATCH
gpiochip_remove,0x070394c2,KERNEL_OR_BUILTIN,,0,ftdi_sio,1,1,0,1,0,0,0,0,1,1,0x070394c2,0x070394c2,MATCH
gpiochip_unlock_as_irq,0x825e775a,KERNEL_OR_BUILTIN,,0,pinctrl_mtk_v2,1,1,0,1,0,0,1,1,1,1,0x825e775a,0x825e775a,MATCH
gpiod_cansleep,0x937449ad,KERNEL_OR_BUILTIN,,0,yft_gpio_keys,1,1,0,0,0,0,0,0,0,0,0x937449ad,0x937449ad,MATCH
gpiod_direction_input,0xff3802dc,KERNEL_OR_BUILTIN,,0,focaltech_touch_spi_ft3680;hynitron;mediatek_drm_panel_drv;spi_tiny_co5300_lcd;st21nfc;yft_devinfo,6,6,0,1,0,0,1,1,1,1,0xff3802dc,0xff3802dc,MATCH
gpiod_direction_output,0x141e73eb,KERNEL_OR_BUILTIN,,0,mediatek_drm_panel_drv;spi_mt65xx;st21nfc,3,3,0,1,0,0,1,1,1,1,0x141e73eb,0x141e73eb,MATCH
gpiod_direction_output_raw,0x1aadfa2a,KERNEL_OR_BUILTIN,,0,extcon_mtk_usb;fmradio_drv_connac2x;focaltech_touch_spi_ft3680;hynitron;leds_rgb_aw2013;mt6369_accdet;snd_soc_tfa98xx;spi_tiny_co5300_lcd,8,8,0,1,0,0,1,1,1,1,0x1aadfa2a,0x1aadfa2a,MATCH
gpiod_get_raw_value,0xe7edce8c,KERNEL_OR_BUILTIN,,0,ccci_md_all;connfem;conninfra;extcon_mtk_usb;leds_ln2403;leds_rgb_aw2013;mt6369_accdet;pinctrl_mtk_common_v2_debug;yft_devinfo;yft_tiny2c_usb,10,10,0,1,0,0,1,1,1,1,0xe7edce8c,0xe7edce8c,MATCH
gpiod_get_value,0xf0d7ec79,KERNEL_OR_BUILTIN,,0,st21nfc;yft_gpio_keys,2,2,0,1,0,0,1,1,1,1,0xf0d7ec79,0xf0d7ec79,MATCH
gpiod_get_value_cansleep,0x5a83086b,KERNEL_OR_BUILTIN,,0,extcon_mtk_usb;hci_uart;yft_gpio_keys,3,3,0,1,0,0,1,1,1,1,0x5a83086b,0x5a83086b,MATCH
gpiod_is_active_low,0x8ae29508,KERNEL_OR_BUILTIN,,0,yft_gpio_keys,1,1,0,0,0,0,0,0,0,0,0x8ae29508,0x8ae29508,MATCH
gpiod_set_debounce,0xc0823667,KERNEL_OR_BUILTIN,,0,ccci_md_all;mt6369_accdet;yft_gpio_keys,3,3,0,1,0,0,1,1,1,1,0xc0823667,0xc0823667,MATCH
gpiod_set_raw_value,0x8dae9ed0,KERNEL_OR_BUILTIN,,0,aw36515;aw36518;aw36518_v2;custom_ldo_wl2868;extcon_mtk_usb;fmradio_drv_connac2x;leds_ln2403;mt6369_accdet;yft_tiny2c_usb,9,9,0,1,0,0,1,1,1,1,0x8dae9ed0,0x8dae9ed0,MATCH
gpiod_set_raw_value_cansleep,0x2db93e29,KERNEL_OR_BUILTIN,,0,aw883xx_driver,1,1,0,0,0,0,0,0,0,0,0x2db93e29,0x2db93e29,MATCH
gpiod_set_value,0x6dbacf3b,KERNEL_OR_BUILTIN,,0,can_dev;custom_ldo_wl2868;mediatek_drm_gateic;mediatek_drm_panel_drv;panel_ky_vtdr6115_dphy_cmd;rt4831a_drv;st21nfc,7,7,0,1,0,0,1,1,1,1,0x6dbacf3b,0x6dbacf3b,MATCH
gpiod_set_value_cansleep,0x89837118,KERNEL_OR_BUILTIN,,0,hci_uart;rt6160_regulator,2,2,0,1,0,0,1,1,1,1,0x89837118,0x89837118,MATCH
gpiod_to_irq,0xe46623a3,KERNEL_OR_BUILTIN,,0,aw883xx_driver;extcon_mtk_usb;focaltech_touch_spi_ft3680;hci_uart;hynitron;mtk_mmc;sc851x_charger;sc8571_charger;spi_tiny_co5300_lcd;st21nfc;yft_gpio_keys,11,11,0,1,0,0,1,1,1,1,0xe46623a3,0xe46623a3,MATCH
gre_add_protocol,0x06b80249,KERNEL_OR_BUILTIN,,0,pptp,1,1,0,1,0,0,0,0,1,1,0x06b80249,0x06b80249,MATCH
gre_del_protocol,0xdc8308a3,KERNEL_OR_BUILTIN,,0,pptp,1,1,0,1,0,0,0,0,1,1,0xdc8308a3,0xdc8308a3,MATCH
handle_level_irq,0x192e18c0,KERNEL_OR_BUILTIN,,0,mtk_spmi_pmic;pinctrl_mtk_v2,2,2,0,1,0,0,1,1,1,1,0x192e18c0,0x192e18c0,MATCH
handle_nested_irq,0x549525ef,KERNEL_OR_BUILTIN,,0,mt6375;mt6375_auxadc;mt6375_battery;mtk_spmi_pmic;spmi_mtk_pmif,5,5,0,1,0,0,1,1,1,1,0x549525ef,0x549525ef,MATCH
handle_simple_irq,0x3529af2e,KERNEL_OR_BUILTIN,,0,mt6375,1,1,0,1,0,0,1,1,1,1,0x3529af2e,0x3529af2e,MATCH
handle_sysrq,0x7647726c,KERNEL_OR_BUILTIN,,0,monitor_hang,1,1,0,1,0,0,0,0,1,1,0x7647726c,0x7647726c,MATCH
have_governor_per_policy,0x47aad3b9,KERNEL_OR_BUILTIN,,0,cpufreq_sugov_ext,1,1,0,1,0,0,1,1,1,1,0x47aad3b9,0x47aad3b9,MATCH
hex2bin,0x50cf7585,KERNEL_OR_BUILTIN,,0,usbnet,1,1,0,1,0,0,0,0,1,1,0x50cf7585,0x50cf7585,MATCH
hex_asc,0x7129e5f8,KERNEL_OR_BUILTIN,,0,mdp_drv_mt6878,1,1,0,1,1,0,1,1,1,1,0x7129e5f8,0x7129e5f8,MATCH
hex_asc_upper,0x8d73278e,KERNEL_OR_BUILTIN,,0,slcan,1,1,0,1,0,0,0,0,1,1,0x8d73278e,0x8d73278e,MATCH
hex_dump_to_buffer,0xfe916dc6,KERNEL_OR_BUILTIN,,0,wlan_drv_gen4m_6878,1,1,0,1,0,0,1,1,1,1,0xfe916dc6,0xfe916dc6,MATCH
hex_to_bin,0xab6d5b3b,KERNEL_OR_BUILTIN,,0,mtk_u_ether;slcan,2,2,0,1,0,0,1,1,1,1,0xab6d5b3b,0xab6d5b3b,MATCH
hid_add_device,0xa110d252,KERNEL_OR_BUILTIN,,0,hidp,1,1,0,1,0,0,0,0,1,1,0xa110d252,0xa110d252,MATCH
hid_allocate_device,0x88125dd8,KERNEL_OR_BUILTIN,,0,hidp,1,1,0,1,0,0,0,0,1,1,0x88125dd8,0x88125dd8,MATCH
hid_destroy_device,0xa3b9a474,KERNEL_OR_BUILTIN,,0,hidp,1,1,0,1,0,0,0,0,1,1,0xa3b9a474,0xa3b9a474,MATCH
hid_ignore,0xc01e547e,KERNEL_OR_BUILTIN,,0,hidp,1,1,0,1,0,0,0,0,1,1,0xc01e547e,0xc01e547e,MATCH
hid_input_report,0x4464f8bd,KERNEL_OR_BUILTIN,,0,hidp,1,1,0,1,0,0,0,0,1,1,0x4464f8bd,0x4464f8bd,MATCH
hid_parse_report,0x4a8dd239,KERNEL_OR_BUILTIN,,0,hidp,1,1,0,1,0,0,0,0,1,1,0x4a8dd239,0x4a8dd239,MATCH
housekeeping_cpumask,0xf48490a1,KERNEL_OR_BUILTIN,,0,scheduler,1,1,0,1,0,0,0,0,1,1,0xf48490a1,0xf48490a1,MATCH
housekeeping_overridden,0x74e73871,KERNEL_OR_BUILTIN,,0,scheduler,1,1,0,1,0,0,0,0,1,1,0x74e73871,0x74e73871,MATCH
housekeeping_test_cpu,0x4bdb8dcc,KERNEL_OR_BUILTIN,,0,scheduler,1,1,0,1,0,0,0,0,1,1,0x4bdb8dcc,0x4bdb8dcc,MATCH
hrtimer_active,0x0ecd991f,KERNEL_OR_BUILTIN,,0,can_bcm;ccci_md_all;cdc_ncm;lpm_gov_MHSP;mali_kbase_mt6878_r44,5,5,0,1,0,0,1,1,1,1,0x0ecd991f,0x0ecd991f,MATCH
hrtimer_cancel,0xcc69bd8c,KERNEL_OR_BUILTIN,,0,adsp;apusys;can_bcm;ccci_dpmaif;cdc_ncm;ged;gpueb;hf_manager;leds_ln2403;mac802154;mali_kbase_mt6878_r44;mcupm;met;mtk_cg_peak_power_throttling;mtk_fpsgo;sspm_v3;thermal_trace;touch_boost;wlan_drv_gen4m_6878;yft_gpio_keys,20,20,0,1,0,0,1,1,1,1,0xcc69bd8c,0xcc69bd8c,MATCH
hrtimer_forward,0x76c41756,KERNEL_OR_BUILTIN,,0,adsp;apusys;can_bcm;gpueb;hf_manager;leds_ln2403;mali_kbase_mt6878_r44;mcupm;met;mtk_cg_peak_power_throttling;sspm_v3;thermal_trace,12,12,0,1,0,0,1,1,1,1,0x76c41756,0x76c41756,MATCH
hrtimer_init,0x3ebd5214,KERNEL_OR_BUILTIN,,0,adsp;apusys;can_bcm;ccci_dpmaif;ccci_md_all;cdc_ncm;ged;gpueb;hf_manager;leds_ln2403;lpm_gov_MHSP;mac802154;mali_kbase_mt6878_r44;mcupm;met;mt6375_battery;mtk_cg_peak_power_throttling;mtk_fpsgo;mtk_lpm_dbg_common_v2;sspm_v3;thermal_trace;touch_boost;yft_gpio_keys,23,23,0,1,0,0,1,1,1,1,0x3ebd5214,0x3ebd5214,MATCH
hrtimer_start_range_ns,0x939fc2ef,KERNEL_OR_BUILTIN,,0,adsp;apusys;can_bcm;ccci_dpmaif;ccci_md_all;cdc_ncm;ged;gpueb;hf_manager;leds_ln2403;lpm_gov_MHSP;mac802154;mali_kbase_mt6878_r44;mcupm;met;mt6375_battery;mtk_cg_peak_power_throttling;mtk_fpsgo;mtk_lpm_dbg_common_v2;sspm_v3;thermal_trace;touch_boost;yft_gpio_keys,23,23,0,1,0,0,1,1,1,1,0x939fc2ef,0x939fc2ef,MATCH
hrtimer_try_to_cancel,0xef93df4b,KERNEL_OR_BUILTIN,,0,apusys;ged;lpm_gov_MHSP;thermal_trace,4,4,0,1,0,0,1,1,1,1,0xef93df4b,0xef93df4b,MATCH
i2c_add_adapter,0x23955e15,KERNEL_OR_BUILTIN,,0,drm_display_helper;i2c_mt65xx,2,2,0,1,0,0,1,1,1,1,0x23955e15,0x23955e15,MATCH
i2c_del_adapter,0xe4034f76,KERNEL_OR_BUILTIN,,0,drm_display_helper;i2c_mt65xx,2,2,0,1,0,0,1,1,1,1,0xe4034f76,0xe4034f76,MATCH
i2c_del_driver,0xfee5be94,KERNEL_OR_BUILTIN,,0,aw36515;aw36518;aw36518_v2;camera_eeprom_v4l2;custom_ldo_wl2868;dw9781c;hynitron;imgsensor;leds_rgb_aw2013;main2_vcm;main3_vcm;main4_vcm;main_vcm;mediatek_drm_gateic;mt6338_core;mt6375;mtk_sp_spk_amp;rt4831a_drv;rt5133_regulator;rt6160_regulator;sc851x_charger;sc8571_charger;sh366003_fg;snd_soc_tfa98xx;st21nfc;sub_vcm,26,26,0,1,0,0,1,1,1,1,0xfee5be94,0xfee5be94,MATCH
i2c_get_dma_safe_msg_buf,0x42041512,KERNEL_OR_BUILTIN,,0,i2c_mt65xx,1,1,0,1,0,0,1,1,1,1,0x42041512,0x42041512,MATCH
i2c_put_dma_safe_msg_buf,0x4dae16e4,KERNEL_OR_BUILTIN,,0,i2c_mt65xx,1,1,0,1,0,0,1,1,1,1,0x4dae16e4,0x4dae16e4,MATCH
i2c_register_driver,0x50f5d94e,KERNEL_OR_BUILTIN,,0,aw36515;aw36518;aw36518_v2;camera_eeprom_v4l2;custom_ldo_wl2868;dw9781c;hynitron;imgsensor;leds_rgb_aw2013;main2_vcm;main3_vcm;main4_vcm;main_vcm;mediatek_drm_gateic;mt6338_core;mt6375;mtk_sp_spk_amp;rt4831a_drv;rt5133_regulator;rt6160_regulator;sc851x_charger;sc8571_charger;sh366003_fg;snd_soc_tfa98xx;st21nfc;sub_vcm;yft_tiny2c_usb,27,27,0,1,0,0,1,1,1,1,0x50f5d94e,0x50f5d94e,MATCH
i2c_smbus_read_byte_data,0x3e83308c,KERNEL_OR_BUILTIN,,0,main2_vcm;main3_vcm;main4_vcm;main_vcm;sub_vcm,5,5,0,1,0,0,1,1,1,1,0x3e83308c,0x3e83308c,MATCH
i2c_smbus_read_i2c_block_data,0xefa71d91,KERNEL_OR_BUILTIN,,0,mt6375;rt5133_regulator,2,2,0,1,0,0,1,1,1,1,0xefa71d91,0xefa71d91,MATCH
i2c_smbus_read_word_data,0xa3b92a99,KERNEL_OR_BUILTIN,,0,sh366003_fg,1,1,0,1,0,0,0,0,1,1,0xa3b92a99,0xa3b92a99,MATCH
i2c_smbus_write_byte_data,0xb16b9653,KERNEL_OR_BUILTIN,,0,main2_vcm;main3_vcm;main4_vcm;main_vcm;sub_vcm,5,5,0,1,0,0,1,1,1,1,0xb16b9653,0xb16b9653,MATCH
i2c_smbus_write_i2c_block_data,0x4104632b,KERNEL_OR_BUILTIN,,0,mt6375;rt5133_regulator,2,2,0,1,0,0,1,1,1,1,0x4104632b,0x4104632b,MATCH
i2c_smbus_write_word_data,0xaed86104,KERNEL_OR_BUILTIN,,0,sh366003_fg,1,1,0,1,0,0,1,1,1,1,0xaed86104,0xaed86104,MATCH
i2c_transfer,0xaf50d612,KERNEL_OR_BUILTIN,,0,aw883xx_driver;camera_eeprom_v4l2;custom_ldo_wl2868;drm_display_helper;dw9781c;imgsensor;mt6375;sh366003_fg;snd_soc_tfa98xx;yft_tiny2c_usb,10,10,0,1,0,0,1,1,1,1,0xaf50d612,0xaf50d612,MATCH
i2c_transfer_buffer_flags,0x51f60267,KERNEL_OR_BUILTIN,,0,aw883xx_driver;hynitron;main2_vcm;main3_vcm;main4_vcm;main_vcm;mediatek_drm_gateic;mt6375;rt4831a_drv;snd_soc_tfa98xx;st21nfc;sub_vcm,12,12,0,1,0,0,1,1,1,1,0x51f60267,0x51f60267,MATCH
i2c_unregister_device,0x08d4f9f1,KERNEL_OR_BUILTIN,,0,mediatek_drm_gateic;mt6338_core;rt4831a_drv;yft_tiny2c_usb,4,4,0,1,0,0,1,1,1,1,0x08d4f9f1,0x08d4f9f1,MATCH
icc_link_create,0x7789af3e,KERNEL_OR_BUILTIN,,0,mtk_emi,1,1,0,1,0,0,1,1,1,1,0x7789af3e,0x7789af3e,MATCH
icc_node_add,0x8ab41c8a,KERNEL_OR_BUILTIN,,0,mtk_emi,1,1,0,1,0,0,1,1,1,1,0x8ab41c8a,0x8ab41c8a,MATCH
icc_node_create,0xc1ffe99d,KERNEL_OR_BUILTIN,,0,mtk_emi,1,1,0,1,0,0,1,1,1,1,0xc1ffe99d,0xc1ffe99d,MATCH
icc_node_del,0x6d48fff5,KERNEL_OR_BUILTIN,,0,mtk_emi,1,1,0,1,0,0,1,1,1,1,0x6d48fff5,0x6d48fff5,MATCH
icc_node_destroy,0xc58a3ee6,KERNEL_OR_BUILTIN,,0,mtk_emi,1,1,0,1,0,0,1,1,1,1,0xc58a3ee6,0xc58a3ee6,MATCH
icc_provider_add,0x01fadf78,KERNEL_OR_BUILTIN,,0,mtk_emi,1,1,0,1,0,0,1,1,1,1,0x01fadf78,0x01fadf78,MATCH
icc_provider_del,0x649dab98,KERNEL_OR_BUILTIN,,0,mtk_emi,1,1,0,1,0,0,1,1,1,1,0x649dab98,0x649dab98,MATCH
icc_put,0x061de863,KERNEL_OR_BUILTIN,,0,apusys;mtk_cam_isp7sp;mtk_cm_mgr_mt6878;mtk_fpsgo,4,4,0,1,0,0,1,1,1,1,0x061de863,0x061de863,MATCH
icc_set_bw,0x23b17c2e,KERNEL_OR_BUILTIN,,0,adsp;apusys;ccci_dpmaif;mmqos_common;mtk_cm_mgr;mtk_cm_mgr_mt6878;mtk_dvfsrc_helper;mtk_fpsgo,8,8,0,1,0,0,1,1,1,1,0x23b17c2e,0x23b17c2e,MATCH
icc_sync_state,0xca163010,KERNEL_OR_BUILTIN,,0,mtk_emi,1,1,0,1,0,0,1,1,1,1,0xca163010,0xca163010,MATCH
ida_alloc_range,0xe7a02573,KERNEL_OR_BUILTIN,,0,bluetooth;ffa_v10;mtk_usb_f_rndis;nfc;rpmb;wwan,6,7,0,1,0,0,1,1,1,1,0xe7a02573,0xe7a02573,MATCH
ida_destroy,0xa7d5f92e,KERNEL_OR_BUILTIN,,0,ffa_v10;rpmb,2,2,0,1,0,0,1,1,1,1,0xa7d5f92e,0xa7d5f92e,MATCH
ida_free,0xffb7c514,KERNEL_OR_BUILTIN,,0,bluetooth;ffa_v10;mtk_usb_f_rndis;nfc;rpmb;wwan,6,7,0,1,0,0,1,1,1,1,0xffb7c514,0xffb7c514,MATCH
idr_alloc,0xb8f11603,KERNEL_OR_BUILTIN,,0,apusys;bluetooth;ccd_rpmsg;cdc_acm;gz_ipc_mod;mac80211;mtk_icc_core;ppp_generic;tipc;tkcore;usbserial;zram,12,13,0,1,0,0,1,1,1,1,0xb8f11603,0xb8f11603,MATCH
idr_alloc_cyclic,0x91f44510,KERNEL_OR_BUILTIN,,0,apusys,1,1,0,1,0,0,0,0,1,1,0x91f44510,0x91f44510,MATCH
idr_alloc_u32,0xd9916c3a,KERNEL_OR_BUILTIN,,0,l2tp_core,1,1,0,1,0,0,0,0,1,1,0xd9916c3a,0xd9916c3a,MATCH
idr_destroy,0x8e17b3ae,KERNEL_OR_BUILTIN,,0,bluetooth;ccd_rpmsg;cdc_acm;gz_ipc_mod;l2tp_core;mac80211;ppp_generic;tipc;usbserial;zram,10,11,0,1,0,0,1,1,1,1,0x8e17b3ae,0x8e17b3ae,MATCH
idr_find,0x20978fb9,KERNEL_OR_BUILTIN,,0,apusys;bluetooth;ccd_rpmsg;cdc_acm;gz_ipc_mod;l2tp_core;mac80211;mtk_icc_core;ppp_generic;tipc;tkcore;usbserial;zram,13,14,0,1,0,0,1,1,1,1,0x20978fb9,0x20978fb9,MATCH
idr_for_each,0x1d40b6f3,KERNEL_OR_BUILTIN,,0,gz_ipc_mod;mac80211;zram,3,3,0,1,0,0,1,1,1,1,0x1d40b6f3,0x1d40b6f3,MATCH
idr_get_next,0xc57c48a3,KERNEL_OR_BUILTIN,,0,apusys;bluetooth;ccd_rpmsg;mac80211;ppp_generic,5,6,0,1,0,0,1,1,1,1,0xc57c48a3,0xc57c48a3,MATCH
idr_get_next_ul,0xcc1b882a,KERNEL_OR_BUILTIN,,0,l2tp_core,1,1,0,1,0,0,0,0,1,1,0xcc1b882a,0xcc1b882a,MATCH
idr_preload,0x954f099c,KERNEL_OR_BUILTIN,,0,tkcore,1,1,0,0,0,0,0,0,0,0,0x954f099c,0x954f099c,MATCH
idr_remove,0x7665a95b,KERNEL_OR_BUILTIN,,0,apusys;bluetooth;ccd_rpmsg;cdc_acm;gz_ipc_mod;l2tp_core;mac80211;mtk_icc_core;ppp_generic;tipc;tkcore;usbserial;zram,13,14,0,1,0,0,1,1,1,1,0x7665a95b,0x7665a95b,MATCH
idr_replace,0x7b82b9a1,KERNEL_OR_BUILTIN,,0,l2tp_core,1,1,0,1,0,0,0,0,1,1,0x7b82b9a1,0x7b82b9a1,MATCH
iio_alloc_pollfunc,0x054372d1,KERNEL_OR_BUILTIN,,0,industrialio_triggered_buffer,1,1,0,1,0,0,1,1,1,1,0x054372d1,0x054372d1,MATCH
iio_buffer_init,0xcd7f3ca6,KERNEL_OR_BUILTIN,,0,kfifo_buf,1,1,0,1,0,0,1,1,1,1,0xcd7f3ca6,0xcd7f3ca6,MATCH
iio_buffer_put,0x54e93489,KERNEL_OR_BUILTIN,,0,kfifo_buf,1,1,0,1,0,0,1,1,1,1,0x54e93489,0x54e93489,MATCH
iio_channel_get,0x926b344f,KERNEL_OR_BUILTIN,,0,ccci_auxadc;spi_tiny_co5300_lcd,2,2,0,1,0,0,1,1,1,1,0x926b344f,0x926b344f,MATCH
iio_channel_release,0x2be9dcd5,KERNEL_OR_BUILTIN,,0,ccci_auxadc;spi_tiny_co5300_lcd,2,2,0,1,0,0,1,1,1,1,0x2be9dcd5,0x2be9dcd5,MATCH
iio_dealloc_pollfunc,0x02938fa8,KERNEL_OR_BUILTIN,,0,industrialio_triggered_buffer,1,1,0,1,0,0,1,1,1,1,0x02938fa8,0x02938fa8,MATCH
iio_device_attach_buffer,0xbeb5b86b,KERNEL_OR_BUILTIN,,0,industrialio_triggered_buffer;kfifo_buf,2,2,0,1,0,0,1,1,1,1,0xbeb5b86b,0xbeb5b86b,MATCH
iio_device_id,0x0c0a30c6,KERNEL_OR_BUILTIN,,0,industrialio_triggered_buffer,1,1,0,1,0,0,1,1,1,1,0x0c0a30c6,0x0c0a30c6,MATCH
iio_get_channel_type,0xdb3f26e5,KERNEL_OR_BUILTIN,,0,thermal_generic_adc,1,1,0,1,0,0,1,1,1,1,0xdb3f26e5,0xdb3f26e5,MATCH
iio_get_time_ns,0x84bfb8a5,KERNEL_OR_BUILTIN,,0,mt6375_adc,1,1,0,1,0,0,1,1,1,1,0x84bfb8a5,0x84bfb8a5,MATCH
iio_push_to_buffers,0xd5e71e60,KERNEL_OR_BUILTIN,,0,mt6375_adc,1,1,0,1,0,0,1,1,1,1,0xd5e71e60,0xd5e71e60,MATCH
iio_read_channel_attribute,0xb5f8323e,KERNEL_OR_BUILTIN,,0,mt6375_battery;mtk_dynamic_loading_throttling,2,2,0,1,0,0,1,1,1,1,0xb5f8323e,0xb5f8323e,MATCH
iio_read_channel_processed,0xcfc18bfc,KERNEL_OR_BUILTIN,,0,ccci_auxadc;connfem;mt6369_accdet;mt6375_auxadc;mt6375_battery;mt6375_charger;mtk_dynamic_loading_throttling;pmic_temp;spi_tiny_co5300_lcd;tcpc_mt6375;thermal_generic_adc,11,11,0,1,0,0,1,1,1,1,0xcfc18bfc,0xcfc18bfc,MATCH
iio_read_channel_raw,0x828f7acb,KERNEL_OR_BUILTIN,,0,ccci_auxadc;mtk_dynamic_loading_throttling;snd_soc_mt6369,3,3,0,1,0,0,1,1,1,1,0x828f7acb,0x828f7acb,MATCH
iio_trigger_notify_done,0x4804dc0b,KERNEL_OR_BUILTIN,,0,mt6375_adc,1,1,0,1,0,0,1,1,1,1,0x4804dc0b,0x4804dc0b,MATCH
in6addr_any,0x200b2041,KERNEL_OR_BUILTIN,,0,tipc,1,1,0,1,0,0,0,0,1,1,0x200b2041,0x200b2041,MATCH
inc_zone_page_state,0x2e556a22,KERNEL_OR_BUILTIN,,0,zsmalloc,1,1,0,1,0,0,1,1,1,1,0x2e556a22,0x2e556a22,MATCH
inet6_csk_xmit,0x133c1612,KERNEL_OR_BUILTIN,,0,l2tp_core,1,1,0,1,0,0,0,0,1,1,0x133c1612,0x133c1612,MATCH
inet_csk_get_port,0x2a4d24d9,KERNEL_OR_BUILTIN,,0,cfg80211,1,1,0,1,0,0,0,0,1,1,0x2a4d24d9,0x2a4d24d9,MATCH
inet_frag_destroy,0xfe4dc306,KERNEL_OR_BUILTIN,,0,ieee802154_6lowpan,1,1,0,1,0,0,0,0,1,1,0xfe4dc306,0xfe4dc306,MATCH
inet_frag_find,0x87588b1d,KERNEL_OR_BUILTIN,,0,ieee802154_6lowpan,1,1,0,1,0,0,0,0,1,1,0x87588b1d,0x87588b1d,MATCH
inet_frag_kill,0x39fd139c,KERNEL_OR_BUILTIN,,0,ieee802154_6lowpan,1,1,0,1,0,0,0,0,1,1,0x39fd139c,0x39fd139c,MATCH
inet_frag_queue_insert,0x8ee8b549,KERNEL_OR_BUILTIN,,0,ieee802154_6lowpan,1,1,0,1,0,0,0,0,1,1,0x8ee8b549,0x8ee8b549,MATCH
inet_frag_reasm_finish,0xb88cfb0e,KERNEL_OR_BUILTIN,,0,ieee802154_6lowpan,1,1,0,1,0,0,0,0,1,1,0xb88cfb0e,0xb88cfb0e,MATCH
inet_frag_reasm_prepare,0x478dbb9a,KERNEL_OR_BUILTIN,,0,ieee802154_6lowpan,1,1,0,1,0,0,0,0,1,1,0x478dbb9a,0x478dbb9a,MATCH
inet_frags_fini,0x970d6b0a,KERNEL_OR_BUILTIN,,0,ieee802154_6lowpan,1,1,0,1,0,0,0,0,1,1,0x970d6b0a,0x970d6b0a,MATCH
inet_frags_init,0xba6f3ff6,KERNEL_OR_BUILTIN,,0,ieee802154_6lowpan,1,1,0,1,0,0,0,0,1,1,0xba6f3ff6,0xba6f3ff6,MATCH
init_dummy_netdev,0xc87c64e6,KERNEL_OR_BUILTIN,,0,wlan_drv_gen4m_6878,1,1,0,1,0,0,0,0,1,1,0xc87c64e6,0xc87c64e6,MATCH
init_net,0xe139b2bb,KERNEL_OR_BUILTIN,,0,bluetooth;cfg80211;conninfra;frs;hidp;ieee802154;ieee802154_6lowpan;ieee802154_socket;mddp;mt6375_battery;mtk_mbraink;nfc;rfcomm;thermal_interface;tipc;wlan_drv_gen4m_6878;wmt_chrdev_wifi_connac2;wwan,18,19,0,1,0,0,1,1,1,1,0xe139b2bb,0xe139b2bb,MATCH
init_srcu_struct,0xb0f2ca52,KERNEL_OR_BUILTIN,,0,gzvm,1,1,0,1,0,0,0,0,1,1,0xb0f2ca52,0xb0f2ca52,MATCH
init_task,0xd567d551,KERNEL_OR_BUILTIN,,0,aee_hangdet;monitor_hang;mtk_heap_debug;mtk_mbraink;mtk_vcodec_common;scheduler;trace_mmstat,7,7,0,1,0,0,1,1,1,1,0xd567d551,0xd567d551,MATCH
init_timer_key,0x79cf5987,KERNEL_OR_BUILTIN,,0,adsp;aee_hangdet;apusys;aw883xx_driver;bluetooth;bt_drv_6878;c2k_usb;can;can_dev;ccci_ccif;ccci_dpmaif;ccci_md_all;ccmni;cdc_acm;cfg80211;cmdq_sec_drv;cmdq_test;conninfra;extcon_mtk_usb;fmradio_drv_connac2x;focaltech_touch_spi_ft3680;gps_drv_dl_v051;hci_uart;hidp;imgsensor;load_track;mac80211;mali_kbase_mt6878_r44;mcupm;mddp;mdp_drv_mt6878;mediatek_drm;met;mmqos_common;mt6363_regulator;mt6369_accdet;mt6369_regulator;mt6375_charger;mtk_c2ps;mtk_cam_isp7sp;mtk_cg_peak_power_throttling;mtk_cm_mgr;mtk_cm_mgr_mt6878;mtk_cmdq_drv_ext;mtk_dpc;mtk_dynamic_loading_throttling;mtk_iommu;mtk_jpeg;mtk_low_battery_throttling;mtk_lpm_dbg_common_v2;mtk_mmc;mtk_pbm;mtk_swpm_dbg_v6878;mtk_vcodec_common;mtk_vcodec_dec_v1;mtk_vcodec_enc_v1;nfc;pmic_lbat_service;r8152;rfcomm;rfkill;scp;sensorhub;sh366003_fg;snd_soc_tfa98xx;spi_tiny_co5300_lcd;spmi_mtk_mpu;sspm_v3;tcpc_class;tcpc_mt6375;thermal_trace;tipc;tmem_ffa;trace_mmstat;ufs_mediatek_mod;usb_meta;usbnet;vcp;wlan_drv_gen4m_6878;xhci_mtk_hcd_v2;yft_gpio_keys,81,82,0,1,0,0,1,1,1,1,0x79cf5987,0x79cf5987,MATCH
init_user_ns,0xee6aba65,KERNEL_OR_BUILTIN,,0,ieee802154_6lowpan,1,1,0,1,0,0,0,0,1,1,0xee6aba65,0xee6aba65,MATCH
init_uts_ns,0x27e6258d,KERNEL_OR_BUILTIN,,0,aee_hangdet;bluetooth;cfg80211,3,4,0,1,0,0,1,1,1,1,0x27e6258d,0x27e6258d,MATCH
init_wait_entry,0xfe487975,KERNEL_OR_BUILTIN,,0,adsp;apusys;atf_logger;audio_ipi;bluetooth;bt_drv_6878;ccci_dpmaif;ccci_md_all;ccci_util_lib;ccd_rpmsg;cfg80211;conninfra;connscp;cqhci;drm_display_helper;fingerprint;fmradio_drv_connac2x;focaltech_touch_spi_ft3680;gps_drv_dl_v051;gz_ipc_mod;hci_uart;hf_manager;hidp;ieee802154;mali_kbase_mt6878_r44;mddp;mdp_drv_mt6878;mediatek_drm;microarray_fp_tee;mmqos_common;monitor_hang;mt6375_battery;mtk_aie;mtk_bp_thl;mtk_btcvsd;mtk_c2ps;mtk_cam_isp7sp;mtk_ccuv;mtk_charger_framework;mtk_chg_type_det;mtk_cmdq_drv_ext;mtk_dpc;mtk_dynamic_loading_throttling;mtk_fpsgo;mtk_hcp;mtk_imgsys_v4l2;mtk_low_battery_throttling;mtk_mml;mtk_pep50;mtk_soc_offload_common;mtk_vcodec_common;mtk_vcodec_dec_v1;mtk_vcodec_enc_v1;mtk_vcu;mtk_vow;pda_drv_mt6878;powerhal_cpu_ctrl;rfkill;scp;slcan;snd_soc_audiodsp_common;system_heap;tcpc_class;tcpc_mt6375;tkcore;touch_boost;usbserial;wlan_drv_gen4m_6878;wmt_chrdev_wifi_connac2;wwan;yft_tpd_gesture,71,72,0,1,0,0,1,1,1,1,0xfe487975,0xfe487975,MATCH
input_allocate_device,0x2c85b85e,KERNEL_OR_BUILTIN,,0,focaltech_touch_spi_ft3680;hidp;hynitron;microarray_fp_tee;snd_soc_tfa98xx,5,5,0,1,0,0,1,1,1,1,0x2c85b85e,0x2c85b85e,MATCH
input_close_device,0xc18ee033,KERNEL_OR_BUILTIN,,0,touch_boost,1,1,0,1,0,0,0,0,1,1,0xc18ee033,0xc18ee033,MATCH
input_device_enabled,0x4e243813,KERNEL_OR_BUILTIN,,0,yft_gpio_keys,1,1,0,0,0,0,0,0,0,0,0x4e243813,0x4e243813,MATCH
input_event,0x4d18d895,KERNEL_OR_BUILTIN,,0,focaltech_touch_spi_ft3680;hidp;hynitron;microarray_fp_tee;mtk_pmic_keys;snd_soc_tfa98xx;yft_gpio_keys,7,7,0,1,0,0,1,1,1,1,0x4d18d895,0x4d18d895,MATCH
input_free_device,0x58fd3714,KERNEL_OR_BUILTIN,,0,focaltech_touch_spi_ft3680;hynitron;microarray_fp_tee;snd_soc_tfa98xx,4,4,0,1,0,0,1,1,1,1,0x58fd3714,0x58fd3714,MATCH
input_mt_init_slots,0xf24483b2,KERNEL_OR_BUILTIN,,0,focaltech_touch_spi_ft3680,1,1,0,1,0,0,1,1,1,1,0xf24483b2,0xf24483b2,MATCH
input_mt_report_slot_state,0xe83a2318,KERNEL_OR_BUILTIN,,0,focaltech_touch_spi_ft3680,1,1,0,1,0,0,1,1,1,1,0xe83a2318,0xe83a2318,MATCH
input_open_device,0xe66e885f,KERNEL_OR_BUILTIN,,0,touch_boost,1,1,0,1,0,0,0,0,1,1,0xe66e885f,0xe66e885f,MATCH
input_register_device,0x7ce217c7,KERNEL_OR_BUILTIN,,0,focaltech_touch_spi_ft3680;hidp;hynitron;microarray_fp_tee;mtk_pmic_keys;snd_soc_tfa98xx;yft_gpio_keys,7,7,0,1,0,0,1,1,1,1,0x7ce217c7,0x7ce217c7,MATCH
input_register_handle,0x080a0817,KERNEL_OR_BUILTIN,,0,touch_boost,1,1,0,1,0,0,0,0,1,1,0x080a0817,0x080a0817,MATCH
input_register_handler,0x2dfb4023,KERNEL_OR_BUILTIN,,0,touch_boost,1,1,0,1,0,0,0,0,1,1,0x2dfb4023,0x2dfb4023,MATCH
input_set_abs_params,0xf28ecabf,KERNEL_OR_BUILTIN,,0,focaltech_touch_spi_ft3680;hynitron,2,2,0,1,0,0,1,1,1,1,0xf28ecabf,0xf28ecabf,MATCH
input_set_capability,0xcbcf985f,KERNEL_OR_BUILTIN,,0,focaltech_touch_spi_ft3680;hynitron;mtk_pmic_keys;yft_gpio_keys,4,4,0,1,0,0,1,1,1,1,0xcbcf985f,0xcbcf985f,MATCH
input_unregister_device,0xd8654f13,KERNEL_OR_BUILTIN,,0,focaltech_touch_spi_ft3680;hidp;snd_soc_tfa98xx,3,3,0,1,0,0,1,1,1,1,0xd8654f13,0xd8654f13,MATCH
input_unregister_handle,0x52367fa7,KERNEL_OR_BUILTIN,,0,touch_boost,1,1,0,1,0,0,0,0,1,1,0x52367fa7,0x52367fa7,MATCH
int_sqrt,0xb678366f,KERNEL_OR_BUILTIN,,0,lpm_gov_MHSP,1,1,0,1,0,0,0,0,1,1,0xb678366f,0xb678366f,MATCH
io_schedule_timeout,0xfbc4f89e,KERNEL_OR_BUILTIN,,0,ufs_mediatek_mod,1,1,0,1,0,0,0,0,1,1,0xfbc4f89e,0xfbc4f89e,MATCH
iomem_resource,0xc7da062f,KERNEL_OR_BUILTIN,,0,cpufreq_sugov_ext;fmradio_drv_connac2x;mali_kbase_mt6878_r44;mediatek_cpufreq_hw;wlan_drv_gen4m_6878,5,5,0,1,0,0,1,1,1,1,0xc7da062f,0xc7da062f,MATCH
iommu_alloc_resv_region,0x81ede167,KERNEL_OR_BUILTIN,,0,mtk_iommu,1,1,0,1,0,0,1,1,1,1,0x81ede167,0x81ede167,MATCH
iommu_dev_disable_feature,0x45b5a290,KERNEL_OR_BUILTIN,,0,mediatek_drm,1,1,0,1,0,0,0,0,1,1,0x45b5a290,0x45b5a290,MATCH
iommu_device_register,0xc15151b9,KERNEL_OR_BUILTIN,,0,mtk_iommu,1,1,0,1,0,0,1,1,1,1,0xc15151b9,0xc15151b9,MATCH
iommu_device_sysfs_add,0xf3f58a3f,KERNEL_OR_BUILTIN,,0,mtk_iommu,1,1,0,1,0,0,1,1,1,1,0xf3f58a3f,0xf3f58a3f,MATCH
iommu_device_sysfs_remove,0x4e440328,KERNEL_OR_BUILTIN,,0,mtk_iommu,1,1,0,1,0,0,1,1,1,1,0x4e440328,0x4e440328,MATCH
iommu_device_unregister,0xb91ee2cf,KERNEL_OR_BUILTIN,,0,mtk_iommu,1,1,0,1,0,0,1,1,1,1,0xb91ee2cf,0xb91ee2cf,MATCH
iommu_fwspec_add_ids,0x8762fdf0,KERNEL_OR_BUILTIN,,0,mtk_iommu,1,1,0,1,0,0,1,1,1,1,0x8762fdf0,0x8762fdf0,MATCH
iommu_fwspec_free,0x506998e9,KERNEL_OR_BUILTIN,,0,mtk_iommu,1,1,0,1,0,0,1,1,1,1,0x506998e9,0x506998e9,MATCH
iommu_get_domain_for_dev,0x825b0f1d,KERNEL_OR_BUILTIN,,0,apusys;iommu_debug;mediatek_drm;mmqos_common;mtk_cmdq_drv_ext;mtk_mmdvfs_v3;mtk_sec_heap;mtk_vcodec_dec_v1;mtk_vcodec_enc_v1;mtk_vcu;system_heap;xhci_mtk_hcd_v2,12,12,0,1,0,0,1,1,1,1,0x825b0f1d,0x825b0f1d,MATCH
iommu_group_alloc,0x8d22bb58,KERNEL_OR_BUILTIN,,0,mtk_iommu,1,1,0,1,0,0,1,1,1,1,0x8d22bb58,0x8d22bb58,MATCH
iommu_group_ref_get,0x4d6d0bbc,KERNEL_OR_BUILTIN,,0,mtk_iommu,1,1,0,1,0,0,1,1,1,1,0x4d6d0bbc,0x4d6d0bbc,MATCH
iommu_iova_to_phys,0x9948e657,KERNEL_OR_BUILTIN,,0,apusys;mmqos_common;mtk_cmdq_drv_ext;mtk_mmdvfs_v3;mtk_vcu,5,5,0,1,0,0,1,1,1,1,0x9948e657,0x9948e657,MATCH
iommu_map,0xfca4037a,KERNEL_OR_BUILTIN,,0,apusys;mediatek_drm,2,2,0,1,0,0,1,1,1,1,0xfca4037a,0xfca4037a,MATCH
iommu_map_sg,0x0fe2430d,KERNEL_OR_BUILTIN,,0,apusys,1,1,0,1,0,0,1,1,1,1,0x0fe2430d,0x0fe2430d,MATCH
iommu_present,0x0c4442c8,KERNEL_OR_BUILTIN,,0,mediatek_drm,1,1,0,1,0,0,1,1,1,1,0x0c4442c8,0x0c4442c8,MATCH
iommu_unmap,0xfcf025d5,KERNEL_OR_BUILTIN,,0,apusys,1,1,0,1,0,0,1,1,1,1,0xfcf025d5,0xfcf025d5,MATCH
ioremap_prot,0x40863ba1,KERNEL_OR_BUILTIN,,0,8250_mtk;adsp;aee_aed;apu_top;apusys;atf_logger;bt_drv_6878;ccci_dpmaif;ccci_md_all;ccci_util_lib;clk_chk_mt6878;clk_common;cmdq_sec_drv;cmdq_test;conninfra;connscp;cpudvfs;cpufreq_sugov_ext;cpuqos_v3;emi;emi_fake_eng;fmradio_drv_connac2x;ged;gps_drv_dl_v051;gpueb;i2c_mt65xx;last_bus;log_store;mali_kbase_mt6878_r44;mcupm;mediatek_cpufreq_hw;mediatek_drm;met;mmqos_common;mrdump;mtk_aie;mtk_btcvsd;mtk_cam_isp7sp;mtk_cg_peak_power_throttling;mtk_cm_mgr_mt6878;mtk_cmdq_drv_ext;mtk_dpc;mtk_gpufreq_wrapper;mtk_imgsys_cmdq;mtk_lpm_dbg_common_v2;mtk_mmc;mtk_mmdvfs_debug;mtk_mminfra_debug;mtk_mminfra_imax;mtk_perf_common;mtk_scpsys;mtk_smi;mtk_uart_apdma;mtk_vmm_notifier;scheduler;scp;sspm_v3;thermal_interface;tkcore;uarthub_drv;usb_offload;vcp;wlan_drv_gen4m_6878,63,63,0,1,0,0,0,0,1,1,0x40863ba1,0x40863ba1,MATCH
iounmap,0xedc03953,KERNEL_OR_BUILTIN,,0,8250_mtk;adsp;aee_aed;apu_top;apusys;bt_drv_6878;ccci_md_all;ccci_util_lib;conninfra;connscp;fmradio_drv_connac2x;gps_drv_dl_v051;i2c_mt65xx;last_bus;mali_kbase_mt6878_r44;mdp_drv_mt6878;mediatek_cpufreq_hw;mediatek_drm;met;mtk_aie;mtk_btcvsd;mtk_cg_peak_power_throttling;mtk_imgsys_cmdq;mtk_imgsys_isp7sp;mtk_imgsys_v4l2;mtk_mmc;mtk_mminfra_debug;mtk_smi;mtk_uart_apdma;tkcore;tkcore_drv;uarthub_drv;usb_offload;wlan_drv_gen4m_6878,34,34,0,1,0,0,1,1,1,1,0xedc03953,0xedc03953,MATCH
iov_iter_init,0x07bf1a0c,KERNEL_OR_BUILTIN,,0,ppp_generic,1,1,0,1,0,0,0,0,1,1,0x07bf1a0c,0x07bf1a0c,MATCH
iov_iter_kvec,0xfcf9632e,KERNEL_OR_BUILTIN,,0,bluetooth;tipc,2,3,0,1,0,0,0,0,1,1,0xfcf9632e,0xfcf9632e,MATCH
iov_iter_revert,0x74d40f4e,KERNEL_OR_BUILTIN,,0,bluetooth;can_bcm;can_raw;ieee802154_socket;l2tp_ppp;nfc;rfcomm;tipc,8,9,0,1,1,0,0,0,1,1,0x74d40f4e,0x74d40f4e,MATCH
ip6_dst_hoplimit,0x2574d8a8,KERNEL_OR_BUILTIN,,0,tipc,1,1,0,1,0,0,0,0,1,1,0x2574d8a8,0x2574d8a8,MATCH
ip_local_out,0x81daeed1,KERNEL_OR_BUILTIN,,0,pptp,1,1,0,1,0,0,0,0,1,1,0x81daeed1,0x81daeed1,MATCH
ip_mc_join_group,0xf307233c,KERNEL_OR_BUILTIN,,0,tipc,1,1,0,1,0,0,0,0,1,1,0xf307233c,0xf307233c,MATCH
ip_queue_xmit,0x297b2874,KERNEL_OR_BUILTIN,,0,l2tp_core,1,1,0,1,0,0,0,0,1,1,0x297b2874,0x297b2874,MATCH
ip_route_output_flow,0x63d17c67,KERNEL_OR_BUILTIN,,0,pptp;tipc,2,2,0,1,0,0,0,0,1,1,0x63d17c67,0x63d17c67,MATCH
ip_send_check,0x5089f45f,KERNEL_OR_BUILTIN,,0,pptp,1,1,0,1,0,0,0,0,1,1,0x5089f45f,0x5089f45f,MATCH
ipi_desc_get,0x44654856,KERNEL_OR_BUILTIN,,0,aee_hangdet,1,1,0,1,0,0,0,0,1,1,0x44654856,0x44654856,MATCH
ipv6_dev_find,0xfe50985e,KERNEL_OR_BUILTIN,,0,tipc,1,1,0,1,0,0,0,0,1,1,0xfe50985e,0xfe50985e,MATCH
ipv6_skip_exthdr,0x2fbf103d,KERNEL_OR_BUILTIN,,0,ccmni;mddp,2,2,0,1,0,0,1,1,1,1,0x2fbf103d,0x2fbf103d,MATCH
ipv6_stub,0x69417d20,KERNEL_OR_BUILTIN,,0,tipc,1,1,0,1,0,0,0,0,1,1,0x69417d20,0x69417d20,MATCH
irq_create_mapping_affinity,0x2d52ef9d,KERNEL_OR_BUILTIN,,0,pinctrl_mtk_v2,1,1,0,1,0,0,1,1,1,1,0x2d52ef9d,0x2d52ef9d,MATCH
irq_create_of_mapping,0xe80e5bdd,KERNEL_OR_BUILTIN,,0,gz_irq_mod,1,1,0,1,0,0,1,1,1,1,0xe80e5bdd,0xe80e5bdd,MATCH
irq_dispose_mapping,0x2c7db649,KERNEL_OR_BUILTIN,,0,mt6375;mt6375_auxadc;mt6375_battery,3,3,0,1,0,0,1,1,1,1,0x2c7db649,0x2c7db649,MATCH
irq_domain_remove,0xce5287c1,KERNEL_OR_BUILTIN,,0,mt6375;mt6375_auxadc;mt6375_battery;mtk_spmi_pmic;spmi_mtk_pmif,5,5,0,1,0,0,1,1,1,1,0xce5287c1,0xce5287c1,MATCH
irq_domain_simple_ops,0xfaf21a02,KERNEL_OR_BUILTIN,,0,pinctrl_mtk_v2,1,1,0,1,0,0,1,1,1,1,0xfaf21a02,0xfaf21a02,MATCH
irq_domain_xlate_onetwocell,0xcf6b798d,KERNEL_OR_BUILTIN,,0,mt6375;mt6375_auxadc;mt6375_battery;spmi_mtk_pmif,4,4,0,1,0,0,1,1,1,1,0xcf6b798d,0xcf6b798d,MATCH
irq_domain_xlate_twocell,0x78ba91b9,KERNEL_OR_BUILTIN,,0,mtk_spmi_pmic,1,1,0,1,0,0,1,1,1,1,0x78ba91b9,0x78ba91b9,MATCH
irq_get_irq_data,0x29211c93,KERNEL_OR_BUILTIN,,0,apusys;cache_parity;hci_uart;mali_kbase_mt6878_r44;mt6369_accdet;mtk_lpm;pinctrl_mtk_v2;uarthub_drv;yft_gpio_keys,9,9,0,1,0,0,1,1,1,1,0x29211c93,0x29211c93,MATCH
irq_get_irqchip_state,0x1d222ced,KERNEL_OR_BUILTIN,,0,mtk_uart_apdma;scp;vcp,3,3,0,1,0,0,1,1,1,1,0x1d222ced,0x1d222ced,MATCH
irq_modify_status,0x7522f3ba,KERNEL_OR_BUILTIN,,0,mediatek_drm;mt6369_accdet;mt6375;mt6375_auxadc;mt6375_battery;mtk_mmc;mtk_spmi_pmic;spmi_mtk_pmif,8,8,0,1,0,0,1,1,1,1,0x7522f3ba,0x7522f3ba,MATCH
irq_of_parse_and_map,0xe416cf51,KERNEL_OR_BUILTIN,,0,apusys;bt_drv_6878;bus_parity;cache_parity;camera_dpe_isp7sp;ccci_ccif;ccci_dpmaif;ccci_md_all;connadp;conninfra;dbg_error_flag;device_apc_common;emi_mpu;fingerprint;fmradio_drv_connac2x;mali_kbase_mt6878_r44;mdp_drv_mt6878;mediatek_drm;microarray_fp_tee;mtk_ccuv;mtk_lpm_plat_v1;mtk_pwm;pda_drv_mt6878;pinctrl_mtk_v2;scp;smpu;tkcore_drv;uarthub_drv;vcp;wlan_drv_gen4m_6878;yft_gpio_keys,31,31,0,1,0,0,1,1,1,1,0xe416cf51,0xe416cf51,MATCH
irq_set_affinity,0x135e366e,KERNEL_OR_BUILTIN,,0,arm_dsu_pmu;ufs_mediatek_mod,2,2,0,1,0,0,1,1,1,1,0x135e366e,0x135e366e,MATCH
irq_set_chained_handler_and_data,0x60a51e14,KERNEL_OR_BUILTIN,,0,pinctrl_mtk_v2,1,1,0,1,0,0,1,1,1,1,0x60a51e14,0x60a51e14,MATCH
irq_set_chip,0x734231cf,KERNEL_OR_BUILTIN,,0,mt6375;mt6375_auxadc;mt6375_battery;spmi_mtk_pmif,4,4,0,1,0,0,1,1,1,1,0x734231cf,0x734231cf,MATCH
irq_set_chip_and_handler_name,0xce83d3b0,KERNEL_OR_BUILTIN,,0,mt6375;mtk_spmi_pmic;pinctrl_mtk_v2,3,3,0,1,0,0,1,1,1,1,0xce83d3b0,0xce83d3b0,MATCH
irq_set_chip_data,0x20a789ac,KERNEL_OR_BUILTIN,,0,mt6375;mt6375_auxadc;mt6375_battery;mtk_spmi_pmic;pinctrl_mtk_v2;spmi_mtk_pmif,6,6,0,1,0,0,1,1,1,1,0x20a789ac,0x20a789ac,MATCH
irq_set_irq_type,0x0bc477a2,KERNEL_OR_BUILTIN,,0,ccci_md_all;hynitron;mt6369_accdet;mtk_lpm;st21nfc;yft_gpio_keys,6,6,0,1,0,0,1,1,1,1,0x0bc477a2,0x0bc477a2,MATCH
irq_set_irq_wake,0xce2840e7,KERNEL_OR_BUILTIN,,0,8250_mtk;adsp;bt_drv_6878;ccci_ccif;ccci_dpmaif;ccci_md_all;clk_common;focaltech_touch_spi_ft3680;gpueb;hci_uart;hynitron;microarray_fp_tee;mt6375;mt6375_auxadc;mt6375_battery;mtk_lpm_plat_v1;mtk_mmc;mtk_pmic_keys;mtk_scp_audiocommon;mtk_spmi_pmic;mtk_uart_apdma;rtc_mt6685;sc851x_charger;sc8571_charger;scp;snd_soc_audiodsp_common;snd_soc_mt6878_afe;spmi_mtk_pmif;st21nfc;vcp;wlan_drv_gen4m_6878;yft_gpio_keys,32,32,0,1,0,0,1,1,1,1,0xce2840e7,0xce2840e7,MATCH
irq_set_irqchip_state,0xb88dbfce,KERNEL_OR_BUILTIN,,0,ccci_md_all,1,1,0,1,0,0,0,0,1,1,0xb88dbfce,0xb88dbfce,MATCH
irq_set_parent,0xdc6596fa,KERNEL_OR_BUILTIN,,0,mt6375;mt6375_auxadc;mt6375_battery;spmi_mtk_pmif,4,4,0,1,0,0,1,1,1,1,0xdc6596fa,0xdc6596fa,MATCH
irq_to_desc,0xf14251ad,KERNEL_OR_BUILTIN,,0,aee_hangdet;focaltech_touch_spi_ft3680;irq_dbg;mt6375_battery;mtk_lpm;mtk_lpm_plat_v1;ufs_mediatek_mod,7,7,0,1,0,0,1,1,1,1,0xf14251ad,0xf14251ad,MATCH
irq_work_queue,0x879ace7c,KERNEL_OR_BUILTIN,,0,cpufreq_sugov_ext;scheduler,2,2,0,1,0,0,1,1,1,1,0x879ace7c,0x879ace7c,MATCH
irq_work_queue_on,0x013705c6,KERNEL_OR_BUILTIN,,0,scheduler,1,1,0,1,0,0,0,0,1,1,0x013705c6,0x013705c6,MATCH
irq_work_run,0x541bd60a,KERNEL_OR_BUILTIN,,0,met,1,1,0,1,0,0,1,1,1,1,0x541bd60a,0x541bd60a,MATCH
irq_work_sync,0xf02b8396,KERNEL_OR_BUILTIN,,0,cpufreq_sugov_ext,1,1,0,1,0,0,1,1,1,1,0xf02b8396,0xf02b8396,MATCH
is_dma_buf_file,0xc5ff7b09,KERNEL_OR_BUILTIN,,0,mtk_heap_debug,1,1,0,1,0,0,1,1,1,1,0xc5ff7b09,0xc5ff7b09,MATCH
is_vmalloc_addr,0xc31db0ce,KERNEL_OR_BUILTIN,,0,apusys;ccci_dpmaif;i2c_mt65xx;spi_mt65xx;wlan_drv_gen4m_6878;xhci_mtk_hcd_v2,6,6,0,1,0,0,1,1,1,1,0xc31db0ce,0xc31db0ce,MATCH
iterate_dir,0x2803b5e8,KERNEL_OR_BUILTIN,,0,hbt,1,1,0,1,0,0,1,1,1,1,0x2803b5e8,0x2803b5e8,MATCH
iterate_fd,0x3204fe7a,KERNEL_OR_BUILTIN,,0,mtk_heap_debug,1,1,0,1,0,0,1,1,1,1,0x3204fe7a,0x3204fe7a,MATCH
jiffies,0x15ba50a6,KERNEL_OR_BUILTIN,,0,aee_aed;aee_hangdet;apusys;ax88179_178a;bluetooth;c2k_usb;can;ccci_ccif;ccci_dpmaif;ccmni;cfg80211;cmdq_sec_drv;cmdq_test;conninfra;cpufreq_sugov_ext;drm_display_helper;fmradio_drv_connac2x;focaltech_touch_spi_ft3680;gps_drv_dl_v051;hci_uart;hidp;l2tp_core;mac80211;mac802154;mali_kbase_mt6878_r44;mcupm;mddp;mediatek_drm;mmqos_common;mt6369_accdet;mtk_c2ps;mtk_cam_isp7sp;mtk_cg_peak_power_throttling;mtk_cm_mgr_mt6878;mtk_cmdq_drv_ext;mtk_dpc;mtk_dynamic_loading_throttling;mtk_iommu;mtk_low_battery_throttling;mtk_lpm_dbg_common_v2;mtk_mmc;mtk_pmic_wrap;mtk_scpsys;mtk_swpm_dbg_v6878;mtk_u_ether;mtk_usb_f_rndis;mtk_vcodec_common;mtk_vcodec_dec_v1;mtk_vcodec_enc_v1;mtk_vcu;nfc;pd_dbg_info;pda_drv_mt6878;ppp_generic;r8152;rfcomm;rtc_mt6685;rtl8150;sapu;scheduler;scp;sensorhub;slcan;spmi_mtk_mpu;sspm_v3;tcpc_class;tipc;ufs_mediatek_mod;usbnet;usbserial;vcp;wlan_drv_gen4m_6878;xhci_mtk_hcd_v2;zram,74,75,0,1,0,0,1,1,1,1,0x15ba50a6,0x15ba50a6,MATCH
jiffies_64_to_clock_t,0xb1ddf995,KERNEL_OR_BUILTIN,,0,met,1,1,0,1,0,0,1,1,1,1,0xb1ddf995,0xb1ddf995,MATCH
jiffies_to_msecs,0x37befc70,KERNEL_OR_BUILTIN,,0,bluetooth;ccci_md_all;ccmni;cdc_acm;cfg80211;conninfra;fmradio_drv_connac2x;focaltech_touch_spi_ft3680;hci_uart;l2tp_ppp;mac80211;mali_kbase_mt6878_r44;mmqos_common;mt6369_accdet;mtk_lpm_dbg_common_v2;mtk_scpsys;mtk_vcodec_dec_v1;mtk_vcodec_enc_v1;mtk_vcu;mtk_vow;rtc_mt6685;sapu;tipc;usbserial;wlan_drv_gen4m_6878,25,26,0,1,0,0,1,1,1,1,0x37befc70,0x37befc70,MATCH
jiffies_to_usecs,0x7f24de73,KERNEL_OR_BUILTIN,,0,mtk_pmic_wrap;mtk_vcodec_dec_v1;tcpc_class;tipc,4,4,0,1,0,0,1,1,1,1,0x7f24de73,0x7f24de73,MATCH
kasan_flag_enabled,0xa6f6226c,KERNEL_OR_BUILTIN,,0,ccci_dpmaif;cfg80211;drm_dma_helper;mali_dmabuf_test_mt6878_r44;mali_kbase_mt6878_r44;mali_mgm_mt6878_r44;monitor_hang;mtk_mml;mtk_sec_heap;mtk_u_ether;r8152;system_heap;tmem_ffa;ufs_mediatek_mod;zram;zsmalloc,16,16,0,1,1,0,1,1,1,1,0xa6f6226c,0xa6f6226c,MATCH
kasprintf,0xfb384d37,KERNEL_OR_BUILTIN,,0,mediatek_drm;mtk_charger_algorithm_class;mtk_icc_core;system_heap;usb_meta,5,5,0,1,0,0,1,1,1,1,0xfb384d37,0xfb384d37,MATCH
kernel_accept,0x0e131c4a,KERNEL_OR_BUILTIN,,0,rfcomm;tipc,2,2,0,1,0,0,0,0,1,1,0x0e131c4a,0x0e131c4a,MATCH
kernel_bind,0xf28ec505,KERNEL_OR_BUILTIN,,0,l2tp_core;rfcomm,2,2,0,1,0,0,0,0,1,1,0xf28ec505,0xf28ec505,MATCH
kernel_connect,0x6f9153a5,KERNEL_OR_BUILTIN,,0,l2tp_core;rfcomm,2,2,0,1,0,0,0,0,1,1,0x6f9153a5,0x6f9153a5,MATCH
kernel_cpustat,0xc54f8db6,KERNEL_OR_BUILTIN,,0,blocktag;met,2,2,0,1,0,0,1,1,1,1,0xc54f8db6,0xc54f8db6,MATCH
kernel_kobj,0x4ba41360,KERNEL_OR_BUILTIN,,0,apusys;ccci_md_all;ccci_util_lib;charger_cooling;clkbuf;frs;ged;kheaders;mrdump;mtk_c2ps;mtk_cm_mgr;mtk_dvfsrc_helper;mtk_fpsgo;mtk_ssc;thermal_interface;thermal_trace,16,16,0,1,0,0,1,1,1,1,0x4ba41360,0x4ba41360,MATCH
kernel_listen,0x564aa2e8,KERNEL_OR_BUILTIN,,0,rfcomm;tipc,2,2,0,1,0,0,0,0,1,1,0x564aa2e8,0x564aa2e8,MATCH
kernel_param_lock,0x0998aacd,KERNEL_OR_BUILTIN,,0,mac80211,1,1,0,1,0,0,0,0,1,1,0x0998aacd,0x0998aacd,MATCH
kernel_param_unlock,0x323ac5fd,KERNEL_OR_BUILTIN,,0,mac80211,1,1,0,1,0,0,0,0,1,1,0x323ac5fd,0x323ac5fd,MATCH
kernel_power_off,0xf184d189,KERNEL_OR_BUILTIN,,0,mt6375_battery;mtk_charger_framework;mtk_low_battery_throttling,3,3,0,1,0,0,1,1,1,1,0xf184d189,0xf184d189,MATCH
kernel_restart,0x1e7bbcb3,KERNEL_OR_BUILTIN,,0,rtc_mt6685,1,1,0,1,0,0,1,1,1,1,0x1e7bbcb3,0x1e7bbcb3,MATCH
kernel_sendmsg,0xb240b296,KERNEL_OR_BUILTIN,,0,hidp;rfcomm;tipc,3,3,0,1,0,0,0,0,1,1,0xb240b296,0xb240b296,MATCH
kernel_sigaction,0xc0374d9c,KERNEL_OR_BUILTIN,,0,apusys;mddp,2,2,0,1,0,0,1,1,1,1,0xc0374d9c,0xc0374d9c,MATCH
kernel_sock_shutdown,0xbb70ed39,KERNEL_OR_BUILTIN,,0,l2tp_core;tipc,2,2,0,1,0,0,0,0,1,1,0xbb70ed39,0xbb70ed39,MATCH
kernfs_find_and_get_ns,0xd98d9801,KERNEL_OR_BUILTIN,,0,leds_mtk,1,1,0,1,0,0,1,1,1,1,0xd98d9801,0xd98d9801,MATCH
kernfs_notify,0xd295b501,KERNEL_OR_BUILTIN,,0,leds_mtk,1,1,0,1,0,0,1,1,1,1,0xd295b501,0xd295b501,MATCH
kernfs_path_from_node,0x4c8e1979,KERNEL_OR_BUILTIN,,0,aee_hangdet;cpuqos_v3,2,2,0,1,0,0,1,1,1,1,0x4c8e1979,0x4c8e1979,MATCH
kernfs_put,0x68fc7e58,KERNEL_OR_BUILTIN,,0,leds_mtk,1,1,0,1,0,0,1,1,1,1,0x68fc7e58,0x68fc7e58,MATCH
key_create_or_update,0xfe1d2e94,KERNEL_OR_BUILTIN,,0,cfg80211,1,1,0,1,0,0,0,0,1,1,0xfe1d2e94,0xfe1d2e94,MATCH
key_put,0x267f45e1,KERNEL_OR_BUILTIN,,0,cfg80211,1,1,0,1,0,0,0,0,1,1,0x267f45e1,0x267f45e1,MATCH
keyring_alloc,0x6fd638fd,KERNEL_OR_BUILTIN,,0,cfg80211,1,1,0,1,0,0,0,0,1,1,0x6fd638fd,0x6fd638fd,MATCH
kfree,0x037a0cba,KERNEL_OR_BUILTIN,,0,8021q;adapter_class;adsp;aee_aed;aee_hangdet;aee_rs;apu_top;apusys;aqc111;asix;atf_logger;aw883xx_driver;ax88179_178a;blocktag;bluetooth;bootprof;bsd_comp;bt_drv_6878;btbcm;btqca;c2k_usb;cache_parity;camera_af_media;camera_dpe_isp7sp;camera_eeprom_v4l2;can;can_bcm;can_raw;ccci_ccif;ccci_dpmaif;ccci_md_all;ccci_util_lib;ccd_rpmsg;ccmni;cdc_acm;cdc_ncm;cfg80211;charger_class;clk_common;cmdq_sec_drv;connadp;connfem;conninfra;connscp;cpufreq_sugov_ext;custom_ldo_wl2868;device_apc_common;drm_display_helper;drm_dma_helper;emi;emi_fake_eng;extcon_mtk_usb;extdev_io_class;ffa_v10;fhctl;flashlight;fmradio_drv_connac2x;focaltech_touch_spi_ft3680;ftdi_sio;ged;gps_drv_dl_v051;gps_pwr;gps_scp;gz_ipc_mod;gz_irq_mod;gz_log_mod;gz_main_mod;gz_tz_system;gz_virtio_mod;gzvm;hci_uart;hf_manager;hidp;hynitron;i2c_mt65xx;ieee802154;ieee802154_6lowpan;imgsensor;imgsensor_glue;iommu_debug;irq_dbg;kfifo_buf;l2tp_core;l2tp_ppp;leds_mtk;load_track;log_store;mac80211;mali_dmabuf_test_mt6878_r44;mali_kbase_mt6878_r44;mali_mgm_mt6878_r44;mcupm;md_cooling_all;mddp;mdp_drv_mt6878;mediatek_cpufreq_hw;mediatek_drm;mediatek_drm_gateic;mediatek_drm_panel_drv;met;microarray_fp_tee;mmprofile;monitor_hang;mrdump;mt6375_battery;mtk_aie;mtk_battery_oc_throttling;mtk_c2ps;mtk_cam_isp7sp;mtk_ccd_remoteproc;mtk_ccuv;mtk_cg_peak_power_throttling;mtk_charger_algorithm_class;mtk_cm_mgr;mtk_cmdq_drv_ext;mtk_composite;mtk_cpu_power_throttling;mtk_fpsgo;mtk_gpu_hal;mtk_gpu_power_throttling;mtk_gpufreq_mt6878;mtk_hcp;mtk_heap_debug;mtk_icc_core;mtk_imgsys_v4l2;mtk_ioctl_powerhal;mtk_iommu;mtk_jpeg;mtk_lpm;mtk_lpm_dbg_common_v2;mtk_lpm_dbg_mt6878;mtk_mbraink;mtk_md_power_throttling;mtk_mmdvfs_debug;mtk_mmdvfs_v3;mtk_mml;mtk_pbm;mtk_perf_common;mtk_perf_ioctl;mtk_perf_ioctl_magt;mtk_rpmsg_mbox;mtk_sec_heap;mtk_socinfo;mtk_swpm;mtk_swpm_dbg_v6878;mtk_sync;mtk_tinysys_ipi;mtk_u_ether;mtk_uart_apdma;mtk_usb_f_rndis;mtk_vcodec_common;mtk_vcodec_dec_v1;mtk_vcodec_enc_v1;mtk_vcu;mtu3;mux_switch;nfc;pd_dbg_info;pinctrl_mtk_v2;pmic_lbat_service;pmic_temp;powerhal_cpu_ctrl;ppp_deflate;ppp_generic;ppp_mppe;r8152;rfcomm;rfkill;rpmb;rpmb_mtk;rps_perf;rt4831a_drv;rt5133_regulator;rtl8150;scheduler;scp;sensorhub;slhc;snd_soc_audiodsp_common;snd_soc_mt6369;snd_soc_mt6878_afe;snd_soc_mtk_common;snd_soc_tfa98xx;soc_temp_lvts;spi_mt65xx;sspm_v3;st21nfc;system_heap;tcpc_class;thermal_interface;tipc;tkcore;tkcore_drv;tmem_ffa;touch_boost;ufs_mediatek_dbg;ufs_mediatek_mod;uload_ind;usb_boost;usb_meta;usb_offload;usbnet;usbserial;vcp;wlan_drv_gen4m_6878;wwan;xhci_mtk_hcd_v2;yft_devinfo;zram;zsmalloc,210,211,0,1,1,0,1,1,1,1,0x037a0cba,0x037a0cba,MATCH
kfree_const,0xf474fdcb,KERNEL_OR_BUILTIN,,0,bluetooth;mtk_icc_core;reboot_mode,3,4,0,1,0,0,1,1,1,1,0xf474fdcb,0xf474fdcb,MATCH
kfree_sensitive,0xd0760fc0,KERNEL_OR_BUILTIN,,0,bluetooth;camera_af_media;cfg80211;mac80211;mac802154;mtk_composite;ppp_mppe;tipc,8,9,0,1,0,0,1,1,1,1,0xd0760fc0,0xd0760fc0,MATCH
kfree_skb_list_reason,0x441d50a3,KERNEL_OR_BUILTIN,,0,mac80211,1,1,0,1,0,0,0,0,1,1,0x441d50a3,0x441d50a3,MATCH
kfree_skb_partial,0x84305e73,KERNEL_OR_BUILTIN,,0,ccci_dpmaif;tipc,2,2,0,1,0,0,0,0,1,1,0x84305e73,0x84305e73,MATCH
kfree_skb_reason,0x234cc6c0,KERNEL_OR_BUILTIN,,0,asix;bluetooth;bt_drv_6878;btbcm;btqca;btsdio;can;can_bcm;can_dev;can_gw;can_raw;cfg80211;conninfra;frs;hci_uart;hidp;ieee802154;ieee802154_6lowpan;ieee802154_socket;l2tp_core;l2tp_ppp;mac80211;mac802154;mt6375_battery;mtk_mbraink;nfc;ppp_generic;pptp;rfcomm;slcan;thermal_interface;tipc;vcan;wlan_drv_gen4m_6878;wwan,35,36,0,1,0,0,0,0,1,1,0x234cc6c0,0x234cc6c0,MATCH
kimage_vaddr,0xb2ead97c,KERNEL_OR_BUILTIN,,0,mrdump,1,1,0,1,0,0,1,1,1,1,0xb2ead97c,0xb2ead97c,MATCH
kimage_voffset,0xe4bbc1dd,KERNEL_OR_BUILTIN,,0,aee_hangdet;apusys;ccci_dpmaif;ccci_util_lib;cmdq_sec_drv;emi_fake_eng;ffa_v10;gz_log_mod;gz_main_mod;gz_virtio_mod;gzvm;log_store;mali_kbase_mt6878_r44;mediatek_drm;microarray_fp_tee;mmqos_common;mrdump;mtk_hcp;mtk_heap_debug;mtk_iommu;mtk_vcu;snd_soc_mtk_common;tkcore_drv,23,23,0,1,0,0,1,1,1,1,0xe4bbc1dd,0xe4bbc1dd,MATCH
kmalloc_caches,0x0f15b38a,KERNEL_OR_BUILTIN,,0,8021q;adapter_class;adsp;aee_aed;aee_rs;apu_top;apusys;aqc111;asix;atf_logger;aw883xx_driver;ax88179_178a;blocktag;bluetooth;bootprof;bsd_comp;bt_drv_6878;btbcm;c2k_usb;cache_parity;camera_af_media;camera_dpe_isp7sp;camera_eeprom_v4l2;can;can_bcm;ccci_ccif;ccci_dpmaif;ccci_md_all;ccci_util_lib;ccd_rpmsg;ccmni;cdc_acm;cdc_ncm;cfg80211;charger_class;clk_common;cmdq_sec_drv;cmdq_test;connadp;conninfra;connscp;cpufreq_sugov_ext;custom_ldo_wl2868;drm_display_helper;drm_dma_helper;emi;extcon_mtk_usb;extdev_io_class;ffa_v10;fhctl;flashlight;fmradio_drv_connac2x;focaltech_touch_spi_ft3680;ftdi_sio;ged;gps_drv_dl_v051;gps_pwr;gps_scp;gz_ipc_mod;gz_irq_mod;gz_log_mod;gz_main_mod;gz_tz_system;gz_virtio_mod;gzvm;hci_uart;hf_manager;hynitron;ieee802154;imgsensor;imgsensor_glue;iommu_debug;irq_dbg;kfifo_buf;l2tp_core;leds_ln2403;leds_mtk;load_track;mac80211;mac802154;mali_dmabuf_test_mt6878_r44;mali_kbase_mt6878_r44;mali_mgm_mt6878_r44;mddp;mdp_drv_mt6878;mediatek_cpufreq_hw;mediatek_drm;mediatek_drm_panel_drv;met;microarray_fp_tee;mmprofile;mmqos_common;monitor_hang;mrdump;mt6375_battery;mtk_aie;mtk_battery_oc_throttling;mtk_c2ps;mtk_cam_isp7sp;mtk_ccd_remoteproc;mtk_charger_algorithm_class;mtk_cmdq_drv_ext;mtk_composite;mtk_cpu_power_throttling;mtk_fpsgo;mtk_gpu_hal;mtk_gpufreq_mt6878;mtk_hcp;mtk_heap_debug;mtk_icc_core;mtk_imgsys_v4l2;mtk_iommu;mtk_jpeg;mtk_lpm;mtk_lpm_dbg_common_v2;mtk_lpm_dbg_mt6878;mtk_mbraink;mtk_mmdvfs;mtk_mmdvfs_debug;mtk_mmdvfs_v3;mtk_mminfra_debug;mtk_mml;mtk_pbm;mtk_perf_common;mtk_perf_ioctl;mtk_rpmsg_mbox;mtk_sec_heap;mtk_socinfo;mtk_swpm;mtk_swpm_dbg_v6878;mtk_sync;mtk_u_ether;mtk_uart_apdma;mtk_usb_f_rndis;mtk_vcodec_common;mtk_vcodec_dec_v1;mtk_vcodec_enc_v1;mtk_vcu;mtu3;mux_switch;nfc;pmic_lbat_service;powerhal_cpu_ctrl;ppp_deflate;ppp_generic;ppp_mppe;r8152;rfcomm;rfkill;rpmb;rpmb_mtk;rtl8150;scheduler;sensorhub;slhc;snd_soc_audiodsp_common;snd_soc_mtk_common;snd_soc_tfa98xx;spi_mt65xx;spi_tiny_co5300_lcd;system_heap;task_turbo;tcpc_class;tipc;tkcore;tmem_ffa;touch_boost;ufs_mediatek_mod;uload_ind;usb_boost;usb_logger;usb_meta;usb_offload;usbnet;usbserial;vcp;wlan_drv_gen4m_6878;wwan;xhci_mtk_hcd_v2;yft_devinfo;yft_tiny2c_usb;zram;zsmalloc,183,184,0,1,1,0,1,1,1,1,0x0f15b38a,0x0f15b38a,MATCH
kmalloc_large,0x9ed12e20,KERNEL_OR_BUILTIN,,0,aee_aed;aee_hangdet;apusys;blocktag;bt_drv_6878;camera_dpe_isp7sp;can;ccci_ccif;emi_fake_eng;fmradio_drv_connac2x;focaltech_touch_spi_ft3680;gz_log_mod;gz_main_mod;hidp;mac80211;mali_kbase_mt6878_r44;mediatek_drm;mediatek_drm_panel_drv;microarray_fp_tee;monitor_hang;mrdump;mtk_aie;mtk_ccuv;mtk_fpsgo;mtk_heap_debug;mtk_mmc_dbg;mtk_smi_dbg;mtk_vcu;pidmap;snd_soc_mt6369;snd_soc_mt6878_afe;snd_soc_mtk_common;snd_soc_tfa98xx;tipc;ufs_mediatek_dbg;wlan_drv_gen4m_6878,36,36,0,1,0,0,0,0,1,1,0x9ed12e20,0x9ed12e20,MATCH
kmalloc_large_node,0x48d3fa27,KERNEL_OR_BUILTIN,,0,r8152,1,1,0,1,0,0,0,0,1,1,0x48d3fa27,0x48d3fa27,MATCH
kmalloc_node_trace,0x76842b02,KERNEL_OR_BUILTIN,,0,r8152;xhci_mtk_hcd_v2,2,2,0,1,0,0,0,0,1,1,0x76842b02,0x76842b02,MATCH
kmalloc_trace,0xb78e7543,KERNEL_OR_BUILTIN,,0,8021q;adapter_class;adsp;aee_aed;aee_rs;apu_top;apusys;aqc111;asix;atf_logger;aw883xx_driver;ax88179_178a;blocktag;bluetooth;bootprof;bsd_comp;bt_drv_6878;btbcm;c2k_usb;cache_parity;camera_af_media;camera_dpe_isp7sp;camera_eeprom_v4l2;can;can_bcm;ccci_ccif;ccci_dpmaif;ccci_md_all;ccci_util_lib;ccd_rpmsg;ccmni;cdc_acm;cdc_ncm;cfg80211;charger_class;clk_common;cmdq_sec_drv;cmdq_test;connadp;conninfra;connscp;cpufreq_sugov_ext;custom_ldo_wl2868;drm_display_helper;drm_dma_helper;emi;extcon_mtk_usb;extdev_io_class;ffa_v10;fhctl;flashlight;fmradio_drv_connac2x;focaltech_touch_spi_ft3680;ftdi_sio;ged;gps_drv_dl_v051;gps_pwr;gps_scp;gz_ipc_mod;gz_irq_mod;gz_log_mod;gz_main_mod;gz_tz_system;gz_virtio_mod;gzvm;hci_uart;hf_manager;hynitron;ieee802154;imgsensor;imgsensor_glue;iommu_debug;irq_dbg;kfifo_buf;l2tp_core;leds_ln2403;leds_mtk;load_track;mac80211;mac802154;mali_dmabuf_test_mt6878_r44;mali_kbase_mt6878_r44;mali_mgm_mt6878_r44;mddp;mdp_drv_mt6878;mediatek_cpufreq_hw;mediatek_drm;mediatek_drm_panel_drv;met;microarray_fp_tee;mmprofile;mmqos_common;monitor_hang;mrdump;mt6375_battery;mtk_aie;mtk_battery_oc_throttling;mtk_c2ps;mtk_cam_isp7sp;mtk_ccd_remoteproc;mtk_charger_algorithm_class;mtk_cmdq_drv_ext;mtk_composite;mtk_cpu_power_throttling;mtk_fpsgo;mtk_gpu_hal;mtk_gpufreq_mt6878;mtk_hcp;mtk_heap_debug;mtk_icc_core;mtk_imgsys_v4l2;mtk_iommu;mtk_jpeg;mtk_lpm;mtk_lpm_dbg_common_v2;mtk_lpm_dbg_mt6878;mtk_mbraink;mtk_mmdvfs;mtk_mmdvfs_debug;mtk_mmdvfs_v3;mtk_mminfra_debug;mtk_mml;mtk_pbm;mtk_perf_common;mtk_perf_ioctl;mtk_rpmsg_mbox;mtk_sec_heap;mtk_socinfo;mtk_swpm;mtk_swpm_dbg_v6878;mtk_sync;mtk_u_ether;mtk_uart_apdma;mtk_usb_f_rndis;mtk_vcodec_common;mtk_vcodec_dec_v1;mtk_vcodec_enc_v1;mtk_vcu;mtu3;mux_switch;nfc;pmic_lbat_service;powerhal_cpu_ctrl;ppp_deflate;ppp_generic;ppp_mppe;r8152;rfcomm;rfkill;rpmb;rpmb_mtk;rtl8150;scheduler;sensorhub;slhc;snd_soc_audiodsp_common;snd_soc_mtk_common;snd_soc_tfa98xx;spi_mt65xx;spi_tiny_co5300_lcd;system_heap;task_turbo;tcpc_class;tipc;tkcore;tmem_ffa;touch_boost;ufs_mediatek_mod;uload_ind;usb_boost;usb_logger;usb_meta;usb_offload;usbnet;usbserial;vcp;wlan_drv_gen4m_6878;wwan;xhci_mtk_hcd_v2;yft_devinfo;yft_tiny2c_usb;zram;zsmalloc,183,184,0,1,1,0,0,0,1,1,0xb78e7543,0xb78e7543,MATCH
kmem_cache_alloc,0xb3bcc335,KERNEL_OR_BUILTIN,,0,can;can_gw;ged;mali_kbase_mt6878_r44;mddp;mtk_c2ps;mtk_fpsgo;snd_soc_tfa98xx;touch_boost;zsmalloc,10,10,0,1,1,0,1,1,1,1,0xb3bcc335,0xb3bcc335,MATCH
kmem_cache_create,0xd7c35710,KERNEL_OR_BUILTIN,,0,can;can_gw;ged;mali_kbase_mt6878_r44;mddp;mtk_c2ps;mtk_fpsgo;snd_soc_tfa98xx;touch_boost;zsmalloc,10,10,0,1,1,0,1,1,1,1,0xd7c35710,0xd7c35710,MATCH
kmem_cache_destroy,0x8b61c569,KERNEL_OR_BUILTIN,,0,can;can_gw;ged;mali_kbase_mt6878_r44;mddp;mtk_c2ps;mtk_fpsgo;touch_boost;zsmalloc,9,9,0,1,1,0,1,1,1,1,0x8b61c569,0x8b61c569,MATCH
kmem_cache_free,0x016d6ea7,KERNEL_OR_BUILTIN,,0,can;can_gw;ged;mddp;mtk_c2ps;mtk_fpsgo;snd_soc_tfa98xx;touch_boost;zsmalloc,9,9,0,1,1,0,1,1,1,1,0x016d6ea7,0x016d6ea7,MATCH
kmemdup,0x66b4cc41,KERNEL_OR_BUILTIN,,0,aqc111;bluetooth;cfg80211;drm_display_helper;ieee802154_6lowpan;mac80211;nfc;r8152;tipc;usbnet,10,11,0,1,1,0,0,0,1,1,0x66b4cc41,0x66b4cc41,MATCH
kobject_add,0xa3adbc43,KERNEL_OR_BUILTIN,,0,mtk_core_ctl,1,1,0,1,0,0,0,0,1,1,0xa3adbc43,0xa3adbc43,MATCH
kobject_create_and_add,0x99e24762,KERNEL_OR_BUILTIN,,0,apusys;connadp;cpuqos_v3;ged;hynitron;mali_kbase_mt6878_r44;met;mtk_c2ps;mtk_cm_mgr;mtk_core_ctl;mtk_dcm;mtk_fpsgo;mtk_perf_common;mtk_ssc;scheduler,15,15,0,1,0,0,1,1,1,1,0x99e24762,0x99e24762,MATCH
kobject_del,0xd56b3592,KERNEL_OR_BUILTIN,,0,apusys;mali_kbase_mt6878_r44;met;mtk_ssc,4,4,0,1,0,0,1,1,1,1,0xd56b3592,0xd56b3592,MATCH
kobject_get,0xa25484d8,KERNEL_OR_BUILTIN,,0,connadp,1,1,0,1,0,0,0,0,1,1,0xa25484d8,0xa25484d8,MATCH
kobject_init,0x423fe6bf,KERNEL_OR_BUILTIN,,0,mtk_core_ctl,1,1,0,1,0,0,0,0,1,1,0x423fe6bf,0x423fe6bf,MATCH
kobject_init_and_add,0x463b3ed8,KERNEL_OR_BUILTIN,,0,ccci_md_all;ccci_util_lib;cpufreq_sugov_ext;mali_kbase_mt6878_r44,4,4,0,1,0,0,1,1,1,1,0x463b3ed8,0x463b3ed8,MATCH
kobject_put,0x11e90cd4,KERNEL_OR_BUILTIN,,0,apusys;ccci_md_all;ccci_util_lib;connadp;cpufreq_sugov_ext;cpuqos_v3;ged;mali_kbase_mt6878_r44;met;mtk_c2ps;mtk_cm_mgr;mtk_core_ctl;mtk_fpsgo;mtk_perf_common;scheduler,15,15,0,1,0,0,1,1,1,1,0x11e90cd4,0x11e90cd4,MATCH
kobject_uevent,0x5aac7c29,KERNEL_OR_BUILTIN,,0,adsp;connadp;cpuqos_v3;mtk_core_ctl;mtk_perf_common;rfkill;scheduler;snd_soc_audiodsp_common;uload_ind;wlan_drv_gen4m_6878,10,10,0,1,0,0,1,1,1,1,0x5aac7c29,0x5aac7c29,MATCH
kobject_uevent_env,0x857f14bd,KERNEL_OR_BUILTIN,,0,cfg80211;connadp;mediatek_drm;mtk_charger_framework;uload_ind;usb_meta;wlan_drv_gen4m_6878,7,7,0,1,0,0,1,1,1,1,0x857f14bd,0x857f14bd,MATCH
krealloc,0xc8dcc62a,KERNEL_OR_BUILTIN,,0,camera_dpe_isp7sp;cdc_acm;gz_main_mod;leds_mtk;mtk_icc_core;tkcore_drv,6,6,0,1,0,0,1,1,1,1,0xc8dcc62a,0xc8dcc62a,MATCH
kstrdup,0x2d39b0a7,KERNEL_OR_BUILTIN,,0,adsp;mali_kbase_mt6878_r44;mediatek_drm;zsmalloc,4,4,0,1,0,0,1,1,1,1,0x2d39b0a7,0x2d39b0a7,MATCH
kstrdup_const,0x365e7911,KERNEL_OR_BUILTIN,,0,mtk_icc_core;reboot_mode,2,2,0,1,0,0,1,1,1,1,0x365e7911,0x365e7911,MATCH
kstrdup_quotable_cmdline,0xf182d52c,KERNEL_OR_BUILTIN,,0,mtk_mbraink,1,1,0,1,0,0,0,0,1,1,0xf182d52c,0xf182d52c,MATCH
kstrndup,0x9eacf8a5,KERNEL_OR_BUILTIN,,0,apusys;btqca;mali_kbase_mt6878_r44;mtk_sec_heap;snd_soc_mt6369;snd_soc_mt6878_afe;snd_soc_mtk_common;system_heap,8,8,0,1,0,0,1,1,1,1,0x9eacf8a5,0x9eacf8a5,MATCH
kstrtobool,0x124bad4d,KERNEL_OR_BUILTIN,,0,bluetooth;cdc_ncm;mtk_mmdvfs_v3;mtu3,4,5,0,1,0,0,1,1,1,1,0x124bad4d,0x124bad4d,MATCH
kstrtobool_from_user,0x47df155f,KERNEL_OR_BUILTIN,,0,bluetooth;mali_kbase_mt6878_r44,2,3,0,1,0,0,1,1,1,1,0x47df155f,0x47df155f,MATCH
kstrtoint,0x8c8569cb,KERNEL_OR_BUILTIN,,0,adsp;apu_top;apusys;aw883xx_driver;bt_drv_6878;cpuqos_v3;extcon_mtk_usb;flashlight;ged;mali_kbase_mt6878_r44;mddp;mdp_drv_mt6878;met;mmqos_common;mt6369_accdet;mt6375_battery;mtk_cam_isp7sp;mtk_cg_peak_power_throttling;mtk_charger_framework;mtk_fpsgo;mtk_gpu_qos;mtk_lpm_dbg_common_v2;mtk_mdpm;mtk_mmdvfs;mtk_mmdvfs_v3;mtk_mml;mtk_pbm;mtk_peak_power_budget;mtk_qos;mtk_scp_audiocommon;mtk_smi_dbg;mtu3;phy_mtk_xsphy;powerhal_cpu_ctrl;thermal_interface;touch_boost;usb_meta;wlan_drv_gen4m_6878;zram,39,39,0,1,0,0,1,1,1,1,0x8c8569cb,0x8c8569cb,MATCH
kstrtoint_from_user,0x7e704a24,KERNEL_OR_BUILTIN,,0,mali_kbase_mt6878_r44;md_cooling_all;uload_ind,3,3,0,1,0,0,1,1,1,1,0x7e704a24,0x7e704a24,MATCH
kstrtoll,0x3854774b,KERNEL_OR_BUILTIN,,0,bt_drv_6878;c2k_usb;conninfra;device_apc_common;ged;gps_drv_dl_v051;mtk_charger_framework;mtk_vcodec_common;st21nfc;teeperf;uarthub_drv;usb_boost;wlan_drv_gen4m_6878,13,13,0,1,0,0,1,1,1,1,0x3854774b,0x3854774b,MATCH
kstrtou16,0x4af6ddf0,KERNEL_OR_BUILTIN,,0,wlan_drv_gen4m_6878;zram,2,2,0,1,0,0,1,1,1,1,0x4af6ddf0,0x4af6ddf0,MATCH
kstrtou16_from_user,0x02d1793c,KERNEL_OR_BUILTIN,,0,xhci_mtk_hcd_v2,1,1,0,1,0,0,0,0,1,1,0x02d1793c,0x02d1793c,MATCH
kstrtou8,0x6a6e05bf,KERNEL_OR_BUILTIN,,0,extdev_io_class;ftdi_sio;mtk_usb_f_rndis;tcpc_class;wlan_drv_gen4m_6878,5,5,0,1,0,0,1,1,1,1,0x6a6e05bf,0x6a6e05bf,MATCH
kstrtouint,0x3b6c41ea,KERNEL_OR_BUILTIN,,0,adsp;aee_aed;apusys;aw883xx_driver;camera_eeprom_v4l2;ccci_dpmaif;conninfra;cpufreq_sugov_ext;flashlight;fmradio_drv_connac2x;ftdi_sio;ged;gpueb;imgsensor;mali_kbase_mt6878_r44;mcupm;mediatek_drm;met;mmqos_common;mt6375_battery;mtk_cam_isp7sp;mtk_charger_framework;mtk_cmdq_drv_ext;mtk_core_ctl;mtk_dvfsrc_helper;mtk_gpufreq_wrapper;mtk_lpm_dbg_common_v2;mtk_mmdvfs_v3;mtk_mminfra_debug;mtk_perf_common;mtk_scp_audiocommon;mtk_ssc_dbg_v2;mtk_swpm_cpu_dbg_v6878;mtk_swpm_dbg_common_v1;mtk_swpm_dbg_v6878;mtk_vow;mtu3;mux_switch;phy_mtk_xsphy;pinctrl_mtk_v2;pmic_lbat_service;scheduler;slcan;snd_soc_mt6369;sspm_v3;task_turbo;thermal_trace;ufs_mediatek_mod;usb_logger;vcp;wlan_drv_gen4m_6878,51,51,0,1,0,0,1,1,1,1,0x3b6c41ea,0x3b6c41ea,MATCH
kstrtouint_from_user,0x19b76060,KERNEL_OR_BUILTIN,,0,mali_kbase_mt6878_r44;mediatek_drm,2,2,0,1,0,0,1,1,1,1,0x19b76060,0x19b76060,MATCH
kstrtoul_from_user,0xf381d68f,KERNEL_OR_BUILTIN,,0,atf_logger;mali_kbase_mt6878_r44,2,2,0,1,0,0,1,1,1,1,0xf381d68f,0xf381d68f,MATCH
kstrtoull,0x5c3c7387,KERNEL_OR_BUILTIN,,0,aee_aed;bt_drv_6878;cdc_ncm;clk_common;emi;extdev_io_class;leds_mtk;log_store;mali_kbase_mt6878_r44;mddp;mmprofile;mt6375_battery;mt6375_charger;mtk_cam_isp7sp;mtk_charger_framework;mtk_mmc_dbg;mtk_printk_ctrl;mtk_vmm_isp71_regulator;rfkill;snd_soc_mtk_common;spi_tiny_co5300_lcd;tcpc_class;thermal_trace;ufs_mediatek_dbg;ufs_mediatek_mod;usb_boost;wlan_drv_gen4m_6878;zram,28,28,0,1,0,0,1,1,1,1,0x5c3c7387,0x5c3c7387,MATCH
kstrtoull_from_user,0xf159aa44,KERNEL_OR_BUILTIN,,0,mediatek_drm,1,1,0,1,0,0,1,1,1,1,0xf159aa44,0xf159aa44,MATCH
ksys_sync_helper,0x55c76a23,KERNEL_OR_BUILTIN,,0,mtk_lpm,1,1,0,1,0,0,1,1,1,1,0x55c76a23,0x55c76a23,MATCH
kthread_bind,0x3de7e7ce,KERNEL_OR_BUILTIN,,0,aee_aed;aee_hangdet;gz_trusty_mod;mtk_lpm_dbg_common_v2;tkcore_drv,5,5,0,1,0,0,1,1,1,1,0x3de7e7ce,0x3de7e7ce,MATCH
kthread_bind_mask,0x34848ecd,KERNEL_OR_BUILTIN,,0,cpufreq_sugov_ext;mediatek_drm,2,2,0,1,0,0,1,1,1,1,0x34848ecd,0x34848ecd,MATCH
kthread_cancel_work_sync,0x8e7b4939,KERNEL_OR_BUILTIN,,0,cpufreq_sugov_ext,1,1,0,1,0,0,1,1,1,1,0x8e7b4939,0x8e7b4939,MATCH
kthread_create_on_node,0xb0f4ab9f,KERNEL_OR_BUILTIN,,0,aee_aed;aee_hangdet;apusys;audio_ipi;bt_drv_6878;ccci_dpmaif;ccci_md_all;cmdq_sec_drv;conninfra;connscp;cpufreq_sugov_ext;fmradio_drv_connac2x;ged;gps_drv_dl_v051;gz_main_mod;gz_trusty_mod;gz_tz_system;gz_virtio_mod;hidp;imgsensor;mali_kbase_mt6878_r44;mddp;mediatek_drm;met;mmqos_common;monitor_hang;mt6369_accdet;mt6375_battery;mtk_bp_thl;mtk_c2ps;mtk_cam_isp7sp;mtk_charger_framework;mtk_chg_type_det;mtk_cmdq_drv_ext;mtk_core_ctl;mtk_dpc;mtk_dynamic_loading_throttling;mtk_fpsgo;mtk_imgsys_cmdq;mtk_imgsys_v4l2;mtk_low_battery_throttling;mtk_lpm_dbg_common_v2;mtk_mmdvfs_debug;mtk_mmdvfs_v3;mtk_mmdvfs_v3_start;mtk_mml;mtk_pep50;mtk_smi;mtk_soc_offload_common;mtk_vcodec_dec_v1;mtk_vcodec_enc_v1;rfcomm;scheduler;sensorhub;snd_soc_mt6369;system_heap;tcpc_class;tkcore;tkcore_drv;touch_boost;wlan_drv_gen4m_6878;wmt_chrdev_wifi_connac2,62,62,0,1,0,0,1,1,1,1,0xb0f4ab9f,0xb0f4ab9f,MATCH
kthread_create_worker,0x5697a553,KERNEL_OR_BUILTIN,,0,hf_manager;mali_mgm_mt6878_r44;mtk_mml,3,3,0,1,0,0,1,1,1,1,0x5697a553,0x5697a553,MATCH
kthread_delayed_work_timer_fn,0xc1b48cc6,KERNEL_OR_BUILTIN,,0,imgsensor;mtk_cam_isp7sp,2,2,0,1,0,0,1,1,1,1,0xc1b48cc6,0xc1b48cc6,MATCH
kthread_destroy_worker,0xa6e6acfb,KERNEL_OR_BUILTIN,,0,hf_manager;mali_mgm_mt6878_r44;mtk_mml,3,3,0,1,0,0,1,1,1,1,0xa6e6acfb,0xa6e6acfb,MATCH
kthread_flush_work,0x2e45ff91,KERNEL_OR_BUILTIN,,0,hf_manager;mtk_mml,2,2,0,1,0,0,1,1,1,1,0x2e45ff91,0x2e45ff91,MATCH
kthread_flush_worker,0x669f34e6,KERNEL_OR_BUILTIN,,0,cpufreq_sugov_ext;gz_trusty_mod;mtk_cam_isp7sp,3,3,0,1,0,0,1,1,1,1,0x669f34e6,0x669f34e6,MATCH
kthread_queue_delayed_work,0xcada8247,KERNEL_OR_BUILTIN,,0,imgsensor;mtk_cam_isp7sp,2,2,0,1,0,0,1,1,1,1,0xcada8247,0xcada8247,MATCH
kthread_queue_work,0xb438cecd,KERNEL_OR_BUILTIN,,0,cpufreq_sugov_ext;gz_trusty_mod;hf_manager;mali_mgm_mt6878_r44;mtk_cam_isp7sp;mtk_imgsys_cmdq;mtk_mml,7,7,0,1,0,0,1,1,1,1,0xb438cecd,0xb438cecd,MATCH
kthread_should_stop,0xb3f7646e,KERNEL_OR_BUILTIN,,0,aee_hangdet;audio_ipi;bt_drv_6878;ccci_dpmaif;ccci_md_all;conninfra;connscp;ged;gps_drv_dl_v051;gz_trusty_mod;gz_virtio_mod;mali_kbase_mt6878_r44;mddp;mediatek_drm;met;mmqos_common;mtk_bp_thl;mtk_c2ps;mtk_chg_type_det;mtk_cmdq_drv_ext;mtk_core_ctl;mtk_dpc;mtk_dynamic_loading_throttling;mtk_fpsgo;mtk_imgsys_v4l2;mtk_low_battery_throttling;mtk_mmdvfs_debug;mtk_mml;mtk_pep50;mtk_soc_offload_common;mtk_vcodec_dec_v1;mtk_vcodec_enc_v1;rfcomm;scheduler;sensorhub;system_heap;tcpc_class;tkcore;tkcore_drv;touch_boost,40,40,0,1,0,0,1,1,1,1,0xb3f7646e,0xb3f7646e,MATCH
kthread_stop,0x4fa9ae5c,KERNEL_OR_BUILTIN,,0,aee_hangdet;bt_drv_6878;ccci_dpmaif;conninfra;connscp;cpufreq_sugov_ext;ged;gps_drv_dl_v051;gz_trusty_mod;gz_virtio_mod;mali_kbase_mt6878_r44;mddp;mediatek_drm;met;mmqos_common;mtk_c2ps;mtk_cam_isp7sp;mtk_chg_type_det;mtk_fpsgo;mtk_imgsys_cmdq;mtk_imgsys_v4l2;mtk_low_battery_throttling;mtk_mmdvfs_debug;mtk_mml;mtk_pep50;rfcomm;sensorhub;tcpc_class;tkcore;tkcore_drv,30,30,0,1,0,0,1,1,1,1,0x4fa9ae5c,0x4fa9ae5c,MATCH
kthread_worker_fn,0x955b0e2e,KERNEL_OR_BUILTIN,,0,cpufreq_sugov_ext;gz_trusty_mod;imgsensor;mtk_cam_isp7sp;mtk_imgsys_cmdq,5,5,0,1,0,0,1,1,1,1,0x955b0e2e,0x955b0e2e,MATCH
ktime_get,0xb43f9365,KERNEL_OR_BUILTIN,,0,adsp;aee_hangdet;apu_top;apusys;can_bcm;clk_common;cqhci;drm_display_helper;fhctl;ged;gz_main_mod;i2c_mt65xx;imgsensor;load_track;mac80211;mali_kbase_mt6878_r44;mali_mgm_mt6878_r44;mdp_drv_mt6878;mediatek_cpufreq_hw;mediatek_drm;met;mt6375_adc;mt6375_auxadc;mtk_cam_isp7sp;mtk_charger_framework;mtk_cm_mgr_mt6878;mtk_cmdq_drv_ext;mtk_core_ctl;mtk_dpc;mtk_dvfsrc;mtk_fpsgo;mtk_iommu;mtk_mbraink;mtk_mmc;mtk_mmdvfs;mtk_perf_common;mtk_scp_audiocommon;mtk_scpsys;mtk_smi;mtk_soc_offload_common;mtk_spmi_pmic_adc;mtk_u_ether;mtk_uart_apdma;mtu3;nvmem_mt635x_efuse;phy_mtk_xsphy;scheduler;snd_soc_mt6878_afe;soc_temp_lvts;spi_mt65xx;spmi_mtk_pmif;tkcore_drv;ufs_mediatek_mod;xhci_mtk_hcd_v2,54,54,0,1,0,0,1,1,1,1,0xb43f9365,0xb43f9365,MATCH
ktime_get_coarse_with_offset,0xbcc15e75,KERNEL_OR_BUILTIN,,0,cfg80211,1,1,0,1,0,0,0,0,1,1,0xbcc15e75,0xbcc15e75,MATCH
ktime_get_mono_fast_ns,0x6ebe366f,KERNEL_OR_BUILTIN,,0,cdc_acm;hci_uart;mali_kbase_mt6878_r44;mtu3;r8152;ufs_mediatek_mod;usbnet;xhci_mtk_hcd_v2,8,8,0,1,0,0,1,1,1,1,0x6ebe366f,0x6ebe366f,MATCH
ktime_get_raw,0x9714e0bb,KERNEL_OR_BUILTIN,,0,mali_kbase_mt6878_r44;scheduler,2,2,0,1,0,0,1,1,1,1,0x9714e0bb,0x9714e0bb,MATCH
ktime_get_raw_ts64,0x1edb69d6,KERNEL_OR_BUILTIN,,0,mali_kbase_mt6878_r44,1,1,0,1,0,0,1,1,1,1,0x1edb69d6,0x1edb69d6,MATCH
ktime_get_real_ts64,0x9ec6ca96,KERNEL_OR_BUILTIN,,0,aee_aed;aee_hangdet;bt_drv_6878;camera_eeprom_v4l2;ccci_dpmaif;ccci_md_all;ccci_util_lib;ccmni;conninfra;connscp;ged;imgsensor;mali_kbase_mt6878_r44;mddp;mdp_drv_mt6878;mediatek_drm;mtk_charger_framework;mtk_lpm_dbg_common_v2;mtk_lpm_plat_v1;mtk_mbraink;mtk_mml;mtk_vcodec_dec_v1;mtk_vcodec_enc_v1;sensorhub;tmem_ffa;uarthub_drv;wlan_drv_gen4m_6878,27,27,0,1,0,0,1,1,1,1,0x9ec6ca96,0x9ec6ca96,MATCH
ktime_get_seconds,0xa9320d27,KERNEL_OR_BUILTIN,,0,mac80211;mtk_charger_framework,2,2,0,1,0,0,0,0,1,1,0xa9320d27,0xa9320d27,MATCH
ktime_get_ts64,0x5e515be6,KERNEL_OR_BUILTIN,,0,apusys;bt_drv_6878;camera_dpe_isp7sp;ccci_md_all;ccci_util_lib;mediatek_drm;mtk_aie;mtk_btcvsd;mtk_imgsys_v4l2;mtk_mml;snd_soc_mt6878_afe;thermal_trace;usb_boost,13,13,0,1,0,0,1,1,1,1,0x5e515be6,0x5e515be6,MATCH
ktime_get_with_offset,0xc4f0da12,KERNEL_OR_BUILTIN,,0,bluetooth;focaltech_touch_spi_ft3680;gps_drv_dl_v051;hf_manager;imgsensor;mac80211;mediatek_drm;mt6375_auxadc;mt6375_battery;mtk_aie;mtk_cam_isp7sp;mtk_charger_framework;mtk_imgsys_cmdq;mtk_imgsys_v4l2;mtk_mml;mtk_mml_mt6878;mtk_pep50;mtk_vcodec_dec_v1;mtk_vcodec_enc_v1;nfc;scheduler;scp;sensorhub;snd_soc_tfa98xx;spi_tiny_co5300_lcd;st21nfc;wlan_drv_gen4m_6878,27,28,0,1,0,0,1,1,1,1,0xc4f0da12,0xc4f0da12,MATCH
kvasprintf_const,0x1632bc21,KERNEL_OR_BUILTIN,,0,bluetooth,1,2,0,1,0,0,0,0,1,1,0x1632bc21,0x1632bc21,MATCH
kvfree,0x7aa1756e,KERNEL_OR_BUILTIN,,0,apusys;bluetooth;connadp;conninfra;gz_main_mod;mac80211;mali_dmabuf_test_mt6878_r44;mt6375_battery;mtk_cam_isp7sp;mtk_fpsgo;powerhal_cpu_ctrl;spi_tiny_co5300_lcd;touch_boost;wlan_drv_gen4m_6878,14,15,0,1,1,0,1,1,1,1,0x7aa1756e,0x7aa1756e,MATCH
kvfree_call_rcu,0xbaf22757,KERNEL_OR_BUILTIN,,0,bluetooth;cfg80211;l2tp_core;mac80211;mac802154;mtk_vcodec_common;rps_perf;tipc;wlan_drv_gen4m_6878,9,10,0,1,0,0,1,1,1,1,0xbaf22757,0xbaf22757,MATCH
kvmalloc_node,0x599fb41c,KERNEL_OR_BUILTIN,,0,apusys;bluetooth;gz_main_mod;mac80211;mali_dmabuf_test_mt6878_r44;mtk_cam_isp7sp,6,7,0,1,1,0,1,1,1,1,0x599fb41c,0x599fb41c,MATCH
led_trigger_event,0xe51c410d,KERNEL_OR_BUILTIN,,0,rfkill,1,1,0,1,0,0,0,0,1,1,0xe51c410d,0xe51c410d,MATCH
led_trigger_register,0xe34a9f03,KERNEL_OR_BUILTIN,,0,rfkill,1,1,0,1,0,0,0,0,1,1,0xe34a9f03,0xe34a9f03,MATCH
led_trigger_unregister,0x386b978c,KERNEL_OR_BUILTIN,,0,rfkill,1,1,0,1,0,0,0,0,1,1,0x386b978c,0x386b978c,MATCH
linkwatch_fire_event,0x2d9e0ed8,KERNEL_OR_BUILTIN,,0,8021q,1,1,0,1,0,0,0,0,1,1,0x2d9e0ed8,0x2d9e0ed8,MATCH
list_sort,0xe091c977,KERNEL_OR_BUILTIN,,0,apu_top;apusys;iommu_debug;mtk_heap_debug;mtk_sec_heap;pmic_lbat_service;task_turbo;tipc;wlan_drv_gen4m_6878,9,9,0,1,0,0,1,1,1,1,0xe091c977,0xe091c977,MATCH
lock_sock_nested,0x94a1d0ed,KERNEL_OR_BUILTIN,,0,bluetooth;can_bcm;can_raw;ieee802154_socket;l2tp_core;l2tp_ppp;nfc;pppox;pptp;rfcomm;tipc,11,12,0,1,0,0,0,0,1,1,0x94a1d0ed,0x94a1d0ed,MATCH
log_post_read_mmio,0x0c1a5ee3,KERNEL_OR_BUILTIN,,0,8250_mtk;adsp;aee_aed;aee_hangdet;apu_top;apusys;board_temp;bt_drv_6878;bus_parity;cache_parity;camera_dpe_isp7sp;ccci_ccif;ccci_dpmaif;ccci_md_all;clk_chk_mt6878;clk_common;clk_fmeter_mt6878;clk_mt6878;clkbuf;cmdq_test;conninfra;cpufreq_sugov_ext;cpuqos_v3;cqhci;dbg_error_flag;dbgtop_drm;device_apc_common;device_apc_mt6878;emi;emi_fake_eng;emi_mpu;fhctl;fmradio_drv_connac2x;gpueb;i2c_mt65xx;iommu_debug;last_bus;mali_kbase_mt6878_r44;mcupm;mdp_drv_mt6878;mediatek_cpufreq_hw;mediatek_drm;met;mmqos_common;mt6878_dcm;mtk_aie;mtk_cam_isp7sp;mtk_ccuv;mtk_cg_peak_power_throttling;mtk_cmdq_drv_ext;mtk_dpc;mtk_dramc;mtk_dvfsrc;mtk_dvfsrc_helper;mtk_gpu_qos;mtk_gpufreq_mt6878;mtk_gpufreq_wrapper;mtk_imgsys_cmdq;mtk_imgsys_isp7sp;mtk_imgsys_v4l2;mtk_iommu;mtk_ipesys_me;mtk_jpeg;mtk_mbox;mtk_mbox_mailbox;mtk_mmc;mtk_mmc_dbg;mtk_mmdvfs_debug;mtk_mmdvfs_v3;mtk_mminfra_debug;mtk_mminfra_imax;mtk_mml;mtk_peak_power_budget;mtk_pmic_wrap;mtk_qos;mtk_scpsys;mtk_smi;mtk_smi_dbg;mtk_swpm_dbg_v6878;mtk_uart_apdma;mtk_vcodec_common;mtk_vcodec_dec_v1;mtk_vcodec_enc_v1;mtk_vmm_spm;mtk_wdt;mtu3;pda_drv_mt6878;phy_mtk_ufs;phy_mtk_xsphy;pinctrl_mtk_v2;pwm_mtk_disp;scheduler;scp;smpu;soc_temp_lvts;spi_mt65xx;spmi_mtk_mpu;spmi_mtk_pmif;thermal_interface;thermal_trace;timer_mediatek;uarthub_drv;ufs_mediatek_mod;usb_offload;vcp;wlan_drv_gen4m_6878;xhci_mtk_hcd_v2,107,107,0,1,0,0,0,0,1,1,0x0c1a5ee3,0x0c1a5ee3,MATCH
log_post_write_mmio,0xfa4d3c24,KERNEL_OR_BUILTIN,,0,8250_mtk;adsp;aee_aed;aee_hangdet;apu_top;apusys;bt_drv_6878;bus_parity;cache_parity;camera_dpe_isp7sp;ccci_ccif;ccci_dpmaif;ccci_fsm_scp;ccci_md_all;clk_common;clk_fmeter_mt6878;clk_mt6878;clkbuf;cmdq_test;conninfra;cpufreq_sugov_ext;cpuqos_v3;cqhci;dbgtop_drm;device_apc_common;emi;emi_fake_eng;emi_mpu;fhctl;fmradio_drv_connac2x;gps_drv_dl_v051;gpueb;i2c_mt65xx;last_bus;mali_kbase_mt6878_r44;mcupm;mdp_drv_mt6878;mediatek_cpufreq_hw;mediatek_drm;met;mmqos_common;mt6878_dcm;mtk_aie;mtk_cam_isp7sp;mtk_ccuv;mtk_cg_peak_power_throttling;mtk_cmdq_drv_ext;mtk_dpc;mtk_dvfsrc;mtk_dvfsrc_helper;mtk_gpufreq_mt6878;mtk_gpufreq_wrapper;mtk_imgsys_isp7sp;mtk_imgsys_v4l2;mtk_iommu;mtk_jpeg;mtk_mbox;mtk_mbox_mailbox;mtk_mmc;mtk_mmc_dbg;mtk_mmdvfs_v3;mtk_mminfra_debug;mtk_mminfra_imax;mtk_mml;mtk_peak_power_budget;mtk_pmic_wrap;mtk_qos;mtk_scpsys;mtk_smi;mtk_smi_dbg;mtk_swpm_dbg_v6878;mtk_uart_apdma;mtk_vcodec_common;mtk_vcodec_dec_v1;mtk_vcodec_enc_v1;mtk_vmm_spm;mtk_wdt;mtu3;phy_mtk_ufs;phy_mtk_xsphy;pinctrl_mtk_v2;pwm_mtk_disp;scheduler;scp;smpu;soc_temp_lvts;spi_mt65xx;spmi_mtk_mpu;spmi_mtk_pmif;sspm_v3;thermal_interface;timer_mediatek;uarthub_drv;ufs_mediatek_mod;usb_offload;vcp;wlan_drv_gen4m_6878;xhci_mtk_hcd_v2,98,98,0,1,0,0,0,0,1,1,0xfa4d3c24,0xfa4d3c24,MATCH
log_read_mmio,0x6b722180,KERNEL_OR_BUILTIN,,0,8250_mtk;adsp;aee_aed;aee_hangdet;apu_top;apusys;board_temp;bt_drv_6878;bus_parity;cache_parity;camera_dpe_isp7sp;ccci_ccif;ccci_dpmaif;ccci_md_all;clk_chk_mt6878;clk_common;clk_fmeter_mt6878;clk_mt6878;clkbuf;cmdq_test;conninfra;cpufreq_sugov_ext;cpuqos_v3;cqhci;dbg_error_flag;dbgtop_drm;device_apc_common;device_apc_mt6878;emi;emi_fake_eng;emi_mpu;fhctl;fmradio_drv_connac2x;gpueb;i2c_mt65xx;iommu_debug;last_bus;mali_kbase_mt6878_r44;mcupm;mdp_drv_mt6878;mediatek_cpufreq_hw;mediatek_drm;met;mmqos_common;mt6878_dcm;mtk_aie;mtk_cam_isp7sp;mtk_ccuv;mtk_cg_peak_power_throttling;mtk_cmdq_drv_ext;mtk_dpc;mtk_dramc;mtk_dvfsrc;mtk_dvfsrc_helper;mtk_gpu_qos;mtk_gpufreq_mt6878;mtk_gpufreq_wrapper;mtk_imgsys_cmdq;mtk_imgsys_isp7sp;mtk_imgsys_v4l2;mtk_iommu;mtk_ipesys_me;mtk_jpeg;mtk_mbox;mtk_mbox_mailbox;mtk_mmc;mtk_mmc_dbg;mtk_mmdvfs_debug;mtk_mmdvfs_v3;mtk_mminfra_debug;mtk_mminfra_imax;mtk_mml;mtk_peak_power_budget;mtk_pmic_wrap;mtk_qos;mtk_scpsys;mtk_smi;mtk_smi_dbg;mtk_swpm_dbg_v6878;mtk_uart_apdma;mtk_vcodec_common;mtk_vcodec_dec_v1;mtk_vcodec_enc_v1;mtk_vmm_spm;mtk_wdt;mtu3;pda_drv_mt6878;phy_mtk_ufs;phy_mtk_xsphy;pinctrl_mtk_v2;pwm_mtk_disp;scheduler;scp;smpu;soc_temp_lvts;spi_mt65xx;spmi_mtk_mpu;spmi_mtk_pmif;thermal_interface;thermal_trace;timer_mediatek;uarthub_drv;ufs_mediatek_mod;usb_offload;vcp;wlan_drv_gen4m_6878;xhci_mtk_hcd_v2,107,107,0,1,0,0,0,0,1,1,0x6b722180,0x6b722180,MATCH
log_write_mmio,0xc905402b,KERNEL_OR_BUILTIN,,0,8250_mtk;adsp;aee_aed;aee_hangdet;apu_top;apusys;bt_drv_6878;bus_parity;cache_parity;camera_dpe_isp7sp;ccci_ccif;ccci_dpmaif;ccci_fsm_scp;ccci_md_all;clk_common;clk_fmeter_mt6878;clk_mt6878;clkbuf;cmdq_test;conninfra;cpufreq_sugov_ext;cpuqos_v3;cqhci;dbgtop_drm;device_apc_common;emi;emi_fake_eng;emi_mpu;fhctl;fmradio_drv_connac2x;gps_drv_dl_v051;gpueb;i2c_mt65xx;last_bus;mali_kbase_mt6878_r44;mcupm;mdp_drv_mt6878;mediatek_cpufreq_hw;mediatek_drm;met;mmqos_common;mt6878_dcm;mtk_aie;mtk_cam_isp7sp;mtk_ccuv;mtk_cg_peak_power_throttling;mtk_cmdq_drv_ext;mtk_dpc;mtk_dvfsrc;mtk_dvfsrc_helper;mtk_gpufreq_mt6878;mtk_gpufreq_wrapper;mtk_imgsys_isp7sp;mtk_imgsys_v4l2;mtk_iommu;mtk_jpeg;mtk_mbox;mtk_mbox_mailbox;mtk_mmc;mtk_mmc_dbg;mtk_mmdvfs_v3;mtk_mminfra_debug;mtk_mminfra_imax;mtk_mml;mtk_peak_power_budget;mtk_pmic_wrap;mtk_qos;mtk_scpsys;mtk_smi;mtk_smi_dbg;mtk_swpm_dbg_v6878;mtk_uart_apdma;mtk_vcodec_common;mtk_vcodec_dec_v1;mtk_vcodec_enc_v1;mtk_vmm_spm;mtk_wdt;mtu3;phy_mtk_ufs;phy_mtk_xsphy;pinctrl_mtk_v2;pwm_mtk_disp;scheduler;scp;smpu;soc_temp_lvts;spi_mt65xx;spmi_mtk_mpu;spmi_mtk_pmif;sspm_v3;thermal_interface;timer_mediatek;uarthub_drv;ufs_mediatek_mod;usb_offload;vcp;wlan_drv_gen4m_6878;xhci_mtk_hcd_v2,98,98,0,1,0,0,0,0,1,1,0xc905402b,0xc905402b,MATCH
loops_per_jiffy,0xba497f13,KERNEL_OR_BUILTIN,,0,snd_soc_mt6878_afe,1,1,0,1,0,0,1,1,1,1,0xba497f13,0xba497f13,MATCH
mas_find,0x9acf31c6,KERNEL_OR_BUILTIN,,0,monitor_hang;mtk_heap_debug,2,2,0,1,0,0,0,0,1,1,0x9acf31c6,0x9acf31c6,MATCH
mbox_chan_received_data,0x9f686c56,KERNEL_OR_BUILTIN,,0,mtk_mbox_mailbox,1,1,0,1,0,0,1,1,1,1,0x9f686c56,0x9f686c56,MATCH
mbox_client_txdone,0x02754ce4,KERNEL_OR_BUILTIN,,0,mtk_cmdq_drv_ext,1,1,0,1,0,0,1,1,1,1,0x02754ce4,0x02754ce4,MATCH
mbox_controller_register,0x41de95fc,KERNEL_OR_BUILTIN,,0,cmdq_sec_drv;mtk_cmdq_drv_ext,2,2,0,1,0,0,1,1,1,1,0x41de95fc,0x41de95fc,MATCH
mbox_controller_unregister,0x76ecfaad,KERNEL_OR_BUILTIN,,0,cmdq_sec_drv;mtk_cmdq_drv_ext,2,2,0,1,0,0,1,1,1,1,0x76ecfaad,0x76ecfaad,MATCH
mbox_free_channel,0x0e412be4,KERNEL_OR_BUILTIN,,0,mtk_cmdq_drv_ext,1,1,0,1,0,0,1,1,1,1,0x0e412be4,0x0e412be4,MATCH
mbox_request_channel,0x09f73d51,KERNEL_OR_BUILTIN,,0,mtk_cmdq_drv_ext,1,1,0,1,0,0,1,1,1,1,0x09f73d51,0x09f73d51,MATCH
mbox_send_message,0xe45e4550,KERNEL_OR_BUILTIN,,0,mtk_cmdq_drv_ext,1,1,0,1,0,0,1,1,1,1,0xe45e4550,0xe45e4550,MATCH
mdiobus_alloc_size,0xa8c549aa,KERNEL_OR_BUILTIN,,0,asix,1,1,0,1,0,0,1,1,1,1,0xa8c549aa,0xa8c549aa,MATCH
mdiobus_free,0x3f19d564,KERNEL_OR_BUILTIN,,0,asix,1,1,0,1,0,0,1,1,1,1,0x3f19d564,0x3f19d564,MATCH
mdiobus_get_phy,0x88535ab3,KERNEL_OR_BUILTIN,,0,asix,1,1,0,1,0,0,0,0,1,1,0x88535ab3,0x88535ab3,MATCH
mdiobus_unregister,0x89879ae8,KERNEL_OR_BUILTIN,,0,asix,1,1,0,1,0,0,1,1,1,1,0x89879ae8,0x89879ae8,MATCH
media_create_intf_link,0xd0376524,KERNEL_OR_BUILTIN,,0,mtk_imgsys_v4l2,1,1,0,1,0,0,1,1,1,1,0xd0376524,0xd0376524,MATCH
media_create_pad_link,0xe704b727,KERNEL_OR_BUILTIN,,0,mtk_cam_isp7sp;mtk_imgsys_v4l2,2,2,0,1,0,0,1,1,1,1,0xe704b727,0xe704b727,MATCH
media_device_cleanup,0x8ea982ec,KERNEL_OR_BUILTIN,,0,mtk_aie;mtk_cam_isp7sp;mtk_imgsys_v4l2,3,3,0,1,0,0,1,1,1,1,0x8ea982ec,0x8ea982ec,MATCH
media_device_init,0x9a4b2751,KERNEL_OR_BUILTIN,,0,camera_af_media;mtk_aie;mtk_cam_isp7sp;mtk_composite;mtk_imgsys_v4l2,5,5,0,1,0,0,1,1,1,1,0x9a4b2751,0x9a4b2751,MATCH
media_device_unregister,0x37bdb389,KERNEL_OR_BUILTIN,,0,camera_af_media;mtk_cam_isp7sp;mtk_composite;mtk_imgsys_v4l2,4,4,0,1,0,0,1,1,1,1,0x37bdb389,0x37bdb389,MATCH
media_devnode_create,0x3840cadd,KERNEL_OR_BUILTIN,,0,mtk_imgsys_v4l2,1,1,0,1,0,0,1,1,1,1,0x3840cadd,0x3840cadd,MATCH
media_devnode_remove,0x68238341,KERNEL_OR_BUILTIN,,0,mtk_imgsys_v4l2,1,1,0,1,0,0,1,1,1,1,0x68238341,0x68238341,MATCH
media_entity_pads_init,0xd2c7eba4,KERNEL_OR_BUILTIN,,0,aw36515;aw36518;aw36518_v2;camera_af_media;dw9781c;imgsensor;main2_vcm;main3_vcm;main4_vcm;main_vcm;mtk_cam_isp7sp;mtk_composite;mtk_imgsys_v4l2;sub_vcm,14,14,0,1,0,0,1,1,1,1,0xd2c7eba4,0xd2c7eba4,MATCH
media_entity_pipeline,0x370c8e16,KERNEL_OR_BUILTIN,,0,mtk_cam_isp7sp,1,1,0,1,0,0,0,0,1,1,0x370c8e16,0x370c8e16,MATCH
media_entity_remove_links,0xc1c112de,KERNEL_OR_BUILTIN,,0,mtk_imgsys_v4l2,1,1,0,1,0,0,1,1,1,1,0xc1c112de,0xc1c112de,MATCH
media_pad_remote_pad_first,0x13a7480d,KERNEL_OR_BUILTIN,,0,mtk_cam_isp7sp,1,1,0,1,0,0,0,0,1,1,0x13a7480d,0x13a7480d,MATCH
media_pad_remote_pad_unique,0x0ebc9f21,KERNEL_OR_BUILTIN,,0,mtk_cam_isp7sp,1,1,0,1,0,0,0,0,1,1,0x0ebc9f21,0x0ebc9f21,MATCH
media_pipeline_start,0xc27c4e2a,KERNEL_OR_BUILTIN,,0,mtk_cam_isp7sp;mtk_imgsys_v4l2,2,2,0,1,0,0,1,1,1,1,0xc27c4e2a,0xc27c4e2a,MATCH
media_pipeline_stop,0x35bd124d,KERNEL_OR_BUILTIN,,0,mtk_cam_isp7sp;mtk_imgsys_v4l2,2,2,0,1,0,0,1,1,1,1,0x35bd124d,0x35bd124d,MATCH
media_request_object_complete,0xc1aaf506,KERNEL_OR_BUILTIN,,0,mtk_cam_isp7sp,1,1,0,1,0,0,1,1,1,1,0xc1aaf506,0xc1aaf506,MATCH
media_request_put,0x03c9e25c,KERNEL_OR_BUILTIN,,0,mtk_cam_isp7sp;mtk_imgsys_v4l2,2,2,0,1,0,0,1,1,1,1,0x03c9e25c,0x03c9e25c,MATCH
mem_section,0xa3521253,KERNEL_OR_BUILTIN,,0,mmprofile,1,1,0,1,0,0,1,1,1,1,0xa3521253,0xa3521253,MATCH
memblock_end_of_DRAM,0x4c894766,KERNEL_OR_BUILTIN,,0,blocktag,1,1,0,1,0,0,1,1,1,1,0x4c894766,0x4c894766,MATCH
memchr,0xa07a37f0,KERNEL_OR_BUILTIN,,0,hbt;mali_kbase_mt6878_r44;tipc,3,3,0,1,0,0,1,1,1,1,0xa07a37f0,0xa07a37f0,MATCH
memchr_inv,0x8df92f66,KERNEL_OR_BUILTIN,,0,drm_display_helper,1,1,0,1,0,0,0,0,1,1,0x8df92f66,0x8df92f66,MATCH
memcmp,0x449ad0a7,KERNEL_OR_BUILTIN,,0,cfg80211;conninfra;wlan_drv_gen4m_6878,3,3,0,1,0,0,1,1,1,1,0x449ad0a7,0x449ad0a7,MATCH
memcpy,0x4829a47e,KERNEL_OR_BUILTIN,,0,6lowpan;8021q;8250_mtk;adsp;aee_aed;apu_top;apusys;aqc111;asix;audio_ipi;aw883xx_driver;ax88179_178a;blocktag;bluetooth;bootprof;bt_drv_6878;btqca;c2k_usb;camera_dpe_isp7sp;camera_eeprom_v4l2;can_bcm;can_gw;can_raw;ccci_dpmaif;ccci_md_all;ccci_util_lib;ccd_rpmsg;cdc_acm;cdc_ncm;cfg80211;cmdq_sec_drv;connadp;connfem;conninfra;connscp;cpufreq_sugov_ext;cqhci;drm_display_helper;emi_mpu;extdev_io_class;ffa_v10;flashlight;fmradio_drv_connac2x;focaltech_touch_spi_ft3680;fpsgo;frs;ged;gps_drv_dl_v051;gps_scp;gz_ipc_mod;gz_tz_system;gz_virtio_mod;hbt;hci_uart;hf_manager;hidp;hynitron;i2c_mt65xx;ieee802154;ieee802154_6lowpan;imgsensor;iommu_debug;kheaders;l2tp_core;mac80211;mac802154;mali_kbase_mt6878_r44;mddp;mdp_drv_mt6878;mediatek_cpufreq_hw;mediatek_drm;mediatek_drm_panel_drv;met;mmprofile;mmqos_common;monitor_hang;mrdump;mt6369_accdet;mt6375_battery;mt6375_charger;mtk_aie;mtk_btcvsd;mtk_c2ps;mtk_cam_isp7sp;mtk_ccuv;mtk_charger_framework;mtk_cmdq_drv_ext;mtk_core_ctl;mtk_dpc;mtk_fpsgo;mtk_gpufreq_mt6878;mtk_hcp;mtk_heap_debug;mtk_imgsys_cmdq;mtk_imgsys_isp7sp;mtk_imgsys_v4l2;mtk_lpm;mtk_lpm_dbg_common_v2;mtk_lpm_dbg_mt6878;mtk_mbraink;mtk_mdpm;mtk_mml;mtk_peak_power_budget;mtk_pep50;mtk_rpmsg_mbox;mtk_smi_dbg;mtk_ssc;mtk_swpm_dbg_v6878;mtk_sync;mtk_u_ether;mtk_uart_apdma;mtk_usb_f_rndis;mtk_vcodec_common;mtk_vcodec_dec_v1;mtk_vcodec_enc_v1;mtk_vcu;mtk_vow;mtu3;nfc;nvmem_mtk_devinfo;pinctrl_mtk_v2;powerhal_cpu_ctrl;ppp_mppe;r8152;rfcomm;rpmb_mtk;rt5133_regulator;sc851x_charger;sc8571_charger;scheduler;scp;sensorhub;sh366003_fg;slhc;smpu;snd_soc_audiodsp_common;snd_soc_mt6369;snd_soc_mt6878_afe;snd_soc_mtk_common;snd_soc_mtk_scp_ultra;snd_soc_tfa98xx;spi_mt65xx;spi_tiny_co5300_lcd;spmi_mtk_pmif;task_turbo;tcpc_class;tcpc_mt6375;thermal_interface;tipc;tkcore;trace_mmstat;uarthub_drv;ufs_mediatek_mod;usb_meta;usb_offload;usbnet;usbserial;vcp;wlan_drv_gen4m_6878;xhci_mtk_hcd_v2;yft_devinfo;yft_tpd_gesture;zram;zsmalloc,164,165,0,1,1,0,1,1,1,1,0x4829a47e,0x4829a47e,MATCH
memcpy_and_pad,0x697ed5f0,KERNEL_OR_BUILTIN,,0,bluetooth,1,2,0,0,0,0,0,0,0,0,0x697ed5f0,0x697ed5f0,MATCH
memdup_user,0x5dc263fd,KERNEL_OR_BUILTIN,,0,custom_ldo_wl2868;hidp;mali_kbase_mt6878_r44;st21nfc,4,4,0,1,0,0,1,1,1,1,0x5dc263fd,0x5dc263fd,MATCH
memmove,0x5a9f1d63,KERNEL_OR_BUILTIN,,0,asix;cdc_eem;mac80211;mali_kbase_mt6878_r44;mtk_fpsgo;mtk_mml;mtk_vow;slhc;wlan_drv_gen4m_6878,9,9,0,1,1,0,1,1,1,1,0x5a9f1d63,0x5a9f1d63,MATCH
memory_read_from_buffer,0x65e0d6d7,KERNEL_OR_BUILTIN,,0,emi;mediatek_drm;rpmb,3,3,0,1,0,0,1,1,1,1,0x65e0d6d7,0x65e0d6d7,MATCH
memparse,0x27864d57,KERNEL_OR_BUILTIN,,0,zram,1,1,0,1,0,0,1,1,1,1,0x27864d57,0x27864d57,MATCH
memremap,0x4d924f20,KERNEL_OR_BUILTIN,,0,apusys;atf_logger;gz_log_mod;mrdump,4,4,0,1,0,0,1,1,1,1,0x4d924f20,0x4d924f20,MATCH
memscan,0xf812cff6,KERNEL_OR_BUILTIN,,0,hidp,1,1,0,1,0,0,0,0,1,1,0xf812cff6,0xf812cff6,MATCH
memset,0xdcb764ad,KERNEL_OR_BUILTIN,,0,8250_mtk;adsp;aee_aed;aee_hangdet;aee_rs;apu_top;apusys;aqc111;audio_ipi;aw883xx_driver;blocktag;bluetooth;bootprof;bt_drv_6878;camera_dpe_isp7sp;camera_eeprom_v4l2;can_bcm;can_dev;can_gw;can_raw;ccci_ccif;ccci_dpmaif;ccci_md_all;ccci_util_lib;ccmni;cdc_ncm;cfg80211;clk_common;cmdq_sec_drv;cmdq_test;connfem;conninfra;connscp;cpudvfs;cpufreq_sugov_ext;cqhci;device_apc_common;drm_display_helper;dw9781c;emi_mpu;extdev_io_class;ffa_v10;fhctl;flashlight;fmradio_drv_connac2x;focaltech_touch_spi_ft3680;frs;ged;gps_drv_dl_v051;gps_scp;gz_main_mod;gz_trusty_mod;gz_tz_system;gz_virtio_mod;gzvm;hbt;hci_uart;hynitron;ieee802154_socket;imgsensor;iommu_debug;l2tp_core;l2tp_ppp;last_bus;lpm_gov_MHSP;mac80211;mac802154;main2_vcm;main3_vcm;main4_vcm;main_vcm;mali_dmabuf_test_mt6878_r44;mali_kbase_mt6878_r44;mcupm;md_cooling_all;mddp;mdp_drv_mt6878;mediatek_drm;mediatek_drm_panel_drv;met;microarray_fp_tee;mmprofile;monitor_hang;mrdump;mt6375_battery;mt6375_charger;mt6878_mt6369;mtk_aie;mtk_battery_oc_throttling;mtk_btcvsd;mtk_c2ps;mtk_cam_isp7sp;mtk_ccd_remoteproc;mtk_ccuv;mtk_cmdq_drv_ext;mtk_core_ctl;mtk_dpc;mtk_dramc;mtk_fpsgo;mtk_gpufreq_mt6878;mtk_gpufreq_wrapper;mtk_hcp;mtk_heap_debug;mtk_imgsys_cmdq;mtk_imgsys_v4l2;mtk_irtx_pwm;mtk_lpm;mtk_lpm_dbg_common_v2;mtk_lpm_dbg_mt6878;mtk_lpm_plat_v1;mtk_mbraink;mtk_mdpm;mtk_mmc;mtk_mmc_dbg;mtk_mml;mtk_pd_adapter;mtk_pd_charging;mtk_peak_power_budget;mtk_pep40;mtk_perf_common;mtk_perf_ioctl;mtk_perf_ioctl_magt;mtk_scp_audiocommon;mtk_sec_heap;mtk_smi_dbg;mtk_soc_offload_common;mtk_ssc;mtk_swpm;mtk_uart_apdma;mtk_vcodec_common;mtk_vcodec_dec_v1;mtk_vcodec_enc_v1;mtk_vcu;mtk_vow;nfc;pda_drv_mt6878;pidmap;powerhal_cpu_ctrl;ppp_generic;r8152;rfcomm;rpmb;rpmb_mtk;sapu;sc851x_charger;sc8571_charger;scheduler;scp;sec;sec_rng;sensorhub;smpu;snd_soc_audiodsp_common;snd_soc_mt6369;snd_soc_mtk_common;snd_soc_mtk_scp_ultra;snd_soc_tfa98xx;soc_temp_lvts;spi_mt65xx;spi_tiny_co5300_lcd;st21nfc;sub_vcm;system_heap;task_turbo;tcpc_class;teeperf;thermal_interface;thermal_trace;tipc;tkcore;tkcore_drv;tmem_ffa;touch_boost;uarthub_drv;ufs_mediatek_mod;uload_ind;usb_logger;usb_meta;usb_offload;vcp;widevine_driver;wlan_drv_gen4m_6878;wmt_chrdev_wifi_connac2;wwan;xhci_mtk_hcd_v2;yft_tpd_gesture,186,187,0,1,1,0,1,1,1,1,0xdcb764ad,0xdcb764ad,MATCH
memset64,0xed8a2d95,KERNEL_OR_BUILTIN,,0,zram,1,1,0,1,0,0,1,1,1,1,0xed8a2d95,0xed8a2d95,MATCH
memstart_addr,0x9688de8b,KERNEL_OR_BUILTIN,,0,aee_hangdet;apusys;blocktag;ccci_dpmaif;ccci_util_lib;cmdq_sec_drv;emi_fake_eng;ffa_v10;gz_ipc_mod;gz_log_mod;gz_main_mod;gz_virtio_mod;gzvm;iommu_debug;log_store;mali_dmabuf_test_mt6878_r44;mali_kbase_mt6878_r44;mali_mgm_mt6878_r44;mediatek_drm;microarray_fp_tee;mmprofile;mmqos_common;mrdump;mtk_cmdq_drv_ext;mtk_hcp;mtk_heap_debug;mtk_iommu;mtk_sec_heap;mtk_vcodec_dec_v1;mtk_vcodec_enc_v1;mtk_vcu;snd_soc_mtk_common;system_heap;tkcore;tkcore_drv;tmem_ffa;zsmalloc,37,37,0,1,0,0,1,1,1,1,0x9688de8b,0x9688de8b,MATCH
memunmap,0x9e9fdd9d,KERNEL_OR_BUILTIN,,0,atf_logger;gz_log_mod,2,2,0,1,0,0,1,1,1,1,0x9e9fdd9d,0x9e9fdd9d,MATCH
migrate_swap,0xb3b01563,KERNEL_OR_BUILTIN,,0,scheduler,1,1,0,1,0,0,1,1,1,1,0xb3b01563,0xb3b01563,MATCH
mipi_dsi_attach,0xbedc46e9,KERNEL_OR_BUILTIN,,0,mediatek_drm_panel_drv;panel_ky_vtdr6115_dphy_cmd,2,2,0,1,0,0,1,1,1,1,0xbedc46e9,0xbedc46e9,MATCH
mipi_dsi_dcs_read,0x9fb01bee,KERNEL_OR_BUILTIN,,0,mediatek_drm;mediatek_drm_panel_drv,2,2,0,1,0,0,1,1,1,1,0x9fb01bee,0x9fb01bee,MATCH
mipi_dsi_dcs_write,0x52e7077d,KERNEL_OR_BUILTIN,,0,mediatek_drm_panel_drv,1,1,0,1,0,0,1,1,1,1,0x52e7077d,0x52e7077d,MATCH
mipi_dsi_dcs_write_buffer,0x73643b50,KERNEL_OR_BUILTIN,,0,mediatek_drm;mediatek_drm_panel_drv;panel_ky_vtdr6115_dphy_cmd,3,3,0,1,0,0,1,1,1,1,0x73643b50,0x73643b50,MATCH
mipi_dsi_detach,0xbc909894,KERNEL_OR_BUILTIN,,0,mediatek_drm_panel_drv;panel_ky_vtdr6115_dphy_cmd,2,2,0,1,0,0,1,1,1,1,0xbc909894,0xbc909894,MATCH
mipi_dsi_driver_register_full,0x43e5149e,KERNEL_OR_BUILTIN,,0,mediatek_drm_panel_drv;panel_ky_vtdr6115_dphy_cmd,2,2,0,1,0,0,1,1,1,1,0x43e5149e,0x43e5149e,MATCH
mipi_dsi_driver_unregister,0xcf198e40,KERNEL_OR_BUILTIN,,0,mediatek_drm_panel_drv;panel_ky_vtdr6115_dphy_cmd,2,2,0,1,0,0,1,1,1,1,0xcf198e40,0xcf198e40,MATCH
mipi_dsi_generic_read,0xbac8079f,KERNEL_OR_BUILTIN,,0,mediatek_drm_panel_drv,1,1,0,1,0,0,1,1,1,1,0xbac8079f,0xbac8079f,MATCH
mipi_dsi_generic_write,0x90cea76b,KERNEL_OR_BUILTIN,,0,mediatek_drm_panel_drv;panel_ky_vtdr6115_dphy_cmd,2,2,0,1,0,0,1,1,1,1,0x90cea76b,0x90cea76b,MATCH
mipi_dsi_host_register,0x981c3d5b,KERNEL_OR_BUILTIN,,0,mediatek_drm,1,1,0,1,0,0,1,1,1,1,0x981c3d5b,0x981c3d5b,MATCH
mipi_dsi_host_unregister,0xe5a66718,KERNEL_OR_BUILTIN,,0,mediatek_drm,1,1,0,1,0,0,1,1,1,1,0xe5a66718,0xe5a66718,MATCH
misc_deregister,0x94a9d12b,KERNEL_OR_BUILTIN,,0,aee_aed;aee_rs;apusys;atf_logger;audio_ipi;aw883xx_driver;custom_ldo_wl2868;focaltech_touch_spi_ft3680;gz_main_mod;gzvm;hbt;mali_dmabuf_test_mt6878_r44;mali_kbase_mt6878_r44;mddp;met;monitor_hang;mtk_mml;rfkill;sapu;scp;snd_soc_mtk_common;spi_tiny_co5300_lcd;st21nfc;tkcore;uload_ind;usb_offload;vcp;wlan_drv_gen4m_6878;yft_tpd_gesture,29,29,0,1,0,0,1,1,1,1,0x94a9d12b,0x94a9d12b,MATCH
misc_register,0x06987aeb,KERNEL_OR_BUILTIN,,0,adsp;aee_aed;aee_rs;apusys;atf_logger;audio_ipi;aw883xx_driver;custom_ldo_wl2868;focaltech_touch_spi_ft3680;gpueb;gz_main_mod;gzvm;hbt;mali_dmabuf_test_mt6878_r44;mali_kbase_mt6878_r44;mcupm;mddp;mdp_drv_mt6878;met;mmprofile;monitor_hang;mtk_mml;mtk_scp_audiocommon;mtk_vow;rfkill;sapu;scp;snd_soc_mtk_common;spi_tiny_co5300_lcd;sspm_v3;st21nfc;tkcore;uload_ind;usb_offload;vcp;wlan_drv_gen4m_6878;yft_tpd_gesture,37,37,0,1,0,0,1,1,1,1,0x06987aeb,0x06987aeb,MATCH
mktime64,0x0fb2f8a4,KERNEL_OR_BUILTIN,,0,rtc_mt6685,1,1,0,1,0,0,1,1,1,1,0x0fb2f8a4,0x0fb2f8a4,MATCH
mmc_add_host,0xe08a16c5,KERNEL_OR_BUILTIN,,0,mtk_mmc,1,1,0,1,0,0,1,1,1,1,0xe08a16c5,0xe08a16c5,MATCH
mmc_alloc_host,0xf470ba66,KERNEL_OR_BUILTIN,,0,mtk_mmc,1,1,0,1,0,0,1,1,1,1,0xf470ba66,0xf470ba66,MATCH
mmc_can_gpio_cd,0xa2f4a473,KERNEL_OR_BUILTIN,,0,mtk_mmc,1,1,0,1,0,0,1,1,1,1,0xa2f4a473,0xa2f4a473,MATCH
mmc_cmdq_disable,0x2527a7d9,KERNEL_OR_BUILTIN,,0,rpmb_mtk,1,1,0,1,0,0,1,1,1,1,0x2527a7d9,0x2527a7d9,MATCH
mmc_cmdq_enable,0xe18334ac,KERNEL_OR_BUILTIN,,0,rpmb_mtk,1,1,0,1,0,0,1,1,1,1,0xe18334ac,0xe18334ac,MATCH
mmc_cqe_request_done,0xa9d3c029,KERNEL_OR_BUILTIN,,0,cqhci,1,1,0,1,0,0,1,1,1,1,0xa9d3c029,0xa9d3c029,MATCH
mmc_detect_change,0xdf826526,KERNEL_OR_BUILTIN,,0,mtk_mmc,1,1,0,1,0,0,1,1,1,1,0xdf826526,0xdf826526,MATCH
mmc_free_host,0x709558be,KERNEL_OR_BUILTIN,,0,mtk_mmc,1,1,0,1,0,0,1,1,1,1,0x709558be,0x709558be,MATCH
mmc_get_card,0x2fe2045b,KERNEL_OR_BUILTIN,,0,rpmb_mtk,1,1,0,1,0,0,1,1,1,1,0x2fe2045b,0x2fe2045b,MATCH
mmc_gpio_get_cd,0x84483808,KERNEL_OR_BUILTIN,,0,mtk_mmc,1,1,0,1,0,0,1,1,1,1,0x84483808,0x84483808,MATCH
mmc_gpio_get_ro,0x9d55a315,KERNEL_OR_BUILTIN,,0,mtk_mmc,1,1,0,1,0,0,1,1,1,1,0x9d55a315,0x9d55a315,MATCH
mmc_hw_reset,0xd030d11c,KERNEL_OR_BUILTIN,,0,mtk_mmc,1,1,0,1,0,0,1,1,1,1,0xd030d11c,0xd030d11c,MATCH
mmc_of_parse,0x8f1f9ba9,KERNEL_OR_BUILTIN,,0,mtk_mmc,1,1,0,1,0,0,1,1,1,1,0x8f1f9ba9,0x8f1f9ba9,MATCH
mmc_put_card,0xeb745592,KERNEL_OR_BUILTIN,,0,rpmb_mtk,1,1,0,1,0,0,1,1,1,1,0xeb745592,0xeb745592,MATCH
mmc_regulator_get_supply,0x05a87fee,KERNEL_OR_BUILTIN,,0,mtk_mmc,1,1,0,1,0,0,1,1,1,1,0x05a87fee,0x05a87fee,MATCH
mmc_regulator_set_ocr,0xec5037d6,KERNEL_OR_BUILTIN,,0,mtk_mmc,1,1,0,1,0,0,1,1,1,1,0xec5037d6,0xec5037d6,MATCH
mmc_regulator_set_vqmmc,0x4fc8f305,KERNEL_OR_BUILTIN,,0,mtk_mmc,1,1,0,1,0,0,1,1,1,1,0x4fc8f305,0x4fc8f305,MATCH
mmc_remove_host,0xbdd6dc92,KERNEL_OR_BUILTIN,,0,mtk_mmc,1,1,0,1,0,0,1,1,1,1,0xbdd6dc92,0xbdd6dc92,MATCH
mmc_request_done,0xd4221026,KERNEL_OR_BUILTIN,,0,mtk_mmc,1,1,0,1,0,0,1,1,1,1,0xd4221026,0xd4221026,MATCH
mmc_send_tuning,0xada47b9f,KERNEL_OR_BUILTIN,,0,mtk_mmc,1,1,0,1,0,0,1,1,1,1,0xada47b9f,0xada47b9f,MATCH
mmc_set_data_timeout,0xd89c304a,KERNEL_OR_BUILTIN,,0,rpmb_mtk,1,1,0,1,0,0,1,1,1,1,0xd89c304a,0xd89c304a,MATCH
mmc_switch,0xdb23e0af,KERNEL_OR_BUILTIN,,0,rpmb_mtk,1,1,0,1,0,0,1,1,1,1,0xdb23e0af,0xdb23e0af,MATCH
mmc_wait_for_req,0x0dda67d4,KERNEL_OR_BUILTIN,,0,rpmb_mtk,1,1,0,1,0,0,1,1,1,1,0x0dda67d4,0x0dda67d4,MATCH
mmput,0x97394d0c,KERNEL_OR_BUILTIN,,0,aee_aed;monitor_hang;mtk_heap_debug,3,3,0,1,0,0,1,1,1,1,0x97394d0c,0x97394d0c,MATCH
mod_delayed_work_on,0xc4f47221,KERNEL_OR_BUILTIN,,0,apusys;cfg80211;mali_kbase_mt6878_r44;mtk_core_ctl;mtk_mmc;mtk_pbm;pd_dbg_info;tcpc_class;tcpc_mt6375;thermal_trace;xhci_mtk_hcd_v2;yft_gpio_keys,12,12,0,1,0,0,1,1,1,1,0xc4f47221,0xc4f47221,MATCH
mod_node_page_state,0x3c27d6b1,KERNEL_OR_BUILTIN,,0,mali_kbase_mt6878_r44;mali_mgm_mt6878_r44;system_heap,3,3,0,1,0,0,0,0,1,1,0x3c27d6b1,0x3c27d6b1,MATCH
mod_timer,0x72cd0f7f,KERNEL_OR_BUILTIN,,0,apusys;can;ccci_ccif;ccci_dpmaif;cfg80211;cmdq_sec_drv;cmdq_test;conninfra;fmradio_drv_connac2x;gps_drv_dl_v051;hci_uart;hidp;mac80211;mali_kbase_mt6878_r44;mddp;mediatek_drm;mt6369_accdet;mtk_c2ps;mtk_cg_peak_power_throttling;mtk_cm_mgr_mt6878;mtk_cmdq_drv_ext;mtk_dpc;mtk_dynamic_loading_throttling;mtk_low_battery_throttling;mtk_lpm_dbg_common_v2;mtk_swpm_dbg_v6878;mtk_vcodec_dec_v1;nfc;rfcomm;scp;sensorhub;spmi_mtk_mpu;tipc;ufs_mediatek_mod;usbnet;vcp;wlan_drv_gen4m_6878;xhci_mtk_hcd_v2,38,38,0,1,0,0,1,1,1,1,0x72cd0f7f,0x72cd0f7f,MATCH
mod_timer_pending,0x8148b88e,KERNEL_OR_BUILTIN,,0,mtk_lpm_dbg_common_v2,1,1,0,1,0,0,1,1,1,1,0x8148b88e,0x8148b88e,MATCH
module_layout,0xea759d7f,KERNEL_OR_BUILTIN,,0,6lowpan;8021q;8250_mtk;adapter_class;adsp;aee_aed;aee_hangdet;aee_rs;apu_top;apusys;aqc111;arm_dsu_pmu;asix;atf_logger;audio_ipi;aw36515;aw36518;aw36518_v2;aw883xx_driver;ax88179_178a;backlight_cooling;blocktag;bluetooth;board_temp;bootprof;bsd_comp;bt_drv_6878;btbcm;btqca;btsdio;bus_parity;c2k_usb;c2k_usb_f_via_atc;c2k_usb_f_via_ets;c2k_usb_f_via_modem;c2ps_perf_ioctl;cache_parity;camera_af_media;camera_dpe_isp7sp;camera_eeprom_v4l2;can;can_bcm;can_dev;can_gw;can_raw;ccci_auxadc;ccci_ccif;ccci_dpmaif;ccci_fsm_scp;ccci_md_all;ccci_util_lib;ccd_rpmsg;ccmni;cdc_acm;cdc_eem;cdc_ether;cdc_ncm;cfg80211;charger_class;charger_cooling;clk_bringup;clk_chk_mt6878;clk_common;clk_dbg_mt6878;clk_disable_unused;clk_fmeter_mt6878;clk_mt6878;clk_mt6878_adsp;clk_mt6878_bus;clk_mt6878_cam;clk_mt6878_ccu;clk_mt6878_img;clk_mt6878_mdpsys;clk_mt6878_mmsys;clk_mt6878_peri;clk_mt6878_vcodec;clk_mt6878_vlp;clkbuf;cmdq_helper_inf;cmdq_platform_mt6878;cmdq_sec_drv;cmdq_test;connadp;connfem;conninfra;connscp;cpudvfs;cpufreq_sugov_ext;cpuqos_v3;cqhci;custom_ldo;custom_ldo_wl2868;dbg_error_flag;dbgtop_drm;device_apc_common;device_apc_mt6878;diag;drm_display_helper;drm_dma_helper;dw9781c;emi;emi_fake_eng;emi_mpu;extcon_mtk_usb;extdev_io_class;ffa_v10;fhctl;fingerprint;flashlight;fmradio_drv_connac2x;focaltech_touch_spi_ft3680;fpsgo;frs;ftdi_sio;ged;gps_drv_dl_v051;gps_pwr;gps_scp;gpueb;gz_ipc_mod;gz_irq_mod;gz_log_mod;gz_main_mod;gz_trusty_mod;gz_tz_system;gz_virtio_mod;gzvm;hbt;hci_uart;hf_manager;hidp;hynitron;i2c_mt65xx;ieee802154;ieee802154_6lowpan;ieee802154_socket;imgsensor;imgsensor_glue;industrialio_triggered_buffer;iommu_debug;iommu_secure;iommu_test;irq_dbg;kfifo_buf;kheaders;l2tp_core;l2tp_ppp;last_bus;leds_ln2403;leds_mtk;leds_mtk_disp;leds_rgb_aw2013;libarc4;load_track;log_store;lpm_gov_MHSP;mac80211;mac802154;main2_vcm;main3_vcm;main4_vcm;main_vcm;mali_dmabuf_test_mt6878_r44;mali_kbase_mt6878_r44;mali_mgm_mt6878_r44;mali_prot_alloc_mt6878_r44;mcupm;md_cooling_all;mddp;mdp_drv_mt6878;mediatek_cpufreq_hw;mediatek_drm;mediatek_drm_gateic;mediatek_drm_panel_drv;met;met_backlight_api;met_emi_api;met_gpu_adv_api;met_gpu_api;met_gpueb_api;met_ipi_api;met_mcupm_api;met_scmi_api;met_sspm_api;met_vcore_api;microarray_fp_tee;mii;mmprofile;mmqos_common;mmqos_mt6878;monitor_hang;mrdump;msync2_frd;mt6315_regulator;mt6338_core;mt6363_regulator;mt6369_accdet;mt6369_regulator;mt6375;mt6375_adc;mt6375_auxadc;mt6375_battery;mt6375_charger;mt6685_audclk;mt6685_core;mt6878_dcm;mt6878_mt6369;mtk_afe_external;mtk_aie;mtk_aie_debug_7sp_2;mtk_battery_oc_throttling;mtk_bp_thl;mtk_btcvsd;mtk_c2ps;mtk_cam_isp7sp;mtk_ccd_remoteproc;mtk_ccuv;mtk_cg_peak_power_throttling;mtk_charger_algorithm_class;mtk_charger_framework;mtk_chg_type_det;mtk_cm_ipi;mtk_cm_mgr;mtk_cm_mgr_mt6878;mtk_cmdq_drv_ext;mtk_composite;mtk_core_ctl;mtk_cpu_power_throttling;mtk_dcm;mtk_disp_notify;mtk_disp_sec;mtk_dpc;mtk_dramc;mtk_dvfsrc;mtk_dvfsrc_devfreq;mtk_dvfsrc_helper;mtk_dvfsrc_regulator;mtk_dvfsrc_start;mtk_dynamic_loading_throttling;mtk_emi;mtk_fpsgo;mtk_gpu_hal;mtk_gpu_power_throttling;mtk_gpu_qos;mtk_gpufreq_mt6878;mtk_gpufreq_wrapper;mtk_hcp;mtk_heap_debug;mtk_icc_core;mtk_imgsys_cmdq;mtk_imgsys_isp7sp;mtk_imgsys_v4l2;mtk_ioctl_powerhal;mtk_ioctl_touch_boost;mtk_iommu;mtk_ipesys_me;mtk_irtx_pwm;mtk_jpeg;mtk_low_battery_throttling;mtk_lpm;mtk_lpm_dbg_common_v2;mtk_lpm_dbg_mt6878;mtk_lpm_plat_v1;mtk_mbox;mtk_mbox_mailbox;mtk_mbraink;mtk_md_power_throttling;mtk_mdpm;mtk_mmc;mtk_mmc_dbg;mtk_mmdvfs;mtk_mmdvfs_debug;mtk_mmdvfs_ftrace;mtk_mmdvfs_v3;mtk_mmdvfs_v3_start;mtk_mminfra_debug;mtk_mminfra_imax;mtk_mml;mtk_mml_mt6878;mtk_panel_ext;mtk_pbm;mtk_pd_adapter;mtk_pd_charging;mtk_peak_power_budget;mtk_pep;mtk_pep40;mtk_pep50;mtk_perf_common;mtk_perf_ioctl;mtk_perf_ioctl_magt;mtk_pm_domain_disable_unused;mtk_pmic_keys;mtk_pmic_oc_debug;mtk_pmic_wrap;mtk_printk_ctrl;mtk_pwm;mtk_qos;mtk_rpmsg_mbox;mtk_scp_audiocommon;mtk_scp_ultra;mtk_scp_vow;mtk_scpsys;mtk_scpsys_bringup;mtk_scpsys_mt6878;mtk_sec_heap;mtk_slbc;mtk_smi;mtk_smi_dbg;mtk_soc_offload_common;mtk_socinfo;mtk_sp_spk_amp;mtk_spmi_pmic;mtk_spmi_pmic_adc;mtk_ssc;mtk_ssc_dbg_v2;mtk_swpm;mtk_swpm_cpu_dbg_v6878;mtk_swpm_dbg_common_v1;mtk_swpm_dbg_v6878;mtk_swpm_perf_arm_pmu;mtk_sync;mtk_tinysys_ipi;mtk_u_ether;mtk_uart_apdma;mtk_usb_f_rndis;mtk_vcodec_common;mtk_vcodec_dec_v1;mtk_vcodec_enc_v1;mtk_vcu;mtk_vmm_isp71_regulator;mtk_vmm_notifier;mtk_vmm_spm;mtk_vow;mtk_wdt;mtk_wp;mtu3;mux_switch;nfc;nhc_dest;nhc_fragment;nhc_hop;nhc_ipv6;nhc_mobility;nhc_routing;nhc_udp;nvmem_mt635x_efuse;nvmem_mtk_devinfo;panel_ky_vtdr6115_dphy_cmd;pd_chk_mt6878;pd_dbg_info;pda_drv_mt6878;phy_mtk_ufs;phy_mtk_xsphy;pidmap;pinctrl_mt6363;pinctrl_mt6878;pinctrl_mtk_common_v2_debug;pinctrl_mtk_v2;pmic_lbat_service;pmic_lvsys_notify;pmic_temp;powerhal_cpu_ctrl;ppp_deflate;ppp_generic;ppp_mppe;pppox;pptp;pwm_mtk_disp;r8152;r8153_ecm;reboot_mode;regulator_vibrator;reset_ti_syscon;rfcomm;rfkill;rpmb;rpmb_mtk;rps_perf;rt4831a_drv;rt5133_regulator;rt6160_regulator;rt_pd_manager;rtc_mt6685;rtl8150;sapu;sc851x_charger;sc8571_charger;scheduler;scheduler_ext;scp;sec;sec_rng;sensorhub;sh366003_fg;slcan;slhc;smpu;smpu_hook_v1;snd_soc_audiodsp_common;snd_soc_mt6369;snd_soc_mt6878_afe;snd_soc_mtk_common;snd_soc_mtk_scp_ultra;snd_soc_tfa98xx;soc_temp_lvts;spi_mt65xx;spi_tiny_co5300_lcd;spmi_mtk_mpu;spmi_mtk_pmif;sspm_v3;st21nfc;sub_vcm;syscon_reboot_mode;system_heap;task_turbo;tcpc_class;tcpc_mt6375;tcpci_late_sync;teeperf;thermal_generic_adc;thermal_interface;thermal_trace;timer_mediatek;tinysys_scmi;tipc;tkcore;tkcore_drv;tmem_ffa;touch_boost;trace_mmstat;tui_common;uarthub_drv;ufs_mediatek_dbg;ufs_mediatek_mod;uload_ind;usb_boost;usb_logger;usb_meta;usb_offload;usbnet;usbserial;vcan;vcp;vcp_status;vtskin_temp;widevine_driver;wifi_cooling;wlan_drv_gen4m_6878;wmt_chrdev_wifi_connac2;wwan;xhci_mtk_hcd_v2;yft_devinfo;yft_gpio_keys;yft_tiny2c_usb;yft_tpd_gesture;zram;zsmalloc,457,458,1,1,1,1,1,1,1,1,0xea759d7f,0xea759d7f,MATCH
module_put,0x28f42c1d,KERNEL_OR_BUILTIN,,0,bluetooth;can;mali_kbase_mt6878_r44;met;mtk_hcp;nfc;ppp_generic;pppox;rfcomm;tipc;tkcore;usbserial,12,13,0,1,0,0,1,1,1,1,0x28f42c1d,0x28f42c1d,MATCH
msleep,0xf9a482f9,KERNEL_OR_BUILTIN,,0,8250_mtk;adsp;aee_aed;apusys;asix;aw36515;aw36518;aw36518_v2;aw883xx_driver;ax88179_178a;bt_drv_6878;btbcm;btqca;ccci_dpmaif;ccci_fsm_scp;ccci_md_all;ccci_util_lib;clk_common;cmdq_sec_drv;cmdq_test;conninfra;connscp;custom_ldo_wl2868;drm_display_helper;fmradio_drv_connac2x;focaltech_touch_spi_ft3680;gz_trusty_mod;gz_tz_system;hci_uart;hynitron;mali_kbase_mt6878_r44;mddp;mediatek_drm;met;microarray_fp_tee;mmqos_common;monitor_hang;mt6375_auxadc;mt6375_battery;mt6375_charger;mtk_charger_framework;mtk_cmdq_drv_ext;mtk_lpm;mtk_lpm_dbg_common_v2;mtk_mmdvfs_debug;mtk_mmdvfs_v3;mtk_mmdvfs_v3_start;mtk_pep;mtk_pep40;mtk_pep50;mtk_smi;mtk_smi_dbg;mtk_vow;mtk_wp;panel_ky_vtdr6115_dphy_cmd;r8152;sc851x_charger;sc8571_charger;scp;sec;sh366003_fg;smpu;snd_soc_mtk_scp_ultra;snd_soc_tfa98xx;st21nfc;tcpc_mt6375;tmem_ffa;touch_boost;uarthub_drv;usb_boost;wlan_drv_gen4m_6878;wmt_chrdev_wifi_connac2;xhci_mtk_hcd_v2;yft_tiny2c_usb,74,74,0,1,0,0,1,1,1,1,0xf9a482f9,0xf9a482f9,MATCH
msleep_interruptible,0xcc5005fe,KERNEL_OR_BUILTIN,,0,cmdq_test;fmradio_drv_connac2x;mali_kbase_mt6878_r44;mediatek_drm;mtk_cmdq_drv_ext;snd_soc_tfa98xx,6,6,0,1,0,0,1,1,1,1,0xcc5005fe,0xcc5005fe,MATCH
mtree_load,0x32e8cfea,KERNEL_OR_BUILTIN,,0,gzvm;monitor_hang,2,2,0,1,0,0,0,0,1,1,0x32e8cfea,0x32e8cfea,MATCH
mul_u64_u64_div_u64,0x495231ea,KERNEL_OR_BUILTIN,,0,pwm_mtk_disp,1,1,0,1,0,0,1,1,1,1,0x495231ea,0x495231ea,MATCH
mutex_is_locked,0x819bebd4,KERNEL_OR_BUILTIN,,0,blocktag;drm_display_helper;gz_ipc_mod;load_track;mali_kbase_mt6878_r44;mtk_fpsgo;mtk_tinysys_ipi;tcpc_class;wlan_drv_gen4m_6878;wmt_chrdev_wifi_connac2;zram,11,11,0,1,0,0,1,1,1,1,0x819bebd4,0x819bebd4,MATCH
mutex_lock,0xd5977bfb,KERNEL_OR_BUILTIN,,0,8250_mtk;adapter_class;adsp;aee_aed;apu_top;apusys;asix;atf_logger;audio_ipi;aw36515;aw36518;aw36518_v2;aw883xx_driver;blocktag;bluetooth;bt_drv_6878;c2k_usb;camera_dpe_isp7sp;camera_eeprom_v4l2;can;ccci_fsm_scp;ccci_md_all;ccd_rpmsg;cdc_acm;cfg80211;charger_class;cmdq_sec_drv;cmdq_test;connadp;conninfra;connscp;cpufreq_sugov_ext;drm_display_helper;extdev_io_class;ffa_v10;flashlight;focaltech_touch_spi_ft3680;frs;ftdi_sio;ged;gps_drv_dl_v051;gpueb;gz_ipc_mod;gz_main_mod;gz_trusty_mod;gz_tz_system;gz_virtio_mod;gzvm;hbt;hci_uart;hf_manager;hidp;hynitron;imgsensor;kfifo_buf;l2tp_ppp;leds_ln2403;leds_mtk;leds_rgb_aw2013;load_track;mac80211;mac802154;mali_dmabuf_test_mt6878_r44;mali_kbase_mt6878_r44;mcupm;md_cooling_all;mddp;mdp_drv_mt6878;mediatek_drm;mediatek_drm_panel_drv;met;microarray_fp_tee;mmprofile;mmqos_common;monitor_hang;mt6369_accdet;mt6375;mt6375_adc;mt6375_auxadc;mt6375_battery;mt6375_charger;mtk_aie;mtk_c2ps;mtk_cam_isp7sp;mtk_ccd_remoteproc;mtk_ccuv;mtk_charger_algorithm_class;mtk_charger_framework;mtk_chg_type_det;mtk_cmdq_drv_ext;mtk_dcm;mtk_dpc;mtk_dvfsrc;mtk_dvfsrc_helper;mtk_dynamic_loading_throttling;mtk_fpsgo;mtk_gpu_hal;mtk_gpu_qos;mtk_gpufreq_mt6878;mtk_gpufreq_wrapper;mtk_hcp;mtk_heap_debug;mtk_icc_core;mtk_imgsys_cmdq;mtk_imgsys_v4l2;mtk_iommu;mtk_jpeg;mtk_low_battery_throttling;mtk_lpm;mtk_mbraink;mtk_mmdvfs;mtk_mmdvfs_v3;mtk_mml;mtk_panel_ext;mtk_pbm;mtk_pd_adapter;mtk_pd_charging;mtk_pep;mtk_pep40;mtk_pep50;mtk_perf_common;mtk_perf_ioctl_magt;mtk_pwm;mtk_qos;mtk_scp_audiocommon;mtk_sec_heap;mtk_soc_offload_common;mtk_spmi_pmic;mtk_spmi_pmic_adc;mtk_swpm;mtk_swpm_dbg_v6878;mtk_tinysys_ipi;mtk_uart_apdma;mtk_usb_f_rndis;mtk_vcodec_common;mtk_vcodec_dec_v1;mtk_vcodec_enc_v1;mtk_vcu;mtk_vmm_isp71_regulator;mtk_vmm_notifier;mtk_vow;mtu3;mux_switch;nfc;nvmem_mt635x_efuse;panel_ky_vtdr6115_dphy_cmd;pd_dbg_info;pda_drv_mt6878;pmic_lbat_service;pmic_lvsys_notify;powerhal_cpu_ctrl;ppp_generic;r8152;rfcomm;rfkill;rpmb;rps_perf;rtc_mt6685;sapu;scheduler;scp;sensorhub;sh366003_fg;snd_soc_audiodsp_common;snd_soc_mt6878_afe;snd_soc_mtk_common;snd_soc_tfa98xx;soc_temp_lvts;spi_tiny_co5300_lcd;spmi_mtk_pmif;sspm_v3;st21nfc;system_heap;tcpc_class;thermal_interface;thermal_trace;tkcore;tkcore_drv;tmem_ffa;touch_boost;ufs_mediatek_mod;uload_ind;usb_meta;usb_offload;usbnet;usbserial;vcp;wlan_drv_gen4m_6878;wmt_chrdev_wifi_connac2;wwan;xhci_mtk_hcd_v2;yft_gpio_keys;zram,193,194,0,1,1,0,1,1,1,1,0xd5977bfb,0xd5977bfb,MATCH
mutex_lock_interruptible,0x2c2067df,KERNEL_OR_BUILTIN,,0,gz_tz_system;hidp;kfifo_buf;mtk_jpeg,4,4,0,1,0,0,1,1,1,1,0x2c2067df,0x2c2067df,MATCH
mutex_lock_killable,0xbc532593,KERNEL_OR_BUILTIN,,0,bt_drv_6878;connscp;gps_drv_dl_v051;mtk_hcp;uarthub_drv,5,5,0,1,0,0,1,1,1,1,0xbc532593,0xbc532593,MATCH
mutex_trylock,0x203392c6,KERNEL_OR_BUILTIN,,0,adsp;apusys;conninfra;drm_display_helper;gps_drv_dl_v051;mali_kbase_mt6878_r44;met;mmprofile;mt6375_battery;mtk_dynamic_loading_throttling;mtk_scp_audiocommon;ppp_generic;r8152;tcpc_class;vcp;wlan_drv_gen4m_6878,16,16,0,1,1,0,1,1,1,1,0x203392c6,0x203392c6,MATCH
mutex_unlock,0xed55cabd,KERNEL_OR_BUILTIN,,0,8250_mtk;adapter_class;adsp;aee_aed;apu_top;apusys;asix;atf_logger;audio_ipi;aw36515;aw36518;aw36518_v2;aw883xx_driver;blocktag;bluetooth;bt_drv_6878;c2k_usb;camera_dpe_isp7sp;camera_eeprom_v4l2;can;ccci_fsm_scp;ccci_md_all;ccd_rpmsg;cdc_acm;cfg80211;charger_class;cmdq_sec_drv;cmdq_test;connadp;conninfra;connscp;cpufreq_sugov_ext;drm_display_helper;extdev_io_class;ffa_v10;flashlight;focaltech_touch_spi_ft3680;frs;ftdi_sio;ged;gps_drv_dl_v051;gpueb;gz_ipc_mod;gz_main_mod;gz_trusty_mod;gz_tz_system;gz_virtio_mod;gzvm;hbt;hci_uart;hf_manager;hidp;hynitron;imgsensor;kfifo_buf;l2tp_ppp;leds_ln2403;leds_mtk;leds_rgb_aw2013;load_track;mac80211;mac802154;mali_dmabuf_test_mt6878_r44;mali_kbase_mt6878_r44;mcupm;md_cooling_all;mddp;mdp_drv_mt6878;mediatek_drm;mediatek_drm_panel_drv;met;microarray_fp_tee;mmprofile;mmqos_common;monitor_hang;mt6369_accdet;mt6375;mt6375_adc;mt6375_auxadc;mt6375_battery;mt6375_charger;mtk_aie;mtk_c2ps;mtk_cam_isp7sp;mtk_ccd_remoteproc;mtk_ccuv;mtk_charger_algorithm_class;mtk_charger_framework;mtk_chg_type_det;mtk_cmdq_drv_ext;mtk_dcm;mtk_dpc;mtk_dvfsrc;mtk_dvfsrc_helper;mtk_dynamic_loading_throttling;mtk_fpsgo;mtk_gpu_hal;mtk_gpu_qos;mtk_gpufreq_mt6878;mtk_gpufreq_wrapper;mtk_hcp;mtk_heap_debug;mtk_icc_core;mtk_imgsys_cmdq;mtk_imgsys_v4l2;mtk_iommu;mtk_jpeg;mtk_low_battery_throttling;mtk_lpm;mtk_mbraink;mtk_mmdvfs;mtk_mmdvfs_v3;mtk_mml;mtk_panel_ext;mtk_pbm;mtk_pd_adapter;mtk_pd_charging;mtk_pep;mtk_pep40;mtk_pep50;mtk_perf_common;mtk_perf_ioctl_magt;mtk_pwm;mtk_qos;mtk_scp_audiocommon;mtk_sec_heap;mtk_soc_offload_common;mtk_spmi_pmic;mtk_spmi_pmic_adc;mtk_swpm;mtk_swpm_dbg_v6878;mtk_tinysys_ipi;mtk_uart_apdma;mtk_usb_f_rndis;mtk_vcodec_common;mtk_vcodec_dec_v1;mtk_vcodec_enc_v1;mtk_vcu;mtk_vmm_isp71_regulator;mtk_vmm_notifier;mtk_vow;mtu3;mux_switch;nfc;nvmem_mt635x_efuse;panel_ky_vtdr6115_dphy_cmd;pd_dbg_info;pda_drv_mt6878;pmic_lbat_service;pmic_lvsys_notify;powerhal_cpu_ctrl;ppp_generic;r8152;rfcomm;rfkill;rpmb;rps_perf;rtc_mt6685;sapu;scheduler;scp;sensorhub;sh366003_fg;snd_soc_audiodsp_common;snd_soc_mt6878_afe;snd_soc_mtk_common;snd_soc_tfa98xx;soc_temp_lvts;spi_tiny_co5300_lcd;spmi_mtk_pmif;sspm_v3;st21nfc;system_heap;tcpc_class;thermal_interface;thermal_trace;tkcore;tkcore_drv;tmem_ffa;touch_boost;uarthub_drv;ufs_mediatek_mod;uload_ind;usb_meta;usb_offload;usbnet;usbserial;vcp;wlan_drv_gen4m_6878;wmt_chrdev_wifi_connac2;wwan;xhci_mtk_hcd_v2;yft_gpio_keys;zram,194,195,0,1,1,0,1,1,1,1,0xed55cabd,0xed55cabd,MATCH
n_tty_ioctl_helper,0x32c5a9bf,KERNEL_OR_BUILTIN,,0,hci_uart,1,1,0,1,0,0,1,1,1,1,0x32c5a9bf,0x32c5a9bf,MATCH
napi_complete_done,0xdfaca303,KERNEL_OR_BUILTIN,,0,can_dev;r8152;wlan_drv_gen4m_6878,3,3,0,1,0,0,1,1,1,1,0xdfaca303,0xdfaca303,MATCH
napi_disable,0x7f9a71db,KERNEL_OR_BUILTIN,,0,ccmni;r8152;wlan_drv_gen4m_6878,3,3,0,1,0,0,1,1,1,1,0x7f9a71db,0x7f9a71db,MATCH
napi_enable,0x39b1be5a,KERNEL_OR_BUILTIN,,0,can_dev;ccmni;r8152;wlan_drv_gen4m_6878,4,4,0,1,0,0,1,1,1,1,0x39b1be5a,0x39b1be5a,MATCH
napi_gro_flush,0x20d9ab00,KERNEL_OR_BUILTIN,,0,ccmni;wlan_drv_gen4m_6878,2,2,0,1,0,0,1,1,1,1,0x20d9ab00,0x20d9ab00,MATCH
napi_gro_receive,0xa02f0ec2,KERNEL_OR_BUILTIN,,0,ccmni;mac80211;r8152;wlan_drv_gen4m_6878,4,4,0,1,0,0,1,1,1,1,0xa02f0ec2,0xa02f0ec2,MATCH
napi_schedule_prep,0x74dc6705,KERNEL_OR_BUILTIN,,0,can_dev;ccmni;r8152;wlan_drv_gen4m_6878,4,4,0,1,0,0,1,1,1,1,0x74dc6705,0x74dc6705,MATCH
nd_tbl,0x137f0168,KERNEL_OR_BUILTIN,,0,ieee802154_6lowpan;mddp,2,2,0,1,0,0,1,1,1,1,0x137f0168,0x137f0168,MATCH
neigh_destroy,0xf9a35910,KERNEL_OR_BUILTIN,,0,ieee802154_6lowpan;mddp,2,2,0,1,0,0,1,1,1,1,0xf9a35910,0xf9a35910,MATCH
neigh_lookup,0x58bcf44b,KERNEL_OR_BUILTIN,,0,ieee802154_6lowpan;mddp,2,2,0,1,0,0,1,1,1,1,0x58bcf44b,0x58bcf44b,MATCH
net_namespace_list,0x6d2fc5a6,KERNEL_OR_BUILTIN,,0,thermal_trace;tipc,2,2,0,1,0,0,1,1,1,1,0x6d2fc5a6,0x6d2fc5a6,MATCH
net_ns_type_operations,0x8896b0fb,KERNEL_OR_BUILTIN,,0,cfg80211,1,1,0,1,0,0,0,0,1,1,0x8896b0fb,0x8896b0fb,MATCH
net_ratelimit,0xf6ebc03b,KERNEL_OR_BUILTIN,,0,ieee802154_6lowpan;mac80211;ppp_generic;r8152,4,4,0,1,0,0,0,0,1,1,0xf6ebc03b,0xf6ebc03b,MATCH
net_selftest,0xfd587d2a,KERNEL_OR_BUILTIN,,0,asix,1,1,0,1,0,0,1,1,1,1,0xfd587d2a,0xfd587d2a,MATCH
net_selftest_get_count,0x8e6b1a9e,KERNEL_OR_BUILTIN,,0,asix,1,1,0,1,0,0,1,1,1,1,0x8e6b1a9e,0x8e6b1a9e,MATCH
net_selftest_get_strings,0xc090c376,KERNEL_OR_BUILTIN,,0,asix,1,1,0,1,0,0,1,1,1,1,0xc090c376,0xc090c376,MATCH
netdev_err,0xb16a3d6d,KERNEL_OR_BUILTIN,,0,asix;ax88179_178a;can_dev;ccmni;cdc_ether;cfg80211;ppp_generic;r8152;slcan;usbnet,10,10,0,1,0,0,1,1,1,1,0xb16a3d6d,0xb16a3d6d,MATCH
netdev_info,0x10ea702c,KERNEL_OR_BUILTIN,,0,aqc111;asix;ax88179_178a;can_dev;ccmni;mac80211;mii;r8152;slcan;usbnet,10,10,0,1,0,0,1,1,1,1,0x10ea702c,0x10ea702c,MATCH
netdev_name_in_use,0x3b26056f,KERNEL_OR_BUILTIN,,0,ppp_generic,1,1,0,1,0,0,0,0,1,1,0x3b26056f,0x3b26056f,MATCH
netdev_notice,0xe416664f,KERNEL_OR_BUILTIN,,0,r8152;rtl8150,2,2,0,1,0,0,0,0,1,1,0xe416664f,0xe416664f,MATCH
netdev_printk,0xd7cebfd3,KERNEL_OR_BUILTIN,,0,ppp_generic;slcan,2,2,0,1,0,0,0,0,1,1,0xd7cebfd3,0xd7cebfd3,MATCH
netdev_set_default_ethtool_ops,0x83fe02f2,KERNEL_OR_BUILTIN,,0,mac80211,1,1,0,1,0,0,0,0,1,1,0x83fe02f2,0x83fe02f2,MATCH
netdev_update_features,0xe23f3795,KERNEL_OR_BUILTIN,,0,8021q,1,1,0,1,0,0,0,0,1,1,0xe23f3795,0xe23f3795,MATCH
netdev_upper_dev_link,0x201c1c74,KERNEL_OR_BUILTIN,,0,8021q,1,1,0,1,0,0,0,0,1,1,0x201c1c74,0x201c1c74,MATCH
netdev_upper_dev_unlink,0x52637a4b,KERNEL_OR_BUILTIN,,0,8021q,1,1,0,1,0,0,0,0,1,1,0x52637a4b,0x52637a4b,MATCH
netdev_warn,0x727ebc1b,KERNEL_OR_BUILTIN,,0,6lowpan;8021q;aqc111;asix;ax88179_178a;can_dev;cdc_eem;mac802154;r8152;slcan;tipc,11,11,0,1,0,0,1,1,1,1,0x727ebc1b,0x727ebc1b,MATCH
netif_carrier_off,0x6508739f,KERNEL_OR_BUILTIN,,0,8021q;aqc111;can_dev;ccmni;cdc_ether;mac80211;mii;mtk_u_ether;mtk_usb_f_rndis;r8152;rtl8150;usbnet;wlan_drv_gen4m_6878,13,13,0,1,0,0,1,1,1,1,0x6508739f,0x6508739f,MATCH
netif_carrier_on,0x560a9ddb,KERNEL_OR_BUILTIN,,0,8021q;aqc111;ax88179_178a;can_dev;ccmni;mac80211;mii;mtk_u_ether;mtk_usb_f_rndis;r8152;rtl8150;usbnet;wlan_drv_gen4m_6878,13,13,0,1,0,0,1,1,1,1,0x560a9ddb,0x560a9ddb,MATCH
netif_device_attach,0x97bc586d,KERNEL_OR_BUILTIN,,0,r8152;rtl8150;usbnet;wlan_drv_gen4m_6878,4,4,0,1,0,0,1,1,1,1,0x97bc586d,0x97bc586d,MATCH
netif_device_detach,0x6b79f44e,KERNEL_OR_BUILTIN,,0,r8152;rtl8150;usbnet;wlan_drv_gen4m_6878,4,4,0,1,0,0,1,1,1,1,0x6b79f44e,0x6b79f44e,MATCH
netif_inherit_tso_max,0xb61316b4,KERNEL_OR_BUILTIN,,0,8021q,1,1,0,1,0,0,0,0,1,1,0xb61316b4,0xb61316b4,MATCH
netif_napi_add_weight,0x9d31b4d5,KERNEL_OR_BUILTIN,,0,can_dev;ccmni;r8152;wlan_drv_gen4m_6878,4,4,0,1,0,0,0,0,1,1,0x9d31b4d5,0x9d31b4d5,MATCH
netif_receive_skb,0x373b061c,KERNEL_OR_BUILTIN,,0,can_dev;ccmni;mac80211;mac802154,4,4,0,1,0,0,1,1,1,1,0x373b061c,0x373b061c,MATCH
netif_receive_skb_list,0x6b8bf149,KERNEL_OR_BUILTIN,,0,ccmni;mac80211,2,2,0,1,0,0,1,1,1,1,0x6b8bf149,0x6b8bf149,MATCH
netif_rx,0x67e9e82a,KERNEL_OR_BUILTIN,,0,can;can_dev;ccmni;cfg80211;ieee802154_6lowpan;mac80211;mtk_u_ether;ppp_generic;rtl8150;slcan;tipc;usbnet;vcan;wlan_drv_gen4m_6878,14,14,0,1,0,0,1,1,1,1,0x67e9e82a,0x67e9e82a,MATCH
netif_set_tso_max_size,0x09ce7baa,KERNEL_OR_BUILTIN,,0,aqc111;ax88179_178a;r8152,3,3,0,1,0,0,0,0,1,1,0x09ce7baa,0x09ce7baa,MATCH
netif_stacked_transfer_operstate,0xe1c8c3b8,KERNEL_OR_BUILTIN,,0,8021q,1,1,0,1,0,0,0,0,1,1,0xe1c8c3b8,0xe1c8c3b8,MATCH
netif_tx_lock,0xa0493d72,KERNEL_OR_BUILTIN,,0,cdc_ncm;r8152,2,2,0,1,0,0,0,0,1,1,0xa0493d72,0xa0493d72,MATCH
netif_tx_stop_all_queues,0x926aa810,KERNEL_OR_BUILTIN,,0,mac80211;wlan_drv_gen4m_6878,2,2,0,1,0,0,1,1,1,1,0x926aa810,0x926aa810,MATCH
netif_tx_unlock,0xfc1a4b98,KERNEL_OR_BUILTIN,,0,cdc_ncm;r8152,2,2,0,1,0,0,0,0,1,1,0xfc1a4b98,0xfc1a4b98,MATCH
netif_tx_wake_queue,0xd329fbdd,KERNEL_OR_BUILTIN,,0,ccmni;mac80211;mac802154;mddp;mtk_u_ether;mtk_usb_f_rndis;ppp_generic;r8152;rtl8150;slcan;usbnet;wlan_drv_gen4m_6878,12,12,0,1,0,0,1,1,1,1,0xd329fbdd,0xd329fbdd,MATCH
netlink_broadcast,0x65ceed0f,KERNEL_OR_BUILTIN,,0,cfg80211;ieee802154;nfc;wlan_drv_gen4m_6878,4,4,0,1,0,0,1,1,1,1,0x65ceed0f,0x65ceed0f,MATCH
netlink_capable,0xbfa0b419,KERNEL_OR_BUILTIN,,0,can_gw,1,1,0,1,0,0,0,0,1,1,0xbfa0b419,0xbfa0b419,MATCH
netlink_kernel_release,0x34aa9854,KERNEL_OR_BUILTIN,,0,wlan_drv_gen4m_6878,1,1,0,1,0,0,1,1,1,1,0x34aa9854,0x34aa9854,MATCH
netlink_net_capable,0xa30ee563,KERNEL_OR_BUILTIN,,0,tipc,1,1,0,1,0,0,0,0,1,1,0xa30ee563,0xa30ee563,MATCH
netlink_register_notifier,0xfa599bb2,KERNEL_OR_BUILTIN,,0,cfg80211;nfc,2,2,0,1,0,0,0,0,1,1,0xfa599bb2,0xfa599bb2,MATCH
netlink_unicast,0xd0083f21,KERNEL_OR_BUILTIN,,0,cfg80211;conninfra;frs;ieee802154;mt6375_battery;mtk_mbraink;nfc;thermal_interface;tipc,9,9,0,1,0,0,1,1,1,1,0xd0083f21,0xd0083f21,MATCH
netlink_unregister_notifier,0xdf54a8f7,KERNEL_OR_BUILTIN,,0,cfg80211;nfc,2,2,0,1,0,0,0,0,1,1,0xdf54a8f7,0xdf54a8f7,MATCH
nf_conntrack_destroy,0xd2800691,KERNEL_OR_BUILTIN,,0,l2tp_core;pptp,2,2,0,1,0,0,0,0,1,1,0xd2800691,0xd2800691,MATCH
nf_register_net_hooks,0x2adc0ac4,KERNEL_OR_BUILTIN,,0,mddp,1,1,0,1,0,0,1,1,1,1,0x2adc0ac4,0x2adc0ac4,MATCH
nf_unregister_net_hooks,0xc559e9aa,KERNEL_OR_BUILTIN,,0,mddp,1,1,0,1,0,0,1,1,1,1,0xc559e9aa,0xc559e9aa,MATCH
nla_find,0xcd279169,KERNEL_OR_BUILTIN,,0,cfg80211,1,1,0,1,0,0,0,0,1,1,0xcd279169,0xcd279169,MATCH
nla_memcpy,0xf1db1704,KERNEL_OR_BUILTIN,,0,can_gw;cfg80211;ieee802154;tipc,4,4,0,1,0,0,0,0,1,1,0xf1db1704,0xf1db1704,MATCH
nla_put,0x6914cece,KERNEL_OR_BUILTIN,,0,8021q;can_dev;can_gw;cfg80211;conninfra;ieee802154;mtk_mbraink;nfc;thermal_interface;tipc;wlan_drv_gen4m_6878;wwan,12,12,0,1,0,0,1,1,1,1,0x6914cece,0x6914cece,MATCH
nla_put_64bit,0xaabad31a,KERNEL_OR_BUILTIN,,0,cfg80211;ieee802154;tipc,3,3,0,1,0,0,0,0,1,1,0xaabad31a,0xaabad31a,MATCH
nla_put_nohdr,0x3663d775,KERNEL_OR_BUILTIN,,0,wlan_drv_gen4m_6878,1,1,0,1,0,0,1,1,1,1,0x3663d775,0x3663d775,MATCH
nla_reserve,0x3519f3e2,KERNEL_OR_BUILTIN,,0,cfg80211,1,1,0,1,0,0,0,0,1,1,0x3519f3e2,0x3519f3e2,MATCH
nla_strscpy,0x84823cf3,KERNEL_OR_BUILTIN,,0,ieee802154;nfc;tipc;wlan_drv_gen4m_6878,4,4,0,1,0,0,1,1,1,1,0x84823cf3,0x84823cf3,MATCH
nonseekable_open,0x33534e04,KERNEL_OR_BUILTIN,,0,adsp;apusys;atf_logger;ccci_md_all;ccci_util_lib;gps_drv_dl_v051;gpueb;gz_log_mod;hf_manager;mali_kbase_mt6878_r44;mcupm;mtk_scp_audiocommon;sspm_v3;tkcore;yft_tpd_gesture,15,15,0,1,0,0,1,1,1,1,0x33534e04,0x33534e04,MATCH
noop_llseek,0x4361c86a,KERNEL_OR_BUILTIN,,0,gzvm;ppp_generic;wwan,3,3,0,1,0,0,0,0,1,1,0x4361c86a,0x4361c86a,MATCH
nr_cpu_ids,0x017de3d5,KERNEL_OR_BUILTIN,,0,8021q;aee_aed;aee_hangdet;apusys;arm_dsu_pmu;blocktag;cache_parity;ccci_dpmaif;cpufreq_sugov_ext;gz_ipc_mod;gz_irq_mod;gz_trusty_mod;gz_tz_system;gz_virtio_mod;load_track;lpm_gov_MHSP;mac80211;mediatek_cpufreq_hw;mediatek_drm;met;mrdump;mtk_c2ps;mtk_cg_peak_power_throttling;mtk_cm_mgr;mtk_core_ctl;mtk_cpu_power_throttling;mtk_fpsgo;mtk_lpm;mtk_lpm_dbg_common_v2;mtk_lpm_plat_v1;mtk_mbraink;mtk_pbm;mtk_perf_common;mtk_perf_ioctl_magt;mtk_swpm_dbg_common_v1;mtk_swpm_perf_arm_pmu;powerhal_cpu_ctrl;ppp_generic;rps_perf;rtc_mt6685;scheduler;task_turbo;thermal_interface;thermal_trace;tipc;tkcore;tkcore_drv;touch_boost;trace_mmstat;ufs_mediatek_mod;uload_ind;usb_boost;usbnet;wlan_drv_gen4m_6878;zram,55,55,0,1,0,0,1,1,1,1,0x017de3d5,0x017de3d5,MATCH
nr_ipi_get,0x215054f8,KERNEL_OR_BUILTIN,,0,aee_hangdet,1,1,0,1,0,0,0,0,1,1,0x215054f8,0x215054f8,MATCH
nr_irqs,0xcdca3691,KERNEL_OR_BUILTIN,,0,aee_hangdet,1,1,0,1,0,0,0,0,1,1,0xcdca3691,0xcdca3691,MATCH
nr_swap_pages,0xa0d3456d,KERNEL_OR_BUILTIN,,0,trace_mmstat,1,1,0,1,0,0,0,0,1,1,0xa0d3456d,0xa0d3456d,MATCH
ns_capable,0x4ed6a2f5,KERNEL_OR_BUILTIN,,0,8021q;ieee802154_socket;nfc;ppp_generic,4,4,0,1,0,0,0,0,1,1,0x4ed6a2f5,0x4ed6a2f5,MATCH
ns_to_kernel_old_timeval,0x6b853d06,KERNEL_OR_BUILTIN,,0,bluetooth,1,2,0,1,0,0,0,0,1,1,0x6b853d06,0x6b853d06,MATCH
ns_to_timespec64,0x65929cae,KERNEL_OR_BUILTIN,,0,mediatek_drm;mt6375_battery;mtk_charger_framework;mtk_mml;mtk_mml_mt6878;mtk_pep50;mtk_vcodec_dec_v1;spi_tiny_co5300_lcd;ufs_mediatek_dbg;wlan_drv_gen4m_6878,10,10,0,1,0,0,1,1,1,1,0x65929cae,0x65929cae,MATCH
nsec_to_clock_t,0xd0d036a6,KERNEL_OR_BUILTIN,,0,mtk_mbraink,1,1,0,1,0,0,0,0,1,1,0xd0d036a6,0xd0d036a6,MATCH
nsecs_to_jiffies,0xffae8e8b,KERNEL_OR_BUILTIN,,0,mtk_btcvsd;mtk_tinysys_ipi;mtk_vcodec_dec_v1;tcpc_class,4,4,0,1,0,0,1,1,1,1,0xffae8e8b,0xffae8e8b,MATCH
nvmem_cell_get,0x596bea40,KERNEL_OR_BUILTIN,,0,ged;hci_uart;mediatek_drm;mt6375_battery;mtk_cam_isp7sp;mtk_cg_peak_power_throttling;snd_soc_mt6878_afe;soc_temp_lvts,8,8,0,1,0,0,1,1,1,1,0x596bea40,0x596bea40,MATCH
nvmem_cell_put,0x85540ebc,KERNEL_OR_BUILTIN,,0,ged;hci_uart;mediatek_drm;mt6375_battery;mtk_cam_isp7sp;mtk_cg_peak_power_throttling;pmic_temp;snd_soc_mt6878_afe;soc_temp_lvts,9,9,0,1,0,0,1,1,1,1,0x85540ebc,0x85540ebc,MATCH
nvmem_cell_read,0x99f018c4,KERNEL_OR_BUILTIN,,0,ged;hci_uart;mediatek_drm;mt6375_battery;mtk_cam_isp7sp;mtk_cg_peak_power_throttling;pmic_temp;snd_soc_mt6878_afe;soc_temp_lvts,9,9,0,1,0,0,1,1,1,1,0x99f018c4,0x99f018c4,MATCH
nvmem_cell_read_u32,0x44ec2a22,KERNEL_OR_BUILTIN,,0,phy_mtk_xsphy,1,1,0,1,0,0,1,1,1,1,0x44ec2a22,0x44ec2a22,MATCH
nvmem_cell_write,0x202d4ed6,KERNEL_OR_BUILTIN,,0,mt6375_battery,1,1,0,1,0,0,1,1,1,1,0x202d4ed6,0x202d4ed6,MATCH
nvmem_device_read,0xc697b0f7,KERNEL_OR_BUILTIN,,0,mt6369_accdet;pmic_temp;snd_soc_mt6369,3,3,0,1,0,0,1,1,1,1,0xc697b0f7,0xc697b0f7,MATCH
of_address_to_resource,0x3620741f,KERNEL_OR_BUILTIN,,0,bt_drv_6878;cmdq_test;conninfra;ged;mdp_drv_mt6878;mediatek_drm;mtk_imgsys_isp7sp;mtk_imgsys_v4l2;mtk_lpm;mtk_mbox_mailbox;mtk_mml;phy_mtk_xsphy;wlan_drv_gen4m_6878,13,13,0,1,0,0,1,1,1,1,0x3620741f,0x3620741f,MATCH
of_alias_get_id,0xa734d448,KERNEL_OR_BUILTIN,,0,mediatek_drm;mtk_mml;usb_offload,3,3,0,1,0,0,1,1,1,1,0xa734d448,0xa734d448,MATCH
of_clk_add_provider,0xd3f515ad,KERNEL_OR_BUILTIN,,0,clk_common;clk_mt6878;mediatek_drm;mtk_mmdvfs_v3,4,4,0,1,0,0,1,1,1,1,0xd3f515ad,0xd3f515ad,MATCH
of_clk_del_provider,0xa9973baa,KERNEL_OR_BUILTIN,,0,mediatek_drm,1,1,0,1,0,0,1,1,1,1,0xa9973baa,0xa9973baa,MATCH
of_clk_get,0xea0caa6e,KERNEL_OR_BUILTIN,,0,clk_bringup;clk_disable_unused;mali_kbase_mt6878_r44;mediatek_drm;mtk_cam_isp7sp;mtk_mmdvfs_v3;mtk_mml,7,7,0,1,0,0,1,1,1,1,0xea0caa6e,0xea0caa6e,MATCH
of_clk_get_by_name,0x32746295,KERNEL_OR_BUILTIN,,0,mdp_drv_mt6878;mediatek_drm;mtk_mml;tkcore,4,4,0,1,0,0,1,1,1,1,0x32746295,0x32746295,MATCH
of_clk_get_from_provider,0x0244fba4,KERNEL_OR_BUILTIN,,0,apu_top;clk_common,2,2,0,1,0,0,1,1,1,1,0x0244fba4,0x0244fba4,MATCH
of_clk_src_onecell_get,0x296dd097,KERNEL_OR_BUILTIN,,0,clk_common;clk_mt6878;mtk_mmdvfs_v3,3,3,0,1,0,0,1,1,1,1,0x296dd097,0x296dd097,MATCH
of_clk_src_simple_get,0x4d8eb188,KERNEL_OR_BUILTIN,,0,mediatek_drm,1,1,0,1,0,0,1,1,1,1,0x4d8eb188,0x4d8eb188,MATCH
of_count_phandle_with_args,0xc34e95f5,KERNEL_OR_BUILTIN,,0,apu_top;arm_dsu_pmu;clk_bringup;clk_disable_unused;connfem;dbg_error_flag;mdp_drv_mt6878;mmqos_common;mtk_cam_isp7sp;mtk_cm_mgr;mtk_cm_mgr_mt6878;mtk_cmdq_drv_ext;mtk_dvfsrc_helper;mtk_imgsys_v4l2;mtk_iommu;mtk_ipesys_me;mtk_lpm_dbg_common_v2;mtk_mml;mtk_scpsys;mtu3;pda_drv_mt6878,21,21,0,1,0,0,1,1,1,1,0xc34e95f5,0xc34e95f5,MATCH
of_cpu_node_to_id,0xf3c0f231,KERNEL_OR_BUILTIN,,0,arm_dsu_pmu,1,1,0,1,0,0,1,1,1,1,0xf3c0f231,0xf3c0f231,MATCH
of_devfreq_cooling_register_power,0x978d697a,KERNEL_OR_BUILTIN,,0,mali_kbase_mt6878_r44,1,1,0,1,0,0,1,1,1,1,0x978d697a,0x978d697a,MATCH
of_device_get_match_data,0xb1bf4b3e,KERNEL_OR_BUILTIN,,0,8250_mtk;apu_top;apusys;board_temp;cache_parity;charger_cooling;clk_bringup;clk_common;clk_mt6878;connfem;conninfra;emi;i2c_mt65xx;iommu_debug;leds_mtk_disp;mediatek_cpufreq_hw;mediatek_drm;mmqos_common;mtk_aie;mtk_battery_oc_throttling;mtk_cam_isp7sp;mtk_cmdq_drv_ext;mtk_disp_sec;mtk_dvfsrc;mtk_dynamic_loading_throttling;mtk_hcp;mtk_imgsys_cmdq;mtk_imgsys_v4l2;mtk_iommu;mtk_jpeg;mtk_mbox_mailbox;mtk_mdpm;mtk_mmc;mtk_mml;mtk_pmic_oc_debug;mtk_pmic_wrap;mtk_qos;mtk_scpsys;mtk_scpsys_bringup;mtk_scpsys_mt6878;mtk_smi;mtk_spmi_pmic;mtk_spmi_pmic_adc;mtk_uart_apdma;mtk_wdt;nvmem_mt635x_efuse;pmic_lbat_service;pmic_lvsys_notify;pmic_temp;pwm_mtk_disp;rtc_mt6685;sapu;soc_temp_lvts;spmi_mtk_mpu;spmi_mtk_pmif;system_heap;timer_mediatek;vtskin_temp;wifi_cooling,59,59,0,1,0,0,1,1,1,1,0xb1bf4b3e,0xb1bf4b3e,MATCH
of_device_is_available,0x31e526cc,KERNEL_OR_BUILTIN,,0,apusys;mediatek_drm;mmqos_common;mtk_iommu;rtc_mt6685,5,5,0,1,0,0,1,1,1,1,0x31e526cc,0x31e526cc,MATCH
of_device_is_compatible,0x1ee00ad9,KERNEL_OR_BUILTIN,,0,mali_kbase_mt6878_r44;mediatek_drm_panel_drv;mtk_vmm_spm;mtu3;phy_mtk_xsphy;spmi_mtk_pmif;usb_boost;xhci_mtk_hcd_v2,8,8,0,1,0,0,1,1,1,1,0x1ee00ad9,0x1ee00ad9,MATCH
of_dma_configure_id,0x55f0b55b,KERNEL_OR_BUILTIN,,0,apusys;gps_drv_dl_v051,2,2,0,1,0,0,1,1,1,1,0x55f0b55b,0x55f0b55b,MATCH
of_dma_controller_free,0x908bad64,KERNEL_OR_BUILTIN,,0,mtk_uart_apdma,1,1,0,1,0,0,1,1,1,1,0x908bad64,0x908bad64,MATCH
of_dma_controller_register,0xf7f7b192,KERNEL_OR_BUILTIN,,0,mtk_uart_apdma,1,1,0,1,0,0,1,1,1,1,0xf7f7b192,0xf7f7b192,MATCH
of_dma_is_coherent,0x1b2968e8,KERNEL_OR_BUILTIN,,0,mali_kbase_mt6878_r44,1,1,0,1,0,0,1,1,1,1,0x1b2968e8,0x1b2968e8,MATCH
of_dma_xlate_by_chan_id,0x1c378f32,KERNEL_OR_BUILTIN,,0,mtk_uart_apdma,1,1,0,1,0,0,1,1,1,1,0x1c378f32,0x1c378f32,MATCH
of_drm_find_bridge,0x510d196d,KERNEL_OR_BUILTIN,,0,mediatek_drm,1,1,0,1,0,0,1,1,1,1,0x510d196d,0x510d196d,MATCH
of_drm_find_panel,0x7e03de69,KERNEL_OR_BUILTIN,,0,mediatek_drm,1,1,0,1,0,0,1,1,1,1,0x7e03de69,0x7e03de69,MATCH
of_find_backlight_by_node,0x859e7083,KERNEL_OR_BUILTIN,,0,mediatek_drm_panel_drv;panel_ky_vtdr6115_dphy_cmd,2,2,0,1,0,0,1,1,1,1,0x859e7083,0x859e7083,MATCH
of_find_compatible_node,0x3d6e4570,KERNEL_OR_BUILTIN,,0,adsp;apusys;atf_logger;bt_drv_6878;bus_parity;camera_dpe_isp7sp;ccci_ccif;ccci_dpmaif;ccci_md_all;ccci_util_lib;charger_cooling;clk_fmeter_mt6878;cmdq_sec_drv;connadp;extcon_mtk_usb;fingerprint;fmradio_drv_connac2x;ged;gz_log_mod;imgsensor;iommu_debug;leds_ln2403;lpm_gov_MHSP;mali_kbase_mt6878_r44;mcupm;mdp_drv_mt6878;mediatek_drm;met;microarray_fp_tee;mrdump;mt6369_accdet;mt6878_dcm;mtk_aie;mtk_btcvsd;mtk_cam_isp7sp;mtk_ccd_remoteproc;mtk_ccuv;mtk_cmdq_drv_ext;mtk_gpu_qos;mtk_gpufreq_mt6878;mtk_gpufreq_wrapper;mtk_hcp;mtk_imgsys_v4l2;mtk_jpeg;mtk_lpm;mtk_lpm_dbg_common_v2;mtk_lpm_plat_v1;mtk_mmdvfs_v3;mtk_mminfra_debug;mtk_mminfra_imax;mtk_mml;mtk_pbm;mtk_peak_power_budget;mtk_sec_heap;mtk_smi_dbg;mtk_ssc;mtk_swpm_perf_arm_pmu;mtk_vcodec_dec_v1;mtk_vcodec_enc_v1;mtk_vmm_isp71_regulator;pda_drv_mt6878;sapu;scp;sec;snd_soc_mtk_common;sspm_v3;system_heap;tkcore_drv;tmem_ffa;ufs_mediatek_mod;vcp;wlan_drv_gen4m_6878;yft_devinfo,73,73,0,1,0,0,1,1,1,1,0x3d6e4570,0x3d6e4570,MATCH
of_find_device_by_node,0x00c0a572,KERNEL_OR_BUILTIN,,0,apu_top;apusys;camera_dpe_isp7sp;ccci_md_all;clkbuf;cmdq_sec_drv;cmdq_test;conninfra;cpudvfs;cpufreq_sugov_ext;cpuqos_v3;dbg_error_flag;imgsensor;log_store;mali_kbase_mt6878_r44;mdp_drv_mt6878;mediatek_cpufreq_hw;mediatek_drm;mmqos_common;mtk_aie;mtk_cam_isp7sp;mtk_ccd_remoteproc;mtk_ccuv;mtk_charger_framework;mtk_cm_mgr_mt6878;mtk_cmdq_drv_ext;mtk_hcp;mtk_imgsys_cmdq;mtk_imgsys_v4l2;mtk_iommu;mtk_ipesys_me;mtk_jpeg;mtk_mmdvfs_v3;mtk_mminfra_debug;mtk_mminfra_imax;mtk_mml;mtk_perf_common;mtk_pmic_oc_debug;mtk_sec_heap;mtk_smi;mtk_smi_dbg;mtk_vcodec_dec_v1;mtk_vcodec_enc_v1;mtk_vcu;mtk_vmm_isp71_regulator;mtu3;pda_drv_mt6878;pmic_temp;sapu;scheduler;scp;snd_soc_mt6878_afe;ufs_mediatek_mod;usb_meta;usb_offload;vcp;xhci_mtk_hcd_v2,57,57,0,1,0,0,1,1,1,1,0x00c0a572,0x00c0a572,MATCH
of_find_matching_node_and_match,0x11714da5,KERNEL_OR_BUILTIN,,0,aee_hangdet;ccci_md_all;gpueb;hynitron;mt6369_accdet,5,5,0,1,0,0,1,1,1,1,0x11714da5,0x11714da5,MATCH
of_find_node_by_name,0xc473e973,KERNEL_OR_BUILTIN,,0,adsp;aw36515;aw36518;aw36518_v2;bootprof;ccci_md_all;clk_common;connfem;cpudvfs;cpufreq_sugov_ext;log_store;mediatek_cpufreq_hw;mediatek_drm;met;monitor_hang;mt6375_battery;mtk_battery_oc_throttling;mtk_cam_isp7sp;mtk_cm_mgr_mt6878;mtk_dynamic_loading_throttling;mtk_low_battery_throttling;mtk_peak_power_budget;mtk_perf_common;mtk_pmic_oc_debug;mtk_scpsys;mtu3;pmic_lbat_service;pmic_lvsys_notify;scheduler;scp;smpu;snd_soc_mt6878_afe;tcpc_class;thermal_interface;tkcore;tmem_ffa,36,36,0,1,0,0,1,1,1,1,0xc473e973,0xc473e973,MATCH
of_find_node_by_phandle,0x268bfed9,KERNEL_OR_BUILTIN,,0,imgsensor;mtk_cam_isp7sp;mtk_ccuv;mtk_mmdvfs_v3;mtk_vmm_isp71_regulator;pinctrl_mtk_v2,6,6,0,1,0,0,1,1,1,1,0x268bfed9,0x268bfed9,MATCH
of_find_node_opts_by_path,0x748c8ec0,KERNEL_OR_BUILTIN,,0,aee_aed;btbcm;bus_parity;ccci_md_all;conninfra;gz_log_mod;leds_rgb_aw2013;log_store;mali_kbase_mt6878_r44;mediatek_drm;met;mrdump;mtk_cg_peak_power_throttling;mtk_charger_framework;mtk_pep50;mtk_socinfo;mtu3;nvmem_mtk_devinfo;phy_mtk_xsphy;rpmb_mtk;rtc_mt6685;sapu;sec;sh366003_fg;spi_tiny_co5300_lcd;tcpc_class;usb_meta;wlan_drv_gen4m_6878;yft_devinfo,29,29,0,1,0,0,1,1,1,1,0x748c8ec0,0x748c8ec0,MATCH
of_find_node_with_property,0xf9d61269,KERNEL_OR_BUILTIN,,0,clk_common;phy_mtk_xsphy,2,2,0,1,0,0,1,1,1,1,0xf9d61269,0xf9d61269,MATCH
of_find_property,0xe35274a3,KERNEL_OR_BUILTIN,,0,apu_top;cfg80211;connfem;extcon_mtk_usb;focaltech_touch_spi_ft3680;gz_log_mod;hynitron;i2c_mt65xx;lpm_gov_MHSP;mali_kbase_mt6878_r44;mcupm;mdp_drv_mt6878;mediatek_drm;mediatek_drm_panel_drv;mt6375_battery;mt6375_charger;mtk_charger_framework;mtk_cmdq_drv_ext;mtk_dpc;mtk_dvfsrc;mtk_dvfsrc_helper;mtk_dynamic_loading_throttling;mtk_gpu_qos;mtk_icc_core;mtk_iommu;mtk_lpm;mtk_lpm_dbg_common_v2;mtk_mmc;mtk_mmdvfs;mtk_mmdvfs_v3;mtk_mminfra_debug;mtk_mml;mtk_pd_adapter;mtk_pep;mtk_pep50;mtk_pmic_keys;mtk_pwm;mtk_scpsys;mtk_smi;mtk_smi_dbg;mtk_uart_apdma;mtk_vmm_isp71_regulator;mtu3;panel_ky_vtdr6115_dphy_cmd;pinctrl_mtk_v2;scp;smpu;snd_soc_mt6369;snd_soc_mt6878_afe;snd_soc_mtk_common;snd_soc_mtk_scp_ultra;spi_mt65xx;system_heap;tcpc_class;ufs_mediatek_mod;usb_boost;usb_offload;vcp;xhci_mtk_hcd_v2,59,59,0,1,0,0,1,1,1,1,0xe35274a3,0xe35274a3,MATCH
of_fwnode_ops,0xd36b1bfe,KERNEL_OR_BUILTIN,,0,arm_dsu_pmu;extdev_io_class;yft_gpio_keys,3,3,0,1,0,0,1,1,1,1,0xd36b1bfe,0xd36b1bfe,MATCH
of_genpd_add_device,0x99cb6a2e,KERNEL_OR_BUILTIN,,0,clk_common,1,1,0,1,0,0,1,1,1,1,0x99cb6a2e,0x99cb6a2e,MATCH
of_genpd_add_provider_onecell,0x50d40c58,KERNEL_OR_BUILTIN,,0,mtk_scpsys,1,1,0,1,0,0,1,1,1,1,0x50d40c58,0x50d40c58,MATCH
of_get_child_by_name,0xa3308a92,KERNEL_OR_BUILTIN,,0,aw36515;aw36518;aw36518_v2;can_dev;connfem;conninfra;emi_fake_eng;last_bus;mali_kbase_mt6878_r44;met;mt6375_auxadc;mt6878_mt6369;snd_soc_mt6369,13,13,0,1,0,0,1,1,1,1,0xa3308a92,0xa3308a92,MATCH
of_get_cpu_node,0x6727c283,KERNEL_OR_BUILTIN,,0,mediatek_cpufreq_hw;met;mtk_lpm_dbg_common_v2;thermal_interface,4,4,0,1,0,0,1,1,1,1,0x6727c283,0x6727c283,MATCH
of_get_named_gpio_flags,0xb9ab15e7,KERNEL_OR_BUILTIN,,0,aw36515;aw36518;aw36518_v2;aw883xx_driver;ccci_md_all;connfem;conninfra;extcon_mtk_usb;fingerprint;fmradio_drv_connac2x;focaltech_touch_spi_ft3680;hynitron;leds_ln2403;leds_rgb_aw2013;mt6369_accdet;sc851x_charger;sc8571_charger;snd_soc_tfa98xx;spi_tiny_co5300_lcd;yft_devinfo;yft_tiny2c_usb,21,21,0,1,0,0,1,1,1,1,0xb9ab15e7,0xb9ab15e7,MATCH
of_get_next_available_child,0x9abbe2da,KERNEL_OR_BUILTIN,,0,apusys;ccd_rpmsg;leds_rgb_aw2013;mali_kbase_mt6878_r44;mdp_drv_mt6878;mediatek_drm_panel_drv;met;mtk_imgsys_cmdq;mtk_mmdvfs_v3;mtk_pmic_keys;mtk_spmi_pmic_adc,11,11,0,1,0,0,1,1,1,1,0x9abbe2da,0x9abbe2da,MATCH
of_get_next_child,0x96461ca6,KERNEL_OR_BUILTIN,,0,aw36515;aw36518;aw36518_v2;clkbuf;connfem;emi_fake_eng;fhctl;last_bus;md_cooling_all;mediatek_drm;met;mtk_pmic_keys;mtu3;phy_mtk_xsphy;pinctrl_mtk_v2,15,15,0,1,0,0,1,1,1,1,0x96461ca6,0x96461ca6,MATCH
of_get_next_parent,0xa4703811,KERNEL_OR_BUILTIN,,0,apu_top,1,1,0,1,0,0,1,1,1,1,0xa4703811,0xa4703811,MATCH
of_get_parent,0x460ab812,KERNEL_OR_BUILTIN,,0,panel_ky_vtdr6115_dphy_cmd,1,1,0,1,0,0,1,1,1,1,0x460ab812,0x460ab812,MATCH
of_get_property,0x9da9550a,KERNEL_OR_BUILTIN,,0,apu_top;blocktag;bus_parity;ccci_md_all;ccci_util_lib;clkbuf;connfem;fmradio_drv_connac2x;leds_rgb_aw2013;log_store;mali_kbase_mt6878_r44;mediatek_drm;met;mrdump;mt6375_battery;mt6375_charger;mtk_cg_peak_power_throttling;mtk_charger_framework;mtk_dynamic_loading_throttling;mtk_low_battery_throttling;mtk_peak_power_budget;mtk_pep50;mtk_smi;mtk_vcodec_enc_v1;mtu3;nvmem_mtk_devinfo;phy_mtk_ufs;phy_mtk_xsphy;pinctrl_mtk_v2;reset_ti_syscon;rpmb_mtk;rtc_mt6685;sapu;scp;sec;sh366003_fg;spi_tiny_co5300_lcd;tcpc_class;ufs_mediatek_mod;usb_meta;wlan_drv_gen4m_6878;yft_devinfo,42,42,0,1,0,0,1,1,1,1,0x9da9550a,0x9da9550a,MATCH
of_get_regulator_init_data,0x6c6d14ef,KERNEL_OR_BUILTIN,,0,rt6160_regulator,1,1,0,1,0,0,1,1,1,1,0x6c6d14ef,0x6c6d14ef,MATCH
of_graph_get_next_endpoint,0x4eae3dec,KERNEL_OR_BUILTIN,,0,imgsensor;mediatek_drm;panel_ky_vtdr6115_dphy_cmd,3,3,0,1,0,0,1,1,1,1,0x4eae3dec,0x4eae3dec,MATCH
of_graph_get_remote_node,0xb4aaec75,KERNEL_OR_BUILTIN,,0,imgsensor;mediatek_drm,2,2,0,1,0,0,1,1,1,1,0xb4aaec75,0xb4aaec75,MATCH
of_graph_get_remote_port_parent,0x0c4e3667,KERNEL_OR_BUILTIN,,0,mediatek_drm;panel_ky_vtdr6115_dphy_cmd,2,2,0,1,0,0,1,1,1,1,0x0c4e3667,0x0c4e3667,MATCH
of_icc_get,0x775c7df1,KERNEL_OR_BUILTIN,,0,adsp;apusys;ccci_dpmaif;mmqos_common;mtk_cm_mgr_mt6878;mtk_fpsgo;usb_boost,7,7,0,1,0,0,1,1,1,1,0x775c7df1,0x775c7df1,MATCH
of_icc_xlate_onecell,0xbc1cc4f8,KERNEL_OR_BUILTIN,,0,mtk_emi,1,1,0,1,0,0,1,1,1,1,0xbc1cc4f8,0xbc1cc4f8,MATCH
of_iomap,0x9309b7e9,KERNEL_OR_BUILTIN,,0,aee_hangdet;apu_top;apusys;bt_drv_6878;bus_parity;cache_parity;camera_dpe_isp7sp;ccci_ccif;ccci_dpmaif;ccci_fsm_scp;ccci_md_all;clk_common;clk_fmeter_mt6878;clkbuf;cmdq_test;conninfra;cpufreq_sugov_ext;dbg_error_flag;device_apc_common;emi;emi_fake_eng;emi_mpu;fhctl;ged;mdp_drv_mt6878;mediatek_cpufreq_hw;mediatek_drm;mt6878_dcm;mtk_btcvsd;mtk_dramc;mtk_gpufreq_mt6878;mtk_gpufreq_wrapper;mtk_imgsys_isp7sp;mtk_imgsys_v4l2;mtk_ipesys_me;mtk_lpm;mtk_lpm_dbg_common_v2;mtk_lpm_plat_v1;mtk_mml;mtk_pwm;pda_drv_mt6878;pinctrl_mtk_v2;sec;smpu;snd_soc_mtk_common;wlan_drv_gen4m_6878,46,46,0,1,0,0,1,1,1,1,0x9309b7e9,0x9309b7e9,MATCH
of_irq_find_parent,0x1701839b,KERNEL_OR_BUILTIN,,0,gz_irq_mod,1,1,0,1,0,0,1,1,1,1,0x1701839b,0x1701839b,MATCH
of_irq_get,0xf9677c4f,KERNEL_OR_BUILTIN,,0,mediatek_drm;mtk_lpm;mtk_spmi_pmic,3,3,0,1,0,0,1,1,1,1,0xf9677c4f,0xf9677c4f,MATCH
of_irq_get_byname,0x91eb5598,KERNEL_OR_BUILTIN,,0,hci_uart,1,1,0,1,0,0,0,0,1,1,0x91eb5598,0x91eb5598,MATCH
of_irq_parse_one,0xf886afc2,KERNEL_OR_BUILTIN,,0,cache_parity,1,1,0,1,0,0,1,1,1,1,0xf886afc2,0xf886afc2,MATCH
of_machine_is_compatible,0xd31ccb06,KERNEL_OR_BUILTIN,,0,mali_kbase_mt6878_r44;scp,2,2,0,1,0,0,1,1,1,1,0xd31ccb06,0xd31ccb06,MATCH
of_match_device,0x54ad2b23,KERNEL_OR_BUILTIN,,0,connfem;hynitron;mediatek_drm;mt6315_regulator;mt6369_accdet;mtk_dpc;mtk_pmic_keys;rt4831a_drv;ufs_mediatek_mod,9,9,0,1,0,0,1,1,1,1,0x54ad2b23,0x54ad2b23,MATCH
of_match_node,0x4fcce10a,KERNEL_OR_BUILTIN,,0,clkbuf;fhctl;mediatek_drm;mtk_cg_peak_power_throttling;mtk_dvfsrc_helper;mtk_dvfsrc_regulator;mtk_emi;mtk_pmic_wrap;mtk_vmm_isp71_regulator;sc8571_charger;spi_mt65xx;uarthub_drv,12,12,0,1,0,0,1,1,1,1,0x4fcce10a,0x4fcce10a,MATCH
of_phandle_iterator_init,0xc085129c,KERNEL_OR_BUILTIN,,0,connfem;mmqos_common;mtk_imgsys_cmdq,3,3,0,1,0,0,1,1,1,1,0xc085129c,0xc085129c,MATCH
of_phandle_iterator_next,0xa793cd59,KERNEL_OR_BUILTIN,,0,connfem;mmqos_common;mtk_imgsys_cmdq,3,3,0,1,0,0,1,1,1,1,0xa793cd59,0xa793cd59,MATCH
of_phy_simple_xlate,0x393623b2,KERNEL_OR_BUILTIN,,0,mediatek_drm;phy_mtk_ufs,2,2,0,1,0,0,1,1,1,1,0x393623b2,0x393623b2,MATCH
of_platform_depopulate,0xd8207480,KERNEL_OR_BUILTIN,,0,apu_top;mtk_cam_isp7sp;mtu3,3,3,0,1,0,0,1,1,1,1,0xd8207480,0xd8207480,MATCH
of_platform_device_create,0xad524976,KERNEL_OR_BUILTIN,,0,extdev_io_class;mmqos_common,2,2,0,1,0,0,1,1,1,1,0xad524976,0xad524976,MATCH
of_platform_device_destroy,0x78bfadc8,KERNEL_OR_BUILTIN,,0,extdev_io_class,1,1,0,0,0,0,0,0,0,0,0x78bfadc8,0x78bfadc8,MATCH
of_platform_populate,0xe0c30afd,KERNEL_OR_BUILTIN,,0,apu_top;gz_trusty_mod;mtk_cam_isp7sp;mtk_pmic_wrap;mtu3,5,5,0,1,0,0,1,1,1,1,0xe0c30afd,0xe0c30afd,MATCH
of_prop_next_string,0x819d9c94,KERNEL_OR_BUILTIN,,0,apu_top;connfem;lpm_gov_MHSP;mtk_lpm_dbg_common_v2;mtk_mmdvfs;mtk_mmdvfs_v3;mtk_mminfra_debug;mtk_mml;mtk_scpsys;mtk_smi;mtk_vmm_isp71_regulator,11,11,0,1,0,0,1,1,1,1,0x819d9c94,0x819d9c94,MATCH
of_prop_next_u32,0x5820c2d2,KERNEL_OR_BUILTIN,,0,cfg80211;connfem;mtk_lpm;mtk_mmdvfs;mtk_mml,5,5,0,1,0,0,1,1,1,1,0x5820c2d2,0x5820c2d2,MATCH
of_property_count_elems_of_size,0x3cfa4a11,KERNEL_OR_BUILTIN,,0,board_temp;cache_parity;clkbuf;cmdq_test;connfem;emi;emi_fake_eng;emi_mpu;gpueb;mali_kbase_mt6878_r44;mediatek_drm;mtk_battery_oc_throttling;mtk_bp_thl;mtk_cam_isp7sp;mtk_cmdq_drv_ext;mtk_low_battery_throttling;mtk_md_power_throttling;mtk_mmdvfs_debug;mtk_mml;mtk_vcodec_dec_v1;mtk_vcodec_enc_v1;pinctrl_mtk_v2;pmic_lvsys_notify;scp;smpu;spi_mt65xx;thermal_generic_adc;vcp,28,28,0,1,0,0,1,1,1,1,0x3cfa4a11,0x3cfa4a11,MATCH
of_property_match_string,0xaa0acb6b,KERNEL_OR_BUILTIN,,0,connfem;conninfra;mediatek_drm;mtk_cmdq_drv_ext;mtk_gpufreq_wrapper;mtk_icc_core;phy_mtk_xsphy,7,7,0,1,0,0,1,1,1,1,0xaa0acb6b,0xaa0acb6b,MATCH
of_property_read_string,0x000c9569,KERNEL_OR_BUILTIN,,0,adsp;aee_aed;apu_top;apusys;aw883xx_driver;backlight_cooling;bt_drv_6878;ccd_rpmsg;clk_common;clkbuf;conninfra;extcon_mtk_usb;fhctl;gz_virtio_mod;imgsensor;last_bus;lpm_gov_MHSP;mali_kbase_mt6878_r44;mediatek_drm;mediatek_drm_panel_drv;met;mrdump;mt6375_charger;mtk_cam_isp7sp;mtk_charger_framework;mtk_chg_type_det;mtk_cm_mgr;mtk_irtx_pwm;mtk_lpm;mtk_lpm_dbg_common_v2;mtk_mml;mtk_pd_adapter;mtk_socinfo;mtk_vcodec_dec_v1;mtk_vcodec_enc_v1;mtk_vcu;mtk_vmm_notifier;regulator_vibrator;sc8571_charger;scp;sec_rng;smpu;snd_soc_mt6878_afe;system_heap;tcpc_class;vcp;wlan_drv_gen4m_6878;yft_devinfo,48,48,0,1,0,0,1,1,1,1,0x000c9569,0x000c9569,MATCH
of_property_read_string_helper,0xf876718e,KERNEL_OR_BUILTIN,,0,8250_mtk;btbcm;bus_parity;clkbuf;connfem;conninfra;gpueb;imgsensor;mediatek_drm_gateic;mediatek_drm_panel_drv;met;mtk_cam_isp7sp;mtk_iommu;mtk_lpm_dbg_common_v2;mtk_mmdvfs_debug;mtk_mmdvfs_v3;mtk_mml;mtk_pep50;mtk_smi;mtk_vcodec_dec_v1;mtk_vcodec_enc_v1;mtk_vcu;pinctrl_mtk_v2;spi_mt65xx;vcp,25,25,0,1,0,0,1,1,1,1,0xf876718e,0xf876718e,MATCH
of_property_read_u32_index,0xceae3dfa,KERNEL_OR_BUILTIN,,0,8250_mtk;bus_parity;cache_parity;ccci_md_all;clkbuf;connfem;dbg_error_flag;emi;gpueb;i2c_mt65xx;mdp_drv_mt6878;mediatek_drm;met;mt6375_battery;mtk_cam_isp7sp;mtk_dvfsrc;mtk_gpufreq_wrapper;mtk_imgsys_cmdq;mtk_mmdvfs_debug;mtk_mmdvfs_v3;mtk_mminfra_debug;mtk_mml;mtk_peak_power_budget;mtk_smi;mtk_swpm_perf_arm_pmu;mtk_uart_apdma;mtk_vcodec_dec_v1;mtk_vcodec_enc_v1;mtk_vcu;phy_mtk_xsphy;pinctrl_mtk_v2;scp;spi_mt65xx;vcp,34,34,0,1,0,0,1,1,1,1,0xceae3dfa,0xceae3dfa,MATCH
of_property_read_u64,0x37f4b967,KERNEL_OR_BUILTIN,,0,apusys;conninfra;connscp;emi;gps_drv_dl_v051;gpueb;mali_kbase_mt6878_r44;mdp_drv_mt6878;met;mtk_gpufreq_wrapper;mtk_imgsys_cmdq;mtk_lpm_dbg_common_v2;mtk_mmdvfs_v3;mtk_peak_power_budget;tmem_ffa;wlan_drv_gen4m_6878,16,16,0,1,0,0,1,1,1,1,0x37f4b967,0x37f4b967,MATCH
of_property_read_u64_index,0x2e22ca9b,KERNEL_OR_BUILTIN,,0,apusys;mtk_smi_dbg,2,2,0,1,0,0,1,1,1,1,0x2e22ca9b,0x2e22ca9b,MATCH
of_property_read_variable_u16_array,0x0dafa66a,KERNEL_OR_BUILTIN,,0,cmdq_test;mdp_drv_mt6878;mtk_cmdq_drv_ext;mtk_dpc;mtk_imgsys_cmdq;mtk_mml;sec_rng,7,7,0,1,0,0,1,1,1,1,0x0dafa66a,0x0dafa66a,MATCH
of_property_read_variable_u32_array,0x94a3f9c7,KERNEL_OR_BUILTIN,,0,8250_mtk;adsp;aee_hangdet;apu_top;apusys;aw36515;aw36518;aw36518_v2;aw883xx_driver;board_temp;bootprof;cache_parity;camera_dpe_isp7sp;can_dev;ccci_ccif;ccci_dpmaif;ccci_fsm_scp;ccci_md_all;ccci_util_lib;charger_cooling;clk_bringup;clk_common;clkbuf;cmdq_sec_drv;cmdq_test;connfem;conninfra;connscp;cpufreq_sugov_ext;cpuqos_v3;dbgtop_drm;emi;emi_fake_eng;emi_mpu;extcon_mtk_usb;fhctl;flashlight;fmradio_drv_connac2x;focaltech_touch_spi_ft3680;ged;gps_drv_dl_v051;gpueb;gz_irq_mod;gz_log_mod;gz_trusty_mod;gz_virtio_mod;hci_uart;hynitron;i2c_mt65xx;imgsensor;last_bus;leds_rgb_aw2013;log_store;lpm_gov_MHSP;mali_kbase_mt6878_r44;mali_prot_alloc_mt6878_r44;mcupm;mdp_drv_mt6878;mediatek_drm;mediatek_drm_gateic;mediatek_drm_panel_drv;met;mmqos_common;monitor_hang;mrdump;mt6315_regulator;mt6363_regulator;mt6369_accdet;mt6369_regulator;mt6375_auxadc;mt6375_battery;mt6375_charger;mt6878_mt6369;mtk_aie;mtk_battery_oc_throttling;mtk_bp_thl;mtk_btcvsd;mtk_cam_isp7sp;mtk_ccuv;mtk_charger_framework;mtk_chg_type_det;mtk_cm_ipi;mtk_cm_mgr;mtk_cm_mgr_mt6878;mtk_cmdq_drv_ext;mtk_cpu_power_throttling;mtk_disp_sec;mtk_dpc;mtk_dramc;mtk_dvfsrc;mtk_dvfsrc_helper;mtk_dynamic_loading_throttling;mtk_fpsgo;mtk_gpu_power_throttling;mtk_gpu_qos;mtk_gpufreq_mt6878;mtk_gpufreq_wrapper;mtk_imgsys_cmdq;mtk_imgsys_isp7sp;mtk_imgsys_v4l2;mtk_iommu;mtk_irtx_pwm;mtk_jpeg;mtk_low_battery_throttling;mtk_lpm;mtk_lpm_dbg_common_v2;mtk_mbox_mailbox;mtk_md_power_throttling;mtk_mmc;mtk_mmdvfs;mtk_mmdvfs_debug;mtk_mmdvfs_v3;mtk_mminfra_debug;mtk_mminfra_imax;mtk_mml;mtk_pd_adapter;mtk_pd_charging;mtk_peak_power_budget;mtk_pep;mtk_pep40;mtk_pep50;mtk_perf_common;mtk_pmic_keys;mtk_pwm;mtk_qos;mtk_scp_audiocommon;mtk_scpsys;mtk_scpsys_bringup;mtk_smi;mtk_smi_dbg;mtk_sp_spk_amp;mtk_spmi_pmic_adc;mtk_ssc;mtk_uart_apdma;mtk_vcodec_dec_v1;mtk_vcodec_enc_v1;mtk_vcu;mtk_vmm_isp71_regulator;mtk_vmm_notifier;mtu3;panel_ky_vtdr6115_dphy_cmd;pda_drv_mt6878;phy_mtk_ufs;pinctrl_mtk_v2;pmic_lbat_service;pmic_lvsys_notify;reboot_mode;regulator_vibrator;reset_ti_syscon;rt4831a_drv;rt5133_regulator;rt_pd_manager;rtc_mt6685;sapu;sc851x_charger;sc8571_charger;scheduler;scp;smpu;snd_soc_audiodsp_common;snd_soc_mt6369;snd_soc_mt6878_afe;snd_soc_mtk_common;snd_soc_mtk_scp_ultra;soc_temp_lvts;spmi_mtk_mpu;spmi_mtk_pmif;sspm_v3;st21nfc;syscon_reboot_mode;system_heap;tcpc_class;teeperf;thermal_generic_adc;thermal_interface;tmem_ffa;uarthub_drv;ufs_mediatek_mod;usb_offload;vcp;wlan_drv_gen4m_6878;xhci_mtk_hcd_v2,182,182,0,1,0,0,1,1,1,1,0x94a3f9c7,0x94a3f9c7,MATCH
of_property_read_variable_u64_array,0x9f5e7ab1,KERNEL_OR_BUILTIN,,0,adsp;emi;mali_kbase_mt6878_r44;wlan_drv_gen4m_6878,4,4,0,1,0,0,1,1,1,1,0x9f5e7ab1,0x9f5e7ab1,MATCH
of_property_read_variable_u8_array,0x4956eb3e,KERNEL_OR_BUILTIN,,0,mali_kbase_mt6878_r44;mediatek_drm;mediatek_drm_panel_drv;mtk_mmdvfs_debug;mtk_mml;scp;tcpc_class,7,7,0,1,0,0,1,1,1,1,0x4956eb3e,0x4956eb3e,MATCH
of_remove_property,0x2384588a,KERNEL_OR_BUILTIN,,0,mtu3,1,1,0,1,0,0,1,1,1,1,0x2384588a,0x2384588a,MATCH
of_reserved_mem_device_init_by_idx,0xbb56af18,KERNEL_OR_BUILTIN,,0,ccci_dpmaif;tmem_ffa;wlan_drv_gen4m_6878,3,3,0,1,0,0,1,1,1,1,0xbb56af18,0xbb56af18,MATCH
of_reserved_mem_lookup,0x5bf2bc8d,KERNEL_OR_BUILTIN,,0,adsp;atf_logger;ccci_dpmaif;cmdq_sec_drv;conninfra;gps_drv_dl_v051;gz_log_mod;mali_kbase_mt6878_r44;mcupm;mrdump;mtk_btcvsd;scp;sspm_v3;tkcore_drv;tmem_ffa;vcp;wlan_drv_gen4m_6878,17,17,0,1,0,0,1,1,1,1,0x5bf2bc8d,0x5bf2bc8d,MATCH
of_root,0x4cecbcce,KERNEL_OR_BUILTIN,,0,met;scheduler,2,2,0,1,0,0,1,1,1,1,0x4cecbcce,0x4cecbcce,MATCH
of_thermal_get_trip_points,0x76401116,KERNEL_OR_BUILTIN,,0,soc_temp_lvts,1,1,0,1,0,0,1,1,1,1,0x76401116,0x76401116,MATCH
of_translate_address,0x2a0a7c73,KERNEL_OR_BUILTIN,,0,apu_top;snd_soc_mtk_common,2,2,0,1,0,0,1,1,1,1,0x2a0a7c73,0x2a0a7c73,MATCH
oops_in_progress,0xb1c3a01a,KERNEL_OR_BUILTIN,,0,mrdump,1,1,0,1,0,0,1,1,1,1,0xb1c3a01a,0xb1c3a01a,MATCH
out_of_line_wait_on_bit,0x1984d421,KERNEL_OR_BUILTIN,,0,bluetooth,1,2,0,1,0,0,0,0,1,1,0x1984d421,0x1984d421,MATCH
out_of_line_wait_on_bit_timeout,0x4071b517,KERNEL_OR_BUILTIN,,0,ccd_rpmsg;hci_uart,2,2,0,1,0,0,0,0,1,1,0x4071b517,0x4071b517,MATCH
overflowuid,0x8b618d08,KERNEL_OR_BUILTIN,,0,tipc,1,1,0,1,1,0,0,0,1,1,0x8b618d08,0x8b618d08,MATCH
page_endio,0x12cbd911,KERNEL_OR_BUILTIN,,0,zram,1,1,0,1,0,0,1,1,1,1,0x12cbd911,0x12cbd911,MATCH
page_pinner_inited,0xacfe4142,KERNEL_OR_BUILTIN,,0,ccci_dpmaif;gz_main_mod;gz_tz_system;gzvm;mali_kbase_mt6878_r44;monitor_hang;r8152;zsmalloc,8,8,0,1,1,0,0,0,1,1,0xacfe4142,0xacfe4142,MATCH
page_pool_alloc_pages,0x744a4b34,KERNEL_OR_BUILTIN,,0,ccci_dpmaif,1,1,0,1,0,0,1,1,1,1,0x744a4b34,0x744a4b34,MATCH
page_pool_create,0x4c8831c4,KERNEL_OR_BUILTIN,,0,ccci_dpmaif,1,1,0,1,0,0,1,1,1,1,0x4c8831c4,0x4c8831c4,MATCH
page_pool_destroy,0x104e46b5,KERNEL_OR_BUILTIN,,0,ccci_dpmaif,1,1,0,1,0,0,0,0,1,1,0x104e46b5,0x104e46b5,MATCH
page_pool_put_defragged_page,0x42425748,KERNEL_OR_BUILTIN,,0,ccci_dpmaif,1,1,0,1,0,0,0,0,1,1,0x42425748,0x42425748,MATCH
panic,0xf1e046cc,KERNEL_OR_BUILTIN,,0,aee_aed;apusys;mrdump;mtk_vmm_spm,4,4,0,1,0,0,1,1,1,1,0xf1e046cc,0xf1e046cc,MATCH
panic_notifier_list,0x07ceeac9,KERNEL_OR_BUILTIN,,0,aee_aed;gz_log_mod;mediatek_cpufreq_hw;mrdump;mtk_dvfsrc_start,5,5,0,1,0,0,1,1,1,1,0x07ceeac9,0x07ceeac9,MATCH
param_array_ops,0xc6eb4778,KERNEL_OR_BUILTIN,,0,mali_kbase_mt6878_r44;mtk_cam_isp7sp;mtk_wp;usb_meta,4,4,0,1,0,0,1,1,1,1,0xc6eb4778,0xc6eb4778,MATCH
param_get_charp,0x4c3a48f4,KERNEL_OR_BUILTIN,,0,mtk_vcu,1,1,0,1,0,0,1,1,1,1,0x4c3a48f4,0x4c3a48f4,MATCH
param_get_int,0xdad5f879,KERNEL_OR_BUILTIN,,0,mali_kbase_mt6878_r44;task_turbo,2,2,0,1,0,0,1,1,1,1,0xdad5f879,0xdad5f879,MATCH
param_get_uint,0x67cb9dc6,KERNEL_OR_BUILTIN,,0,ged;mmqos_common;mtk_core_ctl;task_turbo;trace_mmstat,5,5,0,1,0,0,1,1,1,1,0x67cb9dc6,0x67cb9dc6,MATCH
param_get_ulong,0x4d4e1a44,KERNEL_OR_BUILTIN,,0,mrdump;trace_mmstat,2,2,0,1,0,0,1,1,1,1,0x4d4e1a44,0x4d4e1a44,MATCH
param_ops_bool,0x091a089b,KERNEL_OR_BUILTIN,,0,aee_aed;bluetooth;cdc_ncm;cfg80211;mac80211;mali_kbase_mt6878_r44;mt6375_charger;mtk_c2ps;mtk_core_ctl;mtk_mmdvfs_v3;mtk_pd_charging;mtk_pep;mtk_pep40;mtk_pep50;mtk_vcodec_dec_v1;mtk_vcodec_enc_v1;mtk_wdt;rfcomm;rt5133_regulator;usb_meta;vcan,21,22,0,1,0,0,1,1,1,1,0x091a089b,0x091a089b,MATCH
param_ops_byte,0xbdd9f700,KERNEL_OR_BUILTIN,,0,mali_kbase_mt6878_r44,1,1,0,1,0,0,1,1,1,1,0xbdd9f700,0xbdd9f700,MATCH
param_ops_charp,0xbb183429,KERNEL_OR_BUILTIN,,0,cfg80211;connfem;mac80211;mtk_u_ether;snd_soc_tfa98xx;usb_meta;wlan_drv_gen4m_6878,7,7,0,1,0,0,1,1,1,1,0xbb183429,0xbb183429,MATCH
param_ops_int,0xa3b1eb1d,KERNEL_OR_BUILTIN,,0,apu_top;bootprof;bt_drv_6878;c2ps_perf_ioctl;can;cfg80211;drm_display_helper;frs;ftdi_sio;ged;hci_uart;mac80211;mediatek_drm;met;mtk_aie;mtk_c2ps;mtk_cam_isp7sp;mtk_cmdq_drv_ext;mtk_core_ctl;mtk_dpc;mtk_fpsgo;mtk_hcp;mtk_imgsys_cmdq;mtk_imgsys_isp7sp;mtk_imgsys_v4l2;mtk_jpeg;mtk_mml;mtk_mml_mt6878;mtk_pep50;mtk_perf_ioctl_magt;mtk_printk_ctrl;mtk_usb_f_rndis;mtk_vcodec_common;mtk_vcodec_dec_v1;mtk_vcodec_enc_v1;mtk_vmm_isp71_regulator;mtk_wp;rfcomm;rtc_mt6685;snd_soc_tfa98xx;trace_mmstat;usb_boost;usbnet;widevine_driver;xhci_mtk_hcd_v2,45,45,0,1,0,0,1,1,1,1,0xa3b1eb1d,0xa3b1eb1d,MATCH
param_ops_string,0xb1777b47,KERNEL_OR_BUILTIN,,0,connfem;mali_kbase_mt6878_r44;mtk_c2ps,3,3,0,1,0,0,1,1,1,1,0xb1777b47,0xb1777b47,MATCH
param_ops_uint,0x7d68eebb,KERNEL_OR_BUILTIN,,0,bt_drv_6878;c2k_usb;camera_dpe_isp7sp;camera_eeprom_v4l2;can_gw;connfem;conninfra;ged;imgsensor;mali_kbase_mt6878_r44;mediatek_drm;mmqos_common;mt6375_auxadc;mtk_cam_isp7sp;mtk_icc_core;mtk_mmdvfs;mtk_mmdvfs_v3;mtk_smi;mtk_u_ether;mtk_usb_f_rndis;mtk_wdt;pd_dbg_info;rfkill;sec;snd_soc_mtk_common;usb_meta;usb_offload;wmt_chrdev_wifi_connac2;xhci_mtk_hcd_v2;zram,30,30,0,1,0,0,1,1,1,1,0x7d68eebb,0x7d68eebb,MATCH
param_ops_ullong,0xc799b8b4,KERNEL_OR_BUILTIN,,0,mtk_wp;xhci_mtk_hcd_v2,2,2,0,1,0,0,0,0,1,1,0xc799b8b4,0xc799b8b4,MATCH
param_set_charp,0x1d836063,KERNEL_OR_BUILTIN,,0,mtk_vcu,1,1,0,1,0,0,1,1,1,1,0x1d836063,0x1d836063,MATCH
param_set_uint,0x66cfd2b2,KERNEL_OR_BUILTIN,,0,ged;task_turbo;trace_mmstat,3,3,0,1,0,0,1,1,1,1,0x66cfd2b2,0x66cfd2b2,MATCH
param_set_ulong,0xa005b241,KERNEL_OR_BUILTIN,,0,mrdump;trace_mmstat,2,2,0,1,0,0,1,1,1,1,0xa005b241,0xa005b241,MATCH
pci_alloc_irq_vectors_affinity,0x3e2daa5d,KERNEL_OR_BUILTIN,,0,xhci_mtk_hcd_v2,1,1,0,1,0,0,1,1,1,1,0x3e2daa5d,0x3e2daa5d,MATCH
pci_free_irq_vectors,0x48080238,KERNEL_OR_BUILTIN,,0,xhci_mtk_hcd_v2,1,1,0,1,0,0,1,1,1,1,0x48080238,0x48080238,MATCH
pci_irq_vector,0x0f70e1bf,KERNEL_OR_BUILTIN,,0,xhci_mtk_hcd_v2,1,1,0,1,0,0,1,1,1,1,0x0f70e1bf,0x0f70e1bf,MATCH
percpu_down_write,0x19ea9b52,KERNEL_OR_BUILTIN,,0,hci_uart,1,1,0,1,0,0,0,0,1,1,0x19ea9b52,0x19ea9b52,MATCH
percpu_free_rwsem,0x950a76c2,KERNEL_OR_BUILTIN,,0,hci_uart,1,1,0,1,0,0,0,0,1,1,0x950a76c2,0x950a76c2,MATCH
percpu_up_write,0x5a050973,KERNEL_OR_BUILTIN,,0,hci_uart,1,1,0,1,0,0,0,0,1,1,0x5a050973,0x5a050973,MATCH
perf_event_create_kernel_counter,0xec670350,KERNEL_OR_BUILTIN,,0,met;mtk_swpm_perf_arm_pmu,2,2,0,1,0,0,1,1,1,1,0xec670350,0xec670350,MATCH
perf_event_disable,0x122937d6,KERNEL_OR_BUILTIN,,0,met;mtk_swpm_perf_arm_pmu,2,2,0,1,0,0,1,1,1,1,0x122937d6,0x122937d6,MATCH
perf_event_enable,0x365495cb,KERNEL_OR_BUILTIN,,0,met;mtk_swpm_perf_arm_pmu,2,2,0,1,0,0,1,1,1,1,0x365495cb,0x365495cb,MATCH
perf_event_read_local,0x92d2a53c,KERNEL_OR_BUILTIN,,0,mtk_mbraink,1,1,0,0,0,0,0,0,0,0,0x92d2a53c,0x92d2a53c,MATCH
perf_event_release_kernel,0x8f87c75e,KERNEL_OR_BUILTIN,,0,met;mtk_swpm_perf_arm_pmu,2,2,0,1,0,0,1,1,1,1,0x8f87c75e,0x8f87c75e,MATCH
perf_event_update_userpage,0xda17a52b,KERNEL_OR_BUILTIN,,0,arm_dsu_pmu,1,1,0,1,0,0,1,1,1,1,0xda17a52b,0xda17a52b,MATCH
perf_pmu_migrate_context,0xa1cef50f,KERNEL_OR_BUILTIN,,0,arm_dsu_pmu,1,1,0,1,0,0,1,1,1,1,0xa1cef50f,0xa1cef50f,MATCH
perf_pmu_register,0x6c4d6bcb,KERNEL_OR_BUILTIN,,0,arm_dsu_pmu,1,1,0,1,0,0,1,1,1,1,0x6c4d6bcb,0x6c4d6bcb,MATCH
perf_pmu_unregister,0x0551ee8a,KERNEL_OR_BUILTIN,,0,arm_dsu_pmu,1,1,0,1,0,0,1,1,1,1,0x0551ee8a,0x0551ee8a,MATCH
perf_trace_buf_alloc,0x2d2c902f,KERNEL_OR_BUILTIN,,0,aee_aed;apu_top;apusys;blocktag;bt_drv_6878;cfg80211;cpufreq_sugov_ext;cpuqos_v3;ged;ieee802154;imgsensor;l2tp_core;lpm_gov_MHSP;mac80211;mac802154;mali_kbase_mt6878_r44;mediatek_drm;mmqos_common;mtk_c2ps;mtk_cam_isp7sp;mtk_cg_peak_power_throttling;mtk_cm_mgr_mt6878;mtk_core_ctl;mtk_cpu_power_throttling;mtk_dvfsrc;mtk_fpsgo;mtk_gpu_power_throttling;mtk_gpufreq_wrapper;mtk_icc_core;mtk_imgsys_cmdq;mtk_imgsys_v4l2;mtk_low_battery_throttling;mtk_lpm;mtk_mbox;mtk_mmdvfs_ftrace;mtk_mml;mtk_peak_power_budget;mtk_perf_common;mtk_swpm_dbg_v6878;mtk_vmm_isp71_regulator;mtu3;powerhal_cpu_ctrl;scheduler;snd_soc_audiodsp_common;task_turbo;thermal_trace;timer_mediatek;tipc;touch_boost;trace_mmstat;ufs_mediatek_mod;uload_ind;usb_logger;xhci_mtk_hcd_v2,54,54,0,1,0,0,1,1,1,1,0x2d2c902f,0x2d2c902f,MATCH
perf_trace_run_bpf_submit,0xd1fcd174,KERNEL_OR_BUILTIN,,0,aee_aed;apu_top;apusys;blocktag;bt_drv_6878;cfg80211;cpufreq_sugov_ext;cpuqos_v3;ged;ieee802154;imgsensor;l2tp_core;lpm_gov_MHSP;mac80211;mac802154;mali_kbase_mt6878_r44;mediatek_drm;mmqos_common;mtk_c2ps;mtk_cam_isp7sp;mtk_cg_peak_power_throttling;mtk_cm_mgr_mt6878;mtk_core_ctl;mtk_cpu_power_throttling;mtk_dvfsrc;mtk_fpsgo;mtk_gpu_power_throttling;mtk_gpufreq_wrapper;mtk_icc_core;mtk_imgsys_cmdq;mtk_imgsys_v4l2;mtk_low_battery_throttling;mtk_lpm;mtk_mbox;mtk_mmdvfs_ftrace;mtk_mml;mtk_peak_power_budget;mtk_perf_common;mtk_swpm_dbg_v6878;mtk_vmm_isp71_regulator;mtu3;powerhal_cpu_ctrl;scheduler;snd_soc_audiodsp_common;task_turbo;thermal_trace;timer_mediatek;tipc;touch_boost;trace_mmstat;ufs_mediatek_mod;uload_ind;usb_logger;xhci_mtk_hcd_v2,54,54,0,1,0,0,1,1,1,1,0xd1fcd174,0xd1fcd174,MATCH
pfn_is_map_memory,0x6da467cb,KERNEL_OR_BUILTIN,,0,ccci_util_lib;gz_ipc_mod;mmprofile;mtk_vcodec_dec_v1;mtk_vcodec_enc_v1;tkcore,6,6,0,1,0,0,1,1,1,1,0x6da467cb,0x6da467cb,MATCH
phy_attached_info,0x2cbec35d,KERNEL_OR_BUILTIN,,0,asix,1,1,0,1,0,0,1,1,1,1,0x2cbec35d,0x2cbec35d,MATCH
phy_connect,0x722009c6,KERNEL_OR_BUILTIN,,0,asix,1,1,0,1,0,0,1,1,1,1,0x722009c6,0x722009c6,MATCH
phy_disconnect,0xf6666797,KERNEL_OR_BUILTIN,,0,asix,1,1,0,1,0,0,1,1,1,1,0xf6666797,0xf6666797,MATCH
phy_do_ioctl_running,0x27a5d553,KERNEL_OR_BUILTIN,,0,asix,1,1,0,1,0,0,1,1,1,1,0x27a5d553,0x27a5d553,MATCH
phy_ethtool_get_link_ksettings,0x8f5b2672,KERNEL_OR_BUILTIN,,0,asix,1,1,0,1,0,0,1,1,1,1,0x8f5b2672,0x8f5b2672,MATCH
phy_ethtool_nway_reset,0x48c1184b,KERNEL_OR_BUILTIN,,0,asix,1,1,0,1,0,0,1,1,1,1,0x48c1184b,0x48c1184b,MATCH
phy_ethtool_set_link_ksettings,0x04728e16,KERNEL_OR_BUILTIN,,0,asix,1,1,0,1,0,0,1,1,1,1,0x04728e16,0x04728e16,MATCH
phy_exit,0x1d4ee8be,KERNEL_OR_BUILTIN,,0,mtu3,1,1,0,1,0,0,1,1,1,1,0x1d4ee8be,0x1d4ee8be,MATCH
phy_get,0x2cd44a8b,KERNEL_OR_BUILTIN,,0,mt6375_charger,1,1,0,1,0,0,1,1,1,1,0x2cd44a8b,0x2cd44a8b,MATCH
phy_init,0xef7e821f,KERNEL_OR_BUILTIN,,0,mtu3,1,1,0,1,0,0,1,1,1,1,0xef7e821f,0xef7e821f,MATCH
phy_power_off,0xd55b8cdb,KERNEL_OR_BUILTIN,,0,mediatek_drm;mtu3;ufs_mediatek_mod,3,3,0,1,0,0,1,1,1,1,0xd55b8cdb,0xd55b8cdb,MATCH
phy_power_on,0xfc66b265,KERNEL_OR_BUILTIN,,0,mediatek_drm;mtu3;ufs_mediatek_mod,3,3,0,1,0,0,1,1,1,1,0xfc66b265,0xfc66b265,MATCH
phy_print_status,0x1f2f9e6c,KERNEL_OR_BUILTIN,,0,asix,1,1,0,1,0,0,1,1,1,1,0x1f2f9e6c,0x1f2f9e6c,MATCH
phy_put,0x19527b14,KERNEL_OR_BUILTIN,,0,mt6375_charger,1,1,0,1,0,0,1,1,1,1,0x19527b14,0x19527b14,MATCH
phy_set_mode_ext,0x24639d80,KERNEL_OR_BUILTIN,,0,mt6375_charger;mtu3,2,2,0,1,0,0,1,1,1,1,0x24639d80,0x24639d80,MATCH
phy_start,0x6437d5ef,KERNEL_OR_BUILTIN,,0,asix,1,1,0,1,0,0,1,1,1,1,0x6437d5ef,0x6437d5ef,MATCH
phy_stop,0x535c4112,KERNEL_OR_BUILTIN,,0,asix,1,1,0,1,0,0,1,1,1,1,0x535c4112,0x535c4112,MATCH
phy_suspend,0x59e2fe57,KERNEL_OR_BUILTIN,,0,asix,1,1,0,1,0,0,1,1,1,1,0x59e2fe57,0x59e2fe57,MATCH
phylink_connect_phy,0x8499b592,KERNEL_OR_BUILTIN,,0,asix,1,1,0,1,0,0,0,0,1,1,0x8499b592,0x8499b592,MATCH
phylink_create,0xbf6f5524,KERNEL_OR_BUILTIN,,0,asix,1,1,0,1,0,0,0,0,1,1,0xbf6f5524,0xbf6f5524,MATCH
phylink_destroy,0xf3083a1d,KERNEL_OR_BUILTIN,,0,asix,1,1,0,1,0,0,0,0,1,1,0xf3083a1d,0xf3083a1d,MATCH
phylink_disconnect_phy,0x983276da,KERNEL_OR_BUILTIN,,0,asix,1,1,0,1,0,0,0,0,1,1,0x983276da,0x983276da,MATCH
phylink_ethtool_get_pauseparam,0xf8fe5642,KERNEL_OR_BUILTIN,,0,asix,1,1,0,1,0,0,0,0,1,1,0xf8fe5642,0xf8fe5642,MATCH
phylink_ethtool_set_pauseparam,0x15c4e3e2,KERNEL_OR_BUILTIN,,0,asix,1,1,0,1,0,0,0,0,1,1,0x15c4e3e2,0x15c4e3e2,MATCH
phylink_generic_validate,0xfba18256,KERNEL_OR_BUILTIN,,0,asix,1,1,0,1,0,0,0,0,1,1,0xfba18256,0xfba18256,MATCH
phylink_resume,0xc0a8f4be,KERNEL_OR_BUILTIN,,0,asix,1,1,0,1,0,0,0,0,1,1,0xc0a8f4be,0xc0a8f4be,MATCH
phylink_start,0x911fcd6c,KERNEL_OR_BUILTIN,,0,asix,1,1,0,1,0,0,0,0,1,1,0x911fcd6c,0x911fcd6c,MATCH
phylink_stop,0xdcb0a2c0,KERNEL_OR_BUILTIN,,0,asix,1,1,0,1,0,0,0,0,1,1,0xdcb0a2c0,0xdcb0a2c0,MATCH
phylink_suspend,0x16ca1a8a,KERNEL_OR_BUILTIN,,0,asix,1,1,0,1,0,0,0,0,1,1,0x16ca1a8a,0x16ca1a8a,MATCH
pick_migrate_task,0x8549348b,KERNEL_OR_BUILTIN,,0,scheduler,1,1,0,1,0,0,0,0,1,1,0x8549348b,0x8549348b,MATCH
pid_task,0x564f2dac,KERNEL_OR_BUILTIN,,0,aee_aed;ged;mali_kbase_mt6878_r44,3,3,0,1,0,0,1,1,1,1,0x564f2dac,0x564f2dac,MATCH
pin_user_pages,0xd54ac0d7,KERNEL_OR_BUILTIN,,0,gzvm;mali_kbase_mt6878_r44,2,2,0,1,0,0,1,1,1,1,0xd54ac0d7,0xd54ac0d7,MATCH
pin_user_pages_remote,0x5bc7a0cf,KERNEL_OR_BUILTIN,,0,mali_kbase_mt6878_r44,1,1,0,1,0,0,1,1,1,1,0x5bc7a0cf,0x5bc7a0cf,MATCH
pinconf_generic_parse_dt_config,0xd8214267,KERNEL_OR_BUILTIN,,0,pinctrl_mtk_v2,1,1,0,1,0,0,1,1,1,1,0xd8214267,0xd8214267,MATCH
pinctrl_dev_get_drvdata,0x7797518d,KERNEL_OR_BUILTIN,,0,pinctrl_mtk_v2,1,1,0,1,0,0,1,1,1,1,0x7797518d,0x7797518d,MATCH
pinctrl_enable,0x97e63aad,KERNEL_OR_BUILTIN,,0,pinctrl_mtk_v2,1,1,0,1,0,0,1,1,1,1,0x97e63aad,0x97e63aad,MATCH
pinctrl_gpio_direction_input,0x1bc5eebe,KERNEL_OR_BUILTIN,,0,pinctrl_mtk_v2,1,1,0,1,0,0,1,1,1,1,0x1bc5eebe,0x1bc5eebe,MATCH
pinctrl_gpio_direction_output,0x1b8822d8,KERNEL_OR_BUILTIN,,0,pinctrl_mtk_v2,1,1,0,1,0,0,1,1,1,1,0x1b8822d8,0x1b8822d8,MATCH
pinctrl_lookup_state,0xfcab557c,KERNEL_OR_BUILTIN,,0,connfem;conninfra;fingerprint;gps_drv_dl_v051;imgsensor;leds_ln2403;main2_vcm;main3_vcm;main4_vcm;main_vcm;mediatek_drm;mediatek_drm_panel_drv;mt6369_accdet;mtk_mmc;snd_soc_mt6878_afe;spi_tiny_co5300_lcd;sub_vcm,17,17,0,1,0,0,1,1,1,1,0xfcab557c,0xfcab557c,MATCH
pinctrl_pm_select_default_state,0x1fea7275,KERNEL_OR_BUILTIN,,0,8250_mtk,1,1,0,1,0,0,1,1,1,1,0x1fea7275,0x1fea7275,MATCH
pinctrl_pm_select_sleep_state,0x099f3df5,KERNEL_OR_BUILTIN,,0,8250_mtk,1,1,0,1,0,0,1,1,1,1,0x099f3df5,0x099f3df5,MATCH
pinctrl_select_state,0x92ee9662,KERNEL_OR_BUILTIN,,0,connfem;conninfra;fingerprint;gps_drv_dl_v051;imgsensor;leds_ln2403;main2_vcm;main3_vcm;main4_vcm;main_vcm;mediatek_drm;mediatek_drm_panel_drv;mt6369_accdet;mtk_mmc;snd_soc_mt6878_afe;spi_tiny_co5300_lcd;sub_vcm,17,17,0,1,0,0,1,1,1,1,0x92ee9662,0x92ee9662,MATCH
pinctrl_utils_add_map_configs,0xaaf51727,KERNEL_OR_BUILTIN,,0,pinctrl_mtk_v2,1,1,0,1,0,0,1,1,1,1,0xaaf51727,0xaaf51727,MATCH
pinctrl_utils_free_map,0xb0881018,KERNEL_OR_BUILTIN,,0,pinctrl_mtk_v2,1,1,0,1,0,0,1,1,1,1,0xb0881018,0xb0881018,MATCH
pinctrl_utils_reserve_map,0xcd28a368,KERNEL_OR_BUILTIN,,0,pinctrl_mtk_v2,1,1,0,1,0,0,1,1,1,1,0xcd28a368,0xcd28a368,MATCH
platform_bus_type,0xdede9e3e,KERNEL_OR_BUILTIN,,0,bus_parity;cache_parity;last_bus;mediatek_drm;mmqos_common,5,5,0,1,0,0,1,1,1,1,0xdede9e3e,0xdede9e3e,MATCH
platform_device_add,0xd65fc9c9,KERNEL_OR_BUILTIN,,0,clk_common;xhci_mtk_hcd_v2,2,2,0,1,0,0,1,1,1,1,0xd65fc9c9,0xd65fc9c9,MATCH
platform_device_add_resources,0x268de1a1,KERNEL_OR_BUILTIN,,0,xhci_mtk_hcd_v2,1,1,0,1,0,0,0,0,1,1,0x268de1a1,0x268de1a1,MATCH
platform_device_alloc,0x1e3487b9,KERNEL_OR_BUILTIN,,0,clk_common;xhci_mtk_hcd_v2,2,2,0,1,0,0,1,1,1,1,0x1e3487b9,0x1e3487b9,MATCH
platform_device_put,0x76627f7f,KERNEL_OR_BUILTIN,,0,clk_common;mediatek_drm;mtk_cam_isp7sp;xhci_mtk_hcd_v2,4,4,0,1,0,0,1,1,1,1,0x76627f7f,0x76627f7f,MATCH
platform_device_register_full,0xa1170196,KERNEL_OR_BUILTIN,,0,cfg80211;clk_common;clk_fmeter_mt6878;mtk_dvfsrc,4,4,0,1,0,0,1,1,1,1,0xa1170196,0xa1170196,MATCH
platform_device_unregister,0xcaaae4ca,KERNEL_OR_BUILTIN,,0,cfg80211;clk_common;fmradio_drv_connac2x;gz_trusty_mod;mtk_dvfsrc;xhci_mtk_hcd_v2,6,6,0,1,0,0,1,1,1,1,0xcaaae4ca,0xcaaae4ca,MATCH
platform_driver_unregister,0xe1b15563,KERNEL_OR_BUILTIN,,0,8250_mtk;apu_top;apusys;arm_dsu_pmu;atf_logger;backlight_cooling;board_temp;bus_parity;cache_parity;camera_af_media;camera_dpe_isp7sp;charger_cooling;clk_bringup;clk_chk_mt6878;clk_common;clk_dbg_mt6878;clk_disable_unused;clk_fmeter_mt6878;clk_mt6878;clk_mt6878_adsp;clk_mt6878_bus;clk_mt6878_cam;clk_mt6878_ccu;clk_mt6878_img;clk_mt6878_mdpsys;clk_mt6878_mmsys;clk_mt6878_peri;clk_mt6878_vcodec;clk_mt6878_vlp;clkbuf;cmdq_test;connfem;conninfra;connscp;cpuqos_v3;dbg_error_flag;device_apc_mt6878;emi_fake_eng;extcon_mtk_usb;fhctl;fingerprint;flashlight;fmradio_drv_connac2x;ged;gps_drv_dl_v051;gpueb;gz_irq_mod;gz_log_mod;gz_main_mod;gz_trusty_mod;gz_tz_system;gz_virtio_mod;gzvm;hci_uart;i2c_mt65xx;iommu_debug;iommu_secure;last_bus;leds_ln2403;leds_mtk_disp;mali_kbase_mt6878_r44;mali_mgm_mt6878_r44;mali_prot_alloc_mt6878_r44;md_cooling_all;mdp_drv_mt6878;mediatek_cpufreq_hw;mediatek_drm;mediatek_drm_gateic;mediatek_drm_panel_drv;mmqos_mt6878;mt6315_regulator;mt6363_regulator;mt6369_accdet;mt6369_regulator;mt6375_adc;mt6375_auxadc;mt6375_battery;mt6375_charger;mt6685_audclk;mt6878_mt6369;mtk_aie;mtk_aie_debug_7sp_2;mtk_battery_oc_throttling;mtk_bp_thl;mtk_btcvsd;mtk_cam_isp7sp;mtk_ccd_remoteproc;mtk_ccuv;mtk_cg_peak_power_throttling;mtk_charger_framework;mtk_chg_type_det;mtk_cm_mgr_mt6878;mtk_composite;mtk_cpu_power_throttling;mtk_disp_sec;mtk_dvfsrc;mtk_dvfsrc_devfreq;mtk_dvfsrc_helper;mtk_dvfsrc_regulator;mtk_dvfsrc_start;mtk_dynamic_loading_throttling;mtk_emi;mtk_fpsgo;mtk_gpu_power_throttling;mtk_gpufreq_mt6878;mtk_gpufreq_wrapper;mtk_hcp;mtk_imgsys_cmdq;mtk_imgsys_isp7sp;mtk_imgsys_v4l2;mtk_iommu;mtk_ipesys_me;mtk_irtx_pwm;mtk_jpeg;mtk_low_battery_throttling;mtk_lpm_dbg_common_v2;mtk_md_power_throttling;mtk_mdpm;mtk_mmc;mtk_mmdvfs;mtk_mmdvfs_debug;mtk_mmdvfs_v3_start;mtk_mminfra_debug;mtk_mminfra_imax;mtk_pbm;mtk_pd_adapter;mtk_pd_charging;mtk_peak_power_budget;mtk_pep;mtk_pep40;mtk_pep50;mtk_pm_domain_disable_unused;mtk_pmic_keys;mtk_pmic_oc_debug;mtk_pmic_wrap;mtk_pwm;mtk_qos;mtk_scp_audiocommon;mtk_scpsys;mtk_scpsys_bringup;mtk_scpsys_mt6878;mtk_sec_heap;mtk_soc_offload_common;mtk_spmi_pmic_adc;mtk_uart_apdma;mtk_vcodec_dec_v1;mtk_vcodec_enc_v1;mtk_vcu;mtk_vmm_isp71_regulator;mtk_vmm_notifier;mtk_vmm_spm;mtk_wdt;mtu3;mux_switch;nvmem_mt635x_efuse;nvmem_mtk_devinfo;pd_chk_mt6878;pda_drv_mt6878;phy_mtk_ufs;phy_mtk_xsphy;pinctrl_mt6363;pmic_lbat_service;pmic_lvsys_notify;pmic_temp;pwm_mtk_disp;regulator_vibrator;reset_ti_syscon;rt_pd_manager;rtc_mt6685;sapu;scheduler;scp;sec;sec_rng;snd_soc_audiodsp_common;snd_soc_mt6369;snd_soc_mt6878_afe;snd_soc_mtk_scp_ultra;soc_temp_lvts;spi_mt65xx;spmi_mtk_mpu;spmi_mtk_pmif;syscon_reboot_mode;system_heap;tcpc_mt6375;teeperf;thermal_generic_adc;thermal_interface;timer_mediatek;tkcore_drv;tmem_ffa;uarthub_drv;ufs_mediatek_mod;usb_logger;usb_meta;usb_offload;vcp;vtskin_temp;widevine_driver;wifi_cooling;wlan_drv_gen4m_6878;xhci_mtk_hcd_v2;yft_devinfo;yft_gpio_keys;yft_tiny2c_usb;yft_tpd_gesture,206,206,0,1,0,0,1,1,1,1,0xe1b15563,0xe1b15563,MATCH
platform_find_device_by_driver,0x9dcf7ea0,KERNEL_OR_BUILTIN,,0,mtk_cam_isp7sp,1,1,0,1,0,0,1,1,1,1,0x9dcf7ea0,0x9dcf7ea0,MATCH
platform_get_irq,0x6e4e69eb,KERNEL_OR_BUILTIN,,0,8250_mtk;apusys;arm_dsu_pmu;camera_dpe_isp7sp;conninfra;gps_drv_dl_v051;hci_uart;i2c_mt65xx;mediatek_drm;met;mt6375_auxadc;mt6375_battery;mtk_btcvsd;mtk_cam_isp7sp;mtk_cmdq_drv_ext;mtk_dpc;mtk_dvfsrc;mtk_iommu;mtk_jpeg;mtk_mbox_mailbox;mtk_mmc;mtk_mminfra_debug;mtk_mml;mtk_pmic_keys;mtk_pmic_wrap;mtk_pwm;mtk_uart_apdma;mtk_vcodec_common;mtk_wdt;mtu3;rtc_mt6685;snd_soc_audiodsp_common;snd_soc_mt6878_afe;soc_temp_lvts;spi_mt65xx;ufs_mediatek_mod;xhci_mtk_hcd_v2,37,37,0,1,0,0,1,1,1,1,0x6e4e69eb,0x6e4e69eb,MATCH
platform_get_irq_byname,0x7923336f,KERNEL_OR_BUILTIN,,0,apusys;clk_common;mali_kbase_mt6878_r44;mt6369_accdet;mt6375_battery;mt6375_charger;mtk_battery_oc_throttling;mtk_cam_isp7sp;mtk_mbox;pmic_lbat_service;scp;spmi_mtk_pmif;sspm_v3;tcpc_mt6375;vcp,15,15,0,1,0,0,1,1,1,1,0x7923336f,0x7923336f,MATCH
platform_get_irq_byname_optional,0x0fa61621,KERNEL_OR_BUILTIN,,0,mt6363_regulator;mt6369_regulator;mtk_pmic_oc_debug;mtu3;pmic_lvsys_notify;xhci_mtk_hcd_v2,6,6,0,1,0,0,1,1,1,1,0x0fa61621,0x0fa61621,MATCH
platform_get_irq_optional,0xd50c7c98,KERNEL_OR_BUILTIN,,0,8250_mtk,1,1,0,1,0,0,1,1,1,1,0xd50c7c98,0xd50c7c98,MATCH
platform_get_resource,0xdf05713c,KERNEL_OR_BUILTIN,,0,8250_mtk;apusys;board_temp;clk_mt6878;cmdq_sec_drv;cpudvfs;cpufreq_sugov_ext;cpuqos_v3;emi_mpu;i2c_mt65xx;mali_kbase_mt6878_r44;mediatek_cpufreq_hw;mediatek_drm;mt6369_accdet;mtk_aie;mtk_ccd_remoteproc;mtk_cm_mgr_mt6878;mtk_cmdq_drv_ext;mtk_dramc;mtk_dvfsrc;mtk_iommu;mtk_jpeg;mtk_mbox_mailbox;mtk_mmc;mtk_mminfra_debug;mtk_perf_common;mtk_qos;mtk_scpsys;mtk_smi;mtk_smi_dbg;mtk_vcodec_dec_v1;mtk_vcodec_enc_v1;mtk_vcu;mtk_vmm_spm;phy_mtk_xsphy;scheduler;scp;snd_soc_mt6878_afe;soc_temp_lvts,39,39,0,1,0,0,1,1,1,1,0xdf05713c,0xdf05713c,MATCH
platform_get_resource_byname,0xbce59abf,KERNEL_OR_BUILTIN,,0,adsp;apu_top;apusys;cqhci;gps_drv_dl_v051;gpueb;mali_prot_alloc_mt6878_r44;mcupm;mtk_cam_isp7sp;mtk_cm_mgr;mtk_dpc;mtk_dvfsrc_helper;mtk_gpufreq_mt6878;mtk_mbox;mtk_mminfra_imax;mtk_peak_power_budget;mtk_pmic_wrap;mtk_vmm_notifier;spmi_mtk_mpu;spmi_mtk_pmif;sspm_v3;thermal_interface;vcp;xhci_mtk_hcd_v2,24,24,0,1,0,0,1,1,1,1,0xbce59abf,0xbce59abf,MATCH
platform_irq_count,0x5bdb31a2,KERNEL_OR_BUILTIN,,0,mtk_dpc,1,1,0,1,0,0,0,0,1,1,0x5bdb31a2,0x5bdb31a2,MATCH
platform_unregister_drivers,0xebe20459,KERNEL_OR_BUILTIN,,0,mtk_mmdvfs_v3;mtk_mml;mtk_smi,3,3,0,1,0,0,1,1,1,1,0xebe20459,0xebe20459,MATCH
pm_generic_resume,0xa7ee18bd,KERNEL_OR_BUILTIN,,0,mtk_mbraink,1,1,0,1,0,0,0,0,1,1,0xa7ee18bd,0xa7ee18bd,MATCH
pm_generic_suspend,0x4df81384,KERNEL_OR_BUILTIN,,0,mtk_mbraink,1,1,0,1,0,0,0,0,1,1,0x4df81384,0x4df81384,MATCH
pm_genpd_add_device,0xb770126c,KERNEL_OR_BUILTIN,,0,clk_common,1,1,0,1,0,0,1,1,1,1,0xb770126c,0xb770126c,MATCH
pm_genpd_add_subdomain,0xe27d9b2f,KERNEL_OR_BUILTIN,,0,mtk_scpsys;mtk_scpsys_mt6878,2,2,0,1,0,0,1,1,1,1,0xe27d9b2f,0xe27d9b2f,MATCH
pm_genpd_init,0x299e6b06,KERNEL_OR_BUILTIN,,0,mtk_scpsys,1,1,0,1,0,0,1,1,1,1,0x299e6b06,0x299e6b06,MATCH
pm_genpd_remove_device,0x0a9933c2,KERNEL_OR_BUILTIN,,0,clk_common,1,1,0,1,0,0,1,1,1,1,0x0a9933c2,0x0a9933c2,MATCH
pm_get_active_wakeup_sources,0x3a8edb31,KERNEL_OR_BUILTIN,,0,mtk_lpm_dbg_common_v2,1,1,0,1,0,0,1,1,1,1,0x3a8edb31,0x3a8edb31,MATCH
pm_relax,0xf28b90d8,KERNEL_OR_BUILTIN,,0,mt6375_adc;mt6375_auxadc;mtk_pep50;mtu3;tcpc_class;tcpc_mt6375;yft_gpio_keys,7,7,0,1,0,0,1,1,1,1,0xf28b90d8,0xf28b90d8,MATCH
pm_runtime_allow,0xfeb3fe8a,KERNEL_OR_BUILTIN,,0,xhci_mtk_hcd_v2,1,1,0,1,0,0,0,0,1,1,0xfeb3fe8a,0xfeb3fe8a,MATCH
pm_runtime_enable,0x6a902ced,KERNEL_OR_BUILTIN,,0,8250_mtk;apu_top;apusys;aw36515;aw36518;aw36518_v2;camera_dpe_isp7sp;ccci_md_all;clk_common;clk_disable_unused;cmdq_sec_drv;conninfra;dw9781c;hci_uart;mali_kbase_mt6878_r44;mdp_drv_mt6878;mediatek_drm;mtk_aie;mtk_cam_isp7sp;mtk_ccuv;mtk_cmdq_drv_ext;mtk_dpc;mtk_imgsys_v4l2;mtk_iommu;mtk_ipesys_me;mtk_jpeg;mtk_mmc;mtk_mmdvfs_v3;mtk_mminfra_debug;mtk_mml;mtk_pm_domain_disable_unused;mtk_scpsys_bringup;mtk_smi;mtk_vcodec_dec_v1;mtk_vcodec_enc_v1;mtk_vmm_notifier;mtu3;pda_drv_mt6878;snd_soc_audiodsp_common;snd_soc_mt6878_afe;snd_soc_mtk_scp_ultra;spi_mt65xx;ufs_mediatek_mod;usbnet;vcp;xhci_mtk_hcd_v2,46,46,0,1,0,0,1,1,1,1,0x6a902ced,0x6a902ced,MATCH
pm_runtime_forbid,0x19ad42e8,KERNEL_OR_BUILTIN,,0,mtu3;phy_mtk_ufs;xhci_mtk_hcd_v2,3,3,0,1,0,0,1,1,1,1,0x19ad42e8,0x19ad42e8,MATCH
pm_runtime_force_resume,0xc4585928,KERNEL_OR_BUILTIN,,0,aw36518;aw36518_v2;dw9781c;mtk_cam_isp7sp;mtk_iommu;mtk_mmc,6,6,0,1,0,0,1,1,1,1,0xc4585928,0xc4585928,MATCH
pm_runtime_force_suspend,0xe47cf318,KERNEL_OR_BUILTIN,,0,aw36518;aw36518_v2;dw9781c;mtk_cam_isp7sp;mtk_iommu;mtk_mmc,6,6,0,1,0,0,1,1,1,1,0xe47cf318,0xe47cf318,MATCH
pm_runtime_get_if_active,0x5be6bfd3,KERNEL_OR_BUILTIN,,0,mediatek_drm;mtk_cam_isp7sp;mtk_iommu;mtk_mminfra_debug;mtk_smi;mtk_smi_dbg,6,6,0,1,0,0,1,1,1,1,0x5be6bfd3,0x5be6bfd3,MATCH
pm_runtime_irq_safe,0x541a80cc,KERNEL_OR_BUILTIN,,0,mediatek_drm;mtk_cmdq_drv_ext;mtk_dpc;mtk_mminfra_debug,4,4,0,1,0,0,0,0,1,1,0x541a80cc,0x541a80cc,MATCH
pm_runtime_set_autosuspend_delay,0xd84b8cdb,KERNEL_OR_BUILTIN,,0,hci_uart;mali_kbase_mt6878_r44;mtk_mmc;mtu3;spi_mt65xx;ufs_mediatek_mod;xhci_mtk_hcd_v2,7,7,0,1,0,0,1,1,1,1,0xd84b8cdb,0xd84b8cdb,MATCH
pm_stay_awake,0xe088ef99,KERNEL_OR_BUILTIN,,0,mt6375_adc;mt6375_auxadc;mtk_pep50;mtu3;tcpc_class;tcpc_mt6375;yft_gpio_keys,7,7,0,1,0,0,1,1,1,1,0xe088ef99,0xe088ef99,MATCH
pm_suspend_default_s2idle,0x9b555c8c,KERNEL_OR_BUILTIN,,0,mtk_lpm,1,1,0,1,0,0,1,1,1,1,0x9b555c8c,0x9b555c8c,MATCH
pm_suspend_target_state,0x377bbcbc,KERNEL_OR_BUILTIN,,0,ufs_mediatek_mod,1,1,0,1,0,0,0,0,1,1,0x377bbcbc,0x377bbcbc,MATCH
pm_system_wakeup,0x8c0215f2,KERNEL_OR_BUILTIN,,0,aee_hangdet;ccci_dpmaif;mtk_lpm_dbg_common_v2;mtk_lpm_plat_v1;tcpc_mt6375,5,5,0,1,0,0,1,1,1,1,0x8c0215f2,0x8c0215f2,MATCH
pm_wakeup_dev_event,0x2fc1eba5,KERNEL_OR_BUILTIN,,0,hynitron;yft_gpio_keys,2,2,0,1,0,0,1,1,1,1,0x2fc1eba5,0x2fc1eba5,MATCH
pm_wakeup_ws_event,0x43b33a8d,KERNEL_OR_BUILTIN,,0,bt_drv_6878;ccci_md_all;ccmni;focaltech_touch_spi_ft3680;microarray_fp_tee;mt6369_accdet;mtk_vow;sensorhub;st21nfc;usb_boost;wlan_drv_gen4m_6878,11,11,0,1,0,0,1,1,1,1,0x43b33a8d,0x43b33a8d,MATCH
pm_wq,0x7d59dd46,KERNEL_OR_BUILTIN,,0,apu_top,1,1,0,1,0,0,1,1,1,1,0x7d59dd46,0x7d59dd46,MATCH
power_supply_changed,0xdf24b749,KERNEL_OR_BUILTIN,,0,charger_cooling;imgsensor;mt6375_auxadc;mt6375_battery;mt6375_charger;mtk_charger_framework;sc8571_charger,7,7,0,1,0,0,1,1,1,1,0xdf24b749,0xdf24b749,MATCH
power_supply_get_by_name,0x60e98d99,KERNEL_OR_BUILTIN,,0,aw883xx_driver;ccci_md_all;charger_cooling;extcon_mtk_usb;imgsensor;leds_rgb_aw2013;mt6375_auxadc;mt6375_battery;mt6375_charger;mtk_cg_peak_power_throttling;mtk_charger_framework;mtk_dynamic_loading_throttling;mtk_low_battery_throttling;mtk_mbraink;mtk_pbm;mtk_pd_charging;mtk_peak_power_budget;mtk_pep;mtk_pep40;mtk_pep50;mtk_perf_common;mtk_spmi_pmic_adc;mtu3;sh366003_fg;tcpc_class,25,25,0,1,0,0,1,1,1,1,0x60e98d99,0x60e98d99,MATCH
power_supply_get_by_phandle,0x38758b0d,KERNEL_OR_BUILTIN,,0,mt6375_auxadc,1,1,0,0,0,0,0,0,0,0,0x38758b0d,0x38758b0d,MATCH
power_supply_get_drvdata,0xcf81c81f,KERNEL_OR_BUILTIN,,0,mt6375_battery;mt6375_charger;mtk_charger_framework;mtk_pd_charging;mtk_pep;mtk_pep40;mtk_pep50;sc8571_charger;sh366003_fg,9,9,0,1,0,0,1,1,1,1,0xcf81c81f,0xcf81c81f,MATCH
power_supply_get_property,0xd351924c,KERNEL_OR_BUILTIN,,0,aw883xx_driver;ccci_md_all;extcon_mtk_usb;leds_rgb_aw2013;mt6375_auxadc;mt6375_battery;mt6375_charger;mtk_bp_thl;mtk_cg_peak_power_throttling;mtk_charger_framework;mtk_dynamic_loading_throttling;mtk_low_battery_throttling;mtk_mbraink;mtk_pbm;mtk_pd_charging;mtk_peak_power_budget;mtk_pep;mtk_pep40;mtk_pep50;mtk_perf_common;mtk_spmi_pmic_adc;sh366003_fg;tcpc_class,23,23,0,1,0,0,1,1,1,1,0xd351924c,0xd351924c,MATCH
power_supply_put,0x5d2d21f4,KERNEL_OR_BUILTIN,,0,mt6375_auxadc;mt6375_battery;mtk_cg_peak_power_throttling;mtk_mbraink;mtk_spmi_pmic_adc,5,5,0,1,0,0,1,1,1,1,0x5d2d21f4,0x5d2d21f4,MATCH
power_supply_reg_notifier,0x136209db,KERNEL_OR_BUILTIN,,0,extcon_mtk_usb;mt6375_battery;mtk_bp_thl;mtk_low_battery_throttling;mtk_pbm;mtk_peak_power_budget;tcpc_class,7,7,0,1,0,0,1,1,1,1,0x136209db,0x136209db,MATCH
power_supply_register,0x3a0d6aeb,KERNEL_OR_BUILTIN,,0,mt6375_battery;mtk_charger_framework,2,2,0,1,0,0,1,1,1,1,0x3a0d6aeb,0x3a0d6aeb,MATCH
power_supply_set_property,0x54344be5,KERNEL_OR_BUILTIN,,0,charger_cooling;imgsensor;mt6375_auxadc;mt6375_battery;mt6375_charger;mtk_charger_framework;mtk_chg_type_det;mtk_dynamic_loading_throttling;mtk_low_battery_throttling;mtk_pep40;mtu3,11,11,0,1,0,0,1,1,1,1,0x54344be5,0x54344be5,MATCH
power_supply_unregister,0x931aa919,KERNEL_OR_BUILTIN,,0,sc8571_charger,1,1,0,0,0,0,0,0,0,0,0x931aa919,0x931aa919,MATCH
preempt_schedule,0x43b0c9c3,KERNEL_OR_BUILTIN,,0,ccci_util_lib;cmdq_sec_drv;ged;gz_ipc_mod;gz_trusty_mod;gz_tz_system;hci_uart;lpm_gov_MHSP;mac80211;met;mrdump;mtk_c2ps;mtk_cmdq_drv_ext;mtk_fpsgo;mtk_lpm_plat_v1;mtk_sec_heap;scheduler;tipc;tkcore;wlan_drv_gen4m_6878;xhci_mtk_hcd_v2;zram;zsmalloc,23,23,0,1,1,0,1,1,1,1,0x43b0c9c3,0x43b0c9c3,MATCH
preempt_schedule_notrace,0xf70e4a4d,KERNEL_OR_BUILTIN,,0,8021q;aee_aed;apu_top;apusys;blocktag;bt_drv_6878;can_bcm;can_raw;cfg80211;cpufreq_sugov_ext;cpuqos_v3;ged;hci_uart;ieee802154;ieee802154_6lowpan;ieee802154_socket;imgsensor;l2tp_core;lpm_gov_MHSP;mac80211;mac802154;mali_kbase_mt6878_r44;md_cooling_all;mddp;mediatek_drm;met;mmqos_common;mtk_c2ps;mtk_cam_isp7sp;mtk_cg_peak_power_throttling;mtk_core_ctl;mtk_cpu_power_throttling;mtk_dvfsrc_regulator;mtk_emi;mtk_fpsgo;mtk_gpu_power_throttling;mtk_gpufreq_wrapper;mtk_icc_core;mtk_imgsys_cmdq;mtk_imgsys_v4l2;mtk_low_battery_throttling;mtk_lpm_dbg_common_v2;mtk_mbox;mtk_mmdvfs_ftrace;mtk_peak_power_budget;mtk_perf_common;mtk_vmm_isp71_regulator;mtu3;powerhal_cpu_ctrl;scheduler;snd_soc_audiodsp_common;task_turbo;thermal_trace;timer_mediatek;tipc;touch_boost;trace_mmstat;ufs_mediatek_mod;usb_logger;wmt_chrdev_wifi_connac2;xhci_mtk_hcd_v2,61,61,0,1,0,0,1,1,1,1,0xf70e4a4d,0xf70e4a4d,MATCH
prepare_to_wait,0xd5fd90f1,KERNEL_OR_BUILTIN,,0,tkcore_drv,1,1,0,0,0,0,0,0,0,0,0xd5fd90f1,0xd5fd90f1,MATCH
prepare_to_wait_event,0x8c26d495,KERNEL_OR_BUILTIN,,0,adsp;apusys;atf_logger;audio_ipi;bluetooth;bt_drv_6878;ccci_dpmaif;ccci_md_all;ccci_util_lib;ccd_rpmsg;cfg80211;conninfra;connscp;cqhci;drm_display_helper;fingerprint;fmradio_drv_connac2x;focaltech_touch_spi_ft3680;gps_drv_dl_v051;gz_ipc_mod;hci_uart;hf_manager;hidp;ieee802154;mali_kbase_mt6878_r44;mddp;mdp_drv_mt6878;mediatek_drm;microarray_fp_tee;mmqos_common;monitor_hang;mt6375_battery;mtk_aie;mtk_bp_thl;mtk_btcvsd;mtk_c2ps;mtk_cam_isp7sp;mtk_ccuv;mtk_charger_framework;mtk_chg_type_det;mtk_cmdq_drv_ext;mtk_dpc;mtk_dynamic_loading_throttling;mtk_fpsgo;mtk_hcp;mtk_imgsys_v4l2;mtk_low_battery_throttling;mtk_mml;mtk_pep50;mtk_soc_offload_common;mtk_vcodec_common;mtk_vcodec_dec_v1;mtk_vcodec_enc_v1;mtk_vcu;mtk_vow;pda_drv_mt6878;powerhal_cpu_ctrl;rfkill;scp;slcan;snd_soc_audiodsp_common;system_heap;tcpc_class;tcpc_mt6375;tkcore;touch_boost;usbserial;wlan_drv_gen4m_6878;wmt_chrdev_wifi_connac2;wwan;yft_tpd_gesture,71,72,0,1,0,0,1,1,1,1,0x8c26d495,0x8c26d495,MATCH
print_hex_dump,0x167c5967,KERNEL_OR_BUILTIN,,0,apu_top;apusys;drm_display_helper;mdp_drv_mt6878;mediatek_drm;ufs_mediatek_mod,6,6,0,1,0,0,1,1,1,1,0x167c5967,0x167c5967,MATCH
proc_create,0x0524767b,KERNEL_OR_BUILTIN,,0,aee_aed;apusys;atf_logger;blocktag;bootprof;bt_drv_6878;c2ps_perf_ioctl;ccci_dpmaif;ccci_md_all;ccci_util_lib;clk_common;conninfra;cpuqos_v3;device_apc_common;fmradio_drv_connac2x;ged;gps_drv_dl_v051;gpueb;log_store;mali_kbase_mt6878_r44;mdp_drv_mt6878;mediatek_drm;met;mmprofile;mmqos_common;mrdump;mtk_cmdq_drv_ext;mtk_core_ctl;mtk_gpu_qos;mtk_gpufreq_wrapper;mtk_hcp;mtk_ioctl_powerhal;mtk_ioctl_touch_boost;mtk_mdpm;mtk_mmc_dbg;mtk_mmdvfs_debug;mtk_pbm;mtk_peak_power_budget;mtk_perf_ioctl;mtk_perf_ioctl_magt;mtk_printk_ctrl;pidmap;powerhal_cpu_ctrl;scheduler;scp;sec;sec_rng;teeperf;touch_boost;uarthub_drv;ufs_mediatek_dbg;uload_ind;vcp;yft_devinfo,54,54,0,1,0,0,1,1,1,1,0x0524767b,0x0524767b,MATCH
proc_create_data,0x7ae3018a,KERNEL_OR_BUILTIN,,0,apusys;cpudvfs;extcon_mtk_usb;focaltech_touch_spi_ft3680;gz_log_mod;hf_manager;iommu_debug;mtk_battery_oc_throttling;mtk_cam_isp7sp;mtk_charger_framework;mtk_heap_debug;mtk_lpm;mtk_swpm;mux_switch;phy_mtk_xsphy;pinctrl_mtk_common_v2_debug;tkcore;usb_logger;xhci_mtk_hcd_v2,19,19,0,1,0,0,1,1,1,1,0x7ae3018a,0x7ae3018a,MATCH
proc_create_net_data,0x7551a863,KERNEL_OR_BUILTIN,,0,8021q;l2tp_ppp,2,2,0,1,0,0,0,0,1,1,0x7551a863,0x7551a863,MATCH
proc_create_net_single,0xb513532d,KERNEL_OR_BUILTIN,,0,can;can_bcm,2,2,0,1,0,0,0,0,1,1,0xb513532d,0xb513532d,MATCH
proc_create_seq_private,0xaf1d0f53,KERNEL_OR_BUILTIN,,0,bluetooth,1,2,0,1,0,0,0,0,1,1,0xaf1d0f53,0xaf1d0f53,MATCH
proc_create_single_data,0x690c126f,KERNEL_OR_BUILTIN,,0,8021q;apusys,2,2,0,1,0,0,1,1,1,1,0x690c126f,0x690c126f,MATCH
proc_dointvec_jiffies,0xdf6b082f,KERNEL_OR_BUILTIN,,0,ieee802154_6lowpan,1,1,0,1,0,0,0,0,1,1,0xdf6b082f,0xdf6b082f,MATCH
proc_dointvec_minmax,0x2cdf87a1,KERNEL_OR_BUILTIN,,0,ccci_dpmaif;ccmni;tipc,3,3,0,1,0,0,1,1,1,1,0x2cdf87a1,0x2cdf87a1,MATCH
proc_doulongvec_minmax,0xec2e1c8f,KERNEL_OR_BUILTIN,,0,ieee802154_6lowpan;tipc,2,2,0,1,0,0,0,0,1,1,0xec2e1c8f,0xec2e1c8f,MATCH
proc_mkdir,0x1e39ba1c,KERNEL_OR_BUILTIN,,0,aee_aed;apusys;atf_logger;blocktag;c2ps_perf_ioctl;cpudvfs;cpufreq_sugov_ext;cpuqos_v3;extcon_mtk_usb;gpueb;iommu_debug;mali_kbase_mt6878_r44;mdp_drv_mt6878;mediatek_drm;met;mmprofile;mmqos_common;mrdump;mtk_battery_oc_throttling;mtk_cam_isp7sp;mtk_charger_framework;mtk_cmdq_drv_ext;mtk_core_ctl;mtk_gpu_qos;mtk_gpufreq_wrapper;mtk_hcp;mtk_heap_debug;mtk_ioctl_powerhal;mtk_ioctl_touch_boost;mtk_lpm;mtk_mdpm;mtk_mmdvfs_debug;mtk_pbm;mtk_peak_power_budget;mtk_perf_ioctl;mtk_perf_ioctl_magt;mtk_swpm;mux_switch;phy_mtk_xsphy;pinctrl_mtk_common_v2_debug;powerhal_cpu_ctrl;scheduler;scp;tkcore;touch_boost;uload_ind;usb_logger;vcp;wlan_drv_gen4m_6878;xhci_mtk_hcd_v2,50,50,0,1,0,0,1,1,1,1,0x1e39ba1c,0x1e39ba1c,MATCH
proc_remove,0xce01cfc4,KERNEL_OR_BUILTIN,,0,8021q;apusys;blocktag;bt_drv_6878;conninfra;focaltech_touch_spi_ft3680;gps_drv_dl_v051;gz_log_mod;log_store;mediatek_drm;met;mmprofile;mtk_cam_isp7sp;mtk_hcp;mtk_heap_debug;mtk_lpm;mtk_printk_ctrl;mtk_swpm;mux_switch;phy_mtk_xsphy;pidmap;tkcore;uarthub_drv;usb_logger;xhci_mtk_hcd_v2,25,25,0,1,0,0,1,1,1,1,0xce01cfc4,0xce01cfc4,MATCH
proc_set_user,0x7aa2a539,KERNEL_OR_BUILTIN,,0,blocktag;mtk_hcp;mtk_heap_debug;mtk_mmc_dbg;pidmap;pinctrl_mtk_common_v2_debug;ufs_mediatek_dbg;wlan_drv_gen4m_6878,8,8,0,1,0,0,1,1,1,1,0x7aa2a539,0x7aa2a539,MATCH
proto_register,0x4feb4ee3,KERNEL_OR_BUILTIN,,0,bluetooth;can;hidp;ieee802154_socket;l2tp_ppp;nfc;pptp;rfcomm;tipc,9,10,0,1,0,0,0,0,1,1,0x4feb4ee3,0x4feb4ee3,MATCH
proto_unregister,0xa56e6382,KERNEL_OR_BUILTIN,,0,bluetooth;can;hidp;ieee802154_socket;l2tp_ppp;nfc;pptp;rfcomm;tipc,9,10,0,1,0,0,0,0,1,1,0xa56e6382,0xa56e6382,MATCH
pskb_expand_head,0x4d1a048c,KERNEL_OR_BUILTIN,,0,6lowpan;ax88179_178a;l2tp_core;l2tp_ppp;mac80211;nhc_udp;ppp_generic;r8152;tipc,9,9,0,1,0,0,1,1,1,1,0x4d1a048c,0x4d1a048c,MATCH
pskb_put,0xd6916a65,KERNEL_OR_BUILTIN,,0,tipc,1,1,0,1,0,0,0,0,1,1,0xd6916a65,0xd6916a65,MATCH
put_cmsg,0x31108fe3,KERNEL_OR_BUILTIN,,0,bluetooth;ieee802154_socket;tipc,3,4,0,1,0,0,0,0,1,1,0x31108fe3,0x31108fe3,MATCH
put_device,0xc0052169,KERNEL_OR_BUILTIN,,0,apu_top;bluetooth;camera_dpe_isp7sp;ccd_rpmsg;cfg80211;ffa_v10;hidp;ieee802154;mali_kbase_mt6878_r44;mediatek_drm;mtk_aie;mtk_cam_isp7sp;mtk_ccd_remoteproc;mtk_jpeg;mtu3;nfc;rfcomm;rfkill;rpmb;spi_mt65xx;spmi_mtk_pmif;tkcore;usbserial;wwan,24,25,0,1,0,0,1,1,1,1,0xc0052169,0xc0052169,MATCH
put_disk,0x00cc8390,KERNEL_OR_BUILTIN,,0,zram,1,1,0,1,0,0,0,0,1,1,0x00cc8390,0x00cc8390,MATCH
put_pid,0x354db4c3,KERNEL_OR_BUILTIN,,0,mali_kbase_mt6878_r44;monitor_hang;mtk_cam_isp7sp;mtk_heap_debug;mtk_mbraink,5,5,0,1,0,0,1,1,1,1,0x354db4c3,0x354db4c3,MATCH
put_unused_fd,0x3f4547a7,KERNEL_OR_BUILTIN,,0,apusys;ged;mdp_drv_mt6878;mtk_sync,4,4,0,1,0,0,1,1,1,1,0x3f4547a7,0x3f4547a7,MATCH
put_user_ifreq,0xcdcf946d,KERNEL_OR_BUILTIN,,0,ieee802154_socket,1,1,0,1,0,0,0,0,1,1,0xcdcf946d,0xcdcf946d,MATCH
put_vaddr_frames,0x1b700d37,KERNEL_OR_BUILTIN,,0,mtk_aie,1,1,0,1,0,0,1,1,1,1,0x1b700d37,0x1b700d37,MATCH
pwmchip_add,0x8471ef62,KERNEL_OR_BUILTIN,,0,pwm_mtk_disp,1,1,0,1,0,0,1,1,1,1,0x8471ef62,0x8471ef62,MATCH
pwmchip_remove,0x8bc827fe,KERNEL_OR_BUILTIN,,0,pwm_mtk_disp,1,1,0,1,0,0,1,1,1,1,0x8bc827fe,0x8bc827fe,MATCH
queue_delayed_work_on,0xbf57e89e,KERNEL_OR_BUILTIN,,0,adsp;apu_top;apusys;aw883xx_driver;bluetooth;bt_drv_6878;c2k_usb;can_dev;ccci_md_all;ccmni;cdc_acm;cfg80211;cpuqos_v3;extcon_mtk_usb;focaltech_touch_spi_ft3680;hci_uart;load_track;mac80211;mali_kbase_mt6878_r44;mdp_drv_mt6878;met;mmqos_common;mrdump;mt6363_regulator;mt6369_regulator;mt6375_charger;mtk_cm_mgr;mtk_cm_mgr_mt6878;mtk_gpu_qos;mtk_jpeg;mtk_perf_common;pd_dbg_info;pmic_lbat_service;r8152;rfkill;sensorhub;sh366003_fg;snd_soc_tfa98xx;spi_tiny_co5300_lcd;tcpc_class;tcpc_mt6375;tipc;tmem_ffa;trace_mmstat;ufs_mediatek_mod;usb_meta;wlan_drv_gen4m_6878,47,48,0,1,0,0,1,1,1,1,0xbf57e89e,0xbf57e89e,MATCH
queue_work_on,0x732ac580,KERNEL_OR_BUILTIN,,0,8250_mtk;adsp;aee_aed;aee_hangdet;apu_top;apusys;blocktag;bluetooth;bt_drv_6878;btsdio;bus_parity;c2k_usb;cache_parity;camera_dpe_isp7sp;ccci_ccif;ccci_fsm_scp;ccci_md_all;cfg80211;cmdq_sec_drv;connadp;conninfra;connscp;dbg_error_flag;drm_display_helper;dw9781c;emi_mpu;fmradio_drv_connac2x;focaltech_touch_spi_ft3680;ged;gpueb;gzvm;hci_uart;hidp;hynitron;l2tp_core;mac80211;mac802154;mali_kbase_mt6878_r44;mcupm;mddp;mdp_drv_mt6878;mediatek_drm;microarray_fp_tee;mt6369_accdet;mt6375_auxadc;mt6375_battery;mt6375_charger;mtk_aie;mtk_bp_thl;mtk_cam_isp7sp;mtk_cg_peak_power_throttling;mtk_cmdq_drv_ext;mtk_core_ctl;mtk_fpsgo;mtk_imgsys_v4l2;mtk_low_battery_throttling;mtk_lpm;mtk_lpm_dbg_common_v2;mtk_mbraink;mtk_mmc;mtk_mmdvfs_debug;mtk_mmdvfs_v3;mtk_mml;mtk_peak_power_budget;mtk_swpm_dbg_v6878;mtk_u_ether;mtk_vcodec_common;mtk_vcodec_dec_v1;mtk_vcodec_enc_v1;mtu3;nfc;phy_mtk_xsphy;regulator_vibrator;rfkill;rtc_mt6685;scheduler;scp;sensorhub;slcan;smpu;sspm_v3;st21nfc;tcpc_class;tipc;touch_boost;uarthub_drv;ufs_mediatek_mod;usb_boost;usb_meta;usbnet;usbserial;vcp;wlan_drv_gen4m_6878;zsmalloc,94,95,0,1,0,0,1,1,1,1,0x732ac580,0x732ac580,MATCH
radix_tree_delete,0x4e6e4b41,KERNEL_OR_BUILTIN,,0,xhci_mtk_hcd_v2,1,1,0,1,0,0,0,0,1,1,0x4e6e4b41,0x4e6e4b41,MATCH
radix_tree_insert,0x6fbc6a00,KERNEL_OR_BUILTIN,,0,xhci_mtk_hcd_v2,1,1,0,1,0,0,0,0,1,1,0x6fbc6a00,0x6fbc6a00,MATCH
radix_tree_lookup,0x70ad75fb,KERNEL_OR_BUILTIN,,0,xhci_mtk_hcd_v2,1,1,0,1,0,0,0,0,1,1,0x70ad75fb,0x70ad75fb,MATCH
radix_tree_maybe_preload,0xb22e16d5,KERNEL_OR_BUILTIN,,0,xhci_mtk_hcd_v2,1,1,0,1,0,0,1,1,1,1,0xb22e16d5,0xb22e16d5,MATCH
radix_tree_tagged,0x6d5f5b91,KERNEL_OR_BUILTIN,,0,bluetooth,1,2,0,1,0,0,0,0,1,1,0x6d5f5b91,0x6d5f5b91,MATCH
raw_notifier_call_chain,0xa851973a,KERNEL_OR_BUILTIN,,0,mtk_afe_external;mtk_lpm;mtk_mmdvfs_v3;mtk_smi;mtk_smi_dbg,5,5,0,1,0,0,1,1,1,1,0xa851973a,0xa851973a,MATCH
raw_notifier_chain_register,0xdc9fa232,KERNEL_OR_BUILTIN,,0,mtk_afe_external;mtk_lpm;mtk_mmdvfs_v3;mtk_smi;mtk_smi_dbg,5,5,0,1,0,0,1,1,1,1,0xdc9fa232,0xdc9fa232,MATCH
raw_notifier_chain_unregister,0xd06524ba,KERNEL_OR_BUILTIN,,0,mtk_afe_external;mtk_lpm;mtk_smi;mtk_smi_dbg,4,4,0,1,0,0,1,1,1,1,0xd06524ba,0xd06524ba,MATCH
raw_spin_rq_lock_nested,0x2ffca154,KERNEL_OR_BUILTIN,,0,scheduler,1,1,0,1,0,0,1,1,1,1,0x2ffca154,0x2ffca154,MATCH
raw_spin_rq_unlock,0xb93cb4ae,KERNEL_OR_BUILTIN,,0,mtk_c2ps;scheduler;task_turbo,3,3,0,1,0,0,1,1,1,1,0xb93cb4ae,0xb93cb4ae,MATCH
rb_erase,0x4d9b652b,KERNEL_OR_BUILTIN,,0,cfg80211;ged;gzvm;mali_kbase_mt6878_r44;mdp_drv_mt6878;mtk_fpsgo;mtk_heap_debug;mtk_sync;tipc,9,9,0,1,1,0,1,1,1,1,0x4d9b652b,0x4d9b652b,MATCH
rb_first,0xece784c2,KERNEL_OR_BUILTIN,,0,gzvm;iommu_debug;mali_kbase_mt6878_r44;mtk_fpsgo;mtk_heap_debug;tipc,6,6,0,1,1,0,1,1,1,1,0xece784c2,0xece784c2,MATCH
rb_first_postorder,0xee91879b,KERNEL_OR_BUILTIN,,0,tipc,1,1,0,1,0,0,0,0,1,1,0xee91879b,0xee91879b,MATCH
rb_insert_color,0xa5526619,KERNEL_OR_BUILTIN,,0,cfg80211;ged;gzvm;mali_kbase_mt6878_r44;mdp_drv_mt6878;mtk_fpsgo;mtk_heap_debug;mtk_sync;tipc,9,9,0,1,1,0,1,1,1,1,0xa5526619,0xa5526619,MATCH
rb_next,0xca9360b5,KERNEL_OR_BUILTIN,,0,ged;gzvm;iommu_debug;mali_kbase_mt6878_r44;mdp_drv_mt6878;mtk_fpsgo;mtk_heap_debug;mtk_sync;tipc,9,9,0,1,1,0,1,1,1,1,0xca9360b5,0xca9360b5,MATCH
rb_next_postorder,0x4e68e9be,KERNEL_OR_BUILTIN,,0,tipc,1,1,0,1,0,0,0,0,1,1,0x4e68e9be,0x4e68e9be,MATCH
rb_prev,0xf82ec573,KERNEL_OR_BUILTIN,,0,mali_kbase_mt6878_r44,1,1,0,1,1,0,1,1,1,1,0xf82ec573,0xf82ec573,MATCH
rb_replace_node,0x7fe32873,KERNEL_OR_BUILTIN,,0,mali_kbase_mt6878_r44,1,1,0,1,0,0,1,1,1,1,0x7fe32873,0x7fe32873,MATCH
rcu_barrier,0x60a13e90,KERNEL_OR_BUILTIN,,0,8021q;can;can_gw;l2tp_core;mac80211;mac802154,6,6,0,1,1,0,0,0,1,1,0x60a13e90,0x60a13e90,MATCH
rcuwait_wake_up,0xe112cd72,KERNEL_OR_BUILTIN,,0,hci_uart,1,1,0,1,0,0,0,0,1,1,0xe112cd72,0xe112cd72,MATCH
rdev_get_dev,0x9dff6aea,KERNEL_OR_BUILTIN,,0,mtk_dvfsrc_regulator,1,1,0,1,0,0,1,1,1,1,0x9dff6aea,0x9dff6aea,MATCH
rdev_get_drvdata,0x779bbf64,KERNEL_OR_BUILTIN,,0,mt6315_regulator;mt6363_regulator;mt6369_regulator;mtk_vmm_isp71_regulator;rt6160_regulator,5,5,0,1,0,0,1,1,1,1,0x779bbf64,0x779bbf64,MATCH
rdev_get_id,0x3806822a,KERNEL_OR_BUILTIN,,0,mt6315_regulator;mtk_dvfsrc_regulator,2,2,0,1,0,0,1,1,1,1,0x3806822a,0x3806822a,MATCH
rdev_get_regmap,0xf36d7d7c,KERNEL_OR_BUILTIN,,0,rt6160_regulator,1,1,0,1,0,0,1,1,1,1,0xf36d7d7c,0xf36d7d7c,MATCH
refcount_dec_and_mutex_lock,0x27c95ba3,KERNEL_OR_BUILTIN,,0,mtk_mml,1,1,0,1,0,0,0,0,1,1,0x27c95ba3,0x27c95ba3,MATCH
refcount_dec_if_one,0xc6f3b3fc,KERNEL_OR_BUILTIN,,0,tipc,1,1,0,1,0,0,0,0,1,1,0xc6f3b3fc,0xc6f3b3fc,MATCH
refcount_warn_saturate,0x0296695f,KERNEL_OR_BUILTIN,,0,apusys;bluetooth;camera_dpe_isp7sp;can;can_bcm;can_dev;can_raw;ccd_rpmsg;cdc_acm;cfg80211;cpufreq_sugov_ext;cpuqos_v3;drm_display_helper;drm_dma_helper;ged;gz_ipc_mod;hidp;ieee802154;ieee802154_6lowpan;ieee802154_socket;l2tp_core;l2tp_ppp;mac802154;mali_kbase_mt6878_r44;mddp;mdp_drv_mt6878;mediatek_drm;monitor_hang;mtk_aie;mtk_c2ps;mtk_cam_isp7sp;mtk_fpsgo;mtk_hcp;mtk_heap_debug;mtk_imgsys_cmdq;mtk_imgsys_v4l2;mtk_mbraink;mtk_mml;mtk_rpmsg_mbox;mtk_sync;mtk_vcodec_common;mtk_vcodec_dec_v1;nfc;ppp_generic;pptp;rfcomm;sapu;scheduler;task_turbo;tipc;tkcore;usb_offload;usbserial;vcan;wlan_drv_gen4m_6878,55,56,0,1,0,0,1,1,1,1,0x0296695f,0x0296695f,MATCH
regcache_cache_only,0xf09e3a6b,KERNEL_OR_BUILTIN,,0,rt6160_regulator;snd_soc_mt6878_afe,2,2,0,1,0,0,1,1,1,1,0xf09e3a6b,0xf09e3a6b,MATCH
regcache_mark_dirty,0x47325125,KERNEL_OR_BUILTIN,,0,rt6160_regulator;snd_soc_mt6878_afe,2,2,0,1,0,0,1,1,1,1,0x47325125,0x47325125,MATCH
regcache_sync,0x901719af,KERNEL_OR_BUILTIN,,0,rt6160_regulator;snd_soc_mt6878_afe,2,2,0,1,0,0,1,1,1,1,0x901719af,0x901719af,MATCH
register_chrdev_region,0x3fd78f3b,KERNEL_OR_BUILTIN,,0,bt_drv_6878;ccci_md_all;connadp;conninfra;sec;wmt_chrdev_wifi_connac2,6,6,0,1,0,0,1,1,1,1,0x3fd78f3b,0x3fd78f3b,MATCH
register_die_notifier,0xb6261484,KERNEL_OR_BUILTIN,,0,aee_aed;mediatek_cpufreq_hw;mrdump;mtk_dvfsrc_start,4,4,0,1,0,0,1,1,1,1,0xb6261484,0xb6261484,MATCH
register_inet6addr_notifier,0x60352082,KERNEL_OR_BUILTIN,,0,mac80211,1,1,0,1,0,0,0,0,1,1,0x60352082,0x60352082,MATCH
register_inetaddr_notifier,0xf68285c0,KERNEL_OR_BUILTIN,,0,mac80211;wlan_drv_gen4m_6878,2,2,0,1,0,0,1,1,1,1,0xf68285c0,0xf68285c0,MATCH
register_kprobe,0x0472cf3b,KERNEL_OR_BUILTIN,,0,aee_aed,1,1,0,1,0,0,1,1,1,1,0x0472cf3b,0x0472cf3b,MATCH
register_module_notifier,0xf353a698,KERNEL_OR_BUILTIN,,0,aee_aed;mrdump,2,2,0,1,0,0,1,1,1,1,0xf353a698,0xf353a698,MATCH
register_net_sysctl,0x883aa38a,KERNEL_OR_BUILTIN,,0,ieee802154_6lowpan;tipc,2,2,0,1,0,0,0,0,1,1,0x883aa38a,0x883aa38a,MATCH
register_netdev,0xa5940962,KERNEL_OR_BUILTIN,,0,can_dev;ccmni;mtk_u_ether;r8152;rtl8150;usbnet;wlan_drv_gen4m_6878,7,7,0,1,0,0,1,1,1,1,0xa5940962,0xa5940962,MATCH
register_netdevice,0xb4bdff70,KERNEL_OR_BUILTIN,,0,6lowpan;8021q;cfg80211;mac802154;ppp_generic;wwan,6,6,0,1,0,0,0,0,1,1,0xb4bdff70,0xb4bdff70,MATCH
register_netdevice_notifier,0xd2da1048,KERNEL_OR_BUILTIN,,0,6lowpan;8021q;can_bcm;can_gw;can_raw;cfg80211;ieee802154;ieee802154_6lowpan;mac80211;mac802154;mddp;tipc;wlan_drv_gen4m_6878,13,13,0,1,0,0,1,1,1,1,0xd2da1048,0xd2da1048,MATCH
register_oom_notifier,0x622c7922,KERNEL_OR_BUILTIN,,0,mali_kbase_mt6878_r44;mtk_heap_debug,2,2,0,1,0,0,1,1,1,1,0x622c7922,0x622c7922,MATCH
register_pernet_device,0x5b6b7163,KERNEL_OR_BUILTIN,,0,cfg80211;ieee802154;l2tp_core;l2tp_ppp;ppp_generic;tipc,6,6,0,1,0,0,0,0,1,1,0x5b6b7163,0x5b6b7163,MATCH
register_pernet_subsys,0xcf7dd4ce,KERNEL_OR_BUILTIN,,0,8021q;can;can_bcm;can_gw;ieee802154_6lowpan;mddp;tipc,7,7,0,1,0,0,1,1,1,1,0xcf7dd4ce,0xcf7dd4ce,MATCH
register_pm_notifier,0x9cc4f70a,KERNEL_OR_BUILTIN,,0,adsp;aee_hangdet;bluetooth;bt_drv_6878;camera_dpe_isp7sp;clk_common;conninfra;log_store;mdp_drv_mt6878;mediatek_drm;mt6375_battery;mtk_aie;mtk_cam_isp7sp;mtk_charger_framework;mtk_dpc;mtk_imgsys_v4l2;mtk_lpm;mtk_lpm_dbg_common_v2;mtk_lpm_dbg_mt6878;mtk_lpm_plat_v1;mtk_mbraink;mtk_mmdvfs_v3;mtk_pbm;mtk_vcodec_dec_v1;mtk_vcodec_enc_v1;mtk_vcu;r8152;rtc_mt6685;scp;sensorhub;vcp;wlan_drv_gen4m_6878,32,33,0,1,0,0,1,1,1,1,0x9cc4f70a,0x9cc4f70a,MATCH
register_reboot_notifier,0x3517383e,KERNEL_OR_BUILTIN,,0,aee_hangdet;log_store;reboot_mode;sec,4,4,0,1,0,0,1,1,1,1,0x3517383e,0x3517383e,MATCH
register_shrinker,0x63c8b495,KERNEL_OR_BUILTIN,,0,mali_kbase_mt6878_r44;mali_mgm_mt6878_r44;system_heap;zsmalloc,4,4,0,1,0,0,1,1,1,1,0x63c8b495,0x63c8b495,MATCH
register_syscore_ops,0xb9c425de,KERNEL_OR_BUILTIN,,0,ccci_md_all;mtk_lpm;mtk_lpm_dbg_common_v2;mtk_spmi_pmic_adc,4,4,0,1,0,0,1,1,1,1,0xb9c425de,0xb9c425de,MATCH
register_sysctl_table,0x6a449c4f,KERNEL_OR_BUILTIN,,0,ccci_dpmaif;ccmni,2,2,0,1,0,0,1,1,1,1,0x6a449c4f,0x6a449c4f,MATCH
register_virtio_device,0xe70d950b,KERNEL_OR_BUILTIN,,0,gz_virtio_mod,1,1,0,1,0,0,1,1,1,1,0xe70d950b,0xe70d950b,MATCH
register_virtio_driver,0x8fb3b02a,KERNEL_OR_BUILTIN,,0,gz_ipc_mod,1,1,0,1,0,0,1,1,1,1,0x8fb3b02a,0x8fb3b02a,MATCH
regmap_bulk_read,0xed962ff1,KERNEL_OR_BUILTIN,,0,extdev_io_class;mt6375;mt6375_battery;mt6375_charger;mtk_battery_oc_throttling;mtk_spmi_pmic_adc;nvmem_mt635x_efuse;pmic_lbat_service;rt5133_regulator;rtc_mt6685;sc8571_charger;tcpc_mt6375,12,12,0,1,0,0,1,1,1,1,0xed962ff1,0xed962ff1,MATCH
regmap_bulk_write,0x6272e817,KERNEL_OR_BUILTIN,,0,extdev_io_class;mt6363_regulator;mt6369_regulator;mt6375;mt6375_battery;mt6375_charger;mtk_battery_oc_throttling;nvmem_mt635x_efuse;pmic_lbat_service;rt5133_regulator;rtc_mt6685;tcpc_mt6375,12,12,0,1,0,0,1,1,1,1,0x6272e817,0x6272e817,MATCH
regmap_field_read,0xa5b6f19f,KERNEL_OR_BUILTIN,,0,mt6375_charger;sc8571_charger,2,2,0,1,0,0,1,1,1,1,0xa5b6f19f,0xa5b6f19f,MATCH
regmap_field_update_bits_base,0xc2bd74e5,KERNEL_OR_BUILTIN,,0,mt6375_charger;sc851x_charger;sc8571_charger,3,3,0,1,0,0,1,1,1,1,0xc2bd74e5,0xc2bd74e5,MATCH
regmap_raw_read,0xfcaef764,KERNEL_OR_BUILTIN,,0,mt6375_adc;mt6375_auxadc;mt6375_battery,3,3,0,1,0,0,1,1,1,1,0xfcaef764,0xfcaef764,MATCH
regmap_raw_write,0x581bec73,KERNEL_OR_BUILTIN,,0,mt6375_adc;mt6375_auxadc;mt6375_battery,3,3,0,1,0,0,1,1,1,1,0x581bec73,0x581bec73,MATCH
regmap_read,0xe4fcaad8,KERNEL_OR_BUILTIN,,0,aw36515;aw36518;aw36518_v2;ccci_dpmaif;ccci_md_all;clk_chk_mt6878;clk_common;clkbuf;conninfra;gps_drv_dl_v051;leds_rgb_aw2013;log_store;mt6315_regulator;mt6338_core;mt6363_regulator;mt6369_accdet;mt6369_regulator;mt6375;mt6375_adc;mt6375_auxadc;mt6375_battery;mt6375_charger;mt6878_mt6369;mtk_battery_oc_throttling;mtk_charger_framework;mtk_dvfsrc_helper;mtk_dynamic_loading_throttling;mtk_iommu;mtk_pmic_keys;mtk_scpsys;mtk_spmi_pmic;mtk_spmi_pmic_adc;mtu3;nvmem_mt635x_efuse;phy_mtk_xsphy;pinctrl_mtk_v2;pmic_lbat_service;pmic_temp;reset_ti_syscon;rt5133_regulator;rt6160_regulator;rtc_mt6685;sc851x_charger;sc8571_charger;scp;snd_soc_audiodsp_common;snd_soc_mt6369;snd_soc_mt6878_afe;snd_soc_mtk_common;snd_soc_mtk_scp_ultra;snd_soc_tfa98xx,51,51,0,1,0,0,1,1,1,1,0xe4fcaad8,0xe4fcaad8,MATCH
regmap_update_bits_base,0xb1d8e449,KERNEL_OR_BUILTIN,,0,aw36515;aw36518;aw36518_v2;clk_common;clkbuf;conninfra;leds_rgb_aw2013;mediatek_drm;mt6315_regulator;mt6363_regulator;mt6369_accdet;mt6369_regulator;mt6375_adc;mt6375_auxadc;mt6375_battery;mt6375_charger;mt6685_audclk;mt6878_mt6369;mtk_battery_oc_throttling;mtk_btcvsd;mtk_charger_framework;mtk_dynamic_loading_throttling;mtk_pmic_keys;mtk_pmic_oc_debug;mtk_pwm;mtk_scpsys;mtk_spmi_pmic;mtk_spmi_pmic_adc;mtu3;pinctrl_mtk_v2;pmic_lbat_service;pmic_lvsys_notify;reset_ti_syscon;rt5133_regulator;rt6160_regulator;rtc_mt6685;scp;snd_soc_mt6369;snd_soc_mt6878_afe;snd_soc_mtk_common;snd_soc_mtk_scp_ultra;syscon_reboot_mode;xhci_mtk_hcd_v2,43,43,0,1,0,0,1,1,1,1,0xb1d8e449,0xb1d8e449,MATCH
regmap_write,0x2971bc8d,KERNEL_OR_BUILTIN,,0,aw36515;aw36518;aw36518_v2;ccci_ccif;ccci_dpmaif;ccci_md_all;clk_common;conninfra;leds_rgb_aw2013;log_store;mt6315_regulator;mt6338_core;mt6363_regulator;mt6369_accdet;mt6369_regulator;mt6375;mt6375_adc;mt6375_auxadc;mt6375_battery;mt6375_charger;mtk_pmic_oc_debug;mtk_scpsys;mtk_spmi_pmic;mtk_spmi_pmic_adc;nvmem_mt635x_efuse;phy_mtk_xsphy;pinctrl_mt6363;pmic_lbat_service;pmic_lvsys_notify;rt5133_regulator;rtc_mt6685;sc851x_charger;sc8571_charger;scp;snd_soc_mt6369;snd_soc_mt6878_afe;snd_soc_mtk_common;snd_soc_mtk_scp_ultra;snd_soc_tfa98xx,39,39,0,1,0,0,1,1,1,1,0x2971bc8d,0x2971bc8d,MATCH
regulator_bulk_disable,0x842b846b,KERNEL_OR_BUILTIN,,0,hci_uart;xhci_mtk_hcd_v2,2,2,0,1,0,0,0,0,1,1,0x842b846b,0x842b846b,MATCH
regulator_bulk_enable,0x33c884ba,KERNEL_OR_BUILTIN,,0,hci_uart;xhci_mtk_hcd_v2,2,2,0,1,0,0,0,0,1,1,0x33c884ba,0x33c884ba,MATCH
regulator_count_voltages,0xcebc8bd6,KERNEL_OR_BUILTIN,,0,focaltech_touch_spi_ft3680;mtk_imgsys_cmdq;mtk_mmdvfs_debug,3,3,0,1,0,0,1,1,1,1,0xcebc8bd6,0xcebc8bd6,MATCH
regulator_disable,0x8b37c47c,KERNEL_OR_BUILTIN,,0,apu_top;conninfra;dw9781c;extcon_mtk_usb;focaltech_touch_spi_ft3680;imgsensor;main2_vcm;main3_vcm;main4_vcm;main_vcm;microarray_fp_tee;mt6375_auxadc;mtk_imgsys_cmdq;mtk_imgsys_v4l2;mtk_irtx_pwm;mtk_mmc;mtk_scpsys;mtk_spmi_pmic_adc;mtk_vmm_isp71_regulator;mtu3;regulator_vibrator;snd_soc_mt6369;sub_vcm;ufs_mediatek_mod,24,24,0,1,0,0,1,1,1,1,0x8b37c47c,0x8b37c47c,MATCH
regulator_disable_regmap,0x04054e02,KERNEL_OR_BUILTIN,,0,mt6363_regulator;mt6369_regulator;mt6375_charger;rt5133_regulator,4,4,0,1,0,0,1,1,1,1,0x04054e02,0x04054e02,MATCH
regulator_enable,0xe8decd2e,KERNEL_OR_BUILTIN,,0,apu_top;conninfra;dw9781c;extcon_mtk_usb;focaltech_touch_spi_ft3680;imgsensor;main2_vcm;main3_vcm;main4_vcm;main_vcm;microarray_fp_tee;mt6375_auxadc;mtk_imgsys_v4l2;mtk_irtx_pwm;mtk_mmc;mtk_scpsys;mtk_spmi_pmic_adc;mtk_vmm_isp71_regulator;mtu3;regulator_vibrator;scp;snd_soc_mt6369;sub_vcm;ufs_mediatek_mod,24,24,0,1,0,0,1,1,1,1,0xe8decd2e,0xe8decd2e,MATCH
regulator_enable_regmap,0x65b8210a,KERNEL_OR_BUILTIN,,0,mt6363_regulator;mt6369_regulator;mt6375_charger;rt5133_regulator,4,4,0,1,0,0,1,1,1,1,0x65b8210a,0x65b8210a,MATCH
regulator_get,0x7bfbbb52,KERNEL_OR_BUILTIN,,0,apu_top;focaltech_touch_spi_ft3680;microarray_fp_tee;mtk_mmdvfs;mtk_ssc;scp;ufs_mediatek_mod;wlan_drv_gen4m_6878,8,8,0,1,0,0,1,1,1,1,0x7bfbbb52,0x7bfbbb52,MATCH
regulator_get_current_limit_regmap,0x84156d6d,KERNEL_OR_BUILTIN,,0,mt6375_charger,1,1,0,1,0,0,1,1,1,1,0x84156d6d,0x84156d6d,MATCH
regulator_get_optional,0x1c07316f,KERNEL_OR_BUILTIN,,0,apu_top;mali_kbase_mt6878_r44;mtk_gpufreq_mt6878,3,3,0,1,0,0,1,1,1,1,0x1c07316f,0x1c07316f,MATCH
regulator_get_voltage,0xce880ed3,KERNEL_OR_BUILTIN,,0,apu_top;ccci_md_all;met;mtk_cam_isp7sp;mtk_dvfsrc_helper;mtk_mmc_dbg;mtk_mmdvfs;mtk_mmdvfs_debug;scp;ufs_mediatek_dbg,10,10,0,1,0,0,1,1,1,1,0xce880ed3,0xce880ed3,MATCH
regulator_get_voltage_sel_regmap,0x62f5cccf,KERNEL_OR_BUILTIN,,0,mt6363_regulator;mt6369_regulator;mt6375_charger;rt5133_regulator;rt6160_regulator,5,5,0,1,0,0,1,1,1,1,0x62f5cccf,0x62f5cccf,MATCH
regulator_is_enabled,0xeb66df15,KERNEL_OR_BUILTIN,,0,apu_top;ccci_md_all;conninfra;extcon_mtk_usb;mt6375_auxadc;mtk_imgsys_cmdq;mtk_imgsys_v4l2;mtk_irtx_pwm;mtk_mmc_dbg;mtk_mmdvfs_debug;mtk_scpsys;mtu3;regulator_vibrator,13,13,0,1,0,0,1,1,1,1,0xeb66df15,0xeb66df15,MATCH
regulator_is_enabled_regmap,0x5998b6c8,KERNEL_OR_BUILTIN,,0,mt6315_regulator;mt6363_regulator;mt6369_regulator;mt6375_charger;rt5133_regulator,5,5,0,1,0,0,1,1,1,1,0x5998b6c8,0x5998b6c8,MATCH
regulator_list_voltage,0x6d6ad820,KERNEL_OR_BUILTIN,,0,mtk_dvfsrc_helper;mtk_mmdvfs_debug,2,2,0,1,0,0,1,1,1,1,0x6d6ad820,0x6d6ad820,MATCH
regulator_list_voltage_linear,0x1306e7c1,KERNEL_OR_BUILTIN,,0,mt6375_charger;rt6160_regulator,2,2,0,1,0,0,1,1,1,1,0x1306e7c1,0x1306e7c1,MATCH
regulator_list_voltage_linear_range,0xb7a5f78d,KERNEL_OR_BUILTIN,,0,mt6315_regulator;mt6363_regulator;mt6369_regulator,3,3,0,1,0,0,1,1,1,1,0xb7a5f78d,0xb7a5f78d,MATCH
regulator_list_voltage_table,0x0e30e59e,KERNEL_OR_BUILTIN,,0,mt6363_regulator;mt6369_regulator;mtk_dvfsrc_regulator;mtk_vmm_isp71_regulator;rt5133_regulator,5,5,0,1,0,0,1,1,1,1,0x0e30e59e,0x0e30e59e,MATCH
regulator_map_voltage_iterate,0x15e20147,KERNEL_OR_BUILTIN,,0,mt6363_regulator;mt6369_regulator,2,2,0,1,0,0,1,1,1,1,0x15e20147,0x15e20147,MATCH
regulator_map_voltage_linear,0x2151cd6e,KERNEL_OR_BUILTIN,,0,rt6160_regulator,1,1,0,1,0,0,1,1,1,1,0x2151cd6e,0x2151cd6e,MATCH
regulator_map_voltage_linear_range,0x221ce428,KERNEL_OR_BUILTIN,,0,mt6315_regulator;mt6363_regulator;mt6369_regulator,3,3,0,1,0,0,1,1,1,1,0x221ce428,0x221ce428,MATCH
regulator_notifier_call_chain,0xb20c2aac,KERNEL_OR_BUILTIN,,0,mt6363_regulator;mt6369_regulator;rt5133_regulator,3,3,0,1,0,0,1,1,1,1,0xb20c2aac,0xb20c2aac,MATCH
regulator_put,0xe17b85db,KERNEL_OR_BUILTIN,,0,apu_top;focaltech_touch_spi_ft3680;mali_kbase_mt6878_r44,3,3,0,1,0,0,1,1,1,1,0xe17b85db,0xe17b85db,MATCH
regulator_set_active_discharge_regmap,0xc9c42824,KERNEL_OR_BUILTIN,,0,rt5133_regulator,1,1,0,1,0,0,1,1,1,1,0xc9c42824,0xc9c42824,MATCH
regulator_set_current_limit,0xf807c1fa,KERNEL_OR_BUILTIN,,0,extcon_mtk_usb,1,1,0,1,0,0,1,1,1,1,0xf807c1fa,0xf807c1fa,MATCH
regulator_set_current_limit_regmap,0x0c8c9210,KERNEL_OR_BUILTIN,,0,mt6375_charger,1,1,0,1,0,0,1,1,1,1,0x0c8c9210,0x0c8c9210,MATCH
regulator_set_load,0x2eeb5640,KERNEL_OR_BUILTIN,,0,hci_uart,1,1,0,1,0,0,0,0,1,1,0x2eeb5640,0x2eeb5640,MATCH
regulator_set_mode,0x82a7d66c,KERNEL_OR_BUILTIN,,0,conninfra;ufs_mediatek_mod,2,2,0,1,0,0,1,1,1,1,0x82a7d66c,0x82a7d66c,MATCH
regulator_set_voltage,0xee5baf2d,KERNEL_OR_BUILTIN,,0,apu_top;ccci_md_all;conninfra;extcon_mtk_usb;focaltech_touch_spi_ft3680;imgsensor;mali_kbase_mt6878_r44;mdp_drv_mt6878;mediatek_drm;microarray_fp_tee;mmqos_common;mtk_cam_isp7sp;mtk_dvfsrc_helper;mtk_imgsys_cmdq;mtk_irtx_pwm;mtk_jpeg;mtk_mmc;mtk_mmdvfs;mtk_mmdvfs_debug;mtk_mml;mtk_ssc;mtk_vcodec_dec_v1;mtk_vcodec_enc_v1;mtk_vmm_isp71_regulator;regulator_vibrator;scp;ufs_mediatek_mod;usb_boost;wlan_drv_gen4m_6878,29,29,0,1,0,0,1,1,1,1,0xee5baf2d,0xee5baf2d,MATCH
regulator_set_voltage_sel_regmap,0x726a3224,KERNEL_OR_BUILTIN,,0,mt6315_regulator;mt6363_regulator;mt6369_regulator;mt6375_charger;rt5133_regulator;rt6160_regulator,6,6,0,1,0,0,1,1,1,1,0x726a3224,0x726a3224,MATCH
regulator_set_voltage_time,0xa230236d,KERNEL_OR_BUILTIN,,0,apu_top,1,1,0,1,0,0,1,1,1,1,0xa230236d,0xa230236d,MATCH
regulator_set_voltage_time_sel,0xa0ec4913,KERNEL_OR_BUILTIN,,0,mt6315_regulator;mt6363_regulator;mt6369_regulator,3,3,0,1,0,0,1,1,1,1,0xa0ec4913,0xa0ec4913,MATCH
regulator_sync_voltage,0xd55ca348,KERNEL_OR_BUILTIN,,0,ccci_md_all,1,1,0,1,0,0,1,1,1,1,0xd55ca348,0xd55ca348,MATCH
release_firmware,0xc6d09aa9,KERNEL_OR_BUILTIN,,0,aw883xx_driver;bt_drv_6878;btbcm;btqca;cfg80211;connfem;conninfra;fmradio_drv_connac2x;focaltech_touch_spi_ft3680;hci_uart;mali_kbase_mt6878_r44;r8152;snd_soc_tfa98xx;wlan_drv_gen4m_6878,14,14,0,1,0,0,1,1,1,1,0xc6d09aa9,0xc6d09aa9,MATCH
release_sock,0xb1342d9c,KERNEL_OR_BUILTIN,,0,bluetooth;can_bcm;can_raw;ieee802154_socket;l2tp_core;l2tp_ppp;nfc;pppox;pptp;rfcomm;tipc,11,12,0,1,0,0,0,0,1,1,0xb1342d9c,0xb1342d9c,MATCH
remap_pfn_range,0xc477c1df,KERNEL_OR_BUILTIN,,0,apusys;ccci_md_all;mali_kbase_mt6878_r44;microarray_fp_tee;mmprofile;mtk_vcu;snd_soc_mtk_common;system_heap;tkcore,9,9,0,1,0,0,1,1,1,1,0xc477c1df,0xc477c1df,MATCH
remap_vmalloc_range,0x17e5d102,KERNEL_OR_BUILTIN,,0,mali_kbase_mt6878_r44;mtk_aie,2,2,0,1,0,0,1,1,1,1,0x17e5d102,0x17e5d102,MATCH
remove_proc_entry,0xef8b7667,KERNEL_OR_BUILTIN,,0,8021q;aee_aed;apusys;atf_logger;bluetooth;bootprof;can;can_bcm;fmradio_drv_connac2x;ged;l2tp_ppp;mali_kbase_mt6878_r44;sec,13,14,0,1,0,0,1,1,1,1,0xef8b7667,0xef8b7667,MATCH
remove_proc_subtree,0x915e47bc,KERNEL_OR_BUILTIN,,0,apusys;mtk_battery_oc_throttling;mtk_charger_framework;pinctrl_mtk_common_v2_debug;wlan_drv_gen4m_6878,5,5,0,1,0,0,1,1,1,1,0x915e47bc,0x915e47bc,MATCH
remove_wait_queue,0x37110088,KERNEL_OR_BUILTIN,,0,bluetooth;cdc_acm;gz_ipc_mod;hidp;nfc;ppp_generic;rfcomm;tipc;usbnet,9,10,0,1,0,0,1,1,1,1,0x37110088,0x37110088,MATCH
request_firmware,0x9c3fdf15,KERNEL_OR_BUILTIN,,0,aw883xx_driver;bt_drv_6878;btqca;cfg80211;conninfra;fmradio_drv_connac2x;focaltech_touch_spi_ft3680;hci_uart;mali_kbase_mt6878_r44;r8152;snd_soc_tfa98xx;wlan_drv_gen4m_6878,12,12,0,1,0,0,1,1,1,1,0x9c3fdf15,0x9c3fdf15,MATCH
request_firmware_direct,0x85608491,KERNEL_OR_BUILTIN,,0,connfem,1,1,0,1,0,0,0,0,1,1,0x85608491,0x85608491,MATCH
request_firmware_nowait,0xd5816b60,KERNEL_OR_BUILTIN,,0,bt_drv_6878;cfg80211,2,2,0,1,0,0,1,1,1,1,0xd5816b60,0xd5816b60,MATCH
request_threaded_irq,0x92d5838e,KERNEL_OR_BUILTIN,,0,8250_mtk;adsp;apusys;bt_drv_6878;camera_dpe_isp7sp;ccci_ccif;ccci_dpmaif;ccci_md_all;clk_common;connadp;conninfra;emi_mpu;fmradio_drv_connac2x;focaltech_touch_spi_ft3680;gps_drv_dl_v051;gz_irq_mod;hynitron;mali_kbase_mt6878_r44;mediatek_drm;microarray_fp_tee;mt6375_auxadc;mt6375_battery;mtk_lpm_plat_v1;mtk_mbox;mtk_mbox_mailbox;mtk_uart_apdma;pda_drv_mt6878;scp;smpu;spi_tiny_co5300_lcd;tkcore;uarthub_drv;vcp;wlan_drv_gen4m_6878;xhci_mtk_hcd_v2,35,35,0,1,0,0,1,1,1,1,0x92d5838e,0x92d5838e,MATCH
resched_curr,0x21218e67,KERNEL_OR_BUILTIN,,0,scheduler,1,1,0,1,0,0,0,0,1,1,0x21218e67,0x21218e67,MATCH
reset_control_assert,0x6c4b6684,KERNEL_OR_BUILTIN,,0,mtk_mmc;ufs_mediatek_mod,2,2,0,1,0,0,1,1,1,1,0x6c4b6684,0x6c4b6684,MATCH
reset_control_deassert,0xb2210d64,KERNEL_OR_BUILTIN,,0,mtk_mmc;ufs_mediatek_mod,2,2,0,1,0,0,1,1,1,1,0xb2210d64,0xb2210d64,MATCH
reset_control_reset,0x24f39c39,KERNEL_OR_BUILTIN,,0,mtk_pmic_wrap,1,1,0,1,0,0,1,1,1,1,0x24f39c39,0x24f39c39,MATCH
reset_controller_register,0x05b4a6e2,KERNEL_OR_BUILTIN,,0,clk_common,1,1,0,1,0,0,1,1,1,1,0x05b4a6e2,0x05b4a6e2,MATCH
return_address,0xb917b6d7,KERNEL_OR_BUILTIN,,0,scheduler,1,1,0,1,0,0,0,0,1,1,0xb917b6d7,0xb917b6d7,MATCH
rhashtable_destroy,0x371379a0,KERNEL_OR_BUILTIN,,0,tipc,1,1,0,1,0,0,0,0,1,1,0x371379a0,0x371379a0,MATCH
rhashtable_free_and_destroy,0x1df13bbf,KERNEL_OR_BUILTIN,,0,mac80211,1,1,0,1,0,0,0,0,1,1,0x1df13bbf,0x1df13bbf,MATCH
rhashtable_init,0x0938408c,KERNEL_OR_BUILTIN,,0,tipc,1,1,0,1,0,0,0,0,1,1,0x0938408c,0x0938408c,MATCH
rhashtable_insert_slow,0x694ce81c,KERNEL_OR_BUILTIN,,0,mac80211;tipc,2,2,0,1,0,0,0,0,1,1,0x694ce81c,0x694ce81c,MATCH
rhashtable_walk_enter,0x8f406523,KERNEL_OR_BUILTIN,,0,tipc,1,1,0,1,0,0,0,0,1,1,0x8f406523,0x8f406523,MATCH
rhashtable_walk_exit,0x0252e1a5,KERNEL_OR_BUILTIN,,0,tipc,1,1,0,1,0,0,0,0,1,1,0x0252e1a5,0x0252e1a5,MATCH
rhashtable_walk_next,0xf4700bae,KERNEL_OR_BUILTIN,,0,tipc,1,1,0,1,0,0,0,0,1,1,0xf4700bae,0xf4700bae,MATCH
rhashtable_walk_start_check,0xa229b55a,KERNEL_OR_BUILTIN,,0,tipc,1,1,0,1,0,0,0,0,1,1,0xa229b55a,0xa229b55a,MATCH
rhashtable_walk_stop,0x63cc6a77,KERNEL_OR_BUILTIN,,0,tipc,1,1,0,1,0,0,0,0,1,1,0x63cc6a77,0x63cc6a77,MATCH
rhltable_init,0x8c2573d1,KERNEL_OR_BUILTIN,,0,mac80211,1,1,0,1,0,0,0,0,1,1,0x8c2573d1,0x8c2573d1,MATCH
rht_bucket_nested,0xb7f990e9,KERNEL_OR_BUILTIN,,0,mac80211;tipc,2,2,0,1,0,0,0,0,1,1,0xb7f990e9,0xb7f990e9,MATCH
rht_bucket_nested_insert,0xebfbabb3,KERNEL_OR_BUILTIN,,0,mac80211;tipc,2,2,0,1,0,0,0,0,1,1,0xebfbabb3,0xebfbabb3,MATCH
root_task_group,0xca81e0d0,KERNEL_OR_BUILTIN,,0,scheduler,1,1,0,1,0,0,0,0,1,1,0xca81e0d0,0xca81e0d0,MATCH
round_jiffies,0x091eb9b4,KERNEL_OR_BUILTIN,,0,can;mac80211,2,2,0,1,0,0,0,0,1,1,0x091eb9b4,0x091eb9b4,MATCH
round_jiffies_relative,0x1eb9516e,KERNEL_OR_BUILTIN,,0,mac80211;rfkill,2,2,0,1,0,0,0,0,1,1,0x1eb9516e,0x1eb9516e,MATCH
round_jiffies_up,0x50fad434,KERNEL_OR_BUILTIN,,0,mac80211,1,1,0,1,0,0,0,0,1,1,0x50fad434,0x50fad434,MATCH
rpmsg_create_ept,0xc61647ec,KERNEL_OR_BUILTIN,,0,apu_top;apusys;mtk_cam_isp7sp;mtk_tinysys_ipi,4,4,0,1,0,0,1,1,1,1,0xc61647ec,0xc61647ec,MATCH
rpmsg_destroy_ept,0xa202576f,KERNEL_OR_BUILTIN,,0,apu_top;apusys;ccd_rpmsg,3,3,0,1,0,0,1,1,1,1,0xa202576f,0xa202576f,MATCH
rpmsg_find_device,0x6712ca99,KERNEL_OR_BUILTIN,,0,ccd_rpmsg,1,1,0,1,0,0,1,1,1,1,0x6712ca99,0x6712ca99,MATCH
rpmsg_register_device,0x16006abd,KERNEL_OR_BUILTIN,,0,apusys;ccd_rpmsg;mtk_rpmsg_mbox,3,3,0,1,0,0,1,1,1,1,0x16006abd,0x16006abd,MATCH
rpmsg_send,0x15528baa,KERNEL_OR_BUILTIN,,0,apu_top;apusys;mtk_cam_isp7sp;sapu,4,4,0,1,0,0,1,1,1,1,0x15528baa,0x15528baa,MATCH
rpmsg_sendto,0x0e2bd50d,KERNEL_OR_BUILTIN,,0,apu_top;apusys,2,2,0,1,0,0,0,0,1,1,0x0e2bd50d,0x0e2bd50d,MATCH
rpmsg_trysend,0xfbca06ee,KERNEL_OR_BUILTIN,,0,mtk_tinysys_ipi,1,1,0,1,0,0,1,1,1,1,0xfbca06ee,0xfbca06ee,MATCH
rpmsg_unregister_device,0x233a5250,KERNEL_OR_BUILTIN,,0,apusys;ccd_rpmsg,2,2,0,1,0,0,1,1,1,1,0x233a5250,0x233a5250,MATCH
rproc_add,0x71bef0f4,KERNEL_OR_BUILTIN,,0,apusys;mtk_ccd_remoteproc;mtk_ccuv,3,3,0,1,0,0,1,1,1,1,0x71bef0f4,0x71bef0f4,MATCH
rproc_add_subdev,0x233f2200,KERNEL_OR_BUILTIN,,0,apusys;mtk_ccd_remoteproc,2,2,0,1,0,0,1,1,1,1,0x233f2200,0x233f2200,MATCH
rproc_alloc,0x58067e88,KERNEL_OR_BUILTIN,,0,apusys;mtk_ccd_remoteproc;mtk_ccuv,3,3,0,1,0,0,1,1,1,1,0x58067e88,0x58067e88,MATCH
rproc_boot,0xeba62dea,KERNEL_OR_BUILTIN,,0,imgsensor;mtk_cam_isp7sp;mtk_imgsys_v4l2;mtk_mmdvfs_v3,4,4,0,1,0,0,1,1,1,1,0xeba62dea,0xeba62dea,MATCH
rproc_del,0xff87363a,KERNEL_OR_BUILTIN,,0,apusys;mtk_ccd_remoteproc;mtk_ccuv,3,3,0,1,0,0,1,1,1,1,0xff87363a,0xff87363a,MATCH
rproc_free,0xf3b817cf,KERNEL_OR_BUILTIN,,0,apusys;mtk_ccd_remoteproc;mtk_ccuv,3,3,0,1,0,0,1,1,1,1,0xf3b817cf,0xf3b817cf,MATCH
rproc_get_by_phandle,0x54efa435,KERNEL_OR_BUILTIN,,0,imgsensor;mtk_cam_isp7sp;mtk_imgsys_v4l2;mtk_mmdvfs_v3,4,4,0,1,0,0,1,1,1,1,0x54efa435,0x54efa435,MATCH
rproc_put,0x45e8b92a,KERNEL_OR_BUILTIN,,0,mtk_cam_isp7sp,1,1,0,1,0,0,1,1,1,1,0x45e8b92a,0x45e8b92a,MATCH
rproc_remove_subdev,0x82dbe7b3,KERNEL_OR_BUILTIN,,0,apusys;mtk_ccd_remoteproc,2,2,0,1,0,0,1,1,1,1,0x82dbe7b3,0x82dbe7b3,MATCH
rproc_report_crash,0x726e48b1,KERNEL_OR_BUILTIN,,0,mtk_ccd_remoteproc,1,1,0,1,0,0,1,1,1,1,0x726e48b1,0x726e48b1,MATCH
rproc_shutdown,0xc66701da,KERNEL_OR_BUILTIN,,0,imgsensor;mtk_cam_isp7sp;mtk_imgsys_cmdq;mtk_imgsys_v4l2;mtk_mmdvfs_v3,5,5,0,1,0,0,1,1,1,1,0xc66701da,0xc66701da,MATCH
rps_needed,0x8761c87b,KERNEL_OR_BUILTIN,,0,rps_perf;wlan_drv_gen4m_6878,2,2,0,1,0,0,1,1,1,1,0x8761c87b,0x8761c87b,MATCH
rtc_ktime_to_tm,0xe4c2c66c,KERNEL_OR_BUILTIN,,0,rtc_mt6685,1,1,0,1,0,0,1,1,1,1,0xe4c2c66c,0xe4c2c66c,MATCH
rtc_time64_to_tm,0x356461c8,KERNEL_OR_BUILTIN,,0,aee_aed;aee_hangdet;bt_drv_6878;camera_dpe_isp7sp;ccci_dpmaif;ccci_md_all;ccci_util_lib;conninfra;ged;mddp;mtk_aie;mtk_charger_framework;mtk_imgsys_v4l2;mtk_lpm_dbg_common_v2;mtk_lpm_plat_v1;rtc_mt6685;sensorhub;wlan_drv_gen4m_6878,18,18,0,1,0,0,1,1,1,1,0x356461c8,0x356461c8,MATCH
rtc_tm_to_ktime,0x23412816,KERNEL_OR_BUILTIN,,0,rtc_mt6685,1,1,0,1,0,0,1,1,1,1,0x23412816,0x23412816,MATCH
rtc_tm_to_time64,0x4f2250ba,KERNEL_OR_BUILTIN,,0,rtc_mt6685,1,1,0,1,0,0,1,1,1,1,0x4f2250ba,0x4f2250ba,MATCH
rtc_update_irq,0x614d8017,KERNEL_OR_BUILTIN,,0,rtc_mt6685,1,1,0,1,0,0,1,1,1,1,0x614d8017,0x614d8017,MATCH
rtc_valid_tm,0x5838f6c9,KERNEL_OR_BUILTIN,,0,rtc_mt6685,1,1,0,1,0,0,1,1,1,1,0x5838f6c9,0x5838f6c9,MATCH
rtnl_configure_link,0x85c289df,KERNEL_OR_BUILTIN,,0,wwan,1,1,0,1,0,0,0,0,1,1,0x85c289df,0x85c289df,MATCH
rtnl_create_link,0x817f3567,KERNEL_OR_BUILTIN,,0,wwan,1,1,0,1,0,0,0,0,1,1,0x817f3567,0x817f3567,MATCH
rtnl_is_locked,0x85670f1d,KERNEL_OR_BUILTIN,,0,8021q;can_dev;can_gw;cfg80211;ieee802154;ieee802154_6lowpan;mac80211;mac802154;wlan_drv_gen4m_6878,9,9,0,1,0,0,1,1,1,1,0x85670f1d,0x85670f1d,MATCH
rtnl_link_register,0x17ff0acb,KERNEL_OR_BUILTIN,,0,8021q;can_dev;ieee802154_6lowpan;ppp_generic;vcan;wwan,6,6,0,1,0,0,0,0,1,1,0x17ff0acb,0x17ff0acb,MATCH
rtnl_link_unregister,0x30b80c16,KERNEL_OR_BUILTIN,,0,8021q;can_dev;ieee802154_6lowpan;ppp_generic;vcan;wwan,6,6,0,1,0,0,0,0,1,1,0x30b80c16,0x30b80c16,MATCH
rtnl_lock,0xc7a4fbed,KERNEL_OR_BUILTIN,,0,6lowpan;8021q;asix;can_gw;can_raw;cfg80211;ieee802154;ieee802154_socket;mac80211;mac802154;mtk_u_ether;ppp_generic;r8152;tipc;wlan_drv_gen4m_6878;wwan,16,16,0,1,0,0,1,1,1,1,0xc7a4fbed,0xc7a4fbed,MATCH
rtnl_register_module,0x65278a71,KERNEL_OR_BUILTIN,,0,can_gw,1,1,0,1,0,0,0,0,1,1,0x65278a71,0x65278a71,MATCH
rtnl_unlock,0x6e720ff2,KERNEL_OR_BUILTIN,,0,6lowpan;8021q;asix;can_gw;can_raw;cfg80211;ieee802154;ieee802154_socket;mac80211;mac802154;mtk_u_ether;ppp_generic;r8152;tipc;wlan_drv_gen4m_6878;wwan,16,16,0,1,0,0,1,1,1,1,0x6e720ff2,0x6e720ff2,MATCH
rtnl_unregister,0x07b52e38,KERNEL_OR_BUILTIN,,0,can_gw,1,1,0,1,0,0,0,0,1,1,0x07b52e38,0x07b52e38,MATCH
rtnl_unregister_all,0x579e0bf5,KERNEL_OR_BUILTIN,,0,can_gw,1,1,0,1,0,0,0,0,1,1,0x579e0bf5,0x579e0bf5,MATCH
runqueues,0x5fc45fe1,KERNEL_OR_BUILTIN,,0,aee_hangdet;cpufreq_sugov_ext;cpuqos_v3;irq_dbg;monitor_hang;mrdump;mtk_core_ctl;mtk_fpsgo;mtk_perf_ioctl_magt;scheduler;task_turbo;ufs_mediatek_dbg,12,12,0,1,0,0,1,1,1,1,0x5fc45fe1,0x5fc45fe1,MATCH
sbitmap_weight,0xf2de9307,KERNEL_OR_BUILTIN,,0,ufs_mediatek_mod,1,1,0,1,0,0,0,0,1,1,0xf2de9307,0xf2de9307,MATCH
sched_clock,0xd653b126,KERNEL_OR_BUILTIN,,0,8250_mtk;adsp;aee_hangdet;apu_top;apusys;atf_logger;blocktag;bootprof;bt_drv_6878;bus_parity;cache_parity;ccci_ccif;ccci_dpmaif;ccci_md_all;ccci_util_lib;cmdq_sec_drv;cmdq_test;connadp;conninfra;ged;gps_drv_dl_v051;gpueb;gz_log_mod;i2c_mt65xx;iommu_debug;last_bus;leds_mtk;mcupm;mdp_drv_mt6878;mediatek_drm;mediatek_drm_panel_drv;met;mmprofile;mmqos_common;monitor_hang;mrdump;mt6369_accdet;mt6375_battery;mtk_c2ps;mtk_cam_isp7sp;mtk_cmdq_drv_ext;mtk_core_ctl;mtk_dpc;mtk_fpsgo;mtk_heap_debug;mtk_lpm_dbg_common_v2;mtk_mbox;mtk_mmc;mtk_mmc_dbg;mtk_mmdvfs_debug;mtk_mmdvfs_v3;mtk_mminfra_debug;mtk_mml;mtk_sec_heap;mtk_smi;mtk_smi_dbg;mtk_tinysys_ipi;mtk_uart_apdma;pd_dbg_info;rtc_mt6685;scheduler;sensorhub;spmi_mtk_pmif;sspm_v3;system_heap;tcpc_class;tcpc_mt6375;tmem_ffa;uarthub_drv;ufs_mediatek_dbg;vcp;wlan_drv_gen4m_6878,72,72,0,1,0,0,1,1,1,1,0xd653b126,0xd653b126,MATCH
sched_clock_register,0x86d43be9,KERNEL_OR_BUILTIN,,0,timer_mediatek,1,1,0,1,0,0,1,1,1,1,0x86d43be9,0x86d43be9,MATCH
sched_feat_keys,0x45897285,KERNEL_OR_BUILTIN,,0,cpufreq_sugov_ext;mtk_core_ctl;scheduler,3,3,0,1,0,0,1,1,1,1,0x45897285,0x45897285,MATCH
sched_set_fifo,0x2df40890,KERNEL_OR_BUILTIN,,0,mtk_cam_isp7sp;wlan_drv_gen4m_6878,2,2,0,1,0,0,1,1,1,1,0x2df40890,0x2df40890,MATCH
sched_set_fifo_low,0x2cafb113,KERNEL_OR_BUILTIN,,0,wlan_drv_gen4m_6878,1,1,0,1,0,0,1,1,1,1,0x2cafb113,0x2cafb113,MATCH
sched_set_normal,0xf37369e7,KERNEL_OR_BUILTIN,,0,mtk_imgsys_cmdq;mtk_imgsys_v4l2;system_heap;wlan_drv_gen4m_6878,4,4,0,1,0,0,1,1,1,1,0xf37369e7,0xf37369e7,MATCH
sched_setattr,0x5b3e64b8,KERNEL_OR_BUILTIN,,0,wlan_drv_gen4m_6878,1,1,0,1,0,0,1,1,1,1,0x5b3e64b8,0x5b3e64b8,MATCH
sched_setattr_nocheck,0x31821fb0,KERNEL_OR_BUILTIN,,0,cpufreq_sugov_ext;mtk_c2ps;mtk_fpsgo;mtk_vcodec_common,4,4,0,1,0,0,1,1,1,1,0x31821fb0,0x31821fb0,MATCH
sched_setscheduler,0xc67465ed,KERNEL_OR_BUILTIN,,0,aee_aed;aee_hangdet;audio_ipi;bt_drv_6878;gz_trusty_mod;gz_tz_system;gz_virtio_mod;mediatek_drm;monitor_hang;mtk_fpsgo;mtk_mml;mtk_vcodec_dec_v1;mtk_vcodec_enc_v1;system_heap,14,14,0,1,0,0,1,1,1,1,0xc67465ed,0xc67465ed,MATCH
sched_setscheduler_nocheck,0x0a90ee98,KERNEL_OR_BUILTIN,,0,gz_trusty_mod;hf_manager;mali_kbase_mt6878_r44;mali_mgm_mt6878_r44;mtk_core_ctl;scheduler;sensorhub;tcpc_class,8,8,0,1,0,0,1,1,1,1,0x0a90ee98,0x0a90ee98,MATCH
sched_show_task,0x31267b07,KERNEL_OR_BUILTIN,,0,aee_hangdet;ufs_mediatek_dbg;wlan_drv_gen4m_6878,3,3,0,1,0,0,1,1,1,1,0x31267b07,0x31267b07,MATCH
sched_uclamp_used,0x056a37c5,KERNEL_OR_BUILTIN,,0,cpufreq_sugov_ext;scheduler,2,2,0,1,0,0,1,1,1,1,0x056a37c5,0x056a37c5,MATCH
schedule,0x01000e51,KERNEL_OR_BUILTIN,,0,apusys;audio_ipi;bt_drv_6878;ccci_dpmaif;ccci_md_all;ccci_util_lib;ccd_rpmsg;cdc_acm;cfg80211;conninfra;connscp;cqhci;fmradio_drv_connac2x;focaltech_touch_spi_ft3680;ged;gps_drv_dl_v051;gz_ipc_mod;hidp;ieee802154;mali_kbase_mt6878_r44;mddp;mediatek_drm;microarray_fp_tee;monitor_hang;mt6375_battery;mtk_bp_thl;mtk_c2ps;mtk_cam_isp7sp;mtk_charger_framework;mtk_chg_type_det;mtk_cmdq_drv_ext;mtk_core_ctl;mtk_dpc;mtk_dynamic_loading_throttling;mtk_fpsgo;mtk_imgsys_v4l2;mtk_low_battery_throttling;mtk_mml;mtk_pep50;mtk_soc_offload_common;mtk_vcodec_dec_v1;mtk_vcodec_enc_v1;mtk_vcu;mtk_vow;powerhal_cpu_ctrl;ppp_generic;rfkill;scheduler;scp;system_heap;tcpc_class;tcpc_mt6375;tkcore_drv;touch_boost;usbserial;wlan_drv_gen4m_6878;wmt_chrdev_wifi_connac2;wwan;yft_tpd_gesture,59,59,0,1,0,0,1,1,1,1,0x01000e51,0x01000e51,MATCH
schedule_timeout,0x8ddd8aad,KERNEL_OR_BUILTIN,,0,adsp;apusys;atf_logger;audio_ipi;bluetooth;bt_drv_6878;ccci_md_all;ccd_rpmsg;conninfra;cqhci;drm_display_helper;fingerprint;fmradio_drv_connac2x;focaltech_touch_spi_ft3680;gps_drv_dl_v051;hci_uart;hf_manager;hidp;mali_kbase_mt6878_r44;mdp_drv_mt6878;mediatek_drm;mmqos_common;monitor_hang;mtk_aie;mtk_btcvsd;mtk_cam_isp7sp;mtk_ccuv;mtk_hcp;mtk_imgsys_v4l2;mtk_mml;mtk_soc_offload_common;mtk_vcodec_common;mtk_vcodec_dec_v1;mtk_vcodec_enc_v1;mtk_vcu;mtk_vow;nfc;pda_drv_mt6878;slcan;snd_soc_audiodsp_common;tcpc_class;tkcore;usbnet,43,44,0,1,0,0,1,1,1,1,0x8ddd8aad,0x8ddd8aad,MATCH
schedule_timeout_interruptible,0x054496b4,KERNEL_OR_BUILTIN,,0,usbserial,1,1,0,1,0,0,0,0,1,1,0x054496b4,0x054496b4,MATCH
schedule_timeout_uninterruptible,0x151f4898,KERNEL_OR_BUILTIN,,0,can_bcm;can_raw;xhci_mtk_hcd_v2,3,3,0,1,0,0,0,0,1,1,0x151f4898,0x151f4898,MATCH
scmi_driver_register,0x583211da,KERNEL_OR_BUILTIN,,0,tinysys_scmi,1,1,0,1,0,0,1,1,1,1,0x583211da,0x583211da,MATCH
scmi_driver_unregister,0x049f4766,KERNEL_OR_BUILTIN,,0,tinysys_scmi,1,1,0,1,0,0,1,1,1,1,0x049f4766,0x049f4766,MATCH
scmi_protocol_register,0x04cb7b15,KERNEL_OR_BUILTIN,,0,tinysys_scmi,1,1,0,1,0,0,1,1,1,1,0x04cb7b15,0x04cb7b15,MATCH
scnprintf,0x96848186,KERNEL_OR_BUILTIN,,0,adsp;aee_hangdet;apu_top;apusys;bootprof;cache_parity;ccci_ccif;ccci_dpmaif;ccci_md_all;ccci_util_lib;ccmni;cfg80211;device_apc_common;emi_fake_eng;extcon_mtk_usb;extdev_io_class;flashlight;ged;gz_main_mod;gz_trusty_mod;leds_ln2403;mali_kbase_mt6878_r44;mali_mgm_mt6878_r44;mddp;mdp_drv_mt6878;mediatek_drm;mt6375_battery;mt6375_charger;mtk_battery_oc_throttling;mtk_c2ps;mtk_cam_isp7sp;mtk_core_ctl;mtk_fpsgo;mtk_heap_debug;mtk_lpm_dbg_common_v2;mtk_lpm_dbg_mt6878;mtk_mbraink;mtk_mmc_dbg;mtk_sec_heap;mtk_ssc;mtk_ssc_dbg_v2;mtk_swpm_cpu_dbg_v6878;mtk_swpm_dbg_common_v1;mtk_swpm_dbg_v6878;powerhal_cpu_ctrl;scp;sec_rng;slcan;smpu;smpu_hook_v1;snd_soc_mt6369;snd_soc_mt6878_afe;snd_soc_tfa98xx;spi_tiny_co5300_lcd;st21nfc;tinysys_scmi;tipc;touch_boost;uload_ind;wlan_drv_gen4m_6878;xhci_mtk_hcd_v2;yft_devinfo;yft_gpio_keys;yft_tiny2c_usb;yft_tpd_gesture;zram,66,66,0,1,0,0,1,1,1,1,0x96848186,0x96848186,MATCH
scsi_autopm_get_device,0x0864be4e,KERNEL_OR_BUILTIN,,0,ufs_mediatek_mod,1,1,0,1,0,0,1,1,1,1,0x0864be4e,0x0864be4e,MATCH
scsi_autopm_put_device,0x55ba1da5,KERNEL_OR_BUILTIN,,0,ufs_mediatek_mod,1,1,0,1,0,0,1,1,1,1,0x55ba1da5,0x55ba1da5,MATCH
scsi_block_requests,0xe96b05dd,KERNEL_OR_BUILTIN,,0,ufs_mediatek_mod,1,1,0,1,0,0,0,0,1,1,0xe96b05dd,0xe96b05dd,MATCH
scsi_device_get,0xebb1ff4f,KERNEL_OR_BUILTIN,,0,ufs_mediatek_mod,1,1,0,1,0,0,1,1,1,1,0xebb1ff4f,0xebb1ff4f,MATCH
scsi_device_put,0x49216112,KERNEL_OR_BUILTIN,,0,ufs_mediatek_mod,1,1,0,1,0,0,1,1,1,1,0x49216112,0x49216112,MATCH
scsi_dma_unmap,0xfd77d74d,KERNEL_OR_BUILTIN,,0,ufs_mediatek_mod,1,1,0,0,0,0,0,0,0,0,0xfd77d74d,0xfd77d74d,MATCH
scsi_execute_cmd,0xb025f316,KERNEL_OR_BUILTIN,,0,ufs_mediatek_mod,1,1,0,1,0,0,0,0,1,1,0xb025f316,0xb025f316,MATCH
scsi_print_sense_hdr,0x87ffadd5,KERNEL_OR_BUILTIN,,0,ufs_mediatek_mod,1,1,0,1,0,0,1,1,1,1,0x87ffadd5,0x87ffadd5,MATCH
scsi_unblock_requests,0x45a64ce0,KERNEL_OR_BUILTIN,,0,ufs_mediatek_mod,1,1,0,1,0,0,0,0,1,1,0x45a64ce0,0x45a64ce0,MATCH
sdio_claim_host,0xe0e2d4ea,KERNEL_OR_BUILTIN,,0,btsdio,1,1,0,1,0,0,1,1,1,1,0xe0e2d4ea,0xe0e2d4ea,MATCH
sdio_claim_irq,0xed16fd15,KERNEL_OR_BUILTIN,,0,btsdio,1,1,0,1,0,0,1,1,1,1,0xed16fd15,0xed16fd15,MATCH
sdio_disable_func,0xbd8a604c,KERNEL_OR_BUILTIN,,0,btsdio,1,1,0,1,0,0,1,1,1,1,0xbd8a604c,0xbd8a604c,MATCH
sdio_enable_func,0x23d4a231,KERNEL_OR_BUILTIN,,0,btsdio,1,1,0,1,0,0,1,1,1,1,0x23d4a231,0x23d4a231,MATCH
sdio_readb,0xb270009e,KERNEL_OR_BUILTIN,,0,btsdio,1,1,0,1,0,0,1,1,1,1,0xb270009e,0xb270009e,MATCH
sdio_readsb,0xb9490bd5,KERNEL_OR_BUILTIN,,0,btsdio,1,1,0,1,0,0,1,1,1,1,0xb9490bd5,0xb9490bd5,MATCH
sdio_register_driver,0x87c695c0,KERNEL_OR_BUILTIN,,0,btsdio,1,1,0,1,0,0,1,1,1,1,0x87c695c0,0x87c695c0,MATCH
sdio_release_host,0x24435e40,KERNEL_OR_BUILTIN,,0,btsdio,1,1,0,1,0,0,1,1,1,1,0x24435e40,0x24435e40,MATCH
sdio_release_irq,0x0b37557b,KERNEL_OR_BUILTIN,,0,btsdio,1,1,0,1,0,0,1,1,1,1,0x0b37557b,0x0b37557b,MATCH
sdio_signal_irq,0x54311161,KERNEL_OR_BUILTIN,,0,mtk_mmc,1,1,0,1,0,0,1,1,1,1,0x54311161,0x54311161,MATCH
sdio_unregister_driver,0x4b95327b,KERNEL_OR_BUILTIN,,0,btsdio,1,1,0,1,0,0,1,1,1,1,0x4b95327b,0x4b95327b,MATCH
sdio_writeb,0x6092e490,KERNEL_OR_BUILTIN,,0,btsdio,1,1,0,1,0,0,1,1,1,1,0x6092e490,0x6092e490,MATCH
sdio_writesb,0xf9e684dc,KERNEL_OR_BUILTIN,,0,btsdio,1,1,0,1,0,0,1,1,1,1,0xf9e684dc,0xf9e684dc,MATCH
security_file_ioctl,0x352ef55b,KERNEL_OR_BUILTIN,,0,hbt,1,1,0,1,0,0,1,1,1,1,0x352ef55b,0x352ef55b,MATCH
security_sk_classify_flow,0x4c83cd6a,KERNEL_OR_BUILTIN,,0,pptp,1,1,0,1,0,0,0,0,1,1,0x4c83cd6a,0x4c83cd6a,MATCH
security_sk_clone,0xe06141e9,KERNEL_OR_BUILTIN,,0,bluetooth;rfcomm;tipc,3,4,0,1,0,0,0,0,1,1,0xe06141e9,0xe06141e9,MATCH
security_sock_graft,0x0da10ec3,KERNEL_OR_BUILTIN,,0,bluetooth;nfc,2,3,0,1,0,0,0,0,1,1,0x0da10ec3,0x0da10ec3,MATCH
select_fallback_rq,0x37c45c03,KERNEL_OR_BUILTIN,,0,scheduler,1,1,0,1,0,0,0,0,1,1,0x37c45c03,0x37c45c03,MATCH
send_sig,0x49a34c8d,KERNEL_OR_BUILTIN,,0,mddp;monitor_hang;mtk_vcu,3,3,0,1,0,0,1,1,1,1,0x49a34c8d,0x49a34c8d,MATCH
seq_hex_dump,0x118a94a8,KERNEL_OR_BUILTIN,,0,apusys,1,1,0,1,0,0,1,1,1,1,0x118a94a8,0x118a94a8,MATCH
seq_hlist_next,0x75bda77a,KERNEL_OR_BUILTIN,,0,bluetooth,1,2,0,1,0,0,0,0,1,1,0x75bda77a,0x75bda77a,MATCH
seq_hlist_start_head,0x3dfc897c,KERNEL_OR_BUILTIN,,0,bluetooth,1,2,0,1,0,0,0,0,1,1,0x3dfc897c,0x3dfc897c,MATCH
seq_lseek,0x11f8a681,KERNEL_OR_BUILTIN,,0,aee_aed;apu_top;apusys;blocktag;bluetooth;bootprof;c2ps_perf_ioctl;clk_common;cpudvfs;cpuqos_v3;extcon_mtk_usb;ged;gpueb;hf_manager;iommu_debug;log_store;mali_kbase_mt6878_r44;md_cooling_all;mdp_drv_mt6878;met;mmqos_common;mrdump;mtk_charger_framework;mtk_cmdq_drv_ext;mtk_core_ctl;mtk_gpu_qos;mtk_gpufreq_wrapper;mtk_heap_debug;mtk_icc_core;mtk_ioctl_powerhal;mtk_ioctl_touch_boost;mtk_lpm;mtk_mdpm;mtk_mmc_dbg;mtk_mmdvfs_debug;mtk_mml;mtk_pbm;mtk_peak_power_budget;mtk_perf_ioctl;mtk_perf_ioctl_magt;mtk_printk_ctrl;mtk_smi_dbg;mtk_swpm;mtu3;mux_switch;phy_mtk_xsphy;pidmap;pinctrl_mtk_common_v2_debug;rfcomm;scheduler;scp;sec;tcpc_class;thermal_interface;trace_mmstat;ufs_mediatek_dbg;usb_logger;vcp;xhci_mtk_hcd_v2;yft_devinfo,60,61,0,1,0,0,1,1,1,1,0x11f8a681,0x11f8a681,MATCH
seq_open,0x282ef6fb,KERNEL_OR_BUILTIN,,0,apusys;blocktag;ged;mali_kbase_mt6878_r44;met;mtk_lpm;mtk_swpm;yft_devinfo,8,8,0,1,0,0,1,1,1,1,0x282ef6fb,0x282ef6fb,MATCH
seq_open_private,0x96d03e07,KERNEL_OR_BUILTIN,,0,aee_aed,1,1,0,1,0,0,1,1,1,1,0x96d03e07,0x96d03e07,MATCH
seq_printf,0x04be4820,KERNEL_OR_BUILTIN,,0,8021q;aee_aed;apu_top;apusys;blocktag;bluetooth;bootprof;can;can_bcm;clk_common;cpudvfs;drm_display_helper;fhctl;ged;gpueb;hf_manager;iommu_debug;l2tp_ppp;log_store;mali_kbase_mt6878_r44;md_cooling_all;mdp_drv_mt6878;mmqos_common;mrdump;mtk_charger_framework;mtk_cmdq_drv_ext;mtk_gpu_qos;mtk_gpufreq_wrapper;mtk_heap_debug;mtk_icc_core;mtk_mdpm;mtk_mmc_dbg;mtk_mmdvfs_debug;mtk_mml;mtk_pbm;mtk_peak_power_budget;mtk_printk_ctrl;mtk_sec_heap;mtk_smi_dbg;mtu3;mux_switch;phy_mtk_xsphy;pidmap;pinctrl_mtk_common_v2_debug;pinctrl_mtk_v2;rfcomm;scp;spmi_mtk_pmif;system_heap;tcpc_class;thermal_interface;trace_mmstat;ufs_mediatek_dbg;usb_logger;usbserial;xhci_mtk_hcd_v2;yft_devinfo,57,58,0,1,1,0,1,1,1,1,0x04be4820,0x04be4820,MATCH
seq_putc,0x78eb48ca,KERNEL_OR_BUILTIN,,0,bluetooth;can;can_bcm;mali_kbase_mt6878_r44;pidmap;sec;trace_mmstat;usbserial,8,9,0,1,0,0,1,1,1,1,0x78eb48ca,0x78eb48ca,MATCH
seq_puts,0x18d2d657,KERNEL_OR_BUILTIN,,0,8021q;apu_top;apusys;blocktag;bluetooth;bootprof;can;clk_common;drm_display_helper;extcon_mtk_usb;fhctl;ged;gpueb;hf_manager;l2tp_ppp;log_store;mali_kbase_mt6878_r44;mdp_drv_mt6878;mmqos_common;mrdump;mtk_cmdq_drv_ext;mtk_gpu_qos;mtk_gpufreq_wrapper;mtk_icc_core;mtk_mdpm;mtk_mml;mtk_pbm;mtk_peak_power_budget;mtk_printk_ctrl;mtk_smi_dbg;mtu3;mux_switch;phy_mtk_xsphy;pidmap;pinctrl_mtk_common_v2_debug;scp;spmi_mtk_pmif;tcpc_class;trace_mmstat;usbserial;xhci_mtk_hcd_v2,41,42,0,1,1,0,1,1,1,1,0x18d2d657,0x18d2d657,MATCH
seq_read,0xd963f308,KERNEL_OR_BUILTIN,,0,aee_aed;apu_top;apusys;blocktag;bluetooth;bootprof;c2ps_perf_ioctl;clk_common;cpudvfs;cpuqos_v3;extcon_mtk_usb;fhctl;ged;gpueb;hf_manager;iommu_debug;log_store;mali_kbase_mt6878_r44;md_cooling_all;mdp_drv_mt6878;met;mmqos_common;mrdump;mtk_charger_framework;mtk_cmdq_drv_ext;mtk_core_ctl;mtk_gpu_qos;mtk_gpufreq_wrapper;mtk_heap_debug;mtk_icc_core;mtk_ioctl_powerhal;mtk_ioctl_touch_boost;mtk_lpm;mtk_mdpm;mtk_mmc_dbg;mtk_mmdvfs_debug;mtk_mml;mtk_pbm;mtk_peak_power_budget;mtk_perf_ioctl;mtk_perf_ioctl_magt;mtk_printk_ctrl;mtk_smi_dbg;mtk_swpm;mtu3;mux_switch;phy_mtk_xsphy;pidmap;pinctrl_mtk_common_v2_debug;rfcomm;scheduler;scp;sec;spmi_mtk_pmif;tcpc_class;thermal_interface;trace_mmstat;ufs_mediatek_dbg;usb_logger;vcp;xhci_mtk_hcd_v2;yft_devinfo,62,63,0,1,0,0,1,1,1,1,0xd963f308,0xd963f308,MATCH
seq_release,0xcdd6b02a,KERNEL_OR_BUILTIN,,0,apusys;blocktag;ged;mali_kbase_mt6878_r44;met;mtk_lpm;mtk_swpm;pinctrl_mtk_common_v2_debug;sec;yft_devinfo,10,10,0,1,0,0,1,1,1,1,0xcdd6b02a,0xcdd6b02a,MATCH
seq_release_private,0x42e848ca,KERNEL_OR_BUILTIN,,0,aee_aed,1,1,0,1,0,0,1,1,1,1,0x42e848ca,0x42e848ca,MATCH
seq_write,0x82c86595,KERNEL_OR_BUILTIN,,0,aee_aed;apusys;log_store;mali_kbase_mt6878_r44;met;mtk_mml,6,6,0,1,0,0,1,1,1,1,0x82c86595,0x82c86595,MATCH
serdev_device_close,0x321c16b5,KERNEL_OR_BUILTIN,,0,hci_uart,1,1,0,1,0,0,0,0,1,1,0x321c16b5,0x321c16b5,MATCH
serdev_device_get_tiocm,0x26c19d68,KERNEL_OR_BUILTIN,,0,hci_uart,1,1,0,1,0,0,0,0,1,1,0x26c19d68,0x26c19d68,MATCH
serdev_device_open,0x8865f74c,KERNEL_OR_BUILTIN,,0,hci_uart,1,1,0,1,0,0,0,0,1,1,0x8865f74c,0x8865f74c,MATCH
serdev_device_set_baudrate,0x4bb71c26,KERNEL_OR_BUILTIN,,0,hci_uart,1,1,0,1,0,0,0,0,1,1,0x4bb71c26,0x4bb71c26,MATCH
serdev_device_set_flow_control,0x49e59315,KERNEL_OR_BUILTIN,,0,hci_uart,1,1,0,1,0,0,0,0,1,1,0x49e59315,0x49e59315,MATCH
serdev_device_set_tiocm,0x126805b7,KERNEL_OR_BUILTIN,,0,hci_uart,1,1,0,1,0,0,0,0,1,1,0x126805b7,0x126805b7,MATCH
serdev_device_wait_until_sent,0x251738bc,KERNEL_OR_BUILTIN,,0,hci_uart,1,1,0,1,0,0,0,0,1,1,0x251738bc,0x251738bc,MATCH
serdev_device_write_buf,0xbd9c58c1,KERNEL_OR_BUILTIN,,0,hci_uart,1,1,0,1,0,0,0,0,1,1,0xbd9c58c1,0xbd9c58c1,MATCH
serdev_device_write_flush,0x67cfcf54,KERNEL_OR_BUILTIN,,0,hci_uart,1,1,0,1,0,0,0,0,1,1,0x67cfcf54,0x67cfcf54,MATCH
serial8250_do_set_termios,0x001789e2,KERNEL_OR_BUILTIN,,0,8250_mtk,1,1,0,1,0,0,1,1,1,1,0x001789e2,0x001789e2,MATCH
serial8250_do_shutdown,0x74119000,KERNEL_OR_BUILTIN,,0,8250_mtk,1,1,0,1,0,0,1,1,1,1,0x74119000,0x74119000,MATCH
serial8250_do_startup,0xece68f9d,KERNEL_OR_BUILTIN,,0,8250_mtk,1,1,0,1,0,0,1,1,1,1,0xece68f9d,0xece68f9d,MATCH
serial8250_get_port,0x1733e179,KERNEL_OR_BUILTIN,,0,8250_mtk,1,1,0,1,0,0,1,1,1,1,0x1733e179,0x1733e179,MATCH
serial8250_register_8250_port,0x19a86ac6,KERNEL_OR_BUILTIN,,0,8250_mtk,1,1,0,1,0,0,1,1,1,1,0x19a86ac6,0x19a86ac6,MATCH
serial8250_resume_port,0xc7208c3a,KERNEL_OR_BUILTIN,,0,8250_mtk,1,1,0,1,0,0,1,1,1,1,0xc7208c3a,0xc7208c3a,MATCH
serial8250_rpm_get,0x032acd76,KERNEL_OR_BUILTIN,,0,8250_mtk,1,1,0,1,0,0,1,1,1,1,0x032acd76,0x032acd76,MATCH
serial8250_rpm_put,0x83c89b47,KERNEL_OR_BUILTIN,,0,8250_mtk,1,1,0,1,0,0,1,1,1,1,0x83c89b47,0x83c89b47,MATCH
serial8250_suspend_port,0xcc248d26,KERNEL_OR_BUILTIN,,0,8250_mtk,1,1,0,1,0,0,1,1,1,1,0xcc248d26,0xcc248d26,MATCH
serial8250_unregister_port,0xcefcd99a,KERNEL_OR_BUILTIN,,0,8250_mtk,1,1,0,1,0,0,1,1,1,1,0xcefcd99a,0xcefcd99a,MATCH
set_capacity,0x41797080,KERNEL_OR_BUILTIN,,0,zram,1,1,0,1,0,0,1,1,1,1,0x41797080,0x41797080,MATCH
set_capacity_and_notify,0x50798f66,KERNEL_OR_BUILTIN,,0,zram,1,1,0,1,0,0,1,1,1,1,0x50798f66,0x50798f66,MATCH
set_cpus_allowed_ptr,0x6c4198dc,KERNEL_OR_BUILTIN,,0,aee_hangdet;ccci_dpmaif;gz_trusty_mod;gz_tz_system;gz_virtio_mod;mediatek_drm;mtk_fpsgo;wlan_drv_gen4m_6878,8,8,0,1,0,0,1,1,1,1,0x6c4198dc,0x6c4198dc,MATCH
set_next_entity,0x6d24d2d3,KERNEL_OR_BUILTIN,,0,scheduler,1,1,0,1,0,0,0,0,1,1,0x6d24d2d3,0x6d24d2d3,MATCH
set_normalized_timespec64,0x365acda7,KERNEL_OR_BUILTIN,,0,apusys;camera_eeprom_v4l2;ccmni;imgsensor;mtk_mml;mtk_vcodec_dec_v1,6,6,0,1,0,0,1,1,1,1,0x365acda7,0x365acda7,MATCH
set_page_dirty_lock,0xbfa529f4,KERNEL_OR_BUILTIN,,0,mali_kbase_mt6878_r44;mtk_aie,2,2,0,1,0,0,1,1,1,1,0xbfa529f4,0xbfa529f4,MATCH
set_task_cpu,0xb4809261,KERNEL_OR_BUILTIN,,0,scheduler,1,1,0,1,0,0,1,1,1,1,0xb4809261,0xb4809261,MATCH
set_user_nice,0x81bb3e77,KERNEL_OR_BUILTIN,,0,gz_trusty_mod;gz_tz_system;gz_virtio_mod;hidp;mtk_c2ps;mtk_fpsgo;rfcomm;task_turbo;wlan_drv_gen4m_6878,9,9,0,1,0,0,1,1,1,1,0x81bb3e77,0x81bb3e77,MATCH
setup_udp_tunnel_sock,0xcfb61ede,KERNEL_OR_BUILTIN,,0,l2tp_core;tipc,2,2,0,1,0,0,0,0,1,1,0xcfb61ede,0xcfb61ede,MATCH
sg_alloc_table,0x3a2f6702,KERNEL_OR_BUILTIN,,0,apusys;camera_dpe_isp7sp;mali_dmabuf_test_mt6878_r44;mtk_aie;mtk_sec_heap;mtk_vcodec_common;system_heap;tkcore;tmem_ffa,9,9,0,1,0,0,1,1,1,1,0x3a2f6702,0x3a2f6702,MATCH
sg_alloc_table_from_pages_segment,0x84f227df,KERNEL_OR_BUILTIN,,0,apusys;gz_main_mod;mediatek_drm;mtk_aie;tkcore,5,5,0,1,0,0,1,1,1,1,0x84f227df,0x84f227df,MATCH
sg_copy_from_buffer,0x905695ab,KERNEL_OR_BUILTIN,,0,rpmb_mtk,1,1,0,1,0,0,1,1,1,1,0x905695ab,0x905695ab,MATCH
sg_copy_to_buffer,0x02b8ab42,KERNEL_OR_BUILTIN,,0,rpmb_mtk,1,1,0,1,0,0,1,1,1,1,0x02b8ab42,0x02b8ab42,MATCH
sg_free_table,0x7f5b4fe4,KERNEL_OR_BUILTIN,,0,apusys;camera_dpe_isp7sp;mali_dmabuf_test_mt6878_r44;mediatek_drm;mtk_aie;mtk_sec_heap;mtk_vcodec_common;system_heap;tkcore;tmem_ffa,10,10,0,1,0,0,1,1,1,1,0x7f5b4fe4,0x7f5b4fe4,MATCH
sg_init_one,0xb320cc0e,KERNEL_OR_BUILTIN,,0,bluetooth;gz_ipc_mod;mac80211;mac802154;rpmb_mtk,5,6,0,1,0,0,1,1,1,1,0xb320cc0e,0xb320cc0e,MATCH
sg_init_table,0xf888ca21,KERNEL_OR_BUILTIN,,0,8250_mtk;mac80211;tipc;usbnet,4,4,0,1,0,0,1,1,1,1,0xf888ca21,0xf888ca21,MATCH
sg_nents,0x461d16ca,KERNEL_OR_BUILTIN,,0,ffa_v10,1,1,0,1,0,0,0,0,1,1,0x461d16ca,0x461d16ca,MATCH
sg_next,0x87b8798d,KERNEL_OR_BUILTIN,,0,apusys;camera_dpe_isp7sp;cqhci;ffa_v10;gz_main_mod;mali_dmabuf_test_mt6878_r44;mali_kbase_mt6878_r44;mtk_aie;mtk_cam_isp7sp;mtk_hcp;mtk_imgsys_v4l2;mtk_mmc;mtk_sec_heap;mtk_vcodec_common;spi_mt65xx;system_heap;tkcore;tmem_ffa;xhci_mtk_hcd_v2,19,19,0,1,0,0,1,1,1,1,0x87b8798d,0x87b8798d,MATCH
sg_pcopy_from_buffer,0xd0fe8d51,KERNEL_OR_BUILTIN,,0,xhci_mtk_hcd_v2,1,1,0,1,0,0,1,1,1,1,0xd0fe8d51,0xd0fe8d51,MATCH
sg_pcopy_to_buffer,0xea778fab,KERNEL_OR_BUILTIN,,0,xhci_mtk_hcd_v2,1,1,0,1,0,0,1,1,1,1,0xea778fab,0xea778fab,MATCH
shmem_file_setup,0xe030574b,KERNEL_OR_BUILTIN,,0,mali_kbase_mt6878_r44,1,1,0,1,0,0,1,1,1,1,0xe030574b,0xe030574b,MATCH
si_mem_available,0x785a93b4,KERNEL_OR_BUILTIN,,0,mtk_perf_common,1,1,0,1,0,0,1,1,1,1,0x785a93b4,0x785a93b4,MATCH
si_meminfo,0x40c7247c,KERNEL_OR_BUILTIN,,0,mali_mgm_mt6878_r44;met,2,2,0,1,0,0,1,1,1,1,0x40c7247c,0x40c7247c,MATCH
simple_attr_open,0x70d5e5c7,KERNEL_OR_BUILTIN,,0,apusys;bluetooth;iommu_debug;mali_kbase_mt6878_r44;mali_mgm_mt6878_r44;mediatek_drm;mtk_cmdq_drv_ext;mtk_smi_dbg;mtk_vmm_isp71_regulator;snd_soc_tfa98xx,10,11,0,1,0,0,1,1,1,1,0x70d5e5c7,0x70d5e5c7,MATCH
simple_attr_read,0x2045fc18,KERNEL_OR_BUILTIN,,0,apusys;iommu_debug;mediatek_drm;mtk_cmdq_drv_ext;mtk_smi_dbg;mtk_vmm_isp71_regulator;snd_soc_tfa98xx,7,7,0,1,0,0,1,1,1,1,0x2045fc18,0x2045fc18,MATCH
simple_attr_release,0x64e1a89d,KERNEL_OR_BUILTIN,,0,apusys;bluetooth;iommu_debug;mali_kbase_mt6878_r44;mali_mgm_mt6878_r44;mediatek_drm;mtk_cmdq_drv_ext;mtk_smi_dbg;mtk_vmm_isp71_regulator;snd_soc_tfa98xx,10,11,0,1,0,0,1,1,1,1,0x64e1a89d,0x64e1a89d,MATCH
simple_attr_write,0x1cab394e,KERNEL_OR_BUILTIN,,0,apusys;iommu_debug;mediatek_drm;mtk_cmdq_drv_ext;mtk_smi_dbg;mtk_vmm_isp71_regulator;snd_soc_tfa98xx,7,7,0,1,0,0,1,1,1,1,0x1cab394e,0x1cab394e,MATCH
simple_open,0xfc86e386,KERNEL_OR_BUILTIN,,0,adsp;apusys;bluetooth;mali_kbase_mt6878_r44;mtk_scp_audiocommon;scp;snd_soc_tfa98xx,7,8,0,1,0,0,1,1,1,1,0xfc86e386,0xfc86e386,MATCH
simple_read_from_buffer,0x9c81ceff,KERNEL_OR_BUILTIN,,0,adsp;apusys;bluetooth;device_apc_common;mali_kbase_mt6878_r44;mediatek_drm;mmprofile;mtk_battery_oc_throttling;mtk_cam_isp7sp;mtk_ccd_remoteproc;powerhal_cpu_ctrl;scp;sec_rng;snd_soc_mt6369;snd_soc_mt6878_afe;snd_soc_tfa98xx;tcpc_class;touch_boost;uload_ind;wlan_drv_gen4m_6878,20,21,0,1,0,0,1,1,1,1,0x9c81ceff,0x9c81ceff,MATCH
simple_strtol,0x0b742fd7,KERNEL_OR_BUILTIN,,0,mtk_charger_framework;yft_devinfo,2,2,0,0,0,0,0,0,0,0,0x0b742fd7,0x0b742fd7,MATCH
simple_strtoul,0x20000329,KERNEL_OR_BUILTIN,,0,sh366003_fg,1,1,0,0,0,0,0,0,0,0,0x20000329,0x20000329,MATCH
simple_write_to_buffer,0x113858c3,KERNEL_OR_BUILTIN,,0,mmprofile;mtk_battery_oc_throttling;tcpc_class,3,3,0,1,0,0,1,1,1,1,0x113858c3,0x113858c3,MATCH
single_open,0x4adb51eb,KERNEL_OR_BUILTIN,,0,aee_aed;apu_top;apusys;blocktag;bluetooth;bootprof;c2ps_perf_ioctl;clk_common;cpudvfs;cpuqos_v3;extcon_mtk_usb;fhctl;ged;gpueb;hf_manager;iommu_debug;log_store;mali_kbase_mt6878_r44;md_cooling_all;mdp_drv_mt6878;mmqos_common;mrdump;mtk_charger_framework;mtk_cmdq_drv_ext;mtk_core_ctl;mtk_gpu_qos;mtk_gpufreq_wrapper;mtk_heap_debug;mtk_icc_core;mtk_ioctl_powerhal;mtk_ioctl_touch_boost;mtk_mdpm;mtk_mmc_dbg;mtk_mmdvfs_debug;mtk_pbm;mtk_peak_power_budget;mtk_perf_ioctl;mtk_perf_ioctl_magt;mtk_printk_ctrl;mtk_smi_dbg;mtu3;mux_switch;phy_mtk_xsphy;pidmap;pinctrl_mtk_common_v2_debug;rfcomm;scheduler;scp;sec;spmi_mtk_pmif;tcpc_class;thermal_interface;trace_mmstat;ufs_mediatek_dbg;usb_logger;vcp;xhci_mtk_hcd_v2,57,58,0,1,0,0,1,1,1,1,0x4adb51eb,0x4adb51eb,MATCH
single_open_size,0x6ca499dc,KERNEL_OR_BUILTIN,,0,mtk_mml,1,1,0,1,0,0,1,1,1,1,0x6ca499dc,0x6ca499dc,MATCH
single_release,0xe8f7183d,KERNEL_OR_BUILTIN,,0,aee_aed;apu_top;apusys;blocktag;bluetooth;bootprof;c2ps_perf_ioctl;clk_common;cpudvfs;cpuqos_v3;extcon_mtk_usb;fhctl;ged;gpueb;hf_manager;iommu_debug;log_store;mali_kbase_mt6878_r44;md_cooling_all;mdp_drv_mt6878;mmqos_common;mrdump;mtk_charger_framework;mtk_cmdq_drv_ext;mtk_core_ctl;mtk_gpu_qos;mtk_gpufreq_wrapper;mtk_heap_debug;mtk_icc_core;mtk_ioctl_powerhal;mtk_ioctl_touch_boost;mtk_mdpm;mtk_mmc_dbg;mtk_mmdvfs_debug;mtk_mml;mtk_pbm;mtk_peak_power_budget;mtk_perf_ioctl;mtk_perf_ioctl_magt;mtk_printk_ctrl;mtk_smi_dbg;mtu3;mux_switch;phy_mtk_xsphy;pidmap;rfcomm;scheduler;scp;spmi_mtk_pmif;tcpc_class;thermal_interface;trace_mmstat;ufs_mediatek_dbg;usb_logger;vcp;xhci_mtk_hcd_v2,56,57,0,1,0,0,1,1,1,1,0xe8f7183d,0xe8f7183d,MATCH
sk_alloc,0x6cad6404,KERNEL_OR_BUILTIN,,0,bluetooth;can;hidp;ieee802154_socket;l2tp_ppp;nfc;pptp;tipc,8,9,0,1,0,0,0,0,1,1,0x6cad6404,0x6cad6404,MATCH
sk_capable,0x9bced1ab,KERNEL_OR_BUILTIN,,0,bluetooth,1,2,0,1,0,0,0,0,1,1,0x9bced1ab,0x9bced1ab,MATCH
sk_common_release,0x014477ca,KERNEL_OR_BUILTIN,,0,ieee802154_socket,1,1,0,1,0,0,0,0,1,1,0x014477ca,0x014477ca,MATCH
sk_error_report,0x0b28e75b,KERNEL_OR_BUILTIN,,0,can_bcm;can_raw;nfc,3,3,0,1,0,0,0,0,1,1,0x0b28e75b,0x0b28e75b,MATCH
sk_filter_trim_cap,0xf5845708,KERNEL_OR_BUILTIN,,0,bluetooth,1,2,0,1,0,0,0,0,1,1,0xf5845708,0xf5845708,MATCH
sk_free,0x052a5c8f,KERNEL_OR_BUILTIN,,0,bluetooth;can;can_bcm;can_raw;hidp;l2tp_core;l2tp_ppp;nfc;pptp;rfcomm;tipc,11,12,0,1,0,0,0,0,1,1,0x052a5c8f,0x052a5c8f,MATCH
sk_reset_timer,0x35dc5f2e,KERNEL_OR_BUILTIN,,0,tipc,1,1,0,1,0,0,0,0,1,1,0x35dc5f2e,0x35dc5f2e,MATCH
sk_setup_caps,0xea742b43,KERNEL_OR_BUILTIN,,0,pptp,1,1,0,1,0,0,0,0,1,1,0xea742b43,0xea742b43,MATCH
sk_stop_timer,0x37886892,KERNEL_OR_BUILTIN,,0,tipc,1,1,0,1,0,0,0,0,1,1,0x37886892,0x37886892,MATCH
skb_add_rx_frag,0x79586ffa,KERNEL_OR_BUILTIN,,0,ccci_dpmaif;cfg80211;r8152,3,3,0,1,0,0,1,1,1,1,0x79586ffa,0x79586ffa,MATCH
skb_checksum_help,0xbcac167c,KERNEL_OR_BUILTIN,,0,mac80211;r8152;wlan_drv_gen4m_6878,3,3,0,1,0,0,0,0,1,1,0xbcac167c,0xbcac167c,MATCH
skb_clone,0xe48b1404,KERNEL_OR_BUILTIN,,0,bluetooth;can;can_dev;can_gw;can_raw;cdc_eem;ieee802154_6lowpan;ieee802154_socket;mac80211;mac802154;mtk_usb_f_rndis;nfc;tipc;vcan,14,15,0,1,0,0,1,1,1,1,0xe48b1404,0xe48b1404,MATCH
skb_clone_sk,0xed2a513b,KERNEL_OR_BUILTIN,,0,mac80211,1,1,0,1,0,0,0,0,1,1,0xed2a513b,0xed2a513b,MATCH
skb_complete_wifi_ack,0x9a7f42c9,KERNEL_OR_BUILTIN,,0,mac80211,1,1,0,1,0,0,0,0,1,1,0x9a7f42c9,0x9a7f42c9,MATCH
skb_copy,0x91e767fe,KERNEL_OR_BUILTIN,,0,bluetooth;bt_drv_6878;can_gw;ieee802154_6lowpan;mac80211;nfc;tipc;wlan_drv_gen4m_6878,8,9,0,1,0,0,1,1,1,1,0x91e767fe,0x91e767fe,MATCH
skb_copy_bits,0xdaa46a17,KERNEL_OR_BUILTIN,,0,8021q;cfg80211;mac80211;ppp_generic;r8152,5,5,0,1,0,0,0,0,1,1,0xdaa46a17,0xdaa46a17,MATCH
skb_copy_datagram_iter,0xe274a30f,KERNEL_OR_BUILTIN,,0,bluetooth;ieee802154_socket;l2tp_ppp;nfc;ppp_generic;tipc,6,7,0,1,0,0,0,0,1,1,0xe274a30f,0xe274a30f,MATCH
skb_copy_expand,0x2204b34d,KERNEL_OR_BUILTIN,,0,aqc111;asix;cdc_eem;ieee802154_6lowpan;mac80211;mac802154;tipc;wlan_drv_gen4m_6878,8,8,0,1,0,0,1,1,1,1,0x2204b34d,0x2204b34d,MATCH
skb_cow_data,0x141b1684,KERNEL_OR_BUILTIN,,0,tipc,1,1,0,1,0,0,0,0,1,1,0x141b1684,0x141b1684,MATCH
skb_dequeue,0x3a908023,KERNEL_OR_BUILTIN,,0,bluetooth;bt_drv_6878;btsdio;can_dev;hci_uart;hidp;l2tp_core;mac80211;mac802154;mtk_u_ether;nfc;ppp_generic;rfcomm;usbnet;wlan_drv_gen4m_6878;wwan,16,17,0,1,0,0,1,1,1,1,0x3a908023,0x3a908023,MATCH
skb_ensure_writable,0xeea1ccc8,KERNEL_OR_BUILTIN,,0,mac80211,1,1,0,1,0,0,0,0,1,1,0xeea1ccc8,0xeea1ccc8,MATCH
skb_free_datagram,0x92888700,KERNEL_OR_BUILTIN,,0,bluetooth;can_bcm;can_raw;ieee802154_socket;nfc,5,6,0,1,0,0,0,0,1,1,0x92888700,0x92888700,MATCH
skb_pull,0xbe5e92c9,KERNEL_OR_BUILTIN,,0,6lowpan;aqc111;ax88179_178a;bluetooth;btsdio;ccci_dpmaif;ccci_md_all;cdc_eem;cfg80211;hci_uart;hidp;ieee802154;ieee802154_6lowpan;l2tp_ppp;mac80211;mtk_usb_f_rndis;nfc;nhc_udp;ppp_generic;pptp;rfcomm;tipc;wlan_drv_gen4m_6878;wwan,24,25,0,1,0,0,1,1,1,1,0xbe5e92c9,0xbe5e92c9,MATCH
skb_pull_data,0xc5f73848,KERNEL_OR_BUILTIN,,0,bluetooth,1,2,0,1,0,0,0,0,1,1,0xc5f73848,0xc5f73848,MATCH
skb_pull_rcsum,0x4ecfcf3d,KERNEL_OR_BUILTIN,,0,ppp_generic;wlan_drv_gen4m_6878,2,2,0,1,0,0,1,1,1,1,0x4ecfcf3d,0x4ecfcf3d,MATCH
skb_push,0xb0cdde42,KERNEL_OR_BUILTIN,,0,6lowpan;8021q;aqc111;asix;ax88179_178a;bluetooth;bt_drv_6878;btsdio;ccci_dpmaif;ccci_md_all;cdc_eem;cfg80211;hci_uart;ieee802154;ieee802154_socket;mac80211;mac802154;mtk_usb_f_rndis;nfc;nhc_udp;ppp_generic;pptp;rfcomm;tipc;wlan_drv_gen4m_6878,25,26,0,1,0,0,1,1,1,1,0xb0cdde42,0xb0cdde42,MATCH
skb_put,0xac7a3881,KERNEL_OR_BUILTIN,,0,aqc111;asix;ax88179_178a;bluetooth;bt_drv_6878;btqca;btsdio;can_bcm;can_dev;can_raw;ccci_ccif;ccci_dpmaif;ccci_fsm_scp;ccci_md_all;cdc_eem;cdc_ncm;cfg80211;hci_uart;hidp;ieee802154_6lowpan;ieee802154_socket;l2tp_ppp;mac80211;mac802154;mtk_u_ether;nfc;ppp_generic;r8152;rfcomm;rtl8150;tipc;usbnet;wlan_drv_gen4m_6878;wwan,34,35,0,1,0,0,1,1,1,1,0xac7a3881,0xac7a3881,MATCH
skb_queue_head,0x73234170,KERNEL_OR_BUILTIN,,0,bluetooth;btsdio;hidp;mac80211;nfc;ppp_generic;rfcomm;wwan,8,9,0,1,0,0,1,1,1,1,0x73234170,0x73234170,MATCH
skb_queue_purge,0xbf2d8fce,KERNEL_OR_BUILTIN,,0,bluetooth;bt_drv_6878;btsdio;can;can_dev;hci_uart;hidp;ieee802154_socket;l2tp_ppp;mac80211;nfc;ppp_generic;pptp;rfcomm;tipc;usbnet;wwan,17,18,0,1,0,0,1,1,1,1,0xbf2d8fce,0xbf2d8fce,MATCH
skb_queue_tail,0xfd2a2296,KERNEL_OR_BUILTIN,,0,bluetooth;bt_drv_6878;btsdio;ccci_md_all;hci_uart;hidp;l2tp_core;mac80211;mac802154;mtk_u_ether;mtk_usb_f_rndis;nfc;ppp_generic;r8152;rfcomm;tipc;usbnet;wlan_drv_gen4m_6878;wwan,19,20,0,1,0,0,1,1,1,1,0xfd2a2296,0xfd2a2296,MATCH
skb_realloc_headroom,0xd1063544,KERNEL_OR_BUILTIN,,0,mtk_usb_f_rndis;pptp;wlan_drv_gen4m_6878,3,3,0,1,0,0,1,1,1,1,0xd1063544,0xd1063544,MATCH
skb_recv_datagram,0x61bca68c,KERNEL_OR_BUILTIN,,0,bluetooth;can_bcm;can_raw;ieee802154_socket;l2tp_ppp;nfc,6,7,0,1,0,0,0,0,1,1,0x61bca68c,0x61bca68c,MATCH
skb_scrub_packet,0xa01713cf,KERNEL_OR_BUILTIN,,0,ppp_generic,1,1,0,1,0,0,0,0,1,1,0xa01713cf,0xa01713cf,MATCH
skb_set_owner_w,0x344ead72,KERNEL_OR_BUILTIN,,0,pptp,1,1,0,1,0,0,0,0,1,1,0x344ead72,0x344ead72,MATCH
skb_split,0x9fb1a84a,KERNEL_OR_BUILTIN,,0,wlan_drv_gen4m_6878,1,1,0,1,0,0,1,1,1,1,0x9fb1a84a,0x9fb1a84a,MATCH
skb_to_sgvec,0x9201603f,KERNEL_OR_BUILTIN,,0,tipc,1,1,0,1,0,0,0,0,1,1,0x9201603f,0x9201603f,MATCH
skb_trim,0x584525af,KERNEL_OR_BUILTIN,,0,aqc111;ax88179_178a;bluetooth;can_dev;can_gw;ccci_md_all;cdc_eem;cfg80211;conninfra;ieee802154;mac80211;mac802154;mtk_mbraink;mtk_usb_f_rndis;nfc;ppp_generic;tipc;wlan_drv_gen4m_6878,18,19,0,1,0,0,1,1,1,1,0x584525af,0x584525af,MATCH
skb_try_coalesce,0xf71caf48,KERNEL_OR_BUILTIN,,0,tipc,1,1,0,1,0,0,0,0,1,1,0xf71caf48,0xf71caf48,MATCH
skb_tstamp_tx,0x9028251a,KERNEL_OR_BUILTIN,,0,can_dev;r8152;slcan;usbnet;vcan,5,5,0,1,0,0,0,0,1,1,0x9028251a,0x9028251a,MATCH
skb_unlink,0x9451ec1c,KERNEL_OR_BUILTIN,,0,bluetooth;nfc,2,3,0,1,0,0,0,0,1,1,0x9451ec1c,0x9451ec1c,MATCH
smp_call_function,0xa0eae826,KERNEL_OR_BUILTIN,,0,cpuqos_v3,1,1,0,1,0,0,1,1,1,1,0xa0eae826,0xa0eae826,MATCH
smp_call_function_single,0x6228c21f,KERNEL_OR_BUILTIN,,0,cpuqos_v3;met;mtk_mbraink,3,3,0,1,0,0,1,1,1,1,0x6228c21f,0x6228c21f,MATCH
smp_call_function_single_async,0xa080c5e5,KERNEL_OR_BUILTIN,,0,aee_hangdet,1,1,0,1,0,0,0,0,1,1,0xa080c5e5,0xa080c5e5,MATCH
snd_card_add_dev_attr,0x704e4f8a,KERNEL_OR_BUILTIN,,0,snd_soc_mt6369;snd_soc_mt6878_afe,2,2,0,1,0,0,1,1,1,1,0x704e4f8a,0x704e4f8a,MATCH
snd_ctl_boolean_mono_info,0x75570b17,KERNEL_OR_BUILTIN,,0,mtk_btcvsd,1,1,0,1,0,0,1,1,1,1,0x75570b17,0x75570b17,MATCH
snd_jack_set_key,0xc3a27f2b,KERNEL_OR_BUILTIN,,0,mt6369_accdet,1,1,0,1,0,0,1,1,1,1,0xc3a27f2b,0xc3a27f2b,MATCH
snd_pcm_format_physical_width,0x68a24153,KERNEL_OR_BUILTIN,,0,snd_soc_audiodsp_common;snd_soc_mt6878_afe;snd_soc_tfa98xx,3,3,0,1,0,0,1,1,1,1,0x68a24153,0x68a24153,MATCH
snd_pcm_format_width,0xe56a9336,KERNEL_OR_BUILTIN,,0,aw883xx_driver;snd_soc_tfa98xx,2,2,0,1,0,0,1,1,1,1,0xe56a9336,0xe56a9336,MATCH
snd_pcm_hw_constraint_integer,0x96e20f7d,KERNEL_OR_BUILTIN,,0,snd_soc_mt6878_afe;snd_soc_mtk_common,2,2,0,1,0,0,1,1,1,1,0x96e20f7d,0x96e20f7d,MATCH
snd_pcm_hw_constraint_minmax,0xea042b62,KERNEL_OR_BUILTIN,,0,snd_soc_mtk_common,1,1,0,1,0,0,1,1,1,1,0xea042b62,0xea042b62,MATCH
snd_pcm_hw_constraint_step,0x8de0219b,KERNEL_OR_BUILTIN,,0,snd_soc_mt6878_afe;snd_soc_mtk_common,2,2,0,1,0,0,1,1,1,1,0x8de0219b,0x8de0219b,MATCH
snd_pcm_lib_free_pages,0xc5c8d4f4,KERNEL_OR_BUILTIN,,0,snd_soc_mtk_common,1,1,0,1,0,0,1,1,1,1,0xc5c8d4f4,0xc5c8d4f4,MATCH
snd_pcm_lib_malloc_pages,0x4c1adf53,KERNEL_OR_BUILTIN,,0,snd_soc_mtk_common,1,1,0,1,0,0,1,1,1,1,0x4c1adf53,0x4c1adf53,MATCH
snd_pcm_lib_preallocate_free_for_all,0x8b069ea6,KERNEL_OR_BUILTIN,,0,snd_soc_mtk_common,1,1,0,1,0,0,1,1,1,1,0x8b069ea6,0x8b069ea6,MATCH
snd_pcm_lib_preallocate_pages_for_all,0x705502d8,KERNEL_OR_BUILTIN,,0,snd_soc_mtk_common,1,1,0,1,0,0,1,1,1,1,0x705502d8,0x705502d8,MATCH
snd_pcm_period_elapsed,0x064141d9,KERNEL_OR_BUILTIN,,0,mtk_btcvsd;snd_soc_audiodsp_common;snd_soc_mt6878_afe,3,3,0,1,0,0,1,1,1,1,0x064141d9,0x064141d9,MATCH
snd_pcm_set_ops,0x079ff9a0,KERNEL_OR_BUILTIN,,0,snd_soc_mtk_common,1,1,0,1,0,0,1,1,1,1,0x079ff9a0,0x079ff9a0,MATCH
snd_soc_add_component_controls,0x63fdd47f,KERNEL_OR_BUILTIN,,0,aw883xx_driver;mtk_btcvsd;mtk_soc_offload_common;snd_soc_audiodsp_common;snd_soc_mt6369;snd_soc_mt6878_afe;snd_soc_mtk_common;snd_soc_mtk_scp_ultra;snd_soc_tfa98xx,9,9,0,1,0,0,1,1,1,1,0x63fdd47f,0x63fdd47f,MATCH
snd_soc_bytes_info_ext,0xf58f61bd,KERNEL_OR_BUILTIN,,0,mt6878_mt6369;mtk_btcvsd;mtk_soc_offload_common;snd_soc_mtk_scp_ultra,4,4,0,1,0,0,1,1,1,1,0xf58f61bd,0xf58f61bd,MATCH
snd_soc_bytes_tlv_callback,0x240a39e2,KERNEL_OR_BUILTIN,,0,mt6878_mt6369;mtk_btcvsd;mtk_soc_offload_common;snd_soc_mtk_scp_ultra,4,4,0,1,0,0,1,1,1,1,0x240a39e2,0x240a39e2,MATCH
snd_soc_card_jack_new,0x9cb268d7,KERNEL_OR_BUILTIN,,0,mt6369_accdet,1,1,0,1,0,0,1,1,1,1,0x9cb268d7,0x9cb268d7,MATCH
snd_soc_component_exit_regmap,0x29e29275,KERNEL_OR_BUILTIN,,0,snd_soc_mt6369,1,1,0,1,0,0,1,1,1,1,0x29e29275,0x29e29275,MATCH
snd_soc_component_init_regmap,0x12f0f104,KERNEL_OR_BUILTIN,,0,snd_soc_mt6369;snd_soc_tfa98xx,2,2,0,1,0,0,1,1,1,1,0x12f0f104,0x12f0f104,MATCH
snd_soc_component_set_jack,0x51e3d0ae,KERNEL_OR_BUILTIN,,0,mt6369_accdet,1,1,0,1,0,0,1,1,1,1,0x51e3d0ae,0x51e3d0ae,MATCH
snd_soc_component_update_bits,0xedfab75d,KERNEL_OR_BUILTIN,,0,snd_soc_mt6369,1,1,0,1,0,0,1,1,1,1,0xedfab75d,0xedfab75d,MATCH
snd_soc_dai_set_sysclk,0x801708b6,KERNEL_OR_BUILTIN,,0,mt6878_mt6369,1,1,0,1,0,0,1,1,1,1,0x801708b6,0x801708b6,MATCH
snd_soc_dapm_add_routes,0xb38ef37d,KERNEL_OR_BUILTIN,,0,aw883xx_driver;snd_soc_mtk_common;snd_soc_tfa98xx,3,3,0,1,0,0,1,1,1,1,0xb38ef37d,0xb38ef37d,MATCH
snd_soc_dapm_disable_pin,0xf608ad2f,KERNEL_OR_BUILTIN,,0,mt6878_mt6369,1,1,0,1,0,0,1,1,1,1,0xf608ad2f,0xf608ad2f,MATCH
snd_soc_dapm_get_enum_double,0xe638a2ac,KERNEL_OR_BUILTIN,,0,snd_soc_mt6369;snd_soc_mt6878_afe,2,2,0,1,0,0,1,1,1,1,0xe638a2ac,0xe638a2ac,MATCH
snd_soc_dapm_get_pin_switch,0xd8df8a29,KERNEL_OR_BUILTIN,,0,mt6878_mt6369,1,1,0,1,0,0,1,1,1,1,0xd8df8a29,0xd8df8a29,MATCH
snd_soc_dapm_get_volsw,0xbd679558,KERNEL_OR_BUILTIN,,0,snd_soc_mt6878_afe,1,1,0,1,0,0,1,1,1,1,0xbd679558,0xbd679558,MATCH
snd_soc_dapm_info_pin_switch,0x7bd13cb6,KERNEL_OR_BUILTIN,,0,mt6878_mt6369,1,1,0,1,0,0,1,1,1,1,0x7bd13cb6,0x7bd13cb6,MATCH
snd_soc_dapm_new_controls,0x96388807,KERNEL_OR_BUILTIN,,0,aw883xx_driver;snd_soc_mtk_common;snd_soc_tfa98xx,3,3,0,1,0,0,1,1,1,1,0x96388807,0x96388807,MATCH
snd_soc_dapm_new_widgets,0xa6d459d3,KERNEL_OR_BUILTIN,,0,snd_soc_mtk_common,1,1,0,1,0,0,1,1,1,1,0xa6d459d3,0xa6d459d3,MATCH
snd_soc_dapm_put_enum_double,0x6a14768c,KERNEL_OR_BUILTIN,,0,snd_soc_mt6369;snd_soc_mt6878_afe,2,2,0,1,0,0,1,1,1,1,0x6a14768c,0x6a14768c,MATCH
snd_soc_dapm_put_pin_switch,0x27775977,KERNEL_OR_BUILTIN,,0,mt6878_mt6369,1,1,0,1,0,0,1,1,1,1,0x27775977,0x27775977,MATCH
snd_soc_dapm_put_volsw,0x39af0bb2,KERNEL_OR_BUILTIN,,0,snd_soc_mt6878_afe,1,1,0,1,0,0,1,1,1,1,0x39af0bb2,0x39af0bb2,MATCH
snd_soc_get_volsw,0x2549f63f,KERNEL_OR_BUILTIN,,0,snd_soc_mt6369;snd_soc_mt6878_afe,2,2,0,1,0,0,1,1,1,1,0x2549f63f,0x2549f63f,MATCH
snd_soc_info_enum_double,0xc095bbf9,KERNEL_OR_BUILTIN,,0,mt6878_mt6369;mtk_btcvsd;snd_soc_mt6369;snd_soc_mt6878_afe;snd_soc_mtk_scp_ultra,5,5,0,1,0,0,1,1,1,1,0xc095bbf9,0xc095bbf9,MATCH
snd_soc_info_volsw,0xb0fbae85,KERNEL_OR_BUILTIN,,0,aw883xx_driver;mtk_soc_offload_common;snd_soc_audiodsp_common;snd_soc_mt6369;snd_soc_mt6878_afe;snd_soc_mtk_scp_ultra,6,6,0,1,0,0,1,1,1,1,0xb0fbae85,0xb0fbae85,MATCH
snd_soc_jack_report,0x8a22c515,KERNEL_OR_BUILTIN,,0,mt6369_accdet,1,1,0,1,0,0,1,1,1,1,0x8a22c515,0x8a22c515,MATCH
snd_soc_new_compress,0x12988d83,KERNEL_OR_BUILTIN,,0,snd_soc_audiodsp_common,1,1,0,1,0,0,1,1,1,1,0x12988d83,0x12988d83,MATCH
snd_soc_of_get_dai_link_codecs,0x0c9dbcd3,KERNEL_OR_BUILTIN,,0,mt6878_mt6369,1,1,0,1,0,0,1,1,1,1,0x0c9dbcd3,0x0c9dbcd3,MATCH
snd_soc_poweroff,0x47ea7f83,KERNEL_OR_BUILTIN,,0,mt6878_mt6369,1,1,0,1,0,0,1,1,1,1,0x47ea7f83,0x47ea7f83,MATCH
snd_soc_put_volsw,0x581a8286,KERNEL_OR_BUILTIN,,0,snd_soc_mt6878_afe,1,1,0,1,0,0,1,1,1,1,0x581a8286,0x581a8286,MATCH
snd_soc_register_component,0x94646ac0,KERNEL_OR_BUILTIN,,0,aw883xx_driver;mtk_soc_offload_common;snd_soc_audiodsp_common;snd_soc_mtk_scp_ultra,4,4,0,1,0,0,1,1,1,1,0x94646ac0,0x94646ac0,MATCH
snd_soc_resume,0x4d1c2f85,KERNEL_OR_BUILTIN,,0,mt6878_mt6369,1,1,0,1,0,0,1,1,1,1,0x4d1c2f85,0x4d1c2f85,MATCH
snd_soc_rtdcom_lookup,0x45e0dee3,KERNEL_OR_BUILTIN,,0,mt6878_mt6369;snd_soc_audiodsp_common;snd_soc_mt6878_afe;snd_soc_mtk_common,4,4,0,1,0,0,1,1,1,1,0x45e0dee3,0x45e0dee3,MATCH
snd_soc_set_runtime_hwparams,0x8331bc8c,KERNEL_OR_BUILTIN,,0,mt6878_mt6369;mtk_btcvsd;snd_soc_mt6878_afe;snd_soc_mtk_common,4,4,0,1,0,0,1,1,1,1,0x8331bc8c,0x8331bc8c,MATCH
snd_soc_unregister_component,0x4a46772b,KERNEL_OR_BUILTIN,,0,aw883xx_driver;snd_soc_mtk_scp_ultra;snd_soc_tfa98xx,3,3,0,1,0,0,1,1,1,1,0x4a46772b,0x4a46772b,MATCH
snd_vendor_set_ops,0xadf3f0b9,KERNEL_OR_BUILTIN,,0,usb_offload,1,1,0,1,0,0,0,0,1,1,0xadf3f0b9,0xadf3f0b9,MATCH
snprintf,0x656e4a6e,KERNEL_OR_BUILTIN,,0,8021q;8250_mtk;adapter_class;adsp;aee_aed;aee_hangdet;apu_top;apusys;aqc111;asix;audio_ipi;aw36515;aw36518;aw36518_v2;aw883xx_driver;backlight_cooling;blocktag;bluetooth;bt_drv_6878;btbcm;btqca;bus_parity;c2k_usb;camera_dpe_isp7sp;camera_eeprom_v4l2;ccci_ccif;ccci_dpmaif;ccci_md_all;ccci_util_lib;ccd_rpmsg;cfg80211;charger_class;charger_cooling;clk_common;clkbuf;cmdq_sec_drv;connadp;connfem;conninfra;cpuqos_v3;drm_display_helper;emi;emi_mpu;extdev_io_class;flashlight;focaltech_touch_spi_ft3680;frs;ged;gps_drv_dl_v051;gpueb;gz_ipc_mod;gz_virtio_mod;gzvm;hci_uart;hidp;hynitron;imgsensor;iommu_debug;irq_dbg;last_bus;leds_mtk;mac80211;mali_kbase_mt6878_r44;mcupm;md_cooling_all;mddp;mdp_drv_mt6878;mediatek_drm;mediatek_drm_gateic;mediatek_drm_panel_drv;met;microarray_fp_tee;mmprofile;mmqos_common;mrdump;mt6369_accdet;mt6375_battery;mtk_aie;mtk_c2ps;mtk_cam_isp7sp;mtk_ccuv;mtk_cg_peak_power_throttling;mtk_charger_framework;mtk_chg_type_det;mtk_cm_mgr;mtk_cmdq_drv_ext;mtk_core_ctl;mtk_cpu_power_throttling;mtk_dcm;mtk_dpc;mtk_dramc;mtk_dvfsrc_helper;mtk_fpsgo;mtk_gpu_power_throttling;mtk_gpufreq_mt6878;mtk_gpufreq_wrapper;mtk_hcp;mtk_imgsys_cmdq;mtk_imgsys_isp7sp;mtk_imgsys_v4l2;mtk_jpeg;mtk_low_battery_throttling;mtk_lpm_dbg_common_v2;mtk_mbox;mtk_mbraink;mtk_md_power_throttling;mtk_mdpm;mtk_mmc_dbg;mtk_mmdvfs;mtk_mmdvfs_debug;mtk_mmdvfs_v3;mtk_mminfra_debug;mtk_mml;mtk_mml_mt6878;mtk_pd_adapter;mtk_peak_power_budget;mtk_perf_common;mtk_pmic_oc_debug;mtk_scp_audiocommon;mtk_smi;mtk_smi_dbg;mtk_sync;mtk_tinysys_ipi;mtk_u_ether;mtk_uart_apdma;mtk_vcodec_common;mtk_vcodec_dec_v1;mtk_vcodec_enc_v1;mtk_vcu;mtk_vmm_isp71_regulator;mtk_vow;mtk_wp;pd_dbg_info;pinctrl_mtk_v2;powerhal_cpu_ctrl;ppp_generic;r8152;rt_pd_manager;rtl8150;sc851x_charger;sc8571_charger;scheduler;scp;sh366003_fg;slcan;snd_soc_tfa98xx;soc_temp_lvts;spi_mt65xx;sspm_v3;tcpc_class;thermal_interface;thermal_trace;tipc;tkcore;tmem_ffa;touch_boost;uarthub_drv;ufs_mediatek_dbg;ufs_mediatek_mod;usb_boost;usb_logger;usbnet;usbserial;vcp;vtskin_temp;wlan_drv_gen4m_6878;wwan;xhci_mtk_hcd_v2;zram,169,170,0,1,1,0,1,1,1,1,0x656e4a6e,0x656e4a6e,MATCH
soc_device_register,0x2c7ba9a0,KERNEL_OR_BUILTIN,,0,mtk_socinfo,1,1,0,1,0,0,1,1,1,1,0x2c7ba9a0,0x2c7ba9a0,MATCH
soc_device_unregister,0x19c20269,KERNEL_OR_BUILTIN,,0,mtk_socinfo,1,1,0,1,0,0,1,1,1,1,0x19c20269,0x19c20269,MATCH
sock_alloc_send_pskb,0x6dea6a3b,KERNEL_OR_BUILTIN,,0,bluetooth;can_raw;ieee802154_socket;nfc;rfcomm,5,6,0,1,0,0,0,0,1,1,0x6dea6a3b,0x6dea6a3b,MATCH
sock_cmsg_send,0xc2fae2af,KERNEL_OR_BUILTIN,,0,can_raw,1,1,0,1,0,0,0,0,1,1,0xc2fae2af,0xc2fae2af,MATCH
sock_common_getsockopt,0x96aa0aa6,KERNEL_OR_BUILTIN,,0,ieee802154_socket,1,1,0,1,0,0,0,0,1,1,0x96aa0aa6,0x96aa0aa6,MATCH
sock_common_recvmsg,0x7f6ed9f9,KERNEL_OR_BUILTIN,,0,ieee802154_socket,1,1,0,1,0,0,0,0,1,1,0x7f6ed9f9,0x7f6ed9f9,MATCH
sock_common_setsockopt,0x7392419d,KERNEL_OR_BUILTIN,,0,ieee802154_socket,1,1,0,1,0,0,0,0,1,1,0x7392419d,0x7392419d,MATCH
sock_create_kern,0x147b171c,KERNEL_OR_BUILTIN,,0,l2tp_core;rfcomm;tipc,3,3,0,1,0,0,0,0,1,1,0x147b171c,0x147b171c,MATCH
sock_diag_register,0xa72c8e69,KERNEL_OR_BUILTIN,,0,diag,1,1,0,1,0,0,0,0,1,1,0xa72c8e69,0xa72c8e69,MATCH
sock_diag_save_cookie,0xf481d935,KERNEL_OR_BUILTIN,,0,diag,1,1,0,1,0,0,0,0,1,1,0xf481d935,0xf481d935,MATCH
sock_diag_unregister,0xa2a0e3d7,KERNEL_OR_BUILTIN,,0,diag,1,1,0,1,0,0,0,0,1,1,0xa2a0e3d7,0xa2a0e3d7,MATCH
sock_efree,0xc58baa56,KERNEL_OR_BUILTIN,,0,can;can_bcm;can_dev;vcan,4,4,0,1,0,0,0,0,1,1,0xc58baa56,0xc58baa56,MATCH
sock_gettstamp,0x8a4df5ef,KERNEL_OR_BUILTIN,,0,bluetooth;can_bcm;can_raw;ieee802154_socket;rfcomm,5,6,0,1,0,0,0,0,1,1,0x8a4df5ef,0x8a4df5ef,MATCH
sock_i_ino,0x6748dc4a,KERNEL_OR_BUILTIN,,0,bluetooth;can_bcm;tipc,3,4,0,1,0,0,0,0,1,1,0x6748dc4a,0x6748dc4a,MATCH
sock_i_uid,0xaf6d7db2,KERNEL_OR_BUILTIN,,0,bluetooth;tipc,2,3,0,1,0,0,0,0,1,1,0xaf6d7db2,0xaf6d7db2,MATCH
sock_init_data,0x60225859,KERNEL_OR_BUILTIN,,0,bluetooth;can;hidp;ieee802154_socket;l2tp_ppp;nfc;pptp;tipc,8,9,0,1,0,0,0,0,1,1,0x60225859,0x60225859,MATCH
sock_no_accept,0x42f44792,KERNEL_OR_BUILTIN,,0,bluetooth;can_bcm;can_raw;hidp;ieee802154_socket;l2tp_ppp;nfc;pptp;tipc,9,10,0,1,0,0,0,0,1,1,0x42f44792,0x42f44792,MATCH
sock_no_bind,0xd33a9cd9,KERNEL_OR_BUILTIN,,0,can_bcm;hidp;ieee802154_socket;l2tp_ppp;nfc,5,5,0,1,0,0,0,0,1,1,0xd33a9cd9,0xd33a9cd9,MATCH
sock_no_connect,0x74bf31f1,KERNEL_OR_BUILTIN,,0,bluetooth;can_raw;hidp;nfc,4,5,0,1,0,0,0,0,1,1,0x74bf31f1,0x74bf31f1,MATCH
sock_no_getname,0x16879b58,KERNEL_OR_BUILTIN,,0,can_bcm;hidp;ieee802154_socket;nfc,4,4,0,1,0,0,0,0,1,1,0x16879b58,0x16879b58,MATCH
sock_no_ioctl,0x6c24b62b,KERNEL_OR_BUILTIN,,0,nfc,1,1,0,1,0,0,0,0,1,1,0x6c24b62b,0x6c24b62b,MATCH
sock_no_listen,0xb92c397b,KERNEL_OR_BUILTIN,,0,bluetooth;can_bcm;can_raw;hidp;ieee802154_socket;l2tp_ppp;nfc;pptp;tipc,9,10,0,1,0,0,0,0,1,1,0xb92c397b,0xb92c397b,MATCH
sock_no_mmap,0xd3197c4c,KERNEL_OR_BUILTIN,,0,bluetooth;can_bcm;can_raw;hidp;ieee802154_socket;l2tp_ppp;nfc;pptp;rfcomm;tipc,10,11,0,1,0,0,0,0,1,1,0xd3197c4c,0xd3197c4c,MATCH
sock_no_recvmsg,0x342df4d7,KERNEL_OR_BUILTIN,,0,hidp;pptp,2,2,0,1,0,0,0,0,1,1,0x342df4d7,0x342df4d7,MATCH
sock_no_sendmsg,0xca6cd3ce,KERNEL_OR_BUILTIN,,0,hidp;nfc;pptp,3,3,0,1,0,0,0,0,1,1,0xca6cd3ce,0xca6cd3ce,MATCH
sock_no_sendpage,0xe33f0566,KERNEL_OR_BUILTIN,,0,can_bcm;can_raw;ieee802154_socket;tipc,4,4,0,1,0,0,0,0,1,1,0xe33f0566,0xe33f0566,MATCH
sock_no_shutdown,0x4a1b3404,KERNEL_OR_BUILTIN,,0,bluetooth;can_bcm;can_raw;hidp;ieee802154_socket;l2tp_ppp;nfc;pptp,8,9,0,1,0,0,0,0,1,1,0x4a1b3404,0x4a1b3404,MATCH
sock_no_socketpair,0x2e9cfbff,KERNEL_OR_BUILTIN,,0,bluetooth;can_bcm;can_raw;hidp;ieee802154_socket;l2tp_ppp;nfc;pptp;rfcomm,9,10,0,1,0,0,0,0,1,1,0x2e9cfbff,0x2e9cfbff,MATCH
sock_queue_rcv_skb_reason,0xf6d98003,KERNEL_OR_BUILTIN,,0,bluetooth;can_bcm;can_raw;ieee802154_socket;l2tp_ppp;nfc;pptp,7,8,0,1,0,0,0,0,1,1,0xf6d98003,0xf6d98003,MATCH
sock_recv_errqueue,0x9f725e3d,KERNEL_OR_BUILTIN,,0,can_raw,1,1,0,1,0,0,0,0,1,1,0x9f725e3d,0x9f725e3d,MATCH
sock_recvmsg,0x350084ff,KERNEL_OR_BUILTIN,,0,tipc,1,1,0,1,0,0,0,0,1,1,0x350084ff,0x350084ff,MATCH
sock_register,0xcb131c31,KERNEL_OR_BUILTIN,,0,bluetooth;can;ieee802154_socket;nfc;pppox;tipc,6,7,0,1,0,0,0,0,1,1,0xcb131c31,0xcb131c31,MATCH
sock_release,0x6369852b,KERNEL_OR_BUILTIN,,0,cfg80211;l2tp_core;rfcomm;tipc,4,4,0,1,0,0,0,0,1,1,0x6369852b,0x6369852b,MATCH
sock_rfree,0xa5192714,KERNEL_OR_BUILTIN,,0,tipc,1,1,0,1,0,0,0,0,1,1,0xa5192714,0xa5192714,MATCH
sock_unregister,0x62737e1d,KERNEL_OR_BUILTIN,,0,bluetooth;can;ieee802154_socket;nfc;pppox;tipc,6,7,0,1,0,0,0,0,1,1,0x62737e1d,0x62737e1d,MATCH
sock_wmalloc,0xf4659a5d,KERNEL_OR_BUILTIN,,0,l2tp_ppp,1,1,0,1,0,0,0,0,1,1,0xf4659a5d,0xf4659a5d,MATCH
sockfd_lookup,0x36c8b5ac,KERNEL_OR_BUILTIN,,0,hidp;l2tp_core,2,2,0,1,0,0,0,0,1,1,0x36c8b5ac,0x36c8b5ac,MATCH
sort,0xb7c0f443,KERNEL_OR_BUILTIN,,0,mtk_dynamic_loading_throttling;mtk_fpsgo;powerhal_cpu_ctrl;touch_boost,4,4,0,1,0,0,1,1,1,1,0xb7c0f443,0xb7c0f443,MATCH
spi_bus_type,0xd9dfbb98,KERNEL_OR_BUILTIN,,0,microarray_fp_tee;spi_tiny_co5300_lcd,2,2,0,1,0,0,1,1,1,1,0xd9dfbb98,0xd9dfbb98,MATCH
spi_controller_resume,0x11bc8fea,KERNEL_OR_BUILTIN,,0,spi_mt65xx,1,1,0,1,0,0,0,0,1,1,0x11bc8fea,0x11bc8fea,MATCH
spi_controller_suspend,0xa62c5dc0,KERNEL_OR_BUILTIN,,0,spi_mt65xx,1,1,0,1,0,0,0,0,1,1,0xa62c5dc0,0xa62c5dc0,MATCH
spi_delay_to_ns,0xc69a5ce0,KERNEL_OR_BUILTIN,,0,spi_mt65xx,1,1,0,1,0,0,1,1,1,1,0xc69a5ce0,0xc69a5ce0,MATCH
spi_finalize_current_transfer,0x0b45e87c,KERNEL_OR_BUILTIN,,0,spi_mt65xx,1,1,0,1,0,0,1,1,1,1,0x0b45e87c,0x0b45e87c,MATCH
spi_mem_default_supports_op,0x0b5e3538,KERNEL_OR_BUILTIN,,0,spi_mt65xx,1,1,0,1,0,0,0,0,1,1,0x0b5e3538,0x0b5e3538,MATCH
spi_setup,0x56c1736a,KERNEL_OR_BUILTIN,,0,focaltech_touch_spi_ft3680;microarray_fp_tee,2,2,0,1,0,0,1,1,1,1,0x56c1736a,0x56c1736a,MATCH
spi_sync,0x8211a422,KERNEL_OR_BUILTIN,,0,focaltech_touch_spi_ft3680;microarray_fp_tee;spi_tiny_co5300_lcd,3,3,0,1,0,0,1,1,1,1,0x8211a422,0x8211a422,MATCH
split_page,0xd69b64f6,KERNEL_OR_BUILTIN,,0,mali_mgm_mt6878_r44,1,1,0,1,0,0,0,0,1,1,0xd69b64f6,0xd69b64f6,MATCH
spmi_controller_add,0xbc77d9ff,KERNEL_OR_BUILTIN,,0,spmi_mtk_pmif,1,1,0,1,0,0,1,1,1,1,0xbc77d9ff,0xbc77d9ff,MATCH
spmi_controller_alloc,0xb7623849,KERNEL_OR_BUILTIN,,0,spmi_mtk_pmif,1,1,0,1,0,0,1,1,1,1,0xb7623849,0xb7623849,MATCH
spmi_controller_remove,0x0be33f4f,KERNEL_OR_BUILTIN,,0,spmi_mtk_pmif,1,1,0,1,0,0,1,1,1,1,0x0be33f4f,0x0be33f4f,MATCH
sprint_symbol,0x661601de,KERNEL_OR_BUILTIN,,0,mtk_mbraink;mtk_perf_common;scheduler,3,3,0,1,0,0,1,1,1,1,0x661601de,0x661601de,MATCH
sprint_symbol_no_offset,0xe769232e,KERNEL_OR_BUILTIN,,0,met,1,1,0,1,0,0,1,1,1,1,0xe769232e,0xe769232e,MATCH
sprintf,0x3c3ff9fd,KERNEL_OR_BUILTIN,,0,apusys;blocktag;camera_eeprom_v4l2;can_bcm;cdc_acm;cdc_ncm;cfg80211;conninfra;cpufreq_sugov_ext;extcon_mtk_usb;ffa_v10;fmradio_drv_connac2x;focaltech_touch_spi_ft3680;ftdi_sio;ged;gps_drv_dl_v051;gpueb;hynitron;ieee802154;l2tp_core;leds_mtk;mdp_drv_mt6878;mediatek_drm;met;mmprofile;mrdump;mt6369_accdet;mt6375_battery;mtk_bp_thl;mtk_cg_peak_power_throttling;mtk_charger_framework;mtk_dvfsrc_helper;mtk_fpsgo;mtk_imgsys_isp7sp;mtk_imgsys_v4l2;mtk_low_battery_throttling;mtk_mdpm;mtk_pep50;mtk_qos;mtk_usb_f_rndis;mtk_vcodec_dec_v1;mtk_vcodec_enc_v1;mtu3;panel_ky_vtdr6115_dphy_cmd;pmic_lbat_service;rfcomm;rfkill;rpmb;sc8571_charger;sh366003_fg;spmi_mtk_pmif;tipc;tkcore;ufs_mediatek_mod;usb_boost;usb_meta;usbserial;wlan_drv_gen4m_6878;wwan;xhci_mtk_hcd_v2,60,60,0,1,0,0,1,1,1,1,0x3c3ff9fd,0x3c3ff9fd,MATCH
srcu_init_notifier_head,0xe9ff63e4,KERNEL_OR_BUILTIN,,0,adapter_class;charger_class;mtk_charger_algorithm_class;mtk_charger_framework;tcpc_class,5,5,0,1,0,0,1,1,1,1,0xe9ff63e4,0xe9ff63e4,MATCH
srcu_notifier_call_chain,0x312514b5,KERNEL_OR_BUILTIN,,0,charger_class;mtk_charger_framework;mtk_pd_adapter;mtk_pep50;tcpc_class,5,5,0,1,0,0,1,1,1,1,0x312514b5,0x312514b5,MATCH
srcu_notifier_chain_register,0x0f45524a,KERNEL_OR_BUILTIN,,0,adapter_class;charger_class;mtk_charger_algorithm_class;tcpc_class,4,4,0,1,0,0,1,1,1,1,0x0f45524a,0x0f45524a,MATCH
srcu_notifier_chain_unregister,0x4bc97c17,KERNEL_OR_BUILTIN,,0,adapter_class;charger_class;mtk_charger_algorithm_class;tcpc_class,4,4,0,1,0,0,1,1,1,1,0x4bc97c17,0x4bc97c17,MATCH
sscanf,0xbcab6ee6,KERNEL_OR_BUILTIN,,0,aee_aed;apu_top;apusys;aw36515;aw36518;aw36518_v2;aw883xx_driver;bt_drv_6878;cfg80211;clkbuf;cmdq_test;cpudvfs;emi_fake_eng;extcon_mtk_usb;fhctl;flashlight;focaltech_touch_spi_ft3680;gpueb;gz_main_mod;hf_manager;imgsensor;leds_ln2403;mali_kbase_mt6878_r44;md_cooling_all;mediatek_drm;mmqos_common;mt6369_accdet;mtk_battery_oc_throttling;mtk_bp_thl;mtk_c2ps;mtk_cg_peak_power_throttling;mtk_charger_framework;mtk_cm_mgr;mtk_core_ctl;mtk_dcm;mtk_dpc;mtk_dvfsrc_helper;mtk_fpsgo;mtk_gpufreq_wrapper;mtk_heap_debug;mtk_imgsys_cmdq;mtk_low_battery_throttling;mtk_lpm_dbg_common_v2;mtk_mbraink;mtk_mmdvfs_debug;mtk_mmdvfs_v3;mtk_mminfra_debug;mtk_mminfra_imax;mtk_mml;mtk_pbm;mtk_peak_power_budget;mtk_perf_common;mtk_smi_dbg;mtk_ssc_dbg_v2;mtk_swpm_dbg_common_v1;mtk_swpm_dbg_v6878;mtk_usb_f_rndis;panel_ky_vtdr6115_dphy_cmd;pinctrl_mtk_common_v2_debug;sc851x_charger;sc8571_charger;scheduler;scp;sh366003_fg;snd_soc_tfa98xx;thermal_interface;tinysys_scmi;usb_meta;vcp;wlan_drv_gen4m_6878;wwan;yft_tiny2c_usb,72,72,0,1,0,0,1,1,1,1,0xbcab6ee6,0xbcab6ee6,MATCH
stack_trace_print,0xa45c7b90,KERNEL_OR_BUILTIN,,0,wlan_drv_gen4m_6878,1,1,0,1,0,0,0,0,1,1,0xa45c7b90,0xa45c7b90,MATCH
stack_trace_save,0x6bd1aa56,KERNEL_OR_BUILTIN,,0,aee_aed;mrdump;wlan_drv_gen4m_6878,3,3,0,1,0,0,1,1,1,1,0x6bd1aa56,0x6bd1aa56,MATCH
stack_trace_save_tsk,0x5b0816c3,KERNEL_OR_BUILTIN,,0,irq_dbg,1,1,0,0,0,0,0,0,0,0,0x5b0816c3,0x5b0816c3,MATCH
static_key_slow_dec,0x2f4880df,KERNEL_OR_BUILTIN,,0,rps_perf;wlan_drv_gen4m_6878,2,2,0,1,0,0,1,1,1,1,0x2f4880df,0x2f4880df,MATCH
static_key_slow_inc,0x8e92f7c4,KERNEL_OR_BUILTIN,,0,rps_perf;wlan_drv_gen4m_6878,2,2,0,1,0,0,1,1,1,1,0x8e92f7c4,0x8e92f7c4,MATCH
stop_one_cpu,0xb9b9f56e,KERNEL_OR_BUILTIN,,0,scheduler,1,1,0,1,0,0,0,0,1,1,0xb9b9f56e,0xb9b9f56e,MATCH
stop_one_cpu_nowait,0x60d1f7de,KERNEL_OR_BUILTIN,,0,scheduler,1,1,0,1,0,0,1,1,1,1,0x60d1f7de,0x60d1f7de,MATCH
stpcpy,0xf4db35bc,KERNEL_OR_BUILTIN,,0,usb_meta,1,1,0,1,0,0,1,1,1,1,0xf4db35bc,0xf4db35bc,MATCH
strcasecmp,0xaafdc258,KERNEL_OR_BUILTIN,,0,imgsensor;met;mtk_cam_isp7sp;tcpc_class,4,4,0,1,0,0,1,1,1,1,0xaafdc258,0xaafdc258,MATCH
strchr,0x349cba85,KERNEL_OR_BUILTIN,,0,aee_aed;bt_drv_6878;ccci_dpmaif;clk_common;conninfra;mdp_drv_mt6878;met;mt6375_battery;mtk_charger_framework;mtk_u_ether;snd_soc_tfa98xx;tipc;wlan_drv_gen4m_6878,13,13,0,1,0,0,1,1,1,1,0x349cba85,0x349cba85,MATCH
strcmp,0xe2d5255a,KERNEL_OR_BUILTIN,,0,8021q;adapter_class;adsp;aee_aed;aee_hangdet;apu_top;apusys;aw883xx_driver;blocktag;bootprof;bt_drv_6878;camera_dpe_isp7sp;ccci_ccif;ccci_md_all;ccci_util_lib;ccd_rpmsg;cfg80211;charger_class;clk_chk_mt6878;clk_common;clkbuf;connfem;conninfra;cpuqos_v3;extcon_mtk_usb;fhctl;fmradio_drv_connac2x;ftdi_sio;ged;gpueb;gz_ipc_mod;gz_main_mod;imgsensor;imgsensor_glue;l2tp_core;log_store;lpm_gov_MHSP;mac80211;mali_kbase_mt6878_r44;mddp;mediatek_drm;mediatek_drm_gateic;mediatek_drm_panel_drv;met;monitor_hang;mrdump;mt6375_battery;mt6878_mt6369;mtk_battery_oc_throttling;mtk_bp_thl;mtk_cam_isp7sp;mtk_charger_algorithm_class;mtk_charger_framework;mtk_cm_mgr;mtk_emi;mtk_fpsgo;mtk_hcp;mtk_heap_debug;mtk_iommu;mtk_jpeg;mtk_low_battery_throttling;mtk_lpm;mtk_lpm_dbg_common_v2;mtk_lpm_plat_v1;mtk_mbraink;mtk_mmc_dbg;mtk_mml;mtk_pbm;mtk_peak_power_budget;mtk_sp_spk_amp;mtk_ssc_dbg_v2;mtk_vcodec_common;mtk_vcodec_dec_v1;mtk_vcodec_enc_v1;mtk_vcu;mtk_wp;mtu3;phy_mtk_xsphy;pidmap;pinctrl_mtk_common_v2_debug;pmic_lbat_service;r8152;reboot_mode;rfkill;scheduler;scp;sec;sh366003_fg;smpu;snd_soc_mt6369;snd_soc_mt6878_afe;snd_soc_mtk_common;snd_soc_tfa98xx;task_turbo;tcpc_class;thermal_interface;tipc;tkcore;ufs_mediatek_dbg;ufs_mediatek_mod;usb_boost;usb_meta;vcp;wlan_drv_gen4m_6878;wwan;xhci_mtk_hcd_v2;yft_devinfo;zram,108,108,0,1,1,0,1,1,1,1,0xe2d5255a,0xe2d5255a,MATCH
strcpy,0xe914e41e,KERNEL_OR_BUILTIN,,0,apu_top;blocktag;cfg80211;ged;ieee802154;mac80211;mediatek_drm;mmqos_common;mtk_c2ps;mtk_cam_isp7sp;mtk_fpsgo;mtk_gpufreq_wrapper;mtk_icc_core;mtk_mbox;mtk_perf_common;mtu3;powerhal_cpu_ctrl;rfkill;scheduler;tipc;touch_boost;uload_ind;usb_logger;usb_meta,24,24,0,1,0,0,1,1,1,1,0xe914e41e,0xe914e41e,MATCH
strcspn,0x1ac5d3cb,KERNEL_OR_BUILTIN,,0,aee_hangdet;mali_kbase_mt6878_r44,2,2,0,1,0,0,1,1,1,1,0x1ac5d3cb,0x1ac5d3cb,MATCH
stream_open,0x3a5b4cbe,KERNEL_OR_BUILTIN,,0,rfkill;wwan,2,2,0,1,0,0,0,0,1,1,0x3a5b4cbe,0x3a5b4cbe,MATCH
strim,0x77bc13a0,KERNEL_OR_BUILTIN,,0,usb_meta,1,1,0,1,0,0,1,1,1,1,0x77bc13a0,0x77bc13a0,MATCH
strlcat,0xf9c0b663,KERNEL_OR_BUILTIN,,0,drm_display_helper,1,1,0,1,0,0,1,1,1,1,0xf9c0b663,0xf9c0b663,MATCH
strlcpy,0x5792f848,KERNEL_OR_BUILTIN,,0,aee_aed;met,2,2,0,1,0,0,1,1,1,1,0x5792f848,0x5792f848,MATCH
strlen,0x98cf60b3,KERNEL_OR_BUILTIN,,0,adsp;aee_aed;apu_top;apusys;aw883xx_driver;blocktag;bootprof;bt_drv_6878;btbcm;ccci_md_all;ccci_util_lib;cfg80211;charger_cooling;connadp;connfem;conninfra;device_apc_common;drm_display_helper;emi;extdev_io_class;fmradio_drv_connac2x;ged;gps_drv_dl_v051;gz_ipc_mod;ieee802154;imgsensor;last_bus;leds_mtk;mac80211;mac802154;mali_kbase_mt6878_r44;mddp;mdp_drv_mt6878;mediatek_drm;met;mmprofile;mmqos_common;monitor_hang;mrdump;mt6369_accdet;mt6375_battery;mtk_aie;mtk_c2ps;mtk_cam_isp7sp;mtk_charger_framework;mtk_cmdq_drv_ext;mtk_dramc;mtk_fpsgo;mtk_gpufreq_wrapper;mtk_heap_debug;mtk_icc_core;mtk_imgsys_cmdq;mtk_imgsys_isp7sp;mtk_imgsys_v4l2;mtk_lpm_dbg_common_v2;mtk_lpm_dbg_mt6878;mtk_mbox;mtk_mbraink;mtk_perf_common;mtk_rpmsg_mbox;mtk_scpsys;mtk_sync;mtk_u_ether;mtk_usb_f_rndis;mtk_vcodec_common;mtk_vcodec_dec_v1;mtk_vcodec_enc_v1;mtk_vcu;mtu3;nfc;pidmap;pinctrl_mtk_v2;pmic_lbat_service;powerhal_cpu_ctrl;rfkill;scheduler;sec_rng;snd_soc_tfa98xx;spi_mt65xx;tcpc_class;thermal_interface;tipc;tkcore;touch_boost;uload_ind;usb_logger;wifi_cooling;wlan_drv_gen4m_6878;wmt_chrdev_wifi_connac2;wwan;yft_devinfo,91,91,0,1,1,0,1,1,1,1,0x98cf60b3,0x98cf60b3,MATCH
strncasecmp,0x96b29254,KERNEL_OR_BUILTIN,,0,connfem;device_apc_common;met;wlan_drv_gen4m_6878,4,4,0,1,0,0,1,1,1,1,0x96b29254,0x96b29254,MATCH
strncat,0x2e2b40d2,KERNEL_OR_BUILTIN,,0,connadp;conninfra;mediatek_drm;mtk_lpm_dbg_common_v2,4,4,0,1,0,0,1,1,1,1,0x2e2b40d2,0x2e2b40d2,MATCH
strncmp,0x5a921311,KERNEL_OR_BUILTIN,,0,adsp;aee_aed;aee_rs;apusys;atf_logger;aw883xx_driver;blocktag;bluetooth;bt_drv_6878;camera_eeprom_v4l2;ccci_md_all;ccci_util_lib;clk_common;connadp;connfem;conninfra;device_apc_common;flashlight;fmradio_drv_connac2x;ged;gz_ipc_mod;imgsensor;leds_mtk;mali_kbase_mt6878_r44;mediatek_drm;met;mmprofile;mmqos_common;monitor_hang;mrdump;mtk_cam_isp7sp;mtk_cg_peak_power_throttling;mtk_dpc;mtk_fpsgo;mtk_gpu_hal;mtk_heap_debug;mtk_lpm_dbg_common_v2;mtk_mmdvfs;mtk_mmdvfs_v3;mtk_mminfra_debug;mtk_pmic_keys;mtk_printk_ctrl;mtk_scpsys;mtk_vcodec_dec_v1;mtu3;nfc;pinctrl_mtk_common_v2_debug;reboot_mode;scp;sec_rng;snd_soc_mt6878_afe;snd_soc_tfa98xx;spi_mt65xx;system_heap;teeperf;thermal_interface;thermal_trace;tmem_ffa;ufs_mediatek_mod;wlan_drv_gen4m_6878;yft_tpd_gesture,61,62,0,1,0,0,1,1,1,1,0x5a921311,0x5a921311,MATCH
strncpy,0x9166fada,KERNEL_OR_BUILTIN,,0,aee_aed;apusys;blocktag;bt_drv_6878;ccci_md_all;ccd_rpmsg;charger_cooling;clk_common;connadp;connfem;conninfra;device_apc_common;emi;ged;gps_drv_dl_v051;gz_ipc_mod;gz_virtio_mod;imgsensor;last_bus;mac80211;mali_kbase_mt6878_r44;mdp_drv_mt6878;mediatek_drm;met;mmprofile;monitor_hang;mrdump;mt6375_battery;mtk_c2ps;mtk_cam_isp7sp;mtk_cg_peak_power_throttling;mtk_charger_framework;mtk_dvfsrc;mtk_fpsgo;mtk_gpu_hal;mtk_heap_debug;mtk_mbraink;mtk_swpm_dbg_v6878;mtk_vcu;mtk_vmm_isp71_regulator;pidmap;pmic_lbat_service;scheduler;sh366003_fg;thermal_interface;tipc;tkcore;usb_meta;wifi_cooling;wlan_drv_gen4m_6878;yft_devinfo,51,51,0,1,0,0,1,1,1,1,0x9166fada,0x9166fada,MATCH
strncpy_from_user,0x0229f72d,KERNEL_OR_BUILTIN,,0,gz_ipc_mod;gz_main_mod;mdp_drv_mt6878,3,3,0,1,0,0,1,1,1,1,0x0229f72d,0x0229f72d,MATCH
strnlen,0xa916b694,KERNEL_OR_BUILTIN,,0,8021q;adsp;aee_aed;apu_top;apusys;aw36515;aw883xx_driver;bluetooth;bt_drv_6878;can_bcm;ccci_md_all;ccci_util_lib;cfg80211;connadp;connfem;conninfra;device_apc_common;drm_display_helper;emi_mpu;flashlight;fmradio_drv_connac2x;gps_drv_dl_v051;gz_tz_system;hf_manager;hidp;imgsensor;leds_mtk;mac80211;mali_kbase_mt6878_r44;mddp;mdp_drv_mt6878;mediatek_drm;met;mmprofile;monitor_hang;mrdump;mt6369_accdet;mt6375_battery;mt6375_charger;mt6878_mt6369;mtk_aie;mtk_cam_isp7sp;mtk_dpc;mtk_fpsgo;mtk_imgsys_cmdq;mtk_imgsys_isp7sp;mtk_imgsys_v4l2;mtk_jpeg;mtk_lpm_dbg_common_v2;mtk_lpm_dbg_mt6878;mtk_mbraink;mtk_mml;mtk_u_ether;mtk_vcodec_common;mtk_vcodec_dec_v1;mtk_vcodec_enc_v1;mtk_vcu;powerhal_cpu_ctrl;r8152;scp;sec_rng;sensorhub;slcan;smpu;snd_soc_tfa98xx;spi_mt65xx;tcpc_class;thermal_interface;tipc;tkcore;uarthub_drv;uload_ind;usb_meta;usbnet;wlan_drv_gen4m_6878;xhci_mtk_hcd_v2;yft_devinfo;yft_tpd_gesture;zram,79,80,0,1,0,0,1,1,1,1,0xa916b694,0xa916b694,MATCH
strnstr,0xc310b981,KERNEL_OR_BUILTIN,,0,aee_aed;conninfra;mali_kbase_mt6878_r44,3,3,0,1,0,0,1,1,1,1,0xc310b981,0xc310b981,MATCH
strpbrk,0x9a1dfd65,KERNEL_OR_BUILTIN,,0,wlan_drv_gen4m_6878,1,1,0,1,0,0,1,1,1,1,0x9a1dfd65,0x9a1dfd65,MATCH
strrchr,0x9f984513,KERNEL_OR_BUILTIN,,0,apusys;ccci_dpmaif;met;tipc,4,4,0,1,0,0,1,1,1,1,0x9f984513,0x9f984513,MATCH
strscpy,0xdd64e639,KERNEL_OR_BUILTIN,,0,8021q;apu_top;apusys;aqc111;asix;aw36515;aw36518;aw36518_v2;aw883xx_driver;bluetooth;btbcm;camera_af_media;camera_dpe_isp7sp;cfg80211;hidp;leds_mtk;mac80211;mali_kbase_mt6878_r44;mrdump;mt6878_mt6369;mtk_aie;mtk_cam_isp7sp;mtk_imgsys_v4l2;mtk_jpeg;mtk_lpm_dbg_common_v2;mtk_u_ether;mtk_vcodec_common;mtk_vcodec_dec_v1;mtk_vcodec_enc_v1;r8152;rtl8150;sensorhub;tipc;uload_ind;usb_meta;usbnet;zram,37,38,0,1,0,0,1,1,1,1,0xdd64e639,0xdd64e639,MATCH
strscpy_pad,0xfbb8a761,KERNEL_OR_BUILTIN,,0,8021q,1,1,0,1,0,0,0,0,1,1,0xfbb8a761,0xfbb8a761,MATCH
strsep,0x85df9b6c,KERNEL_OR_BUILTIN,,0,adsp;aee_aed;apu_top;apusys;bt_drv_6878;clk_common;conninfra;device_apc_common;emi;extdev_io_class;flashlight;gps_drv_dl_v051;gz_ipc_mod;imgsensor;mali_kbase_mt6878_r44;mddp;mediatek_drm;met;mtk_cam_isp7sp;mtk_dpc;mtk_fpsgo;mtk_lpm_dbg_common_v2;mtk_vcodec_common;pmic_lbat_service;powerhal_cpu_ctrl;snd_soc_mt6369;snd_soc_mt6878_afe;snd_soc_mtk_common;tcpc_class;teeperf;uarthub_drv;usb_meta;wlan_drv_gen4m_6878,33,33,0,1,0,0,1,1,1,1,0x85df9b6c,0x85df9b6c,MATCH
strspn,0xc29bf967,KERNEL_OR_BUILTIN,,0,wlan_drv_gen4m_6878,1,1,0,1,0,0,1,1,1,1,0xc29bf967,0xc29bf967,MATCH
strstr,0x1e6d26a8,KERNEL_OR_BUILTIN,,0,aee_aed;bt_drv_6878;ccci_dpmaif;conninfra;fhctl;leds_mtk;mali_kbase_mt6878_r44;md_cooling_all;mediatek_drm;monitor_hang;mtk_c2ps;mtk_cam_isp7sp;mtk_charger_framework;mtk_fpsgo;mtk_iommu;mtk_sec_heap;mtk_vcu;mtu3;phy_mtk_xsphy;snd_soc_audiodsp_common;snd_soc_tfa98xx;tipc;usb_meta;wlan_drv_gen4m_6878;yft_devinfo,25,25,0,1,0,0,1,1,1,1,0x1e6d26a8,0x1e6d26a8,MATCH
suspend_set_ops,0x1ab0c7e0,KERNEL_OR_BUILTIN,,0,clk_common,1,1,0,1,0,0,1,1,1,1,0x1ab0c7e0,0x1ab0c7e0,MATCH
sync_blockdev,0x984592af,KERNEL_OR_BUILTIN,,0,zram,1,1,0,1,1,0,0,0,1,1,0x984592af,0x984592af,MATCH
sync_file_create,0x0f1d3f85,KERNEL_OR_BUILTIN,,0,apusys;ged;mali_kbase_mt6878_r44;mdp_drv_mt6878;mtk_hcp;mtk_sync,6,6,0,1,0,0,1,1,1,1,0x0f1d3f85,0x0f1d3f85,MATCH
sync_file_get_fence,0x4dca08ee,KERNEL_OR_BUILTIN,,0,apusys;ged;mali_kbase_mt6878_r44;mediatek_drm;mtk_imgsys_v4l2;mtk_mml,6,6,0,1,0,0,1,1,1,1,0x4dca08ee,0x4dca08ee,MATCH
synchronize_irq,0xe523ad75,KERNEL_OR_BUILTIN,,0,mali_kbase_mt6878_r44;mtk_uart_apdma;mtu3;wlan_drv_gen4m_6878;xhci_mtk_hcd_v2,5,5,0,1,0,0,1,1,1,1,0xe523ad75,0xe523ad75,MATCH
synchronize_net,0x609f1c7e,KERNEL_OR_BUILTIN,,0,6lowpan;can_dev;cfg80211;mac80211;mac802154;mddp;tipc;wlan_drv_gen4m_6878,8,8,0,1,0,0,1,1,1,1,0x609f1c7e,0x609f1c7e,MATCH
synchronize_rcu,0x6091797f,KERNEL_OR_BUILTIN,,0,blocktag;bluetooth;can;can_bcm;cfg80211;cpufreq_sugov_ext;ieee802154;l2tp_core;mac80211;mac802154;mtk_core_ctl;ppp_generic;pptp;tipc;ufs_mediatek_dbg,15,16,0,1,0,0,1,1,1,1,0x6091797f,0x6091797f,MATCH
synchronize_srcu,0x5ee82342,KERNEL_OR_BUILTIN,,0,gzvm;mtk_core_ctl;ufs_mediatek_dbg,3,3,0,1,0,0,0,0,1,1,0x5ee82342,0x5ee82342,MATCH
sys_tz,0xfe5d4bb2,KERNEL_OR_BUILTIN,,0,aee_aed;aee_hangdet;ccci_dpmaif;ccci_md_all;ccci_util_lib;ged;mtk_charger_framework;mtk_lpm_plat_v1;sensorhub,9,9,0,1,0,0,1,1,1,1,0xfe5d4bb2,0xfe5d4bb2,MATCH
syscon_node_to_regmap,0x9448b538,KERNEL_OR_BUILTIN,,0,clk_common;mtu3;phy_mtk_xsphy;reset_ti_syscon;syscon_reboot_mode;xhci_mtk_hcd_v2,6,6,0,1,0,0,1,1,1,1,0x9448b538,0x9448b538,MATCH
syscon_regmap_lookup_by_compatible,0xee6b71c4,KERNEL_OR_BUILTIN,,0,mtk_iommu,1,1,0,1,0,0,1,1,1,1,0xee6b71c4,0xee6b71c4,MATCH
syscon_regmap_lookup_by_phandle,0xac71bb09,KERNEL_OR_BUILTIN,,0,ccci_ccif;ccci_dpmaif;ccci_md_all;clk_common;mtk_btcvsd;mtk_pwm;mtk_scpsys;scp;snd_soc_mt6878_afe,9,9,0,1,0,0,1,1,1,1,0xac71bb09,0xac71bb09,MATCH
sysctl_vals,0xc8827b75,KERNEL_OR_BUILTIN,,0,tipc,1,1,0,1,0,0,0,0,1,1,0xc8827b75,0xc8827b75,MATCH
sysfs_create_bin_file,0x3133d901,KERNEL_OR_BUILTIN,,0,apusys;emi;kheaders;mediatek_drm,4,4,0,1,0,0,1,1,1,1,0x3133d901,0x3133d901,MATCH
sysfs_create_file_ns,0x8a1b623e,KERNEL_OR_BUILTIN,,0,apusys;ccci_md_all;connadp;focaltech_touch_spi_ft3680;ged;mali_kbase_mt6878_r44;met;mtk_c2ps;mtk_dcm;mtk_fpsgo;mtk_ssc_dbg_v2,11,11,0,1,0,0,1,1,1,1,0x8a1b623e,0x8a1b623e,MATCH
sysfs_create_group,0xf43d4bfe,KERNEL_OR_BUILTIN,,0,apusys;aw883xx_driver;charger_cooling;clkbuf;cpuqos_v3;focaltech_touch_spi_ft3680;hynitron;mali_kbase_mt6878_r44;microarray_fp_tee;mmqos_common;mrdump;mt6375_battery;mtk_cg_peak_power_throttling;mtk_cm_mgr;mtk_core_ctl;mtk_dvfsrc_helper;mtk_perf_common;mtk_qos;mtu3;scheduler;st21nfc;thermal_interface;thermal_trace;ufs_mediatek_mod;usb_boost,25,25,0,1,0,0,1,1,1,1,0xf43d4bfe,0xf43d4bfe,MATCH
sysfs_create_link,0x56591d01,KERNEL_OR_BUILTIN,,0,cfg80211;mtk_dvfsrc_helper,2,2,0,1,0,0,1,1,1,1,0x56591d01,0x56591d01,MATCH
sysfs_emit,0xe783e261,KERNEL_OR_BUILTIN,,0,arm_dsu_pmu;mt6375_auxadc;ufs_mediatek_mod,3,3,0,1,0,0,1,1,1,1,0xe783e261,0xe783e261,MATCH
sysfs_merge_group,0xe7fe0752,KERNEL_OR_BUILTIN,,0,frs,1,1,0,1,0,0,1,1,1,1,0xe7fe0752,0xe7fe0752,MATCH
sysfs_remove_bin_file,0x9bd9a16d,KERNEL_OR_BUILTIN,,0,apusys;emi;kheaders;mediatek_drm,4,4,0,1,0,0,1,1,1,1,0x9bd9a16d,0x9bd9a16d,MATCH
sysfs_remove_file_ns,0xfb705284,KERNEL_OR_BUILTIN,,0,apusys;connadp;focaltech_touch_spi_ft3680;ged;mali_kbase_mt6878_r44;met;mtk_c2ps;mtk_fpsgo;mtk_ssc_dbg_v2;st21nfc,10,10,0,1,0,0,1,1,1,1,0xfb705284,0xfb705284,MATCH
sysfs_remove_group,0xf1d806db,KERNEL_OR_BUILTIN,,0,apusys;aw883xx_driver;cpuqos_v3;focaltech_touch_spi_ft3680;hynitron;mali_kbase_mt6878_r44;mmqos_common;mtk_cg_peak_power_throttling;mtk_dvfsrc_helper;mtk_perf_common;mtk_qos;mtu3;scheduler;st21nfc;thermal_interface;thermal_trace;ufs_mediatek_mod,17,17,0,1,0,0,1,1,1,1,0xf1d806db,0xf1d806db,MATCH
sysfs_remove_link,0xdfb076f5,KERNEL_OR_BUILTIN,,0,cfg80211;mtk_dvfsrc_helper,2,2,0,1,0,0,1,1,1,1,0xdfb076f5,0xdfb076f5,MATCH
sysfs_streq,0x222e7ce2,KERNEL_OR_BUILTIN,,0,gpueb;mali_kbase_mt6878_r44;mtk_gpufreq_wrapper;zram,4,4,0,1,0,0,1,1,1,1,0x222e7ce2,0x222e7ce2,MATCH
sysrq_mask,0x4a17ed66,KERNEL_OR_BUILTIN,,0,monitor_hang,1,1,0,1,0,0,0,0,1,1,0x4a17ed66,0x4a17ed66,MATCH
sysrq_toggle_support,0xc1086e0c,KERNEL_OR_BUILTIN,,0,monitor_hang,1,1,0,1,0,0,0,0,1,1,0xc1086e0c,0xc1086e0c,MATCH
system_freezable_power_efficient_wq,0xd067d3c5,KERNEL_OR_BUILTIN,,0,mtk_pbm;thermal_trace,2,2,0,1,0,0,1,1,1,1,0xd067d3c5,0xd067d3c5,MATCH
system_freezable_wq,0xd4034828,KERNEL_OR_BUILTIN,,0,mac80211;mt6375_charger,2,2,0,1,0,0,1,1,1,1,0xd4034828,0xd4034828,MATCH
system_highpri_wq,0xcd91b127,KERNEL_OR_BUILTIN,,0,mtk_cam_isp7sp;scheduler,2,2,0,1,0,0,1,1,1,1,0xcd91b127,0xcd91b127,MATCH
system_long_wq,0x131db64a,KERNEL_OR_BUILTIN,,0,drm_display_helper;mali_kbase_mt6878_r44;r8152,3,3,0,1,0,0,1,1,1,1,0x131db64a,0x131db64a,MATCH
system_power_efficient_wq,0x47884890,KERNEL_OR_BUILTIN,,0,cfg80211;extcon_mtk_usb;mtk_core_ctl;mtk_perf_common;mtu3;rfkill,6,6,0,1,0,0,1,1,1,1,0x47884890,0x47884890,MATCH
system_unbound_wq,0xd4c14632,KERNEL_OR_BUILTIN,,0,cfg80211;trace_mmstat,2,2,0,1,0,0,1,1,1,1,0xd4c14632,0xd4c14632,MATCH
system_wq,0x2d3385d3,KERNEL_OR_BUILTIN,,0,adsp;aee_aed;apusys;bluetooth;bt_drv_6878;btsdio;bus_parity;c2k_usb;cache_parity;camera_dpe_isp7sp;can_dev;ccci_ccif;ccci_fsm_scp;ccci_md_all;cdc_acm;cfg80211;connadp;conninfra;connscp;dbg_error_flag;drm_display_helper;emi_mpu;ged;hci_uart;hidp;mac80211;mali_kbase_mt6878_r44;mddp;mediatek_drm;met;mmqos_common;mrdump;mt6363_regulator;mt6369_regulator;mt6375_auxadc;mt6375_battery;mtk_bp_thl;mtk_cam_isp7sp;mtk_cg_peak_power_throttling;mtk_cm_mgr;mtk_cm_mgr_mt6878;mtk_core_ctl;mtk_fpsgo;mtk_gpu_qos;mtk_jpeg;mtk_low_battery_throttling;mtk_mmc;mtk_peak_power_budget;mtk_u_ether;nfc;pd_dbg_info;r8152;rfkill;rtc_mt6685;sensorhub;sh366003_fg;slcan;smpu;spi_tiny_co5300_lcd;tcpc_class;tcpc_mt6375;tipc;ufs_mediatek_mod;usb_meta;usbnet;usbserial;wlan_drv_gen4m_6878;xhci_mtk_hcd_v2;yft_gpio_keys;zsmalloc,70,71,0,1,0,0,1,1,1,1,0x2d3385d3,0x2d3385d3,MATCH
task_active_pid_ns,0xb113afdd,KERNEL_OR_BUILTIN,,0,aee_aed,1,1,0,1,0,0,1,1,1,1,0xb113afdd,0xb113afdd,MATCH
task_cputime_adjusted,0xc2bb7316,KERNEL_OR_BUILTIN,,0,mtk_mbraink,1,1,0,1,0,0,0,0,1,1,0xc2bb7316,0xc2bb7316,MATCH
task_rq_lock,0x244345e0,KERNEL_OR_BUILTIN,,0,mtk_c2ps,1,1,0,1,0,0,0,0,1,1,0x244345e0,0x244345e0,MATCH
tasklet_init,0x2364c85a,KERNEL_OR_BUILTIN,,0,camera_dpe_isp7sp;ccci_dpmaif;hf_manager;wlan_drv_gen4m_6878,4,4,0,1,0,0,1,1,1,1,0x2364c85a,0x2364c85a,MATCH
tasklet_kill,0x0ea3c74e,KERNEL_OR_BUILTIN,,0,camera_dpe_isp7sp;cdc_ncm;hf_manager;mac80211;mac802154;mtk_uart_apdma;r8152;rtl8150;usbnet;wlan_drv_gen4m_6878,10,10,0,1,0,0,1,1,1,1,0x0ea3c74e,0x0ea3c74e,MATCH
tasklet_setup,0xa07d1b3c,KERNEL_OR_BUILTIN,,0,cdc_ncm;mac80211;mac802154;r8152;rtl8150;usbnet,6,6,0,1,0,0,1,1,1,1,0xa07d1b3c,0xa07d1b3c,MATCH
tasklet_unlock_wait,0x350f6ce5,KERNEL_OR_BUILTIN,,0,mac80211;mac802154;r8152;vcp,4,4,0,1,0,0,0,0,1,1,0x350f6ce5,0x350f6ce5,MATCH
tasklist_lock,0x673472ea,KERNEL_OR_BUILTIN,,0,mtk_mbraink;scheduler,2,2,0,1,0,0,0,0,1,1,0x673472ea,0x673472ea,MATCH
thermal_cooling_device_unregister,0xec93f466,KERNEL_OR_BUILTIN,,0,apu_top;aw36515;aw36518;aw36518_v2;backlight_cooling;charger_cooling;md_cooling_all;wifi_cooling,8,8,0,1,0,0,1,1,1,1,0xec93f466,0xec93f466,MATCH
thermal_of_cooling_device_register,0xaaba57f7,KERNEL_OR_BUILTIN,,0,apu_top;aw36515;aw36518;aw36518_v2;backlight_cooling;charger_cooling;md_cooling_all;wifi_cooling,8,8,0,1,0,0,1,1,1,1,0xaaba57f7,0xaaba57f7,MATCH
thermal_pressure,0xc407682f,KERNEL_OR_BUILTIN,,0,scheduler,1,1,0,1,0,0,1,1,1,1,0xc407682f,0xc407682f,MATCH
thermal_zone_device_update,0xaa5479ac,KERNEL_OR_BUILTIN,,0,met,1,1,0,1,0,0,1,1,1,1,0xaa5479ac,0xaa5479ac,MATCH
thermal_zone_get_zone_by_name,0xfbe82964,KERNEL_OR_BUILTIN,,0,mali_kbase_mt6878_r44;met;thermal_interface;vtskin_temp,4,4,0,1,0,0,1,1,1,1,0xfbe82964,0xfbe82964,MATCH
thread_group_cputime_adjusted,0x3026e722,KERNEL_OR_BUILTIN,,0,mtk_mbraink,1,1,0,1,0,0,0,0,1,1,0x3026e722,0x3026e722,MATCH
tick_nohz_get_sleep_length,0x1939cb0f,KERNEL_OR_BUILTIN,,0,lpm_gov_MHSP,1,1,0,1,0,0,0,0,1,1,0x1939cb0f,0x1939cb0f,MATCH
timecounter_init,0x862258db,KERNEL_OR_BUILTIN,,0,adsp;gpueb;mcupm;sspm_v3,4,4,0,1,0,0,1,1,1,1,0x862258db,0x862258db,MATCH
timecounter_read,0x6f9e763b,KERNEL_OR_BUILTIN,,0,adsp;gpueb;mcupm;sspm_v3,4,4,0,1,0,0,1,1,1,1,0x6f9e763b,0x6f9e763b,MATCH
timer_of_init,0x3db6885f,KERNEL_OR_BUILTIN,,0,timer_mediatek,1,1,0,1,0,0,1,1,1,1,0x3db6885f,0x3db6885f,MATCH
timer_unstable_counter_workaround,0x37220509,KERNEL_OR_BUILTIN,,0,mtk_cam_isp7sp,1,1,0,1,0,0,1,1,1,1,0x37220509,0x37220509,MATCH
topology_clear_scale_freq_source,0x03a20a41,KERNEL_OR_BUILTIN,,0,cpufreq_sugov_ext,1,1,0,1,0,0,1,1,1,1,0x03a20a41,0x03a20a41,MATCH
trace_event_buffer_commit,0x816bb80d,KERNEL_OR_BUILTIN,,0,aee_aed;apu_top;apusys;blocktag;bt_drv_6878;cfg80211;cpufreq_sugov_ext;cpuqos_v3;ged;ieee802154;imgsensor;l2tp_core;lpm_gov_MHSP;mac80211;mac802154;mali_kbase_mt6878_r44;mediatek_drm;mmqos_common;mtk_c2ps;mtk_cam_isp7sp;mtk_cg_peak_power_throttling;mtk_cm_mgr_mt6878;mtk_core_ctl;mtk_cpu_power_throttling;mtk_dvfsrc;mtk_fpsgo;mtk_gpu_power_throttling;mtk_gpufreq_wrapper;mtk_icc_core;mtk_imgsys_cmdq;mtk_imgsys_v4l2;mtk_low_battery_throttling;mtk_lpm;mtk_mbox;mtk_mmdvfs_ftrace;mtk_mml;mtk_peak_power_budget;mtk_perf_common;mtk_swpm_dbg_v6878;mtk_vmm_isp71_regulator;mtu3;powerhal_cpu_ctrl;scheduler;snd_soc_audiodsp_common;task_turbo;thermal_trace;timer_mediatek;tipc;touch_boost;trace_mmstat;ufs_mediatek_mod;uload_ind;usb_logger;xhci_mtk_hcd_v2,54,54,0,1,0,0,1,1,1,1,0x816bb80d,0x816bb80d,MATCH
trace_event_buffer_reserve,0x77909e8e,KERNEL_OR_BUILTIN,,0,aee_aed;apu_top;apusys;blocktag;bt_drv_6878;cfg80211;cpufreq_sugov_ext;cpuqos_v3;ged;ieee802154;imgsensor;l2tp_core;lpm_gov_MHSP;mac80211;mac802154;mali_kbase_mt6878_r44;mediatek_drm;mmqos_common;mtk_c2ps;mtk_cam_isp7sp;mtk_cg_peak_power_throttling;mtk_cm_mgr_mt6878;mtk_core_ctl;mtk_cpu_power_throttling;mtk_dvfsrc;mtk_fpsgo;mtk_gpu_power_throttling;mtk_gpufreq_wrapper;mtk_icc_core;mtk_imgsys_cmdq;mtk_imgsys_v4l2;mtk_low_battery_throttling;mtk_lpm;mtk_mbox;mtk_mmdvfs_ftrace;mtk_mml;mtk_peak_power_budget;mtk_perf_common;mtk_swpm_dbg_v6878;mtk_vmm_isp71_regulator;mtu3;powerhal_cpu_ctrl;scheduler;snd_soc_audiodsp_common;task_turbo;thermal_trace;timer_mediatek;tipc;touch_boost;trace_mmstat;ufs_mediatek_mod;uload_ind;usb_logger;xhci_mtk_hcd_v2,54,54,0,1,0,0,1,1,1,1,0x77909e8e,0x77909e8e,MATCH
trace_event_printf,0xbfb5f86f,KERNEL_OR_BUILTIN,,0,aee_aed;apu_top;apusys;blocktag;bt_drv_6878;cfg80211;cpufreq_sugov_ext;cpuqos_v3;ged;ieee802154;imgsensor;l2tp_core;lpm_gov_MHSP;mac80211;mac802154;mali_kbase_mt6878_r44;mediatek_drm;mmqos_common;mtk_c2ps;mtk_cam_isp7sp;mtk_cg_peak_power_throttling;mtk_cm_mgr_mt6878;mtk_core_ctl;mtk_cpu_power_throttling;mtk_dvfsrc;mtk_fpsgo;mtk_gpu_power_throttling;mtk_gpufreq_wrapper;mtk_icc_core;mtk_imgsys_cmdq;mtk_imgsys_v4l2;mtk_low_battery_throttling;mtk_lpm;mtk_mbox;mtk_mmdvfs_ftrace;mtk_mml;mtk_peak_power_budget;mtk_perf_common;mtk_swpm_dbg_v6878;mtk_vmm_isp71_regulator;mtu3;powerhal_cpu_ctrl;scheduler;snd_soc_audiodsp_common;task_turbo;thermal_trace;timer_mediatek;tipc;touch_boost;trace_mmstat;ufs_mediatek_mod;uload_ind;usb_logger;xhci_mtk_hcd_v2,54,54,0,1,0,0,1,1,1,1,0xbfb5f86f,0xbfb5f86f,MATCH
trace_event_raw_init,0xa7d84344,KERNEL_OR_BUILTIN,,0,aee_aed;apu_top;apusys;blocktag;bt_drv_6878;cfg80211;cpufreq_sugov_ext;cpuqos_v3;ged;ieee802154;imgsensor;l2tp_core;lpm_gov_MHSP;mac80211;mac802154;mali_kbase_mt6878_r44;mediatek_drm;mmqos_common;mtk_c2ps;mtk_cam_isp7sp;mtk_cg_peak_power_throttling;mtk_cm_mgr_mt6878;mtk_core_ctl;mtk_cpu_power_throttling;mtk_dvfsrc;mtk_fpsgo;mtk_gpu_power_throttling;mtk_gpufreq_wrapper;mtk_icc_core;mtk_imgsys_cmdq;mtk_imgsys_v4l2;mtk_low_battery_throttling;mtk_lpm;mtk_mbox;mtk_mmdvfs_ftrace;mtk_mml;mtk_peak_power_budget;mtk_perf_common;mtk_swpm_dbg_v6878;mtk_vmm_isp71_regulator;mtu3;powerhal_cpu_ctrl;scheduler;snd_soc_audiodsp_common;task_turbo;thermal_trace;timer_mediatek;tipc;touch_boost;trace_mmstat;ufs_mediatek_mod;uload_ind;usb_logger;xhci_mtk_hcd_v2,54,54,0,1,0,0,1,1,1,1,0xa7d84344,0xa7d84344,MATCH
trace_event_reg,0x062e5727,KERNEL_OR_BUILTIN,,0,aee_aed;apu_top;apusys;blocktag;bt_drv_6878;cfg80211;cpufreq_sugov_ext;cpuqos_v3;ged;ieee802154;imgsensor;l2tp_core;lpm_gov_MHSP;mac80211;mac802154;mali_kbase_mt6878_r44;mediatek_drm;mmqos_common;mtk_c2ps;mtk_cam_isp7sp;mtk_cg_peak_power_throttling;mtk_cm_mgr_mt6878;mtk_core_ctl;mtk_cpu_power_throttling;mtk_dvfsrc;mtk_fpsgo;mtk_gpu_power_throttling;mtk_gpufreq_wrapper;mtk_icc_core;mtk_imgsys_cmdq;mtk_imgsys_v4l2;mtk_low_battery_throttling;mtk_lpm;mtk_mbox;mtk_mmdvfs_ftrace;mtk_mml;mtk_peak_power_budget;mtk_perf_common;mtk_swpm_dbg_v6878;mtk_vmm_isp71_regulator;mtu3;powerhal_cpu_ctrl;scheduler;snd_soc_audiodsp_common;task_turbo;thermal_trace;timer_mediatek;tipc;touch_boost;trace_mmstat;ufs_mediatek_mod;uload_ind;usb_logger;xhci_mtk_hcd_v2,54,54,0,1,0,0,1,1,1,1,0x062e5727,0x062e5727,MATCH
trace_handle_return,0x7381287f,KERNEL_OR_BUILTIN,,0,aee_aed;apu_top;apusys;blocktag;bt_drv_6878;cfg80211;cpufreq_sugov_ext;cpuqos_v3;ged;ieee802154;imgsensor;l2tp_core;lpm_gov_MHSP;mac80211;mac802154;mali_kbase_mt6878_r44;mediatek_drm;mmqos_common;mtk_c2ps;mtk_cam_isp7sp;mtk_cg_peak_power_throttling;mtk_cm_mgr_mt6878;mtk_core_ctl;mtk_cpu_power_throttling;mtk_dvfsrc;mtk_fpsgo;mtk_gpu_power_throttling;mtk_gpufreq_wrapper;mtk_icc_core;mtk_imgsys_cmdq;mtk_imgsys_v4l2;mtk_low_battery_throttling;mtk_lpm;mtk_mbox;mtk_mmdvfs_ftrace;mtk_mml;mtk_peak_power_budget;mtk_perf_common;mtk_swpm_dbg_v6878;mtk_vmm_isp71_regulator;mtu3;powerhal_cpu_ctrl;scheduler;snd_soc_audiodsp_common;task_turbo;thermal_trace;timer_mediatek;tipc;touch_boost;trace_mmstat;ufs_mediatek_mod;uload_ind;usb_logger;xhci_mtk_hcd_v2,54,54,0,1,0,0,1,1,1,1,0x7381287f,0x7381287f,MATCH
trace_output_call,0x5013ac7a,KERNEL_OR_BUILTIN,,0,ieee802154;mali_kbase_mt6878_r44;tipc,3,3,0,1,0,0,1,1,1,1,0x5013ac7a,0x5013ac7a,MATCH
trace_print_array_seq,0xc3bc72ad,KERNEL_OR_BUILTIN,,0,cfg80211;mali_kbase_mt6878_r44;mtk_cam_isp7sp,3,3,0,1,0,0,1,1,1,1,0xc3bc72ad,0xc3bc72ad,MATCH
trace_print_flags_seq,0x99078b39,KERNEL_OR_BUILTIN,,0,mali_kbase_mt6878_r44;mtk_cam_isp7sp,2,2,0,1,0,0,1,1,1,1,0x99078b39,0x99078b39,MATCH
trace_print_symbols_seq,0xcc5c2df4,KERNEL_OR_BUILTIN,,0,l2tp_core;mali_kbase_mt6878_r44;thermal_trace;tipc;xhci_mtk_hcd_v2,5,5,0,1,0,0,1,1,1,1,0xcc5c2df4,0xcc5c2df4,MATCH
trace_raw_output_prep,0xf3c8d647,KERNEL_OR_BUILTIN,,0,aee_aed;apu_top;apusys;blocktag;bt_drv_6878;cfg80211;cpufreq_sugov_ext;cpuqos_v3;ged;ieee802154;imgsensor;l2tp_core;lpm_gov_MHSP;mac80211;mac802154;mali_kbase_mt6878_r44;mediatek_drm;mmqos_common;mtk_c2ps;mtk_cam_isp7sp;mtk_cg_peak_power_throttling;mtk_cm_mgr_mt6878;mtk_core_ctl;mtk_cpu_power_throttling;mtk_dvfsrc;mtk_fpsgo;mtk_gpu_power_throttling;mtk_gpufreq_wrapper;mtk_icc_core;mtk_imgsys_cmdq;mtk_imgsys_v4l2;mtk_low_battery_throttling;mtk_lpm;mtk_mbox;mtk_mmdvfs_ftrace;mtk_mml;mtk_peak_power_budget;mtk_perf_common;mtk_swpm_dbg_v6878;mtk_vmm_isp71_regulator;mtu3;powerhal_cpu_ctrl;scheduler;snd_soc_audiodsp_common;task_turbo;thermal_trace;timer_mediatek;tipc;touch_boost;trace_mmstat;ufs_mediatek_mod;uload_ind;usb_logger;xhci_mtk_hcd_v2,54,54,0,1,0,0,1,1,1,1,0xf3c8d647,0xf3c8d647,MATCH
trace_seq_printf,0x525d0aa3,KERNEL_OR_BUILTIN,,0,trace_mmstat,1,1,0,1,0,0,1,1,1,1,0x525d0aa3,0x525d0aa3,MATCH
trace_seq_putc,0x1b5f4377,KERNEL_OR_BUILTIN,,0,trace_mmstat,1,1,0,1,0,0,1,1,1,1,0x1b5f4377,0x1b5f4377,MATCH
trace_set_clr_event,0xd217e9e6,KERNEL_OR_BUILTIN,,0,ged,1,1,0,1,0,0,0,0,1,1,0xd217e9e6,0xd217e9e6,MATCH
tracepoint_probe_register,0x95e102ab,KERNEL_OR_BUILTIN,,0,aee_aed;apusys;blocktag;bootprof;cpufreq_sugov_ext;cpuqos_v3;iommu_debug;lpm_gov_MHSP;met;mtk_cm_mgr;mtk_core_ctl;mtk_fpsgo;mtk_mbraink;mtk_mmc_dbg;mtk_pbm;mtk_perf_common;pidmap;scheduler;task_turbo;ufs_mediatek_dbg;ufs_mediatek_mod;usb_boost;usb_logger;usb_offload;xhci_mtk_hcd_v2,25,25,0,1,0,0,1,1,1,1,0x95e102ab,0x95e102ab,MATCH
tracepoint_probe_register_prio,0x9b70c6ff,KERNEL_OR_BUILTIN,,0,lpm_gov_MHSP,1,1,0,1,0,0,0,0,1,1,0x9b70c6ff,0x9b70c6ff,MATCH
tracepoint_probe_unregister,0xdbeeece6,KERNEL_OR_BUILTIN,,0,aee_aed;apusys;blocktag;bootprof;cpuqos_v3;lpm_gov_MHSP;met;mtk_cm_mgr;mtk_core_ctl;mtk_fpsgo;mtk_mbraink;mtk_mmc_dbg;mtk_pbm;mtk_perf_common;pidmap;scheduler;ufs_mediatek_dbg;ufs_mediatek_mod;xhci_mtk_hcd_v2,19,19,0,1,0,0,1,1,1,1,0xdbeeece6,0xdbeeece6,MATCH
tracepoint_srcu,0xc8063a7e,KERNEL_OR_BUILTIN,,0,mtk_core_ctl;ufs_mediatek_dbg,2,2,0,1,0,0,1,1,1,1,0xc8063a7e,0xc8063a7e,MATCH
tracing_off,0x7944e0fc,KERNEL_OR_BUILTIN,,0,ccci_md_all,1,1,0,1,0,0,1,1,1,1,0x7944e0fc,0x7944e0fc,MATCH
try_module_get,0xda2e6300,KERNEL_OR_BUILTIN,,0,bluetooth;can;mali_kbase_mt6878_r44;met;mtk_hcp;nfc;ppp_generic;pppox;rfcomm;tkcore;usbserial,11,12,0,1,0,0,1,1,1,1,0xda2e6300,0xda2e6300,MATCH
try_wait_for_completion,0x21ef374c,KERNEL_OR_BUILTIN,,0,mtk_cam_isp7sp;mtk_tinysys_ipi,2,2,0,1,0,0,1,1,1,1,0x21ef374c,0x21ef374c,MATCH
tty_driver_flush_buffer,0xfdef445d,KERNEL_OR_BUILTIN,,0,hci_uart,1,1,0,1,0,0,1,1,1,1,0xfdef445d,0xfdef445d,MATCH
tty_driver_kref_put,0x08bed42f,KERNEL_OR_BUILTIN,,0,cdc_acm;rfcomm;usbserial,3,3,0,1,0,0,0,0,1,1,0x08bed42f,0x08bed42f,MATCH
tty_encode_baud_rate,0x0b36a876,KERNEL_OR_BUILTIN,,0,ftdi_sio,1,1,0,1,0,0,0,0,1,1,0x0b36a876,0x0b36a876,MATCH
tty_flip_buffer_push,0xea734050,KERNEL_OR_BUILTIN,,0,8250_mtk;cdc_acm;ftdi_sio;rfcomm;usbserial,5,5,0,1,0,0,1,1,1,1,0xea734050,0xea734050,MATCH
tty_get_char_size,0xf72a65ea,KERNEL_OR_BUILTIN,,0,cdc_acm,1,1,0,1,0,0,0,0,1,1,0xf72a65ea,0xf72a65ea,MATCH
tty_hangup,0xc0c2117c,KERNEL_OR_BUILTIN,,0,usbserial,1,1,0,1,0,0,0,0,1,1,0xc0c2117c,0xc0c2117c,MATCH
tty_insert_flip_string_fixed_flag,0x53d475f7,KERNEL_OR_BUILTIN,,0,8250_mtk;cdc_acm;ftdi_sio;rfcomm;usbserial,5,5,0,1,0,0,1,1,1,1,0x53d475f7,0x53d475f7,MATCH
tty_kref_put,0x8c44482c,KERNEL_OR_BUILTIN,,0,cdc_acm;ftdi_sio;rfcomm;usbserial,4,4,0,1,0,0,0,0,1,1,0x8c44482c,0x8c44482c,MATCH
tty_ldisc_deref,0x17bebe24,KERNEL_OR_BUILTIN,,0,usbserial,1,1,0,1,0,0,0,0,1,1,0x17bebe24,0x17bebe24,MATCH
tty_ldisc_flush,0x4196ef00,KERNEL_OR_BUILTIN,,0,hci_uart,1,1,0,1,0,0,1,1,1,1,0x4196ef00,0x4196ef00,MATCH
tty_ldisc_ref,0x3b4b7aaa,KERNEL_OR_BUILTIN,,0,usbserial,1,1,0,1,0,0,0,0,1,1,0x3b4b7aaa,0x3b4b7aaa,MATCH
tty_mode_ioctl,0x1f4a18aa,KERNEL_OR_BUILTIN,,0,slcan,1,1,0,1,0,0,0,0,1,1,0x1f4a18aa,0x1f4a18aa,MATCH
tty_port_close,0xba7460e7,KERNEL_OR_BUILTIN,,0,cdc_acm;rfcomm;usbserial,3,3,0,1,0,0,0,0,1,1,0xba7460e7,0xba7460e7,MATCH
tty_port_destroy,0x6132a5be,KERNEL_OR_BUILTIN,,0,usbserial,1,1,0,1,0,0,0,0,1,1,0x6132a5be,0x6132a5be,MATCH
tty_port_hangup,0x55daf509,KERNEL_OR_BUILTIN,,0,cdc_acm;rfcomm;usbserial,3,3,0,1,0,0,0,0,1,1,0x55daf509,0x55daf509,MATCH
tty_port_init,0x6440e9cb,KERNEL_OR_BUILTIN,,0,cdc_acm;rfcomm;usbserial,3,3,0,1,0,0,0,0,1,1,0x6440e9cb,0x6440e9cb,MATCH
tty_port_install,0x05b941b3,KERNEL_OR_BUILTIN,,0,rfcomm,1,1,0,1,0,0,0,0,1,1,0x05b941b3,0x05b941b3,MATCH
tty_port_open,0x4fca46d4,KERNEL_OR_BUILTIN,,0,cdc_acm;rfcomm;usbserial,3,3,0,1,0,0,0,0,1,1,0x4fca46d4,0x4fca46d4,MATCH
tty_port_put,0x533d0e0c,KERNEL_OR_BUILTIN,,0,cdc_acm;rfcomm,2,2,0,1,0,0,0,0,1,1,0x533d0e0c,0x533d0e0c,MATCH
tty_port_register_device,0xa10677fe,KERNEL_OR_BUILTIN,,0,cdc_acm;rfcomm;usbserial,3,3,0,1,0,0,0,0,1,1,0xa10677fe,0xa10677fe,MATCH
tty_port_tty_get,0xeb94855c,KERNEL_OR_BUILTIN,,0,cdc_acm;ftdi_sio;rfcomm;usbserial,4,4,0,1,0,0,0,0,1,1,0xeb94855c,0xeb94855c,MATCH
tty_port_tty_hangup,0x1ad11bb0,KERNEL_OR_BUILTIN,,0,cdc_acm;rfcomm,2,2,0,1,0,0,0,0,1,1,0x1ad11bb0,0x1ad11bb0,MATCH
tty_port_tty_wakeup,0x5e27ac00,KERNEL_OR_BUILTIN,,0,cdc_acm;rfcomm;usbserial,3,3,0,1,0,0,0,0,1,1,0x5e27ac00,0x5e27ac00,MATCH
tty_register_driver,0x0299ecd8,KERNEL_OR_BUILTIN,,0,cdc_acm;rfcomm;usbserial,3,3,0,1,0,0,0,0,1,1,0x0299ecd8,0x0299ecd8,MATCH
tty_register_ldisc,0xbe522d42,KERNEL_OR_BUILTIN,,0,hci_uart;slcan,2,2,0,1,0,0,1,1,1,1,0xbe522d42,0xbe522d42,MATCH
tty_set_termios,0x87c1dc46,KERNEL_OR_BUILTIN,,0,hci_uart,1,1,0,1,0,0,1,1,1,1,0x87c1dc46,0x87c1dc46,MATCH
tty_standard_install,0xa9960e4a,KERNEL_OR_BUILTIN,,0,cdc_acm;usbserial,2,2,0,1,0,0,0,0,1,1,0xa9960e4a,0xa9960e4a,MATCH
tty_std_termios,0x67b27ec1,KERNEL_OR_BUILTIN,,0,cdc_acm;rfcomm;usbserial,3,3,0,1,0,0,0,0,1,1,0x67b27ec1,0x67b27ec1,MATCH
tty_termios_baud_rate,0x0bd394d8,KERNEL_OR_BUILTIN,,0,8250_mtk;cdc_acm;ftdi_sio;rfcomm;usbserial,5,5,0,1,0,0,1,1,1,1,0x0bd394d8,0x0bd394d8,MATCH
tty_termios_copy_hw,0xe816048f,KERNEL_OR_BUILTIN,,0,usbserial,1,1,0,1,0,0,0,0,1,1,0xe816048f,0xe816048f,MATCH
tty_termios_encode_baud_rate,0x5641485b,KERNEL_OR_BUILTIN,,0,8250_mtk;hci_uart,2,2,0,1,0,0,1,1,1,1,0x5641485b,0x5641485b,MATCH
tty_unregister_device,0xc1752ef0,KERNEL_OR_BUILTIN,,0,cdc_acm;rfcomm;usbserial,3,3,0,1,0,0,0,0,1,1,0xc1752ef0,0xc1752ef0,MATCH
tty_unregister_driver,0x9c47392c,KERNEL_OR_BUILTIN,,0,cdc_acm;rfcomm;usbserial,3,3,0,1,0,0,0,0,1,1,0x9c47392c,0x9c47392c,MATCH
tty_unregister_ldisc,0x79a3a968,KERNEL_OR_BUILTIN,,0,hci_uart;slcan,2,2,0,1,0,0,1,1,1,1,0x79a3a968,0x79a3a968,MATCH
tty_unthrottle,0x8f2b0c63,KERNEL_OR_BUILTIN,,0,hci_uart,1,1,0,1,0,0,0,0,1,1,0x8f2b0c63,0x8f2b0c63,MATCH
tty_vhangup,0x31c8c9b8,KERNEL_OR_BUILTIN,,0,cdc_acm;rfcomm;usbserial,3,3,0,1,0,0,0,0,1,1,0x31c8c9b8,0x31c8c9b8,MATCH
tty_wakeup,0x73ae1a0c,KERNEL_OR_BUILTIN,,0,rfcomm,1,1,0,1,0,0,0,0,1,1,0x73ae1a0c,0x73ae1a0c,MATCH
typec_get_drvdata,0xf97fc2d7,KERNEL_OR_BUILTIN,,0,rt_pd_manager,1,1,0,1,0,0,0,0,1,1,0xf97fc2d7,0xf97fc2d7,MATCH
typec_mux_get_drvdata,0x15e08f8a,KERNEL_OR_BUILTIN,,0,mux_switch,1,1,0,1,0,0,1,1,1,1,0x15e08f8a,0x15e08f8a,MATCH
typec_mux_put,0xfc8df340,KERNEL_OR_BUILTIN,,0,rt_pd_manager,1,1,0,1,0,0,0,0,1,1,0xfc8df340,0xfc8df340,MATCH
typec_mux_register,0xb59ec8f6,KERNEL_OR_BUILTIN,,0,mux_switch,1,1,0,1,0,0,1,1,1,1,0xb59ec8f6,0xb59ec8f6,MATCH
typec_mux_set,0x6b3d9465,KERNEL_OR_BUILTIN,,0,rt_pd_manager,1,1,0,1,0,0,1,1,1,1,0x6b3d9465,0x6b3d9465,MATCH
typec_mux_unregister,0x56d4f794,KERNEL_OR_BUILTIN,,0,mux_switch,1,1,0,1,0,0,1,1,1,1,0x56d4f794,0x56d4f794,MATCH
typec_partner_set_identity,0x273e101f,KERNEL_OR_BUILTIN,,0,rt_pd_manager,1,1,0,1,0,0,1,1,1,1,0x273e101f,0x273e101f,MATCH
typec_partner_set_pd_revision,0x3d4ba090,KERNEL_OR_BUILTIN,,0,rt_pd_manager,1,1,0,1,0,0,0,0,1,1,0x3d4ba090,0x3d4ba090,MATCH
typec_partner_set_svdm_version,0xb9d5c074,KERNEL_OR_BUILTIN,,0,rt_pd_manager,1,1,0,1,0,0,0,0,1,1,0xb9d5c074,0xb9d5c074,MATCH
typec_register_partner,0xb6bd1071,KERNEL_OR_BUILTIN,,0,rt_pd_manager,1,1,0,1,0,0,1,1,1,1,0xb6bd1071,0xb6bd1071,MATCH
typec_register_port,0xc278a2d2,KERNEL_OR_BUILTIN,,0,rt_pd_manager,1,1,0,1,0,0,1,1,1,1,0xc278a2d2,0xc278a2d2,MATCH
typec_set_data_role,0x9c7b0769,KERNEL_OR_BUILTIN,,0,rt_pd_manager,1,1,0,1,0,0,1,1,1,1,0x9c7b0769,0x9c7b0769,MATCH
typec_set_orientation,0x7d728b62,KERNEL_OR_BUILTIN,,0,rt_pd_manager,1,1,0,1,0,0,1,1,1,1,0x7d728b62,0x7d728b62,MATCH
typec_set_pwr_opmode,0xff8dc427,KERNEL_OR_BUILTIN,,0,rt_pd_manager,1,1,0,1,0,0,1,1,1,1,0xff8dc427,0xff8dc427,MATCH
typec_set_pwr_role,0x2ceb5865,KERNEL_OR_BUILTIN,,0,rt_pd_manager,1,1,0,1,0,0,1,1,1,1,0x2ceb5865,0x2ceb5865,MATCH
typec_set_vconn_role,0x6d0ae7ae,KERNEL_OR_BUILTIN,,0,rt_pd_manager,1,1,0,1,0,0,1,1,1,1,0x6d0ae7ae,0x6d0ae7ae,MATCH
typec_switch_get_drvdata,0x34867dd9,KERNEL_OR_BUILTIN,,0,mux_switch,1,1,0,1,0,0,1,1,1,1,0x34867dd9,0x34867dd9,MATCH
typec_switch_register,0x9929df97,KERNEL_OR_BUILTIN,,0,mux_switch,1,1,0,1,0,0,1,1,1,1,0x9929df97,0x9929df97,MATCH
typec_switch_unregister,0x3c4b6a63,KERNEL_OR_BUILTIN,,0,mux_switch,1,1,0,1,0,0,1,1,1,1,0x3c4b6a63,0x3c4b6a63,MATCH
typec_unregister_partner,0xed5bd3c5,KERNEL_OR_BUILTIN,,0,rt_pd_manager,1,1,0,1,0,0,1,1,1,1,0xed5bd3c5,0xed5bd3c5,MATCH
typec_unregister_port,0x2be254c6,KERNEL_OR_BUILTIN,,0,rt_pd_manager,1,1,0,1,0,0,1,1,1,1,0x2be254c6,0x2be254c6,MATCH
uart_get_baud_rate,0x82472299,KERNEL_OR_BUILTIN,,0,8250_mtk,1,1,0,1,0,0,1,1,1,1,0x82472299,0x82472299,MATCH
uart_get_divisor,0xa9d1a146,KERNEL_OR_BUILTIN,,0,8250_mtk,1,1,0,1,0,0,1,1,1,1,0xa9d1a146,0xa9d1a146,MATCH
uart_update_timeout,0xcea67f4d,KERNEL_OR_BUILTIN,,0,8250_mtk,1,1,0,1,0,0,1,1,1,1,0xcea67f4d,0xcea67f4d,MATCH
uclamp_eff_value,0xb35eaea1,KERNEL_OR_BUILTIN,,0,mtk_fpsgo;scheduler,2,2,0,1,0,0,1,1,1,1,0xb35eaea1,0xb35eaea1,MATCH
udp6_set_csum,0x2b6945b5,KERNEL_OR_BUILTIN,,0,l2tp_core,1,1,0,1,0,0,0,0,1,1,0x2b6945b5,0x2b6945b5,MATCH
udp_set_csum,0xa61148a7,KERNEL_OR_BUILTIN,,0,l2tp_core,1,1,0,1,0,0,0,0,1,1,0xa61148a7,0xa61148a7,MATCH
udp_sock_create4,0x37d2c34f,KERNEL_OR_BUILTIN,,0,l2tp_core;tipc,2,2,0,1,0,0,0,0,1,1,0x37d2c34f,0x37d2c34f,MATCH
udp_sock_create6,0xec652a9e,KERNEL_OR_BUILTIN,,0,l2tp_core;tipc,2,2,0,1,0,0,0,0,1,1,0xec652a9e,0xec652a9e,MATCH
udp_tunnel6_xmit_skb,0x5106a9d0,KERNEL_OR_BUILTIN,,0,tipc,1,1,0,1,0,0,0,0,1,1,0x5106a9d0,0x5106a9d0,MATCH
udp_tunnel_sock_release,0x8d386e7d,KERNEL_OR_BUILTIN,,0,tipc,1,1,0,1,0,0,0,0,1,1,0x8d386e7d,0x8d386e7d,MATCH
udp_tunnel_xmit_skb,0xb583abe2,KERNEL_OR_BUILTIN,,0,tipc,1,1,0,1,0,0,0,0,1,1,0xb583abe2,0xb583abe2,MATCH
ufshcd_config_pwr_mode,0x7fea5f06,KERNEL_OR_BUILTIN,,0,ufs_mediatek_mod,1,1,0,1,0,0,0,0,1,1,0x7fea5f06,0x7fea5f06,MATCH
ufshcd_delay_us,0x723b1abf,KERNEL_OR_BUILTIN,,0,ufs_mediatek_mod,1,1,0,1,0,0,1,1,1,1,0x723b1abf,0x723b1abf,MATCH
ufshcd_dme_configure_adapt,0x4770f9b9,KERNEL_OR_BUILTIN,,0,ufs_mediatek_mod,1,1,0,1,0,0,1,1,1,1,0x4770f9b9,0x4770f9b9,MATCH
ufshcd_dme_get_attr,0x8928b337,KERNEL_OR_BUILTIN,,0,ufs_mediatek_dbg;ufs_mediatek_mod,2,2,0,1,0,0,1,1,1,1,0x8928b337,0x8928b337,MATCH
ufshcd_dme_set_attr,0x708a8a04,KERNEL_OR_BUILTIN,,0,ufs_mediatek_mod,1,1,0,1,0,0,1,1,1,1,0x708a8a04,0x708a8a04,MATCH
ufshcd_dump_regs,0xb77e84b1,KERNEL_OR_BUILTIN,,0,ufs_mediatek_mod,1,1,0,1,0,0,1,1,1,1,0xb77e84b1,0xb77e84b1,MATCH
ufshcd_fixup_dev_quirks,0xd8bf8388,KERNEL_OR_BUILTIN,,0,ufs_mediatek_mod,1,1,0,1,0,0,1,1,1,1,0xd8bf8388,0xd8bf8388,MATCH
ufshcd_get_pwr_dev_param,0x7a0460ff,KERNEL_OR_BUILTIN,,0,ufs_mediatek_mod,1,1,0,1,0,0,1,1,1,1,0x7a0460ff,0x7a0460ff,MATCH
ufshcd_hba_enable,0x8ee7b6fa,KERNEL_OR_BUILTIN,,0,ufs_mediatek_mod,1,1,0,1,0,0,1,1,1,1,0x8ee7b6fa,0x8ee7b6fa,MATCH
ufshcd_hba_stop,0xcc8acc00,KERNEL_OR_BUILTIN,,0,ufs_mediatek_mod,1,1,0,1,0,0,1,1,1,1,0xcc8acc00,0xcc8acc00,MATCH
ufshcd_hold,0xbde7219d,KERNEL_OR_BUILTIN,,0,ufs_mediatek_mod,1,1,0,1,0,0,0,0,1,1,0xbde7219d,0xbde7219d,MATCH
ufshcd_init_pwr_dev_param,0x54c946de,KERNEL_OR_BUILTIN,,0,ufs_mediatek_mod,1,1,0,1,0,0,1,1,1,1,0x54c946de,0x54c946de,MATCH
ufshcd_link_recovery,0x89f8ef66,KERNEL_OR_BUILTIN,,0,ufs_mediatek_mod,1,1,0,1,0,0,1,1,1,1,0x89f8ef66,0x89f8ef66,MATCH
ufshcd_make_hba_operational,0x1168ff72,KERNEL_OR_BUILTIN,,0,ufs_mediatek_mod,1,1,0,1,0,0,1,1,1,1,0x1168ff72,0x1168ff72,MATCH
ufshcd_mcq_config_mac,0xd1787215,KERNEL_OR_BUILTIN,,0,ufs_mediatek_mod,1,1,0,1,0,0,0,0,1,1,0xd1787215,0xd1787215,MATCH
ufshcd_mcq_make_queues_operational,0x1d22bd73,KERNEL_OR_BUILTIN,,0,ufs_mediatek_mod,1,1,0,1,0,0,0,0,1,1,0x1d22bd73,0x1d22bd73,MATCH
ufshcd_mcq_poll_cqe_lock,0x373bfb09,KERNEL_OR_BUILTIN,,0,ufs_mediatek_mod,1,1,0,1,0,0,0,0,1,1,0x373bfb09,0x373bfb09,MATCH
ufshcd_mcq_read_cqis,0xeafc7b98,KERNEL_OR_BUILTIN,,0,ufs_mediatek_mod,1,1,0,1,0,0,0,0,1,1,0xeafc7b98,0xeafc7b98,MATCH
ufshcd_mcq_write_cqis,0x35c6b5e8,KERNEL_OR_BUILTIN,,0,ufs_mediatek_mod,1,1,0,1,0,0,0,0,1,1,0x35c6b5e8,0x35c6b5e8,MATCH
ufshcd_pltfrm_init,0xa4f65af3,KERNEL_OR_BUILTIN,,0,ufs_mediatek_mod,1,1,0,1,0,0,1,1,1,1,0xa4f65af3,0xa4f65af3,MATCH
ufshcd_query_attr,0x9165ddde,KERNEL_OR_BUILTIN,,0,ufs_mediatek_mod,1,1,0,1,0,0,1,1,1,1,0x9165ddde,0x9165ddde,MATCH
ufshcd_query_descriptor_retry,0x4483b314,KERNEL_OR_BUILTIN,,0,ufs_mediatek_mod,1,1,0,1,0,0,1,1,1,1,0x4483b314,0x4483b314,MATCH
ufshcd_query_flag,0x5d5b119c,KERNEL_OR_BUILTIN,,0,ufs_mediatek_mod,1,1,0,1,0,0,1,1,1,1,0x5d5b119c,0x5d5b119c,MATCH
ufshcd_read_desc_param,0x99742b4a,KERNEL_OR_BUILTIN,,0,ufs_mediatek_mod,1,1,0,1,0,0,1,1,1,1,0x99742b4a,0x99742b4a,MATCH
ufshcd_release,0xc4600916,KERNEL_OR_BUILTIN,,0,ufs_mediatek_mod,1,1,0,1,0,0,0,0,1,1,0xc4600916,0xc4600916,MATCH
ufshcd_remove,0x653ec2e0,KERNEL_OR_BUILTIN,,0,ufs_mediatek_mod,1,1,0,1,0,0,1,1,1,1,0x653ec2e0,0x653ec2e0,MATCH
ufshcd_resume_complete,0x015f1ff6,KERNEL_OR_BUILTIN,,0,ufs_mediatek_mod,1,1,0,1,0,0,1,1,1,1,0x015f1ff6,0x015f1ff6,MATCH
ufshcd_runtime_resume,0x0cc8115a,KERNEL_OR_BUILTIN,,0,ufs_mediatek_mod,1,1,0,1,0,0,1,1,1,1,0x0cc8115a,0x0cc8115a,MATCH
ufshcd_runtime_suspend,0x32f7c29d,KERNEL_OR_BUILTIN,,0,ufs_mediatek_mod,1,1,0,1,0,0,1,1,1,1,0x32f7c29d,0x32f7c29d,MATCH
ufshcd_suspend_prepare,0xf6bd39a3,KERNEL_OR_BUILTIN,,0,ufs_mediatek_mod,1,1,0,1,0,0,1,1,1,1,0xf6bd39a3,0xf6bd39a3,MATCH
ufshcd_system_resume,0x7dd8e502,KERNEL_OR_BUILTIN,,0,ufs_mediatek_mod,1,1,0,1,0,0,1,1,1,1,0x7dd8e502,0x7dd8e502,MATCH
ufshcd_system_suspend,0x57360baf,KERNEL_OR_BUILTIN,,0,ufs_mediatek_mod,1,1,0,1,0,0,1,1,1,1,0x57360baf,0x57360baf,MATCH
ufshcd_uic_change_pwr_mode,0x40283b29,KERNEL_OR_BUILTIN,,0,ufs_mediatek_mod,1,1,0,1,0,0,1,1,1,1,0x40283b29,0x40283b29,MATCH
ufshcd_uic_hibern8_exit,0xe7db6d8d,KERNEL_OR_BUILTIN,,0,ufs_mediatek_mod,1,1,0,1,0,0,1,1,1,1,0xe7db6d8d,0xe7db6d8d,MATCH
ufshcd_update_evt_hist,0x2d615762,KERNEL_OR_BUILTIN,,0,ufs_mediatek_mod,1,1,0,1,0,0,1,1,1,1,0x2d615762,0x2d615762,MATCH
unlock_page,0x196234a5,KERNEL_OR_BUILTIN,,0,mali_kbase_mt6878_r44;zsmalloc,2,2,0,1,1,0,1,1,1,1,0x196234a5,0x196234a5,MATCH
unmap_mapping_range,0xc97d8bcd,KERNEL_OR_BUILTIN,,0,mali_kbase_mt6878_r44,1,1,0,1,0,0,1,1,1,1,0xc97d8bcd,0xc97d8bcd,MATCH
unpin_user_page,0x2230a631,KERNEL_OR_BUILTIN,,0,mali_kbase_mt6878_r44,1,1,0,1,0,0,1,1,1,1,0x2230a631,0x2230a631,MATCH
unpin_user_pages_dirty_lock,0xd1f9799d,KERNEL_OR_BUILTIN,,0,gzvm,1,1,0,1,0,0,0,0,1,1,0xd1f9799d,0xd1f9799d,MATCH
unregister_blkdev,0xb5a459dc,KERNEL_OR_BUILTIN,,0,zram,1,1,0,1,0,0,1,1,1,1,0xb5a459dc,0xb5a459dc,MATCH
unregister_chrdev_region,0x6091b333,KERNEL_OR_BUILTIN,,0,apusys;bt_drv_6878;camera_dpe_isp7sp;camera_eeprom_v4l2;ccci_util_lib;connadp;connfem;conninfra;connscp;flashlight;fmradio_drv_connac2x;gps_drv_dl_v051;gps_pwr;gps_scp;gz_ipc_mod;mdp_drv_mt6878;mt6369_accdet;mtk_ccd_remoteproc;mtk_ccuv;mtk_hcp;mtk_mbraink;mtk_vcu;pda_drv_mt6878;rpmb_mtk;sec;teeperf;widevine_driver;wlan_drv_gen4m_6878;wmt_chrdev_wifi_connac2,29,29,0,1,0,0,1,1,1,1,0x6091b333,0x6091b333,MATCH
unregister_die_notifier,0x121d958a,KERNEL_OR_BUILTIN,,0,mrdump,1,1,0,1,0,0,1,1,1,1,0x121d958a,0x121d958a,MATCH
unregister_inet6addr_notifier,0x2fe252cc,KERNEL_OR_BUILTIN,,0,mac80211,1,1,0,1,0,0,0,0,1,1,0x2fe252cc,0x2fe252cc,MATCH
unregister_inetaddr_notifier,0xfe029963,KERNEL_OR_BUILTIN,,0,mac80211;wlan_drv_gen4m_6878,2,2,0,1,0,0,1,1,1,1,0xfe029963,0xfe029963,MATCH
unregister_module_notifier,0x6a5ecb18,KERNEL_OR_BUILTIN,,0,aee_aed;mrdump,2,2,0,1,0,0,1,1,1,1,0x6a5ecb18,0x6a5ecb18,MATCH
unregister_net_sysctl_table,0xd53c67b3,KERNEL_OR_BUILTIN,,0,ieee802154_6lowpan;tipc,2,2,0,1,0,0,0,0,1,1,0xd53c67b3,0xd53c67b3,MATCH
unregister_netdev,0x4ab68b33,KERNEL_OR_BUILTIN,,0,can_dev;ccmni;mtk_u_ether;r8152;rtl8150;usbnet;wlan_drv_gen4m_6878,7,7,0,1,0,0,1,1,1,1,0x4ab68b33,0x4ab68b33,MATCH
unregister_netdevice_many,0x9fdecc31,KERNEL_OR_BUILTIN,,0,8021q;mac80211;ppp_generic;wwan,4,4,0,1,0,0,0,0,1,1,0x9fdecc31,0x9fdecc31,MATCH
unregister_netdevice_notifier,0x9d0d6206,KERNEL_OR_BUILTIN,,0,6lowpan;8021q;can_bcm;can_gw;can_raw;cfg80211;ieee802154;ieee802154_6lowpan;mac80211;mac802154;mddp;tipc;wlan_drv_gen4m_6878,13,13,0,1,0,0,1,1,1,1,0x9d0d6206,0x9d0d6206,MATCH
unregister_netdevice_queue,0xc7086c08,KERNEL_OR_BUILTIN,,0,6lowpan;8021q;cfg80211;mac80211;mac802154;ppp_generic;wwan,7,7,0,1,0,0,0,0,1,1,0xc7086c08,0xc7086c08,MATCH
unregister_oom_notifier,0xc617f82c,KERNEL_OR_BUILTIN,,0,mali_kbase_mt6878_r44;mtk_heap_debug,2,2,0,1,0,0,1,1,1,1,0xc617f82c,0xc617f82c,MATCH
unregister_pernet_device,0x35887880,KERNEL_OR_BUILTIN,,0,cfg80211;ieee802154;l2tp_core;l2tp_ppp;ppp_generic;tipc,6,6,0,1,0,0,0,0,1,1,0x35887880,0x35887880,MATCH
unregister_pernet_subsys,0xa19edd2d,KERNEL_OR_BUILTIN,,0,8021q;can;can_bcm;can_gw;ieee802154_6lowpan;mddp;tipc,7,7,0,1,0,0,1,1,1,1,0xa19edd2d,0xa19edd2d,MATCH
unregister_pm_notifier,0x7681946c,KERNEL_OR_BUILTIN,,0,aee_hangdet;bluetooth;bt_drv_6878;conninfra;log_store;mdp_drv_mt6878;mt6375_battery;mtk_cam_isp7sp;mtk_mbraink;r8152;rtc_mt6685;sensorhub;wlan_drv_gen4m_6878,13,14,0,1,0,0,1,1,1,1,0x7681946c,0x7681946c,MATCH
unregister_reboot_notifier,0xac1a55be,KERNEL_OR_BUILTIN,,0,aee_hangdet;log_store;reboot_mode;sec,4,4,0,1,0,0,1,1,1,1,0xac1a55be,0xac1a55be,MATCH
unregister_rpmsg_driver,0xeab85c26,KERNEL_OR_BUILTIN,,0,apu_top;apusys;ccd_rpmsg;sapu,4,4,0,1,0,0,1,1,1,1,0xeab85c26,0xeab85c26,MATCH
unregister_shrinker,0x7f691249,KERNEL_OR_BUILTIN,,0,mali_kbase_mt6878_r44;mali_mgm_mt6878_r44;zsmalloc,3,3,0,1,0,0,1,1,1,1,0x7f691249,0x7f691249,MATCH
unregister_sysctl_table,0xd691c6a9,KERNEL_OR_BUILTIN,,0,ccmni,1,1,0,1,0,0,1,1,1,1,0xd691c6a9,0xd691c6a9,MATCH
unregister_virtio_device,0xb9c34a5e,KERNEL_OR_BUILTIN,,0,gz_virtio_mod,1,1,0,1,0,0,1,1,1,1,0xb9c34a5e,0xb9c34a5e,MATCH
unregister_virtio_driver,0x0b251408,KERNEL_OR_BUILTIN,,0,gz_ipc_mod,1,1,0,1,0,0,1,1,1,1,0x0b251408,0x0b251408,MATCH
up,0xcf2a6966,KERNEL_OR_BUILTIN,,0,aee_aed;aee_rs;bt_drv_6878;conninfra;connscp;fmradio_drv_connac2x;gps_scp;mediatek_drm;mtk_vcodec_dec_v1;mtk_vcodec_enc_v1;mtk_vcu;sec;tcpc_class;tkcore;ufs_mediatek_mod;wlan_drv_gen4m_6878,16,16,0,1,0,0,1,1,1,1,0xcf2a6966,0xcf2a6966,MATCH
up_read,0x6b50e951,KERNEL_OR_BUILTIN,,0,gz_tz_system;gzvm;hbt;hidp;mali_kbase_mt6878_r44;monitor_hang;mtk_heap_debug;ppp_generic;zram,9,9,0,1,1,0,1,1,1,1,0x6b50e951,0x6b50e951,MATCH
up_write,0x20d81059,KERNEL_OR_BUILTIN,,0,ccci_md_all;cpudvfs;drm_dma_helper;hbt;hidp;mali_dmabuf_test_mt6878_r44;mali_kbase_mt6878_r44;mediatek_drm;monitor_hang;mtk_aie;ppp_generic;snd_soc_mtk_common;teeperf;tmem_ffa;zram,15,15,0,1,1,0,1,1,1,1,0x20d81059,0x20d81059,MATCH
update_devfreq,0x04e5f3e0,KERNEL_OR_BUILTIN,,0,apu_top,1,1,0,1,0,0,1,1,1,1,0x04e5f3e0,0x04e5f3e0,MATCH
update_rq_clock,0x7ff431ed,KERNEL_OR_BUILTIN,,0,mtk_c2ps;scheduler;task_turbo,3,3,0,1,0,0,1,1,1,1,0x7ff431ed,0x7ff431ed,MATCH
usb_add_config,0x26f6d399,KERNEL_OR_BUILTIN,,0,usb_meta,1,1,0,1,0,0,1,1,1,1,0x26f6d399,0x26f6d399,MATCH
usb_add_function,0xb4f1d050,KERNEL_OR_BUILTIN,,0,c2k_usb;usb_meta,2,2,0,1,0,0,1,1,1,1,0xb4f1d050,0xb4f1d050,MATCH
usb_add_gadget_udc,0x18c96487,KERNEL_OR_BUILTIN,,0,mtu3,1,1,0,1,0,0,1,1,1,1,0x18c96487,0x18c96487,MATCH
usb_add_hcd,0xa85ddb88,KERNEL_OR_BUILTIN,,0,xhci_mtk_hcd_v2,1,1,0,1,0,0,1,1,1,1,0xa85ddb88,0xa85ddb88,MATCH
usb_alloc_coherent,0xbb455825,KERNEL_OR_BUILTIN,,0,cdc_acm,1,1,0,1,0,0,0,0,1,1,0xbb455825,0xbb455825,MATCH
usb_alloc_urb,0xe5714f41,KERNEL_OR_BUILTIN,,0,cdc_acm;cdc_eem;r8152;rtl8150;usbnet;usbserial,6,6,0,1,0,0,0,0,1,1,0xe5714f41,0xe5714f41,MATCH
usb_altnum_to_altsetting,0xffcd2f4e,KERNEL_OR_BUILTIN,,0,cdc_ncm;xhci_mtk_hcd_v2,2,2,0,1,0,0,0,0,1,1,0xffcd2f4e,0xffcd2f4e,MATCH
usb_anchor_urb,0x50a30a2a,KERNEL_OR_BUILTIN,,0,cdc_acm;usbnet,2,2,0,1,0,0,0,0,1,1,0x50a30a2a,0x50a30a2a,MATCH
usb_assign_descriptors,0x79921d0b,KERNEL_OR_BUILTIN,,0,mtk_usb_f_rndis,1,1,0,1,0,0,1,1,1,1,0x79921d0b,0x79921d0b,MATCH
usb_autopm_get_interface,0x46d9f3e3,KERNEL_OR_BUILTIN,,0,aqc111;cdc_acm;ftdi_sio;r8152;usbnet;usbserial,6,6,0,1,0,0,0,0,1,1,0x46d9f3e3,0x46d9f3e3,MATCH
usb_autopm_get_interface_async,0xd0f2ee17,KERNEL_OR_BUILTIN,,0,cdc_acm;r8152;usbnet,3,3,0,1,0,0,0,0,1,1,0xd0f2ee17,0xd0f2ee17,MATCH
usb_autopm_get_interface_no_resume,0x1f929ea3,KERNEL_OR_BUILTIN,,0,cdc_acm;usbnet,2,2,0,1,0,0,0,0,1,1,0x1f929ea3,0x1f929ea3,MATCH
usb_autopm_put_interface,0x073f3d9b,KERNEL_OR_BUILTIN,,0,aqc111;cdc_acm;ftdi_sio;r8152;usbnet;usbserial,6,6,0,1,0,0,0,0,1,1,0x073f3d9b,0x073f3d9b,MATCH
usb_autopm_put_interface_async,0xe3eace12,KERNEL_OR_BUILTIN,,0,cdc_acm;r8152;usbnet,3,3,0,1,0,0,0,0,1,1,0xe3eace12,0xe3eace12,MATCH
usb_check_bulk_endpoints,0x7cd79799,KERNEL_OR_BUILTIN,,0,usbnet,1,1,0,1,0,0,0,0,1,1,0x7cd79799,0x7cd79799,MATCH
usb_clear_halt,0x41337a4e,KERNEL_OR_BUILTIN,,0,cdc_acm;usbnet,2,2,0,1,0,0,0,0,1,1,0x41337a4e,0x41337a4e,MATCH
usb_composite_probe,0xb3b3201b,KERNEL_OR_BUILTIN,,0,usb_meta,1,1,0,1,0,0,1,1,1,1,0xb3b3201b,0xb3b3201b,MATCH
usb_composite_unregister,0x8fbf7e81,KERNEL_OR_BUILTIN,,0,usb_meta,1,1,0,1,0,0,1,1,1,1,0x8fbf7e81,0x8fbf7e81,MATCH
usb_control_msg,0xd11cfb2a,KERNEL_OR_BUILTIN,,0,aqc111;cdc_acm;cdc_ether;ftdi_sio;r8152;usbnet,6,6,0,1,0,0,0,0,1,1,0xd11cfb2a,0xd11cfb2a,MATCH
usb_control_msg_recv,0xa3dfc77c,KERNEL_OR_BUILTIN,,0,ftdi_sio;rtl8150,2,2,0,1,0,0,0,0,1,1,0xa3dfc77c,0xa3dfc77c,MATCH
usb_control_msg_send,0xadf959d4,KERNEL_OR_BUILTIN,,0,rtl8150,1,1,0,1,0,0,0,0,1,1,0xadf959d4,0xadf959d4,MATCH
usb_copy_descriptors,0x2e09263f,KERNEL_OR_BUILTIN,,0,c2k_usb,1,1,0,1,0,0,1,1,1,1,0x2e09263f,0x2e09263f,MATCH
usb_create_hcd,0xb28c2fa9,KERNEL_OR_BUILTIN,,0,xhci_mtk_hcd_v2,1,1,0,1,0,0,1,1,1,1,0xb28c2fa9,0xb28c2fa9,MATCH
usb_create_shared_hcd,0xdd54bd2d,KERNEL_OR_BUILTIN,,0,xhci_mtk_hcd_v2,1,1,0,1,0,0,1,1,1,1,0xdd54bd2d,0xdd54bd2d,MATCH
usb_debug_root,0xfad7aa72,KERNEL_OR_BUILTIN,,0,mtu3;xhci_mtk_hcd_v2,2,2,0,1,0,0,1,1,1,1,0xfad7aa72,0xfad7aa72,MATCH
usb_del_gadget_udc,0xf46f2300,KERNEL_OR_BUILTIN,,0,mtu3,1,1,0,1,0,0,1,1,1,1,0xf46f2300,0xf46f2300,MATCH
usb_deregister,0x1c3c3cf8,KERNEL_OR_BUILTIN,,0,aqc111;asix;ax88179_178a;cdc_acm;cdc_eem;cdc_ether;cdc_ncm;r8152;r8153_ecm;rtl8150;usbserial,11,11,0,1,0,0,1,1,1,1,0x1c3c3cf8,0x1c3c3cf8,MATCH
usb_deregister_device_driver,0xdadf653f,KERNEL_OR_BUILTIN,,0,r8152,1,1,0,0,0,0,0,0,0,0,0xdadf653f,0xdadf653f,MATCH
usb_disabled,0x19a304ba,KERNEL_OR_BUILTIN,,0,usbserial;xhci_mtk_hcd_v2,2,2,0,1,0,0,1,1,1,1,0x19a304ba,0x19a304ba,MATCH
usb_driver_claim_interface,0x38b6fa85,KERNEL_OR_BUILTIN,,0,cdc_acm;cdc_ether;cdc_ncm;usbserial,4,4,0,1,0,0,0,0,1,1,0x38b6fa85,0x38b6fa85,MATCH
usb_driver_release_interface,0x3275b233,KERNEL_OR_BUILTIN,,0,cdc_acm;cdc_ether;cdc_ncm;usbserial,4,4,0,1,0,0,0,0,1,1,0x3275b233,0x3275b233,MATCH
usb_driver_set_configuration,0x737cedcc,KERNEL_OR_BUILTIN,,0,aqc111,1,1,0,1,0,0,0,0,1,1,0x737cedcc,0x737cedcc,MATCH
usb_enable_lpm,0x6be99a8a,KERNEL_OR_BUILTIN,,0,r8152,1,1,0,1,0,0,0,0,1,1,0x6be99a8a,0x6be99a8a,MATCH
usb_ep_alloc_request,0x880d48e4,KERNEL_OR_BUILTIN,,0,c2k_usb;mtk_u_ether;mtk_usb_f_rndis,3,3,0,1,0,0,1,1,1,1,0x880d48e4,0x880d48e4,MATCH
usb_ep_autoconfig,0x72aedefe,KERNEL_OR_BUILTIN,,0,c2k_usb;mtk_usb_f_rndis,2,2,0,1,0,0,1,1,1,1,0x72aedefe,0x72aedefe,MATCH
usb_ep_dequeue,0xbadfaba7,KERNEL_OR_BUILTIN,,0,c2k_usb;usb_meta,2,2,0,1,0,0,1,1,1,1,0xbadfaba7,0xbadfaba7,MATCH
usb_ep_disable,0x1aec8cdd,KERNEL_OR_BUILTIN,,0,c2k_usb;mtk_u_ether;mtk_usb_f_rndis,3,3,0,1,0,0,1,1,1,1,0x1aec8cdd,0x1aec8cdd,MATCH
usb_ep_enable,0x2dbea237,KERNEL_OR_BUILTIN,,0,c2k_usb;mtk_u_ether;mtk_usb_f_rndis,3,3,0,1,0,0,1,1,1,1,0x2dbea237,0x2dbea237,MATCH
usb_ep_free_request,0x1d6766db,KERNEL_OR_BUILTIN,,0,c2k_usb;mtk_u_ether;mtk_usb_f_rndis,3,3,0,1,0,0,1,1,1,1,0x1d6766db,0x1d6766db,MATCH
usb_ep_queue,0xd4616fc7,KERNEL_OR_BUILTIN,,0,c2k_usb;mtk_u_ether;mtk_usb_f_rndis,3,3,0,1,0,0,1,1,1,1,0xd4616fc7,0xd4616fc7,MATCH
usb_ep_set_halt,0x8310b89e,KERNEL_OR_BUILTIN,,0,mtu3,1,1,0,1,0,0,1,1,1,1,0x8310b89e,0x8310b89e,MATCH
usb_ep_set_maxpacket_limit,0x77ec757b,KERNEL_OR_BUILTIN,,0,mtu3,1,1,0,1,0,0,1,1,1,1,0x77ec757b,0x77ec757b,MATCH
usb_ep_type_string,0x1a146ec3,KERNEL_OR_BUILTIN,,0,mtu3,1,1,0,1,0,0,1,1,1,1,0x1a146ec3,0x1a146ec3,MATCH
usb_find_common_endpoints,0x93c7edeb,KERNEL_OR_BUILTIN,,0,cdc_acm;r8152,2,2,0,1,0,0,0,0,1,1,0x93c7edeb,0x93c7edeb,MATCH
usb_free_all_descriptors,0xddfc1c21,KERNEL_OR_BUILTIN,,0,mtk_usb_f_rndis,1,1,0,1,0,0,1,1,1,1,0xddfc1c21,0xddfc1c21,MATCH
usb_free_coherent,0x10ead029,KERNEL_OR_BUILTIN,,0,cdc_acm,1,1,0,1,0,0,0,0,1,1,0x10ead029,0x10ead029,MATCH
usb_free_urb,0x041b314a,KERNEL_OR_BUILTIN,,0,cdc_acm;cdc_eem;r8152;rtl8150;usbnet;usbserial,6,6,0,1,0,0,0,0,1,1,0x041b314a,0x041b314a,MATCH
usb_function_register,0xed4379fe,KERNEL_OR_BUILTIN,,0,c2k_usb_f_via_atc;c2k_usb_f_via_ets;c2k_usb_f_via_modem;mtk_usb_f_rndis,4,4,0,1,0,0,1,1,1,1,0xed4379fe,0xed4379fe,MATCH
usb_function_unregister,0x3de341e7,KERNEL_OR_BUILTIN,,0,c2k_usb_f_via_atc;c2k_usb_f_via_ets;c2k_usb_f_via_modem;mtk_usb_f_rndis,4,4,0,1,0,0,1,1,1,1,0x3de341e7,0x3de341e7,MATCH
usb_gadget_connect,0x6600a5fe,KERNEL_OR_BUILTIN,,0,usb_meta,1,1,0,1,0,0,1,1,1,1,0x6600a5fe,0x6600a5fe,MATCH
usb_gadget_disconnect,0xfbd2710e,KERNEL_OR_BUILTIN,,0,usb_meta,1,1,0,1,0,0,1,1,1,1,0xfbd2710e,0xfbd2710e,MATCH
usb_gadget_giveback_request,0x3cfd9348,KERNEL_OR_BUILTIN,,0,mtu3,1,1,0,1,0,0,1,1,1,1,0x3cfd9348,0x3cfd9348,MATCH
usb_gadget_map_request,0xeaddc31a,KERNEL_OR_BUILTIN,,0,mtu3,1,1,0,1,0,0,1,1,1,1,0xeaddc31a,0xeaddc31a,MATCH
usb_gadget_register_driver_owner,0xe12088d0,KERNEL_OR_BUILTIN,,0,usb_meta,1,1,0,1,0,0,0,0,1,1,0xe12088d0,0xe12088d0,MATCH
usb_gadget_set_selfpowered,0x5bf42f93,KERNEL_OR_BUILTIN,,0,usb_meta,1,1,0,1,0,0,1,1,1,1,0x5bf42f93,0x5bf42f93,MATCH
usb_gadget_set_state,0xfb228107,KERNEL_OR_BUILTIN,,0,mtu3,1,1,0,1,0,0,1,1,1,1,0xfb228107,0xfb228107,MATCH
usb_gadget_unmap_request,0xe0d4c188,KERNEL_OR_BUILTIN,,0,mtu3,1,1,0,1,0,0,1,1,1,1,0xe0d4c188,0xe0d4c188,MATCH
usb_get_dev,0x5aff53a1,KERNEL_OR_BUILTIN,,0,usbserial,1,1,0,1,0,0,0,0,1,1,0x5aff53a1,0x5aff53a1,MATCH
usb_get_dr_mode,0x1c6d0246,KERNEL_OR_BUILTIN,,0,mtu3,1,1,0,1,0,0,1,1,1,1,0x1c6d0246,0x1c6d0246,MATCH
usb_get_from_anchor,0x5ec6dfcd,KERNEL_OR_BUILTIN,,0,cdc_acm;usbnet,2,2,0,1,0,0,0,0,1,1,0x5ec6dfcd,0x5ec6dfcd,MATCH
usb_get_function,0x1fdad91c,KERNEL_OR_BUILTIN,,0,usb_meta,1,1,0,1,0,0,1,1,1,1,0x1fdad91c,0x1fdad91c,MATCH
usb_get_function_instance,0xbb39a545,KERNEL_OR_BUILTIN,,0,usb_meta,1,1,0,1,0,0,1,1,1,1,0xbb39a545,0xbb39a545,MATCH
usb_get_intf,0xab6a8303,KERNEL_OR_BUILTIN,,0,cdc_acm;usbserial,2,2,0,1,0,0,0,0,1,1,0xab6a8303,0xab6a8303,MATCH
usb_get_maximum_speed,0x9301ed75,KERNEL_OR_BUILTIN,,0,mtu3,1,1,0,1,0,0,1,1,1,1,0x9301ed75,0x9301ed75,MATCH
usb_get_role_switch_default_mode,0x533bc2cc,KERNEL_OR_BUILTIN,,0,mtu3,1,1,0,1,0,0,1,1,1,1,0x533bc2cc,0x533bc2cc,MATCH
usb_get_urb,0x80335c11,KERNEL_OR_BUILTIN,,0,usbnet,1,1,0,1,0,0,0,0,1,1,0x80335c11,0x80335c11,MATCH
usb_gstrings_attach,0x882a293f,KERNEL_OR_BUILTIN,,0,mtk_usb_f_rndis,1,1,0,1,0,0,1,1,1,1,0x882a293f,0x882a293f,MATCH
usb_hc_died,0xcf36bf41,KERNEL_OR_BUILTIN,,0,xhci_mtk_hcd_v2,1,1,0,1,0,0,0,0,1,1,0xcf36bf41,0xcf36bf41,MATCH
usb_hcd_check_unlink_urb,0x34c34625,KERNEL_OR_BUILTIN,,0,xhci_mtk_hcd_v2,1,1,0,1,0,0,0,0,1,1,0x34c34625,0x34c34625,MATCH
usb_hcd_end_port_resume,0xa935cba4,KERNEL_OR_BUILTIN,,0,xhci_mtk_hcd_v2,1,1,0,1,0,0,1,1,1,1,0xa935cba4,0xa935cba4,MATCH
usb_hcd_giveback_urb,0x0efbce6b,KERNEL_OR_BUILTIN,,0,xhci_mtk_hcd_v2,1,1,0,1,0,0,0,0,1,1,0x0efbce6b,0x0efbce6b,MATCH
usb_hcd_irq,0x70cf032f,KERNEL_OR_BUILTIN,,0,xhci_mtk_hcd_v2,1,1,0,1,0,0,0,0,1,1,0x70cf032f,0x70cf032f,MATCH
usb_hcd_is_primary_hcd,0x29906c2f,KERNEL_OR_BUILTIN,,0,usb_offload;xhci_mtk_hcd_v2,2,2,0,1,0,0,1,1,1,1,0x29906c2f,0x29906c2f,MATCH
usb_hcd_link_urb_to_ep,0xdeb2c756,KERNEL_OR_BUILTIN,,0,xhci_mtk_hcd_v2,1,1,0,1,0,0,0,0,1,1,0xdeb2c756,0xdeb2c756,MATCH
usb_hcd_map_urb_for_dma,0x9fc35a66,KERNEL_OR_BUILTIN,,0,xhci_mtk_hcd_v2,1,1,0,1,0,0,0,0,1,1,0x9fc35a66,0x9fc35a66,MATCH
usb_hcd_poll_rh_status,0xc9c702e0,KERNEL_OR_BUILTIN,,0,xhci_mtk_hcd_v2,1,1,0,1,0,0,1,1,1,1,0xc9c702e0,0xc9c702e0,MATCH
usb_hcd_resume_root_hub,0x18dfd09e,KERNEL_OR_BUILTIN,,0,xhci_mtk_hcd_v2,1,1,0,1,0,0,0,0,1,1,0x18dfd09e,0x18dfd09e,MATCH
usb_hcd_start_port_resume,0x5bc576dd,KERNEL_OR_BUILTIN,,0,xhci_mtk_hcd_v2,1,1,0,1,0,0,1,1,1,1,0x5bc576dd,0x5bc576dd,MATCH
usb_hcd_unlink_urb_from_ep,0x2146f0f8,KERNEL_OR_BUILTIN,,0,xhci_mtk_hcd_v2,1,1,0,1,0,0,0,0,1,1,0x2146f0f8,0x2146f0f8,MATCH
usb_hcd_unmap_urb_for_dma,0x6ed65a4b,KERNEL_OR_BUILTIN,,0,xhci_mtk_hcd_v2,1,1,0,1,0,0,0,0,1,1,0x6ed65a4b,0x6ed65a4b,MATCH
usb_hub_clear_tt_buffer,0xa8cdee93,KERNEL_OR_BUILTIN,,0,xhci_mtk_hcd_v2,1,1,0,1,0,0,1,1,1,1,0xa8cdee93,0xa8cdee93,MATCH
usb_ifnum_to_if,0xc86c94d9,KERNEL_OR_BUILTIN,,0,cdc_acm;cdc_ether;cdc_ncm;usb_offload;xhci_mtk_hcd_v2,5,5,0,1,0,0,0,0,1,1,0xc86c94d9,0xc86c94d9,MATCH
usb_interface_id,0x2d78741b,KERNEL_OR_BUILTIN,,0,c2k_usb;mtk_usb_f_rndis,2,2,0,1,0,0,1,1,1,1,0x2d78741b,0x2d78741b,MATCH
usb_kill_urb,0xa3d91a1f,KERNEL_OR_BUILTIN,,0,cdc_acm;r8152;rtl8150;usbnet;usbserial,5,5,0,1,0,0,0,0,1,1,0xa3d91a1f,0xa3d91a1f,MATCH
usb_match_id,0x799344e6,KERNEL_OR_BUILTIN,,0,usbserial,1,1,0,1,0,0,0,0,1,1,0x799344e6,0x799344e6,MATCH
usb_match_one_id,0xe8d1aae9,KERNEL_OR_BUILTIN,,0,usbserial,1,1,0,1,0,0,0,0,1,1,0xe8d1aae9,0xe8d1aae9,MATCH
usb_os_desc_prepare_interf_dir,0xd79f9939,KERNEL_OR_BUILTIN,,0,mtk_usb_f_rndis,1,1,0,1,0,0,1,1,1,1,0xd79f9939,0xd79f9939,MATCH
usb_poison_urb,0xbbecda2e,KERNEL_OR_BUILTIN,,0,cdc_acm;usbserial,2,2,0,1,0,0,0,0,1,1,0xbbecda2e,0xbbecda2e,MATCH
usb_put_dev,0xe4ba0187,KERNEL_OR_BUILTIN,,0,usbserial,1,1,0,1,0,0,0,0,1,1,0xe4ba0187,0xe4ba0187,MATCH
usb_put_function,0xddc6e910,KERNEL_OR_BUILTIN,,0,usb_meta,1,1,0,1,0,0,1,1,1,1,0xddc6e910,0xddc6e910,MATCH
usb_put_function_instance,0xadb03e1c,KERNEL_OR_BUILTIN,,0,c2k_usb;mtk_usb_f_rndis;usb_meta,3,3,0,1,0,0,1,1,1,1,0xadb03e1c,0xadb03e1c,MATCH
usb_put_hcd,0x4174560b,KERNEL_OR_BUILTIN,,0,xhci_mtk_hcd_v2,1,1,0,1,0,0,1,1,1,1,0x4174560b,0x4174560b,MATCH
usb_put_intf,0xe0d43b8e,KERNEL_OR_BUILTIN,,0,cdc_acm;usbserial,2,2,0,1,0,0,0,0,1,1,0xe0d43b8e,0xe0d43b8e,MATCH
usb_queue_reset_device,0x23734d3f,KERNEL_OR_BUILTIN,,0,r8152,1,1,0,1,0,0,0,0,1,1,0x23734d3f,0x23734d3f,MATCH
usb_register_device_driver,0xb4a30ad8,KERNEL_OR_BUILTIN,,0,r8152,1,1,0,0,0,0,0,0,0,0,0xb4a30ad8,0xb4a30ad8,MATCH
usb_register_driver,0x99cfcf4a,KERNEL_OR_BUILTIN,,0,aqc111;asix;ax88179_178a;cdc_acm;cdc_eem;cdc_ether;cdc_ncm;r8152;r8153_ecm;rtl8150;usbserial,11,11,0,1,0,0,1,1,1,1,0x99cfcf4a,0x99cfcf4a,MATCH
usb_remove_function,0x3fe9f497,KERNEL_OR_BUILTIN,,0,usb_meta,1,1,0,1,0,0,1,1,1,1,0x3fe9f497,0x3fe9f497,MATCH
usb_remove_hcd,0x39effec3,KERNEL_OR_BUILTIN,,0,xhci_mtk_hcd_v2,1,1,0,1,0,0,1,1,1,1,0x39effec3,0x39effec3,MATCH
usb_reset_configuration,0x389cb481,KERNEL_OR_BUILTIN,,0,aqc111,1,1,0,1,0,0,0,0,1,1,0x389cb481,0x389cb481,MATCH
usb_reset_device,0x7fa4336f,KERNEL_OR_BUILTIN,,0,r8152,1,1,0,1,0,0,0,0,1,1,0x7fa4336f,0x7fa4336f,MATCH
usb_role_string,0x39aa4888,KERNEL_OR_BUILTIN,,0,mtu3,1,1,0,1,0,0,1,1,1,1,0x39aa4888,0x39aa4888,MATCH
usb_role_switch_get,0x8f4a6fa5,KERNEL_OR_BUILTIN,,0,extcon_mtk_usb,1,1,0,1,0,0,1,1,1,1,0x8f4a6fa5,0x8f4a6fa5,MATCH
usb_role_switch_get_drvdata,0x1690b503,KERNEL_OR_BUILTIN,,0,mtu3,1,1,0,1,0,0,1,1,1,1,0x1690b503,0x1690b503,MATCH
usb_role_switch_register,0x7724f469,KERNEL_OR_BUILTIN,,0,mtu3,1,1,0,1,0,0,1,1,1,1,0x7724f469,0x7724f469,MATCH
usb_role_switch_set_role,0xd5474690,KERNEL_OR_BUILTIN,,0,extcon_mtk_usb,1,1,0,1,0,0,1,1,1,1,0xd5474690,0xd5474690,MATCH
usb_role_switch_unregister,0x2882d40e,KERNEL_OR_BUILTIN,,0,mtu3,1,1,0,1,0,0,1,1,1,1,0x2882d40e,0x2882d40e,MATCH
usb_root_hub_lost_power,0x0db2b181,KERNEL_OR_BUILTIN,,0,xhci_mtk_hcd_v2,1,1,0,1,0,0,0,0,1,1,0x0db2b181,0x0db2b181,MATCH
usb_set_configuration,0x58ece092,KERNEL_OR_BUILTIN,,0,r8152,1,1,0,0,0,0,0,0,0,0,0x58ece092,0x58ece092,MATCH
usb_set_interface,0x77a03e36,KERNEL_OR_BUILTIN,,0,cdc_ncm;usbnet,2,2,0,1,0,0,0,0,1,1,0x77a03e36,0x77a03e36,MATCH
usb_show_dynids,0xc17e9946,KERNEL_OR_BUILTIN,,0,usbserial,1,1,0,1,0,0,0,0,1,1,0xc17e9946,0xc17e9946,MATCH
usb_speed_string,0x77ae495d,KERNEL_OR_BUILTIN,,0,mtu3,1,1,0,1,0,0,1,1,1,1,0x77ae495d,0x77ae495d,MATCH
usb_store_new_id,0xe1fe3992,KERNEL_OR_BUILTIN,,0,usbserial,1,1,0,1,0,0,0,0,1,1,0xe1fe3992,0xe1fe3992,MATCH
usb_string,0x15940f97,KERNEL_OR_BUILTIN,,0,usbnet,1,1,0,1,0,0,0,0,1,1,0x15940f97,0x15940f97,MATCH
usb_string_id,0x46f8e09f,KERNEL_OR_BUILTIN,,0,c2k_usb;usb_meta,2,2,0,1,0,0,1,1,1,1,0x46f8e09f,0x46f8e09f,MATCH
usb_submit_urb,0xd137f0b4,KERNEL_OR_BUILTIN,,0,cdc_acm;cdc_eem;r8152;rtl8150;usbnet;usbserial,6,6,0,1,0,0,0,0,1,1,0xd137f0b4,0xd137f0b4,MATCH
usb_unlink_urb,0x52ed5635,KERNEL_OR_BUILTIN,,0,rtl8150;usbnet,2,2,0,1,0,0,0,0,1,1,0x52ed5635,0x52ed5635,MATCH
usb_unpoison_urb,0x1fe59e6a,KERNEL_OR_BUILTIN,,0,cdc_acm;usbserial,2,2,0,1,0,0,0,0,1,1,0x1fe59e6a,0x1fe59e6a,MATCH
usb_wakeup_notification,0x3fb23962,KERNEL_OR_BUILTIN,,0,xhci_mtk_hcd_v2,1,1,0,1,0,0,1,1,1,1,0x3fb23962,0x3fb23962,MATCH
usleep_range_state,0xc3055d20,KERNEL_OR_BUILTIN,,0,8250_mtk;adsp;aee_hangdet;apusys;asix;audio_ipi;aw883xx_driver;bt_drv_6878;cdc_ncm;conninfra;custom_ldo_wl2868;drm_display_helper;dw9781c;focaltech_touch_spi_ft3680;gps_drv_dl_v051;gz_tz_system;hci_uart;main2_vcm;main3_vcm;main4_vcm;main_vcm;mediatek_cpufreq_hw;mediatek_drm;mt6315_regulator;mt6369_accdet;mt6375_adc;mt6375_auxadc;mt6375_battery;mt6375_charger;mt6685_audclk;mtk_cam_isp7sp;mtk_ccuv;mtk_dvfsrc;mtk_iommu;mtk_irtx_pwm;mtk_lpm_dbg_common_v2;mtk_mmc;mtk_mmdvfs_v3;mtk_mml;mtk_scp_audiocommon;mtk_scpsys;mtk_smi_dbg;mtk_spmi_pmic_adc;mtk_uart_apdma;mtk_vcodec_dec_v1;mtk_vcodec_enc_v1;mtk_vcu;mtu3;nvmem_mt635x_efuse;panel_ky_vtdr6115_dphy_cmd;pda_drv_mt6878;phy_mtk_xsphy;r8152;reset_ti_syscon;rt6160_regulator;sapu;sensorhub;snd_soc_mt6369;snd_soc_tfa98xx;soc_temp_lvts;st21nfc;sub_vcm;tcpc_class;tcpc_mt6375;tkcore_drv;uarthub_drv;ufs_mediatek_mod;vcp;wlan_drv_gen4m_6878;xhci_mtk_hcd_v2,70,70,0,1,0,0,1,1,1,1,0xc3055d20,0xc3055d20,MATCH
uuid_null,0x6dcf857f,KERNEL_OR_BUILTIN,,0,ffa_v10,1,1,0,1,0,0,1,1,1,1,0x6dcf857f,0x6dcf857f,MATCH
uuid_parse,0xb67fec0e,KERNEL_OR_BUILTIN,,0,ffa_v10,1,1,0,1,0,0,0,0,1,1,0xb67fec0e,0xb67fec0e,MATCH
v4l2_async_nf_cleanup,0xdad12cba,KERNEL_OR_BUILTIN,,0,mtk_cam_isp7sp;mtk_composite,2,2,0,1,0,0,0,0,1,1,0xdad12cba,0xdad12cba,MATCH
v4l2_async_nf_init,0xc88abf32,KERNEL_OR_BUILTIN,,0,camera_af_media;mtk_cam_isp7sp;mtk_composite,3,3,0,1,0,0,0,0,1,1,0xc88abf32,0xc88abf32,MATCH
v4l2_async_nf_parse_fwnode_endpoints,0xde590e4b,KERNEL_OR_BUILTIN,,0,camera_af_media;mtk_cam_isp7sp;mtk_composite,3,3,0,1,0,0,0,0,1,1,0xde590e4b,0xde590e4b,MATCH
v4l2_async_nf_register,0x8be566ca,KERNEL_OR_BUILTIN,,0,camera_af_media;mtk_cam_isp7sp;mtk_composite,3,3,0,1,0,0,0,0,1,1,0x8be566ca,0x8be566ca,MATCH
v4l2_async_nf_unregister,0xc74894f9,KERNEL_OR_BUILTIN,,0,camera_af_media;mtk_cam_isp7sp;mtk_composite,3,3,0,1,0,0,0,0,1,1,0xc74894f9,0xc74894f9,MATCH
v4l2_async_register_subdev,0x64ab86bc,KERNEL_OR_BUILTIN,,0,aw36515;aw36518;aw36518_v2;dw9781c;imgsensor;main2_vcm;main3_vcm;main4_vcm;main_vcm;sub_vcm,10,10,0,1,0,0,0,0,1,1,0x64ab86bc,0x64ab86bc,MATCH
v4l2_async_unregister_subdev,0x2592ea78,KERNEL_OR_BUILTIN,,0,dw9781c;imgsensor;main2_vcm;main3_vcm;main4_vcm;main_vcm;sub_vcm,7,7,0,1,0,0,0,0,1,1,0x2592ea78,0x2592ea78,MATCH
v4l2_ctrl_find,0x67d88e33,KERNEL_OR_BUILTIN,,0,mtk_cam_isp7sp,1,1,0,1,0,0,1,1,1,1,0x67d88e33,0x67d88e33,MATCH
v4l2_ctrl_g_ctrl,0xc61a51b2,KERNEL_OR_BUILTIN,,0,mtk_cam_isp7sp,1,1,0,1,0,0,1,1,1,1,0xc61a51b2,0xc61a51b2,MATCH
v4l2_ctrl_g_ctrl_int64,0x1ed85ebb,KERNEL_OR_BUILTIN,,0,mtk_cam_isp7sp,1,1,0,1,0,0,1,1,1,1,0x1ed85ebb,0x1ed85ebb,MATCH
v4l2_ctrl_handler_free,0x2cac929d,KERNEL_OR_BUILTIN,,0,aw36515;aw36518;aw36518_v2;dw9781c;imgsensor;main2_vcm;main3_vcm;main4_vcm;main_vcm;mtk_cam_isp7sp;mtk_imgsys_v4l2;mtk_jpeg;mtk_vcodec_dec_v1;mtk_vcodec_enc_v1;sub_vcm,15,15,0,1,0,0,1,1,1,1,0x2cac929d,0x2cac929d,MATCH
v4l2_ctrl_handler_init_class,0x699e1454,KERNEL_OR_BUILTIN,,0,aw36515;aw36518;aw36518_v2;dw9781c;imgsensor;main2_vcm;main3_vcm;main4_vcm;main_vcm;mtk_cam_isp7sp;mtk_imgsys_v4l2;mtk_jpeg;mtk_vcodec_dec_v1;mtk_vcodec_enc_v1;sub_vcm,15,15,0,1,0,0,1,1,1,1,0x699e1454,0x699e1454,MATCH
v4l2_ctrl_handler_setup,0xe7627b8d,KERNEL_OR_BUILTIN,,0,mtk_jpeg;mtk_vcodec_dec_v1;mtk_vcodec_enc_v1,3,3,0,1,0,0,1,1,1,1,0xe7627b8d,0xe7627b8d,MATCH
v4l2_ctrl_new_custom,0x16b78ed7,KERNEL_OR_BUILTIN,,0,imgsensor;mtk_cam_isp7sp;mtk_vcodec_dec_v1;mtk_vcodec_enc_v1,4,4,0,1,0,0,1,1,1,1,0x16b78ed7,0x16b78ed7,MATCH
v4l2_ctrl_new_std,0x8e267b3b,KERNEL_OR_BUILTIN,,0,aw36515;aw36518;aw36518_v2;imgsensor;main2_vcm;main3_vcm;main4_vcm;main_vcm;mtk_imgsys_v4l2;mtk_jpeg;mtk_vcodec_dec_v1;mtk_vcodec_enc_v1;sub_vcm,13,13,0,1,0,0,1,1,1,1,0x8e267b3b,0x8e267b3b,MATCH
v4l2_ctrl_new_std_menu,0x63b9ef43,KERNEL_OR_BUILTIN,,0,aw36515;aw36518;aw36518_v2;mtk_vcodec_enc_v1,4,4,0,1,0,0,1,1,1,1,0x63b9ef43,0x63b9ef43,MATCH
v4l2_ctrl_new_std_menu_items,0x446596ec,KERNEL_OR_BUILTIN,,0,imgsensor;mtk_cam_isp7sp,2,2,0,1,0,0,1,1,1,1,0x446596ec,0x446596ec,MATCH
v4l2_ctrl_request_complete,0xe15aaabf,KERNEL_OR_BUILTIN,,0,mtk_aie;mtk_cam_isp7sp;mtk_imgsys_v4l2,3,3,0,1,0,0,1,1,1,1,0xe15aaabf,0xe15aaabf,MATCH
v4l2_ctrl_request_setup,0x8415ca25,KERNEL_OR_BUILTIN,,0,mtk_cam_isp7sp,1,1,0,1,0,0,1,1,1,1,0x8415ca25,0x8415ca25,MATCH
v4l2_ctrl_subdev_subscribe_event,0x4aa4c9ea,KERNEL_OR_BUILTIN,,0,mtk_cam_isp7sp,1,1,0,1,0,0,1,1,1,1,0x4aa4c9ea,0x4aa4c9ea,MATCH
v4l2_ctrl_subscribe_event,0x08390c25,KERNEL_OR_BUILTIN,,0,mtk_aie;mtk_cam_isp7sp;mtk_imgsys_v4l2;mtk_jpeg;mtk_vcodec_dec_v1;mtk_vcodec_enc_v1,6,6,0,1,0,0,1,1,1,1,0x08390c25,0x08390c25,MATCH
v4l2_device_register,0x01e9e124,KERNEL_OR_BUILTIN,,0,camera_af_media;camera_dpe_isp7sp;mtk_aie;mtk_cam_isp7sp;mtk_composite;mtk_imgsys_v4l2;mtk_jpeg;mtk_vcodec_dec_v1;mtk_vcodec_enc_v1,9,9,0,1,0,0,1,1,1,1,0x01e9e124,0x01e9e124,MATCH
v4l2_device_register_subdev,0xfad94f9a,KERNEL_OR_BUILTIN,,0,mtk_cam_isp7sp;mtk_imgsys_v4l2,2,2,0,1,0,0,1,1,1,1,0xfad94f9a,0xfad94f9a,MATCH
v4l2_device_unregister,0xeae16906,KERNEL_OR_BUILTIN,,0,camera_af_media;camera_dpe_isp7sp;mtk_aie;mtk_cam_isp7sp;mtk_composite;mtk_imgsys_v4l2;mtk_jpeg;mtk_vcodec_dec_v1;mtk_vcodec_enc_v1,9,9,0,1,0,0,1,1,1,1,0xeae16906,0xeae16906,MATCH
v4l2_device_unregister_subdev,0x833bc630,KERNEL_OR_BUILTIN,,0,aw36515;aw36518;aw36518_v2;mtk_cam_isp7sp;mtk_imgsys_v4l2,5,5,0,1,0,0,1,1,1,1,0x833bc630,0x833bc630,MATCH
v4l2_event_queue,0x776d3a82,KERNEL_OR_BUILTIN,,0,mtk_cam_isp7sp;mtk_imgsys_v4l2,2,2,0,1,0,0,1,1,1,1,0x776d3a82,0x776d3a82,MATCH
v4l2_event_queue_fh,0x367b05b1,KERNEL_OR_BUILTIN,,0,mtk_jpeg;mtk_vcodec_dec_v1;mtk_vcodec_enc_v1,3,3,0,1,0,0,1,1,1,1,0x367b05b1,0x367b05b1,MATCH
v4l2_event_subdev_unsubscribe,0xb88cea22,KERNEL_OR_BUILTIN,,0,mtk_cam_isp7sp;mtk_imgsys_v4l2,2,2,0,1,0,0,1,1,1,1,0xb88cea22,0xb88cea22,MATCH
v4l2_event_subscribe,0xc0908856,KERNEL_OR_BUILTIN,,0,mtk_cam_isp7sp;mtk_imgsys_v4l2;mtk_vcodec_dec_v1;mtk_vcodec_enc_v1,4,4,0,1,0,0,1,1,1,1,0xc0908856,0xc0908856,MATCH
v4l2_event_unsubscribe,0x928a9ca7,KERNEL_OR_BUILTIN,,0,mtk_aie;mtk_cam_isp7sp;mtk_imgsys_v4l2;mtk_jpeg;mtk_vcodec_dec_v1;mtk_vcodec_enc_v1,6,6,0,1,0,0,1,1,1,1,0x928a9ca7,0x928a9ca7,MATCH
v4l2_fh_add,0x47054090,KERNEL_OR_BUILTIN,,0,mtk_aie;mtk_jpeg;mtk_vcodec_dec_v1;mtk_vcodec_enc_v1,4,4,0,1,0,0,1,1,1,1,0x47054090,0x47054090,MATCH
v4l2_fh_del,0x992b6dbe,KERNEL_OR_BUILTIN,,0,mtk_aie;mtk_jpeg;mtk_vcodec_dec_v1;mtk_vcodec_enc_v1,4,4,0,1,0,0,1,1,1,1,0x992b6dbe,0x992b6dbe,MATCH
v4l2_fh_exit,0xabc41d67,KERNEL_OR_BUILTIN,,0,mtk_aie;mtk_jpeg;mtk_vcodec_dec_v1;mtk_vcodec_enc_v1,4,4,0,1,0,0,1,1,1,1,0xabc41d67,0xabc41d67,MATCH
v4l2_fh_init,0x9acb357d,KERNEL_OR_BUILTIN,,0,mtk_aie;mtk_jpeg;mtk_vcodec_dec_v1;mtk_vcodec_enc_v1,4,4,0,1,0,0,1,1,1,1,0x9acb357d,0x9acb357d,MATCH
v4l2_fh_is_singular,0x6a2d2791,KERNEL_OR_BUILTIN,,0,mtk_vcodec_dec_v1;mtk_vcodec_enc_v1,2,2,0,1,0,0,1,1,1,1,0x6a2d2791,0x6a2d2791,MATCH
v4l2_fh_open,0xafe782ce,KERNEL_OR_BUILTIN,,0,mtk_cam_isp7sp;mtk_imgsys_v4l2,2,2,0,1,0,0,1,1,1,1,0xafe782ce,0xafe782ce,MATCH
v4l2_format_info,0x28b12cc9,KERNEL_OR_BUILTIN,,0,mtk_cam_isp7sp,1,1,0,1,0,0,1,1,1,1,0x28b12cc9,0x28b12cc9,MATCH
v4l2_fwnode_endpoint_parse,0x9dcd6cfe,KERNEL_OR_BUILTIN,,0,imgsensor,1,1,0,1,0,0,0,0,1,1,0x9dcd6cfe,0x9dcd6cfe,MATCH
v4l2_i2c_subdev_init,0xd566efee,KERNEL_OR_BUILTIN,,0,dw9781c;imgsensor;main2_vcm;main3_vcm;main4_vcm;main_vcm;sub_vcm,7,7,0,1,0,0,1,1,1,1,0xd566efee,0xd566efee,MATCH
v4l2_m2m_buf_copy_metadata,0xf39f6d21,KERNEL_OR_BUILTIN,,0,mtk_aie,1,1,0,1,0,0,1,1,1,1,0xf39f6d21,0xf39f6d21,MATCH
v4l2_m2m_buf_queue,0xb1ca6c94,KERNEL_OR_BUILTIN,,0,mtk_aie;mtk_jpeg;mtk_vcodec_common,3,3,0,1,0,0,1,1,1,1,0xb1ca6c94,0xb1ca6c94,MATCH
v4l2_m2m_buf_remove,0xc34c3fbf,KERNEL_OR_BUILTIN,,0,mtk_aie;mtk_jpeg;mtk_vcodec_common;mtk_vcodec_dec_v1;mtk_vcodec_enc_v1,5,5,0,1,0,0,1,1,1,1,0xc34c3fbf,0xc34c3fbf,MATCH
v4l2_m2m_ctx_init,0x80c11d51,KERNEL_OR_BUILTIN,,0,mtk_aie;mtk_jpeg;mtk_vcodec_dec_v1;mtk_vcodec_enc_v1,4,4,0,1,0,0,1,1,1,1,0x80c11d51,0x80c11d51,MATCH
v4l2_m2m_ctx_release,0x18303dbd,KERNEL_OR_BUILTIN,,0,mtk_aie;mtk_jpeg;mtk_vcodec_dec_v1;mtk_vcodec_enc_v1,4,4,0,1,0,0,1,1,1,1,0x18303dbd,0x18303dbd,MATCH
v4l2_m2m_dqbuf,0x6c9393f1,KERNEL_OR_BUILTIN,,0,mtk_vcodec_dec_v1;mtk_vcodec_enc_v1,2,2,0,1,0,0,1,1,1,1,0x6c9393f1,0x6c9393f1,MATCH
v4l2_m2m_fop_mmap,0xd7abccb7,KERNEL_OR_BUILTIN,,0,mtk_aie;mtk_jpeg;mtk_vcodec_dec_v1;mtk_vcodec_enc_v1,4,4,0,1,0,0,1,1,1,1,0xd7abccb7,0xd7abccb7,MATCH
v4l2_m2m_fop_poll,0x580f3b6e,KERNEL_OR_BUILTIN,,0,mtk_aie;mtk_jpeg;mtk_vcodec_dec_v1;mtk_vcodec_enc_v1,4,4,0,1,0,0,1,1,1,1,0x580f3b6e,0x580f3b6e,MATCH
v4l2_m2m_get_curr_priv,0x459e133f,KERNEL_OR_BUILTIN,,0,mtk_aie;mtk_jpeg,2,2,0,1,0,0,1,1,1,1,0x459e133f,0x459e133f,MATCH
v4l2_m2m_get_vq,0x3c0b508f,KERNEL_OR_BUILTIN,,0,mtk_aie;mtk_jpeg;mtk_vcodec_dec_v1;mtk_vcodec_enc_v1,4,4,0,1,0,0,1,1,1,1,0x3c0b508f,0x3c0b508f,MATCH
v4l2_m2m_init,0x730f2eae,KERNEL_OR_BUILTIN,,0,mtk_aie;mtk_jpeg;mtk_vcodec_dec_v1;mtk_vcodec_enc_v1,4,4,0,1,0,0,1,1,1,1,0x730f2eae,0x730f2eae,MATCH
v4l2_m2m_ioctl_create_bufs,0x1358fe47,KERNEL_OR_BUILTIN,,0,mtk_aie;mtk_jpeg;mtk_vcodec_dec_v1;mtk_vcodec_enc_v1,4,4,0,1,0,0,1,1,1,1,0x1358fe47,0x1358fe47,MATCH
v4l2_m2m_ioctl_dqbuf,0x5d2f2f4b,KERNEL_OR_BUILTIN,,0,mtk_aie;mtk_jpeg,2,2,0,1,0,0,1,1,1,1,0x5d2f2f4b,0x5d2f2f4b,MATCH
v4l2_m2m_ioctl_expbuf,0x4eb76570,KERNEL_OR_BUILTIN,,0,mtk_aie;mtk_jpeg;mtk_vcodec_dec_v1;mtk_vcodec_enc_v1,4,4,0,1,0,0,1,1,1,1,0x4eb76570,0x4eb76570,MATCH
v4l2_m2m_ioctl_prepare_buf,0x810497e7,KERNEL_OR_BUILTIN,,0,mtk_aie;mtk_jpeg;mtk_vcodec_enc_v1,3,3,0,1,0,0,1,1,1,1,0x810497e7,0x810497e7,MATCH
v4l2_m2m_ioctl_qbuf,0x33b403ac,KERNEL_OR_BUILTIN,,0,mtk_aie;mtk_jpeg,2,2,0,1,0,0,1,1,1,1,0x33b403ac,0x33b403ac,MATCH
v4l2_m2m_ioctl_querybuf,0x0b98ac20,KERNEL_OR_BUILTIN,,0,mtk_aie;mtk_jpeg;mtk_vcodec_dec_v1;mtk_vcodec_enc_v1,4,4,0,1,0,0,1,1,1,1,0x0b98ac20,0x0b98ac20,MATCH
v4l2_m2m_ioctl_reqbufs,0xf68c89b7,KERNEL_OR_BUILTIN,,0,mtk_aie;mtk_jpeg;mtk_vcodec_enc_v1,3,3,0,1,0,0,1,1,1,1,0xf68c89b7,0xf68c89b7,MATCH
v4l2_m2m_ioctl_streamoff,0x0879d3aa,KERNEL_OR_BUILTIN,,0,mtk_aie;mtk_jpeg;mtk_vcodec_dec_v1;mtk_vcodec_enc_v1,4,4,0,1,0,0,1,1,1,1,0x0879d3aa,0x0879d3aa,MATCH
v4l2_m2m_ioctl_streamon,0xca0644c6,KERNEL_OR_BUILTIN,,0,mtk_aie;mtk_jpeg;mtk_vcodec_dec_v1;mtk_vcodec_enc_v1,4,4,0,1,0,0,1,1,1,1,0xca0644c6,0xca0644c6,MATCH
v4l2_m2m_job_finish,0xd4bc2c54,KERNEL_OR_BUILTIN,,0,mtk_aie;mtk_jpeg;mtk_vcodec_dec_v1;mtk_vcodec_enc_v1,4,4,0,1,0,0,1,1,1,1,0xd4bc2c54,0xd4bc2c54,MATCH
v4l2_m2m_next_buf,0x81687266,KERNEL_OR_BUILTIN,,0,mtk_aie;mtk_jpeg;mtk_vcodec_common;mtk_vcodec_dec_v1;mtk_vcodec_enc_v1,5,5,0,1,0,0,1,1,1,1,0x81687266,0x81687266,MATCH
v4l2_m2m_qbuf,0x3b8e59d9,KERNEL_OR_BUILTIN,,0,mtk_jpeg;mtk_vcodec_dec_v1;mtk_vcodec_enc_v1,3,3,0,1,0,0,1,1,1,1,0x3b8e59d9,0x3b8e59d9,MATCH
v4l2_m2m_register_media_controller,0x18ff3315,KERNEL_OR_BUILTIN,,0,mtk_aie,1,1,0,1,0,0,1,1,1,1,0x18ff3315,0x18ff3315,MATCH
v4l2_m2m_release,0xc6fca5ad,KERNEL_OR_BUILTIN,,0,mtk_aie;mtk_jpeg;mtk_vcodec_dec_v1;mtk_vcodec_enc_v1,4,4,0,1,0,0,1,1,1,1,0xc6fca5ad,0xc6fca5ad,MATCH
v4l2_m2m_reqbufs,0x326723a4,KERNEL_OR_BUILTIN,,0,mtk_vcodec_dec_v1,1,1,0,0,0,0,0,0,0,0,0x326723a4,0x326723a4,MATCH
v4l2_m2m_request_queue,0xf0c0176c,KERNEL_OR_BUILTIN,,0,mtk_aie,1,1,0,1,0,0,1,1,1,1,0xf0c0176c,0xf0c0176c,MATCH
v4l2_m2m_streamoff,0xec027c7b,KERNEL_OR_BUILTIN,,0,mtk_vcodec_dec_v1;mtk_vcodec_enc_v1,2,2,0,1,0,0,1,1,1,1,0xec027c7b,0xec027c7b,MATCH
v4l2_m2m_try_schedule,0xe6f6dff7,KERNEL_OR_BUILTIN,,0,mtk_vcodec_dec_v1;mtk_vcodec_enc_v1,2,2,0,1,0,0,1,1,1,1,0xe6f6dff7,0xe6f6dff7,MATCH
v4l2_m2m_unregister_media_controller,0xf13ff84d,KERNEL_OR_BUILTIN,,0,mtk_aie,1,1,0,1,0,0,1,1,1,1,0xf13ff84d,0xf13ff84d,MATCH
v4l2_pipeline_link_notify,0xa46f633d,KERNEL_OR_BUILTIN,,0,mtk_cam_isp7sp,1,1,0,1,0,0,1,1,1,1,0xa46f633d,0xa46f633d,MATCH
v4l2_src_change_event_subscribe,0xa4ba5148,KERNEL_OR_BUILTIN,,0,mtk_jpeg;mtk_vcodec_dec_v1,2,2,0,1,0,0,1,1,1,1,0xa4ba5148,0xa4ba5148,MATCH
v4l2_subdev_call_wrappers,0xb643b519,KERNEL_OR_BUILTIN,,0,mtk_cam_isp7sp;mtk_imgsys_v4l2,2,2,0,1,0,0,1,1,1,1,0xb643b519,0xb643b519,MATCH
v4l2_subdev_init,0x44e14219,KERNEL_OR_BUILTIN,,0,aw36515;aw36518;aw36518_v2;mtk_cam_isp7sp;mtk_imgsys_v4l2,5,5,0,1,0,0,1,1,1,1,0x44e14219,0x44e14219,MATCH
v4l2_subdev_link_validate,0xdb383d6e,KERNEL_OR_BUILTIN,,0,mtk_cam_isp7sp;mtk_imgsys_v4l2,2,2,0,1,0,0,1,1,1,1,0xdb383d6e,0xdb383d6e,MATCH
v4l2_subdev_link_validate_default,0x9c2074dd,KERNEL_OR_BUILTIN,,0,mtk_imgsys_v4l2,1,1,0,1,0,0,1,1,1,1,0x9c2074dd,0x9c2074dd,MATCH
v4l_bound_align_image,0xf5ef842e,KERNEL_OR_BUILTIN,,0,mtk_vcodec_dec_v1;mtk_vcodec_enc_v1,2,2,0,1,0,0,1,1,1,1,0xf5ef842e,0xf5ef842e,MATCH
vb2_buffer_done,0xd1f609eb,KERNEL_OR_BUILTIN,,0,mtk_aie;mtk_cam_isp7sp;mtk_imgsys_v4l2;mtk_jpeg;mtk_vcodec_dec_v1;mtk_vcodec_enc_v1,6,6,0,1,0,0,1,1,1,1,0xd1f609eb,0xd1f609eb,MATCH
vb2_common_vm_ops,0x374b58eb,KERNEL_OR_BUILTIN,,0,mtk_aie,1,1,0,1,0,0,1,1,1,1,0x374b58eb,0x374b58eb,MATCH
vb2_create_framevec,0xa21fa765,KERNEL_OR_BUILTIN,,0,mtk_aie,1,1,0,1,0,0,1,1,1,1,0xa21fa765,0xa21fa765,MATCH
vb2_destroy_framevec,0xccd197c7,KERNEL_OR_BUILTIN,,0,mtk_aie,1,1,0,1,0,0,1,1,1,1,0xccd197c7,0xccd197c7,MATCH
vb2_dma_contig_memops,0xd8b7f4d8,KERNEL_OR_BUILTIN,,0,mtk_aie;mtk_jpeg;mtk_vcodec_dec_v1;mtk_vcodec_enc_v1;mtk_vcu,5,5,0,1,0,0,1,1,1,1,0xd8b7f4d8,0xd8b7f4d8,MATCH
vb2_fop_mmap,0x4e3e534b,KERNEL_OR_BUILTIN,,0,mtk_cam_isp7sp;mtk_imgsys_v4l2,2,2,0,1,0,0,1,1,1,1,0x4e3e534b,0x4e3e534b,MATCH
vb2_fop_poll,0x3eb09d10,KERNEL_OR_BUILTIN,,0,mtk_cam_isp7sp;mtk_imgsys_v4l2,2,2,0,1,0,0,1,1,1,1,0x3eb09d10,0x3eb09d10,MATCH
vb2_fop_release,0xb5c9e85f,KERNEL_OR_BUILTIN,,0,mtk_cam_isp7sp;mtk_imgsys_v4l2,2,2,0,1,0,0,1,1,1,1,0xb5c9e85f,0xb5c9e85f,MATCH
vb2_ioctl_create_bufs,0xfc78d061,KERNEL_OR_BUILTIN,,0,mtk_cam_isp7sp;mtk_imgsys_v4l2,2,2,0,1,0,0,1,1,1,1,0xfc78d061,0xfc78d061,MATCH
vb2_ioctl_dqbuf,0x72a132c4,KERNEL_OR_BUILTIN,,0,mtk_cam_isp7sp;mtk_imgsys_v4l2,2,2,0,1,0,0,1,1,1,1,0x72a132c4,0x72a132c4,MATCH
vb2_ioctl_expbuf,0x10fa8b33,KERNEL_OR_BUILTIN,,0,mtk_cam_isp7sp;mtk_imgsys_v4l2,2,2,0,1,0,0,1,1,1,1,0x10fa8b33,0x10fa8b33,MATCH
vb2_ioctl_prepare_buf,0xc805a20c,KERNEL_OR_BUILTIN,,0,mtk_cam_isp7sp;mtk_imgsys_v4l2,2,2,0,1,0,0,1,1,1,1,0xc805a20c,0xc805a20c,MATCH
vb2_ioctl_qbuf,0xd2d50b90,KERNEL_OR_BUILTIN,,0,mtk_imgsys_v4l2,1,1,0,1,0,0,1,1,1,1,0xd2d50b90,0xd2d50b90,MATCH
vb2_ioctl_querybuf,0x149d3289,KERNEL_OR_BUILTIN,,0,mtk_cam_isp7sp;mtk_imgsys_v4l2,2,2,0,1,0,0,1,1,1,1,0x149d3289,0x149d3289,MATCH
vb2_ioctl_reqbufs,0xff7cce3f,KERNEL_OR_BUILTIN,,0,mtk_cam_isp7sp;mtk_imgsys_v4l2,2,2,0,1,0,0,1,1,1,1,0xff7cce3f,0xff7cce3f,MATCH
vb2_ioctl_streamoff,0xe10e3b37,KERNEL_OR_BUILTIN,,0,mtk_cam_isp7sp;mtk_imgsys_v4l2,2,2,0,1,0,0,1,1,1,1,0xe10e3b37,0xe10e3b37,MATCH
vb2_ioctl_streamon,0xde4becc0,KERNEL_OR_BUILTIN,,0,mtk_cam_isp7sp;mtk_imgsys_v4l2,2,2,0,1,0,0,1,1,1,1,0xde4becc0,0xde4becc0,MATCH
vb2_ops_wait_finish,0x45856120,KERNEL_OR_BUILTIN,,0,mtk_aie;mtk_cam_isp7sp;mtk_imgsys_v4l2;mtk_jpeg;mtk_vcodec_dec_v1;mtk_vcodec_enc_v1,6,6,0,1,0,0,1,1,1,1,0x45856120,0x45856120,MATCH
vb2_ops_wait_prepare,0x0ab9fd3b,KERNEL_OR_BUILTIN,,0,mtk_aie;mtk_cam_isp7sp;mtk_imgsys_v4l2;mtk_jpeg;mtk_vcodec_dec_v1;mtk_vcodec_enc_v1,6,6,0,1,0,0,1,1,1,1,0x0ab9fd3b,0x0ab9fd3b,MATCH
vb2_plane_cookie,0x5eda4e76,KERNEL_OR_BUILTIN,,0,mtk_aie;mtk_cam_isp7sp;mtk_imgsys_v4l2;mtk_jpeg;mtk_vcodec_common;mtk_vcodec_dec_v1;mtk_vcodec_enc_v1,7,7,0,1,0,0,1,1,1,1,0x5eda4e76,0x5eda4e76,MATCH
vb2_plane_vaddr,0x428d647d,KERNEL_OR_BUILTIN,,0,mtk_aie;mtk_cam_isp7sp;mtk_imgsys_v4l2;mtk_jpeg;mtk_vcodec_common;mtk_vcodec_dec_v1;mtk_vcodec_enc_v1,7,7,0,1,0,0,1,1,1,1,0x428d647d,0x428d647d,MATCH
vb2_qbuf,0x3c69bc9f,KERNEL_OR_BUILTIN,,0,mtk_cam_isp7sp,1,1,0,1,0,0,0,0,1,1,0x3c69bc9f,0x3c69bc9f,MATCH
vb2_queue_init,0x777cb86f,KERNEL_OR_BUILTIN,,0,mtk_aie;mtk_cam_isp7sp;mtk_imgsys_v4l2;mtk_jpeg;mtk_vcodec_dec_v1;mtk_vcodec_enc_v1,6,6,0,1,0,0,1,1,1,1,0x777cb86f,0x777cb86f,MATCH
vb2_queue_release,0xcaef93e1,KERNEL_OR_BUILTIN,,0,mtk_cam_isp7sp;mtk_imgsys_v4l2;mtk_vcodec_dec_v1,3,3,0,1,0,0,1,1,1,1,0xcaef93e1,0xcaef93e1,MATCH
vb2_request_object_is_buffer,0x0cfcffa4,KERNEL_OR_BUILTIN,,0,mtk_cam_isp7sp;mtk_imgsys_v4l2,2,2,0,1,0,0,1,1,1,1,0x0cfcffa4,0x0cfcffa4,MATCH
vb2_request_queue,0xb42af0f8,KERNEL_OR_BUILTIN,,0,mtk_cam_isp7sp;mtk_imgsys_v4l2,2,2,0,1,0,0,1,1,1,1,0xb42af0f8,0xb42af0f8,MATCH
vb2_request_validate,0xefc81974,KERNEL_OR_BUILTIN,,0,mtk_aie;mtk_cam_isp7sp;mtk_imgsys_v4l2,3,3,0,1,0,0,1,1,1,1,0xefc81974,0xefc81974,MATCH
vchan_dma_desc_free_list,0x524bef23,KERNEL_OR_BUILTIN,,0,mtk_uart_apdma,1,1,0,1,0,0,1,1,1,1,0x524bef23,0x524bef23,MATCH
vchan_init,0x247c9c8e,KERNEL_OR_BUILTIN,,0,mtk_uart_apdma,1,1,0,1,0,0,1,1,1,1,0x247c9c8e,0x247c9c8e,MATCH
vchan_tx_desc_free,0xea5d1fb7,KERNEL_OR_BUILTIN,,0,mtk_uart_apdma,1,1,0,1,0,0,1,1,1,1,0xea5d1fb7,0xea5d1fb7,MATCH
vchan_tx_submit,0xa758289a,KERNEL_OR_BUILTIN,,0,mtk_uart_apdma,1,1,0,1,0,0,1,1,1,1,0xa758289a,0xa758289a,MATCH
verify_pkcs7_signature,0xda0ee32f,KERNEL_OR_BUILTIN,,0,cfg80211,1,1,0,1,0,0,0,0,1,1,0xda0ee32f,0xda0ee32f,MATCH
vfree,0x999e8297,KERNEL_OR_BUILTIN,,0,adsp;aee_aed;apusys;audio_ipi;aw883xx_driver;blocktag;bsd_comp;bt_drv_6878;btqca;camera_dpe_isp7sp;ccci_dpmaif;ccci_md_all;ccci_util_lib;clkbuf;conninfra;connscp;fmradio_drv_connac2x;focaltech_touch_spi_ft3680;ged;hci_uart;imgsensor;mali_kbase_mt6878_r44;mddp;mdp_drv_mt6878;mediatek_drm;mmprofile;mtk_aie;mtk_c2ps;mtk_cam_isp7sp;mtk_dramc;mtk_fpsgo;mtk_imgsys_cmdq;mtk_imgsys_v4l2;mtk_mbraink;mtk_mml;mtk_vcodec_dec_v1;mtk_vcodec_enc_v1;mtk_vow;ppp_deflate;pptp;rpmb_mtk;scp;sec;snd_soc_audiodsp_common;spi_tiny_co5300_lcd;system_heap;ufs_mediatek_dbg;vcp;wlan_drv_gen4m_6878;zram,50,50,0,1,0,0,1,1,1,1,0x999e8297,0x999e8297,MATCH
vfs_llseek,0xc65bfeb8,KERNEL_OR_BUILTIN,,0,hbt,1,1,0,1,0,0,0,0,1,1,0xc65bfeb8,0xc65bfeb8,MATCH
video_devdata,0x3a1e1bcc,KERNEL_OR_BUILTIN,,0,camera_dpe_isp7sp;mtk_aie;mtk_cam_isp7sp;mtk_imgsys_v4l2;mtk_jpeg;mtk_vcodec_dec_v1;mtk_vcodec_enc_v1,7,7,0,1,0,0,1,1,1,1,0x3a1e1bcc,0x3a1e1bcc,MATCH
video_device_alloc,0x6ee6f973,KERNEL_OR_BUILTIN,,0,camera_af_media;mtk_composite;mtk_jpeg;mtk_vcodec_dec_v1;mtk_vcodec_enc_v1,5,5,0,1,0,0,1,1,1,1,0x6ee6f973,0x6ee6f973,MATCH
video_device_release,0xbd706b3b,KERNEL_OR_BUILTIN,,0,mtk_aie;mtk_jpeg;mtk_vcodec_dec_v1;mtk_vcodec_enc_v1,4,4,0,1,0,0,1,1,1,1,0xbd706b3b,0xbd706b3b,MATCH
video_device_release_empty,0x4e71abaf,KERNEL_OR_BUILTIN,,0,camera_dpe_isp7sp;mtk_cam_isp7sp;mtk_imgsys_v4l2,3,3,0,1,0,0,1,1,1,1,0x4e71abaf,0x4e71abaf,MATCH
video_ioctl2,0x1e17a753,KERNEL_OR_BUILTIN,,0,camera_dpe_isp7sp;mtk_aie;mtk_cam_isp7sp;mtk_imgsys_v4l2;mtk_jpeg;mtk_vcodec_dec_v1;mtk_vcodec_enc_v1,7,7,0,1,0,0,1,1,1,1,0x1e17a753,0x1e17a753,MATCH
video_unregister_device,0xee861199,KERNEL_OR_BUILTIN,,0,camera_dpe_isp7sp;mtk_aie;mtk_cam_isp7sp;mtk_imgsys_v4l2;mtk_jpeg;mtk_vcodec_dec_v1;mtk_vcodec_enc_v1,7,7,0,1,0,0,1,1,1,1,0xee861199,0xee861199,MATCH
virtqueue_add_inbuf,0x3f947993,KERNEL_OR_BUILTIN,,0,gz_ipc_mod,1,1,0,1,0,0,1,1,1,1,0x3f947993,0x3f947993,MATCH
virtqueue_add_outbuf,0x892cf77c,KERNEL_OR_BUILTIN,,0,gz_ipc_mod,1,1,0,1,0,0,1,1,1,1,0x892cf77c,0x892cf77c,MATCH
virtqueue_detach_unused_buf,0x1b52ac7b,KERNEL_OR_BUILTIN,,0,gz_ipc_mod,1,1,0,1,0,0,1,1,1,1,0x1b52ac7b,0x1b52ac7b,MATCH
virtqueue_get_buf,0xf0c121d6,KERNEL_OR_BUILTIN,,0,gz_ipc_mod,1,1,0,1,0,0,1,1,1,1,0xf0c121d6,0xf0c121d6,MATCH
virtqueue_get_vring_size,0xd312bed7,KERNEL_OR_BUILTIN,,0,gz_ipc_mod,1,1,0,1,0,0,1,1,1,1,0xd312bed7,0xd312bed7,MATCH
virtqueue_kick_prepare,0x69ca6e1b,KERNEL_OR_BUILTIN,,0,gz_ipc_mod,1,1,0,1,0,0,1,1,1,1,0x69ca6e1b,0x69ca6e1b,MATCH
virtqueue_notify,0xaf7d45c1,KERNEL_OR_BUILTIN,,0,gz_ipc_mod,1,1,0,1,0,0,1,1,1,1,0xaf7d45c1,0xaf7d45c1,MATCH
vlan_dev_vlan_id,0x00a8dcc6,KERNEL_OR_BUILTIN,,0,8021q,1,1,0,1,0,0,0,0,1,1,0x00a8dcc6,0x00a8dcc6,MATCH
vlan_filter_drop_vids,0x79c47dfd,KERNEL_OR_BUILTIN,,0,8021q,1,1,0,1,0,0,0,0,1,1,0x79c47dfd,0x79c47dfd,MATCH
vlan_filter_push_vids,0xd9d5c58f,KERNEL_OR_BUILTIN,,0,8021q,1,1,0,1,0,0,0,0,1,1,0xd9d5c58f,0xd9d5c58f,MATCH
vlan_ioctl_set,0x2532dd75,KERNEL_OR_BUILTIN,,0,8021q,1,1,0,1,0,0,0,0,1,1,0x2532dd75,0x2532dd75,MATCH
vlan_uses_dev,0xbe5060e0,KERNEL_OR_BUILTIN,,0,8021q,1,1,0,1,0,0,0,0,1,1,0xbe5060e0,0xbe5060e0,MATCH
vlan_vid_add,0x8e8548fc,KERNEL_OR_BUILTIN,,0,8021q,1,1,0,1,0,0,0,0,1,1,0x8e8548fc,0x8e8548fc,MATCH
vlan_vid_del,0x45315ff3,KERNEL_OR_BUILTIN,,0,8021q,1,1,0,1,0,0,0,0,1,1,0x45315ff3,0x45315ff3,MATCH
vm_event_states,0xb6a88e0a,KERNEL_OR_BUILTIN,,0,blocktag;trace_mmstat,2,2,0,1,0,0,1,1,1,1,0xb6a88e0a,0xb6a88e0a,MATCH
vm_get_page_prot,0x2c91e17c,KERNEL_OR_BUILTIN,,0,drm_dma_helper,1,1,0,1,0,0,0,0,1,1,0x2c91e17c,0x2c91e17c,MATCH
vm_map_ram,0x29bfce6d,KERNEL_OR_BUILTIN,,0,mtk_aie,1,1,0,1,0,0,1,1,1,1,0x29bfce6d,0x29bfce6d,MATCH
vm_node_stat,0x2fc505ec,KERNEL_OR_BUILTIN,,0,blocktag;trace_mmstat,2,2,0,1,0,0,1,1,1,1,0x2fc505ec,0x2fc505ec,MATCH
vm_unmap_ram,0x03fd2571,KERNEL_OR_BUILTIN,,0,mtk_aie,1,1,0,1,0,0,1,1,1,1,0x03fd2571,0x03fd2571,MATCH
vm_unmapped_area,0x064b9739,KERNEL_OR_BUILTIN,,0,mali_kbase_mt6878_r44,1,1,0,0,0,0,0,0,0,0,0x064b9739,0x064b9739,MATCH
vm_zone_stat,0xba0676e2,KERNEL_OR_BUILTIN,,0,met;mtk_perf_common;trace_mmstat,3,3,0,1,1,0,1,1,1,1,0xba0676e2,0xba0676e2,MATCH
vmalloc,0xd6ee688f,KERNEL_OR_BUILTIN,,0,adsp;aee_aed;audio_ipi;blocktag;bsd_comp;bt_drv_6878;btqca;camera_dpe_isp7sp;ccci_dpmaif;ccci_md_all;ccci_util_lib;clkbuf;conninfra;connscp;fmradio_drv_connac2x;focaltech_touch_spi_ft3680;ged;hci_uart;imgsensor;iommu_debug;mali_kbase_mt6878_r44;mddp;mediatek_drm;mmprofile;mt6375_battery;mtk_c2ps;mtk_cam_isp7sp;mtk_dramc;mtk_fpsgo;mtk_mbraink;mtk_mml;mtk_vow;ppp_deflate;scp;sec;snd_soc_audiodsp_common;spi_tiny_co5300_lcd;system_heap;vcp;wlan_drv_gen4m_6878,40,40,0,1,0,0,1,1,1,1,0xd6ee688f,0xd6ee688f,MATCH
vmalloc_to_page,0xf354f462,KERNEL_OR_BUILTIN,,0,apusys;mtk_aie,2,2,0,1,0,0,1,1,1,1,0xf354f462,0xf354f462,MATCH
vmalloc_to_pfn,0x3744cf36,KERNEL_OR_BUILTIN,,0,mmprofile,1,1,0,1,0,0,1,1,1,1,0x3744cf36,0x3744cf36,MATCH
vmalloc_user,0x5635a60a,KERNEL_OR_BUILTIN,,0,aee_aed;mali_kbase_mt6878_r44;mtk_aie,3,3,0,1,0,0,1,1,1,1,0x5635a60a,0x5635a60a,MATCH
vmap,0xad3f829d,KERNEL_OR_BUILTIN,,0,apusys;ccci_util_lib;log_store;mali_kbase_mt6878_r44;mediatek_drm;mrdump;system_heap,7,7,0,1,1,0,1,1,1,1,0xad3f829d,0xad3f829d,MATCH
vmf_insert_pfn_prot,0xd24f0344,KERNEL_OR_BUILTIN,,0,mali_kbase_mt6878_r44;mali_mgm_mt6878_r44,2,2,0,1,0,0,1,1,1,1,0xd24f0344,0xd24f0344,MATCH
vring_del_virtqueue,0xe5ea83d5,KERNEL_OR_BUILTIN,,0,gz_virtio_mod,1,1,0,1,0,0,1,1,1,1,0xe5ea83d5,0xe5ea83d5,MATCH
vring_interrupt,0xff05fa13,KERNEL_OR_BUILTIN,,0,gz_virtio_mod,1,1,0,1,0,0,1,1,1,1,0xff05fa13,0xff05fa13,MATCH
vring_new_virtqueue,0x9c8b8453,KERNEL_OR_BUILTIN,,0,gz_virtio_mod,1,1,0,1,0,0,1,1,1,1,0x9c8b8453,0x9c8b8453,MATCH
vscnprintf,0xaa0c318b,KERNEL_OR_BUILTIN,,0,aee_hangdet;mediatek_drm;monitor_hang;mrdump;mtk_cam_isp7sp;mtk_heap_debug;tipc,7,7,0,1,0,0,1,1,1,1,0xaa0c318b,0xaa0c318b,MATCH
vsnprintf,0x00148653,KERNEL_OR_BUILTIN,,0,aee_aed;apusys;bluetooth;ccci_util_lib;conninfra;ged;imgsensor;mali_kbase_mt6878_r44;mdp_drv_mt6878;mediatek_drm;mrdump;mtk_aie;mtk_c2ps;mtk_cam_isp7sp;mtk_cmdq_drv_ext;mtk_fpsgo;mtk_gpufreq_mt6878;mtk_imgsys_cmdq;mtk_imgsys_v4l2;mtk_mml;mtk_vcodec_common;mtu3;pd_dbg_info;powerhal_cpu_ctrl;touch_boost;usb_logger;wlan_drv_gen4m_6878;xhci_mtk_hcd_v2,28,29,0,1,0,0,1,1,1,1,0x00148653,0x00148653,MATCH
vsprintf,0x78b887ed,KERNEL_OR_BUILTIN,,0,bluetooth;mediatek_drm;wlan_drv_gen4m_6878,3,4,0,1,0,0,1,1,1,1,0x78b887ed,0x78b887ed,MATCH
vunmap,0x94961283,KERNEL_OR_BUILTIN,,0,apusys;mali_kbase_mt6878_r44;mediatek_drm;system_heap,4,4,0,1,1,0,1,1,1,1,0x94961283,0x94961283,MATCH
vzalloc,0x40a9b349,KERNEL_OR_BUILTIN,,0,adsp;aee_aed;apusys;aw883xx_driver;gpueb;mali_kbase_mt6878_r44;mediatek_drm;mtk_cam_isp7sp;mtk_cmdq_drv_ext;mtk_fpsgo;mtk_imgsys_cmdq;mtk_imgsys_v4l2;mtk_vcodec_dec_v1;mtk_vcodec_enc_v1;pptp;rpmb_mtk;scp;vcp;zram,19,19,0,1,0,0,1,1,1,1,0x40a9b349,0x40a9b349,MATCH
wait_for_completion,0x25974000,KERNEL_OR_BUILTIN,,0,bluetooth;camera_dpe_isp7sp;cmdq_sec_drv;fmradio_drv_connac2x;mali_kbase_mt6878_r44;mtk_cam_isp7sp;mtk_cmdq_drv_ext;mtk_imgsys_v4l2;mtk_mml;sensorhub;tkcore;tkcore_drv;wlan_drv_gen4m_6878;xhci_mtk_hcd_v2,14,15,0,1,0,0,1,1,1,1,0x25974000,0x25974000,MATCH
wait_for_completion_interruptible,0x2e3bcce2,KERNEL_OR_BUILTIN,,0,bt_drv_6878;conninfra;gps_drv_dl_v051;gz_tz_system;mtk_tinysys_ipi;sensorhub;wlan_drv_gen4m_6878,7,7,0,1,0,0,1,1,1,1,0x2e3bcce2,0x2e3bcce2,MATCH
wait_for_completion_interruptible_timeout,0xf02aa937,KERNEL_OR_BUILTIN,,0,aee_aed;apu_top;apusys;gz_ipc_mod;gz_trusty_mod;gz_virtio_mod;mali_kbase_mt6878_r44;mt6375_charger;scp;wlan_drv_gen4m_6878,10,10,0,1,0,0,1,1,1,1,0xf02aa937,0xf02aa937,MATCH
wait_for_completion_killable,0x20463df4,KERNEL_OR_BUILTIN,,0,met,1,1,0,1,0,0,1,1,1,1,0x20463df4,0x20463df4,MATCH
wait_for_completion_killable_timeout,0x726bc3c7,KERNEL_OR_BUILTIN,,0,met,1,1,0,1,0,0,1,1,1,1,0x726bc3c7,0x726bc3c7,MATCH
wait_for_completion_state,0xb0617db4,KERNEL_OR_BUILTIN,,0,met,1,1,0,1,0,0,0,0,1,1,0xb0617db4,0xb0617db4,MATCH
wait_for_completion_timeout,0x4a3ad70e,KERNEL_OR_BUILTIN,,0,adsp;apusys;bt_drv_6878;cmdq_sec_drv;cmdq_test;conninfra;connscp;gps_drv_dl_v051;gz_trusty_mod;gz_virtio_mod;hci_uart;i2c_mt65xx;mali_kbase_mt6878_r44;mddp;mtk_aie;mtk_cam_isp7sp;mtk_cmdq_drv_ext;mtk_imgsys_v4l2;mtk_tinysys_ipi;rtc_mt6685;sapu;scp;sensorhub;spi_mt65xx;ufs_mediatek_mod;wlan_drv_gen4m_6878;wmt_chrdev_wifi_connac2;xhci_mtk_hcd_v2,28,28,0,1,0,0,1,1,1,1,0x4a3ad70e,0x4a3ad70e,MATCH
wait_woken,0xb308c97d,KERNEL_OR_BUILTIN,,0,bluetooth;gz_ipc_mod;hidp;rfcomm;tipc,5,6,0,1,0,0,1,1,1,1,0xb308c97d,0xb308c97d,MATCH
wake_up_bit,0xa0fbac79,KERNEL_OR_BUILTIN,,0,bluetooth;ccd_rpmsg;hci_uart,3,4,0,1,0,0,0,0,1,1,0xa0fbac79,0xa0fbac79,MATCH
wake_up_if_idle,0xf6abaae1,KERNEL_OR_BUILTIN,,0,lpm_gov_MHSP;mtk_lpm_plat_v1,2,2,0,1,0,0,0,0,1,1,0xf6abaae1,0xf6abaae1,MATCH
wake_up_process,0x73e2bcf1,KERNEL_OR_BUILTIN,,0,aee_aed;aee_hangdet;apusys;audio_ipi;bt_drv_6878;ccci_dpmaif;ccci_md_all;cmdq_sec_drv;conninfra;connscp;cpufreq_sugov_ext;fmradio_drv_connac2x;ged;gps_drv_dl_v051;gz_main_mod;gz_trusty_mod;gz_tz_system;gz_virtio_mod;hidp;imgsensor;mali_kbase_mt6878_r44;mddp;mediatek_drm;met;mmqos_common;monitor_hang;mt6369_accdet;mt6375_battery;mtk_bp_thl;mtk_c2ps;mtk_cam_isp7sp;mtk_charger_framework;mtk_chg_type_det;mtk_cmdq_drv_ext;mtk_core_ctl;mtk_dpc;mtk_dynamic_loading_throttling;mtk_fpsgo;mtk_imgsys_cmdq;mtk_imgsys_v4l2;mtk_low_battery_throttling;mtk_lpm_dbg_common_v2;mtk_mmdvfs_debug;mtk_mmdvfs_v3;mtk_mmdvfs_v3_start;mtk_mml;mtk_pep50;mtk_smi;mtk_soc_offload_common;mtk_vcodec_dec_v1;mtk_vcodec_enc_v1;rfcomm;scheduler;sensorhub;snd_soc_mt6369;system_heap;tcpc_class;tkcore;tkcore_drv;touch_boost;wlan_drv_gen4m_6878;wmt_chrdev_wifi_connac2,62,62,0,1,0,0,1,1,1,1,0x73e2bcf1,0x73e2bcf1,MATCH
wakeup_source_add,0x5cd4fa0b,KERNEL_OR_BUILTIN,,0,mediatek_drm,1,1,0,1,0,0,1,1,1,1,0x5cd4fa0b,0x5cd4fa0b,MATCH
wakeup_source_create,0x1578c6f0,KERNEL_OR_BUILTIN,,0,mediatek_drm,1,1,0,1,0,0,1,1,1,1,0x1578c6f0,0x1578c6f0,MATCH
wakeup_source_destroy,0x846d6029,KERNEL_OR_BUILTIN,,0,mtk_soc_offload_common,1,1,0,1,0,0,1,1,1,1,0x846d6029,0x846d6029,MATCH
wakeup_source_register,0x8be45c3b,KERNEL_OR_BUILTIN,,0,adsp;apu_top;apusys;bt_drv_6878;c2k_usb;ccci_md_all;ccmni;conninfra;fmradio_drv_connac2x;focaltech_touch_spi_ft3680;gps_drv_dl_v051;gz_tz_system;imgsensor;leds_ln2403;mdp_drv_mt6878;microarray_fp_tee;mt6369_accdet;mt6375_auxadc;mt6375_battery;mtk_bp_thl;mtk_charger_framework;mtk_dynamic_loading_throttling;mtk_lpm;mtk_mml;mtk_pep;mtk_pep40;mtk_pmic_keys;mtk_soc_offload_common;mtk_vow;rtc_mt6685;scp;sensorhub;snd_soc_audiodsp_common;snd_soc_mtk_scp_ultra;spmi_mtk_pmif;st21nfc;ufs_mediatek_mod;usb_boost;vcp;wlan_drv_gen4m_6878,40,40,0,1,0,0,1,1,1,1,0x8be45c3b,0x8be45c3b,MATCH
wakeup_source_remove,0x10a73976,KERNEL_OR_BUILTIN,,0,c2k_usb,1,1,0,1,0,0,1,1,1,1,0x10a73976,0x10a73976,MATCH
wakeup_source_unregister,0xb511937b,KERNEL_OR_BUILTIN,,0,apu_top;apusys;bt_drv_6878;conninfra;fmradio_drv_connac2x;focaltech_touch_spi_ft3680;gps_drv_dl_v051;imgsensor;mdp_drv_mt6878;mtk_mml;mtk_vow;sensorhub;st21nfc;wlan_drv_gen4m_6878,14,14,0,1,0,0,1,1,1,1,0xb511937b,0xb511937b,MATCH
wakeup_sources_read_lock,0xc2692173,KERNEL_OR_BUILTIN,,0,mtk_mbraink,1,1,0,1,0,0,0,0,1,1,0xc2692173,0xc2692173,MATCH
wakeup_sources_read_unlock,0x24ad11db,KERNEL_OR_BUILTIN,,0,mtk_mbraink,1,1,0,1,0,0,0,0,1,1,0x24ad11db,0x24ad11db,MATCH
wakeup_sources_walk_next,0x80718483,KERNEL_OR_BUILTIN,,0,mtk_mbraink,1,1,0,1,0,0,0,0,1,1,0x80718483,0x80718483,MATCH
wakeup_sources_walk_start,0x0eec7cfb,KERNEL_OR_BUILTIN,,0,mtk_mbraink,1,1,0,1,0,0,0,0,1,1,0x0eec7cfb,0x0eec7cfb,MATCH
watchdog_init_timeout,0x75865a3c,KERNEL_OR_BUILTIN,,0,mtk_wdt,1,1,0,1,0,0,1,1,1,1,0x75865a3c,0x75865a3c,MATCH
watchdog_set_restart_priority,0xa73a0d9d,KERNEL_OR_BUILTIN,,0,mtk_wdt,1,1,0,1,0,0,1,1,1,1,0xa73a0d9d,0xa73a0d9d,MATCH
wireless_nlevent_flush,0x1e8fac8e,KERNEL_OR_BUILTIN,,0,cfg80211,1,1,0,1,0,0,0,0,1,1,0x1e8fac8e,0x1e8fac8e,MATCH
wireless_send_event,0xae6471d1,KERNEL_OR_BUILTIN,,0,wlan_drv_gen4m_6878,1,1,0,1,0,0,1,1,1,1,0xae6471d1,0xae6471d1,MATCH
woken_wake_function,0xd0654aba,KERNEL_OR_BUILTIN,,0,bluetooth;gz_ipc_mod;hidp;rfcomm;tipc,5,6,0,1,0,0,1,1,1,1,0xd0654aba,0xd0654aba,MATCH
work_busy,0x86ab091d,KERNEL_OR_BUILTIN,,0,adsp;r8152,2,2,0,1,0,0,1,1,1,1,0x86ab091d,0x86ab091d,MATCH
work_on_cpu,0xf82f3657,KERNEL_OR_BUILTIN,,0,mtk_lpm;mtk_lpm_dbg_common_v2,2,2,0,1,0,0,1,1,1,1,0xf82f3657,0xf82f3657,MATCH
ww_mutex_lock,0x6cf47cfc,KERNEL_OR_BUILTIN,,0,mali_dmabuf_test_mt6878_r44;mtk_vcodec_common,2,2,0,1,0,0,1,1,1,1,0x6cf47cfc,0x6cf47cfc,MATCH
ww_mutex_trylock,0xd1154d24,KERNEL_OR_BUILTIN,,0,mtk_heap_debug;mtk_sec_heap;system_heap,3,3,0,1,0,0,0,0,1,1,0xd1154d24,0xd1154d24,MATCH
ww_mutex_unlock,0x6616e157,KERNEL_OR_BUILTIN,,0,mali_dmabuf_test_mt6878_r44;mtk_heap_debug;mtk_sec_heap;mtk_vcodec_common;system_heap,5,5,0,1,0,0,1,1,1,1,0x6616e157,0x6616e157,MATCH
xa_find,0x8fa25c24,KERNEL_OR_BUILTIN,,0,mtk_wp,1,1,0,0,0,0,0,0,0,0,0x8fa25c24,0x8fa25c24,MATCH
xa_find_after,0xdf36914b,KERNEL_OR_BUILTIN,,0,mtk_wp,1,1,0,0,0,0,0,0,0,0,0xdf36914b,0xdf36914b,MATCH
zlib_deflate,0xf2c43f3f,KERNEL_OR_BUILTIN,,0,mali_kbase_mt6878_r44;ppp_deflate,2,2,0,1,0,0,1,1,1,1,0xf2c43f3f,0xf2c43f3f,MATCH
zlib_deflateEnd,0xc890c008,KERNEL_OR_BUILTIN,,0,mali_kbase_mt6878_r44;ppp_deflate,2,2,0,1,0,0,1,1,1,1,0xc890c008,0xc890c008,MATCH
zlib_deflateInit2,0x5a0b73d0,KERNEL_OR_BUILTIN,,0,mali_kbase_mt6878_r44;ppp_deflate,2,2,0,1,0,0,1,1,1,1,0x5a0b73d0,0x5a0b73d0,MATCH
zlib_deflateReset,0x6aeefac4,KERNEL_OR_BUILTIN,,0,ppp_deflate,1,1,0,1,0,0,1,1,1,1,0x6aeefac4,0x6aeefac4,MATCH
zlib_deflate_workspacesize,0xe9f7149c,KERNEL_OR_BUILTIN,,0,mali_kbase_mt6878_r44;ppp_deflate,2,2,0,1,0,0,1,1,1,1,0xe9f7149c,0xe9f7149c,MATCH
zlib_inflate,0x581f98da,KERNEL_OR_BUILTIN,,0,ppp_deflate,1,1,0,1,0,0,0,0,1,1,0x581f98da,0x581f98da,MATCH
zlib_inflateIncomp,0x424d3620,KERNEL_OR_BUILTIN,,0,ppp_deflate,1,1,0,1,0,0,0,0,1,1,0x424d3620,0x424d3620,MATCH
zlib_inflateInit2,0x35a88f28,KERNEL_OR_BUILTIN,,0,ppp_deflate,1,1,0,1,0,0,0,0,1,1,0x35a88f28,0x35a88f28,MATCH
zlib_inflateReset,0xbb0540aa,KERNEL_OR_BUILTIN,,0,ppp_deflate,1,1,0,1,0,0,0,0,1,1,0xbb0540aa,0xbb0540aa,MATCH
zlib_inflate_workspacesize,0xce5ac24f,KERNEL_OR_BUILTIN,,0,ppp_deflate,1,1,0,1,0,0,0,0,1,1,0xce5ac24f,0xce5ac24f,MATCH
