sha256,filename,module_name,locations,classification,classification_evidence
002ad3ef1927928c87cbddd2b27e926e59813ca2f62b5e3289655e0a6216a5e1,main_vcm.ko,main_vcm,vendor_dlkm,DIRECT_SOURCE_MATCH,"exact module name plus target-scoped hardware corroboration: device_modules:drivers/misc/mediatek/lens/vcm/v4l2/main_vcm target-scoped (compatible=mediatek,main_vcm)"
012154006ea26048afb958202d54744ff53889dd7b408d0c59ca681a3edcd004,pmic_lvsys_notify.ko,pmic_lvsys_notify,vendor_boot_platform,DIRECT_SOURCE_MATCH,"exact module name plus target-scoped hardware corroboration: device_modules:drivers/misc/mediatek/power_throttling target-scoped (compatible=mediatek,mt6363-lvsys-notify; exports=lvsys_register_notifier,lvsys_unregister_notifier)"
0136628a3419d3c7d02274cb4056c343bd463cba7115eb1f19625d524402cfa9,mt6685-audclk.ko,mt6685_audclk,vendor_boot_platform,LIKELY_PLATFORM_MATCH,"exact module-name target found; corroboration is non-decisive (export-only and/or directory-scoped): device_modules:drivers/mfd TARGET_FILES (exports=mt6685_set_dcxo,mt6685_set_dcxo_mode)"
01af3b923c3cde9ac85020a9e26cc40a5f5f8d807ec8ccf63a2b22e8275529d0,mtk-vcodec-dec-v1.ko,mtk_vcodec_dec_v1,vendor_dlkm,LIKELY_PLATFORM_MATCH,"exact module-name target found; corroboration is non-decisive (export-only and/or directory-scoped): device_modules:drivers/media/platform/mtk-vcodec DIRECTORY_FALLBACK (compatible=mediatek,mt2712-vcodec-dec,mediatek,mt6771-vcodec-dec,mediatek,mt6835-vcodec-dec,mediatek,mt6853-vcodec-dec)"
01b3782bb6c99b1b8e0a032a743ef497e0d313c634aff7b4828e0622ee3dd3b8,ieee802154_socket.ko,ieee802154_socket,system_dlkm,LIKELY_PLATFORM_MATCH,exact module-name target found in Nothing source index; needs target-scoped symbol/DT/KMI confirmation; kernel:net/ieee802154
02d2b0536b1a84ebdd454894343b07044c151c5616452fd639ae48a139b75983,pmic_temp.ko,pmic_temp,vendor_dlkm,DIRECT_SOURCE_MATCH,"exact module name plus target-scoped hardware corroboration: device_modules:drivers/thermal/mediatek target-scoped (compatible=mediatek,mt6338-pmic-temp,mediatek,mt6359-pmic-temp,mediatek,mt6363-pmic-temp,mediatek,mt6366-pmic-temp)"
037175478603983d5a333186c803bc2d9e424939ad87f8e8d088062400e25386,mtk-swpm-dbg-common-v1.ko,mtk_swpm_dbg_common_v1,vendor_dlkm,LIKELY_PLATFORM_MATCH,"exact module-name target found; corroboration is non-decisive (export-only and/or directory-scoped): device_modules:drivers/misc/mediatek/swpm/modules/debug/v1 DIRECTORY_FALLBACK (exports=swpm_dbg_common_fs_exit,swpm_dbg_common_fs_init,swpm_gpu_debug,swpm_status)"
03837d13863e3f6694918e2e049edbc3bd5ca5cb02e10d6f374620cca98ed226,tkcore.ko,tkcore,vendor_boot_platform,ULEFONE_ONLY,TrustKernel TKCore is a distinct TEE stack; matching GlobalPlatform TEEC API names in Nothing TEEI do not prove source equivalence
0423196dc09885535bf6673e86cb8998653b164f28fe743a0f0da258118ee10a,camera_eeprom_v4l2.ko,camera_eeprom_v4l2,vendor_dlkm,LIKELY_PLATFORM_MATCH,exact module-name target found in Nothing source index; needs target-scoped symbol/DT/KMI confirmation; kernel_modules:.
0477a6535f4da8a5881b9d9699940983317263dcf7e7e865685d377cd82a2fb2,aqc111.ko,aqc111,system_dlkm,LIKELY_PLATFORM_MATCH,exact module-name target found in Nothing source index; needs target-scoped symbol/DT/KMI confirmation; kernel:drivers/net/usb
04a24f106678a045e2bc347b04f291b471032966b3c2bfc238b776108f9d69ba,mt6375-adc.ko,mt6375_adc,vendor_boot_platform,DIRECT_SOURCE_MATCH,"exact module name plus target-scoped hardware corroboration: device_modules:drivers/iio/adc target-scoped (compatible=mediatek,mt6375-adc)"
05b7ba5767dc0d0b82bc54066fafa86b8397899bb77150b6bfc566d14bb97025,mtk_cm_mgr_mt6878.ko,mtk_cm_mgr_mt6878,vendor_dlkm,LIKELY_PLATFORM_MATCH,exact module-name target found in Nothing source index; needs target-scoped symbol/DT/KMI confirmation; device_modules:drivers/misc/mediatek/cm_mgr
0675b943ec9255c8ca4adf8506ea247ae25a2e9175607aa9b2001cc87ef5fbd1,snd-soc-mtk-common.ko,snd_soc_mtk_common,vendor_dlkm,LIKELY_PLATFORM_MATCH,"exact module-name target found; corroboration is non-decisive (export-only and/or directory-scoped): device_modules:sound/soc/mediatek/common TARGET_FILES (exports=is_afe_need_triggered,mtk_afe_add_sub_dai_control,mtk_afe_combine_sub_dai,mtk_afe_debug_write_reg,mtk_afe_debugfs_open,mtk_afe_debugfs_write) | kernel:sound/soc/mediatek/common DIRECTORY_FALLBACK (exports=mtk_afe_add_sub_dai_control,mtk_afe_combine_sub_dai,mtk_afe_fe_hw_free,mtk_afe_fe_hw_params,mtk_afe_fe_ops,mtk_afe_fe_prepare)"
06c68f5df7b7b2b8adb3957ec8fdfac0b551c209fbdacb52cd147f2ac056fa8b,mtk-pwm.ko,mtk_pwm,vendor_dlkm,LIKELY_PLATFORM_MATCH,"exact module-name target found; corroboration is non-decisive (export-only and/or directory-scoped): device_modules:drivers/misc/mediatek/pwm DIRECTORY_FALLBACK (exports=mt_pwm_disable,mt_pwm_dump_regs,pwm_set_easy_config,pwm_set_spec_config)"
06c8c4fabf89ac9711e8a06e79f7649889d37f28b5cb0dfb0c05ad8791f18441,usb_boost.ko,usb_boost,vendor_boot_platform,LIKELY_PLATFORM_MATCH,exact module-name target found in Nothing source index; needs target-scoped symbol/DT/KMI confirmation; device_modules:drivers/misc/mediatek/usb/usb_boost
06e6707e84347053dcef95a744b98f16a4592c99c3ac88b5e9a1bb773759d371,mtk_imgsys_v4l2.ko,mtk_imgsys_v4l2,vendor_dlkm,LIKELY_PLATFORM_MATCH,exact module-name target found in Nothing source index; needs target-scoped symbol/DT/KMI confirmation; kernel_modules:.
079a8b80c0f5d5ce376ef8f0ca00bad3d416961230e4cfdb48f6136671ce999c,rpmb.ko,rpmb,vendor_boot_platform,LIKELY_PLATFORM_MATCH,"exact module-name target found; corroboration is non-decisive (export-only and/or directory-scoped): device_modules:drivers/char/rpmb TARGET_FILES (exports=rpmb_class,rpmb_cmd_req,rpmb_cmd_seq,rpmb_dev_find_by_device,rpmb_dev_find_device,rpmb_dev_get)"
07a4e26461ed83abc0acded32803e964db88b5a4a594ffca923f9c593fb403e2,ccci_md_all.ko,ccci_md_all,vendor_dlkm,LIKELY_PLATFORM_MATCH,"exact module-name target found; corroboration is non-decisive (export-only and/or directory-scoped): device_modules:drivers/misc/mediatek/eccci DIRECTORY_FALLBACK (exports=ccci_alloc_skb,ccci_dump_skb_pool_usage,ccci_free_skb,ccci_get_per_md_data,ccci_skb_dequeue,ccci_skb_enqueue)"
07a8d0a6b4d6811ac5fd2f2aede6b37ff1183d2efca1fa18d4f4d95ae4395988,mtk-spmi-pmic-adc.ko,mtk_spmi_pmic_adc,vendor_boot_platform,DIRECT_SOURCE_MATCH,"exact module name plus target-scoped hardware corroboration: device_modules:drivers/iio/adc target-scoped (compatible=mediatek,mt6363-auxadc,mediatek,mt6368-auxadc,mediatek,mt6373-auxadc,mediatek,mt6377-auxadc)"
07cd113e2a67905dde80c39b6f1245286c1a2f607b77a09242eca6c2fbf1e597,ccci_auxadc.ko,ccci_auxadc,vendor_dlkm,LIKELY_PLATFORM_MATCH,"exact module-name target found; corroboration is non-decisive (export-only and/or directory-scoped): device_modules:drivers/misc/mediatek/eccci TARGET_FILES (exports=ccci_get_adc_mV,ccci_get_adc_num,ccci_get_adc_val)"
082d1964cb08f5a13672e32fba910a99f6e5f7195834293819c2439ad6126043,mtk-sp-spk-amp.ko,mtk_sp_spk_amp,vendor_dlkm,DIRECT_SOURCE_MATCH,"exact module name plus target-scoped hardware corroboration: device_modules:sound/soc/mediatek/common target-scoped (compatible=mediatek,speaker_amp; exports=mtk_ext_spk_enable,mtk_ext_spk_get_status,mtk_spk_get_i2s_in_type,mtk_spk_get_i2s_out_type,mtk_spk_get_type,mtk_spk_recv_ipi_buf_from_dsp)"
08782b7c3b3bfeebee58b68e9055c08d36e5ecdb34d3c652a896f00fefde0186,mtk_bp_thl.ko,mtk_bp_thl,vendor_boot_platform,DIRECT_SOURCE_MATCH,"exact module name plus target-scoped hardware corroboration: device_modules:drivers/misc/mediatek/power_throttling target-scoped (compatible=mediatek,mtk-bp-thl; exports=register_bp_thl_notify,register_bp_thl_notify_ext)"
091a62dbda1dec46d4f818cccde053a34942559bbaed8397d7f266a47554e97c,wwan.ko,wwan,system_dlkm,LIKELY_PLATFORM_MATCH,"exact module-name target found; corroboration is non-decisive (export-only and/or directory-scoped): kernel:drivers/net/wwan TARGET_FILES (exports=wwan_create_port,wwan_port_get_drvdata,wwan_port_rx,wwan_port_txoff,wwan_port_txon,wwan_register_ops)"
09570f1d7a46ddcc339cf09648373d0455e093c92f4d94d1286d744cfc27680e,mtk-vcodec-common.ko,mtk_vcodec_common,vendor_dlkm,LIKELY_PLATFORM_MATCH,"exact module-name target found; corroboration is non-decisive (export-only and/or directory-scoped): device_modules:drivers/media/platform/mtk-vcodec TARGET_FILES (exports=mtk_vcodec_c1_enc_irq_handler,mtk_vcodec_dec_irq_handler,mtk_vcodec_dec_irq_setup,mtk_vcodec_enc_irq_handler,mtk_vcodec_enc_irq_setup,mtk_vcodec_gce_timeout_dump)"
0ad019b0b81ce3a31d828aceb631f04cb7d1bf0f682ac307954588289f14288c,mtk_heap_debug.ko,mtk_heap_debug,vendor_dlkm,LIKELY_PLATFORM_MATCH,exact module-name target found in Nothing source index; needs target-scoped symbol/DT/KMI confirmation; device_modules:drivers/dma-buf/heaps
0b799f67f1be90f733a0d90c4a5daff21102e47e77ac99ac6f4f1b55064bf306,uarthub_drv.ko,uarthub_drv,vendor_boot_platform,LIKELY_PLATFORM_MATCH,exact module-name target found in Nothing source index; needs target-scoped symbol/DT/KMI confirmation; device_modules:drivers/misc/mediatek/uarthub
0b7c125f10091e0beae5d9ba1e5659512b5866ce119d7192e6acb2abb791bb5f,mtk-swpm-perf-arm-pmu.ko,mtk_swpm_perf_arm_pmu,vendor_boot_platform,LIKELY_PLATFORM_MATCH,"exact module-name target found; corroboration is non-decisive (export-only and/or directory-scoped): device_modules:drivers/misc/mediatek/swpm DIRECTORY_FALLBACK (exports=inst_spec_events,swpm_arm_ai_pmu_get,swpm_arm_ai_pmu_set,swpm_arm_dsu_pmu_enable,swpm_arm_dsu_pmu_get_status,swpm_arm_dsu_pmu_get_type)"
0b89a6428bed00b661f00296ca22cf6a5e69edafbcd4b201fe4b73942902e668,cmdq-test.ko,cmdq_test,vendor_dlkm,DIRECT_SOURCE_MATCH,"exact module name plus target-scoped hardware corroboration: device_modules:drivers/misc/mediatek/cmdq/mailbox target-scoped (compatible=mediatek,cmdq-test)"
0c05e34b95a6a1a67ea0a0a5850b03e0406fead2fd14273c8105b4fe92baeba6,mtk-mmdvfs.ko,mtk_mmdvfs,vendor_boot_platform,LIKELY_PLATFORM_MATCH,"exact module-name target found; corroboration is non-decisive (export-only and/or directory-scoped): device_modules:drivers/soc/mediatek TARGET_FILES (exports=mmdvfs_debug_record_opp_set_fp,mmdvfs_set_force_step,mmdvfs_set_lp_mode,mmdvfs_set_vote_step,mtk_mmdvfs_aov_enable,register_mmdvfs_notifier)"
0c5bd394088d109c569cf5803a82edd0f182bad53714c284f99a797c76cf4e94,charger_class.ko,charger_class,vendor_boot_platform,LIKELY_PLATFORM_MATCH,"exact module-name target found; corroboration is non-decisive (export-only and/or directory-scoped): device_modules:drivers/power/supply TARGET_FILES (exports=charger_dev_do_event,charger_dev_dump_registers,charger_dev_enable,charger_dev_enable_6pin_battery_charging,charger_dev_enable_auto_trans,charger_dev_enable_cable_drop_comp)"
0c8290d6ed7599c7d36a5affb667b23731d2062fd08e6c2988e3b73fb643ce3e,mtk-afe-external.ko,mtk_afe_external,vendor_boot_platform,LIKELY_PLATFORM_MATCH,"exact module-name target found; corroboration is non-decisive (export-only and/or directory-scoped): device_modules:sound/soc/mediatek/common TARGET_FILES (exports=notify_3way_semaphore_control,notify_allocate_mem,notify_ultra_afe_hw_free,notify_vb_audio_control,notify_vow_ipi_send,register_3way_semaphore_notifier)"
0cd78e4b22e4016a9d31cf1fe203ebe2e8f6da6962066a7d9d7bc20563cb0507,cache-parity.ko,cache_parity,vendor_boot_platform,LIKELY_PLATFORM_MATCH,exact module-name target found in Nothing source index; needs target-scoped symbol/DT/KMI confirmation; device_modules:drivers/misc/mediatek/sda
0d5e547e3e6c313c88695b2c8f9aae04398e3c8822f16d57dff6aea011f821fe,yft_devinfo.ko,yft_devinfo,vendor_boot_platform;vendor_dlkm,ULEFONE_ONLY,YFT/Ulefone board-device registration infrastructure
0e57b0c4a5c6f773730229ebf01a28929fa7abebe5ee104a699654cb2dd25f40,mtk_charger_algorithm_class.ko,mtk_charger_algorithm_class,vendor_boot_platform,LIKELY_PLATFORM_MATCH,"exact module-name target found; corroboration is non-decisive (export-only and/or directory-scoped): device_modules:drivers/power/supply TARGET_FILES (exports=chg_alg_device_register,chg_alg_device_unregister,chg_alg_get_prop,chg_alg_init_algo,chg_alg_is_algo_ready,chg_alg_is_algo_running)"
0fd7047d6f0c9936aee2ee7611648ddfcf5d2b852a71e1861c9a36589d3a7a95,ufs-mediatek-mod.ko,ufs_mediatek_mod,vendor_boot_platform,LIKELY_PLATFORM_MATCH,exact module-name target found in Nothing source index; needs target-scoped symbol/DT/KMI confirmation; device_modules:drivers/ufs/vendor
100f2e4f5afd9e58468d715a480d9bb79c3793d697d4f52989b2d4472ee243e6,can-bcm.ko,can_bcm,system_dlkm,LIKELY_PLATFORM_MATCH,exact module-name target found; corroboration is non-decisive (export-only and/or directory-scoped): kernel:net/can DIRECTORY_FALLBACK (alias=can-proto-2)
103ed855899266a08648875074ee58e8d8122132fc8a6bac4e93def2c90d7219,xhci-mtk-hcd-v2.ko,xhci_mtk_hcd_v2,vendor_boot_platform,DIRECT_SOURCE_MATCH,"exact module name plus target-scoped hardware corroboration: device_modules:drivers/misc/mediatek/usb/usb_xhci target-scoped (compatible=mediatek,mt8173-xhci,mediatek,mt8195-xhci,mediatek,mtk-xhci,mediatek,mtk-xhci-p1; exports=xhci_bus_resume_,xhci_bus_suspend_,xhci_dbg_trace_,xhci_queue_stop_endpoint_,xhci_ring_cmd_db_,xhci_trb_virt_to_dma_)"
114382f9de42b1bf15dc0078f75cf0f1749224234d3005613bb23c027f1fcc53,6lowpan.ko,6lowpan,system_dlkm,LIKELY_PLATFORM_MATCH,exact module-name target found in Nothing source index; needs target-scoped symbol/DT/KMI confirmation; kernel:net/6lowpan
11c9177ed2a2a86da8964b79e6b4b3ee3fbec98ef4420faa27b87bb8291dc684,arm_dsu_pmu.ko,arm_dsu_pmu,vendor_boot_platform,DIRECT_SOURCE_MATCH,"exact module name plus target-scoped hardware corroboration: kernel:drivers/perf target-scoped (compatible=arm,dsu-pmu)"
120e850f3afd68e888d7ceb2f3ff3fc40c933a7c294cb5f8adb999fe9eb89788,mtk-socinfo.ko,mtk_socinfo,vendor_boot_platform,LIKELY_PLATFORM_MATCH,exact module-name target found in Nothing source index; needs target-scoped symbol/DT/KMI confirmation; device_modules:drivers/soc/mediatek
127e2dd9f5d3d942c3898d14a7707f77ef56335d10c6be7d580559a82104813e,mediatek-drm.ko,mediatek_drm,vendor_boot_platform,DIRECT_SOURCE_MATCH,"exact module name plus target-scoped hardware corroboration: device_modules:drivers/gpu/drm/mediatek/mediatek_v2 target-scoped (compatible=mediatek,mt6885-dp-intf,mediatek,mt6895-dp-intf,mediatek,mt6897-dp-intf,mediatek,mt6985-dp-intf)"
136d3e37869b64b9459e182473504c2389fcbbc681f7cd19364589f66fdce830,mtk-dvfsrc.ko,mtk_dvfsrc,vendor_boot_platform,LIKELY_PLATFORM_MATCH,"exact module-name target found; corroboration is non-decisive (export-only and/or directory-scoped): device_modules:drivers/soc/mediatek TARGET_FILES (exports=dvfsrc_get_required_opp_peak_bw,mtk_dvfsrc_query_info,mtk_dvfsrc_send_request,register_dvfsrc_debug_notifier,unregister_dvfsrc_debug_notifier)"
13b4903d5fc27bdd7358d5a0402bcd4f0a690df07047e7e6c3b20397eddaa07c,regulator-vibrator.ko,regulator_vibrator,vendor_boot_platform,LIKELY_PLATFORM_MATCH,exact module-name target found in Nothing source index; needs target-scoped symbol/DT/KMI confirmation; device_modules:drivers/leds
162726e0ba83220a4b64b6d847738a3d98c39f834f3e97892760750a882a8ea2,mtk_u_ether.ko,mtk_u_ether,vendor_dlkm,LIKELY_PLATFORM_MATCH,"exact module-name target found; corroboration is non-decisive (export-only and/or directory-scoped): device_modules:drivers/misc/mediatek/usb/usb_rndis DIRECTORY_FALLBACK (exports=gether_update_dl_max_xfer_size,mtk_gether_cleanup,mtk_gether_connect,mtk_gether_disconnect,mtk_gether_get_dev_addr,mtk_gether_get_host_addr)"
1633e3169242255a5714a4e3f4cfc525a5bbcc5393a3f7e7c6d8d76a1cf17092,mali_kbase_mt6878_r44.ko,mali_kbase_mt6878_r44,vendor_dlkm,LIKELY_PLATFORM_MATCH,exact module-name target found in Nothing source index; needs target-scoped symbol/DT/KMI confirmation; kernel_modules:mt6878/mali_avalon/mali-r44p1/drivers/gpu/arm/midgard
16f0a9f1a9cf282b649307e6dc2b42fec7f4ea2e7549686f795f78604d35db3c,mtk-lpm-dbg-mt6878.ko,mtk_lpm_dbg_mt6878,vendor_dlkm,LIKELY_PLATFORM_MATCH,exact module-name target found in Nothing source index; needs target-scoped symbol/DT/KMI confirmation; device_modules:drivers/misc/mediatek/lpm/modules/debug/mt6878
170b7f2d4779a2d702369b8f7aae62af396e0b824b63d1f07f973ff13e87240d,mtk-soc-offload-common.ko,mtk_soc_offload_common,vendor_dlkm,DIRECT_SOURCE_MATCH,"exact module name plus target-scoped hardware corroboration: device_modules:sound/soc/mediatek/audio_dsp target-scoped (compatible=mediatek,mt-soc-offload-common)"
174d067296d66ad733ebb62e7cdea1e0798e12ac053900862b801ee7ed6211d3,ged.ko,ged,vendor_dlkm,LIKELY_PLATFORM_MATCH,exact module-name target found in Nothing source index; needs target-scoped symbol/DT/KMI confirmation; device_modules:drivers/gpu/mediatek/ged
1774ec78577b70e04118d3a1c110946db551adbc9830489fb4e79025188c1637,connscp.ko,connscp,vendor_dlkm,LIKELY_PLATFORM_MATCH,exact module-name target found in Nothing source index; needs target-scoped symbol/DT/KMI confirmation; device_modules:drivers/misc/mediatek/conn_scp
17da74bcc7ab59b01da4a7f37b3ae12a1401fe86483a3aa0eca6191bf3cbc6aa,nvmem-mt635x-efuse.ko,nvmem_mt635x_efuse,vendor_dlkm,LIKELY_PLATFORM_MATCH,exact module-name target found in Nothing source index; needs target-scoped symbol/DT/KMI confirmation; device_modules:drivers/nvmem
194d1bd14a2cb5fd0b1af3400d0a64e9cced28f2de26842bd88e3f6c6469fc40,gz_log_mod.ko,gz_log_mod,vendor_dlkm,LIKELY_PLATFORM_MATCH,exact module-name target found; corroboration is non-decisive (export-only and/or directory-scoped): device_modules:drivers/misc/mediatek/geniezone/gz-trusty TARGET_FILES (exports=get_gz_log_buffer)
19d1558e52ed4af589713c185451ef50444175944d8a874faa2b51146f984f03,pinctrl-mt6363.ko,pinctrl_mt6363,vendor_boot_platform,LIKELY_PLATFORM_MATCH,exact module-name target found in Nothing source index; needs target-scoped symbol/DT/KMI confirmation; device_modules:drivers/pinctrl/mediatek
19eb9ffedc83178fd867e3cf2bc0a7d6243c0748ad14898b793b822f196e2222,cdc-acm.ko,cdc_acm,system_dlkm,LIKELY_PLATFORM_MATCH,exact module-name target found in Nothing source index; needs target-scoped symbol/DT/KMI confirmation; kernel:drivers/usb/class
1a516a7dec9521b251cd29e7563522f288ad2da400662b19a47d4208676ecccc,nhc_routing.ko,nhc_routing,system_dlkm,LIKELY_PLATFORM_MATCH,exact module-name target found in Nothing source index; needs target-scoped symbol/DT/KMI confirmation; kernel:net/6lowpan
1a98df6a9e2f8a004ca3cf6cd373b650e26c2c3383ceb2c59467ba993028f11a,mtk_peak_power_budget.ko,mtk_peak_power_budget,vendor_dlkm,DIRECT_SOURCE_MATCH,"exact module name plus target-scoped hardware corroboration: device_modules:drivers/misc/mediatek/pbm target-scoped (compatible=mediatek,peak_power_budget; exports=kicker_ppb_request_power)"
1b2fcea3ef686daaadeb67da2f8dcb3b8c3896508d68d69c07e5dd22d075b2f3,clk-mt6878-ccu.ko,clk_mt6878_ccu,vendor_boot_platform,LIKELY_PLATFORM_MATCH,exact module-name target found in Nothing source index; needs target-scoped symbol/DT/KMI confirmation; device_modules:drivers/clk/mediatek
1b6ba20b2b871e18ef41c18dacaf0cb9713f7686dca998d1bf4c1018a1b71003,soc_temp_lvts.ko,soc_temp_lvts,vendor_dlkm,DIRECT_SOURCE_MATCH,"exact module name plus target-scoped hardware corroboration: device_modules:drivers/thermal/mediatek target-scoped (compatible=mediatek,mt6789-lvts,mediatek,mt6833-lvts,mediatek,mt6853-lvts,mediatek,mt6855-lvts)"
1bb1b4d9e911be31afb66f5633cb60e3ea15629de08cf37cb2f35670c5b2ebbb,usbserial.ko,usbserial,system_dlkm,LIKELY_PLATFORM_MATCH,exact module-name target found in Nothing source index; needs target-scoped symbol/DT/KMI confirmation; kernel:drivers/usb/serial
1c65302b2c48c41521e4a8df04ed6b9f25d0cd732e0a84eab2df1c50832023f7,device-apc-mt6878.ko,device_apc_mt6878,vendor_boot_platform,LIKELY_PLATFORM_MATCH,exact module-name target found in Nothing source index; needs target-scoped symbol/DT/KMI confirmation; device_modules:drivers/soc/mediatek/devapc
1c9472add96bc70d9855bac5c3bf8c43d6c309ee2c9f404b0da67851eb6b8e9a,trace_mmstat.ko,trace_mmstat,vendor_dlkm,LIKELY_PLATFORM_MATCH,exact module-name target found in Nothing source index; needs target-scoped symbol/DT/KMI confirmation; device_modules:drivers/misc/mediatek/mmstat
1d050f59ac0e31630921ae249ddf49382ccba0ecadcccdbe4485b90df3886b32,mtk_dynamic_loading_throttling.ko,mtk_dynamic_loading_throttling,vendor_boot_platform;vendor_dlkm,DIRECT_SOURCE_MATCH,"exact module name plus target-scoped hardware corroboration: device_modules:drivers/misc/mediatek/power_throttling target-scoped (compatible=mediatek,mt6359p-dynamic_loading_throttling,mediatek,mt6363-dynamic_loading_throttling,mediatek,mt6377-dynamic_loading_throttling; exports=register_dlpt_notify)"
1e41153e8cdcd3f7bf1a7789ea89849c0e09459439493af7910d756bdbc0cab0,mtk-composite.ko,mtk_composite,vendor_dlkm,DIRECT_SOURCE_MATCH,"exact module name plus target-scoped hardware corroboration: device_modules:drivers/misc/mediatek/flashlight target-scoped (compatible=mediatek,mtk_composite_v4l2_1)"
1e5778f3612378dd6fc3ba96ca461d8ba0661fc6617290a7c64245ede3f3af07,panel-ky-vtdr6115-dphy-cmd.ko,panel_ky_vtdr6115_dphy_cmd,vendor_boot_platform,ULEFONE_ONLY,"VTDR6115 panel hardware is identified, but no usable Nothing/public kernel panel source was found in the current audit"
201628cd5b5aff2129901fcf555049afa7fdc3ce80f7ff1502b6b095806384d4,mt6375-charger.ko,mt6375_charger,vendor_boot_platform,DIRECT_SOURCE_MATCH,"exact module name plus target-scoped hardware corroboration: device_modules:drivers/power/supply target-scoped (compatible=mediatek,mt6375-chg)"
203ac3196ff64ec728cb0fc750b1d72f22a725ea02f62371671dcdcc370ff1d0,wifi_cooling.ko,wifi_cooling,vendor_dlkm,DIRECT_SOURCE_MATCH,"exact module name plus target-scoped hardware corroboration: device_modules:drivers/thermal/mediatek target-scoped (compatible=mediatek,wifi-level-cooler)"
20c7c978860b40dbf4beee6ab30c779bc01661203dd32803a1d9739922af5ce8,mali_mgm_mt6878_r44.ko,mali_mgm_mt6878_r44,vendor_dlkm,LIKELY_PLATFORM_MATCH,exact module-name target found in Nothing source index; needs target-scoped symbol/DT/KMI confirmation; kernel_modules:mt6878/mali_avalon/mali-r44p1/drivers/base/arm/memory_group_manager
211bda35ee3476c107d7e495a0463c27bbef114a031a6b81b8bb718bbe54ee94,leds-ln2403.ko,leds_ln2403,vendor_dlkm,ULEFONE_ONLY,"LN2403 hardware/datasheet is identifiable, but no usable kernel driver source was found in the current audit"
2145f1938cfb2f534c685a3abfe112539459d3086dcb8a8836cba4fcddbcf0a1,ccmni.ko,ccmni,vendor_dlkm,LIKELY_PLATFORM_MATCH,"exact module-name target found; corroboration is non-decisive (export-only and/or directory-scoped): device_modules:drivers/misc/mediatek/ccmni TARGET_FILES (exports=ccmni_clr_flush_timer,ccmni_ops,ccmni_set_cur_speed,ccmni_set_init_rps,set_ccmni_rps)"
21fc400b187e909308ae72c1bb1e7d4f86d9c98ee698fa31564919f9bb28bc47,met_mcupm_api.ko,met_mcupm_api,vendor_dlkm,LIKELY_PLATFORM_MATCH,exact module-name target found in Nothing source index; needs target-scoped symbol/DT/KMI confirmation; kernel_modules:.;kernel_modules:met_mcupm_api
22b37388272e45767bc92edeecb551308a466cf8dfada4c333aced600c50c31a,bus-parity.ko,bus_parity,vendor_boot_platform,LIKELY_PLATFORM_MATCH,exact module-name target found in Nothing source index; needs target-scoped symbol/DT/KMI confirmation; device_modules:drivers/misc/mediatek/sda
241827fc5faafc7bb47ca7d43fe1f318d4aec2d71793a0c3b365dcfa1f30145c,drm_dma_helper.ko,drm_dma_helper,vendor_boot_platform,LIKELY_PLATFORM_MATCH,"exact module-name target found; corroboration is non-decisive (export-only and/or directory-scoped): kernel:drivers/gpu/drm TARGET_FILES (exports=drm_fb_dma_get_gem_addr,drm_fb_dma_get_gem_obj,drm_fb_dma_sync_non_coherent)"
2426edb571f5f8c2c1317b618fe6c10a095a59cf17acdd4d17ef583f63b5b5c5,tcpc_class.ko,tcpc_class,vendor_boot_platform,LIKELY_PLATFORM_MATCH,exact module-name target found in Nothing source index; needs target-scoped symbol/DT/KMI confirmation; device_modules:drivers/misc/mediatek/typec/tcpc
25a1735dacd0601c5462440de58629b675e31cb6858ff354df43045cd83c4727,can-dev.ko,can_dev,system_dlkm,LIKELY_PLATFORM_MATCH,"exact module-name target found; corroboration is non-decisive (export-only and/or directory-scoped): kernel:drivers/net/can/dev TARGET_FILES (exports=alloc_can_err_skb,alloc_can_skb,alloc_candev_mqs,alloc_canfd_skb,alloc_canxl_skb,can_bus_off)"
260543bfa2e5ade98efd0dae151a4738be4a58adaddc674ba6cdfedfd7f103bd,gpueb.ko,gpueb,vendor_dlkm,LIKELY_PLATFORM_MATCH,"exact module-name target found; corroboration is non-decisive (export-only and/or directory-scoped): device_modules:drivers/gpu/mediatek/gpueb DIRECTORY_FALLBACK (compatible=mediatek,gpueb; exports=get_gpueb_ipidev,gpueb_clr_mbox1_irq,gpueb_dump_status,gpueb_get_gpr_addr,gpueb_get_mbox1_irq,gpueb_get_recv_PIN_ID_by_name)"
260d2bba5e481bae3228398aa85018c14b09dda795962b379a772daa05758469,apu_top.ko,apu_top,vendor_dlkm,LIKELY_PLATFORM_MATCH,"exact module-name target found; corroboration is non-decisive (export-only and/or directory-scoped): device_modules:drivers/misc/mediatek/apusys/power DIRECTORY_FALLBACK (exports=apu_power_drv_exit,apu_power_drv_init)"
26a5f7b50bc4a2e85d84584ace88b97a94b7d4c16c47a758d9b6a7b624a8a925,rfkill.ko,rfkill,system_dlkm,LIKELY_PLATFORM_MATCH,"exact module-name target found; corroboration is non-decisive (export-only and/or directory-scoped): kernel:net/rfkill TARGET_FILES (exports=rfkill_alloc,rfkill_blocked,rfkill_destroy,rfkill_find_type,rfkill_get_led_trigger_name,rfkill_init_sw_state)"
26ad313b4497c36ce9775a3d3fde6b9ba40e3afe52aa68f7532dd08d5cdb2118,l2tp_core.ko,l2tp_core,system_dlkm,LIKELY_PLATFORM_MATCH,"exact module-name target found; corroboration is non-decisive (export-only and/or directory-scoped): kernel:net/l2tp TARGET_FILES (exports=l2tp_recv_common,l2tp_session_create,l2tp_session_dec_refcount,l2tp_session_delete,l2tp_session_get,l2tp_session_get_by_ifname)"
275b65d6694371b0019024d844b205112af4ed1d7ad7afee507111ed878decb0,mtk-lpm.ko,mtk_lpm,vendor_dlkm,LIKELY_PLATFORM_MATCH,"exact module-name target found; corroboration is non-decisive (export-only and/or directory-scoped): device_modules:drivers/misc/mediatek/lpm DIRECTORY_FALLBACK (exports=lpm_callee_get_impl,lpm_callee_put_impl,lpm_callee_registry,lpm_callee_unregistry,lpm_issuer_register,lpm_issuer_unregister)"
277f31e7614da86ae925cbf38f6fa8bb6ec565524124aa9bc242edb1d8dad39d,mali_dmabuf_test_mt6878_r44.ko,mali_dmabuf_test_mt6878_r44,vendor_dlkm,LIKELY_PLATFORM_MATCH,exact module-name target found in Nothing source index; needs target-scoped symbol/DT/KMI confirmation; kernel_modules:mt6878/mali_avalon/mali-r44p1/drivers/base/arm/dma_buf_test_exporter
27b4eb51f483c27af58f2a154fe8b063609da56a16ae80ff66a25a21887faee8,mtk_ioctl_powerhal.ko,mtk_ioctl_powerhal,vendor_dlkm,LIKELY_PLATFORM_MATCH,exact module-name target found in Nothing source index; needs target-scoped symbol/DT/KMI confirmation; device_modules:drivers/misc/mediatek/performance
2869b6e3917b17d6b30ff7a83ec9fe27fed4d1ede3c7ba79c3ae0fb37bb4af91,mii.ko,mii,system_dlkm,LIKELY_PLATFORM_MATCH,"exact module-name target found; corroboration is non-decisive (export-only and/or directory-scoped): kernel:drivers/net TARGET_FILES (exports=generic_mii_ioctl,mii_check_gmii_support,mii_check_link,mii_check_media,mii_ethtool_get_link_ksettings,mii_ethtool_gset)"
28fb6a324e432547b98f618d7981a4940dc3e5bf9b319b0181b339d3e8bd062b,mtk_disp_notify.ko,mtk_disp_notify,vendor_boot_platform,LIKELY_PLATFORM_MATCH,"exact module-name target found; corroboration is non-decisive (export-only and/or directory-scoped): device_modules:drivers/gpu/drm/mediatek/dummy_drm TARGET_FILES (exports=mtk_disp_notifier_call_chain,mtk_disp_notifier_register,mtk_disp_notifier_unregister) | device_modules:drivers/gpu/drm/mediatek/mediatek_v2 TARGET_FILES (exports=mtk_disp_notifier_call_chain,mtk_disp_notifier_register,mtk_disp_notifier_unregister,mtk_disp_sub_notifier_call_chain,mtk_disp_sub_notifier_register,mtk_disp_sub_notifier_unregister)"
299bfdb69441c15b0b80121ea3a79f90fc447125a7f0b7593552f128b9be508d,mtk_disp_sec.ko,mtk_disp_sec,vendor_dlkm,LIKELY_PLATFORM_MATCH,exact module-name target found in Nothing source index; needs target-scoped symbol/DT/KMI confirmation; device_modules:drivers/gpu/drm/mediatek/mediatek_v2
2a47b709d8edc8e8be6e662289f1f7e13d42be682cfc2b571fd2303446f35574,mtk_c2ps.ko,mtk_c2ps,vendor_dlkm,LIKELY_PLATFORM_MATCH,exact module-name target found in Nothing source index; needs target-scoped symbol/DT/KMI confirmation; kernel_modules:c2ps;kernel_modules:mtkcam/sched/c2ps
2a49e36bb6d7c6b4ce5f6f9818b80f5de8b003a26377b3dcfc8476dc0f09722e,scheduler_ext.ko,scheduler_ext,vendor_dlkm,LIKELY_PLATFORM_MATCH,exact module-name target found in Nothing source index; needs target-scoped symbol/DT/KMI confirmation; kernel_modules:.
2a4e36e5121cd4e413244775f9a37466324142ceea38a2c719426d04446d92e4,usb_logger.ko,usb_logger,vendor_boot_platform,LIKELY_PLATFORM_MATCH,exact module-name target found in Nothing source index; needs target-scoped symbol/DT/KMI confirmation; device_modules:drivers/misc/mediatek/usb/usb_logger
2bc60655e40bc7cef194d9eb4fd2546874ac33e8a18f7c85ac3073bede9a73a8,asix.ko,asix,system_dlkm,LIKELY_PLATFORM_MATCH,exact module-name target found in Nothing source index; needs target-scoped symbol/DT/KMI confirmation; kernel:drivers/net/usb
2cc97aac6e3cb0823de2f21f23f082f22fa8df747a4c64e855e413063adb710e,hci_uart.ko,hci_uart,system_dlkm,DIRECT_SOURCE_MATCH,"exact module name plus target-scoped hardware corroboration: kernel:drivers/bluetooth target-scoped (compatible=brcm,bcm20702a1,brcm,bcm4329-bt,brcm,bcm4330-bt,brcm,bcm4334-bt; exports=h4_recv_buf,hci_uart_register_device,hci_uart_unregister_device)"
2cf061df48245d484e5f05a06c1e764627e05b4525e872efc9016454a127f0f9,mtk_fpsgo.ko,mtk_fpsgo,vendor_dlkm,LIKELY_PLATFORM_MATCH,exact module-name target found in Nothing source index; needs target-scoped symbol/DT/KMI confirmation; device_modules:drivers/misc/mediatek/performance/fpsgo_v3
2cf75f2a97afa14aa259095b52cd126a96faabd869eb908c13124ac1a2ccd2e0,c2k_usb_f_via_modem.ko,c2k_usb_f_via_modem,vendor_dlkm,LIKELY_PLATFORM_MATCH,exact module-name target found in Nothing source index; needs target-scoped symbol/DT/KMI confirmation; device_modules:drivers/misc/mediatek/usb/c2k_usb
2d54781fdc41f76dfdc0ae56dff4322df24e92793512e03456ffef1fbbb116d4,mtk-vcu.ko,mtk_vcu,vendor_dlkm,DIRECT_SOURCE_MATCH,"exact module name plus target-scoped hardware corroboration: device_modules:drivers/media/platform/mtk-vcu target-scoped (compatible=mediatek,mt2701-vpu,mediatek,mt2712-vcu,mediatek,mt6771-vcu,mediatek,mt8173-vcu; exports=vcu_clear_codec_ctx,vcu_compare_version,vcu_get_ctx_ipi_binding_lock,vcu_get_log,vcu_get_plat_device,vcu_get_task)"
2d58b9802107c82af95adb7dbec1b038db802b27f643ddf6c3264a3871437e9b,mtk_hcp.ko,mtk_hcp,vendor_dlkm,LIKELY_PLATFORM_MATCH,exact module-name target found in Nothing source index; needs target-scoped symbol/DT/KMI confirmation; kernel_modules:.
2df021ea9d5b0563ad21029a8cab1ba43d392b12af460ff3f0f7c36372b282fa,bluetooth.ko,bluetooth,vendor_dlkm,LIKELY_PLATFORM_MATCH,exact module-name target found in Nothing source index; needs target-scoped symbol/DT/KMI confirmation; kernel:net/bluetooth
2f8341d3f920418f3d9f4b8f64299acf97e591ad232a6bbbf6298b63231eebde,ffa_v10.ko,ffa_v10,vendor_boot_platform,LIKELY_PLATFORM_MATCH,exact module-name target found in Nothing source index; needs target-scoped symbol/DT/KMI confirmation; device_modules:drivers/misc/mediatek/trusted_mem
2fef911274ce81337df13f55ee886dec895ba4ab4a8a5614ae951243d4bb9940,task_turbo.ko,task_turbo,vendor_dlkm,LIKELY_PLATFORM_MATCH,exact module-name target found in Nothing source index; needs target-scoped symbol/DT/KMI confirmation; device_modules:drivers/misc/mediatek/task_turbo
3056549e758fbdba8dd98b64c4d64e7e493c3e6836600f704ef53d1805a2b61a,ieee802154_6lowpan.ko,ieee802154_6lowpan,system_dlkm,LIKELY_PLATFORM_MATCH,exact module-name target found in Nothing source index; needs target-scoped symbol/DT/KMI confirmation; kernel:net/ieee802154/6lowpan
30abac643ebc7428a5ff350741d22b0f4bdcf65a5a071f55ec7ba78d862ca750,tcpc_mt6375.ko,tcpc_mt6375,vendor_boot_platform,DIRECT_SOURCE_MATCH,"exact module name plus target-scoped hardware corroboration: device_modules:drivers/misc/mediatek/typec/tcpc target-scoped (compatible=mediatek,mt6375-tcpc)"
313dc3182a1806334923562ca01dd1d6c43ebcc5a4fb38953f04ddf23b477883,reboot-mode.ko,reboot_mode,vendor_boot_platform;vendor_dlkm,LIKELY_PLATFORM_MATCH,"exact module-name target found; corroboration is non-decisive (export-only and/or directory-scoped): kernel:drivers/power/reset TARGET_FILES (exports=devm_reboot_mode_register,devm_reboot_mode_unregister,reboot_mode_register,reboot_mode_unregister)"
3259f9dd2cd03fa1ec73c97934c415ca51fa695f505421a8b7d6166473c7113d,monitor_hang.ko,monitor_hang,vendor_boot_platform,LIKELY_PLATFORM_MATCH,"exact module-name target found; corroboration is non-decisive (export-only and/or directory-scoped): device_modules:drivers/misc/mediatek/monitor_hang TARGET_FILES (exports=monitor_hang_regist_ldt,register_hang_callback,unregister_hang_callback)"
32b8b933529b1db9f83df27089291ecb5891cea313c21a7db014a07d0feccf5f,ccci_fsm_scp.ko,ccci_fsm_scp,vendor_dlkm,LIKELY_PLATFORM_MATCH,exact module-name target found in Nothing source index; needs target-scoped symbol/DT/KMI confirmation; device_modules:drivers/misc/mediatek/eccci/fsm
3308c852086498e12faad5f549210a402c9dd34a38e4a291c71fbf6ff3e20ffa,pd-chk-mt6878.ko,pd_chk_mt6878,vendor_boot_platform,LIKELY_PLATFORM_MATCH,exact module-name target found in Nothing source index; needs target-scoped symbol/DT/KMI confirmation; device_modules:drivers/clk/mediatek
3378d4cb04e7b1a49ddac6a00f024d31bff9ba07681c086b63d075cbd3966670,log_store.ko,log_store,vendor_boot_platform,LIKELY_PLATFORM_MATCH,"exact module-name target found; corroboration is non-decisive (export-only and/or directory-scoped): device_modules:drivers/misc/mediatek/log_store TARGET_FILES (exports=disable_early_log,dt_get_log_store,get_last_boot_phase,get_pmic_boot_phase,get_pmic_interface,get_sram_header)"
345a9dabc4cae1833ac5a698e4aed529e1a93c1c1ead80bc38aa16f098e864ec,met_emi_api.ko,met_emi_api,vendor_dlkm,LIKELY_PLATFORM_MATCH,exact module-name target found in Nothing source index; needs target-scoped symbol/DT/KMI confirmation; kernel_modules:.;kernel_modules:met_emi_api
3723acfb3f7cc98bfe46d53bf5be36443d777aa3594c06afd4aa20a26757016c,iommu_debug.ko,iommu_debug,vendor_boot_platform,LIKELY_PLATFORM_MATCH,"exact module-name target found; corroboration is non-decisive (export-only and/or directory-scoped): device_modules:drivers/misc/mediatek/iommu TARGET_FILES (exports=get_peri_iommu_id,mtk_iommu_debug_reset,mtk_iommu_get_mau_config,mtk_iommu_get_port_name,mtk_iommu_pm_trace,mtk_iommu_register_fault_callback)"
38c684d376fe58879b764e9b46a8657961113e9d7309411f0abcfaa5ff499ff7,mt6315-regulator.ko,mt6315_regulator,vendor_boot_platform,DIRECT_SOURCE_MATCH,"exact module name plus target-scoped hardware corroboration: device_modules:drivers/regulator target-scoped (compatible=mediatek,mt6315_15-regulator,mediatek,mt6315_3-regulator,mediatek,mt6315_6-regulator,mediatek,mt6315_7-regulator)"
398ce0058798adf1d919dbd60856ed7b83e956f5d778ff6d3116e27468916fc7,gz_main_mod.ko,gz_main_mod,vendor_dlkm,DIRECT_SOURCE_MATCH,"exact module name plus target-scoped hardware corroboration: device_modules:drivers/misc/mediatek/geniezone target-scoped (compatible=mediatek,trusty-mtee-v1)"
39eecad8254c2fc69f9c8d52902b443b3adc64c79c4c6a529af19b4b1f2a9742,spi_tiny_co5300_lcd.ko,spi_tiny_co5300_lcd,vendor_dlkm,ULEFONE_ONLY,Ulefone secondary-display driver; no convincing Nothing source match found
3ac1eab54f0e9d9455cb3d184bc07edd2fb02924a6db408b2b1db323105e0ae3,cmdq-sec-drv.ko,cmdq_sec_drv,vendor_dlkm,LIKELY_PLATFORM_MATCH,"exact module-name target found; corroboration is non-decisive (export-only and/or directory-scoped): device_modules:drivers/misc/mediatek/cmdq/mailbox DIRECTORY_FALLBACK (exports=cmdq_sec_dump_notify_loop,cmdq_sec_dump_operation,cmdq_sec_dump_response,cmdq_sec_dump_secure_data,cmdq_sec_dump_secure_thread_cookie,cmdq_sec_err_dump)"
3b22b2d57ac875f35d99e20879a6f9905fbf394089034d3b68a7606385e61af1,nhc_mobility.ko,nhc_mobility,system_dlkm,LIKELY_PLATFORM_MATCH,exact module-name target found in Nothing source index; needs target-scoped symbol/DT/KMI confirmation; kernel:net/6lowpan
3b3553cfee8269a075ac30646301f45b7ee923820676bb286b561b31dc9d217c,pd_dbg_info.ko,pd_dbg_info,vendor_boot_platform,LIKELY_PLATFORM_MATCH,exact module-name target found; corroboration is non-decisive (export-only and/or directory-scoped): device_modules:drivers/misc/mediatek/typec/tcpc TARGET_FILES (exports=pd_dbg_info)
3bb38591e3fd143dd151f4db9f146b1b555e73ebe191db1f3cf474ceddb0cbd8,device-apc-common.ko,device_apc_common,vendor_boot_platform,LIKELY_PLATFORM_MATCH,"exact module-name target found; corroboration is non-decisive (export-only and/or directory-scoped): device_modules:drivers/soc/mediatek/devapc TARGET_FILES (exports=devapc_resume_noirq,devapc_suspend_noirq,mtk_devapc_probe,mtk_devapc_remove,register_devapc_power_callback,register_devapc_vio_callback)"
3bc4722c6550abb9cfd75d06602c2a1bff8d0b6af58708324479ef6a0d22c9b4,aw883xx_driver.ko,aw883xx_driver,vendor_dlkm,NEEDS_ULEFONE_PORT,Awinic publishes GPL-2.0 AW883xx Smart PA driver source; port and compare against the Ulefone module instead of reconstructing from binary
3c060dcd5fa72e555ee04c19b96bb7eb0ecb626b28e7bba6eb6e3e7f306fb415,vcan.ko,vcan,system_dlkm,LIKELY_PLATFORM_MATCH,exact module-name target found in Nothing source index; needs target-scoped symbol/DT/KMI confirmation; kernel:drivers/net/can
3e63fdd0af1a61bde3ed23045d62921ba48aa128bc3f97c86be0d09e13b831da,mtk_wdt.ko,mtk_wdt,vendor_boot_platform,DIRECT_SOURCE_MATCH,"exact module name plus target-scoped hardware corroboration: device_modules:drivers/watchdog target-scoped (compatible=mediatek,mt2712-wdt,mediatek,mt6589-wdt,mediatek,mt8183-wdt,mediatek,mt8192-wdt) | kernel:drivers/watchdog target-scoped (compatible=mediatek,mt2712-wdt,mediatek,mt6589-wdt,mediatek,mt8183-wdt,mediatek,mt8192-wdt)"
3ed4f8942e1447473ea6d0a9e6bcca0caebe950f910c895c86b50b3a5e80b03e,mtk-wp.ko,mtk_wp,vendor_boot_platform,LIKELY_PLATFORM_MATCH,exact module-name target found in Nothing source index; needs target-scoped symbol/DT/KMI confirmation; device_modules:drivers/mmc/host
3fa85cc4811ab691ac337288056a2f0a518917ab8aa7e7b85946957b2378d45e,rt6160-regulator.ko,rt6160_regulator,vendor_boot_platform,DIRECT_SOURCE_MATCH,"exact module name plus target-scoped hardware corroboration: device_modules:drivers/regulator target-scoped (compatible=richtek,rt6160) | kernel:drivers/regulator target-scoped (compatible=richtek,rt6160)"
401796a258e5c4fbbc42272db2dc18d43bbedf8fd352cb3e100d5e4b9b265a1e,kfifo_buf.ko,kfifo_buf,vendor_boot_platform,LIKELY_PLATFORM_MATCH,"exact module-name target found; corroboration is non-decisive (export-only and/or directory-scoped): kernel:drivers/iio/buffer TARGET_FILES (exports=devm_iio_kfifo_buffer_setup_ext,iio_kfifo_allocate,iio_kfifo_free)"
41ccfd77c9ed5877b976ba432f29b9f005005792c05269a7260e341131a45def,pppox.ko,pppox,system_dlkm,LIKELY_PLATFORM_MATCH,"exact module-name target found; corroboration is non-decisive (export-only and/or directory-scoped): kernel:drivers/net/ppp TARGET_FILES (exports=pppox_compat_ioctl,pppox_ioctl,pppox_unbind_sock,register_pppox_proto,unregister_pppox_proto)"
430d7b0cfe560de3296e117f93b68f15d9d0e9f491c38960eff62448c53bb806,mtk_ccuv.ko,mtk_ccuv,vendor_dlkm,DIRECT_SOURCE_MATCH,"exact module name plus target-scoped hardware corroboration: kernel_modules:mtkcam/ccusys target-scoped (compatible=mediatek,ccu_rproc,mediatek,ccucammain; exports=mtk_ccu_da_to_va,mtk_ccu_get_pdev,mtk_ccu_ipc_register,mtk_ccu_ipc_unregister,mtk_ccu_rproc_get_inforeg,mtk_ccu_rproc_ipc_send)"
43e34c4502ef9f5c7243e3bfc7cb64c2692d9d222f8eaa2b033dd4ef74f08b4d,mtk_sec_heap.ko,mtk_sec_heap,vendor_dlkm,LIKELY_PLATFORM_MATCH,"exact module-name target found; corroboration is non-decisive (export-only and/or directory-scoped): device_modules:drivers/dma-buf/heaps TARGET_FILES (exports=dmabuf_to_secure_handle,is_mtk_sec_heap_dmabuf,is_support_secure_handle)"
447ae8199bd3ad10647dfbbeaab0846b72002894dad4a72818d879d934bc5066,mtk_gpu_hal.ko,mtk_gpu_hal,vendor_dlkm,LIKELY_PLATFORM_MATCH,"exact module-name target found; corroboration is non-decisive (export-only and/or directory-scoped): device_modules:drivers/gpu/mediatek/hal DIRECTORY_FALLBACK (exports=mtk_adaptive_power_notify,mtk_adaptive_power_notify_fp,mtk_custom_boost_gpu_freq,mtk_custom_boost_gpu_freq_fp,mtk_custom_get_gpu_freq_level_count,mtk_custom_get_gpu_freq_level_count_fp)"
44ec0fd9a49be4e7e19ef01f125ba3406aa792183031268b488f9a8126e76098,mtk_perf_ioctl.ko,mtk_perf_ioctl,vendor_dlkm,LIKELY_PLATFORM_MATCH,exact module-name target found in Nothing source index; needs target-scoped symbol/DT/KMI confirmation; device_modules:drivers/misc/mediatek/performance
44eccbec74f4b4f59ad3090811ee9b71eb5efac5a0cbbe0a17505c7315c7afb4,ieee802154.ko,ieee802154,system_dlkm,LIKELY_PLATFORM_MATCH,exact module-name target found in Nothing source index; needs target-scoped symbol/DT/KMI confirmation; kernel:net/ieee802154
44f71bdc995c2dee4f80559e3b1e9e65113648af9e0cf684957ec0da0b04fb6e,mtk-vmm-isp71-regulator.ko,mtk_vmm_isp71_regulator,vendor_dlkm,LIKELY_PLATFORM_MATCH,"exact module-name target found; corroboration is non-decisive (export-only and/or directory-scoped): device_modules:drivers/regulator TARGET_FILES (exports=mtk_ispdvfs_dbg_level,mtk_ispdvfs_fix_dvfs)"
4507afb9c2a59edffb8fcee902e99be1d979ec0afefc5e2ab91a8c774f124869,cdc_ncm.ko,cdc_ncm,system_dlkm,LIKELY_PLATFORM_MATCH,"exact module-name target found; corroboration is non-decisive (export-only and/or directory-scoped): kernel:drivers/net/usb TARGET_FILES (exports=cdc_ncm_bind_common,cdc_ncm_change_mtu,cdc_ncm_fill_tx_frame,cdc_ncm_rx_fixup,cdc_ncm_rx_verify_ndp16,cdc_ncm_rx_verify_ndp32)"
451f4973798fbb500baeea50dfbccd5a3f5f5286f8c823eb4b68973122e2cf18,clk-mt6878-adsp.ko,clk_mt6878_adsp,vendor_boot_platform,LIKELY_PLATFORM_MATCH,exact module-name target found in Nothing source index; needs target-scoped symbol/DT/KMI confirmation; device_modules:drivers/clk/mediatek
4541c81228ec0e70278e47d1f8bd6e81253aa28f9b3448c3f013a92ac7d19f86,emi-fake-eng.ko,emi_fake_eng,vendor_dlkm,LIKELY_PLATFORM_MATCH,exact module-name target found in Nothing source index; needs target-scoped symbol/DT/KMI confirmation; device_modules:drivers/memory/mediatek
466da31c3f159ca13de20f9174463bc837baebbf45c21e63fc0213f7197f6f47,mtk-vcodec-enc-v1.ko,mtk_vcodec_enc_v1,vendor_dlkm,LIKELY_PLATFORM_MATCH,"exact module-name target found; corroboration is non-decisive (export-only and/or directory-scoped): device_modules:drivers/media/platform/mtk-vcodec DIRECTORY_FALLBACK (compatible=mediatek,mt2712-vcodec-enc,mediatek,mt6771-vcodec-enc,mediatek,mt6835-vcodec-enc,mediatek,mt6853-vcodec-enc)"
467dcf89b5d807c2735c22c3023edc1137d135302f14d236fc841d110b07bc03,rt5133-regulator.ko,rt5133_regulator,vendor_boot_platform,DIRECT_SOURCE_MATCH,"exact module name plus target-scoped hardware corroboration: device_modules:drivers/regulator target-scoped (compatible=richtek,rt5133)"
469355a7943e2dbf5becc8ed6d4c5b82a9448ba88f33516de2ad8bf30b4ba097,c2k_usb.ko,c2k_usb,vendor_dlkm,LIKELY_PLATFORM_MATCH,"exact module-name target found; corroboration is non-decisive (export-only and/or directory-scoped): device_modules:drivers/misc/mediatek/usb/c2k_usb DIRECTORY_FALLBACK (exports=alloc_inst_rawbulk,rawbulk_alloc,rawbulk_bind_function,rawbulk_bind_sdio_channel,rawbulk_check_enable,rawbulk_disable_function)"
46ab2c37de08b787844994abaa1ba3036adb9314fdbb2ab3c1737cb83142c9c0,gz_virtio_mod.ko,gz_virtio_mod,vendor_dlkm,DIRECT_SOURCE_MATCH,"exact module name plus target-scoped hardware corroboration: device_modules:drivers/misc/mediatek/geniezone/gz-trusty target-scoped (compatible=android,nebula-virtio-v1,android,trusty-virtio-v1)"
46dc950c2566b6a7a6b7dfafd34609ec240da46bb463aa7f89b26ea1e60a164d,mtk_cm_mgr.ko,mtk_cm_mgr,vendor_dlkm,LIKELY_PLATFORM_MATCH,"exact module-name target found; corroboration is non-decisive (export-only and/or directory-scoped): device_modules:drivers/misc/mediatek/cm_mgr DIRECTORY_FALLBACK (exports=cm_mgr_check_dts_setting,cm_mgr_common_exit,cm_mgr_common_init,cm_mgr_get_blank_status,cm_mgr_get_bw_path,cm_mgr_get_disable_fb)"
47f48dc56094b3fabe829ec3ccfc665d167353ceb37ea9ac23fe9683108b26fa,vcp_status.ko,vcp_status,vendor_boot_platform,LIKELY_PLATFORM_MATCH,"exact module-name target found; corroboration is non-decisive (export-only and/or directory-scoped): device_modules:drivers/misc/mediatek/vcp/rv TARGET_FILES (exports=is_suspending,is_vcp_ready_ex,is_vcp_suspending_ex,mminfra_debug_dump,mmup_enable_count,pwclkcnt)"
49ae5014444a3109cef26d2b21bb22ac9c2501d18f3aaf11b16a21a92ab4cf6f,pmic_lbat_service.ko,pmic_lbat_service,vendor_boot_platform,DIRECT_SOURCE_MATCH,"exact module name plus target-scoped hardware corroboration: device_modules:drivers/misc/mediatek/power_throttling target-scoped (compatible=mediatek,mt6359p-lbat_service,mediatek,mt6375-lbat-service,mediatek,mt6377-lbat-service; exports=lbat_read_raw,lbat_read_volt,lbat_user_modify_thd,lbat_user_modify_thd_ext,lbat_user_modify_thd_ext_locked,lbat_user_modify_thd_locked)"
4b29f9b401c43fe98373d17c0360340c0c58f2cc15e2dfbfd536a60bb9484e38,gz_tz_system.ko,gz_tz_system,vendor_dlkm,DIRECT_SOURCE_MATCH,"exact module name plus target-scoped hardware corroboration: device_modules:drivers/misc/mediatek/geniezone target-scoped (compatible=mediatek,trusty-tz; exports=KREE_CloseSession,KREE_CreateSession,KREE_GetSystemCnt,KREE_GetSystemCntFrq,KREE_SessionToTID,KREE_TeeServiceCall)"
4c32f26bfb2efa66e75befe498333f36dba7922be6081ebf125ad3eede5b4cb2,phy-mtk-xsphy.ko,phy_mtk_xsphy,vendor_boot_platform,DIRECT_SOURCE_MATCH,"exact module name plus target-scoped hardware corroboration: device_modules:drivers/phy/mediatek target-scoped (compatible=mediatek,xsphy) | kernel:drivers/phy/mediatek target-scoped (compatible=mediatek,xsphy)"
4d90f4a189867df7e9e958d0e6568f01402cb6120993a7c780fd94a2a11891a1,emi.ko,emi,vendor_boot_platform,LIKELY_PLATFORM_MATCH,"exact module-name target found; corroboration is non-decisive (export-only and/or directory-scoped): device_modules:drivers/memory/mediatek DIRECTORY_FALLBACK (exports=mtk_emicen_addr2dram,mtk_emicen_get_ch_cnt,mtk_emicen_get_rk_cnt,mtk_emicen_get_rk_size,mtk_emidbg_dump)"
4e6acf9af2959cd4f81695edc1e1ec10b26b808b2e47b92ef32aab1d9d0e68e3,bt_drv_6878.ko,bt_drv_6878,vendor_dlkm,LIKELY_PLATFORM_MATCH,"Nothing MT6878 builds the MediaTek BT linux_v2 stack and contains matching btmtk API, but the exact bt_drv_6878 output target was not proven"
509a78cb69a7ec64547919908783532416c51c1bc3b0da14ff8057ff9bc6e906,sspm_v3.ko,sspm_v3,vendor_dlkm,LIKELY_PLATFORM_MATCH,"exact module-name target found; corroboration is non-decisive (export-only and/or directory-scoped): device_modules:drivers/misc/mediatek/sspm/v3 TARGET_FILES (exports=sspm_reserve_mem_get_phys,sspm_reserve_mem_get_size,sspm_reserve_mem_get_virt,sspm_sbuf_get)"
523e43835638432a64b5b62a1aa65c9c9d431ad97078ac45f7c250a069ba7603,snd-soc-mt6369.ko,snd_soc_mt6369,vendor_dlkm,LIKELY_PLATFORM_MATCH,"exact module-name target found; corroboration is non-decisive (export-only and/or directory-scoped): device_modules:sound/soc/codecs DIRECTORY_FALLBACK (compatible=mediatek,mt6369-sound; exports=mt6369_mtkaif_calibration_disable,mt6369_mtkaif_calibration_enable,mt6369_set_codec_ops,mt6369_set_mtkaif_calibration_phase,mt6369_set_mtkaif_protocol)"
527bddb4ddb11e94ed85e6969a10f807178cbb3f0fd326c8509824800a3d61a7,sh366003_fg.ko,sh366003_fg,vendor_boot_platform,ULEFONE_ONLY,SH366003 fuel-gauge module has no exact Nothing/public kernel source hit in the current audit
52b75f51b10a7685abe14d87e6c81ab2f6a1ca5e6c99b33932aa23db9e0d4adc,met_ipi_api.ko,met_ipi_api,vendor_dlkm,LIKELY_PLATFORM_MATCH,exact module-name target found in Nothing source index; needs target-scoped symbol/DT/KMI confirmation; kernel_modules:.;kernel_modules:met_ipi_api
52d32ecc1033e3458a0dfcca07353a8540a01667ac89648b60da218d63e17520,slhc.ko,slhc,system_dlkm,LIKELY_PLATFORM_MATCH,"exact module-name target found; corroboration is non-decisive (export-only and/or directory-scoped): kernel:drivers/net/slip TARGET_FILES (exports=slhc_compress,slhc_free,slhc_init,slhc_remember,slhc_toss,slhc_uncompress)"
5342aa278f8d4783d5b39c5c7992c6d87f8db6a10e611a81d1db0783cfea3d0c,bootprof.ko,bootprof,vendor_boot_platform,LIKELY_PLATFORM_MATCH,"exact module-name target found; corroboration is non-decisive (export-only and/or directory-scoped): device_modules:drivers/misc/mediatek/mtprof TARGET_FILES (exports=bootprof_log_boot,mt_boot_finish)"
5368b53e0a277fbc24eecb4f8b42badcb70c37dba147b9e71be3cd9054cd5baf,i2c-mt65xx.ko,i2c_mt65xx,vendor_boot_platform,DIRECT_SOURCE_MATCH,"exact module name plus target-scoped hardware corroboration: device_modules:drivers/i2c/busses target-scoped (compatible=mediatek,mt2712-i2c,mediatek,mt6577-i2c,mediatek,mt6589-i2c,mediatek,mt6873-i2c; exports=mtk_i2c_clock_disable_ex,mtk_i2c_clock_enable_ex,scp_wake_release,scp_wake_request) | kernel:drivers/i2c/busses target-scoped (compatible=mediatek,mt2712-i2c,mediatek,mt6577-i2c,mediatek,mt6589-i2c,mediatek,mt7622-i2c)"
53c2957db5a2866d27f8dda5910ba2ddda0200ab36fa50b7a97bb87436897cec,yft_gpio_keys.ko,yft_gpio_keys,vendor_boot_platform,ULEFONE_ONLY,YFT/Ulefone GPIO keys implementation
5421b83cc767c5d57ee1db328189413d0e6f53eb6d272e418b52d83d76e7a61b,dw9781c.ko,dw9781c,vendor_dlkm,DIRECT_SOURCE_MATCH,"exact module name plus target-scoped hardware corroboration: device_modules:drivers/misc/mediatek/lens/ois/dw9781c target-scoped (compatible=mediatek,dw9781c)"
543d986e2cd1e8959c759e2d9618664d8294997e2c073e377a721ad4329ed0d7,mtk-dvfsrc-start.ko,mtk_dvfsrc_start,vendor_dlkm,LIKELY_PLATFORM_MATCH,exact module-name target found in Nothing source index; needs target-scoped symbol/DT/KMI confirmation; device_modules:drivers/soc/mediatek
54428c82358cc794f43c9fb3b62586766f9b892518a3f7fdbfcfaa1977f62ea4,mtk_gpufreq_mt6878.ko,mtk_gpufreq_mt6878,vendor_dlkm,LIKELY_PLATFORM_MATCH,"exact module-name target found; corroboration is non-decisive (export-only and/or directory-scoped): device_modules:drivers/gpu/mediatek/gpufreq/v2 DIRECTORY_FALLBACK (compatible=mediatek,gpufreq)"
5463e06c205623e4b1b713416836e3b5235dc246c7d536595f6613ba3492d712,spi-mt65xx.ko,spi_mt65xx,vendor_boot_platform,DIRECT_SOURCE_MATCH,"exact module name plus target-scoped hardware corroboration: device_modules:drivers/spi target-scoped (alias=platform:mtk-spi; compatible=mediatek,mt2701-spi,mediatek,mt2712-spi,mediatek,mt6589-spi,mediatek,mt6765-spi; exports=mt_spi_disable_master_clk,mt_spi_enable_master_clk,mtk_spi_set_autosuspend_delay) | kernel:drivers/spi target-scoped (alias=platform:mtk-spi; compatible=mediatek,mt2701-spi,mediatek,mt2712-spi,mediatek,mt6589-spi,mediatek,mt6765-spi)"
54b28c83c8f20cba2ce4b7c770fc4534120eba6aaddd1eff11e09bee22b61ef6,pinctrl-mtk-v2.ko,pinctrl_mtk_v2,vendor_boot_platform,LIKELY_PLATFORM_MATCH,"exact module-name target found; corroboration is non-decisive (export-only and/or directory-scoped): device_modules:drivers/pinctrl/mediatek DIRECTORY_FALLBACK (exports=dump_eint_pin_status,mt63xx_hw_set_value,mt63xx_pinctrl_probe,mtk_build_eint,mtk_eh_ctrl,mtk_eint_do_init)"
54c83bbf52b87113b79892522a2c7427f81c5bac8bb29b768931ba7e6d5d39ca,load_track.ko,load_track,vendor_dlkm,LIKELY_PLATFORM_MATCH,"exact module-name target found; corroboration is non-decisive (export-only and/or directory-scoped): device_modules:drivers/misc/mediatek/performance/load_track TARGET_FILES (exports=reg_loading_tracking_sp,unreg_loading_tracking_sp)"
56c1d502ace3ad4ab677dd63639df9df651d0418033071b640ed3075fa1118c1,mtk_ioctl_touch_boost.ko,mtk_ioctl_touch_boost,vendor_dlkm,LIKELY_PLATFORM_MATCH,exact module-name target found in Nothing source index; needs target-scoped symbol/DT/KMI confirmation; device_modules:drivers/misc/mediatek/performance
56c3c867cf83d5a242065b7b44c07eae0629d8b9a539f2a98e7a65f4d14fe225,8250_mtk.ko,8250_mtk,vendor_boot_platform,DIRECT_SOURCE_MATCH,"exact module name plus target-scoped hardware corroboration: device_modules:drivers/tty/serial/8250 target-scoped (compatible=mediatek,mt6577-uart,mediatek,mt6985-uart; exports=mtk8250_uart_dump,mtk8250_uart_end_record,mtk8250_uart_hub_assert_bit_ctrl,mtk8250_uart_hub_clear_request,mtk8250_uart_hub_dev0_clear_rx_request,mtk8250_uart_hub_dev0_clear_tx_request) | kernel:drivers/tty/serial/8250 target-scoped (compatible=mediatek,mt6577-uart)"
58cdfd03285c2e6517caace75a9cf6256a63f2fb171451845e758e0d28dbbe78,clk-bringup.ko,clk_bringup,vendor_boot_platform,LIKELY_PLATFORM_MATCH,exact module-name target found in Nothing source index; needs target-scoped symbol/DT/KMI confirmation; device_modules:drivers/clk/mediatek
58e016106a39839eb9909c32548c6d8c6445b0f0b1cfad06f28502c0583d2a60,clk-mt6878-vlp.ko,clk_mt6878_vlp,vendor_boot_platform,LIKELY_PLATFORM_MATCH,exact module-name target found in Nothing source index; needs target-scoped symbol/DT/KMI confirmation; device_modules:drivers/clk/mediatek
5925bf498b1807cf6f24003a965d675c693ce11e5dc7cea29ae3769c44775889,mtk-mmc-dbg.ko,mtk_mmc_dbg,vendor_boot_platform,LIKELY_PLATFORM_MATCH,"exact module-name target found; corroboration is non-decisive (export-only and/or directory-scoped): device_modules:drivers/mmc/host TARGET_FILES (exports=mmc_dbg_register,mmc_mtk_dbg_get_aee_buffer,msdc_dump_info,msdc_dump_ldo_sts)"
5a11a9f7270eb0c9c9703cb189cda2e26d9637694f4861c5d2fcbe40ef894d5a,mt6369-regulator.ko,mt6369_regulator,vendor_boot_platform,LIKELY_PLATFORM_MATCH,exact module-name target found in Nothing source index; needs target-scoped symbol/DT/KMI confirmation; device_modules:drivers/regulator
5abc061d76bd3120f94d8c94811714765590a57a1a129672672bb6c3948f5ccf,drm_display_helper.ko,drm_display_helper,vendor_boot_platform,LIKELY_PLATFORM_MATCH,"exact module-name target found; corroboration is non-decisive (export-only and/or directory-scoped): kernel:drivers/gpu/drm/display TARGET_FILES (exports=drm_dp_dual_mode_detect,drm_dp_dual_mode_get_tmds_output,drm_dp_dual_mode_max_tmds_clock,drm_dp_dual_mode_read,drm_dp_dual_mode_set_tmds_output,drm_dp_dual_mode_write)"
5ad6963756019a3c9a2915e5cdc5eaa00532d7cf022506d27b4fa966a48117d9,mtu3.ko,mtu3,vendor_boot_platform,LIKELY_PLATFORM_MATCH,exact module-name target found in Nothing source index; needs target-scoped symbol/DT/KMI confirmation; device_modules:drivers/usb/mtu3;kernel:drivers/usb/mtu3
5c5945457f8e3f37744c95a98075278134a328590d27e00d38dd8de8261078e8,st21nfc.ko,st21nfc,vendor_boot_platform,DIRECT_SOURCE_MATCH,"exact module name plus target-scoped hardware corroboration: device_modules:drivers/misc/mediatek/nfc/st21nfc target-scoped (compatible=st,st21nfc)"
5d74d10d0e3fbbc8e426fa20f6af13c04ff0755afdfc58efa09b9675d5b96d14,mtk_aie.ko,mtk_aie,vendor_dlkm,LIKELY_PLATFORM_MATCH,exact module-name target found in Nothing source index; needs target-scoped symbol/DT/KMI confirmation; kernel_modules:.
5e6399c7630cae6e5c310a9f6cdac95ea4294918508612e5f8c29f573f00fe49,ccci_dpmaif.ko,ccci_dpmaif,vendor_dlkm,LIKELY_PLATFORM_MATCH,exact module-name target found in Nothing source index; needs target-scoped symbol/DT/KMI confirmation; device_modules:drivers/misc/mediatek/eccci/hif
5ed7c81da9e2fcb9db0c591d36c97fb4a7c59dbbb42c8b14e1fe725590ed56a1,zsmalloc.ko,zsmalloc,system_dlkm,LIKELY_PLATFORM_MATCH,"exact module-name target found; corroboration is non-decisive (export-only and/or directory-scoped): kernel:mm TARGET_FILES (exports=zs_compact,zs_create_pool,zs_destroy_pool,zs_free,zs_get_total_pages,zs_huge_class_size)"
5fc9592bea31c17bb627bb854c3fd17ba341550f6be3bcfedc01093c8f5f066c,mt6338-core.ko,mt6338_core,vendor_boot_platform,DIRECT_SOURCE_MATCH,"exact module name plus target-scoped hardware corroboration: device_modules:drivers/mfd target-scoped (compatible=mediatek,mt6338_pmic; exports=mt6338_probe_done)"
609e1855b7dca8b2f21d320ffcaa1ab480ecda6f378a9ac9e390316cad5e18b0,adapter_class.ko,adapter_class,vendor_boot_platform,LIKELY_PLATFORM_MATCH,"exact module-name target found; corroboration is non-decisive (export-only and/or directory-scoped): device_modules:drivers/power/supply TARGET_FILES (exports=adapter_dev_authentication,adapter_dev_enable_wdt,adapter_dev_get_cap,adapter_dev_get_output,adapter_dev_get_property,adapter_dev_get_status)"
60f520e3b7f2a0dda95b8844ead106430ec63ebf350b591a0da5db01fce3d2b4,extdev_io_class.ko,extdev_io_class,vendor_boot_platform,LIKELY_PLATFORM_MATCH,"exact module-name target found; corroboration is non-decisive (export-only and/or directory-scoped): device_modules:drivers/misc/mediatek/subpmic TARGET_FILES (exports=devm_extdev_io_device_register,extdev_io_device_register,extdev_io_device_unregister)"
6348174ce2b4c9f5aeac6f77a624aff7f0894624671e51ef74e4510bc02054c5,mtk-swpm.ko,mtk_swpm,vendor_dlkm,LIKELY_PLATFORM_MATCH,"exact module-name target found; corroboration is non-decisive (export-only and/or directory-scoped): device_modules:drivers/misc/mediatek/swpm DIRECTORY_FALLBACK (exports=get_ddr_act_times,get_ddr_data_ip_num,get_ddr_freq_data_ip_stats,get_ddr_freq_num,get_ddr_sr_pd_times,get_res_sig_stats)"
6373afa19d09289400c8a1ae3ab8bf1edb1ba354fa92d16003285e4b79771710,connfem.ko,connfem,vendor_dlkm,DIRECT_SOURCE_MATCH,Nothing MT6878 publishes the connfem external-module source and MT6878 connfem DTS integration; stock module/API evidence matches
65282e4fca3867482de11c6f6e9d309cf757ec5ee57f72cfd5cedc25b059815c,mmqos-common.ko,mmqos_common,vendor_boot_platform,LIKELY_PLATFORM_MATCH,"exact module-name target found; corroboration is non-decisive (export-only and/or directory-scoped): device_modules:drivers/interconnect/mediatek TARGET_FILES (exports=check_chnn_bw,check_disp_chnn_bw,clear_chnn_bw,create_fake_comm_port_node,get_mmqos_state,mmqos_get_vcp_base)"
65bf62784bed15cd215c0356650481e48883fea80fc2b8bf19fba4fc319a23cb,nhc_ipv6.ko,nhc_ipv6,system_dlkm,LIKELY_PLATFORM_MATCH,exact module-name target found in Nothing source index; needs target-scoped symbol/DT/KMI confirmation; kernel:net/6lowpan
65f597addaf23e24ba69b388acd888b9602845f9da07e897749ed58e63bb2955,smpu.ko,smpu,vendor_boot_platform,DIRECT_SOURCE_MATCH,"exact module name plus target-scoped hardware corroboration: device_modules:drivers/memory/mediatek target-scoped (compatible=mediatek,smpu; exports=global_nsmpu,global_ssmpu,mtk_smpu_isr_hook_register,mtk_smpu_md_handling_register,smpu_clear_md_violation)"
6629ec6148ac361a5f0085b8b19efa9d591426679f58262c4998345f41931162,focaltech_touch_spi_ft3680.ko,focaltech_touch_spi_ft3680,vendor_dlkm,NEEDS_ULEFONE_PORT,Ulefone FT3680 driver; Nothing has related FT3519 family source but no direct FT3680 module/API match
67b517d1ee3d3215c28a6371315e022d839f4d9b0e667727776d44c6c8167d56,mtk_pep.ko,mtk_pep,vendor_boot_platform,LIKELY_PLATFORM_MATCH,"exact module-name target found; corroboration is non-decisive (export-only and/or directory-scoped): device_modules:drivers/power/supply DIRECTORY_FALLBACK (compatible=mediatek,charger,pe)"
67db13b28401c8089bb27bf25b220aa743413d49a8943b8d3cd2c8e94f4371f5,mtk-dvfsrc-helper.ko,mtk_dvfsrc_helper,vendor_boot_platform,LIKELY_PLATFORM_MATCH,"exact module-name target found; corroboration is non-decisive (export-only and/or directory-scoped): device_modules:drivers/misc/mediatek/dvfsrc TARGET_FILES (exports=dvfsrc_get_data,get_cur_ddr_ratio,get_sw_req_vcore_opp,mtk_dvfsrc_query_debug_info,mtk_dvfsrc_query_opp_info,mtk_dvfsrc_set_vcore_avs)"
686700a9209f9ab9a18d8e1e2fda84f65b11548c8b1a48ff59f2073d75f13230,cdc_ether.ko,cdc_ether,system_dlkm,LIKELY_PLATFORM_MATCH,"exact module-name target found; corroboration is non-decisive (export-only and/or directory-scoped): kernel:drivers/net/usb TARGET_FILES (exports=usbnet_cdc_bind,usbnet_cdc_status,usbnet_cdc_unbind,usbnet_cdc_update_filter,usbnet_cdc_zte_rx_fixup,usbnet_ether_cdc_bind)"
695b30c8f796d1e238f2821b8b7630ac82f1ca294f9dd525a34c1249e6850d69,nvmem_mtk-devinfo.ko,nvmem_mtk_devinfo,vendor_boot_platform,LIKELY_PLATFORM_MATCH,"exact module-name target found; corroboration is non-decisive (export-only and/or directory-scoped): device_modules:drivers/nvmem DIRECTORY_FALLBACK (compatible=mediatek,devinfo)"
69f2dd5e88afc0f1dc1aeda925274572eb069f43230ff49f46fe468d19ccf9b8,emi-mpu.ko,emi_mpu,vendor_boot_platform,DIRECT_SOURCE_MATCH,"exact module name plus target-scoped hardware corroboration: device_modules:drivers/memory/mediatek target-scoped (compatible=mediatek,common-emimpu; exports=global_emi_mpu,mtk_clear_md_violation,mtk_clear_smpu_log,mtk_emimpu_md_handling_register)"
6a72d98b0d514b922ed2a1a141468ce77230395c7e5fcda915a95a652ea72fe1,clk-common.ko,clk_common,vendor_boot_platform,LIKELY_PLATFORM_MATCH,"exact module-name target found; corroboration is non-decisive (export-only and/or directory-scoped): device_modules:drivers/clk/mediatek TARGET_FILES (exports=clk_chk_dev_pm_ops,clk_chk_lookup,clk_dbg_driver_register,clkchk_devapc_dump,clkchk_hwv_irq_init,clkchk_pvdck_is_enabled)"
6a8607ee93fabd244bfe269c5c9c3c94915a6db9b5e9e4f8d7419860b46adae6,mtk-icc-core.ko,mtk_icc_core,vendor_boot_platform,LIKELY_PLATFORM_MATCH,"exact module-name target found; corroboration is non-decisive (export-only and/or directory-scoped): device_modules:drivers/misc/mediatek/mtk-interconnect DIRECTORY_FALLBACK (exports=mtk_icc_get,mtk_icc_link_create,mtk_icc_link_destroy,mtk_icc_node_add,mtk_icc_node_create,mtk_icc_node_del)"
6b87f7104e8d3586dac910f9ef5d35283c125532146b4b9b810bb9e827567a7a,clk-dbg-mt6878.ko,clk_dbg_mt6878,vendor_dlkm,LIKELY_PLATFORM_MATCH,exact module-name target found in Nothing source index; needs target-scoped symbol/DT/KMI confirmation; device_modules:drivers/clk/mediatek
6c4e88627123a57684ac5a5fe4648bb2b105140d05f23f2e469db4d1c2060362,charger_cooling.ko,charger_cooling,vendor_dlkm,DIRECT_SOURCE_MATCH,"exact module name plus target-scoped hardware corroboration: device_modules:drivers/thermal/mediatek target-scoped (compatible=mediatek,mt6360-charger-cooler,mediatek,mt6375-charger-cooler)"
6c8179394907c6487a63171136e3a057ad61a3090ec67195d22cd8a400f7a86f,dbgtop-drm.ko,dbgtop_drm,vendor_boot_platform,LIKELY_PLATFORM_MATCH,"exact module-name target found; corroboration is non-decisive (export-only and/or directory-scoped): device_modules:drivers/misc/mediatek/sda TARGET_FILES (exports=mtk_dbgtop_dfd_timeout,mtk_dbgtop_mfg_pwr_en,mtk_dbgtop_mfg_pwr_on)"
6d7733c1cb95fb46235f7b12527b992a2833c891124f74d73765b7fbb3e93b02,scheduler.ko,scheduler,vendor_dlkm,LIKELY_PLATFORM_MATCH,"exact module-name target found; corroboration is non-decisive (export-only and/or directory-scoped): device_modules:drivers/misc/mediatek/sched TARGET_FILES (exports=get_background_cpumask,get_foreground_cpumask,get_gear_indices,get_group_prefer_cpus,get_share_buck,get_top_app_cpumask)"
6db0fdd4ae91ada777d36eccbb1b52ec2602a3474a645774546f3565bdcd84ea,mediatek-drm-gateic.ko,mediatek_drm_gateic,vendor_boot_platform,LIKELY_PLATFORM_MATCH,"exact module-name target found; corroboration is non-decisive (export-only and/or directory-scoped): device_modules:drivers/gpu/drm/panel DIRECTORY_FALLBACK (compatible=mediatek,mtk-drm-gateic-drv-rt4801h,mediatek,mtk-drm-gateic-drv-rt4831a; exports=mtk_drm_gateic_enable_backlight,mtk_drm_gateic_get,mtk_drm_gateic_power_off,mtk_drm_gateic_power_on,mtk_drm_gateic_register,mtk_drm_gateic_reset)"
6db23fd3648d22273ced735258773ba91c63e737972e4b83ec71a17608b5a6a3,aee_aed.ko,aee_aed,vendor_boot_platform,LIKELY_PLATFORM_MATCH,"exact module-name target found; corroboration is non-decisive (export-only and/or directory-scoped): device_modules:drivers/misc/mediatek/aee/aed DIRECTORY_FALLBACK (exports=aed_combo_exception_api,aed_common_exception_api,aed_get_status,aed_md32_exception_api,aed_md_exception_api,aed_scp_exception_api)"
6dc7458c47be8fecf6753bd5575ec1a90d4f5388d44165554588788e23751306,main3_vcm.ko,main3_vcm,vendor_dlkm,DIRECT_SOURCE_MATCH,"exact module name plus target-scoped hardware corroboration: device_modules:drivers/misc/mediatek/lens/vcm/v4l2/main3_vcm target-scoped (compatible=mediatek,main3_vcm)"
7046aacd2312db0030f6edc5b25aafe5f81af4243533d057959aedd4cd2be7ab,nhc_fragment.ko,nhc_fragment,system_dlkm,LIKELY_PLATFORM_MATCH,exact module-name target found in Nothing source index; needs target-scoped symbol/DT/KMI confirmation; kernel:net/6lowpan
70791ad902e31633227f8869b59e338f1a744895231e2434edd2c3b18a2c2318,can-gw.ko,can_gw,system_dlkm,LIKELY_PLATFORM_MATCH,exact module-name target found in Nothing source index; needs target-scoped symbol/DT/KMI confirmation; kernel:net/can
707e26674abbe7f9c695bb949d74fd5de04972d4bbb991cddc3a2ea9ab45f01b,tmem_ffa.ko,tmem_ffa,vendor_dlkm,LIKELY_PLATFORM_MATCH,"exact module-name target found; corroboration is non-decisive (export-only and/or directory-scoped): device_modules:drivers/misc/mediatek/trusted_mem DIRECTORY_FALLBACK (exports=trusted_mem_api_alloc,trusted_mem_api_alloc_zero,trusted_mem_api_get_page_replace,trusted_mem_api_get_region_info,trusted_mem_api_query_pa,trusted_mem_api_unref)"
70ba37e851d8aae29b5b6b9786ec5cd77ce79c2a996857409424091a504b8c7f,mediatek-cpufreq-hw.ko,mediatek_cpufreq_hw,vendor_boot_platform,LIKELY_PLATFORM_MATCH,"exact module-name target found; corroboration is non-decisive (export-only and/or directory-scoped): device_modules:drivers/cpufreq DIRECTORY_FALLBACK (exports=cpufreq_fdvfs_cci_switch,is_fdvfs_support,stop_dvfs_log)"
70bf1a211faf36e1ccf7def2e40b80773d913790dd2d5f126a4e495a467ea629,clkbuf.ko,clkbuf,vendor_boot_platform,LIKELY_PLATFORM_MATCH,exact module-name target found in Nothing source index; needs target-scoped symbol/DT/KMI confirmation; device_modules:drivers/misc/mediatek/clkbuf
71961fac53644c42a7bd50750b4054464c8bb5f752ab2f5df5992e6b37d6b9d8,mtk-dvfsrc-devfreq.ko,mtk_dvfsrc_devfreq,vendor_boot_platform,LIKELY_PLATFORM_MATCH,exact module-name target found in Nothing source index; needs target-scoped symbol/DT/KMI confirmation; device_modules:drivers/devfreq
71f619915a7a95a505c0962a7baf4247133d73155f3a64ce52960494c336569f,irq-dbg.ko,irq_dbg,vendor_boot_platform,LIKELY_PLATFORM_MATCH,exact module-name target found; corroboration is non-decisive (export-only and/or directory-scoped): device_modules:drivers/misc/mediatek/sda TARGET_FILES (exports=mt_irq_dump_status)
72446c1929e0a397946c2fd784cb905767acc241cf35567607a03b9f5c4fbd60,mtk-emi.ko,mtk_emi,vendor_boot_platform,DIRECT_SOURCE_MATCH,"exact module name plus target-scoped hardware corroboration: device_modules:drivers/interconnect/mediatek target-scoped (compatible=mediatek,mt6833-dvfsrc,mediatek,mt6853-dvfsrc,mediatek,mt6855-dvfsrc,mediatek,mt6873-dvfsrc)"
7300dce02e58e68ccf5134ba32a8fde0f3a650cc0e2e528be0c57f75e090edb0,mac802154.ko,mac802154,system_dlkm,LIKELY_PLATFORM_MATCH,"exact module-name target found; corroboration is non-decisive (export-only and/or directory-scoped): kernel:net/mac802154 DIRECTORY_FALLBACK (exports=ieee802154_alloc_hw,ieee802154_configure_durations,ieee802154_free_hw,ieee802154_register_hw,ieee802154_rx_irqsafe,ieee802154_stop_queue)"
7363bd0fb4421573b256ffdf06fb15f47fa39913c66f91e0a3eeb2118b7491f9,mtk_cg_peak_power_throttling.ko,mtk_cg_peak_power_throttling,vendor_dlkm,DIRECT_SOURCE_MATCH,"exact module name plus target-scoped hardware corroboration: device_modules:drivers/misc/mediatek/cg_ppt target-scoped (compatible=mediatek,cgppt; exports=cgppt_set_mo_multiscene)"
739dee896c60143b9c8e4092761ad8d217bcb0af24a848e31c60a9540a3e16d9,mtk-ssc.ko,mtk_ssc,vendor_dlkm,LIKELY_PLATFORM_MATCH,"exact module-name target found; corroboration is non-decisive (export-only and/or directory-scoped): device_modules:drivers/misc/mediatek/ssc DIRECTORY_FALLBACK (exports=ssc_disable_vlogic_bound,ssc_enable,ssc_enable_vlogic_bound,ssc_kobj,ssc_vlogic_bound_register_notifier,ssc_vlogic_bound_unregister_notifier)"
7491b08703d2af7eeec5fd43bea721222617c87679b0fc9cbf86eb16ce75766a,cpuqos_v3.ko,cpuqos_v3,vendor_dlkm,LIKELY_PLATFORM_MATCH,"exact module-name target found; corroboration is non-decisive (export-only and/or directory-scoped): device_modules:drivers/misc/mediatek/cache-auditor/cpuqos_v3 TARGET_FILES (exports=mtk_cpuqos_css_map,mtk_cpuqos_set,set_cpuqos_mode,set_ct_group,set_ct_task,set_group_pd)"
7495713a8cc2b94d62b63bcab5d8a33ee6b93976d8372e4b660a862793c6c9c2,usb_meta.ko,usb_meta,vendor_boot_platform,DIRECT_SOURCE_MATCH,"exact module name plus target-scoped hardware corroboration: device_modules:drivers/misc/mediatek/usb/usb_meta target-scoped (compatible=mediatek,usb-meta)"
7496ce42c408268b91dacf7a1114edda761902d6f620633f48753bddfc53aced,mac80211.ko,mac80211,vendor_dlkm,LIKELY_PLATFORM_MATCH,exact module-name target found; corroboration is non-decisive (export-only and/or directory-scoped): kernel:net/mac80211 TARGET_FILES (exports=ieee80211_report_wowlan_wakeup)
74aeea4077df4a052a8c90657ea4a1b4e5241f4876543a808f306a6adc2ffa4b,hf_manager.ko,hf_manager,vendor_dlkm,LIKELY_PLATFORM_MATCH,"exact module-name target found; corroboration is non-decisive (export-only and/or directory-scoped): device_modules:drivers/misc/mediatek/sensor/2.0/core TARGET_FILES (exports=coordinate_map,hf_client_control_sensor,hf_client_create,hf_client_custom_cmd,hf_client_destroy,hf_client_find_sensor)"
75405b2f0b7b61981f060ad7852b57e58a95b494bb251e8e49e0ac7c4de601f1,msync2_frd.ko,msync2_frd,vendor_dlkm,LIKELY_PLATFORM_MATCH,exact module-name target found in Nothing source index; needs target-scoped symbol/DT/KMI confirmation; kernel_modules:.
7542d26898970e6d770922f109d1093c549ec9aa6c391ff5c868cd6b00e45f3e,industrialio-triggered-buffer.ko,industrialio_triggered_buffer,vendor_boot_platform,LIKELY_PLATFORM_MATCH,"exact module-name target found; corroboration is non-decisive (export-only and/or directory-scoped): kernel:drivers/iio/buffer TARGET_FILES (exports=devm_iio_triggered_buffer_setup_ext,iio_triggered_buffer_cleanup,iio_triggered_buffer_setup_ext)"
7556b3a6ae04812f6c71cc5578e1c810e16b18471182e969820d44776d9954a5,mtk-scpsys.ko,mtk_scpsys,vendor_boot_platform,LIKELY_PLATFORM_MATCH,"exact module-name target found; corroboration is non-decisive (export-only and/or directory-scoped): device_modules:drivers/soc/mediatek TARGET_FILES (exports=__mminfra_hwv_power_ctrl,init_scp,mtk_register_power_domains,register_apu_callback,register_scpsys_notifier,unregister_scpsys_notifier)"
755ba5aa3027da1ab4d3c447106733c84c8b825d5fdaec6b811b8fcc01cee3c3,mtk-mmdvfs-ftrace.ko,mtk_mmdvfs_ftrace,vendor_boot_platform,LIKELY_PLATFORM_MATCH,"exact module-name target found; corroboration is non-decisive (export-only and/or directory-scoped): device_modules:drivers/misc/mediatek/mmdvfs TARGET_FILES (exports=ftrace_pwr_opp_v3,ftrace_record_opp_v1,ftrace_user_opp_v3,ftrace_user_opp_v3_vcore,ftrace_user_opp_v3_vmm)"
7602f04ae2d5912093d2f5f82163af7e95bdd5c6cfa811ef41bbf424e8743952,hidp.ko,hidp,system_dlkm,LIKELY_PLATFORM_MATCH,exact module-name target found in Nothing source index; needs target-scoped symbol/DT/KMI confirmation; kernel:net/bluetooth/hidp
767ad56f225051b1081800f02d5b98adc6f1c4c3bb29416742f95c2d07c8724c,usbnet.ko,usbnet,system_dlkm,LIKELY_PLATFORM_MATCH,"exact module-name target found; corroboration is non-decisive (export-only and/or directory-scoped): kernel:drivers/net/usb TARGET_FILES (exports=usbnet_change_mtu,usbnet_defer_kevent,usbnet_device_suggests_idle,usbnet_disconnect,usbnet_get_drvinfo,usbnet_get_endpoints)"
76c6ac7ed99045cf0550347e03a21112b6da38258669875bd18e0a31b3ac011e,mtk_perf_ioctl_magt.ko,mtk_perf_ioctl_magt,vendor_dlkm,LIKELY_PLATFORM_MATCH,exact module-name target found in Nothing source index; needs target-scoped symbol/DT/KMI confirmation; device_modules:drivers/misc/mediatek/performance
76ebbac99b0a748601216bf51bada84761504a875962f66d6fe090ab1bdba156,can-raw.ko,can_raw,system_dlkm,LIKELY_PLATFORM_MATCH,exact module-name target found; corroboration is non-decisive (export-only and/or directory-scoped): kernel:net/can DIRECTORY_FALLBACK (alias=can-proto-1)
772a03c16ad952bb0bcb0f1b58aaf050a37fc2dca85ef10c3d55e0738b57083f,clk-mt6878-bus.ko,clk_mt6878_bus,vendor_boot_platform,LIKELY_PLATFORM_MATCH,exact module-name target found in Nothing source index; needs target-scoped symbol/DT/KMI confirmation; device_modules:drivers/clk/mediatek
77aef22b818dbc19f2a06fbab9ccbeed901908dcc4e0eb75e3c2dbbe22f32c41,sub_vcm.ko,sub_vcm,vendor_dlkm,DIRECT_SOURCE_MATCH,"exact module name plus target-scoped hardware corroboration: device_modules:drivers/misc/mediatek/lens/vcm/v4l2/sub_vcm target-scoped (compatible=mediatek,sub_vcm)"
77baeee8fa7c01d9b6ad9b3a9743caa69aa61b840c3d565d5263d3e965d63eed,yft_tiny2c_usb.ko,yft_tiny2c_usb,vendor_dlkm,ULEFONE_ONLY,YFT/Ulefone USB/charger glue
78a2f3898fb4c1cd77170e73d87d1513906cf49abe74b232cf5e17dab7925246,nhc_hop.ko,nhc_hop,system_dlkm,LIKELY_PLATFORM_MATCH,exact module-name target found in Nothing source index; needs target-scoped symbol/DT/KMI confirmation; kernel:net/6lowpan
78c3a4aa75ddc6f79d6c1d98d5ad1eb64d3555f28e4ef37704a1d51f6a0d19f9,ppp_mppe.ko,ppp_mppe,system_dlkm,LIKELY_PLATFORM_MATCH,exact module-name target found in Nothing source index; needs target-scoped symbol/DT/KMI confirmation; kernel:drivers/net/ppp
78f0a5f0a15acc2669ea9b0432e1342f8c79bc2ee37c9cb6c0b41e931730267e,camera_dpe_isp7sp.ko,camera_dpe_isp7sp,vendor_dlkm,LIKELY_PLATFORM_MATCH,exact module-name target found in Nothing source index; needs target-scoped symbol/DT/KMI confirmation; kernel_modules:.
790065853b875213ee7906bb4c41a5f272106b24a537034a886f12f0153d1d0b,sc8571_charger.ko,sc8571_charger,vendor_boot_platform,ULEFONE_ONLY,SC8571 charger module; no convincing Nothing source match found
793b985a3b132e326e0668ba593ee22dd6bf57178687981d4be68f8037d60434,can.ko,can,system_dlkm,LIKELY_PLATFORM_MATCH,exact module-name target found in Nothing source index; needs target-scoped symbol/DT/KMI confirmation; kernel:net/can
7aa39793ea64964ae07417ed26f78eb0399264ca5179e6ce9a2ad1946a74cb96,mt6878-mt6369.ko,mt6878_mt6369,vendor_dlkm,DIRECT_SOURCE_MATCH,exact module name plus target-scoped hardware corroboration: device_modules:sound/soc/mediatek/mt6878 target-scoped (alias=mt6878 mt6369 soc card)
7af21b468ac9f49578b1553cb435033cf701ea1e690144fa93bd24a2b1458f42,mtk-smi-dbg.ko,mtk_smi_dbg,vendor_boot_platform,LIKELY_PLATFORM_MATCH,"exact module-name target found; corroboration is non-decisive (export-only and/or directory-scoped): device_modules:drivers/misc/mediatek/smi TARGET_FILES (exports=mtk_smi_dbg_cg_status,mtk_smi_dbg_dump_for_disp,mtk_smi_dbg_dump_for_isp_fast,mtk_smi_dbg_dump_for_mminfra,mtk_smi_dbg_dump_for_mml,mtk_smi_dbg_dump_for_vdec)"
7b008d08c83c0ebb6c10e34bcec19b798920481c57c2c78312a5a25aab70c374,mtk-smi.ko,mtk_smi,vendor_boot_platform,LIKELY_PLATFORM_MATCH,"exact module-name target found; corroboration is non-decisive (export-only and/or directory-scoped): device_modules:drivers/memory TARGET_FILES (exports=mtk_smi_check_comm_ref_cnt,mtk_smi_check_larb_ref_cnt,mtk_smi_common_bw_set,mtk_smi_common_ostdl_set,mtk_smi_driver_register_notifier,mtk_smi_driver_unregister_notifier)"
7b047caf1a491693376d3b0f1f67240a202e5522c2211626d8857a6aaafc3139,mtk_gpufreq_wrapper.ko,mtk_gpufreq_wrapper,vendor_dlkm,LIKELY_PLATFORM_MATCH,"exact module-name target found; corroboration is non-decisive (export-only and/or directory-scoped): device_modules:drivers/gpu/mediatek/gpufreq/v2 DIRECTORY_FALLBACK (compatible=mediatek,gpufreq_wrapper; exports=ged_get_last_commit_idx_fp,ged_get_last_commit_stack_idx_fp,ged_get_last_commit_top_idx_fp,gpufreq_active_sleep_control,gpufreq_active_sleep_ctrl_enable,gpufreq_bringup)"
7cfd45c42dcffe670e1fbe6a24c3d28fc9281a0bbcd02bc7819dc347269597b3,mtk-lpm-plat-v1.ko,mtk_lpm_plat_v1,vendor_dlkm,LIKELY_PLATFORM_MATCH,exact module-name target found in Nothing source index; needs target-scoped symbol/DT/KMI confirmation; device_modules:drivers/misc/mediatek/lpm/modules/platform/v1
7d74a6d7557c01cedfac13cf20ec5263aa57e32ed3eb0f84bb977a597b818949,lpm-gov-MHSP.ko,lpm_gov_MHSP,vendor_dlkm,LIKELY_PLATFORM_MATCH,exact module-name target found in Nothing source index; needs target-scoped symbol/DT/KMI confirmation; device_modules:drivers/misc/mediatek/lpm/governors/MHSP
7db2e9248c260f79b6dd37611c53907cac0e0e04b0f9550647c402cc6273d787,main2_vcm.ko,main2_vcm,vendor_dlkm,DIRECT_SOURCE_MATCH,"exact module name plus target-scoped hardware corroboration: device_modules:drivers/misc/mediatek/lens/vcm/v4l2/main2_vcm target-scoped (compatible=mediatek,main2_vcm)"
7dcf64a7d25c657d1a0795cc89ad519c954561c6c757949c247d623f16976247,aw36518.ko,aw36518,vendor_dlkm,NEEDS_ULEFONE_PORT,Awinic publishes AW36518 Android driver/porting resources; no exact Nothing source implementation was found
7e6330051d462a09605638f69032fa94697589ca5c36573217931193e51964a2,mddp.ko,mddp,vendor_dlkm,LIKELY_PLATFORM_MATCH,exact module-name target found in Nothing source index; needs target-scoped symbol/DT/KMI confirmation; device_modules:drivers/misc/mediatek/mddp
7ea1f35740a6c2bebf67a1ec3426b491a16875203e4b6c293bc57a5e57a79653,leds-mtk-disp.ko,leds_mtk_disp,vendor_boot_platform,DIRECT_SOURCE_MATCH,"exact module name plus target-scoped hardware corroboration: device_modules:drivers/leds target-scoped (compatible=mediatek,disp-conn-leds,mediatek,disp-leds,mediatek,i2c-leds,mediatek,mtk-leds)"
7f233790956357469fcd605a95b0c780bfc41540b0eea2584584aef77aafd4bc,mtk-scpsys-mt6878.ko,mtk_scpsys_mt6878,vendor_boot_platform,LIKELY_PLATFORM_MATCH,exact module-name target found in Nothing source index; needs target-scoped symbol/DT/KMI confirmation; device_modules:drivers/soc/mediatek
7f388ed26fbd55c5b6a6d522d320634ec0adfd47d62dccc8da31ffd438b3d23e,spmi-mtk-mpu.ko,spmi_mtk_mpu,vendor_boot_platform;vendor_dlkm,DIRECT_SOURCE_MATCH,"exact module name plus target-scoped hardware corroboration: device_modules:drivers/spmi target-scoped (compatible=mediatek,mt6878-spmi-pmif-mpu,mediatek,mt6886-spmi_pmif_mpu,mediatek,mt6895-spmi_pmif_mpu,mediatek,mt6897-spmi-pmif-mpu)"
80533a946fbf75109888bf47a3e0ac6a575fdcf06a425fa4b783faad57679f5a,audio_ipi.ko,audio_ipi,vendor_dlkm,LIKELY_PLATFORM_MATCH,exact module-name target found in Nothing source index; needs target-scoped symbol/DT/KMI confirmation; device_modules:drivers/misc/mediatek/audio_ipi
8086e2deaa6c55b032bd74a70b0c4677118dfb9b63e050ac178fc1891fd58b95,mtk-mmdvfs-v3.ko,mtk_mmdvfs_v3,vendor_boot_platform,LIKELY_PLATFORM_MATCH,"exact module-name target found; corroboration is non-decisive (export-only and/or directory-scoped): device_modules:drivers/soc/mediatek TARGET_FILES (exports=mmdvfs_call_ccu_set_fp,mmdvfs_force_rc_clock_by_vcp,mmdvfs_force_single_clock_by_vcp,mmdvfs_force_step_by_vcp,mmdvfs_force_voltage_by_vcp,mmdvfs_get_vcp_base)"
81ee7c9c7f2b9ab8df3fa472cb0f2c7eb755696aaabd719c2ea4f37392b55851,mtk-swpm-cpu-dbg-v6878.ko,mtk_swpm_cpu_dbg_v6878,vendor_dlkm,LIKELY_PLATFORM_MATCH,exact module-name target found in Nothing source index; needs target-scoped symbol/DT/KMI confirmation; device_modules:drivers/misc/mediatek/swpm/modules/debug/v6878
83213ec4765fe3c88e6bc68ab56ee435845b6e72c51041f53d1a020cf98000bc,mtk_perf_common.ko,mtk_perf_common,vendor_dlkm,LIKELY_PLATFORM_MATCH,"exact module-name target found; corroboration is non-decisive (export-only and/or directory-scoped): device_modules:drivers/misc/mediatek/perf_common TARGET_FILES (exports=get_cpu_pmu,perf_tracker_enable)"
8398de841de67529967c09b144292faa88ca86685df110e05f46b4fb1d8b75c5,mtk_iommu.ko,mtk_iommu,vendor_boot_platform,LIKELY_PLATFORM_MATCH,"exact module-name target found; corroboration is non-decisive (export-only and/or directory-scoped): device_modules:drivers/iommu TARGET_FILES (exports=mtee_iova_to_phys,mtk_iommu_dbg_hang_detect)"
83bdf842efe73fd60e224e330ac0f165a0a9980048e65c60ea069580469d6f75,mtk-uart-apdma.ko,mtk_uart_apdma,vendor_boot_platform,DIRECT_SOURCE_MATCH,"exact module name plus target-scoped hardware corroboration: device_modules:drivers/dma/mediatek target-scoped (compatible=mediatek,mt2712-uart-dma,mediatek,mt6577-uart-dma,mediatek,mt6779-uart-dma,mediatek,mt6985-uart-dma; exports=mtk_save_uart_apdma_reg,mtk_uart_apdma_data_dump,mtk_uart_apdma_enable_vff,mtk_uart_apdma_end_record,mtk_uart_apdma_polling_rx_finish,mtk_uart_apdma_polling_tx_finish) | kernel:drivers/dma/mediatek target-scoped (compatible=mediatek,mt6577-uart-dma)"
83d0e322a9098aaf20a5edf192ada4284e5c3af29fb4b2e09575873e85fe5487,mtk-pmic-keys.ko,mtk_pmic_keys,vendor_boot_platform,DIRECT_SOURCE_MATCH,"exact module name plus target-scoped hardware corroboration: device_modules:drivers/input/keyboard target-scoped (compatible=mediatek,mt6323-keys,mediatek,mt6359p-keys,mediatek,mt6363-keys,mediatek,mt6397-keys; exports=ktf_mtk_pmic_kpd_test) | kernel:drivers/input/keyboard target-scoped (compatible=mediatek,mt6323-keys,mediatek,mt6397-keys)"
83e7e3d89b192ea6258db2cb6e5071492caf3badc289e03575661a03341bb5eb,gz_trusty_mod.ko,gz_trusty_mod,vendor_dlkm,LIKELY_PLATFORM_MATCH,"exact module-name target found; corroboration is non-decisive (export-only and/or directory-scoped): device_modules:drivers/misc/mediatek/geniezone/gz-trusty TARGET_FILES (exports=get_smcnr_dev,trusty_adjust_task_attr,trusty_call_notifier_register,trusty_call_notifier_unregister,trusty_callback_notifier_register,trusty_callback_notifier_unregister)"
8449612f02225adeaf7e7547c37e28c45409e9439fd823568f064462bebd0e95,gps_scp.ko,gps_scp,vendor_dlkm,DIRECT_SOURCE_MATCH,Nothing MT6878 publishes connectivity/gps/gps_scp source with exact module/build references
84cc83dfbdb43095d3f4090fc734127cc2a71c024518bc8a5d46ed6260871c87,connadp.ko,connadp,vendor_dlkm,LIKELY_PLATFORM_MATCH,exact module-name target found in Nothing source index; needs target-scoped symbol/DT/KMI confirmation; device_modules:drivers/misc/mediatek/connectivity
8526cf64a800c9c7a7cf960a88cd5b934e0e01320301cd90f9f57e037fbd838c,ppp_deflate.ko,ppp_deflate,system_dlkm,LIKELY_PLATFORM_MATCH,exact module-name target found in Nothing source index; needs target-scoped symbol/DT/KMI confirmation; kernel:drivers/net/ppp
85e5a860bc0ebae9c26e401ae333928ab8da9569b3892040da4f858cf6f643e8,aw36515.ko,aw36515,vendor_dlkm,NEEDS_ULEFONE_PORT,Awinic publishes AW36515 Android driver/porting resources; Nothing only provided matching hardware/DTS evidence
860f28409fdd59458640cd067fec6eb83f3e5ec00ca12782c0e152323a351fb6,hynitron.ko,hynitron,vendor_dlkm,ULEFONE_ONLY,Ulefone secondary-touch driver; no convincing Nothing source match found
86f06cb80a4df1e427e5277cfc754ab295414945e932643b57b352e4cb04023a,met_vcore_api.ko,met_vcore_api,vendor_dlkm,LIKELY_PLATFORM_MATCH,exact module-name target found in Nothing source index; needs target-scoped symbol/DT/KMI confirmation; kernel_modules:.;kernel_modules:met_vcore_api
8733c9a4b65b8f9dca7eda7912558be4796e288958ae51cdcce2d20efa80a5c0,mtk-swpm-dbg-v6878.ko,mtk_swpm_dbg_v6878,vendor_dlkm,LIKELY_PLATFORM_MATCH,exact module-name target found in Nothing source index; needs target-scoped symbol/DT/KMI confirmation; device_modules:drivers/misc/mediatek/swpm/modules/debug/v6878
87728684e86598e79c2152d1c4c80c9f1e43a9b9360cc0581fe960bf0b88c719,ccd_rpmsg.ko,ccd_rpmsg,vendor_dlkm,LIKELY_PLATFORM_MATCH,exact module-name target found in Nothing source index; needs target-scoped symbol/DT/KMI confirmation; kernel_modules:rpmsg
878aa15128051972047732a2c051a74c6d04c5f223bbff870b01ed58b9bf69be,pinctrl-mtk-common-v2_debug.ko,pinctrl_mtk_common_v2_debug,vendor_boot_platform,LIKELY_PLATFORM_MATCH,"exact module-name target found; corroboration is non-decisive (export-only and/or directory-scoped): device_modules:drivers/pinctrl/mediatek TARGET_FILES (exports=gpio_dump_regs,gpio_dump_regs_range)"
87b18cde1f47c857689602c3232f14874e84fb65b445e4308e80f04728bdefae,flashlight.ko,flashlight,vendor_dlkm,LIKELY_PLATFORM_MATCH,exact module-name target found in Nothing source index; needs target-scoped symbol/DT/KMI confirmation; device_modules:drivers/misc/mediatek/flashlight
87d8a2a1eb8cb55bbf3bd372fc76e59fecfa8d8479bd931f714252cac60b6a19,gz_ipc_mod.ko,gz_ipc_mod,vendor_dlkm,LIKELY_PLATFORM_MATCH,"exact module-name target found; corroboration is non-decisive (export-only and/or directory-scoped): device_modules:drivers/misc/mediatek/geniezone/gz-trusty TARGET_FILES (exports=port_lookup_tid,tipc_chan_connect,tipc_chan_destroy,tipc_chan_get_rxbuf,tipc_chan_get_txbuf_timeout,tipc_chan_put_rxbuf)"
88e928eb42cb086ccbdd571a4e8c810289a7806b4a0ac83973641254c55e531a,met_backlight_api.ko,met_backlight_api,vendor_dlkm,LIKELY_PLATFORM_MATCH,exact module-name target found in Nothing source index; needs target-scoped symbol/DT/KMI confirmation; kernel_modules:.;kernel_modules:met_backlight_api
89280de5d6002d1d708df033b7c77cd40e399120c965771edd49343d04bdd61b,scp.ko,scp,vendor_dlkm,LIKELY_PLATFORM_MATCH,"exact module-name target found; corroboration is non-decisive (export-only and/or directory-scoped): device_modules:drivers/misc/mediatek/scp/rv TARGET_FILES (exports=get_scp_dram_region_manage,get_scp_mbrain_dbg_ops,get_scp_semaphore,is_scp_ready,register_scp_mbrain_dbg_ops,release_scp_semaphore)"
8a0044f1603aded6716050321c9e321a8fe1e2945b9637c36ea48528c5c69340,cpufreq_sugov_ext.ko,cpufreq_sugov_ext,vendor_dlkm,LIKELY_PLATFORM_MATCH,exact module-name target found in Nothing source index; needs target-scoped symbol/DT/KMI confirmation; device_modules:drivers/misc/mediatek/sched
8a44c50e7a0ff171f81938d311458e233be010f78517fa0e899fe3b9f7e35d4c,mtk_core_ctl.ko,mtk_core_ctl,vendor_dlkm,LIKELY_PLATFORM_MATCH,exact module-name target found in Nothing source index; needs target-scoped symbol/DT/KMI confirmation; device_modules:drivers/misc/mediatek/sched
8a7a6277f2c64f6cad93a221d85c68dd06ceaf72365f2d41c8a70655523b6008,smpu-hook-v1.ko,smpu_hook_v1,vendor_boot_platform,LIKELY_PLATFORM_MATCH,exact module-name target found in Nothing source index; needs target-scoped symbol/DT/KMI confirmation; device_modules:drivers/memory/mediatek
8b3c7d102938a9e279b52298d000a5eedc27b7678b21a6e650118e5fb9c00beb,mt6685-core.ko,mt6685_core,vendor_boot_platform,DIRECT_SOURCE_MATCH,"exact module name plus target-scoped hardware corroboration: device_modules:drivers/mfd target-scoped (compatible=mediatek,mt6685)"
8b8922f5bd6a2aea2f512e9b38bae19475f62ae27492bd9ea74c19cb1d4e4a5d,mtk_chg_type_det.ko,mtk_chg_type_det,vendor_boot_platform,DIRECT_SOURCE_MATCH,"exact module name plus target-scoped hardware corroboration: device_modules:drivers/power/supply target-scoped (compatible=mediatek,mtk_ctd)"
8ba14226b2badbbe6538b3d7395cf6656749919360cc7770f7b5e4384ac82acb,mtk_ccd_remoteproc.ko,mtk_ccd_remoteproc,vendor_dlkm,LIKELY_PLATFORM_MATCH,exact module-name target found in Nothing source index; needs target-scoped symbol/DT/KMI confirmation; kernel_modules:remoteproc
8e1449cea5d07ef663d368ce5eea27e8c879a9cd70d39f8fc2b5b25445c2cf33,microarray_fp_tee.ko,microarray_fp_tee,vendor_boot_platform,ULEFONE_ONLY,Microarray fingerprint module; Nothing tree uses a different fingerprint family
8eb8a4ab45bc9eef077608f9c9d9be823891d9b54fbef22a4053e2ef6d38d057,met_gpu_api.ko,met_gpu_api,vendor_dlkm,LIKELY_PLATFORM_MATCH,exact module-name target found in Nothing source index; needs target-scoped symbol/DT/KMI confirmation; kernel_modules:.;kernel_modules:met_gpu_api
8ef46381f54f628f64f2d6b1ea472a3633864bf77e51c02377aca996d6e3cb3e,mtk_pep40.ko,mtk_pep40,vendor_boot_platform,LIKELY_PLATFORM_MATCH,"exact module-name target found; corroboration is non-decisive (export-only and/or directory-scoped): device_modules:drivers/power/supply DIRECTORY_FALLBACK (compatible=mediatek,charger,pe4)"
8f2db4f2bc2cf445cd37996d5de090d52eb7d3ec20a7150dcaf40503050a31c2,c2k_usb_f_via_ets.ko,c2k_usb_f_via_ets,vendor_dlkm,LIKELY_PLATFORM_MATCH,exact module-name target found in Nothing source index; needs target-scoped symbol/DT/KMI confirmation; device_modules:drivers/misc/mediatek/usb/c2k_usb
900d4567be077f3379074031dbeaa76e96db814efe2e8caf3c94c991ace1674b,reset-ti-syscon.ko,reset_ti_syscon,vendor_boot_platform,DIRECT_SOURCE_MATCH,"exact module name plus target-scoped hardware corroboration: device_modules:drivers/reset target-scoped (compatible=ti,syscon-reset) | kernel:drivers/reset target-scoped (compatible=ti,syscon-reset)"
90dd661cb9502dd4a17daa43d3e23e2a869ab461b4b58fa6a8cf28a429a0ea2d,mtk_sync.ko,mtk_sync,vendor_boot_platform,LIKELY_PLATFORM_MATCH,"exact module-name target found; corroboration is non-decisive (export-only and/or directory-scoped): device_modules:drivers/gpu/drm/mediatek/dummy_drm TARGET_FILES (exports=mtk_sync_fence_create,mtk_sync_timeline_create,mtk_sync_timeline_destroy,mtk_sync_timeline_inc) | device_modules:drivers/gpu/drm/mediatek/mediatek_v2 TARGET_FILES (exports=mtk_sync_fence_create,mtk_sync_share_fence_create,mtk_sync_timeline_create,mtk_sync_timeline_destroy,mtk_sync_timeline_inc)"
918cf48b4e37ea860d8b5d6e82a263437dd383ed8c86ff3e9482e73697982e18,mtk_low_battery_throttling.ko,mtk_low_battery_throttling,vendor_boot_platform;vendor_dlkm,DIRECT_SOURCE_MATCH,"exact module name plus target-scoped hardware corroboration: device_modules:drivers/misc/mediatek/power_throttling target-scoped (compatible=mediatek,low_battery_throttling; exports=lbat_set_ppb_mode,register_low_battery_notify)"
92099fd393be7a26590121dd41bde85a9c7cf93bafa6b06d0a78050e28a93497,nhc_udp.ko,nhc_udp,system_dlkm,LIKELY_PLATFORM_MATCH,exact module-name target found in Nothing source index; needs target-scoped symbol/DT/KMI confirmation; kernel:net/6lowpan
9243061cec77e96e3072b19f14a4d0f893e768586585830fa86f0a5129ce3558,imgsensor.ko,imgsensor,vendor_dlkm,LIKELY_PLATFORM_MATCH,"exact module-name target found; corroboration is non-decisive (export-only and/or directory-scoped): kernel_modules:mtkcam/imgsensor/src-v4l2 DIRECTORY_FALLBACK (compatible=mediatek,imgsensor)"
925e27ab14e1416489aec230255aa0cd98a12be10ce959938d4f574ceee28002,mtk-pm-domain-disable-unused.ko,mtk_pm_domain_disable_unused,vendor_dlkm,DIRECT_SOURCE_MATCH,"exact module name plus target-scoped hardware corroboration: device_modules:drivers/soc/mediatek target-scoped (compatible=mediatek,scpsys-disable-unused)"
92a0d91b3223f4f5786b100e4998de08ebd5e9ad76a30f212c90712ed8abbcdf,mtk_cm_ipi.ko,mtk_cm_ipi,vendor_dlkm,LIKELY_PLATFORM_MATCH,"exact module-name target found; corroboration is non-decisive (export-only and/or directory-scoped): device_modules:drivers/misc/mediatek/cm_mgr TARGET_FILES (exports=cm_get_ipi_enable,cm_ipi_init,cm_mgr_to_sspm_command,cm_set_ipi_enable)"
9386266457ea8b174aa660e779a971c51399f27ccc7d7054c91074aac9bf345f,met_gpueb_api.ko,met_gpueb_api,vendor_dlkm,LIKELY_PLATFORM_MATCH,exact module-name target found in Nothing source index; needs target-scoped symbol/DT/KMI confirmation; kernel_modules:.;kernel_modules:met_gpueb_api
93b082d429112b4a3a925fcbcaac6c5837b05575a08f308cdc5c867b4ca4bddf,mtk-ssc-dbg-v2.ko,mtk_ssc_dbg_v2,vendor_dlkm,LIKELY_PLATFORM_MATCH,exact module-name target found in Nothing source index; needs target-scoped symbol/DT/KMI confirmation; device_modules:drivers/misc/mediatek/ssc/debug/v2
95616547e69d9b1d04bfbad63ee477e0a31b000f7e13544dc797e1e7ebf6f5ad,mtk_pbm.ko,mtk_pbm,vendor_boot_platform;vendor_dlkm,DIRECT_SOURCE_MATCH,"exact module name plus target-scoped hardware corroboration: device_modules:drivers/misc/mediatek/pbm target-scoped (compatible=mediatek,pbm; exports=kicker_pbm_by_flash,kicker_pbm_by_md,register_pbm_gpu_notify,register_pbm_notify)"
959cebf1f02c7b60812054ec7065d48ff4641f27f7cdf22d8e63d96ea44a8f83,nfc.ko,nfc,system_dlkm,LIKELY_PLATFORM_MATCH,exact module-name target found in Nothing source index; needs target-scoped symbol/DT/KMI confirmation; kernel:net/nfc
95d09342abc3ca154795420889029047595899becc83b507647e4e29e2b41dae,mtk-spmi-pmic.ko,mtk_spmi_pmic,vendor_boot_platform,DIRECT_SOURCE_MATCH,"exact module name plus target-scoped hardware corroboration: device_modules:drivers/mfd target-scoped (alias=spmi:spmi-pmic; compatible=mediatek,mt6315,mediatek,mt6316,mediatek,mt6319,mediatek,mt6363)"
95e3aa8d68b69504ae273bbd1979ea6d8b9c958b57a97b423cc696218ebfbe7c,mtk-mbox.ko,mtk_mbox,vendor_boot_platform;vendor_dlkm,LIKELY_PLATFORM_MATCH,"exact module-name target found; corroboration is non-decisive (export-only and/or directory-scoped): device_modules:drivers/soc/mediatek TARGET_FILES (exports=mtk_mbox_cb_register,mtk_mbox_check_send_irq,mtk_mbox_clr_index_record,mtk_mbox_clr_irq,mtk_mbox_dump,mtk_mbox_dump_all)"
969f9a68833b3d1ac5ae7f3366690a93f5ff59d81917c83f15c7dbf7bb33a124,mtk_mdpm.ko,mtk_mdpm,vendor_boot_platform;vendor_dlkm,DIRECT_SOURCE_MATCH,"exact module name plus target-scoped hardware corroboration: device_modules:drivers/misc/mediatek/mdpm target-scoped (compatible=mediatek,mt6873-mdpm,mediatek,mt6878-mdpm,mediatek,mt6879-mdpm,mediatek,mt6886-mdpm; exports=get_md1_power,init_md_section_level)"
96fbaf6bd3040f69ffd4a954722bb03b18666f8f221344562e1fcd74da6bf191,system_heap.ko,system_heap,vendor_boot_platform,LIKELY_PLATFORM_MATCH,"exact module-name target found; corroboration is non-decisive (export-only and/or directory-scoped): device_modules:drivers/dma-buf/heaps DIRECTORY_FALLBACK (exports=dma_buf_get_gid,dma_buf_set_gid,dma_heap_normal_total,dma_heap_pool_prefill,dmabuf_log_recycle,dmabuf_log_refill)"
970aa7d7ab217ca47db40b67f3ac1adda80fa497156b05e4ee60a341c3e1952a,mali_prot_alloc_mt6878_r44.ko,mali_prot_alloc_mt6878_r44,vendor_dlkm,LIKELY_PLATFORM_MATCH,exact module-name target found in Nothing source index; needs target-scoped symbol/DT/KMI confirmation; kernel_modules:mt6878/mali_avalon/mali-r44p1/drivers/base/arm/protected_memory_allocator
97214cadc479e3767c0bef66438dfd4a6504894d602b7f1234fc5a5a806ed266,btbcm.ko,btbcm,system_dlkm,LIKELY_PLATFORM_MATCH,"exact module-name target found; corroboration is non-decisive (export-only and/or directory-scoped): kernel:drivers/bluetooth TARGET_FILES (exports=btbcm_check_bdaddr,btbcm_finalize,btbcm_initialize,btbcm_patchram,btbcm_read_pcm_int_params,btbcm_set_bdaddr)"
979f3acc78564ac06dd7b51c0e0f4dc4460c5411b5b504031e8d46ec8b787430,adsp.ko,adsp,vendor_boot_platform,LIKELY_PLATFORM_MATCH,"exact module-name target found; corroboration is non-decisive (export-only and/or directory-scoped): device_modules:drivers/misc/mediatek/adsp DIRECTORY_FALLBACK (exports=adsp_after_bootup,adsp_bus_monitor_dump,adsp_check_adsppll_freq,adsp_copy_from_sharedmem,adsp_copy_to_sharedmem,adsp_core0_init)"
97aa2794589560a64088d21f13d9edafe9302b4ebf11607d4784a4413475409a,pwm-mtk-disp.ko,pwm_mtk_disp,vendor_boot_platform,DIRECT_SOURCE_MATCH,"exact module name plus target-scoped hardware corroboration: device_modules:drivers/pwm target-scoped (compatible=mediatek,mt2701-disp-pwm,mediatek,mt6595-disp-pwm,mediatek,mt6835-disp-pwm,mediatek,mt6853-disp-pwm) | kernel:drivers/pwm target-scoped (compatible=mediatek,mt2701-disp-pwm,mediatek,mt6595-disp-pwm,mediatek,mt8173-disp-pwm,mediatek,mt8183-disp-pwm)"
97c86e3b3dd038c4fc90b73315aac966087a852d604f103fc166076bd28f7549,leds-rgb-aw2013.ko,leds_rgb_aw2013,vendor_boot_platform,LIKELY_PLATFORM_MATCH,"Nothing common kernel contains an AW2013 driver for the same chip family; Ulefone uses a custom awinic,rgb,aw2013 compatible and needs integration comparison"
9824c10f3d5d5bec18ad67df299189f07cc78c6b8905705daf1109af6316efd2,sensorhub.ko,sensorhub,vendor_dlkm,LIKELY_PLATFORM_MATCH,exact module-name target found in Nothing source index; needs target-scoped symbol/DT/KMI confirmation; device_modules:drivers/misc/mediatek/sensor/2.0/sensorhub;kernel:drivers/iio/common/ssp_sensors
983f3c7b953a7fc929c1d9380297c25c1afe2ccbb236b394d6b83fda11fb94cb,mtk_printk_ctrl.ko,mtk_printk_ctrl,vendor_boot_platform,LIKELY_PLATFORM_MATCH,"exact module-name target found; corroboration is non-decisive (export-only and/or directory-scoped): device_modules:drivers/misc/mediatek/mtprintk TARGET_FILES (exports=get_detect_count,get_logtoomuch_status,mt_get_uartlog_status,set_detect_count,set_logtoomuch_disable,set_logtoomuch_enable)"
984cd20fddc6b1a03bb2036112b25e6bc9f5657b0212c3c5f35e6ca784aee3f7,clk-mt6878-cam.ko,clk_mt6878_cam,vendor_boot_platform,LIKELY_PLATFORM_MATCH,exact module-name target found in Nothing source index; needs target-scoped symbol/DT/KMI confirmation; device_modules:drivers/clk/mediatek
9972d4db32d99dd27bad631b1efff77d92e90fb06f250a9049a029333a6d3f9a,gz_irq_mod.ko,gz_irq_mod,vendor_dlkm,LIKELY_PLATFORM_MATCH,exact module-name target found in Nothing source index; needs target-scoped symbol/DT/KMI confirmation; device_modules:drivers/misc/mediatek/geniezone/gz-trusty
9abc181e0087cfc7588da0a8d8d32c97d17e1a70c31d64396a061fccea92bd43,clk-mt6878-vcodec.ko,clk_mt6878_vcodec,vendor_boot_platform,LIKELY_PLATFORM_MATCH,exact module-name target found in Nothing source index; needs target-scoped symbol/DT/KMI confirmation; device_modules:drivers/clk/mediatek
9b36b90af67d0970ec9bf01a301ff1c27dd15c2e941704fe5f9c6f9b006f9ab9,main4_vcm.ko,main4_vcm,vendor_dlkm,DIRECT_SOURCE_MATCH,"exact module name plus target-scoped hardware corroboration: device_modules:drivers/misc/mediatek/lens/vcm/v4l2/main4_vcm target-scoped (compatible=mediatek,main4_vcm)"
9b43496b8220052b6ac602be1b21bec981300bdf496d378cb71409dd5a2e1261,snd-soc-mt6878-afe.ko,snd_soc_mt6878_afe,vendor_dlkm,LIKELY_PLATFORM_MATCH,"exact module-name target found; corroboration is non-decisive (export-only and/or directory-scoped): device_modules:sound/soc/mediatek/mt6878 DIRECTORY_FALLBACK (compatible=mediatek,mt6878-sound; exports=mt6878_adda_dl_gain_control,mt6878_afe_gpio_is_prepared,mt6878_afe_gpio_request,mt6878_aud_get_power_scenario,mt6878_enable_cm,mt6878_enable_cm_bypass)"
9b439e061afdb8f821e3642bb615c299630f49374fac8b2d4205a375e83123ec,pidmap.ko,pidmap,vendor_boot_platform,LIKELY_PLATFORM_MATCH,exact module-name target found; corroboration is non-decisive (export-only and/or directory-scoped): device_modules:drivers/misc/mediatek/pidmap TARGET_FILES (exports=get_pidmap_aee_buffer)
9c44279a617b00038cc06869abae298a3f5af20a65f554431b6b19f6330ebf42,rtl8150.ko,rtl8150,system_dlkm,LIKELY_PLATFORM_MATCH,exact module-name target found in Nothing source index; needs target-scoped symbol/DT/KMI confirmation; kernel:drivers/net/usb
9d3d4a3786dd71af4fdee07e4bc332526816b62143925f4e5923f286c9d91556,custom-ldo.ko,custom_ldo,vendor_dlkm,ULEFONE_ONLY,Ulefone custom LDO module has no usable donor source hit
9d695c0ebe5013be215848ab0c096762b5be63ff28a42e9923ab50d4bf0e4721,syscon-reboot-mode.ko,syscon_reboot_mode,vendor_boot_platform;vendor_dlkm,DIRECT_SOURCE_MATCH,exact module name plus target-scoped hardware corroboration: kernel:drivers/power/reset target-scoped (compatible=syscon-reboot-mode)
9d740559dddebb14fd47b3bb5edbe06fb871aa4ed75d5c975eb525dab400b031,clk-mt6878-mmsys.ko,clk_mt6878_mmsys,vendor_boot_platform,LIKELY_PLATFORM_MATCH,exact module-name target found in Nothing source index; needs target-scoped symbol/DT/KMI confirmation; device_modules:drivers/clk/mediatek
9d969562ba9f3bb406bc47d0eb2291938a50b5584c6ac9041c666a21441bec4a,mux_switch.ko,mux_switch,vendor_boot_platform,LIKELY_PLATFORM_MATCH,"exact module-name target found; corroboration is non-decisive (export-only and/or directory-scoped): device_modules:drivers/misc/mediatek/typec/mux TARGET_FILES (exports=mtk_typec_mux_register,mtk_typec_mux_unregister,mtk_typec_switch_register,mtk_typec_switch_unregister)"
9dec622840b1a279573fa71883202ed349f63218a195a2b639361ae74164b0a3,mtk-mmdvfs-v3-start.ko,mtk_mmdvfs_v3_start,vendor_boot_platform;vendor_dlkm,LIKELY_PLATFORM_MATCH,exact module-name target found in Nothing source index; needs target-scoped symbol/DT/KMI confirmation; device_modules:drivers/misc/mediatek/mmdvfs
9e6adf23de6729f9983f680be75c8aca9eabe22aa6efcaafe7704257b37cb2bf,extcon-mtk-usb.ko,extcon_mtk_usb,vendor_boot_platform,DIRECT_SOURCE_MATCH,"exact module name plus target-scoped hardware corroboration: device_modules:drivers/misc/mediatek/extcon target-scoped (compatible=mediatek,extcon-usb)"
9eaf53b9cb26a1d8b5016aff46950f3318d5dac11de7c4ac3e83c5ff99384d95,mtk_irtx_pwm.ko,mtk_irtx_pwm,vendor_dlkm,LIKELY_PLATFORM_MATCH,exact module-name target found in Nothing source index; needs target-scoped symbol/DT/KMI confirmation; device_modules:drivers/misc/mediatek/irtx
a052e56535bc3441f92a52fadab064dd570e922c3081377f91ae89c89c6c4c9f,clk-disable-unused.ko,clk_disable_unused,vendor_dlkm,DIRECT_SOURCE_MATCH,"exact module name plus target-scoped hardware corroboration: device_modules:drivers/clk/mediatek target-scoped (compatible=mediatek,clk-disable-unused)"
a1a79b9734c93584d219c8ebb09319e440315e373bbc473dd0ba03ee08b1b48f,atf_logger.ko,atf_logger,vendor_dlkm,LIKELY_PLATFORM_MATCH,exact module-name target found in Nothing source index; needs target-scoped symbol/DT/KMI confirmation; device_modules:drivers/misc/mediatek/atf
a365da73a1546884bd888f19280eb1a12f2f7a7bd4f06b460ddd6c08e84ac56d,mtk-scp-vow.ko,mtk_scp_vow,vendor_dlkm,LIKELY_PLATFORM_MATCH,exact module-name target found in Nothing source index; needs target-scoped symbol/DT/KMI confirmation; device_modules:sound/soc/mediatek/vow
a3c294ecfa816346abcea4d3c0f1b662eb52643acbd1a3f9a7f0a2c0211f0bbb,mrdump.ko,mrdump,vendor_boot_platform,LIKELY_PLATFORM_MATCH,exact module-name target found in Nothing source index; needs target-scoped symbol/DT/KMI confirmation; device_modules:drivers/misc/mediatek/aee/mrdump
a41b71b7ef545cbdffb131f4874abe0cab05cabf109f92afa838622979e655a2,clk-mt6878-peri.ko,clk_mt6878_peri,vendor_boot_platform,LIKELY_PLATFORM_MATCH,exact module-name target found in Nothing source index; needs target-scoped symbol/DT/KMI confirmation; device_modules:drivers/clk/mediatek
a41c556e1b96e8362854639edf22fbbd9f3641ad01b764ff28d5e581c27e91e7,timer-mediatek.ko,timer_mediatek,vendor_boot_platform,LIKELY_PLATFORM_MATCH,exact module-name target found in Nothing source index; needs target-scoped symbol/DT/KMI confirmation; device_modules:drivers/clocksource;kernel:drivers/clocksource
a5794f7e131f5ed5480ce8ede94c962e0de6b2212a83e3bbbc820d552dfd54de,board_temp.ko,board_temp,vendor_dlkm,DIRECT_SOURCE_MATCH,"exact module name plus target-scoped hardware corroboration: device_modules:drivers/thermal/mediatek target-scoped (compatible=mediatek,mt6685-tia-ntc)"
a5ca9b26e12ecc2f816823125a2917cdafc2e51a4f7bf357e8107e5129d374fe,c2k_usb_f_via_atc.ko,c2k_usb_f_via_atc,vendor_dlkm,LIKELY_PLATFORM_MATCH,exact module-name target found in Nothing source index; needs target-scoped symbol/DT/KMI confirmation; device_modules:drivers/misc/mediatek/usb/c2k_usb
a64d819e0fde04f5c508c603d805838381550ca8012b899c5b91f8b4d7479834,mtk_tinysys_ipi.ko,mtk_tinysys_ipi,vendor_boot_platform;vendor_dlkm,LIKELY_PLATFORM_MATCH,"exact module-name target found; corroboration is non-decisive (export-only and/or directory-scoped): device_modules:drivers/soc/mediatek TARGET_FILES (exports=ipi_monitor_dump,mtk_ipi_device_register,mtk_ipi_device_reset,mtk_ipi_recv,mtk_ipi_recv_reply,mtk_ipi_register)"
a7940eb4bc07c58e46e56880955c553081c9e4cfc628a435d5680c3d16b28088,gps_drv_dl_v051.ko,gps_drv_dl_v051,vendor_dlkm,DIRECT_SOURCE_MATCH,Nothing MT6878 publishes the GPS data_link external-module source and an exact gps_drv_dl_v051 build target
a7b8045ef8b091b4b50db28aafa73a8a3a3ecad4a7a361b3312d1685f119d7a0,fhctl.ko,fhctl,vendor_dlkm,LIKELY_PLATFORM_MATCH,exact module-name target found in Nothing source index; needs target-scoped symbol/DT/KMI confirmation; device_modules:drivers/clk/mediatek
a7d47e7475bc42fe25b6684386909c3948c8783029e83a3bc186cacab022f9c5,zram.ko,zram,system_dlkm,LIKELY_PLATFORM_MATCH,exact module-name target found in Nothing source index; needs target-scoped symbol/DT/KMI confirmation; kernel:drivers/block/zram
a834066b8663e087c5060821cada90235ef3b9b5f8f7c680374f619516f2ba8d,last_bus.ko,last_bus,vendor_boot_platform,LIKELY_PLATFORM_MATCH,exact module-name target found in Nothing source index; needs target-scoped symbol/DT/KMI confirmation; device_modules:drivers/misc/mediatek/sda
a87b6538b92c13af5c400f7df41b6f47d1cd2a52fbeff199b13e8e562b0d51a6,camera_af_media.ko,camera_af_media,vendor_dlkm,DIRECT_SOURCE_MATCH,"exact module name plus target-scoped hardware corroboration: device_modules:drivers/misc/mediatek/lens/vcm/v4l2/media target-scoped (compatible=mediatek,mtk_composite_v4l2_2)"
a94ab48614628ae58bdff72a24b554c80566d84f9efd54c2b21d755d0bb76baa,spmi-mtk-pmif.ko,spmi_mtk_pmif,vendor_boot_platform,DIRECT_SOURCE_MATCH,"exact module name plus target-scoped hardware corroboration: device_modules:drivers/spmi target-scoped (compatible=mediatek,mt6853-spmi,mediatek,mt6873-spmi,mediatek,mt6893-spmi) | kernel:drivers/spmi target-scoped (compatible=mediatek,mt6873-spmi)"
a99861a9127230eea670938b8cc87e9e96db7e93a9d24104eb4d70d63dc29992,ftdi_sio.ko,ftdi_sio,system_dlkm,LIKELY_PLATFORM_MATCH,exact module-name target found in Nothing source index; needs target-scoped symbol/DT/KMI confirmation; kernel:drivers/usb/serial
aa489fba54a5bce7208be0c1316b56a70da567ba50ec4dc2e42ab1656e7e146c,iommu_test.ko,iommu_test,vendor_dlkm,LIKELY_PLATFORM_MATCH,exact module-name target found in Nothing source index; needs target-scoped symbol/DT/KMI confirmation; device_modules:drivers/misc/mediatek/iommu
aa4ce68ca8a1a6b062305f9dc92e41a0731706d5d5c0d1e132d7281e8924a358,ax88179_178a.ko,ax88179_178a,system_dlkm,LIKELY_PLATFORM_MATCH,exact module-name target found in Nothing source index; needs target-scoped symbol/DT/KMI confirmation; kernel:drivers/net/usb
aa87218770952354b2c6ce8db624a51ac086fff0401efde29573d85c188a0963,clk-fmeter-mt6878.ko,clk_fmeter_mt6878,vendor_boot_platform,LIKELY_PLATFORM_MATCH,exact module-name target found in Nothing source index; needs target-scoped symbol/DT/KMI confirmation; device_modules:drivers/clk/mediatek
aadf30cbe2bc37c615466fb4a5c6943734b81fb18161d86d7554c85e633ed60c,mtk-vmm-spm.ko,mtk_vmm_spm,vendor_boot_platform,LIKELY_PLATFORM_MATCH,exact module-name target found in Nothing source index; needs target-scoped symbol/DT/KMI confirmation; device_modules:drivers/misc/mediatek/vmm_spm
ab4f621e8933fb959374f7089ddd523a66f61f7c6a0033790efbeef5f27ff10f,mtk-scpsys-bringup.ko,mtk_scpsys_bringup,vendor_boot_platform,LIKELY_PLATFORM_MATCH,exact module-name target found in Nothing source index; needs target-scoped symbol/DT/KMI confirmation; device_modules:drivers/soc/mediatek
ab54fba1c0aba74665e93369c2f1506b6ff53172267a6a3de0b01a42c373bff8,usb_offload.ko,usb_offload,vendor_dlkm,LIKELY_PLATFORM_MATCH,"exact module-name target found; corroboration is non-decisive (export-only and/or directory-scoped): device_modules:drivers/misc/mediatek/usb/usb_offload TARGET_FILES (exports=is_sram,mtk_offload_deinit_rsv_sram,mtk_offload_free_mem,mtk_offload_get_rsv_mem_info,mtk_offload_init_rsv_dram,mtk_offload_init_rsv_sram)"
ab595026ae7e05e44c54407df2f31062ed6a3bdaaf020f2cdcff18fe072db9b4,mtk_dcm.ko,mtk_dcm,vendor_boot_platform,LIKELY_PLATFORM_MATCH,"exact module-name target found; corroboration is non-decisive (export-only and/or directory-scoped): device_modules:drivers/misc/mediatek/dcm TARGET_FILES (exports=dcm_dump_state,is_dcm_initialized,mt_dcm_array_register,mt_dcm_common_init)"
abcbc74e4055ba566777449cbb157898a35b0b765e9a3fa58a786f9614a9c9ed,iommu_secure.ko,iommu_secure,vendor_boot_platform,DIRECT_SOURCE_MATCH,"exact module name plus target-scoped hardware corroboration: device_modules:drivers/misc/mediatek/iommu target-scoped (compatible=mediatek,common-apu-iommu0-bank1,mediatek,common-apu-iommu0-bank2,mediatek,common-apu-iommu0-bank3,mediatek,common-apu-iommu0-bank4; exports=ao_secure_dbg_switch_by_atf,mtk_iommu_sec_bk_init_by_atf,mtk_iommu_sec_bk_irq_en_by_atf,mtk_iommu_secure_bk_backup_by_atf,mtk_iommu_secure_bk_restore_by_atf,mtk_iommu_secure_bk_tf_dump)"
abd60919a4381340acc26e2525339d09622a13259ba926efe119f5ae16338419,gps_pwr.ko,gps_pwr,vendor_dlkm,DIRECT_SOURCE_MATCH,Nothing MT6878 publishes connectivity/gps/gps_pwr source and builds it as an external module
ac1e2c5203ab29e041e9dbfa8f2c6049d3774f2a9a78739713a4869f202e996b,mtk_usb_f_rndis.ko,mtk_usb_f_rndis,vendor_dlkm,LIKELY_PLATFORM_MATCH,"exact module-name target found; corroboration is non-decisive (export-only and/or directory-scoped): device_modules:drivers/misc/mediatek/usb/usb_rndis DIRECTORY_FALLBACK (exports=mtk_rndis_add_hdr,mtk_rndis_borrow_net,mtk_rndis_deregister,mtk_rndis_free_response,mtk_rndis_get_next_response,mtk_rndis_msg_parser)"
aea51b40f7d041c0057674ac18bb46358f8063138482def632268a394a710338,backlight_cooling.ko,backlight_cooling,vendor_dlkm,DIRECT_SOURCE_MATCH,"exact module name plus target-scoped hardware corroboration: device_modules:drivers/thermal/mediatek target-scoped (compatible=mediatek,backlight-cooler)"
af7313cada7194cf7aac2ca3b22ed66f988f2b2e4715d1eb019e5bea269d0398,aee_rs.ko,aee_rs,vendor_boot_platform,LIKELY_PLATFORM_MATCH,exact module-name target found in Nothing source index; needs target-scoped symbol/DT/KMI confirmation; device_modules:drivers/misc/mediatek/aee/aed
afc30ae378cbd9801a3400d01746d139284de99f8a7fc0b316f06e9ca5ba09c3,mtk_pep50.ko,mtk_pep50,vendor_boot_platform,LIKELY_PLATFORM_MATCH,"exact module-name target found; corroboration is non-decisive (export-only and/or directory-scoped): device_modules:drivers/power/supply DIRECTORY_FALLBACK (compatible=mediatek,charger,pe5)"
afe9cfdd5f4d13a7b15974e7a3ac351e0a52d6154b02d041609f73025862c878,mtk-mmc.ko,mtk_mmc,vendor_boot_platform,DIRECT_SOURCE_MATCH,"exact module name plus target-scoped hardware corroboration: device_modules:drivers/mmc/host target-scoped (compatible=mediatek,common-mmc-v2,mediatek,mt2701-mmc,mediatek,mt2712-mmc,mediatek,mt6779-mmc)"
b19db2ed44e9102e58851d2a9faba599e899fabc52071b65fcc1b069908df625,cmdq-platform-mt6878.ko,cmdq_platform_mt6878,vendor_boot_platform,LIKELY_PLATFORM_MATCH,exact module-name target found in Nothing source index; needs target-scoped symbol/DT/KMI confirmation; device_modules:drivers/misc/mediatek/cmdq/mailbox
b23648bcd8e09e4eff391e59eee17a7400896fb040967a83908dd95691542a49,mtk-cmdq-drv-ext.ko,mtk_cmdq_drv_ext,vendor_boot_platform,LIKELY_PLATFORM_MATCH,"exact module-name target found; corroboration is non-decisive (export-only and/or directory-scoped): device_modules:drivers/misc/mediatek/cmdq/mailbox DIRECTORY_FALLBACK (exports=append_by_event,cmdq_alloc_user_pool,cmdq_buf_cmd_parse,cmdq_buf_cmd_parse_buf,cmdq_chan_dump_dbg,cmdq_check_thread_complete)"
b36bb207c82813060afbae809b6505bb96bdb1a77e4b17677a4b8b84b71b1f09,mtk-mbox-mailbox.ko,mtk_mbox_mailbox,vendor_boot_platform,LIKELY_PLATFORM_MATCH,exact module-name target found in Nothing source index; needs target-scoped symbol/DT/KMI confirmation; device_modules:drivers/mailbox
b40e5c77c3b121a448ee910519995407e464e413221df9baf63dcad958c42e38,mmprofile.ko,mmprofile,vendor_boot_platform,LIKELY_PLATFORM_MATCH,"exact module-name target found; corroboration is non-decisive (export-only and/or directory-scoped): device_modules:drivers/misc/mediatek/mmp/dummy TARGET_FILES (exports=mmprofile_enable_event,mmprofile_enable_event_recursive,mmprofile_find_event,mmprofile_log,mmprofile_log_ex,mmprofile_log_meta) | device_modules:drivers/misc/mediatek/mmp/src TARGET_FILES (exports=mmprofile_enable,mmprofile_enable_event,mmprofile_enable_event_recursive,mmprofile_enable_ftrace_event,mmprofile_enable_ftrace_event_recursive,mmprofile_find_event)"
b416d0b22a4728661ea44e9c9dedf2a2ec075afa21c712fa8e38b6f0896fb64c,wmt_chrdev_wifi_connac2.ko,wmt_chrdev_wifi_connac2,vendor_dlkm,DIRECT_SOURCE_MATCH,Nothing MT6878 publishes the WLAN adaptor external-module source; exact module/API evidence identifies wmt_chrdev_wifi_connac2
b4d0828549daf632e7ba204bbbc93d1f1c8e862ae44560fc14aec47ed28e4b76,mt6375-battery.ko,mt6375_battery,vendor_boot_platform,LIKELY_PLATFORM_MATCH,"exact module-name target found; corroboration is non-decisive (export-only and/or directory-scoped): device_modules:drivers/power/supply DIRECTORY_FALLBACK (compatible=mediatek,mt6375-gauge)"
b4e53427fa2a888a7fe8876bc057aba3d94672827c91c65b984ee4ead27703c5,pptp.ko,pptp,system_dlkm,LIKELY_PLATFORM_MATCH,exact module-name target found in Nothing source index; needs target-scoped symbol/DT/KMI confirmation; kernel:drivers/net/ppp
b5accb2acde460ad90df40dd1c6d1a13a365e10b61bab841b9fba76630d83114,mtk-mml-mt6878.ko,mtk_mml_mt6878,vendor_boot_platform,LIKELY_PLATFORM_MATCH,exact module-name target found in Nothing source index; needs target-scoped symbol/DT/KMI confirmation; device_modules:drivers/gpu/drm/mediatek/mml
b5b6677cd34af02e0c9c868b2ee6281b2f52a6b8418c0147f88b1a9dd5025525,btqca.ko,btqca,system_dlkm,LIKELY_PLATFORM_MATCH,"exact module-name target found; corroboration is non-decisive (export-only and/or directory-scoped): kernel:drivers/bluetooth TARGET_FILES (exports=qca_read_soc_version,qca_send_pre_shutdown_cmd,qca_set_bdaddr,qca_set_bdaddr_rome,qca_uart_setup)"
b5cd837c26e7d356ee5b35b7a030e269e8f6120db2c478e7530e2e9d35473c20,mtk_panel_ext.ko,mtk_panel_ext,vendor_boot_platform,LIKELY_PLATFORM_MATCH,"exact module-name target found; corroboration is non-decisive (export-only and/or directory-scoped): device_modules:drivers/gpu/drm/mediatek/dummy_drm TARGET_FILES (exports=find_panel_ctx,find_panel_ext,mtk_drm_get_lcm_version,mtk_panel_detach,mtk_panel_ext_create,mtk_panel_remove) | device_modules:drivers/gpu/drm/mediatek/mediatek_v2 TARGET_FILES (exports=find_panel_ctx,find_panel_ext,mtk_drm_get_lcm_version,mtk_panel_detach,mtk_panel_ext_create,mtk_panel_remove)"
b5e5f08bcfe37ac8c81525b0d4fe514902b552cc45b7f99fbeda8b80f6c2aa0c,sc851x_charger.ko,sc851x_charger,vendor_boot_platform,ULEFONE_ONLY,SC851x charger module has no exact Nothing/public kernel source hit in the current audit
b769524e3852927cd3b906c9b774a3c2e886700eb8f8b3051d5703d865637617,sapu.ko,sapu,vendor_dlkm,LIKELY_PLATFORM_MATCH,exact module-name target found in Nothing source index; needs target-scoped symbol/DT/KMI confirmation; device_modules:drivers/misc/mediatek/apusys/sapu
b7cf44b7609c215f2fb772e3c6e55b6de04ea311ccb5a8a0e9fde0b8ba20eeb6,thermal_interface.ko,thermal_interface,vendor_dlkm,DIRECT_SOURCE_MATCH,"exact module name plus target-scoped hardware corroboration: device_modules:drivers/thermal/mediatek target-scoped (compatible=mediatek,therm_intf; exports=frs_data,get_catm_min_ttj,get_catm_ttj,get_cpu_ceiling_freq,get_cpu_temp,get_dsu_ceiling_freq)"
b7e09b0600c38d67fb8bc233327503c7e3be1d7dc5820c43d5eb775c45d75495,thermal_trace.ko,thermal_trace,vendor_dlkm,LIKELY_PLATFORM_MATCH,exact module-name target found in Nothing source index; needs target-scoped symbol/DT/KMI confirmation; device_modules:drivers/thermal/mediatek
b82517127d6360f600e60d2b39d4970c61eab4263e7da67ee28fc5c94cb6715a,rt_pd_manager.ko,rt_pd_manager,vendor_boot_platform,DIRECT_SOURCE_MATCH,"exact module name plus target-scoped hardware corroboration: device_modules:drivers/misc/mediatek/typec/tcpc target-scoped (compatible=mediatek,rt-pd-manager)"
b86dcf5ba3236222a9e38af07d9b3122ba27ea68675ddda5708b6025142d0984,nhc_dest.ko,nhc_dest,system_dlkm,LIKELY_PLATFORM_MATCH,exact module-name target found in Nothing source index; needs target-scoped symbol/DT/KMI confirmation; kernel:net/6lowpan
b932d3f10dbde84185af252ca1b6be6ddee3c92ad9002b5e612267cd70cf5b4b,met_gpu_adv_api.ko,met_gpu_adv_api,vendor_dlkm,LIKELY_PLATFORM_MATCH,exact module-name target found in Nothing source index; needs target-scoped symbol/DT/KMI confirmation; kernel_modules:.;kernel_modules:met_gpu_adv_api
b9c93c039f612d3a38bd1be1796ee208b449ec73e8c8383cc48bf26d1b07c5d5,cdc_eem.ko,cdc_eem,system_dlkm,LIKELY_PLATFORM_MATCH,exact module-name target found in Nothing source index; needs target-scoped symbol/DT/KMI confirmation; kernel:drivers/net/usb
bacfccf1eda2f6c2fd3165872ad09f8709a97f2df4a65ce2649a7eb568634ee4,snd-soc-audiodsp-common.ko,snd_soc_audiodsp_common,vendor_dlkm,LIKELY_PLATFORM_MATCH,"exact module-name target found; corroboration is non-decisive (export-only and/or directory-scoped): device_modules:sound/soc/mediatek/audio_dsp DIRECTORY_FALLBACK (compatible=mediatek,snd-audio-dsp; exports=RingBuf_Bridge_update_writeptr,RingBuf_Clear,RingBuf_Reset,RingBuf_copyFromUserLinear,RingBuf_getDataCount,RingBuf_getFreeSpace)"
bb4a48a1685dff388f5dfe1dd9f8ef1951588f1ce7bfdb3042fbe1c00381a61c,cmdq_helper_inf.ko,cmdq_helper_inf,vendor_boot_platform,LIKELY_PLATFORM_MATCH,"exact module-name target found; corroboration is non-decisive (export-only and/or directory-scoped): device_modules:drivers/misc/mediatek/mdp TARGET_FILES (exports=cmdqCoreRegisterCB,cmdqCoreRegisterDebugRegDumpCB,cmdq_clients,cmdq_core_query_first_err_mod,cmdq_core_save_first_dump,cmdq_core_should_print_msg)"
bb63d614894cd8b605f6bb1f2304aa90e9c5848d235e30522414b7eb45dcce4f,mtk_qos.ko,mtk_qos,vendor_dlkm,LIKELY_PLATFORM_MATCH,"exact module-name target found; corroboration is non-decisive (export-only and/or directory-scoped): device_modules:drivers/misc/mediatek/qos DIRECTORY_FALLBACK (exports=get_qos_bound,get_qos_bound_apubw_mon,get_qos_bound_apulat_mon,get_qos_bound_buf,get_qos_bound_bw_threshold,get_qos_bound_count)"
bc03ecf9402ba4313b23bf18f55e696d0d09f0197e0d21091a50d9bd5fbd5314,vcp.ko,vcp,vendor_dlkm,LIKELY_PLATFORM_MATCH,"exact module-name target found; corroboration is non-decisive (export-only and/or directory-scoped): device_modules:drivers/misc/mediatek/vcp/rv TARGET_FILES (exports=driver_init_done,dump_vcp_irq_status,feature_table,get_vcp_generation,get_vcp_semaphore,is_vcp_ready)"
bc34a4408d1ab4390239148f65e6934d56e3d9dd03fce1cb15022a68d86eca5c,btsdio.ko,btsdio,system_dlkm,LIKELY_PLATFORM_MATCH,exact module-name target found in Nothing source index; needs target-scoped symbol/DT/KMI confirmation; kernel:drivers/bluetooth
bc37930c954d5845e6ba27e9d2b594735594bcdb69bc73875b536434b3c08006,r8153_ecm.ko,r8153_ecm,system_dlkm,LIKELY_PLATFORM_MATCH,exact module-name target found in Nothing source index; needs target-scoped symbol/DT/KMI confirmation; kernel:drivers/net/usb
bc99873254826f5370b211b69e19a4b454ba9808a894ae20dc921ae28444632f,c2ps_perf_ioctl.ko,c2ps_perf_ioctl,vendor_dlkm,LIKELY_PLATFORM_MATCH,"exact module-name target found; corroboration is non-decisive (export-only and/or directory-scoped): kernel_modules:mtkcam/sched/c2ps_ioctl TARGET_FILES (exports=c2ps_ioctl_root,c2ps_notify_add_task_fp,c2ps_notify_camfps_fp,c2ps_notify_init_fp,c2ps_notify_task_end_fp,c2ps_notify_task_scene_change_fp)"
bd23d2a5e901fe0698e4809c0a0623184bf506d417cbe41b237bd3225a292ed0,ccci_util_lib.ko,ccci_util_lib,vendor_dlkm,LIKELY_PLATFORM_MATCH,"exact module-name target found; corroboration is non-decisive (export-only and/or directory-scoped): device_modules:drivers/misc/mediatek/ccci_util DIRECTORY_FALLBACK (exports=ccci_dump_write,ccci_event_log,ccci_get_md_check_hdr_inf,ccci_get_md_info_str,ccci_map_phy_addr,ccci_sysfs_add_modem)"
bd3d7ff1050d6cbb38857a173a56471e5c6a1a70b04903f74b28106c56be78c1,mtk_dramc.ko,mtk_dramc,vendor_boot_platform,LIKELY_PLATFORM_MATCH,"exact module-name target found; corroboration is non-decisive (export-only and/or directory-scoped): device_modules:drivers/memory/mediatek TARGET_FILES (exports=mtk_dramc_get_data_rate,mtk_dramc_get_ddr_type,mtk_dramc_get_mr4,mtk_dramc_get_steps_freq)"
bd73206abe478aa8c944cd37163df48ffd439eb69e3e866f91f0eecd08030775,mtk_gpu_qos.ko,mtk_gpu_qos,vendor_dlkm,LIKELY_PLATFORM_MATCH,"exact module-name target found; corroboration is non-decisive (export-only and/or directory-scoped): device_modules:drivers/gpu/mediatek/gpu_bm DIRECTORY_FALLBACK (exports=MTKGPUQoS_getBW,MTKGPUQoS_is_inited,MTKGPUQoS_mode,MTKGPUQoS_setup)"
bd8ca23d52b6b0be01a269c7038f5ca9be7cf96939cab97bf15593ec7b27f6b5,ppp_generic.ko,ppp_generic,system_dlkm,DIRECT_SOURCE_MATCH,"exact module name plus target-scoped hardware corroboration: kernel:drivers/net/ppp target-scoped (alias=devname:ppp; exports=ppp_channel_index,ppp_dev_name,ppp_input,ppp_input_error,ppp_output_wakeup,ppp_register_channel)"
bdcdf47d25cba8530562b4b21e887399c6ce6acdd3f44124cf31b104a3a87ee8,mtk_gpu_power_throttling.ko,mtk_gpu_power_throttling,vendor_dlkm,DIRECT_SOURCE_MATCH,"exact module name plus target-scoped hardware corroboration: device_modules:drivers/misc/mediatek/power_throttling target-scoped (compatible=mediatek,gpu-power-throttling)"
be99ac4480fc568fbbdda6e9c7237fb9234326c21069c9e46cf5a3c57348eb88,r8152.ko,r8152,system_dlkm,LIKELY_PLATFORM_MATCH,exact module-name target found; corroboration is non-decisive (export-only and/or directory-scoped): kernel:drivers/net/usb TARGET_FILES (exports=rtl8152_get_version)
bf1313d489288a3df2ff5fcf6570a817270911a50ef6be6fb4cc72b27c75ea7e,tipc.ko,tipc,system_dlkm,LIKELY_PLATFORM_MATCH,"exact module-name target found; corroboration is non-decisive (export-only and/or directory-scoped): kernel:net/tipc DIRECTORY_FALLBACK (exports=tipc_dump_done,tipc_dump_start,tipc_nl_sk_walk,tipc_sk_fill_sock_diag)"
bf6a018906f73c7de25f55f4c40a700c02045aa0c5c3eb24245d36fe6afd975f,gzvm.ko,gzvm,system_dlkm,LIKELY_PLATFORM_MATCH,exact module-name target found in Nothing source index; needs target-scoped symbol/DT/KMI confirmation; kernel:arch/arm64/geniezone
bf8b1efdffba13a91e67d9bd9047eb0805decbe06713fe3ce05531c89782515e,mtk_dpc.ko,mtk_dpc,vendor_boot_platform,LIKELY_PLATFORM_MATCH,exact module-name target found in Nothing source index; needs target-scoped symbol/DT/KMI confirmation; device_modules:drivers/gpu/drm/mediatek/dpc
c07c26f9f5fffd2a9ff4ad0dcf06adbe55376a3410f88c0e5a36a0be2cb95fb1,mtk_pd_charging.ko,mtk_pd_charging,vendor_boot_platform,LIKELY_PLATFORM_MATCH,"exact module-name target found; corroboration is non-decisive (export-only and/or directory-scoped): device_modules:drivers/power/supply DIRECTORY_FALLBACK (compatible=mediatek,charger,pd)"
c0e656b107f3b56aecec7b97300945563a293ccd4c6294d68abfcb15df691c0b,mtk-mminfra-debug.ko,mtk_mminfra_debug,vendor_boot_platform,LIKELY_PLATFORM_MATCH,exact module-name target found; corroboration is non-decisive (export-only and/or directory-scoped): device_modules:drivers/misc/mediatek/mminfra TARGET_FILES (exports=mtk_mminfra_off_gipc)
c13503baf7c13828d0d666cbd364d8cadaa7d1282442405c72d28073bd51235d,tkcore_drv.ko,tkcore_drv,vendor_boot_platform,ULEFONE_ONLY,TrustKernel TKCore TZ driver has no exact Nothing source hit
c15db994628b983d7920f8e7d3e5b393cfcca212ef649126c508df06e001ac11,met_sspm_api.ko,met_sspm_api,vendor_dlkm,LIKELY_PLATFORM_MATCH,exact module-name target found in Nothing source index; needs target-scoped symbol/DT/KMI confirmation; kernel_modules:.;kernel_modules:met_sspm_api
c1ce8ab9b8d245088b5a0583e1ff656c1cf4a495f5d26989ec167cce8ab37015,met_scmi_api.ko,met_scmi_api,vendor_dlkm,LIKELY_PLATFORM_MATCH,exact module-name target found in Nothing source index; needs target-scoped symbol/DT/KMI confirmation; kernel_modules:.;kernel_modules:met_scmi_api
c1e98148b06a21fdf2ac81bb67e3f0089fa43789d6a57a0bfd4cd8b41c0ac72a,pinctrl-mt6878.ko,pinctrl_mt6878,vendor_boot_platform,LIKELY_PLATFORM_MATCH,exact module-name target found in Nothing source index; needs target-scoped symbol/DT/KMI confirmation; device_modules:drivers/pinctrl/mediatek
c1f02c92e450fab8c0a68e2e637701df730c7a86a526d382cce5f9034e753384,tui-common.ko,tui_common,vendor_dlkm,LIKELY_PLATFORM_MATCH,"exact module-name target found; corroboration is non-decisive (export-only and/or directory-scoped): device_modules:drivers/input/touchscreen TARGET_FILES (exports=register_tpd_tui_request,tpd_enter_tui,tpd_exit_tui)"
c25b2d66b69dc16855fa2c0e20beffb8a2915f9d57a82aa1127c33465f9b6ac5,mtk-cam-isp7sp.ko,mtk_cam_isp7sp,vendor_dlkm,LIKELY_PLATFORM_MATCH,exact module-name target found in Nothing source index; needs target-scoped symbol/DT/KMI confirmation; kernel_modules:isp7sp/cam
c2e2913908ee919dae1009aa1f483ced08fb8e1b85d64d34c58d2dd64b0f2a7f,libarc4.ko,libarc4,system_dlkm,LIKELY_PLATFORM_MATCH,"exact module-name target found; corroboration is non-decisive (export-only and/or directory-scoped): kernel:lib/crypto DIRECTORY_FALLBACK (exports=arc4_crypt,arc4_setkey)"
c328c3f2f52445ea63e6eba6260dc6e9266b86bb67f30db6371a02c616bd847a,clk-mt6878-img.ko,clk_mt6878_img,vendor_boot_platform,LIKELY_PLATFORM_MATCH,exact module-name target found in Nothing source index; needs target-scoped symbol/DT/KMI confirmation; device_modules:drivers/clk/mediatek
c3308bb74dffce8a580374661aaf70b8c9d1a232c7a51b04ce12cd868ddd79c0,clk-mt6878.ko,clk_mt6878,vendor_boot_platform,LIKELY_PLATFORM_MATCH,exact module-name target found; corroboration is non-decisive (export-only and/or directory-scoped): device_modules:drivers/clk/mediatek TARGET_FILES (exports=mt6878_pll_force_off)
c4f3cc9f4d4542be924bb151cebfa9704785188f0e2754e0d67a4bcf2be18f15,mtk_charger_framework.ko,mtk_charger_framework,vendor_boot_platform,LIKELY_PLATFORM_MATCH,"exact module-name target found; corroboration is non-decisive (export-only and/or directory-scoped): device_modules:drivers/power/supply DIRECTORY_FALLBACK (compatible=mediatek,charger; exports=chr_get_debug_level,mtk_chg_enable_vbus_ovp)"
c4fde329f57f4736593968c6eafd05be66377162efa11b94fe49cea1d0e35b2d,clk-chk-mt6878.ko,clk_chk_mt6878,vendor_boot_platform,LIKELY_PLATFORM_MATCH,"exact module-name target found; corroboration is non-decisive (export-only and/or directory-scoped): device_modules:drivers/clk/mediatek TARGET_FILES (exports=dump_clk_event,get_mt6878_reg_value,get_subsys_reg_dump_mt6878,print_subsys_reg_mt6878,set_subsys_reg_dump_mt6878)"
c51a910a3df3db3d56f93d60e13c6b08f3263087f67c693dec1923a0bea96e37,mtk-vmm-notifier.ko,mtk_vmm_notifier,vendor_dlkm,LIKELY_PLATFORM_MATCH,exact module-name target found; corroboration is non-decisive (export-only and/or directory-scoped): device_modules:drivers/misc/mediatek/vmm TARGET_FILES (exports=vmm_isp_ctrl_notify)
c610fd72394b57c049aab933433126ac1a9d6eb362d8f1e3e26c156e9d793f8e,mtk_battery_oc_throttling.ko,mtk_battery_oc_throttling,vendor_boot_platform;vendor_dlkm,DIRECT_SOURCE_MATCH,"exact module name plus target-scoped hardware corroboration: device_modules:drivers/misc/mediatek/power_throttling target-scoped (compatible=mediatek,mt6359p-battery_oc_throttling,mediatek,mt6375-battery_oc_throttling,mediatek,mt6377-battery_oc_throttling; exports=bat_oc_set_ppb_mode,register_battery_oc_notify)"
c672dd1ba09ab5b730ad11be96eb4403aa412d974b0f3b7f499de0d69476d1ec,mtk-scp-audiocommon.ko,mtk_scp_audiocommon,vendor_dlkm,LIKELY_PLATFORM_MATCH,"exact module-name target found; corroboration is non-decisive (export-only and/or directory-scoped): device_modules:sound/soc/mediatek/audio_scp DIRECTORY_FALLBACK (compatible=mediatek,scp-audio-mbox; exports=hook_scp_ipi_queue_recv_msg_handler,is_audio_mbox_init_done,is_scp_audio_ready,scp_audio_ipi_registration,scp_audio_ipi_unregistration,scp_send_message)"
c7faa3ba4d8f14e4d24087f1dbd9f7c7c492e384214d571def17fb087de1458e,aw36518_v2.ko,aw36518_v2,vendor_dlkm,NEEDS_ULEFONE_PORT,Awinic publishes AW36518/AW3651X Android driver resources; Ulefone's V2 module requires integration/ABI comparison
c827e52efea8a4e447707186e41114ce71facd5c6e548e4c5788def113772249,mt6363-regulator.ko,mt6363_regulator,vendor_boot_platform,LIKELY_PLATFORM_MATCH,exact module-name target found in Nothing source index; needs target-scoped symbol/DT/KMI confirmation; device_modules:drivers/regulator
c89b74b83eed59dba189f681ac73a56ffcfb8152907f060413b562734c047eb8,snd-soc-tfa98xx.ko,snd_soc_tfa98xx,vendor_dlkm,LIKELY_PLATFORM_MATCH,exact module-name target found in Nothing source index; needs target-scoped symbol/DT/KMI confirmation; device_modules:sound/soc/codecs/tfa98xx
c9d769756514fdc11a445ab2cd050ae58d76a915eeae4da644665d0248d80d33,ufs-mediatek-dbg.ko,ufs_mediatek_dbg,vendor_boot_platform,LIKELY_PLATFORM_MATCH,"exact module-name target found; corroboration is non-decisive (export-only and/or directory-scoped): device_modules:drivers/ufs TARGET_FILES (exports=ufs_mtk_dbg_cmd_hist_disable,ufs_mtk_dbg_cmd_hist_enable,ufs_mtk_dbg_dump,ufs_mtk_dbg_get_aee_buffer,ufs_mtk_dbg_register,ufs_mtk_dbg_tp_register)"
ca66d7fd5606bc2e12dd613a45a5fb657a0e282380d7b86a4458889d1797619a,vtskin_temp.ko,vtskin_temp,vendor_dlkm,DIRECT_SOURCE_MATCH,"exact module name plus target-scoped hardware corroboration: device_modules:drivers/thermal/mediatek target-scoped (compatible=mediatek,mt6878-virtual-tskin,mediatek,mt6897-virtual-tskin,mediatek,mt6983-virtual-tskin,mediatek,mt6985-virtual-tskin)"
ca82fe20fd6db599a0f13b9dd77cea01958fe1ae978650cbbfc03f853a6e98da,uload_ind.ko,uload_ind,vendor_dlkm,LIKELY_PLATFORM_MATCH,exact module-name target found in Nothing source index; needs target-scoped symbol/DT/KMI confirmation; device_modules:drivers/misc/mediatek/performance/uload_ind
cb214010dffb3975f5330d9c263b955e353f25f69f6a083922f0de326b179851,cfg80211.ko,cfg80211,vendor_dlkm,LIKELY_PLATFORM_MATCH,"exact module-name target found; corroboration is non-decisive (export-only and/or directory-scoped): kernel:net/wireless TARGET_FILES (exports=__cfg80211_alloc_event_skb,__cfg80211_alloc_reply_skb,__cfg80211_radar_event,__cfg80211_send_event_skb,bridge_tunnel_header,cfg80211_any_usable_channels)"
cb3a3fb932684a551e218fed6725f6bd98d75e80b922288c7711b791f065e15c,mtk-ipesys-me.ko,mtk_ipesys_me,vendor_dlkm,LIKELY_PLATFORM_MATCH,exact module-name target found in Nothing source index; needs target-scoped symbol/DT/KMI confirmation; kernel_modules:.
cb5a72a30abedd671482c960d3e9c2dd7693e0df1ab6d001ba057beb9e031e85,touch_boost.ko,touch_boost,vendor_dlkm,LIKELY_PLATFORM_MATCH,exact module-name target found in Nothing source index; needs target-scoped symbol/DT/KMI confirmation; device_modules:drivers/misc/mediatek/performance/touch_boost
cc2c852907b94c27da4d4478e315fd823fc7fab6849b71a76893e7087a513814,mtk_rpmsg_mbox.ko,mtk_rpmsg_mbox,vendor_boot_platform;vendor_dlkm,LIKELY_PLATFORM_MATCH,"exact module-name target found; corroboration is non-decisive (export-only and/or directory-scoped): device_modules:drivers/rpmsg TARGET_FILES (exports=mtk_mbox_send,mtk_rpmsg_create_channel,mtk_rpmsg_create_device)"
cd0b6f55b668902a27bfd3eb9cd7baa16bf32409970d0fd2a5e052776d8da18e,tcpci_late_sync.ko,tcpci_late_sync,vendor_boot_platform,LIKELY_PLATFORM_MATCH,exact module-name target found in Nothing source index; needs target-scoped symbol/DT/KMI confirmation; device_modules:drivers/misc/mediatek/typec/tcpc
cd77ffacc338b89538e7e79cb8762ff951ed4b6511de87eb2b71839e8b776d25,sec-rng.ko,sec_rng,vendor_boot_platform,DIRECT_SOURCE_MATCH,"exact module name plus target-scoped hardware corroboration: device_modules:drivers/char/hw_random target-scoped (compatible=arm,sec-rng)"
cf615930c1a615dd386e2a120da791fcc63de854e126de94bc0fa93cc799de06,mtk-mmdvfs-debug.ko,mtk_mmdvfs_debug,vendor_boot_platform,LIKELY_PLATFORM_MATCH,"exact module-name target found; corroboration is non-decisive (export-only and/or directory-scoped): device_modules:drivers/misc/mediatek/mmdvfs TARGET_FILES (exports=mmdvfs_debug_status_dump,mtk_is_mmdvfs_v3_debug_init_done,mtk_mmdvfs_debug_release_step0)"
cfb646ad2a9b14491e375da49018869fab13473946e8d0ecea5b9ffb95c6ceb8,8021q.ko,8021q,system_dlkm,LIKELY_PLATFORM_MATCH,exact module-name target found in Nothing source index; needs target-scoped symbol/DT/KMI confirmation; kernel:net/8021q
d0b09a5d6c6825134c7b6e9a59b3efe89c3f95a5000f074b559a9688f52e713e,pda_drv_mt6878.ko,pda_drv_mt6878,vendor_dlkm,LIKELY_PLATFORM_MATCH,exact module-name target found in Nothing source index; needs target-scoped symbol/DT/KMI confirmation; device_modules:drivers/misc/mediatek/cameraisp/pda
d0c3107dac0ee8a3f2b09006a19234e51f13711eb42f4459cb6d60d1c9194286,rps_perf.ko,rps_perf,vendor_dlkm,LIKELY_PLATFORM_MATCH,exact module-name target found; corroboration is non-decisive (export-only and/or directory-scoped): device_modules:drivers/misc/mediatek/rps TARGET_FILES (exports=set_rps_map)
d1a827e499d45203cfbb30fe8b8c6d7d8e60a6f60c42f5754d7ebd3e6dabc3dd,thermal-generic-adc.ko,thermal_generic_adc,vendor_dlkm,DIRECT_SOURCE_MATCH,exact module name plus target-scoped hardware corroboration: kernel:drivers/thermal target-scoped (compatible=generic-adc-thermal)
d2659fb37cd1d08469eac25bff927efb54390fdaf598532c0a9ddfa219b22555,bluetooth.ko,bluetooth,system_dlkm,LIKELY_PLATFORM_MATCH,exact module-name target found in Nothing source index; needs target-scoped symbol/DT/KMI confirmation; kernel:net/bluetooth
d382f5702aa114bd1edb79db57eec867b304af48e7cb31ecc113564c04442c21,mtk_mbraink.ko,mtk_mbraink,vendor_dlkm,LIKELY_PLATFORM_MATCH,exact module-name target found; corroboration is non-decisive (export-only and/or directory-scoped): device_modules:drivers/misc/mediatek/mbraink DIRECTORY_FALLBACK (exports=mbraink_netlink_send_msg)
d418a73d920fe96f994b2d048117cf778d20b79d5f762d0fc1fa34dbc97f5758,blocktag.ko,blocktag,vendor_boot_platform,LIKELY_PLATFORM_MATCH,"exact module-name target found; corroboration is non-decisive (export-only and/or directory-scoped): device_modules:drivers/misc/mediatek/blocktag TARGET_FILES (exports=mmc_mtk_biolog_check,mmc_mtk_biolog_exit,mmc_mtk_biolog_init,mmc_mtk_biolog_send_command,mmc_mtk_biolog_transfer_req_compl,mtk_btag_get_aee_buffer)"
d4dcba7d9878ee4656f4b2e1c9563b154951fecaff658f8d6b2a34953ff81779,rfcomm.ko,rfcomm,system_dlkm,LIKELY_PLATFORM_MATCH,exact module-name target found in Nothing source index; needs target-scoped symbol/DT/KMI confirmation; kernel:net/bluetooth/rfcomm
d4e6e06b70a08f59e52e33bdfb2824815b97750b37ea0237483d509ab17ac49a,leds-mtk.ko,leds_mtk,vendor_boot_platform,LIKELY_PLATFORM_MATCH,"exact module-name target found; corroboration is non-decisive (export-only and/or directory-scoped): device_modules:drivers/leds TARGET_FILES (exports=mt_leds_call_notifier,mt_leds_classdev_register,mt_leds_classdev_unregister,mt_leds_notify_brightness_hw_changed,mt_leds_parse_dt,mtk_leds_brightness_set)"
d5a38a499f064af414da18290e7492947e1388ff64c021a70aa4c595f78f5c2b,mtk_md_power_throttling.ko,mtk_md_power_throttling,vendor_dlkm,DIRECT_SOURCE_MATCH,"exact module name plus target-scoped hardware corroboration: device_modules:drivers/misc/mediatek/power_throttling target-scoped (compatible=mediatek,md-power-throttling)"
d6bd0e785c8395c3f7ab6b2016eb3b7a486a3034c0c76e5ff9bbd31f224a3c89,mt6878_dcm.ko,mt6878_dcm,vendor_boot_platform,LIKELY_PLATFORM_MATCH,exact module-name target found in Nothing source index; needs target-scoped symbol/DT/KMI confirmation; device_modules:drivers/misc/mediatek/dcm
d6e3a55e3e1174a75445f61e2e9ec4165331e2f47732736dad516709b46f9d56,snd-soc-mtk-scp-ultra.ko,snd_soc_mtk_scp_ultra,vendor_dlkm,LIKELY_PLATFORM_MATCH,"exact module-name target found; corroboration is non-decisive (export-only and/or directory-scoped): device_modules:sound/soc/mediatek/ultrasound/ultra_scp DIRECTORY_FALLBACK (compatible=mediatek,snd-scp-ultra; exports=mtk_scp_ultra_pcm_platform,ultra_set_dsp_afe)"
d74f1d4bddef24cea1cbeb36aba906632f3dbede51e8e3957287b7c35d78d8b6,apusys.ko,apusys,vendor_dlkm,LIKELY_PLATFORM_MATCH,exact module-name target found in Nothing source index; needs target-scoped symbol/DT/KMI confirmation; device_modules:drivers/misc/mediatek/apusys
d773c89fabcd5414f67c8e67dfdc46822bc4e78fab3237a4b4eb16314cf4e5b2,md_cooling_all.ko,md_cooling_all,vendor_dlkm,DIRECT_SOURCE_MATCH,"exact module name plus target-scoped hardware corroboration: device_modules:drivers/thermal/mediatek target-scoped (compatible=mediatek,mt6295-md-cooler,mediatek,mt6297-md-cooler,mediatek,mt6298-md-cooler)"
d7a023ba4413e9366166a30a55331e74fa5c06d5cd78303571f1611474960f25,mtk-scp-ultra.ko,mtk_scp_ultra,vendor_dlkm,LIKELY_PLATFORM_MATCH,"exact module-name target found; corroboration is non-decisive (export-only and/or directory-scoped): device_modules:sound/soc/mediatek/ultrasound/ultra_common TARGET_FILES (exports=get_scp_ultra_base,is_ultra_reserved_dram_addr_valid,mtk_scp_ultra_allocate_mem,set_scp_ultra_base)"
d7ab05e65e8b1dfccc71dd842fe51e56855ec6cb3ba1717e712f3cda0c2f84f9,mmqos-mt6878.ko,mmqos_mt6878,vendor_boot_platform,DIRECT_SOURCE_MATCH,"exact module name plus target-scoped hardware corroboration: device_modules:drivers/interconnect/mediatek target-scoped (compatible=mediatek,mt6878-mmqos)"
d8076e4286b4cb587af42fb15360f3e27c681fcc8f6ce4c20a8e69bc9d785833,diag.ko,diag,system_dlkm,LIKELY_PLATFORM_MATCH,exact module-name target found in Nothing source index; needs target-scoped symbol/DT/KMI confirmation; kernel:net/tipc
d887e03885d49965e5f67d5e9885324ca357d682cc6b9233effcfd9c4902f45c,rtc-mt6685.ko,rtc_mt6685,vendor_boot_platform,DIRECT_SOURCE_MATCH,"exact module name plus target-scoped hardware corroboration: device_modules:drivers/rtc target-scoped (compatible=mediatek,mt6685-rtc)"
d938d803815e1bd7e3651b9a104777cb0a53db9ba4185c56c82c40db4bfb135a,mtk_cpu_power_throttling.ko,mtk_cpu_power_throttling,vendor_dlkm,DIRECT_SOURCE_MATCH,"exact module name plus target-scoped hardware corroboration: device_modules:drivers/misc/mediatek/power_throttling target-scoped (compatible=mediatek,cpu-power-throttling)"
d9996b3feaa090ee2dff49f7f9a8f1d6edc1b4732ca93a2a8636a753f95dfb59,rt4831a_drv.ko,rt4831a_drv,vendor_boot_platform,LIKELY_PLATFORM_MATCH,"exact module-name target found; corroboration is non-decisive (export-only and/or directory-scoped): device_modules:drivers/misc/mediatek/gate_ic TARGET_FILES (exports=_gate_ic_Power_off,_gate_ic_Power_on,_gate_ic_backlight_set,_gate_ic_i2c_panel_bias_enable,_gate_ic_i2c_read_bytes,_gate_ic_i2c_write_bytes)"
d9d25d84fa99dd16223d6aa24d2016b5210ee9d8fa930ec394125366c925b1a4,cpudvfs.ko,cpudvfs,vendor_dlkm,LIKELY_PLATFORM_MATCH,"exact module-name target found; corroboration is non-decisive (export-only and/or directory-scoped): device_modules:drivers/misc/mediatek/cpufreq_lite TARGET_FILES (exports=cpufreq_set_cci_mode,set_dsu_ctrl_debug)"
dab36e3d2593546d72b4fa7257b4a303c65c0ad4c507bbd1fbb50e1578111d48,custom-ldo-wl2868.ko,custom_ldo_wl2868,vendor_dlkm,ULEFONE_ONLY,WL2864/WL2868 custom LDO integration has no usable Nothing/public kernel source hit in the current audit
daefc888c27639800e1a8435d9d63a25b5f71a60d3ad73f403348a5b8ad5f6cc,mtk_imgsys_cmdq.ko,mtk_imgsys_cmdq,vendor_dlkm,LIKELY_PLATFORM_MATCH,"exact module-name target found; corroboration is non-decisive (export-only and/or directory-scoped): device_modules:drivers/media/platform/mtk-isp/imgsys DIRECTORY_FALLBACK (compatible=mediatek,imgsys-cmdq-71,mediatek,imgsys-cmdq-7s,mediatek,imgsys-cmdq-7sp; exports=imgsys_cmdq_clearevent,imgsys_cmdq_init,imgsys_cmdq_release,imgsys_cmdq_sendtask,imgsys_cmdq_streamoff,imgsys_cmdq_streamon)"
db5951e264dbb289c66d1acd52a486609c03fc066b7dd9c721e64dc28dae5d19,l2tp_ppp.ko,l2tp_ppp,system_dlkm,LIKELY_PLATFORM_MATCH,exact module-name target found in Nothing source index; needs target-scoped symbol/DT/KMI confirmation; kernel:net/l2tp
dbb3bbef82c51be7170bb04fc10884f4e527920dcfdf5deab38b6f2c79188b68,mtk_aie_debug_7sp_2.ko,mtk_aie_debug_7sp_2,vendor_dlkm,LIKELY_PLATFORM_MATCH,exact module-name target found; corroboration is non-decisive (export-only and/or directory-scoped): kernel_modules:mtkcam/mtk-aie TARGET_FILES (exports=mtk_aie_register_tf_cb_7sp_2)
dc8b9746ad3a742318617c118f1ccc32bb19cb23096f9602101d08aa2df76ebc,ccci_ccif.ko,ccci_ccif,vendor_dlkm,LIKELY_PLATFORM_MATCH,exact module-name target found in Nothing source index; needs target-scoped symbol/DT/KMI confirmation; device_modules:drivers/misc/mediatek/eccci/hif
de1454186c08033d2ca56b6e28ee3528c65aaa362bc3ce56717f848bcccf0db3,cqhci.ko,cqhci,vendor_boot_platform,LIKELY_PLATFORM_MATCH,"exact module-name target found; corroboration is non-decisive (export-only and/or directory-scoped): device_modules:drivers/mmc/host TARGET_FILES (exports=cqhci_deactivate,cqhci_init,cqhci_irq,cqhci_pltfm_init,cqhci_resume) | kernel:drivers/mmc/host TARGET_FILES (exports=cqhci_deactivate,cqhci_init,cqhci_irq,cqhci_pltfm_init,cqhci_resume)"
e0c8627006d10d4d5352544ac8d7cd7e15037f54ba410d9d2eb87d80757298d7,mtk_slbc.ko,mtk_slbc,vendor_boot_platform,LIKELY_PLATFORM_MATCH,"exact module-name target found; corroboration is non-decisive (export-only and/or directory-scoped): device_modules:drivers/misc/mediatek/slbc DIRECTORY_FALLBACK (exports=popcount,slbc_activate_status,slbc_all_cache_mode,slbc_ceil,slbc_enable,slbc_force_cache)"
e155bc4b6e55e233cfeef6f11462011c9c31df6c0e17cc31f40a4985f2fb239d,bsd_comp.ko,bsd_comp,system_dlkm,LIKELY_PLATFORM_MATCH,exact module-name target found in Nothing source index; needs target-scoped symbol/DT/KMI confirmation; kernel:drivers/net/ppp
e21d8e0074f8440dcbb58b9558c3724ed0d45f3f6471c92f51aa86f8c01a04b9,imgsensor-glue.ko,imgsensor_glue,vendor_dlkm,LIKELY_PLATFORM_MATCH,"exact module-name target found; corroboration is non-decisive (export-only and/or directory-scoped): kernel_modules:mtkcam/imgsensor/src-v4l2/imgsensor-glue TARGET_FILES (exports=add_external_subdrv_entry,query_external_subdrv_entry)"
e277fe9660d648cc36b29fc7b41ccf1c01e7c7419dc1271a39dd49037b7cdfb0,frs.ko,frs,vendor_dlkm,LIKELY_PLATFORM_MATCH,exact module-name target found in Nothing source index; needs target-scoped symbol/DT/KMI confirmation; device_modules:drivers/misc/mediatek/performance/frs
e371ac6b3ff9b8ed3a8d25fdef4650b1a37fd607e955b946377e4a817a3e4fc6,powerhal_cpu_ctrl.ko,powerhal_cpu_ctrl,vendor_dlkm,LIKELY_PLATFORM_MATCH,"exact module-name target found; corroboration is non-decisive (export-only and/or directory-scoped): device_modules:drivers/misc/mediatek/performance/powerhal_cpu_ctrl TARGET_FILES (exports=adpf_register_callback,adpf_unregister_callback,register_get_fpsgo_is_boosting_fp,unregister_get_fpsgo_is_boosting_fp)"
e4506346dc3c21048936c3123cc0c85b80882242d1f5a19f280db808e2650d95,aee_hangdet.ko,aee_hangdet,vendor_boot_platform,LIKELY_PLATFORM_MATCH,exact module-name target found; corroboration is non-decisive (export-only and/or directory-scoped): device_modules:drivers/misc/mediatek/aee/hangdet DIRECTORY_FALLBACK (exports=kwdt_regist_irq_info)
e4a9fd980e92c05185bb724d244146cd5c8792daafb83af1fd81f2688537a0c5,mt6369-accdet.ko,mt6369_accdet,vendor_dlkm,DIRECT_SOURCE_MATCH,"exact module name plus target-scoped hardware corroboration: device_modules:sound/soc/codecs target-scoped (compatible=mediatek,mt6369-accdet; exports=mt6369_accdet_init,mt6369_accdet_late_init,mt6369_accdet_modify_vref_volt,mt6369_accdet_read_audio_res)"
e4b80645e2c966a2b059c39485ce9dcfdc6285c8686bf69c89705ea70f0e8488,dbg_error_flag.ko,dbg_error_flag,vendor_boot_platform,LIKELY_PLATFORM_MATCH,"exact module-name target found; corroboration is non-decisive (export-only and/or directory-scoped): device_modules:drivers/misc/mediatek/sda TARGET_FILES (exports=dbg_error_flag_register_notify,get_dbg_error_flag_mask)"
e5d836ccb048680676ad4b0b318446738d3f4749e5d642de3f62abc625f3e1b5,mediatek-drm-panel-drv.ko,mediatek_drm_panel_drv,vendor_boot_platform,LIKELY_PLATFORM_MATCH,"exact module-name target found; corroboration is non-decisive (export-only and/or directory-scoped): device_modules:drivers/gpu/drm/panel DIRECTORY_FALLBACK (compatible=mediatek,mtk-drm-panel-drv-dbi,mediatek,mtk-drm-panel-drv-dpi,mediatek,mtk-drm-panel-drv-dsi; exports=dump_lcm_dsi_fps_settings,dump_lcm_ops_dbi,dump_lcm_ops_dpi,dump_lcm_ops_dsi,dump_lcm_ops_func,dump_lcm_ops_table)"
e5ec5051d4431f3816e3900c9da52358eae5e62238fad3d71247fe1e08a8a635,fpsgo.ko,fpsgo,vendor_dlkm,LIKELY_PLATFORM_MATCH,exact module-name target found in Nothing source index; needs target-scoped symbol/DT/KMI confirmation; kernel_modules:.
e789f7e7188a6dd55c6b9cbd5251c72bdccab2c5b6f0e0f31a8cbab6e5e8f149,mtk-mminfra-imax.ko,mtk_mminfra_imax,vendor_boot_platform,LIKELY_PLATFORM_MATCH,exact module-name target found in Nothing source index; needs target-scoped symbol/DT/KMI confirmation; device_modules:drivers/misc/mediatek/mminfra
e7d4e7cfe4defdd69ff0e1be50c7a3de173b5c717e47e969cf0f9dec13baf9bc,yft_tpd_gesture.ko,yft_tpd_gesture,vendor_boot_platform,ULEFONE_ONLY,YFT/Ulefone gesture-wake ABI provider
eb3cc083ac2539a6b8eda36198fb977ed08fda5aa6b348c92805aeff48862169,mcupm.ko,mcupm,vendor_dlkm,LIKELY_PLATFORM_MATCH,"exact module-name target found; corroboration is non-decisive (export-only and/or directory-scoped): device_modules:drivers/misc/mediatek/mcupm/v2 TARGET_FILES (exports=get_mcupm_ipidev,mcupm_mbox_read,mcupm_mbox_write,mcupm_reserve_mem_get_phys,mcupm_reserve_mem_get_size,mcupm_reserve_mem_get_virt)"
eb664657a8cf3811b2acb49bcf5e8b5b98e6f9b45298791a5d74d1e1b08a421d,met.ko,met,vendor_dlkm,LIKELY_PLATFORM_MATCH,exact module-name target found in Nothing source index; needs target-scoped symbol/DT/KMI confirmation; kernel_modules:.
ebd6147c7f4d803dbdfa1246efbf8a3487d744eb65cf53d12cbd6f3874a57073,mtk-dvfsrc-regulator.ko,mtk_dvfsrc_regulator,vendor_boot_platform,DIRECT_SOURCE_MATCH,"exact module name plus target-scoped hardware corroboration: device_modules:drivers/regulator target-scoped (compatible=mediatek,mt6833-dvfsrc,mediatek,mt6853-dvfsrc,mediatek,mt6855-dvfsrc,mediatek,mt6873-dvfsrc) | kernel:drivers/regulator target-scoped (compatible=mediatek,mt6873-dvfsrc,mediatek,mt8183-dvfsrc,mediatek,mt8192-dvfsrc)"
ebdc8aa588e93210ac99b5959033165709242c52e38b6066a6b28090685c2d2c,tinysys-scmi.ko,tinysys_scmi,vendor_boot_platform,LIKELY_PLATFORM_MATCH,exact module-name target found in Nothing source index; needs target-scoped symbol/DT/KMI confirmation; device_modules:drivers/misc/mediatek/tinysys_scmi
ec0aa807803912a5747aa64ebedd76204de5f4042c8b404fa96578057f97a32b,mdp_drv_mt6878.ko,mdp_drv_mt6878,vendor_boot_platform,LIKELY_PLATFORM_MATCH,exact module-name target found; corroboration is non-decisive (export-only and/or directory-scoped): device_modules:drivers/misc/mediatek/mdp DIRECTORY_FALLBACK (exports=mdp_dpc_register)
ec40d0e3e727b86e52dee78707dad344352f1e5a92a1017b9c48c0cd73f1dfd9,mtk_imgsys_isp7sp.ko,mtk_imgsys_isp7sp,vendor_dlkm,LIKELY_PLATFORM_MATCH,exact module-name target found in Nothing source index; needs target-scoped symbol/DT/KMI confirmation; kernel_modules:.
efc0bb5684c0429dab65ea3d17264f6dfc5fa2f987deb82c1da961a9d5e818ef,hbt.ko,hbt,vendor_dlkm,LIKELY_PLATFORM_MATCH,exact module-name target found in Nothing source index; needs target-scoped symbol/DT/KMI confirmation; kernel_modules:.
f1f0893e808ceec57c244a0efa3f1cccd9923814244d0c5438cd75728e36f0d9,mtk-lpm-dbg-common-v2.ko,mtk_lpm_dbg_common_v2,vendor_dlkm,LIKELY_PLATFORM_MATCH,"exact module-name target found; corroboration is non-decisive (export-only and/or directory-scoped): device_modules:drivers/misc/mediatek/lpm/modules/debug/v2 DIRECTORY_FALLBACK (compatible=mediatek,mtk-lpm; exports=after_md_sleep_status,before_md_sleep_status,cur_md_sleep_status,get_lpm_logger_mbrain_dbg_ops,get_md_sleep_time,is_md_sleep_info_valid)"
f25211901030075c0314bf414fe127f13b54f7ef757e6f725ff82bd0eca50eab,conninfra.ko,conninfra,vendor_dlkm,DIRECT_SOURCE_MATCH,Nothing MT6878 publishes the conninfra external-module source; stock module name and exported conninfra API are present
f2a196064d410afdf871bfa251e1e07f6b12cc5dcac4a4c8785bf1e9161d2336,mtk_pd_adapter.ko,mtk_pd_adapter,vendor_boot_platform,DIRECT_SOURCE_MATCH,"exact module name plus target-scoped hardware corroboration: device_modules:drivers/power/supply target-scoped (compatible=mediatek,pd_adapter)"
f31ff3ebba8da0e89f4f84499aae703d1b13afc6c60d0ff965948c1b7bedd7bd,phy-mtk-ufs.ko,phy_mtk_ufs,vendor_boot_platform,DIRECT_SOURCE_MATCH,"exact module name plus target-scoped hardware corroboration: device_modules:drivers/phy/mediatek target-scoped (compatible=mediatek,mt8183-ufsphy) | kernel:drivers/phy/mediatek target-scoped (compatible=mediatek,mt8183-ufsphy)"
f364acc5a5198facb456295c1503927c75ca7f97b8f735164be19c90120235b7,mtk-vow.ko,mtk_vow,vendor_dlkm,LIKELY_PLATFORM_MATCH,exact module-name target found; corroboration is non-decisive (export-only and/or directory-scoped): device_modules:drivers/misc/mediatek/vow/ver02 DIRECTORY_FALLBACK (exports=vow_ipi_send)
f5d4dde1f09ac1d67877c66dddf2839de1f496bb2b6b74f50fbe3cd1693b60dc,fingerprint.ko,fingerprint,vendor_boot_platform,ULEFONE_ONLY,Stock yft_finger bridge is Ulefone/YFT-specific; generic 'fingerprint' text hits in Nothing are unrelated and Nothing uses a different fingerprint family
f6ab27f08261bb5fbaab014f3d94d2a3c59c59ffe3a2cca931023c22d4c701a5,mtk-pmic-wrap.ko,mtk_pmic_wrap,vendor_boot_platform,DIRECT_SOURCE_MATCH,"exact module name plus target-scoped hardware corroboration: device_modules:drivers/soc/mediatek target-scoped (compatible=mediatek,mt2701-pwrap,mediatek,mt6323,mediatek,mt6351,mediatek,mt6357) | kernel:drivers/soc/mediatek target-scoped (compatible=mediatek,mt2701-pwrap,mediatek,mt6323,mediatek,mt6351,mediatek,mt6357)"
f6b976ff3e5fc364485161823bdc52bb402f2726237069133aee5a2cf750c62f,clk-mt6878-mdpsys.ko,clk_mt6878_mdpsys,vendor_boot_platform,LIKELY_PLATFORM_MATCH,exact module-name target found in Nothing source index; needs target-scoped symbol/DT/KMI confirmation; device_modules:drivers/clk/mediatek
f6cc18e8f4070b49bb7d5a09e86234a921d3a8e078e9afb171c803f47b308c93,slcan.ko,slcan,system_dlkm,LIKELY_PLATFORM_MATCH,exact module-name target found in Nothing source index; needs target-scoped symbol/DT/KMI confirmation; kernel:drivers/net/can/slcan
f6cd04f1948826ddcf1c3403ebc727b274c1bac3b399fe1a402034a4996a506f,mt6375.ko,mt6375,vendor_boot_platform,DIRECT_SOURCE_MATCH,"exact module name plus target-scoped hardware corroboration: device_modules:drivers/mfd target-scoped (compatible=mediatek,mt6375)"
f8d4be0381387c561c9eff337499e667d4842962976a509db05e34dec476267c,mtk-pmic-oc-debug.ko,mtk_pmic_oc_debug,vendor_dlkm,DIRECT_SOURCE_MATCH,"exact module name plus target-scoped hardware corroboration: device_modules:drivers/misc/mediatek/pmic_protect target-scoped (compatible=mediatek,mt6835-oc-debug,mediatek,mt6878-oc-debug,mediatek,mt6879-oc-debug,mediatek,mt6895-oc-debug)"
f8df5633787d34d2a355f941f0039a04023069f81eb3da240ce52d2129629847,rpmb-mtk.ko,rpmb_mtk,vendor_boot_platform,LIKELY_PLATFORM_MATCH,exact module-name target found; corroboration is non-decisive (export-only and/or directory-scoped): device_modules:drivers/char/rpmb TARGET_FILES (exports=mmc_rpmb_register)
f8f7c2c72d2feec9884a754fc5d08db93daac3b0425c5388cbe83991319dfe76,mtk-mml.ko,mtk_mml,vendor_boot_platform,LIKELY_PLATFORM_MATCH,exact module-name target found in Nothing source index; needs target-scoped symbol/DT/KMI confirmation; device_modules:drivers/gpu/drm/mediatek/mml
f9241da174e22a85798f83f5a04083de2d3f42a6a8cc3f725740fea100e6cf59,mtk-btcvsd.ko,mtk_btcvsd,vendor_dlkm,DIRECT_SOURCE_MATCH,"exact module name plus target-scoped hardware corroboration: device_modules:sound/soc/mediatek/common target-scoped (compatible=mediatek,mtk-btcvsd-snd) | kernel:sound/soc/mediatek/common target-scoped (compatible=mediatek,mtk-btcvsd-snd)"
f9beeb06c15b86fe77ea23cad57f4e9dca702a331adf92b84d015e40694f2bcb,mt6375-auxadc.ko,mt6375_auxadc,vendor_boot_platform,DIRECT_SOURCE_MATCH,"exact module name plus target-scoped hardware corroboration: device_modules:drivers/iio/adc target-scoped (compatible=mediatek,mt6375-auxadc)"
fbbbbd36edd9ac9020593de35e6daa8c0a7b99a15cfc8c2030caff2e1d4bf095,sec.ko,sec,vendor_boot_platform,LIKELY_PLATFORM_MATCH,exact module-name target found in Nothing source index; needs target-scoped symbol/DT/KMI confirmation; device_modules:drivers/misc/mediatek/masp
fc3e8a5d97296d8058965c444759e74415e871f0bbdabe2427f66aef3dd4179e,wlan_drv_gen4m_6878.ko,wlan_drv_gen4m_6878,vendor_dlkm,DIRECT_SOURCE_MATCH,Nothing MT6878 contains the exact wlan_drv_gen4m_6878 build target and gen4m WLAN source tree
fc4bacd5c69c5a9bbe045774e613779c0c38799b22bf9f9fb35f428992b957c7,widevine_driver.ko,widevine_driver,vendor_dlkm,DIRECT_SOURCE_MATCH,"exact module name plus target-scoped hardware corroboration: device_modules:drivers/misc/mediatek/widevine_drm target-scoped (compatible=mediatek,drm_wv)"
fcf8b27b90b18b7172956566751d80cd102d058627fbffebe1d88886d455f410,fmradio_drv_connac2x.ko,fmradio_drv_connac2x,vendor_dlkm,LIKELY_PLATFORM_MATCH,exact module-name target found in Nothing source index; needs target-scoped symbol/DT/KMI confirmation; kernel_modules:Build/connac2x
fd46d35eb2e893d95a04c5f1d3e1cbd206975fab83de65b151dd3c9fac6dcb81,teeperf.ko,teeperf,vendor_boot_platform,LIKELY_PLATFORM_MATCH,exact module-name target found in Nothing source index; needs target-scoped symbol/DT/KMI confirmation; device_modules:drivers/tee/teeperf
fd6aa93126acf2a9fe9634d1f7d34d79958803faea00c46989bda7481a49cf7e,mtk_jpeg.ko,mtk_jpeg,vendor_dlkm,LIKELY_PLATFORM_MATCH,"exact module-name target found; corroboration is non-decisive (export-only and/or directory-scoped): device_modules:drivers/media/platform/mtk-jpeg DIRECTORY_FALLBACK (compatible=mediatek,mt2701-jpgdec,mediatek,mt8173-jpgdec,mediatek,mtk-jpgenc,mediatek,mtk-jpgenc_c0_c1) | kernel:drivers/media/platform/mediatek/jpeg DIRECTORY_FALLBACK (compatible=mediatek,mt2701-jpgdec,mediatek,mt8173-jpgdec,mediatek,mtk-jpgenc)"
ff6e8d15fe67d201cc83273adfa7590cbaddb7c6a4d4768d37c50bde8c637d72,kheaders.ko,kheaders,system_dlkm,LIKELY_PLATFORM_MATCH,exact module-name target found in Nothing source index; needs target-scoped symbol/DT/KMI confirmation; kernel:kernel
