module_name,classifications,final_status,evidence_kind,normalized_status,exact_status,nothing_target_hits,nothing_source_hits,mt6878_target_hits,mt6878_source_hits,normalized_target_examples,normalized_source_examples,exact_strong_examples,exact_composite_examples,exact_source_examples
6lowpan,LIKELY_PLATFORM_MATCH,GOOGLE_GKI_ARTIFACT,exact GKI build artifact,GOOGLE_GKI_ARTIFACT,NO_EXACT_EVIDENCE,0,0,0,0,,,,,
8021q,LIKELY_PLATFORM_MATCH,GOOGLE_GKI_ARTIFACT,exact GKI build artifact,GOOGLE_GKI_ARTIFACT,NO_EXACT_EVIDENCE,0,0,0,0,,,,,
8250_mtk,DIRECT_SOURCE_MATCH,NOTHING_BUILD_TARGET,normalized Make/Kbuild target,NOTHING_BUILD_TARGET,EXACT_SOURCE_BASENAME,1,1,0,0,device_modules/drivers/tty/serial/8250/Makefile:7:obj-$(CONFIG_DEVICE_MODULES_SERIAL_8250_MT6577)	+= 8250_mtk.o,device_modules/drivers/tty/serial/8250/8250_mtk.c,,,device_modules/drivers/tty/serial/8250/8250_mtk.c
adapter_class,LIKELY_PLATFORM_MATCH,NOTHING_BUILD_TARGET,normalized Make/Kbuild target,NOTHING_BUILD_TARGET,EXACT_SOURCE_BASENAME,1,1,0,0,device_modules/drivers/power/supply/Makefile:7:obj-$(CONFIG_MTK_CHARGER) += mtk_charger_framework.o mtk_pd_charging.o charger_class.o adapter_class.o mtk_charger_algorithm_class.o mtk_pd_adapter.o,device_modules/drivers/power/supply/adapter_class.c,,,device_modules/drivers/power/supply/adapter_class.c
adsp,LIKELY_PLATFORM_MATCH,NOTHING_BUILD_TARGET,normalized Make/Kbuild target,NOTHING_BUILD_TARGET,MENTION_ONLY,1,0,0,0,device_modules/drivers/misc/mediatek/adsp/Makefile:14:obj-${CONFIG_MTK_AUDIODSP_SUPPORT} += adsp.o,,,,
aee_aed,LIKELY_PLATFORM_MATCH,NOTHING_BUILD_TARGET,normalized Make/Kbuild target,NOTHING_BUILD_TARGET,NO_EXACT_EVIDENCE,1,0,0,0,device_modules/drivers/misc/mediatek/aee/aed/Makefile:18:obj-$(CONFIG_MTK_AEE_AED)	+= aee_aed.o,,,,
aee_hangdet,LIKELY_PLATFORM_MATCH,NOTHING_BUILD_TARGET,normalized Make/Kbuild target,NOTHING_BUILD_TARGET,NO_EXACT_EVIDENCE,1,0,0,0,device_modules/drivers/misc/mediatek/aee/hangdet/Makefile:21:obj-$(CONFIG_MTK_AEE_HANGDET)	+= aee_hangdet.o,,,,
aee_rs,LIKELY_PLATFORM_MATCH,NOTHING_BUILD_TARGET,normalized Make/Kbuild target,NOTHING_BUILD_TARGET,EXACT_SOURCE_BASENAME,1,1,0,0,device_modules/drivers/misc/mediatek/aee/aed/Makefile:25:obj-$(CONFIG_MTK_AEE_FEATURE)	+= aee_rs.o,device_modules/drivers/misc/mediatek/aee/aed/aee_rs.c,,,device_modules/drivers/misc/mediatek/aee/aed/aee_rs.c
apu_top,LIKELY_PLATFORM_MATCH,NOTHING_BUILD_TARGET,normalized Make/Kbuild target,NOTHING_BUILD_TARGET,NO_EXACT_EVIDENCE,1,0,0,0,device_modules/drivers/misc/mediatek/apusys/power/Makefile:99:obj-$(CONFIG_MTK_APUSYS_SUPPORT) += apu_top.o,,,,
apusys,LIKELY_PLATFORM_MATCH,NOTHING_BUILD_TARGET,normalized Make/Kbuild target,NOTHING_BUILD_TARGET,MENTION_ONLY,1,0,0,0,device_modules/drivers/misc/mediatek/apusys/Makefile:26:obj-$(CONFIG_MTK_APUSYS_SUPPORT) += apusys.o,,,,
aqc111,LIKELY_PLATFORM_MATCH,GOOGLE_GKI_ARTIFACT,exact GKI build artifact,GOOGLE_GKI_ARTIFACT,NO_EXACT_EVIDENCE,0,0,0,0,,,,,
arm_dsu_pmu,DIRECT_SOURCE_MATCH,UNRESOLVED,,UNRESOLVED,NO_EXACT_EVIDENCE,0,0,0,0,,,,,
asix,LIKELY_PLATFORM_MATCH,GOOGLE_GKI_ARTIFACT,exact GKI build artifact,GOOGLE_GKI_ARTIFACT,NO_EXACT_EVIDENCE,0,0,0,0,,,,,
atf_logger,LIKELY_PLATFORM_MATCH,NOTHING_BUILD_TARGET,normalized Make/Kbuild target,NOTHING_BUILD_TARGET,NO_EXACT_EVIDENCE,1,0,0,0,device_modules/drivers/misc/mediatek/atf/Makefile:6:obj-$(CONFIG_MTK_ATF_LOGGER) := atf_logger.o,,,,
audio_ipi,LIKELY_PLATFORM_MATCH,NOTHING_BUILD_TARGET,normalized Make/Kbuild target,NOTHING_BUILD_TARGET,EXACT_SOURCE_BASENAME,1,1,0,0,device_modules/drivers/misc/mediatek/audio_ipi/Makefile:30:obj-$(CONFIG_MTK_AUDIO_IPI) += audio_ipi.o,device_modules/drivers/misc/mediatek/audio_ipi/common/audio_ipi.c,,,device_modules/drivers/misc/mediatek/audio_ipi/common/audio_ipi.c
aw36515,NEEDS_ULEFONE_PORT,UNRESOLVED,,UNRESOLVED,NO_EXACT_EVIDENCE,0,0,0,0,,,,,
aw36518,NEEDS_ULEFONE_PORT,UNRESOLVED,,UNRESOLVED,NO_EXACT_EVIDENCE,0,0,0,0,,,,,
aw36518_v2,NEEDS_ULEFONE_PORT,UNRESOLVED,,UNRESOLVED,NO_EXACT_EVIDENCE,0,0,0,0,,,,,
aw883xx_driver,NEEDS_ULEFONE_PORT,UNRESOLVED,,UNRESOLVED,NO_EXACT_EVIDENCE,0,0,0,0,,,,,
ax88179_178a,LIKELY_PLATFORM_MATCH,GOOGLE_GKI_ARTIFACT,exact GKI build artifact,GOOGLE_GKI_ARTIFACT,NO_EXACT_EVIDENCE,0,0,0,0,,,,,
backlight_cooling,DIRECT_SOURCE_MATCH,NOTHING_BUILD_TARGET,normalized Make/Kbuild target,NOTHING_BUILD_TARGET,EXACT_SOURCE_BASENAME,1,1,0,0,device_modules/drivers/thermal/mediatek/Makefile:20:obj-$(CONFIG_MTK_BACKLIGHT_THERMAL) += backlight_cooling.o,device_modules/drivers/thermal/mediatek/backlight_cooling.c,,,device_modules/drivers/thermal/mediatek/backlight_cooling.c
blocktag,LIKELY_PLATFORM_MATCH,NOTHING_BUILD_TARGET,normalized Make/Kbuild target,NOTHING_BUILD_TARGET,MENTION_ONLY,1,0,0,0,device_modules/drivers/misc/mediatek/blocktag/Makefile:24:obj-$(CONFIG_MTK_BLOCK_IO_TRACER)	+= blocktag.o,,,,
bluetooth,LIKELY_PLATFORM_MATCH,GOOGLE_GKI_ARTIFACT,exact GKI build artifact,GOOGLE_GKI_ARTIFACT,MENTION_ONLY,0,0,0,0,,,,,
board_temp,DIRECT_SOURCE_MATCH,NOTHING_BUILD_TARGET,normalized Make/Kbuild target,NOTHING_BUILD_TARGET,EXACT_SOURCE_BASENAME,1,1,0,0,device_modules/drivers/thermal/mediatek/Makefile:28:obj-$(CONFIG_MTK_BOARD_THERMAL)	+= board_temp.o,device_modules/drivers/thermal/mediatek/board_temp.c,,,device_modules/drivers/thermal/mediatek/board_temp.c
bootprof,LIKELY_PLATFORM_MATCH,NOTHING_BUILD_TARGET,normalized Make/Kbuild target,NOTHING_BUILD_TARGET,EXACT_SOURCE_BASENAME,1,1,0,0,device_modules/drivers/misc/mediatek/mtprof/Makefile:14:obj-$(CONFIG_MTPROF) = bootprof.o,device_modules/drivers/misc/mediatek/mtprof/bootprof.c,,,device_modules/drivers/misc/mediatek/mtprof/bootprof.c
bsd_comp,LIKELY_PLATFORM_MATCH,GOOGLE_GKI_ARTIFACT,exact GKI build artifact,GOOGLE_GKI_ARTIFACT,NO_EXACT_EVIDENCE,0,0,0,0,,,,,
bt_drv_6878,LIKELY_PLATFORM_MATCH,UNRESOLVED,,UNRESOLVED,NO_EXACT_EVIDENCE,0,0,0,0,,,,,
btbcm,LIKELY_PLATFORM_MATCH,GOOGLE_GKI_ARTIFACT,exact GKI build artifact,GOOGLE_GKI_ARTIFACT,NO_EXACT_EVIDENCE,0,0,0,0,,,,,
btqca,LIKELY_PLATFORM_MATCH,GOOGLE_GKI_ARTIFACT,exact GKI build artifact,GOOGLE_GKI_ARTIFACT,NO_EXACT_EVIDENCE,0,0,0,0,,,,,
btsdio,LIKELY_PLATFORM_MATCH,GOOGLE_GKI_ARTIFACT,exact GKI build artifact,GOOGLE_GKI_ARTIFACT,NO_EXACT_EVIDENCE,0,0,0,0,,,,,
bus_parity,LIKELY_PLATFORM_MATCH,NOTHING_BUILD_TARGET,normalized Make/Kbuild target,NOTHING_BUILD_TARGET,NO_EXACT_EVIDENCE,1,1,0,0,device_modules/drivers/misc/mediatek/sda/Makefile:8:obj-$(CONFIG_MTK_BUS_PARITY_CHECK) += bus-parity.o,device_modules/drivers/misc/mediatek/sda/bus-parity.c,,,
c2k_usb,LIKELY_PLATFORM_MATCH,NOTHING_BUILD_TARGET,normalized Make/Kbuild target,NOTHING_BUILD_TARGET,MENTION_ONLY,1,0,0,0,device_modules/drivers/misc/mediatek/usb/c2k_usb/Makefile:22:obj-$(CONFIG_MTK_ECCCI_C2K_USB) := c2k_usb.o,,,,
c2k_usb_f_via_atc,LIKELY_PLATFORM_MATCH,NOTHING_BUILD_TARGET,normalized Make/Kbuild target,NOTHING_BUILD_TARGET,NO_EXACT_EVIDENCE,1,0,0,0,device_modules/drivers/misc/mediatek/usb/c2k_usb/Makefile:31:obj-$(CONFIG_MTK_ECCCI_C2K_USB)	+= c2k_usb_f_via_atc.o,,,,
c2k_usb_f_via_ets,LIKELY_PLATFORM_MATCH,NOTHING_BUILD_TARGET,normalized Make/Kbuild target,NOTHING_BUILD_TARGET,NO_EXACT_EVIDENCE,1,0,0,0,device_modules/drivers/misc/mediatek/usb/c2k_usb/Makefile:29:obj-$(CONFIG_MTK_ECCCI_C2K_USB)	+= c2k_usb_f_via_ets.o,,,,
c2k_usb_f_via_modem,LIKELY_PLATFORM_MATCH,NOTHING_BUILD_TARGET,normalized Make/Kbuild target,NOTHING_BUILD_TARGET,NO_EXACT_EVIDENCE,1,0,0,0,device_modules/drivers/misc/mediatek/usb/c2k_usb/Makefile:27:obj-$(CONFIG_MTK_ECCCI_C2K_USB)	+= c2k_usb_f_via_modem.o,,,,
c2ps_perf_ioctl,LIKELY_PLATFORM_MATCH,NOTHING_BUILD_TARGET,normalized Make/Kbuild target,NOTHING_BUILD_TARGET,EXACT_SOURCE_BASENAME,1,1,0,0,kernel_modules/mtkcam/sched/c2ps_ioctl/Kbuild:1:obj-$(CONFIG_MTK_C2PS) += c2ps_perf_ioctl.o,kernel_modules/mtkcam/sched/c2ps_ioctl/c2ps_perf_ioctl.c,,,kernel_modules/mtkcam/sched/c2ps_ioctl/c2ps_perf_ioctl.c
cache_parity,LIKELY_PLATFORM_MATCH,NOTHING_BUILD_TARGET,normalized Make/Kbuild target,NOTHING_BUILD_TARGET,NO_EXACT_EVIDENCE,1,1,0,0,device_modules/drivers/misc/mediatek/sda/Makefile:5:obj-$(CONFIG_MTK_CACHE_PARITY_CHECK) += cache-parity.o,device_modules/drivers/misc/mediatek/sda/cache-parity.c,,,
camera_af_media,DIRECT_SOURCE_MATCH,NOTHING_BUILD_TARGET,normalized Make/Kbuild target,NOTHING_BUILD_TARGET,NO_EXACT_EVIDENCE,1,0,0,0,device_modules/drivers/misc/mediatek/lens/vcm/v4l2/media/Makefile:5:obj-$(CONFIG_MTK_V4L2_LENS) += camera_af_media.o,,,,
camera_dpe_isp7sp,LIKELY_PLATFORM_MATCH,UNRESOLVED,,UNRESOLVED,MENTION_ONLY,0,0,0,0,,,,,
camera_eeprom_v4l2,LIKELY_PLATFORM_MATCH,NOTHING_BUILD_TARGET,normalized Make/Kbuild target,NOTHING_BUILD_TARGET,NO_EXACT_EVIDENCE,1,0,0,0,kernel_modules/mtkcam/cam_cal/src_v4l2/custom/Kbuild:20:obj-m += camera_eeprom_v4l2.o,,,,
can,LIKELY_PLATFORM_MATCH,GOOGLE_GKI_ARTIFACT,exact GKI build artifact,GOOGLE_GKI_ARTIFACT,MENTION_ONLY,0,0,0,0,,,,,
can_bcm,LIKELY_PLATFORM_MATCH,GOOGLE_GKI_ARTIFACT,exact GKI build artifact,GOOGLE_GKI_ARTIFACT,NO_EXACT_EVIDENCE,0,0,0,0,,,,,
can_dev,LIKELY_PLATFORM_MATCH,GOOGLE_GKI_ARTIFACT,exact GKI build artifact,GOOGLE_GKI_ARTIFACT,NO_EXACT_EVIDENCE,0,0,0,0,,,,,
can_gw,LIKELY_PLATFORM_MATCH,GOOGLE_GKI_ARTIFACT,exact GKI build artifact,GOOGLE_GKI_ARTIFACT,NO_EXACT_EVIDENCE,0,0,0,0,,,,,
can_raw,LIKELY_PLATFORM_MATCH,GOOGLE_GKI_ARTIFACT,exact GKI build artifact,GOOGLE_GKI_ARTIFACT,NO_EXACT_EVIDENCE,0,0,0,0,,,,,
ccci_auxadc,LIKELY_PLATFORM_MATCH,NOTHING_BUILD_TARGET,normalized Make/Kbuild target,NOTHING_BUILD_TARGET,EXACT_SOURCE_BASENAME,1,1,0,0,device_modules/drivers/misc/mediatek/eccci/Makefile:42:obj-$(CCCI_OBJ) += ccci_auxadc.o,device_modules/drivers/misc/mediatek/eccci/ccci_auxadc.c,,,device_modules/drivers/misc/mediatek/eccci/ccci_auxadc.c
ccci_ccif,LIKELY_PLATFORM_MATCH,NOTHING_BUILD_TARGET,normalized Make/Kbuild target,NOTHING_BUILD_TARGET,NO_EXACT_EVIDENCE,1,0,0,0,device_modules/drivers/misc/mediatek/eccci/hif/Makefile:27:obj-$(CONFIG_MTK_ECCCI_DRIVER) += ccci_ccif.o,,,,
ccci_dpmaif,LIKELY_PLATFORM_MATCH,NOTHING_BUILD_TARGET,normalized Make/Kbuild target,NOTHING_BUILD_TARGET,NO_EXACT_EVIDENCE,1,0,0,0,device_modules/drivers/misc/mediatek/eccci/hif/Makefile:39:obj-$(CONFIG_MTK_ECCCI_DRIVER) += ccci_dpmaif.o,,,,
ccci_fsm_scp,LIKELY_PLATFORM_MATCH,NOTHING_BUILD_TARGET,normalized Make/Kbuild target,NOTHING_BUILD_TARGET,NO_EXACT_EVIDENCE,1,0,0,0,device_modules/drivers/misc/mediatek/eccci/fsm/Makefile:29:obj-$(CONFIG_MTK_ECCCI_DRIVER) += ccci_fsm_scp.o,,,,
ccci_md_all,LIKELY_PLATFORM_MATCH,NOTHING_BUILD_TARGET,normalized Make/Kbuild target,NOTHING_BUILD_TARGET,NO_EXACT_EVIDENCE,1,0,0,0,device_modules/drivers/misc/mediatek/eccci/Makefile:45:obj-$(CCCI_OBJ) += ccci_md_all.o,,,,
ccci_util_lib,LIKELY_PLATFORM_MATCH,NOTHING_BUILD_TARGET,normalized Make/Kbuild target,NOTHING_BUILD_TARGET,NO_EXACT_EVIDENCE,1,0,0,0,device_modules/drivers/misc/mediatek/ccci_util/Makefile:42:obj-$(CCCI_OBJ) += ccci_util_lib.o,,,,
ccd_rpmsg,LIKELY_PLATFORM_MATCH,UNRESOLVED,,UNRESOLVED,MENTION_ONLY,0,0,0,0,,,,,
ccmni,LIKELY_PLATFORM_MATCH,NOTHING_BUILD_TARGET,normalized Make/Kbuild target,NOTHING_BUILD_TARGET,EXACT_SOURCE_BASENAME,1,1,0,0,device_modules/drivers/misc/mediatek/ccmni/Makefile:31:obj-$(CCCI_CCMNI_OBJ) += ccmni.o,device_modules/drivers/misc/mediatek/ccmni/ccmni.c,,,device_modules/drivers/misc/mediatek/ccmni/ccmni.c
cdc_acm,LIKELY_PLATFORM_MATCH,GOOGLE_GKI_ARTIFACT,exact GKI build artifact,GOOGLE_GKI_ARTIFACT,NO_EXACT_EVIDENCE,0,0,0,0,,,,,
cdc_eem,LIKELY_PLATFORM_MATCH,GOOGLE_GKI_ARTIFACT,exact GKI build artifact,GOOGLE_GKI_ARTIFACT,NO_EXACT_EVIDENCE,0,0,0,0,,,,,
cdc_ether,LIKELY_PLATFORM_MATCH,GOOGLE_GKI_ARTIFACT,exact GKI build artifact,GOOGLE_GKI_ARTIFACT,NO_EXACT_EVIDENCE,0,0,0,0,,,,,
cdc_ncm,LIKELY_PLATFORM_MATCH,GOOGLE_GKI_ARTIFACT,exact GKI build artifact,GOOGLE_GKI_ARTIFACT,NO_EXACT_EVIDENCE,0,0,0,0,,,,,
cfg80211,LIKELY_PLATFORM_MATCH,NOTHING_SOURCE,normalized source basename,NOTHING_SOURCE_BASENAME,EXACT_SOURCE_BASENAME,0,7,0,0,,device_modules/drivers/staging/wlan-ng/cfg80211.c || device_modules/drivers/net/wireless/quantenna/qtnfmac/cfg80211.c || device_modules/drivers/net/wireless/microchip/wilc1000/cfg80211.c || device_modules/drivers/net/wireless/marvell/mwifiex/cfg80211.c || device_modules/drivers/net/wireless/broadcom/brcm80211/brcmfmac/cfg80211.c,,,device_modules/drivers/staging/wlan-ng/cfg80211.c || device_modules/drivers/net/wireless/quantenna/qtnfmac/cfg80211.c || device_modules/drivers/net/wireless/microchip/wilc1000/cfg80211.c || device_modules/drivers/net/wireless/marvell/mwifiex/cfg80211.c || device_modules/drivers/net/wireless/broadcom/brcm80211/brcmfmac/cfg80211.c
charger_class,LIKELY_PLATFORM_MATCH,NOTHING_BUILD_TARGET,normalized Make/Kbuild target,NOTHING_BUILD_TARGET,EXACT_SOURCE_BASENAME,1,1,0,0,device_modules/drivers/power/supply/Makefile:7:obj-$(CONFIG_MTK_CHARGER) += mtk_charger_framework.o mtk_pd_charging.o charger_class.o adapter_class.o mtk_charger_algorithm_class.o mtk_pd_adapter.o,device_modules/drivers/power/supply/charger_class.c,,,device_modules/drivers/power/supply/charger_class.c
charger_cooling,DIRECT_SOURCE_MATCH,NOTHING_BUILD_TARGET,normalized Make/Kbuild target,NOTHING_BUILD_TARGET,EXACT_SOURCE_BASENAME,1,1,0,0,device_modules/drivers/thermal/mediatek/Makefile:19:obj-$(CONFIG_MTK_CHARGER_THERMAL) += charger_cooling.o,device_modules/drivers/thermal/mediatek/charger_cooling.c,,,device_modules/drivers/thermal/mediatek/charger_cooling.c
clk_bringup,LIKELY_PLATFORM_MATCH,NOTHING_BUILD_TARGET,normalized Make/Kbuild target,NOTHING_BUILD_TARGET,NO_EXACT_EVIDENCE,8,1,1,0,device_modules/drivers/clk/mediatek/Makefile:34:obj-$(CONFIG_COMMON_CLK_MT6878) += clk-mt6878.o clk-bringup.o || device_modules/drivers/clk/mediatek/Makefile:47:obj-$(CONFIG_COMMON_CLK_MT6897) += clk-mt6897.o clk-bringup.o || device_modules/drivers/clk/mediatek/Makefile:60:obj-$(CONFIG_COMMON_CLK_MT6886) += clk-mt6886.o clk-bringup.o || device_modules/drivers/clk/mediatek/Makefile:73:obj-$(CONFIG_COMMON_CLK_MT6983) += clk-mt6983.o clk-bringup.o || device_modules/drivers/clk/mediatek/Makefile:85:obj-$(CONFIG_COMMON_CLK_MT6985) += clk-mt6985.o clk-bringup.o,device_modules/drivers/clk/mediatek/clk-bringup.c,,,
clk_chk_mt6878,LIKELY_PLATFORM_MATCH,NOTHING_BUILD_TARGET,normalized Make/Kbuild target,NOTHING_BUILD_TARGET,NO_EXACT_EVIDENCE,1,0,1,0,device_modules/drivers/clk/mediatek/Makefile:173:obj-$(CONFIG_COMMON_CLK_MT6878) += clk-chk-mt6878.o,,,,
clk_common,LIKELY_PLATFORM_MATCH,NOTHING_BUILD_TARGET,normalized Make/Kbuild target,NOTHING_BUILD_TARGET,NO_EXACT_EVIDENCE,1,0,0,0,device_modules/drivers/clk/mediatek/Makefile:5:obj-$(CONFIG_DEVICE_MODULES_COMMON_CLK_MEDIATEK) += clk-common.o,,,,
clk_dbg_mt6878,LIKELY_PLATFORM_MATCH,NOTHING_BUILD_TARGET,normalized Make/Kbuild target,NOTHING_BUILD_TARGET,NO_EXACT_EVIDENCE,1,0,1,0,device_modules/drivers/clk/mediatek/Makefile:179:obj-$(CONFIG_COMMON_CLK_MT6878) += clk-dbg-mt6878.o,,,,
clk_disable_unused,DIRECT_SOURCE_MATCH,NOTHING_BUILD_TARGET,normalized Make/Kbuild target,NOTHING_BUILD_TARGET,NO_EXACT_EVIDENCE,1,1,0,0,device_modules/drivers/clk/mediatek/Makefile:7:obj-$(CONFIG_DEVICE_MODULES_COMMON_CLK_MEDIATEK) += clk-disable-unused.o,device_modules/drivers/clk/mediatek/clk-disable-unused.c,,,
clk_fmeter_mt6878,LIKELY_PLATFORM_MATCH,NOTHING_BUILD_TARGET,normalized Make/Kbuild target,NOTHING_BUILD_TARGET,NO_EXACT_EVIDENCE,1,1,1,1,device_modules/drivers/clk/mediatek/Makefile:175:obj-$(CONFIG_COMMON_CLK_MT6878) += clk-fmeter-mt6878.o,device_modules/drivers/clk/mediatek/clk-fmeter-mt6878.c,,,
clk_mt6878,LIKELY_PLATFORM_MATCH,NOTHING_BUILD_TARGET,normalized Make/Kbuild target,NOTHING_BUILD_TARGET,NO_EXACT_EVIDENCE,1,1,1,1,device_modules/drivers/clk/mediatek/Makefile:34:obj-$(CONFIG_COMMON_CLK_MT6878) += clk-mt6878.o clk-bringup.o,device_modules/drivers/clk/mediatek/clk-mt6878.c,,,
clk_mt6878_adsp,LIKELY_PLATFORM_MATCH,NOTHING_BUILD_TARGET,normalized Make/Kbuild target,NOTHING_BUILD_TARGET,NO_EXACT_EVIDENCE,1,1,1,1,device_modules/drivers/clk/mediatek/Makefile:35:obj-$(CONFIG_COMMON_CLK_MT6878_ADSP) += clk-mt6878-adsp.o,device_modules/drivers/clk/mediatek/clk-mt6878-adsp.c,,,
clk_mt6878_bus,LIKELY_PLATFORM_MATCH,NOTHING_BUILD_TARGET,normalized Make/Kbuild target,NOTHING_BUILD_TARGET,NO_EXACT_EVIDENCE,1,1,1,1,device_modules/drivers/clk/mediatek/Makefile:41:obj-$(CONFIG_COMMON_CLK_MT6878_BUS) += clk-mt6878-bus.o,device_modules/drivers/clk/mediatek/clk-mt6878-bus.c,,,
clk_mt6878_cam,LIKELY_PLATFORM_MATCH,NOTHING_BUILD_TARGET,normalized Make/Kbuild target,NOTHING_BUILD_TARGET,NO_EXACT_EVIDENCE,1,1,1,1,device_modules/drivers/clk/mediatek/Makefile:36:obj-$(CONFIG_COMMON_CLK_MT6878_CAM) += clk-mt6878-cam.o,device_modules/drivers/clk/mediatek/clk-mt6878-cam.c,,,
clk_mt6878_ccu,LIKELY_PLATFORM_MATCH,NOTHING_BUILD_TARGET,normalized Make/Kbuild target,NOTHING_BUILD_TARGET,NO_EXACT_EVIDENCE,1,1,1,1,device_modules/drivers/clk/mediatek/Makefile:37:obj-$(CONFIG_COMMON_CLK_MT6878_CCU) += clk-mt6878-ccu.o,device_modules/drivers/clk/mediatek/clk-mt6878-ccu.c,,,
clk_mt6878_img,LIKELY_PLATFORM_MATCH,NOTHING_BUILD_TARGET,normalized Make/Kbuild target,NOTHING_BUILD_TARGET,NO_EXACT_EVIDENCE,1,1,1,1,device_modules/drivers/clk/mediatek/Makefile:38:obj-$(CONFIG_COMMON_CLK_MT6878_IMG) += clk-mt6878-img.o,device_modules/drivers/clk/mediatek/clk-mt6878-img.c,,,
clk_mt6878_mdpsys,LIKELY_PLATFORM_MATCH,NOTHING_BUILD_TARGET,normalized Make/Kbuild target,NOTHING_BUILD_TARGET,NO_EXACT_EVIDENCE,1,1,1,1,device_modules/drivers/clk/mediatek/Makefile:42:obj-$(CONFIG_COMMON_CLK_MT6878_MDPSYS) += clk-mt6878-mdpsys.o,device_modules/drivers/clk/mediatek/clk-mt6878-mdpsys.c,,,
clk_mt6878_mmsys,LIKELY_PLATFORM_MATCH,NOTHING_BUILD_TARGET,normalized Make/Kbuild target,NOTHING_BUILD_TARGET,NO_EXACT_EVIDENCE,1,1,1,1,device_modules/drivers/clk/mediatek/Makefile:39:obj-$(CONFIG_COMMON_CLK_MT6878_MMSYS) += clk-mt6878-mmsys.o,device_modules/drivers/clk/mediatek/clk-mt6878-mmsys.c,,,
clk_mt6878_peri,LIKELY_PLATFORM_MATCH,NOTHING_BUILD_TARGET,normalized Make/Kbuild target,NOTHING_BUILD_TARGET,NO_EXACT_EVIDENCE,1,1,1,1,device_modules/drivers/clk/mediatek/Makefile:40:obj-$(CONFIG_COMMON_CLK_MT6878_PERI) += clk-mt6878-peri.o,device_modules/drivers/clk/mediatek/clk-mt6878-peri.c,,,
clk_mt6878_vcodec,LIKELY_PLATFORM_MATCH,NOTHING_BUILD_TARGET,normalized Make/Kbuild target,NOTHING_BUILD_TARGET,NO_EXACT_EVIDENCE,1,1,1,1,device_modules/drivers/clk/mediatek/Makefile:44:obj-$(CONFIG_COMMON_CLK_MT6878_VCODEC) += clk-mt6878-vcodec.o,device_modules/drivers/clk/mediatek/clk-mt6878-vcodec.c,,,
clk_mt6878_vlp,LIKELY_PLATFORM_MATCH,NOTHING_BUILD_TARGET,normalized Make/Kbuild target,NOTHING_BUILD_TARGET,NO_EXACT_EVIDENCE,1,1,1,1,device_modules/drivers/clk/mediatek/Makefile:43:obj-$(CONFIG_COMMON_CLK_MT6878_VLP) += clk-mt6878-vlp.o,device_modules/drivers/clk/mediatek/clk-mt6878-vlp.c,,,
clkbuf,LIKELY_PLATFORM_MATCH,NOTHING_BUILD_TARGET,normalized Make/Kbuild target,NOTHING_BUILD_TARGET,MENTION_ONLY,1,0,0,0,device_modules/drivers/misc/mediatek/clkbuf/Makefile:16:obj-$(CONFIG_MTK_CLKBUF_CTRL) += clkbuf.o,,,,
cmdq_helper_inf,LIKELY_PLATFORM_MATCH,NOTHING_BUILD_TARGET,normalized Make/Kbuild target,NOTHING_BUILD_TARGET,EXACT_SOURCE_BASENAME,1,1,0,0,device_modules/drivers/misc/mediatek/mdp/Makefile:58:obj-$(CONFIG_MTK_MDP) += cmdq_helper_inf.o,device_modules/drivers/misc/mediatek/mdp/cmdq_helper_inf.c,,,device_modules/drivers/misc/mediatek/mdp/cmdq_helper_inf.c
cmdq_platform_mt6878,LIKELY_PLATFORM_MATCH,NOTHING_BUILD_TARGET,normalized Make/Kbuild target,NOTHING_BUILD_TARGET,NO_EXACT_EVIDENCE,1,1,1,1,device_modules/drivers/misc/mediatek/cmdq/mailbox/Makefile:82:obj-$(CONFIG_MTK_CMDQ_MBOX_EXT) += cmdq-platform-mt6878.o,device_modules/drivers/misc/mediatek/cmdq/mailbox/cmdq-platform-mt6878.c,,,
cmdq_sec_drv,LIKELY_PLATFORM_MATCH,NOTHING_BUILD_TARGET,normalized Make/Kbuild target,NOTHING_BUILD_TARGET,NO_EXACT_EVIDENCE,1,0,0,0,device_modules/drivers/misc/mediatek/cmdq/mailbox/Makefile:32:obj-$(CONFIG_MTK_CMDQ_MBOX_EXT) += cmdq-sec-drv.o,,,,
cmdq_test,DIRECT_SOURCE_MATCH,NOTHING_BUILD_TARGET,normalized Make/Kbuild target,NOTHING_BUILD_TARGET,EXACT_SOURCE_BASENAME,1,2,0,0,device_modules/drivers/misc/mediatek/cmdq/mailbox/Makefile:43:obj-$(CONFIG_MTK_CMDQ_MBOX_EXT) += cmdq-test.o,device_modules/drivers/misc/mediatek/mdp/cmdq_test.c || device_modules/drivers/misc/mediatek/cmdq/mailbox/cmdq-test.c,,,device_modules/drivers/misc/mediatek/mdp/cmdq_test.c
connadp,LIKELY_PLATFORM_MATCH,UNRESOLVED,,UNRESOLVED,MENTION_ONLY,0,0,0,0,,,,,
connfem,DIRECT_SOURCE_MATCH,NOTHING_BUILD_TARGET,exact build-definition target,UNRESOLVED,EXACT_BUILD_TARGET,0,0,0,0,,,"kernel_modules/connectivity/connfem/BUILD.bazel:17:name = ""connfem"",",,
conninfra,DIRECT_SOURCE_MATCH,NOTHING_BUILD_TARGET,exact build-definition target,NOTHING_SOURCE_BASENAME,EXACT_BUILD_TARGET,0,1,0,0,,kernel_modules/connectivity/conninfra/conn_drv/connv2/src/conninfra.c,"kernel_modules/connectivity/conninfra/BUILD.bazel:17:name = ""conninfra"",",,kernel_modules/connectivity/conninfra/conn_drv/connv2/src/conninfra.c
connscp,LIKELY_PLATFORM_MATCH,UNRESOLVED,,UNRESOLVED,MENTION_ONLY,0,0,0,0,,,,,
cpudvfs,LIKELY_PLATFORM_MATCH,NOTHING_BUILD_TARGET,normalized Make/Kbuild target,NOTHING_BUILD_TARGET,NO_EXACT_EVIDENCE,1,0,0,0,device_modules/drivers/misc/mediatek/cpufreq_lite/Makefile:7:obj-$(CONFIG_MEDIATEK_CPUFREQ_DEBUG_LITE) += cpudvfs.o,,,,
cpufreq_sugov_ext,LIKELY_PLATFORM_MATCH,NOTHING_BUILD_TARGET,normalized Make/Kbuild target,NOTHING_BUILD_TARGET,NO_EXACT_EVIDENCE,1,0,0,0,device_modules/drivers/misc/mediatek/sched/Makefile:20:obj-$(CONFIG_MTK_CPUFREQ_SUGOV_EXT) += cpufreq_sugov_ext.o,,,,
cpuqos_v3,LIKELY_PLATFORM_MATCH,NOTHING_BUILD_TARGET,normalized Make/Kbuild target,NOTHING_BUILD_TARGET,MENTION_ONLY,1,0,0,0,device_modules/drivers/misc/mediatek/cache-auditor/cpuqos_v3/Makefile:12:obj-$(CONFIG_MTK_CPUQOS_V3) += cpuqos_v3.o,,,,
cqhci,LIKELY_PLATFORM_MATCH,NOTHING_BUILD_TARGET,normalized Make/Kbuild target,NOTHING_BUILD_TARGET,NO_EXACT_EVIDENCE,1,0,0,0,device_modules/drivers/mmc/host/Makefile:17:obj-$(CONFIG_DEVICE_MODULES_MMC_CQHCI)			+= cqhci.o,,,,
dbg_error_flag,LIKELY_PLATFORM_MATCH,NOTHING_BUILD_TARGET,normalized Make/Kbuild target,NOTHING_BUILD_TARGET,EXACT_SOURCE_BASENAME,1,1,0,0,device_modules/drivers/misc/mediatek/sda/Makefile:10:obj-$(CONFIG_MTK_BUS_PARITY_CHECK) += dbg_error_flag.o,device_modules/drivers/misc/mediatek/sda/dbg_error_flag.c,,,device_modules/drivers/misc/mediatek/sda/dbg_error_flag.c
dbgtop_drm,LIKELY_PLATFORM_MATCH,NOTHING_BUILD_TARGET,normalized Make/Kbuild target,NOTHING_BUILD_TARGET,NO_EXACT_EVIDENCE,1,1,0,0,device_modules/drivers/misc/mediatek/sda/Makefile:6:obj-$(CONFIG_MTK_DBGTOP) += dbgtop-drm.o,device_modules/drivers/misc/mediatek/sda/dbgtop-drm.c,,,
device_apc_common,LIKELY_PLATFORM_MATCH,NOTHING_BUILD_TARGET,normalized Make/Kbuild target,NOTHING_BUILD_TARGET,NO_EXACT_EVIDENCE,1,0,0,0,device_modules/drivers/soc/mediatek/devapc/Makefile:7:obj-$(CONFIG_DEVAPC_ARCH_MULTI) += device-apc-common.o,,,,
device_apc_mt6878,LIKELY_PLATFORM_MATCH,NOTHING_BUILD_TARGET,normalized Make/Kbuild target,NOTHING_BUILD_TARGET,NO_EXACT_EVIDENCE,1,0,1,0,device_modules/drivers/soc/mediatek/devapc/Makefile:21:obj-$(CONFIG_DEVAPC_MT6878) += device-apc-mt6878.o,,,,
diag,LIKELY_PLATFORM_MATCH,GOOGLE_GKI_ARTIFACT,exact GKI build artifact,GOOGLE_GKI_ARTIFACT,NO_EXACT_EVIDENCE,0,0,0,0,,,,,
drm_display_helper,LIKELY_PLATFORM_MATCH,UNRESOLVED,,UNRESOLVED,NO_EXACT_EVIDENCE,0,0,0,0,,,,,
drm_dma_helper,LIKELY_PLATFORM_MATCH,UNRESOLVED,,UNRESOLVED,NO_EXACT_EVIDENCE,0,0,0,0,,,,,
dw9781c,DIRECT_SOURCE_MATCH,NOTHING_BUILD_TARGET,normalized Make/Kbuild target,NOTHING_BUILD_TARGET,EXACT_SOURCE_BASENAME,1,1,0,0,device_modules/drivers/misc/mediatek/lens/ois/dw9781c/Makefile:7:obj-$(CONFIG_MTK_V4L2_LENS) += dw9781c.o,device_modules/drivers/misc/mediatek/lens/ois/dw9781c/dw9781c.c,,,device_modules/drivers/misc/mediatek/lens/ois/dw9781c/dw9781c.c
emi,LIKELY_PLATFORM_MATCH,NOTHING_BUILD_TARGET,normalized Make/Kbuild target,NOTHING_BUILD_TARGET,MENTION_ONLY,1,0,0,0,device_modules/drivers/memory/mediatek/Makefile:4:obj-$(CONFIG_MTK_EMI) += emi.o,,,,
emi_fake_eng,LIKELY_PLATFORM_MATCH,NOTHING_BUILD_TARGET,normalized Make/Kbuild target,NOTHING_BUILD_TARGET,NO_EXACT_EVIDENCE,1,1,0,0,device_modules/drivers/memory/mediatek/Makefile:7:obj-$(CONFIG_MTK_EMI) += emi-fake-eng.o,device_modules/drivers/memory/mediatek/emi-fake-eng.c,,,
emi_mpu,DIRECT_SOURCE_MATCH,NOTHING_BUILD_TARGET,normalized Make/Kbuild target,NOTHING_BUILD_TARGET,MENTION_ONLY,1,1,0,0,device_modules/drivers/memory/mediatek/Makefile:6:obj-$(CONFIG_MTK_EMI) += emi-mpu.o,device_modules/drivers/memory/mediatek/emi-mpu.c,,,
extcon_mtk_usb,DIRECT_SOURCE_MATCH,NOTHING_BUILD_TARGET,normalized Make/Kbuild target,NOTHING_BUILD_TARGET,NO_EXACT_EVIDENCE,1,1,0,0,device_modules/drivers/misc/mediatek/extcon/Makefile:6:obj-$(CONFIG_EXTCON_MTK_USB) += extcon-mtk-usb.o,device_modules/drivers/misc/mediatek/extcon/extcon-mtk-usb.c,,,
extdev_io_class,LIKELY_PLATFORM_MATCH,NOTHING_BUILD_TARGET,normalized Make/Kbuild target,NOTHING_BUILD_TARGET,EXACT_SOURCE_BASENAME,1,1,0,0,device_modules/drivers/misc/mediatek/subpmic/Makefile:2:obj-$(CONFIG_MTK_SUBPMIC_MISC)		+= extdev_io_class.o,device_modules/drivers/misc/mediatek/subpmic/extdev_io_class.c,,,device_modules/drivers/misc/mediatek/subpmic/extdev_io_class.c
ffa_v10,LIKELY_PLATFORM_MATCH,NOTHING_BUILD_TARGET,normalized Make/Kbuild target,NOTHING_BUILD_TARGET,COMPOSITE_TARGET_EVIDENCE,1,0,0,0,device_modules/drivers/misc/mediatek/trusted_mem/Makefile:52:obj-m += ffa_v10.o,,,device_modules/drivers/misc/mediatek/trusted_mem/Makefile:53:ffa_v10-y += ffa_v10/bus.o || device_modules/drivers/misc/mediatek/trusted_mem/Makefile:54:ffa_v10-y += ffa_v10/driver.o || device_modules/drivers/misc/mediatek/trusted_mem/Makefile:55:ffa_v10-y += ffa_v10/smccc.o,
fhctl,LIKELY_PLATFORM_MATCH,NOTHING_BUILD_TARGET,normalized Make/Kbuild target,NOTHING_BUILD_TARGET,NO_EXACT_EVIDENCE,1,0,0,0,device_modules/drivers/clk/mediatek/Makefile:146:obj-$(CONFIG_COMMON_CLK_MTK_FREQ_HOPPING) += fhctl.o,,,,
flashlight,LIKELY_PLATFORM_MATCH,NOTHING_BUILD_TARGET,normalized Make/Kbuild target,NOTHING_BUILD_TARGET,MENTION_ONLY,1,0,0,0,device_modules/drivers/misc/mediatek/flashlight/Makefile:8:obj-$(CONFIG_MTK_FLASHLIGHT)             += flashlight.o,,,,
fmradio_drv_connac2x,LIKELY_PLATFORM_MATCH,UNRESOLVED,,UNRESOLVED,NO_EXACT_EVIDENCE,0,0,0,0,,,,,
focaltech_touch_spi_ft3680,NEEDS_ULEFONE_PORT,UNRESOLVED,,UNRESOLVED,NO_EXACT_EVIDENCE,0,0,0,0,,,,,
fpsgo,LIKELY_PLATFORM_MATCH,NOTHING_BUILD_TARGET,normalized Make/Kbuild target,NOTHING_BUILD_TARGET,NO_EXACT_EVIDENCE,1,0,0,0,kernel_modules/fpsgo_cus/Kbuild:47:obj-m += fpsgo.o,,,,
frs,LIKELY_PLATFORM_MATCH,NOTHING_BUILD_TARGET,normalized Make/Kbuild target,NOTHING_BUILD_TARGET,EXACT_SOURCE_BASENAME,1,1,0,0,device_modules/drivers/misc/mediatek/performance/frs/Makefile:21:obj-$(CONFIG_MTK_FRS) += frs.o,device_modules/drivers/misc/mediatek/performance/frs/frs.c,,,device_modules/drivers/misc/mediatek/performance/frs/frs.c
ftdi_sio,LIKELY_PLATFORM_MATCH,GOOGLE_GKI_ARTIFACT,exact GKI build artifact,GOOGLE_GKI_ARTIFACT,NO_EXACT_EVIDENCE,0,0,0,0,,,,,
ged,LIKELY_PLATFORM_MATCH,NOTHING_BUILD_TARGET,normalized Make/Kbuild target,NOTHING_BUILD_TARGET,EXACT_SOURCE_BASENAME,1,1,0,0,device_modules/drivers/gpu/mediatek/ged/Makefile:115:obj-$(CONFIG_MTK_GPU_SUPPORT) += ged.o,device_modules/drivers/gpu/mediatek/ged/src/ged.c,,,device_modules/drivers/gpu/mediatek/ged/src/ged.c
gps_drv_dl_v051,DIRECT_SOURCE_MATCH,NOTHING_BUILD_TARGET,exact build-definition target,UNRESOLVED,EXACT_BUILD_TARGET,0,0,0,0,,,"kernel_modules/connectivity/gps/data_link/plat/v051/BUILD.bazel:10:name = ""gps_drv_dl_v051"",",,
gps_pwr,DIRECT_SOURCE_MATCH,NOTHING_BUILD_TARGET,exact build-definition target,UNRESOLVED,EXACT_BUILD_TARGET,0,0,0,0,,,"kernel_modules/connectivity/gps/gps_pwr/BUILD.bazel:10:name = ""gps_pwr"",",,
gps_scp,DIRECT_SOURCE_MATCH,NOTHING_BUILD_TARGET,exact build-definition target,UNRESOLVED,EXACT_BUILD_TARGET,0,0,0,0,,,"kernel_modules/connectivity/gps/gps_scp/BUILD.bazel:10:name = ""gps_scp"",",,
gpueb,LIKELY_PLATFORM_MATCH,NOTHING_BUILD_TARGET,normalized Make/Kbuild target,NOTHING_BUILD_TARGET,MENTION_ONLY,1,0,0,0,device_modules/drivers/gpu/mediatek/gpueb/Makefile:19:obj-m += gpueb.o,,,,
gz_ipc_mod,LIKELY_PLATFORM_MATCH,NOTHING_BUILD_TARGET,normalized Make/Kbuild target,NOTHING_BUILD_TARGET,NO_EXACT_EVIDENCE,1,0,0,0,device_modules/drivers/misc/mediatek/geniezone/gz-trusty/Makefile:21:obj-$(CONFIG_MTK_GZ_VIRTIO_IPC) += gz_ipc_mod.o,,,,
gz_irq_mod,LIKELY_PLATFORM_MATCH,NOTHING_BUILD_TARGET,normalized Make/Kbuild target,NOTHING_BUILD_TARGET,NO_EXACT_EVIDENCE,1,0,0,0,device_modules/drivers/misc/mediatek/geniezone/gz-trusty/Makefile:15:obj-$(CONFIG_MTK_GZ_IRQ) += gz_irq_mod.o,,,,
gz_log_mod,LIKELY_PLATFORM_MATCH,NOTHING_BUILD_TARGET,normalized Make/Kbuild target,NOTHING_BUILD_TARGET,NO_EXACT_EVIDENCE,1,0,0,0,device_modules/drivers/misc/mediatek/geniezone/gz-trusty/Makefile:24:obj-$(CONFIG_MTK_GZ_LOG) += gz_log_mod.o,,,,
gz_main_mod,DIRECT_SOURCE_MATCH,NOTHING_BUILD_TARGET,normalized Make/Kbuild target,NOTHING_BUILD_TARGET,NO_EXACT_EVIDENCE,1,0,0,0,device_modules/drivers/misc/mediatek/geniezone/Makefile:51:obj-$(CONFIG_MTK_GZ_MAIN) += gz_main_mod.o,,,,
gz_trusty_mod,LIKELY_PLATFORM_MATCH,NOTHING_BUILD_TARGET,normalized Make/Kbuild target,NOTHING_BUILD_TARGET,NO_EXACT_EVIDENCE,1,0,0,0,device_modules/drivers/misc/mediatek/geniezone/gz-trusty/Makefile:9:obj-$(CONFIG_MTK_ENABLE_GENIEZONE) += gz_trusty_mod.o,,,,
gz_tz_system,DIRECT_SOURCE_MATCH,NOTHING_BUILD_TARGET,normalized Make/Kbuild target,NOTHING_BUILD_TARGET,NO_EXACT_EVIDENCE,1,0,0,0,device_modules/drivers/misc/mediatek/geniezone/Makefile:57:obj-$(CONFIG_MTK_GZ_TZ_SYSTEM) += gz_tz_system.o,,,,
gz_virtio_mod,DIRECT_SOURCE_MATCH,NOTHING_BUILD_TARGET,normalized Make/Kbuild target,NOTHING_BUILD_TARGET,NO_EXACT_EVIDENCE,1,0,0,0,device_modules/drivers/misc/mediatek/geniezone/gz-trusty/Makefile:18:obj-$(CONFIG_MTK_GZ_VIRTIO) += gz_virtio_mod.o,,,,
gzvm,LIKELY_PLATFORM_MATCH,GOOGLE_GKI_ARTIFACT,exact GKI build artifact,GOOGLE_GKI_ARTIFACT,NO_EXACT_EVIDENCE,0,0,0,0,,,,,
hbt,LIKELY_PLATFORM_MATCH,NOTHING_BUILD_TARGET,normalized Make/Kbuild target,NOTHING_BUILD_TARGET,EXACT_SOURCE_BASENAME,1,1,0,0,kernel_modules/hbt_driver_cus/Kbuild:47:obj-m += hbt.o,kernel_modules/hbt_driver_cus/src/hbt.c,,,kernel_modules/hbt_driver_cus/src/hbt.c
hci_uart,DIRECT_SOURCE_MATCH,GOOGLE_GKI_ARTIFACT,exact GKI build artifact,GOOGLE_GKI_ARTIFACT,NO_EXACT_EVIDENCE,0,0,0,0,,,,,
hf_manager,LIKELY_PLATFORM_MATCH,NOTHING_BUILD_TARGET,normalized Make/Kbuild target,NOTHING_BUILD_TARGET,EXACT_SOURCE_BASENAME,1,1,0,0,device_modules/drivers/misc/mediatek/sensor/2.0/core/Makefile:3:obj-$(CONFIG_MTK_SENSOR_SUPPORT) += hf_manager.o,device_modules/drivers/misc/mediatek/sensor/2.0/core/hf_manager.c,,,device_modules/drivers/misc/mediatek/sensor/2.0/core/hf_manager.c
hidp,LIKELY_PLATFORM_MATCH,GOOGLE_GKI_ARTIFACT,exact GKI build artifact,GOOGLE_GKI_ARTIFACT,NO_EXACT_EVIDENCE,0,0,0,0,,,,,
i2c_mt65xx,DIRECT_SOURCE_MATCH,NOTHING_BUILD_TARGET,normalized Make/Kbuild target,NOTHING_BUILD_TARGET,NO_EXACT_EVIDENCE,1,1,0,0,device_modules/drivers/i2c/busses/Makefile:6:obj-$(CONFIG_DEVICE_MODULES_I2C_MT65XX)	+= i2c-mt65xx.o,device_modules/drivers/i2c/busses/i2c-mt65xx.c,,,
ieee802154,LIKELY_PLATFORM_MATCH,GOOGLE_GKI_ARTIFACT,exact GKI build artifact,GOOGLE_GKI_ARTIFACT,NO_EXACT_EVIDENCE,0,0,0,0,,,,,
ieee802154_6lowpan,LIKELY_PLATFORM_MATCH,GOOGLE_GKI_ARTIFACT,exact GKI build artifact,GOOGLE_GKI_ARTIFACT,NO_EXACT_EVIDENCE,0,0,0,0,,,,,
ieee802154_socket,LIKELY_PLATFORM_MATCH,GOOGLE_GKI_ARTIFACT,exact GKI build artifact,GOOGLE_GKI_ARTIFACT,NO_EXACT_EVIDENCE,0,0,0,0,,,,,
imgsensor,LIKELY_PLATFORM_MATCH,NOTHING_BUILD_TARGET,normalized Make/Kbuild target,NOTHING_BUILD_TARGET,EXACT_SOURCE_BASENAME,1,1,0,0,kernel_modules/mtkcam/imgsensor/src-v4l2/Kbuild:35:obj-$(CONFIG_MTK_V4L2_IMGSENSOR) += imgsensor.o,device_modules/drivers/misc/mediatek/imgsensor/src/common/v1_1/imgsensor.c,,,device_modules/drivers/misc/mediatek/imgsensor/src/common/v1_1/imgsensor.c
imgsensor_glue,LIKELY_PLATFORM_MATCH,NOTHING_BUILD_TARGET,normalized Make/Kbuild target,NOTHING_BUILD_TARGET,NO_EXACT_EVIDENCE,1,1,0,0,kernel_modules/mtkcam/imgsensor/src-v4l2/imgsensor-glue/Makefile:4:obj-$(CONFIG_MTK_V4L2_IMGSENSOR) += imgsensor-glue.o,kernel_modules/mtkcam/imgsensor/src-v4l2/imgsensor-glue/imgsensor-glue.c,,,
industrialio_triggered_buffer,LIKELY_PLATFORM_MATCH,UNRESOLVED,,UNRESOLVED,NO_EXACT_EVIDENCE,0,0,0,0,,,,,
iommu_debug,LIKELY_PLATFORM_MATCH,NOTHING_BUILD_TARGET,normalized Make/Kbuild target,NOTHING_BUILD_TARGET,EXACT_SOURCE_BASENAME,1,1,0,0,device_modules/drivers/misc/mediatek/iommu/Makefile:20:obj-$(CONFIG_MTK_IOMMU_MISC_DBG)    += iommu_debug.o,device_modules/drivers/misc/mediatek/iommu/iommu_debug.c,,,device_modules/drivers/misc/mediatek/iommu/iommu_debug.c
iommu_secure,DIRECT_SOURCE_MATCH,NOTHING_BUILD_TARGET,normalized Make/Kbuild target,NOTHING_BUILD_TARGET,EXACT_SOURCE_BASENAME,1,1,0,0,device_modules/drivers/misc/mediatek/iommu/Makefile:21:obj-$(CONFIG_MTK_IOMMU_MISC_SECURE) += iommu_secure.o,device_modules/drivers/misc/mediatek/iommu/iommu_secure.c,,,device_modules/drivers/misc/mediatek/iommu/iommu_secure.c
iommu_test,LIKELY_PLATFORM_MATCH,NOTHING_BUILD_TARGET,normalized Make/Kbuild target,NOTHING_BUILD_TARGET,EXACT_SOURCE_BASENAME,1,1,0,0,device_modules/drivers/misc/mediatek/iommu/Makefile:22:obj-$(CONFIG_MTK_IOMMU_MISC_TEST)   += iommu_test.o,device_modules/drivers/misc/mediatek/iommu/iommu_test.c,,,device_modules/drivers/misc/mediatek/iommu/iommu_test.c
irq_dbg,LIKELY_PLATFORM_MATCH,NOTHING_BUILD_TARGET,normalized Make/Kbuild target,NOTHING_BUILD_TARGET,NO_EXACT_EVIDENCE,1,1,0,0,device_modules/drivers/misc/mediatek/sda/Makefile:7:obj-$(CONFIG_MTK_IRQ_DBG) += irq-dbg.o,device_modules/drivers/misc/mediatek/sda/irq-dbg.c,,,
kfifo_buf,LIKELY_PLATFORM_MATCH,UNRESOLVED,,UNRESOLVED,NO_EXACT_EVIDENCE,0,0,0,0,,,,,
kheaders,LIKELY_PLATFORM_MATCH,GOOGLE_GKI_ARTIFACT,exact GKI build artifact,GOOGLE_GKI_ARTIFACT,NO_EXACT_EVIDENCE,0,0,0,0,,,,,
l2tp_core,LIKELY_PLATFORM_MATCH,GOOGLE_GKI_ARTIFACT,exact GKI build artifact,GOOGLE_GKI_ARTIFACT,NO_EXACT_EVIDENCE,0,0,0,0,,,,,
l2tp_ppp,LIKELY_PLATFORM_MATCH,GOOGLE_GKI_ARTIFACT,exact GKI build artifact,GOOGLE_GKI_ARTIFACT,NO_EXACT_EVIDENCE,0,0,0,0,,,,,
last_bus,LIKELY_PLATFORM_MATCH,NOTHING_BUILD_TARGET,normalized Make/Kbuild target,NOTHING_BUILD_TARGET,EXACT_SOURCE_BASENAME,1,1,0,0,device_modules/drivers/misc/mediatek/sda/Makefile:11:obj-$(CONFIG_MTK_LAST_BUS) += last_bus.o,device_modules/drivers/misc/mediatek/sda/last_bus.c,,,device_modules/drivers/misc/mediatek/sda/last_bus.c
leds_mtk,LIKELY_PLATFORM_MATCH,NOTHING_BUILD_TARGET,normalized Make/Kbuild target,NOTHING_BUILD_TARGET,NO_EXACT_EVIDENCE,1,1,0,0,device_modules/drivers/leds/Makefile:9:obj-$(CONFIG_LEDS_MTK)			+= leds-mtk.o,device_modules/drivers/leds/leds-mtk.c,,,
leds_mtk_disp,DIRECT_SOURCE_MATCH,NOTHING_BUILD_TARGET,normalized Make/Kbuild target,NOTHING_BUILD_TARGET,NO_EXACT_EVIDENCE,1,1,0,0,device_modules/drivers/leds/Makefile:11:obj-$(CONFIG_LEDS_MTK_DISP)		+= leds-mtk-disp.o,device_modules/drivers/leds/leds-mtk-disp.c,,,
leds_rgb_aw2013,LIKELY_PLATFORM_MATCH,UNRESOLVED,,UNRESOLVED,NO_EXACT_EVIDENCE,0,0,0,0,,,,,
libarc4,LIKELY_PLATFORM_MATCH,GOOGLE_GKI_ARTIFACT,exact GKI build artifact,GOOGLE_GKI_ARTIFACT,NO_EXACT_EVIDENCE,0,0,0,0,,,,,
load_track,LIKELY_PLATFORM_MATCH,NOTHING_BUILD_TARGET,normalized Make/Kbuild target,NOTHING_BUILD_TARGET,EXACT_SOURCE_BASENAME,1,1,0,0,device_modules/drivers/misc/mediatek/performance/load_track/Makefile:17:obj-$(CONFIG_MTK_LOAD_TRACKER) += load_track.o,device_modules/drivers/misc/mediatek/performance/load_track/load_track.c,,,device_modules/drivers/misc/mediatek/performance/load_track/load_track.c
log_store,LIKELY_PLATFORM_MATCH,NOTHING_BUILD_TARGET,normalized Make/Kbuild target,NOTHING_BUILD_TARGET,EXACT_SOURCE_BASENAME,1,1,0,0,device_modules/drivers/misc/mediatek/log_store/Makefile:16:obj-$(CONFIG_MTK_DRAM_LOG_STORE) += log_store.o,device_modules/drivers/misc/mediatek/log_store/log_store.c,,,device_modules/drivers/misc/mediatek/log_store/log_store.c
lpm_gov_MHSP,LIKELY_PLATFORM_MATCH,UNRESOLVED,,UNRESOLVED,NO_EXACT_EVIDENCE,0,0,0,0,,,,,
mac80211,LIKELY_PLATFORM_MATCH,UNRESOLVED,,UNRESOLVED,NO_EXACT_EVIDENCE,0,0,0,0,,,,,
mac802154,LIKELY_PLATFORM_MATCH,GOOGLE_GKI_ARTIFACT,exact GKI build artifact,GOOGLE_GKI_ARTIFACT,NO_EXACT_EVIDENCE,0,0,0,0,,,,,
main2_vcm,DIRECT_SOURCE_MATCH,NOTHING_BUILD_TARGET,normalized Make/Kbuild target,NOTHING_BUILD_TARGET,EXACT_SOURCE_BASENAME,1,1,0,0,device_modules/drivers/misc/mediatek/lens/vcm/v4l2/main2_vcm/Makefile:5:obj-$(CONFIG_MTK_V4L2_LENS) += main2_vcm.o,device_modules/drivers/misc/mediatek/lens/vcm/v4l2/main2_vcm/main2_vcm.c,,,device_modules/drivers/misc/mediatek/lens/vcm/v4l2/main2_vcm/main2_vcm.c
main3_vcm,DIRECT_SOURCE_MATCH,NOTHING_BUILD_TARGET,normalized Make/Kbuild target,NOTHING_BUILD_TARGET,EXACT_SOURCE_BASENAME,1,1,0,0,device_modules/drivers/misc/mediatek/lens/vcm/v4l2/main3_vcm/Makefile:5:obj-$(CONFIG_MTK_V4L2_LENS) += main3_vcm.o,device_modules/drivers/misc/mediatek/lens/vcm/v4l2/main3_vcm/main3_vcm.c,,,device_modules/drivers/misc/mediatek/lens/vcm/v4l2/main3_vcm/main3_vcm.c
main4_vcm,DIRECT_SOURCE_MATCH,NOTHING_BUILD_TARGET,normalized Make/Kbuild target,NOTHING_BUILD_TARGET,EXACT_SOURCE_BASENAME,1,1,0,0,device_modules/drivers/misc/mediatek/lens/vcm/v4l2/main4_vcm/Makefile:5:obj-$(CONFIG_MTK_V4L2_LENS) += main4_vcm.o,device_modules/drivers/misc/mediatek/lens/vcm/v4l2/main4_vcm/main4_vcm.c,,,device_modules/drivers/misc/mediatek/lens/vcm/v4l2/main4_vcm/main4_vcm.c
main_vcm,DIRECT_SOURCE_MATCH,NOTHING_BUILD_TARGET,normalized Make/Kbuild target,NOTHING_BUILD_TARGET,EXACT_SOURCE_BASENAME,1,1,0,0,device_modules/drivers/misc/mediatek/lens/vcm/v4l2/main_vcm/Makefile:5:obj-$(CONFIG_MTK_V4L2_LENS) += main_vcm.o,device_modules/drivers/misc/mediatek/lens/vcm/v4l2/main_vcm/main_vcm.c,,,device_modules/drivers/misc/mediatek/lens/vcm/v4l2/main_vcm/main_vcm.c
mali_dmabuf_test_mt6878_r44,LIKELY_PLATFORM_MATCH,UNRESOLVED,,UNRESOLVED,NO_EXACT_EVIDENCE,0,0,0,0,,,,,
mali_kbase_mt6878_r44,LIKELY_PLATFORM_MATCH,UNRESOLVED,,UNRESOLVED,NO_EXACT_EVIDENCE,0,0,0,0,,,,,
mali_mgm_mt6878_r44,LIKELY_PLATFORM_MATCH,UNRESOLVED,,UNRESOLVED,NO_EXACT_EVIDENCE,0,0,0,0,,,,,
mali_prot_alloc_mt6878_r44,LIKELY_PLATFORM_MATCH,UNRESOLVED,,UNRESOLVED,NO_EXACT_EVIDENCE,0,0,0,0,,,,,
mcupm,LIKELY_PLATFORM_MATCH,NOTHING_BUILD_TARGET,normalized Make/Kbuild target,NOTHING_BUILD_TARGET,MENTION_ONLY,1,0,0,0,device_modules/drivers/misc/mediatek/mcupm/v2/Makefile:1:obj-$(CONFIG_MTK_TINYSYS_MCUPM_SUPPORT) += mcupm.o,,,,
md_cooling_all,DIRECT_SOURCE_MATCH,NOTHING_BUILD_TARGET,normalized Make/Kbuild target,NOTHING_BUILD_TARGET,NO_EXACT_EVIDENCE,1,0,0,0,device_modules/drivers/thermal/mediatek/Makefile:15:obj-$(CONFIG_MTK_MD_THERMAL)	+= md_cooling_all.o,,,,
mddp,LIKELY_PLATFORM_MATCH,NOTHING_BUILD_TARGET,normalized Make/Kbuild target,NOTHING_BUILD_TARGET,EXACT_SOURCE_BASENAME,1,1,0,0,device_modules/drivers/misc/mediatek/mddp/Makefile:1:obj-$(CONFIG_MTK_MDDP_SUPPORT) += mddp.o,kernel_modules/connectivity/wlan/core/gen4m/mgmt/mddp.c,,,kernel_modules/connectivity/wlan/core/gen4m/mgmt/mddp.c
mdp_drv_mt6878,LIKELY_PLATFORM_MATCH,NOTHING_BUILD_TARGET,normalized Make/Kbuild target,NOTHING_BUILD_TARGET,NO_EXACT_EVIDENCE,1,0,1,0,device_modules/drivers/misc/mediatek/mdp/Makefile:60:obj-$(CONFIG_MTK_MDP) += mdp_drv_mt6878.o,,,,
mediatek_cpufreq_hw,LIKELY_PLATFORM_MATCH,NOTHING_BUILD_TARGET,normalized Make/Kbuild target,NOTHING_BUILD_TARGET,NO_EXACT_EVIDENCE,1,0,0,0,device_modules/drivers/cpufreq/Makefile:6:obj-$(CONFIG_DEVICE_MODULES_ARM_MEDIATEK_CPUFREQ_HW) += mediatek-cpufreq-hw.o,,,,
mediatek_drm,DIRECT_SOURCE_MATCH,NOTHING_BUILD_TARGET,normalized Make/Kbuild target,NOTHING_BUILD_TARGET,NO_EXACT_EVIDENCE,2,0,0,0,device_modules/drivers/gpu/drm/mediatek/Makefile:28:obj-$(CONFIG_DEVICE_MODULES_DRM_MEDIATEK) += mediatek-drm.o || device_modules/drivers/gpu/drm/mediatek/mediatek_v2/Makefile:96:obj-$(CONFIG_DEVICE_MODULES_DRM_MEDIATEK) += mediatek-drm.o,,,,
mediatek_drm_gateic,LIKELY_PLATFORM_MATCH,NOTHING_BUILD_TARGET,normalized Make/Kbuild target,NOTHING_BUILD_TARGET,NO_EXACT_EVIDENCE,1,0,0,0,device_modules/drivers/gpu/drm/panel/Makefile:91:obj-$(CONFIG_DRM_MEDIATEK_PANEL) += mediatek-drm-gateic.o,,,,
mediatek_drm_panel_drv,LIKELY_PLATFORM_MATCH,NOTHING_BUILD_TARGET,normalized Make/Kbuild target,NOTHING_BUILD_TARGET,NO_EXACT_EVIDENCE,1,0,0,0,device_modules/drivers/gpu/drm/panel/Makefile:92:obj-$(CONFIG_DRM_MEDIATEK_PANEL) += mediatek-drm-panel-drv.o,,,,
met,LIKELY_PLATFORM_MATCH,NOTHING_BUILD_TARGET,normalized Make/Kbuild target,NOTHING_BUILD_TARGET,EXACT_BUILD_TARGET,4,0,0,0,kernel_modules/met_drv_v3/common/Kbuild:19:obj-$(CONFIG_MTK_MET) := met.o || kernel_modules/met_drv_v3/default/Kbuild:1:obj-m := met.o || kernel_modules/met_drv_v2/common/Kbuild:12:obj-$(CONFIG_MTK_MET_PLF) := met.o || kernel_modules/met_drv_v2/default/Kbuild:1:obj-m := met.o,,"kernel_modules/met_drv_v2/Makefile:30:$(warning Not building met.ko due to CONFIG_MTK_MET_PLF is not set to m, build met default) || kernel_modules/met_drv_v2/Makefile:34:$(warning Not building met.ko due to CONFIG_FTRACE/CONFIG_TRACING is not set, build met default) || kernel_modules/met_drv_v2/Makefile:42:$(warning Not building met.ko due to CONFIG_MODULES is not set, build met default) || kernel_modules/met_drv_v3/Kbuild:24:$(warning Not building met.ko due to CONFIG_MTK_MET is not set to m, build met default) || kernel_modules/met_drv_v3/Kbuild:28:$(warning Not building met.ko due to CONFIG_FTRACE/CONFIG_TRACING is not set, build met default)",,
met_backlight_api,LIKELY_PLATFORM_MATCH,NOTHING_BUILD_TARGET,normalized Make/Kbuild target,NOTHING_BUILD_TARGET,EXACT_BUILD_TARGET,2,2,0,0,kernel_modules/met_drv_v3/met_api/met_backlight_api/Kbuild:16:obj-$(CONFIG_MTK_MET) := met_backlight_api.o || kernel_modules/met_drv_v3/default/met_api/met_backlight_api/Kbuild:1:obj-m += met_backlight_api.o,kernel_modules/met_drv_v3/met_api/met_backlight_api/met_backlight_api.c || kernel_modules/met_drv_v3/default/met_api/met_backlight_api/met_backlight_api.c,"kernel_modules/met_drv_v3/met_api/BUILD.bazel:17:""met_backlight_api/met_backlight_api.ko"",",kernel_modules/met_drv_v3/default/met_api/met_backlight_api/Kbuild:5:met_backlight_api-y := default/met_api/met_backlight_api/met_backlight_api.o,kernel_modules/met_drv_v3/met_api/met_backlight_api/met_backlight_api.c || kernel_modules/met_drv_v3/default/met_api/met_backlight_api/met_backlight_api.c
met_emi_api,LIKELY_PLATFORM_MATCH,NOTHING_BUILD_TARGET,normalized Make/Kbuild target,NOTHING_BUILD_TARGET,EXACT_BUILD_TARGET,2,2,0,0,kernel_modules/met_drv_v3/met_api/met_emi_api/Kbuild:20:obj-$(CONFIG_MTK_MET) := met_emi_api.o || kernel_modules/met_drv_v3/default/met_api/met_emi_api/Kbuild:1:obj-m += met_emi_api.o,kernel_modules/met_drv_v3/met_api/met_emi_api/met_emi_api.c || kernel_modules/met_drv_v3/default/met_api/met_emi_api/met_emi_api.c,"kernel_modules/met_drv_v3/met_api/BUILD.bazel:18:""met_emi_api/met_emi_api.ko"",",kernel_modules/met_drv_v3/default/met_api/met_emi_api/Kbuild:5:met_emi_api-y := default/met_api/met_emi_api/met_emi_api.o,kernel_modules/met_drv_v3/met_api/met_emi_api/met_emi_api.c || kernel_modules/met_drv_v3/default/met_api/met_emi_api/met_emi_api.c
met_gpu_adv_api,LIKELY_PLATFORM_MATCH,NOTHING_BUILD_TARGET,normalized Make/Kbuild target,NOTHING_BUILD_TARGET,EXACT_BUILD_TARGET,2,2,0,0,kernel_modules/met_drv_v3/met_api/met_gpu_adv_api/Kbuild:9:obj-$(CONFIG_MTK_MET) := met_gpu_adv_api.o || kernel_modules/met_drv_v3/default/met_api/met_gpu_adv_api/Kbuild:1:obj-m += met_gpu_adv_api.o,kernel_modules/met_drv_v3/met_api/met_gpu_adv_api/met_gpu_adv_api.c || kernel_modules/met_drv_v3/default/met_api/met_gpu_adv_api/met_gpu_adv_api.c,"kernel_modules/met_drv_v3/met_api/BUILD.bazel:19:""met_gpu_adv_api/met_gpu_adv_api.ko"",",kernel_modules/met_drv_v3/default/met_api/met_gpu_adv_api/Kbuild:5:met_gpu_adv_api-y := default/met_api/met_gpu_adv_api/met_gpu_adv_api.o,kernel_modules/met_drv_v3/met_api/met_gpu_adv_api/met_gpu_adv_api.c || kernel_modules/met_drv_v3/default/met_api/met_gpu_adv_api/met_gpu_adv_api.c
met_gpu_api,LIKELY_PLATFORM_MATCH,NOTHING_BUILD_TARGET,normalized Make/Kbuild target,NOTHING_BUILD_TARGET,EXACT_BUILD_TARGET,2,2,0,0,kernel_modules/met_drv_v3/met_api/met_gpu_api/Kbuild:9:obj-$(CONFIG_MTK_MET) := met_gpu_api.o || kernel_modules/met_drv_v3/default/met_api/met_gpu_api/Kbuild:1:obj-m += met_gpu_api.o,kernel_modules/met_drv_v3/met_api/met_gpu_api/met_gpu_api.c || kernel_modules/met_drv_v3/default/met_api/met_gpu_api/met_gpu_api.c,"kernel_modules/met_drv_v3/met_api/BUILD.bazel:20:""met_gpu_api/met_gpu_api.ko"",",kernel_modules/met_drv_v3/default/met_api/met_gpu_api/Kbuild:5:met_gpu_api-y := default/met_api/met_gpu_api/met_gpu_api.o,kernel_modules/met_drv_v3/met_api/met_gpu_api/met_gpu_api.c || kernel_modules/met_drv_v3/default/met_api/met_gpu_api/met_gpu_api.c
met_gpueb_api,LIKELY_PLATFORM_MATCH,NOTHING_BUILD_TARGET,normalized Make/Kbuild target,NOTHING_BUILD_TARGET,EXACT_BUILD_TARGET,2,2,0,0,kernel_modules/met_drv_v3/met_api/met_gpueb_api/Kbuild:9:obj-$(CONFIG_MTK_MET) := met_gpueb_api.o || kernel_modules/met_drv_v3/default/met_api/met_gpueb_api/Kbuild:1:obj-m += met_gpueb_api.o,kernel_modules/met_drv_v3/met_api/met_gpueb_api/met_gpueb_api.c || kernel_modules/met_drv_v3/default/met_api/met_gpueb_api/met_gpueb_api.c,"kernel_modules/met_drv_v3/met_api/BUILD.bazel:21:""met_gpueb_api/met_gpueb_api.ko"",",kernel_modules/met_drv_v3/default/met_api/met_gpueb_api/Kbuild:5:met_gpueb_api-y := default/met_api/met_gpueb_api/met_gpueb_api.o,kernel_modules/met_drv_v3/met_api/met_gpueb_api/met_gpueb_api.c || kernel_modules/met_drv_v3/default/met_api/met_gpueb_api/met_gpueb_api.c
met_ipi_api,LIKELY_PLATFORM_MATCH,NOTHING_BUILD_TARGET,normalized Make/Kbuild target,NOTHING_BUILD_TARGET,EXACT_BUILD_TARGET,2,2,0,0,kernel_modules/met_drv_v3/met_api/met_ipi_api/Kbuild:9:obj-$(CONFIG_MTK_MET) := met_ipi_api.o || kernel_modules/met_drv_v3/default/met_api/met_ipi_api/Kbuild:1:obj-m += met_ipi_api.o,kernel_modules/met_drv_v3/met_api/met_ipi_api/met_ipi_api.c || kernel_modules/met_drv_v3/default/met_api/met_ipi_api/met_ipi_api.c,"kernel_modules/met_drv_v3/met_api/BUILD.bazel:22:""met_ipi_api/met_ipi_api.ko"",",kernel_modules/met_drv_v3/default/met_api/met_ipi_api/Kbuild:5:met_ipi_api-y := default/met_api/met_ipi_api/met_ipi_api.o,kernel_modules/met_drv_v3/met_api/met_ipi_api/met_ipi_api.c || kernel_modules/met_drv_v3/default/met_api/met_ipi_api/met_ipi_api.c
met_mcupm_api,LIKELY_PLATFORM_MATCH,NOTHING_BUILD_TARGET,normalized Make/Kbuild target,NOTHING_BUILD_TARGET,EXACT_BUILD_TARGET,2,2,0,0,kernel_modules/met_drv_v3/met_api/met_mcupm_api/Kbuild:9:obj-$(CONFIG_MTK_MET) := met_mcupm_api.o || kernel_modules/met_drv_v3/default/met_api/met_mcupm_api/Kbuild:1:obj-m += met_mcupm_api.o,kernel_modules/met_drv_v3/met_api/met_mcupm_api/met_mcupm_api.c || kernel_modules/met_drv_v3/default/met_api/met_mcupm_api/met_mcupm_api.c,"kernel_modules/met_drv_v3/met_api/BUILD.bazel:23:""met_mcupm_api/met_mcupm_api.ko"",",kernel_modules/met_drv_v3/default/met_api/met_mcupm_api/Kbuild:5:met_mcupm_api-y := default/met_api/met_mcupm_api/met_mcupm_api.o,kernel_modules/met_drv_v3/met_api/met_mcupm_api/met_mcupm_api.c || kernel_modules/met_drv_v3/default/met_api/met_mcupm_api/met_mcupm_api.c
met_scmi_api,LIKELY_PLATFORM_MATCH,NOTHING_BUILD_TARGET,normalized Make/Kbuild target,NOTHING_BUILD_TARGET,EXACT_BUILD_TARGET,2,2,0,0,kernel_modules/met_drv_v3/met_api/met_scmi_api/Kbuild:13:obj-$(CONFIG_MTK_MET) := met_scmi_api.o || kernel_modules/met_drv_v3/default/met_api/met_scmi_api/Kbuild:1:obj-m += met_scmi_api.o,kernel_modules/met_drv_v3/met_api/met_scmi_api/met_scmi_api.c || kernel_modules/met_drv_v3/default/met_api/met_scmi_api/met_scmi_api.c,"kernel_modules/met_drv_v3/met_api/BUILD.bazel:24:""met_scmi_api/met_scmi_api.ko"",",kernel_modules/met_drv_v3/default/met_api/met_scmi_api/Kbuild:5:met_scmi_api-y := default/met_api/met_scmi_api/met_scmi_api.o,kernel_modules/met_drv_v3/met_api/met_scmi_api/met_scmi_api.c || kernel_modules/met_drv_v3/default/met_api/met_scmi_api/met_scmi_api.c
met_sspm_api,LIKELY_PLATFORM_MATCH,NOTHING_BUILD_TARGET,normalized Make/Kbuild target,NOTHING_BUILD_TARGET,EXACT_BUILD_TARGET,2,2,0,0,kernel_modules/met_drv_v3/met_api/met_sspm_api/Kbuild:13:obj-$(CONFIG_MTK_MET) := met_sspm_api.o || kernel_modules/met_drv_v3/default/met_api/met_sspm_api/Kbuild:1:obj-m += met_sspm_api.o,kernel_modules/met_drv_v3/met_api/met_sspm_api/met_sspm_api.c || kernel_modules/met_drv_v3/default/met_api/met_sspm_api/met_sspm_api.c,"kernel_modules/met_drv_v3/met_api/BUILD.bazel:25:""met_sspm_api/met_sspm_api.ko"",",kernel_modules/met_drv_v3/default/met_api/met_sspm_api/Kbuild:5:met_sspm_api-y := default/met_api/met_sspm_api/met_sspm_api.o,kernel_modules/met_drv_v3/met_api/met_sspm_api/met_sspm_api.c || kernel_modules/met_drv_v3/default/met_api/met_sspm_api/met_sspm_api.c
met_vcore_api,LIKELY_PLATFORM_MATCH,NOTHING_BUILD_TARGET,normalized Make/Kbuild target,NOTHING_BUILD_TARGET,EXACT_BUILD_TARGET,2,2,0,0,kernel_modules/met_drv_v3/met_api/met_vcore_api/Kbuild:9:obj-$(CONFIG_MTK_MET) := met_vcore_api.o || kernel_modules/met_drv_v3/default/met_api/met_vcore_api/Kbuild:1:obj-m += met_vcore_api.o,kernel_modules/met_drv_v3/met_api/met_vcore_api/met_vcore_api.c || kernel_modules/met_drv_v3/default/met_api/met_vcore_api/met_vcore_api.c,"kernel_modules/met_drv_v3/met_api/BUILD.bazel:26:""met_vcore_api/met_vcore_api.ko"",",kernel_modules/met_drv_v3/default/met_api/met_vcore_api/Kbuild:5:met_vcore_api-y := default/met_api/met_vcore_api/met_vcore_api.o,kernel_modules/met_drv_v3/met_api/met_vcore_api/met_vcore_api.c || kernel_modules/met_drv_v3/default/met_api/met_vcore_api/met_vcore_api.c
mii,LIKELY_PLATFORM_MATCH,GOOGLE_GKI_ARTIFACT,exact GKI build artifact,GOOGLE_GKI_ARTIFACT,NO_EXACT_EVIDENCE,0,0,0,0,,,,,
mmprofile,LIKELY_PLATFORM_MATCH,NOTHING_BUILD_TARGET,normalized Make/Kbuild target,NOTHING_BUILD_TARGET,EXACT_SOURCE_BASENAME,2,2,0,0,device_modules/drivers/misc/mediatek/mmp/dummy/Makefile:16:obj-$(CONFIG_MMPROFILE) += mmprofile.o || device_modules/drivers/misc/mediatek/mmp/src/Makefile:17:obj-$(CONFIG_MMPROFILE) += mmprofile.o,device_modules/drivers/misc/mediatek/mmp/dummy/mmprofile.c || device_modules/drivers/misc/mediatek/mmp/src/mmprofile.c,,,device_modules/drivers/misc/mediatek/mmp/dummy/mmprofile.c || device_modules/drivers/misc/mediatek/mmp/src/mmprofile.c
mmqos_common,LIKELY_PLATFORM_MATCH,NOTHING_BUILD_TARGET,normalized Make/Kbuild target,NOTHING_BUILD_TARGET,NO_EXACT_EVIDENCE,1,0,0,0,device_modules/drivers/interconnect/mediatek/Makefile:14:obj-$(CONFIG_INTERCONNECT_MTK_MMQOS_COMMON) += mmqos-common.o,,,,
mmqos_mt6878,DIRECT_SOURCE_MATCH,NOTHING_BUILD_TARGET,normalized Make/Kbuild target,NOTHING_BUILD_TARGET,NO_EXACT_EVIDENCE,1,1,1,1,device_modules/drivers/interconnect/mediatek/Makefile:39:obj-$(CONFIG_INTERCONNECT_MTK_MMQOS_MT6878) += mmqos-mt6878.o,device_modules/drivers/interconnect/mediatek/mmqos-mt6878.c,,,
monitor_hang,LIKELY_PLATFORM_MATCH,NOTHING_BUILD_TARGET,normalized Make/Kbuild target,NOTHING_BUILD_TARGET,MENTION_ONLY,1,0,0,0,device_modules/drivers/misc/mediatek/monitor_hang/Makefile:25:obj-$(CONFIG_MTK_HANG_DETECT) += monitor_hang.o,,,,
mrdump,LIKELY_PLATFORM_MATCH,NOTHING_BUILD_TARGET,normalized Make/Kbuild target,NOTHING_BUILD_TARGET,MENTION_ONLY,1,0,0,0,device_modules/drivers/misc/mediatek/aee/mrdump/Makefile:23:obj-$(CONFIG_MTK_AEE_IPANIC)	+= mrdump.o,,,,
msync2_frd,LIKELY_PLATFORM_MATCH,NOTHING_BUILD_TARGET,normalized Make/Kbuild target,NOTHING_BUILD_TARGET,NO_EXACT_EVIDENCE,1,0,0,0,kernel_modules/msync2_frd_cus/build/Kbuild:46:obj-m += msync2_frd.o,,,,
mt6315_regulator,DIRECT_SOURCE_MATCH,NOTHING_BUILD_TARGET,normalized Make/Kbuild target,NOTHING_BUILD_TARGET,NO_EXACT_EVIDENCE,1,1,0,0,device_modules/drivers/regulator/Makefile:8:obj-$(CONFIG_DEVICE_MODULES_REGULATOR_MT6315) += mt6315-regulator.o,device_modules/drivers/regulator/mt6315-regulator.c,,,
mt6338_core,DIRECT_SOURCE_MATCH,NOTHING_BUILD_TARGET,normalized Make/Kbuild target,NOTHING_BUILD_TARGET,NO_EXACT_EVIDENCE,1,1,0,0,device_modules/drivers/mfd/Makefile:3:obj-$(CONFIG_MFD_MT6338)	+= mt6338-core.o,device_modules/drivers/mfd/mt6338-core.c,,,
mt6363_regulator,LIKELY_PLATFORM_MATCH,NOTHING_BUILD_TARGET,normalized Make/Kbuild target,NOTHING_BUILD_TARGET,MENTION_ONLY,1,1,0,0,device_modules/drivers/regulator/Makefile:14:obj-$(CONFIG_REGULATOR_MT6363) += mt6363-regulator.o,device_modules/drivers/regulator/mt6363-regulator.c,,,
mt6369_accdet,DIRECT_SOURCE_MATCH,NOTHING_BUILD_TARGET,normalized Make/Kbuild target,NOTHING_BUILD_TARGET,NO_EXACT_EVIDENCE,1,1,0,0,device_modules/sound/soc/codecs/Makefile:35:obj-$(CONFIG_SND_SOC_MT6369_ACCDET) += mt6369-accdet.o,device_modules/sound/soc/codecs/mt6369-accdet.c,,,
mt6369_regulator,LIKELY_PLATFORM_MATCH,NOTHING_BUILD_TARGET,normalized Make/Kbuild target,NOTHING_BUILD_TARGET,MENTION_ONLY,1,1,0,0,device_modules/drivers/regulator/Makefile:16:obj-$(CONFIG_REGULATOR_MT6369) += mt6369-regulator.o,device_modules/drivers/regulator/mt6369-regulator.c,,,
mt6375,DIRECT_SOURCE_MATCH,NOTHING_BUILD_TARGET,normalized Make/Kbuild target,NOTHING_BUILD_TARGET,EXACT_SOURCE_BASENAME,1,1,0,0,device_modules/drivers/mfd/Makefile:8:obj-$(CONFIG_MFD_MT6375)	+= mt6375.o,device_modules/drivers/mfd/mt6375.c,,,device_modules/drivers/mfd/mt6375.c
mt6375_adc,DIRECT_SOURCE_MATCH,NOTHING_BUILD_TARGET,normalized Make/Kbuild target,NOTHING_BUILD_TARGET,NO_EXACT_EVIDENCE,1,1,0,0,device_modules/drivers/iio/adc/Makefile:10:obj-$(CONFIG_MEDIATEK_MT6375_ADC) += mt6375-adc.o,device_modules/drivers/iio/adc/mt6375-adc.c,,,
mt6375_auxadc,DIRECT_SOURCE_MATCH,NOTHING_BUILD_TARGET,normalized Make/Kbuild target,NOTHING_BUILD_TARGET,NO_EXACT_EVIDENCE,1,1,0,0,device_modules/drivers/iio/adc/Makefile:5:obj-$(CONFIG_MEDIATEK_MT6375_AUXADC) += mt6375-auxadc.o,device_modules/drivers/iio/adc/mt6375-auxadc.c,,,
mt6375_battery,LIKELY_PLATFORM_MATCH,NOTHING_BUILD_TARGET,normalized Make/Kbuild target,NOTHING_BUILD_TARGET,NO_EXACT_EVIDENCE,1,0,0,0,device_modules/drivers/power/supply/Makefile:16:obj-$(CONFIG_GAUGE_MT6375)	+= mt6375-battery.o,,,,
mt6375_charger,DIRECT_SOURCE_MATCH,NOTHING_BUILD_TARGET,normalized Make/Kbuild target,NOTHING_BUILD_TARGET,NO_EXACT_EVIDENCE,1,1,0,0,device_modules/drivers/power/supply/Makefile:15:obj-$(CONFIG_CHARGER_MT6375)	+= mt6375-charger.o,device_modules/drivers/power/supply/mt6375-charger.c,,,
mt6685_audclk,LIKELY_PLATFORM_MATCH,NOTHING_BUILD_TARGET,normalized Make/Kbuild target,NOTHING_BUILD_TARGET,NO_EXACT_EVIDENCE,1,1,0,0,device_modules/drivers/mfd/Makefile:10:obj-$(CONFIG_MT6685_AUDCLK)	+= mt6685-audclk.o,device_modules/drivers/mfd/mt6685-audclk.c,,,
mt6685_core,DIRECT_SOURCE_MATCH,NOTHING_BUILD_TARGET,normalized Make/Kbuild target,NOTHING_BUILD_TARGET,NO_EXACT_EVIDENCE,1,1,0,0,device_modules/drivers/mfd/Makefile:11:obj-$(CONFIG_MFD_MT6685)	+= mt6685-core.o,device_modules/drivers/mfd/mt6685-core.c,,,
mt6878_dcm,LIKELY_PLATFORM_MATCH,NOTHING_BUILD_TARGET,normalized Make/Kbuild target,NOTHING_BUILD_TARGET,NO_EXACT_EVIDENCE,1,0,1,0,device_modules/drivers/misc/mediatek/dcm/Makefile:13:obj-$(CONFIG_MTK_DCM_MT6878) += mt6878_dcm.o,,,,
mt6878_mt6369,DIRECT_SOURCE_MATCH,NOTHING_BUILD_TARGET,normalized Make/Kbuild target,NOTHING_BUILD_TARGET,NO_EXACT_EVIDENCE,1,1,1,1,device_modules/sound/soc/mediatek/mt6878/Makefile:38:obj-$(CONFIG_DEVICE_MODULES_SND_SOC_MT6878_MT6369) += mt6878-mt6369.o,device_modules/sound/soc/mediatek/mt6878/mt6878-mt6369.c,,,
mtk_afe_external,LIKELY_PLATFORM_MATCH,NOTHING_BUILD_TARGET,normalized Make/Kbuild target,NOTHING_BUILD_TARGET,NO_EXACT_EVIDENCE,1,1,0,0,device_modules/sound/soc/mediatek/common/Makefile:22:obj-m += mtk-afe-external.o,device_modules/sound/soc/mediatek/common/mtk-afe-external.c,,,
mtk_aie,LIKELY_PLATFORM_MATCH,UNRESOLVED,,UNRESOLVED,MENTION_ONLY,0,0,0,0,,,,,
mtk_aie_debug_7sp_2,LIKELY_PLATFORM_MATCH,NOTHING_BUILD_TARGET,normalized Make/Kbuild target,NOTHING_BUILD_TARGET,EXACT_SOURCE_BASENAME,1,1,0,0,kernel_modules/mtkcam/mtk-aie/Kbuild:47:obj-$(CONFIG_MTK_CAMERA_FD_ISP7S_ISP7SP) += mtk_aie_debug_7sp_2.o,kernel_modules/mtkcam/mtk-aie/mtk_aie_debug_7sp_2.c,,,kernel_modules/mtkcam/mtk-aie/mtk_aie_debug_7sp_2.c
mtk_battery_oc_throttling,DIRECT_SOURCE_MATCH,NOTHING_BUILD_TARGET,normalized Make/Kbuild target,NOTHING_BUILD_TARGET,EXACT_SOURCE_BASENAME,1,1,0,0,device_modules/drivers/misc/mediatek/power_throttling/Makefile:9:obj-$(CONFIG_MTK_BATTERY_OC_POWER_THROTTLING) += mtk_battery_oc_throttling.o,device_modules/drivers/misc/mediatek/power_throttling/mtk_battery_oc_throttling.c,,,device_modules/drivers/misc/mediatek/power_throttling/mtk_battery_oc_throttling.c
mtk_bp_thl,DIRECT_SOURCE_MATCH,NOTHING_BUILD_TARGET,normalized Make/Kbuild target,NOTHING_BUILD_TARGET,EXACT_SOURCE_BASENAME,1,1,0,0,device_modules/drivers/misc/mediatek/power_throttling/Makefile:10:obj-$(CONFIG_MTK_BATTERY_PERCENT_THROTTLING) += mtk_bp_thl.o,device_modules/drivers/misc/mediatek/power_throttling/mtk_bp_thl.c,,,device_modules/drivers/misc/mediatek/power_throttling/mtk_bp_thl.c
mtk_btcvsd,DIRECT_SOURCE_MATCH,NOTHING_BUILD_TARGET,normalized Make/Kbuild target,NOTHING_BUILD_TARGET,NO_EXACT_EVIDENCE,1,1,0,0,device_modules/sound/soc/mediatek/common/Makefile:28:obj-$(CONFIG_DEVICE_MODULES_SND_SOC_MTK_BTCVSD) += mtk-btcvsd.o,device_modules/sound/soc/mediatek/common/mtk-btcvsd.c,,,
mtk_c2ps,LIKELY_PLATFORM_MATCH,NOTHING_BUILD_TARGET,normalized Make/Kbuild target,NOTHING_BUILD_TARGET,NO_EXACT_EVIDENCE,1,0,0,0,kernel_modules/mtkcam/sched/c2ps/Kbuild:33:obj-$(CONFIG_MTK_C2PS) += mtk_c2ps.o,,,,
mtk_cam_isp7sp,LIKELY_PLATFORM_MATCH,UNRESOLVED,,UNRESOLVED,NO_EXACT_EVIDENCE,0,0,0,0,,,,,
mtk_ccd_remoteproc,LIKELY_PLATFORM_MATCH,UNRESOLVED,,UNRESOLVED,MENTION_ONLY,0,0,0,0,,,,,
mtk_ccuv,DIRECT_SOURCE_MATCH,NOTHING_BUILD_TARGET,normalized Make/Kbuild target,NOTHING_BUILD_TARGET,NO_EXACT_EVIDENCE,1,0,0,0,kernel_modules/mtkcam/ccusys/Kbuild:12:obj-$(CONFIG_MTK_CCU_RPROC)	+= mtk_ccuv.o,,,,
mtk_cg_peak_power_throttling,DIRECT_SOURCE_MATCH,NOTHING_BUILD_TARGET,normalized Make/Kbuild target,NOTHING_BUILD_TARGET,NO_EXACT_EVIDENCE,1,0,0,0,device_modules/drivers/misc/mediatek/cg_ppt/Makefile:6:obj-$(CONFIG_MTK_CG_PEAK_POWER_THROTTLING) += mtk_cg_peak_power_throttling.o,,,,
mtk_charger_algorithm_class,LIKELY_PLATFORM_MATCH,NOTHING_BUILD_TARGET,normalized Make/Kbuild target,NOTHING_BUILD_TARGET,EXACT_SOURCE_BASENAME,1,1,0,0,device_modules/drivers/power/supply/Makefile:7:obj-$(CONFIG_MTK_CHARGER) += mtk_charger_framework.o mtk_pd_charging.o charger_class.o adapter_class.o mtk_charger_algorithm_class.o mtk_pd_adapter.o,device_modules/drivers/power/supply/mtk_charger_algorithm_class.c,,,device_modules/drivers/power/supply/mtk_charger_algorithm_class.c
mtk_charger_framework,LIKELY_PLATFORM_MATCH,NOTHING_BUILD_TARGET,normalized Make/Kbuild target,NOTHING_BUILD_TARGET,NO_EXACT_EVIDENCE,1,0,0,0,device_modules/drivers/power/supply/Makefile:7:obj-$(CONFIG_MTK_CHARGER) += mtk_charger_framework.o mtk_pd_charging.o charger_class.o adapter_class.o mtk_charger_algorithm_class.o mtk_pd_adapter.o,,,,
mtk_chg_type_det,DIRECT_SOURCE_MATCH,NOTHING_BUILD_TARGET,normalized Make/Kbuild target,NOTHING_BUILD_TARGET,EXACT_SOURCE_BASENAME,1,1,0,0,device_modules/drivers/power/supply/Makefile:21:obj-$(CONFIG_MTK_CHARGER_TYPE_DETECT)	+= mtk_chg_type_det.o,device_modules/drivers/power/supply/mtk_chg_type_det.c,,,device_modules/drivers/power/supply/mtk_chg_type_det.c
mtk_cm_ipi,LIKELY_PLATFORM_MATCH,NOTHING_BUILD_TARGET,normalized Make/Kbuild target,NOTHING_BUILD_TARGET,EXACT_SOURCE_BASENAME,1,1,0,0,device_modules/drivers/misc/mediatek/cm_mgr/Makefile:31:obj-${CONFIG_MTK_CM_IPI} += mtk_cm_ipi.o,device_modules/drivers/misc/mediatek/cm_mgr/mtk_cm_ipi.c,,,device_modules/drivers/misc/mediatek/cm_mgr/mtk_cm_ipi.c
mtk_cm_mgr,LIKELY_PLATFORM_MATCH,NOTHING_BUILD_TARGET,normalized Make/Kbuild target,NOTHING_BUILD_TARGET,NO_EXACT_EVIDENCE,1,0,0,0,device_modules/drivers/misc/mediatek/cm_mgr/Makefile:28:obj-${CONFIG_MTK_CM_MGR} += mtk_cm_mgr.o,,,,
mtk_cm_mgr_mt6878,LIKELY_PLATFORM_MATCH,NOTHING_BUILD_TARGET,normalized Make/Kbuild target,NOTHING_BUILD_TARGET,EXACT_SOURCE_BASENAME,1,1,1,1,device_modules/drivers/misc/mediatek/cm_mgr/Makefile:43:obj-${CONFIG_MTK_CM_MGR_MT6878} += mtk_cm_mgr_mt6878.o,device_modules/drivers/misc/mediatek/cm_mgr/mtk_cm_mgr_mt6878.c,,,device_modules/drivers/misc/mediatek/cm_mgr/mtk_cm_mgr_mt6878.c
mtk_cmdq_drv_ext,LIKELY_PLATFORM_MATCH,NOTHING_BUILD_TARGET,normalized Make/Kbuild target,NOTHING_BUILD_TARGET,NO_EXACT_EVIDENCE,1,0,0,0,device_modules/drivers/misc/mediatek/cmdq/mailbox/Makefile:40:obj-$(CONFIG_MTK_CMDQ_MBOX_EXT) += mtk-cmdq-drv-ext.o,,,,
mtk_composite,DIRECT_SOURCE_MATCH,NOTHING_BUILD_TARGET,normalized Make/Kbuild target,NOTHING_BUILD_TARGET,NO_EXACT_EVIDENCE,1,2,0,0,device_modules/drivers/misc/mediatek/flashlight/Makefile:9:obj-$(CONFIG_MTK_V4L2_FLASHLIGHT)        += mtk-composite.o,device_modules/drivers/misc/mediatek/flashlight/mtk-composite.c || device_modules/drivers/misc/mediatek/lens/vcm/v4l2/media/mtk-composite.c,,,
mtk_core_ctl,LIKELY_PLATFORM_MATCH,NOTHING_BUILD_TARGET,normalized Make/Kbuild target,NOTHING_BUILD_TARGET,NO_EXACT_EVIDENCE,1,0,0,0,device_modules/drivers/misc/mediatek/sched/Makefile:41:obj-$(CONFIG_MTK_CORE_CTL) += mtk_core_ctl.o,,,,
mtk_cpu_power_throttling,DIRECT_SOURCE_MATCH,NOTHING_BUILD_TARGET,normalized Make/Kbuild target,NOTHING_BUILD_TARGET,EXACT_SOURCE_BASENAME,1,1,0,0,device_modules/drivers/misc/mediatek/power_throttling/Makefile:16:obj-$(CONFIG_MTK_CPU_POWER_THROTTLING) += mtk_cpu_power_throttling.o,device_modules/drivers/misc/mediatek/power_throttling/mtk_cpu_power_throttling.c,,,device_modules/drivers/misc/mediatek/power_throttling/mtk_cpu_power_throttling.c
mtk_dcm,LIKELY_PLATFORM_MATCH,NOTHING_BUILD_TARGET,normalized Make/Kbuild target,NOTHING_BUILD_TARGET,EXACT_SOURCE_BASENAME,1,1,0,0,device_modules/drivers/misc/mediatek/dcm/Makefile:4:obj-$(CONFIG_MTK_DCM_COMMON)	+= mtk_dcm.o,device_modules/drivers/misc/mediatek/dcm/mtk_dcm.c,,,device_modules/drivers/misc/mediatek/dcm/mtk_dcm.c
mtk_disp_notify,LIKELY_PLATFORM_MATCH,NOTHING_BUILD_TARGET,normalized Make/Kbuild target,NOTHING_BUILD_TARGET,EXACT_SOURCE_BASENAME,2,2,0,0,device_modules/drivers/gpu/drm/mediatek/dummy_drm/Makefile:26:obj-$(CONFIG_DEVICE_MODULES_DRM_MEDIATEK) += mtk_disp_notify.o || device_modules/drivers/gpu/drm/mediatek/mediatek_v2/Makefile:100:obj-$(CONFIG_DEVICE_MODULES_DRM_MEDIATEK) += mtk_disp_notify.o,device_modules/drivers/gpu/drm/mediatek/dummy_drm/mtk_disp_notify.c || device_modules/drivers/gpu/drm/mediatek/mediatek_v2/mtk_disp_notify.c,,,device_modules/drivers/gpu/drm/mediatek/dummy_drm/mtk_disp_notify.c || device_modules/drivers/gpu/drm/mediatek/mediatek_v2/mtk_disp_notify.c
mtk_disp_sec,LIKELY_PLATFORM_MATCH,NOTHING_BUILD_TARGET,normalized Make/Kbuild target,NOTHING_BUILD_TARGET,EXACT_SOURCE_BASENAME,1,1,0,0,device_modules/drivers/gpu/drm/mediatek/mediatek_v2/Makefile:103:obj-$(CONFIG_DEVICE_MODULES_DRM_MEDIATEK) += mtk_disp_sec.o,device_modules/drivers/gpu/drm/mediatek/mediatek_v2/mtk_disp_sec.c,,,device_modules/drivers/gpu/drm/mediatek/mediatek_v2/mtk_disp_sec.c
mtk_dpc,LIKELY_PLATFORM_MATCH,NOTHING_BUILD_TARGET,normalized Make/Kbuild target,NOTHING_BUILD_TARGET,NO_EXACT_EVIDENCE,1,0,0,0,device_modules/drivers/gpu/drm/mediatek/dpc/Makefile:15:obj-$(CONFIG_MTK_DPC) := mtk_dpc.o,,,,
mtk_dramc,LIKELY_PLATFORM_MATCH,NOTHING_BUILD_TARGET,normalized Make/Kbuild target,NOTHING_BUILD_TARGET,NO_EXACT_EVIDENCE,1,0,0,0,device_modules/drivers/memory/mediatek/Makefile:14:obj-$(CONFIG_MTK_DRAMC)    += mtk_dramc.o,,,,
mtk_dvfsrc,LIKELY_PLATFORM_MATCH,NOTHING_BUILD_TARGET,normalized Make/Kbuild target,NOTHING_BUILD_TARGET,NO_EXACT_EVIDENCE,1,1,0,0,device_modules/drivers/soc/mediatek/Makefile:10:obj-$(CONFIG_MTK_DVFSRC) += mtk-dvfsrc.o mtk-dvfsrc-start.o,device_modules/drivers/soc/mediatek/mtk-dvfsrc.c,,,
mtk_dvfsrc_devfreq,LIKELY_PLATFORM_MATCH,NOTHING_BUILD_TARGET,normalized Make/Kbuild target,NOTHING_BUILD_TARGET,NO_EXACT_EVIDENCE,1,1,0,0,device_modules/drivers/devfreq/Makefile:4:obj-$(CONFIG_MTK_DVFSRC_DEVFREQ)	+= mtk-dvfsrc-devfreq.o,device_modules/drivers/devfreq/mtk-dvfsrc-devfreq.c,,,
mtk_dvfsrc_helper,LIKELY_PLATFORM_MATCH,NOTHING_BUILD_TARGET,normalized Make/Kbuild target,NOTHING_BUILD_TARGET,NO_EXACT_EVIDENCE,1,0,0,0,device_modules/drivers/misc/mediatek/dvfsrc/Makefile:9:obj-$(CONFIG_MTK_DVFSRC_HELPER) += mtk-dvfsrc-helper.o,,,,
mtk_dvfsrc_regulator,DIRECT_SOURCE_MATCH,NOTHING_BUILD_TARGET,normalized Make/Kbuild target,NOTHING_BUILD_TARGET,NO_EXACT_EVIDENCE,1,1,0,0,device_modules/drivers/regulator/Makefile:19:obj-$(CONFIG_DEVICE_MODULES_REGULATOR_MTK_DVFSRC) += mtk-dvfsrc-regulator.o,device_modules/drivers/regulator/mtk-dvfsrc-regulator.c,,,
mtk_dvfsrc_start,LIKELY_PLATFORM_MATCH,NOTHING_BUILD_TARGET,normalized Make/Kbuild target,NOTHING_BUILD_TARGET,NO_EXACT_EVIDENCE,1,1,0,0,device_modules/drivers/soc/mediatek/Makefile:10:obj-$(CONFIG_MTK_DVFSRC) += mtk-dvfsrc.o mtk-dvfsrc-start.o,device_modules/drivers/soc/mediatek/mtk-dvfsrc-start.c,,,
mtk_dynamic_loading_throttling,DIRECT_SOURCE_MATCH,NOTHING_BUILD_TARGET,normalized Make/Kbuild target,NOTHING_BUILD_TARGET,EXACT_SOURCE_BASENAME,1,1,0,0,device_modules/drivers/misc/mediatek/power_throttling/Makefile:11:obj-$(CONFIG_MTK_DYNAMIC_LOADING_POWER_THROTTLING) += mtk_dynamic_loading_throttling.o,device_modules/drivers/misc/mediatek/power_throttling/mtk_dynamic_loading_throttling.c,,,device_modules/drivers/misc/mediatek/power_throttling/mtk_dynamic_loading_throttling.c
mtk_emi,DIRECT_SOURCE_MATCH,NOTHING_BUILD_TARGET,normalized Make/Kbuild target,NOTHING_BUILD_TARGET,NO_EXACT_EVIDENCE,1,1,0,0,device_modules/drivers/interconnect/mediatek/Makefile:13:obj-$(CONFIG_INTERCONNECT_MTK_EMI) += mtk-emi.o,device_modules/drivers/interconnect/mediatek/mtk-emi.c,,,
mtk_fpsgo,LIKELY_PLATFORM_MATCH,NOTHING_BUILD_TARGET,normalized Make/Kbuild target,NOTHING_BUILD_TARGET,NO_EXACT_EVIDENCE,1,0,0,0,device_modules/drivers/misc/mediatek/performance/fpsgo_v3/Makefile:73:obj-$(CONFIG_MTK_FPSGO_V3) += mtk_fpsgo.o,,,,
mtk_gpu_hal,LIKELY_PLATFORM_MATCH,NOTHING_BUILD_TARGET,normalized Make/Kbuild target,NOTHING_BUILD_TARGET,NO_EXACT_EVIDENCE,1,0,0,0,device_modules/drivers/gpu/mediatek/hal/Makefile:19:obj-$(CONFIG_MTK_GPU_SUPPORT) += mtk_gpu_hal.o,,,,
mtk_gpu_power_throttling,DIRECT_SOURCE_MATCH,NOTHING_BUILD_TARGET,normalized Make/Kbuild target,NOTHING_BUILD_TARGET,EXACT_SOURCE_BASENAME,1,1,0,0,device_modules/drivers/misc/mediatek/power_throttling/Makefile:17:obj-$(CONFIG_MTK_GPU_POWER_THROTTLING) += mtk_gpu_power_throttling.o,device_modules/drivers/misc/mediatek/power_throttling/mtk_gpu_power_throttling.c,,,device_modules/drivers/misc/mediatek/power_throttling/mtk_gpu_power_throttling.c
mtk_gpu_qos,LIKELY_PLATFORM_MATCH,NOTHING_BUILD_TARGET,normalized Make/Kbuild target,NOTHING_BUILD_TARGET,NO_EXACT_EVIDENCE,1,0,0,0,device_modules/drivers/gpu/mediatek/gpu_bm/Makefile:31:obj-$(CONFIG_MTK_GPU_SUPPORT) += mtk_gpu_qos.o,,,,
mtk_gpufreq_mt6878,LIKELY_PLATFORM_MATCH,NOTHING_BUILD_TARGET,normalized Make/Kbuild target,NOTHING_BUILD_TARGET,NO_EXACT_EVIDENCE,1,0,1,0,device_modules/drivers/gpu/mediatek/gpufreq/v2/Makefile:71:obj-$(CONFIG_MTK_GPU_MT6878_SUPPORT) += mtk_gpufreq_mt6878.o,,,,
mtk_gpufreq_wrapper,LIKELY_PLATFORM_MATCH,NOTHING_BUILD_TARGET,normalized Make/Kbuild target,NOTHING_BUILD_TARGET,NO_EXACT_EVIDENCE,1,0,0,0,device_modules/drivers/gpu/mediatek/gpufreq/v2/Makefile:69:obj-$(CONFIG_MTK_GPU_SUPPORT) += mtk_gpufreq_wrapper.o,,,,
mtk_hcp,LIKELY_PLATFORM_MATCH,NOTHING_BUILD_TARGET,normalized Make/Kbuild target,NOTHING_BUILD_TARGET,MENTION_ONLY,1,2,0,0,device_modules/drivers/media/platform/mtk-isp/mtk-hcp/Makefile:47:obj-${CONFIG_VIDEO_MTK_ISP_HCP} += mtk_hcp.o,device_modules/drivers/media/platform/mtk-isp/mtk-hcp/mtk-hcp.c || kernel_modules/mtkcam/mtk-hcp/mtk-hcp.c,,,
mtk_heap_debug,LIKELY_PLATFORM_MATCH,NOTHING_BUILD_TARGET,normalized Make/Kbuild target,NOTHING_BUILD_TARGET,EXACT_SOURCE_BASENAME,1,1,0,0,device_modules/drivers/dma-buf/heaps/Makefile:21:obj-$(CONFIG_DMABUF_HEAPS_DEBUG) += mtk_heap_debug.o,device_modules/drivers/dma-buf/heaps/mtk_heap_debug.c,,,device_modules/drivers/dma-buf/heaps/mtk_heap_debug.c
mtk_icc_core,LIKELY_PLATFORM_MATCH,NOTHING_BUILD_TARGET,normalized Make/Kbuild target,NOTHING_BUILD_TARGET,NO_EXACT_EVIDENCE,1,0,0,0,device_modules/drivers/misc/mediatek/mtk-interconnect/Makefile:6:obj-$(CONFIG_INTERCONNECT_MTK_EXTENSION)	+= mtk-icc-core.o,,,,
mtk_imgsys_cmdq,LIKELY_PLATFORM_MATCH,NOTHING_BUILD_TARGET,normalized Make/Kbuild target,NOTHING_BUILD_TARGET,MENTION_ONLY,1,2,0,0,device_modules/drivers/media/platform/mtk-isp/imgsys/Makefile:100:obj-$(CONFIG_VIDEO_MTK_ISP_IMGSYS_CMDQ) += mtk_imgsys_cmdq.o,device_modules/drivers/media/platform/mtk-isp/imgsys/mtk_imgsys-cmdq.c || kernel_modules/mtkcam/imgsys/mtk_imgsys-cmdq.c,,,
mtk_imgsys_isp7sp,LIKELY_PLATFORM_MATCH,NOTHING_BUILD_TARGET,normalized Make/Kbuild target,NOTHING_BUILD_TARGET,MENTION_ONLY,1,2,0,0,device_modules/drivers/media/platform/mtk-isp/imgsys/Makefile:81:obj-${CONFIG_VIDEO_MTK_ISP_IMGSYS_7SP} += mtk_imgsys_isp7sp.o,device_modules/drivers/media/platform/mtk-isp/imgsys/mtk_imgsys-isp7sp.c || kernel_modules/mtkcam/imgsys/mtk_imgsys-isp7sp.c,,,
mtk_imgsys_v4l2,LIKELY_PLATFORM_MATCH,NOTHING_BUILD_TARGET,normalized Make/Kbuild target,NOTHING_BUILD_TARGET,MENTION_ONLY,1,2,0,0,device_modules/drivers/media/platform/mtk-isp/imgsys/Makefile:57:obj-${CONFIG_VIDEO_MTK_ISP_IMGSYS} += mtk_imgsys_v4l2.o,device_modules/drivers/media/platform/mtk-isp/imgsys/mtk_imgsys-v4l2.c || kernel_modules/mtkcam/imgsys/mtk_imgsys-v4l2.c,,,
mtk_ioctl_powerhal,LIKELY_PLATFORM_MATCH,NOTHING_BUILD_TARGET,normalized Make/Kbuild target,NOTHING_BUILD_TARGET,MENTION_ONLY,1,0,0,0,device_modules/drivers/misc/mediatek/performance/Makefile:30:obj-$(CONFIG_MTK_PERFORMANCE_MODULE) += mtk_ioctl_powerhal.o,,,,
mtk_ioctl_touch_boost,LIKELY_PLATFORM_MATCH,NOTHING_BUILD_TARGET,normalized Make/Kbuild target,NOTHING_BUILD_TARGET,MENTION_ONLY,1,0,0,0,device_modules/drivers/misc/mediatek/performance/Makefile:24:obj-$(CONFIG_MTK_PERFORMANCE_MODULE) += mtk_ioctl_touch_boost.o,,,,
mtk_iommu,LIKELY_PLATFORM_MATCH,NOTHING_BUILD_TARGET,normalized Make/Kbuild target,NOTHING_BUILD_TARGET,EXACT_SOURCE_BASENAME,1,1,0,0,device_modules/drivers/iommu/Makefile:6:obj-$(CONFIG_DEVICE_MODULES_MTK_IOMMU) += mtk_iommu.o,device_modules/drivers/iommu/mtk_iommu.c,,,device_modules/drivers/iommu/mtk_iommu.c
mtk_ipesys_me,LIKELY_PLATFORM_MATCH,NOTHING_BUILD_TARGET,normalized Make/Kbuild target,NOTHING_BUILD_TARGET,NO_EXACT_EVIDENCE,2,2,0,0,device_modules/drivers/media/platform/mtk-isp/mtk-ipesys-me/Makefile:26:obj-${CONFIG_VIDEO_MTK_ISP_IPESYS} += mtk-ipesys-me.o || kernel_modules/mtkcam/mtk-ipesys-me/Kbuild:29:obj-${CONFIG_VIDEO_MTK_ISP_IPESYS} += mtk-ipesys-me.o,device_modules/drivers/media/platform/mtk-isp/mtk-ipesys-me/mtk-ipesys-me.c || kernel_modules/mtkcam/mtk-ipesys-me/mtk-ipesys-me.c,,,
mtk_irtx_pwm,LIKELY_PLATFORM_MATCH,NOTHING_BUILD_TARGET,normalized Make/Kbuild target,NOTHING_BUILD_TARGET,EXACT_SOURCE_BASENAME,1,1,0,0,device_modules/drivers/misc/mediatek/irtx/Makefile:16:obj-$(CONFIG_MTK_IRTX_PWM_SUPPORT) := mtk_irtx_pwm.o,device_modules/drivers/misc/mediatek/irtx/mtk_irtx_pwm.c,,,device_modules/drivers/misc/mediatek/irtx/mtk_irtx_pwm.c
mtk_jpeg,LIKELY_PLATFORM_MATCH,NOTHING_BUILD_TARGET,normalized Make/Kbuild target,NOTHING_BUILD_TARGET,NO_EXACT_EVIDENCE,1,0,0,0,device_modules/drivers/media/platform/mtk-jpeg/Makefile:6:obj-$(CONFIG_DEVICE_MODULES_VIDEO_MEDIATEK_JPEG) += mtk_jpeg.o,,,,
mtk_low_battery_throttling,DIRECT_SOURCE_MATCH,NOTHING_BUILD_TARGET,normalized Make/Kbuild target,NOTHING_BUILD_TARGET,EXACT_SOURCE_BASENAME,1,1,0,0,device_modules/drivers/misc/mediatek/power_throttling/Makefile:12:obj-$(CONFIG_MTK_LOW_BATTERY_POWER_THROTTLING) += mtk_low_battery_throttling.o,device_modules/drivers/misc/mediatek/power_throttling/mtk_low_battery_throttling.c,,,device_modules/drivers/misc/mediatek/power_throttling/mtk_low_battery_throttling.c
mtk_lpm,LIKELY_PLATFORM_MATCH,NOTHING_BUILD_TARGET,normalized Make/Kbuild target,NOTHING_BUILD_TARGET,NO_EXACT_EVIDENCE,1,0,0,0,device_modules/drivers/misc/mediatek/lpm/Makefile:45:obj-$(CONFIG_MTK_LOW_POWER_MODULE) = mtk-lpm.o,,,,
mtk_lpm_dbg_common_v2,LIKELY_PLATFORM_MATCH,UNRESOLVED,,UNRESOLVED,NO_EXACT_EVIDENCE,0,0,0,0,,,,,
mtk_lpm_dbg_mt6878,LIKELY_PLATFORM_MATCH,UNRESOLVED,,UNRESOLVED,NO_EXACT_EVIDENCE,0,0,0,0,,,,,
mtk_lpm_plat_v1,LIKELY_PLATFORM_MATCH,UNRESOLVED,,UNRESOLVED,NO_EXACT_EVIDENCE,0,0,0,0,,,,,
mtk_mbox,LIKELY_PLATFORM_MATCH,NOTHING_BUILD_TARGET,normalized Make/Kbuild target,NOTHING_BUILD_TARGET,NO_EXACT_EVIDENCE,1,1,0,0,device_modules/drivers/soc/mediatek/Makefile:12:obj-$(CONFIG_MTK_MBOX) += mtk-mbox.o,device_modules/drivers/soc/mediatek/mtk-mbox.c,,,
mtk_mbox_mailbox,LIKELY_PLATFORM_MATCH,NOTHING_BUILD_TARGET,normalized Make/Kbuild target,NOTHING_BUILD_TARGET,NO_EXACT_EVIDENCE,1,1,0,0,device_modules/drivers/mailbox/Makefile:10:obj-$(CONFIG_MTK_TINYSYS_MBOX)    += mtk-mbox-mailbox.o,device_modules/drivers/mailbox/mtk-mbox-mailbox.c,,,
mtk_mbraink,LIKELY_PLATFORM_MATCH,NOTHING_BUILD_TARGET,normalized Make/Kbuild target,NOTHING_BUILD_TARGET,NO_EXACT_EVIDENCE,1,0,0,0,device_modules/drivers/misc/mediatek/mbraink/Makefile:44:obj-${CONFIG_MTK_MBRAINK} += mtk_mbraink.o,,,,
mtk_md_power_throttling,DIRECT_SOURCE_MATCH,NOTHING_BUILD_TARGET,normalized Make/Kbuild target,NOTHING_BUILD_TARGET,EXACT_SOURCE_BASENAME,1,1,0,0,device_modules/drivers/misc/mediatek/power_throttling/Makefile:15:obj-$(CONFIG_MTK_MD_POWER_THROTTLING) += mtk_md_power_throttling.o,device_modules/drivers/misc/mediatek/power_throttling/mtk_md_power_throttling.c,,,device_modules/drivers/misc/mediatek/power_throttling/mtk_md_power_throttling.c
mtk_mdpm,DIRECT_SOURCE_MATCH,NOTHING_BUILD_TARGET,normalized Make/Kbuild target,NOTHING_BUILD_TARGET,EXACT_SOURCE_BASENAME,1,1,0,0,device_modules/drivers/misc/mediatek/mdpm/Makefile:4:obj-$(CONFIG_MTK_MDPM) += mtk_mdpm.o,device_modules/drivers/misc/mediatek/mdpm/mtk_mdpm.c,,,device_modules/drivers/misc/mediatek/mdpm/mtk_mdpm.c
mtk_mmc,DIRECT_SOURCE_MATCH,NOTHING_BUILD_TARGET,normalized Make/Kbuild target,NOTHING_BUILD_TARGET,NO_EXACT_EVIDENCE,1,1,0,0,device_modules/drivers/mmc/host/Makefile:14:obj-$(CONFIG_MMC_MTK_PRO)		+= mtk-mmc.o,device_modules/drivers/mmc/host/mtk-mmc.c,,,
mtk_mmc_dbg,LIKELY_PLATFORM_MATCH,NOTHING_BUILD_TARGET,normalized Make/Kbuild target,NOTHING_BUILD_TARGET,NO_EXACT_EVIDENCE,1,1,0,0,device_modules/drivers/mmc/host/Makefile:16:obj-$(CONFIG_DEVICE_MODULES_MMC_DEBUG)			+= mtk-mmc-dbg.o,device_modules/drivers/mmc/host/mtk-mmc-dbg.c,,,
mtk_mmdvfs,LIKELY_PLATFORM_MATCH,NOTHING_BUILD_TARGET,normalized Make/Kbuild target,NOTHING_BUILD_TARGET,NO_EXACT_EVIDENCE,1,1,0,0,device_modules/drivers/soc/mediatek/Makefile:41:obj-$(CONFIG_MTK_MMDVFS) += mtk-mmdvfs.o mtk-mmdvfs-v3.o,device_modules/drivers/soc/mediatek/mtk-mmdvfs.c,,,
mtk_mmdvfs_debug,LIKELY_PLATFORM_MATCH,NOTHING_BUILD_TARGET,normalized Make/Kbuild target,NOTHING_BUILD_TARGET,NO_EXACT_EVIDENCE,1,1,0,0,device_modules/drivers/misc/mediatek/mmdvfs/Makefile:18:obj-$(CONFIG_MTK_MMDVFS) += mtk-mmdvfs-ftrace.o mtk-mmdvfs-debug.o mtk-mmdvfs-v3-start.o mtk-mmdvfs-ccu.o,device_modules/drivers/misc/mediatek/mmdvfs/mtk-mmdvfs-debug.c,,,
mtk_mmdvfs_ftrace,LIKELY_PLATFORM_MATCH,NOTHING_BUILD_TARGET,normalized Make/Kbuild target,NOTHING_BUILD_TARGET,NO_EXACT_EVIDENCE,1,1,0,0,device_modules/drivers/misc/mediatek/mmdvfs/Makefile:18:obj-$(CONFIG_MTK_MMDVFS) += mtk-mmdvfs-ftrace.o mtk-mmdvfs-debug.o mtk-mmdvfs-v3-start.o mtk-mmdvfs-ccu.o,device_modules/drivers/misc/mediatek/mmdvfs/mtk-mmdvfs-ftrace.c,,,
mtk_mmdvfs_v3,LIKELY_PLATFORM_MATCH,NOTHING_BUILD_TARGET,normalized Make/Kbuild target,NOTHING_BUILD_TARGET,NO_EXACT_EVIDENCE,1,1,0,0,device_modules/drivers/soc/mediatek/Makefile:41:obj-$(CONFIG_MTK_MMDVFS) += mtk-mmdvfs.o mtk-mmdvfs-v3.o,device_modules/drivers/soc/mediatek/mtk-mmdvfs-v3.c,,,
mtk_mmdvfs_v3_start,LIKELY_PLATFORM_MATCH,NOTHING_BUILD_TARGET,normalized Make/Kbuild target,NOTHING_BUILD_TARGET,NO_EXACT_EVIDENCE,1,1,0,0,device_modules/drivers/misc/mediatek/mmdvfs/Makefile:18:obj-$(CONFIG_MTK_MMDVFS) += mtk-mmdvfs-ftrace.o mtk-mmdvfs-debug.o mtk-mmdvfs-v3-start.o mtk-mmdvfs-ccu.o,device_modules/drivers/misc/mediatek/mmdvfs/mtk-mmdvfs-v3-start.c,,,
mtk_mminfra_debug,LIKELY_PLATFORM_MATCH,NOTHING_BUILD_TARGET,normalized Make/Kbuild target,NOTHING_BUILD_TARGET,NO_EXACT_EVIDENCE,1,1,0,0,device_modules/drivers/misc/mediatek/mminfra/Makefile:13:obj-$(CONFIG_MTK_MMINFRA) += mtk-mminfra-debug.o mtk-mminfra-imax.o,device_modules/drivers/misc/mediatek/mminfra/mtk-mminfra-debug.c,,,
mtk_mminfra_imax,LIKELY_PLATFORM_MATCH,NOTHING_BUILD_TARGET,normalized Make/Kbuild target,NOTHING_BUILD_TARGET,NO_EXACT_EVIDENCE,1,1,0,0,device_modules/drivers/misc/mediatek/mminfra/Makefile:13:obj-$(CONFIG_MTK_MMINFRA) += mtk-mminfra-debug.o mtk-mminfra-imax.o,device_modules/drivers/misc/mediatek/mminfra/mtk-mminfra-imax.c,,,
mtk_mml,LIKELY_PLATFORM_MATCH,NOTHING_BUILD_TARGET,normalized Make/Kbuild target,NOTHING_BUILD_TARGET,NO_EXACT_EVIDENCE,1,0,0,0,device_modules/drivers/gpu/drm/mediatek/mml/Makefile:32:obj-$(CONFIG_MTK_MML) := mtk-mml.o,,,,
mtk_mml_mt6878,LIKELY_PLATFORM_MATCH,NOTHING_BUILD_TARGET,normalized Make/Kbuild target,NOTHING_BUILD_TARGET,NO_EXACT_EVIDENCE,1,0,1,0,device_modules/drivers/gpu/drm/mediatek/mml/Makefile:105:obj-$(CONFIG_MTK_MML) += mtk-mml-mt6878.o,,,,
mtk_panel_ext,LIKELY_PLATFORM_MATCH,NOTHING_BUILD_TARGET,normalized Make/Kbuild target,NOTHING_BUILD_TARGET,EXACT_SOURCE_BASENAME,2,2,0,0,device_modules/drivers/gpu/drm/mediatek/dummy_drm/Makefile:25:obj-$(CONFIG_DEVICE_MODULES_DRM_MEDIATEK) += mtk_panel_ext.o || device_modules/drivers/gpu/drm/mediatek/mediatek_v2/Makefile:99:obj-$(CONFIG_DEVICE_MODULES_DRM_MEDIATEK) += mtk_panel_ext.o,device_modules/drivers/gpu/drm/mediatek/dummy_drm/mtk_panel_ext.c || device_modules/drivers/gpu/drm/mediatek/mediatek_v2/mtk_panel_ext.c,,,device_modules/drivers/gpu/drm/mediatek/dummy_drm/mtk_panel_ext.c || device_modules/drivers/gpu/drm/mediatek/mediatek_v2/mtk_panel_ext.c
mtk_pbm,DIRECT_SOURCE_MATCH,NOTHING_BUILD_TARGET,normalized Make/Kbuild target,NOTHING_BUILD_TARGET,EXACT_SOURCE_BASENAME,1,1,0,0,device_modules/drivers/misc/mediatek/pbm/Makefile:21:obj-$(CONFIG_MTK_PBM) += mtk_pbm.o,device_modules/drivers/misc/mediatek/pbm/mtk_pbm.c,,,device_modules/drivers/misc/mediatek/pbm/mtk_pbm.c
mtk_pd_adapter,DIRECT_SOURCE_MATCH,NOTHING_BUILD_TARGET,normalized Make/Kbuild target,NOTHING_BUILD_TARGET,EXACT_SOURCE_BASENAME,1,1,0,0,device_modules/drivers/power/supply/Makefile:7:obj-$(CONFIG_MTK_CHARGER) += mtk_charger_framework.o mtk_pd_charging.o charger_class.o adapter_class.o mtk_charger_algorithm_class.o mtk_pd_adapter.o,device_modules/drivers/power/supply/mtk_pd_adapter.c,,,device_modules/drivers/power/supply/mtk_pd_adapter.c
mtk_pd_charging,LIKELY_PLATFORM_MATCH,NOTHING_BUILD_TARGET,normalized Make/Kbuild target,NOTHING_BUILD_TARGET,NO_EXACT_EVIDENCE,1,0,0,0,device_modules/drivers/power/supply/Makefile:7:obj-$(CONFIG_MTK_CHARGER) += mtk_charger_framework.o mtk_pd_charging.o charger_class.o adapter_class.o mtk_charger_algorithm_class.o mtk_pd_adapter.o,,,,
mtk_peak_power_budget,DIRECT_SOURCE_MATCH,NOTHING_BUILD_TARGET,normalized Make/Kbuild target,NOTHING_BUILD_TARGET,EXACT_SOURCE_BASENAME,1,1,0,0,device_modules/drivers/misc/mediatek/pbm/Makefile:22:obj-$(CONFIG_MTK_PEAK_POWER_BUDGET) += mtk_peak_power_budget.o,device_modules/drivers/misc/mediatek/pbm/mtk_peak_power_budget.c,,,device_modules/drivers/misc/mediatek/pbm/mtk_peak_power_budget.c
mtk_pep,LIKELY_PLATFORM_MATCH,NOTHING_BUILD_TARGET,normalized Make/Kbuild target,NOTHING_BUILD_TARGET,NO_EXACT_EVIDENCE,1,0,0,0,device_modules/drivers/power/supply/Makefile:26:obj-$(CONFIG_MTK_PUMP_EXPRESS_PLUS_SUPPORT) += mtk_pep.o,,,,
mtk_pep40,LIKELY_PLATFORM_MATCH,NOTHING_BUILD_TARGET,normalized Make/Kbuild target,NOTHING_BUILD_TARGET,NO_EXACT_EVIDENCE,1,0,0,0,device_modules/drivers/power/supply/Makefile:28:obj-$(CONFIG_MTK_PUMP_EXPRESS_40_SUPPORT) += mtk_pep40.o,,,,
mtk_pep50,LIKELY_PLATFORM_MATCH,NOTHING_BUILD_TARGET,normalized Make/Kbuild target,NOTHING_BUILD_TARGET,NO_EXACT_EVIDENCE,1,0,0,0,device_modules/drivers/power/supply/Makefile:32:obj-$(CONFIG_MTK_PUMP_EXPRESS_50_SUPPORT) += mtk_pep50.o,,,,
mtk_perf_common,LIKELY_PLATFORM_MATCH,NOTHING_BUILD_TARGET,normalized Make/Kbuild target,NOTHING_BUILD_TARGET,NO_EXACT_EVIDENCE,1,0,0,0,device_modules/drivers/misc/mediatek/perf_common/Makefile:11:obj-$(CONFIG_MTK_PERF_COMMON) += mtk_perf_common.o,,,,
mtk_perf_ioctl,LIKELY_PLATFORM_MATCH,NOTHING_BUILD_TARGET,normalized Make/Kbuild target,NOTHING_BUILD_TARGET,MENTION_ONLY,1,0,0,0,device_modules/drivers/misc/mediatek/performance/Makefile:18:obj-$(CONFIG_MTK_PERFORMANCE_MODULE) += mtk_perf_ioctl.o,,,,
mtk_perf_ioctl_magt,LIKELY_PLATFORM_MATCH,NOTHING_BUILD_TARGET,normalized Make/Kbuild target,NOTHING_BUILD_TARGET,MENTION_ONLY,1,0,0,0,device_modules/drivers/misc/mediatek/performance/Makefile:36:obj-$(CONFIG_MTK_PERF_IOCTL_MAGT) += mtk_perf_ioctl_magt.o,,,,
mtk_pm_domain_disable_unused,DIRECT_SOURCE_MATCH,NOTHING_BUILD_TARGET,normalized Make/Kbuild target,NOTHING_BUILD_TARGET,NO_EXACT_EVIDENCE,1,1,0,0,device_modules/drivers/soc/mediatek/Makefile:14:obj-$(CONFIG_DEVICE_MODULES_MTK_SCPSYS) += mtk-scpsys.o mtk-pm-domain-disable-unused.o,device_modules/drivers/soc/mediatek/mtk-pm-domain-disable-unused.c,,,
mtk_pmic_keys,DIRECT_SOURCE_MATCH,NOTHING_BUILD_TARGET,normalized Make/Kbuild target,NOTHING_BUILD_TARGET,NO_EXACT_EVIDENCE,1,1,0,0,device_modules/drivers/input/keyboard/Makefile:7:obj-$(CONFIG_DEVICE_MODULES_KEYBOARD_MTK_PMIC)		+= mtk-pmic-keys.o,device_modules/drivers/input/keyboard/mtk-pmic-keys.c,,,
mtk_pmic_oc_debug,DIRECT_SOURCE_MATCH,NOTHING_BUILD_TARGET,normalized Make/Kbuild target,NOTHING_BUILD_TARGET,NO_EXACT_EVIDENCE,1,1,0,0,device_modules/drivers/misc/mediatek/pmic_protect/Makefile:5:obj-$(CONFIG_MTK_PMIC_PROTECT) += mtk-pmic-oc-debug.o,device_modules/drivers/misc/mediatek/pmic_protect/mtk-pmic-oc-debug.c,,,
mtk_pmic_wrap,DIRECT_SOURCE_MATCH,NOTHING_BUILD_TARGET,normalized Make/Kbuild target,NOTHING_BUILD_TARGET,NO_EXACT_EVIDENCE,1,1,0,0,device_modules/drivers/soc/mediatek/Makefile:13:obj-$(CONFIG_DEVICE_MODULES_MTK_PMIC_WRAP) += mtk-pmic-wrap.o,device_modules/drivers/soc/mediatek/mtk-pmic-wrap.c,,,
mtk_printk_ctrl,LIKELY_PLATFORM_MATCH,NOTHING_BUILD_TARGET,normalized Make/Kbuild target,NOTHING_BUILD_TARGET,EXACT_SOURCE_BASENAME,1,1,0,0,device_modules/drivers/misc/mediatek/mtprintk/Makefile:17:obj-$(CONFIG_MTK_PRINTK) += mtk_printk_ctrl.o,device_modules/drivers/misc/mediatek/mtprintk/mtk_printk_ctrl.c,,,device_modules/drivers/misc/mediatek/mtprintk/mtk_printk_ctrl.c
mtk_pwm,LIKELY_PLATFORM_MATCH,NOTHING_BUILD_TARGET,normalized Make/Kbuild target,NOTHING_BUILD_TARGET,EXACT_SOURCE_BASENAME,1,1,0,0,device_modules/drivers/misc/mediatek/pwm/Makefile:30:obj-$(CONFIG_MTK_PWM)	= mtk-pwm.o,device_modules/drivers/misc/mediatek/pwm/mtk_pwm.c,,,device_modules/drivers/misc/mediatek/pwm/mtk_pwm.c
mtk_qos,LIKELY_PLATFORM_MATCH,NOTHING_BUILD_TARGET,normalized Make/Kbuild target,NOTHING_BUILD_TARGET,NO_EXACT_EVIDENCE,1,0,0,0,device_modules/drivers/misc/mediatek/qos/Makefile:10:obj-$(CONFIG_MTK_QOS_FRAMEWORK) += mtk_qos.o,,,,
mtk_rpmsg_mbox,LIKELY_PLATFORM_MATCH,NOTHING_BUILD_TARGET,normalized Make/Kbuild target,NOTHING_BUILD_TARGET,EXACT_SOURCE_BASENAME,1,1,0,0,device_modules/drivers/rpmsg/Makefile:5:obj-$(CONFIG_RPMSG_MTK)	+= mtk_rpmsg_mbox.o,device_modules/drivers/rpmsg/mtk_rpmsg_mbox.c,,,device_modules/drivers/rpmsg/mtk_rpmsg_mbox.c
mtk_scp_audiocommon,LIKELY_PLATFORM_MATCH,NOTHING_BUILD_TARGET,normalized Make/Kbuild target,NOTHING_BUILD_TARGET,NO_EXACT_EVIDENCE,1,0,0,0,device_modules/sound/soc/mediatek/audio_scp/Makefile:28:obj-$(CONFIG_SND_SOC_MTK_AUDIO_DSP) += mtk-scp-audiocommon.o,,,,
mtk_scp_ultra,LIKELY_PLATFORM_MATCH,NOTHING_BUILD_TARGET,normalized Make/Kbuild target,NOTHING_BUILD_TARGET,NO_EXACT_EVIDENCE,1,1,0,0,device_modules/sound/soc/mediatek/ultrasound/ultra_common/Makefile:7:obj-$(CONFIG_MTK_ULTRASND_PROXIMITY) += mtk-scp-ultra.o,device_modules/sound/soc/mediatek/ultrasound/ultra_common/mtk-scp-ultra.c,,,
mtk_scp_vow,LIKELY_PLATFORM_MATCH,NOTHING_BUILD_TARGET,normalized Make/Kbuild target,NOTHING_BUILD_TARGET,NO_EXACT_EVIDENCE,1,1,0,0,device_modules/sound/soc/mediatek/vow/Makefile:12:obj-$(CONFIG_MTK_VOW_SUPPORT) += mtk-scp-vow.o,device_modules/sound/soc/mediatek/vow/mtk-scp-vow.c,,,
mtk_scpsys,LIKELY_PLATFORM_MATCH,NOTHING_BUILD_TARGET,normalized Make/Kbuild target,NOTHING_BUILD_TARGET,NO_EXACT_EVIDENCE,1,1,0,0,device_modules/drivers/soc/mediatek/Makefile:14:obj-$(CONFIG_DEVICE_MODULES_MTK_SCPSYS) += mtk-scpsys.o mtk-pm-domain-disable-unused.o,device_modules/drivers/soc/mediatek/mtk-scpsys.c,,,
mtk_scpsys_bringup,LIKELY_PLATFORM_MATCH,NOTHING_BUILD_TARGET,normalized Make/Kbuild target,NOTHING_BUILD_TARGET,NO_EXACT_EVIDENCE,6,1,1,0,device_modules/drivers/soc/mediatek/Makefile:18:obj-$(CONFIG_DEVICE_MODULES_MTK_SCPSYS) += mtk-scpsys-mt6878.o mtk-scpsys-bringup.o || device_modules/drivers/soc/mediatek/Makefile:21:obj-$(CONFIG_DEVICE_MODULES_MTK_SCPSYS) += mtk-scpsys-mt6886.o mtk-scpsys-bringup.o || device_modules/drivers/soc/mediatek/Makefile:24:obj-$(CONFIG_DEVICE_MODULES_MTK_SCPSYS) += mtk-scpsys-mt6897.o mtk-scpsys-bringup.o || device_modules/drivers/soc/mediatek/Makefile:27:obj-$(CONFIG_DEVICE_MODULES_MTK_SCPSYS) += mtk-scpsys-mt6983.o mtk-scpsys-bringup.o || device_modules/drivers/soc/mediatek/Makefile:30:obj-$(CONFIG_DEVICE_MODULES_MTK_SCPSYS) += mtk-scpsys-mt6985.o mtk-scpsys-bringup.o,device_modules/drivers/soc/mediatek/mtk-scpsys-bringup.c,,,
mtk_scpsys_mt6878,LIKELY_PLATFORM_MATCH,NOTHING_BUILD_TARGET,normalized Make/Kbuild target,NOTHING_BUILD_TARGET,NO_EXACT_EVIDENCE,1,1,1,1,device_modules/drivers/soc/mediatek/Makefile:18:obj-$(CONFIG_DEVICE_MODULES_MTK_SCPSYS) += mtk-scpsys-mt6878.o mtk-scpsys-bringup.o,device_modules/drivers/soc/mediatek/mtk-scpsys-mt6878.c,,,
mtk_sec_heap,LIKELY_PLATFORM_MATCH,NOTHING_BUILD_TARGET,normalized Make/Kbuild target,NOTHING_BUILD_TARGET,EXACT_SOURCE_BASENAME,1,1,0,0,device_modules/drivers/dma-buf/heaps/Makefile:20:obj-$(CONFIG_MTK_TRUSTED_MEMORY_SUBSYSTEM)	+= mtk_sec_heap.o,device_modules/drivers/dma-buf/heaps/mtk_sec_heap.c,,,device_modules/drivers/dma-buf/heaps/mtk_sec_heap.c
mtk_slbc,LIKELY_PLATFORM_MATCH,NOTHING_BUILD_TARGET,normalized Make/Kbuild target,NOTHING_BUILD_TARGET,NO_EXACT_EVIDENCE,1,0,0,0,device_modules/drivers/misc/mediatek/slbc/Makefile:28:obj-${CONFIG_MTK_SLBC} += mtk_slbc.o,,,,
mtk_smi,LIKELY_PLATFORM_MATCH,NOTHING_BUILD_TARGET,normalized Make/Kbuild target,NOTHING_BUILD_TARGET,NO_EXACT_EVIDENCE,1,1,0,0,device_modules/drivers/memory/Makefile:6:obj-$(CONFIG_DEVICE_MODULES_MTK_SMI)		+= mtk-smi.o,device_modules/drivers/memory/mtk-smi.c,,,
mtk_smi_dbg,LIKELY_PLATFORM_MATCH,NOTHING_BUILD_TARGET,normalized Make/Kbuild target,NOTHING_BUILD_TARGET,NO_EXACT_EVIDENCE,1,1,0,0,device_modules/drivers/misc/mediatek/smi/Makefile:7:obj-$(CONFIG_DEVICE_MODULES_MTK_SMI) += mtk-smi-dbg.o,device_modules/drivers/misc/mediatek/smi/mtk-smi-dbg.c,,,
mtk_soc_offload_common,DIRECT_SOURCE_MATCH,NOTHING_BUILD_TARGET,normalized Make/Kbuild target,NOTHING_BUILD_TARGET,NO_EXACT_EVIDENCE,1,1,0,0,device_modules/sound/soc/mediatek/audio_dsp/Makefile:32:obj-$(CONFIG_SND_SOC_MTK_OFFLOAD) += mtk-soc-offload-common.o,device_modules/sound/soc/mediatek/audio_dsp/mtk-soc-offload-common.c,,,
mtk_socinfo,LIKELY_PLATFORM_MATCH,NOTHING_BUILD_TARGET,normalized Make/Kbuild target,NOTHING_BUILD_TARGET,NO_EXACT_EVIDENCE,1,1,0,0,device_modules/drivers/soc/mediatek/Makefile:43:obj-$(CONFIG_MTK_SOCINFO) += mtk-socinfo.o,device_modules/drivers/soc/mediatek/mtk-socinfo.c,,,
mtk_sp_spk_amp,DIRECT_SOURCE_MATCH,NOTHING_BUILD_TARGET,normalized Make/Kbuild target,NOTHING_BUILD_TARGET,NO_EXACT_EVIDENCE,1,1,0,0,device_modules/sound/soc/mediatek/common/Makefile:25:obj-m += mtk-sp-spk-amp.o,device_modules/sound/soc/mediatek/common/mtk-sp-spk-amp.c,,,
mtk_spmi_pmic,DIRECT_SOURCE_MATCH,NOTHING_BUILD_TARGET,normalized Make/Kbuild target,NOTHING_BUILD_TARGET,NO_EXACT_EVIDENCE,1,1,0,0,device_modules/drivers/mfd/Makefile:12:obj-$(CONFIG_MFD_MTK_SPMI_PMIC)	+= mtk-spmi-pmic.o,device_modules/drivers/mfd/mtk-spmi-pmic.c,,,
mtk_spmi_pmic_adc,DIRECT_SOURCE_MATCH,NOTHING_BUILD_TARGET,normalized Make/Kbuild target,NOTHING_BUILD_TARGET,NO_EXACT_EVIDENCE,1,1,0,0,device_modules/drivers/iio/adc/Makefile:8:obj-$(CONFIG_MEDIATEK_SPMI_PMIC_ADC) += mtk-spmi-pmic-adc.o,device_modules/drivers/iio/adc/mtk-spmi-pmic-adc.c,,,
mtk_ssc,LIKELY_PLATFORM_MATCH,NOTHING_BUILD_TARGET,normalized Make/Kbuild target,NOTHING_BUILD_TARGET,NO_EXACT_EVIDENCE,1,0,0,0,device_modules/drivers/misc/mediatek/ssc/Makefile:15:obj-$(CONFIG_MTK_SSC_MODULE) = mtk-ssc.o,,,,
mtk_ssc_dbg_v2,LIKELY_PLATFORM_MATCH,UNRESOLVED,,UNRESOLVED,NO_EXACT_EVIDENCE,0,0,0,0,,,,,
mtk_swpm,LIKELY_PLATFORM_MATCH,NOTHING_BUILD_TARGET,normalized Make/Kbuild target,NOTHING_BUILD_TARGET,NO_EXACT_EVIDENCE,1,0,0,0,device_modules/drivers/misc/mediatek/swpm/Makefile:57:obj-$(CONFIG_MTK_SWPM_MODULE) += mtk-swpm.o,,,,
mtk_swpm_cpu_dbg_v6878,LIKELY_PLATFORM_MATCH,UNRESOLVED,,UNRESOLVED,NO_EXACT_EVIDENCE,0,0,0,0,,,,,
mtk_swpm_dbg_common_v1,LIKELY_PLATFORM_MATCH,UNRESOLVED,,UNRESOLVED,NO_EXACT_EVIDENCE,0,0,0,0,,,,,
mtk_swpm_dbg_v6878,LIKELY_PLATFORM_MATCH,UNRESOLVED,,UNRESOLVED,NO_EXACT_EVIDENCE,0,0,0,0,,,,,
mtk_swpm_perf_arm_pmu,LIKELY_PLATFORM_MATCH,NOTHING_BUILD_TARGET,normalized Make/Kbuild target,NOTHING_BUILD_TARGET,NO_EXACT_EVIDENCE,1,0,0,0,device_modules/drivers/misc/mediatek/swpm/Makefile:61:obj-$(CONFIG_MTK_SWPM_PERF_ARMV8_PMU) += mtk-swpm-perf-arm-pmu.o,,,,
mtk_sync,LIKELY_PLATFORM_MATCH,NOTHING_BUILD_TARGET,normalized Make/Kbuild target,NOTHING_BUILD_TARGET,EXACT_SOURCE_BASENAME,2,2,0,0,device_modules/drivers/gpu/drm/mediatek/dummy_drm/Makefile:24:obj-$(CONFIG_DEVICE_MODULES_DRM_MEDIATEK) += mtk_sync.o || device_modules/drivers/gpu/drm/mediatek/mediatek_v2/Makefile:97:obj-$(CONFIG_DEVICE_MODULES_DRM_MEDIATEK) += mtk_sync.o,device_modules/drivers/gpu/drm/mediatek/dummy_drm/mtk_sync.c || device_modules/drivers/gpu/drm/mediatek/mediatek_v2/mtk_sync.c,,,device_modules/drivers/gpu/drm/mediatek/dummy_drm/mtk_sync.c || device_modules/drivers/gpu/drm/mediatek/mediatek_v2/mtk_sync.c
mtk_tinysys_ipi,LIKELY_PLATFORM_MATCH,NOTHING_BUILD_TARGET,normalized Make/Kbuild target,NOTHING_BUILD_TARGET,EXACT_SOURCE_BASENAME,1,1,0,0,device_modules/drivers/soc/mediatek/Makefile:11:obj-$(CONFIG_MTK_IPI) += mtk_tinysys_ipi.o,device_modules/drivers/soc/mediatek/mtk_tinysys_ipi.c,,,device_modules/drivers/soc/mediatek/mtk_tinysys_ipi.c
mtk_u_ether,LIKELY_PLATFORM_MATCH,NOTHING_BUILD_TARGET,normalized Make/Kbuild target,NOTHING_BUILD_TARGET,NO_EXACT_EVIDENCE,1,0,0,0,device_modules/drivers/misc/mediatek/usb/usb_rndis/Makefile:10:obj-$(CONFIG_MTK_USB_U_ETHER)	+= mtk_u_ether.o,,,,
mtk_uart_apdma,DIRECT_SOURCE_MATCH,NOTHING_BUILD_TARGET,normalized Make/Kbuild target,NOTHING_BUILD_TARGET,NO_EXACT_EVIDENCE,1,1,0,0,device_modules/drivers/dma/mediatek/Makefile:5:obj-$(CONFIG_DEVICE_MODULES_MTK_UART_APDMA) += mtk-uart-apdma.o,device_modules/drivers/dma/mediatek/mtk-uart-apdma.c,,,
mtk_usb_f_rndis,LIKELY_PLATFORM_MATCH,NOTHING_BUILD_TARGET,normalized Make/Kbuild target,NOTHING_BUILD_TARGET,NO_EXACT_EVIDENCE,1,0,0,0,device_modules/drivers/misc/mediatek/usb/usb_rndis/Makefile:11:obj-$(CONFIG_MTK_USB_F_RNDIS)	+= mtk_usb_f_rndis.o,,,,
mtk_vcodec_common,LIKELY_PLATFORM_MATCH,NOTHING_BUILD_TARGET,normalized Make/Kbuild target,NOTHING_BUILD_TARGET,NO_EXACT_EVIDENCE,1,0,0,0,device_modules/drivers/media/platform/mtk-vcodec/Makefile:3:obj-$(CONFIG_DEVICE_MODULES_VIDEO_MEDIATEK_VCODEC) += mtk-vcodec-common.o,,,,
mtk_vcodec_dec_v1,LIKELY_PLATFORM_MATCH,NOTHING_BUILD_TARGET,normalized Make/Kbuild target,NOTHING_BUILD_TARGET,NO_EXACT_EVIDENCE,1,0,0,0,device_modules/drivers/media/platform/mtk-vcodec/Makefile:30:obj-$(CONFIG_DEVICE_MODULES_VIDEO_MEDIATEK_VCODEC) += mtk-vcodec-dec-v1.o \,,,,
mtk_vcodec_enc_v1,LIKELY_PLATFORM_MATCH,UNRESOLVED,,UNRESOLVED,NO_EXACT_EVIDENCE,0,0,0,0,,,,,
mtk_vcu,DIRECT_SOURCE_MATCH,NOTHING_BUILD_TARGET,normalized Make/Kbuild target,NOTHING_BUILD_TARGET,EXACT_SOURCE_BASENAME,1,1,0,0,device_modules/drivers/media/platform/mtk-vcu/Makefile:7:obj-$(CONFIG_VIDEO_MEDIATEK_VCU) += mtk-vcu.o,device_modules/drivers/media/platform/mtk-vcu/mtk_vcu.c,,,device_modules/drivers/media/platform/mtk-vcu/mtk_vcu.c
mtk_vmm_isp71_regulator,LIKELY_PLATFORM_MATCH,NOTHING_BUILD_TARGET,normalized Make/Kbuild target,NOTHING_BUILD_TARGET,NO_EXACT_EVIDENCE,1,1,0,0,device_modules/drivers/regulator/Makefile:20:obj-$(CONFIG_REGULATOR_MTK_VMM_ISP71) += mtk-vmm-isp71-regulator.o,device_modules/drivers/regulator/mtk-vmm-isp71-regulator.c,,,
mtk_vmm_notifier,LIKELY_PLATFORM_MATCH,NOTHING_BUILD_TARGET,normalized Make/Kbuild target,NOTHING_BUILD_TARGET,NO_EXACT_EVIDENCE,1,1,0,0,device_modules/drivers/misc/mediatek/vmm/Makefile:3:obj-$(CONFIG_MTK_VMM_NOTIFIER) += mtk-vmm-notifier.o,device_modules/drivers/misc/mediatek/vmm/mtk-vmm-notifier.c,,,
mtk_vmm_spm,LIKELY_PLATFORM_MATCH,NOTHING_BUILD_TARGET,normalized Make/Kbuild target,NOTHING_BUILD_TARGET,NO_EXACT_EVIDENCE,1,1,0,0,device_modules/drivers/misc/mediatek/vmm_spm/Makefile:7:obj-$(CONFIG_MTK_VMM_SPM) += mtk-vmm-spm.o,device_modules/drivers/misc/mediatek/vmm_spm/mtk-vmm-spm.c,,,
mtk_vow,LIKELY_PLATFORM_MATCH,NOTHING_BUILD_TARGET,normalized Make/Kbuild target,NOTHING_BUILD_TARGET,NO_EXACT_EVIDENCE,2,0,0,0,device_modules/drivers/misc/mediatek/vow/ver01/Makefile:22:obj-$(CONFIG_MTK_VOW_SUPPORT) += mtk-vow.o || device_modules/drivers/misc/mediatek/vow/ver02/Makefile:22:obj-$(CONFIG_MTK_VOW_SUPPORT) += mtk-vow.o,,,,
mtk_wdt,DIRECT_SOURCE_MATCH,NOTHING_BUILD_TARGET,normalized Make/Kbuild target,NOTHING_BUILD_TARGET,EXACT_SOURCE_BASENAME,1,1,0,0,device_modules/drivers/watchdog/Makefile:6:obj-$(CONFIG_DEVICE_MODULES_MEDIATEK_WATCHDOG) += mtk_wdt.o,device_modules/drivers/watchdog/mtk_wdt.c,,,device_modules/drivers/watchdog/mtk_wdt.c
mtk_wp,LIKELY_PLATFORM_MATCH,NOTHING_BUILD_TARGET,normalized Make/Kbuild target,NOTHING_BUILD_TARGET,NO_EXACT_EVIDENCE,1,1,0,0,device_modules/drivers/mmc/host/Makefile:15:obj-$(CONFIG_DEVICE_MODULES_MMC_MTK_WP)		    += mtk-wp.o,device_modules/drivers/mmc/host/mtk-wp.c,,,
mtu3,LIKELY_PLATFORM_MATCH,NOTHING_BUILD_TARGET,normalized Make/Kbuild target,NOTHING_BUILD_TARGET,MENTION_ONLY,1,0,0,0,device_modules/drivers/usb/mtu3/Makefile:13:obj-$(CONFIG_DEVICE_MODULES_USB_MTU3)	+= mtu3.o,,,,
mux_switch,LIKELY_PLATFORM_MATCH,NOTHING_BUILD_TARGET,normalized Make/Kbuild target,NOTHING_BUILD_TARGET,EXACT_SOURCE_BASENAME,1,1,0,0,device_modules/drivers/misc/mediatek/typec/mux/Makefile:7:obj-$(CONFIG_MTK_USB_TYPEC_MUX) += mux_switch.o,device_modules/drivers/misc/mediatek/typec/mux/mux_switch.c,,,device_modules/drivers/misc/mediatek/typec/mux/mux_switch.c
nfc,LIKELY_PLATFORM_MATCH,GOOGLE_GKI_ARTIFACT,exact GKI build artifact,GOOGLE_GKI_ARTIFACT,MENTION_ONLY,0,0,0,0,,,,,
nhc_dest,LIKELY_PLATFORM_MATCH,GOOGLE_GKI_ARTIFACT,exact GKI build artifact,GOOGLE_GKI_ARTIFACT,NO_EXACT_EVIDENCE,0,0,0,0,,,,,
nhc_fragment,LIKELY_PLATFORM_MATCH,GOOGLE_GKI_ARTIFACT,exact GKI build artifact,GOOGLE_GKI_ARTIFACT,NO_EXACT_EVIDENCE,0,0,0,0,,,,,
nhc_hop,LIKELY_PLATFORM_MATCH,GOOGLE_GKI_ARTIFACT,exact GKI build artifact,GOOGLE_GKI_ARTIFACT,NO_EXACT_EVIDENCE,0,0,0,0,,,,,
nhc_ipv6,LIKELY_PLATFORM_MATCH,GOOGLE_GKI_ARTIFACT,exact GKI build artifact,GOOGLE_GKI_ARTIFACT,NO_EXACT_EVIDENCE,0,0,0,0,,,,,
nhc_mobility,LIKELY_PLATFORM_MATCH,GOOGLE_GKI_ARTIFACT,exact GKI build artifact,GOOGLE_GKI_ARTIFACT,NO_EXACT_EVIDENCE,0,0,0,0,,,,,
nhc_routing,LIKELY_PLATFORM_MATCH,GOOGLE_GKI_ARTIFACT,exact GKI build artifact,GOOGLE_GKI_ARTIFACT,NO_EXACT_EVIDENCE,0,0,0,0,,,,,
nhc_udp,LIKELY_PLATFORM_MATCH,GOOGLE_GKI_ARTIFACT,exact GKI build artifact,GOOGLE_GKI_ARTIFACT,NO_EXACT_EVIDENCE,0,0,0,0,,,,,
nvmem_mt635x_efuse,LIKELY_PLATFORM_MATCH,NOTHING_BUILD_TARGET,normalized Make/Kbuild target,NOTHING_BUILD_TARGET,NO_EXACT_EVIDENCE,1,0,0,0,device_modules/drivers/nvmem/Makefile:5:obj-$(CONFIG_MT635X_EFUSE)	+= nvmem-mt635x-efuse.o,,,,
nvmem_mtk_devinfo,LIKELY_PLATFORM_MATCH,NOTHING_BUILD_TARGET,normalized Make/Kbuild target,NOTHING_BUILD_TARGET,NO_EXACT_EVIDENCE,1,0,0,0,device_modules/drivers/nvmem/Makefile:3:obj-$(CONFIG_MTK_DEVINFO)	+= nvmem_mtk-devinfo.o,,,,
pd_chk_mt6878,LIKELY_PLATFORM_MATCH,NOTHING_BUILD_TARGET,normalized Make/Kbuild target,NOTHING_BUILD_TARGET,NO_EXACT_EVIDENCE,1,0,1,0,device_modules/drivers/clk/mediatek/Makefile:176:obj-$(CONFIG_COMMON_CLK_MT6878) += pd-chk-mt6878.o,,,,
pd_dbg_info,LIKELY_PLATFORM_MATCH,NOTHING_BUILD_TARGET,normalized Make/Kbuild target,NOTHING_BUILD_TARGET,EXACT_SOURCE_BASENAME,1,1,0,0,device_modules/drivers/misc/mediatek/typec/tcpc/Makefile:24:obj-$(CONFIG_TCPC_CLASS) += tcpc_class.o tcpci_late_sync.o pd_dbg_info.o rt_pd_manager.o,device_modules/drivers/misc/mediatek/typec/tcpc/pd_dbg_info.c,,,device_modules/drivers/misc/mediatek/typec/tcpc/pd_dbg_info.c
pda_drv_mt6878,LIKELY_PLATFORM_MATCH,NOTHING_BUILD_TARGET,normalized Make/Kbuild target,NOTHING_BUILD_TARGET,NO_EXACT_EVIDENCE,1,0,1,0,device_modules/drivers/misc/mediatek/cameraisp/pda/Makefile:58:obj-$(CONFIG_MTK_CAMERA_ISP_PDA_SUPPORT) += pda_drv_mt6878.o,,,,
phy_mtk_ufs,DIRECT_SOURCE_MATCH,NOTHING_BUILD_TARGET,normalized Make/Kbuild target,NOTHING_BUILD_TARGET,NO_EXACT_EVIDENCE,1,1,0,0,device_modules/drivers/phy/mediatek/Makefile:13:obj-$(CONFIG_DEVICE_MODULES_PHY_MTK_UFS)              += phy-mtk-ufs.o,device_modules/drivers/phy/mediatek/phy-mtk-ufs.c,,,
phy_mtk_xsphy,DIRECT_SOURCE_MATCH,NOTHING_BUILD_TARGET,normalized Make/Kbuild target,NOTHING_BUILD_TARGET,NO_EXACT_EVIDENCE,1,1,0,0,device_modules/drivers/phy/mediatek/Makefile:14:obj-$(CONFIG_DEVICE_MODULES_PHY_MTK_XSPHY)		+= phy-mtk-xsphy.o,device_modules/drivers/phy/mediatek/phy-mtk-xsphy.c,,,
pidmap,LIKELY_PLATFORM_MATCH,NOTHING_BUILD_TARGET,normalized Make/Kbuild target,NOTHING_BUILD_TARGET,EXACT_SOURCE_BASENAME,1,1,0,0,device_modules/drivers/misc/mediatek/pidmap/Makefile:14:obj-$(CONFIG_MTK_PID_MAP)	+= pidmap.o,device_modules/drivers/misc/mediatek/pidmap/pidmap.c,,,device_modules/drivers/misc/mediatek/pidmap/pidmap.c
pinctrl_mt6363,LIKELY_PLATFORM_MATCH,NOTHING_BUILD_TARGET,normalized Make/Kbuild target,NOTHING_BUILD_TARGET,NO_EXACT_EVIDENCE,1,1,0,0,device_modules/drivers/pinctrl/mediatek/Makefile:35:obj-$(CONFIG_PINCTRL_MT6363)	+= pinctrl-mt6363.o,device_modules/drivers/pinctrl/mediatek/pinctrl-mt6363.c,,,
pinctrl_mt6878,LIKELY_PLATFORM_MATCH,NOTHING_BUILD_TARGET,normalized Make/Kbuild target,NOTHING_BUILD_TARGET,NO_EXACT_EVIDENCE,1,1,1,1,device_modules/drivers/pinctrl/mediatek/Makefile:41:obj-$(CONFIG_PINCTRL_MT6878)	+= pinctrl-mt6878.o,device_modules/drivers/pinctrl/mediatek/pinctrl-mt6878.c,,,
pinctrl_mtk_common_v2_debug,LIKELY_PLATFORM_MATCH,NOTHING_BUILD_TARGET,normalized Make/Kbuild target,NOTHING_BUILD_TARGET,NO_EXACT_EVIDENCE,2,1,0,0,device_modules/drivers/pinctrl/mediatek/Makefile:26:obj-y += pinctrl-paris.o pinctrl-mtk-common-v2_debug.o || device_modules/drivers/pinctrl/mediatek/Makefile:29:obj-m += pinctrl-mtk-common-v2_debug.o,device_modules/drivers/pinctrl/mediatek/pinctrl-mtk-common-v2_debug.c,,,
pinctrl_mtk_v2,LIKELY_PLATFORM_MATCH,NOTHING_BUILD_TARGET,normalized Make/Kbuild target,NOTHING_BUILD_TARGET,NO_EXACT_EVIDENCE,3,0,0,0,device_modules/drivers/pinctrl/mediatek/Makefile:6:obj-m += pinctrl-mtk-v2.o || device_modules/drivers/pinctrl/mediatek/Makefile:8:obj-m += pinctrl-mtk-v2.o || device_modules/drivers/pinctrl/mediatek/Makefile:10:obj-m += pinctrl-mtk-v2.o,,,,
pmic_lbat_service,DIRECT_SOURCE_MATCH,NOTHING_BUILD_TARGET,normalized Make/Kbuild target,NOTHING_BUILD_TARGET,EXACT_SOURCE_BASENAME,1,1,0,0,device_modules/drivers/misc/mediatek/power_throttling/Makefile:13:obj-$(CONFIG_PMIC_LBAT_SERVICE) += pmic_lbat_service.o,device_modules/drivers/misc/mediatek/power_throttling/pmic_lbat_service.c,,,device_modules/drivers/misc/mediatek/power_throttling/pmic_lbat_service.c
pmic_lvsys_notify,DIRECT_SOURCE_MATCH,NOTHING_BUILD_TARGET,normalized Make/Kbuild target,NOTHING_BUILD_TARGET,EXACT_SOURCE_BASENAME,1,1,0,0,device_modules/drivers/misc/mediatek/power_throttling/Makefile:14:obj-$(CONFIG_PMIC_LBAT_SERVICE) += pmic_lvsys_notify.o,device_modules/drivers/misc/mediatek/power_throttling/pmic_lvsys_notify.c,,,device_modules/drivers/misc/mediatek/power_throttling/pmic_lvsys_notify.c
pmic_temp,DIRECT_SOURCE_MATCH,NOTHING_BUILD_TARGET,normalized Make/Kbuild target,NOTHING_BUILD_TARGET,EXACT_SOURCE_BASENAME,1,1,0,0,device_modules/drivers/thermal/mediatek/Makefile:14:obj-$(CONFIG_MTK_PMIC_THERMAL) += pmic_temp.o,device_modules/drivers/thermal/mediatek/pmic_temp.c,,,device_modules/drivers/thermal/mediatek/pmic_temp.c
powerhal_cpu_ctrl,LIKELY_PLATFORM_MATCH,NOTHING_BUILD_TARGET,normalized Make/Kbuild target,NOTHING_BUILD_TARGET,EXACT_SOURCE_BASENAME,1,1,0,0,device_modules/drivers/misc/mediatek/performance/powerhal_cpu_ctrl/Makefile:20:obj-$(CONFIG_MTK_PERFORMANCE_MODULE) += powerhal_cpu_ctrl.o,device_modules/drivers/misc/mediatek/performance/powerhal_cpu_ctrl/powerhal_cpu_ctrl.c,,,device_modules/drivers/misc/mediatek/performance/powerhal_cpu_ctrl/powerhal_cpu_ctrl.c
ppp_deflate,LIKELY_PLATFORM_MATCH,GOOGLE_GKI_ARTIFACT,exact GKI build artifact,GOOGLE_GKI_ARTIFACT,NO_EXACT_EVIDENCE,0,0,0,0,,,,,
ppp_generic,DIRECT_SOURCE_MATCH,GOOGLE_GKI_ARTIFACT,exact GKI build artifact,GOOGLE_GKI_ARTIFACT,NO_EXACT_EVIDENCE,0,0,0,0,,,,,
ppp_mppe,LIKELY_PLATFORM_MATCH,GOOGLE_GKI_ARTIFACT,exact GKI build artifact,GOOGLE_GKI_ARTIFACT,NO_EXACT_EVIDENCE,0,0,0,0,,,,,
pppox,LIKELY_PLATFORM_MATCH,GOOGLE_GKI_ARTIFACT,exact GKI build artifact,GOOGLE_GKI_ARTIFACT,NO_EXACT_EVIDENCE,0,0,0,0,,,,,
pptp,LIKELY_PLATFORM_MATCH,GOOGLE_GKI_ARTIFACT,exact GKI build artifact,GOOGLE_GKI_ARTIFACT,NO_EXACT_EVIDENCE,0,0,0,0,,,,,
pwm_mtk_disp,DIRECT_SOURCE_MATCH,NOTHING_BUILD_TARGET,normalized Make/Kbuild target,NOTHING_BUILD_TARGET,NO_EXACT_EVIDENCE,1,1,0,0,device_modules/drivers/pwm/Makefile:3:obj-$(CONFIG_DEVICE_MODULES_PWM_MTK_DISP)	+= pwm-mtk-disp.o,device_modules/drivers/pwm/pwm-mtk-disp.c,,,
r8152,LIKELY_PLATFORM_MATCH,GOOGLE_GKI_ARTIFACT,exact GKI build artifact,GOOGLE_GKI_ARTIFACT,NO_EXACT_EVIDENCE,0,0,0,0,,,,,
r8153_ecm,LIKELY_PLATFORM_MATCH,GOOGLE_GKI_ARTIFACT,exact GKI build artifact,GOOGLE_GKI_ARTIFACT,NO_EXACT_EVIDENCE,0,0,0,0,,,,,
reboot_mode,LIKELY_PLATFORM_MATCH,UNRESOLVED,,UNRESOLVED,NO_EXACT_EVIDENCE,0,0,0,0,,,,,
regulator_vibrator,LIKELY_PLATFORM_MATCH,NOTHING_BUILD_TARGET,normalized Make/Kbuild target,NOTHING_BUILD_TARGET,NO_EXACT_EVIDENCE,1,1,0,0,device_modules/drivers/leds/Makefile:12:obj-$(CONFIG_LEDS_REGULATOR_VIBRATOR)	+= regulator-vibrator.o,device_modules/drivers/leds/regulator-vibrator.c,,,
reset_ti_syscon,DIRECT_SOURCE_MATCH,NOTHING_BUILD_TARGET,normalized Make/Kbuild target,NOTHING_BUILD_TARGET,NO_EXACT_EVIDENCE,1,1,0,0,device_modules/drivers/reset/Makefile:2:obj-$(CONFIG_DEVICE_MODULES_RESET_TI_SYSCON) += reset-ti-syscon.o,device_modules/drivers/reset/reset-ti-syscon.c,,,
rfcomm,LIKELY_PLATFORM_MATCH,GOOGLE_GKI_ARTIFACT,exact GKI build artifact,GOOGLE_GKI_ARTIFACT,NO_EXACT_EVIDENCE,0,0,0,0,,,,,
rfkill,LIKELY_PLATFORM_MATCH,GOOGLE_GKI_ARTIFACT,exact GKI build artifact,GOOGLE_GKI_ARTIFACT,NO_EXACT_EVIDENCE,0,0,0,0,,,,,
rpmb,LIKELY_PLATFORM_MATCH,NOTHING_BUILD_TARGET,normalized Make/Kbuild target,NOTHING_BUILD_TARGET,MENTION_ONLY,1,0,0,0,device_modules/drivers/char/rpmb/Makefile:16:obj-$(CONFIG_RPMB) += rpmb.o,,,,
rpmb_mtk,LIKELY_PLATFORM_MATCH,NOTHING_BUILD_TARGET,normalized Make/Kbuild target,NOTHING_BUILD_TARGET,NO_EXACT_EVIDENCE,1,1,0,0,device_modules/drivers/char/rpmb/Makefile:14:obj-$(CONFIG_RPMB) += rpmb-mtk.o,device_modules/drivers/char/rpmb/rpmb-mtk.c,,,
rps_perf,LIKELY_PLATFORM_MATCH,NOTHING_BUILD_TARGET,normalized Make/Kbuild target,NOTHING_BUILD_TARGET,EXACT_SOURCE_BASENAME,1,1,0,0,device_modules/drivers/misc/mediatek/rps/Makefile:2:obj-$(CONFIG_MTK_NET_RPS)  := rps_perf.o,device_modules/drivers/misc/mediatek/rps/rps_perf.c,,,device_modules/drivers/misc/mediatek/rps/rps_perf.c
rt4831a_drv,LIKELY_PLATFORM_MATCH,NOTHING_BUILD_TARGET,normalized Make/Kbuild target,NOTHING_BUILD_TARGET,EXACT_SOURCE_BASENAME,1,1,0,0,device_modules/drivers/misc/mediatek/gate_ic/Makefile:13:obj-$(CONFIG_RT4831A_I2C) += rt4831a_drv.o,device_modules/drivers/misc/mediatek/gate_ic/rt4831a_drv.c,,,device_modules/drivers/misc/mediatek/gate_ic/rt4831a_drv.c
rt5133_regulator,DIRECT_SOURCE_MATCH,NOTHING_BUILD_TARGET,normalized Make/Kbuild target,NOTHING_BUILD_TARGET,NO_EXACT_EVIDENCE,1,1,0,0,device_modules/drivers/regulator/Makefile:22:obj-$(CONFIG_REGULATOR_RT5133)  += rt5133-regulator.o,device_modules/drivers/regulator/rt5133-regulator.c,,,
rt6160_regulator,DIRECT_SOURCE_MATCH,NOTHING_BUILD_TARGET,normalized Make/Kbuild target,NOTHING_BUILD_TARGET,NO_EXACT_EVIDENCE,1,1,0,0,device_modules/drivers/regulator/Makefile:23:obj-$(CONFIG_DEVICE_MODULES_REGULATOR_RT6160)	+= rt6160-regulator.o,device_modules/drivers/regulator/rt6160-regulator.c,,,
rt_pd_manager,DIRECT_SOURCE_MATCH,NOTHING_BUILD_TARGET,normalized Make/Kbuild target,NOTHING_BUILD_TARGET,EXACT_SOURCE_BASENAME,1,1,0,0,device_modules/drivers/misc/mediatek/typec/tcpc/Makefile:24:obj-$(CONFIG_TCPC_CLASS) += tcpc_class.o tcpci_late_sync.o pd_dbg_info.o rt_pd_manager.o,device_modules/drivers/misc/mediatek/typec/tcpc/rt_pd_manager.c,,,device_modules/drivers/misc/mediatek/typec/tcpc/rt_pd_manager.c
rtc_mt6685,DIRECT_SOURCE_MATCH,NOTHING_BUILD_TARGET,normalized Make/Kbuild target,NOTHING_BUILD_TARGET,NO_EXACT_EVIDENCE,1,1,0,0,device_modules/drivers/rtc/Makefile:12:obj-$(CONFIG_RTC_DRV_MT6685)	+= rtc-mt6685.o,device_modules/drivers/rtc/rtc-mt6685.c,,,
rtl8150,LIKELY_PLATFORM_MATCH,GOOGLE_GKI_ARTIFACT,exact GKI build artifact,GOOGLE_GKI_ARTIFACT,NO_EXACT_EVIDENCE,0,0,0,0,,,,,
sapu,LIKELY_PLATFORM_MATCH,NOTHING_BUILD_TARGET,normalized Make/Kbuild target,NOTHING_BUILD_TARGET,MENTION_ONLY,1,0,0,0,device_modules/drivers/misc/mediatek/apusys/sapu/Makefile:18:obj-$(CONFIG_MTK_APUSYS_SUPPORT) += sapu.o,,,,
scheduler,LIKELY_PLATFORM_MATCH,NOTHING_BUILD_TARGET,normalized Make/Kbuild target,NOTHING_BUILD_TARGET,MENTION_ONLY,1,0,0,0,device_modules/drivers/misc/mediatek/sched/Makefile:1:obj-$(CONFIG_MTK_SCHEDULER) += scheduler.o,,,,
scheduler_ext,LIKELY_PLATFORM_MATCH,NOTHING_BUILD_TARGET,normalized Make/Kbuild target,NOTHING_BUILD_TARGET,NO_EXACT_EVIDENCE,1,0,0,0,kernel_modules/sched_cus/Kbuild:41:obj-m += scheduler_ext.o,,,,
scp,LIKELY_PLATFORM_MATCH,NOTHING_BUILD_TARGET,normalized Make/Kbuild target,NOTHING_BUILD_TARGET,MENTION_ONLY,1,0,0,0,device_modules/drivers/misc/mediatek/scp/rv/Makefile:1:obj-$(CONFIG_MTK_TINYSYS_SCP_SUPPORT) += scp.o,,,,
sec,LIKELY_PLATFORM_MATCH,NOTHING_BUILD_TARGET,normalized Make/Kbuild target,NOTHING_BUILD_TARGET,MENTION_ONLY,1,0,0,0,device_modules/drivers/misc/mediatek/masp/Makefile:15:obj-$(CONFIG_MTK_SECURITY_SW_SUPPORT) += sec.o,,,,
sec_rng,DIRECT_SOURCE_MATCH,NOTHING_BUILD_TARGET,normalized Make/Kbuild target,NOTHING_BUILD_TARGET,NO_EXACT_EVIDENCE,1,1,0,0,device_modules/drivers/char/hw_random/Makefile:6:obj-$(CONFIG_HW_RANDOM_SECURE) += sec-rng.o,device_modules/drivers/char/hw_random/sec-rng.c,,,
sensorhub,LIKELY_PLATFORM_MATCH,NOTHING_BUILD_TARGET,normalized Make/Kbuild target,NOTHING_BUILD_TARGET,MENTION_ONLY,1,0,0,0,device_modules/drivers/misc/mediatek/sensor/2.0/sensorhub/Makefile:5:obj-$(CONFIG_MTK_SENSORHUB) += sensorhub.o,,,,
slcan,LIKELY_PLATFORM_MATCH,GOOGLE_GKI_ARTIFACT,exact GKI build artifact,GOOGLE_GKI_ARTIFACT,NO_EXACT_EVIDENCE,0,0,0,0,,,,,
slhc,LIKELY_PLATFORM_MATCH,GOOGLE_GKI_ARTIFACT,exact GKI build artifact,GOOGLE_GKI_ARTIFACT,NO_EXACT_EVIDENCE,0,0,0,0,,,,,
smpu,DIRECT_SOURCE_MATCH,NOTHING_BUILD_TARGET,normalized Make/Kbuild target,NOTHING_BUILD_TARGET,EXACT_SOURCE_BASENAME,1,1,0,0,device_modules/drivers/memory/mediatek/Makefile:8:obj-$(CONFIG_MTK_EMI) += smpu.o,device_modules/drivers/memory/mediatek/smpu.c,,,device_modules/drivers/memory/mediatek/smpu.c
smpu_hook_v1,LIKELY_PLATFORM_MATCH,NOTHING_BUILD_TARGET,normalized Make/Kbuild target,NOTHING_BUILD_TARGET,NO_EXACT_EVIDENCE,1,1,0,0,device_modules/drivers/memory/mediatek/Makefile:11:obj-$(CONFIG_MTK_EMI) += smpu-hook-v1.o,device_modules/drivers/memory/mediatek/smpu-hook-v1.c,,,
snd_soc_audiodsp_common,LIKELY_PLATFORM_MATCH,NOTHING_BUILD_TARGET,normalized Make/Kbuild target,NOTHING_BUILD_TARGET,NO_EXACT_EVIDENCE,1,0,0,0,device_modules/sound/soc/mediatek/audio_dsp/Makefile:29:obj-$(CONFIG_SND_SOC_MTK_AUDIO_DSP) += snd-soc-audiodsp-common.o,,,,
snd_soc_mt6369,LIKELY_PLATFORM_MATCH,NOTHING_BUILD_TARGET,normalized Make/Kbuild target,NOTHING_BUILD_TARGET,NO_EXACT_EVIDENCE,1,0,0,0,device_modules/sound/soc/codecs/Makefile:36:obj-$(CONFIG_DEVICE_MODULES_SND_SOC_MT6369)	+= snd-soc-mt6369.o,,,,
snd_soc_mt6878_afe,LIKELY_PLATFORM_MATCH,NOTHING_BUILD_TARGET,normalized Make/Kbuild target,NOTHING_BUILD_TARGET,NO_EXACT_EVIDENCE,1,0,1,0,device_modules/sound/soc/mediatek/mt6878/Makefile:20:obj-$(CONFIG_DEVICE_MODULES_SND_SOC_MT6878) += snd-soc-mt6878-afe.o,,,,
snd_soc_mtk_common,LIKELY_PLATFORM_MATCH,NOTHING_BUILD_TARGET,normalized Make/Kbuild target,NOTHING_BUILD_TARGET,NO_EXACT_EVIDENCE,1,0,0,0,device_modules/sound/soc/mediatek/common/Makefile:15:obj-$(CONFIG_DEVICE_MODULES_SND_SOC_MEDIATEK) += snd-soc-mtk-common.o,,,,
snd_soc_mtk_scp_ultra,LIKELY_PLATFORM_MATCH,NOTHING_BUILD_TARGET,normalized Make/Kbuild target,NOTHING_BUILD_TARGET,NO_EXACT_EVIDENCE,1,0,0,0,device_modules/sound/soc/mediatek/ultrasound/ultra_scp/Makefile:21:obj-$(CONFIG_MTK_ULTRASND_PROXIMITY) += snd-soc-mtk-scp-ultra.o,,,,
snd_soc_tfa98xx,LIKELY_PLATFORM_MATCH,NOTHING_BUILD_TARGET,normalized Make/Kbuild target,NOTHING_BUILD_TARGET,NO_EXACT_EVIDENCE,1,0,0,0,device_modules/sound/soc/codecs/tfa98xx/Makefile:35:obj-$(CONFIG_SND_SOC_TFA9874) += snd-soc-tfa98xx.o,,,,
soc_temp_lvts,DIRECT_SOURCE_MATCH,NOTHING_BUILD_TARGET,normalized Make/Kbuild target,NOTHING_BUILD_TARGET,EXACT_SOURCE_BASENAME,1,1,0,0,device_modules/drivers/thermal/mediatek/Makefile:13:obj-$(CONFIG_MTK_SOC_THERMAL_LVTS)	+= soc_temp_lvts.o,device_modules/drivers/thermal/mediatek/soc_temp_lvts.c,,,device_modules/drivers/thermal/mediatek/soc_temp_lvts.c
spi_mt65xx,DIRECT_SOURCE_MATCH,NOTHING_BUILD_TARGET,normalized Make/Kbuild target,NOTHING_BUILD_TARGET,NO_EXACT_EVIDENCE,1,1,0,0,device_modules/drivers/spi/Makefile:8:obj-$(CONFIG_DEVICE_MODULES_SPI_MT65XX)                += spi-mt65xx.o,device_modules/drivers/spi/spi-mt65xx.c,,,
spmi_mtk_mpu,DIRECT_SOURCE_MATCH,NOTHING_BUILD_TARGET,normalized Make/Kbuild target,NOTHING_BUILD_TARGET,NO_EXACT_EVIDENCE,1,1,0,0,device_modules/drivers/spmi/Makefile:7:obj-$(CONFIG_DEVICE_MODULES_SPMI_MTK_PMIF)	+= spmi-mtk-pmif.o spmi-mtk-mpu.o,device_modules/drivers/spmi/spmi-mtk-mpu.c,,,
spmi_mtk_pmif,DIRECT_SOURCE_MATCH,NOTHING_BUILD_TARGET,normalized Make/Kbuild target,NOTHING_BUILD_TARGET,NO_EXACT_EVIDENCE,1,1,0,0,device_modules/drivers/spmi/Makefile:7:obj-$(CONFIG_DEVICE_MODULES_SPMI_MTK_PMIF)	+= spmi-mtk-pmif.o spmi-mtk-mpu.o,device_modules/drivers/spmi/spmi-mtk-pmif.c,,,
sspm_v3,LIKELY_PLATFORM_MATCH,NOTHING_BUILD_TARGET,normalized Make/Kbuild target,NOTHING_BUILD_TARGET,NO_EXACT_EVIDENCE,1,0,0,0,device_modules/drivers/misc/mediatek/sspm/v3/Makefile:1:obj-$(CONFIG_MTK_TINYSYS_SSPM_SUPPORT) += sspm_v3.o,,,,
st21nfc,DIRECT_SOURCE_MATCH,NOTHING_BUILD_TARGET,normalized Make/Kbuild target,NOTHING_BUILD_TARGET,EXACT_SOURCE_BASENAME,1,1,0,0,device_modules/drivers/misc/mediatek/nfc/st21nfc/Makefile:6:obj-$(CONFIG_NFC_ST21NFC) +=st21nfc.o,device_modules/drivers/misc/mediatek/nfc/st21nfc/st21nfc.c,,,device_modules/drivers/misc/mediatek/nfc/st21nfc/st21nfc.c
sub_vcm,DIRECT_SOURCE_MATCH,NOTHING_BUILD_TARGET,normalized Make/Kbuild target,NOTHING_BUILD_TARGET,EXACT_SOURCE_BASENAME,1,1,0,0,device_modules/drivers/misc/mediatek/lens/vcm/v4l2/sub_vcm/Makefile:5:obj-$(CONFIG_MTK_V4L2_LENS) += sub_vcm.o,device_modules/drivers/misc/mediatek/lens/vcm/v4l2/sub_vcm/sub_vcm.c,,,device_modules/drivers/misc/mediatek/lens/vcm/v4l2/sub_vcm/sub_vcm.c
syscon_reboot_mode,DIRECT_SOURCE_MATCH,UNRESOLVED,,UNRESOLVED,NO_EXACT_EVIDENCE,0,0,0,0,,,,,
system_heap,LIKELY_PLATFORM_MATCH,NOTHING_BUILD_TARGET,normalized Make/Kbuild target,NOTHING_BUILD_TARGET,NO_EXACT_EVIDENCE,1,0,0,0,device_modules/drivers/dma-buf/heaps/Makefile:12:obj-$(CONFIG_DEVICE_MODULES_DMABUF_HEAPS_SYSTEM)	+= system_heap.o,,,,
task_turbo,LIKELY_PLATFORM_MATCH,NOTHING_BUILD_TARGET,normalized Make/Kbuild target,NOTHING_BUILD_TARGET,EXACT_SOURCE_BASENAME,1,1,0,0,device_modules/drivers/misc/mediatek/task_turbo/Makefile:16:obj-$(CONFIG_MTK_TASK_TURBO) += task_turbo.o,device_modules/drivers/misc/mediatek/task_turbo/task_turbo.c,,,device_modules/drivers/misc/mediatek/task_turbo/task_turbo.c
tcpc_class,LIKELY_PLATFORM_MATCH,NOTHING_BUILD_TARGET,normalized Make/Kbuild target,NOTHING_BUILD_TARGET,NO_EXACT_EVIDENCE,1,0,0,0,device_modules/drivers/misc/mediatek/typec/tcpc/Makefile:24:obj-$(CONFIG_TCPC_CLASS) += tcpc_class.o tcpci_late_sync.o pd_dbg_info.o rt_pd_manager.o,,,,
tcpc_mt6375,DIRECT_SOURCE_MATCH,NOTHING_BUILD_TARGET,normalized Make/Kbuild target,NOTHING_BUILD_TARGET,EXACT_SOURCE_BASENAME,1,1,0,0,device_modules/drivers/misc/mediatek/typec/tcpc/Makefile:7:obj-$(CONFIG_TCPC_MT6375)		+= tcpc_mt6375.o,device_modules/drivers/misc/mediatek/typec/tcpc/tcpc_mt6375.c,,,device_modules/drivers/misc/mediatek/typec/tcpc/tcpc_mt6375.c
tcpci_late_sync,LIKELY_PLATFORM_MATCH,NOTHING_BUILD_TARGET,normalized Make/Kbuild target,NOTHING_BUILD_TARGET,EXACT_SOURCE_BASENAME,1,1,0,0,device_modules/drivers/misc/mediatek/typec/tcpc/Makefile:24:obj-$(CONFIG_TCPC_CLASS) += tcpc_class.o tcpci_late_sync.o pd_dbg_info.o rt_pd_manager.o,device_modules/drivers/misc/mediatek/typec/tcpc/tcpci_late_sync.c,,,device_modules/drivers/misc/mediatek/typec/tcpc/tcpci_late_sync.c
teeperf,LIKELY_PLATFORM_MATCH,NOTHING_BUILD_TARGET,normalized Make/Kbuild target,NOTHING_BUILD_TARGET,MENTION_ONLY,1,0,0,0,device_modules/drivers/tee/teeperf/Makefile:6:obj-$(CONFIG_TEE_PERF_SUPPORT) += teeperf.o,,,,
thermal_generic_adc,DIRECT_SOURCE_MATCH,UNRESOLVED,,UNRESOLVED,NO_EXACT_EVIDENCE,0,0,0,0,,,,,
thermal_interface,DIRECT_SOURCE_MATCH,NOTHING_BUILD_TARGET,normalized Make/Kbuild target,NOTHING_BUILD_TARGET,EXACT_SOURCE_BASENAME,1,1,0,0,device_modules/drivers/thermal/mediatek/Makefile:26:obj-$(CONFIG_MTK_THERMAL_INTERFACE)	+= thermal_interface.o,device_modules/drivers/thermal/mediatek/thermal_interface.c,,,device_modules/drivers/thermal/mediatek/thermal_interface.c
thermal_trace,LIKELY_PLATFORM_MATCH,NOTHING_BUILD_TARGET,normalized Make/Kbuild target,NOTHING_BUILD_TARGET,EXACT_SOURCE_BASENAME,1,1,0,0,device_modules/drivers/thermal/mediatek/Makefile:22:obj-$(CONFIG_MTK_THERMAL_TRACE) += thermal_trace.o,device_modules/drivers/thermal/mediatek/thermal_trace.c,,,device_modules/drivers/thermal/mediatek/thermal_trace.c
timer_mediatek,LIKELY_PLATFORM_MATCH,NOTHING_BUILD_TARGET,normalized Make/Kbuild target,NOTHING_BUILD_TARGET,NO_EXACT_EVIDENCE,1,1,0,0,device_modules/drivers/clocksource/Makefile:6:obj-$(CONFIG_DEVICE_MODULES_MTK_TIMER)		+= timer-mediatek.o,device_modules/drivers/clocksource/timer-mediatek.c,,,
tinysys_scmi,LIKELY_PLATFORM_MATCH,NOTHING_BUILD_TARGET,normalized Make/Kbuild target,NOTHING_BUILD_TARGET,MENTION_ONLY,1,0,0,0,device_modules/drivers/misc/mediatek/tinysys_scmi/Makefile:2:obj-$(CONFIG_MTK_TINYSYS_SCMI) += tinysys-scmi.o,,,,
tipc,LIKELY_PLATFORM_MATCH,GOOGLE_GKI_ARTIFACT,exact GKI build artifact,GOOGLE_GKI_ARTIFACT,NO_EXACT_EVIDENCE,0,0,0,0,,,,,
tmem_ffa,LIKELY_PLATFORM_MATCH,NOTHING_BUILD_TARGET,normalized Make/Kbuild target,NOTHING_BUILD_TARGET,EXACT_SOURCE_BASENAME,1,1,0,0,device_modules/drivers/misc/mediatek/trusted_mem/Makefile:36:obj-m += tmem_ffa.o,device_modules/drivers/misc/mediatek/trusted_mem/mtee_impl/tmem_ffa.c,,,device_modules/drivers/misc/mediatek/trusted_mem/mtee_impl/tmem_ffa.c
touch_boost,LIKELY_PLATFORM_MATCH,NOTHING_BUILD_TARGET,normalized Make/Kbuild target,NOTHING_BUILD_TARGET,EXACT_SOURCE_BASENAME,1,1,0,0,device_modules/drivers/misc/mediatek/performance/touch_boost/Makefile:16:obj-$(CONFIG_MTK_PERFORMANCE_MODULE) += touch_boost.o,device_modules/drivers/misc/mediatek/performance/touch_boost/touch_boost.c,,,device_modules/drivers/misc/mediatek/performance/touch_boost/touch_boost.c
trace_mmstat,LIKELY_PLATFORM_MATCH,NOTHING_BUILD_TARGET,normalized Make/Kbuild target,NOTHING_BUILD_TARGET,EXACT_SOURCE_BASENAME,1,1,0,0,device_modules/drivers/misc/mediatek/mmstat/Makefile:15:obj-$(CONFIG_MMSTAT_TRACER) += trace_mmstat.o,device_modules/drivers/misc/mediatek/mmstat/trace_mmstat.c,,,device_modules/drivers/misc/mediatek/mmstat/trace_mmstat.c
tui_common,LIKELY_PLATFORM_MATCH,NOTHING_BUILD_TARGET,normalized Make/Kbuild target,NOTHING_BUILD_TARGET,NO_EXACT_EVIDENCE,1,1,0,0,device_modules/drivers/input/touchscreen/Makefile:5:obj-m += tui-common.o,device_modules/drivers/input/touchscreen/tui-common.c,,,
uarthub_drv,LIKELY_PLATFORM_MATCH,UNRESOLVED,,UNRESOLVED,MENTION_ONLY,0,0,0,0,,,,,
ufs_mediatek_dbg,LIKELY_PLATFORM_MATCH,NOTHING_BUILD_TARGET,normalized Make/Kbuild target,NOTHING_BUILD_TARGET,NO_EXACT_EVIDENCE,1,1,0,0,device_modules/drivers/ufs/Makefile:13:obj-$(CONFIG_SCSI_UFS_MEDIATEK_DBG) += ufs-mediatek-dbg.o,device_modules/drivers/ufs/ufs-mediatek-dbg.c,,,
ufs_mediatek_mod,LIKELY_PLATFORM_MATCH,NOTHING_BUILD_TARGET,normalized Make/Kbuild target,NOTHING_BUILD_TARGET,NO_EXACT_EVIDENCE,1,0,0,0,device_modules/drivers/ufs/vendor/Makefile:15:obj-$(CONFIG_DEVICE_MODULES_SCSI_UFS_MEDIATEK)  += ufs-mediatek-mod.o,,,,
uload_ind,LIKELY_PLATFORM_MATCH,NOTHING_BUILD_TARGET,normalized Make/Kbuild target,NOTHING_BUILD_TARGET,EXACT_SOURCE_BASENAME,1,1,0,0,device_modules/drivers/misc/mediatek/performance/uload_ind/Makefile:16:obj-$(CONFIG_MTK_LOAD_TRACKER) += uload_ind.o,device_modules/drivers/misc/mediatek/performance/uload_ind/uload_ind.c,,,device_modules/drivers/misc/mediatek/performance/uload_ind/uload_ind.c
usb_boost,LIKELY_PLATFORM_MATCH,NOTHING_BUILD_TARGET,normalized Make/Kbuild target,NOTHING_BUILD_TARGET,MENTION_ONLY,1,0,0,0,device_modules/drivers/misc/mediatek/usb/usb_boost/Makefile:11:obj-$(CONFIG_MTK_USB_BOOST) += usb_boost.o,,,,
usb_logger,LIKELY_PLATFORM_MATCH,NOTHING_BUILD_TARGET,normalized Make/Kbuild target,NOTHING_BUILD_TARGET,MENTION_ONLY,1,0,0,0,device_modules/drivers/misc/mediatek/usb/usb_logger/Makefile:9:obj-$(CONFIG_MTK_USB_LOGGER)	+= usb_logger.o,,,,
usb_meta,DIRECT_SOURCE_MATCH,NOTHING_BUILD_TARGET,normalized Make/Kbuild target,NOTHING_BUILD_TARGET,EXACT_SOURCE_BASENAME,1,1,0,0,device_modules/drivers/misc/mediatek/usb/usb_meta/Makefile:6:obj-$(CONFIG_MTK_USB_META)	+= usb_meta.o,device_modules/drivers/misc/mediatek/usb/usb_meta/usb_meta.c,,,device_modules/drivers/misc/mediatek/usb/usb_meta/usb_meta.c
usb_offload,LIKELY_PLATFORM_MATCH,NOTHING_BUILD_TARGET,normalized Make/Kbuild target,NOTHING_BUILD_TARGET,MENTION_ONLY,1,0,0,0,device_modules/drivers/misc/mediatek/usb/usb_offload/Makefile:35:obj-$(CONFIG_MTK_USB_OFFLOAD)	+= usb_offload.o,,,,
usbnet,LIKELY_PLATFORM_MATCH,GOOGLE_GKI_ARTIFACT,exact GKI build artifact,GOOGLE_GKI_ARTIFACT,NO_EXACT_EVIDENCE,0,0,0,0,,,,,
usbserial,LIKELY_PLATFORM_MATCH,GOOGLE_GKI_ARTIFACT,exact GKI build artifact,GOOGLE_GKI_ARTIFACT,NO_EXACT_EVIDENCE,0,0,0,0,,,,,
vcan,LIKELY_PLATFORM_MATCH,GOOGLE_GKI_ARTIFACT,exact GKI build artifact,GOOGLE_GKI_ARTIFACT,NO_EXACT_EVIDENCE,0,0,0,0,,,,,
vcp,LIKELY_PLATFORM_MATCH,NOTHING_BUILD_TARGET,normalized Make/Kbuild target,NOTHING_BUILD_TARGET,MENTION_ONLY,1,0,0,0,device_modules/drivers/misc/mediatek/vcp/rv/Makefile:3:obj-$(CONFIG_MTK_TINYSYS_VCP_SUPPORT) += vcp.o,,,,
vcp_status,LIKELY_PLATFORM_MATCH,NOTHING_BUILD_TARGET,normalized Make/Kbuild target,NOTHING_BUILD_TARGET,EXACT_SOURCE_BASENAME,1,1,0,0,device_modules/drivers/misc/mediatek/vcp/rv/Makefile:1:obj-$(CONFIG_MTK_TINYSYS_VCP_SUPPORT) += vcp_status.o,device_modules/drivers/misc/mediatek/vcp/rv/vcp_status.c,,,device_modules/drivers/misc/mediatek/vcp/rv/vcp_status.c
vtskin_temp,DIRECT_SOURCE_MATCH,NOTHING_BUILD_TARGET,normalized Make/Kbuild target,NOTHING_BUILD_TARGET,EXACT_SOURCE_BASENAME,1,1,0,0,device_modules/drivers/thermal/mediatek/Makefile:30:obj-$(CONFIG_MTK_VTSKIN_THERMAL)	+= vtskin_temp.o,device_modules/drivers/thermal/mediatek/vtskin_temp.c,,,device_modules/drivers/thermal/mediatek/vtskin_temp.c
widevine_driver,DIRECT_SOURCE_MATCH,NOTHING_BUILD_TARGET,normalized Make/Kbuild target,NOTHING_BUILD_TARGET,EXACT_SOURCE_BASENAME,1,1,0,0,device_modules/drivers/misc/mediatek/widevine_drm/Makefile:14:obj-$(CONFIG_MTK_WIDEVINE_DRM) += widevine_driver.o,device_modules/drivers/misc/mediatek/widevine_drm/widevine_driver.c,,,device_modules/drivers/misc/mediatek/widevine_drm/widevine_driver.c
wifi_cooling,DIRECT_SOURCE_MATCH,NOTHING_BUILD_TARGET,normalized Make/Kbuild target,NOTHING_BUILD_TARGET,EXACT_SOURCE_BASENAME,1,1,0,0,device_modules/drivers/thermal/mediatek/Makefile:32:obj-$(CONFIG_MTK_WIFI_THERMAL) += wifi_cooling.o,device_modules/drivers/thermal/mediatek/wifi_cooling.c,,,device_modules/drivers/thermal/mediatek/wifi_cooling.c
wlan_drv_gen4m_6878,DIRECT_SOURCE_MATCH,NOTHING_BUILD_TARGET,exact build-definition target,UNRESOLVED,EXACT_BUILD_TARGET,0,0,0,0,,,"kernel_modules/connectivity/wlan/core/gen4m/build/connac2x/6878/BUILD.bazel:10:name = ""wlan_drv_gen4m_6878"",",,
wmt_chrdev_wifi_connac2,DIRECT_SOURCE_MATCH,NOTHING_BUILD_TARGET,exact build-definition target,UNRESOLVED,EXACT_BUILD_TARGET,0,0,0,0,,,"kernel_modules/connectivity/wlan/adaptor/build/connac2x/BUILD.bazel:10:name = ""wmt_chrdev_wifi_connac2"",",,
wwan,LIKELY_PLATFORM_MATCH,GOOGLE_GKI_ARTIFACT,exact GKI build artifact,GOOGLE_GKI_ARTIFACT,NO_EXACT_EVIDENCE,0,0,0,0,,,,,
xhci_mtk_hcd_v2,DIRECT_SOURCE_MATCH,NOTHING_BUILD_TARGET,normalized Make/Kbuild target,NOTHING_BUILD_TARGET,NO_EXACT_EVIDENCE,1,0,0,0,device_modules/drivers/misc/mediatek/usb/usb_xhci/Makefile:22:obj-$(CONFIG_DEVICE_MODULES_USB_XHCI_MTK) += xhci-mtk-hcd-v2.o,,,,
zram,LIKELY_PLATFORM_MATCH,GOOGLE_GKI_ARTIFACT,exact GKI build artifact,GOOGLE_GKI_ARTIFACT,MENTION_ONLY,0,0,0,0,,,,,
zsmalloc,LIKELY_PLATFORM_MATCH,GOOGLE_GKI_ARTIFACT,exact GKI build artifact,GOOGLE_GKI_ARTIFACT,NO_EXACT_EVIDENCE,0,0,0,0,,,,,
