relocation_section	offset	info	type	symbol_value	symbol_expression
.rela.text	0x0000000000000004	0000009c00000113	R_AARCH64_ADR_PREL_PG_HI21	0x0000000000000000	g_sm + 0
.rela.text	0x000000000000000c	0000009c0000011e	R_AARCH64_LDST64_ABS_LO12_NC	0x0000000000000000	g_sm + 0
.rela.text	0x000000000000002c	0000009c00000113	R_AARCH64_ADR_PREL_PG_HI21	0x0000000000000000	g_sm + 0
.rela.text	0x0000000000000034	0000009c0000011e	R_AARCH64_LDST64_ABS_LO12_NC	0x0000000000000000	g_sm + 0
.rela.text	0x0000000000000054	0000009c00000113	R_AARCH64_ADR_PREL_PG_HI21	0x0000000000000000	g_sm + 0
.rela.text	0x000000000000005c	0000009c0000011e	R_AARCH64_LDST64_ABS_LO12_NC	0x0000000000000000	g_sm + 0
.rela.text	0x000000000000007c	0000009c00000113	R_AARCH64_ADR_PREL_PG_HI21	0x0000000000000000	g_sm + 0
.rela.text	0x0000000000000084	0000009c0000011e	R_AARCH64_LDST64_ABS_LO12_NC	0x0000000000000000	g_sm + 0
.rela.text	0x00000000000000dc	000000a100000113	R_AARCH64_ADR_PREL_PG_HI21	0x0000000000000000	fg_sh366003_log + 0
.rela.text	0x00000000000000ec	000000a100000116	R_AARCH64_LDST8_ABS_LO12_NC	0x0000000000000000	fg_sh366003_log + 0
.rela.text	0x0000000000000104	0000009800000113	R_AARCH64_ADR_PREL_PG_HI21	0x0000000000000000	.rodata.str1.1 + 1ef2
.rela.text	0x0000000000000108	0000009800000115	R_AARCH64_ADD_ABS_LO12_NC	0x0000000000000000	.rodata.str1.1 + 1ef2
.rela.text	0x0000000000000110	000000a20000011b	R_AARCH64_CALL26	0x0000000000000000	strcmp + 0
.rela.text	0x0000000000000120	000000a100000113	R_AARCH64_ADR_PREL_PG_HI21	0x0000000000000000	fg_sh366003_log + 0
.rela.text	0x0000000000000124	000000a100000116	R_AARCH64_LDST8_ABS_LO12_NC	0x0000000000000000	fg_sh366003_log + 0
.rela.text	0x0000000000000174	000000a100000113	R_AARCH64_ADR_PREL_PG_HI21	0x0000000000000000	fg_sh366003_log + 0
.rela.text	0x000000000000017c	000000a100000116	R_AARCH64_LDST8_ABS_LO12_NC	0x0000000000000000	fg_sh366003_log + 0
.rela.text	0x0000000000000190	000000a30000011b	R_AARCH64_CALL26	0x0000000000000000	devm_kmalloc + 0
.rela.text	0x00000000000001a4	000000a30000011b	R_AARCH64_CALL26	0x0000000000000000	devm_kmalloc + 0
.rela.text	0x00000000000001b4	0000009800000113	R_AARCH64_ADR_PREL_PG_HI21	0x0000000000000000	.rodata.str1.1 + 1ef2
.rela.text	0x00000000000001b8	0000009800000115	R_AARCH64_ADD_ABS_LO12_NC	0x0000000000000000	.rodata.str1.1 + 1ef2
.rela.text	0x00000000000001c0	000000a20000011b	R_AARCH64_CALL26	0x0000000000000000	strcmp + 0
.rela.text	0x00000000000001c4	000000a100000113	R_AARCH64_ADR_PREL_PG_HI21	0x0000000000000000	fg_sh366003_log + 0
.rela.text	0x00000000000001cc	000000a400000113	R_AARCH64_ADR_PREL_PG_HI21	0x0000000000000035	sinofs_afi_data + 0
.rela.text	0x00000000000001d0	000000a400000115	R_AARCH64_ADD_ABS_LO12_NC	0x0000000000000035	sinofs_afi_data + 0
.rela.text	0x00000000000001dc	000000a50000011b	R_AARCH64_CALL26	0x0000000000000000	memcpy + 0
.rela.text	0x00000000000001e0	000000a100000116	R_AARCH64_LDST8_ABS_LO12_NC	0x0000000000000000	fg_sh366003_log + 0
.rela.text	0x00000000000001f4	000000a100000116	R_AARCH64_LDST8_ABS_LO12_NC	0x0000000000000000	fg_sh366003_log + 0
.rela.text	0x0000000000000204	000000a100000116	R_AARCH64_LDST8_ABS_LO12_NC	0x0000000000000000	fg_sh366003_log + 0
.rela.text	0x0000000000000214	0000009800000113	R_AARCH64_ADR_PREL_PG_HI21	0x0000000000000000	.rodata.str1.1 + 854
.rela.text	0x0000000000000218	0000009800000115	R_AARCH64_ADD_ABS_LO12_NC	0x0000000000000000	.rodata.str1.1 + 854
.rela.text	0x0000000000000228	000000a60000011b	R_AARCH64_CALL26	0x0000000000000000	snprintf + 0
.rela.text	0x000000000000022c	000000a100000116	R_AARCH64_LDST8_ABS_LO12_NC	0x0000000000000000	fg_sh366003_log + 0
.rela.text	0x0000000000000240	0000008200000113	R_AARCH64_ADR_PREL_PG_HI21	0x0000000000000000	.bss + 8
.rela.text	0x0000000000000244	0000008200000115	R_AARCH64_ADD_ABS_LO12_NC	0x0000000000000000	.bss + 8
.rela.text	0x0000000000000278	000000a100000116	R_AARCH64_LDST8_ABS_LO12_NC	0x0000000000000000	fg_sh366003_log + 0
.rela.text	0x0000000000000288	0000009800000113	R_AARCH64_ADR_PREL_PG_HI21	0x0000000000000000	.rodata.str1.1 + 854
.rela.text	0x000000000000028c	0000009800000115	R_AARCH64_ADD_ABS_LO12_NC	0x0000000000000000	.rodata.str1.1 + 854
.rela.text	0x00000000000002c8	000000a60000011b	R_AARCH64_CALL26	0x0000000000000000	snprintf + 0
.rela.text	0x00000000000002cc	000000a100000113	R_AARCH64_ADR_PREL_PG_HI21	0x0000000000000000	fg_sh366003_log + 0
.rela.text	0x00000000000002d0	000000a100000116	R_AARCH64_LDST8_ABS_LO12_NC	0x0000000000000000	fg_sh366003_log + 0
.rela.text	0x00000000000002dc	000000a70000011b	R_AARCH64_CALL26	0x0000000000000000	msleep + 0
.rela.text	0x000000000000030c	000000a80000011b	R_AARCH64_CALL26	0x0000000000000000	mutex_lock + 0
.rela.text	0x000000000000034c	000000a90000011b	R_AARCH64_CALL26	0x0000000000000000	i2c_transfer + 0
.rela.text	0x0000000000000358	0000009800000113	R_AARCH64_ADR_PREL_PG_HI21	0x0000000000000000	.rodata.str1.1 + 854
.rela.text	0x000000000000035c	0000009800000115	R_AARCH64_ADD_ABS_LO12_NC	0x0000000000000000	.rodata.str1.1 + 854
.rela.text	0x0000000000000360	000000aa0000011b	R_AARCH64_CALL26	0x0000000000000000	mutex_unlock + 0
.rela.text	0x0000000000000378	000000a60000011b	R_AARCH64_CALL26	0x0000000000000000	snprintf + 0
.rela.text	0x000000000000037c	000000a100000113	R_AARCH64_ADR_PREL_PG_HI21	0x0000000000000000	fg_sh366003_log + 0
.rela.text	0x0000000000000380	000000a100000116	R_AARCH64_LDST8_ABS_LO12_NC	0x0000000000000000	fg_sh366003_log + 0
.rela.text	0x00000000000003b4	000000a100000116	R_AARCH64_LDST8_ABS_LO12_NC	0x0000000000000000	fg_sh366003_log + 0
.rela.text	0x00000000000003cc	000000a60000011b	R_AARCH64_CALL26	0x0000000000000000	snprintf + 0
.rela.text	0x00000000000003d0	000000a100000116	R_AARCH64_LDST8_ABS_LO12_NC	0x0000000000000000	fg_sh366003_log + 0
.rela.text	0x00000000000003e8	000000a60000011b	R_AARCH64_CALL26	0x0000000000000000	snprintf + 0
.rela.text	0x00000000000003ec	000000a100000116	R_AARCH64_LDST8_ABS_LO12_NC	0x0000000000000000	fg_sh366003_log + 0
.rela.text	0x00000000000003f8	0000009800000113	R_AARCH64_ADR_PREL_PG_HI21	0x0000000000000000	.rodata.str1.1 + 1921
.rela.text	0x00000000000003fc	0000009800000115	R_AARCH64_ADD_ABS_LO12_NC	0x0000000000000000	.rodata.str1.1 + 1921
.rela.text	0x0000000000000400	0000009800000113	R_AARCH64_ADR_PREL_PG_HI21	0x0000000000000000	.rodata.str1.1 + c8d
.rela.text	0x0000000000000404	0000009800000115	R_AARCH64_ADD_ABS_LO12_NC	0x0000000000000000	.rodata.str1.1 + c8d
.rela.text	0x000000000000040c	000000ab0000011b	R_AARCH64_CALL26	0x0000000000000000	_printk + 0
.rela.text	0x0000000000000418	0000009800000113	R_AARCH64_ADR_PREL_PG_HI21	0x0000000000000000	.rodata.str1.1 + 143b
.rela.text	0x000000000000041c	0000009800000115	R_AARCH64_ADD_ABS_LO12_NC	0x0000000000000000	.rodata.str1.1 + 143b
.rela.text	0x0000000000000420	0000009800000113	R_AARCH64_ADR_PREL_PG_HI21	0x0000000000000000	.rodata.str1.1 + c8d
.rela.text	0x0000000000000424	0000009800000115	R_AARCH64_ADD_ABS_LO12_NC	0x0000000000000000	.rodata.str1.1 + c8d
.rela.text	0x0000000000000430	000000ab0000011b	R_AARCH64_CALL26	0x0000000000000000	_printk + 0
.rela.text	0x0000000000000438	0000009800000113	R_AARCH64_ADR_PREL_PG_HI21	0x0000000000000000	.rodata.str1.1 + 1124
.rela.text	0x000000000000043c	0000009800000115	R_AARCH64_ADD_ABS_LO12_NC	0x0000000000000000	.rodata.str1.1 + 1124
.rela.text	0x0000000000000440	0000009800000113	R_AARCH64_ADR_PREL_PG_HI21	0x0000000000000000	.rodata.str1.1 + c8d
.rela.text	0x0000000000000444	0000009800000115	R_AARCH64_ADD_ABS_LO12_NC	0x0000000000000000	.rodata.str1.1 + c8d
.rela.text	0x000000000000044c	000000ab0000011b	R_AARCH64_CALL26	0x0000000000000000	_printk + 0
.rela.text	0x0000000000000458	0000009800000113	R_AARCH64_ADR_PREL_PG_HI21	0x0000000000000000	.rodata.str1.1 + 203c
.rela.text	0x000000000000045c	0000009800000115	R_AARCH64_ADD_ABS_LO12_NC	0x0000000000000000	.rodata.str1.1 + 203c
.rela.text	0x0000000000000460	0000009800000113	R_AARCH64_ADR_PREL_PG_HI21	0x0000000000000000	.rodata.str1.1 + c8d
.rela.text	0x0000000000000464	0000009800000115	R_AARCH64_ADD_ABS_LO12_NC	0x0000000000000000	.rodata.str1.1 + c8d
.rela.text	0x0000000000000470	000000ab0000011b	R_AARCH64_CALL26	0x0000000000000000	_printk + 0
.rela.text	0x000000000000047c	0000009800000113	R_AARCH64_ADR_PREL_PG_HI21	0x0000000000000000	.rodata.str1.1 + ce4
.rela.text	0x0000000000000480	0000009800000115	R_AARCH64_ADD_ABS_LO12_NC	0x0000000000000000	.rodata.str1.1 + ce4
.rela.text	0x0000000000000484	0000009800000113	R_AARCH64_ADR_PREL_PG_HI21	0x0000000000000000	.rodata.str1.1 + c8d
.rela.text	0x0000000000000488	0000009800000115	R_AARCH64_ADD_ABS_LO12_NC	0x0000000000000000	.rodata.str1.1 + c8d
.rela.text	0x0000000000000498	000000ab0000011b	R_AARCH64_CALL26	0x0000000000000000	_printk + 0
.rela.text	0x00000000000004a8	000000a100000116	R_AARCH64_LDST8_ABS_LO12_NC	0x0000000000000000	fg_sh366003_log + 0
.rela.text	0x00000000000004bc	000000a100000116	R_AARCH64_LDST8_ABS_LO12_NC	0x0000000000000000	fg_sh366003_log + 0
.rela.text	0x00000000000004f8	000000a100000116	R_AARCH64_LDST8_ABS_LO12_NC	0x0000000000000000	fg_sh366003_log + 0
.rela.text	0x0000000000000514	000000a100000116	R_AARCH64_LDST8_ABS_LO12_NC	0x0000000000000000	fg_sh366003_log + 0
.rela.text	0x0000000000000524	000000a70000011b	R_AARCH64_CALL26	0x0000000000000000	msleep + 0
.rela.text	0x0000000000000530	0000009800000113	R_AARCH64_ADR_PREL_PG_HI21	0x0000000000000000	.rodata.str1.1 + 23d7
.rela.text	0x0000000000000534	0000009800000115	R_AARCH64_ADD_ABS_LO12_NC	0x0000000000000000	.rodata.str1.1 + 23d7
.rela.text	0x0000000000000538	0000009800000113	R_AARCH64_ADR_PREL_PG_HI21	0x0000000000000000	.rodata.str1.1 + c8d
.rela.text	0x000000000000053c	0000009800000115	R_AARCH64_ADD_ABS_LO12_NC	0x0000000000000000	.rodata.str1.1 + c8d
.rela.text	0x000000000000054c	000000ab0000011b	R_AARCH64_CALL26	0x0000000000000000	_printk + 0
.rela.text	0x0000000000000554	0000009800000113	R_AARCH64_ADR_PREL_PG_HI21	0x0000000000000000	.rodata.str1.1 + 1b
.rela.text	0x0000000000000558	0000009800000115	R_AARCH64_ADD_ABS_LO12_NC	0x0000000000000000	.rodata.str1.1 + 1b
.rela.text	0x000000000000055c	0000009800000113	R_AARCH64_ADR_PREL_PG_HI21	0x0000000000000000	.rodata.str1.1 + c8d
.rela.text	0x0000000000000560	0000009800000115	R_AARCH64_ADD_ABS_LO12_NC	0x0000000000000000	.rodata.str1.1 + c8d
.rela.text	0x000000000000056c	000000ab0000011b	R_AARCH64_CALL26	0x0000000000000000	_printk + 0
.rela.text	0x0000000000000574	0000009800000113	R_AARCH64_ADR_PREL_PG_HI21	0x0000000000000000	.rodata.str1.1 + 1494
.rela.text	0x0000000000000578	0000009800000115	R_AARCH64_ADD_ABS_LO12_NC	0x0000000000000000	.rodata.str1.1 + 1494
.rela.text	0x000000000000057c	0000009800000113	R_AARCH64_ADR_PREL_PG_HI21	0x0000000000000000	.rodata.str1.1 + c8d
.rela.text	0x0000000000000580	0000009800000115	R_AARCH64_ADD_ABS_LO12_NC	0x0000000000000000	.rodata.str1.1 + c8d
.rela.text	0x000000000000058c	000000ab0000011b	R_AARCH64_CALL26	0x0000000000000000	_printk + 0
.rela.text	0x0000000000000594	000000a100000116	R_AARCH64_LDST8_ABS_LO12_NC	0x0000000000000000	fg_sh366003_log + 0
.rela.text	0x00000000000005cc	000000a80000011b	R_AARCH64_CALL26	0x0000000000000000	mutex_lock + 0
.rela.text	0x00000000000005f4	000000a100000113	R_AARCH64_ADR_PREL_PG_HI21	0x0000000000000000	fg_sh366003_log + 0
.rela.text	0x0000000000000610	000000a90000011b	R_AARCH64_CALL26	0x0000000000000000	i2c_transfer + 0
.rela.text	0x000000000000061c	000000aa0000011b	R_AARCH64_CALL26	0x0000000000000000	mutex_unlock + 0
.rela.text	0x000000000000062c	000000a100000116	R_AARCH64_LDST8_ABS_LO12_NC	0x0000000000000000	fg_sh366003_log + 0
.rela.text	0x0000000000000684	000000a100000113	R_AARCH64_ADR_PREL_PG_HI21	0x0000000000000000	fg_sh366003_log + 0
.rela.text	0x0000000000000688	000000a100000116	R_AARCH64_LDST8_ABS_LO12_NC	0x0000000000000000	fg_sh366003_log + 0
.rela.text	0x00000000000006cc	000000a80000011b	R_AARCH64_CALL26	0x0000000000000000	mutex_lock + 0
.rela.text	0x00000000000006d0	0000008200000113	R_AARCH64_ADR_PREL_PG_HI21	0x0000000000000000	.bss + 38
.rela.text	0x00000000000006d4	0000008200000115	R_AARCH64_ADD_ABS_LO12_NC	0x0000000000000000	.bss + 38
.rela.text	0x0000000000000714	000000a50000011b	R_AARCH64_CALL26	0x0000000000000000	memcpy + 0
.rela.text	0x0000000000000718	0000008200000113	R_AARCH64_ADR_PREL_PG_HI21	0x0000000000000000	.bss + 28
.rela.text	0x000000000000071c	0000008200000115	R_AARCH64_ADD_ABS_LO12_NC	0x0000000000000000	.bss + 28
.rela.text	0x0000000000000740	000000a90000011b	R_AARCH64_CALL26	0x0000000000000000	i2c_transfer + 0
.rela.text	0x000000000000074c	000000a100000113	R_AARCH64_ADR_PREL_PG_HI21	0x0000000000000000	fg_sh366003_log + 0
.rela.text	0x0000000000000750	000000a100000116	R_AARCH64_LDST8_ABS_LO12_NC	0x0000000000000000	fg_sh366003_log + 0
.rela.text	0x000000000000075c	000000aa0000011b	R_AARCH64_CALL26	0x0000000000000000	mutex_unlock + 0
.rela.text	0x0000000000000770	000000a100000113	R_AARCH64_ADR_PREL_PG_HI21	0x0000000000000000	fg_sh366003_log + 0
.rela.text	0x000000000000078c	0000009800000113	R_AARCH64_ADR_PREL_PG_HI21	0x0000000000000000	.rodata.str1.1 + 762
.rela.text	0x0000000000000790	0000009800000115	R_AARCH64_ADD_ABS_LO12_NC	0x0000000000000000	.rodata.str1.1 + 762
.rela.text	0x0000000000000794	0000009800000113	R_AARCH64_ADR_PREL_PG_HI21	0x0000000000000000	.rodata.str1.1 + c8d
.rela.text	0x0000000000000798	0000009800000115	R_AARCH64_ADD_ABS_LO12_NC	0x0000000000000000	.rodata.str1.1 + c8d
.rela.text	0x00000000000007a0	000000ab0000011b	R_AARCH64_CALL26	0x0000000000000000	_printk + 0
.rela.text	0x00000000000007a8	0000009800000113	R_AARCH64_ADR_PREL_PG_HI21	0x0000000000000000	.rodata.str1.1 + 21d0
.rela.text	0x00000000000007ac	0000009800000115	R_AARCH64_ADD_ABS_LO12_NC	0x0000000000000000	.rodata.str1.1 + 21d0
.rela.text	0x00000000000007b0	0000009800000113	R_AARCH64_ADR_PREL_PG_HI21	0x0000000000000000	.rodata.str1.1 + c8d
.rela.text	0x00000000000007b4	0000009800000115	R_AARCH64_ADD_ABS_LO12_NC	0x0000000000000000	.rodata.str1.1 + c8d
.rela.text	0x00000000000007bc	000000ab0000011b	R_AARCH64_CALL26	0x0000000000000000	_printk + 0
.rela.text	0x00000000000007c4	0000009800000113	R_AARCH64_ADR_PREL_PG_HI21	0x0000000000000000	.rodata.str1.1 + 1d1d
.rela.text	0x00000000000007c8	0000009800000115	R_AARCH64_ADD_ABS_LO12_NC	0x0000000000000000	.rodata.str1.1 + 1d1d
.rela.text	0x00000000000007cc	0000009800000113	R_AARCH64_ADR_PREL_PG_HI21	0x0000000000000000	.rodata.str1.1 + c8d
.rela.text	0x00000000000007d0	0000009800000115	R_AARCH64_ADD_ABS_LO12_NC	0x0000000000000000	.rodata.str1.1 + c8d
.rela.text	0x00000000000007d8	000000ab0000011b	R_AARCH64_CALL26	0x0000000000000000	_printk + 0
.rela.text	0x00000000000007e0	0000009800000113	R_AARCH64_ADR_PREL_PG_HI21	0x0000000000000000	.rodata.str1.1 + c8d
.rela.text	0x00000000000007e4	0000009800000115	R_AARCH64_ADD_ABS_LO12_NC	0x0000000000000000	.rodata.str1.1 + c8d
.rela.text	0x00000000000007e8	0000009800000113	R_AARCH64_ADR_PREL_PG_HI21	0x0000000000000000	.rodata.str1.1 + 1cee
.rela.text	0x00000000000007ec	0000009800000115	R_AARCH64_ADD_ABS_LO12_NC	0x0000000000000000	.rodata.str1.1 + 1cee
.rela.text	0x00000000000007fc	000000ab0000011b	R_AARCH64_CALL26	0x0000000000000000	_printk + 0
.rela.text	0x0000000000000804	0000009800000113	R_AARCH64_ADR_PREL_PG_HI21	0x0000000000000000	.rodata.str1.1 + 2ba
.rela.text	0x0000000000000808	0000009800000115	R_AARCH64_ADD_ABS_LO12_NC	0x0000000000000000	.rodata.str1.1 + 2ba
.rela.text	0x000000000000080c	0000009800000113	R_AARCH64_ADR_PREL_PG_HI21	0x0000000000000000	.rodata.str1.1 + c8d
.rela.text	0x0000000000000810	0000009800000115	R_AARCH64_ADD_ABS_LO12_NC	0x0000000000000000	.rodata.str1.1 + c8d
.rela.text	0x0000000000000818	000000ab0000011b	R_AARCH64_CALL26	0x0000000000000000	_printk + 0
.rela.text	0x0000000000000820	000000a100000113	R_AARCH64_ADR_PREL_PG_HI21	0x0000000000000000	fg_sh366003_log + 0
.rela.text	0x0000000000000824	000000a100000116	R_AARCH64_LDST8_ABS_LO12_NC	0x0000000000000000	fg_sh366003_log + 0
.rela.text	0x0000000000000834	0000009800000113	R_AARCH64_ADR_PREL_PG_HI21	0x0000000000000000	.rodata.str1.1 + c8d
.rela.text	0x0000000000000838	0000009800000115	R_AARCH64_ADD_ABS_LO12_NC	0x0000000000000000	.rodata.str1.1 + c8d
.rela.text	0x000000000000083c	0000009800000113	R_AARCH64_ADR_PREL_PG_HI21	0x0000000000000000	.rodata.str1.1 + 1cc5
.rela.text	0x0000000000000840	0000009800000115	R_AARCH64_ADD_ABS_LO12_NC	0x0000000000000000	.rodata.str1.1 + 1cc5
.rela.text	0x0000000000000844	0000009800000113	R_AARCH64_ADR_PREL_PG_HI21	0x0000000000000000	.rodata.str1.1 + 719
.rela.text	0x0000000000000848	0000009800000115	R_AARCH64_ADD_ABS_LO12_NC	0x0000000000000000	.rodata.str1.1 + 719
.rela.text	0x0000000000000858	000000ab0000011b	R_AARCH64_CALL26	0x0000000000000000	_printk + 0
.rela.text	0x000000000000085c	000000a100000113	R_AARCH64_ADR_PREL_PG_HI21	0x0000000000000000	fg_sh366003_log + 0
.rela.text	0x0000000000000860	000000a100000116	R_AARCH64_LDST8_ABS_LO12_NC	0x0000000000000000	fg_sh366003_log + 0
.rela.text	0x0000000000000868	0000009800000113	R_AARCH64_ADR_PREL_PG_HI21	0x0000000000000000	.rodata.str1.1 + 1ad3
.rela.text	0x000000000000086c	0000009800000115	R_AARCH64_ADD_ABS_LO12_NC	0x0000000000000000	.rodata.str1.1 + 1ad3
.rela.text	0x0000000000000870	0000009800000113	R_AARCH64_ADR_PREL_PG_HI21	0x0000000000000000	.rodata.str1.1 + c8d
.rela.text	0x0000000000000874	0000009800000115	R_AARCH64_ADD_ABS_LO12_NC	0x0000000000000000	.rodata.str1.1 + c8d
.rela.text	0x000000000000087c	000000ab0000011b	R_AARCH64_CALL26	0x0000000000000000	_printk + 0
.rela.text	0x0000000000000884	000000a100000116	R_AARCH64_LDST8_ABS_LO12_NC	0x0000000000000000	fg_sh366003_log + 0
.rela.text	0x0000000000000898	0000009800000113	R_AARCH64_ADR_PREL_PG_HI21	0x0000000000000000	.rodata.str1.1 + dee
.rela.text	0x000000000000089c	0000009800000115	R_AARCH64_ADD_ABS_LO12_NC	0x0000000000000000	.rodata.str1.1 + dee
.rela.text	0x00000000000008a0	0000009800000113	R_AARCH64_ADR_PREL_PG_HI21	0x0000000000000000	.rodata.str1.1 + c8d
.rela.text	0x00000000000008a4	0000009800000115	R_AARCH64_ADD_ABS_LO12_NC	0x0000000000000000	.rodata.str1.1 + c8d
.rela.text	0x00000000000008b0	000000ab0000011b	R_AARCH64_CALL26	0x0000000000000000	_printk + 0
.rela.text	0x00000000000008b4	000000a100000116	R_AARCH64_LDST8_ABS_LO12_NC	0x0000000000000000	fg_sh366003_log + 0
.rela.text	0x00000000000008c0	0000009800000113	R_AARCH64_ADR_PREL_PG_HI21	0x0000000000000000	.rodata.str1.1 + 78f
.rela.text	0x00000000000008c4	0000009800000115	R_AARCH64_ADD_ABS_LO12_NC	0x0000000000000000	.rodata.str1.1 + 78f
.rela.text	0x00000000000008c8	0000009800000113	R_AARCH64_ADR_PREL_PG_HI21	0x0000000000000000	.rodata.str1.1 + c8d
.rela.text	0x00000000000008cc	0000009800000115	R_AARCH64_ADD_ABS_LO12_NC	0x0000000000000000	.rodata.str1.1 + c8d
.rela.text	0x00000000000008d8	000000ab0000011b	R_AARCH64_CALL26	0x0000000000000000	_printk + 0
.rela.text	0x00000000000008f0	0000009800000113	R_AARCH64_ADR_PREL_PG_HI21	0x0000000000000000	.rodata.str1.1 + 1408
.rela.text	0x00000000000008f4	0000009800000115	R_AARCH64_ADD_ABS_LO12_NC	0x0000000000000000	.rodata.str1.1 + 1408
.rela.text	0x00000000000008f8	0000009800000113	R_AARCH64_ADR_PREL_PG_HI21	0x0000000000000000	.rodata.str1.1 + c8d
.rela.text	0x00000000000008fc	0000009800000115	R_AARCH64_ADD_ABS_LO12_NC	0x0000000000000000	.rodata.str1.1 + c8d
.rela.text	0x000000000000090c	000000ab0000011b	R_AARCH64_CALL26	0x0000000000000000	_printk + 0
.rela.text	0x0000000000000914	0000009800000113	R_AARCH64_ADR_PREL_PG_HI21	0x0000000000000000	.rodata.str1.1 + 55b
.rela.text	0x0000000000000918	0000009800000115	R_AARCH64_ADD_ABS_LO12_NC	0x0000000000000000	.rodata.str1.1 + 55b
.rela.text	0x000000000000091c	0000009800000113	R_AARCH64_ADR_PREL_PG_HI21	0x0000000000000000	.rodata.str1.1 + c8d
.rela.text	0x0000000000000920	0000009800000115	R_AARCH64_ADD_ABS_LO12_NC	0x0000000000000000	.rodata.str1.1 + c8d
.rela.text	0x0000000000000928	000000ab0000011b	R_AARCH64_CALL26	0x0000000000000000	_printk + 0
.rela.text	0x0000000000000930	0000009800000113	R_AARCH64_ADR_PREL_PG_HI21	0x0000000000000000	.rodata.str1.1 + 55b
.rela.text	0x0000000000000934	0000009800000115	R_AARCH64_ADD_ABS_LO12_NC	0x0000000000000000	.rodata.str1.1 + 55b
.rela.text	0x0000000000000938	0000009800000113	R_AARCH64_ADR_PREL_PG_HI21	0x0000000000000000	.rodata.str1.1 + c8d
.rela.text	0x000000000000093c	0000009800000115	R_AARCH64_ADD_ABS_LO12_NC	0x0000000000000000	.rodata.str1.1 + c8d
.rela.text	0x0000000000000944	000000ab0000011b	R_AARCH64_CALL26	0x0000000000000000	_printk + 0
.rela.text	0x0000000000000948	000000a100000116	R_AARCH64_LDST8_ABS_LO12_NC	0x0000000000000000	fg_sh366003_log + 0
.rela.text	0x0000000000000954	0000009800000113	R_AARCH64_ADR_PREL_PG_HI21	0x0000000000000000	.rodata.str1.1 + 1f02
.rela.text	0x0000000000000958	0000009800000115	R_AARCH64_ADD_ABS_LO12_NC	0x0000000000000000	.rodata.str1.1 + 1f02
.rela.text	0x000000000000095c	0000009800000113	R_AARCH64_ADR_PREL_PG_HI21	0x0000000000000000	.rodata.str1.1 + c8d
.rela.text	0x0000000000000960	0000009800000115	R_AARCH64_ADD_ABS_LO12_NC	0x0000000000000000	.rodata.str1.1 + c8d
.rela.text	0x000000000000096c	000000ab0000011b	R_AARCH64_CALL26	0x0000000000000000	_printk + 0
.rela.text	0x0000000000000970	000000a100000116	R_AARCH64_LDST8_ABS_LO12_NC	0x0000000000000000	fg_sh366003_log + 0
.rela.text	0x000000000000097c	0000009800000113	R_AARCH64_ADR_PREL_PG_HI21	0x0000000000000000	.rodata.str1.1 + 1f02
.rela.text	0x0000000000000980	0000009800000115	R_AARCH64_ADD_ABS_LO12_NC	0x0000000000000000	.rodata.str1.1 + 1f02
.rela.text	0x0000000000000984	0000009800000113	R_AARCH64_ADR_PREL_PG_HI21	0x0000000000000000	.rodata.str1.1 + c8d
.rela.text	0x0000000000000988	0000009800000115	R_AARCH64_ADD_ABS_LO12_NC	0x0000000000000000	.rodata.str1.1 + c8d
.rela.text	0x0000000000000994	000000ab0000011b	R_AARCH64_CALL26	0x0000000000000000	_printk + 0
.rela.text	0x0000000000000998	000000a100000116	R_AARCH64_LDST8_ABS_LO12_NC	0x0000000000000000	fg_sh366003_log + 0
.rela.text	0x00000000000009a4	0000009800000113	R_AARCH64_ADR_PREL_PG_HI21	0x0000000000000000	.rodata.str1.1 + 1f02
.rela.text	0x00000000000009a8	0000009800000115	R_AARCH64_ADD_ABS_LO12_NC	0x0000000000000000	.rodata.str1.1 + 1f02
.rela.text	0x00000000000009ac	0000009800000113	R_AARCH64_ADR_PREL_PG_HI21	0x0000000000000000	.rodata.str1.1 + c8d
.rela.text	0x00000000000009b0	0000009800000115	R_AARCH64_ADD_ABS_LO12_NC	0x0000000000000000	.rodata.str1.1 + c8d
.rela.text	0x00000000000009bc	000000ab0000011b	R_AARCH64_CALL26	0x0000000000000000	_printk + 0
.rela.text	0x00000000000009c0	000000a100000116	R_AARCH64_LDST8_ABS_LO12_NC	0x0000000000000000	fg_sh366003_log + 0
.rela.text	0x00000000000009cc	0000009800000113	R_AARCH64_ADR_PREL_PG_HI21	0x0000000000000000	.rodata.str1.1 + 1f02
.rela.text	0x00000000000009d0	0000009800000115	R_AARCH64_ADD_ABS_LO12_NC	0x0000000000000000	.rodata.str1.1 + 1f02
.rela.text	0x00000000000009d4	0000009800000113	R_AARCH64_ADR_PREL_PG_HI21	0x0000000000000000	.rodata.str1.1 + c8d
.rela.text	0x00000000000009d8	0000009800000115	R_AARCH64_ADD_ABS_LO12_NC	0x0000000000000000	.rodata.str1.1 + c8d
.rela.text	0x00000000000009e4	000000ab0000011b	R_AARCH64_CALL26	0x0000000000000000	_printk + 0
.rela.text	0x00000000000009e8	000000a100000116	R_AARCH64_LDST8_ABS_LO12_NC	0x0000000000000000	fg_sh366003_log + 0
.rela.text	0x00000000000009f4	0000009800000113	R_AARCH64_ADR_PREL_PG_HI21	0x0000000000000000	.rodata.str1.1 + 1f02
.rela.text	0x00000000000009f8	0000009800000115	R_AARCH64_ADD_ABS_LO12_NC	0x0000000000000000	.rodata.str1.1 + 1f02
.rela.text	0x00000000000009fc	0000009800000113	R_AARCH64_ADR_PREL_PG_HI21	0x0000000000000000	.rodata.str1.1 + c8d
.rela.text	0x0000000000000a00	0000009800000115	R_AARCH64_ADD_ABS_LO12_NC	0x0000000000000000	.rodata.str1.1 + c8d
.rela.text	0x0000000000000a0c	000000ab0000011b	R_AARCH64_CALL26	0x0000000000000000	_printk + 0
.rela.text	0x0000000000000a10	000000a100000116	R_AARCH64_LDST8_ABS_LO12_NC	0x0000000000000000	fg_sh366003_log + 0
.rela.text	0x0000000000000a1c	0000009800000113	R_AARCH64_ADR_PREL_PG_HI21	0x0000000000000000	.rodata.str1.1 + 1f02
.rela.text	0x0000000000000a20	0000009800000115	R_AARCH64_ADD_ABS_LO12_NC	0x0000000000000000	.rodata.str1.1 + 1f02
.rela.text	0x0000000000000a24	0000009800000113	R_AARCH64_ADR_PREL_PG_HI21	0x0000000000000000	.rodata.str1.1 + c8d
.rela.text	0x0000000000000a28	0000009800000115	R_AARCH64_ADD_ABS_LO12_NC	0x0000000000000000	.rodata.str1.1 + c8d
.rela.text	0x0000000000000a34	000000ab0000011b	R_AARCH64_CALL26	0x0000000000000000	_printk + 0
.rela.text	0x0000000000000a38	000000a100000116	R_AARCH64_LDST8_ABS_LO12_NC	0x0000000000000000	fg_sh366003_log + 0
.rela.text	0x0000000000000a44	0000009800000113	R_AARCH64_ADR_PREL_PG_HI21	0x0000000000000000	.rodata.str1.1 + 1f02
.rela.text	0x0000000000000a48	0000009800000115	R_AARCH64_ADD_ABS_LO12_NC	0x0000000000000000	.rodata.str1.1 + 1f02
.rela.text	0x0000000000000a4c	0000009800000113	R_AARCH64_ADR_PREL_PG_HI21	0x0000000000000000	.rodata.str1.1 + c8d
.rela.text	0x0000000000000a50	0000009800000115	R_AARCH64_ADD_ABS_LO12_NC	0x0000000000000000	.rodata.str1.1 + c8d
.rela.text	0x0000000000000a5c	000000ab0000011b	R_AARCH64_CALL26	0x0000000000000000	_printk + 0
.rela.text	0x0000000000000a60	000000a100000116	R_AARCH64_LDST8_ABS_LO12_NC	0x0000000000000000	fg_sh366003_log + 0
.rela.text	0x0000000000000a6c	0000009800000113	R_AARCH64_ADR_PREL_PG_HI21	0x0000000000000000	.rodata.str1.1 + 1f02
.rela.text	0x0000000000000a70	0000009800000115	R_AARCH64_ADD_ABS_LO12_NC	0x0000000000000000	.rodata.str1.1 + 1f02
.rela.text	0x0000000000000a74	0000009800000113	R_AARCH64_ADR_PREL_PG_HI21	0x0000000000000000	.rodata.str1.1 + c8d
.rela.text	0x0000000000000a78	0000009800000115	R_AARCH64_ADD_ABS_LO12_NC	0x0000000000000000	.rodata.str1.1 + c8d
.rela.text	0x0000000000000a84	000000ab0000011b	R_AARCH64_CALL26	0x0000000000000000	_printk + 0
.rela.text	0x0000000000000a88	000000a100000116	R_AARCH64_LDST8_ABS_LO12_NC	0x0000000000000000	fg_sh366003_log + 0
.rela.text	0x0000000000000a94	0000009800000113	R_AARCH64_ADR_PREL_PG_HI21	0x0000000000000000	.rodata.str1.1 + 1f02
.rela.text	0x0000000000000a98	0000009800000115	R_AARCH64_ADD_ABS_LO12_NC	0x0000000000000000	.rodata.str1.1 + 1f02
.rela.text	0x0000000000000a9c	0000009800000113	R_AARCH64_ADR_PREL_PG_HI21	0x0000000000000000	.rodata.str1.1 + c8d
.rela.text	0x0000000000000aa0	0000009800000115	R_AARCH64_ADD_ABS_LO12_NC	0x0000000000000000	.rodata.str1.1 + c8d
.rela.text	0x0000000000000aac	000000ab0000011b	R_AARCH64_CALL26	0x0000000000000000	_printk + 0
.rela.text	0x0000000000000ab0	000000a100000116	R_AARCH64_LDST8_ABS_LO12_NC	0x0000000000000000	fg_sh366003_log + 0
.rela.text	0x0000000000000abc	0000009800000113	R_AARCH64_ADR_PREL_PG_HI21	0x0000000000000000	.rodata.str1.1 + 1f02
.rela.text	0x0000000000000ac0	0000009800000115	R_AARCH64_ADD_ABS_LO12_NC	0x0000000000000000	.rodata.str1.1 + 1f02
.rela.text	0x0000000000000ac4	0000009800000113	R_AARCH64_ADR_PREL_PG_HI21	0x0000000000000000	.rodata.str1.1 + c8d
.rela.text	0x0000000000000ac8	0000009800000115	R_AARCH64_ADD_ABS_LO12_NC	0x0000000000000000	.rodata.str1.1 + c8d
.rela.text	0x0000000000000ad4	000000ab0000011b	R_AARCH64_CALL26	0x0000000000000000	_printk + 0
.rela.text	0x0000000000000adc	0000009800000113	R_AARCH64_ADR_PREL_PG_HI21	0x0000000000000000	.rodata.str1.1 + 135a
.rela.text	0x0000000000000ae0	0000009800000115	R_AARCH64_ADD_ABS_LO12_NC	0x0000000000000000	.rodata.str1.1 + 135a
.rela.text	0x0000000000000ae4	0000009800000113	R_AARCH64_ADR_PREL_PG_HI21	0x0000000000000000	.rodata.str1.1 + c8d
.rela.text	0x0000000000000ae8	0000009800000115	R_AARCH64_ADD_ABS_LO12_NC	0x0000000000000000	.rodata.str1.1 + c8d
.rela.text	0x0000000000000af0	000000ab0000011b	R_AARCH64_CALL26	0x0000000000000000	_printk + 0
.rela.text	0x0000000000000afc	0000009800000113	R_AARCH64_ADR_PREL_PG_HI21	0x0000000000000000	.rodata.str1.1 + 10e5
.rela.text	0x0000000000000b00	0000009800000115	R_AARCH64_ADD_ABS_LO12_NC	0x0000000000000000	.rodata.str1.1 + 10e5
.rela.text	0x0000000000000b04	0000009800000113	R_AARCH64_ADR_PREL_PG_HI21	0x0000000000000000	.rodata.str1.1 + c8d
.rela.text	0x0000000000000b08	0000009800000115	R_AARCH64_ADD_ABS_LO12_NC	0x0000000000000000	.rodata.str1.1 + c8d
.rela.text	0x0000000000000b10	000000ab0000011b	R_AARCH64_CALL26	0x0000000000000000	_printk + 0
.rela.text	0x0000000000000b18	0000009800000113	R_AARCH64_ADR_PREL_PG_HI21	0x0000000000000000	.rodata.str1.1 + ca1
.rela.text	0x0000000000000b1c	0000009800000115	R_AARCH64_ADD_ABS_LO12_NC	0x0000000000000000	.rodata.str1.1 + ca1
.rela.text	0x0000000000000b20	0000009800000113	R_AARCH64_ADR_PREL_PG_HI21	0x0000000000000000	.rodata.str1.1 + c8d
.rela.text	0x0000000000000b24	0000009800000115	R_AARCH64_ADD_ABS_LO12_NC	0x0000000000000000	.rodata.str1.1 + c8d
.rela.text	0x0000000000000b30	000000ab0000011b	R_AARCH64_CALL26	0x0000000000000000	_printk + 0
.rela.text	0x0000000000000b38	0000009800000113	R_AARCH64_ADR_PREL_PG_HI21	0x0000000000000000	.rodata.str1.1 + 854
.rela.text	0x0000000000000b3c	0000009800000115	R_AARCH64_ADD_ABS_LO12_NC	0x0000000000000000	.rodata.str1.1 + 854
.rela.text	0x0000000000000b4c	000000a60000011b	R_AARCH64_CALL26	0x0000000000000000	snprintf + 0
.rela.text	0x0000000000000b50	000000a100000116	R_AARCH64_LDST8_ABS_LO12_NC	0x0000000000000000	fg_sh366003_log + 0
.rela.text	0x0000000000000b58	0000009800000113	R_AARCH64_ADR_PREL_PG_HI21	0x0000000000000000	.rodata.str1.1 + 16b0
.rela.text	0x0000000000000b5c	0000009800000115	R_AARCH64_ADD_ABS_LO12_NC	0x0000000000000000	.rodata.str1.1 + 16b0
.rela.text	0x0000000000000b60	0000009800000113	R_AARCH64_ADR_PREL_PG_HI21	0x0000000000000000	.rodata.str1.1 + c8d
.rela.text	0x0000000000000b64	0000009800000115	R_AARCH64_ADD_ABS_LO12_NC	0x0000000000000000	.rodata.str1.1 + c8d
.rela.text	0x0000000000000b74	0000009800000113	R_AARCH64_ADR_PREL_PG_HI21	0x0000000000000000	.rodata.str1.1 + d43
.rela.text	0x0000000000000b78	0000009800000115	R_AARCH64_ADD_ABS_LO12_NC	0x0000000000000000	.rodata.str1.1 + d43
.rela.text	0x0000000000000b7c	0000009800000113	R_AARCH64_ADR_PREL_PG_HI21	0x0000000000000000	.rodata.str1.1 + c8d
.rela.text	0x0000000000000b80	0000009800000115	R_AARCH64_ADD_ABS_LO12_NC	0x0000000000000000	.rodata.str1.1 + c8d
.rela.text	0x0000000000000b88	000000ab0000011b	R_AARCH64_CALL26	0x0000000000000000	_printk + 0
.rela.text	0x0000000000000b94	0000009800000113	R_AARCH64_ADR_PREL_PG_HI21	0x0000000000000000	.rodata.str1.1 + 854
.rela.text	0x0000000000000b98	0000009800000115	R_AARCH64_ADD_ABS_LO12_NC	0x0000000000000000	.rodata.str1.1 + 854
.rela.text	0x0000000000000ba8	000000a60000011b	R_AARCH64_CALL26	0x0000000000000000	snprintf + 0
.rela.text	0x0000000000000bac	000000a100000116	R_AARCH64_LDST8_ABS_LO12_NC	0x0000000000000000	fg_sh366003_log + 0
.rela.text	0x0000000000000bb4	0000009800000113	R_AARCH64_ADR_PREL_PG_HI21	0x0000000000000000	.rodata.str1.1 + 269
.rela.text	0x0000000000000bb8	0000009800000115	R_AARCH64_ADD_ABS_LO12_NC	0x0000000000000000	.rodata.str1.1 + 269
.rela.text	0x0000000000000bbc	0000009800000113	R_AARCH64_ADR_PREL_PG_HI21	0x0000000000000000	.rodata.str1.1 + c8d
.rela.text	0x0000000000000bc0	0000009800000115	R_AARCH64_ADD_ABS_LO12_NC	0x0000000000000000	.rodata.str1.1 + c8d
.rela.text	0x0000000000000bd0	000000ab0000011b	R_AARCH64_CALL26	0x0000000000000000	_printk + 0
.rela.text	0x0000000000000bdc	000000a100000113	R_AARCH64_ADR_PREL_PG_HI21	0x0000000000000000	fg_sh366003_log + 0
.rela.text	0x0000000000000be0	000000a100000116	R_AARCH64_LDST8_ABS_LO12_NC	0x0000000000000000	fg_sh366003_log + 0
.rela.text	0x0000000000000be8	0000009800000113	R_AARCH64_ADR_PREL_PG_HI21	0x0000000000000000	.rodata.str1.1 + 854
.rela.text	0x0000000000000bec	0000009800000115	R_AARCH64_ADD_ABS_LO12_NC	0x0000000000000000	.rodata.str1.1 + 854
.rela.text	0x0000000000000bfc	000000a60000011b	R_AARCH64_CALL26	0x0000000000000000	snprintf + 0
.rela.text	0x0000000000000c00	000000a100000113	R_AARCH64_ADR_PREL_PG_HI21	0x0000000000000000	fg_sh366003_log + 0
.rela.text	0x0000000000000c04	000000a100000116	R_AARCH64_LDST8_ABS_LO12_NC	0x0000000000000000	fg_sh366003_log + 0
.rela.text	0x0000000000000c20	0000009800000113	R_AARCH64_ADR_PREL_PG_HI21	0x0000000000000000	.rodata.str1.1 + 893
.rela.text	0x0000000000000c24	0000009800000115	R_AARCH64_ADD_ABS_LO12_NC	0x0000000000000000	.rodata.str1.1 + 893
.rela.text	0x0000000000000c28	0000009800000113	R_AARCH64_ADR_PREL_PG_HI21	0x0000000000000000	.rodata.str1.1 + c8d
.rela.text	0x0000000000000c2c	0000009800000115	R_AARCH64_ADD_ABS_LO12_NC	0x0000000000000000	.rodata.str1.1 + c8d
.rela.text	0x0000000000000c3c	000000ab0000011b	R_AARCH64_CALL26	0x0000000000000000	_printk + 0
.rela.text	0x0000000000000c4c	0000009800000113	R_AARCH64_ADR_PREL_PG_HI21	0x0000000000000000	.rodata.str1.1 + 1189
.rela.text	0x0000000000000c50	0000009800000115	R_AARCH64_ADD_ABS_LO12_NC	0x0000000000000000	.rodata.str1.1 + 1189
.rela.text	0x0000000000000c54	0000009800000113	R_AARCH64_ADR_PREL_PG_HI21	0x0000000000000000	.rodata.str1.1 + 1175
.rela.text	0x0000000000000c58	0000009800000115	R_AARCH64_ADD_ABS_LO12_NC	0x0000000000000000	.rodata.str1.1 + 1175
.rela.text	0x0000000000000c60	000000ab0000011b	R_AARCH64_CALL26	0x0000000000000000	_printk + 0
.rela.text	0x0000000000000c68	000000aa0000011b	R_AARCH64_CALL26	0x0000000000000000	mutex_unlock + 0
.rela.text	0x0000000000000c70	0000009800000113	R_AARCH64_ADR_PREL_PG_HI21	0x0000000000000000	.rodata.str1.1 + 1388
.rela.text	0x0000000000000c74	0000009800000115	R_AARCH64_ADD_ABS_LO12_NC	0x0000000000000000	.rodata.str1.1 + 1388
.rela.text	0x0000000000000c78	0000009800000113	R_AARCH64_ADR_PREL_PG_HI21	0x0000000000000000	.rodata.str1.1 + 1175
.rela.text	0x0000000000000c7c	0000009800000115	R_AARCH64_ADD_ABS_LO12_NC	0x0000000000000000	.rodata.str1.1 + 1175
.rela.text	0x0000000000000c84	000000ab0000011b	R_AARCH64_CALL26	0x0000000000000000	_printk + 0
.rela.text	0x0000000000000c8c	000000ac0000011b	R_AARCH64_CALL26	0x0000000000000000	__stack_chk_fail + 0
.rela.text	0x0000000000000cc4	000000a80000011b	R_AARCH64_CALL26	0x0000000000000000	mutex_lock + 0
.rela.text	0x0000000000000cd4	000000ad0000011b	R_AARCH64_CALL26	0x0000000000000000	i2c_smbus_write_word_data + 0
.rela.text	0x0000000000000ce0	000000aa0000011b	R_AARCH64_CALL26	0x0000000000000000	mutex_unlock + 0
.rela.text	0x0000000000000ce8	000000a70000011b	R_AARCH64_CALL26	0x0000000000000000	msleep + 0
.rela.text	0x0000000000000cf0	000000a80000011b	R_AARCH64_CALL26	0x0000000000000000	mutex_lock + 0
.rela.text	0x0000000000000d00	000000ad0000011b	R_AARCH64_CALL26	0x0000000000000000	i2c_smbus_write_word_data + 0
.rela.text	0x0000000000000d0c	000000aa0000011b	R_AARCH64_CALL26	0x0000000000000000	mutex_unlock + 0
.rela.text	0x0000000000000d14	000000a70000011b	R_AARCH64_CALL26	0x0000000000000000	msleep + 0
.rela.text	0x0000000000000d1c	000000a80000011b	R_AARCH64_CALL26	0x0000000000000000	mutex_lock + 0
.rela.text	0x0000000000000d2c	000000ad0000011b	R_AARCH64_CALL26	0x0000000000000000	i2c_smbus_write_word_data + 0
.rela.text	0x0000000000000d38	000000aa0000011b	R_AARCH64_CALL26	0x0000000000000000	mutex_unlock + 0
.rela.text	0x0000000000000d40	000000a70000011b	R_AARCH64_CALL26	0x0000000000000000	msleep + 0
.rela.text	0x0000000000000d48	000000a80000011b	R_AARCH64_CALL26	0x0000000000000000	mutex_lock + 0
.rela.text	0x0000000000000d58	000000ad0000011b	R_AARCH64_CALL26	0x0000000000000000	i2c_smbus_write_word_data + 0
.rela.text	0x0000000000000d64	000000aa0000011b	R_AARCH64_CALL26	0x0000000000000000	mutex_unlock + 0
.rela.text	0x0000000000000d6c	000000a70000011b	R_AARCH64_CALL26	0x0000000000000000	msleep + 0
.rela.text	0x0000000000000d84	000000a100000113	R_AARCH64_ADR_PREL_PG_HI21	0x0000000000000000	fg_sh366003_log + 0
.rela.text	0x0000000000000d88	000000a100000116	R_AARCH64_LDST8_ABS_LO12_NC	0x0000000000000000	fg_sh366003_log + 0
.rela.text	0x0000000000000d98	000000a100000116	R_AARCH64_LDST8_ABS_LO12_NC	0x0000000000000000	fg_sh366003_log + 0
.rela.text	0x0000000000000da8	0000009800000113	R_AARCH64_ADR_PREL_PG_HI21	0x0000000000000000	.rodata.str1.1 + 1b06
.rela.text	0x0000000000000dac	0000009800000115	R_AARCH64_ADD_ABS_LO12_NC	0x0000000000000000	.rodata.str1.1 + 1b06
.rela.text	0x0000000000000db0	0000009800000113	R_AARCH64_ADR_PREL_PG_HI21	0x0000000000000000	.rodata.str1.1 + 9cd
.rela.text	0x0000000000000db4	0000009800000115	R_AARCH64_ADD_ABS_LO12_NC	0x0000000000000000	.rodata.str1.1 + 9cd
.rela.text	0x0000000000000dc0	000000a100000113	R_AARCH64_ADR_PREL_PG_HI21	0x0000000000000000	fg_sh366003_log + 0
.rela.text	0x0000000000000dc8	000000a100000116	R_AARCH64_LDST8_ABS_LO12_NC	0x0000000000000000	fg_sh366003_log + 0
.rela.text	0x0000000000000dd0	0000009800000113	R_AARCH64_ADR_PREL_PG_HI21	0x0000000000000000	.rodata.str1.1 + 2307
.rela.text	0x0000000000000dd4	0000009800000115	R_AARCH64_ADD_ABS_LO12_NC	0x0000000000000000	.rodata.str1.1 + 2307
.rela.text	0x0000000000000dd8	0000009800000113	R_AARCH64_ADR_PREL_PG_HI21	0x0000000000000000	.rodata.str1.1 + 9dd
.rela.text	0x0000000000000ddc	0000009800000115	R_AARCH64_ADD_ABS_LO12_NC	0x0000000000000000	.rodata.str1.1 + 9dd
.rela.text	0x0000000000000dec	000000a100000113	R_AARCH64_ADR_PREL_PG_HI21	0x0000000000000000	fg_sh366003_log + 0
.rela.text	0x0000000000000df4	000000a100000116	R_AARCH64_LDST8_ABS_LO12_NC	0x0000000000000000	fg_sh366003_log + 0
.rela.text	0x0000000000000dfc	0000009800000113	R_AARCH64_ADR_PREL_PG_HI21	0x0000000000000000	.rodata.str1.1 + 2307
.rela.text	0x0000000000000e00	0000009800000115	R_AARCH64_ADD_ABS_LO12_NC	0x0000000000000000	.rodata.str1.1 + 2307
.rela.text	0x0000000000000e04	0000009800000113	R_AARCH64_ADR_PREL_PG_HI21	0x0000000000000000	.rodata.str1.1 + 9dd
.rela.text	0x0000000000000e08	0000009800000115	R_AARCH64_ADD_ABS_LO12_NC	0x0000000000000000	.rodata.str1.1 + 9dd
.rela.text	0x0000000000000e18	000000a100000113	R_AARCH64_ADR_PREL_PG_HI21	0x0000000000000000	fg_sh366003_log + 0
.rela.text	0x0000000000000e20	000000a100000116	R_AARCH64_LDST8_ABS_LO12_NC	0x0000000000000000	fg_sh366003_log + 0
.rela.text	0x0000000000000e28	0000009800000113	R_AARCH64_ADR_PREL_PG_HI21	0x0000000000000000	.rodata.str1.1 + 2307
.rela.text	0x0000000000000e2c	0000009800000115	R_AARCH64_ADD_ABS_LO12_NC	0x0000000000000000	.rodata.str1.1 + 2307
.rela.text	0x0000000000000e30	0000009800000113	R_AARCH64_ADR_PREL_PG_HI21	0x0000000000000000	.rodata.str1.1 + 9dd
.rela.text	0x0000000000000e34	0000009800000115	R_AARCH64_ADD_ABS_LO12_NC	0x0000000000000000	.rodata.str1.1 + 9dd
.rela.text	0x0000000000000e44	000000a100000113	R_AARCH64_ADR_PREL_PG_HI21	0x0000000000000000	fg_sh366003_log + 0
.rela.text	0x0000000000000e4c	000000a100000116	R_AARCH64_LDST8_ABS_LO12_NC	0x0000000000000000	fg_sh366003_log + 0
.rela.text	0x0000000000000e54	0000009800000113	R_AARCH64_ADR_PREL_PG_HI21	0x0000000000000000	.rodata.str1.1 + 2307
.rela.text	0x0000000000000e58	0000009800000115	R_AARCH64_ADD_ABS_LO12_NC	0x0000000000000000	.rodata.str1.1 + 2307
.rela.text	0x0000000000000e5c	0000009800000113	R_AARCH64_ADR_PREL_PG_HI21	0x0000000000000000	.rodata.str1.1 + 9dd
.rela.text	0x0000000000000e60	0000009800000115	R_AARCH64_ADD_ABS_LO12_NC	0x0000000000000000	.rodata.str1.1 + 9dd
.rela.text	0x0000000000000e70	000000ab0000011b	R_AARCH64_CALL26	0x0000000000000000	_printk + 0
.rela.text	0x0000000000000e78	000000aa0000011b	R_AARCH64_CALL26	0x0000000000000000	mutex_unlock + 0
.rela.text	0x0000000000000ec4	0000009800000113	R_AARCH64_ADR_PREL_PG_HI21	0x0000000000000000	.rodata.str1.1 + 7b
.rela.text	0x0000000000000ec8	0000009800000115	R_AARCH64_ADD_ABS_LO12_NC	0x0000000000000000	.rodata.str1.1 + 7b
.rela.text	0x0000000000000ecc	0000009800000113	R_AARCH64_ADR_PREL_PG_HI21	0x0000000000000000	.rodata.str1.1 + 9cd
.rela.text	0x0000000000000ed0	0000009800000115	R_AARCH64_ADD_ABS_LO12_NC	0x0000000000000000	.rodata.str1.1 + 9cd
.rela.text	0x0000000000000edc	000000ab0000011b	R_AARCH64_CALL26	0x0000000000000000	_printk + 0
.rela.text	0x0000000000000ee4	0000009800000113	R_AARCH64_ADR_PREL_PG_HI21	0x0000000000000000	.rodata.str1.1 + 305
.rela.text	0x0000000000000ee8	0000009800000115	R_AARCH64_ADD_ABS_LO12_NC	0x0000000000000000	.rodata.str1.1 + 305
.rela.text	0x0000000000000eec	0000009800000113	R_AARCH64_ADR_PREL_PG_HI21	0x0000000000000000	.rodata.str1.1 + 9cd
.rela.text	0x0000000000000ef0	0000009800000115	R_AARCH64_ADD_ABS_LO12_NC	0x0000000000000000	.rodata.str1.1 + 9cd
.rela.text	0x0000000000000ef8	000000ab0000011b	R_AARCH64_CALL26	0x0000000000000000	_printk + 0
.rela.text	0x0000000000000f04	0000009800000113	R_AARCH64_ADR_PREL_PG_HI21	0x0000000000000000	.rodata.str1.1 + b9
.rela.text	0x0000000000000f08	0000009800000115	R_AARCH64_ADD_ABS_LO12_NC	0x0000000000000000	.rodata.str1.1 + b9
.rela.text	0x0000000000000f0c	0000009800000113	R_AARCH64_ADR_PREL_PG_HI21	0x0000000000000000	.rodata.str1.1 + 9cd
.rela.text	0x0000000000000f10	0000009800000115	R_AARCH64_ADD_ABS_LO12_NC	0x0000000000000000	.rodata.str1.1 + 9cd
.rela.text	0x0000000000000f18	000000ab0000011b	R_AARCH64_CALL26	0x0000000000000000	_printk + 0
.rela.text	0x0000000000000f20	000000ac0000011b	R_AARCH64_CALL26	0x0000000000000000	__stack_chk_fail + 0
.rela.text	0x0000000000000f58	000000a80000011b	R_AARCH64_CALL26	0x0000000000000000	mutex_lock + 0
.rela.text	0x0000000000000f68	000000ad0000011b	R_AARCH64_CALL26	0x0000000000000000	i2c_smbus_write_word_data + 0
.rela.text	0x0000000000000f6c	000000a100000113	R_AARCH64_ADR_PREL_PG_HI21	0x0000000000000000	fg_sh366003_log + 0
.rela.text	0x0000000000000f74	000000a100000116	R_AARCH64_LDST8_ABS_LO12_NC	0x0000000000000000	fg_sh366003_log + 0
.rela.text	0x0000000000000f80	000000aa0000011b	R_AARCH64_CALL26	0x0000000000000000	mutex_unlock + 0
.rela.text	0x0000000000000f98	000000a100000116	R_AARCH64_LDST8_ABS_LO12_NC	0x0000000000000000	fg_sh366003_log + 0
.rela.text	0x0000000000000fcc	0000009800000113	R_AARCH64_ADR_PREL_PG_HI21	0x0000000000000000	.rodata.str1.1 + 2307
.rela.text	0x0000000000000fd0	0000009800000115	R_AARCH64_ADD_ABS_LO12_NC	0x0000000000000000	.rodata.str1.1 + 2307
.rela.text	0x0000000000000fd4	0000009800000113	R_AARCH64_ADR_PREL_PG_HI21	0x0000000000000000	.rodata.str1.1 + 9dd
.rela.text	0x0000000000000fd8	0000009800000115	R_AARCH64_ADD_ABS_LO12_NC	0x0000000000000000	.rodata.str1.1 + 9dd
.rela.text	0x0000000000000fe8	000000ab0000011b	R_AARCH64_CALL26	0x0000000000000000	_printk + 0
.rela.text	0x0000000000000ff4	0000009800000113	R_AARCH64_ADR_PREL_PG_HI21	0x0000000000000000	.rodata.str1.1 + 175f
.rela.text	0x0000000000000ff8	0000009800000115	R_AARCH64_ADD_ABS_LO12_NC	0x0000000000000000	.rodata.str1.1 + 175f
.rela.text	0x0000000000000ffc	0000009800000113	R_AARCH64_ADR_PREL_PG_HI21	0x0000000000000000	.rodata.str1.1 + 42d
.rela.text	0x0000000000001000	0000009800000115	R_AARCH64_ADD_ABS_LO12_NC	0x0000000000000000	.rodata.str1.1 + 42d
.rela.text	0x0000000000001008	000000ab0000011b	R_AARCH64_CALL26	0x0000000000000000	_printk + 0
.rela.text	0x0000000000001010	000000ac0000011b	R_AARCH64_CALL26	0x0000000000000000	__stack_chk_fail + 0
.rela.text	0x0000000000001034	000000a100000113	R_AARCH64_ADR_PREL_PG_HI21	0x0000000000000000	fg_sh366003_log + 0
.rela.text	0x0000000000001044	000000a100000116	R_AARCH64_LDST8_ABS_LO12_NC	0x0000000000000000	fg_sh366003_log + 0
.rela.text	0x0000000000001058	000000a80000011b	R_AARCH64_CALL26	0x0000000000000000	mutex_lock + 0
.rela.text	0x0000000000001074	000000a100000116	R_AARCH64_LDST8_ABS_LO12_NC	0x0000000000000000	fg_sh366003_log + 0
.rela.text	0x0000000000001084	000000aa0000011b	R_AARCH64_CALL26	0x0000000000000000	mutex_unlock + 0
.rela.text	0x0000000000001088	000000a100000116	R_AARCH64_LDST8_ABS_LO12_NC	0x0000000000000000	fg_sh366003_log + 0
.rela.text	0x0000000000001090	0000009800000113	R_AARCH64_ADR_PREL_PG_HI21	0x0000000000000000	.rodata.str1.1 + 207b
.rela.text	0x0000000000001094	0000009800000115	R_AARCH64_ADD_ABS_LO12_NC	0x0000000000000000	.rodata.str1.1 + 207b
.rela.text	0x0000000000001098	0000009800000113	R_AARCH64_ADR_PREL_PG_HI21	0x0000000000000000	.rodata.str1.1 + 1c3
.rela.text	0x000000000000109c	0000009800000115	R_AARCH64_ADD_ABS_LO12_NC	0x0000000000000000	.rodata.str1.1 + 1c3
.rela.text	0x00000000000010a4	000000ab0000011b	R_AARCH64_CALL26	0x0000000000000000	_printk + 0
.rela.text	0x00000000000010e4	0000009800000113	R_AARCH64_ADR_PREL_PG_HI21	0x0000000000000000	.rodata.str1.1 + 21fd
.rela.text	0x00000000000010e8	0000009800000115	R_AARCH64_ADD_ABS_LO12_NC	0x0000000000000000	.rodata.str1.1 + 21fd
.rela.text	0x00000000000010ec	0000009800000113	R_AARCH64_ADR_PREL_PG_HI21	0x0000000000000000	.rodata.str1.1 + 1c3
.rela.text	0x00000000000010f0	0000009800000115	R_AARCH64_ADD_ABS_LO12_NC	0x0000000000000000	.rodata.str1.1 + 1c3
.rela.text	0x00000000000010f8	000000ab0000011b	R_AARCH64_CALL26	0x0000000000000000	_printk + 0
.rela.text	0x0000000000001104	0000009800000113	R_AARCH64_ADR_PREL_PG_HI21	0x0000000000000000	.rodata.str1.1 + 43b
.rela.text	0x0000000000001108	0000009800000115	R_AARCH64_ADD_ABS_LO12_NC	0x0000000000000000	.rodata.str1.1 + 43b
.rela.text	0x000000000000110c	0000009800000113	R_AARCH64_ADR_PREL_PG_HI21	0x0000000000000000	.rodata.str1.1 + 8e5
.rela.text	0x0000000000001110	0000009800000115	R_AARCH64_ADD_ABS_LO12_NC	0x0000000000000000	.rodata.str1.1 + 8e5
.rela.text	0x0000000000001118	000000ab0000011b	R_AARCH64_CALL26	0x0000000000000000	_printk + 0
.rela.text	0x0000000000001120	0000009800000113	R_AARCH64_ADR_PREL_PG_HI21	0x0000000000000000	.rodata.str1.1 + 5eb
.rela.text	0x0000000000001124	0000009800000115	R_AARCH64_ADD_ABS_LO12_NC	0x0000000000000000	.rodata.str1.1 + 5eb
.rela.text	0x0000000000001128	0000009800000113	R_AARCH64_ADR_PREL_PG_HI21	0x0000000000000000	.rodata.str1.1 + 8e5
.rela.text	0x000000000000112c	0000009800000115	R_AARCH64_ADD_ABS_LO12_NC	0x0000000000000000	.rodata.str1.1 + 8e5
.rela.text	0x0000000000001138	000000ab0000011b	R_AARCH64_CALL26	0x0000000000000000	_printk + 0
.rela.text	0x000000000000113c	000000a100000116	R_AARCH64_LDST8_ABS_LO12_NC	0x0000000000000000	fg_sh366003_log + 0
.rela.text	0x0000000000001144	0000009800000113	R_AARCH64_ADR_PREL_PG_HI21	0x0000000000000000	.rodata.str1.1 + 589
.rela.text	0x0000000000001148	0000009800000115	R_AARCH64_ADD_ABS_LO12_NC	0x0000000000000000	.rodata.str1.1 + 589
.rela.text	0x000000000000114c	0000009800000113	R_AARCH64_ADR_PREL_PG_HI21	0x0000000000000000	.rodata.str1.1 + 1b3d
.rela.text	0x0000000000001150	0000009800000115	R_AARCH64_ADD_ABS_LO12_NC	0x0000000000000000	.rodata.str1.1 + 1b3d
.rela.text	0x0000000000001160	000000ab0000011b	R_AARCH64_CALL26	0x0000000000000000	_printk + 0
.rela.text	0x0000000000001168	000000ac0000011b	R_AARCH64_CALL26	0x0000000000000000	__stack_chk_fail + 0
.rela.text	0x0000000000001198	000000a80000011b	R_AARCH64_CALL26	0x0000000000000000	mutex_lock + 0
.rela.text	0x00000000000011ac	000000b50000011b	R_AARCH64_CALL26	0x0000000000000000	i2c_smbus_read_word_data + 0
.rela.text	0x00000000000011b8	000000a100000113	R_AARCH64_ADR_PREL_PG_HI21	0x0000000000000000	fg_sh366003_log + 0
.rela.text	0x00000000000011bc	000000a100000116	R_AARCH64_LDST8_ABS_LO12_NC	0x0000000000000000	fg_sh366003_log + 0
.rela.text	0x00000000000011c8	0000009800000113	R_AARCH64_ADR_PREL_PG_HI21	0x0000000000000000	.rodata.str1.1 + 20aa
.rela.text	0x00000000000011cc	0000009800000115	R_AARCH64_ADD_ABS_LO12_NC	0x0000000000000000	.rodata.str1.1 + 20aa
.rela.text	0x00000000000011d0	0000009800000113	R_AARCH64_ADR_PREL_PG_HI21	0x0000000000000000	.rodata.str1.1 + 20f9
.rela.text	0x00000000000011d4	0000009800000115	R_AARCH64_ADD_ABS_LO12_NC	0x0000000000000000	.rodata.str1.1 + 20f9
.rela.text	0x00000000000011dc	000000ab0000011b	R_AARCH64_CALL26	0x0000000000000000	_printk + 0
.rela.text	0x00000000000011f0	000000ad0000011b	R_AARCH64_CALL26	0x0000000000000000	i2c_smbus_write_word_data + 0
.rela.text	0x00000000000011fc	000000a70000011b	R_AARCH64_CALL26	0x0000000000000000	msleep + 0
.rela.text	0x0000000000001208	000000b50000011b	R_AARCH64_CALL26	0x0000000000000000	i2c_smbus_read_word_data + 0
.rela.text	0x0000000000001214	000000a100000113	R_AARCH64_ADR_PREL_PG_HI21	0x0000000000000000	fg_sh366003_log + 0
.rela.text	0x0000000000001218	000000a100000116	R_AARCH64_LDST8_ABS_LO12_NC	0x0000000000000000	fg_sh366003_log + 0
.rela.text	0x0000000000001220	0000009800000113	R_AARCH64_ADR_PREL_PG_HI21	0x0000000000000000	.rodata.str1.1 + 20aa
.rela.text	0x0000000000001224	0000009800000115	R_AARCH64_ADD_ABS_LO12_NC	0x0000000000000000	.rodata.str1.1 + 20aa
.rela.text	0x0000000000001228	0000009800000113	R_AARCH64_ADR_PREL_PG_HI21	0x0000000000000000	.rodata.str1.1 + 20f9
.rela.text	0x000000000000122c	0000009800000115	R_AARCH64_ADD_ABS_LO12_NC	0x0000000000000000	.rodata.str1.1 + 20f9
.rela.text	0x0000000000001238	000000ab0000011b	R_AARCH64_CALL26	0x0000000000000000	_printk + 0
.rela.text	0x0000000000001248	000000ad0000011b	R_AARCH64_CALL26	0x0000000000000000	i2c_smbus_write_word_data + 0
.rela.text	0x0000000000001250	000000a100000113	R_AARCH64_ADR_PREL_PG_HI21	0x0000000000000000	fg_sh366003_log + 0
.rela.text	0x0000000000001254	000000a100000116	R_AARCH64_LDST8_ABS_LO12_NC	0x0000000000000000	fg_sh366003_log + 0
.rela.text	0x0000000000001264	000000b60000011b	R_AARCH64_CALL26	0x0000000000000000	__const_udelay + 0
.rela.text	0x0000000000001270	000000b60000011b	R_AARCH64_CALL26	0x0000000000000000	__const_udelay + 0
.rela.text	0x000000000000127c	000000b60000011b	R_AARCH64_CALL26	0x0000000000000000	__const_udelay + 0
.rela.text	0x0000000000001288	000000b60000011b	R_AARCH64_CALL26	0x0000000000000000	__const_udelay + 0
.rela.text	0x0000000000001294	000000b60000011b	R_AARCH64_CALL26	0x0000000000000000	__const_udelay + 0
.rela.text	0x00000000000012a0	000000b60000011b	R_AARCH64_CALL26	0x0000000000000000	__const_udelay + 0
.rela.text	0x00000000000012ac	000000b60000011b	R_AARCH64_CALL26	0x0000000000000000	__const_udelay + 0
.rela.text	0x00000000000012b8	000000b60000011b	R_AARCH64_CALL26	0x0000000000000000	__const_udelay + 0
.rela.text	0x00000000000012c4	000000b60000011b	R_AARCH64_CALL26	0x0000000000000000	__const_udelay + 0
.rela.text	0x00000000000012d0	000000b60000011b	R_AARCH64_CALL26	0x0000000000000000	__const_udelay + 0
.rela.text	0x00000000000012dc	000000b50000011b	R_AARCH64_CALL26	0x0000000000000000	i2c_smbus_read_word_data + 0
.rela.text	0x00000000000012f4	000000a100000113	R_AARCH64_ADR_PREL_PG_HI21	0x0000000000000000	fg_sh366003_log + 0
.rela.text	0x00000000000012fc	000000a100000116	R_AARCH64_LDST8_ABS_LO12_NC	0x0000000000000000	fg_sh366003_log + 0
.rela.text	0x0000000000001308	0000009800000113	R_AARCH64_ADR_PREL_PG_HI21	0x0000000000000000	.rodata.str1.1 + 2307
.rela.text	0x000000000000130c	0000009800000115	R_AARCH64_ADD_ABS_LO12_NC	0x0000000000000000	.rodata.str1.1 + 2307
.rela.text	0x0000000000001310	0000009800000113	R_AARCH64_ADR_PREL_PG_HI21	0x0000000000000000	.rodata.str1.1 + 9dd
.rela.text	0x0000000000001314	0000009800000115	R_AARCH64_ADD_ABS_LO12_NC	0x0000000000000000	.rodata.str1.1 + 9dd
.rela.text	0x0000000000001320	000000ab0000011b	R_AARCH64_CALL26	0x0000000000000000	_printk + 0
.rela.text	0x0000000000001328	000000a100000113	R_AARCH64_ADR_PREL_PG_HI21	0x0000000000000000	fg_sh366003_log + 0
.rela.text	0x000000000000132c	000000a100000116	R_AARCH64_LDST8_ABS_LO12_NC	0x0000000000000000	fg_sh366003_log + 0
.rela.text	0x0000000000001338	000000aa0000011b	R_AARCH64_CALL26	0x0000000000000000	mutex_unlock + 0
.rela.text	0x000000000000135c	0000009800000113	R_AARCH64_ADR_PREL_PG_HI21	0x0000000000000000	.rodata.str1.1 + 2307
.rela.text	0x0000000000001360	0000009800000115	R_AARCH64_ADD_ABS_LO12_NC	0x0000000000000000	.rodata.str1.1 + 2307
.rela.text	0x0000000000001364	0000009800000113	R_AARCH64_ADR_PREL_PG_HI21	0x0000000000000000	.rodata.str1.1 + 9dd
.rela.text	0x0000000000001368	0000009800000115	R_AARCH64_ADD_ABS_LO12_NC	0x0000000000000000	.rodata.str1.1 + 9dd
.rela.text	0x0000000000001374	000000ab0000011b	R_AARCH64_CALL26	0x0000000000000000	_printk + 0
.rela.text	0x000000000000137c	0000009800000113	R_AARCH64_ADR_PREL_PG_HI21	0x0000000000000000	.rodata.str1.1 + 20aa
.rela.text	0x0000000000001380	0000009800000115	R_AARCH64_ADD_ABS_LO12_NC	0x0000000000000000	.rodata.str1.1 + 20aa
.rela.text	0x0000000000001384	0000009800000113	R_AARCH64_ADR_PREL_PG_HI21	0x0000000000000000	.rodata.str1.1 + 20f9
.rela.text	0x0000000000001388	0000009800000115	R_AARCH64_ADD_ABS_LO12_NC	0x0000000000000000	.rodata.str1.1 + 20f9
.rela.text	0x0000000000001394	000000ab0000011b	R_AARCH64_CALL26	0x0000000000000000	_printk + 0
.rela.text	0x00000000000013c8	000000a100000113	R_AARCH64_ADR_PREL_PG_HI21	0x0000000000000000	fg_sh366003_log + 0
.rela.text	0x00000000000013e0	000000a100000116	R_AARCH64_LDST8_ABS_LO12_NC	0x0000000000000000	fg_sh366003_log + 0
.rela.text	0x0000000000001404	000000a30000011b	R_AARCH64_CALL26	0x0000000000000000	devm_kmalloc + 0
.rela.text	0x0000000000001454	0000008000000113	R_AARCH64_ADR_PREL_PG_HI21	0x0000000000000000	.rodata + a68
.rela.text	0x0000000000001458	0000008000000115	R_AARCH64_ADD_ABS_LO12_NC	0x0000000000000000	.rodata + a68
.rela.text	0x0000000000001468	0000009800000113	R_AARCH64_ADR_PREL_PG_HI21	0x0000000000000000	.rodata.str1.1 + 1cf
.rela.text	0x000000000000146c	0000009800000115	R_AARCH64_ADD_ABS_LO12_NC	0x0000000000000000	.rodata.str1.1 + 1cf
.rela.text	0x0000000000001488	0000008200000113	R_AARCH64_ADR_PREL_PG_HI21	0x0000000000000000	.bss + d8
.rela.text	0x000000000000148c	0000008200000115	R_AARCH64_ADD_ABS_LO12_NC	0x0000000000000000	.bss + d8
.rela.text	0x00000000000014a4	000000b70000011b	R_AARCH64_CALL26	0x0000000000000000	__mutex_init + 0
.rela.text	0x00000000000014ac	0000009800000113	R_AARCH64_ADR_PREL_PG_HI21	0x0000000000000000	.rodata.str1.1 + 179d
.rela.text	0x00000000000014b0	0000009800000115	R_AARCH64_ADD_ABS_LO12_NC	0x0000000000000000	.rodata.str1.1 + 179d
.rela.text	0x00000000000014b4	0000008200000113	R_AARCH64_ADR_PREL_PG_HI21	0x0000000000000000	.bss + d9
.rela.text	0x00000000000014b8	0000008200000115	R_AARCH64_ADD_ABS_LO12_NC	0x0000000000000000	.bss + d9
.rela.text	0x00000000000014bc	000000b70000011b	R_AARCH64_CALL26	0x0000000000000000	__mutex_init + 0
.rela.text	0x00000000000014c4	0000009800000113	R_AARCH64_ADR_PREL_PG_HI21	0x0000000000000000	.rodata.str1.1 + 591
.rela.text	0x00000000000014c8	0000009800000115	R_AARCH64_ADD_ABS_LO12_NC	0x0000000000000000	.rodata.str1.1 + 591
.rela.text	0x00000000000014cc	0000008200000113	R_AARCH64_ADR_PREL_PG_HI21	0x0000000000000000	.bss + da
.rela.text	0x00000000000014d0	0000008200000115	R_AARCH64_ADD_ABS_LO12_NC	0x0000000000000000	.bss + da
.rela.text	0x00000000000014d4	000000b70000011b	R_AARCH64_CALL26	0x0000000000000000	__mutex_init + 0
.rela.text	0x00000000000014dc	0000009800000113	R_AARCH64_ADR_PREL_PG_HI21	0x0000000000000000	.rodata.str1.1 + 2114
.rela.text	0x00000000000014e0	0000009800000115	R_AARCH64_ADD_ABS_LO12_NC	0x0000000000000000	.rodata.str1.1 + 2114
.rela.text	0x00000000000014e4	0000008200000113	R_AARCH64_ADR_PREL_PG_HI21	0x0000000000000000	.bss + db
.rela.text	0x00000000000014e8	0000008200000115	R_AARCH64_ADD_ABS_LO12_NC	0x0000000000000000	.bss + db
.rela.text	0x00000000000014ec	000000b70000011b	R_AARCH64_CALL26	0x0000000000000000	__mutex_init + 0
.rela.text	0x00000000000014f4	0000009800000113	R_AARCH64_ADR_PREL_PG_HI21	0x0000000000000000	.rodata.str1.1 + 5a0
.rela.text	0x00000000000014f8	0000009800000115	R_AARCH64_ADD_ABS_LO12_NC	0x0000000000000000	.rodata.str1.1 + 5a0
.rela.text	0x00000000000014fc	0000008200000113	R_AARCH64_ADR_PREL_PG_HI21	0x0000000000000000	.bss + dc
.rela.text	0x0000000000001500	0000008200000115	R_AARCH64_ADD_ABS_LO12_NC	0x0000000000000000	.bss + dc
.rela.text	0x0000000000001504	000000b70000011b	R_AARCH64_CALL26	0x0000000000000000	__mutex_init + 0
.rela.text	0x000000000000150c	0000008200000113	R_AARCH64_ADR_PREL_PG_HI21	0x0000000000000000	.bss + e0
.rela.text	0x0000000000001510	0000008200000115	R_AARCH64_ADD_ABS_LO12_NC	0x0000000000000000	.bss + e0
.rela.text	0x000000000000151c	000000a100000116	R_AARCH64_LDST8_ABS_LO12_NC	0x0000000000000000	fg_sh366003_log + 0
.rela.text	0x0000000000001520	0000008200000113	R_AARCH64_ADR_PREL_PG_HI21	0x0000000000000000	.bss + e0
.rela.text	0x0000000000001528	000000820000011c	R_AARCH64_LDST16_ABS_LO12_NC	0x0000000000000000	.bss + e0
.rela.text	0x0000000000001534	000000b100000113	R_AARCH64_ADR_PREL_PG_HI21	0x0000000000000000	__this_module + 0
.rela.text	0x0000000000001538	000000b100000115	R_AARCH64_ADD_ABS_LO12_NC	0x0000000000000000	__this_module + 0
.rela.text	0x000000000000153c	0000009800000113	R_AARCH64_ADR_PREL_PG_HI21	0x0000000000000000	.rodata.str1.1 + 235d
.rela.text	0x0000000000001540	0000009800000115	R_AARCH64_ADD_ABS_LO12_NC	0x0000000000000000	.rodata.str1.1 + 235d
.rela.text	0x0000000000001544	0000008200000113	R_AARCH64_ADR_PREL_PG_HI21	0x0000000000000000	.bss + e2
.rela.text	0x0000000000001548	0000008200000115	R_AARCH64_ADD_ABS_LO12_NC	0x0000000000000000	.bss + e2
.rela.text	0x000000000000154c	000000b80000011b	R_AARCH64_CALL26	0x0000000000000000	__class_create + 0
.rela.text	0x0000000000001554	0000008200000113	R_AARCH64_ADR_PREL_PG_HI21	0x0000000000000000	.bss + e8
.rela.text	0x000000000000155c	000000820000011e	R_AARCH64_LDST64_ABS_LO12_NC	0x0000000000000000	.bss + e8
.rela.text	0x0000000000001564	000000a100000116	R_AARCH64_LDST8_ABS_LO12_NC	0x0000000000000000	fg_sh366003_log + 0
.rela.text	0x000000000000156c	0000009800000113	R_AARCH64_ADR_PREL_PG_HI21	0x0000000000000000	.rodata.str1.1 + 5b0
.rela.text	0x0000000000001570	0000009800000115	R_AARCH64_ADD_ABS_LO12_NC	0x0000000000000000	.rodata.str1.1 + 5b0
.rela.text	0x0000000000001574	0000009800000113	R_AARCH64_ADR_PREL_PG_HI21	0x0000000000000000	.rodata.str1.1 + 2108
.rela.text	0x0000000000001578	0000009800000115	R_AARCH64_ADD_ABS_LO12_NC	0x0000000000000000	.rodata.str1.1 + 2108
.rela.text	0x0000000000001584	000000ab0000011b	R_AARCH64_CALL26	0x0000000000000000	_printk + 0
.rela.text	0x00000000000015cc	0000008100000113	R_AARCH64_ADR_PREL_PG_HI21	0x0000000000000000	.data + 128
.rela.text	0x00000000000015d0	000000810000011e	R_AARCH64_LDST64_ABS_LO12_NC	0x0000000000000000	.data + 128
.rela.text	0x00000000000015d8	0000008100000113	R_AARCH64_ADR_PREL_PG_HI21	0x0000000000000000	.data + 128
.rela.text	0x00000000000015dc	0000008100000115	R_AARCH64_ADD_ABS_LO12_NC	0x0000000000000000	.data + 128
.rela.text	0x00000000000015e8	000000b90000011b	R_AARCH64_CALL26	0x0000000000000000	class_create_file_ns + 0
.rela.text	0x00000000000015f4	000000a100000116	R_AARCH64_LDST8_ABS_LO12_NC	0x0000000000000000	fg_sh366003_log + 0
.rela.text	0x00000000000015fc	0000009800000113	R_AARCH64_ADR_PREL_PG_HI21	0x0000000000000000	.rodata.str1.1 + 85c
.rela.text	0x0000000000001600	0000009800000115	R_AARCH64_ADD_ABS_LO12_NC	0x0000000000000000	.rodata.str1.1 + 85c
.rela.text	0x0000000000001604	0000009800000113	R_AARCH64_ADR_PREL_PG_HI21	0x0000000000000000	.rodata.str1.1 + 2108
.rela.text	0x0000000000001608	0000009800000115	R_AARCH64_ADD_ABS_LO12_NC	0x0000000000000000	.rodata.str1.1 + 2108
.rela.text	0x0000000000001610	000000ab0000011b	R_AARCH64_CALL26	0x0000000000000000	_printk + 0
.rela.text	0x0000000000001618	0000009800000113	R_AARCH64_ADR_PREL_PG_HI21	0x0000000000000000	.rodata.str1.1 + 2108
.rela.text	0x000000000000161c	0000009800000115	R_AARCH64_ADD_ABS_LO12_NC	0x0000000000000000	.rodata.str1.1 + 2108
.rela.text	0x0000000000001624	0000009800000113	R_AARCH64_ADR_PREL_PG_HI21	0x0000000000000000	.rodata.str1.1 + 1948
.rela.text	0x0000000000001628	0000009800000115	R_AARCH64_ADD_ABS_LO12_NC	0x0000000000000000	.rodata.str1.1 + 1948
.rela.text	0x0000000000001634	000000ab0000011b	R_AARCH64_CALL26	0x0000000000000000	_printk + 0
.rela.text	0x0000000000001638	000000a100000116	R_AARCH64_LDST8_ABS_LO12_NC	0x0000000000000000	fg_sh366003_log + 0
.rela.text	0x0000000000001644	0000009800000113	R_AARCH64_ADR_PREL_PG_HI21	0x0000000000000000	.rodata.str1.1 + 9ed
.rela.text	0x0000000000001648	0000009800000115	R_AARCH64_ADD_ABS_LO12_NC	0x0000000000000000	.rodata.str1.1 + 9ed
.rela.text	0x000000000000164c	0000009800000113	R_AARCH64_ADR_PREL_PG_HI21	0x0000000000000000	.rodata.str1.1 + 2108
.rela.text	0x0000000000001650	0000009800000115	R_AARCH64_ADD_ABS_LO12_NC	0x0000000000000000	.rodata.str1.1 + 2108
.rela.text	0x0000000000001658	000000ab0000011b	R_AARCH64_CALL26	0x0000000000000000	_printk + 0
.rela.text	0x0000000000001660	000000820000011c	R_AARCH64_LDST16_ABS_LO12_NC	0x0000000000000000	.bss + e0
.rela.text	0x0000000000001664	0000009800000113	R_AARCH64_ADR_PREL_PG_HI21	0x0000000000000000	.rodata.str1.1 + 62e
.rela.text	0x0000000000001668	0000009800000115	R_AARCH64_ADD_ABS_LO12_NC	0x0000000000000000	.rodata.str1.1 + 62e
.rela.text	0x000000000000166c	0000009800000113	R_AARCH64_ADR_PREL_PG_HI21	0x0000000000000000	.rodata.str1.1 + 2108
.rela.text	0x0000000000001670	0000009800000115	R_AARCH64_ADD_ABS_LO12_NC	0x0000000000000000	.rodata.str1.1 + 2108
.rela.text	0x0000000000001678	000000ab0000011b	R_AARCH64_CALL26	0x0000000000000000	_printk + 0
.rela.text	0x0000000000001680	0000008100000113	R_AARCH64_ADR_PREL_PG_HI21	0x0000000000000000	.data + 148
.rela.text	0x0000000000001684	000000810000011e	R_AARCH64_LDST64_ABS_LO12_NC	0x0000000000000000	.data + 148
.rela.text	0x000000000000168c	000000820000011e	R_AARCH64_LDST64_ABS_LO12_NC	0x0000000000000000	.bss + e8
.rela.text	0x0000000000001690	0000008100000113	R_AARCH64_ADR_PREL_PG_HI21	0x0000000000000000	.data + 148
.rela.text	0x0000000000001694	0000008100000115	R_AARCH64_ADD_ABS_LO12_NC	0x0000000000000000	.data + 148
.rela.text	0x000000000000169c	000000b90000011b	R_AARCH64_CALL26	0x0000000000000000	class_create_file_ns + 0
.rela.text	0x00000000000016a8	0000008100000113	R_AARCH64_ADR_PREL_PG_HI21	0x0000000000000000	.data + 168
.rela.text	0x00000000000016ac	000000810000011e	R_AARCH64_LDST64_ABS_LO12_NC	0x0000000000000000	.data + 168
.rela.text	0x00000000000016b4	000000820000011e	R_AARCH64_LDST64_ABS_LO12_NC	0x0000000000000000	.bss + e8
.rela.text	0x00000000000016b8	0000008100000113	R_AARCH64_ADR_PREL_PG_HI21	0x0000000000000000	.data + 168
.rela.text	0x00000000000016bc	0000008100000115	R_AARCH64_ADD_ABS_LO12_NC	0x0000000000000000	.data + 168
.rela.text	0x00000000000016c4	000000b90000011b	R_AARCH64_CALL26	0x0000000000000000	class_create_file_ns + 0
.rela.text	0x00000000000016d0	0000008100000113	R_AARCH64_ADR_PREL_PG_HI21	0x0000000000000000	.data + 188
.rela.text	0x00000000000016d4	000000810000011e	R_AARCH64_LDST64_ABS_LO12_NC	0x0000000000000000	.data + 188
.rela.text	0x00000000000016dc	000000820000011e	R_AARCH64_LDST64_ABS_LO12_NC	0x0000000000000000	.bss + e8
.rela.text	0x00000000000016e0	0000008100000113	R_AARCH64_ADR_PREL_PG_HI21	0x0000000000000000	.data + 188
.rela.text	0x00000000000016e4	0000008100000115	R_AARCH64_ADD_ABS_LO12_NC	0x0000000000000000	.data + 188
.rela.text	0x00000000000016ec	000000b90000011b	R_AARCH64_CALL26	0x0000000000000000	class_create_file_ns + 0
.rela.text	0x00000000000016f8	0000008100000113	R_AARCH64_ADR_PREL_PG_HI21	0x0000000000000000	.data + 1a8
.rela.text	0x00000000000016fc	000000810000011e	R_AARCH64_LDST64_ABS_LO12_NC	0x0000000000000000	.data + 1a8
.rela.text	0x0000000000001704	000000820000011e	R_AARCH64_LDST64_ABS_LO12_NC	0x0000000000000000	.bss + e8
.rela.text	0x0000000000001708	0000008100000113	R_AARCH64_ADR_PREL_PG_HI21	0x0000000000000000	.data + 1a8
.rela.text	0x000000000000170c	0000008100000115	R_AARCH64_ADD_ABS_LO12_NC	0x0000000000000000	.data + 1a8
.rela.text	0x0000000000001714	000000b90000011b	R_AARCH64_CALL26	0x0000000000000000	class_create_file_ns + 0
.rela.text	0x0000000000001720	0000008100000113	R_AARCH64_ADR_PREL_PG_HI21	0x0000000000000000	.data + 1c8
.rela.text	0x0000000000001724	000000810000011e	R_AARCH64_LDST64_ABS_LO12_NC	0x0000000000000000	.data + 1c8
.rela.text	0x000000000000172c	000000820000011e	R_AARCH64_LDST64_ABS_LO12_NC	0x0000000000000000	.bss + e8
.rela.text	0x0000000000001730	0000008100000113	R_AARCH64_ADR_PREL_PG_HI21	0x0000000000000000	.data + 1c8
.rela.text	0x0000000000001734	0000008100000115	R_AARCH64_ADD_ABS_LO12_NC	0x0000000000000000	.data + 1c8
.rela.text	0x000000000000173c	000000b90000011b	R_AARCH64_CALL26	0x0000000000000000	class_create_file_ns + 0
.rela.text	0x0000000000001748	0000008100000113	R_AARCH64_ADR_PREL_PG_HI21	0x0000000000000000	.data + 1e8
.rela.text	0x000000000000174c	000000810000011e	R_AARCH64_LDST64_ABS_LO12_NC	0x0000000000000000	.data + 1e8
.rela.text	0x0000000000001754	000000820000011e	R_AARCH64_LDST64_ABS_LO12_NC	0x0000000000000000	.bss + e8
.rela.text	0x0000000000001758	0000008100000113	R_AARCH64_ADR_PREL_PG_HI21	0x0000000000000000	.data + 1e8
.rela.text	0x000000000000175c	0000008100000115	R_AARCH64_ADD_ABS_LO12_NC	0x0000000000000000	.data + 1e8
.rela.text	0x0000000000001764	000000b90000011b	R_AARCH64_CALL26	0x0000000000000000	class_create_file_ns + 0
.rela.text	0x0000000000001770	0000008100000113	R_AARCH64_ADR_PREL_PG_HI21	0x0000000000000000	.data + 208
.rela.text	0x0000000000001774	000000810000011e	R_AARCH64_LDST64_ABS_LO12_NC	0x0000000000000000	.data + 208
.rela.text	0x000000000000177c	000000820000011e	R_AARCH64_LDST64_ABS_LO12_NC	0x0000000000000000	.bss + e8
.rela.text	0x0000000000001780	0000008100000113	R_AARCH64_ADR_PREL_PG_HI21	0x0000000000000000	.data + 208
.rela.text	0x0000000000001784	0000008100000115	R_AARCH64_ADD_ABS_LO12_NC	0x0000000000000000	.data + 208
.rela.text	0x000000000000178c	000000b90000011b	R_AARCH64_CALL26	0x0000000000000000	class_create_file_ns + 0
.rela.text	0x0000000000001798	0000008100000113	R_AARCH64_ADR_PREL_PG_HI21	0x0000000000000000	.data + 228
.rela.text	0x000000000000179c	000000810000011e	R_AARCH64_LDST64_ABS_LO12_NC	0x0000000000000000	.data + 228
.rela.text	0x00000000000017a4	000000820000011e	R_AARCH64_LDST64_ABS_LO12_NC	0x0000000000000000	.bss + e8
.rela.text	0x00000000000017a8	0000008100000113	R_AARCH64_ADR_PREL_PG_HI21	0x0000000000000000	.data + 228
.rela.text	0x00000000000017ac	0000008100000115	R_AARCH64_ADD_ABS_LO12_NC	0x0000000000000000	.data + 228
.rela.text	0x00000000000017b4	000000b90000011b	R_AARCH64_CALL26	0x0000000000000000	class_create_file_ns + 0
.rela.text	0x00000000000017c0	0000008100000113	R_AARCH64_ADR_PREL_PG_HI21	0x0000000000000000	.data + 248
.rela.text	0x00000000000017c4	000000810000011e	R_AARCH64_LDST64_ABS_LO12_NC	0x0000000000000000	.data + 248
.rela.text	0x00000000000017cc	000000820000011e	R_AARCH64_LDST64_ABS_LO12_NC	0x0000000000000000	.bss + e8
.rela.text	0x00000000000017d0	0000008100000113	R_AARCH64_ADR_PREL_PG_HI21	0x0000000000000000	.data + 248
.rela.text	0x00000000000017d4	0000008100000115	R_AARCH64_ADD_ABS_LO12_NC	0x0000000000000000	.data + 248
.rela.text	0x00000000000017dc	000000b90000011b	R_AARCH64_CALL26	0x0000000000000000	class_create_file_ns + 0
.rela.text	0x00000000000017e8	0000008100000113	R_AARCH64_ADR_PREL_PG_HI21	0x0000000000000000	.data + 268
.rela.text	0x00000000000017ec	000000810000011e	R_AARCH64_LDST64_ABS_LO12_NC	0x0000000000000000	.data + 268
.rela.text	0x00000000000017f4	000000820000011e	R_AARCH64_LDST64_ABS_LO12_NC	0x0000000000000000	.bss + e8
.rela.text	0x00000000000017f8	0000008100000113	R_AARCH64_ADR_PREL_PG_HI21	0x0000000000000000	.data + 268
.rela.text	0x00000000000017fc	0000008100000115	R_AARCH64_ADD_ABS_LO12_NC	0x0000000000000000	.data + 268
.rela.text	0x0000000000001804	000000b90000011b	R_AARCH64_CALL26	0x0000000000000000	class_create_file_ns + 0
.rela.text	0x0000000000001830	000000a100000116	R_AARCH64_LDST8_ABS_LO12_NC	0x0000000000000000	fg_sh366003_log + 0
.rela.text	0x0000000000001898	000000a100000116	R_AARCH64_LDST8_ABS_LO12_NC	0x0000000000000000	fg_sh366003_log + 0
.rela.text	0x00000000000018d4	000000a100000116	R_AARCH64_LDST8_ABS_LO12_NC	0x0000000000000000	fg_sh366003_log + 0
.rela.text	0x0000000000001920	000000a100000116	R_AARCH64_LDST8_ABS_LO12_NC	0x0000000000000000	fg_sh366003_log + 0
.rela.text	0x0000000000001938	000000a100000116	R_AARCH64_LDST8_ABS_LO12_NC	0x0000000000000000	fg_sh366003_log + 0
.rela.text	0x0000000000001944	0000009800000113	R_AARCH64_ADR_PREL_PG_HI21	0x0000000000000000	.rodata.str1.1 + 1f82
.rela.text	0x0000000000001948	0000009800000115	R_AARCH64_ADD_ABS_LO12_NC	0x0000000000000000	.rodata.str1.1 + 1f82
.rela.text	0x0000000000001954	0000009800000113	R_AARCH64_ADR_PREL_PG_HI21	0x0000000000000000	.rodata.str1.1 + 2108
.rela.text	0x0000000000001958	0000009800000115	R_AARCH64_ADD_ABS_LO12_NC	0x0000000000000000	.rodata.str1.1 + 2108
.rela.text	0x0000000000001964	000000ab0000011b	R_AARCH64_CALL26	0x0000000000000000	_printk + 0
.rela.text	0x000000000000196c	000000a100000116	R_AARCH64_LDST8_ABS_LO12_NC	0x0000000000000000	fg_sh366003_log + 0
.rela.text	0x0000000000001978	000000ba00000113	R_AARCH64_ADR_PREL_PG_HI21	0x0000000000000000	fuelgauge_fw_version + 0
.rela.text	0x000000000000197c	000000ba00000115	R_AARCH64_ADD_ABS_LO12_NC	0x0000000000000000	fuelgauge_fw_version + 0
.rela.text	0x0000000000001988	0000009800000113	R_AARCH64_ADR_PREL_PG_HI21	0x0000000000000000	.rodata.str1.1 + 2367
.rela.text	0x000000000000198c	0000009800000115	R_AARCH64_ADD_ABS_LO12_NC	0x0000000000000000	.rodata.str1.1 + 2367
.rela.text	0x0000000000001994	000000bb0000011b	R_AARCH64_CALL26	0x0000000000000000	sprintf + 0
.rela.text	0x0000000000001998	0000009c00000113	R_AARCH64_ADR_PREL_PG_HI21	0x0000000000000000	g_sm + 0
.rela.text	0x000000000000199c	000000a100000116	R_AARCH64_LDST8_ABS_LO12_NC	0x0000000000000000	fg_sh366003_log + 0
.rela.text	0x00000000000019a8	0000009c0000011e	R_AARCH64_LDST64_ABS_LO12_NC	0x0000000000000000	g_sm + 0
.rela.text	0x00000000000019c0	000000a100000116	R_AARCH64_LDST8_ABS_LO12_NC	0x0000000000000000	fg_sh366003_log + 0
.rela.text	0x00000000000019cc	0000009800000113	R_AARCH64_ADR_PREL_PG_HI21	0x0000000000000000	.rodata.str1.1 + 2126
.rela.text	0x00000000000019d0	0000009800000115	R_AARCH64_ADD_ABS_LO12_NC	0x0000000000000000	.rodata.str1.1 + 2126
.rela.text	0x00000000000019d4	0000009800000113	R_AARCH64_ADR_PREL_PG_HI21	0x0000000000000000	.rodata.str1.1 + a29
.rela.text	0x00000000000019d8	0000009800000115	R_AARCH64_ADD_ABS_LO12_NC	0x0000000000000000	.rodata.str1.1 + a29
.rela.text	0x00000000000019f4	000000a100000116	R_AARCH64_LDST8_ABS_LO12_NC	0x0000000000000000	fg_sh366003_log + 0
.rela.text	0x0000000000001a14	000000a100000116	R_AARCH64_LDST8_ABS_LO12_NC	0x0000000000000000	fg_sh366003_log + 0
.rela.text	0x0000000000001a20	0000009800000113	R_AARCH64_ADR_PREL_PG_HI21	0x0000000000000000	.rodata.str1.1 + 35c
.rela.text	0x0000000000001a24	0000009800000115	R_AARCH64_ADD_ABS_LO12_NC	0x0000000000000000	.rodata.str1.1 + 35c
.rela.text	0x0000000000001a40	000000ab0000011b	R_AARCH64_CALL26	0x0000000000000000	_printk + 0
.rela.text	0x0000000000001a48	000000a100000116	R_AARCH64_LDST8_ABS_LO12_NC	0x0000000000000000	fg_sh366003_log + 0
.rela.text	0x0000000000001a74	000000a70000011b	R_AARCH64_CALL26	0x0000000000000000	msleep + 0
.rela.text	0x0000000000001a94	000000ab0000011b	R_AARCH64_CALL26	0x0000000000000000	_printk + 0
.rela.text	0x0000000000001aa4	0000009800000113	R_AARCH64_ADR_PREL_PG_HI21	0x0000000000000000	.rodata.str1.1 + 7cd
.rela.text	0x0000000000001aa8	0000009800000115	R_AARCH64_ADD_ABS_LO12_NC	0x0000000000000000	.rodata.str1.1 + 7cd
.rela.text	0x0000000000001ab4	000000ab0000011b	R_AARCH64_CALL26	0x0000000000000000	_printk + 0
.rela.text	0x0000000000001abc	000000a100000116	R_AARCH64_LDST8_ABS_LO12_NC	0x0000000000000000	fg_sh366003_log + 0
.rela.text	0x0000000000001ad0	000000a100000116	R_AARCH64_LDST8_ABS_LO12_NC	0x0000000000000000	fg_sh366003_log + 0
.rela.text	0x0000000000001ae0	0000009800000113	R_AARCH64_ADR_PREL_PG_HI21	0x0000000000000000	.rodata.str1.1 + 235d
.rela.text	0x0000000000001ae4	0000009800000115	R_AARCH64_ADD_ABS_LO12_NC	0x0000000000000000	.rodata.str1.1 + 235d
.rela.text	0x0000000000001af8	0000009800000113	R_AARCH64_ADR_PREL_PG_HI21	0x0000000000000000	.rodata.str1.1 + b6a
.rela.text	0x0000000000001afc	0000009800000115	R_AARCH64_ADD_ABS_LO12_NC	0x0000000000000000	.rodata.str1.1 + b6a
.rela.text	0x0000000000001b00	0000009800000113	R_AARCH64_ADR_PREL_PG_HI21	0x0000000000000000	.rodata.str1.1 + 2108
.rela.text	0x0000000000001b04	0000009800000115	R_AARCH64_ADD_ABS_LO12_NC	0x0000000000000000	.rodata.str1.1 + 2108
.rela.text	0x0000000000001b10	000000ab0000011b	R_AARCH64_CALL26	0x0000000000000000	_printk + 0
.rela.text	0x0000000000001b18	0000009800000113	R_AARCH64_ADR_PREL_PG_HI21	0x0000000000000000	.rodata.str1.1 + 2126
.rela.text	0x0000000000001b1c	0000009800000115	R_AARCH64_ADD_ABS_LO12_NC	0x0000000000000000	.rodata.str1.1 + 2126
.rela.text	0x0000000000001b20	0000009800000113	R_AARCH64_ADR_PREL_PG_HI21	0x0000000000000000	.rodata.str1.1 + 1cc5
.rela.text	0x0000000000001b24	0000009800000115	R_AARCH64_ADD_ABS_LO12_NC	0x0000000000000000	.rodata.str1.1 + 1cc5
.rela.text	0x0000000000001b28	0000009800000113	R_AARCH64_ADR_PREL_PG_HI21	0x0000000000000000	.rodata.str1.1 + 719
.rela.text	0x0000000000001b2c	0000009800000115	R_AARCH64_ADD_ABS_LO12_NC	0x0000000000000000	.rodata.str1.1 + 719
.rela.text	0x0000000000001b3c	000000ab0000011b	R_AARCH64_CALL26	0x0000000000000000	_printk + 0
.rela.text	0x0000000000001b40	000000a100000116	R_AARCH64_LDST8_ABS_LO12_NC	0x0000000000000000	fg_sh366003_log + 0
.rela.text	0x0000000000001b48	0000009800000113	R_AARCH64_ADR_PREL_PG_HI21	0x0000000000000000	.rodata.str1.1 + 1e6
.rela.text	0x0000000000001b4c	0000009800000115	R_AARCH64_ADD_ABS_LO12_NC	0x0000000000000000	.rodata.str1.1 + 1e6
.rela.text	0x0000000000001b50	0000009800000113	R_AARCH64_ADR_PREL_PG_HI21	0x0000000000000000	.rodata.str1.1 + 2126
.rela.text	0x0000000000001b54	0000009800000115	R_AARCH64_ADD_ABS_LO12_NC	0x0000000000000000	.rodata.str1.1 + 2126
.rela.text	0x0000000000001b60	000000ab0000011b	R_AARCH64_CALL26	0x0000000000000000	_printk + 0
.rela.text	0x0000000000001b64	000000a100000116	R_AARCH64_LDST8_ABS_LO12_NC	0x0000000000000000	fg_sh366003_log + 0
.rela.text	0x0000000000001b6c	0000009800000113	R_AARCH64_ADR_PREL_PG_HI21	0x0000000000000000	.rodata.str1.1 + 1e30
.rela.text	0x0000000000001b70	0000009800000115	R_AARCH64_ADD_ABS_LO12_NC	0x0000000000000000	.rodata.str1.1 + 1e30
.rela.text	0x0000000000001b74	0000009800000113	R_AARCH64_ADR_PREL_PG_HI21	0x0000000000000000	.rodata.str1.1 + 2126
.rela.text	0x0000000000001b78	0000009800000115	R_AARCH64_ADD_ABS_LO12_NC	0x0000000000000000	.rodata.str1.1 + 2126
.rela.text	0x0000000000001b80	000000ab0000011b	R_AARCH64_CALL26	0x0000000000000000	_printk + 0
.rela.text	0x0000000000001b88	0000009800000113	R_AARCH64_ADR_PREL_PG_HI21	0x0000000000000000	.rodata.str1.1 + 55b
.rela.text	0x0000000000001b8c	0000009800000115	R_AARCH64_ADD_ABS_LO12_NC	0x0000000000000000	.rodata.str1.1 + 55b
.rela.text	0x0000000000001b90	0000009800000113	R_AARCH64_ADR_PREL_PG_HI21	0x0000000000000000	.rodata.str1.1 + 2126
.rela.text	0x0000000000001b94	0000009800000115	R_AARCH64_ADD_ABS_LO12_NC	0x0000000000000000	.rodata.str1.1 + 2126
.rela.text	0x0000000000001b9c	000000ab0000011b	R_AARCH64_CALL26	0x0000000000000000	_printk + 0
.rela.text	0x0000000000001ba8	0000009800000113	R_AARCH64_ADR_PREL_PG_HI21	0x0000000000000000	.rodata.str1.1 + 154e
.rela.text	0x0000000000001bac	0000009800000115	R_AARCH64_ADD_ABS_LO12_NC	0x0000000000000000	.rodata.str1.1 + 154e
.rela.text	0x0000000000001bb0	0000009800000113	R_AARCH64_ADR_PREL_PG_HI21	0x0000000000000000	.rodata.str1.1 + 2126
.rela.text	0x0000000000001bb4	0000009800000115	R_AARCH64_ADD_ABS_LO12_NC	0x0000000000000000	.rodata.str1.1 + 2126
.rela.text	0x0000000000001bc4	000000ab0000011b	R_AARCH64_CALL26	0x0000000000000000	_printk + 0
.rela.text	0x0000000000001be8	000000a100000116	R_AARCH64_LDST8_ABS_LO12_NC	0x0000000000000000	fg_sh366003_log + 0
.rela.text	0x0000000000001bec	0000009800000113	R_AARCH64_ADR_PREL_PG_HI21	0x0000000000000000	.rodata.str1.1 + 235d
.rela.text	0x0000000000001bf0	0000009800000115	R_AARCH64_ADD_ABS_LO12_NC	0x0000000000000000	.rodata.str1.1 + 235d
.rela.text	0x0000000000001c14	000000a100000116	R_AARCH64_LDST8_ABS_LO12_NC	0x0000000000000000	fg_sh366003_log + 0
.rela.text	0x0000000000001c1c	0000009800000113	R_AARCH64_ADR_PREL_PG_HI21	0x0000000000000000	.rodata.str1.1 + 1bf7
.rela.text	0x0000000000001c20	0000009800000115	R_AARCH64_ADD_ABS_LO12_NC	0x0000000000000000	.rodata.str1.1 + 1bf7
.rela.text	0x0000000000001c24	0000009800000113	R_AARCH64_ADR_PREL_PG_HI21	0x0000000000000000	.rodata.str1.1 + 2108
.rela.text	0x0000000000001c28	0000009800000115	R_AARCH64_ADD_ABS_LO12_NC	0x0000000000000000	.rodata.str1.1 + 2108
.rela.text	0x0000000000001c30	000000ab0000011b	R_AARCH64_CALL26	0x0000000000000000	_printk + 0
.rela.text	0x0000000000001c48	000000a100000116	R_AARCH64_LDST8_ABS_LO12_NC	0x0000000000000000	fg_sh366003_log + 0
.rela.text	0x0000000000001c88	000000a100000116	R_AARCH64_LDST8_ABS_LO12_NC	0x0000000000000000	fg_sh366003_log + 0
.rela.text	0x0000000000001c8c	0000009800000113	R_AARCH64_ADR_PREL_PG_HI21	0x0000000000000000	.rodata.str1.1 + 235d
.rela.text	0x0000000000001c90	0000009800000115	R_AARCH64_ADD_ABS_LO12_NC	0x0000000000000000	.rodata.str1.1 + 235d
.rela.text	0x0000000000001ca4	000000a100000116	R_AARCH64_LDST8_ABS_LO12_NC	0x0000000000000000	fg_sh366003_log + 0
.rela.text	0x0000000000001cb4	000000bc00000113	R_AARCH64_ADR_PREL_PG_HI21	0x0000000000000000	delayed_work_timer_fn + 0
.rela.text	0x0000000000001cb8	000000bc00000115	R_AARCH64_ADD_ABS_LO12_NC	0x0000000000000000	delayed_work_timer_fn + 0
.rela.text	0x0000000000001cd8	0000007d00000113	R_AARCH64_ADR_PREL_PG_HI21	0x0000000000000000	.text + 25a4
.rela.text	0x0000000000001cdc	0000007d00000115	R_AARCH64_ADD_ABS_LO12_NC	0x0000000000000000	.text + 25a4
.rela.text	0x0000000000001cec	000000bd0000011b	R_AARCH64_CALL26	0x0000000000000000	init_timer_key + 0
.rela.text	0x0000000000001cf0	000000be00000113	R_AARCH64_ADR_PREL_PG_HI21	0x0000000000000000	system_wq + 0
.rela.text	0x0000000000001d00	000000be0000011e	R_AARCH64_LDST64_ABS_LO12_NC	0x0000000000000000	system_wq + 0
.rela.text	0x0000000000001d04	000000bf0000011b	R_AARCH64_CALL26	0x0000000000000000	queue_delayed_work_on + 0
.rela.text	0x0000000000001d0c	0000007d00000113	R_AARCH64_ADR_PREL_PG_HI21	0x0000000000000000	.text + 2d50
.rela.text	0x0000000000001d10	0000007d00000115	R_AARCH64_ADD_ABS_LO12_NC	0x0000000000000000	.text + 2d50
.rela.text	0x0000000000001d3c	000000bd0000011b	R_AARCH64_CALL26	0x0000000000000000	init_timer_key + 0
.rela.text	0x0000000000001d40	000000be0000011e	R_AARCH64_LDST64_ABS_LO12_NC	0x0000000000000000	system_wq + 0
.rela.text	0x0000000000001d50	000000bf0000011b	R_AARCH64_CALL26	0x0000000000000000	queue_delayed_work_on + 0
.rela.text	0x0000000000001d54	0000009800000113	R_AARCH64_ADR_PREL_PG_HI21	0x0000000000000000	.rodata.str1.1 + 1918
.rela.text	0x0000000000001d58	0000009800000115	R_AARCH64_ADD_ABS_LO12_NC	0x0000000000000000	.rodata.str1.1 + 1918
.rela.text	0x0000000000001d64	000000c00000011b	R_AARCH64_CALL26	0x0000000000000000	yft_set_fuelgauge_device_used + 0
.rela.text	0x0000000000001d68	000000a100000116	R_AARCH64_LDST8_ABS_LO12_NC	0x0000000000000000	fg_sh366003_log + 0
.rela.text	0x0000000000001d74	0000008100000113	R_AARCH64_ADR_PREL_PG_HI21	0x0000000000000000	.data + 288
.rela.text	0x0000000000001d78	0000008100000115	R_AARCH64_ADD_ABS_LO12_NC	0x0000000000000000	.data + 288
.rela.text	0x0000000000001d8c	0000007d00000113	R_AARCH64_ADR_PREL_PG_HI21	0x0000000000000000	.text + 3e04
.rela.text	0x0000000000001d90	0000007d00000115	R_AARCH64_ADD_ABS_LO12_NC	0x0000000000000000	.text + 3e04
.rela.text	0x0000000000001da4	0000007d00000113	R_AARCH64_ADR_PREL_PG_HI21	0x0000000000000000	.text + 3ec4
.rela.text	0x0000000000001da8	0000007d00000115	R_AARCH64_ADD_ABS_LO12_NC	0x0000000000000000	.text + 3ec4
.rela.text	0x0000000000001db4	000000c10000011b	R_AARCH64_CALL26	0x0000000000000000	devm_power_supply_register + 0
.rela.text	0x0000000000001dc4	000000a100000116	R_AARCH64_LDST8_ABS_LO12_NC	0x0000000000000000	fg_sh366003_log + 0
.rela.text	0x0000000000001dc8	0000009c00000113	R_AARCH64_ADR_PREL_PG_HI21	0x0000000000000000	g_sm + 0
.rela.text	0x0000000000001dd0	0000009800000113	R_AARCH64_ADR_PREL_PG_HI21	0x0000000000000000	.rodata.str1.1 + b16
.rela.text	0x0000000000001dd4	0000009800000115	R_AARCH64_ADD_ABS_LO12_NC	0x0000000000000000	.rodata.str1.1 + b16
.rela.text	0x0000000000001dd8	0000009800000113	R_AARCH64_ADR_PREL_PG_HI21	0x0000000000000000	.rodata.str1.1 + 21a3
.rela.text	0x0000000000001ddc	0000009800000115	R_AARCH64_ADD_ABS_LO12_NC	0x0000000000000000	.rodata.str1.1 + 21a3
.rela.text	0x0000000000001de4	000000ab0000011b	R_AARCH64_CALL26	0x0000000000000000	_printk + 0
.rela.text	0x0000000000001dec	0000008100000113	R_AARCH64_ADR_PREL_PG_HI21	0x0000000000000000	.data + 2b0
.rela.text	0x0000000000001df0	0000008100000115	R_AARCH64_ADD_ABS_LO12_NC	0x0000000000000000	.data + 2b0
.rela.text	0x0000000000001e00	0000009c00000113	R_AARCH64_ADR_PREL_PG_HI21	0x0000000000000000	g_sm + 0
.rela.text	0x0000000000001e08	0000009c0000011e	R_AARCH64_LDST64_ABS_LO12_NC	0x0000000000000000	g_sm + 0
.rela.text	0x0000000000001e24	000000c200000113	R_AARCH64_ADR_PREL_PG_HI21	0x0000000000000008	device2str + 0
.rela.text	0x0000000000001e28	0000009800000113	R_AARCH64_ADR_PREL_PG_HI21	0x0000000000000000	.rodata.str1.1 + 1990
.rela.text	0x0000000000001e2c	0000009800000115	R_AARCH64_ADD_ABS_LO12_NC	0x0000000000000000	.rodata.str1.1 + 1990
.rela.text	0x0000000000001e30	0000009800000113	R_AARCH64_ADR_PREL_PG_HI21	0x0000000000000000	.rodata.str1.1 + 2108
.rela.text	0x0000000000001e34	0000009800000115	R_AARCH64_ADD_ABS_LO12_NC	0x0000000000000000	.rodata.str1.1 + 2108
.rela.text	0x0000000000001e3c	000000c20000011e	R_AARCH64_LDST64_ABS_LO12_NC	0x0000000000000008	device2str + 0
.rela.text	0x0000000000001e40	000000ab0000011b	R_AARCH64_CALL26	0x0000000000000000	_printk + 0
.rela.text	0x0000000000001e44	000000a100000116	R_AARCH64_LDST8_ABS_LO12_NC	0x0000000000000000	fg_sh366003_log + 0
.rela.text	0x0000000000001e4c	0000009800000113	R_AARCH64_ADR_PREL_PG_HI21	0x0000000000000000	.rodata.str1.1 + 2108
.rela.text	0x0000000000001e50	0000009800000115	R_AARCH64_ADD_ABS_LO12_NC	0x0000000000000000	.rodata.str1.1 + 2108
.rela.text	0x0000000000001e54	0000009800000113	R_AARCH64_ADR_PREL_PG_HI21	0x0000000000000000	.rodata.str1.1 + ed
.rela.text	0x0000000000001e58	0000009800000115	R_AARCH64_ADD_ABS_LO12_NC	0x0000000000000000	.rodata.str1.1 + ed
.rela.text	0x0000000000001e64	000000ab0000011b	R_AARCH64_CALL26	0x0000000000000000	_printk + 0
.rela.text	0x0000000000001e70	0000009800000113	R_AARCH64_ADR_PREL_PG_HI21	0x0000000000000000	.rodata.str1.1 + f2f
.rela.text	0x0000000000001e74	0000009800000115	R_AARCH64_ADD_ABS_LO12_NC	0x0000000000000000	.rodata.str1.1 + f2f
.rela.text	0x0000000000001e80	0000009800000113	R_AARCH64_ADR_PREL_PG_HI21	0x0000000000000000	.rodata.str1.1 + 0
.rela.text	0x0000000000001e84	0000009800000115	R_AARCH64_ADD_ABS_LO12_NC	0x0000000000000000	.rodata.str1.1 + 0
.rela.text	0x0000000000001ea4	000000ab0000011b	R_AARCH64_CALL26	0x0000000000000000	_printk + 0
.rela.text	0x0000000000001eac	0000009800000113	R_AARCH64_ADR_PREL_PG_HI21	0x0000000000000000	.rodata.str1.1 + 965
.rela.text	0x0000000000001eb0	0000009800000115	R_AARCH64_ADD_ABS_LO12_NC	0x0000000000000000	.rodata.str1.1 + 965
.rela.text	0x0000000000001eb4	0000009800000113	R_AARCH64_ADR_PREL_PG_HI21	0x0000000000000000	.rodata.str1.1 + 174a
.rela.text	0x0000000000001eb8	0000009800000115	R_AARCH64_ADD_ABS_LO12_NC	0x0000000000000000	.rodata.str1.1 + 174a
.rela.text	0x0000000000001ec4	000000ab0000011b	R_AARCH64_CALL26	0x0000000000000000	_printk + 0
.rela.text	0x0000000000001ed0	0000009800000113	R_AARCH64_ADR_PREL_PG_HI21	0x0000000000000000	.rodata.str1.1 + 13f5
.rela.text	0x0000000000001ed4	0000009800000115	R_AARCH64_ADD_ABS_LO12_NC	0x0000000000000000	.rodata.str1.1 + 13f5
.rela.text	0x0000000000001ef0	0000009800000113	R_AARCH64_ADR_PREL_PG_HI21	0x0000000000000000	.rodata.str1.1 + 696
.rela.text	0x0000000000001ef4	0000009800000115	R_AARCH64_ADD_ABS_LO12_NC	0x0000000000000000	.rodata.str1.1 + 696
.rela.text	0x0000000000001f3c	000000ab0000011b	R_AARCH64_CALL26	0x0000000000000000	_printk + 0
.rela.text	0x0000000000001f44	0000009800000113	R_AARCH64_ADR_PREL_PG_HI21	0x0000000000000000	.rodata.str1.1 + 1d4b
.rela.text	0x0000000000001f48	0000009800000115	R_AARCH64_ADD_ABS_LO12_NC	0x0000000000000000	.rodata.str1.1 + 1d4b
.rela.text	0x0000000000001f4c	0000009800000113	R_AARCH64_ADR_PREL_PG_HI21	0x0000000000000000	.rodata.str1.1 + 2108
.rela.text	0x0000000000001f50	0000009800000115	R_AARCH64_ADD_ABS_LO12_NC	0x0000000000000000	.rodata.str1.1 + 2108
.rela.text	0x0000000000001f58	000000ab0000011b	R_AARCH64_CALL26	0x0000000000000000	_printk + 0
.rela.text	0x0000000000001f64	0000009800000113	R_AARCH64_ADR_PREL_PG_HI21	0x0000000000000000	.rodata.str1.1 + 1701
.rela.text	0x0000000000001f68	0000009800000115	R_AARCH64_ADD_ABS_LO12_NC	0x0000000000000000	.rodata.str1.1 + 1701
.rela.text	0x0000000000001f6c	0000009800000113	R_AARCH64_ADR_PREL_PG_HI21	0x0000000000000000	.rodata.str1.1 + 0
.rela.text	0x0000000000001f70	0000009800000115	R_AARCH64_ADD_ABS_LO12_NC	0x0000000000000000	.rodata.str1.1 + 0
.rela.text	0x0000000000001f78	000000ab0000011b	R_AARCH64_CALL26	0x0000000000000000	_printk + 0
.rela.text	0x0000000000001f84	0000009800000113	R_AARCH64_ADR_PREL_PG_HI21	0x0000000000000000	.rodata.str1.1 + 2450
.rela.text	0x0000000000001f88	0000009800000115	R_AARCH64_ADD_ABS_LO12_NC	0x0000000000000000	.rodata.str1.1 + 2450
.rela.text	0x0000000000001f8c	0000009800000113	R_AARCH64_ADR_PREL_PG_HI21	0x0000000000000000	.rodata.str1.1 + 174a
.rela.text	0x0000000000001f90	0000009800000115	R_AARCH64_ADD_ABS_LO12_NC	0x0000000000000000	.rodata.str1.1 + 174a
.rela.text	0x0000000000001f98	000000ab0000011b	R_AARCH64_CALL26	0x0000000000000000	_printk + 0
.rela.text	0x0000000000001fa4	0000009800000113	R_AARCH64_ADR_PREL_PG_HI21	0x0000000000000000	.rodata.str1.1 + 130e
.rela.text	0x0000000000001fa8	0000009800000115	R_AARCH64_ADD_ABS_LO12_NC	0x0000000000000000	.rodata.str1.1 + 130e
.rela.text	0x0000000000001fac	0000009800000113	R_AARCH64_ADR_PREL_PG_HI21	0x0000000000000000	.rodata.str1.1 + 13f5
.rela.text	0x0000000000001fb0	0000009800000115	R_AARCH64_ADD_ABS_LO12_NC	0x0000000000000000	.rodata.str1.1 + 13f5
.rela.text	0x0000000000001fb8	000000ab0000011b	R_AARCH64_CALL26	0x0000000000000000	_printk + 0
.rela.text	0x0000000000001fbc	000000a100000116	R_AARCH64_LDST8_ABS_LO12_NC	0x0000000000000000	fg_sh366003_log + 0
.rela.text	0x0000000000001fc8	0000009800000113	R_AARCH64_ADR_PREL_PG_HI21	0x0000000000000000	.rodata.str1.1 + 123a
.rela.text	0x0000000000001fcc	0000009800000115	R_AARCH64_ADD_ABS_LO12_NC	0x0000000000000000	.rodata.str1.1 + 123a
.rela.text	0x0000000000001fd0	0000009800000113	R_AARCH64_ADR_PREL_PG_HI21	0x0000000000000000	.rodata.str1.1 + 2126
.rela.text	0x0000000000001fd4	0000009800000115	R_AARCH64_ADD_ABS_LO12_NC	0x0000000000000000	.rodata.str1.1 + 2126
.rela.text	0x0000000000001fec	000000ab0000011b	R_AARCH64_CALL26	0x0000000000000000	_printk + 0
.rela.text	0x0000000000001ff4	0000009800000113	R_AARCH64_ADR_PREL_PG_HI21	0x0000000000000000	.rodata.str1.1 + 1b79
.rela.text	0x0000000000001ff8	0000009800000115	R_AARCH64_ADD_ABS_LO12_NC	0x0000000000000000	.rodata.str1.1 + 1b79
.rela.text	0x0000000000001ffc	0000009800000113	R_AARCH64_ADR_PREL_PG_HI21	0x0000000000000000	.rodata.str1.1 + 2126
.rela.text	0x0000000000002000	0000009800000115	R_AARCH64_ADD_ABS_LO12_NC	0x0000000000000000	.rodata.str1.1 + 2126
.rela.text	0x0000000000002018	000000ab0000011b	R_AARCH64_CALL26	0x0000000000000000	_printk + 0
.rela.text	0x0000000000002020	0000009800000113	R_AARCH64_ADR_PREL_PG_HI21	0x0000000000000000	.rodata.str1.1 + 14c0
.rela.text	0x0000000000002024	0000009800000115	R_AARCH64_ADD_ABS_LO12_NC	0x0000000000000000	.rodata.str1.1 + 14c0
.rela.text	0x0000000000002028	0000009800000113	R_AARCH64_ADR_PREL_PG_HI21	0x0000000000000000	.rodata.str1.1 + 2108
.rela.text	0x000000000000202c	0000009800000115	R_AARCH64_ADD_ABS_LO12_NC	0x0000000000000000	.rodata.str1.1 + 2108
.rela.text	0x0000000000002034	000000ab0000011b	R_AARCH64_CALL26	0x0000000000000000	_printk + 0
.rela.text	0x000000000000203c	000000ac0000011b	R_AARCH64_CALL26	0x0000000000000000	__stack_chk_fail + 0
.rela.text	0x000000000000205c	000000a100000113	R_AARCH64_ADR_PREL_PG_HI21	0x0000000000000000	fg_sh366003_log + 0
.rela.text	0x0000000000002060	000000a100000116	R_AARCH64_LDST8_ABS_LO12_NC	0x0000000000000000	fg_sh366003_log + 0
.rela.text	0x0000000000002074	0000009800000113	R_AARCH64_ADR_PREL_PG_HI21	0x0000000000000000	.rodata.str1.1 + 1671
.rela.text	0x0000000000002078	0000009800000115	R_AARCH64_ADD_ABS_LO12_NC	0x0000000000000000	.rodata.str1.1 + 1671
.rela.text	0x000000000000207c	0000009800000113	R_AARCH64_ADR_PREL_PG_HI21	0x0000000000000000	.rodata.str1.1 + b5b
.rela.text	0x0000000000002080	0000009800000115	R_AARCH64_ADD_ABS_LO12_NC	0x0000000000000000	.rodata.str1.1 + b5b
.rela.text	0x0000000000002088	000000ab0000011b	R_AARCH64_CALL26	0x0000000000000000	_printk + 0
.rela.text	0x00000000000020b0	000000a80000011b	R_AARCH64_CALL26	0x0000000000000000	mutex_lock + 0
.rela.text	0x00000000000020bc	000000b50000011b	R_AARCH64_CALL26	0x0000000000000000	i2c_smbus_read_word_data + 0
.rela.text	0x00000000000020cc	000000aa0000011b	R_AARCH64_CALL26	0x0000000000000000	mutex_unlock + 0
.rela.text	0x00000000000020d8	000000a80000011b	R_AARCH64_CALL26	0x0000000000000000	mutex_lock + 0
.rela.text	0x00000000000020e8	000000aa0000011b	R_AARCH64_CALL26	0x0000000000000000	mutex_unlock + 0
.rela.text	0x00000000000020f4	000000a100000113	R_AARCH64_ADR_PREL_PG_HI21	0x0000000000000000	fg_sh366003_log + 0
.rela.text	0x00000000000020f8	000000a100000116	R_AARCH64_LDST8_ABS_LO12_NC	0x0000000000000000	fg_sh366003_log + 0
.rela.text	0x0000000000002104	000000aa0000011b	R_AARCH64_CALL26	0x0000000000000000	mutex_unlock + 0
.rela.text	0x0000000000002108	000000a100000116	R_AARCH64_LDST8_ABS_LO12_NC	0x0000000000000000	fg_sh366003_log + 0
.rela.text	0x0000000000002128	0000009800000113	R_AARCH64_ADR_PREL_PG_HI21	0x0000000000000000	.rodata.str1.1 + 20aa
.rela.text	0x000000000000212c	0000009800000115	R_AARCH64_ADD_ABS_LO12_NC	0x0000000000000000	.rodata.str1.1 + 20aa
.rela.text	0x0000000000002130	0000009800000113	R_AARCH64_ADR_PREL_PG_HI21	0x0000000000000000	.rodata.str1.1 + 20f9
.rela.text	0x0000000000002134	0000009800000115	R_AARCH64_ADD_ABS_LO12_NC	0x0000000000000000	.rodata.str1.1 + 20f9
.rela.text	0x0000000000002140	000000ab0000011b	R_AARCH64_CALL26	0x0000000000000000	_printk + 0
.rela.text	0x0000000000002148	0000009800000113	R_AARCH64_ADR_PREL_PG_HI21	0x0000000000000000	.rodata.str1.1 + 12ba
.rela.text	0x000000000000214c	0000009800000115	R_AARCH64_ADD_ABS_LO12_NC	0x0000000000000000	.rodata.str1.1 + 12ba
.rela.text	0x0000000000002150	0000009800000113	R_AARCH64_ADR_PREL_PG_HI21	0x0000000000000000	.rodata.str1.1 + 2444
.rela.text	0x0000000000002154	0000009800000115	R_AARCH64_ADD_ABS_LO12_NC	0x0000000000000000	.rodata.str1.1 + 2444
.rela.text	0x0000000000002160	000000ab0000011b	R_AARCH64_CALL26	0x0000000000000000	_printk + 0
.rela.text	0x0000000000002188	000000a80000011b	R_AARCH64_CALL26	0x0000000000000000	mutex_lock + 0
.rela.text	0x0000000000002194	000000b50000011b	R_AARCH64_CALL26	0x0000000000000000	i2c_smbus_read_word_data + 0
.rela.text	0x00000000000021a4	000000aa0000011b	R_AARCH64_CALL26	0x0000000000000000	mutex_unlock + 0
.rela.text	0x00000000000021b0	000000a80000011b	R_AARCH64_CALL26	0x0000000000000000	mutex_lock + 0
.rela.text	0x00000000000021c0	000000aa0000011b	R_AARCH64_CALL26	0x0000000000000000	mutex_unlock + 0
.rela.text	0x00000000000021cc	000000a100000113	R_AARCH64_ADR_PREL_PG_HI21	0x0000000000000000	fg_sh366003_log + 0
.rela.text	0x00000000000021d0	000000a100000116	R_AARCH64_LDST8_ABS_LO12_NC	0x0000000000000000	fg_sh366003_log + 0
.rela.text	0x00000000000021dc	000000aa0000011b	R_AARCH64_CALL26	0x0000000000000000	mutex_unlock + 0
.rela.text	0x00000000000021e0	000000a100000116	R_AARCH64_LDST8_ABS_LO12_NC	0x0000000000000000	fg_sh366003_log + 0
.rela.text	0x0000000000002200	0000009800000113	R_AARCH64_ADR_PREL_PG_HI21	0x0000000000000000	.rodata.str1.1 + 20aa
.rela.text	0x0000000000002204	0000009800000115	R_AARCH64_ADD_ABS_LO12_NC	0x0000000000000000	.rodata.str1.1 + 20aa
.rela.text	0x0000000000002208	0000009800000113	R_AARCH64_ADR_PREL_PG_HI21	0x0000000000000000	.rodata.str1.1 + 20f9
.rela.text	0x000000000000220c	0000009800000115	R_AARCH64_ADD_ABS_LO12_NC	0x0000000000000000	.rodata.str1.1 + 20f9
.rela.text	0x0000000000002218	000000ab0000011b	R_AARCH64_CALL26	0x0000000000000000	_printk + 0
.rela.text	0x0000000000002220	0000009800000113	R_AARCH64_ADR_PREL_PG_HI21	0x0000000000000000	.rodata.str1.1 + 17e6
.rela.text	0x0000000000002224	0000009800000115	R_AARCH64_ADD_ABS_LO12_NC	0x0000000000000000	.rodata.str1.1 + 17e6
.rela.text	0x0000000000002228	0000009800000113	R_AARCH64_ADR_PREL_PG_HI21	0x0000000000000000	.rodata.str1.1 + 106d
.rela.text	0x000000000000222c	0000009800000115	R_AARCH64_ADD_ABS_LO12_NC	0x0000000000000000	.rodata.str1.1 + 106d
.rela.text	0x0000000000002238	000000ab0000011b	R_AARCH64_CALL26	0x0000000000000000	_printk + 0
.rela.text	0x0000000000002260	000000a80000011b	R_AARCH64_CALL26	0x0000000000000000	mutex_lock + 0
.rela.text	0x000000000000226c	000000b50000011b	R_AARCH64_CALL26	0x0000000000000000	i2c_smbus_read_word_data + 0
.rela.text	0x000000000000227c	000000aa0000011b	R_AARCH64_CALL26	0x0000000000000000	mutex_unlock + 0
.rela.text	0x0000000000002288	000000a80000011b	R_AARCH64_CALL26	0x0000000000000000	mutex_lock + 0
.rela.text	0x00000000000022a8	000000aa0000011b	R_AARCH64_CALL26	0x0000000000000000	mutex_unlock + 0
.rela.text	0x00000000000022b4	000000a100000113	R_AARCH64_ADR_PREL_PG_HI21	0x0000000000000000	fg_sh366003_log + 0
.rela.text	0x00000000000022b8	000000a100000116	R_AARCH64_LDST8_ABS_LO12_NC	0x0000000000000000	fg_sh366003_log + 0
.rela.text	0x00000000000022c4	000000aa0000011b	R_AARCH64_CALL26	0x0000000000000000	mutex_unlock + 0
.rela.text	0x00000000000022c8	000000a100000116	R_AARCH64_LDST8_ABS_LO12_NC	0x0000000000000000	fg_sh366003_log + 0
.rela.text	0x00000000000022e8	0000009800000113	R_AARCH64_ADR_PREL_PG_HI21	0x0000000000000000	.rodata.str1.1 + 20aa
.rela.text	0x00000000000022ec	0000009800000115	R_AARCH64_ADD_ABS_LO12_NC	0x0000000000000000	.rodata.str1.1 + 20aa
.rela.text	0x00000000000022f0	0000009800000113	R_AARCH64_ADR_PREL_PG_HI21	0x0000000000000000	.rodata.str1.1 + 20f9
.rela.text	0x00000000000022f4	0000009800000115	R_AARCH64_ADD_ABS_LO12_NC	0x0000000000000000	.rodata.str1.1 + 20f9
.rela.text	0x0000000000002300	000000ab0000011b	R_AARCH64_CALL26	0x0000000000000000	_printk + 0
.rela.text	0x0000000000002308	0000009800000113	R_AARCH64_ADR_PREL_PG_HI21	0x0000000000000000	.rodata.str1.1 + 1dd8
.rela.text	0x000000000000230c	0000009800000115	R_AARCH64_ADD_ABS_LO12_NC	0x0000000000000000	.rodata.str1.1 + 1dd8
.rela.text	0x0000000000002310	0000009800000113	R_AARCH64_ADR_PREL_PG_HI21	0x0000000000000000	.rodata.str1.1 + 153e
.rela.text	0x0000000000002314	0000009800000115	R_AARCH64_ADD_ABS_LO12_NC	0x0000000000000000	.rodata.str1.1 + 153e
.rela.text	0x0000000000002320	000000ab0000011b	R_AARCH64_CALL26	0x0000000000000000	_printk + 0
.rela.text	0x0000000000002348	000000a80000011b	R_AARCH64_CALL26	0x0000000000000000	mutex_lock + 0
.rela.text	0x0000000000002354	000000b50000011b	R_AARCH64_CALL26	0x0000000000000000	i2c_smbus_read_word_data + 0
.rela.text	0x0000000000002364	000000aa0000011b	R_AARCH64_CALL26	0x0000000000000000	mutex_unlock + 0
.rela.text	0x0000000000002378	000000a100000113	R_AARCH64_ADR_PREL_PG_HI21	0x0000000000000000	fg_sh366003_log + 0
.rela.text	0x000000000000237c	000000a100000116	R_AARCH64_LDST8_ABS_LO12_NC	0x0000000000000000	fg_sh366003_log + 0
.rela.text	0x0000000000002388	000000aa0000011b	R_AARCH64_CALL26	0x0000000000000000	mutex_unlock + 0
.rela.text	0x000000000000238c	000000a100000116	R_AARCH64_LDST8_ABS_LO12_NC	0x0000000000000000	fg_sh366003_log + 0
.rela.text	0x00000000000023a8	0000009800000113	R_AARCH64_ADR_PREL_PG_HI21	0x0000000000000000	.rodata.str1.1 + 20aa
.rela.text	0x00000000000023ac	0000009800000115	R_AARCH64_ADD_ABS_LO12_NC	0x0000000000000000	.rodata.str1.1 + 20aa
.rela.text	0x00000000000023b0	0000009800000113	R_AARCH64_ADR_PREL_PG_HI21	0x0000000000000000	.rodata.str1.1 + 20f9
.rela.text	0x00000000000023b4	0000009800000115	R_AARCH64_ADD_ABS_LO12_NC	0x0000000000000000	.rodata.str1.1 + 20f9
.rela.text	0x00000000000023c0	000000ab0000011b	R_AARCH64_CALL26	0x0000000000000000	_printk + 0
.rela.text	0x00000000000023c8	0000009800000113	R_AARCH64_ADR_PREL_PG_HI21	0x0000000000000000	.rodata.str1.1 + e71
.rela.text	0x00000000000023cc	0000009800000115	R_AARCH64_ADD_ABS_LO12_NC	0x0000000000000000	.rodata.str1.1 + e71
.rela.text	0x00000000000023d0	0000009800000113	R_AARCH64_ADR_PREL_PG_HI21	0x0000000000000000	.rodata.str1.1 + 67f
.rela.text	0x00000000000023d4	0000009800000115	R_AARCH64_ADD_ABS_LO12_NC	0x0000000000000000	.rodata.str1.1 + 67f
.rela.text	0x00000000000023e0	000000ab0000011b	R_AARCH64_CALL26	0x0000000000000000	_printk + 0
.rela.text	0x0000000000002408	000000a80000011b	R_AARCH64_CALL26	0x0000000000000000	mutex_lock + 0
.rela.text	0x0000000000002414	000000b50000011b	R_AARCH64_CALL26	0x0000000000000000	i2c_smbus_read_word_data + 0
.rela.text	0x0000000000002420	000000aa0000011b	R_AARCH64_CALL26	0x0000000000000000	mutex_unlock + 0
.rela.text	0x0000000000002428	000000a100000113	R_AARCH64_ADR_PREL_PG_HI21	0x0000000000000000	fg_sh366003_log + 0
.rela.text	0x0000000000002430	000000a100000116	R_AARCH64_LDST8_ABS_LO12_NC	0x0000000000000000	fg_sh366003_log + 0
.rela.text	0x000000000000243c	000000aa0000011b	R_AARCH64_CALL26	0x0000000000000000	mutex_unlock + 0
.rela.text	0x0000000000002440	000000a100000116	R_AARCH64_LDST8_ABS_LO12_NC	0x0000000000000000	fg_sh366003_log + 0
.rela.text	0x000000000000245c	0000009800000113	R_AARCH64_ADR_PREL_PG_HI21	0x0000000000000000	.rodata.str1.1 + 20aa
.rela.text	0x0000000000002460	0000009800000115	R_AARCH64_ADD_ABS_LO12_NC	0x0000000000000000	.rodata.str1.1 + 20aa
.rela.text	0x0000000000002464	0000009800000113	R_AARCH64_ADR_PREL_PG_HI21	0x0000000000000000	.rodata.str1.1 + 20f9
.rela.text	0x0000000000002468	0000009800000115	R_AARCH64_ADD_ABS_LO12_NC	0x0000000000000000	.rodata.str1.1 + 20f9
.rela.text	0x0000000000002474	000000ab0000011b	R_AARCH64_CALL26	0x0000000000000000	_printk + 0
.rela.text	0x000000000000247c	0000009800000113	R_AARCH64_ADR_PREL_PG_HI21	0x0000000000000000	.rodata.str1.1 + ed0
.rela.text	0x0000000000002480	0000009800000115	R_AARCH64_ADD_ABS_LO12_NC	0x0000000000000000	.rodata.str1.1 + ed0
.rela.text	0x0000000000002484	0000009800000113	R_AARCH64_ADR_PREL_PG_HI21	0x0000000000000000	.rodata.str1.1 + d8f
.rela.text	0x0000000000002488	0000009800000115	R_AARCH64_ADD_ABS_LO12_NC	0x0000000000000000	.rodata.str1.1 + d8f
.rela.text	0x0000000000002494	000000ab0000011b	R_AARCH64_CALL26	0x0000000000000000	_printk + 0
.rela.text	0x00000000000024e4	000000a100000113	R_AARCH64_ADR_PREL_PG_HI21	0x0000000000000000	fg_sh366003_log + 0
.rela.text	0x00000000000024ec	000000a100000116	R_AARCH64_LDST8_ABS_LO12_NC	0x0000000000000000	fg_sh366003_log + 0
.rela.text	0x000000000000251c	000000a100000113	R_AARCH64_ADR_PREL_PG_HI21	0x0000000000000000	fg_sh366003_log + 0
.rela.text	0x0000000000002520	000000a100000116	R_AARCH64_LDST8_ABS_LO12_NC	0x0000000000000000	fg_sh366003_log + 0
.rela.text	0x0000000000002554	0000009800000113	R_AARCH64_ADR_PREL_PG_HI21	0x0000000000000000	.rodata.str1.1 + da6
.rela.text	0x0000000000002558	0000009800000115	R_AARCH64_ADD_ABS_LO12_NC	0x0000000000000000	.rodata.str1.1 + da6
.rela.text	0x000000000000255c	0000009800000113	R_AARCH64_ADR_PREL_PG_HI21	0x0000000000000000	.rodata.str1.1 + 4d2
.rela.text	0x0000000000002560	0000009800000115	R_AARCH64_ADD_ABS_LO12_NC	0x0000000000000000	.rodata.str1.1 + 4d2
.rela.text	0x0000000000002574	000000ab0000011b	R_AARCH64_CALL26	0x0000000000000000	_printk + 0
.rela.text	0x0000000000002580	0000009800000113	R_AARCH64_ADR_PREL_PG_HI21	0x0000000000000000	.rodata.str1.1 + 488
.rela.text	0x0000000000002584	0000009800000115	R_AARCH64_ADD_ABS_LO12_NC	0x0000000000000000	.rodata.str1.1 + 488
.rela.text	0x0000000000002588	0000009800000113	R_AARCH64_ADR_PREL_PG_HI21	0x0000000000000000	.rodata.str1.1 + 4d2
.rela.text	0x000000000000258c	0000009800000115	R_AARCH64_ADD_ABS_LO12_NC	0x0000000000000000	.rodata.str1.1 + 4d2
.rela.text	0x0000000000002594	000000ab0000011b	R_AARCH64_CALL26	0x0000000000000000	_printk + 0
.rela.text	0x000000000000259c	000000ac0000011b	R_AARCH64_CALL26	0x0000000000000000	__stack_chk_fail + 0
.rela.text	0x00000000000025c8	0000009c00000113	R_AARCH64_ADR_PREL_PG_HI21	0x0000000000000000	g_sm + 0
.rela.text	0x00000000000025d8	0000009c0000011e	R_AARCH64_LDST64_ABS_LO12_NC	0x0000000000000000	g_sm + 0
.rela.text	0x00000000000025fc	0000009800000113	R_AARCH64_ADR_PREL_PG_HI21	0x0000000000000000	.rodata.str1.1 + 1be7
.rela.text	0x0000000000002600	0000009800000115	R_AARCH64_ADD_ABS_LO12_NC	0x0000000000000000	.rodata.str1.1 + 1be7
.rela.text	0x0000000000002604	000000c30000011b	R_AARCH64_CALL26	0x0000000000000000	power_supply_get_by_name + 0
.rela.text	0x0000000000002618	000000c40000011b	R_AARCH64_CALL26	0x0000000000000000	power_supply_get_property + 0
.rela.text	0x0000000000002644	0000008200000113	R_AARCH64_ADR_PREL_PG_HI21	0x0000000000000000	.bss + 1c0
.rela.text	0x0000000000002648	000000a100000113	R_AARCH64_ADR_PREL_PG_HI21	0x0000000000000000	fg_sh366003_log + 0
.rela.text	0x000000000000264c	000000820000011d	R_AARCH64_LDST32_ABS_LO12_NC	0x0000000000000000	.bss + 1c0
.rela.text	0x0000000000002658	000000a100000116	R_AARCH64_LDST8_ABS_LO12_NC	0x0000000000000000	fg_sh366003_log + 0
.rela.text	0x0000000000002664	000000820000011d	R_AARCH64_LDST32_ABS_LO12_NC	0x0000000000000000	.bss + 1c0
.rela.text	0x0000000000002674	000000a80000011b	R_AARCH64_CALL26	0x0000000000000000	mutex_lock + 0
.rela.text	0x0000000000002684	000000b50000011b	R_AARCH64_CALL26	0x0000000000000000	i2c_smbus_read_word_data + 0
.rela.text	0x0000000000002694	000000aa0000011b	R_AARCH64_CALL26	0x0000000000000000	mutex_unlock + 0
.rela.text	0x00000000000026a0	000000a80000011b	R_AARCH64_CALL26	0x0000000000000000	mutex_lock + 0
.rela.text	0x00000000000026b0	000000aa0000011b	R_AARCH64_CALL26	0x0000000000000000	mutex_unlock + 0
.rela.text	0x00000000000026b8	000000a100000116	R_AARCH64_LDST8_ABS_LO12_NC	0x0000000000000000	fg_sh366003_log + 0
.rela.text	0x00000000000026c4	000000aa0000011b	R_AARCH64_CALL26	0x0000000000000000	mutex_unlock + 0
.rela.text	0x00000000000026c8	000000a100000116	R_AARCH64_LDST8_ABS_LO12_NC	0x0000000000000000	fg_sh366003_log + 0
.rela.text	0x00000000000026d4	000000a80000011b	R_AARCH64_CALL26	0x0000000000000000	mutex_lock + 0
.rela.text	0x00000000000026e0	000000b50000011b	R_AARCH64_CALL26	0x0000000000000000	i2c_smbus_read_word_data + 0
.rela.text	0x00000000000026f0	000000aa0000011b	R_AARCH64_CALL26	0x0000000000000000	mutex_unlock + 0
.rela.text	0x00000000000026fc	000000a80000011b	R_AARCH64_CALL26	0x0000000000000000	mutex_lock + 0
.rela.text	0x000000000000270c	000000aa0000011b	R_AARCH64_CALL26	0x0000000000000000	mutex_unlock + 0
.rela.text	0x0000000000002714	000000a100000116	R_AARCH64_LDST8_ABS_LO12_NC	0x0000000000000000	fg_sh366003_log + 0
.rela.text	0x0000000000002720	000000aa0000011b	R_AARCH64_CALL26	0x0000000000000000	mutex_unlock + 0
.rela.text	0x0000000000002724	000000a100000116	R_AARCH64_LDST8_ABS_LO12_NC	0x0000000000000000	fg_sh366003_log + 0
.rela.text	0x0000000000002730	000000a80000011b	R_AARCH64_CALL26	0x0000000000000000	mutex_lock + 0
.rela.text	0x000000000000273c	000000b50000011b	R_AARCH64_CALL26	0x0000000000000000	i2c_smbus_read_word_data + 0
.rela.text	0x000000000000274c	000000aa0000011b	R_AARCH64_CALL26	0x0000000000000000	mutex_unlock + 0
.rela.text	0x0000000000002758	000000a80000011b	R_AARCH64_CALL26	0x0000000000000000	mutex_lock + 0
.rela.text	0x0000000000002768	000000aa0000011b	R_AARCH64_CALL26	0x0000000000000000	mutex_unlock + 0
.rela.text	0x0000000000002770	000000a100000116	R_AARCH64_LDST8_ABS_LO12_NC	0x0000000000000000	fg_sh366003_log + 0
.rela.text	0x000000000000277c	000000aa0000011b	R_AARCH64_CALL26	0x0000000000000000	mutex_unlock + 0
.rela.text	0x0000000000002780	000000a100000116	R_AARCH64_LDST8_ABS_LO12_NC	0x0000000000000000	fg_sh366003_log + 0
.rela.text	0x00000000000027ac	000000a80000011b	R_AARCH64_CALL26	0x0000000000000000	mutex_lock + 0
.rela.text	0x00000000000027b8	000000b50000011b	R_AARCH64_CALL26	0x0000000000000000	i2c_smbus_read_word_data + 0
.rela.text	0x00000000000027c8	000000aa0000011b	R_AARCH64_CALL26	0x0000000000000000	mutex_unlock + 0
.rela.text	0x00000000000027d8	000000a100000116	R_AARCH64_LDST8_ABS_LO12_NC	0x0000000000000000	fg_sh366003_log + 0
.rela.text	0x00000000000027e4	000000aa0000011b	R_AARCH64_CALL26	0x0000000000000000	mutex_unlock + 0
.rela.text	0x00000000000027e8	000000a100000116	R_AARCH64_LDST8_ABS_LO12_NC	0x0000000000000000	fg_sh366003_log + 0
.rela.text	0x00000000000027f4	000000a80000011b	R_AARCH64_CALL26	0x0000000000000000	mutex_lock + 0
.rela.text	0x0000000000002800	000000b50000011b	R_AARCH64_CALL26	0x0000000000000000	i2c_smbus_read_word_data + 0
.rela.text	0x0000000000002810	000000aa0000011b	R_AARCH64_CALL26	0x0000000000000000	mutex_unlock + 0
.rela.text	0x0000000000002820	000000a100000116	R_AARCH64_LDST8_ABS_LO12_NC	0x0000000000000000	fg_sh366003_log + 0
.rela.text	0x000000000000282c	000000aa0000011b	R_AARCH64_CALL26	0x0000000000000000	mutex_unlock + 0
.rela.text	0x0000000000002830	000000a100000116	R_AARCH64_LDST8_ABS_LO12_NC	0x0000000000000000	fg_sh366003_log + 0
.rela.text	0x000000000000283c	000000a80000011b	R_AARCH64_CALL26	0x0000000000000000	mutex_lock + 0
.rela.text	0x0000000000002848	000000b50000011b	R_AARCH64_CALL26	0x0000000000000000	i2c_smbus_read_word_data + 0
.rela.text	0x0000000000002858	000000aa0000011b	R_AARCH64_CALL26	0x0000000000000000	mutex_unlock + 0
.rela.text	0x0000000000002868	000000a100000116	R_AARCH64_LDST8_ABS_LO12_NC	0x0000000000000000	fg_sh366003_log + 0
.rela.text	0x0000000000002874	000000aa0000011b	R_AARCH64_CALL26	0x0000000000000000	mutex_unlock + 0
.rela.text	0x0000000000002878	000000a100000116	R_AARCH64_LDST8_ABS_LO12_NC	0x0000000000000000	fg_sh366003_log + 0
.rela.text	0x0000000000002958	000000a100000116	R_AARCH64_LDST8_ABS_LO12_NC	0x0000000000000000	fg_sh366003_log + 0
.rela.text	0x0000000000002968	0000009800000113	R_AARCH64_ADR_PREL_PG_HI21	0x0000000000000000	.rodata.str1.1 + 183e
.rela.text	0x000000000000296c	0000009800000115	R_AARCH64_ADD_ABS_LO12_NC	0x0000000000000000	.rodata.str1.1 + 183e
.rela.text	0x0000000000002978	0000009800000113	R_AARCH64_ADR_PREL_PG_HI21	0x0000000000000000	.rodata.str1.1 + 2380
.rela.text	0x000000000000297c	0000009800000115	R_AARCH64_ADD_ABS_LO12_NC	0x0000000000000000	.rodata.str1.1 + 2380
.rela.text	0x00000000000029bc	000000ab0000011b	R_AARCH64_CALL26	0x0000000000000000	_printk + 0
.rela.text	0x00000000000029f4	0000009800000113	R_AARCH64_ADR_PREL_PG_HI21	0x0000000000000000	.rodata.str1.1 + 2245
.rela.text	0x00000000000029f8	0000009800000115	R_AARCH64_ADD_ABS_LO12_NC	0x0000000000000000	.rodata.str1.1 + 2245
.rela.text	0x00000000000029fc	0000009800000113	R_AARCH64_ADR_PREL_PG_HI21	0x0000000000000000	.rodata.str1.1 + f71
.rela.text	0x0000000000002a00	0000009800000115	R_AARCH64_ADD_ABS_LO12_NC	0x0000000000000000	.rodata.str1.1 + f71
.rela.text	0x0000000000002a0c	000000ab0000011b	R_AARCH64_CALL26	0x0000000000000000	_printk + 0
.rela.text	0x0000000000002a3c	0000009800000113	R_AARCH64_ADR_PREL_PG_HI21	0x0000000000000000	.rodata.str1.1 + 20aa
.rela.text	0x0000000000002a40	0000009800000115	R_AARCH64_ADD_ABS_LO12_NC	0x0000000000000000	.rodata.str1.1 + 20aa
.rela.text	0x0000000000002a44	0000009800000113	R_AARCH64_ADR_PREL_PG_HI21	0x0000000000000000	.rodata.str1.1 + 20f9
.rela.text	0x0000000000002a48	0000009800000115	R_AARCH64_ADD_ABS_LO12_NC	0x0000000000000000	.rodata.str1.1 + 20f9
.rela.text	0x0000000000002a54	000000ab0000011b	R_AARCH64_CALL26	0x0000000000000000	_printk + 0
.rela.text	0x0000000000002a5c	0000009800000113	R_AARCH64_ADR_PREL_PG_HI21	0x0000000000000000	.rodata.str1.1 + faf
.rela.text	0x0000000000002a60	0000009800000115	R_AARCH64_ADD_ABS_LO12_NC	0x0000000000000000	.rodata.str1.1 + faf
.rela.text	0x0000000000002a64	0000009800000113	R_AARCH64_ADR_PREL_PG_HI21	0x0000000000000000	.rodata.str1.1 + 2154
.rela.text	0x0000000000002a68	0000009800000115	R_AARCH64_ADD_ABS_LO12_NC	0x0000000000000000	.rodata.str1.1 + 2154
.rela.text	0x0000000000002a74	000000ab0000011b	R_AARCH64_CALL26	0x0000000000000000	_printk + 0
.rela.text	0x0000000000002a7c	0000009800000113	R_AARCH64_ADR_PREL_PG_HI21	0x0000000000000000	.rodata.str1.1 + 20aa
.rela.text	0x0000000000002a80	0000009800000115	R_AARCH64_ADD_ABS_LO12_NC	0x0000000000000000	.rodata.str1.1 + 20aa
.rela.text	0x0000000000002a84	0000009800000113	R_AARCH64_ADR_PREL_PG_HI21	0x0000000000000000	.rodata.str1.1 + 20f9
.rela.text	0x0000000000002a88	0000009800000115	R_AARCH64_ADD_ABS_LO12_NC	0x0000000000000000	.rodata.str1.1 + 20f9
.rela.text	0x0000000000002a94	000000ab0000011b	R_AARCH64_CALL26	0x0000000000000000	_printk + 0
.rela.text	0x0000000000002a9c	0000009800000113	R_AARCH64_ADR_PREL_PG_HI21	0x0000000000000000	.rodata.str1.1 + a82
.rela.text	0x0000000000002aa0	0000009800000115	R_AARCH64_ADD_ABS_LO12_NC	0x0000000000000000	.rodata.str1.1 + a82
.rela.text	0x0000000000002aa4	0000009800000113	R_AARCH64_ADR_PREL_PG_HI21	0x0000000000000000	.rodata.str1.1 + c32
.rela.text	0x0000000000002aa8	0000009800000115	R_AARCH64_ADD_ABS_LO12_NC	0x0000000000000000	.rodata.str1.1 + c32
.rela.text	0x0000000000002ab4	000000ab0000011b	R_AARCH64_CALL26	0x0000000000000000	_printk + 0
.rela.text	0x0000000000002abc	0000009800000113	R_AARCH64_ADR_PREL_PG_HI21	0x0000000000000000	.rodata.str1.1 + 20aa
.rela.text	0x0000000000002ac0	0000009800000115	R_AARCH64_ADD_ABS_LO12_NC	0x0000000000000000	.rodata.str1.1 + 20aa
.rela.text	0x0000000000002ac4	0000009800000113	R_AARCH64_ADR_PREL_PG_HI21	0x0000000000000000	.rodata.str1.1 + 20f9
.rela.text	0x0000000000002ac8	0000009800000115	R_AARCH64_ADD_ABS_LO12_NC	0x0000000000000000	.rodata.str1.1 + 20f9
.rela.text	0x0000000000002ad4	000000ab0000011b	R_AARCH64_CALL26	0x0000000000000000	_printk + 0
.rela.text	0x0000000000002adc	0000009800000113	R_AARCH64_ADR_PREL_PG_HI21	0x0000000000000000	.rodata.str1.1 + 124
.rela.text	0x0000000000002ae0	0000009800000115	R_AARCH64_ADD_ABS_LO12_NC	0x0000000000000000	.rodata.str1.1 + 124
.rela.text	0x0000000000002ae4	0000009800000113	R_AARCH64_ADR_PREL_PG_HI21	0x0000000000000000	.rodata.str1.1 + 6f8
.rela.text	0x0000000000002ae8	0000009800000115	R_AARCH64_ADD_ABS_LO12_NC	0x0000000000000000	.rodata.str1.1 + 6f8
.rela.text	0x0000000000002af4	000000ab0000011b	R_AARCH64_CALL26	0x0000000000000000	_printk + 0
.rela.text	0x0000000000002afc	0000009800000113	R_AARCH64_ADR_PREL_PG_HI21	0x0000000000000000	.rodata.str1.1 + 20aa
.rela.text	0x0000000000002b00	0000009800000115	R_AARCH64_ADD_ABS_LO12_NC	0x0000000000000000	.rodata.str1.1 + 20aa
.rela.text	0x0000000000002b04	0000009800000113	R_AARCH64_ADR_PREL_PG_HI21	0x0000000000000000	.rodata.str1.1 + 20f9
.rela.text	0x0000000000002b08	0000009800000115	R_AARCH64_ADD_ABS_LO12_NC	0x0000000000000000	.rodata.str1.1 + 20f9
.rela.text	0x0000000000002b14	000000ab0000011b	R_AARCH64_CALL26	0x0000000000000000	_printk + 0
.rela.text	0x0000000000002b1c	0000009800000113	R_AARCH64_ADR_PREL_PG_HI21	0x0000000000000000	.rodata.str1.1 + 1e6f
.rela.text	0x0000000000002b20	0000009800000115	R_AARCH64_ADD_ABS_LO12_NC	0x0000000000000000	.rodata.str1.1 + 1e6f
.rela.text	0x0000000000002b24	0000009800000113	R_AARCH64_ADR_PREL_PG_HI21	0x0000000000000000	.rodata.str1.1 + ad7
.rela.text	0x0000000000002b28	0000009800000115	R_AARCH64_ADD_ABS_LO12_NC	0x0000000000000000	.rodata.str1.1 + ad7
.rela.text	0x0000000000002b34	000000ab0000011b	R_AARCH64_CALL26	0x0000000000000000	_printk + 0
.rela.text	0x0000000000002b3c	0000009800000113	R_AARCH64_ADR_PREL_PG_HI21	0x0000000000000000	.rodata.str1.1 + 20aa
.rela.text	0x0000000000002b40	0000009800000115	R_AARCH64_ADD_ABS_LO12_NC	0x0000000000000000	.rodata.str1.1 + 20aa
.rela.text	0x0000000000002b44	0000009800000113	R_AARCH64_ADR_PREL_PG_HI21	0x0000000000000000	.rodata.str1.1 + 20f9
.rela.text	0x0000000000002b48	0000009800000115	R_AARCH64_ADD_ABS_LO12_NC	0x0000000000000000	.rodata.str1.1 + 20f9
.rela.text	0x0000000000002b54	000000ab0000011b	R_AARCH64_CALL26	0x0000000000000000	_printk + 0
.rela.text	0x0000000000002b5c	0000009800000113	R_AARCH64_ADR_PREL_PG_HI21	0x0000000000000000	.rodata.str1.1 + 501
.rela.text	0x0000000000002b60	0000009800000115	R_AARCH64_ADD_ABS_LO12_NC	0x0000000000000000	.rodata.str1.1 + 501
.rela.text	0x0000000000002b64	0000009800000113	R_AARCH64_ADR_PREL_PG_HI21	0x0000000000000000	.rodata.str1.1 + 24a6
.rela.text	0x0000000000002b68	0000009800000115	R_AARCH64_ADD_ABS_LO12_NC	0x0000000000000000	.rodata.str1.1 + 24a6
.rela.text	0x0000000000002b74	000000ab0000011b	R_AARCH64_CALL26	0x0000000000000000	_printk + 0
.rela.text	0x0000000000002b7c	0000009800000113	R_AARCH64_ADR_PREL_PG_HI21	0x0000000000000000	.rodata.str1.1 + 20aa
.rela.text	0x0000000000002b80	0000009800000115	R_AARCH64_ADD_ABS_LO12_NC	0x0000000000000000	.rodata.str1.1 + 20aa
.rela.text	0x0000000000002b84	0000009800000113	R_AARCH64_ADR_PREL_PG_HI21	0x0000000000000000	.rodata.str1.1 + 20f9
.rela.text	0x0000000000002b88	0000009800000115	R_AARCH64_ADD_ABS_LO12_NC	0x0000000000000000	.rodata.str1.1 + 20f9
.rela.text	0x0000000000002b94	000000ab0000011b	R_AARCH64_CALL26	0x0000000000000000	_printk + 0
.rela.text	0x0000000000002b9c	0000009800000113	R_AARCH64_ADR_PREL_PG_HI21	0x0000000000000000	.rodata.str1.1 + 19e1
.rela.text	0x0000000000002ba0	0000009800000115	R_AARCH64_ADD_ABS_LO12_NC	0x0000000000000000	.rodata.str1.1 + 19e1
.rela.text	0x0000000000002ba4	0000009800000113	R_AARCH64_ADR_PREL_PG_HI21	0x0000000000000000	.rodata.str1.1 + 70e
.rela.text	0x0000000000002ba8	0000009800000115	R_AARCH64_ADD_ABS_LO12_NC	0x0000000000000000	.rodata.str1.1 + 70e
.rela.text	0x0000000000002bb4	000000ab0000011b	R_AARCH64_CALL26	0x0000000000000000	_printk + 0
.rela.text	0x0000000000002bc4	000000a100000116	R_AARCH64_LDST8_ABS_LO12_NC	0x0000000000000000	fg_sh366003_log + 0
.rela.text	0x0000000000002bd0	000000a80000011b	R_AARCH64_CALL26	0x0000000000000000	mutex_lock + 0
.rela.text	0x0000000000002bdc	000000b50000011b	R_AARCH64_CALL26	0x0000000000000000	i2c_smbus_read_word_data + 0
.rela.text	0x0000000000002bf4	000000a100000116	R_AARCH64_LDST8_ABS_LO12_NC	0x0000000000000000	fg_sh366003_log + 0
.rela.text	0x0000000000002c04	000000aa0000011b	R_AARCH64_CALL26	0x0000000000000000	mutex_unlock + 0
.rela.text	0x0000000000002c08	000000a100000116	R_AARCH64_LDST8_ABS_LO12_NC	0x0000000000000000	fg_sh366003_log + 0
.rela.text	0x0000000000002c18	000000be00000113	R_AARCH64_ADR_PREL_PG_HI21	0x0000000000000000	system_wq + 0
.rela.text	0x0000000000002c28	000000be0000011e	R_AARCH64_LDST64_ABS_LO12_NC	0x0000000000000000	system_wq + 0
.rela.text	0x0000000000002c2c	000000bf0000011b	R_AARCH64_CALL26	0x0000000000000000	queue_delayed_work_on + 0
.rela.text	0x0000000000002c64	0000009800000113	R_AARCH64_ADR_PREL_PG_HI21	0x0000000000000000	.rodata.str1.1 + 1dd8
.rela.text	0x0000000000002c68	0000009800000115	R_AARCH64_ADD_ABS_LO12_NC	0x0000000000000000	.rodata.str1.1 + 1dd8
.rela.text	0x0000000000002c6c	0000009800000113	R_AARCH64_ADR_PREL_PG_HI21	0x0000000000000000	.rodata.str1.1 + 4ed
.rela.text	0x0000000000002c70	0000009800000115	R_AARCH64_ADD_ABS_LO12_NC	0x0000000000000000	.rodata.str1.1 + 4ed
.rela.text	0x0000000000002c7c	000000ab0000011b	R_AARCH64_CALL26	0x0000000000000000	_printk + 0
.rela.text	0x0000000000002c80	000000a100000116	R_AARCH64_LDST8_ABS_LO12_NC	0x0000000000000000	fg_sh366003_log + 0
.rela.text	0x0000000000002c8c	0000009800000113	R_AARCH64_ADR_PREL_PG_HI21	0x0000000000000000	.rodata.str1.1 + 3ae
.rela.text	0x0000000000002c90	0000009800000115	R_AARCH64_ADD_ABS_LO12_NC	0x0000000000000000	.rodata.str1.1 + 3ae
.rela.text	0x0000000000002c9c	0000009800000113	R_AARCH64_ADR_PREL_PG_HI21	0x0000000000000000	.rodata.str1.1 + 4ed
.rela.text	0x0000000000002ca0	0000009800000115	R_AARCH64_ADD_ABS_LO12_NC	0x0000000000000000	.rodata.str1.1 + 4ed
.rela.text	0x0000000000002ce0	000000ab0000011b	R_AARCH64_CALL26	0x0000000000000000	_printk + 0
.rela.text	0x0000000000002ce8	0000009800000113	R_AARCH64_ADR_PREL_PG_HI21	0x0000000000000000	.rodata.str1.1 + 1004
.rela.text	0x0000000000002cec	0000009800000115	R_AARCH64_ADD_ABS_LO12_NC	0x0000000000000000	.rodata.str1.1 + 1004
.rela.text	0x0000000000002cf0	0000009800000113	R_AARCH64_ADR_PREL_PG_HI21	0x0000000000000000	.rodata.str1.1 + 2380
.rela.text	0x0000000000002cf4	0000009800000115	R_AARCH64_ADD_ABS_LO12_NC	0x0000000000000000	.rodata.str1.1 + 2380
.rela.text	0x0000000000002cfc	000000ab0000011b	R_AARCH64_CALL26	0x0000000000000000	_printk + 0
.rela.text	0x0000000000002d04	0000009800000113	R_AARCH64_ADR_PREL_PG_HI21	0x0000000000000000	.rodata.str1.1 + 20aa
.rela.text	0x0000000000002d08	0000009800000115	R_AARCH64_ADD_ABS_LO12_NC	0x0000000000000000	.rodata.str1.1 + 20aa
.rela.text	0x0000000000002d0c	0000009800000113	R_AARCH64_ADR_PREL_PG_HI21	0x0000000000000000	.rodata.str1.1 + 20f9
.rela.text	0x0000000000002d10	0000009800000115	R_AARCH64_ADD_ABS_LO12_NC	0x0000000000000000	.rodata.str1.1 + 20f9
.rela.text	0x0000000000002d1c	000000ab0000011b	R_AARCH64_CALL26	0x0000000000000000	_printk + 0
.rela.text	0x0000000000002d2c	0000009800000113	R_AARCH64_ADR_PREL_PG_HI21	0x0000000000000000	.rodata.str1.1 + 107d
.rela.text	0x0000000000002d30	0000009800000115	R_AARCH64_ADD_ABS_LO12_NC	0x0000000000000000	.rodata.str1.1 + 107d
.rela.text	0x0000000000002d34	0000009800000113	R_AARCH64_ADR_PREL_PG_HI21	0x0000000000000000	.rodata.str1.1 + 2380
.rela.text	0x0000000000002d38	0000009800000115	R_AARCH64_ADD_ABS_LO12_NC	0x0000000000000000	.rodata.str1.1 + 2380
.rela.text	0x0000000000002d40	000000ab0000011b	R_AARCH64_CALL26	0x0000000000000000	_printk + 0
.rela.text	0x0000000000002d48	000000ac0000011b	R_AARCH64_CALL26	0x0000000000000000	__stack_chk_fail + 0
.rela.text	0x0000000000002d80	0000009800000113	R_AARCH64_ADR_PREL_PG_HI21	0x0000000000000000	.rodata.str1.1 + 1352
.rela.text	0x0000000000002d84	0000009800000115	R_AARCH64_ADD_ABS_LO12_NC	0x0000000000000000	.rodata.str1.1 + 1352
.rela.text	0x0000000000002d90	000000c50000011b	R_AARCH64_CALL26	0x0000000000000000	of_find_node_opts_by_path + 0
.rela.text	0x0000000000002d98	0000009800000113	R_AARCH64_ADR_PREL_PG_HI21	0x0000000000000000	.rodata.str1.1 + 2394
.rela.text	0x0000000000002d9c	0000009800000115	R_AARCH64_ADD_ABS_LO12_NC	0x0000000000000000	.rodata.str1.1 + 2394
.rela.text	0x0000000000002da0	0000009800000113	R_AARCH64_ADR_PREL_PG_HI21	0x0000000000000000	.rodata.str1.1 + 201c
.rela.text	0x0000000000002da4	0000009800000115	R_AARCH64_ADD_ABS_LO12_NC	0x0000000000000000	.rodata.str1.1 + 201c
.rela.text	0x0000000000002dac	000000ab0000011b	R_AARCH64_CALL26	0x0000000000000000	_printk + 0
.rela.text	0x0000000000002db0	0000009800000113	R_AARCH64_ADR_PREL_PG_HI21	0x0000000000000000	.rodata.str1.1 + 25f
.rela.text	0x0000000000002db4	0000009800000115	R_AARCH64_ADD_ABS_LO12_NC	0x0000000000000000	.rodata.str1.1 + 25f
.rela.text	0x0000000000002dbc	000000c50000011b	R_AARCH64_CALL26	0x0000000000000000	of_find_node_opts_by_path + 0
.rela.text	0x0000000000002dc4	0000009800000113	R_AARCH64_ADR_PREL_PG_HI21	0x0000000000000000	.rodata.str1.1 + 17e
.rela.text	0x0000000000002dc8	0000009800000115	R_AARCH64_ADD_ABS_LO12_NC	0x0000000000000000	.rodata.str1.1 + 17e
.rela.text	0x0000000000002dcc	0000009800000113	R_AARCH64_ADR_PREL_PG_HI21	0x0000000000000000	.rodata.str1.1 + 201c
.rela.text	0x0000000000002dd0	0000009800000115	R_AARCH64_ADD_ABS_LO12_NC	0x0000000000000000	.rodata.str1.1 + 201c
.rela.text	0x0000000000002ddc	0000009800000113	R_AARCH64_ADR_PREL_PG_HI21	0x0000000000000000	.rodata.str1.1 + 190e
.rela.text	0x0000000000002de0	0000009800000115	R_AARCH64_ADD_ABS_LO12_NC	0x0000000000000000	.rodata.str1.1 + 190e
.rela.text	0x0000000000002de8	000000c60000011b	R_AARCH64_CALL26	0x0000000000000000	of_get_property + 0
.rela.text	0x0000000000002df0	0000009800000113	R_AARCH64_ADR_PREL_PG_HI21	0x0000000000000000	.rodata.str1.1 + 162e
.rela.text	0x0000000000002df4	0000009800000115	R_AARCH64_ADD_ABS_LO12_NC	0x0000000000000000	.rodata.str1.1 + 162e
.rela.text	0x0000000000002df8	0000009800000113	R_AARCH64_ADR_PREL_PG_HI21	0x0000000000000000	.rodata.str1.1 + 201c
.rela.text	0x0000000000002dfc	0000009800000115	R_AARCH64_ADD_ABS_LO12_NC	0x0000000000000000	.rodata.str1.1 + 201c
.rela.text	0x0000000000002e04	000000ab0000011b	R_AARCH64_CALL26	0x0000000000000000	_printk + 0
.rela.text	0x0000000000002e18	0000009800000113	R_AARCH64_ADR_PREL_PG_HI21	0x0000000000000000	.rodata.str1.1 + 1a93
.rela.text	0x0000000000002e1c	0000009800000115	R_AARCH64_ADD_ABS_LO12_NC	0x0000000000000000	.rodata.str1.1 + 1a93
.rela.text	0x0000000000002e20	0000009800000113	R_AARCH64_ADR_PREL_PG_HI21	0x0000000000000000	.rodata.str1.1 + 201c
.rela.text	0x0000000000002e24	0000009800000115	R_AARCH64_ADD_ABS_LO12_NC	0x0000000000000000	.rodata.str1.1 + 201c
.rela.text	0x0000000000002e2c	000000ab0000011b	R_AARCH64_CALL26	0x0000000000000000	_printk + 0
.rela.text	0x0000000000002e58	0000009c00000113	R_AARCH64_ADR_PREL_PG_HI21	0x0000000000000000	g_sm + 0
.rela.text	0x0000000000002e5c	000000a100000113	R_AARCH64_ADR_PREL_PG_HI21	0x0000000000000000	fg_sh366003_log + 0
.rela.text	0x0000000000002e64	0000009c0000011e	R_AARCH64_LDST64_ABS_LO12_NC	0x0000000000000000	g_sm + 0
.rela.text	0x0000000000002e68	000000a100000116	R_AARCH64_LDST8_ABS_LO12_NC	0x0000000000000000	fg_sh366003_log + 0
.rela.text	0x0000000000002e88	000000a80000011b	R_AARCH64_CALL26	0x0000000000000000	mutex_lock + 0
.rela.text	0x0000000000002e8c	000000a100000116	R_AARCH64_LDST8_ABS_LO12_NC	0x0000000000000000	fg_sh366003_log + 0
.rela.text	0x0000000000002ea8	000000a100000116	R_AARCH64_LDST8_ABS_LO12_NC	0x0000000000000000	fg_sh366003_log + 0
.rela.text	0x0000000000002eb0	0000009800000113	R_AARCH64_ADR_PREL_PG_HI21	0x0000000000000000	.rodata.str1.1 + 229
.rela.text	0x0000000000002eb4	0000009800000115	R_AARCH64_ADD_ABS_LO12_NC	0x0000000000000000	.rodata.str1.1 + 229
.rela.text	0x0000000000002eb8	0000009800000113	R_AARCH64_ADR_PREL_PG_HI21	0x0000000000000000	.rodata.str1.1 + 1ec7
.rela.text	0x0000000000002ebc	0000009800000115	R_AARCH64_ADD_ABS_LO12_NC	0x0000000000000000	.rodata.str1.1 + 1ec7
.rela.text	0x0000000000002ec4	000000ab0000011b	R_AARCH64_CALL26	0x0000000000000000	_printk + 0
.rela.text	0x0000000000002ecc	000000a100000113	R_AARCH64_ADR_PREL_PG_HI21	0x0000000000000000	fg_sh366003_log + 0
.rela.text	0x0000000000002ed0	000000a100000116	R_AARCH64_LDST8_ABS_LO12_NC	0x0000000000000000	fg_sh366003_log + 0
.rela.text	0x0000000000002edc	0000009800000113	R_AARCH64_ADR_PREL_PG_HI21	0x0000000000000000	.rodata.str1.1 + 15a4
.rela.text	0x0000000000002ee0	0000009800000115	R_AARCH64_ADD_ABS_LO12_NC	0x0000000000000000	.rodata.str1.1 + 15a4
.rela.text	0x0000000000002ee4	0000009800000113	R_AARCH64_ADR_PREL_PG_HI21	0x0000000000000000	.rodata.str1.1 + 1ec7
.rela.text	0x0000000000002ee8	0000009800000115	R_AARCH64_ADD_ABS_LO12_NC	0x0000000000000000	.rodata.str1.1 + 1ec7
.rela.text	0x0000000000002ef0	000000ab0000011b	R_AARCH64_CALL26	0x0000000000000000	_printk + 0
.rela.text	0x0000000000002ef8	000000a100000116	R_AARCH64_LDST8_ABS_LO12_NC	0x0000000000000000	fg_sh366003_log + 0
.rela.text	0x0000000000002f18	000000a100000116	R_AARCH64_LDST8_ABS_LO12_NC	0x0000000000000000	fg_sh366003_log + 0
.rela.text	0x0000000000002f20	0000009800000113	R_AARCH64_ADR_PREL_PG_HI21	0x0000000000000000	.rodata.str1.1 + 1ef2
.rela.text	0x0000000000002f24	0000009800000115	R_AARCH64_ADD_ABS_LO12_NC	0x0000000000000000	.rodata.str1.1 + 1ef2
.rela.text	0x0000000000002f2c	000000a00000011b	R_AARCH64_CALL26	0x00000000000000a4	file_decode_process + 0
.rela.text	0x0000000000002f38	000000a70000011b	R_AARCH64_CALL26	0x0000000000000000	msleep + 0
.rela.text	0x0000000000002f3c	0000009800000113	R_AARCH64_ADR_PREL_PG_HI21	0x0000000000000000	.rodata.str1.1 + 1ef2
.rela.text	0x0000000000002f40	0000009800000115	R_AARCH64_ADD_ABS_LO12_NC	0x0000000000000000	.rodata.str1.1 + 1ef2
.rela.text	0x0000000000002f48	000000a00000011b	R_AARCH64_CALL26	0x00000000000000a4	file_decode_process + 0
.rela.text	0x0000000000002f58	000000a70000011b	R_AARCH64_CALL26	0x0000000000000000	msleep + 0
.rela.text	0x0000000000002f5c	000000a100000116	R_AARCH64_LDST8_ABS_LO12_NC	0x0000000000000000	fg_sh366003_log + 0
.rela.text	0x0000000000002f64	0000009800000113	R_AARCH64_ADR_PREL_PG_HI21	0x0000000000000000	.rodata.str1.1 + 1fdb
.rela.text	0x0000000000002f68	0000009800000115	R_AARCH64_ADD_ABS_LO12_NC	0x0000000000000000	.rodata.str1.1 + 1fdb
.rela.text	0x0000000000002f6c	0000009800000113	R_AARCH64_ADR_PREL_PG_HI21	0x0000000000000000	.rodata.str1.1 + 1ec7
.rela.text	0x0000000000002f70	0000009800000115	R_AARCH64_ADD_ABS_LO12_NC	0x0000000000000000	.rodata.str1.1 + 1ec7
.rela.text	0x0000000000002f80	000000a100000116	R_AARCH64_LDST8_ABS_LO12_NC	0x0000000000000000	fg_sh366003_log + 0
.rela.text	0x0000000000002fc0	000000a70000011b	R_AARCH64_CALL26	0x0000000000000000	msleep + 0
.rela.text	0x0000000000002fd4	000000a70000011b	R_AARCH64_CALL26	0x0000000000000000	msleep + 0
.rela.text	0x0000000000002fe8	000000a70000011b	R_AARCH64_CALL26	0x0000000000000000	msleep + 0
.rela.text	0x00000000000030b8	000000a80000011b	R_AARCH64_CALL26	0x0000000000000000	mutex_lock + 0
.rela.text	0x00000000000030c8	000000ad0000011b	R_AARCH64_CALL26	0x0000000000000000	i2c_smbus_write_word_data + 0
.rela.text	0x00000000000030d4	000000aa0000011b	R_AARCH64_CALL26	0x0000000000000000	mutex_unlock + 0
.rela.text	0x00000000000030dc	000000a70000011b	R_AARCH64_CALL26	0x0000000000000000	msleep + 0
.rela.text	0x00000000000030fc	000000a100000116	R_AARCH64_LDST8_ABS_LO12_NC	0x0000000000000000	fg_sh366003_log + 0
.rela.text	0x0000000000003114	000000a80000011b	R_AARCH64_CALL26	0x0000000000000000	mutex_lock + 0
.rela.text	0x0000000000003124	000000ad0000011b	R_AARCH64_CALL26	0x0000000000000000	i2c_smbus_write_word_data + 0
.rela.text	0x0000000000003130	000000aa0000011b	R_AARCH64_CALL26	0x0000000000000000	mutex_unlock + 0
.rela.text	0x0000000000003138	000000a70000011b	R_AARCH64_CALL26	0x0000000000000000	msleep + 0
.rela.text	0x0000000000003150	000000a80000011b	R_AARCH64_CALL26	0x0000000000000000	mutex_lock + 0
.rela.text	0x0000000000003160	000000ad0000011b	R_AARCH64_CALL26	0x0000000000000000	i2c_smbus_write_word_data + 0
.rela.text	0x000000000000316c	000000aa0000011b	R_AARCH64_CALL26	0x0000000000000000	mutex_unlock + 0
.rela.text	0x0000000000003174	000000a70000011b	R_AARCH64_CALL26	0x0000000000000000	msleep + 0
.rela.text	0x00000000000031b8	000000a70000011b	R_AARCH64_CALL26	0x0000000000000000	msleep + 0
.rela.text	0x00000000000031e8	000000a100000116	R_AARCH64_LDST8_ABS_LO12_NC	0x0000000000000000	fg_sh366003_log + 0
.rela.text	0x0000000000003200	000000a100000116	R_AARCH64_LDST8_ABS_LO12_NC	0x0000000000000000	fg_sh366003_log + 0
.rela.text	0x0000000000003228	000000a100000116	R_AARCH64_LDST8_ABS_LO12_NC	0x0000000000000000	fg_sh366003_log + 0
.rela.text	0x0000000000003238	0000009800000113	R_AARCH64_ADR_PREL_PG_HI21	0x0000000000000000	.rodata.str1.1 + 2307
.rela.text	0x000000000000323c	0000009800000115	R_AARCH64_ADD_ABS_LO12_NC	0x0000000000000000	.rodata.str1.1 + 2307
.rela.text	0x0000000000003240	0000009800000113	R_AARCH64_ADR_PREL_PG_HI21	0x0000000000000000	.rodata.str1.1 + 9dd
.rela.text	0x0000000000003244	0000009800000115	R_AARCH64_ADD_ABS_LO12_NC	0x0000000000000000	.rodata.str1.1 + 9dd
.rela.text	0x0000000000003250	000000ab0000011b	R_AARCH64_CALL26	0x0000000000000000	_printk + 0
.rela.text	0x0000000000003258	000000aa0000011b	R_AARCH64_CALL26	0x0000000000000000	mutex_unlock + 0
.rela.text	0x0000000000003260	0000009800000113	R_AARCH64_ADR_PREL_PG_HI21	0x0000000000000000	.rodata.str1.1 + 22d0
.rela.text	0x0000000000003264	0000009800000115	R_AARCH64_ADD_ABS_LO12_NC	0x0000000000000000	.rodata.str1.1 + 22d0
.rela.text	0x0000000000003268	0000009800000113	R_AARCH64_ADR_PREL_PG_HI21	0x0000000000000000	.rodata.str1.1 + 1eda
.rela.text	0x000000000000326c	0000009800000115	R_AARCH64_ADD_ABS_LO12_NC	0x0000000000000000	.rodata.str1.1 + 1eda
.rela.text	0x0000000000003274	000000ab0000011b	R_AARCH64_CALL26	0x0000000000000000	_printk + 0
.rela.text	0x000000000000327c	0000009800000113	R_AARCH64_ADR_PREL_PG_HI21	0x0000000000000000	.rodata.str1.1 + 827
.rela.text	0x0000000000003280	0000009800000115	R_AARCH64_ADD_ABS_LO12_NC	0x0000000000000000	.rodata.str1.1 + 827
.rela.text	0x0000000000003284	0000009800000113	R_AARCH64_ADR_PREL_PG_HI21	0x0000000000000000	.rodata.str1.1 + 1ec7
.rela.text	0x0000000000003288	0000009800000115	R_AARCH64_ADD_ABS_LO12_NC	0x0000000000000000	.rodata.str1.1 + 1ec7
.rela.text	0x0000000000003290	000000ab0000011b	R_AARCH64_CALL26	0x0000000000000000	_printk + 0
.rela.text	0x0000000000003298	0000009800000113	R_AARCH64_ADR_PREL_PG_HI21	0x0000000000000000	.rodata.str1.1 + 1a38
.rela.text	0x000000000000329c	0000009800000115	R_AARCH64_ADD_ABS_LO12_NC	0x0000000000000000	.rodata.str1.1 + 1a38
.rela.text	0x00000000000032a0	0000009800000113	R_AARCH64_ADR_PREL_PG_HI21	0x0000000000000000	.rodata.str1.1 + 1ec7
.rela.text	0x00000000000032a4	0000009800000115	R_AARCH64_ADD_ABS_LO12_NC	0x0000000000000000	.rodata.str1.1 + 1ec7
.rela.text	0x00000000000032ac	000000ab0000011b	R_AARCH64_CALL26	0x0000000000000000	_printk + 0
.rela.text	0x00000000000032b4	000000a100000116	R_AARCH64_LDST8_ABS_LO12_NC	0x0000000000000000	fg_sh366003_log + 0
.rela.text	0x00000000000032bc	0000009800000113	R_AARCH64_ADR_PREL_PG_HI21	0x0000000000000000	.rodata.str1.1 + ae3
.rela.text	0x00000000000032c0	0000009800000115	R_AARCH64_ADD_ABS_LO12_NC	0x0000000000000000	.rodata.str1.1 + ae3
.rela.text	0x00000000000032c4	0000009800000113	R_AARCH64_ADR_PREL_PG_HI21	0x0000000000000000	.rodata.str1.1 + 1ec7
.rela.text	0x00000000000032c8	0000009800000115	R_AARCH64_ADD_ABS_LO12_NC	0x0000000000000000	.rodata.str1.1 + 1ec7
.rela.text	0x00000000000032d4	0000009c0000011e	R_AARCH64_LDST64_ABS_LO12_NC	0x0000000000000000	g_sm + 0
.rela.text	0x00000000000032d8	0000009800000113	R_AARCH64_ADR_PREL_PG_HI21	0x0000000000000000	.rodata.str1.1 + c3f
.rela.text	0x00000000000032dc	0000009800000115	R_AARCH64_ADD_ABS_LO12_NC	0x0000000000000000	.rodata.str1.1 + c3f
.rela.text	0x00000000000032e0	0000009800000113	R_AARCH64_ADR_PREL_PG_HI21	0x0000000000000000	.rodata.str1.1 + 1ec7
.rela.text	0x00000000000032e4	0000009800000115	R_AARCH64_ADD_ABS_LO12_NC	0x0000000000000000	.rodata.str1.1 + 1ec7
.rela.text	0x00000000000032f4	000000ab0000011b	R_AARCH64_CALL26	0x0000000000000000	_printk + 0
.rela.text	0x00000000000032fc	0000009800000113	R_AARCH64_ADR_PREL_PG_HI21	0x0000000000000000	.rodata.str1.1 + 15fc
.rela.text	0x0000000000003300	0000009800000115	R_AARCH64_ADD_ABS_LO12_NC	0x0000000000000000	.rodata.str1.1 + 15fc
.rela.text	0x0000000000003304	0000009800000113	R_AARCH64_ADR_PREL_PG_HI21	0x0000000000000000	.rodata.str1.1 + 1ec7
.rela.text	0x0000000000003308	0000009800000115	R_AARCH64_ADD_ABS_LO12_NC	0x0000000000000000	.rodata.str1.1 + 1ec7
.rela.text	0x0000000000003310	000000ab0000011b	R_AARCH64_CALL26	0x0000000000000000	_printk + 0
.rela.text	0x000000000000331c	000000a100000116	R_AARCH64_LDST8_ABS_LO12_NC	0x0000000000000000	fg_sh366003_log + 0
.rela.text	0x0000000000003334	000000ae0000011b	R_AARCH64_CALL26	0x0000000000001018	hal_fg_init + 0
.rela.text	0x0000000000003338	000000a100000116	R_AARCH64_LDST8_ABS_LO12_NC	0x0000000000000000	fg_sh366003_log + 0
.rela.text	0x000000000000333c	0000009c00000113	R_AARCH64_ADR_PREL_PG_HI21	0x0000000000000000	g_sm + 0
.rela.text	0x000000000000334c	0000009800000113	R_AARCH64_ADR_PREL_PG_HI21	0x0000000000000000	.rodata.str1.1 + 2291
.rela.text	0x0000000000003350	0000009800000115	R_AARCH64_ADD_ABS_LO12_NC	0x0000000000000000	.rodata.str1.1 + 2291
.rela.text	0x0000000000003354	0000009800000113	R_AARCH64_ADR_PREL_PG_HI21	0x0000000000000000	.rodata.str1.1 + 1ec7
.rela.text	0x0000000000003358	0000009800000115	R_AARCH64_ADD_ABS_LO12_NC	0x0000000000000000	.rodata.str1.1 + 1ec7
.rela.text	0x0000000000003364	000000a100000116	R_AARCH64_LDST8_ABS_LO12_NC	0x0000000000000000	fg_sh366003_log + 0
.rela.text	0x0000000000003368	0000009c00000113	R_AARCH64_ADR_PREL_PG_HI21	0x0000000000000000	g_sm + 0
.rela.text	0x0000000000003374	0000009800000113	R_AARCH64_ADR_PREL_PG_HI21	0x0000000000000000	.rodata.str1.1 + 225a
.rela.text	0x0000000000003378	0000009800000115	R_AARCH64_ADD_ABS_LO12_NC	0x0000000000000000	.rodata.str1.1 + 225a
.rela.text	0x000000000000337c	0000009800000113	R_AARCH64_ADR_PREL_PG_HI21	0x0000000000000000	.rodata.str1.1 + 1ec7
.rela.text	0x0000000000003380	0000009800000115	R_AARCH64_ADD_ABS_LO12_NC	0x0000000000000000	.rodata.str1.1 + 1ec7
.rela.text	0x0000000000003388	000000ab0000011b	R_AARCH64_CALL26	0x0000000000000000	_printk + 0
.rela.text	0x000000000000338c	000000a100000116	R_AARCH64_LDST8_ABS_LO12_NC	0x0000000000000000	fg_sh366003_log + 0
.rela.text	0x000000000000339c	0000009c0000011e	R_AARCH64_LDST64_ABS_LO12_NC	0x0000000000000000	g_sm + 0
.rela.text	0x00000000000033b0	000000aa0000011b	R_AARCH64_CALL26	0x0000000000000000	mutex_unlock + 0
.rela.text	0x00000000000033f4	0000009800000113	R_AARCH64_ADR_PREL_PG_HI21	0x0000000000000000	.rodata.str1.1 + 1c33
.rela.text	0x00000000000033f8	0000009800000115	R_AARCH64_ADD_ABS_LO12_NC	0x0000000000000000	.rodata.str1.1 + 1c33
.rela.text	0x0000000000003400	0000009800000113	R_AARCH64_ADR_PREL_PG_HI21	0x0000000000000000	.rodata.str1.1 + 1eda
.rela.text	0x0000000000003404	0000009800000115	R_AARCH64_ADD_ABS_LO12_NC	0x0000000000000000	.rodata.str1.1 + 1eda
.rela.text	0x000000000000341c	000000ab0000011b	R_AARCH64_CALL26	0x0000000000000000	_printk + 0
.rela.text	0x0000000000003424	0000009800000113	R_AARCH64_ADR_PREL_PG_HI21	0x0000000000000000	.rodata.str1.1 + 1a66
.rela.text	0x0000000000003428	0000009800000115	R_AARCH64_ADD_ABS_LO12_NC	0x0000000000000000	.rodata.str1.1 + 1a66
.rela.text	0x000000000000342c	0000009800000113	R_AARCH64_ADR_PREL_PG_HI21	0x0000000000000000	.rodata.str1.1 + 1ec7
.rela.text	0x0000000000003430	0000009800000115	R_AARCH64_ADD_ABS_LO12_NC	0x0000000000000000	.rodata.str1.1 + 1ec7
.rela.text	0x0000000000003438	000000ab0000011b	R_AARCH64_CALL26	0x0000000000000000	_printk + 0
.rela.text	0x0000000000003440	0000009800000113	R_AARCH64_ADR_PREL_PG_HI21	0x0000000000000000	.rodata.str1.1 + 2161
.rela.text	0x0000000000003444	0000009800000115	R_AARCH64_ADD_ABS_LO12_NC	0x0000000000000000	.rodata.str1.1 + 2161
.rela.text	0x0000000000003448	0000009800000113	R_AARCH64_ADR_PREL_PG_HI21	0x0000000000000000	.rodata.str1.1 + 1ec7
.rela.text	0x000000000000344c	0000009800000115	R_AARCH64_ADD_ABS_LO12_NC	0x0000000000000000	.rodata.str1.1 + 1ec7
.rela.text	0x0000000000003458	000000ab0000011b	R_AARCH64_CALL26	0x0000000000000000	_printk + 0
.rela.text	0x0000000000003460	000000ac0000011b	R_AARCH64_CALL26	0x0000000000000000	__stack_chk_fail + 0
.rela.text	0x0000000000003474	0000008200000113	R_AARCH64_ADR_PREL_PG_HI21	0x0000000000000000	.bss + e0
.rela.text	0x000000000000347c	0000009800000113	R_AARCH64_ADR_PREL_PG_HI21	0x0000000000000000	.rodata.str1.1 + 7c9
.rela.text	0x0000000000003480	0000009800000115	R_AARCH64_ADD_ABS_LO12_NC	0x0000000000000000	.rodata.str1.1 + 7c9
.rela.text	0x0000000000003484	000000820000011c	R_AARCH64_LDST16_ABS_LO12_NC	0x0000000000000000	.bss + e0
.rela.text	0x0000000000003488	000000bb0000011b	R_AARCH64_CALL26	0x0000000000000000	sprintf + 0
.rela.text	0x00000000000034b8	0000009c00000113	R_AARCH64_ADR_PREL_PG_HI21	0x0000000000000000	g_sm + 0
.rela.text	0x00000000000034c0	0000009800000113	R_AARCH64_ADR_PREL_PG_HI21	0x0000000000000000	.rodata.str1.1 + 2441
.rela.text	0x00000000000034c4	0000009800000115	R_AARCH64_ADD_ABS_LO12_NC	0x0000000000000000	.rodata.str1.1 + 2441
.rela.text	0x00000000000034c8	0000009c0000011e	R_AARCH64_LDST64_ABS_LO12_NC	0x0000000000000000	g_sm + 0
.rela.text	0x00000000000034d0	000000bb0000011b	R_AARCH64_CALL26	0x0000000000000000	sprintf + 0
.rela.text	0x00000000000034f8	0000009c00000113	R_AARCH64_ADR_PREL_PG_HI21	0x0000000000000000	g_sm + 0
.rela.text	0x0000000000003500	0000009800000113	R_AARCH64_ADR_PREL_PG_HI21	0x0000000000000000	.rodata.str1.1 + 2441
.rela.text	0x0000000000003504	0000009800000115	R_AARCH64_ADD_ABS_LO12_NC	0x0000000000000000	.rodata.str1.1 + 2441
.rela.text	0x000000000000350c	0000009c0000011e	R_AARCH64_LDST64_ABS_LO12_NC	0x0000000000000000	g_sm + 0
.rela.text	0x0000000000003514	000000c70000011b	R_AARCH64_CALL26	0x0000000000000000	sscanf + 0
.rela.text	0x0000000000003518	0000009c0000011e	R_AARCH64_LDST64_ABS_LO12_NC	0x0000000000000000	g_sm + 0
.rela.text	0x000000000000351c	000000be00000113	R_AARCH64_ADR_PREL_PG_HI21	0x0000000000000000	system_wq + 0
.rela.text	0x000000000000352c	000000be0000011e	R_AARCH64_LDST64_ABS_LO12_NC	0x0000000000000000	system_wq + 0
.rela.text	0x0000000000003530	000000bf0000011b	R_AARCH64_CALL26	0x0000000000000000	queue_delayed_work_on + 0
.rela.text	0x000000000000355c	0000009800000113	R_AARCH64_ADR_PREL_PG_HI21	0x0000000000000000	.rodata.str1.1 + 17ac
.rela.text	0x0000000000003560	0000009800000115	R_AARCH64_ADD_ABS_LO12_NC	0x0000000000000000	.rodata.str1.1 + 17ac
.rela.text	0x0000000000003564	000000ba00000113	R_AARCH64_ADR_PREL_PG_HI21	0x0000000000000000	fuelgauge_fw_version + 0
.rela.text	0x0000000000003568	000000ba00000115	R_AARCH64_ADD_ABS_LO12_NC	0x0000000000000000	fuelgauge_fw_version + 0
.rela.text	0x000000000000356c	000000bb0000011b	R_AARCH64_CALL26	0x0000000000000000	sprintf + 0
.rela.text	0x0000000000003590	0000009c00000113	R_AARCH64_ADR_PREL_PG_HI21	0x0000000000000000	g_sm + 0
.rela.text	0x0000000000003598	0000009800000113	R_AARCH64_ADR_PREL_PG_HI21	0x0000000000000000	.rodata.str1.1 + 5e7
.rela.text	0x000000000000359c	0000009800000115	R_AARCH64_ADD_ABS_LO12_NC	0x0000000000000000	.rodata.str1.1 + 5e7
.rela.text	0x00000000000035a4	0000009c0000011e	R_AARCH64_LDST64_ABS_LO12_NC	0x0000000000000000	g_sm + 0
.rela.text	0x00000000000035ac	000000a60000011b	R_AARCH64_CALL26	0x0000000000000000	snprintf + 0
.rela.text	0x0000000000003650	000000c80000011b	R_AARCH64_CALL26	0x0000000000000000	strncpy + 0
.rela.text	0x0000000000003660	000000c80000011b	R_AARCH64_CALL26	0x0000000000000000	strncpy + 0
.rela.text	0x0000000000003670	000000c90000011b	R_AARCH64_CALL26	0x0000000000000000	simple_strtoul + 0
.rela.text	0x0000000000003684	000000c80000011b	R_AARCH64_CALL26	0x0000000000000000	strncpy + 0
.rela.text	0x0000000000003694	000000c90000011b	R_AARCH64_CALL26	0x0000000000000000	simple_strtoul + 0
.rela.text	0x00000000000036a8	000000c80000011b	R_AARCH64_CALL26	0x0000000000000000	strncpy + 0
.rela.text	0x00000000000036b8	000000c90000011b	R_AARCH64_CALL26	0x0000000000000000	simple_strtoul + 0
.rela.text	0x00000000000036bc	0000009800000113	R_AARCH64_ADR_PREL_PG_HI21	0x0000000000000000	.rodata.str1.1 + d76
.rela.text	0x00000000000036c0	0000009800000115	R_AARCH64_ADD_ABS_LO12_NC	0x0000000000000000	.rodata.str1.1 + d76
.rela.text	0x00000000000036c8	0000009800000113	R_AARCH64_ADR_PREL_PG_HI21	0x0000000000000000	.rodata.str1.1 + 17b0
.rela.text	0x00000000000036cc	0000009800000115	R_AARCH64_ADD_ABS_LO12_NC	0x0000000000000000	.rodata.str1.1 + 17b0
.rela.text	0x00000000000036f0	000000ab0000011b	R_AARCH64_CALL26	0x0000000000000000	_printk + 0
.rela.text	0x0000000000003700	0000009800000113	R_AARCH64_ADR_PREL_PG_HI21	0x0000000000000000	.rodata.str1.1 + 11ea
.rela.text	0x0000000000003704	0000009800000115	R_AARCH64_ADD_ABS_LO12_NC	0x0000000000000000	.rodata.str1.1 + 11ea
.rela.text	0x0000000000003738	000000ab0000011b	R_AARCH64_CALL26	0x0000000000000000	_printk + 0
.rela.text	0x0000000000003744	0000009800000113	R_AARCH64_ADR_PREL_PG_HI21	0x0000000000000000	.rodata.str1.1 + 150a
.rela.text	0x0000000000003748	0000009800000115	R_AARCH64_ADD_ABS_LO12_NC	0x0000000000000000	.rodata.str1.1 + 150a
.rela.text	0x0000000000003764	000000ab0000011b	R_AARCH64_CALL26	0x0000000000000000	_printk + 0
.rela.text	0x0000000000003768	000000a100000113	R_AARCH64_ADR_PREL_PG_HI21	0x0000000000000000	fg_sh366003_log + 0
.rela.text	0x000000000000376c	0000009c00000113	R_AARCH64_ADR_PREL_PG_HI21	0x0000000000000000	g_sm + 0
.rela.text	0x0000000000003770	000000a100000116	R_AARCH64_LDST8_ABS_LO12_NC	0x0000000000000000	fg_sh366003_log + 0
.rela.text	0x0000000000003774	0000009c0000011e	R_AARCH64_LDST64_ABS_LO12_NC	0x0000000000000000	g_sm + 0
.rela.text	0x0000000000003784	000000a80000011b	R_AARCH64_CALL26	0x0000000000000000	mutex_lock + 0
.rela.text	0x00000000000037a0	000000a100000116	R_AARCH64_LDST8_ABS_LO12_NC	0x0000000000000000	fg_sh366003_log + 0
.rela.text	0x00000000000037ac	000000aa0000011b	R_AARCH64_CALL26	0x0000000000000000	mutex_unlock + 0
.rela.text	0x00000000000037c4	0000008200000113	R_AARCH64_ADR_PREL_PG_HI21	0x0000000000000000	.bss + 100
.rela.text	0x00000000000037c8	0000008200000115	R_AARCH64_ADD_ABS_LO12_NC	0x0000000000000000	.bss + 100
.rela.text	0x00000000000037cc	0000008200000113	R_AARCH64_ADR_PREL_PG_HI21	0x0000000000000000	.bss + f0
.rela.text	0x00000000000037d0	0000008200000115	R_AARCH64_ADD_ABS_LO12_NC	0x0000000000000000	.bss + f0
.rela.text	0x00000000000037e8	000000aa0000011b	R_AARCH64_CALL26	0x0000000000000000	mutex_unlock + 0
.rela.text	0x00000000000037ec	000000a100000116	R_AARCH64_LDST8_ABS_LO12_NC	0x0000000000000000	fg_sh366003_log + 0
.rela.text	0x0000000000003800	000000a80000011b	R_AARCH64_CALL26	0x0000000000000000	mutex_lock + 0
.rela.text	0x0000000000003868	000000a90000011b	R_AARCH64_CALL26	0x0000000000000000	i2c_transfer + 0
.rela.text	0x0000000000003874	000000a100000116	R_AARCH64_LDST8_ABS_LO12_NC	0x0000000000000000	fg_sh366003_log + 0
.rela.text	0x000000000000387c	0000009800000113	R_AARCH64_ADR_PREL_PG_HI21	0x0000000000000000	.rodata.str1.1 + 1189
.rela.text	0x0000000000003880	0000009800000115	R_AARCH64_ADD_ABS_LO12_NC	0x0000000000000000	.rodata.str1.1 + 1189
.rela.text	0x0000000000003884	0000009800000113	R_AARCH64_ADR_PREL_PG_HI21	0x0000000000000000	.rodata.str1.1 + 13e3
.rela.text	0x0000000000003888	0000009800000115	R_AARCH64_ADD_ABS_LO12_NC	0x0000000000000000	.rodata.str1.1 + 13e3
.rela.text	0x0000000000003894	000000ab0000011b	R_AARCH64_CALL26	0x0000000000000000	_printk + 0
.rela.text	0x000000000000389c	0000009800000113	R_AARCH64_ADR_PREL_PG_HI21	0x0000000000000000	.rodata.str1.1 + 1d8e
.rela.text	0x00000000000038a0	0000009800000115	R_AARCH64_ADD_ABS_LO12_NC	0x0000000000000000	.rodata.str1.1 + 1d8e
.rela.text	0x00000000000038a4	0000009800000113	R_AARCH64_ADR_PREL_PG_HI21	0x0000000000000000	.rodata.str1.1 + bba
.rela.text	0x00000000000038a8	0000009800000115	R_AARCH64_ADD_ABS_LO12_NC	0x0000000000000000	.rodata.str1.1 + bba
.rela.text	0x00000000000038b4	000000ab0000011b	R_AARCH64_CALL26	0x0000000000000000	_printk + 0
.rela.text	0x00000000000038bc	0000009800000113	R_AARCH64_ADR_PREL_PG_HI21	0x0000000000000000	.rodata.str1.1 + 8f6
.rela.text	0x00000000000038c0	0000009800000115	R_AARCH64_ADD_ABS_LO12_NC	0x0000000000000000	.rodata.str1.1 + 8f6
.rela.text	0x00000000000038c4	0000009800000113	R_AARCH64_ADR_PREL_PG_HI21	0x0000000000000000	.rodata.str1.1 + bba
.rela.text	0x00000000000038c8	0000009800000115	R_AARCH64_ADD_ABS_LO12_NC	0x0000000000000000	.rodata.str1.1 + bba
.rela.text	0x00000000000038d8	000000ab0000011b	R_AARCH64_CALL26	0x0000000000000000	_printk + 0
.rela.text	0x00000000000038e4	000000aa0000011b	R_AARCH64_CALL26	0x0000000000000000	mutex_unlock + 0
.rela.text	0x00000000000038e8	000000a100000116	R_AARCH64_LDST8_ABS_LO12_NC	0x0000000000000000	fg_sh366003_log + 0
.rela.text	0x00000000000038fc	0000009800000113	R_AARCH64_ADR_PREL_PG_HI21	0x0000000000000000	.rodata.str1.1 + e31
.rela.text	0x0000000000003900	0000009800000115	R_AARCH64_ADD_ABS_LO12_NC	0x0000000000000000	.rodata.str1.1 + e31
.rela.text	0x0000000000003904	0000009800000113	R_AARCH64_ADR_PREL_PG_HI21	0x0000000000000000	.rodata.str1.1 + bba
.rela.text	0x0000000000003908	0000009800000115	R_AARCH64_ADD_ABS_LO12_NC	0x0000000000000000	.rodata.str1.1 + bba
.rela.text	0x0000000000003910	000000ab0000011b	R_AARCH64_CALL26	0x0000000000000000	_printk + 0
.rela.text	0x000000000000391c	0000009800000113	R_AARCH64_ADR_PREL_PG_HI21	0x0000000000000000	.rodata.str1.1 + 92e
.rela.text	0x0000000000003920	0000009800000115	R_AARCH64_ADD_ABS_LO12_NC	0x0000000000000000	.rodata.str1.1 + 92e
.rela.text	0x0000000000003924	0000009800000113	R_AARCH64_ADR_PREL_PG_HI21	0x0000000000000000	.rodata.str1.1 + bba
.rela.text	0x0000000000003928	0000009800000115	R_AARCH64_ADD_ABS_LO12_NC	0x0000000000000000	.rodata.str1.1 + bba
.rela.text	0x0000000000003934	000000ab0000011b	R_AARCH64_CALL26	0x0000000000000000	_printk + 0
.rela.text	0x000000000000393c	000000ac0000011b	R_AARCH64_CALL26	0x0000000000000000	__stack_chk_fail + 0
.rela.text	0x0000000000003950	0000009c00000113	R_AARCH64_ADR_PREL_PG_HI21	0x0000000000000000	g_sm + 0
.rela.text	0x0000000000003958	0000009800000113	R_AARCH64_ADR_PREL_PG_HI21	0x0000000000000000	.rodata.str1.1 + 5e7
.rela.text	0x000000000000395c	0000009800000115	R_AARCH64_ADD_ABS_LO12_NC	0x0000000000000000	.rodata.str1.1 + 5e7
.rela.text	0x0000000000003964	0000009c0000011e	R_AARCH64_LDST64_ABS_LO12_NC	0x0000000000000000	g_sm + 0
.rela.text	0x000000000000396c	000000a60000011b	R_AARCH64_CALL26	0x0000000000000000	snprintf + 0
.rela.text	0x0000000000003990	0000009c00000113	R_AARCH64_ADR_PREL_PG_HI21	0x0000000000000000	g_sm + 0
.rela.text	0x0000000000003998	0000009800000113	R_AARCH64_ADR_PREL_PG_HI21	0x0000000000000000	.rodata.str1.1 + 1e0
.rela.text	0x000000000000399c	0000009800000115	R_AARCH64_ADD_ABS_LO12_NC	0x0000000000000000	.rodata.str1.1 + 1e0
.rela.text	0x00000000000039a4	0000009c0000011e	R_AARCH64_LDST64_ABS_LO12_NC	0x0000000000000000	g_sm + 0
.rela.text	0x00000000000039ac	000000a60000011b	R_AARCH64_CALL26	0x0000000000000000	snprintf + 0
.rela.text	0x00000000000039d0	0000009c00000113	R_AARCH64_ADR_PREL_PG_HI21	0x0000000000000000	g_sm + 0
.rela.text	0x00000000000039d8	0000009800000113	R_AARCH64_ADR_PREL_PG_HI21	0x0000000000000000	.rodata.str1.1 + 1e0
.rela.text	0x00000000000039dc	0000009800000115	R_AARCH64_ADD_ABS_LO12_NC	0x0000000000000000	.rodata.str1.1 + 1e0
.rela.text	0x00000000000039e4	0000009c0000011e	R_AARCH64_LDST64_ABS_LO12_NC	0x0000000000000000	g_sm + 0
.rela.text	0x00000000000039ec	000000a60000011b	R_AARCH64_CALL26	0x0000000000000000	snprintf + 0
.rela.text	0x0000000000003a14	0000009c00000113	R_AARCH64_ADR_PREL_PG_HI21	0x0000000000000000	g_sm + 0
.rela.text	0x0000000000003a1c	0000009800000113	R_AARCH64_ADR_PREL_PG_HI21	0x0000000000000000	.rodata.str1.1 + 122a
.rela.text	0x0000000000003a20	0000009800000115	R_AARCH64_ADD_ABS_LO12_NC	0x0000000000000000	.rodata.str1.1 + 122a
.rela.text	0x0000000000003a24	0000009c0000011e	R_AARCH64_LDST64_ABS_LO12_NC	0x0000000000000000	g_sm + 0
.rela.text	0x0000000000003a48	000000bb0000011b	R_AARCH64_CALL26	0x0000000000000000	sprintf + 0
.rela.text	0x0000000000003a70	0000009c00000113	R_AARCH64_ADR_PREL_PG_HI21	0x0000000000000000	g_sm + 0
.rela.text	0x0000000000003a78	0000009800000113	R_AARCH64_ADR_PREL_PG_HI21	0x0000000000000000	.rodata.str1.1 + 482
.rela.text	0x0000000000003a7c	0000009800000115	R_AARCH64_ADD_ABS_LO12_NC	0x0000000000000000	.rodata.str1.1 + 482
.rela.text	0x0000000000003a80	0000009c0000011e	R_AARCH64_LDST64_ABS_LO12_NC	0x0000000000000000	g_sm + 0
.rela.text	0x0000000000003a88	000000bb0000011b	R_AARCH64_CALL26	0x0000000000000000	sprintf + 0
.rela.text	0x0000000000003aac	0000009c00000113	R_AARCH64_ADR_PREL_PG_HI21	0x0000000000000000	g_sm + 0
.rela.text	0x0000000000003ab4	0000009c0000011e	R_AARCH64_LDST64_ABS_LO12_NC	0x0000000000000000	g_sm + 0
.rela.text	0x0000000000003b0c	0000009800000113	R_AARCH64_ADR_PREL_PG_HI21	0x0000000000000000	.rodata.str1.1 + 7c9
.rela.text	0x0000000000003b10	0000009800000115	R_AARCH64_ADD_ABS_LO12_NC	0x0000000000000000	.rodata.str1.1 + 7c9
.rela.text	0x0000000000003b14	000000bb0000011b	R_AARCH64_CALL26	0x0000000000000000	sprintf + 0
.rela.text	0x0000000000003b68	000000a80000011b	R_AARCH64_CALL26	0x0000000000000000	mutex_lock + 0
.rela.text	0x0000000000003b78	000000ad0000011b	R_AARCH64_CALL26	0x0000000000000000	i2c_smbus_write_word_data + 0
.rela.text	0x0000000000003b84	000000a70000011b	R_AARCH64_CALL26	0x0000000000000000	msleep + 0
.rela.text	0x0000000000003ba4	0000008200000113	R_AARCH64_ADR_PREL_PG_HI21	0x0000000000000000	.bss + 1a0
.rela.text	0x0000000000003ba8	0000008200000115	R_AARCH64_ADD_ABS_LO12_NC	0x0000000000000000	.bss + 1a0
.rela.text	0x0000000000003be0	000000a90000011b	R_AARCH64_CALL26	0x0000000000000000	i2c_transfer + 0
.rela.text	0x0000000000003bec	000000a70000011b	R_AARCH64_CALL26	0x0000000000000000	msleep + 0
.rela.text	0x0000000000003bf8	000000b50000011b	R_AARCH64_CALL26	0x0000000000000000	i2c_smbus_read_word_data + 0
.rela.text	0x0000000000003c18	000000a100000113	R_AARCH64_ADR_PREL_PG_HI21	0x0000000000000000	fg_sh366003_log + 0
.rela.text	0x0000000000003c20	000000a100000116	R_AARCH64_LDST8_ABS_LO12_NC	0x0000000000000000	fg_sh366003_log + 0
.rela.text	0x0000000000003c2c	0000009800000113	R_AARCH64_ADR_PREL_PG_HI21	0x0000000000000000	.rodata.str1.1 + 2307
.rela.text	0x0000000000003c30	0000009800000115	R_AARCH64_ADD_ABS_LO12_NC	0x0000000000000000	.rodata.str1.1 + 2307
.rela.text	0x0000000000003c34	0000009800000113	R_AARCH64_ADR_PREL_PG_HI21	0x0000000000000000	.rodata.str1.1 + 9dd
.rela.text	0x0000000000003c38	0000009800000115	R_AARCH64_ADD_ABS_LO12_NC	0x0000000000000000	.rodata.str1.1 + 9dd
.rela.text	0x0000000000003c44	000000ab0000011b	R_AARCH64_CALL26	0x0000000000000000	_printk + 0
.rela.text	0x0000000000003c5c	000000a100000113	R_AARCH64_ADR_PREL_PG_HI21	0x0000000000000000	fg_sh366003_log + 0
.rela.text	0x0000000000003c60	000000a100000116	R_AARCH64_LDST8_ABS_LO12_NC	0x0000000000000000	fg_sh366003_log + 0
.rela.text	0x0000000000003c68	0000009800000113	R_AARCH64_ADR_PREL_PG_HI21	0x0000000000000000	.rodata.str1.1 + 20aa
.rela.text	0x0000000000003c6c	0000009800000115	R_AARCH64_ADD_ABS_LO12_NC	0x0000000000000000	.rodata.str1.1 + 20aa
.rela.text	0x0000000000003c70	0000009800000113	R_AARCH64_ADR_PREL_PG_HI21	0x0000000000000000	.rodata.str1.1 + 20f9
.rela.text	0x0000000000003c74	0000009800000115	R_AARCH64_ADD_ABS_LO12_NC	0x0000000000000000	.rodata.str1.1 + 20f9
.rela.text	0x0000000000003c80	000000ab0000011b	R_AARCH64_CALL26	0x0000000000000000	_printk + 0
.rela.text	0x0000000000003d08	000000aa0000011b	R_AARCH64_CALL26	0x0000000000000000	mutex_unlock + 0
.rela.text	0x0000000000003d40	000000ac0000011b	R_AARCH64_CALL26	0x0000000000000000	__stack_chk_fail + 0
.rela.text	0x0000000000003d64	000000a80000011b	R_AARCH64_CALL26	0x0000000000000000	mutex_lock + 0
.rela.text	0x0000000000003d70	000000b50000011b	R_AARCH64_CALL26	0x0000000000000000	i2c_smbus_read_word_data + 0
.rela.text	0x0000000000003d80	000000aa0000011b	R_AARCH64_CALL26	0x0000000000000000	mutex_unlock + 0
.rela.text	0x0000000000003d90	000000a100000113	R_AARCH64_ADR_PREL_PG_HI21	0x0000000000000000	fg_sh366003_log + 0
.rela.text	0x0000000000003d94	000000a100000116	R_AARCH64_LDST8_ABS_LO12_NC	0x0000000000000000	fg_sh366003_log + 0
.rela.text	0x0000000000003da0	000000aa0000011b	R_AARCH64_CALL26	0x0000000000000000	mutex_unlock + 0
.rela.text	0x0000000000003da4	000000a100000116	R_AARCH64_LDST8_ABS_LO12_NC	0x0000000000000000	fg_sh366003_log + 0
.rela.text	0x0000000000003dc0	0000009800000113	R_AARCH64_ADR_PREL_PG_HI21	0x0000000000000000	.rodata.str1.1 + 20aa
.rela.text	0x0000000000003dc4	0000009800000115	R_AARCH64_ADD_ABS_LO12_NC	0x0000000000000000	.rodata.str1.1 + 20aa
.rela.text	0x0000000000003dc8	0000009800000113	R_AARCH64_ADR_PREL_PG_HI21	0x0000000000000000	.rodata.str1.1 + 20f9
.rela.text	0x0000000000003dcc	0000009800000115	R_AARCH64_ADD_ABS_LO12_NC	0x0000000000000000	.rodata.str1.1 + 20f9
.rela.text	0x0000000000003dd8	000000ab0000011b	R_AARCH64_CALL26	0x0000000000000000	_printk + 0
.rela.text	0x0000000000003de0	0000009800000113	R_AARCH64_ADR_PREL_PG_HI21	0x0000000000000000	.rodata.str1.1 + bda
.rela.text	0x0000000000003de4	0000009800000115	R_AARCH64_ADD_ABS_LO12_NC	0x0000000000000000	.rodata.str1.1 + bda
.rela.text	0x0000000000003de8	0000009800000113	R_AARCH64_ADR_PREL_PG_HI21	0x0000000000000000	.rodata.str1.1 + 19d5
.rela.text	0x0000000000003dec	0000009800000115	R_AARCH64_ADD_ABS_LO12_NC	0x0000000000000000	.rodata.str1.1 + 19d5
.rela.text	0x0000000000003df8	000000ab0000011b	R_AARCH64_CALL26	0x0000000000000000	_printk + 0
.rela.text	0x0000000000003e1c	000000ca0000011b	R_AARCH64_CALL26	0x0000000000000000	power_supply_get_drvdata + 0
.rela.text	0x0000000000003e30	0000008000000113	R_AARCH64_ADR_PREL_PG_HI21	0x0000000000000000	.rodata + 0
.rela.text	0x0000000000003e34	0000008000000115	R_AARCH64_ADD_ABS_LO12_NC	0x0000000000000000	.rodata + 0
.rela.text	0x0000000000003ed4	000000ca0000011b	R_AARCH64_CALL26	0x0000000000000000	power_supply_get_drvdata + 0
.rela.text	0x0000000000003ed8	000000a100000113	R_AARCH64_ADR_PREL_PG_HI21	0x0000000000000000	fg_sh366003_log + 0
.rela.text	0x0000000000003ee0	000000a100000116	R_AARCH64_LDST8_ABS_LO12_NC	0x0000000000000000	fg_sh366003_log + 0
.rela.text	0x0000000000003ee8	000000be00000113	R_AARCH64_ADR_PREL_PG_HI21	0x0000000000000000	system_wq + 0
.rela.text	0x0000000000003ef8	000000be0000011e	R_AARCH64_LDST64_ABS_LO12_NC	0x0000000000000000	system_wq + 0
.rela.text	0x0000000000003efc	000000bf0000011b	R_AARCH64_CALL26	0x0000000000000000	queue_delayed_work_on + 0
.rela.text	0x0000000000003f10	0000009800000113	R_AARCH64_ADR_PREL_PG_HI21	0x0000000000000000	.rodata.str1.1 + 9a7
.rela.text	0x0000000000003f14	0000009800000115	R_AARCH64_ADD_ABS_LO12_NC	0x0000000000000000	.rodata.str1.1 + 9a7
.rela.text	0x0000000000003f18	0000009800000113	R_AARCH64_ADR_PREL_PG_HI21	0x0000000000000000	.rodata.str1.1 + 1050
.rela.text	0x0000000000003f1c	0000009800000115	R_AARCH64_ADD_ABS_LO12_NC	0x0000000000000000	.rodata.str1.1 + 1050
.rela.text	0x0000000000003f24	000000ab0000011b	R_AARCH64_CALL26	0x0000000000000000	_printk + 0
.rela.init.text	0x0000000000000014	0000009800000113	R_AARCH64_ADR_PREL_PG_HI21	0x0000000000000000	.rodata.str1.1 + 1f32
.rela.init.text	0x0000000000000018	0000009800000115	R_AARCH64_ADD_ABS_LO12_NC	0x0000000000000000	.rodata.str1.1 + 1f32
.rela.init.text	0x000000000000001c	0000009800000113	R_AARCH64_ADR_PREL_PG_HI21	0x0000000000000000	.rodata.str1.1 + 13ce
.rela.init.text	0x0000000000000020	0000009800000115	R_AARCH64_ADD_ABS_LO12_NC	0x0000000000000000	.rodata.str1.1 + 13ce
.rela.init.text	0x0000000000000028	000000ab0000011b	R_AARCH64_CALL26	0x0000000000000000	_printk + 0
.rela.init.text	0x000000000000002c	0000008100000113	R_AARCH64_ADR_PREL_PG_HI21	0x0000000000000000	.data + 10
.rela.init.text	0x0000000000000030	0000008100000115	R_AARCH64_ADD_ABS_LO12_NC	0x0000000000000000	.data + 10
.rela.init.text	0x000000000000003c	000000b00000011b	R_AARCH64_CALL26	0x0000000000000000	yft_fuelgauge_device_add + 0
.rela.init.text	0x0000000000000040	000000b100000113	R_AARCH64_ADR_PREL_PG_HI21	0x0000000000000000	__this_module + 0
.rela.init.text	0x0000000000000044	000000b100000115	R_AARCH64_ADD_ABS_LO12_NC	0x0000000000000000	__this_module + 0
.rela.init.text	0x000000000000004c	000000b20000011b	R_AARCH64_CALL26	0x0000000000000000	i2c_register_driver + 0
.rela.init.text	0x0000000000000054	0000009800000113	R_AARCH64_ADR_PREL_PG_HI21	0x0000000000000000	.rodata.str1.1 + 2139
.rela.init.text	0x0000000000000058	0000009800000115	R_AARCH64_ADD_ABS_LO12_NC	0x0000000000000000	.rodata.str1.1 + 2139
.rela.init.text	0x000000000000005c	0000009800000113	R_AARCH64_ADR_PREL_PG_HI21	0x0000000000000000	.rodata.str1.1 + 13ce
.rela.init.text	0x0000000000000060	0000009800000115	R_AARCH64_ADD_ABS_LO12_NC	0x0000000000000000	.rodata.str1.1 + 13ce
.rela.init.text	0x0000000000000068	000000ab0000011b	R_AARCH64_CALL26	0x0000000000000000	_printk + 0
.rela.init.text	0x0000000000000074	0000009800000113	R_AARCH64_ADR_PREL_PG_HI21	0x0000000000000000	.rodata.str1.1 + 1f4f
.rela.init.text	0x0000000000000078	0000009800000115	R_AARCH64_ADD_ABS_LO12_NC	0x0000000000000000	.rodata.str1.1 + 1f4f
.rela.init.text	0x000000000000007c	0000009800000113	R_AARCH64_ADR_PREL_PG_HI21	0x0000000000000000	.rodata.str1.1 + 13ce
.rela.init.text	0x0000000000000080	0000009800000115	R_AARCH64_ADD_ABS_LO12_NC	0x0000000000000000	.rodata.str1.1 + 13ce
.rela.init.text	0x0000000000000088	000000ab0000011b	R_AARCH64_CALL26	0x0000000000000000	_printk + 0
.rela.exit.text	0x0000000000000014	0000009800000113	R_AARCH64_ADR_PREL_PG_HI21	0x0000000000000000	.rodata.str1.1 + 21bb
.rela.exit.text	0x0000000000000018	0000009800000115	R_AARCH64_ADD_ABS_LO12_NC	0x0000000000000000	.rodata.str1.1 + 21bb
.rela.exit.text	0x000000000000001c	0000009800000113	R_AARCH64_ADR_PREL_PG_HI21	0x0000000000000000	.rodata.str1.1 + 1f32
.rela.exit.text	0x0000000000000020	0000009800000115	R_AARCH64_ADD_ABS_LO12_NC	0x0000000000000000	.rodata.str1.1 + 1f32
.rela.exit.text	0x000000000000002c	000000ab0000011b	R_AARCH64_CALL26	0x0000000000000000	_printk + 0
.rela.exit.text	0x0000000000000030	0000008100000113	R_AARCH64_ADR_PREL_PG_HI21	0x0000000000000000	.data + 10
.rela.exit.text	0x0000000000000034	0000008100000115	R_AARCH64_ADD_ABS_LO12_NC	0x0000000000000000	.data + 10
.rela.exit.text	0x0000000000000038	000000b40000011b	R_AARCH64_CALL26	0x0000000000000000	i2c_del_driver + 0
.rela.exit.text	0x000000000000003c	0000009800000113	R_AARCH64_ADR_PREL_PG_HI21	0x0000000000000000	.rodata.str1.1 + 2139
.rela.exit.text	0x0000000000000040	0000009800000115	R_AARCH64_ADD_ABS_LO12_NC	0x0000000000000000	.rodata.str1.1 + 2139
.rela.exit.text	0x000000000000004c	000000ab0000011b	R_AARCH64_CALL26	0x0000000000000000	_printk + 0
.rela.data	0x0000000000000008	0000009800000101	R_AARCH64_ABS64	0x0000000000000000	.rodata.str1.1 + 1918
.rela.data	0x0000000000000018	0000007d00000101	R_AARCH64_ABS64	0x0000000000000000	.text + 13a0
.rela.data	0x0000000000000020	0000007d00000101	R_AARCH64_ABS64	0x0000000000000000	.text + 2048
.rela.data	0x0000000000000030	0000007d00000101	R_AARCH64_ABS64	0x0000000000000000	.text + 2050
.rela.data	0x0000000000000048	0000009800000101	R_AARCH64_ABS64	0x0000000000000000	.rodata.str1.1 + 1918
.rela.data	0x0000000000000058	000000b100000101	R_AARCH64_ABS64	0x0000000000000000	__this_module + 0
.rela.data	0x0000000000000070	0000008000000101	R_AARCH64_ABS64	0x0000000000000000	.rodata + 898
.rela.data	0x00000000000000f8	0000008000000101	R_AARCH64_ABS64	0x0000000000000000	.rodata + a28
.rela.data	0x0000000000000128	0000009800000101	R_AARCH64_ABS64	0x0000000000000000	.rodata.str1.1 + de7
.rela.data	0x0000000000000138	0000007d00000101	R_AARCH64_ABS64	0x0000000000000000	.text + 3468
.rela.data	0x0000000000000140	0000007d00000101	R_AARCH64_ABS64	0x0000000000000000	.text + 34a0
.rela.data	0x0000000000000148	0000009800000101	R_AARCH64_ABS64	0x0000000000000000	.rodata.str1.1 + 34e
.rela.data	0x0000000000000158	0000007d00000101	R_AARCH64_ABS64	0x0000000000000000	.text + 34ac
.rela.data	0x0000000000000160	0000007d00000101	R_AARCH64_ABS64	0x0000000000000000	.text + 34e8
.rela.data	0x0000000000000168	0000009800000101	R_AARCH64_ABS64	0x0000000000000000	.rodata.str1.1 + 7be
.rela.data	0x0000000000000178	0000007d00000101	R_AARCH64_ABS64	0x0000000000000000	.text + 354c
.rela.data	0x0000000000000188	0000009800000101	R_AARCH64_ABS64	0x0000000000000000	.rodata.str1.1 + 66c
.rela.data	0x0000000000000198	0000007d00000101	R_AARCH64_ABS64	0x0000000000000000	.text + 3584
.rela.data	0x00000000000001a0	0000007d00000101	R_AARCH64_ABS64	0x0000000000000000	.text + 35c4
.rela.data	0x00000000000001a8	0000009800000101	R_AARCH64_ABS64	0x0000000000000000	.rodata.str1.1 + 11d7
.rela.data	0x00000000000001b8	0000007d00000101	R_AARCH64_ABS64	0x0000000000000000	.text + 3944
.rela.data	0x00000000000001c8	0000009800000101	R_AARCH64_ABS64	0x0000000000000000	.rodata.str1.1 + 46e
.rela.data	0x00000000000001d8	0000007d00000101	R_AARCH64_ABS64	0x0000000000000000	.text + 3984
.rela.data	0x00000000000001e8	0000009800000101	R_AARCH64_ABS64	0x0000000000000000	.rodata.str1.1 + 12a8
.rela.data	0x00000000000001f8	0000007d00000101	R_AARCH64_ABS64	0x0000000000000000	.text + 39c4
.rela.data	0x0000000000000208	0000009800000101	R_AARCH64_ABS64	0x0000000000000000	.rodata.str1.1 + 2235
.rela.data	0x0000000000000218	0000007d00000101	R_AARCH64_ABS64	0x0000000000000000	.text + 3a04
.rela.data	0x0000000000000228	0000009800000101	R_AARCH64_ABS64	0x0000000000000000	.rodata.str1.1 + 1d84
.rela.data	0x0000000000000238	0000007d00000101	R_AARCH64_ABS64	0x0000000000000000	.text + 3a64
.rela.data	0x0000000000000248	0000009800000101	R_AARCH64_ABS64	0x0000000000000000	.rodata.str1.1 + 120
.rela.data	0x0000000000000258	0000007d00000101	R_AARCH64_ABS64	0x0000000000000000	.text + 3aa0
.rela.data	0x00000000000002b0	0000009800000101	R_AARCH64_ABS64	0x0000000000000000	.rodata.str1.1 + 1bf3
.rela.data	0x00000000000002b8	0000009800000101	R_AARCH64_ABS64	0x0000000000000000	.rodata.str1.1 + 22ff
.rela.data	0x00000000000002c0	0000009800000101	R_AARCH64_ABS64	0x0000000000000000	.rodata.str1.1 + 12a5
.rela.init.data	0x0000000000000000	000000af00000101	R_AARCH64_ABS64	0x0000000000000004	init_module + 0
.rela.exit.data	0x0000000000000000	000000b300000101	R_AARCH64_ABS64	0x0000000000000004	cleanup_module + 0
.rela.eh_frame	0x000000000000001c	0000007d00000105	R_AARCH64_PREL32	0x0000000000000000	.text + 4
.rela.eh_frame	0x0000000000000030	0000007d00000105	R_AARCH64_PREL32	0x0000000000000000	.text + 2c
.rela.eh_frame	0x0000000000000044	0000007d00000105	R_AARCH64_PREL32	0x0000000000000000	.text + 54
.rela.eh_frame	0x0000000000000058	0000007d00000105	R_AARCH64_PREL32	0x0000000000000000	.text + 7c
.rela.eh_frame	0x000000000000006c	0000007d00000105	R_AARCH64_PREL32	0x0000000000000000	.text + a4
.rela.eh_frame	0x00000000000000bc	0000007d00000105	R_AARCH64_PREL32	0x0000000000000000	.text + c90
.rela.eh_frame	0x00000000000000f4	0000007d00000105	R_AARCH64_PREL32	0x0000000000000000	.text + f24
.rela.eh_frame	0x000000000000012c	0000007d00000105	R_AARCH64_PREL32	0x0000000000000000	.text + 1018
.rela.eh_frame	0x0000000000000164	0000007e00000105	R_AARCH64_PREL32	0x0000000000000000	.init.text + 4
.rela.eh_frame	0x0000000000000194	0000007f00000105	R_AARCH64_PREL32	0x0000000000000000	.exit.text + 4
.rela.eh_frame	0x00000000000001c0	0000007d00000105	R_AARCH64_PREL32	0x0000000000000000	.text + 116c
.rela.eh_frame	0x0000000000000200	0000007d00000105	R_AARCH64_PREL32	0x0000000000000000	.text + 13a0
.rela.eh_frame	0x0000000000000250	0000007d00000105	R_AARCH64_PREL32	0x0000000000000000	.text + 2048
.rela.eh_frame	0x0000000000000264	0000007d00000105	R_AARCH64_PREL32	0x0000000000000000	.text + 2050
.rela.eh_frame	0x0000000000000290	0000007d00000105	R_AARCH64_PREL32	0x0000000000000000	.text + 2090
.rela.eh_frame	0x00000000000002c8	0000007d00000105	R_AARCH64_PREL32	0x0000000000000000	.text + 2168
.rela.eh_frame	0x0000000000000300	0000007d00000105	R_AARCH64_PREL32	0x0000000000000000	.text + 2240
.rela.eh_frame	0x0000000000000338	0000007d00000105	R_AARCH64_PREL32	0x0000000000000000	.text + 2328
.rela.eh_frame	0x0000000000000370	0000007d00000105	R_AARCH64_PREL32	0x0000000000000000	.text + 23e8
.rela.eh_frame	0x00000000000003a8	0000007d00000105	R_AARCH64_PREL32	0x0000000000000000	.text + 249c
.rela.eh_frame	0x00000000000003e4	0000007d00000105	R_AARCH64_PREL32	0x0000000000000000	.text + 25a4
.rela.eh_frame	0x000000000000042c	0000007d00000105	R_AARCH64_PREL32	0x0000000000000000	.text + 2d50
.rela.eh_frame	0x000000000000047c	0000007d00000105	R_AARCH64_PREL32	0x0000000000000000	.text + 3468
.rela.eh_frame	0x00000000000004a8	0000007d00000105	R_AARCH64_PREL32	0x0000000000000000	.text + 34a0
.rela.eh_frame	0x00000000000004bc	0000007d00000105	R_AARCH64_PREL32	0x0000000000000000	.text + 34ac
.rela.eh_frame	0x00000000000004e8	0000007d00000105	R_AARCH64_PREL32	0x0000000000000000	.text + 34e8
.rela.eh_frame	0x0000000000000518	0000007d00000105	R_AARCH64_PREL32	0x0000000000000000	.text + 354c
.rela.eh_frame	0x0000000000000544	0000007d00000105	R_AARCH64_PREL32	0x0000000000000000	.text + 3584
.rela.eh_frame	0x0000000000000570	0000007d00000105	R_AARCH64_PREL32	0x0000000000000000	.text + 35c4
.rela.eh_frame	0x00000000000005bc	0000007d00000105	R_AARCH64_PREL32	0x0000000000000000	.text + 3944
.rela.eh_frame	0x00000000000005e8	0000007d00000105	R_AARCH64_PREL32	0x0000000000000000	.text + 3984
.rela.eh_frame	0x0000000000000614	0000007d00000105	R_AARCH64_PREL32	0x0000000000000000	.text + 39c4
.rela.eh_frame	0x0000000000000640	0000007d00000105	R_AARCH64_PREL32	0x0000000000000000	.text + 3a04
.rela.eh_frame	0x000000000000066c	0000007d00000105	R_AARCH64_PREL32	0x0000000000000000	.text + 3a64
.rela.eh_frame	0x0000000000000698	0000007d00000105	R_AARCH64_PREL32	0x0000000000000000	.text + 3aa0
.rela.eh_frame	0x00000000000006c4	0000007d00000105	R_AARCH64_PREL32	0x0000000000000000	.text + 3b28
.rela.eh_frame	0x0000000000000704	0000007d00000105	R_AARCH64_PREL32	0x0000000000000000	.text + 3d44
.rela.eh_frame	0x000000000000073c	0000007d00000105	R_AARCH64_PREL32	0x0000000000000000	.text + 3e04
.rela.eh_frame	0x000000000000076c	0000007d00000105	R_AARCH64_PREL32	0x0000000000000000	.text + 3ec4
.rela.gnu.linkonce.this_module	0x0000000000000170	000000af00000101	R_AARCH64_ABS64	0x0000000000000004	init_module + 0
.rela.gnu.linkonce.this_module	0x00000000000003d8	000000b300000101	R_AARCH64_ABS64	0x0000000000000004	cleanup_module + 0
