relocation_section	offset	type	symbol	addend
.rela.text	0x0000000000000020	R_AARCH64_ADR_PREL_PG_HI21	.rodata.str1.1	+9f3
.rela.text	0x0000000000000024	R_AARCH64_ADD_ABS_LO12_NC	.rodata.str1.1	+9f3
.rela.text	0x0000000000000028	R_AARCH64_CALL26	_printk	+0
.rela.text	0x000000000000002c	R_AARCH64_ADR_PREL_PG_HI21	hyn_ts_data	+0
.rela.text	0x0000000000000030	R_AARCH64_LDST64_ABS_LO12_NC	hyn_ts_data	+0
.rela.text	0x000000000000003c	R_AARCH64_CALL26	gpio_to_desc	+0
.rela.text	0x0000000000000044	R_AARCH64_CALL26	gpiod_direction_output_raw	+0
.rela.text	0x0000000000000050	R_AARCH64_CALL26	__const_udelay	+0
.rela.text	0x000000000000005c	R_AARCH64_CALL26	__const_udelay	+0
.rela.text	0x0000000000000068	R_AARCH64_CALL26	__const_udelay	+0
.rela.text	0x0000000000000074	R_AARCH64_CALL26	__const_udelay	+0
.rela.text	0x0000000000000080	R_AARCH64_CALL26	__const_udelay	+0
.rela.text	0x000000000000008c	R_AARCH64_CALL26	__const_udelay	+0
.rela.text	0x0000000000000098	R_AARCH64_CALL26	__const_udelay	+0
.rela.text	0x00000000000000a4	R_AARCH64_CALL26	__const_udelay	+0
.rela.text	0x00000000000000b0	R_AARCH64_CALL26	__const_udelay	+0
.rela.text	0x00000000000000bc	R_AARCH64_CALL26	__const_udelay	+0
.rela.text	0x00000000000000c8	R_AARCH64_CALL26	__const_udelay	+0
.rela.text	0x00000000000000d4	R_AARCH64_CALL26	__const_udelay	+0
.rela.text	0x00000000000000e0	R_AARCH64_CALL26	__const_udelay	+0
.rela.text	0x00000000000000ec	R_AARCH64_CALL26	__const_udelay	+0
.rela.text	0x00000000000000f8	R_AARCH64_CALL26	__const_udelay	+0
.rela.text	0x0000000000000104	R_AARCH64_CALL26	__const_udelay	+0
.rela.text	0x0000000000000110	R_AARCH64_CALL26	__const_udelay	+0
.rela.text	0x000000000000011c	R_AARCH64_CALL26	__const_udelay	+0
.rela.text	0x0000000000000128	R_AARCH64_CALL26	__const_udelay	+0
.rela.text	0x0000000000000134	R_AARCH64_CALL26	__const_udelay	+0
.rela.text	0x0000000000000138	R_AARCH64_LDST64_ABS_LO12_NC	hyn_ts_data	+0
.rela.text	0x0000000000000144	R_AARCH64_CALL26	gpio_to_desc	+0
.rela.text	0x000000000000014c	R_AARCH64_CALL26	gpiod_direction_output_raw	+0
.rela.text	0x0000000000000164	R_AARCH64_CALL26	__const_udelay	+0
.rela.text	0x0000000000000194	R_AARCH64_ADR_PREL_PG_HI21	hyn_ts_data	+0
.rela.text	0x0000000000000198	R_AARCH64_LDST64_ABS_LO12_NC	hyn_ts_data	+0
.rela.text	0x00000000000001a8	R_AARCH64_CALL26	disable_irq_nosync	+0
.rela.text	0x00000000000001ac	R_AARCH64_LDST64_ABS_LO12_NC	hyn_ts_data	+0
.rela.text	0x00000000000001dc	R_AARCH64_ADR_PREL_PG_HI21	hyn_ts_data	+0
.rela.text	0x00000000000001e0	R_AARCH64_LDST64_ABS_LO12_NC	hyn_ts_data	+0
.rela.text	0x00000000000001f0	R_AARCH64_CALL26	enable_irq	+0
.rela.text	0x00000000000001f4	R_AARCH64_LDST64_ABS_LO12_NC	hyn_ts_data	+0
.rela.text	0x0000000000000224	R_AARCH64_ADR_PREL_PG_HI21	.rodata.str1.1	+aa3
.rela.text	0x0000000000000228	R_AARCH64_ADD_ABS_LO12_NC	.rodata.str1.1	+aa3
.rela.text	0x000000000000022c	R_AARCH64_ADR_PREL_PG_HI21	.rodata.str1.1	+a04
.rela.text	0x0000000000000230	R_AARCH64_ADD_ABS_LO12_NC	.rodata.str1.1	+a04
.rela.text	0x0000000000000234	R_AARCH64_CALL26	_printk	+0
.rela.text	0x000000000000023c	R_AARCH64_CALL26	hyn_firmware_info	+0
.rela.text	0x0000000000000248	R_AARCH64_ADR_PREL_PG_HI21	.rodata.str1.1	+222e
.rela.text	0x000000000000024c	R_AARCH64_ADD_ABS_LO12_NC	.rodata.str1.1	+222e
.rela.text	0x0000000000000250	R_AARCH64_CALL26	_printk	+0
.rela.text	0x0000000000000254	R_AARCH64_ADR_PREL_PG_HI21	hyn_ts_data	+0
.rela.text	0x000000000000025c	R_AARCH64_ADR_PREL_PG_HI21	hynitron_chip_type_grp	+5
.rela.text	0x0000000000000260	R_AARCH64_ADD_ABS_LO12_NC	hynitron_chip_type_grp	+5
.rela.text	0x0000000000000264	R_AARCH64_LDST64_ABS_LO12_NC	hyn_ts_data	+0
.rela.text	0x0000000000000288	R_AARCH64_ADR_PREL_PG_HI21	.rodata.str1.1	+1a26
.rela.text	0x000000000000028c	R_AARCH64_ADD_ABS_LO12_NC	.rodata.str1.1	+1a26
.rela.text	0x0000000000000290	R_AARCH64_CALL26	_printk	+0
.rela.text	0x00000000000002a0	R_AARCH64_ADR_PREL_PG_HI21	.rodata.str1.1	+2399
.rela.text	0x00000000000002a4	R_AARCH64_ADD_ABS_LO12_NC	.rodata.str1.1	+2399
.rela.text	0x00000000000002bc	R_AARCH64_CALL26	_printk	+0
.rela.text	0x00000000000002c0	R_AARCH64_ADR_PREL_PG_HI21	.rodata.str1.1	+196a
.rela.text	0x00000000000002c4	R_AARCH64_ADD_ABS_LO12_NC	.rodata.str1.1	+196a
.rela.text	0x00000000000002cc	R_AARCH64_CALL26	_printk	+0
.rela.text	0x00000000000002d0	R_AARCH64_ADR_PREL_PG_HI21	.rodata.str1.1	+1184
.rela.text	0x00000000000002d4	R_AARCH64_ADD_ABS_LO12_NC	.rodata.str1.1	+1184
.rela.text	0x00000000000002d8	R_AARCH64_ADR_PREL_PG_HI21	.rodata.str1.1	+a04
.rela.text	0x00000000000002dc	R_AARCH64_ADD_ABS_LO12_NC	.rodata.str1.1	+a04
.rela.text	0x00000000000002e4	R_AARCH64_CALL26	_printk	+0
.rela.text	0x000000000000031c	R_AARCH64_ADR_PREL_PG_HI21	.rodata.str1.1	+aa3
.rela.text	0x0000000000000320	R_AARCH64_ADD_ABS_LO12_NC	.rodata.str1.1	+aa3
.rela.text	0x0000000000000324	R_AARCH64_ADR_PREL_PG_HI21	.rodata.str1.1	+2258
.rela.text	0x0000000000000328	R_AARCH64_ADD_ABS_LO12_NC	.rodata.str1.1	+2258
.rela.text	0x000000000000032c	R_AARCH64_CALL26	_printk	+0
.rela.text	0x0000000000000330	R_AARCH64_CALL26	input_allocate_device	+0
.rela.text	0x0000000000000338	R_AARCH64_ADR_PREL_PG_HI21	.rodata.str1.1	+1442
.rela.text	0x000000000000033c	R_AARCH64_ADD_ABS_LO12_NC	.rodata.str1.1	+1442
.rela.text	0x0000000000000340	R_AARCH64_CALL26	_printk	+0
.rela.text	0x000000000000034c	R_AARCH64_ADR_PREL_PG_HI21	.rodata.str1.1	+17f5
.rela.text	0x0000000000000350	R_AARCH64_ADD_ABS_LO12_NC	.rodata.str1.1	+17f5
.rela.text	0x0000000000000398	R_AARCH64_ADR_PREL_PG_HI21	.rodata.str1.1	+12d9
.rela.text	0x000000000000039c	R_AARCH64_ADD_ABS_LO12_NC	.rodata.str1.1	+12d9
.rela.text	0x00000000000003a0	R_AARCH64_CALL26	_printk	+0
.rela.text	0x00000000000003c8	R_AARCH64_CALL26	input_set_abs_params	+0
.rela.text	0x00000000000003e8	R_AARCH64_CALL26	input_set_abs_params	+0
.rela.text	0x0000000000000408	R_AARCH64_CALL26	input_set_abs_params	+0
.rela.text	0x0000000000000424	R_AARCH64_CALL26	input_set_abs_params	+0
.rela.text	0x0000000000000440	R_AARCH64_CALL26	input_set_abs_params	+0
.rela.text	0x0000000000000448	R_AARCH64_CALL26	input_register_device	+0
.rela.text	0x0000000000000454	R_AARCH64_ADR_PREL_PG_HI21	.rodata.str1.1	+91
.rela.text	0x0000000000000458	R_AARCH64_ADD_ABS_LO12_NC	.rodata.str1.1	+91
.rela.text	0x000000000000045c	R_AARCH64_CALL26	_printk	+0
.rela.text	0x0000000000000468	R_AARCH64_CALL26	input_free_device	+0
.rela.text	0x0000000000000470	R_AARCH64_ADR_PREL_PG_HI21	hyn_ts_data	+0
.rela.text	0x0000000000000478	R_AARCH64_LDST64_ABS_LO12_NC	hyn_ts_data	+0
.rela.text	0x000000000000049c	R_AARCH64_ADR_PREL_PG_HI21	.text	+538
.rela.text	0x00000000000004a0	R_AARCH64_ADD_ABS_LO12_NC	.text	+538
.rela.text	0x00000000000004b4	R_AARCH64_ADR_PREL_PG_HI21	.text	+aa8
.rela.text	0x00000000000004b8	R_AARCH64_ADD_ABS_LO12_NC	.text	+aa8
.rela.text	0x00000000000004cc	R_AARCH64_ADR_PREL_PG_HI21	.rodata.str1.1	+a1d
.rela.text	0x00000000000004d0	R_AARCH64_ADD_ABS_LO12_NC	.rodata.str1.1	+a1d
.rela.text	0x00000000000004d4	R_AARCH64_ADR_PREL_PG_HI21	.rodata.str1.1	+147c
.rela.text	0x00000000000004d8	R_AARCH64_ADD_ABS_LO12_NC	.rodata.str1.1	+147c
.rela.text	0x00000000000004e4	R_AARCH64_CALL26	alloc_workqueue	+0
.rela.text	0x00000000000004f0	R_AARCH64_ADR_PREL_PG_HI21	.rodata.str1.1	+381
.rela.text	0x00000000000004f4	R_AARCH64_ADD_ABS_LO12_NC	.rodata.str1.1	+381
.rela.text	0x00000000000004f8	R_AARCH64_CALL26	_printk	+0
.rela.text	0x0000000000000500	R_AARCH64_CALL26	__flush_workqueue	+0
.rela.text	0x0000000000000504	R_AARCH64_ADR_PREL_PG_HI21	.rodata.str1.1	+1184
.rela.text	0x0000000000000508	R_AARCH64_ADD_ABS_LO12_NC	.rodata.str1.1	+1184
.rela.text	0x000000000000050c	R_AARCH64_ADR_PREL_PG_HI21	.rodata.str1.1	+2258
.rela.text	0x0000000000000510	R_AARCH64_ADD_ABS_LO12_NC	.rodata.str1.1	+2258
.rela.text	0x0000000000000518	R_AARCH64_CALL26	_printk	+0
.rela.text	0x0000000000000578	R_AARCH64_CALL26	hyn_gesture_readdata	+0
.rela.text	0x0000000000000580	R_AARCH64_ADR_PREL_PG_HI21	hyn_ts_data	+0
.rela.text	0x0000000000000590	R_AARCH64_LDST64_ABS_LO12_NC	hyn_ts_data	+0
.rela.text	0x000000000000059c	R_AARCH64_CALL26	cst3xx_i2c_read_register	+0
.rela.text	0x00000000000005c8	R_AARCH64_LDST64_ABS_LO12_NC	hyn_ts_data	+0
.rela.text	0x00000000000005ec	R_AARCH64_CALL26	cst3xx_i2c_write	+0
.rela.text	0x00000000000005f4	R_AARCH64_LDST64_ABS_LO12_NC	hyn_ts_data	+0
.rela.text	0x000000000000064c	R_AARCH64_LDST64_ABS_LO12_NC	hyn_ts_data	+0
.rela.text	0x000000000000066c	R_AARCH64_CALL26	cst3xx_i2c_write	+0
.rela.text	0x0000000000000674	R_AARCH64_LDST64_ABS_LO12_NC	hyn_ts_data	+0
.rela.text	0x0000000000000708	R_AARCH64_CALL26	input_event	+0
.rela.text	0x000000000000071c	R_AARCH64_CALL26	input_event	+0
.rela.text	0x0000000000000730	R_AARCH64_CALL26	input_event	+0
.rela.text	0x0000000000000744	R_AARCH64_CALL26	input_event	+0
.rela.text	0x0000000000000758	R_AARCH64_CALL26	input_event	+0
.rela.text	0x000000000000076c	R_AARCH64_CALL26	input_event	+0
.rela.text	0x0000000000000780	R_AARCH64_CALL26	input_event	+0
.rela.text	0x0000000000000798	R_AARCH64_LDST64_ABS_LO12_NC	hyn_ts_data	+0
.rela.text	0x00000000000007b0	R_AARCH64_CALL26	input_event	+0
.rela.text	0x00000000000007c4	R_AARCH64_CALL26	input_event	+0
.rela.text	0x00000000000007cc	R_AARCH64_LDST64_ABS_LO12_NC	hyn_ts_data	+0
.rela.text	0x00000000000007e4	R_AARCH64_CALL26	input_event	+0
.rela.text	0x00000000000007ec	R_AARCH64_ADR_PREL_PG_HI21	.rodata.str1.1	+2633
.rela.text	0x00000000000007f0	R_AARCH64_ADD_ABS_LO12_NC	.rodata.str1.1	+2633
.rela.text	0x00000000000007f8	R_AARCH64_ADR_PREL_PG_HI21	.rodata.str1.1	+bba
.rela.text	0x00000000000007fc	R_AARCH64_ADD_ABS_LO12_NC	.rodata.str1.1	+bba
.rela.text	0x0000000000000804	R_AARCH64_ADR_PREL_PG_HI21	.rodata.str1.1	+10be
.rela.text	0x0000000000000808	R_AARCH64_ADD_ABS_LO12_NC	.rodata.str1.1	+10be
.rela.text	0x000000000000080c	R_AARCH64_CALL26	_printk	+0
.rela.text	0x0000000000000810	R_AARCH64_LDST64_ABS_LO12_NC	hyn_ts_data	+0
.rela.text	0x0000000000000830	R_AARCH64_CALL26	cst3xx_i2c_write	+0
.rela.text	0x0000000000000868	R_AARCH64_ADR_PREL_PG_HI21	.rodata.str1.1	+2413
.rela.text	0x000000000000086c	R_AARCH64_ADD_ABS_LO12_NC	.rodata.str1.1	+2413
.rela.text	0x0000000000000870	R_AARCH64_CALL26	_printk	+0
.rela.text	0x0000000000000878	R_AARCH64_CALL26	hyn_reset_proc	+0
.rela.text	0x0000000000000880	R_AARCH64_ADR_PREL_PG_HI21	.rodata.str1.1	+fac
.rela.text	0x0000000000000884	R_AARCH64_ADD_ABS_LO12_NC	.rodata.str1.1	+fac
.rela.text	0x0000000000000888	R_AARCH64_CALL26	_printk	+0
.rela.text	0x0000000000000890	R_AARCH64_ADR_PREL_PG_HI21	.rodata.str1.1	+27d
.rela.text	0x0000000000000894	R_AARCH64_ADD_ABS_LO12_NC	.rodata.str1.1	+27d
.rela.text	0x00000000000008a4	R_AARCH64_CALL26	_printk	+0
.rela.text	0x00000000000008ac	R_AARCH64_ADR_PREL_PG_HI21	.rodata.str1.1	+3de
.rela.text	0x00000000000008b0	R_AARCH64_ADD_ABS_LO12_NC	.rodata.str1.1	+3de
.rela.text	0x00000000000008b4	R_AARCH64_CALL26	_printk	+0
.rela.text	0x00000000000008b8	R_AARCH64_LDST64_ABS_LO12_NC	hyn_ts_data	+0
.rela.text	0x00000000000008cc	R_AARCH64_CALL26	input_event	+0
.rela.text	0x00000000000008d0	R_AARCH64_LDST64_ABS_LO12_NC	hyn_ts_data	+0
.rela.text	0x00000000000008e4	R_AARCH64_CALL26	input_event	+0
.rela.text	0x00000000000008e8	R_AARCH64_LDST64_ABS_LO12_NC	hyn_ts_data	+0
.rela.text	0x00000000000008fc	R_AARCH64_CALL26	input_event	+0
.rela.text	0x0000000000000904	R_AARCH64_ADR_PREL_PG_HI21	.rodata.str1.1	+2413
.rela.text	0x0000000000000908	R_AARCH64_ADD_ABS_LO12_NC	.rodata.str1.1	+2413
.rela.text	0x0000000000000944	R_AARCH64_ADR_PREL_PG_HI21	.rodata.str1.1	+c1
.rela.text	0x0000000000000948	R_AARCH64_ADD_ABS_LO12_NC	.rodata.str1.1	+c1
.rela.text	0x0000000000000950	R_AARCH64_CALL26	_printk	+0
.rela.text	0x0000000000000954	R_AARCH64_LDST64_ABS_LO12_NC	hyn_ts_data	+0
.rela.text	0x000000000000097c	R_AARCH64_CALL26	input_event	+0
.rela.text	0x0000000000000980	R_AARCH64_LDST64_ABS_LO12_NC	hyn_ts_data	+0
.rela.text	0x0000000000000988	R_AARCH64_ADR_PREL_PG_HI21	.rodata.str1.1	+2454
.rela.text	0x000000000000098c	R_AARCH64_ADD_ABS_LO12_NC	.rodata.str1.1	+2454
.rela.text	0x0000000000000990	R_AARCH64_CALL26	_printk	+0
.rela.text	0x00000000000009a4	R_AARCH64_ADR_PREL_PG_HI21	.rodata.str1.1	+eb5
.rela.text	0x00000000000009a8	R_AARCH64_ADD_ABS_LO12_NC	.rodata.str1.1	+eb5
.rela.text	0x00000000000009b8	R_AARCH64_CALL26	_printk	+0
.rela.text	0x00000000000009bc	R_AARCH64_LDST64_ABS_LO12_NC	hyn_ts_data	+0
.rela.text	0x00000000000009f0	R_AARCH64_ADR_PREL_PG_HI21	.rodata.str1.1	+c1
.rela.text	0x00000000000009f4	R_AARCH64_ADD_ABS_LO12_NC	.rodata.str1.1	+c1
.rela.text	0x0000000000000a04	R_AARCH64_CALL26	_printk	+0
.rela.text	0x0000000000000a08	R_AARCH64_LDST64_ABS_LO12_NC	hyn_ts_data	+0
.rela.text	0x0000000000000a24	R_AARCH64_CALL26	input_event	+0
.rela.text	0x0000000000000a28	R_AARCH64_LDST64_ABS_LO12_NC	hyn_ts_data	+0
.rela.text	0x0000000000000a34	R_AARCH64_LDST64_ABS_LO12_NC	hyn_ts_data	+0
.rela.text	0x0000000000000a50	R_AARCH64_ADR_PREL_PG_HI21	.rodata.str1.1	+3aa
.rela.text	0x0000000000000a54	R_AARCH64_ADD_ABS_LO12_NC	.rodata.str1.1	+3aa
.rela.text	0x0000000000000a64	R_AARCH64_CALL26	_printk	+0
.rela.text	0x0000000000000a68	R_AARCH64_LDST64_ABS_LO12_NC	hyn_ts_data	+0
.rela.text	0x0000000000000a84	R_AARCH64_CALL26	input_event	+0
.rela.text	0x0000000000000a88	R_AARCH64_LDST64_ABS_LO12_NC	hyn_ts_data	+0
.rela.text	0x0000000000000a9c	R_AARCH64_CALL26	__stack_chk_fail	+0
.rela.text	0x0000000000000acc	R_AARCH64_ADR_PREL_PG_HI21	hyn_ts_data	+0
.rela.text	0x0000000000000ae0	R_AARCH64_LDST64_ABS_LO12_NC	hyn_ts_data	+0
.rela.text	0x0000000000000aec	R_AARCH64_CALL26	pm_wakeup_dev_event	+0
.rela.text	0x0000000000000af0	R_AARCH64_ADR_PREL_PG_HI21	.rodata.str1.1	+1694
.rela.text	0x0000000000000af4	R_AARCH64_ADD_ABS_LO12_NC	.rodata.str1.1	+1694
.rela.text	0x0000000000000af8	R_AARCH64_CALL26	_printk	+0
.rela.text	0x0000000000000afc	R_AARCH64_LDST64_ABS_LO12_NC	hyn_ts_data	+0
.rela.text	0x0000000000000b08	R_AARCH64_ADR_PREL_PG_HI21	tiny_tpgesture_status	+0
.rela.text	0x0000000000000b0c	R_AARCH64_LDST32_ABS_LO12_NC	tiny_tpgesture_status	+0
.rela.text	0x0000000000000b18	R_AARCH64_CALL26	hyn_gesture_readdata	+0
.rela.text	0x0000000000000b1c	R_AARCH64_ADR_PREL_PG_HI21	.rodata.str1.1	+1e94
.rela.text	0x0000000000000b20	R_AARCH64_ADD_ABS_LO12_NC	.rodata.str1.1	+1e94
.rela.text	0x0000000000000b2c	R_AARCH64_CALL26	_printk	+0
.rela.text	0x0000000000000b30	R_AARCH64_LDST64_ABS_LO12_NC	hyn_ts_data	+0
.rela.text	0x0000000000000b48	R_AARCH64_CALL26	hyn_i2c_read	+0
.rela.text	0x0000000000000b5c	R_AARCH64_LDST64_ABS_LO12_NC	hyn_ts_data	+0
.rela.text	0x0000000000000b6c	R_AARCH64_CALL26	enable_irq	+0
.rela.text	0x0000000000000b70	R_AARCH64_LDST64_ABS_LO12_NC	hyn_ts_data	+0
.rela.text	0x0000000000000bb0	R_AARCH64_ADR_PREL_PG_HI21	.rodata.str1.1	+ab5
.rela.text	0x0000000000000bb4	R_AARCH64_ADD_ABS_LO12_NC	.rodata.str1.1	+ab5
.rela.text	0x0000000000000bb8	R_AARCH64_CALL26	_printk	+0
.rela.text	0x0000000000000bbc	R_AARCH64_ADR_PREL_PG_HI21	.rodata.str1.1	+1184
.rela.text	0x0000000000000bc0	R_AARCH64_ADD_ABS_LO12_NC	.rodata.str1.1	+1184
.rela.text	0x0000000000000bc4	R_AARCH64_ADR_PREL_PG_HI21	.rodata.str1.1	+14f9
.rela.text	0x0000000000000bc8	R_AARCH64_ADD_ABS_LO12_NC	.rodata.str1.1	+14f9
.rela.text	0x0000000000000bd0	R_AARCH64_CALL26	_printk	+0
.rela.text	0x0000000000000bd8	R_AARCH64_LDST64_ABS_LO12_NC	hyn_ts_data	+0
.rela.text	0x0000000000000bfc	R_AARCH64_ADR_PREL_PG_HI21	.rodata.str1.1	+1507
.rela.text	0x0000000000000c00	R_AARCH64_ADD_ABS_LO12_NC	.rodata.str1.1	+1507
.rela.text	0x0000000000000c08	R_AARCH64_CALL26	_printk	+0
.rela.text	0x0000000000000c0c	R_AARCH64_ADR_PREL_PG_HI21	.rodata.str1.1	+2010
.rela.text	0x0000000000000c10	R_AARCH64_ADD_ABS_LO12_NC	.rodata.str1.1	+2010
.rela.text	0x0000000000000c1c	R_AARCH64_CALL26	_printk	+0
.rela.text	0x0000000000000c24	R_AARCH64_ADR_PREL_PG_HI21	.rodata.str1.1	+ee4
.rela.text	0x0000000000000c28	R_AARCH64_ADD_ABS_LO12_NC	.rodata.str1.1	+ee4
.rela.text	0x0000000000000c5c	R_AARCH64_CALL26	_printk	+0
.rela.text	0x0000000000000c78	R_AARCH64_ADR_PREL_PG_HI21	.rodata.str1.1	+2010
.rela.text	0x0000000000000c7c	R_AARCH64_ADD_ABS_LO12_NC	.rodata.str1.1	+2010
.rela.text	0x0000000000000c84	R_AARCH64_CALL26	_printk	+0
.rela.text	0x0000000000000c9c	R_AARCH64_LDST64_ABS_LO12_NC	hyn_ts_data	+0
.rela.text	0x0000000000000cfc	R_AARCH64_LDST64_ABS_LO12_NC	hyn_ts_data	+0
.rela.text	0x0000000000000d10	R_AARCH64_CALL26	input_event	+0
.rela.text	0x0000000000000d18	R_AARCH64_ADR_PREL_PG_HI21	.rodata.str1.1	+1a98
.rela.text	0x0000000000000d1c	R_AARCH64_ADD_ABS_LO12_NC	.rodata.str1.1	+1a98
.rela.text	0x0000000000000d20	R_AARCH64_CALL26	_printk	+0
.rela.text	0x0000000000000d24	R_AARCH64_LDST64_ABS_LO12_NC	hyn_ts_data	+0
.rela.text	0x0000000000000d38	R_AARCH64_CALL26	input_event	+0
.rela.text	0x0000000000000d3c	R_AARCH64_LDST64_ABS_LO12_NC	hyn_ts_data	+0
.rela.text	0x0000000000000d50	R_AARCH64_CALL26	input_event	+0
.rela.text	0x0000000000000d58	R_AARCH64_ADR_PREL_PG_HI21	.rodata.str1.1	+17fc
.rela.text	0x0000000000000d5c	R_AARCH64_ADD_ABS_LO12_NC	.rodata.str1.1	+17fc
.rela.text	0x0000000000000d68	R_AARCH64_CALL26	_printk	+0
.rela.text	0x0000000000000d7c	R_AARCH64_LDST64_ABS_LO12_NC	hyn_ts_data	+0
.rela.text	0x0000000000000d90	R_AARCH64_CALL26	input_event	+0
.rela.text	0x0000000000000d98	R_AARCH64_ADR_PREL_PG_HI21	.rodata.str1.1	+2667
.rela.text	0x0000000000000d9c	R_AARCH64_ADD_ABS_LO12_NC	.rodata.str1.1	+2667
.rela.text	0x0000000000000da0	R_AARCH64_CALL26	_printk	+0
.rela.text	0x0000000000000da8	R_AARCH64_LDST64_ABS_LO12_NC	hyn_ts_data	+0
.rela.text	0x0000000000000dbc	R_AARCH64_CALL26	input_event	+0
.rela.text	0x0000000000000dc0	R_AARCH64_LDST64_ABS_LO12_NC	hyn_ts_data	+0
.rela.text	0x0000000000000dd4	R_AARCH64_CALL26	__stack_chk_fail	+0
.rela.text	0x0000000000000df0	R_AARCH64_ADR_PREL_PG_HI21	hyn_ts_data	+0
.rela.text	0x0000000000000dfc	R_AARCH64_LDST64_ABS_LO12_NC	hyn_ts_data	+0
.rela.text	0x0000000000000e0c	R_AARCH64_LDST64_ABS_LO12_NC	hyn_ts_data	+0
.rela.text	0x0000000000000e20	R_AARCH64_LDST64_ABS_LO12_NC	hyn_ts_data	+0
.rela.text	0x0000000000000e2c	R_AARCH64_CALL26	gpio_to_desc	+0
.rela.text	0x0000000000000e30	R_AARCH64_CALL26	gpiod_to_irq	+0
.rela.text	0x0000000000000e34	R_AARCH64_LDST64_ABS_LO12_NC	hyn_ts_data	+0
.rela.text	0x0000000000000e44	R_AARCH64_ADR_PREL_PG_HI21	.rodata.str1.1	+23d2
.rela.text	0x0000000000000e48	R_AARCH64_ADD_ABS_LO12_NC	.rodata.str1.1	+23d2
.rela.text	0x0000000000000e50	R_AARCH64_CALL26	_printk	+0
.rela.text	0x0000000000000e54	R_AARCH64_ADR_PREL_PG_HI21	.rodata.str1.1	+aa3
.rela.text	0x0000000000000e58	R_AARCH64_ADD_ABS_LO12_NC	.rodata.str1.1	+aa3
.rela.text	0x0000000000000e5c	R_AARCH64_ADR_PREL_PG_HI21	.rodata.str1.1	+1814
.rela.text	0x0000000000000e60	R_AARCH64_ADD_ABS_LO12_NC	.rodata.str1.1	+1814
.rela.text	0x0000000000000e64	R_AARCH64_CALL26	_printk	+0
.rela.text	0x0000000000000e68	R_AARCH64_ADR_PREL_PG_HI21	.rodata	+40
.rela.text	0x0000000000000e6c	R_AARCH64_ADD_ABS_LO12_NC	.rodata	+40
.rela.text	0x0000000000000e78	R_AARCH64_CALL26	of_find_matching_node_and_match	+0
.rela.text	0x0000000000000e80	R_AARCH64_ADR_PREL_PG_HI21	.rodata.str1.1	+2167
.rela.text	0x0000000000000e84	R_AARCH64_ADD_ABS_LO12_NC	.rodata.str1.1	+2167
.rela.text	0x0000000000000e8c	R_AARCH64_LDST64_ABS_LO12_NC	hyn_ts_data	+0
.rela.text	0x0000000000000ea4	R_AARCH64_ADR_PREL_PG_HI21	.rodata.str1.1	+3fc
.rela.text	0x0000000000000ea8	R_AARCH64_ADD_ABS_LO12_NC	.rodata.str1.1	+3fc
.rela.text	0x0000000000000eac	R_AARCH64_CALL26	_printk	+0
.rela.text	0x0000000000000eb0	R_AARCH64_LDST64_ABS_LO12_NC	hyn_ts_data	+0
.rela.text	0x0000000000000ebc	R_AARCH64_ADR_PREL_PG_HI21	.text	+1b80
.rela.text	0x0000000000000ec0	R_AARCH64_ADD_ABS_LO12_NC	.text	+1b80
.rela.text	0x0000000000000ec4	R_AARCH64_ADR_PREL_PG_HI21	.rodata.str1.1	+91e
.rela.text	0x0000000000000ec8	R_AARCH64_ADD_ABS_LO12_NC	.rodata.str1.1	+91e
.rela.text	0x0000000000000ed4	R_AARCH64_CALL26	request_threaded_irq	+0
.rela.text	0x0000000000000edc	R_AARCH64_LDST64_ABS_LO12_NC	hyn_ts_data	+0
.rela.text	0x0000000000000ee0	R_AARCH64_ADR_PREL_PG_HI21	.rodata.str1.1	+590
.rela.text	0x0000000000000ee4	R_AARCH64_ADD_ABS_LO12_NC	.rodata.str1.1	+590
.rela.text	0x0000000000000ef0	R_AARCH64_CALL26	_printk	+0
.rela.text	0x0000000000000ef4	R_AARCH64_LDST64_ABS_LO12_NC	hyn_ts_data	+0
.rela.text	0x0000000000000f08	R_AARCH64_CALL26	irq_set_irq_wake	+0
.rela.text	0x0000000000000f0c	R_AARCH64_ADR_PREL_PG_HI21	.rodata.str1.1	+1184
.rela.text	0x0000000000000f10	R_AARCH64_ADD_ABS_LO12_NC	.rodata.str1.1	+1184
.rela.text	0x0000000000000f14	R_AARCH64_ADR_PREL_PG_HI21	.rodata.str1.1	+1814
.rela.text	0x0000000000000f18	R_AARCH64_ADD_ABS_LO12_NC	.rodata.str1.1	+1814
.rela.text	0x0000000000000f20	R_AARCH64_CALL26	_printk	+0
.rela.text	0x0000000000000f2c	R_AARCH64_ADR_PREL_PG_HI21	.rodata.str1.1	+458
.rela.text	0x0000000000000f30	R_AARCH64_ADD_ABS_LO12_NC	.rodata.str1.1	+458
.rela.text	0x0000000000000f34	R_AARCH64_CALL26	_printk	+0
.rela.text	0x0000000000000f68	R_AARCH64_ADR_PREL_PG_HI21	.rodata.str1.1	+1bc6
.rela.text	0x0000000000000f6c	R_AARCH64_ADD_ABS_LO12_NC	.rodata.str1.1	+1bc6
.rela.text	0x0000000000000f78	R_AARCH64_CALL26	_printk	+0
.rela.text	0x0000000000000f7c	R_AARCH64_ADR_PREL_PG_HI21	hyn_ts_data	+0
.rela.text	0x0000000000000f80	R_AARCH64_LDST64_ABS_LO12_NC	hyn_ts_data	+0
.rela.text	0x0000000000000fc0	R_AARCH64_ADR_PREL_PG_HI21	.rodata.str1.1	+226a
.rela.text	0x0000000000000fc4	R_AARCH64_ADD_ABS_LO12_NC	.rodata.str1.1	+226a
.rela.text	0x0000000000000fc8	R_AARCH64_CALL26	_printk	+0
.rela.text	0x0000000000000fd0	R_AARCH64_CALL26	hyn_reset_proc	+0
.rela.text	0x0000000000000fd4	R_AARCH64_LDST64_ABS_LO12_NC	hyn_ts_data	+0
.rela.text	0x0000000000000fe4	R_AARCH64_CALL26	hyn_i2c_write_byte	+0
.rela.text	0x0000000000000ff4	R_AARCH64_ADR_PREL_PG_HI21	.rodata.str1.1	+1483
.rela.text	0x0000000000000ff8	R_AARCH64_ADD_ABS_LO12_NC	.rodata.str1.1	+1483
.rela.text	0x0000000000001000	R_AARCH64_CALL26	_printk	+0
.rela.text	0x0000000000001004	R_AARCH64_LDST64_ABS_LO12_NC	hyn_ts_data	+0
.rela.text	0x0000000000001014	R_AARCH64_CALL26	cst3xx_i2c_write	+0
.rela.text	0x0000000000001020	R_AARCH64_ADR_PREL_PG_HI21	.rodata.str1.1	+2135
.rela.text	0x0000000000001024	R_AARCH64_ADD_ABS_LO12_NC	.rodata.str1.1	+2135
.rela.text	0x0000000000001028	R_AARCH64_CALL26	_printk	+0
.rela.text	0x0000000000001030	R_AARCH64_CALL26	__stack_chk_fail	+0
.rela.text	0x000000000000104c	R_AARCH64_ADR_PREL_PG_HI21	.rodata.str1.1	+aa3
.rela.text	0x0000000000001050	R_AARCH64_ADD_ABS_LO12_NC	.rodata.str1.1	+aa3
.rela.text	0x0000000000001054	R_AARCH64_ADR_PREL_PG_HI21	.rodata.str1.1	+12fc
.rela.text	0x0000000000001058	R_AARCH64_ADD_ABS_LO12_NC	.rodata.str1.1	+12fc
.rela.text	0x000000000000105c	R_AARCH64_CALL26	_printk	+0
.rela.text	0x0000000000001060	R_AARCH64_ADR_PREL_PG_HI21	hyn_ts_data	+0
.rela.text	0x0000000000001070	R_AARCH64_LDST64_ABS_LO12_NC	hyn_ts_data	+0
.rela.text	0x00000000000010b0	R_AARCH64_ADR_PREL_PG_HI21	hynitron_chip_type_grp	+5
.rela.text	0x00000000000010b4	R_AARCH64_ADD_ABS_LO12_NC	hynitron_chip_type_grp	+5
.rela.text	0x00000000000010d8	R_AARCH64_ADR_PREL_PG_HI21	.rodata.str1.1	+1a26
.rela.text	0x00000000000010dc	R_AARCH64_ADD_ABS_LO12_NC	.rodata.str1.1	+1a26
.rela.text	0x00000000000010e0	R_AARCH64_CALL26	_printk	+0
.rela.text	0x00000000000010ec	R_AARCH64_ADR_PREL_PG_HI21	.rodata.str1.1	+1a5e
.rela.text	0x00000000000010f0	R_AARCH64_ADD_ABS_LO12_NC	.rodata.str1.1	+1a5e
.rela.text	0x0000000000001108	R_AARCH64_CALL26	_printk	+0
.rela.text	0x000000000000110c	R_AARCH64_LDST64_ABS_LO12_NC	hyn_ts_data	+0
.rela.text	0x0000000000001124	R_AARCH64_ADR_PREL_PG_HI21	.rodata.str1.1	+1038
.rela.text	0x0000000000001128	R_AARCH64_ADD_ABS_LO12_NC	.rodata.str1.1	+1038
.rela.text	0x000000000000113c	R_AARCH64_CALL26	_printk	+0
.rela.text	0x0000000000001140	R_AARCH64_LDST64_ABS_LO12_NC	hyn_ts_data	+0
.rela.text	0x000000000000114c	R_AARCH64_ADR_PREL_PG_HI21	.rodata.str1.1	+130d
.rela.text	0x0000000000001150	R_AARCH64_ADD_ABS_LO12_NC	.rodata.str1.1	+130d
.rela.text	0x0000000000001164	R_AARCH64_CALL26	_printk	+0
.rela.text	0x0000000000001168	R_AARCH64_ADR_PREL_PG_HI21	.rodata.str1.1	+1184
.rela.text	0x000000000000116c	R_AARCH64_ADD_ABS_LO12_NC	.rodata.str1.1	+1184
.rela.text	0x0000000000001170	R_AARCH64_ADR_PREL_PG_HI21	.rodata.str1.1	+12fc
.rela.text	0x0000000000001174	R_AARCH64_ADD_ABS_LO12_NC	.rodata.str1.1	+12fc
.rela.text	0x000000000000117c	R_AARCH64_CALL26	_printk	+0
.rela.text	0x00000000000011bc	R_AARCH64_ADR_PREL_PG_HI21	.rodata.str1.1	+aa3
.rela.text	0x00000000000011c0	R_AARCH64_ADD_ABS_LO12_NC	.rodata.str1.1	+aa3
.rela.text	0x00000000000011c4	R_AARCH64_ADR_PREL_PG_HI21	.rodata.str1.1	+1ff9
.rela.text	0x00000000000011c8	R_AARCH64_ADD_ABS_LO12_NC	.rodata.str1.1	+1ff9
.rela.text	0x00000000000011d0	R_AARCH64_CALL26	_printk	+0
.rela.text	0x00000000000011d4	R_AARCH64_ADR_PREL_PG_HI21	kmalloc_caches	+10
.rela.text	0x00000000000011e0	R_AARCH64_LDST64_ABS_LO12_NC	kmalloc_caches	+10
.rela.text	0x00000000000011e4	R_AARCH64_CALL26	kmalloc_trace	+0
.rela.text	0x0000000000001230	R_AARCH64_ADR_PREL_PG_HI21	.rodata.str1.1	+2296
.rela.text	0x0000000000001234	R_AARCH64_ADD_ABS_LO12_NC	.rodata.str1.1	+2296
.rela.text	0x0000000000001238	R_AARCH64_CALL26	_printk	+0
.rela.text	0x0000000000001248	R_AARCH64_ADR_PREL_PG_HI21	.rodata.str1.1	+aa3
.rela.text	0x000000000000124c	R_AARCH64_ADD_ABS_LO12_NC	.rodata.str1.1	+aa3
.rela.text	0x0000000000001250	R_AARCH64_ADR_PREL_PG_HI21	.rodata.str1.1	+1ed2
.rela.text	0x0000000000001254	R_AARCH64_ADD_ABS_LO12_NC	.rodata.str1.1	+1ed2
.rela.text	0x000000000000125c	R_AARCH64_CALL26	_printk	+0
.rela.text	0x0000000000001260	R_AARCH64_ADR_PREL_PG_HI21	.rodata	+40
.rela.text	0x0000000000001264	R_AARCH64_ADD_ABS_LO12_NC	.rodata	+40
.rela.text	0x000000000000126c	R_AARCH64_CALL26	of_match_device	+0
.rela.text	0x0000000000001274	R_AARCH64_ADR_PREL_PG_HI21	.rodata.str1.1	+48c
.rela.text	0x0000000000001278	R_AARCH64_ADD_ABS_LO12_NC	.rodata.str1.1	+48c
.rela.text	0x000000000000127c	R_AARCH64_CALL26	_printk	+0
.rela.text	0x0000000000001288	R_AARCH64_ADR_PREL_PG_HI21	.rodata.str1.1	+19a0
.rela.text	0x000000000000128c	R_AARCH64_ADD_ABS_LO12_NC	.rodata.str1.1	+19a0
.rela.text	0x000000000000129c	R_AARCH64_CALL26	of_find_property	+0
.rela.text	0x00000000000012bc	R_AARCH64_ADR_PREL_PG_HI21	.rodata.str1.1	+19a0
.rela.text	0x00000000000012c0	R_AARCH64_ADD_ABS_LO12_NC	.rodata.str1.1	+19a0
.rela.text	0x00000000000012d4	R_AARCH64_CALL26	of_property_read_variable_u32_array	+0
.rela.text	0x00000000000012dc	R_AARCH64_ADR_PREL_PG_HI21	.rodata.str1.1	+1c32
.rela.text	0x00000000000012e0	R_AARCH64_ADD_ABS_LO12_NC	.rodata.str1.1	+1c32
.rela.text	0x00000000000012e4	R_AARCH64_ADR_PREL_PG_HI21	.rodata.str1.1	+19a0
.rela.text	0x00000000000012e8	R_AARCH64_ADD_ABS_LO12_NC	.rodata.str1.1	+19a0
.rela.text	0x00000000000012ec	R_AARCH64_CALL26	_printk	+0
.rela.text	0x0000000000001300	R_AARCH64_ADR_PREL_PG_HI21	.rodata.str1.1	+13b0
.rela.text	0x0000000000001304	R_AARCH64_ADD_ABS_LO12_NC	.rodata.str1.1	+13b0
.rela.text	0x0000000000001308	R_AARCH64_ADR_PREL_PG_HI21	.rodata.str1.1	+19a0
.rela.text	0x000000000000130c	R_AARCH64_ADD_ABS_LO12_NC	.rodata.str1.1	+19a0
.rela.text	0x0000000000001310	R_AARCH64_CALL26	_printk	+0
.rela.text	0x0000000000001314	R_AARCH64_ADR_PREL_PG_HI21	.rodata.str1.1	+931
.rela.text	0x0000000000001318	R_AARCH64_ADD_ABS_LO12_NC	.rodata.str1.1	+931
.rela.text	0x000000000000131c	R_AARCH64_CALL26	_printk	+0
.rela.text	0x0000000000001320	R_AARCH64_ADR_PREL_PG_HI21	.rodata.str1.1	+682
.rela.text	0x0000000000001324	R_AARCH64_ADD_ABS_LO12_NC	.rodata.str1.1	+682
.rela.text	0x0000000000001328	R_AARCH64_CALL26	_printk	+0
.rela.text	0x0000000000001338	R_AARCH64_ADR_PREL_PG_HI21	.rodata.str1.1	+fe2
.rela.text	0x000000000000133c	R_AARCH64_ADD_ABS_LO12_NC	.rodata.str1.1	+fe2
.rela.text	0x0000000000001344	R_AARCH64_CALL26	_printk	+0
.rela.text	0x0000000000001348	R_AARCH64_ADR_PREL_PG_HI21	.rodata.str1.1	+16b6
.rela.text	0x000000000000134c	R_AARCH64_ADD_ABS_LO12_NC	.rodata.str1.1	+16b6
.rela.text	0x0000000000001358	R_AARCH64_CALL26	of_find_property	+0
.rela.text	0x0000000000001370	R_AARCH64_ADR_PREL_PG_HI21	.rodata.str1.1	+2034
.rela.text	0x0000000000001374	R_AARCH64_ADD_ABS_LO12_NC	.rodata.str1.1	+2034
.rela.text	0x0000000000001388	R_AARCH64_CALL26	of_property_read_variable_u32_array	+0
.rela.text	0x0000000000001390	R_AARCH64_ADR_PREL_PG_HI21	.rodata.str1.1	+2474
.rela.text	0x0000000000001394	R_AARCH64_ADD_ABS_LO12_NC	.rodata.str1.1	+2474
.rela.text	0x0000000000001398	R_AARCH64_CALL26	_printk	+0
.rela.text	0x00000000000013b0	R_AARCH64_ADR_PREL_PG_HI21	.rodata.str1.1	+bf0
.rela.text	0x00000000000013b4	R_AARCH64_ADD_ABS_LO12_NC	.rodata.str1.1	+bf0
.rela.text	0x00000000000013c8	R_AARCH64_CALL26	of_property_read_variable_u32_array	+0
.rela.text	0x00000000000013d0	R_AARCH64_ADR_PREL_PG_HI21	.rodata.str1.1	+1199
.rela.text	0x00000000000013d4	R_AARCH64_ADD_ABS_LO12_NC	.rodata.str1.1	+1199
.rela.text	0x00000000000013d8	R_AARCH64_CALL26	_printk	+0
.rela.text	0x00000000000013e0	R_AARCH64_ADR_PREL_PG_HI21	.rodata.str1.1	+0
.rela.text	0x00000000000013e4	R_AARCH64_ADD_ABS_LO12_NC	.rodata.str1.1	+0
.rela.text	0x00000000000013f8	R_AARCH64_CALL26	of_property_read_variable_u32_array	+0
.rela.text	0x0000000000001400	R_AARCH64_ADR_PREL_PG_HI21	.rodata.str1.1	+2048
.rela.text	0x0000000000001404	R_AARCH64_ADD_ABS_LO12_NC	.rodata.str1.1	+2048
.rela.text	0x0000000000001408	R_AARCH64_CALL26	_printk	+0
.rela.text	0x0000000000001410	R_AARCH64_ADR_PREL_PG_HI21	.rodata.str1.1	+11bc
.rela.text	0x0000000000001414	R_AARCH64_ADD_ABS_LO12_NC	.rodata.str1.1	+11bc
.rela.text	0x0000000000001428	R_AARCH64_CALL26	of_property_read_variable_u32_array	+0
.rela.text	0x0000000000001430	R_AARCH64_ADR_PREL_PG_HI21	.rodata.str1.1	+f25
.rela.text	0x0000000000001434	R_AARCH64_ADD_ABS_LO12_NC	.rodata.str1.1	+f25
.rela.text	0x0000000000001438	R_AARCH64_CALL26	_printk	+0
.rela.text	0x0000000000001448	R_AARCH64_ADR_PREL_PG_HI21	.rodata.str1.1	+1369
.rela.text	0x000000000000144c	R_AARCH64_ADD_ABS_LO12_NC	.rodata.str1.1	+1369
.rela.text	0x0000000000001458	R_AARCH64_CALL26	_printk	+0
.rela.text	0x000000000000146c	R_AARCH64_ADR_PREL_PG_HI21	.rodata.str1.1	+1369
.rela.text	0x0000000000001470	R_AARCH64_ADD_ABS_LO12_NC	.rodata.str1.1	+1369
.rela.text	0x000000000000147c	R_AARCH64_CALL26	_printk	+0
.rela.text	0x0000000000001490	R_AARCH64_ADR_PREL_PG_HI21	.rodata.str1.1	+1369
.rela.text	0x0000000000001494	R_AARCH64_ADD_ABS_LO12_NC	.rodata.str1.1	+1369
.rela.text	0x00000000000014a0	R_AARCH64_CALL26	_printk	+0
.rela.text	0x00000000000014b4	R_AARCH64_ADR_PREL_PG_HI21	.rodata.str1.1	+1369
.rela.text	0x00000000000014b8	R_AARCH64_ADD_ABS_LO12_NC	.rodata.str1.1	+1369
.rela.text	0x00000000000014c4	R_AARCH64_CALL26	_printk	+0
.rela.text	0x00000000000014d8	R_AARCH64_ADR_PREL_PG_HI21	.rodata.str1.1	+1369
.rela.text	0x00000000000014dc	R_AARCH64_ADD_ABS_LO12_NC	.rodata.str1.1	+1369
.rela.text	0x00000000000014e8	R_AARCH64_CALL26	_printk	+0
.rela.text	0x00000000000014fc	R_AARCH64_ADR_PREL_PG_HI21	.rodata.str1.1	+1369
.rela.text	0x0000000000001500	R_AARCH64_ADD_ABS_LO12_NC	.rodata.str1.1	+1369
.rela.text	0x000000000000150c	R_AARCH64_CALL26	_printk	+0
.rela.text	0x0000000000001520	R_AARCH64_ADR_PREL_PG_HI21	.rodata.str1.1	+1369
.rela.text	0x0000000000001524	R_AARCH64_ADD_ABS_LO12_NC	.rodata.str1.1	+1369
.rela.text	0x0000000000001530	R_AARCH64_CALL26	_printk	+0
.rela.text	0x0000000000001544	R_AARCH64_ADR_PREL_PG_HI21	.rodata.str1.1	+1369
.rela.text	0x0000000000001548	R_AARCH64_ADD_ABS_LO12_NC	.rodata.str1.1	+1369
.rela.text	0x0000000000001554	R_AARCH64_CALL26	_printk	+0
.rela.text	0x0000000000001568	R_AARCH64_ADR_PREL_PG_HI21	.rodata.str1.1	+c02
.rela.text	0x000000000000156c	R_AARCH64_ADD_ABS_LO12_NC	.rodata.str1.1	+c02
.rela.text	0x0000000000001578	R_AARCH64_CALL26	of_get_named_gpio_flags	+0
.rela.text	0x0000000000001584	R_AARCH64_ADR_PREL_PG_HI21	.rodata.str1.1	+2676
.rela.text	0x0000000000001588	R_AARCH64_ADD_ABS_LO12_NC	.rodata.str1.1	+2676
.rela.text	0x0000000000001594	R_AARCH64_ADR_PREL_PG_HI21	.rodata.str1.1	+206f
.rela.text	0x0000000000001598	R_AARCH64_ADD_ABS_LO12_NC	.rodata.str1.1	+206f
.rela.text	0x00000000000015a4	R_AARCH64_CALL26	of_get_named_gpio_flags	+0
.rela.text	0x00000000000015b0	R_AARCH64_ADR_PREL_PG_HI21	.rodata.str1.1	+2083
.rela.text	0x00000000000015b4	R_AARCH64_ADD_ABS_LO12_NC	.rodata.str1.1	+2083
.rela.text	0x00000000000015c0	R_AARCH64_ADR_PREL_PG_HI21	.rodata.str1.1	+1dc8
.rela.text	0x00000000000015c4	R_AARCH64_ADD_ABS_LO12_NC	.rodata.str1.1	+1dc8
.rela.text	0x00000000000015d0	R_AARCH64_CALL26	of_get_named_gpio_flags	+0
.rela.text	0x00000000000015dc	R_AARCH64_ADR_PREL_PG_HI21	.rodata.str1.1	+10f1
.rela.text	0x00000000000015e0	R_AARCH64_ADD_ABS_LO12_NC	.rodata.str1.1	+10f1
.rela.text	0x00000000000015e8	R_AARCH64_ADR_PREL_PG_HI21	.rodata.str1.1	+6a9
.rela.text	0x00000000000015ec	R_AARCH64_ADD_ABS_LO12_NC	.rodata.str1.1	+6a9
.rela.text	0x0000000000001604	R_AARCH64_CALL26	of_property_read_variable_u32_array	+0
.rela.text	0x000000000000160c	R_AARCH64_ADR_PREL_PG_HI21	.rodata.str1.1	+6c3
.rela.text	0x0000000000001610	R_AARCH64_ADD_ABS_LO12_NC	.rodata.str1.1	+6c3
.rela.text	0x0000000000001614	R_AARCH64_CALL26	_printk	+0
.rela.text	0x0000000000001624	R_AARCH64_ADR_PREL_PG_HI21	.rodata.str1.1	+1bea
.rela.text	0x0000000000001628	R_AARCH64_ADD_ABS_LO12_NC	.rodata.str1.1	+1bea
.rela.text	0x0000000000001644	R_AARCH64_CALL26	_printk	+0
.rela.text	0x0000000000001648	R_AARCH64_ADR_PREL_PG_HI21	.rodata.str1.1	+1184
.rela.text	0x000000000000164c	R_AARCH64_ADD_ABS_LO12_NC	.rodata.str1.1	+1184
.rela.text	0x0000000000001650	R_AARCH64_ADR_PREL_PG_HI21	.rodata.str1.1	+1ed2
.rela.text	0x0000000000001654	R_AARCH64_ADD_ABS_LO12_NC	.rodata.str1.1	+1ed2
.rela.text	0x000000000000165c	R_AARCH64_CALL26	_printk	+0
.rela.text	0x0000000000001664	R_AARCH64_CALL26	__stack_chk_fail	+0
.rela.text	0x0000000000001680	R_AARCH64_ADR_PREL_PG_HI21	hyn_ts_data	+0
.rela.text	0x0000000000001684	R_AARCH64_LDST64_ABS_LO12_NC	hyn_ts_data	+0
.rela.text	0x000000000000168c	R_AARCH64_ADR_PREL_PG_HI21	.rodata.str1.1	+14ae
.rela.text	0x0000000000001690	R_AARCH64_ADD_ABS_LO12_NC	.rodata.str1.1	+14ae
.rela.text	0x0000000000001694	R_AARCH64_CALL26	_printk	+0
.rela.text	0x00000000000016a0	R_AARCH64_ADR_PREL_PG_HI21	.rodata.str1.1	+10aa
.rela.text	0x00000000000016a4	R_AARCH64_ADD_ABS_LO12_NC	.rodata.str1.1	+10aa
.rela.text	0x00000000000016a8	R_AARCH64_CALL26	_printk	+0
.rela.text	0x00000000000016ac	R_AARCH64_ADR_PREL_PG_HI21	.rodata.str1.1	+aa3
.rela.text	0x00000000000016b0	R_AARCH64_ADD_ABS_LO12_NC	.rodata.str1.1	+aa3
.rela.text	0x00000000000016b4	R_AARCH64_ADR_PREL_PG_HI21	.rodata.str1.1	+5d4
.rela.text	0x00000000000016b8	R_AARCH64_ADD_ABS_LO12_NC	.rodata.str1.1	+5d4
.rela.text	0x00000000000016bc	R_AARCH64_CALL26	_printk	+0
.rela.text	0x00000000000016c0	R_AARCH64_LDST64_ABS_LO12_NC	hyn_ts_data	+0
.rela.text	0x00000000000016d8	R_AARCH64_CALL26	hyn_reset_proc	+0
.rela.text	0x00000000000016dc	R_AARCH64_ADR_PREL_PG_HI21	tiny_tpgesture_status	+0
.rela.text	0x00000000000016e0	R_AARCH64_ADR_PREL_PG_HI21	.rodata.str1.1	+13d3
.rela.text	0x00000000000016e4	R_AARCH64_ADD_ABS_LO12_NC	.rodata.str1.1	+13d3
.rela.text	0x00000000000016e8	R_AARCH64_LDST32_ABS_LO12_NC	tiny_tpgesture_status	+0
.rela.text	0x00000000000016ec	R_AARCH64_CALL26	_printk	+0
.rela.text	0x00000000000016f0	R_AARCH64_LDST32_ABS_LO12_NC	tiny_tpgesture_status	+0
.rela.text	0x00000000000016fc	R_AARCH64_CALL26	hyn_gesture_suspend	+0
.rela.text	0x0000000000001704	R_AARCH64_ADR_PREL_PG_HI21	.rodata.str1.1	+daa
.rela.text	0x0000000000001708	R_AARCH64_ADD_ABS_LO12_NC	.rodata.str1.1	+daa
.rela.text	0x000000000000170c	R_AARCH64_ADR_PREL_PG_HI21	.rodata.str1.1	+5d4
.rela.text	0x0000000000001710	R_AARCH64_ADD_ABS_LO12_NC	.rodata.str1.1	+5d4
.rela.text	0x0000000000001714	R_AARCH64_CALL26	_printk	+0
.rela.text	0x000000000000171c	R_AARCH64_ADR_PREL_PG_HI21	.rodata.str1.1	+f99
.rela.text	0x0000000000001720	R_AARCH64_ADD_ABS_LO12_NC	.rodata.str1.1	+f99
.rela.text	0x0000000000001724	R_AARCH64_CALL26	_printk	+0
.rela.text	0x0000000000001728	R_AARCH64_ADR_PREL_PG_HI21	.rodata.str1.1	+aa3
.rela.text	0x000000000000172c	R_AARCH64_ADD_ABS_LO12_NC	.rodata.str1.1	+aa3
.rela.text	0x0000000000001730	R_AARCH64_ADR_PREL_PG_HI21	.rodata.str1.1	+4bd
.rela.text	0x0000000000001734	R_AARCH64_ADD_ABS_LO12_NC	.rodata.str1.1	+4bd
.rela.text	0x0000000000001738	R_AARCH64_CALL26	_printk	+0
.rela.text	0x000000000000173c	R_AARCH64_LDST64_ABS_LO12_NC	hyn_ts_data	+0
.rela.text	0x0000000000001748	R_AARCH64_ADR_PREL_PG_HI21	.rodata.str1.1	+ae6
.rela.text	0x000000000000174c	R_AARCH64_ADD_ABS_LO12_NC	.rodata.str1.1	+ae6
.rela.text	0x0000000000001750	R_AARCH64_CALL26	_printk	+0
.rela.text	0x0000000000001758	R_AARCH64_ADR_PREL_PG_HI21	.rodata.str1.1	+2c5
.rela.text	0x000000000000175c	R_AARCH64_ADD_ABS_LO12_NC	.rodata.str1.1	+2c5
.rela.text	0x0000000000001760	R_AARCH64_CALL26	_printk	+0
.rela.text	0x0000000000001770	R_AARCH64_CALL26	hyn_reset_proc	+0
.rela.text	0x0000000000001774	R_AARCH64_ADR_PREL_PG_HI21	.rodata.str1.1	+aa3
.rela.text	0x0000000000001778	R_AARCH64_ADD_ABS_LO12_NC	.rodata.str1.1	+aa3
.rela.text	0x000000000000177c	R_AARCH64_ADR_PREL_PG_HI21	.rodata.str1.1	+c64
.rela.text	0x0000000000001780	R_AARCH64_ADD_ABS_LO12_NC	.rodata.str1.1	+c64
.rela.text	0x0000000000001784	R_AARCH64_CALL26	_printk	+0
.rela.text	0x0000000000001788	R_AARCH64_LDST64_ABS_LO12_NC	hyn_ts_data	+0
.rela.text	0x0000000000001794	R_AARCH64_ADR_PREL_PG_HI21	.rodata.str1.1	+b05
.rela.text	0x0000000000001798	R_AARCH64_ADD_ABS_LO12_NC	.rodata.str1.1	+b05
.rela.text	0x000000000000179c	R_AARCH64_CALL26	_printk	+0
.rela.text	0x00000000000017b0	R_AARCH64_CALL26	input_event	+0
.rela.text	0x00000000000017b4	R_AARCH64_LDST64_ABS_LO12_NC	hyn_ts_data	+0
.rela.text	0x00000000000017c8	R_AARCH64_CALL26	input_event	+0
.rela.text	0x00000000000017cc	R_AARCH64_LDST64_ABS_LO12_NC	hyn_ts_data	+0
.rela.text	0x00000000000017e0	R_AARCH64_CALL26	input_event	+0
.rela.text	0x00000000000017e4	R_AARCH64_ADR_PREL_PG_HI21	.rodata.str1.1	+1184
.rela.text	0x00000000000017e8	R_AARCH64_ADD_ABS_LO12_NC	.rodata.str1.1	+1184
.rela.text	0x00000000000017ec	R_AARCH64_ADR_PREL_PG_HI21	.rodata.str1.1	+c64
.rela.text	0x00000000000017f0	R_AARCH64_ADD_ABS_LO12_NC	.rodata.str1.1	+c64
.rela.text	0x00000000000017f8	R_AARCH64_CALL26	_printk	+0
.rela.text	0x00000000000017fc	R_AARCH64_ADR_PREL_PG_HI21	tiny_tpgesture_status	+0
.rela.text	0x0000000000001800	R_AARCH64_LDST64_ABS_LO12_NC	hyn_ts_data	+0
.rela.text	0x0000000000001804	R_AARCH64_ADR_PREL_PG_HI21	.rodata.str1.1	+c14
.rela.text	0x0000000000001808	R_AARCH64_ADD_ABS_LO12_NC	.rodata.str1.1	+c14
.rela.text	0x000000000000180c	R_AARCH64_LDST32_ABS_LO12_NC	tiny_tpgesture_status	+0
.rela.text	0x0000000000001814	R_AARCH64_CALL26	_printk	+0
.rela.text	0x0000000000001818	R_AARCH64_LDST32_ABS_LO12_NC	tiny_tpgesture_status	+0
.rela.text	0x0000000000001824	R_AARCH64_CALL26	hyn_gesture_resume	+0
.rela.text	0x000000000000182c	R_AARCH64_ADR_PREL_PG_HI21	.rodata.str1.1	+c38
.rela.text	0x0000000000001830	R_AARCH64_ADD_ABS_LO12_NC	.rodata.str1.1	+c38
.rela.text	0x0000000000001834	R_AARCH64_ADR_PREL_PG_HI21	.rodata.str1.1	+4bd
.rela.text	0x0000000000001838	R_AARCH64_ADD_ABS_LO12_NC	.rodata.str1.1	+4bd
.rela.text	0x000000000000183c	R_AARCH64_CALL26	_printk	+0
.rela.text	0x0000000000001844	R_AARCH64_LDST64_ABS_LO12_NC	hyn_ts_data	+0
.rela.text	0x0000000000001854	R_AARCH64_CALL26	enable_irq	+0
.rela.text	0x0000000000001858	R_AARCH64_LDST64_ABS_LO12_NC	hyn_ts_data	+0
.rela.text	0x0000000000001870	R_AARCH64_LDST64_ABS_LO12_NC	hyn_ts_data	+0
.rela.text	0x0000000000001880	R_AARCH64_CALL26	disable_irq_nosync	+0
.rela.text	0x0000000000001884	R_AARCH64_LDST64_ABS_LO12_NC	hyn_ts_data	+0
.rela.text	0x0000000000001890	R_AARCH64_CALL26	hyn_enter_deep_sleep	+0
.rela.text	0x0000000000001894	R_AARCH64_ADR_PREL_PG_HI21	.rodata.str1.1	+1184
.rela.text	0x0000000000001898	R_AARCH64_ADD_ABS_LO12_NC	.rodata.str1.1	+1184
.rela.text	0x000000000000189c	R_AARCH64_ADR_PREL_PG_HI21	.rodata.str1.1	+5d4
.rela.text	0x00000000000018a0	R_AARCH64_ADD_ABS_LO12_NC	.rodata.str1.1	+5d4
.rela.text	0x00000000000018a8	R_AARCH64_CALL26	_printk	+0
.rela.text	0x00000000000018c0	R_AARCH64_ADR_PREL_PG_HI21	hyn_ts_data	+0
.rela.text	0x00000000000018c4	R_AARCH64_LDST64_ABS_LO12_NC	hyn_ts_data	+0
.rela.text	0x00000000000018cc	R_AARCH64_ADR_PREL_PG_HI21	.rodata.str1.1	+14ae
.rela.text	0x00000000000018d0	R_AARCH64_ADD_ABS_LO12_NC	.rodata.str1.1	+14ae
.rela.text	0x00000000000018d4	R_AARCH64_CALL26	_printk	+0
.rela.text	0x00000000000018e0	R_AARCH64_ADR_PREL_PG_HI21	.rodata.str1.1	+198d
.rela.text	0x00000000000018e4	R_AARCH64_ADD_ABS_LO12_NC	.rodata.str1.1	+198d
.rela.text	0x00000000000018e8	R_AARCH64_CALL26	_printk	+0
.rela.text	0x00000000000018ec	R_AARCH64_ADR_PREL_PG_HI21	tiny_tpgesture_status	+0
.rela.text	0x00000000000018f0	R_AARCH64_LDST32_ABS_LO12_NC	tiny_tpgesture_status	+0
.rela.text	0x00000000000018f8	R_AARCH64_ADR_PREL_PG_HI21	.rodata.str1.1	+2403
.rela.text	0x00000000000018fc	R_AARCH64_ADD_ABS_LO12_NC	.rodata.str1.1	+2403
.rela.text	0x0000000000001900	R_AARCH64_CALL26	_printk	+0
.rela.text	0x0000000000001904	R_AARCH64_ADR_PREL_PG_HI21	tiny_tpgesture_status	+0
.rela.text	0x000000000000190c	R_AARCH64_LDST32_ABS_LO12_NC	tiny_tpgesture_status	+0
.rela.text	0x0000000000001954	R_AARCH64_CALL26	input_event	+0
.rela.text	0x0000000000001968	R_AARCH64_CALL26	input_event	+0
.rela.text	0x000000000000197c	R_AARCH64_CALL26	input_event	+0
.rela.text	0x0000000000001990	R_AARCH64_CALL26	input_event	+0
.rela.text	0x00000000000019a4	R_AARCH64_CALL26	input_event	+0
.rela.text	0x00000000000019b8	R_AARCH64_CALL26	input_event	+0
.rela.text	0x00000000000019cc	R_AARCH64_CALL26	input_event	+0
.rela.text	0x0000000000001a08	R_AARCH64_CALL26	input_event	+0
.rela.text	0x0000000000001a1c	R_AARCH64_CALL26	input_event	+0
.rela.text	0x0000000000001a40	R_AARCH64_ADR_PREL_PG_HI21	.rodata.str1.1	+1a98
.rela.text	0x0000000000001a44	R_AARCH64_ADD_ABS_LO12_NC	.rodata.str1.1	+1a98
.rela.text	0x0000000000001a48	R_AARCH64_CALL26	_printk	+0
.rela.text	0x0000000000001a4c	R_AARCH64_ADR_PREL_PG_HI21	hyn_ts_data	+0
.rela.text	0x0000000000001a5c	R_AARCH64_LDST64_ABS_LO12_NC	hyn_ts_data	+0
.rela.text	0x0000000000001a64	R_AARCH64_CALL26	input_event	+0
.rela.text	0x0000000000001a68	R_AARCH64_LDST64_ABS_LO12_NC	hyn_ts_data	+0
.rela.text	0x0000000000001a7c	R_AARCH64_CALL26	input_event	+0
.rela.text	0x0000000000001ab0	R_AARCH64_ADR_PREL_PG_HI21	hyn_ts_data	+0
.rela.text	0x0000000000001ac8	R_AARCH64_LDST64_ABS_LO12_NC	hyn_ts_data	+0
.rela.text	0x0000000000001ad4	R_AARCH64_CALL26	input_event	+0
.rela.text	0x0000000000001ad8	R_AARCH64_LDST64_ABS_LO12_NC	hyn_ts_data	+0
.rela.text	0x0000000000001aec	R_AARCH64_CALL26	input_event	+0
.rela.text	0x0000000000001af0	R_AARCH64_LDST64_ABS_LO12_NC	hyn_ts_data	+0
.rela.text	0x0000000000001b04	R_AARCH64_CALL26	input_event	+0
.rela.text	0x0000000000001b08	R_AARCH64_LDST64_ABS_LO12_NC	hyn_ts_data	+0
.rela.text	0x0000000000001b1c	R_AARCH64_CALL26	input_event	+0
.rela.text	0x0000000000001b20	R_AARCH64_LDST64_ABS_LO12_NC	hyn_ts_data	+0
.rela.text	0x0000000000001b34	R_AARCH64_CALL26	input_event	+0
.rela.text	0x0000000000001b38	R_AARCH64_LDST64_ABS_LO12_NC	hyn_ts_data	+0
.rela.text	0x0000000000001b4c	R_AARCH64_CALL26	input_event	+0
.rela.text	0x0000000000001b50	R_AARCH64_ADR_PREL_PG_HI21	.rodata.str1.1	+1eb4
.rela.text	0x0000000000001b54	R_AARCH64_ADD_ABS_LO12_NC	.rodata.str1.1	+1eb4
.rela.text	0x0000000000001b64	R_AARCH64_CALL26	_printk	+0
.rela.text	0x0000000000001b90	R_AARCH64_ADR_PREL_PG_HI21	hyn_ts_data	+0
.rela.text	0x0000000000001b94	R_AARCH64_LDST64_ABS_LO12_NC	hyn_ts_data	+0
.rela.text	0x0000000000001bb0	R_AARCH64_CALL26	queue_work_on	+0
.rela.text	0x0000000000001bcc	R_AARCH64_CALL26	disable_irq_nosync	+0
.rela.text	0x0000000000001bd0	R_AARCH64_LDST64_ABS_LO12_NC	hyn_ts_data	+0
.rela.text	0x0000000000001c04	R_AARCH64_ADR_PREL_PG_HI21	.rodata.str1.1	+aa3
.rela.text	0x0000000000001c08	R_AARCH64_ADD_ABS_LO12_NC	.rodata.str1.1	+aa3
.rela.text	0x0000000000001c0c	R_AARCH64_ADR_PREL_PG_HI21	.rodata.str1.1	+707
.rela.text	0x0000000000001c10	R_AARCH64_ADD_ABS_LO12_NC	.rodata.str1.1	+707
.rela.text	0x0000000000001c14	R_AARCH64_CALL26	_printk	+0
.rela.text	0x0000000000001c44	R_AARCH64_ADR_PREL_PG_HI21	.rodata.str1.1	+111b
.rela.text	0x0000000000001c48	R_AARCH64_ADD_ABS_LO12_NC	.rodata.str1.1	+111b
.rela.text	0x0000000000001c4c	R_AARCH64_CALL26	_printk	+0
.rela.text	0x0000000000001c58	R_AARCH64_ADR_PREL_PG_HI21	kmalloc_caches	+50
.rela.text	0x0000000000001c64	R_AARCH64_LDST64_ABS_LO12_NC	kmalloc_caches	+50
.rela.text	0x0000000000001c68	R_AARCH64_CALL26	kmalloc_trace	+0
.rela.text	0x0000000000001c70	R_AARCH64_ADR_PREL_PG_HI21	.rodata.str1.1	+619
.rela.text	0x0000000000001c74	R_AARCH64_ADD_ABS_LO12_NC	.rodata.str1.1	+619
.rela.text	0x0000000000001c78	R_AARCH64_CALL26	_printk	+0
.rela.text	0x0000000000001c84	R_AARCH64_ADR_PREL_PG_HI21	hyn_ts_data	+0
.rela.text	0x0000000000001c94	R_AARCH64_LDST64_ABS_LO12_NC	hyn_ts_data	+0
.rela.text	0x0000000000001c9c	R_AARCH64_CALL26	hyn_platform_data_init	+0
.rela.text	0x0000000000001ca8	R_AARCH64_ADR_PREL_PG_HI21	.rodata.str1.1	+26a0
.rela.text	0x0000000000001cac	R_AARCH64_ADD_ABS_LO12_NC	.rodata.str1.1	+26a0
.rela.text	0x0000000000001cb0	R_AARCH64_CALL26	_printk	+0
.rela.text	0x0000000000001cb8	R_AARCH64_CALL26	kfree	+0
.rela.text	0x0000000000001cc0	R_AARCH64_ADR_PREL_PG_HI21	.rodata.str1.1	+aa3
.rela.text	0x0000000000001cc4	R_AARCH64_ADD_ABS_LO12_NC	.rodata.str1.1	+aa3
.rela.text	0x0000000000001cc8	R_AARCH64_ADR_PREL_PG_HI21	.rodata.str1.1	+b29
.rela.text	0x0000000000001ccc	R_AARCH64_ADD_ABS_LO12_NC	.rodata.str1.1	+b29
.rela.text	0x0000000000001cd0	R_AARCH64_CALL26	_printk	+0
.rela.text	0x0000000000001ce4	R_AARCH64_ADR_PREL_PG_HI21	.rodata.str1.1	+20d6
.rela.text	0x0000000000001ce8	R_AARCH64_ADD_ABS_LO12_NC	.rodata.str1.1	+20d6
.rela.text	0x0000000000001cec	R_AARCH64_CALL26	gpio_request	+0
.rela.text	0x0000000000001cf4	R_AARCH64_ADR_PREL_PG_HI21	.rodata.str1.1	+1006
.rela.text	0x0000000000001cf8	R_AARCH64_ADD_ABS_LO12_NC	.rodata.str1.1	+1006
.rela.text	0x0000000000001cfc	R_AARCH64_CALL26	_printk	+0
.rela.text	0x0000000000001d0c	R_AARCH64_CALL26	gpio_to_desc	+0
.rela.text	0x0000000000001d14	R_AARCH64_CALL26	gpiod_direction_output_raw	+0
.rela.text	0x0000000000001d1c	R_AARCH64_ADR_PREL_PG_HI21	.rodata.str1.1	+128
.rela.text	0x0000000000001d20	R_AARCH64_ADD_ABS_LO12_NC	.rodata.str1.1	+128
.rela.text	0x0000000000001d24	R_AARCH64_CALL26	_printk	+0
.rela.text	0x0000000000001d3c	R_AARCH64_ADR_PREL_PG_HI21	.rodata.str1.1	+b3c
.rela.text	0x0000000000001d40	R_AARCH64_ADD_ABS_LO12_NC	.rodata.str1.1	+b3c
.rela.text	0x0000000000001d44	R_AARCH64_CALL26	gpio_request	+0
.rela.text	0x0000000000001d4c	R_AARCH64_ADR_PREL_PG_HI21	.rodata.str1.1	+15
.rela.text	0x0000000000001d50	R_AARCH64_ADD_ABS_LO12_NC	.rodata.str1.1	+15
.rela.text	0x0000000000001d54	R_AARCH64_CALL26	_printk	+0
.rela.text	0x0000000000001d64	R_AARCH64_CALL26	gpio_to_desc	+0
.rela.text	0x0000000000001d68	R_AARCH64_CALL26	gpiod_direction_input	+0
.rela.text	0x0000000000001d70	R_AARCH64_ADR_PREL_PG_HI21	.rodata.str1.1	+e0a
.rela.text	0x0000000000001d74	R_AARCH64_ADD_ABS_LO12_NC	.rodata.str1.1	+e0a
.rela.text	0x0000000000001d78	R_AARCH64_CALL26	_printk	+0
.rela.text	0x0000000000001d90	R_AARCH64_ADR_PREL_PG_HI21	.rodata.str1.1	+716
.rela.text	0x0000000000001d94	R_AARCH64_ADD_ABS_LO12_NC	.rodata.str1.1	+716
.rela.text	0x0000000000001d98	R_AARCH64_CALL26	gpio_request	+0
.rela.text	0x0000000000001da0	R_AARCH64_ADR_PREL_PG_HI21	.rodata.str1.1	+1006
.rela.text	0x0000000000001da4	R_AARCH64_ADD_ABS_LO12_NC	.rodata.str1.1	+1006
.rela.text	0x0000000000001db4	R_AARCH64_CALL26	gpio_to_desc	+0
.rela.text	0x0000000000001dbc	R_AARCH64_CALL26	gpiod_direction_output_raw	+0
.rela.text	0x0000000000001dc4	R_AARCH64_ADR_PREL_PG_HI21	.rodata.str1.1	+128
.rela.text	0x0000000000001dc8	R_AARCH64_ADD_ABS_LO12_NC	.rodata.str1.1	+128
.rela.text	0x0000000000001dcc	R_AARCH64_CALL26	_printk	+0
.rela.text	0x0000000000001de0	R_AARCH64_CALL26	gpio_free	+0
.rela.text	0x0000000000001df4	R_AARCH64_CALL26	gpio_free	+0
.rela.text	0x0000000000001e08	R_AARCH64_CALL26	gpio_free	+0
.rela.text	0x0000000000001e0c	R_AARCH64_ADR_PREL_PG_HI21	.rodata.str1.1	+1184
.rela.text	0x0000000000001e10	R_AARCH64_ADD_ABS_LO12_NC	.rodata.str1.1	+1184
.rela.text	0x0000000000001e14	R_AARCH64_ADR_PREL_PG_HI21	.rodata.str1.1	+b29
.rela.text	0x0000000000001e18	R_AARCH64_ADD_ABS_LO12_NC	.rodata.str1.1	+b29
.rela.text	0x0000000000001e20	R_AARCH64_CALL26	_printk	+0
.rela.text	0x0000000000001e24	R_AARCH64_ADR_PREL_PG_HI21	.rodata.str1.1	+20af
.rela.text	0x0000000000001e28	R_AARCH64_ADD_ABS_LO12_NC	.rodata.str1.1	+20af
.rela.text	0x0000000000001e2c	R_AARCH64_CALL26	_printk	+0
.rela.text	0x0000000000001e38	R_AARCH64_LDST64_ABS_LO12_NC	hyn_ts_data	+0
.rela.text	0x0000000000001e44	R_AARCH64_CALL26	gpio_to_desc	+0
.rela.text	0x0000000000001e4c	R_AARCH64_CALL26	gpiod_direction_output_raw	+0
.rela.text	0x0000000000001e58	R_AARCH64_CALL26	__const_udelay	+0
.rela.text	0x0000000000001e64	R_AARCH64_CALL26	__const_udelay	+0
.rela.text	0x0000000000001e70	R_AARCH64_CALL26	__const_udelay	+0
.rela.text	0x0000000000001e7c	R_AARCH64_CALL26	__const_udelay	+0
.rela.text	0x0000000000001e88	R_AARCH64_CALL26	__const_udelay	+0
.rela.text	0x0000000000001e94	R_AARCH64_CALL26	__const_udelay	+0
.rela.text	0x0000000000001ea0	R_AARCH64_CALL26	__const_udelay	+0
.rela.text	0x0000000000001eac	R_AARCH64_CALL26	__const_udelay	+0
.rela.text	0x0000000000001eb8	R_AARCH64_CALL26	__const_udelay	+0
.rela.text	0x0000000000001ec4	R_AARCH64_CALL26	__const_udelay	+0
.rela.text	0x0000000000001ed0	R_AARCH64_CALL26	__const_udelay	+0
.rela.text	0x0000000000001edc	R_AARCH64_CALL26	__const_udelay	+0
.rela.text	0x0000000000001ee8	R_AARCH64_CALL26	__const_udelay	+0
.rela.text	0x0000000000001ef4	R_AARCH64_CALL26	__const_udelay	+0
.rela.text	0x0000000000001f00	R_AARCH64_CALL26	__const_udelay	+0
.rela.text	0x0000000000001f0c	R_AARCH64_CALL26	__const_udelay	+0
.rela.text	0x0000000000001f18	R_AARCH64_CALL26	__const_udelay	+0
.rela.text	0x0000000000001f24	R_AARCH64_CALL26	__const_udelay	+0
.rela.text	0x0000000000001f30	R_AARCH64_CALL26	__const_udelay	+0
.rela.text	0x0000000000001f3c	R_AARCH64_CALL26	__const_udelay	+0
.rela.text	0x0000000000001f40	R_AARCH64_LDST64_ABS_LO12_NC	hyn_ts_data	+0
.rela.text	0x0000000000001f4c	R_AARCH64_CALL26	gpio_to_desc	+0
.rela.text	0x0000000000001f54	R_AARCH64_CALL26	gpiod_direction_output_raw	+0
.rela.text	0x0000000000001f58	R_AARCH64_ADR_PREL_PG_HI21	.rodata.str1.1	+1184
.rela.text	0x0000000000001f5c	R_AARCH64_ADD_ABS_LO12_NC	.rodata.str1.1	+1184
.rela.text	0x0000000000001f60	R_AARCH64_ADR_PREL_PG_HI21	.rodata.str1.1	+b29
.rela.text	0x0000000000001f64	R_AARCH64_ADD_ABS_LO12_NC	.rodata.str1.1	+b29
.rela.text	0x0000000000001f6c	R_AARCH64_CALL26	_printk	+0
.rela.text	0x0000000000001f74	R_AARCH64_CALL26	hyn_ts_data_init	+0
.rela.text	0x0000000000001f84	R_AARCH64_CALL26	__const_udelay	+0
.rela.text	0x0000000000001f94	R_AARCH64_CALL26	hyn_firmware_info	+0
.rela.text	0x0000000000001f9c	R_AARCH64_ADR_PREL_PG_HI21	.rodata.str1.1	+11d1
.rela.text	0x0000000000001fa0	R_AARCH64_ADD_ABS_LO12_NC	.rodata.str1.1	+11d1
.rela.text	0x0000000000001fa4	R_AARCH64_CALL26	_printk	+0
.rela.text	0x0000000000001fac	R_AARCH64_CALL26	hyn_detect_bootloader	+0
.rela.text	0x0000000000001fb8	R_AARCH64_ADR_PREL_PG_HI21	.rodata.str1.1	+a20
.rela.text	0x0000000000001fbc	R_AARCH64_ADD_ABS_LO12_NC	.rodata.str1.1	+a20
.rela.text	0x0000000000001fc4	R_AARCH64_ADR_PREL_PG_HI21	.rodata.str1.1	+861
.rela.text	0x0000000000001fc8	R_AARCH64_ADD_ABS_LO12_NC	.rodata.str1.1	+861
.rela.text	0x0000000000001fcc	R_AARCH64_CALL26	_printk	+0
.rela.text	0x0000000000001fdc	R_AARCH64_CALL26	__const_udelay	+0
.rela.text	0x0000000000001fe8	R_AARCH64_CALL26	__const_udelay	+0
.rela.text	0x0000000000001ff4	R_AARCH64_CALL26	__const_udelay	+0
.rela.text	0x0000000000002000	R_AARCH64_CALL26	__const_udelay	+0
.rela.text	0x000000000000200c	R_AARCH64_CALL26	__const_udelay	+0
.rela.text	0x0000000000002018	R_AARCH64_CALL26	__const_udelay	+0
.rela.text	0x0000000000002024	R_AARCH64_CALL26	__const_udelay	+0
.rela.text	0x0000000000002030	R_AARCH64_CALL26	__const_udelay	+0
.rela.text	0x000000000000203c	R_AARCH64_CALL26	__const_udelay	+0
.rela.text	0x0000000000002048	R_AARCH64_CALL26	__const_udelay	+0
.rela.text	0x0000000000002054	R_AARCH64_CALL26	__const_udelay	+0
.rela.text	0x0000000000002060	R_AARCH64_CALL26	__const_udelay	+0
.rela.text	0x000000000000206c	R_AARCH64_CALL26	__const_udelay	+0
.rela.text	0x0000000000002078	R_AARCH64_CALL26	__const_udelay	+0
.rela.text	0x0000000000002084	R_AARCH64_CALL26	__const_udelay	+0
.rela.text	0x0000000000002090	R_AARCH64_CALL26	__const_udelay	+0
.rela.text	0x000000000000209c	R_AARCH64_CALL26	__const_udelay	+0
.rela.text	0x00000000000020a8	R_AARCH64_CALL26	__const_udelay	+0
.rela.text	0x00000000000020b4	R_AARCH64_CALL26	__const_udelay	+0
.rela.text	0x00000000000020c0	R_AARCH64_CALL26	__const_udelay	+0
.rela.text	0x00000000000020cc	R_AARCH64_CALL26	__const_udelay	+0
.rela.text	0x00000000000020d8	R_AARCH64_CALL26	__const_udelay	+0
.rela.text	0x00000000000020e4	R_AARCH64_CALL26	__const_udelay	+0
.rela.text	0x00000000000020f0	R_AARCH64_CALL26	__const_udelay	+0
.rela.text	0x00000000000020fc	R_AARCH64_CALL26	__const_udelay	+0
.rela.text	0x0000000000002108	R_AARCH64_CALL26	__const_udelay	+0
.rela.text	0x0000000000002114	R_AARCH64_CALL26	__const_udelay	+0
.rela.text	0x0000000000002120	R_AARCH64_CALL26	__const_udelay	+0
.rela.text	0x000000000000212c	R_AARCH64_CALL26	__const_udelay	+0
.rela.text	0x0000000000002138	R_AARCH64_CALL26	__const_udelay	+0
.rela.text	0x0000000000002140	R_AARCH64_CALL26	hyn_input_dev_int	+0
.rela.text	0x000000000000214c	R_AARCH64_ADR_PREL_PG_HI21	.rodata.str1.1	+24ae
.rela.text	0x0000000000002150	R_AARCH64_ADD_ABS_LO12_NC	.rodata.str1.1	+24ae
.rela.text	0x000000000000215c	R_AARCH64_CALL26	hyn_irq_init	+0
.rela.text	0x0000000000002168	R_AARCH64_ADR_PREL_PG_HI21	.rodata.str1.1	+dd7
.rela.text	0x000000000000216c	R_AARCH64_ADD_ABS_LO12_NC	.rodata.str1.1	+dd7
.rela.text	0x0000000000002174	R_AARCH64_LDST64_ABS_LO12_NC	hyn_ts_data	+0
.rela.text	0x0000000000002184	R_AARCH64_CALL26	disable_irq_nosync	+0
.rela.text	0x0000000000002188	R_AARCH64_LDST64_ABS_LO12_NC	hyn_ts_data	+0
.rela.text	0x0000000000002198	R_AARCH64_CALL26	hyn_update_firmware_init	+0
.rela.text	0x00000000000021a4	R_AARCH64_ADR_PREL_PG_HI21	.rodata.str1.1	+1c65
.rela.text	0x00000000000021a8	R_AARCH64_ADD_ABS_LO12_NC	.rodata.str1.1	+1c65
.rela.text	0x00000000000021ac	R_AARCH64_CALL26	_printk	+0
.rela.text	0x00000000000021c0	R_AARCH64_CALL26	gpio_free	+0
.rela.text	0x00000000000021d4	R_AARCH64_CALL26	gpio_free	+0
.rela.text	0x00000000000021e8	R_AARCH64_CALL26	gpio_free	+0
.rela.text	0x00000000000021ec	R_AARCH64_CALL26	hyn_gesture_exit	+0
.rela.text	0x00000000000021f0	R_AARCH64_LDST64_ABS_LO12_NC	hyn_ts_data	+0
.rela.text	0x00000000000021f8	R_AARCH64_CALL26	hyn_release_sysfs	+0
.rela.text	0x00000000000021fc	R_AARCH64_LDST64_ABS_LO12_NC	hyn_ts_data	+0
.rela.text	0x000000000000220c	R_AARCH64_CALL26	free_irq	+0
.rela.text	0x0000000000002218	R_AARCH64_CALL26	kfree	+0
.rela.text	0x0000000000002220	R_AARCH64_CALL26	kfree	+0
.rela.text	0x0000000000002224	R_AARCH64_ADR_PREL_PG_HI21	.rodata.str1.1	+1184
.rela.text	0x0000000000002228	R_AARCH64_ADD_ABS_LO12_NC	.rodata.str1.1	+1184
.rela.text	0x000000000000222c	R_AARCH64_ADR_PREL_PG_HI21	.rodata.str1.1	+707
.rela.text	0x0000000000002230	R_AARCH64_ADD_ABS_LO12_NC	.rodata.str1.1	+707
.rela.text	0x0000000000002238	R_AARCH64_LDST64_ABS_LO12_NC	hyn_ts_data	+0
.rela.text	0x000000000000223c	R_AARCH64_CALL26	_printk	+0
.rela.text	0x000000000000225c	R_AARCH64_CALL26	hyn_create_sysfs	+0
.rela.text	0x0000000000002268	R_AARCH64_ADR_PREL_PG_HI21	.rodata.str1.1	+f3
.rela.text	0x000000000000226c	R_AARCH64_ADD_ABS_LO12_NC	.rodata.str1.1	+f3
.rela.text	0x0000000000002270	R_AARCH64_CALL26	_printk	+0
.rela.text	0x0000000000002274	R_AARCH64_LDST64_ABS_LO12_NC	hyn_ts_data	+0
.rela.text	0x0000000000002280	R_AARCH64_CALL26	hyn_gesture_init	+0
.rela.text	0x0000000000002284	R_AARCH64_ADR_PREL_PG_HI21	.rodata.str1.1	+88b
.rela.text	0x0000000000002288	R_AARCH64_ADD_ABS_LO12_NC	.rodata.str1.1	+88b
.rela.text	0x000000000000228c	R_AARCH64_CALL26	_printk	+0
.rela.text	0x0000000000002294	R_AARCH64_LDST64_ABS_LO12_NC	hyn_ts_data	+0
.rela.text	0x00000000000022a0	R_AARCH64_CALL26	hyn_gesture_init	+0
.rela.text	0x00000000000022a8	R_AARCH64_ADR_PREL_PG_HI21	.rodata.str1.1	+219b
.rela.text	0x00000000000022ac	R_AARCH64_ADD_ABS_LO12_NC	.rodata.str1.1	+219b
.rela.text	0x00000000000022b4	R_AARCH64_CALL26	_printk	+0
.rela.text	0x00000000000022bc	R_AARCH64_CALL26	hyn_reset_proc	+0
.rela.text	0x00000000000022c0	R_AARCH64_LDST64_ABS_LO12_NC	hyn_ts_data	+0
.rela.text	0x00000000000022d0	R_AARCH64_CALL26	enable_irq	+0
.rela.text	0x00000000000022d4	R_AARCH64_LDST64_ABS_LO12_NC	hyn_ts_data	+0
.rela.text	0x00000000000022dc	R_AARCH64_ADR_PREL_PG_HI21	.rodata.str1.1	+711
.rela.text	0x00000000000022e0	R_AARCH64_ADD_ABS_LO12_NC	.rodata.str1.1	+711
.rela.text	0x00000000000022e4	R_AARCH64_ADR_PREL_PG_HI21	.rodata.str1.1	+8c2
.rela.text	0x00000000000022e8	R_AARCH64_ADD_ABS_LO12_NC	.rodata.str1.1	+8c2
.rela.text	0x00000000000022f0	R_AARCH64_ADR_PREL_PG_HI21	.rodata.str1.1	+22cc
.rela.text	0x00000000000022f4	R_AARCH64_ADD_ABS_LO12_NC	.rodata.str1.1	+22cc
.rela.text	0x00000000000022fc	R_AARCH64_CALL26	_printk	+0
.rela.text	0x0000000000002300	R_AARCH64_ADR_PREL_PG_HI21	.rodata.str1.1	+17f5
.rela.text	0x0000000000002304	R_AARCH64_ADD_ABS_LO12_NC	.rodata.str1.1	+17f5
.rela.text	0x000000000000230c	R_AARCH64_CALL26	yft_set_touch_device_used	+0
.rela.text	0x0000000000002310	R_AARCH64_ADR_PREL_PG_HI21	.rodata.str1.1	+1184
.rela.text	0x0000000000002314	R_AARCH64_ADD_ABS_LO12_NC	.rodata.str1.1	+1184
.rela.text	0x0000000000002318	R_AARCH64_ADR_PREL_PG_HI21	.rodata.str1.1	+707
.rela.text	0x000000000000231c	R_AARCH64_ADD_ABS_LO12_NC	.rodata.str1.1	+707
.rela.text	0x0000000000002324	R_AARCH64_CALL26	_printk	+0
.rela.text	0x0000000000002344	R_AARCH64_ADR_PREL_PG_HI21	.rodata.str1.1	+d57
.rela.text	0x0000000000002348	R_AARCH64_ADD_ABS_LO12_NC	.rodata.str1.1	+d57
.rela.text	0x0000000000002350	R_AARCH64_ADR_PREL_PG_HI21	.rodata.str1.1	+aa3
.rela.text	0x0000000000002354	R_AARCH64_ADD_ABS_LO12_NC	.rodata.str1.1	+aa3
.rela.text	0x000000000000235c	R_AARCH64_CALL26	_printk	+0
.rela.text	0x0000000000002364	R_AARCH64_CALL26	hyn_release_sysfs	+0
.rela.text	0x0000000000002368	R_AARCH64_CALL26	hyn_gesture_exit	+0
.rela.text	0x000000000000236c	R_AARCH64_ADR_PREL_PG_HI21	.rodata.str1.1	+1184
.rela.text	0x0000000000002370	R_AARCH64_ADD_ABS_LO12_NC	.rodata.str1.1	+1184
.rela.text	0x000000000000237c	R_AARCH64_CALL26	_printk	+0
.rela.text	0x00000000000023e0	R_AARCH64_CALL26	i2c_transfer_buffer_flags	+0
.rela.text	0x00000000000023f8	R_AARCH64_CALL26	i2c_transfer_buffer_flags	+0
.rela.text	0x000000000000241c	R_AARCH64_ADR_PREL_PG_HI21	.rodata.str1.1	+42
.rela.text	0x0000000000002420	R_AARCH64_ADD_ABS_LO12_NC	.rodata.str1.1	+42
.rela.text	0x0000000000002424	R_AARCH64_ADR_PREL_PG_HI21	.rodata.str1.1	+a5d
.rela.text	0x0000000000002428	R_AARCH64_ADD_ABS_LO12_NC	.rodata.str1.1	+a5d
.rela.text	0x000000000000242c	R_AARCH64_CALL26	_printk	+0
.rela.text	0x0000000000002438	R_AARCH64_ADR_PREL_PG_HI21	.rodata.str1.1	+725
.rela.text	0x000000000000243c	R_AARCH64_ADD_ABS_LO12_NC	.rodata.str1.1	+725
.rela.text	0x0000000000002440	R_AARCH64_CALL26	_printk	+0
.rela.text	0x0000000000002448	R_AARCH64_ADR_PREL_PG_HI21	.rodata.str1.1	+1aab
.rela.text	0x000000000000244c	R_AARCH64_ADD_ABS_LO12_NC	.rodata.str1.1	+1aab
.rela.text	0x0000000000002450	R_AARCH64_CALL26	_printk	+0
.rela.text	0x0000000000002474	R_AARCH64_CALL26	i2c_transfer_buffer_flags	+0
.rela.text	0x0000000000002494	R_AARCH64_ADR_PREL_PG_HI21	.rodata.str1.1	+42
.rela.text	0x0000000000002498	R_AARCH64_ADD_ABS_LO12_NC	.rodata.str1.1	+42
.rela.text	0x000000000000249c	R_AARCH64_ADR_PREL_PG_HI21	.rodata.str1.1	+c9c
.rela.text	0x00000000000024a0	R_AARCH64_ADD_ABS_LO12_NC	.rodata.str1.1	+c9c
.rela.text	0x00000000000024a4	R_AARCH64_CALL26	_printk	+0
.rela.text	0x00000000000024b0	R_AARCH64_ADR_PREL_PG_HI21	.rodata.str1.1	+725
.rela.text	0x00000000000024b4	R_AARCH64_ADD_ABS_LO12_NC	.rodata.str1.1	+725
.rela.text	0x00000000000024b8	R_AARCH64_CALL26	_printk	+0
.rela.text	0x00000000000024fc	R_AARCH64_CALL26	i2c_transfer_buffer_flags	+0
.rela.text	0x0000000000002534	R_AARCH64_ADR_PREL_PG_HI21	.rodata.str1.1	+42
.rela.text	0x0000000000002538	R_AARCH64_ADD_ABS_LO12_NC	.rodata.str1.1	+42
.rela.text	0x000000000000253c	R_AARCH64_ADR_PREL_PG_HI21	.rodata.str1.1	+c9c
.rela.text	0x0000000000002540	R_AARCH64_ADD_ABS_LO12_NC	.rodata.str1.1	+c9c
.rela.text	0x0000000000002544	R_AARCH64_CALL26	_printk	+0
.rela.text	0x0000000000002550	R_AARCH64_ADR_PREL_PG_HI21	.rodata.str1.1	+725
.rela.text	0x0000000000002554	R_AARCH64_ADD_ABS_LO12_NC	.rodata.str1.1	+725
.rela.text	0x0000000000002558	R_AARCH64_CALL26	_printk	+0
.rela.text	0x0000000000002560	R_AARCH64_CALL26	__stack_chk_fail	+0
.rela.text	0x00000000000025a4	R_AARCH64_CALL26	i2c_transfer_buffer_flags	+0
.rela.text	0x00000000000025bc	R_AARCH64_CALL26	i2c_transfer_buffer_flags	+0
.rela.text	0x00000000000025f4	R_AARCH64_ADR_PREL_PG_HI21	.rodata.str1.1	+42
.rela.text	0x00000000000025f8	R_AARCH64_ADD_ABS_LO12_NC	.rodata.str1.1	+42
.rela.text	0x00000000000025fc	R_AARCH64_ADR_PREL_PG_HI21	.rodata.str1.1	+a5d
.rela.text	0x0000000000002600	R_AARCH64_ADD_ABS_LO12_NC	.rodata.str1.1	+a5d
.rela.text	0x0000000000002604	R_AARCH64_CALL26	_printk	+0
.rela.text	0x0000000000002610	R_AARCH64_ADR_PREL_PG_HI21	.rodata.str1.1	+725
.rela.text	0x0000000000002614	R_AARCH64_ADD_ABS_LO12_NC	.rodata.str1.1	+725
.rela.text	0x0000000000002618	R_AARCH64_CALL26	_printk	+0
.rela.text	0x0000000000002620	R_AARCH64_ADR_PREL_PG_HI21	.rodata.str1.1	+1aab
.rela.text	0x0000000000002624	R_AARCH64_ADD_ABS_LO12_NC	.rodata.str1.1	+1aab
.rela.text	0x0000000000002628	R_AARCH64_CALL26	_printk	+0
.rela.text	0x0000000000002630	R_AARCH64_CALL26	__stack_chk_fail	+0
.rela.text	0x000000000000267c	R_AARCH64_CALL26	memset	+0
.rela.text	0x00000000000026d8	R_AARCH64_CALL26	memcpy	+0
.rela.text	0x00000000000026dc	R_AARCH64_ADR_PREL_PG_HI21	hyn_ts_data	+0
.rela.text	0x00000000000026e0	R_AARCH64_LDST64_ABS_LO12_NC	hyn_ts_data	+0
.rela.text	0x00000000000026f8	R_AARCH64_CALL26	i2c_transfer_buffer_flags	+0
.rela.text	0x0000000000002738	R_AARCH64_ADR_PREL_PG_HI21	.rodata.str1.1	+42
.rela.text	0x000000000000273c	R_AARCH64_ADD_ABS_LO12_NC	.rodata.str1.1	+42
.rela.text	0x0000000000002740	R_AARCH64_ADR_PREL_PG_HI21	.rodata.str1.1	+c9c
.rela.text	0x0000000000002744	R_AARCH64_ADD_ABS_LO12_NC	.rodata.str1.1	+c9c
.rela.text	0x0000000000002748	R_AARCH64_CALL26	_printk	+0
.rela.text	0x0000000000002754	R_AARCH64_ADR_PREL_PG_HI21	.rodata.str1.1	+725
.rela.text	0x0000000000002758	R_AARCH64_ADD_ABS_LO12_NC	.rodata.str1.1	+725
.rela.text	0x000000000000275c	R_AARCH64_CALL26	_printk	+0
.rela.text	0x0000000000002760	R_AARCH64_ADR_PREL_PG_HI21	.rodata.str1.1	+b49
.rela.text	0x0000000000002764	R_AARCH64_ADD_ABS_LO12_NC	.rodata.str1.1	+b49
.rela.text	0x0000000000002768	R_AARCH64_ADR_PREL_PG_HI21	.rodata.str1.1	+1ca4
.rela.text	0x000000000000276c	R_AARCH64_ADD_ABS_LO12_NC	.rodata.str1.1	+1ca4
.rela.text	0x0000000000002770	R_AARCH64_CALL26	_printk	+0
.rela.text	0x0000000000002778	R_AARCH64_ADR_PREL_PG_HI21	.rodata.str1.1	+20e3
.rela.text	0x000000000000277c	R_AARCH64_ADD_ABS_LO12_NC	.rodata.str1.1	+20e3
.rela.text	0x0000000000002780	R_AARCH64_CALL26	fortify_panic	+0
.rela.text	0x0000000000002784	R_AARCH64_CALL26	__stack_chk_fail	+0
.rela.text	0x00000000000027d0	R_AARCH64_ADR_PREL_PG_HI21	hyn_ts_data	+0
.rela.text	0x00000000000027d8	R_AARCH64_LDST64_ABS_LO12_NC	hyn_ts_data	+0
.rela.text	0x00000000000027f8	R_AARCH64_CALL26	i2c_transfer_buffer_flags	+0
.rela.text	0x0000000000002810	R_AARCH64_CALL26	i2c_transfer_buffer_flags	+0
.rela.text	0x000000000000284c	R_AARCH64_ADR_PREL_PG_HI21	.rodata.str1.1	+42
.rela.text	0x0000000000002850	R_AARCH64_ADD_ABS_LO12_NC	.rodata.str1.1	+42
.rela.text	0x0000000000002854	R_AARCH64_ADR_PREL_PG_HI21	.rodata.str1.1	+a5d
.rela.text	0x0000000000002858	R_AARCH64_ADD_ABS_LO12_NC	.rodata.str1.1	+a5d
.rela.text	0x000000000000285c	R_AARCH64_CALL26	_printk	+0
.rela.text	0x0000000000002868	R_AARCH64_ADR_PREL_PG_HI21	.rodata.str1.1	+725
.rela.text	0x000000000000286c	R_AARCH64_ADD_ABS_LO12_NC	.rodata.str1.1	+725
.rela.text	0x0000000000002870	R_AARCH64_CALL26	_printk	+0
.rela.text	0x0000000000002878	R_AARCH64_ADR_PREL_PG_HI21	.rodata.str1.1	+1aab
.rela.text	0x000000000000287c	R_AARCH64_ADD_ABS_LO12_NC	.rodata.str1.1	+1aab
.rela.text	0x0000000000002880	R_AARCH64_CALL26	_printk	+0
.rela.text	0x0000000000002884	R_AARCH64_ADR_PREL_PG_HI21	.rodata.str1.1	+e41
.rela.text	0x0000000000002888	R_AARCH64_ADD_ABS_LO12_NC	.rodata.str1.1	+e41
.rela.text	0x000000000000288c	R_AARCH64_ADR_PREL_PG_HI21	.rodata.str1.1	+113c
.rela.text	0x0000000000002890	R_AARCH64_ADD_ABS_LO12_NC	.rodata.str1.1	+113c
.rela.text	0x0000000000002894	R_AARCH64_CALL26	_printk	+0
.rela.text	0x000000000000289c	R_AARCH64_CALL26	__stack_chk_fail	+0
.rela.text	0x00000000000028c8	R_AARCH64_CALL26	i2c_transfer_buffer_flags	+0
.rela.text	0x00000000000028e4	R_AARCH64_CALL26	i2c_transfer_buffer_flags	+0
.rela.text	0x0000000000002924	R_AARCH64_CALL26	i2c_transfer_buffer_flags	+0
.rela.text	0x0000000000002940	R_AARCH64_CALL26	i2c_transfer_buffer_flags	+0
.rela.text	0x0000000000002984	R_AARCH64_CALL26	i2c_transfer_buffer_flags	+0
.rela.text	0x00000000000029a0	R_AARCH64_CALL26	i2c_transfer_buffer_flags	+0
.rela.text	0x00000000000029b4	R_AARCH64_CALL26	i2c_transfer_buffer_flags	+0
.rela.text	0x00000000000029d0	R_AARCH64_CALL26	i2c_transfer_buffer_flags	+0
.rela.text	0x0000000000002a00	R_AARCH64_ADR_PREL_PG_HI21	.rodata.str1.1	+aa3
.rela.text	0x0000000000002a04	R_AARCH64_ADD_ABS_LO12_NC	.rodata.str1.1	+aa3
.rela.text	0x0000000000002a08	R_AARCH64_ADR_PREL_PG_HI21	.rodata.str1.1	+185c
.rela.text	0x0000000000002a0c	R_AARCH64_ADD_ABS_LO12_NC	.rodata.str1.1	+185c
.rela.text	0x0000000000002a10	R_AARCH64_CALL26	_printk	+0
.rela.text	0x0000000000002a14	R_AARCH64_ADR_PREL_PG_HI21	hyn_ts_data	+0
.rela.text	0x0000000000002a18	R_AARCH64_ADR_PREL_PG_HI21	.rodata.str1.1	+1cb8
.rela.text	0x0000000000002a1c	R_AARCH64_ADD_ABS_LO12_NC	.rodata.str1.1	+1cb8
.rela.text	0x0000000000002a24	R_AARCH64_LDST64_ABS_LO12_NC	hyn_ts_data	+0
.rela.text	0x0000000000002a2c	R_AARCH64_CALL26	kobject_create_and_add	+0
.rela.text	0x0000000000002a30	R_AARCH64_LDST64_ABS_LO12_NC	hyn_ts_data	+0
.rela.text	0x0000000000002a3c	R_AARCH64_ADR_PREL_PG_HI21	.rodata.str1.1	+114f
.rela.text	0x0000000000002a40	R_AARCH64_ADD_ABS_LO12_NC	.rodata.str1.1	+114f
.rela.text	0x0000000000002a44	R_AARCH64_CALL26	_printk	+0
.rela.text	0x0000000000002a4c	R_AARCH64_ADR_PREL_PG_HI21	.data	+118
.rela.text	0x0000000000002a50	R_AARCH64_ADD_ABS_LO12_NC	.data	+118
.rela.text	0x0000000000002a54	R_AARCH64_CALL26	sysfs_create_group	+0
.rela.text	0x0000000000002a5c	R_AARCH64_ADR_PREL_PG_HI21	.data	+140
.rela.text	0x0000000000002a60	R_AARCH64_ADD_ABS_LO12_NC	.data	+140
.rela.text	0x0000000000002a64	R_AARCH64_ADR_PREL_PG_HI21	.rodata.str1.1	+20ea
.rela.text	0x0000000000002a68	R_AARCH64_ADD_ABS_LO12_NC	.rodata.str1.1	+20ea
.rela.text	0x0000000000002a6c	R_AARCH64_ADR_PREL_PG_HI21	.bss	+c
.rela.text	0x0000000000002a70	R_AARCH64_ADD_ABS_LO12_NC	.bss	+c
.rela.text	0x0000000000002a74	R_AARCH64_CALL26	__mutex_init	+0
.rela.text	0x0000000000002a78	R_AARCH64_ADR_PREL_PG_HI21	.rodata.str1.1	+185c
.rela.text	0x0000000000002a7c	R_AARCH64_ADD_ABS_LO12_NC	.rodata.str1.1	+185c
.rela.text	0x0000000000002a80	R_AARCH64_ADR_PREL_PG_HI21	.rodata.str1.1	+2e6
.rela.text	0x0000000000002a84	R_AARCH64_ADD_ABS_LO12_NC	.rodata.str1.1	+2e6
.rela.text	0x0000000000002a8c	R_AARCH64_CALL26	_printk	+0
.rela.text	0x0000000000002a90	R_AARCH64_ADR_PREL_PG_HI21	.rodata.str1.1	+1184
.rela.text	0x0000000000002a94	R_AARCH64_ADD_ABS_LO12_NC	.rodata.str1.1	+1184
.rela.text	0x0000000000002aa0	R_AARCH64_CALL26	_printk	+0
.rela.text	0x0000000000002aac	R_AARCH64_ADR_PREL_PG_HI21	.rodata.str1.1	+4c8
.rela.text	0x0000000000002ab0	R_AARCH64_ADD_ABS_LO12_NC	.rodata.str1.1	+4c8
.rela.text	0x0000000000002ab4	R_AARCH64_ADR_PREL_PG_HI21	.rodata.str1.1	+185c
.rela.text	0x0000000000002ab8	R_AARCH64_ADD_ABS_LO12_NC	.rodata.str1.1	+185c
.rela.text	0x0000000000002abc	R_AARCH64_CALL26	_printk	+0
.rela.text	0x0000000000002ac0	R_AARCH64_LDST64_ABS_LO12_NC	hyn_ts_data	+0
.rela.text	0x0000000000002ac4	R_AARCH64_ADR_PREL_PG_HI21	.data	+118
.rela.text	0x0000000000002ac8	R_AARCH64_ADD_ABS_LO12_NC	.data	+118
.rela.text	0x0000000000002ad0	R_AARCH64_CALL26	sysfs_remove_group	+0
.rela.text	0x0000000000002af8	R_AARCH64_ADR_PREL_PG_HI21	hyn_ts_data	+0
.rela.text	0x0000000000002afc	R_AARCH64_LDST64_ABS_LO12_NC	hyn_ts_data	+0
.rela.text	0x0000000000002b08	R_AARCH64_ADR_PREL_PG_HI21	.data	+118
.rela.text	0x0000000000002b0c	R_AARCH64_ADD_ABS_LO12_NC	.data	+118
.rela.text	0x0000000000002b10	R_AARCH64_CALL26	sysfs_remove_group	+0
.rela.text	0x0000000000002b48	R_AARCH64_ADR_PREL_PG_HI21	.data	+140
.rela.text	0x0000000000002b4c	R_AARCH64_ADD_ABS_LO12_NC	.data	+140
.rela.text	0x0000000000002b64	R_AARCH64_CALL26	mutex_lock	+0
.rela.text	0x0000000000002b68	R_AARCH64_ADR_PREL_PG_HI21	hyn_ts_data	+0
.rela.text	0x0000000000002b6c	R_AARCH64_LDST64_ABS_LO12_NC	hyn_ts_data	+0
.rela.text	0x0000000000002b9c	R_AARCH64_CALL26	cst3xx_i2c_write	+0
.rela.text	0x0000000000002bac	R_AARCH64_CALL26	__const_udelay	+0
.rela.text	0x0000000000002bb8	R_AARCH64_CALL26	__const_udelay	+0
.rela.text	0x0000000000002bc4	R_AARCH64_CALL26	__const_udelay	+0
.rela.text	0x0000000000002bd0	R_AARCH64_CALL26	__const_udelay	+0
.rela.text	0x0000000000002bdc	R_AARCH64_CALL26	__const_udelay	+0
.rela.text	0x0000000000002be8	R_AARCH64_CALL26	__const_udelay	+0
.rela.text	0x0000000000002bf4	R_AARCH64_CALL26	__const_udelay	+0
.rela.text	0x0000000000002c00	R_AARCH64_CALL26	__const_udelay	+0
.rela.text	0x0000000000002c0c	R_AARCH64_CALL26	__const_udelay	+0
.rela.text	0x0000000000002c18	R_AARCH64_CALL26	__const_udelay	+0
.rela.text	0x0000000000002c1c	R_AARCH64_LDST64_ABS_LO12_NC	hyn_ts_data	+0
.rela.text	0x0000000000002c34	R_AARCH64_CALL26	cst3xx_i2c_read_register	+0
.rela.text	0x0000000000002c3c	R_AARCH64_LDST64_ABS_LO12_NC	hyn_ts_data	+0
.rela.text	0x0000000000002c5c	R_AARCH64_CALL26	cst3xx_i2c_read_register	+0
.rela.text	0x0000000000002c64	R_AARCH64_LDST64_ABS_LO12_NC	hyn_ts_data	+0
.rela.text	0x0000000000002c8c	R_AARCH64_CALL26	cst3xx_i2c_read_register	+0
.rela.text	0x0000000000002c94	R_AARCH64_LDST64_ABS_LO12_NC	hyn_ts_data	+0
.rela.text	0x0000000000002cc0	R_AARCH64_CALL26	cst3xx_i2c_write	+0
.rela.text	0x0000000000002cc4	R_AARCH64_ADR_PREL_PG_HI21	.rodata.str1.1	+502
.rela.text	0x0000000000002cc8	R_AARCH64_ADD_ABS_LO12_NC	.rodata.str1.1	+502
.rela.text	0x0000000000002d08	R_AARCH64_CALL26	hyn_i2c_read	+0
.rela.text	0x0000000000002d14	R_AARCH64_ADR_PREL_PG_HI21	.rodata.str1.1	+502
.rela.text	0x0000000000002d18	R_AARCH64_ADD_ABS_LO12_NC	.rodata.str1.1	+502
.rela.text	0x0000000000002d34	R_AARCH64_CALL26	snprintf	+0
.rela.text	0x0000000000002d48	R_AARCH64_ADR_PREL_PG_HI21	.rodata.str1.1	+1adb
.rela.text	0x0000000000002d4c	R_AARCH64_ADD_ABS_LO12_NC	.rodata.str1.1	+1adb
.rela.text	0x0000000000002d68	R_AARCH64_ADR_PREL_PG_HI21	.data	+140
.rela.text	0x0000000000002d6c	R_AARCH64_ADD_ABS_LO12_NC	.data	+140
.rela.text	0x0000000000002d70	R_AARCH64_CALL26	mutex_unlock	+0
.rela.text	0x0000000000002dac	R_AARCH64_CALL26	__stack_chk_fail	+0
.rela.text	0x0000000000002ddc	R_AARCH64_ADR_PREL_PG_HI21	.rodata.str1.1	+a6a
.rela.text	0x0000000000002de0	R_AARCH64_ADD_ABS_LO12_NC	.rodata.str1.1	+a6a
.rela.text	0x0000000000002de8	R_AARCH64_CALL26	_printk	+0
.rela.text	0x0000000000002dec	R_AARCH64_ADR_PREL_PG_HI21	.data	+140
.rela.text	0x0000000000002df0	R_AARCH64_ADD_ABS_LO12_NC	.data	+140
.rela.text	0x0000000000002df8	R_AARCH64_CALL26	mutex_lock	+0
.rela.text	0x0000000000002dfc	R_AARCH64_ADR_PREL_PG_HI21	hyn_ts_data	+0
.rela.text	0x0000000000002e00	R_AARCH64_LDST64_ABS_LO12_NC	hyn_ts_data	+0
.rela.text	0x0000000000002e0c	R_AARCH64_CALL26	hyn_boot_update_fw	+0
.rela.text	0x0000000000002e14	R_AARCH64_CALL26	mutex_unlock	+0
.rela.text	0x0000000000002e48	R_AARCH64_ADR_PREL_PG_HI21	hyn_ts_data	+0
.rela.text	0x0000000000002e60	R_AARCH64_LDST64_ABS_LO12_NC	hyn_ts_data	+0
.rela.text	0x0000000000002e78	R_AARCH64_CALL26	cst3xx_i2c_read_register	+0
.rela.text	0x0000000000002e84	R_AARCH64_ADR_PREL_PG_HI21	.rodata.str1.1	+186d
.rela.text	0x0000000000002e88	R_AARCH64_ADD_ABS_LO12_NC	.rodata.str1.1	+186d
.rela.text	0x0000000000002eac	R_AARCH64_CALL26	snprintf	+0
.rela.text	0x0000000000002ee4	R_AARCH64_CALL26	__stack_chk_fail	+0
.rela.text	0x0000000000002f08	R_AARCH64_ADR_PREL_PG_HI21	.data	+140
.rela.text	0x0000000000002f0c	R_AARCH64_ADD_ABS_LO12_NC	.data	+140
.rela.text	0x0000000000002f24	R_AARCH64_CALL26	mutex_lock	+0
.rela.text	0x0000000000002f34	R_AARCH64_ADR_PREL_PG_HI21	.rodata.str1.1	+24e6
.rela.text	0x0000000000002f38	R_AARCH64_ADD_ABS_LO12_NC	.rodata.str1.1	+24e6
.rela.text	0x0000000000002f44	R_AARCH64_CALL26	_printk	+0
.rela.text	0x0000000000002f54	R_AARCH64_CALL26	memcpy	+0
.rela.text	0x0000000000002f70	R_AARCH64_ADR_PREL_PG_HI21	.data	+140
.rela.text	0x0000000000002f74	R_AARCH64_ADD_ABS_LO12_NC	.data	+140
.rela.text	0x0000000000002f78	R_AARCH64_CALL26	mutex_unlock	+0
.rela.text	0x0000000000002fb0	R_AARCH64_ADR_PREL_PG_HI21	.rodata.str1.1	+f4c
.rela.text	0x0000000000002fb4	R_AARCH64_ADD_ABS_LO12_NC	.rodata.str1.1	+f4c
.rela.text	0x0000000000002fc0	R_AARCH64_CALL26	_printk	+0
.rela.text	0x0000000000002fcc	R_AARCH64_ADR_PREL_PG_HI21	hyn_ts_data	+0
.rela.text	0x0000000000002fe0	R_AARCH64_ADR_PREL_PG_HI21	.rodata.str1.1	+16d4
.rela.text	0x0000000000002fe4	R_AARCH64_ADD_ABS_LO12_NC	.rodata.str1.1	+16d4
.rela.text	0x0000000000002fec	R_AARCH64_LDST64_ABS_LO12_NC	hyn_ts_data	+0
.rela.text	0x0000000000002ff8	R_AARCH64_CALL26	_printk	+0
.rela.text	0x0000000000003004	R_AARCH64_ADR_PREL_PG_HI21	.rodata.str1.1	+15fd
.rela.text	0x0000000000003008	R_AARCH64_ADD_ABS_LO12_NC	.rodata.str1.1	+15fd
.rela.text	0x0000000000003010	R_AARCH64_CALL26	_printk	+0
.rela.text	0x0000000000003020	R_AARCH64_ADR_PREL_PG_HI21	.rodata	+1d0
.rela.text	0x0000000000003024	R_AARCH64_ADD_ABS_LO12_NC	.rodata	+1d0
.rela.text	0x0000000000003038	R_AARCH64_ADR_PREL_PG_HI21	hyn_ts_data	+0
.rela.text	0x000000000000303c	R_AARCH64_LDST64_ABS_LO12_NC	hyn_ts_data	+0
.rela.text	0x0000000000003044	R_AARCH64_CALL26	cst3xx_firmware_info	+0
.rela.text	0x0000000000003050	R_AARCH64_ADR_PREL_PG_HI21	.rodata.str1.1	+f4c
.rela.text	0x0000000000003054	R_AARCH64_ADD_ABS_LO12_NC	.rodata.str1.1	+f4c
.rela.text	0x000000000000305c	R_AARCH64_CALL26	_printk	+0
.rela.text	0x0000000000003060	R_AARCH64_ADR_PREL_PG_HI21	hyn_ts_data	+0
.rela.text	0x000000000000306c	R_AARCH64_LDST64_ABS_LO12_NC	hyn_ts_data	+0
.rela.text	0x0000000000003074	R_AARCH64_CALL26	cst3xx_i2c_write	+0
.rela.text	0x0000000000003084	R_AARCH64_ADR_PREL_PG_HI21	.rodata.str1.1	+1cc7
.rela.text	0x0000000000003088	R_AARCH64_ADD_ABS_LO12_NC	.rodata.str1.1	+1cc7
.rela.text	0x000000000000308c	R_AARCH64_CALL26	_printk	+0
.rela.text	0x0000000000003090	R_AARCH64_CALL26	hyn_irq_disable	+0
.rela.text	0x0000000000003098	R_AARCH64_ADR_PREL_PG_HI21	.rodata.str1.1	+153e
.rela.text	0x000000000000309c	R_AARCH64_ADD_ABS_LO12_NC	.rodata.str1.1	+153e
.rela.text	0x00000000000030a0	R_AARCH64_CALL26	_printk	+0
.rela.text	0x00000000000030a4	R_AARCH64_CALL26	hyn_irq_enable	+0
.rela.text	0x00000000000030ac	R_AARCH64_ADR_PREL_PG_HI21	.rodata.str1.1	+74b
.rela.text	0x00000000000030b0	R_AARCH64_ADD_ABS_LO12_NC	.rodata.str1.1	+74b
.rela.text	0x00000000000030b4	R_AARCH64_CALL26	_printk	+0
.rela.text	0x00000000000030bc	R_AARCH64_CALL26	hyn_reset_proc	+0
.rela.text	0x00000000000030c4	R_AARCH64_ADR_PREL_PG_HI21	.rodata.str1.1	+22f1
.rela.text	0x00000000000030c8	R_AARCH64_ADD_ABS_LO12_NC	.rodata.str1.1	+22f1
.rela.text	0x00000000000030cc	R_AARCH64_CALL26	_printk	+0
.rela.text	0x00000000000030d0	R_AARCH64_ADR_PREL_PG_HI21	hyn_ts_data	+0
.rela.text	0x00000000000030d4	R_AARCH64_LDST64_ABS_LO12_NC	hyn_ts_data	+0
.rela.text	0x00000000000030e0	R_AARCH64_CALL26	hyn_boot_update_fw	+0
.rela.text	0x00000000000030e8	R_AARCH64_CALL26	__stack_chk_fail	+0
.rela.text	0x0000000000003118	R_AARCH64_ADR_PREL_PG_HI21	.rodata.str1.1	+1ced
.rela.text	0x000000000000311c	R_AARCH64_ADD_ABS_LO12_NC	.rodata.str1.1	+1ced
.rela.text	0x0000000000003130	R_AARCH64_CALL26	_printk	+0
.rela.text	0x0000000000003134	R_AARCH64_ADR_PREL_PG_HI21	.rodata.str1.1	+1dda
.rela.text	0x0000000000003138	R_AARCH64_ADD_ABS_LO12_NC	.rodata.str1.1	+1dda
.rela.text	0x0000000000003184	R_AARCH64_CALL26	sprintf	+0
.rela.text	0x000000000000319c	R_AARCH64_ADR_PREL_PG_HI21	hyn_ts_data	+0
.rela.text	0x00000000000031a8	R_AARCH64_LDST64_ABS_LO12_NC	hyn_ts_data	+0
.rela.text	0x00000000000031b4	R_AARCH64_ADR_PREL_PG_HI21	.rodata.str1.1	+231a
.rela.text	0x00000000000031b8	R_AARCH64_ADD_ABS_LO12_NC	.rodata.str1.1	+231a
.rela.text	0x00000000000031c0	R_AARCH64_CALL26	_printk	+0
.rela.text	0x00000000000031cc	R_AARCH64_ADR_PREL_PG_HI21	.rodata.str1.1	+16fa
.rela.text	0x00000000000031d0	R_AARCH64_ADD_ABS_LO12_NC	.rodata.str1.1	+16fa
.rela.text	0x00000000000031dc	R_AARCH64_CALL26	_printk	+0
.rela.text	0x00000000000031e8	R_AARCH64_CALL26	__kmalloc	+0
.rela.text	0x00000000000031f0	R_AARCH64_ADR_PREL_PG_HI21	.rodata.str1.1	+1d1a
.rela.text	0x00000000000031f4	R_AARCH64_ADD_ABS_LO12_NC	.rodata.str1.1	+1d1a
.rela.text	0x00000000000031f8	R_AARCH64_CALL26	_printk	+0
.rela.text	0x0000000000003204	R_AARCH64_ADR_PREL_PG_HI21	.data	+140
.rela.text	0x0000000000003208	R_AARCH64_ADD_ABS_LO12_NC	.data	+140
.rela.text	0x0000000000003210	R_AARCH64_CALL26	mutex_lock	+0
.rela.text	0x0000000000003218	R_AARCH64_CALL26	mutex_unlock	+0
.rela.text	0x000000000000321c	R_AARCH64_ADR_PREL_PG_HI21	.rodata.str1.1	+13fe
.rela.text	0x0000000000003220	R_AARCH64_ADD_ABS_LO12_NC	.rodata.str1.1	+13fe
.rela.text	0x0000000000003224	R_AARCH64_CALL26	_printk	+0
.rela.text	0x0000000000003260	R_AARCH64_CALL26	__stack_chk_fail	+0
.rela.text	0x0000000000003274	R_AARCH64_ADR_PREL_PG_HI21	.rodata.str1.1	+171e
.rela.text	0x0000000000003278	R_AARCH64_ADD_ABS_LO12_NC	.rodata.str1.1	+171e
.rela.text	0x000000000000327c	R_AARCH64_CALL26	_printk	+0
.rela.text	0x00000000000032a4	R_AARCH64_ADR_PREL_PG_HI21	.rodata.str1.1	+1746
.rela.text	0x00000000000032a8	R_AARCH64_ADD_ABS_LO12_NC	.rodata.str1.1	+1746
.rela.text	0x00000000000032b0	R_AARCH64_CALL26	_printk	+0
.rela.text	0x00000000000032ec	R_AARCH64_ADR_PREL_PG_HI21	.rodata.str1.1	+aa3
.rela.text	0x00000000000032f0	R_AARCH64_ADD_ABS_LO12_NC	.rodata.str1.1	+aa3
.rela.text	0x00000000000032f4	R_AARCH64_ADR_PREL_PG_HI21	.rodata.str1.1	+568
.rela.text	0x00000000000032f8	R_AARCH64_ADD_ABS_LO12_NC	.rodata.str1.1	+568
.rela.text	0x000000000000330c	R_AARCH64_CALL26	_printk	+0
.rela.text	0x0000000000003324	R_AARCH64_CALL26	cst3xx_i2c_write	+0
.rela.text	0x0000000000003334	R_AARCH64_CALL26	__const_udelay	+0
.rela.text	0x0000000000003340	R_AARCH64_CALL26	__const_udelay	+0
.rela.text	0x000000000000334c	R_AARCH64_CALL26	__const_udelay	+0
.rela.text	0x0000000000003358	R_AARCH64_CALL26	__const_udelay	+0
.rela.text	0x0000000000003364	R_AARCH64_CALL26	__const_udelay	+0
.rela.text	0x0000000000003370	R_AARCH64_CALL26	__const_udelay	+0
.rela.text	0x000000000000337c	R_AARCH64_CALL26	__const_udelay	+0
.rela.text	0x0000000000003388	R_AARCH64_CALL26	__const_udelay	+0
.rela.text	0x0000000000003394	R_AARCH64_CALL26	__const_udelay	+0
.rela.text	0x00000000000033a0	R_AARCH64_CALL26	__const_udelay	+0
.rela.text	0x00000000000033b8	R_AARCH64_CALL26	cst3xx_i2c_read_register	+0
.rela.text	0x00000000000033ec	R_AARCH64_ADR_PREL_PG_HI21	hyn_ts_data	+0
.rela.text	0x00000000000033f4	R_AARCH64_ADR_PREL_PG_HI21	.rodata.str1.1	+250b
.rela.text	0x00000000000033f8	R_AARCH64_ADD_ABS_LO12_NC	.rodata.str1.1	+250b
.rela.text	0x00000000000033fc	R_AARCH64_LDST64_ABS_LO12_NC	hyn_ts_data	+0
.rela.text	0x0000000000003404	R_AARCH64_CALL26	_printk	+0
.rela.text	0x0000000000003408	R_AARCH64_LDST64_ABS_LO12_NC	hyn_ts_data	+0
.rela.text	0x0000000000003424	R_AARCH64_CALL26	__const_udelay	+0
.rela.text	0x0000000000003430	R_AARCH64_CALL26	__const_udelay	+0
.rela.text	0x000000000000343c	R_AARCH64_CALL26	__const_udelay	+0
.rela.text	0x0000000000003448	R_AARCH64_CALL26	__const_udelay	+0
.rela.text	0x0000000000003454	R_AARCH64_CALL26	__const_udelay	+0
.rela.text	0x0000000000003460	R_AARCH64_CALL26	__const_udelay	+0
.rela.text	0x000000000000346c	R_AARCH64_CALL26	__const_udelay	+0
.rela.text	0x0000000000003478	R_AARCH64_CALL26	__const_udelay	+0
.rela.text	0x0000000000003484	R_AARCH64_CALL26	__const_udelay	+0
.rela.text	0x0000000000003490	R_AARCH64_CALL26	__const_udelay	+0
.rela.text	0x00000000000034a8	R_AARCH64_CALL26	cst3xx_i2c_read_register	+0
.rela.text	0x00000000000034b0	R_AARCH64_LDST64_ABS_LO12_NC	hyn_ts_data	+0
.rela.text	0x00000000000034b4	R_AARCH64_ADR_PREL_PG_HI21	.rodata.str1.1	+18a0
.rela.text	0x00000000000034b8	R_AARCH64_ADD_ABS_LO12_NC	.rodata.str1.1	+18a0
.rela.text	0x00000000000034d0	R_AARCH64_CALL26	_printk	+0
.rela.text	0x00000000000034dc	R_AARCH64_CALL26	__const_udelay	+0
.rela.text	0x00000000000034f4	R_AARCH64_CALL26	cst3xx_i2c_read_register	+0
.rela.text	0x0000000000003500	R_AARCH64_LDST64_ABS_LO12_NC	hyn_ts_data	+0
.rela.text	0x0000000000003504	R_AARCH64_ADR_PREL_PG_HI21	.rodata.str1.1	+1af4
.rela.text	0x0000000000003508	R_AARCH64_ADD_ABS_LO12_NC	.rodata.str1.1	+1af4
.rela.text	0x0000000000003514	R_AARCH64_CALL26	_printk	+0
.rela.text	0x0000000000003518	R_AARCH64_LDST64_ABS_LO12_NC	hyn_ts_data	+0
.rela.text	0x0000000000003544	R_AARCH64_CALL26	cst3xx_i2c_read_register	+0
.rela.text	0x0000000000003550	R_AARCH64_ADR_PREL_PG_HI21	.rodata.str1.1	+1b33
.rela.text	0x0000000000003554	R_AARCH64_ADD_ABS_LO12_NC	.rodata.str1.1	+1b33
.rela.text	0x0000000000003558	R_AARCH64_LDST64_ABS_LO12_NC	hyn_ts_data	+0
.rela.text	0x0000000000003560	R_AARCH64_CALL26	_printk	+0
.rela.text	0x0000000000003578	R_AARCH64_CALL26	cst3xx_i2c_write	+0
.rela.text	0x0000000000003588	R_AARCH64_CALL26	__const_udelay	+0
.rela.text	0x000000000000358c	R_AARCH64_ADR_PREL_PG_HI21	.rodata.str1.1	+1184
.rela.text	0x0000000000003590	R_AARCH64_ADD_ABS_LO12_NC	.rodata.str1.1	+1184
.rela.text	0x0000000000003594	R_AARCH64_ADR_PREL_PG_HI21	.rodata.str1.1	+568
.rela.text	0x0000000000003598	R_AARCH64_ADD_ABS_LO12_NC	.rodata.str1.1	+568
.rela.text	0x00000000000035a0	R_AARCH64_CALL26	_printk	+0
.rela.text	0x00000000000035ac	R_AARCH64_ADR_PREL_PG_HI21	.rodata.str1.1	+253c
.rela.text	0x00000000000035b0	R_AARCH64_ADD_ABS_LO12_NC	.rodata.str1.1	+253c
.rela.text	0x00000000000035b4	R_AARCH64_CALL26	_printk	+0
.rela.text	0x00000000000035b8	R_AARCH64_LDST64_ABS_LO12_NC	hyn_ts_data	+0
.rela.text	0x00000000000035c8	R_AARCH64_ADR_PREL_PG_HI21	.rodata.str1.1	+256f
.rela.text	0x00000000000035cc	R_AARCH64_ADD_ABS_LO12_NC	.rodata.str1.1	+256f
.rela.text	0x00000000000035d0	R_AARCH64_CALL26	_printk	+0
.rela.text	0x00000000000035d8	R_AARCH64_CALL26	__stack_chk_fail	+0
.rela.text	0x000000000000360c	R_AARCH64_ADR_PREL_PG_HI21	.rodata.str1.1	+aa3
.rela.text	0x0000000000003610	R_AARCH64_ADD_ABS_LO12_NC	.rodata.str1.1	+aa3
.rela.text	0x0000000000003614	R_AARCH64_ADR_PREL_PG_HI21	.rodata.str1.1	+19b8
.rela.text	0x0000000000003618	R_AARCH64_ADD_ABS_LO12_NC	.rodata.str1.1	+19b8
.rela.text	0x000000000000362c	R_AARCH64_CALL26	_printk	+0
.rela.text	0x0000000000003634	R_AARCH64_CALL26	msleep	+0
.rela.text	0x0000000000003638	R_AARCH64_ADR_PREL_PG_HI21	hyn_ts_data	+0
.rela.text	0x0000000000003650	R_AARCH64_LDST64_ABS_LO12_NC	hyn_ts_data	+0
.rela.text	0x0000000000003658	R_AARCH64_CALL26	hyn_i2c_read	+0
.rela.text	0x0000000000003660	R_AARCH64_LDST64_ABS_LO12_NC	hyn_ts_data	+0
.rela.text	0x0000000000003664	R_AARCH64_ADR_PREL_PG_HI21	.rodata.str1.1	+649
.rela.text	0x0000000000003668	R_AARCH64_ADD_ABS_LO12_NC	.rodata.str1.1	+649
.rela.text	0x000000000000366c	R_AARCH64_ADR_PREL_PG_HI21	.rodata.str1.1	+19b8
.rela.text	0x0000000000003670	R_AARCH64_ADD_ABS_LO12_NC	.rodata.str1.1	+19b8
.rela.text	0x000000000000367c	R_AARCH64_CALL26	_dev_err	+0
.rela.text	0x0000000000003690	R_AARCH64_LDST64_ABS_LO12_NC	hyn_ts_data	+0
.rela.text	0x0000000000003694	R_AARCH64_ADR_PREL_PG_HI21	.rodata.str1.1	+770
.rela.text	0x0000000000003698	R_AARCH64_ADD_ABS_LO12_NC	.rodata.str1.1	+770
.rela.text	0x00000000000036c8	R_AARCH64_CALL26	_printk	+0
.rela.text	0x00000000000036cc	R_AARCH64_ADR_PREL_PG_HI21	second_touch_fw_version	+0
.rela.text	0x00000000000036d0	R_AARCH64_ADD_ABS_LO12_NC	second_touch_fw_version	+0
.rela.text	0x00000000000036d4	R_AARCH64_ADR_PREL_PG_HI21	.rodata.str1.1	+1edf
.rela.text	0x00000000000036d8	R_AARCH64_ADD_ABS_LO12_NC	.rodata.str1.1	+1edf
.rela.text	0x00000000000036ec	R_AARCH64_CALL26	sprintf	+0
.rela.text	0x00000000000036f0	R_AARCH64_ADR_PREL_PG_HI21	.rodata.str1.1	+1184
.rela.text	0x00000000000036f4	R_AARCH64_ADD_ABS_LO12_NC	.rodata.str1.1	+1184
.rela.text	0x00000000000036f8	R_AARCH64_ADR_PREL_PG_HI21	.rodata.str1.1	+19b8
.rela.text	0x00000000000036fc	R_AARCH64_ADD_ABS_LO12_NC	.rodata.str1.1	+19b8
.rela.text	0x0000000000003704	R_AARCH64_CALL26	_printk	+0
.rela.text	0x000000000000373c	R_AARCH64_CALL26	__stack_chk_fail	+0
.rela.text	0x0000000000003758	R_AARCH64_ADR_PREL_PG_HI21	.rodata.str1.1	+aa3
.rela.text	0x000000000000375c	R_AARCH64_ADD_ABS_LO12_NC	.rodata.str1.1	+aa3
.rela.text	0x0000000000003760	R_AARCH64_ADR_PREL_PG_HI21	.rodata.str1.1	+b6d
.rela.text	0x0000000000003764	R_AARCH64_ADD_ABS_LO12_NC	.rodata.str1.1	+b6d
.rela.text	0x0000000000003768	R_AARCH64_CALL26	_printk	+0
.rela.text	0x000000000000376c	R_AARCH64_ADR_PREL_PG_HI21	hyn_ts_data	+0
.rela.text	0x0000000000003770	R_AARCH64_LDST64_ABS_LO12_NC	hyn_ts_data	+0
.rela.text	0x000000000000378c	R_AARCH64_CALL26	cst3xx_firmware_info	+0
.rela.text	0x0000000000003798	R_AARCH64_CALL26	cst8xx_firmware_info	+0
.rela.text	0x00000000000037a8	R_AARCH64_ADR_PREL_PG_HI21	.rodata.str1.1	+1184
.rela.text	0x00000000000037ac	R_AARCH64_ADD_ABS_LO12_NC	.rodata.str1.1	+1184
.rela.text	0x00000000000037b0	R_AARCH64_ADR_PREL_PG_HI21	.rodata.str1.1	+b6d
.rela.text	0x00000000000037b4	R_AARCH64_ADD_ABS_LO12_NC	.rodata.str1.1	+b6d
.rela.text	0x00000000000037bc	R_AARCH64_CALL26	_printk	+0
.rela.text	0x00000000000037f4	R_AARCH64_ADR_PREL_PG_HI21	.rodata.str1.1	+aa3
.rela.text	0x00000000000037f8	R_AARCH64_ADD_ABS_LO12_NC	.rodata.str1.1	+aa3
.rela.text	0x00000000000037fc	R_AARCH64_ADR_PREL_PG_HI21	.rodata.str1.1	+1d58
.rela.text	0x0000000000003800	R_AARCH64_ADD_ABS_LO12_NC	.rodata.str1.1	+1d58
.rela.text	0x0000000000003804	R_AARCH64_CALL26	_printk	+0
.rela.text	0x0000000000003808	R_AARCH64_ADR_PREL_PG_HI21	hyn_ts_data	+0
.rela.text	0x000000000000380c	R_AARCH64_LDST64_ABS_LO12_NC	hyn_ts_data	+0
.rela.text	0x0000000000003840	R_AARCH64_ADR_PREL_PG_HI21	.rodata.str1.1	+e66
.rela.text	0x0000000000003844	R_AARCH64_ADD_ABS_LO12_NC	.rodata.str1.1	+e66
.rela.text	0x0000000000003848	R_AARCH64_CALL26	_printk	+0
.rela.text	0x000000000000384c	R_AARCH64_ADR_PREL_PG_HI21	.rodata.str1.1	+aa3
.rela.text	0x0000000000003850	R_AARCH64_ADD_ABS_LO12_NC	.rodata.str1.1	+aa3
.rela.text	0x0000000000003854	R_AARCH64_ADR_PREL_PG_HI21	.rodata.str1.1	+221e
.rela.text	0x0000000000003858	R_AARCH64_ADD_ABS_LO12_NC	.rodata.str1.1	+221e
.rela.text	0x000000000000385c	R_AARCH64_CALL26	_printk	+0
.rela.text	0x0000000000003860	R_AARCH64_LDST64_ABS_LO12_NC	hyn_ts_data	+0
.rela.text	0x0000000000003864	R_AARCH64_ADR_PREL_PG_HI21	.rodata.str1.1	+161
.rela.text	0x0000000000003868	R_AARCH64_ADD_ABS_LO12_NC	.rodata.str1.1	+161
.rela.text	0x000000000000387c	R_AARCH64_CALL26	_printk	+0
.rela.text	0x0000000000003880	R_AARCH64_LDST64_ABS_LO12_NC	hyn_ts_data	+0
.rela.text	0x000000000000388c	R_AARCH64_ADR_PREL_PG_HI21	.rodata.str1.1	+221e
.rela.text	0x0000000000003890	R_AARCH64_ADD_ABS_LO12_NC	.rodata.str1.1	+221e
.rela.text	0x0000000000003894	R_AARCH64_ADR_PREL_PG_HI21	.rodata.str1.1	+1184
.rela.text	0x0000000000003898	R_AARCH64_ADD_ABS_LO12_NC	.rodata.str1.1	+1184
.rela.text	0x00000000000038a4	R_AARCH64_CALL26	_printk	+0
.rela.text	0x00000000000038a8	R_AARCH64_ADR_PREL_PG_HI21	.rodata.str1.1	+7c2
.rela.text	0x00000000000038ac	R_AARCH64_ADD_ABS_LO12_NC	.rodata.str1.1	+7c2
.rela.text	0x00000000000038b4	R_AARCH64_CALL26	_printk	+0
.rela.text	0x00000000000038b8	R_AARCH64_ADR_PREL_PG_HI21	.rodata.str1.1	+7ff
.rela.text	0x00000000000038bc	R_AARCH64_ADD_ABS_LO12_NC	.rodata.str1.1	+7ff
.rela.text	0x00000000000038c0	R_AARCH64_CALL26	_printk	+0
.rela.text	0x00000000000038c4	R_AARCH64_ADR_PREL_PG_HI21	.rodata.str1.1	+aa3
.rela.text	0x00000000000038c8	R_AARCH64_ADD_ABS_LO12_NC	.rodata.str1.1	+aa3
.rela.text	0x00000000000038e8	R_AARCH64_ADR_PREL_PG_HI21	.rodata.str1.1	+1ef5
.rela.text	0x00000000000038ec	R_AARCH64_ADD_ABS_LO12_NC	.rodata.str1.1	+1ef5
.rela.text	0x00000000000038f0	R_AARCH64_CALL26	_printk	+0
.rela.text	0x0000000000003908	R_AARCH64_ADR_PREL_PG_HI21	.rodata.str1.1	+235c
.rela.text	0x000000000000390c	R_AARCH64_ADD_ABS_LO12_NC	.rodata.str1.1	+235c
.rela.text	0x0000000000003914	R_AARCH64_CALL26	_printk	+0
.rela.text	0x000000000000391c	R_AARCH64_ADR_PREL_PG_HI21	.rodata.str1.1	+1563
.rela.text	0x0000000000003920	R_AARCH64_ADD_ABS_LO12_NC	.rodata.str1.1	+1563
.rela.text	0x0000000000003924	R_AARCH64_CALL26	_printk	+0
.rela.text	0x0000000000003928	R_AARCH64_ADR_PREL_PG_HI21	.rodata.str1.1	+aa3
.rela.text	0x000000000000392c	R_AARCH64_ADD_ABS_LO12_NC	.rodata.str1.1	+aa3
.rela.text	0x0000000000003930	R_AARCH64_ADR_PREL_PG_HI21	.rodata.str1.1	+221e
.rela.text	0x0000000000003934	R_AARCH64_ADD_ABS_LO12_NC	.rodata.str1.1	+221e
.rela.text	0x0000000000003938	R_AARCH64_CALL26	_printk	+0
.rela.text	0x000000000000393c	R_AARCH64_LDST64_ABS_LO12_NC	hyn_ts_data	+0
.rela.text	0x0000000000003940	R_AARCH64_ADR_PREL_PG_HI21	.rodata.str1.1	+161
.rela.text	0x0000000000003944	R_AARCH64_ADD_ABS_LO12_NC	.rodata.str1.1	+161
.rela.text	0x0000000000003958	R_AARCH64_CALL26	_printk	+0
.rela.text	0x000000000000395c	R_AARCH64_LDST64_ABS_LO12_NC	hyn_ts_data	+0
.rela.text	0x0000000000003968	R_AARCH64_ADR_PREL_PG_HI21	.rodata.str1.1	+1184
.rela.text	0x000000000000396c	R_AARCH64_ADD_ABS_LO12_NC	.rodata.str1.1	+1184
.rela.text	0x0000000000003970	R_AARCH64_ADR_PREL_PG_HI21	.rodata.str1.1	+221e
.rela.text	0x0000000000003974	R_AARCH64_ADD_ABS_LO12_NC	.rodata.str1.1	+221e
.rela.text	0x000000000000397c	R_AARCH64_CALL26	_printk	+0
.rela.text	0x000000000000398c	R_AARCH64_LDST64_ABS_LO12_NC	hyn_ts_data	+0
.rela.text	0x00000000000039ac	R_AARCH64_ADR_PREL_PG_HI21	hynitron_fw_grp	+0
.rela.text	0x00000000000039b0	R_AARCH64_ADD_ABS_LO12_NC	hynitron_fw_grp	+0
.rela.text	0x0000000000003a08	R_AARCH64_ADR_PREL_PG_HI21	.rodata.str1.1	+31c
.rela.text	0x0000000000003a0c	R_AARCH64_ADD_ABS_LO12_NC	.rodata.str1.1	+31c
.rela.text	0x0000000000003a10	R_AARCH64_CALL26	_printk	+0
.rela.text	0x0000000000003a14	R_AARCH64_LDST64_ABS_LO12_NC	hyn_ts_data	+0
.rela.text	0x0000000000003a20	R_AARCH64_ADR_PREL_PG_HI21	.rodata.str1.1	+19cd
.rela.text	0x0000000000003a24	R_AARCH64_ADD_ABS_LO12_NC	.rodata.str1.1	+19cd
.rela.text	0x0000000000003a28	R_AARCH64_CALL26	_printk	+0
.rela.text	0x0000000000003a34	R_AARCH64_CALL26	hyn_irq_disable	+0
.rela.text	0x0000000000003a38	R_AARCH64_LDST64_ABS_LO12_NC	hyn_ts_data	+0
.rela.text	0x0000000000003a5c	R_AARCH64_CALL26	cst8xx_firmware_info	+0
.rela.text	0x0000000000003a60	R_AARCH64_CALL26	hyn_irq_enable	+0
.rela.text	0x0000000000003a64	R_AARCH64_LDST64_ABS_LO12_NC	hyn_ts_data	+0
.rela.text	0x0000000000003a68	R_AARCH64_ADR_PREL_PG_HI21	.rodata.str1.1	+1184
.rela.text	0x0000000000003a6c	R_AARCH64_ADD_ABS_LO12_NC	.rodata.str1.1	+1184
.rela.text	0x0000000000003a70	R_AARCH64_ADR_PREL_PG_HI21	.rodata.str1.1	+1d58
.rela.text	0x0000000000003a74	R_AARCH64_ADD_ABS_LO12_NC	.rodata.str1.1	+1d58
.rela.text	0x0000000000003a80	R_AARCH64_CALL26	_printk	+0
.rela.text	0x0000000000003aa0	R_AARCH64_ADR_PREL_PG_HI21	hynitron_fw_grp	+14
.rela.text	0x0000000000003aa4	R_AARCH64_LDST16_ABS_LO12_NC	hynitron_fw_grp	+14
.rela.text	0x0000000000003ab0	R_AARCH64_ADR_PREL_PG_HI21	.rodata.str1.1	+360
.rela.text	0x0000000000003ab4	R_AARCH64_ADD_ABS_LO12_NC	.rodata.str1.1	+360
.rela.text	0x0000000000003ab8	R_AARCH64_CALL26	_printk	+0
.rela.text	0x0000000000003abc	R_AARCH64_ADR_PREL_PG_HI21	.rodata.str1.1	+1d6b
.rela.text	0x0000000000003ac0	R_AARCH64_ADD_ABS_LO12_NC	.rodata.str1.1	+1d6b
.rela.text	0x0000000000003ac8	R_AARCH64_ADR_PREL_PG_HI21	hynitron_fw_grp	+14
.rela.text	0x0000000000003acc	R_AARCH64_LDST16_ABS_LO12_NC	hynitron_fw_grp	+14
.rela.text	0x0000000000003afc	R_AARCH64_ADR_PREL_PG_HI21	hynitron_fw_grp	+0
.rela.text	0x0000000000003b00	R_AARCH64_ADD_ABS_LO12_NC	hynitron_fw_grp	+0
.rela.text	0x0000000000003b08	R_AARCH64_ADR_PREL_PG_HI21	.rodata.str1.1	+26dd
.rela.text	0x0000000000003b0c	R_AARCH64_ADD_ABS_LO12_NC	.rodata.str1.1	+26dd
.rela.text	0x0000000000003b14	R_AARCH64_CALL26	_printk	+0
.rela.text	0x0000000000003b28	R_AARCH64_LDST64_ABS_LO12_NC	hyn_ts_data	+0
.rela.text	0x0000000000003b64	R_AARCH64_ADR_PREL_PG_HI21	hynitron_fw_grp	+2c
.rela.text	0x0000000000003b68	R_AARCH64_LDST16_ABS_LO12_NC	hynitron_fw_grp	+2c
.rela.text	0x0000000000003b7c	R_AARCH64_ADR_PREL_PG_HI21	hynitron_fw_grp	+2c
.rela.text	0x0000000000003b80	R_AARCH64_LDST16_ABS_LO12_NC	hynitron_fw_grp	+2c
.rela.text	0x0000000000003b94	R_AARCH64_ADR_PREL_PG_HI21	hynitron_fw_grp	+44
.rela.text	0x0000000000003b98	R_AARCH64_LDST16_ABS_LO12_NC	hynitron_fw_grp	+44
.rela.text	0x0000000000003bac	R_AARCH64_ADR_PREL_PG_HI21	hynitron_fw_grp	+44
.rela.text	0x0000000000003bb0	R_AARCH64_LDST16_ABS_LO12_NC	hynitron_fw_grp	+44
.rela.text	0x0000000000003bc4	R_AARCH64_ADR_PREL_PG_HI21	hynitron_fw_grp	+5c
.rela.text	0x0000000000003bc8	R_AARCH64_LDST16_ABS_LO12_NC	hynitron_fw_grp	+5c
.rela.text	0x0000000000003bdc	R_AARCH64_ADR_PREL_PG_HI21	hynitron_fw_grp	+5c
.rela.text	0x0000000000003be0	R_AARCH64_LDST16_ABS_LO12_NC	hynitron_fw_grp	+5c
.rela.text	0x0000000000003bf4	R_AARCH64_ADR_PREL_PG_HI21	hynitron_fw_grp	+74
.rela.text	0x0000000000003bf8	R_AARCH64_LDST16_ABS_LO12_NC	hynitron_fw_grp	+74
.rela.text	0x0000000000003c0c	R_AARCH64_ADR_PREL_PG_HI21	hynitron_fw_grp	+74
.rela.text	0x0000000000003c10	R_AARCH64_LDST16_ABS_LO12_NC	hynitron_fw_grp	+74
.rela.text	0x0000000000003c24	R_AARCH64_ADR_PREL_PG_HI21	hynitron_fw_grp	+8c
.rela.text	0x0000000000003c28	R_AARCH64_LDST16_ABS_LO12_NC	hynitron_fw_grp	+8c
.rela.text	0x0000000000003c3c	R_AARCH64_ADR_PREL_PG_HI21	hynitron_fw_grp	+8c
.rela.text	0x0000000000003c40	R_AARCH64_LDST16_ABS_LO12_NC	hynitron_fw_grp	+8c
.rela.text	0x0000000000003c54	R_AARCH64_ADR_PREL_PG_HI21	hynitron_fw_grp	+a4
.rela.text	0x0000000000003c58	R_AARCH64_LDST16_ABS_LO12_NC	hynitron_fw_grp	+a4
.rela.text	0x0000000000003c6c	R_AARCH64_ADR_PREL_PG_HI21	hynitron_fw_grp	+a4
.rela.text	0x0000000000003c70	R_AARCH64_LDST16_ABS_LO12_NC	hynitron_fw_grp	+a4
.rela.text	0x0000000000003c84	R_AARCH64_ADR_PREL_PG_HI21	hynitron_fw_grp	+bc
.rela.text	0x0000000000003c88	R_AARCH64_LDST16_ABS_LO12_NC	hynitron_fw_grp	+bc
.rela.text	0x0000000000003c9c	R_AARCH64_ADR_PREL_PG_HI21	hynitron_fw_grp	+bc
.rela.text	0x0000000000003ca0	R_AARCH64_LDST16_ABS_LO12_NC	hynitron_fw_grp	+bc
.rela.text	0x0000000000003cb4	R_AARCH64_ADR_PREL_PG_HI21	hynitron_fw_grp	+d4
.rela.text	0x0000000000003cb8	R_AARCH64_LDST16_ABS_LO12_NC	hynitron_fw_grp	+d4
.rela.text	0x0000000000003ccc	R_AARCH64_ADR_PREL_PG_HI21	hynitron_fw_grp	+d4
.rela.text	0x0000000000003cd0	R_AARCH64_LDST16_ABS_LO12_NC	hynitron_fw_grp	+d4
.rela.text	0x0000000000003ce4	R_AARCH64_ADR_PREL_PG_HI21	hynitron_fw_grp	+ec
.rela.text	0x0000000000003ce8	R_AARCH64_LDST16_ABS_LO12_NC	hynitron_fw_grp	+ec
.rela.text	0x0000000000003cf8	R_AARCH64_ADR_PREL_PG_HI21	.rodata.str1.1	+360
.rela.text	0x0000000000003cfc	R_AARCH64_ADD_ABS_LO12_NC	.rodata.str1.1	+360
.rela.text	0x0000000000003d00	R_AARCH64_CALL26	_printk	+0
.rela.text	0x0000000000003d08	R_AARCH64_ADR_PREL_PG_HI21	hynitron_fw_grp	+0
.rela.text	0x0000000000003d0c	R_AARCH64_ADD_ABS_LO12_NC	hynitron_fw_grp	+0
.rela.text	0x0000000000003d10	R_AARCH64_LDST64_ABS_LO12_NC	hyn_ts_data	+0
.rela.text	0x0000000000003d38	R_AARCH64_ADR_PREL_PG_HI21	hynitron_fw_grp	+ec
.rela.text	0x0000000000003d3c	R_AARCH64_LDST16_ABS_LO12_NC	hynitron_fw_grp	+ec
.rela.text	0x0000000000003d4c	R_AARCH64_ADR_PREL_PG_HI21	.rodata.str1.1	+360
.rela.text	0x0000000000003d50	R_AARCH64_ADD_ABS_LO12_NC	.rodata.str1.1	+360
.rela.text	0x0000000000003d54	R_AARCH64_CALL26	_printk	+0
.rela.text	0x0000000000003d58	R_AARCH64_ADR_PREL_PG_HI21	.rodata.str1.1	+7c2
.rela.text	0x0000000000003d5c	R_AARCH64_ADD_ABS_LO12_NC	.rodata.str1.1	+7c2
.rela.text	0x0000000000003d64	R_AARCH64_CALL26	_printk	+0
.rela.text	0x0000000000003d6c	R_AARCH64_ADR_PREL_PG_HI21	hynitron_fw_grp	+0
.rela.text	0x0000000000003d70	R_AARCH64_ADD_ABS_LO12_NC	hynitron_fw_grp	+0
.rela.text	0x0000000000003d74	R_AARCH64_LDST64_ABS_LO12_NC	hyn_ts_data	+0
.rela.text	0x0000000000003d7c	R_AARCH64_ADR_PREL_PG_HI21	.rodata.str1.1	+21f1
.rela.text	0x0000000000003d80	R_AARCH64_ADD_ABS_LO12_NC	.rodata.str1.1	+21f1
.rela.text	0x0000000000003dc8	R_AARCH64_ADR_PREL_PG_HI21	.rodata.str1.1	+aa3
.rela.text	0x0000000000003dcc	R_AARCH64_ADD_ABS_LO12_NC	.rodata.str1.1	+aa3
.rela.text	0x0000000000003dd0	R_AARCH64_ADR_PREL_PG_HI21	.rodata.str1.1	+221e
.rela.text	0x0000000000003dd4	R_AARCH64_ADD_ABS_LO12_NC	.rodata.str1.1	+221e
.rela.text	0x0000000000003dd8	R_AARCH64_CALL26	_printk	+0
.rela.text	0x0000000000003ddc	R_AARCH64_ADR_PREL_PG_HI21	hyn_ts_data	+0
.rela.text	0x0000000000003de4	R_AARCH64_ADR_PREL_PG_HI21	.rodata.str1.1	+161
.rela.text	0x0000000000003de8	R_AARCH64_ADD_ABS_LO12_NC	.rodata.str1.1	+161
.rela.text	0x0000000000003df0	R_AARCH64_LDST64_ABS_LO12_NC	hyn_ts_data	+0
.rela.text	0x0000000000003e00	R_AARCH64_CALL26	_printk	+0
.rela.text	0x0000000000003e04	R_AARCH64_LDST64_ABS_LO12_NC	hyn_ts_data	+0
.rela.text	0x0000000000003e10	R_AARCH64_ADR_PREL_PG_HI21	.rodata.str1.1	+1184
.rela.text	0x0000000000003e14	R_AARCH64_ADD_ABS_LO12_NC	.rodata.str1.1	+1184
.rela.text	0x0000000000003e18	R_AARCH64_ADR_PREL_PG_HI21	.rodata.str1.1	+221e
.rela.text	0x0000000000003e1c	R_AARCH64_ADD_ABS_LO12_NC	.rodata.str1.1	+221e
.rela.text	0x0000000000003e24	R_AARCH64_CALL26	_printk	+0
.rela.text	0x0000000000003e4c	R_AARCH64_ADR_PREL_PG_HI21	hynitron_fw_grp	+14
.rela.text	0x0000000000003e50	R_AARCH64_ADD_ABS_LO12_NC	hynitron_fw_grp	+14
.rela.text	0x0000000000003ec8	R_AARCH64_ADR_PREL_PG_HI21	.rodata.str1.1	+d62
.rela.text	0x0000000000003ecc	R_AARCH64_ADD_ABS_LO12_NC	.rodata.str1.1	+d62
.rela.text	0x0000000000003ed0	R_AARCH64_CALL26	_printk	+0
.rela.text	0x0000000000003ed8	R_AARCH64_ADR_PREL_PG_HI21	.rodata.str1.1	+360
.rela.text	0x0000000000003edc	R_AARCH64_ADD_ABS_LO12_NC	.rodata.str1.1	+360
.rela.text	0x0000000000003ee0	R_AARCH64_CALL26	_printk	+0
.rela.text	0x0000000000003ee8	R_AARCH64_ADR_PREL_PG_HI21	.rodata.str1.1	+270a
.rela.text	0x0000000000003eec	R_AARCH64_ADD_ABS_LO12_NC	.rodata.str1.1	+270a
.rela.text	0x0000000000003ef0	R_AARCH64_CALL26	_printk	+0
.rela.text	0x0000000000003f20	R_AARCH64_ADR_PREL_PG_HI21	hyn_ts_data	+0
.rela.text	0x0000000000003f34	R_AARCH64_LDST64_ABS_LO12_NC	hyn_ts_data	+0
.rela.text	0x0000000000003f64	R_AARCH64_ADR_PREL_PG_HI21	.rodata.str1.1	+aa3
.rela.text	0x0000000000003f68	R_AARCH64_ADD_ABS_LO12_NC	.rodata.str1.1	+aa3
.rela.text	0x0000000000003f6c	R_AARCH64_ADR_PREL_PG_HI21	.rodata.str1.1	+1222
.rela.text	0x0000000000003f70	R_AARCH64_ADD_ABS_LO12_NC	.rodata.str1.1	+1222
.rela.text	0x0000000000003f78	R_AARCH64_CALL26	_printk	+0
.rela.text	0x0000000000003f8c	R_AARCH64_ADR_PREL_PG_HI21	.rodata.str1.1	+272c
.rela.text	0x0000000000003f90	R_AARCH64_ADD_ABS_LO12_NC	.rodata.str1.1	+272c
.rela.text	0x0000000000003fa8	R_AARCH64_CALL26	hyn_reset_proc	+0
.rela.text	0x0000000000003fac	R_AARCH64_LDST64_ABS_LO12_NC	hyn_ts_data	+0
.rela.text	0x0000000000003fcc	R_AARCH64_CALL26	_printk	+0
.rela.text	0x0000000000003fe4	R_AARCH64_CALL26	cst3xx_i2c_write	+0
.rela.text	0x0000000000003ff4	R_AARCH64_CALL26	__const_udelay	+0
.rela.text	0x0000000000004008	R_AARCH64_CALL26	cst3xx_i2c_read_register	+0
.rela.text	0x0000000000004040	R_AARCH64_ADR_PREL_PG_HI21	.rodata.str1.1	+aa3
.rela.text	0x0000000000004044	R_AARCH64_ADD_ABS_LO12_NC	.rodata.str1.1	+aa3
.rela.text	0x0000000000004048	R_AARCH64_ADR_PREL_PG_HI21	.rodata.str1.1	+1de2
.rela.text	0x000000000000404c	R_AARCH64_ADD_ABS_LO12_NC	.rodata.str1.1	+1de2
.rela.text	0x0000000000004054	R_AARCH64_CALL26	_printk	+0
.rela.text	0x0000000000004068	R_AARCH64_ADR_PREL_PG_HI21	.rodata.str1.1	+272c
.rela.text	0x000000000000406c	R_AARCH64_ADD_ABS_LO12_NC	.rodata.str1.1	+272c
.rela.text	0x0000000000004084	R_AARCH64_CALL26	hyn_reset_proc	+0
.rela.text	0x0000000000004088	R_AARCH64_LDST64_ABS_LO12_NC	hyn_ts_data	+0
.rela.text	0x00000000000040a8	R_AARCH64_CALL26	_printk	+0
.rela.text	0x00000000000040c0	R_AARCH64_CALL26	cst3xx_i2c_write	+0
.rela.text	0x00000000000040d0	R_AARCH64_CALL26	__const_udelay	+0
.rela.text	0x00000000000040e4	R_AARCH64_CALL26	cst3xx_i2c_read_register	+0
.rela.text	0x0000000000004114	R_AARCH64_ADR_PREL_PG_HI21	.rodata.str1.1	+aa3
.rela.text	0x0000000000004118	R_AARCH64_ADD_ABS_LO12_NC	.rodata.str1.1	+aa3
.rela.text	0x000000000000411c	R_AARCH64_ADR_PREL_PG_HI21	.rodata.str1.1	+142a
.rela.text	0x0000000000004120	R_AARCH64_ADD_ABS_LO12_NC	.rodata.str1.1	+142a
.rela.text	0x0000000000004124	R_AARCH64_CALL26	_printk	+0
.rela.text	0x0000000000004128	R_AARCH64_LDST64_ABS_LO12_NC	hyn_ts_data	+0
.rela.text	0x0000000000004144	R_AARCH64_ADR_PREL_PG_HI21	.rodata.str1.1	+272c
.rela.text	0x0000000000004148	R_AARCH64_ADD_ABS_LO12_NC	.rodata.str1.1	+272c
.rela.text	0x000000000000414c	R_AARCH64_CALL26	_printk	+0
.rela.text	0x0000000000004164	R_AARCH64_CALL26	__const_udelay	+0
.rela.text	0x0000000000004184	R_AARCH64_CALL26	hyn_reset_proc	+0
.rela.text	0x0000000000004198	R_AARCH64_CALL26	hyn_i2c_write_bytes	+0
.rela.text	0x00000000000041b4	R_AARCH64_CALL26	hyn_i2c_read_bytes	+0
.rela.text	0x00000000000041cc	R_AARCH64_ADR_PREL_PG_HI21	.rodata.str1.1	+1f61
.rela.text	0x00000000000041d0	R_AARCH64_ADD_ABS_LO12_NC	.rodata.str1.1	+1f61
.rela.text	0x00000000000041d8	R_AARCH64_CALL26	_printk	+0
.rela.text	0x00000000000041f0	R_AARCH64_ADR_PREL_PG_HI21	.rodata.str1.1	+aa3
.rela.text	0x00000000000041f4	R_AARCH64_ADD_ABS_LO12_NC	.rodata.str1.1	+aa3
.rela.text	0x00000000000041f8	R_AARCH64_ADR_PREL_PG_HI21	.rodata.str1.1	+8dc
.rela.text	0x00000000000041fc	R_AARCH64_ADD_ABS_LO12_NC	.rodata.str1.1	+8dc
.rela.text	0x0000000000004204	R_AARCH64_CALL26	_printk	+0
.rela.text	0x0000000000004218	R_AARCH64_ADR_PREL_PG_HI21	.rodata.str1.1	+272c
.rela.text	0x000000000000421c	R_AARCH64_ADD_ABS_LO12_NC	.rodata.str1.1	+272c
.rela.text	0x000000000000423c	R_AARCH64_CALL26	hyn_reset_proc	+0
.rela.text	0x0000000000004240	R_AARCH64_LDST64_ABS_LO12_NC	hyn_ts_data	+0
.rela.text	0x0000000000004260	R_AARCH64_CALL26	_printk	+0
.rela.text	0x0000000000004278	R_AARCH64_CALL26	cst3xx_i2c_write	+0
.rela.text	0x0000000000004288	R_AARCH64_CALL26	__const_udelay	+0
.rela.text	0x000000000000429c	R_AARCH64_CALL26	cst3xx_i2c_read_register	+0
.rela.text	0x00000000000042a4	R_AARCH64_LDST64_ABS_LO12_NC	hyn_ts_data	+0
.rela.text	0x00000000000042d0	R_AARCH64_ADR_PREL_PG_HI21	.rodata.str1.1	+20fa
.rela.text	0x00000000000042d4	R_AARCH64_ADD_ABS_LO12_NC	.rodata.str1.1	+20fa
.rela.text	0x00000000000042dc	R_AARCH64_CALL26	_printk	+0
.rela.text	0x00000000000042e0	R_AARCH64_ADR_PREL_PG_HI21	.rodata.str1.1	+1184
.rela.text	0x00000000000042e4	R_AARCH64_ADD_ABS_LO12_NC	.rodata.str1.1	+1184
.rela.text	0x00000000000042e8	R_AARCH64_ADR_PREL_PG_HI21	.rodata.str1.1	+1de2
.rela.text	0x00000000000042ec	R_AARCH64_ADD_ABS_LO12_NC	.rodata.str1.1	+1de2
.rela.text	0x00000000000042f8	R_AARCH64_LDST64_ABS_LO12_NC	hyn_ts_data	+0
.rela.text	0x0000000000004314	R_AARCH64_ADR_PREL_PG_HI21	.rodata.str1.1	+20fa
.rela.text	0x0000000000004318	R_AARCH64_ADD_ABS_LO12_NC	.rodata.str1.1	+20fa
.rela.text	0x0000000000004324	R_AARCH64_ADR_PREL_PG_HI21	.rodata.str1.1	+96c
.rela.text	0x0000000000004328	R_AARCH64_ADD_ABS_LO12_NC	.rodata.str1.1	+96c
.rela.text	0x0000000000004330	R_AARCH64_ADR_PREL_PG_HI21	.rodata.str1.1	+1184
.rela.text	0x0000000000004334	R_AARCH64_ADD_ABS_LO12_NC	.rodata.str1.1	+1184
.rela.text	0x0000000000004338	R_AARCH64_ADR_PREL_PG_HI21	.rodata.str1.1	+142a
.rela.text	0x000000000000433c	R_AARCH64_ADD_ABS_LO12_NC	.rodata.str1.1	+142a
.rela.text	0x0000000000004344	R_AARCH64_CALL26	_printk	+0
.rela.text	0x0000000000004350	R_AARCH64_ADR_PREL_PG_HI21	.rodata.str1.1	+aa3
.rela.text	0x0000000000004354	R_AARCH64_ADD_ABS_LO12_NC	.rodata.str1.1	+aa3
.rela.text	0x0000000000004358	R_AARCH64_ADR_PREL_PG_HI21	.rodata.str1.1	+15be
.rela.text	0x000000000000435c	R_AARCH64_ADD_ABS_LO12_NC	.rodata.str1.1	+15be
.rela.text	0x0000000000004364	R_AARCH64_CALL26	_printk	+0
.rela.text	0x0000000000004374	R_AARCH64_ADR_PREL_PG_HI21	.rodata.str1.1	+272c
.rela.text	0x0000000000004378	R_AARCH64_ADD_ABS_LO12_NC	.rodata.str1.1	+272c
.rela.text	0x0000000000004390	R_AARCH64_CALL26	hyn_reset_proc	+0
.rela.text	0x0000000000004394	R_AARCH64_LDST64_ABS_LO12_NC	hyn_ts_data	+0
.rela.text	0x00000000000043b4	R_AARCH64_CALL26	_printk	+0
.rela.text	0x00000000000043b8	R_AARCH64_LDST64_ABS_LO12_NC	hyn_ts_data	+0
.rela.text	0x00000000000043cc	R_AARCH64_CALL26	cst3xx_i2c_write	+0
.rela.text	0x00000000000043dc	R_AARCH64_CALL26	__const_udelay	+0
.rela.text	0x00000000000043e0	R_AARCH64_LDST64_ABS_LO12_NC	hyn_ts_data	+0
.rela.text	0x00000000000043f4	R_AARCH64_CALL26	cst3xx_i2c_read_register	+0
.rela.text	0x0000000000004408	R_AARCH64_ADR_PREL_PG_HI21	.rodata.str1.1	+6c
.rela.text	0x000000000000440c	R_AARCH64_ADD_ABS_LO12_NC	.rodata.str1.1	+6c
.rela.text	0x0000000000004410	R_AARCH64_CALL26	_printk	+0
.rela.text	0x0000000000004414	R_AARCH64_LDST64_ABS_LO12_NC	hyn_ts_data	+0
.rela.text	0x000000000000442c	R_AARCH64_CALL26	cst3xx_i2c_write	+0
.rela.text	0x0000000000004434	R_AARCH64_ADR_PREL_PG_HI21	.rodata.str1.1	+f6d
.rela.text	0x0000000000004438	R_AARCH64_ADD_ABS_LO12_NC	.rodata.str1.1	+f6d
.rela.text	0x0000000000004440	R_AARCH64_ADR_PREL_PG_HI21	.rodata.str1.1	+aa3
.rela.text	0x0000000000004444	R_AARCH64_ADD_ABS_LO12_NC	.rodata.str1.1	+aa3
.rela.text	0x0000000000004448	R_AARCH64_ADR_PREL_PG_HI21	.rodata.str1.1	+1d8
.rela.text	0x000000000000444c	R_AARCH64_ADD_ABS_LO12_NC	.rodata.str1.1	+1d8
.rela.text	0x0000000000004454	R_AARCH64_CALL26	_printk	+0
.rela.text	0x0000000000004468	R_AARCH64_ADR_PREL_PG_HI21	.rodata.str1.1	+272c
.rela.text	0x000000000000446c	R_AARCH64_ADD_ABS_LO12_NC	.rodata.str1.1	+272c
.rela.text	0x0000000000004484	R_AARCH64_CALL26	hyn_reset_proc	+0
.rela.text	0x0000000000004488	R_AARCH64_LDST64_ABS_LO12_NC	hyn_ts_data	+0
.rela.text	0x00000000000044a8	R_AARCH64_CALL26	_printk	+0
.rela.text	0x00000000000044c0	R_AARCH64_CALL26	cst3xx_i2c_write	+0
.rela.text	0x00000000000044d0	R_AARCH64_CALL26	__const_udelay	+0
.rela.text	0x00000000000044e4	R_AARCH64_CALL26	cst3xx_i2c_read_register	+0
.rela.text	0x00000000000044fc	R_AARCH64_ADR_PREL_PG_HI21	.rodata.str1.1	+caa
.rela.text	0x0000000000004500	R_AARCH64_ADD_ABS_LO12_NC	.rodata.str1.1	+caa
.rela.text	0x0000000000004504	R_AARCH64_ADR_PREL_PG_HI21	.rodata.str1.1	+aa3
.rela.text	0x0000000000004508	R_AARCH64_ADD_ABS_LO12_NC	.rodata.str1.1	+aa3
.rela.text	0x0000000000004510	R_AARCH64_CALL26	_printk	+0
.rela.text	0x0000000000004514	R_AARCH64_ADR_PREL_PG_HI21	.rodata.str1.1	+1184
.rela.text	0x0000000000004518	R_AARCH64_ADD_ABS_LO12_NC	.rodata.str1.1	+1184
.rela.text	0x0000000000004530	R_AARCH64_ADR_PREL_PG_HI21	.rodata.str1.1	+1659
.rela.text	0x0000000000004534	R_AARCH64_ADD_ABS_LO12_NC	.rodata.str1.1	+1659
.rela.text	0x000000000000453c	R_AARCH64_CALL26	_printk	+0
.rela.text	0x0000000000004540	R_AARCH64_ADR_PREL_PG_HI21	.rodata.str1.1	+1184
.rela.text	0x0000000000004544	R_AARCH64_ADD_ABS_LO12_NC	.rodata.str1.1	+1184
.rela.text	0x0000000000004548	R_AARCH64_ADR_PREL_PG_HI21	.rodata.str1.1	+8dc
.rela.text	0x000000000000454c	R_AARCH64_ADD_ABS_LO12_NC	.rodata.str1.1	+8dc
.rela.text	0x0000000000004564	R_AARCH64_ADR_PREL_PG_HI21	.rodata.str1.1	+25a2
.rela.text	0x0000000000004568	R_AARCH64_ADD_ABS_LO12_NC	.rodata.str1.1	+25a2
.rela.text	0x0000000000004570	R_AARCH64_CALL26	_printk	+0
.rela.text	0x0000000000004574	R_AARCH64_ADR_PREL_PG_HI21	.rodata.str1.1	+1184
.rela.text	0x0000000000004578	R_AARCH64_ADD_ABS_LO12_NC	.rodata.str1.1	+1184
.rela.text	0x000000000000457c	R_AARCH64_ADR_PREL_PG_HI21	.rodata.str1.1	+1222
.rela.text	0x0000000000004580	R_AARCH64_ADD_ABS_LO12_NC	.rodata.str1.1	+1222
.rela.text	0x0000000000004598	R_AARCH64_ADR_PREL_PG_HI21	.rodata.str1.1	+161c
.rela.text	0x000000000000459c	R_AARCH64_ADD_ABS_LO12_NC	.rodata.str1.1	+161c
.rela.text	0x00000000000045a4	R_AARCH64_CALL26	_printk	+0
.rela.text	0x00000000000045b0	R_AARCH64_ADR_PREL_PG_HI21	.rodata.str1.1	+1184
.rela.text	0x00000000000045b4	R_AARCH64_ADD_ABS_LO12_NC	.rodata.str1.1	+1184
.rela.text	0x00000000000045b8	R_AARCH64_ADR_PREL_PG_HI21	.rodata.str1.1	+15be
.rela.text	0x00000000000045bc	R_AARCH64_ADD_ABS_LO12_NC	.rodata.str1.1	+15be
.rela.text	0x00000000000045c4	R_AARCH64_CALL26	_printk	+0
.rela.text	0x00000000000045d0	R_AARCH64_ADR_PREL_PG_HI21	.rodata.str1.1	+cc2
.rela.text	0x00000000000045d4	R_AARCH64_ADD_ABS_LO12_NC	.rodata.str1.1	+cc2
.rela.text	0x00000000000045dc	R_AARCH64_ADR_PREL_PG_HI21	.rodata.str1.1	+1f0
.rela.text	0x00000000000045e0	R_AARCH64_ADD_ABS_LO12_NC	.rodata.str1.1	+1f0
.rela.text	0x00000000000045e4	R_AARCH64_CALL26	_printk	+0
.rela.text	0x00000000000045f0	R_AARCH64_ADR_PREL_PG_HI21	.rodata.str1.1	+18dc
.rela.text	0x00000000000045f4	R_AARCH64_ADD_ABS_LO12_NC	.rodata.str1.1	+18dc
.rela.text	0x00000000000045f8	R_AARCH64_CALL26	_printk	+0
.rela.text	0x0000000000004600	R_AARCH64_ADR_PREL_PG_HI21	.rodata.str1.1	+1184
.rela.text	0x0000000000004604	R_AARCH64_ADD_ABS_LO12_NC	.rodata.str1.1	+1184
.rela.text	0x0000000000004608	R_AARCH64_ADR_PREL_PG_HI21	.rodata.str1.1	+1d8
.rela.text	0x000000000000460c	R_AARCH64_ADD_ABS_LO12_NC	.rodata.str1.1	+1d8
.rela.text	0x0000000000004614	R_AARCH64_CALL26	_printk	+0
.rela.text	0x0000000000004618	R_AARCH64_LDST64_ABS_LO12_NC	hyn_ts_data	+0
.rela.text	0x0000000000004634	R_AARCH64_ADR_PREL_PG_HI21	.rodata.str1.1	+1791
.rela.text	0x0000000000004638	R_AARCH64_ADD_ABS_LO12_NC	.rodata.str1.1	+1791
.rela.text	0x000000000000463c	R_AARCH64_CALL26	_printk	+0
.rela.text	0x0000000000004644	R_AARCH64_CALL26	hyn_reset_proc	+0
.rela.text	0x0000000000004648	R_AARCH64_ADR_PREL_PG_HI21	.rodata.str1.1	+1184
.rela.text	0x000000000000464c	R_AARCH64_ADD_ABS_LO12_NC	.rodata.str1.1	+1184
.rela.text	0x0000000000004650	R_AARCH64_ADR_PREL_PG_HI21	.rodata.str1.1	+120c
.rela.text	0x0000000000004654	R_AARCH64_ADD_ABS_LO12_NC	.rodata.str1.1	+120c
.rela.text	0x000000000000465c	R_AARCH64_CALL26	_printk	+0
.rela.text	0x0000000000004698	R_AARCH64_CALL26	__stack_chk_fail	+0
.rela.text	0x00000000000046b0	R_AARCH64_ADR_PREL_PG_HI21	.rodata.str1.1	+aa3
.rela.text	0x00000000000046b4	R_AARCH64_ADD_ABS_LO12_NC	.rodata.str1.1	+aa3
.rela.text	0x00000000000046b8	R_AARCH64_ADR_PREL_PG_HI21	.rodata.str1.1	+275a
.rela.text	0x00000000000046bc	R_AARCH64_ADD_ABS_LO12_NC	.rodata.str1.1	+275a
.rela.text	0x00000000000046c0	R_AARCH64_CALL26	_printk	+0
.rela.text	0x00000000000046c4	R_AARCH64_ADR_PREL_PG_HI21	hyn_ts_data	+0
.rela.text	0x00000000000046c8	R_AARCH64_LDST64_ABS_LO12_NC	hyn_ts_data	+0
.rela.text	0x00000000000046ec	R_AARCH64_ADR_PREL_PG_HI21	.data	+7c68
.rela.text	0x00000000000046f0	R_AARCH64_ADD_ABS_LO12_NC	.data	+7c68
.rela.text	0x00000000000046f4	R_AARCH64_CALL26	sysfs_create_group	+0
.rela.text	0x0000000000004700	R_AARCH64_ADR_PREL_PG_HI21	.rodata.str1.1	+1184
.rela.text	0x0000000000004704	R_AARCH64_ADD_ABS_LO12_NC	.rodata.str1.1	+1184
.rela.text	0x0000000000004708	R_AARCH64_ADR_PREL_PG_HI21	.rodata.str1.1	+275a
.rela.text	0x000000000000470c	R_AARCH64_ADD_ABS_LO12_NC	.rodata.str1.1	+275a
.rela.text	0x0000000000004714	R_AARCH64_CALL26	_printk	+0
.rela.text	0x000000000000471c	R_AARCH64_ADR_PREL_PG_HI21	.rodata.str1.1	+1dfc
.rela.text	0x0000000000004720	R_AARCH64_ADD_ABS_LO12_NC	.rodata.str1.1	+1dfc
.rela.text	0x0000000000004724	R_AARCH64_CALL26	_printk	+0
.rela.text	0x0000000000004728	R_AARCH64_LDST64_ABS_LO12_NC	hyn_ts_data	+0
.rela.text	0x000000000000472c	R_AARCH64_ADR_PREL_PG_HI21	.data	+7c68
.rela.text	0x0000000000004730	R_AARCH64_ADD_ABS_LO12_NC	.data	+7c68
.rela.text	0x0000000000004738	R_AARCH64_CALL26	sysfs_remove_group	+0
.rela.text	0x0000000000004764	R_AARCH64_ADR_PREL_PG_HI21	.rodata.str1.1	+aa3
.rela.text	0x0000000000004768	R_AARCH64_ADD_ABS_LO12_NC	.rodata.str1.1	+aa3
.rela.text	0x000000000000476c	R_AARCH64_ADR_PREL_PG_HI21	.rodata.str1.1	+8f4
.rela.text	0x0000000000004770	R_AARCH64_ADD_ABS_LO12_NC	.rodata.str1.1	+8f4
.rela.text	0x0000000000004778	R_AARCH64_CALL26	_printk	+0
.rela.text	0x000000000000477c	R_AARCH64_ADR_PREL_PG_HI21	hyn_gesture_data	+407
.rela.text	0x0000000000004780	R_AARCH64_ADD_ABS_LO12_NC	hyn_gesture_data	+407
.rela.text	0x0000000000004794	R_AARCH64_ADR_PREL_PG_HI21	hyn_ts_data	+0
.rela.text	0x0000000000004798	R_AARCH64_LDST64_ABS_LO12_NC	hyn_ts_data	+0
.rela.text	0x00000000000047c4	R_AARCH64_CALL26	cst3xx_i2c_write	+0
.rela.text	0x00000000000047c8	R_AARCH64_ADR_PREL_PG_HI21	.rodata.str1.1	+1184
.rela.text	0x00000000000047cc	R_AARCH64_ADD_ABS_LO12_NC	.rodata.str1.1	+1184
.rela.text	0x00000000000047d0	R_AARCH64_ADR_PREL_PG_HI21	.rodata.str1.1	+8f4
.rela.text	0x00000000000047d4	R_AARCH64_ADD_ABS_LO12_NC	.rodata.str1.1	+8f4
.rela.text	0x00000000000047dc	R_AARCH64_CALL26	_printk	+0
.rela.text	0x0000000000004808	R_AARCH64_CALL26	__stack_chk_fail	+0
.rela.text	0x0000000000004840	R_AARCH64_CALL26	memset	+0
.rela.text	0x0000000000004844	R_AARCH64_ADR_PREL_PG_HI21	hyn_gesture_data	+408
.rela.text	0x0000000000004848	R_AARCH64_LDST8_ABS_LO12_NC	hyn_gesture_data	+408
.rela.text	0x0000000000004884	R_AARCH64_ADR_PREL_PG_HI21	.rodata.str1.1	+aa3
.rela.text	0x0000000000004888	R_AARCH64_ADD_ABS_LO12_NC	.rodata.str1.1	+aa3
.rela.text	0x000000000000488c	R_AARCH64_ADR_PREL_PG_HI21	.rodata.str1.1	+15d6
.rela.text	0x0000000000004890	R_AARCH64_ADD_ABS_LO12_NC	.rodata.str1.1	+15d6
.rela.text	0x0000000000004894	R_AARCH64_CALL26	_printk	+0
.rela.text	0x0000000000004898	R_AARCH64_ADR_PREL_PG_HI21	hyn_gesture_data	+407
.rela.text	0x000000000000489c	R_AARCH64_ADR_PREL_PG_HI21	hyn_ts_data	+0
.rela.text	0x00000000000048a0	R_AARCH64_LDST8_ABS_LO12_NC	hyn_gesture_data	+407
.rela.text	0x00000000000048a8	R_AARCH64_LDST64_ABS_LO12_NC	hyn_ts_data	+0
.rela.text	0x00000000000048d0	R_AARCH64_CALL26	cst3xx_i2c_read_register	+0
.rela.text	0x00000000000048f0	R_AARCH64_LDST64_ABS_LO12_NC	hyn_ts_data	+0
.rela.text	0x0000000000004900	R_AARCH64_ADR_PREL_PG_HI21	hyn_gesture_data	+0
.rela.text	0x0000000000004904	R_AARCH64_ADD_ABS_LO12_NC	hyn_gesture_data	+0
.rela.text	0x0000000000004910	R_AARCH64_CALL26	memset	+0
.rela.text	0x0000000000004930	R_AARCH64_CALL26	hyn_i2c_read	+0
.rela.text	0x000000000000493c	R_AARCH64_ADR_PREL_PG_HI21	.rodata.str1.1	+d1d
.rela.text	0x0000000000004940	R_AARCH64_ADD_ABS_LO12_NC	.rodata.str1.1	+d1d
.rela.text	0x0000000000004944	R_AARCH64_CALL26	_printk	+0
.rela.text	0x000000000000494c	R_AARCH64_ADR_PREL_PG_HI21	.rodata.str1.1	+9c7
.rela.text	0x0000000000004950	R_AARCH64_ADD_ABS_LO12_NC	.rodata.str1.1	+9c7
.rela.text	0x0000000000004954	R_AARCH64_CALL26	_printk	+0
.rela.text	0x0000000000004964	R_AARCH64_ADR_PREL_PG_HI21	hyn_gesture_data	+8
.rela.text	0x0000000000004968	R_AARCH64_ADD_ABS_LO12_NC	hyn_gesture_data	+8
.rela.text	0x0000000000004980	R_AARCH64_LDST64_ABS_LO12_NC	hyn_ts_data	+0
.rela.text	0x0000000000004990	R_AARCH64_ADR_PREL_PG_HI21	hyn_gesture_data	+404
.rela.text	0x0000000000004994	R_AARCH64_ADD_ABS_LO12_NC	hyn_gesture_data	+404
.rela.text	0x00000000000049a8	R_AARCH64_ADR_PREL_PG_HI21	.rodata.str1.1	+25e0
.rela.text	0x00000000000049ac	R_AARCH64_ADD_ABS_LO12_NC	.rodata.str1.1	+25e0
.rela.text	0x00000000000049b4	R_AARCH64_CALL26	_printk	+0
.rela.text	0x00000000000049b8	R_AARCH64_ADR_PREL_PG_HI21	.rodata.str1.1	+1184
.rela.text	0x00000000000049bc	R_AARCH64_ADD_ABS_LO12_NC	.rodata.str1.1	+1184
.rela.text	0x00000000000049c0	R_AARCH64_ADR_PREL_PG_HI21	.rodata.str1.1	+15d6
.rela.text	0x00000000000049c4	R_AARCH64_ADD_ABS_LO12_NC	.rodata.str1.1	+15d6
.rela.text	0x00000000000049cc	R_AARCH64_CALL26	_printk	+0
.rela.text	0x00000000000049d8	R_AARCH64_CALL26	__stack_chk_fail	+0
.rela.text	0x00000000000049f4	R_AARCH64_ADR_PREL_PG_HI21	.rodata.str1.1	+1281
.rela.text	0x00000000000049f8	R_AARCH64_ADD_ABS_LO12_NC	.rodata.str1.1	+1281
.rela.text	0x0000000000004a00	R_AARCH64_CALL26	_printk	+0
.rela.text	0x0000000000004a04	R_AARCH64_ADR_PREL_PG_HI21	.rodata.str1.1	+aa3
.rela.text	0x0000000000004a08	R_AARCH64_ADD_ABS_LO12_NC	.rodata.str1.1	+aa3
.rela.text	0x0000000000004a0c	R_AARCH64_ADR_PREL_PG_HI21	.rodata.str1.1	+670
.rela.text	0x0000000000004a10	R_AARCH64_ADD_ABS_LO12_NC	.rodata.str1.1	+670
.rela.text	0x0000000000004a14	R_AARCH64_CALL26	_printk	+0
.rela.text	0x0000000000004a24	R_AARCH64_ADR_PREL_PG_HI21	.rodata.str1.1	+1b6e
.rela.text	0x0000000000004a28	R_AARCH64_ADD_ABS_LO12_NC	.rodata.str1.1	+1b6e
.rela.text	0x0000000000004a30	R_AARCH64_CALL26	_printk	+0
.rela.text	0x0000000000004a34	R_AARCH64_ADR_PREL_PG_HI21	hyn_gesture_data	+404
.rela.text	0x0000000000004a38	R_AARCH64_ADR_PREL_PG_HI21	.rodata.str1.1	+1f9c
.rela.text	0x0000000000004a3c	R_AARCH64_ADD_ABS_LO12_NC	.rodata.str1.1	+1f9c
.rela.text	0x0000000000004a40	R_AARCH64_LDST16_ABS_LO12_NC	hyn_gesture_data	+404
.rela.text	0x0000000000004a44	R_AARCH64_CALL26	_printk	+0
.rela.text	0x0000000000004a48	R_AARCH64_LDST16_ABS_LO12_NC	hyn_gesture_data	+404
.rela.text	0x0000000000004a64	R_AARCH64_LDST16_ABS_LO12_NC	hyn_gesture_data	+404
.rela.text	0x0000000000004a68	R_AARCH64_CALL26	input_event	+0
.rela.text	0x0000000000004a7c	R_AARCH64_CALL26	input_event	+0
.rela.text	0x0000000000004a90	R_AARCH64_CALL26	input_event	+0
.rela.text	0x0000000000004aa4	R_AARCH64_CALL26	input_event	+0
.rela.text	0x0000000000004aa8	R_AARCH64_ADR_PREL_PG_HI21	.rodata.str1.1	+1e53
.rela.text	0x0000000000004aac	R_AARCH64_ADD_ABS_LO12_NC	.rodata.str1.1	+1e53
.rela.text	0x0000000000004ab4	R_AARCH64_CALL26	_printk	+0
.rela.text	0x0000000000004ab8	R_AARCH64_ADR_PREL_PG_HI21	.rodata.str1.1	+1184
.rela.text	0x0000000000004abc	R_AARCH64_ADD_ABS_LO12_NC	.rodata.str1.1	+1184
.rela.text	0x0000000000004ac0	R_AARCH64_ADR_PREL_PG_HI21	.rodata.str1.1	+670
.rela.text	0x0000000000004ac4	R_AARCH64_ADD_ABS_LO12_NC	.rodata.str1.1	+670
.rela.text	0x0000000000004acc	R_AARCH64_CALL26	_printk	+0
.rela.text	0x0000000000004af4	R_AARCH64_CALL26	hyn_irq_disable	+0
.rela.text	0x0000000000004af8	R_AARCH64_ADR_PREL_PG_HI21	hyn_ts_data	+0
.rela.text	0x0000000000004b00	R_AARCH64_LDST64_ABS_LO12_NC	hyn_ts_data	+0
.rela.text	0x0000000000004b0c	R_AARCH64_CALL26	irq_set_irq_type	+0
.rela.text	0x0000000000004b14	R_AARCH64_CALL26	hyn_irq_enable	+0
.rela.text	0x0000000000004b28	R_AARCH64_ADR_PREL_PG_HI21	.rodata.str1.1	+24c
.rela.text	0x0000000000004b2c	R_AARCH64_ADD_ABS_LO12_NC	.rodata.str1.1	+24c
.rela.text	0x0000000000004b30	R_AARCH64_CALL26	_printk	+0
.rela.text	0x0000000000004b48	R_AARCH64_CALL26	hyn_irq_disable	+0
.rela.text	0x0000000000004b4c	R_AARCH64_ADR_PREL_PG_HI21	hyn_ts_data	+0
.rela.text	0x0000000000004b50	R_AARCH64_LDST64_ABS_LO12_NC	hyn_ts_data	+0
.rela.text	0x0000000000004b60	R_AARCH64_CALL26	irq_set_irq_type	+0
.rela.text	0x0000000000004b68	R_AARCH64_CALL26	hyn_irq_enable	+0
.rela.text	0x0000000000004b7c	R_AARCH64_ADR_PREL_PG_HI21	.rodata.str1.1	+24c
.rela.text	0x0000000000004b80	R_AARCH64_ADD_ABS_LO12_NC	.rodata.str1.1	+24c
.rela.text	0x0000000000004b84	R_AARCH64_CALL26	_printk	+0
.rela.text	0x0000000000004bac	R_AARCH64_ADR_PREL_PG_HI21	.rodata.str1.1	+aa3
.rela.text	0x0000000000004bb0	R_AARCH64_ADD_ABS_LO12_NC	.rodata.str1.1	+aa3
.rela.text	0x0000000000004bb8	R_AARCH64_ADR_PREL_PG_HI21	.rodata.str1.1	+1b5a
.rela.text	0x0000000000004bbc	R_AARCH64_ADD_ABS_LO12_NC	.rodata.str1.1	+1b5a
.rela.text	0x0000000000004bc8	R_AARCH64_CALL26	_printk	+0
.rela.text	0x0000000000004bcc	R_AARCH64_ADR_PREL_PG_HI21	hyn_gesture_data	+407
.rela.text	0x0000000000004bd0	R_AARCH64_LDST8_ABS_LO12_NC	hyn_gesture_data	+407
.rela.text	0x0000000000004c08	R_AARCH64_ADR_PREL_PG_HI21	hyn_ts_data	+0
.rela.text	0x0000000000004c0c	R_AARCH64_LDST64_ABS_LO12_NC	hyn_ts_data	+0
.rela.text	0x0000000000004c40	R_AARCH64_CALL26	cst3xx_i2c_write	+0
.rela.text	0x0000000000004c48	R_AARCH64_CALL26	msleep	+0
.rela.text	0x0000000000004c4c	R_AARCH64_LDST64_ABS_LO12_NC	hyn_ts_data	+0
.rela.text	0x0000000000004c60	R_AARCH64_CALL26	cst3xx_i2c_read_register	+0
.rela.text	0x0000000000004c78	R_AARCH64_LDST64_ABS_LO12_NC	hyn_ts_data	+0
.rela.text	0x0000000000004c90	R_AARCH64_CALL26	cst3xx_i2c_write	+0
.rela.text	0x0000000000004c98	R_AARCH64_CALL26	msleep	+0
.rela.text	0x0000000000004c9c	R_AARCH64_LDST64_ABS_LO12_NC	hyn_ts_data	+0
.rela.text	0x0000000000004cb0	R_AARCH64_CALL26	cst3xx_i2c_read_register	+0
.rela.text	0x0000000000004cc8	R_AARCH64_LDST64_ABS_LO12_NC	hyn_ts_data	+0
.rela.text	0x0000000000004ce0	R_AARCH64_CALL26	cst3xx_i2c_write	+0
.rela.text	0x0000000000004ce8	R_AARCH64_CALL26	msleep	+0
.rela.text	0x0000000000004cec	R_AARCH64_LDST64_ABS_LO12_NC	hyn_ts_data	+0
.rela.text	0x0000000000004d00	R_AARCH64_CALL26	cst3xx_i2c_read_register	+0
.rela.text	0x0000000000004d18	R_AARCH64_ADR_PREL_PG_HI21	.rodata.str1.1	+123b
.rela.text	0x0000000000004d1c	R_AARCH64_ADD_ABS_LO12_NC	.rodata.str1.1	+123b
.rela.text	0x0000000000004d20	R_AARCH64_CALL26	_printk	+0
.rela.text	0x0000000000004d34	R_AARCH64_CALL26	hyn_i2c_write_byte	+0
.rela.text	0x0000000000004d3c	R_AARCH64_CALL26	msleep	+0
.rela.text	0x0000000000004d40	R_AARCH64_LDST64_ABS_LO12_NC	hyn_ts_data	+0
.rela.text	0x0000000000004d50	R_AARCH64_CALL26	hyn_i2c_read_byte	+0
.rela.text	0x0000000000004d60	R_AARCH64_LDST64_ABS_LO12_NC	hyn_ts_data	+0
.rela.text	0x0000000000004d70	R_AARCH64_CALL26	hyn_i2c_write_byte	+0
.rela.text	0x0000000000004d78	R_AARCH64_CALL26	msleep	+0
.rela.text	0x0000000000004d7c	R_AARCH64_LDST64_ABS_LO12_NC	hyn_ts_data	+0
.rela.text	0x0000000000004d8c	R_AARCH64_CALL26	hyn_i2c_read_byte	+0
.rela.text	0x0000000000004d9c	R_AARCH64_LDST64_ABS_LO12_NC	hyn_ts_data	+0
.rela.text	0x0000000000004dac	R_AARCH64_CALL26	hyn_i2c_write_byte	+0
.rela.text	0x0000000000004db4	R_AARCH64_CALL26	msleep	+0
.rela.text	0x0000000000004db8	R_AARCH64_LDST64_ABS_LO12_NC	hyn_ts_data	+0
.rela.text	0x0000000000004dc8	R_AARCH64_CALL26	hyn_i2c_read_byte	+0
.rela.text	0x0000000000004dd8	R_AARCH64_ADR_PREL_PG_HI21	.rodata.str1.1	+17c3
.rela.text	0x0000000000004ddc	R_AARCH64_ADD_ABS_LO12_NC	.rodata.str1.1	+17c3
.rela.text	0x0000000000004de0	R_AARCH64_CALL26	_printk	+0
.rela.text	0x0000000000004de8	R_AARCH64_LDST64_ABS_LO12_NC	hyn_ts_data	+0
.rela.text	0x0000000000004e00	R_AARCH64_CALL26	cst3xx_i2c_write	+0
.rela.text	0x0000000000004e08	R_AARCH64_LDST64_ABS_LO12_NC	hyn_ts_data	+0
.rela.text	0x0000000000004e18	R_AARCH64_CALL26	hyn_i2c_write_byte	+0
.rela.text	0x0000000000004e20	R_AARCH64_CALL26	msleep	+0
.rela.text	0x0000000000004e28	R_AARCH64_CALL26	msleep	+0
.rela.text	0x0000000000004e2c	R_AARCH64_LDST64_ABS_LO12_NC	hyn_ts_data	+0
.rela.text	0x0000000000004e3c	R_AARCH64_CALL26	hyn_i2c_write_byte	+0
.rela.text	0x0000000000004e44	R_AARCH64_CALL26	msleep	+0
.rela.text	0x0000000000004e48	R_AARCH64_LDST64_ABS_LO12_NC	hyn_ts_data	+0
.rela.text	0x0000000000004e58	R_AARCH64_CALL26	hyn_i2c_read_byte	+0
.rela.text	0x0000000000004e68	R_AARCH64_LDST64_ABS_LO12_NC	hyn_ts_data	+0
.rela.text	0x0000000000004e78	R_AARCH64_CALL26	hyn_i2c_write_byte	+0
.rela.text	0x0000000000004e80	R_AARCH64_CALL26	msleep	+0
.rela.text	0x0000000000004e84	R_AARCH64_LDST64_ABS_LO12_NC	hyn_ts_data	+0
.rela.text	0x0000000000004e94	R_AARCH64_CALL26	hyn_i2c_read_byte	+0
.rela.text	0x0000000000004ea4	R_AARCH64_LDST64_ABS_LO12_NC	hyn_ts_data	+0
.rela.text	0x0000000000004eb4	R_AARCH64_CALL26	hyn_i2c_write_byte	+0
.rela.text	0x0000000000004ebc	R_AARCH64_CALL26	msleep	+0
.rela.text	0x0000000000004ec0	R_AARCH64_LDST64_ABS_LO12_NC	hyn_ts_data	+0
.rela.text	0x0000000000004ed0	R_AARCH64_CALL26	hyn_i2c_read_byte	+0
.rela.text	0x0000000000004ee0	R_AARCH64_ADR_PREL_PG_HI21	.rodata.str1.1	+1937
.rela.text	0x0000000000004ee4	R_AARCH64_ADD_ABS_LO12_NC	.rodata.str1.1	+1937
.rela.text	0x0000000000004ee8	R_AARCH64_CALL26	_printk	+0
.rela.text	0x0000000000004ef0	R_AARCH64_ADR_PREL_PG_HI21	hyn_gesture_data	+404
.rela.text	0x0000000000004ef4	R_AARCH64_ADD_ABS_LO12_NC	hyn_gesture_data	+404
.rela.text	0x0000000000004f04	R_AARCH64_CALL26	hyn_irq_disable	+0
.rela.text	0x0000000000004f08	R_AARCH64_LDST64_ABS_LO12_NC	hyn_ts_data	+0
.rela.text	0x0000000000004f18	R_AARCH64_CALL26	irq_set_irq_type	+0
.rela.text	0x0000000000004f24	R_AARCH64_ADR_PREL_PG_HI21	.rodata.str1.1	+24c
.rela.text	0x0000000000004f28	R_AARCH64_ADD_ABS_LO12_NC	.rodata.str1.1	+24c
.rela.text	0x0000000000004f2c	R_AARCH64_CALL26	_printk	+0
.rela.text	0x0000000000004f30	R_AARCH64_CALL26	hyn_irq_enable	+0
.rela.text	0x0000000000004f34	R_AARCH64_ADR_PREL_PG_HI21	.rodata.str1.1	+b7f
.rela.text	0x0000000000004f38	R_AARCH64_ADD_ABS_LO12_NC	.rodata.str1.1	+b7f
.rela.text	0x0000000000004f3c	R_AARCH64_CALL26	_printk	+0
.rela.text	0x0000000000004f40	R_AARCH64_ADR_PREL_PG_HI21	.rodata.str1.1	+1184
.rela.text	0x0000000000004f44	R_AARCH64_ADD_ABS_LO12_NC	.rodata.str1.1	+1184
.rela.text	0x0000000000004f48	R_AARCH64_ADR_PREL_PG_HI21	.rodata.str1.1	+1b5a
.rela.text	0x0000000000004f4c	R_AARCH64_ADD_ABS_LO12_NC	.rodata.str1.1	+1b5a
.rela.text	0x0000000000004f54	R_AARCH64_CALL26	_printk	+0
.rela.text	0x0000000000004f60	R_AARCH64_LDST64_ABS_LO12_NC	hyn_ts_data	+0
.rela.text	0x0000000000004f70	R_AARCH64_CALL26	hyn_i2c_write_byte	+0
.rela.text	0x0000000000004f78	R_AARCH64_CALL26	msleep	+0
.rela.text	0x0000000000004f80	R_AARCH64_CALL26	__stack_chk_fail	+0
.rela.text	0x0000000000004fa0	R_AARCH64_ADR_PREL_PG_HI21	.rodata.str1.1	+aa3
.rela.text	0x0000000000004fa4	R_AARCH64_ADD_ABS_LO12_NC	.rodata.str1.1	+aa3
.rela.text	0x0000000000004fac	R_AARCH64_ADR_PREL_PG_HI21	.rodata.str1.1	+57d
.rela.text	0x0000000000004fb0	R_AARCH64_ADD_ABS_LO12_NC	.rodata.str1.1	+57d
.rela.text	0x0000000000004fb8	R_AARCH64_CALL26	_printk	+0
.rela.text	0x0000000000004fbc	R_AARCH64_ADR_PREL_PG_HI21	hyn_gesture_data	+407
.rela.text	0x0000000000004fc0	R_AARCH64_LDST8_ABS_LO12_NC	hyn_gesture_data	+407
.rela.text	0x0000000000004fc8	R_AARCH64_ADR_PREL_PG_HI21	.rodata.str1.1	+260d
.rela.text	0x0000000000004fcc	R_AARCH64_ADD_ABS_LO12_NC	.rodata.str1.1	+260d
.rela.text	0x0000000000004fd0	R_AARCH64_CALL26	_printk	+0
.rela.text	0x0000000000004fe0	R_AARCH64_ADR_PREL_PG_HI21	hyn_gesture_data	+404
.rela.text	0x0000000000004fe4	R_AARCH64_ADD_ABS_LO12_NC	hyn_gesture_data	+404
.rela.text	0x0000000000004ff4	R_AARCH64_CALL26	hyn_irq_disable	+0
.rela.text	0x0000000000004ff8	R_AARCH64_ADR_PREL_PG_HI21	hyn_ts_data	+0
.rela.text	0x0000000000004ffc	R_AARCH64_LDST64_ABS_LO12_NC	hyn_ts_data	+0
.rela.text	0x000000000000500c	R_AARCH64_CALL26	irq_set_irq_type	+0
.rela.text	0x0000000000005018	R_AARCH64_ADR_PREL_PG_HI21	.rodata.str1.1	+24c
.rela.text	0x000000000000501c	R_AARCH64_ADD_ABS_LO12_NC	.rodata.str1.1	+24c
.rela.text	0x0000000000005020	R_AARCH64_CALL26	_printk	+0
.rela.text	0x0000000000005024	R_AARCH64_CALL26	hyn_irq_enable	+0
.rela.text	0x0000000000005028	R_AARCH64_LDST64_ABS_LO12_NC	hyn_ts_data	+0
.rela.text	0x0000000000005050	R_AARCH64_CALL26	cst3xx_i2c_write	+0
.rela.text	0x000000000000505c	R_AARCH64_ADR_PREL_PG_HI21	.rodata.str1.1	+1184
.rela.text	0x0000000000005060	R_AARCH64_ADD_ABS_LO12_NC	.rodata.str1.1	+1184
.rela.text	0x0000000000005064	R_AARCH64_ADR_PREL_PG_HI21	.rodata.str1.1	+57d
.rela.text	0x0000000000005068	R_AARCH64_ADD_ABS_LO12_NC	.rodata.str1.1	+57d
.rela.text	0x000000000000506c	R_AARCH64_CALL26	_printk	+0
.rela.text	0x000000000000509c	R_AARCH64_CALL26	__stack_chk_fail	+0
.rela.text	0x00000000000050b4	R_AARCH64_ADR_PREL_PG_HI21	.rodata.str1.1	+aa3
.rela.text	0x00000000000050b8	R_AARCH64_ADD_ABS_LO12_NC	.rodata.str1.1	+aa3
.rela.text	0x00000000000050c0	R_AARCH64_ADR_PREL_PG_HI21	.rodata.str1.1	+65f
.rela.text	0x00000000000050c4	R_AARCH64_ADD_ABS_LO12_NC	.rodata.str1.1	+65f
.rela.text	0x00000000000050cc	R_AARCH64_CALL26	_printk	+0
.rela.text	0x00000000000050dc	R_AARCH64_CALL26	input_set_capability	+0
.rela.text	0x00000000000050ec	R_AARCH64_CALL26	input_set_capability	+0
.rela.text	0x00000000000050fc	R_AARCH64_CALL26	input_set_capability	+0
.rela.text	0x000000000000510c	R_AARCH64_CALL26	input_set_capability	+0
.rela.text	0x000000000000511c	R_AARCH64_CALL26	input_set_capability	+0
.rela.text	0x000000000000512c	R_AARCH64_CALL26	input_set_capability	+0
.rela.text	0x000000000000513c	R_AARCH64_CALL26	input_set_capability	+0
.rela.text	0x000000000000514c	R_AARCH64_CALL26	input_set_capability	+0
.rela.text	0x000000000000515c	R_AARCH64_CALL26	input_set_capability	+0
.rela.text	0x000000000000516c	R_AARCH64_CALL26	input_set_capability	+0
.rela.text	0x000000000000517c	R_AARCH64_CALL26	input_set_capability	+0
.rela.text	0x000000000000518c	R_AARCH64_CALL26	input_set_capability	+0
.rela.text	0x000000000000519c	R_AARCH64_CALL26	input_set_capability	+0
.rela.text	0x00000000000051ac	R_AARCH64_CALL26	input_set_capability	+0
.rela.text	0x00000000000051bc	R_AARCH64_CALL26	input_set_capability	+0
.rela.text	0x00000000000051cc	R_AARCH64_CALL26	input_set_capability	+0
.rela.text	0x00000000000051e8	R_AARCH64_ADR_PREL_PG_HI21	.rodata.str1.1	+275a
.rela.text	0x00000000000051ec	R_AARCH64_ADD_ABS_LO12_NC	.rodata.str1.1	+275a
.rela.text	0x0000000000005200	R_AARCH64_CALL26	_printk	+0
.rela.text	0x0000000000005204	R_AARCH64_ADR_PREL_PG_HI21	hyn_ts_data	+0
.rela.text	0x0000000000005208	R_AARCH64_LDST64_ABS_LO12_NC	hyn_ts_data	+0
.rela.text	0x0000000000005214	R_AARCH64_ADR_PREL_PG_HI21	.data	+7c68
.rela.text	0x0000000000005218	R_AARCH64_ADD_ABS_LO12_NC	.data	+7c68
.rela.text	0x000000000000521c	R_AARCH64_CALL26	sysfs_create_group	+0
.rela.text	0x0000000000005224	R_AARCH64_ADR_PREL_PG_HI21	.rodata.str1.1	+1184
.rela.text	0x0000000000005228	R_AARCH64_ADD_ABS_LO12_NC	.rodata.str1.1	+1184
.rela.text	0x000000000000522c	R_AARCH64_ADR_PREL_PG_HI21	.rodata.str1.1	+275a
.rela.text	0x0000000000005230	R_AARCH64_ADD_ABS_LO12_NC	.rodata.str1.1	+275a
.rela.text	0x0000000000005238	R_AARCH64_CALL26	_printk	+0
.rela.text	0x0000000000005240	R_AARCH64_ADR_PREL_PG_HI21	.rodata.str1.1	+1dfc
.rela.text	0x0000000000005244	R_AARCH64_ADD_ABS_LO12_NC	.rodata.str1.1	+1dfc
.rela.text	0x0000000000005248	R_AARCH64_CALL26	_printk	+0
.rela.text	0x000000000000524c	R_AARCH64_LDST64_ABS_LO12_NC	hyn_ts_data	+0
.rela.text	0x0000000000005250	R_AARCH64_ADR_PREL_PG_HI21	.data	+7c68
.rela.text	0x0000000000005254	R_AARCH64_ADD_ABS_LO12_NC	.data	+7c68
.rela.text	0x000000000000525c	R_AARCH64_CALL26	sysfs_remove_group	+0
.rela.text	0x0000000000005264	R_AARCH64_ADR_PREL_PG_HI21	hyn_gesture_data	+404
.rela.text	0x0000000000005268	R_AARCH64_ADD_ABS_LO12_NC	hyn_gesture_data	+404
.rela.text	0x000000000000526c	R_AARCH64_ADR_PREL_PG_HI21	.rodata.str1.1	+1184
.rela.text	0x0000000000005270	R_AARCH64_ADD_ABS_LO12_NC	.rodata.str1.1	+1184
.rela.text	0x0000000000005274	R_AARCH64_ADR_PREL_PG_HI21	.rodata.str1.1	+65f
.rela.text	0x0000000000005278	R_AARCH64_ADD_ABS_LO12_NC	.rodata.str1.1	+65f
.rela.text	0x0000000000005288	R_AARCH64_CALL26	_printk	+0
.rela.text	0x00000000000052b0	R_AARCH64_ADR_PREL_PG_HI21	.rodata.str1.1	+aa3
.rela.text	0x00000000000052b4	R_AARCH64_ADD_ABS_LO12_NC	.rodata.str1.1	+aa3
.rela.text	0x00000000000052b8	R_AARCH64_ADR_PREL_PG_HI21	.rodata.str1.1	+17e4
.rela.text	0x00000000000052bc	R_AARCH64_ADD_ABS_LO12_NC	.rodata.str1.1	+17e4
.rela.text	0x00000000000052c0	R_AARCH64_CALL26	_printk	+0
.rela.text	0x00000000000052c4	R_AARCH64_ADR_PREL_PG_HI21	hyn_ts_data	+0
.rela.text	0x00000000000052c8	R_AARCH64_LDST64_ABS_LO12_NC	hyn_ts_data	+0
.rela.text	0x00000000000052e4	R_AARCH64_ADR_PREL_PG_HI21	.data	+7c68
.rela.text	0x00000000000052e8	R_AARCH64_ADD_ABS_LO12_NC	.data	+7c68
.rela.text	0x00000000000052ec	R_AARCH64_CALL26	sysfs_remove_group	+0
.rela.text	0x00000000000052f0	R_AARCH64_ADR_PREL_PG_HI21	.rodata.str1.1	+1184
.rela.text	0x00000000000052f4	R_AARCH64_ADD_ABS_LO12_NC	.rodata.str1.1	+1184
.rela.text	0x00000000000052f8	R_AARCH64_ADR_PREL_PG_HI21	.rodata.str1.1	+17e4
.rela.text	0x00000000000052fc	R_AARCH64_ADD_ABS_LO12_NC	.rodata.str1.1	+17e4
.rela.text	0x0000000000005304	R_AARCH64_CALL26	_printk	+0
.rela.text	0x000000000000532c	R_AARCH64_ADR_PREL_PG_HI21	.rodata.str1.1	+2773
.rela.text	0x0000000000005330	R_AARCH64_ADD_ABS_LO12_NC	.rodata.str1.1	+2773
.rela.text	0x0000000000005334	R_AARCH64_ADR_PREL_PG_HI21	.rodata.str1.1	+aa3
.rela.text	0x0000000000005338	R_AARCH64_ADD_ABS_LO12_NC	.rodata.str1.1	+aa3
.rela.text	0x0000000000005344	R_AARCH64_CALL26	_printk	+0
.rela.text	0x0000000000005348	R_AARCH64_ADR_PREL_PG_HI21	hyn_ts_data	+0
.rela.text	0x000000000000534c	R_AARCH64_LDST64_ABS_LO12_NC	hyn_ts_data	+0
.rela.text	0x0000000000005358	R_AARCH64_CALL26	mutex_lock	+0
.rela.text	0x000000000000535c	R_AARCH64_ADR_PREL_PG_HI21	hyn_gesture_data	+406
.rela.text	0x0000000000005360	R_AARCH64_ADD_ABS_LO12_NC	hyn_gesture_data	+406
.rela.text	0x0000000000005364	R_AARCH64_ADR_PREL_PG_HI21	.rodata.str1.1	+1035
.rela.text	0x0000000000005368	R_AARCH64_ADD_ABS_LO12_NC	.rodata.str1.1	+1035
.rela.text	0x000000000000536c	R_AARCH64_ADR_PREL_PG_HI21	.rodata.str1.1	+f95
.rela.text	0x0000000000005370	R_AARCH64_ADD_ABS_LO12_NC	.rodata.str1.1	+f95
.rela.text	0x0000000000005378	R_AARCH64_ADR_PREL_PG_HI21	.rodata.str1.1	+15eb
.rela.text	0x000000000000537c	R_AARCH64_ADD_ABS_LO12_NC	.rodata.str1.1	+15eb
.rela.text	0x000000000000538c	R_AARCH64_CALL26	sprintf	+0
.rela.text	0x000000000000539c	R_AARCH64_ADR_PREL_PG_HI21	.rodata.str1.1	+2629
.rela.text	0x00000000000053a0	R_AARCH64_ADD_ABS_LO12_NC	.rodata.str1.1	+2629
.rela.text	0x00000000000053a4	R_AARCH64_CALL26	sprintf	+0
.rela.text	0x00000000000053a8	R_AARCH64_LDST64_ABS_LO12_NC	hyn_ts_data	+0
.rela.text	0x00000000000053b8	R_AARCH64_CALL26	mutex_unlock	+0
.rela.text	0x00000000000053bc	R_AARCH64_ADR_PREL_PG_HI21	.rodata.str1.1	+1184
.rela.text	0x00000000000053c0	R_AARCH64_ADD_ABS_LO12_NC	.rodata.str1.1	+1184
.rela.text	0x00000000000053cc	R_AARCH64_CALL26	_printk	+0
.rela.text	0x0000000000005404	R_AARCH64_ADR_PREL_PG_HI21	.rodata.str1.1	+aa3
.rela.text	0x0000000000005408	R_AARCH64_ADD_ABS_LO12_NC	.rodata.str1.1	+aa3
.rela.text	0x000000000000540c	R_AARCH64_ADR_PREL_PG_HI21	.rodata.str1.1	+2784
.rela.text	0x0000000000005410	R_AARCH64_ADD_ABS_LO12_NC	.rodata.str1.1	+2784
.rela.text	0x000000000000541c	R_AARCH64_CALL26	_printk	+0
.rela.text	0x0000000000005420	R_AARCH64_ADR_PREL_PG_HI21	hyn_ts_data	+0
.rela.text	0x0000000000005424	R_AARCH64_LDST64_ABS_LO12_NC	hyn_ts_data	+0
.rela.text	0x0000000000005430	R_AARCH64_CALL26	mutex_lock	+0
.rela.text	0x0000000000005444	R_AARCH64_ADR_PREL_PG_HI21	.rodata.str1.1	+d83
.rela.text	0x0000000000005448	R_AARCH64_ADD_ABS_LO12_NC	.rodata.str1.1	+d83
.rela.text	0x0000000000005450	R_AARCH64_ADR_PREL_PG_HI21	.rodata.str1.1	+1da2
.rela.text	0x0000000000005454	R_AARCH64_ADD_ABS_LO12_NC	.rodata.str1.1	+1da2
.rela.text	0x0000000000005458	R_AARCH64_CALL26	_printk	+0
.rela.text	0x000000000000545c	R_AARCH64_ADR_PREL_PG_HI21	hyn_gesture_data	+407
.rela.text	0x0000000000005460	R_AARCH64_LDST8_ABS_LO12_NC	hyn_gesture_data	+407
.rela.text	0x0000000000005464	R_AARCH64_LDST64_ABS_LO12_NC	hyn_ts_data	+0
.rela.text	0x0000000000005470	R_AARCH64_CALL26	mutex_unlock	+0
.rela.text	0x0000000000005474	R_AARCH64_ADR_PREL_PG_HI21	.rodata.str1.1	+1184
.rela.text	0x0000000000005478	R_AARCH64_ADD_ABS_LO12_NC	.rodata.str1.1	+1184
.rela.text	0x000000000000547c	R_AARCH64_ADR_PREL_PG_HI21	.rodata.str1.1	+2784
.rela.text	0x0000000000005480	R_AARCH64_ADD_ABS_LO12_NC	.rodata.str1.1	+2784
.rela.text	0x0000000000005488	R_AARCH64_CALL26	_printk	+0
.rela.text	0x00000000000054c4	R_AARCH64_ADR_PREL_PG_HI21	.rodata.str1.1	+aa3
.rela.text	0x00000000000054c8	R_AARCH64_ADD_ABS_LO12_NC	.rodata.str1.1	+aa3
.rela.text	0x00000000000054cc	R_AARCH64_ADR_PREL_PG_HI21	.rodata.str1.1	+909
.rela.text	0x00000000000054d0	R_AARCH64_ADD_ABS_LO12_NC	.rodata.str1.1	+909
.rela.text	0x00000000000054d8	R_AARCH64_CALL26	_printk	+0
.rela.text	0x00000000000054dc	R_AARCH64_ADR_PREL_PG_HI21	hyn_ts_data	+0
.rela.text	0x00000000000054e0	R_AARCH64_LDST64_ABS_LO12_NC	hyn_ts_data	+0
.rela.text	0x00000000000054ec	R_AARCH64_CALL26	mutex_lock	+0
.rela.text	0x00000000000054f0	R_AARCH64_ADR_PREL_PG_HI21	hyn_gesture_data	+0
.rela.text	0x00000000000054f4	R_AARCH64_ADD_ABS_LO12_NC	hyn_gesture_data	+0
.rela.text	0x00000000000054f8	R_AARCH64_ADR_PREL_PG_HI21	.rodata.str1.1	+1e41
.rela.text	0x00000000000054fc	R_AARCH64_ADD_ABS_LO12_NC	.rodata.str1.1	+1e41
.rela.text	0x000000000000550c	R_AARCH64_CALL26	snprintf	+0
.rela.text	0x000000000000551c	R_AARCH64_ADR_PREL_PG_HI21	.rodata.str1.1	+1a10
.rela.text	0x0000000000005520	R_AARCH64_ADD_ABS_LO12_NC	.rodata.str1.1	+1a10
.rela.text	0x0000000000005528	R_AARCH64_CALL26	snprintf	+0
.rela.text	0x000000000000552c	R_AARCH64_ADR_PREL_PG_HI21	.rodata.str1.1	+126d
.rela.text	0x0000000000005530	R_AARCH64_ADD_ABS_LO12_NC	.rodata.str1.1	+126d
.rela.text	0x0000000000005568	R_AARCH64_LDST64_ABS_LO12_NC	hyn_ts_data	+0
.rela.text	0x0000000000005574	R_AARCH64_CALL26	mutex_unlock	+0
.rela.text	0x0000000000005578	R_AARCH64_ADR_PREL_PG_HI21	.rodata.str1.1	+1184
.rela.text	0x000000000000557c	R_AARCH64_ADD_ABS_LO12_NC	.rodata.str1.1	+1184
.rela.text	0x0000000000005580	R_AARCH64_ADR_PREL_PG_HI21	.rodata.str1.1	+909
.rela.text	0x0000000000005584	R_AARCH64_ADD_ABS_LO12_NC	.rodata.str1.1	+909
.rela.text	0x000000000000558c	R_AARCH64_CALL26	_printk	+0
.rela.text	0x00000000000055b8	R_AARCH64_ADR_PREL_PG_HI21	hyn_gesture_data	+1
.rela.text	0x00000000000055bc	R_AARCH64_ADR_PREL_PG_HI21	.rodata.str1.1	+ea7
.rela.text	0x00000000000055c0	R_AARCH64_ADD_ABS_LO12_NC	.rodata.str1.1	+ea7
.rela.text	0x00000000000055c8	R_AARCH64_LDST8_ABS_LO12_NC	hyn_gesture_data	+1
.rela.text	0x00000000000055f0	R_AARCH64_CALL26	snprintf	+0
.rela___ksymtab+tiny_tp_power_contorl	0x000000000000000c	R_AARCH64_PREL32	tiny_tp_power_contorl	+0
.rela___ksymtab+tiny_tp_power_contorl	0x0000000000000010	R_AARCH64_PREL32	__ksymtab_strings	+0
.rela___ksymtab+tiny_tp_power_contorl	0x0000000000000014	R_AARCH64_PREL32	__ksymtab_strings	+16
.rela___ksymtab+tiny_tp_power_contorl	0x0000000000000000	R_AARCH64_PREL32	tiny_tp_gesture_contorl	+0
.rela___ksymtab+tiny_tp_power_contorl	0x0000000000000004	R_AARCH64_PREL32	__ksymtab_strings	+17
.rela___ksymtab+tiny_tp_power_contorl	0x0000000000000008	R_AARCH64_PREL32	__ksymtab_strings	+16
.rela.init.text	0x0000000000000014	R_AARCH64_ADR_PREL_PG_HI21	.rodata.str1.1	+aa3
.rela.init.text	0x0000000000000018	R_AARCH64_ADD_ABS_LO12_NC	.rodata.str1.1	+aa3
.rela.init.text	0x000000000000001c	R_AARCH64_ADR_PREL_PG_HI21	.rodata.str1.1	+2499
.rela.init.text	0x0000000000000020	R_AARCH64_ADD_ABS_LO12_NC	.rodata.str1.1	+2499
.rela.init.text	0x0000000000000024	R_AARCH64_CALL26	_printk	+0
.rela.init.text	0x0000000000000028	R_AARCH64_ADR_PREL_PG_HI21	.rodata.str1.1	+c7b
.rela.init.text	0x000000000000002c	R_AARCH64_ADD_ABS_LO12_NC	.rodata.str1.1	+c7b
.rela.init.text	0x0000000000000030	R_AARCH64_ADR_PREL_PG_HI21	.rodata.str1.1	+1829
.rela.init.text	0x0000000000000034	R_AARCH64_ADD_ABS_LO12_NC	.rodata.str1.1	+1829
.rela.init.text	0x0000000000000038	R_AARCH64_CALL26	_printk	+0
.rela.init.text	0x000000000000003c	R_AARCH64_ADR_PREL_PG_HI21	.data	+0
.rela.init.text	0x0000000000000040	R_AARCH64_ADD_ABS_LO12_NC	.data	+0
.rela.init.text	0x000000000000004c	R_AARCH64_CALL26	yft_touchpanel_device_add	+0
.rela.init.text	0x0000000000000050	R_AARCH64_ADR_PREL_PG_HI21	__this_module	+0
.rela.init.text	0x0000000000000054	R_AARCH64_ADD_ABS_LO12_NC	__this_module	+0
.rela.init.text	0x000000000000005c	R_AARCH64_CALL26	i2c_register_driver	+0
.rela.init.text	0x0000000000000064	R_AARCH64_ADR_PREL_PG_HI21	.rodata.str1.1	+1184
.rela.init.text	0x0000000000000068	R_AARCH64_ADD_ABS_LO12_NC	.rodata.str1.1	+1184
.rela.init.text	0x000000000000006c	R_AARCH64_ADR_PREL_PG_HI21	.rodata.str1.1	+2499
.rela.init.text	0x0000000000000070	R_AARCH64_ADD_ABS_LO12_NC	.rodata.str1.1	+2499
.rela.init.text	0x0000000000000078	R_AARCH64_CALL26	_printk	+0
.rela.init.text	0x0000000000000084	R_AARCH64_ADR_PREL_PG_HI21	.rodata.str1.1	+5e0
.rela.init.text	0x0000000000000088	R_AARCH64_ADD_ABS_LO12_NC	.rodata.str1.1	+5e0
.rela.init.text	0x000000000000008c	R_AARCH64_CALL26	_printk	+0
.rela.exit.text	0x0000000000000014	R_AARCH64_ADR_PREL_PG_HI21	.rodata.str1.1	+8c7
.rela.exit.text	0x0000000000000018	R_AARCH64_ADD_ABS_LO12_NC	.rodata.str1.1	+8c7
.rela.exit.text	0x000000000000001c	R_AARCH64_ADR_PREL_PG_HI21	.rodata.str1.1	+aa3
.rela.exit.text	0x0000000000000020	R_AARCH64_ADD_ABS_LO12_NC	.rodata.str1.1	+aa3
.rela.exit.text	0x0000000000000028	R_AARCH64_CALL26	_printk	+0
.rela.exit.text	0x000000000000002c	R_AARCH64_ADR_PREL_PG_HI21	.data	+0
.rela.exit.text	0x0000000000000030	R_AARCH64_ADD_ABS_LO12_NC	.data	+0
.rela.exit.text	0x0000000000000034	R_AARCH64_CALL26	i2c_del_driver	+0
.rela.exit.text	0x0000000000000038	R_AARCH64_ADR_PREL_PG_HI21	.rodata.str1.1	+1184
.rela.exit.text	0x000000000000003c	R_AARCH64_ADD_ABS_LO12_NC	.rodata.str1.1	+1184
.rela.exit.text	0x0000000000000048	R_AARCH64_CALL26	_printk	+0
.rela.init.data	0x0000000000000000	R_AARCH64_ABS64	init_module	+0
.rela.exit.data	0x0000000000000000	R_AARCH64_ABS64	cleanup_module	+0
.rela.data	0x0000000000000008	R_AARCH64_ABS64	.text	+1bec
.rela.data	0x0000000000000010	R_AARCH64_ABS64	.text	+2334
.rela.data	0x0000000000000038	R_AARCH64_ABS64	.rodata.str1.1	+17f5
.rela.data	0x0000000000000048	R_AARCH64_ABS64	__this_module	+0
.rela.data	0x0000000000000060	R_AARCH64_ABS64	.rodata	+40
.rela.data	0x00000000000000e8	R_AARCH64_ABS64	.rodata	+0
.rela.data	0x00000000000000f0	R_AARCH64_ABS64	.text	+2394
.rela.data	0x0000000000000130	R_AARCH64_ABS64	.data	+170
.rela.data	0x0000000000000150	R_AARCH64_ABS64	.data	+150
.rela.data	0x0000000000000158	R_AARCH64_ABS64	.data	+150
.rela.data	0x0000000000000170	R_AARCH64_ABS64	.data	+1a0
.rela.data	0x0000000000000178	R_AARCH64_ABS64	.data	+1c0
.rela.data	0x0000000000000180	R_AARCH64_ABS64	.data	+1e0
.rela.data	0x0000000000000188	R_AARCH64_ABS64	.data	+200
.rela.data	0x0000000000000190	R_AARCH64_ABS64	.data	+220
.rela.data	0x00000000000001a0	R_AARCH64_ABS64	.rodata.str1.1	+1533
.rela.data	0x00000000000001b0	R_AARCH64_ABS64	.text	+2b24
.rela.data	0x00000000000001b8	R_AARCH64_ABS64	.text	+2db4
.rela.data	0x00000000000001c0	R_AARCH64_ABS64	.rodata.str1.1	+16c8
.rela.data	0x00000000000001d0	R_AARCH64_ABS64	.text	+2dc0
.rela.data	0x00000000000001d8	R_AARCH64_ABS64	.text	+2dcc
.rela.data	0x00000000000001e0	R_AARCH64_ABS64	.rodata.str1.1	+961
.rela.data	0x00000000000001f0	R_AARCH64_ABS64	.text	+2e30
.rela.data	0x00000000000001f8	R_AARCH64_ABS64	.text	+2eec
.rela.data	0x0000000000000200	R_AARCH64_ABS64	.rodata.str1.1	+a93
.rela.data	0x0000000000000210	R_AARCH64_ABS64	.text	+30f0
.rela.data	0x0000000000000218	R_AARCH64_ABS64	.text	+30fc
.rela.data	0x0000000000000220	R_AARCH64_ABS64	.rodata.str1.1	+234b
.rela.data	0x0000000000000230	R_AARCH64_ABS64	.text	+3268
.rela.data	0x0000000000000238	R_AARCH64_ABS64	.text	+3294
.rela.data	0x0000000000007ab0	R_AARCH64_ABS64	.rodata.str1.1	+176f
.rela.data	0x0000000000007ab8	R_AARCH64_ABS64	.data	+240
.rela.data	0x0000000000007ac8	R_AARCH64_ABS64	.rodata.str1.1	+21ce
.rela.data	0x0000000000007ad0	R_AARCH64_ABS64	.data	+3e7b
.rela.data	0x0000000000007ae0	R_AARCH64_ABS64	.rodata.str1.1	+176f
.rela.data	0x0000000000007ae8	R_AARCH64_ABS64	.data	+240
.rela.data	0x0000000000007c80	R_AARCH64_ABS64	.data	+7c90
.rela.data	0x0000000000007c90	R_AARCH64_ABS64	.data	+7ca8
.rela.data	0x0000000000007c98	R_AARCH64_ABS64	.data	+7cc8
.rela.data	0x0000000000007ca8	R_AARCH64_ABS64	.rodata.str1.1	+125c
.rela.data	0x0000000000007cb8	R_AARCH64_ABS64	.text	+5314
.rela.data	0x0000000000007cc0	R_AARCH64_ABS64	.text	+53f0
.rela.data	0x0000000000007cc8	R_AARCH64_ABS64	.rodata.str1.1	+2389
.rela.data	0x0000000000007cd8	R_AARCH64_ABS64	.text	+54a8
.rela.data	0x0000000000007ce0	R_AARCH64_ABS64	.text	+5614
.rela.eh_frame	0x000000000000001c	R_AARCH64_PREL32	.text	+4
.rela.eh_frame	0x0000000000000030	R_AARCH64_PREL32	.text	+c
.rela.eh_frame	0x0000000000000064	R_AARCH64_PREL32	.text	+184
.rela.eh_frame	0x0000000000000090	R_AARCH64_PREL32	.text	+1cc
.rela.eh_frame	0x00000000000000bc	R_AARCH64_PREL32	.text	+210
.rela.eh_frame	0x00000000000000ec	R_AARCH64_PREL32	.text	+300
.rela.eh_frame	0x0000000000000120	R_AARCH64_PREL32	.text	+538
.rela.eh_frame	0x0000000000000164	R_AARCH64_PREL32	.text	+aa8
.rela.eh_frame	0x00000000000001ac	R_AARCH64_PREL32	.text	+de0
.rela.eh_frame	0x00000000000001e0	R_AARCH64_PREL32	.text	+f50
.rela.eh_frame	0x0000000000000210	R_AARCH64_PREL32	.text	+1038
.rela.eh_frame	0x0000000000000244	R_AARCH64_PREL32	.text	+1194
.rela.eh_frame	0x0000000000000284	R_AARCH64_PREL32	.text	+1670
.rela.eh_frame	0x00000000000002b8	R_AARCH64_PREL32	.text	+18b4
.rela.eh_frame	0x00000000000002e4	R_AARCH64_PREL32	.init.text	+4
.rela.eh_frame	0x0000000000000314	R_AARCH64_PREL32	.exit.text	+4
.rela.eh_frame	0x0000000000000340	R_AARCH64_PREL32	.text	+191c
.rela.eh_frame	0x000000000000037c	R_AARCH64_PREL32	.text	+19e8
.rela.eh_frame	0x00000000000003a8	R_AARCH64_PREL32	.text	+1a30
.rela.eh_frame	0x00000000000003d8	R_AARCH64_PREL32	.text	+1a90
.rela.eh_frame	0x0000000000000410	R_AARCH64_PREL32	.text	+1b80
.rela.eh_frame	0x0000000000000440	R_AARCH64_PREL32	.text	+1bec
.rela.eh_frame	0x000000000000047c	R_AARCH64_PREL32	.text	+2334
.rela.eh_frame	0x00000000000004ac	R_AARCH64_PREL32	.text	+2394
.rela.eh_frame	0x00000000000004d4	R_AARCH64_PREL32	.text	+23b8
.rela.eh_frame	0x000000000000050c	R_AARCH64_PREL32	.text	+245c
.rela.eh_frame	0x000000000000053c	R_AARCH64_PREL32	.text	+24c4
.rela.eh_frame	0x000000000000056c	R_AARCH64_PREL32	.text	+2568
.rela.eh_frame	0x00000000000005a0	R_AARCH64_PREL32	.text	+2638
.rela.eh_frame	0x00000000000005dc	R_AARCH64_PREL32	.text	+278c
.rela.eh_frame	0x0000000000000614	R_AARCH64_PREL32	.text	+28a4
.rela.eh_frame	0x0000000000000648	R_AARCH64_PREL32	.text	+2900
.rela.eh_frame	0x000000000000067c	R_AARCH64_PREL32	.text	+295c
.rela.eh_frame	0x00000000000006c4	R_AARCH64_PREL32	.text	+29ec
.rela.eh_frame	0x00000000000006f4	R_AARCH64_PREL32	.text	+2aec
.rela.eh_frame	0x0000000000000720	R_AARCH64_PREL32	.text	+2b24
.rela.eh_frame	0x0000000000000768	R_AARCH64_PREL32	.text	+2db4
.rela.eh_frame	0x000000000000077c	R_AARCH64_PREL32	.text	+2dc0
.rela.eh_frame	0x0000000000000790	R_AARCH64_PREL32	.text	+2dcc
.rela.eh_frame	0x00000000000007c0	R_AARCH64_PREL32	.text	+2e30
.rela.eh_frame	0x00000000000007f0	R_AARCH64_PREL32	.text	+2eec
.rela.eh_frame	0x0000000000000828	R_AARCH64_PREL32	.text	+30f0
.rela.eh_frame	0x000000000000083c	R_AARCH64_PREL32	.text	+30fc
.rela.eh_frame	0x0000000000000878	R_AARCH64_PREL32	.text	+3268
.rela.eh_frame	0x00000000000008a4	R_AARCH64_PREL32	.text	+3294
.rela.eh_frame	0x00000000000008e4	R_AARCH64_PREL32	.text	+32cc
.rela.eh_frame	0x0000000000000918	R_AARCH64_PREL32	.text	+35e0
.rela.eh_frame	0x0000000000000958	R_AARCH64_PREL32	.text	+3744
.rela.eh_frame	0x0000000000000988	R_AARCH64_PREL32	.text	+37d8
.rela.eh_frame	0x00000000000009c8	R_AARCH64_PREL32	.text	+3dac
.rela.eh_frame	0x0000000000000a04	R_AARCH64_PREL32	.text	+3efc
.rela.eh_frame	0x0000000000000a5c	R_AARCH64_PREL32	.text	+46a0
.rela.eh_frame	0x0000000000000a90	R_AARCH64_PREL32	.text	+4744
.rela.eh_frame	0x0000000000000ac0	R_AARCH64_PREL32	.text	+4810
.rela.eh_frame	0x0000000000000afc	R_AARCH64_PREL32	.text	+49dc
.rela.eh_frame	0x0000000000000b30	R_AARCH64_PREL32	.text	+4ae8
.rela.eh_frame	0x0000000000000b5c	R_AARCH64_PREL32	.text	+4b3c
.rela.eh_frame	0x0000000000000b88	R_AARCH64_PREL32	.text	+4b90
.rela.eh_frame	0x0000000000000bc0	R_AARCH64_PREL32	.text	+4f88
.rela.eh_frame	0x0000000000000bf0	R_AARCH64_PREL32	.text	+50a4
.rela.eh_frame	0x0000000000000c24	R_AARCH64_PREL32	.text	+52a4
.rela.eh_frame	0x0000000000000c50	R_AARCH64_PREL32	.text	+5314
.rela.eh_frame	0x0000000000000c8c	R_AARCH64_PREL32	.text	+53f0
.rela.eh_frame	0x0000000000000cc0	R_AARCH64_PREL32	.text	+54a8
.rela.eh_frame	0x0000000000000d08	R_AARCH64_PREL32	.text	+5614
.rela.gnu.linkonce.this_module	0x0000000000000170	R_AARCH64_ABS64	init_module	+0
.rela.gnu.linkonce.this_module	0x00000000000003d8	R_AARCH64_ABS64	cleanup_module	+0
