sha256	module_name	filename	locations	crc	symbol
28fb6a324e432547b98f618d7981a4940dc3e5bf9b319b0181b339d3e8bd062b	mtk_disp_notify	mtk_disp_notify.ko	vendor_boot_platform	0x92997ed8	_printk
28fb6a324e432547b98f618d7981a4940dc3e5bf9b319b0181b339d3e8bd062b	mtk_disp_notify	mtk_disp_notify.ko	vendor_boot_platform	0xbb0c86a5	blocking_notifier_chain_register
28fb6a324e432547b98f618d7981a4940dc3e5bf9b319b0181b339d3e8bd062b	mtk_disp_notify	mtk_disp_notify.ko	vendor_boot_platform	0x963aa2a9	blocking_notifier_chain_unregister
28fb6a324e432547b98f618d7981a4940dc3e5bf9b319b0181b339d3e8bd062b	mtk_disp_notify	mtk_disp_notify.ko	vendor_boot_platform	0x8317ad7c	blocking_notifier_call_chain
28fb6a324e432547b98f618d7981a4940dc3e5bf9b319b0181b339d3e8bd062b	mtk_disp_notify	mtk_disp_notify.ko	vendor_boot_platform	0xea759d7f	module_layout
30abac643ebc7428a5ff350741d22b0f4bdcf65a5a071f55ec7ba78d862ca750	tcpc_mt6375	tcpc_mt6375.ko	vendor_boot_platform	0x894c433a	__platform_driver_register
30abac643ebc7428a5ff350741d22b0f4bdcf65a5a071f55ec7ba78d862ca750	tcpc_mt6375	tcpc_mt6375.ko	vendor_boot_platform	0xe1b15563	platform_driver_unregister
30abac643ebc7428a5ff350741d22b0f4bdcf65a5a071f55ec7ba78d862ca750	tcpc_mt6375	tcpc_mt6375.ko	vendor_boot_platform	0xef3cb484	_dev_info
30abac643ebc7428a5ff350741d22b0f4bdcf65a5a071f55ec7ba78d862ca750	tcpc_mt6375	tcpc_mt6375.ko	vendor_boot_platform	0xd50f026e	devm_kmalloc
30abac643ebc7428a5ff350741d22b0f4bdcf65a5a071f55ec7ba78d862ca750	tcpc_mt6375	tcpc_mt6375.ko	vendor_boot_platform	0x100b434b	dev_get_regmap
30abac643ebc7428a5ff350741d22b0f4bdcf65a5a071f55ec7ba78d862ca750	tcpc_mt6375	tcpc_mt6375.ko	vendor_boot_platform	0xf27ed00b	_dev_err
30abac643ebc7428a5ff350741d22b0f4bdcf65a5a071f55ec7ba78d862ca750	tcpc_mt6375	tcpc_mt6375.ko	vendor_boot_platform	0x4f49d69f	device_property_read_string
30abac643ebc7428a5ff350741d22b0f4bdcf65a5a071f55ec7ba78d862ca750	tcpc_mt6375	tcpc_mt6375.ko	vendor_boot_platform	0x752e64c4	device_property_read_u32_array
30abac643ebc7428a5ff350741d22b0f4bdcf65a5a071f55ec7ba78d862ca750	tcpc_mt6375	tcpc_mt6375.ko	vendor_boot_platform	0xd4b590ed	device_property_present
30abac643ebc7428a5ff350741d22b0f4bdcf65a5a071f55ec7ba78d862ca750	tcpc_mt6375	tcpc_mt6375.ko	vendor_boot_platform	0x7436d39e	_dev_notice
30abac643ebc7428a5ff350741d22b0f4bdcf65a5a071f55ec7ba78d862ca750	tcpc_mt6375	tcpc_mt6375.ko	vendor_boot_platform	0x253af43d	delayed_work_timer_fn
30abac643ebc7428a5ff350741d22b0f4bdcf65a5a071f55ec7ba78d862ca750	tcpc_mt6375	tcpc_mt6375.ko	vendor_boot_platform	0x79cf5987	init_timer_key
30abac643ebc7428a5ff350741d22b0f4bdcf65a5a071f55ec7ba78d862ca750	tcpc_mt6375	tcpc_mt6375.ko	vendor_boot_platform	0xa33a8bc2	devm_iio_channel_get_all
30abac643ebc7428a5ff350741d22b0f4bdcf65a5a071f55ec7ba78d862ca750	tcpc_mt6375	tcpc_mt6375.ko	vendor_boot_platform	0x126f9b9b	tcpc_device_unregister
30abac643ebc7428a5ff350741d22b0f4bdcf65a5a071f55ec7ba78d862ca750	tcpc_mt6375	tcpc_mt6375.ko	vendor_boot_platform	0xc2c193d2	__stack_chk_fail
30abac643ebc7428a5ff350741d22b0f4bdcf65a5a071f55ec7ba78d862ca750	tcpc_mt6375	tcpc_mt6375.ko	vendor_boot_platform	0x3ce4ca6f	disable_irq
30abac643ebc7428a5ff350741d22b0f4bdcf65a5a071f55ec7ba78d862ca750	tcpc_mt6375	tcpc_mt6375.ko	vendor_boot_platform	0x1c7ea990	device_wakeup_disable
30abac643ebc7428a5ff350741d22b0f4bdcf65a5a071f55ec7ba78d862ca750	tcpc_mt6375	tcpc_mt6375.ko	vendor_boot_platform	0x490c3055	device_set_wakeup_capable
30abac643ebc7428a5ff350741d22b0f4bdcf65a5a071f55ec7ba78d862ca750	tcpc_mt6375	tcpc_mt6375.ko	vendor_boot_platform	0xf8beca97	cancel_delayed_work_sync
30abac643ebc7428a5ff350741d22b0f4bdcf65a5a071f55ec7ba78d862ca750	tcpc_mt6375	tcpc_mt6375.ko	vendor_boot_platform	0x3b13f1ba	tcpm_shutdown
30abac643ebc7428a5ff350741d22b0f4bdcf65a5a071f55ec7ba78d862ca750	tcpc_mt6375	tcpc_mt6375.ko	vendor_boot_platform	0x8c0215f2	pm_system_wakeup
30abac643ebc7428a5ff350741d22b0f4bdcf65a5a071f55ec7ba78d862ca750	tcpc_mt6375	tcpc_mt6375.ko	vendor_boot_platform	0x16e9a06b	tcpci_lock_typec
30abac643ebc7428a5ff350741d22b0f4bdcf65a5a071f55ec7ba78d862ca750	tcpc_mt6375	tcpc_mt6375.ko	vendor_boot_platform	0xff65f0c0	tcpci_is_plugged_in
30abac643ebc7428a5ff350741d22b0f4bdcf65a5a071f55ec7ba78d862ca750	tcpc_mt6375	tcpc_mt6375.ko	vendor_boot_platform	0x7a0d7b35	tcpci_unlock_typec
30abac643ebc7428a5ff350741d22b0f4bdcf65a5a071f55ec7ba78d862ca750	tcpc_mt6375	tcpc_mt6375.ko	vendor_boot_platform	0x2d3385d3	system_wq
30abac643ebc7428a5ff350741d22b0f4bdcf65a5a071f55ec7ba78d862ca750	tcpc_mt6375	tcpc_mt6375.ko	vendor_boot_platform	0xbf57e89e	queue_delayed_work_on
30abac643ebc7428a5ff350741d22b0f4bdcf65a5a071f55ec7ba78d862ca750	tcpc_mt6375	tcpc_mt6375.ko	vendor_boot_platform	0x117b6a26	tcpc_typec_handle_wd
30abac643ebc7428a5ff350741d22b0f4bdcf65a5a071f55ec7ba78d862ca750	tcpc_mt6375	tcpc_mt6375.ko	vendor_boot_platform	0x6536e1a8	tcpci_notify_vbus_short_cc_status
30abac643ebc7428a5ff350741d22b0f4bdcf65a5a071f55ec7ba78d862ca750	tcpc_mt6375	tcpc_mt6375.ko	vendor_boot_platform	0xf0a933ca	tcpc_device_register
30abac643ebc7428a5ff350741d22b0f4bdcf65a5a071f55ec7ba78d862ca750	tcpc_mt6375	tcpc_mt6375.ko	vendor_boot_platform	0xc3055d20	usleep_range_state
30abac643ebc7428a5ff350741d22b0f4bdcf65a5a071f55ec7ba78d862ca750	tcpc_mt6375	tcpc_mt6375.ko	vendor_boot_platform	0x7923336f	platform_get_irq_byname
30abac643ebc7428a5ff350741d22b0f4bdcf65a5a071f55ec7ba78d862ca750	tcpc_mt6375	tcpc_mt6375.ko	vendor_boot_platform	0x088b197f	device_wakeup_enable
30abac643ebc7428a5ff350741d22b0f4bdcf65a5a071f55ec7ba78d862ca750	tcpc_mt6375	tcpc_mt6375.ko	vendor_boot_platform	0x0570ef04	devm_request_threaded_irq
30abac643ebc7428a5ff350741d22b0f4bdcf65a5a071f55ec7ba78d862ca750	tcpc_mt6375	tcpc_mt6375.ko	vendor_boot_platform	0x1348649e	alt_cb_patch_nops
30abac643ebc7428a5ff350741d22b0f4bdcf65a5a071f55ec7ba78d862ca750	tcpc_mt6375	tcpc_mt6375.ko	vendor_boot_platform	0xfe487975	init_wait_entry
30abac643ebc7428a5ff350741d22b0f4bdcf65a5a071f55ec7ba78d862ca750	tcpc_mt6375	tcpc_mt6375.ko	vendor_boot_platform	0x8c26d495	prepare_to_wait_event
30abac643ebc7428a5ff350741d22b0f4bdcf65a5a071f55ec7ba78d862ca750	tcpc_mt6375	tcpc_mt6375.ko	vendor_boot_platform	0x01000e51	schedule
30abac643ebc7428a5ff350741d22b0f4bdcf65a5a071f55ec7ba78d862ca750	tcpc_mt6375	tcpc_mt6375.ko	vendor_boot_platform	0x92540fbf	finish_wait
30abac643ebc7428a5ff350741d22b0f4bdcf65a5a071f55ec7ba78d862ca750	tcpc_mt6375	tcpc_mt6375.ko	vendor_boot_platform	0xed962ff1	regmap_bulk_read
30abac643ebc7428a5ff350741d22b0f4bdcf65a5a071f55ec7ba78d862ca750	tcpc_mt6375	tcpc_mt6375.ko	vendor_boot_platform	0x6272e817	regmap_bulk_write
30abac643ebc7428a5ff350741d22b0f4bdcf65a5a071f55ec7ba78d862ca750	tcpc_mt6375	tcpc_mt6375.ko	vendor_boot_platform	0xcfc18bfc	iio_read_channel_processed
30abac643ebc7428a5ff350741d22b0f4bdcf65a5a071f55ec7ba78d862ca750	tcpc_mt6375	tcpc_mt6375.ko	vendor_boot_platform	0xf9a482f9	msleep
30abac643ebc7428a5ff350741d22b0f4bdcf65a5a071f55ec7ba78d862ca750	tcpc_mt6375	tcpc_mt6375.ko	vendor_boot_platform	0x30745b36	tcpc_get_dev_data
30abac643ebc7428a5ff350741d22b0f4bdcf65a5a071f55ec7ba78d862ca750	tcpc_mt6375	tcpc_mt6375.ko	vendor_boot_platform	0xeae3dfd6	__const_udelay
30abac643ebc7428a5ff350741d22b0f4bdcf65a5a071f55ec7ba78d862ca750	tcpc_mt6375	tcpc_mt6375.ko	vendor_boot_platform	0xa4a78f74	tcpc_dev_get_by_name
30abac643ebc7428a5ff350741d22b0f4bdcf65a5a071f55ec7ba78d862ca750	tcpc_mt6375	tcpc_mt6375.ko	vendor_boot_platform	0x48fb7437	pd_dbg_info
30abac643ebc7428a5ff350741d22b0f4bdcf65a5a071f55ec7ba78d862ca750	tcpc_mt6375	tcpc_mt6375.ko	vendor_boot_platform	0xdad58a05	tcpc_typec_is_act_as_sink_role
30abac643ebc7428a5ff350741d22b0f4bdcf65a5a071f55ec7ba78d862ca750	tcpc_mt6375	tcpc_mt6375.ko	vendor_boot_platform	0x4829a47e	memcpy
30abac643ebc7428a5ff350741d22b0f4bdcf65a5a071f55ec7ba78d862ca750	tcpc_mt6375	tcpc_mt6375.ko	vendor_boot_platform	0xd653b126	sched_clock
30abac643ebc7428a5ff350741d22b0f4bdcf65a5a071f55ec7ba78d862ca750	tcpc_mt6375	tcpc_mt6375.ko	vendor_boot_platform	0x0ab94724	tcpci_alert_wakeup
30abac643ebc7428a5ff350741d22b0f4bdcf65a5a071f55ec7ba78d862ca750	tcpc_mt6375	tcpc_mt6375.ko	vendor_boot_platform	0xc4f47221	mod_delayed_work_on
30abac643ebc7428a5ff350741d22b0f4bdcf65a5a071f55ec7ba78d862ca750	tcpc_mt6375	tcpc_mt6375.ko	vendor_boot_platform	0xcec4c0ab	tcpc_typec_handle_fod
30abac643ebc7428a5ff350741d22b0f4bdcf65a5a071f55ec7ba78d862ca750	tcpc_mt6375	tcpc_mt6375.ko	vendor_boot_platform	0xcbe57860	tcpc_typec_handle_ctd
30abac643ebc7428a5ff350741d22b0f4bdcf65a5a071f55ec7ba78d862ca750	tcpc_mt6375	tcpc_mt6375.ko	vendor_boot_platform	0x5bcd512c	tcpc_typec_handle_otp
30abac643ebc7428a5ff350741d22b0f4bdcf65a5a071f55ec7ba78d862ca750	tcpc_mt6375	tcpc_mt6375.ko	vendor_boot_platform	0x6f2d399b	tcpci_notify_cc_hi
30abac643ebc7428a5ff350741d22b0f4bdcf65a5a071f55ec7ba78d862ca750	tcpc_mt6375	tcpc_mt6375.ko	vendor_boot_platform	0x5f619089	tcpci_notify_wd0_state
30abac643ebc7428a5ff350741d22b0f4bdcf65a5a071f55ec7ba78d862ca750	tcpc_mt6375	tcpc_mt6375.ko	vendor_boot_platform	0xe088ef99	pm_stay_awake
30abac643ebc7428a5ff350741d22b0f4bdcf65a5a071f55ec7ba78d862ca750	tcpc_mt6375	tcpc_mt6375.ko	vendor_boot_platform	0x95642690	tcpci_alert
30abac643ebc7428a5ff350741d22b0f4bdcf65a5a071f55ec7ba78d862ca750	tcpc_mt6375	tcpc_mt6375.ko	vendor_boot_platform	0xf28b90d8	pm_relax
30abac643ebc7428a5ff350741d22b0f4bdcf65a5a071f55ec7ba78d862ca750	tcpc_mt6375	tcpc_mt6375.ko	vendor_boot_platform	0x1ccba3ae	tcpm_suspend
30abac643ebc7428a5ff350741d22b0f4bdcf65a5a071f55ec7ba78d862ca750	tcpc_mt6375	tcpc_mt6375.ko	vendor_boot_platform	0xf7af27dd	tcpm_resume
30abac643ebc7428a5ff350741d22b0f4bdcf65a5a071f55ec7ba78d862ca750	tcpc_mt6375	tcpc_mt6375.ko	vendor_boot_platform	0x446dd691	tcpm_check_suspend_pending
30abac643ebc7428a5ff350741d22b0f4bdcf65a5a071f55ec7ba78d862ca750	tcpc_mt6375	tcpc_mt6375.ko	vendor_boot_platform	0xea759d7f	module_layout
5c5945457f8e3f37744c95a98075278134a328590d27e00d38dd8de8261078e8	st21nfc	st21nfc.ko	vendor_boot_platform	0x92997ed8	_printk
5c5945457f8e3f37744c95a98075278134a328590d27e00d38dd8de8261078e8	st21nfc	st21nfc.ko	vendor_boot_platform	0x50f5d94e	i2c_register_driver
5c5945457f8e3f37744c95a98075278134a328590d27e00d38dd8de8261078e8	st21nfc	st21nfc.ko	vendor_boot_platform	0xfee5be94	i2c_del_driver
5c5945457f8e3f37744c95a98075278134a328590d27e00d38dd8de8261078e8	st21nfc	st21nfc.ko	vendor_boot_platform	0xd50f026e	devm_kmalloc
5c5945457f8e3f37744c95a98075278134a328590d27e00d38dd8de8261078e8	st21nfc	st21nfc.ko	vendor_boot_platform	0x66e8ab95	devm_gpiod_get
5c5945457f8e3f37744c95a98075278134a328590d27e00d38dd8de8261078e8	st21nfc	st21nfc.ko	vendor_boot_platform	0xd4b590ed	device_property_present
5c5945457f8e3f37744c95a98075278134a328590d27e00d38dd8de8261078e8	st21nfc	st21nfc.ko	vendor_boot_platform	0x49cd25ed	alloc_workqueue
5c5945457f8e3f37744c95a98075278134a328590d27e00d38dd8de8261078e8	st21nfc	st21nfc.ko	vendor_boot_platform	0xa8cb2b21	devm_gpiod_put
5c5945457f8e3f37744c95a98075278134a328590d27e00d38dd8de8261078e8	st21nfc	st21nfc.ko	vendor_boot_platform	0xe46623a3	gpiod_to_irq
5c5945457f8e3f37744c95a98075278134a328590d27e00d38dd8de8261078e8	st21nfc	st21nfc.ko	vendor_boot_platform	0x94a3f9c7	of_property_read_variable_u32_array
5c5945457f8e3f37744c95a98075278134a328590d27e00d38dd8de8261078e8	st21nfc	st21nfc.ko	vendor_boot_platform	0xed55cabd	mutex_unlock
5c5945457f8e3f37744c95a98075278134a328590d27e00d38dd8de8261078e8	st21nfc	st21nfc.ko	vendor_boot_platform	0xd5977bfb	mutex_lock
5c5945457f8e3f37744c95a98075278134a328590d27e00d38dd8de8261078e8	st21nfc	st21nfc.ko	vendor_boot_platform	0x6dbacf3b	gpiod_set_value
5c5945457f8e3f37744c95a98075278134a328590d27e00d38dd8de8261078e8	st21nfc	st21nfc.ko	vendor_boot_platform	0xc3055d20	usleep_range_state
5c5945457f8e3f37744c95a98075278134a328590d27e00d38dd8de8261078e8	st21nfc	st21nfc.ko	vendor_boot_platform	0x141e73eb	gpiod_direction_output
5c5945457f8e3f37744c95a98075278134a328590d27e00d38dd8de8261078e8	st21nfc	st21nfc.ko	vendor_boot_platform	0xf9a482f9	msleep
5c5945457f8e3f37744c95a98075278134a328590d27e00d38dd8de8261078e8	st21nfc	st21nfc.ko	vendor_boot_platform	0xff3802dc	gpiod_direction_input
5c5945457f8e3f37744c95a98075278134a328590d27e00d38dd8de8261078e8	st21nfc	st21nfc.ko	vendor_boot_platform	0xd9a5ea54	__init_waitqueue_head
5c5945457f8e3f37744c95a98075278134a328590d27e00d38dd8de8261078e8	st21nfc	st21nfc.ko	vendor_boot_platform	0xa571f6b0	__mutex_init
5c5945457f8e3f37744c95a98075278134a328590d27e00d38dd8de8261078e8	st21nfc	st21nfc.ko	vendor_boot_platform	0x967ec840	desc_to_gpio
5c5945457f8e3f37744c95a98075278134a328590d27e00d38dd8de8261078e8	st21nfc	st21nfc.ko	vendor_boot_platform	0x06987aeb	misc_register
5c5945457f8e3f37744c95a98075278134a328590d27e00d38dd8de8261078e8	st21nfc	st21nfc.ko	vendor_boot_platform	0xf43d4bfe	sysfs_create_group
5c5945457f8e3f37744c95a98075278134a328590d27e00d38dd8de8261078e8	st21nfc	st21nfc.ko	vendor_boot_platform	0x8be45c3b	wakeup_source_register
5c5945457f8e3f37744c95a98075278134a328590d27e00d38dd8de8261078e8	st21nfc	st21nfc.ko	vendor_boot_platform	0x94a9d12b	misc_deregister
5c5945457f8e3f37744c95a98075278134a328590d27e00d38dd8de8261078e8	st21nfc	st21nfc.ko	vendor_boot_platform	0xfb705284	sysfs_remove_file_ns
5c5945457f8e3f37744c95a98075278134a328590d27e00d38dd8de8261078e8	st21nfc	st21nfc.ko	vendor_boot_platform	0x8c03d20c	destroy_workqueue
5c5945457f8e3f37744c95a98075278134a328590d27e00d38dd8de8261078e8	st21nfc	st21nfc.ko	vendor_boot_platform	0x0bc477a2	irq_set_irq_type
5c5945457f8e3f37744c95a98075278134a328590d27e00d38dd8de8261078e8	st21nfc	st21nfc.ko	vendor_boot_platform	0x0570ef04	devm_request_threaded_irq
5c5945457f8e3f37744c95a98075278134a328590d27e00d38dd8de8261078e8	st21nfc	st21nfc.ko	vendor_boot_platform	0xf1d806db	sysfs_remove_group
5c5945457f8e3f37744c95a98075278134a328590d27e00d38dd8de8261078e8	st21nfc	st21nfc.ko	vendor_boot_platform	0xb511937b	wakeup_source_unregister
5c5945457f8e3f37744c95a98075278134a328590d27e00d38dd8de8261078e8	st21nfc	st21nfc.ko	vendor_boot_platform	0xc4f0da12	ktime_get_with_offset
5c5945457f8e3f37744c95a98075278134a328590d27e00d38dd8de8261078e8	st21nfc	st21nfc.ko	vendor_boot_platform	0xf0d7ec79	gpiod_get_value
5c5945457f8e3f37744c95a98075278134a328590d27e00d38dd8de8261078e8	st21nfc	st21nfc.ko	vendor_boot_platform	0x732ac580	queue_work_on
5c5945457f8e3f37744c95a98075278134a328590d27e00d38dd8de8261078e8	st21nfc	st21nfc.ko	vendor_boot_platform	0x51f60267	i2c_transfer_buffer_flags
5c5945457f8e3f37744c95a98075278134a328590d27e00d38dd8de8261078e8	st21nfc	st21nfc.ko	vendor_boot_platform	0x88db9f48	__check_object_size
5c5945457f8e3f37744c95a98075278134a328590d27e00d38dd8de8261078e8	st21nfc	st21nfc.ko	vendor_boot_platform	0x1348649e	alt_cb_patch_nops
5c5945457f8e3f37744c95a98075278134a328590d27e00d38dd8de8261078e8	st21nfc	st21nfc.ko	vendor_boot_platform	0x4b0a3f52	gic_nonsecure_priorities
5c5945457f8e3f37744c95a98075278134a328590d27e00d38dd8de8261078e8	st21nfc	st21nfc.ko	vendor_boot_platform	0x9a85eebb	__arch_copy_to_user
5c5945457f8e3f37744c95a98075278134a328590d27e00d38dd8de8261078e8	st21nfc	st21nfc.ko	vendor_boot_platform	0xdcb764ad	memset
5c5945457f8e3f37744c95a98075278134a328590d27e00d38dd8de8261078e8	st21nfc	st21nfc.ko	vendor_boot_platform	0x79e4c52b	cpu_hwcaps
5c5945457f8e3f37744c95a98075278134a328590d27e00d38dd8de8261078e8	st21nfc	st21nfc.ko	vendor_boot_platform	0x5dc263fd	memdup_user
5c5945457f8e3f37744c95a98075278134a328590d27e00d38dd8de8261078e8	st21nfc	st21nfc.ko	vendor_boot_platform	0x037a0cba	kfree
5c5945457f8e3f37744c95a98075278134a328590d27e00d38dd8de8261078e8	st21nfc	st21nfc.ko	vendor_boot_platform	0x34db050b	_raw_spin_lock_irqsave
5c5945457f8e3f37744c95a98075278134a328590d27e00d38dd8de8261078e8	st21nfc	st21nfc.ko	vendor_boot_platform	0x27bbf221	disable_irq_nosync
5c5945457f8e3f37744c95a98075278134a328590d27e00d38dd8de8261078e8	st21nfc	st21nfc.ko	vendor_boot_platform	0xfcec0987	enable_irq
5c5945457f8e3f37744c95a98075278134a328590d27e00d38dd8de8261078e8	st21nfc	st21nfc.ko	vendor_boot_platform	0xd35cce70	_raw_spin_unlock_irqrestore
5c5945457f8e3f37744c95a98075278134a328590d27e00d38dd8de8261078e8	st21nfc	st21nfc.ko	vendor_boot_platform	0xaa6e7490	devm_free_irq
5c5945457f8e3f37744c95a98075278134a328590d27e00d38dd8de8261078e8	st21nfc	st21nfc.ko	vendor_boot_platform	0x43b33a8d	pm_wakeup_ws_event
5c5945457f8e3f37744c95a98075278134a328590d27e00d38dd8de8261078e8	st21nfc	st21nfc.ko	vendor_boot_platform	0xe2964344	__wake_up
5c5945457f8e3f37744c95a98075278134a328590d27e00d38dd8de8261078e8	st21nfc	st21nfc.ko	vendor_boot_platform	0x96848186	scnprintf
5c5945457f8e3f37744c95a98075278134a328590d27e00d38dd8de8261078e8	st21nfc	st21nfc.ko	vendor_boot_platform	0x3854774b	kstrtoll
5c5945457f8e3f37744c95a98075278134a328590d27e00d38dd8de8261078e8	st21nfc	st21nfc.ko	vendor_boot_platform	0xc2c193d2	__stack_chk_fail
5c5945457f8e3f37744c95a98075278134a328590d27e00d38dd8de8261078e8	st21nfc	st21nfc.ko	vendor_boot_platform	0xce2840e7	irq_set_irq_wake
5c5945457f8e3f37744c95a98075278134a328590d27e00d38dd8de8261078e8	st21nfc	st21nfc.ko	vendor_boot_platform	0xea759d7f	module_layout
6373afa19d09289400c8a1ae3ab8bf1edb1ba354fa92d16003285e4b79771710	connfem	connfem.ko	vendor_dlkm	0x92997ed8	_printk
6373afa19d09289400c8a1ae3ab8bf1edb1ba354fa92d16003285e4b79771710	connfem	connfem.ko	vendor_dlkm	0xc2c193d2	__stack_chk_fail
6373afa19d09289400c8a1ae3ab8bf1edb1ba354fa92d16003285e4b79771710	connfem	connfem.ko	vendor_dlkm	0x85608491	request_firmware_direct
6373afa19d09289400c8a1ae3ab8bf1edb1ba354fa92d16003285e4b79771710	connfem	connfem.ko	vendor_dlkm	0xc6d09aa9	release_firmware
6373afa19d09289400c8a1ae3ab8bf1edb1ba354fa92d16003285e4b79771710	connfem	connfem.ko	vendor_dlkm	0x4829a47e	memcpy
6373afa19d09289400c8a1ae3ab8bf1edb1ba354fa92d16003285e4b79771710	connfem	connfem.ko	vendor_dlkm	0xdcb764ad	memset
6373afa19d09289400c8a1ae3ab8bf1edb1ba354fa92d16003285e4b79771710	connfem	connfem.ko	vendor_dlkm	0x894c433a	__platform_driver_register
6373afa19d09289400c8a1ae3ab8bf1edb1ba354fa92d16003285e4b79771710	connfem	connfem.ko	vendor_dlkm	0xe3ec2f2b	alloc_chrdev_region
6373afa19d09289400c8a1ae3ab8bf1edb1ba354fa92d16003285e4b79771710	connfem	connfem.ko	vendor_dlkm	0x13f8371b	__class_create
6373afa19d09289400c8a1ae3ab8bf1edb1ba354fa92d16003285e4b79771710	connfem	connfem.ko	vendor_dlkm	0x6bc6324b	device_create
6373afa19d09289400c8a1ae3ab8bf1edb1ba354fa92d16003285e4b79771710	connfem	connfem.ko	vendor_dlkm	0x7d3657fd	cdev_init
6373afa19d09289400c8a1ae3ab8bf1edb1ba354fa92d16003285e4b79771710	connfem	connfem.ko	vendor_dlkm	0xf27a67e1	cdev_add
6373afa19d09289400c8a1ae3ab8bf1edb1ba354fa92d16003285e4b79771710	connfem	connfem.ko	vendor_dlkm	0xc2569e41	device_destroy
6373afa19d09289400c8a1ae3ab8bf1edb1ba354fa92d16003285e4b79771710	connfem	connfem.ko	vendor_dlkm	0xd5fc0938	class_destroy
6373afa19d09289400c8a1ae3ab8bf1edb1ba354fa92d16003285e4b79771710	connfem	connfem.ko	vendor_dlkm	0x6091b333	unregister_chrdev_region
6373afa19d09289400c8a1ae3ab8bf1edb1ba354fa92d16003285e4b79771710	connfem	connfem.ko	vendor_dlkm	0x61ee3bf2	cdev_del
6373afa19d09289400c8a1ae3ab8bf1edb1ba354fa92d16003285e4b79771710	connfem	connfem.ko	vendor_dlkm	0xe1b15563	platform_driver_unregister
6373afa19d09289400c8a1ae3ab8bf1edb1ba354fa92d16003285e4b79771710	connfem	connfem.ko	vendor_dlkm	0x54ad2b23	of_match_device
6373afa19d09289400c8a1ae3ab8bf1edb1ba354fa92d16003285e4b79771710	connfem	connfem.ko	vendor_dlkm	0xb1bf4b3e	of_device_get_match_data
6373afa19d09289400c8a1ae3ab8bf1edb1ba354fa92d16003285e4b79771710	connfem	connfem.ko	vendor_dlkm	0x88db9f48	__check_object_size
6373afa19d09289400c8a1ae3ab8bf1edb1ba354fa92d16003285e4b79771710	connfem	connfem.ko	vendor_dlkm	0x1348649e	alt_cb_patch_nops
6373afa19d09289400c8a1ae3ab8bf1edb1ba354fa92d16003285e4b79771710	connfem	connfem.ko	vendor_dlkm	0x4b0a3f52	gic_nonsecure_priorities
6373afa19d09289400c8a1ae3ab8bf1edb1ba354fa92d16003285e4b79771710	connfem	connfem.ko	vendor_dlkm	0x9a85eebb	__arch_copy_to_user
6373afa19d09289400c8a1ae3ab8bf1edb1ba354fa92d16003285e4b79771710	connfem	connfem.ko	vendor_dlkm	0x79e4c52b	cpu_hwcaps
6373afa19d09289400c8a1ae3ab8bf1edb1ba354fa92d16003285e4b79771710	connfem	connfem.ko	vendor_dlkm	0x2be0c009	__arch_copy_from_user
6373afa19d09289400c8a1ae3ab8bf1edb1ba354fa92d16003285e4b79771710	connfem	connfem.ko	vendor_dlkm	0x9166fada	strncpy
6373afa19d09289400c8a1ae3ab8bf1edb1ba354fa92d16003285e4b79771710	connfem	connfem.ko	vendor_dlkm	0xa916b694	strnlen
6373afa19d09289400c8a1ae3ab8bf1edb1ba354fa92d16003285e4b79771710	connfem	connfem.ko	vendor_dlkm	0xcbd4898c	fortify_panic
6373afa19d09289400c8a1ae3ab8bf1edb1ba354fa92d16003285e4b79771710	connfem	connfem.ko	vendor_dlkm	0x7d68eebb	param_ops_uint
6373afa19d09289400c8a1ae3ab8bf1edb1ba354fa92d16003285e4b79771710	connfem	connfem.ko	vendor_dlkm	0xbb183429	param_ops_charp
6373afa19d09289400c8a1ae3ab8bf1edb1ba354fa92d16003285e4b79771710	connfem	connfem.ko	vendor_dlkm	0xb1777b47	param_ops_string
6373afa19d09289400c8a1ae3ab8bf1edb1ba354fa92d16003285e4b79771710	connfem	connfem.ko	vendor_dlkm	0x96b29254	strncasecmp
6373afa19d09289400c8a1ae3ab8bf1edb1ba354fa92d16003285e4b79771710	connfem	connfem.ko	vendor_dlkm	0xeb233a45	__kmalloc
6373afa19d09289400c8a1ae3ab8bf1edb1ba354fa92d16003285e4b79771710	connfem	connfem.ko	vendor_dlkm	0x037a0cba	kfree
6373afa19d09289400c8a1ae3ab8bf1edb1ba354fa92d16003285e4b79771710	connfem	connfem.ko	vendor_dlkm	0xa3308a92	of_get_child_by_name
6373afa19d09289400c8a1ae3ab8bf1edb1ba354fa92d16003285e4b79771710	connfem	connfem.ko	vendor_dlkm	0x656e4a6e	snprintf
6373afa19d09289400c8a1ae3ab8bf1edb1ba354fa92d16003285e4b79771710	connfem	connfem.ko	vendor_dlkm	0xaa0acb6b	of_property_match_string
6373afa19d09289400c8a1ae3ab8bf1edb1ba354fa92d16003285e4b79771710	connfem	connfem.ko	vendor_dlkm	0xf876718e	of_property_read_string_helper
6373afa19d09289400c8a1ae3ab8bf1edb1ba354fa92d16003285e4b79771710	connfem	connfem.ko	vendor_dlkm	0x98cf60b3	strlen
6373afa19d09289400c8a1ae3ab8bf1edb1ba354fa92d16003285e4b79771710	connfem	connfem.ko	vendor_dlkm	0x3cfa4a11	of_property_count_elems_of_size
6373afa19d09289400c8a1ae3ab8bf1edb1ba354fa92d16003285e4b79771710	connfem	connfem.ko	vendor_dlkm	0x26f40d9d	__of_parse_phandle_with_args
6373afa19d09289400c8a1ae3ab8bf1edb1ba354fa92d16003285e4b79771710	connfem	connfem.ko	vendor_dlkm	0xe35274a3	of_find_property
6373afa19d09289400c8a1ae3ab8bf1edb1ba354fa92d16003285e4b79771710	connfem	connfem.ko	vendor_dlkm	0xc085129c	of_phandle_iterator_init
6373afa19d09289400c8a1ae3ab8bf1edb1ba354fa92d16003285e4b79771710	connfem	connfem.ko	vendor_dlkm	0xa793cd59	of_phandle_iterator_next
6373afa19d09289400c8a1ae3ab8bf1edb1ba354fa92d16003285e4b79771710	connfem	connfem.ko	vendor_dlkm	0xc34e95f5	of_count_phandle_with_args
6373afa19d09289400c8a1ae3ab8bf1edb1ba354fa92d16003285e4b79771710	connfem	connfem.ko	vendor_dlkm	0xb9ab15e7	of_get_named_gpio_flags
6373afa19d09289400c8a1ae3ab8bf1edb1ba354fa92d16003285e4b79771710	connfem	connfem.ko	vendor_dlkm	0x0ec43f6f	gpio_to_desc
6373afa19d09289400c8a1ae3ab8bf1edb1ba354fa92d16003285e4b79771710	connfem	connfem.ko	vendor_dlkm	0xe7edce8c	gpiod_get_raw_value
6373afa19d09289400c8a1ae3ab8bf1edb1ba354fa92d16003285e4b79771710	connfem	connfem.ko	vendor_dlkm	0xf9e3414e	devm_iio_channel_get
6373afa19d09289400c8a1ae3ab8bf1edb1ba354fa92d16003285e4b79771710	connfem	connfem.ko	vendor_dlkm	0xcfc18bfc	iio_read_channel_processed
6373afa19d09289400c8a1ae3ab8bf1edb1ba354fa92d16003285e4b79771710	connfem	connfem.ko	vendor_dlkm	0xceae3dfa	of_property_read_u32_index
6373afa19d09289400c8a1ae3ab8bf1edb1ba354fa92d16003285e4b79771710	connfem	connfem.ko	vendor_dlkm	0x819d9c94	of_prop_next_string
6373afa19d09289400c8a1ae3ab8bf1edb1ba354fa92d16003285e4b79771710	connfem	connfem.ko	vendor_dlkm	0x5a921311	strncmp
6373afa19d09289400c8a1ae3ab8bf1edb1ba354fa92d16003285e4b79771710	connfem	connfem.ko	vendor_dlkm	0x96461ca6	of_get_next_child
6373afa19d09289400c8a1ae3ab8bf1edb1ba354fa92d16003285e4b79771710	connfem	connfem.ko	vendor_dlkm	0x9da9550a	of_get_property
6373afa19d09289400c8a1ae3ab8bf1edb1ba354fa92d16003285e4b79771710	connfem	connfem.ko	vendor_dlkm	0x1e78d642	devm_pinctrl_get
6373afa19d09289400c8a1ae3ab8bf1edb1ba354fa92d16003285e4b79771710	connfem	connfem.ko	vendor_dlkm	0xfcab557c	pinctrl_lookup_state
6373afa19d09289400c8a1ae3ab8bf1edb1ba354fa92d16003285e4b79771710	connfem	connfem.ko	vendor_dlkm	0x1eb56d31	devm_pinctrl_put
6373afa19d09289400c8a1ae3ab8bf1edb1ba354fa92d16003285e4b79771710	connfem	connfem.ko	vendor_dlkm	0x92ee9662	pinctrl_select_state
6373afa19d09289400c8a1ae3ab8bf1edb1ba354fa92d16003285e4b79771710	connfem	connfem.ko	vendor_dlkm	0x94a3f9c7	of_property_read_variable_u32_array
6373afa19d09289400c8a1ae3ab8bf1edb1ba354fa92d16003285e4b79771710	connfem	connfem.ko	vendor_dlkm	0xe2d5255a	strcmp
6373afa19d09289400c8a1ae3ab8bf1edb1ba354fa92d16003285e4b79771710	connfem	connfem.ko	vendor_dlkm	0x56470118	__warn_printk
6373afa19d09289400c8a1ae3ab8bf1edb1ba354fa92d16003285e4b79771710	connfem	connfem.ko	vendor_dlkm	0xc473e973	of_find_node_by_name
6373afa19d09289400c8a1ae3ab8bf1edb1ba354fa92d16003285e4b79771710	connfem	connfem.ko	vendor_dlkm	0x5820c2d2	of_prop_next_u32
6373afa19d09289400c8a1ae3ab8bf1edb1ba354fa92d16003285e4b79771710	connfem	connfem.ko	vendor_dlkm	0xea759d7f	module_layout
8449612f02225adeaf7e7547c37e28c45409e9439fd823568f064462bebd0e95	gps_scp	gps_scp.ko	vendor_dlkm	0x6626afca	down
8449612f02225adeaf7e7547c37e28c45409e9439fd823568f064462bebd0e95	gps_scp	gps_scp.ko	vendor_dlkm	0x92997ed8	_printk
8449612f02225adeaf7e7547c37e28c45409e9439fd823568f064462bebd0e95	gps_scp	gps_scp.ko	vendor_dlkm	0xdcb764ad	memset
8449612f02225adeaf7e7547c37e28c45409e9439fd823568f064462bebd0e95	gps_scp	gps_scp.ko	vendor_dlkm	0x4829a47e	memcpy
8449612f02225adeaf7e7547c37e28c45409e9439fd823568f064462bebd0e95	gps_scp	gps_scp.ko	vendor_dlkm	0xcf2a6966	up
8449612f02225adeaf7e7547c37e28c45409e9439fd823568f064462bebd0e95	gps_scp	gps_scp.ko	vendor_dlkm	0x88db9f48	__check_object_size
8449612f02225adeaf7e7547c37e28c45409e9439fd823568f064462bebd0e95	gps_scp	gps_scp.ko	vendor_dlkm	0x1348649e	alt_cb_patch_nops
8449612f02225adeaf7e7547c37e28c45409e9439fd823568f064462bebd0e95	gps_scp	gps_scp.ko	vendor_dlkm	0x4b0a3f52	gic_nonsecure_priorities
8449612f02225adeaf7e7547c37e28c45409e9439fd823568f064462bebd0e95	gps_scp	gps_scp.ko	vendor_dlkm	0x9a85eebb	__arch_copy_to_user
8449612f02225adeaf7e7547c37e28c45409e9439fd823568f064462bebd0e95	gps_scp	gps_scp.ko	vendor_dlkm	0x79e4c52b	cpu_hwcaps
8449612f02225adeaf7e7547c37e28c45409e9439fd823568f064462bebd0e95	gps_scp	gps_scp.ko	vendor_dlkm	0xe2964344	__wake_up
8449612f02225adeaf7e7547c37e28c45409e9439fd823568f064462bebd0e95	gps_scp	gps_scp.ko	vendor_dlkm	0x0f15b38a	kmalloc_caches
8449612f02225adeaf7e7547c37e28c45409e9439fd823568f064462bebd0e95	gps_scp	gps_scp.ko	vendor_dlkm	0xb78e7543	kmalloc_trace
8449612f02225adeaf7e7547c37e28c45409e9439fd823568f064462bebd0e95	gps_scp	gps_scp.ko	vendor_dlkm	0xe3ec2f2b	alloc_chrdev_region
8449612f02225adeaf7e7547c37e28c45409e9439fd823568f064462bebd0e95	gps_scp	gps_scp.ko	vendor_dlkm	0x7d3657fd	cdev_init
8449612f02225adeaf7e7547c37e28c45409e9439fd823568f064462bebd0e95	gps_scp	gps_scp.ko	vendor_dlkm	0xf27a67e1	cdev_add
8449612f02225adeaf7e7547c37e28c45409e9439fd823568f064462bebd0e95	gps_scp	gps_scp.ko	vendor_dlkm	0x13f8371b	__class_create
8449612f02225adeaf7e7547c37e28c45409e9439fd823568f064462bebd0e95	gps_scp	gps_scp.ko	vendor_dlkm	0x61ee3bf2	cdev_del
8449612f02225adeaf7e7547c37e28c45409e9439fd823568f064462bebd0e95	gps_scp	gps_scp.ko	vendor_dlkm	0x6091b333	unregister_chrdev_region
8449612f02225adeaf7e7547c37e28c45409e9439fd823568f064462bebd0e95	gps_scp	gps_scp.ko	vendor_dlkm	0x037a0cba	kfree
8449612f02225adeaf7e7547c37e28c45409e9439fd823568f064462bebd0e95	gps_scp	gps_scp.ko	vendor_dlkm	0xd9a5ea54	__init_waitqueue_head
8449612f02225adeaf7e7547c37e28c45409e9439fd823568f064462bebd0e95	gps_scp	gps_scp.ko	vendor_dlkm	0x6bc6324b	device_create
8449612f02225adeaf7e7547c37e28c45409e9439fd823568f064462bebd0e95	gps_scp	gps_scp.ko	vendor_dlkm	0xf18f6a20	conap_scp_unregister_drv
8449612f02225adeaf7e7547c37e28c45409e9439fd823568f064462bebd0e95	gps_scp	gps_scp.ko	vendor_dlkm	0xc2569e41	device_destroy
8449612f02225adeaf7e7547c37e28c45409e9439fd823568f064462bebd0e95	gps_scp	gps_scp.ko	vendor_dlkm	0xd5fc0938	class_destroy
8449612f02225adeaf7e7547c37e28c45409e9439fd823568f064462bebd0e95	gps_scp	gps_scp.ko	vendor_dlkm	0x2be0c009	__arch_copy_from_user
8449612f02225adeaf7e7547c37e28c45409e9439fd823568f064462bebd0e95	gps_scp	gps_scp.ko	vendor_dlkm	0x8a607195	conap_scp_send_message
8449612f02225adeaf7e7547c37e28c45409e9439fd823568f064462bebd0e95	gps_scp	gps_scp.ko	vendor_dlkm	0x8d1e88ae	conap_scp_is_ready
8449612f02225adeaf7e7547c37e28c45409e9439fd823568f064462bebd0e95	gps_scp	gps_scp.ko	vendor_dlkm	0x6c8ff7c9	conap_scp_register_drv
8449612f02225adeaf7e7547c37e28c45409e9439fd823568f064462bebd0e95	gps_scp	gps_scp.ko	vendor_dlkm	0x775b618a	conap_scp_is_drv_ready
8449612f02225adeaf7e7547c37e28c45409e9439fd823568f064462bebd0e95	gps_scp	gps_scp.ko	vendor_dlkm	0xea759d7f	module_layout
95e3aa8d68b69504ae273bbd1979ea6d8b9c958b57a97b423cc696218ebfbe7c	mtk_mbox	mtk-mbox.ko	vendor_boot_platform;vendor_dlkm	0x98cf60b3	strlen
95e3aa8d68b69504ae273bbd1979ea6d8b9c958b57a97b423cc696218ebfbe7c	mtk_mbox	mtk-mbox.ko	vendor_boot_platform;vendor_dlkm	0x77909e8e	trace_event_buffer_reserve
95e3aa8d68b69504ae273bbd1979ea6d8b9c958b57a97b423cc696218ebfbe7c	mtk_mbox	mtk-mbox.ko	vendor_boot_platform;vendor_dlkm	0xe914e41e	strcpy
95e3aa8d68b69504ae273bbd1979ea6d8b9c958b57a97b423cc696218ebfbe7c	mtk_mbox	mtk-mbox.ko	vendor_boot_platform;vendor_dlkm	0x816bb80d	trace_event_buffer_commit
95e3aa8d68b69504ae273bbd1979ea6d8b9c958b57a97b423cc696218ebfbe7c	mtk_mbox	mtk-mbox.ko	vendor_boot_platform;vendor_dlkm	0x942c940f	__trace_trigger_soft_disabled
95e3aa8d68b69504ae273bbd1979ea6d8b9c958b57a97b423cc696218ebfbe7c	mtk_mbox	mtk-mbox.ko	vendor_boot_platform;vendor_dlkm	0xc2c193d2	__stack_chk_fail
95e3aa8d68b69504ae273bbd1979ea6d8b9c958b57a97b423cc696218ebfbe7c	mtk_mbox	mtk-mbox.ko	vendor_boot_platform;vendor_dlkm	0x2d2c902f	perf_trace_buf_alloc
95e3aa8d68b69504ae273bbd1979ea6d8b9c958b57a97b423cc696218ebfbe7c	mtk_mbox	mtk-mbox.ko	vendor_boot_platform;vendor_dlkm	0xd1fcd174	perf_trace_run_bpf_submit
95e3aa8d68b69504ae273bbd1979ea6d8b9c958b57a97b423cc696218ebfbe7c	mtk_mbox	mtk-mbox.ko	vendor_boot_platform;vendor_dlkm	0xc4b28304	bpf_trace_run2
95e3aa8d68b69504ae273bbd1979ea6d8b9c958b57a97b423cc696218ebfbe7c	mtk_mbox	mtk-mbox.ko	vendor_boot_platform;vendor_dlkm	0x1f7600cb	bpf_trace_run3
95e3aa8d68b69504ae273bbd1979ea6d8b9c958b57a97b423cc696218ebfbe7c	mtk_mbox	mtk-mbox.ko	vendor_boot_platform;vendor_dlkm	0x34db050b	_raw_spin_lock_irqsave
95e3aa8d68b69504ae273bbd1979ea6d8b9c958b57a97b423cc696218ebfbe7c	mtk_mbox	mtk-mbox.ko	vendor_boot_platform;vendor_dlkm	0xd35cce70	_raw_spin_unlock_irqrestore
95e3aa8d68b69504ae273bbd1979ea6d8b9c958b57a97b423cc696218ebfbe7c	mtk_mbox	mtk-mbox.ko	vendor_boot_platform;vendor_dlkm	0x92997ed8	_printk
95e3aa8d68b69504ae273bbd1979ea6d8b9c958b57a97b423cc696218ebfbe7c	mtk_mbox	mtk-mbox.ko	vendor_boot_platform;vendor_dlkm	0xc905402b	log_write_mmio
95e3aa8d68b69504ae273bbd1979ea6d8b9c958b57a97b423cc696218ebfbe7c	mtk_mbox	mtk-mbox.ko	vendor_boot_platform;vendor_dlkm	0xfa4d3c24	log_post_write_mmio
95e3aa8d68b69504ae273bbd1979ea6d8b9c958b57a97b423cc696218ebfbe7c	mtk_mbox	mtk-mbox.ko	vendor_boot_platform;vendor_dlkm	0x6b722180	log_read_mmio
95e3aa8d68b69504ae273bbd1979ea6d8b9c958b57a97b423cc696218ebfbe7c	mtk_mbox	mtk-mbox.ko	vendor_boot_platform;vendor_dlkm	0x0c1a5ee3	log_post_read_mmio
95e3aa8d68b69504ae273bbd1979ea6d8b9c958b57a97b423cc696218ebfbe7c	mtk_mbox	mtk-mbox.ko	vendor_boot_platform;vendor_dlkm	0xf8b9acd3	cpu_number
95e3aa8d68b69504ae273bbd1979ea6d8b9c958b57a97b423cc696218ebfbe7c	mtk_mbox	mtk-mbox.ko	vendor_boot_platform;vendor_dlkm	0xac594e02	__cpu_online_mask
95e3aa8d68b69504ae273bbd1979ea6d8b9c958b57a97b423cc696218ebfbe7c	mtk_mbox	mtk-mbox.ko	vendor_boot_platform;vendor_dlkm	0xf70e4a4d	preempt_schedule_notrace
95e3aa8d68b69504ae273bbd1979ea6d8b9c958b57a97b423cc696218ebfbe7c	mtk_mbox	mtk-mbox.ko	vendor_boot_platform;vendor_dlkm	0x656e4a6e	snprintf
95e3aa8d68b69504ae273bbd1979ea6d8b9c958b57a97b423cc696218ebfbe7c	mtk_mbox	mtk-mbox.ko	vendor_boot_platform;vendor_dlkm	0x7923336f	platform_get_irq_byname
95e3aa8d68b69504ae273bbd1979ea6d8b9c958b57a97b423cc696218ebfbe7c	mtk_mbox	mtk-mbox.ko	vendor_boot_platform;vendor_dlkm	0x92d5838e	request_threaded_irq
95e3aa8d68b69504ae273bbd1979ea6d8b9c958b57a97b423cc696218ebfbe7c	mtk_mbox	mtk-mbox.ko	vendor_boot_platform;vendor_dlkm	0xd653b126	sched_clock
95e3aa8d68b69504ae273bbd1979ea6d8b9c958b57a97b423cc696218ebfbe7c	mtk_mbox	mtk-mbox.ko	vendor_boot_platform;vendor_dlkm	0xbce59abf	platform_get_resource_byname
95e3aa8d68b69504ae273bbd1979ea6d8b9c958b57a97b423cc696218ebfbe7c	mtk_mbox	mtk-mbox.ko	vendor_boot_platform;vendor_dlkm	0x39f72cab	devm_ioremap_resource
95e3aa8d68b69504ae273bbd1979ea6d8b9c958b57a97b423cc696218ebfbe7c	mtk_mbox	mtk-mbox.ko	vendor_boot_platform;vendor_dlkm	0xf3c8d647	trace_raw_output_prep
95e3aa8d68b69504ae273bbd1979ea6d8b9c958b57a97b423cc696218ebfbe7c	mtk_mbox	mtk-mbox.ko	vendor_boot_platform;vendor_dlkm	0xbfb5f86f	trace_event_printf
95e3aa8d68b69504ae273bbd1979ea6d8b9c958b57a97b423cc696218ebfbe7c	mtk_mbox	mtk-mbox.ko	vendor_boot_platform;vendor_dlkm	0x7381287f	trace_handle_return
95e3aa8d68b69504ae273bbd1979ea6d8b9c958b57a97b423cc696218ebfbe7c	mtk_mbox	mtk-mbox.ko	vendor_boot_platform;vendor_dlkm	0x062e5727	trace_event_reg
95e3aa8d68b69504ae273bbd1979ea6d8b9c958b57a97b423cc696218ebfbe7c	mtk_mbox	mtk-mbox.ko	vendor_boot_platform;vendor_dlkm	0xa7d84344	trace_event_raw_init
95e3aa8d68b69504ae273bbd1979ea6d8b9c958b57a97b423cc696218ebfbe7c	mtk_mbox	mtk-mbox.ko	vendor_boot_platform;vendor_dlkm	0xea759d7f	module_layout
a64d819e0fde04f5c508c603d805838381550ca8012b899c5b91f8b4d7479834	mtk_tinysys_ipi	mtk_tinysys_ipi.ko	vendor_boot_platform;vendor_dlkm	0x92997ed8	_printk
a64d819e0fde04f5c508c603d805838381550ca8012b899c5b91f8b4d7479834	mtk_tinysys_ipi	mtk_tinysys_ipi.ko	vendor_boot_platform;vendor_dlkm	0x34db050b	_raw_spin_lock_irqsave
a64d819e0fde04f5c508c603d805838381550ca8012b899c5b91f8b4d7479834	mtk_tinysys_ipi	mtk_tinysys_ipi.ko	vendor_boot_platform;vendor_dlkm	0xd35cce70	_raw_spin_unlock_irqrestore
a64d819e0fde04f5c508c603d805838381550ca8012b899c5b91f8b4d7479834	mtk_tinysys_ipi	mtk_tinysys_ipi.ko	vendor_boot_platform;vendor_dlkm	0xeb233a45	__kmalloc
a64d819e0fde04f5c508c603d805838381550ca8012b899c5b91f8b4d7479834	mtk_tinysys_ipi	mtk_tinysys_ipi.ko	vendor_boot_platform;vendor_dlkm	0x639753b0	mtk_rpmsg_create_device
a64d819e0fde04f5c508c603d805838381550ca8012b899c5b91f8b4d7479834	mtk_tinysys_ipi	mtk_tinysys_ipi.ko	vendor_boot_platform;vendor_dlkm	0x656e4a6e	snprintf
a64d819e0fde04f5c508c603d805838381550ca8012b899c5b91f8b4d7479834	mtk_tinysys_ipi	mtk_tinysys_ipi.ko	vendor_boot_platform;vendor_dlkm	0xb1fef50a	mtk_rpmsg_create_channel
a64d819e0fde04f5c508c603d805838381550ca8012b899c5b91f8b4d7479834	mtk_tinysys_ipi	mtk_tinysys_ipi.ko	vendor_boot_platform;vendor_dlkm	0xc61647ec	rpmsg_create_ept
a64d819e0fde04f5c508c603d805838381550ca8012b899c5b91f8b4d7479834	mtk_tinysys_ipi	mtk_tinysys_ipi.ko	vendor_boot_platform;vendor_dlkm	0xa571f6b0	__mutex_init
a64d819e0fde04f5c508c603d805838381550ca8012b899c5b91f8b4d7479834	mtk_tinysys_ipi	mtk_tinysys_ipi.ko	vendor_boot_platform;vendor_dlkm	0x608741b5	__init_swait_queue_head
a64d819e0fde04f5c508c603d805838381550ca8012b899c5b91f8b4d7479834	mtk_tinysys_ipi	mtk_tinysys_ipi.ko	vendor_boot_platform;vendor_dlkm	0x037a0cba	kfree
a64d819e0fde04f5c508c603d805838381550ca8012b899c5b91f8b4d7479834	mtk_tinysys_ipi	mtk_tinysys_ipi.ko	vendor_boot_platform;vendor_dlkm	0xc2c193d2	__stack_chk_fail
a64d819e0fde04f5c508c603d805838381550ca8012b899c5b91f8b4d7479834	mtk_tinysys_ipi	mtk_tinysys_ipi.ko	vendor_boot_platform;vendor_dlkm	0xd653b126	sched_clock
a64d819e0fde04f5c508c603d805838381550ca8012b899c5b91f8b4d7479834	mtk_tinysys_ipi	mtk_tinysys_ipi.ko	vendor_boot_platform;vendor_dlkm	0xa6257a2f	complete
a64d819e0fde04f5c508c603d805838381550ca8012b899c5b91f8b4d7479834	mtk_tinysys_ipi	mtk_tinysys_ipi.ko	vendor_boot_platform;vendor_dlkm	0x4722108b	mtk_mbox_reset_record
a64d819e0fde04f5c508c603d805838381550ca8012b899c5b91f8b4d7479834	mtk_tinysys_ipi	mtk_tinysys_ipi.ko	vendor_boot_platform;vendor_dlkm	0xd5977bfb	mutex_lock
a64d819e0fde04f5c508c603d805838381550ca8012b899c5b91f8b4d7479834	mtk_tinysys_ipi	mtk_tinysys_ipi.ko	vendor_boot_platform;vendor_dlkm	0xed55cabd	mutex_unlock
a64d819e0fde04f5c508c603d805838381550ca8012b899c5b91f8b4d7479834	mtk_tinysys_ipi	mtk_tinysys_ipi.ko	vendor_boot_platform;vendor_dlkm	0x819bebd4	mutex_is_locked
a64d819e0fde04f5c508c603d805838381550ca8012b899c5b91f8b4d7479834	mtk_tinysys_ipi	mtk_tinysys_ipi.ko	vendor_boot_platform;vendor_dlkm	0xfbca06ee	rpmsg_trysend
a64d819e0fde04f5c508c603d805838381550ca8012b899c5b91f8b4d7479834	mtk_tinysys_ipi	mtk_tinysys_ipi.ko	vendor_boot_platform;vendor_dlkm	0xeae3dfd6	__const_udelay
a64d819e0fde04f5c508c603d805838381550ca8012b899c5b91f8b4d7479834	mtk_tinysys_ipi	mtk_tinysys_ipi.ko	vendor_boot_platform;vendor_dlkm	0x2e3bcce2	wait_for_completion_interruptible
a64d819e0fde04f5c508c603d805838381550ca8012b899c5b91f8b4d7479834	mtk_tinysys_ipi	mtk_tinysys_ipi.ko	vendor_boot_platform;vendor_dlkm	0x1348649e	alt_cb_patch_nops
a64d819e0fde04f5c508c603d805838381550ca8012b899c5b91f8b4d7479834	mtk_tinysys_ipi	mtk_tinysys_ipi.ko	vendor_boot_platform;vendor_dlkm	0x1208cd68	mtk_mbox_polling
a64d819e0fde04f5c508c603d805838381550ca8012b899c5b91f8b4d7479834	mtk_tinysys_ipi	mtk_tinysys_ipi.ko	vendor_boot_platform;vendor_dlkm	0x21ef374c	try_wait_for_completion
a64d819e0fde04f5c508c603d805838381550ca8012b899c5b91f8b4d7479834	mtk_tinysys_ipi	mtk_tinysys_ipi.ko	vendor_boot_platform;vendor_dlkm	0xffae8e8b	nsecs_to_jiffies
a64d819e0fde04f5c508c603d805838381550ca8012b899c5b91f8b4d7479834	mtk_tinysys_ipi	mtk_tinysys_ipi.ko	vendor_boot_platform;vendor_dlkm	0x4a3ad70e	wait_for_completion_timeout
a64d819e0fde04f5c508c603d805838381550ca8012b899c5b91f8b4d7479834	mtk_tinysys_ipi	mtk_tinysys_ipi.ko	vendor_boot_platform;vendor_dlkm	0xe5fbbdd9	mtk_mbox_dump_recv_pin
a64d819e0fde04f5c508c603d805838381550ca8012b899c5b91f8b4d7479834	mtk_tinysys_ipi	mtk_tinysys_ipi.ko	vendor_boot_platform;vendor_dlkm	0xea759d7f	module_layout
abd60919a4381340acc26e2525339d09622a13259ba926efe119f5ae16338419	gps_pwr	gps_pwr.ko	vendor_dlkm	0x92997ed8	_printk
abd60919a4381340acc26e2525339d09622a13259ba926efe119f5ae16338419	gps_pwr	gps_pwr.ko	vendor_dlkm	0xe2964344	__wake_up
abd60919a4381340acc26e2525339d09622a13259ba926efe119f5ae16338419	gps_pwr	gps_pwr.ko	vendor_dlkm	0x0f15b38a	kmalloc_caches
abd60919a4381340acc26e2525339d09622a13259ba926efe119f5ae16338419	gps_pwr	gps_pwr.ko	vendor_dlkm	0xb78e7543	kmalloc_trace
abd60919a4381340acc26e2525339d09622a13259ba926efe119f5ae16338419	gps_pwr	gps_pwr.ko	vendor_dlkm	0xe3ec2f2b	alloc_chrdev_region
abd60919a4381340acc26e2525339d09622a13259ba926efe119f5ae16338419	gps_pwr	gps_pwr.ko	vendor_dlkm	0x7d3657fd	cdev_init
abd60919a4381340acc26e2525339d09622a13259ba926efe119f5ae16338419	gps_pwr	gps_pwr.ko	vendor_dlkm	0xf27a67e1	cdev_add
abd60919a4381340acc26e2525339d09622a13259ba926efe119f5ae16338419	gps_pwr	gps_pwr.ko	vendor_dlkm	0x13f8371b	__class_create
abd60919a4381340acc26e2525339d09622a13259ba926efe119f5ae16338419	gps_pwr	gps_pwr.ko	vendor_dlkm	0x61ee3bf2	cdev_del
abd60919a4381340acc26e2525339d09622a13259ba926efe119f5ae16338419	gps_pwr	gps_pwr.ko	vendor_dlkm	0x6091b333	unregister_chrdev_region
abd60919a4381340acc26e2525339d09622a13259ba926efe119f5ae16338419	gps_pwr	gps_pwr.ko	vendor_dlkm	0x037a0cba	kfree
abd60919a4381340acc26e2525339d09622a13259ba926efe119f5ae16338419	gps_pwr	gps_pwr.ko	vendor_dlkm	0xd9a5ea54	__init_waitqueue_head
abd60919a4381340acc26e2525339d09622a13259ba926efe119f5ae16338419	gps_pwr	gps_pwr.ko	vendor_dlkm	0xb72bd068	conn_pwr_register_event_cb
abd60919a4381340acc26e2525339d09622a13259ba926efe119f5ae16338419	gps_pwr	gps_pwr.ko	vendor_dlkm	0x6bc6324b	device_create
abd60919a4381340acc26e2525339d09622a13259ba926efe119f5ae16338419	gps_pwr	gps_pwr.ko	vendor_dlkm	0xc2569e41	device_destroy
abd60919a4381340acc26e2525339d09622a13259ba926efe119f5ae16338419	gps_pwr	gps_pwr.ko	vendor_dlkm	0xd5fc0938	class_destroy
abd60919a4381340acc26e2525339d09622a13259ba926efe119f5ae16338419	gps_pwr	gps_pwr.ko	vendor_dlkm	0x88db9f48	__check_object_size
abd60919a4381340acc26e2525339d09622a13259ba926efe119f5ae16338419	gps_pwr	gps_pwr.ko	vendor_dlkm	0x1348649e	alt_cb_patch_nops
abd60919a4381340acc26e2525339d09622a13259ba926efe119f5ae16338419	gps_pwr	gps_pwr.ko	vendor_dlkm	0x4b0a3f52	gic_nonsecure_priorities
abd60919a4381340acc26e2525339d09622a13259ba926efe119f5ae16338419	gps_pwr	gps_pwr.ko	vendor_dlkm	0x9a85eebb	__arch_copy_to_user
abd60919a4381340acc26e2525339d09622a13259ba926efe119f5ae16338419	gps_pwr	gps_pwr.ko	vendor_dlkm	0x79e4c52b	cpu_hwcaps
abd60919a4381340acc26e2525339d09622a13259ba926efe119f5ae16338419	gps_pwr	gps_pwr.ko	vendor_dlkm	0x85b39412	conn_pwr_drv_pre_on
abd60919a4381340acc26e2525339d09622a13259ba926efe119f5ae16338419	gps_pwr	gps_pwr.ko	vendor_dlkm	0xa2b043f3	conn_pwr_drv_post_off
abd60919a4381340acc26e2525339d09622a13259ba926efe119f5ae16338419	gps_pwr	gps_pwr.ko	vendor_dlkm	0xea759d7f	module_layout
f25211901030075c0314bf414fe127f13b54f7ef757e6f725ff82bd0eca50eab	conninfra	conninfra.ko	vendor_dlkm	0x92997ed8	_printk
f25211901030075c0314bf414fe127f13b54f7ef757e6f725ff82bd0eca50eab	conninfra	conninfra.ko	vendor_dlkm	0x98cf60b3	strlen
f25211901030075c0314bf414fe127f13b54f7ef757e6f725ff82bd0eca50eab	conninfra	conninfra.ko	vendor_dlkm	0xe2d5255a	strcmp
f25211901030075c0314bf414fe127f13b54f7ef757e6f725ff82bd0eca50eab	conninfra	conninfra.ko	vendor_dlkm	0x5a921311	strncmp
f25211901030075c0314bf414fe127f13b54f7ef757e6f725ff82bd0eca50eab	conninfra	conninfra.ko	vendor_dlkm	0x9166fada	strncpy
f25211901030075c0314bf414fe127f13b54f7ef757e6f725ff82bd0eca50eab	conninfra	conninfra.ko	vendor_dlkm	0x2e2b40d2	strncat
f25211901030075c0314bf414fe127f13b54f7ef757e6f725ff82bd0eca50eab	conninfra	conninfra.ko	vendor_dlkm	0x349cba85	strchr
f25211901030075c0314bf414fe127f13b54f7ef757e6f725ff82bd0eca50eab	conninfra	conninfra.ko	vendor_dlkm	0x85df9b6c	strsep
f25211901030075c0314bf414fe127f13b54f7ef757e6f725ff82bd0eca50eab	conninfra	conninfra.ko	vendor_dlkm	0x3854774b	kstrtoll
f25211901030075c0314bf414fe127f13b54f7ef757e6f725ff82bd0eca50eab	conninfra	conninfra.ko	vendor_dlkm	0x1e6d26a8	strstr
f25211901030075c0314bf414fe127f13b54f7ef757e6f725ff82bd0eca50eab	conninfra	conninfra.ko	vendor_dlkm	0xc310b981	strnstr
f25211901030075c0314bf414fe127f13b54f7ef757e6f725ff82bd0eca50eab	conninfra	conninfra.ko	vendor_dlkm	0x00148653	vsnprintf
f25211901030075c0314bf414fe127f13b54f7ef757e6f725ff82bd0eca50eab	conninfra	conninfra.ko	vendor_dlkm	0xc2c193d2	__stack_chk_fail
f25211901030075c0314bf414fe127f13b54f7ef757e6f725ff82bd0eca50eab	conninfra	conninfra.ko	vendor_dlkm	0xd6ee688f	vmalloc
f25211901030075c0314bf414fe127f13b54f7ef757e6f725ff82bd0eca50eab	conninfra	conninfra.ko	vendor_dlkm	0x999e8297	vfree
f25211901030075c0314bf414fe127f13b54f7ef757e6f725ff82bd0eca50eab	conninfra	conninfra.ko	vendor_dlkm	0xdcb764ad	memset
f25211901030075c0314bf414fe127f13b54f7ef757e6f725ff82bd0eca50eab	conninfra	conninfra.ko	vendor_dlkm	0x4829a47e	memcpy
f25211901030075c0314bf414fe127f13b54f7ef757e6f725ff82bd0eca50eab	conninfra	conninfra.ko	vendor_dlkm	0x5d112304	__memcpy_fromio
f25211901030075c0314bf414fe127f13b54f7ef757e6f725ff82bd0eca50eab	conninfra	conninfra.ko	vendor_dlkm	0xf77555cd	__memcpy_toio
f25211901030075c0314bf414fe127f13b54f7ef757e6f725ff82bd0eca50eab	conninfra	conninfra.ko	vendor_dlkm	0x449ad0a7	memcmp
f25211901030075c0314bf414fe127f13b54f7ef757e6f725ff82bd0eca50eab	conninfra	conninfra.ko	vendor_dlkm	0x604f3a64	connectivity_export_show_stack
f25211901030075c0314bf414fe127f13b54f7ef757e6f725ff82bd0eca50eab	conninfra	conninfra.ko	vendor_dlkm	0xb0f4ab9f	kthread_create_on_node
f25211901030075c0314bf414fe127f13b54f7ef757e6f725ff82bd0eca50eab	conninfra	conninfra.ko	vendor_dlkm	0x73e2bcf1	wake_up_process
f25211901030075c0314bf414fe127f13b54f7ef757e6f725ff82bd0eca50eab	conninfra	conninfra.ko	vendor_dlkm	0x4fa9ae5c	kthread_stop
f25211901030075c0314bf414fe127f13b54f7ef757e6f725ff82bd0eca50eab	conninfra	conninfra.ko	vendor_dlkm	0xb3f7646e	kthread_should_stop
f25211901030075c0314bf414fe127f13b54f7ef757e6f725ff82bd0eca50eab	conninfra	conninfra.ko	vendor_dlkm	0xfe487975	init_wait_entry
f25211901030075c0314bf414fe127f13b54f7ef757e6f725ff82bd0eca50eab	conninfra	conninfra.ko	vendor_dlkm	0x8c26d495	prepare_to_wait_event
f25211901030075c0314bf414fe127f13b54f7ef757e6f725ff82bd0eca50eab	conninfra	conninfra.ko	vendor_dlkm	0x01000e51	schedule
f25211901030075c0314bf414fe127f13b54f7ef757e6f725ff82bd0eca50eab	conninfra	conninfra.ko	vendor_dlkm	0x92540fbf	finish_wait
f25211901030075c0314bf414fe127f13b54f7ef757e6f725ff82bd0eca50eab	conninfra	conninfra.ko	vendor_dlkm	0xd653b126	sched_clock
f25211901030075c0314bf414fe127f13b54f7ef757e6f725ff82bd0eca50eab	conninfra	conninfra.ko	vendor_dlkm	0x608741b5	__init_swait_queue_head
f25211901030075c0314bf414fe127f13b54f7ef757e6f725ff82bd0eca50eab	conninfra	conninfra.ko	vendor_dlkm	0x2e3bcce2	wait_for_completion_interruptible
f25211901030075c0314bf414fe127f13b54f7ef757e6f725ff82bd0eca50eab	conninfra	conninfra.ko	vendor_dlkm	0x7f02188f	__msecs_to_jiffies
f25211901030075c0314bf414fe127f13b54f7ef757e6f725ff82bd0eca50eab	conninfra	conninfra.ko	vendor_dlkm	0x4a3ad70e	wait_for_completion_timeout
f25211901030075c0314bf414fe127f13b54f7ef757e6f725ff82bd0eca50eab	conninfra	conninfra.ko	vendor_dlkm	0xa6257a2f	complete
f25211901030075c0314bf414fe127f13b54f7ef757e6f725ff82bd0eca50eab	conninfra	conninfra.ko	vendor_dlkm	0xd9a5ea54	__init_waitqueue_head
f25211901030075c0314bf414fe127f13b54f7ef757e6f725ff82bd0eca50eab	conninfra	conninfra.ko	vendor_dlkm	0xe2964344	__wake_up
f25211901030075c0314bf414fe127f13b54f7ef757e6f725ff82bd0eca50eab	conninfra	conninfra.ko	vendor_dlkm	0x8ddd8aad	schedule_timeout
f25211901030075c0314bf414fe127f13b54f7ef757e6f725ff82bd0eca50eab	conninfra	conninfra.ko	vendor_dlkm	0x1348649e	alt_cb_patch_nops
f25211901030075c0314bf414fe127f13b54f7ef757e6f725ff82bd0eca50eab	conninfra	conninfra.ko	vendor_dlkm	0x79cf5987	init_timer_key
f25211901030075c0314bf414fe127f13b54f7ef757e6f725ff82bd0eca50eab	conninfra	conninfra.ko	vendor_dlkm	0x15ba50a6	jiffies
f25211901030075c0314bf414fe127f13b54f7ef757e6f725ff82bd0eca50eab	conninfra	conninfra.ko	vendor_dlkm	0x65744673	add_timer
f25211901030075c0314bf414fe127f13b54f7ef757e6f725ff82bd0eca50eab	conninfra	conninfra.ko	vendor_dlkm	0xaa4008af	del_timer
f25211901030075c0314bf414fe127f13b54f7ef757e6f725ff82bd0eca50eab	conninfra	conninfra.ko	vendor_dlkm	0xf15e728e	del_timer_sync
f25211901030075c0314bf414fe127f13b54f7ef757e6f725ff82bd0eca50eab	conninfra	conninfra.ko	vendor_dlkm	0x72cd0f7f	mod_timer
f25211901030075c0314bf414fe127f13b54f7ef757e6f725ff82bd0eca50eab	conninfra	conninfra.ko	vendor_dlkm	0x0f15b38a	kmalloc_caches
f25211901030075c0314bf414fe127f13b54f7ef757e6f725ff82bd0eca50eab	conninfra	conninfra.ko	vendor_dlkm	0xb78e7543	kmalloc_trace
f25211901030075c0314bf414fe127f13b54f7ef757e6f725ff82bd0eca50eab	conninfra	conninfra.ko	vendor_dlkm	0xbd462b55	__kfifo_init
f25211901030075c0314bf414fe127f13b54f7ef757e6f725ff82bd0eca50eab	conninfra	conninfra.ko	vendor_dlkm	0x139f2189	__kfifo_alloc
f25211901030075c0314bf414fe127f13b54f7ef757e6f725ff82bd0eca50eab	conninfra	conninfra.ko	vendor_dlkm	0xdb760f52	__kfifo_free
f25211901030075c0314bf414fe127f13b54f7ef757e6f725ff82bd0eca50eab	conninfra	conninfra.ko	vendor_dlkm	0xf23fcb99	__kfifo_in
f25211901030075c0314bf414fe127f13b54f7ef757e6f725ff82bd0eca50eab	conninfra	conninfra.ko	vendor_dlkm	0x13d0adf7	__kfifo_out
f25211901030075c0314bf414fe127f13b54f7ef757e6f725ff82bd0eca50eab	conninfra	conninfra.ko	vendor_dlkm	0x037a0cba	kfree
f25211901030075c0314bf414fe127f13b54f7ef757e6f725ff82bd0eca50eab	conninfra	conninfra.ko	vendor_dlkm	0x34db050b	_raw_spin_lock_irqsave
f25211901030075c0314bf414fe127f13b54f7ef757e6f725ff82bd0eca50eab	conninfra	conninfra.ko	vendor_dlkm	0xd35cce70	_raw_spin_unlock_irqrestore
f25211901030075c0314bf414fe127f13b54f7ef757e6f725ff82bd0eca50eab	conninfra	conninfra.ko	vendor_dlkm	0xa571f6b0	__mutex_init
f25211901030075c0314bf414fe127f13b54f7ef757e6f725ff82bd0eca50eab	conninfra	conninfra.ko	vendor_dlkm	0xd5977bfb	mutex_lock
f25211901030075c0314bf414fe127f13b54f7ef757e6f725ff82bd0eca50eab	conninfra	conninfra.ko	vendor_dlkm	0xed55cabd	mutex_unlock
f25211901030075c0314bf414fe127f13b54f7ef757e6f725ff82bd0eca50eab	conninfra	conninfra.ko	vendor_dlkm	0x203392c6	mutex_trylock
f25211901030075c0314bf414fe127f13b54f7ef757e6f725ff82bd0eca50eab	conninfra	conninfra.ko	vendor_dlkm	0xf9a482f9	msleep
f25211901030075c0314bf414fe127f13b54f7ef757e6f725ff82bd0eca50eab	conninfra	conninfra.ko	vendor_dlkm	0x9e7d6bd0	__udelay
f25211901030075c0314bf414fe127f13b54f7ef757e6f725ff82bd0eca50eab	conninfra	conninfra.ko	vendor_dlkm	0xc3055d20	usleep_range_state
f25211901030075c0314bf414fe127f13b54f7ef757e6f725ff82bd0eca50eab	conninfra	conninfra.ko	vendor_dlkm	0x9ec6ca96	ktime_get_real_ts64
f25211901030075c0314bf414fe127f13b54f7ef757e6f725ff82bd0eca50eab	conninfra	conninfra.ko	vendor_dlkm	0xeb233a45	__kmalloc
f25211901030075c0314bf414fe127f13b54f7ef757e6f725ff82bd0eca50eab	conninfra	conninfra.ko	vendor_dlkm	0x2d3385d3	system_wq
f25211901030075c0314bf414fe127f13b54f7ef757e6f725ff82bd0eca50eab	conninfra	conninfra.ko	vendor_dlkm	0x732ac580	queue_work_on
f25211901030075c0314bf414fe127f13b54f7ef757e6f725ff82bd0eca50eab	conninfra	conninfra.ko	vendor_dlkm	0x8be45c3b	wakeup_source_register
f25211901030075c0314bf414fe127f13b54f7ef757e6f725ff82bd0eca50eab	conninfra	conninfra.ko	vendor_dlkm	0xb511937b	wakeup_source_unregister
f25211901030075c0314bf414fe127f13b54f7ef757e6f725ff82bd0eca50eab	conninfra	conninfra.ko	vendor_dlkm	0xe186a5ce	__pm_stay_awake
f25211901030075c0314bf414fe127f13b54f7ef757e6f725ff82bd0eca50eab	conninfra	conninfra.ko	vendor_dlkm	0x1aa68695	__pm_relax
f25211901030075c0314bf414fe127f13b54f7ef757e6f725ff82bd0eca50eab	conninfra	conninfra.ko	vendor_dlkm	0x97680f44	aed_common_exception_api
f25211901030075c0314bf414fe127f13b54f7ef757e6f725ff82bd0eca50eab	conninfra	conninfra.ko	vendor_dlkm	0xba8fbd64	_raw_spin_lock
f25211901030075c0314bf414fe127f13b54f7ef757e6f725ff82bd0eca50eab	conninfra	conninfra.ko	vendor_dlkm	0xb5b54b34	_raw_spin_unlock
f25211901030075c0314bf414fe127f13b54f7ef757e6f725ff82bd0eca50eab	conninfra	conninfra.ko	vendor_dlkm	0x9c3fdf15	request_firmware
f25211901030075c0314bf414fe127f13b54f7ef757e6f725ff82bd0eca50eab	conninfra	conninfra.ko	vendor_dlkm	0xc6d09aa9	release_firmware
f25211901030075c0314bf414fe127f13b54f7ef757e6f725ff82bd0eca50eab	conninfra	conninfra.ko	vendor_dlkm	0x3fd78f3b	register_chrdev_region
f25211901030075c0314bf414fe127f13b54f7ef757e6f725ff82bd0eca50eab	conninfra	conninfra.ko	vendor_dlkm	0x7d3657fd	cdev_init
f25211901030075c0314bf414fe127f13b54f7ef757e6f725ff82bd0eca50eab	conninfra	conninfra.ko	vendor_dlkm	0xf27a67e1	cdev_add
f25211901030075c0314bf414fe127f13b54f7ef757e6f725ff82bd0eca50eab	conninfra	conninfra.ko	vendor_dlkm	0x13f8371b	__class_create
f25211901030075c0314bf414fe127f13b54f7ef757e6f725ff82bd0eca50eab	conninfra	conninfra.ko	vendor_dlkm	0x6bc6324b	device_create
f25211901030075c0314bf414fe127f13b54f7ef757e6f725ff82bd0eca50eab	conninfra	conninfra.ko	vendor_dlkm	0xd5fc0938	class_destroy
f25211901030075c0314bf414fe127f13b54f7ef757e6f725ff82bd0eca50eab	conninfra	conninfra.ko	vendor_dlkm	0x61ee3bf2	cdev_del
f25211901030075c0314bf414fe127f13b54f7ef757e6f725ff82bd0eca50eab	conninfra	conninfra.ko	vendor_dlkm	0x6091b333	unregister_chrdev_region
f25211901030075c0314bf414fe127f13b54f7ef757e6f725ff82bd0eca50eab	conninfra	conninfra.ko	vendor_dlkm	0x4c353ac0	mtk_disp_notifier_register
f25211901030075c0314bf414fe127f13b54f7ef757e6f725ff82bd0eca50eab	conninfra	conninfra.ko	vendor_dlkm	0x9cc4f70a	register_pm_notifier
f25211901030075c0314bf414fe127f13b54f7ef757e6f725ff82bd0eca50eab	conninfra	conninfra.ko	vendor_dlkm	0xa11ab00a	mtk_disp_notifier_unregister
f25211901030075c0314bf414fe127f13b54f7ef757e6f725ff82bd0eca50eab	conninfra	conninfra.ko	vendor_dlkm	0x7681946c	unregister_pm_notifier
f25211901030075c0314bf414fe127f13b54f7ef757e6f725ff82bd0eca50eab	conninfra	conninfra.ko	vendor_dlkm	0xc2569e41	device_destroy
f25211901030075c0314bf414fe127f13b54f7ef757e6f725ff82bd0eca50eab	conninfra	conninfra.ko	vendor_dlkm	0x1d24c881	___ratelimit
f25211901030075c0314bf414fe127f13b54f7ef757e6f725ff82bd0eca50eab	conninfra	conninfra.ko	vendor_dlkm	0x7d68eebb	param_ops_uint
f25211901030075c0314bf414fe127f13b54f7ef757e6f725ff82bd0eca50eab	conninfra	conninfra.ko	vendor_dlkm	0x5c0cccf3	wmt_export_platform_dbg_bridge_register
f25211901030075c0314bf414fe127f13b54f7ef757e6f725ff82bd0eca50eab	conninfra	conninfra.ko	vendor_dlkm	0x958545cb	wmt_export_platform_dbg_bridge_unregister
f25211901030075c0314bf414fe127f13b54f7ef757e6f725ff82bd0eca50eab	conninfra	conninfra.ko	vendor_dlkm	0x88db9f48	__check_object_size
f25211901030075c0314bf414fe127f13b54f7ef757e6f725ff82bd0eca50eab	conninfra	conninfra.ko	vendor_dlkm	0x4b0a3f52	gic_nonsecure_priorities
f25211901030075c0314bf414fe127f13b54f7ef757e6f725ff82bd0eca50eab	conninfra	conninfra.ko	vendor_dlkm	0x2be0c009	__arch_copy_from_user
f25211901030075c0314bf414fe127f13b54f7ef757e6f725ff82bd0eca50eab	conninfra	conninfra.ko	vendor_dlkm	0x79e4c52b	cpu_hwcaps
f25211901030075c0314bf414fe127f13b54f7ef757e6f725ff82bd0eca50eab	conninfra	conninfra.ko	vendor_dlkm	0x9a85eebb	__arch_copy_to_user
f25211901030075c0314bf414fe127f13b54f7ef757e6f725ff82bd0eca50eab	conninfra	conninfra.ko	vendor_dlkm	0xe3ec2f2b	alloc_chrdev_region
f25211901030075c0314bf414fe127f13b54f7ef757e6f725ff82bd0eca50eab	conninfra	conninfra.ko	vendor_dlkm	0x1b998c98	genl_register_family
f25211901030075c0314bf414fe127f13b54f7ef757e6f725ff82bd0eca50eab	conninfra	conninfra.ko	vendor_dlkm	0x19dd35ba	__alloc_skb
f25211901030075c0314bf414fe127f13b54f7ef757e6f725ff82bd0eca50eab	conninfra	conninfra.ko	vendor_dlkm	0x21eefe5b	genlmsg_put
f25211901030075c0314bf414fe127f13b54f7ef757e6f725ff82bd0eca50eab	conninfra	conninfra.ko	vendor_dlkm	0x6914cece	nla_put
f25211901030075c0314bf414fe127f13b54f7ef757e6f725ff82bd0eca50eab	conninfra	conninfra.ko	vendor_dlkm	0xe139b2bb	init_net
f25211901030075c0314bf414fe127f13b54f7ef757e6f725ff82bd0eca50eab	conninfra	conninfra.ko	vendor_dlkm	0xd0083f21	netlink_unicast
f25211901030075c0314bf414fe127f13b54f7ef757e6f725ff82bd0eca50eab	conninfra	conninfra.ko	vendor_dlkm	0x234cc6c0	kfree_skb_reason
f25211901030075c0314bf414fe127f13b54f7ef757e6f725ff82bd0eca50eab	conninfra	conninfra.ko	vendor_dlkm	0x584525af	skb_trim
f25211901030075c0314bf414fe127f13b54f7ef757e6f725ff82bd0eca50eab	conninfra	conninfra.ko	vendor_dlkm	0x656e4a6e	snprintf
f25211901030075c0314bf414fe127f13b54f7ef757e6f725ff82bd0eca50eab	conninfra	conninfra.ko	vendor_dlkm	0xa916b694	strnlen
f25211901030075c0314bf414fe127f13b54f7ef757e6f725ff82bd0eca50eab	conninfra	conninfra.ko	vendor_dlkm	0xcbd4898c	fortify_panic
f25211901030075c0314bf414fe127f13b54f7ef757e6f725ff82bd0eca50eab	conninfra	conninfra.ko	vendor_dlkm	0xc1b48621	connectivity_export_conap_scp_deinit
f25211901030075c0314bf414fe127f13b54f7ef757e6f725ff82bd0eca50eab	conninfra	conninfra.ko	vendor_dlkm	0x92e683f5	down_timeout
f25211901030075c0314bf414fe127f13b54f7ef757e6f725ff82bd0eca50eab	conninfra	conninfra.ko	vendor_dlkm	0xcf2a6966	up
f25211901030075c0314bf414fe127f13b54f7ef757e6f725ff82bd0eca50eab	conninfra	conninfra.ko	vendor_dlkm	0x8c95a4c3	conn_pwr_suspend
f25211901030075c0314bf414fe127f13b54f7ef757e6f725ff82bd0eca50eab	conninfra	conninfra.ko	vendor_dlkm	0xaf56600a	arm64_use_ng_mappings
f25211901030075c0314bf414fe127f13b54f7ef757e6f725ff82bd0eca50eab	conninfra	conninfra.ko	vendor_dlkm	0x40863ba1	ioremap_prot
f25211901030075c0314bf414fe127f13b54f7ef757e6f725ff82bd0eca50eab	conninfra	conninfra.ko	vendor_dlkm	0xedc03953	iounmap
f25211901030075c0314bf414fe127f13b54f7ef757e6f725ff82bd0eca50eab	conninfra	conninfra.ko	vendor_dlkm	0xa1ec90c9	__platform_driver_probe
f25211901030075c0314bf414fe127f13b54f7ef757e6f725ff82bd0eca50eab	conninfra	conninfra.ko	vendor_dlkm	0x20dacb95	wmt_export_platform_bridge_register
f25211901030075c0314bf414fe127f13b54f7ef757e6f725ff82bd0eca50eab	conninfra	conninfra.ko	vendor_dlkm	0x766260f3	register_devapc_vio_callback
f25211901030075c0314bf414fe127f13b54f7ef757e6f725ff82bd0eca50eab	conninfra	conninfra.ko	vendor_dlkm	0x21c72be8	devm_thermal_of_zone_register
f25211901030075c0314bf414fe127f13b54f7ef757e6f725ff82bd0eca50eab	conninfra	conninfra.ko	vendor_dlkm	0x29b5066b	conn_pwr_init
f25211901030075c0314bf414fe127f13b54f7ef757e6f725ff82bd0eca50eab	conninfra	conninfra.ko	vendor_dlkm	0xa2ad960a	conn_pwr_resume
f25211901030075c0314bf414fe127f13b54f7ef757e6f725ff82bd0eca50eab	conninfra	conninfra.ko	vendor_dlkm	0x9c2e1e8a	conn_pwr_deinit
f25211901030075c0314bf414fe127f13b54f7ef757e6f725ff82bd0eca50eab	conninfra	conninfra.ko	vendor_dlkm	0xe1b15563	platform_driver_unregister
f25211901030075c0314bf414fe127f13b54f7ef757e6f725ff82bd0eca50eab	conninfra	conninfra.ko	vendor_dlkm	0x45b60059	aee_kernel_exception_api_func
f25211901030075c0314bf414fe127f13b54f7ef757e6f725ff82bd0eca50eab	conninfra	conninfra.ko	vendor_dlkm	0x000c9569	of_property_read_string
f25211901030075c0314bf414fe127f13b54f7ef757e6f725ff82bd0eca50eab	conninfra	conninfra.ko	vendor_dlkm	0x1e78d642	devm_pinctrl_get
f25211901030075c0314bf414fe127f13b54f7ef757e6f725ff82bd0eca50eab	conninfra	conninfra.ko	vendor_dlkm	0x26f40d9d	__of_parse_phandle_with_args
f25211901030075c0314bf414fe127f13b54f7ef757e6f725ff82bd0eca50eab	conninfra	conninfra.ko	vendor_dlkm	0xa3308a92	of_get_child_by_name
f25211901030075c0314bf414fe127f13b54f7ef757e6f725ff82bd0eca50eab	conninfra	conninfra.ko	vendor_dlkm	0x94a3f9c7	of_property_read_variable_u32_array
f25211901030075c0314bf414fe127f13b54f7ef757e6f725ff82bd0eca50eab	conninfra	conninfra.ko	vendor_dlkm	0xf876718e	of_property_read_string_helper
f25211901030075c0314bf414fe127f13b54f7ef757e6f725ff82bd0eca50eab	conninfra	conninfra.ko	vendor_dlkm	0xb1bf4b3e	of_device_get_match_data
f25211901030075c0314bf414fe127f13b54f7ef757e6f725ff82bd0eca50eab	conninfra	conninfra.ko	vendor_dlkm	0x25896616	connectivity_export_conap_scp_init
f25211901030075c0314bf414fe127f13b54f7ef757e6f725ff82bd0eca50eab	conninfra	conninfra.ko	vendor_dlkm	0x894c433a	__platform_driver_register
f25211901030075c0314bf414fe127f13b54f7ef757e6f725ff82bd0eca50eab	conninfra	conninfra.ko	vendor_dlkm	0x100b434b	dev_get_regmap
f25211901030075c0314bf414fe127f13b54f7ef757e6f725ff82bd0eca50eab	conninfra	conninfra.ko	vendor_dlkm	0x00c0a572	of_find_device_by_node
f25211901030075c0314bf414fe127f13b54f7ef757e6f725ff82bd0eca50eab	conninfra	conninfra.ko	vendor_dlkm	0x5bf2bc8d	of_reserved_mem_lookup
f25211901030075c0314bf414fe127f13b54f7ef757e6f725ff82bd0eca50eab	conninfra	conninfra.ko	vendor_dlkm	0x37f4b967	of_property_read_u64
f25211901030075c0314bf414fe127f13b54f7ef757e6f725ff82bd0eca50eab	conninfra	conninfra.ko	vendor_dlkm	0x748c8ec0	of_find_node_opts_by_path
f25211901030075c0314bf414fe127f13b54f7ef757e6f725ff82bd0eca50eab	conninfra	conninfra.ko	vendor_dlkm	0xc905402b	log_write_mmio
f25211901030075c0314bf414fe127f13b54f7ef757e6f725ff82bd0eca50eab	conninfra	conninfra.ko	vendor_dlkm	0xfa4d3c24	log_post_write_mmio
f25211901030075c0314bf414fe127f13b54f7ef757e6f725ff82bd0eca50eab	conninfra	conninfra.ko	vendor_dlkm	0x0524767b	proc_create
f25211901030075c0314bf414fe127f13b54f7ef757e6f725ff82bd0eca50eab	conninfra	conninfra.ko	vendor_dlkm	0xce01cfc4	proc_remove
f25211901030075c0314bf414fe127f13b54f7ef757e6f725ff82bd0eca50eab	conninfra	conninfra.ko	vendor_dlkm	0xe4fcaad8	regmap_read
f25211901030075c0314bf414fe127f13b54f7ef757e6f725ff82bd0eca50eab	conninfra	conninfra.ko	vendor_dlkm	0x2971bc8d	regmap_write
f25211901030075c0314bf414fe127f13b54f7ef757e6f725ff82bd0eca50eab	conninfra	conninfra.ko	vendor_dlkm	0x1fdb76bd	connectivity_export_conap_scp_trigger_cmd
f25211901030075c0314bf414fe127f13b54f7ef757e6f725ff82bd0eca50eab	conninfra	conninfra.ko	vendor_dlkm	0x6b722180	log_read_mmio
f25211901030075c0314bf414fe127f13b54f7ef757e6f725ff82bd0eca50eab	conninfra	conninfra.ko	vendor_dlkm	0x0c1a5ee3	log_post_read_mmio
f25211901030075c0314bf414fe127f13b54f7ef757e6f725ff82bd0eca50eab	conninfra	conninfra.ko	vendor_dlkm	0xaa0acb6b	of_property_match_string
f25211901030075c0314bf414fe127f13b54f7ef757e6f725ff82bd0eca50eab	conninfra	conninfra.ko	vendor_dlkm	0xaf33bdd1	connectivity_export_conap_scp_state_change
f25211901030075c0314bf414fe127f13b54f7ef757e6f725ff82bd0eca50eab	conninfra	conninfra.ko	vendor_dlkm	0x7aa1756e	kvfree
f25211901030075c0314bf414fe127f13b54f7ef757e6f725ff82bd0eca50eab	conninfra	conninfra.ko	vendor_dlkm	0x3b6c41ea	kstrtouint
f25211901030075c0314bf414fe127f13b54f7ef757e6f725ff82bd0eca50eab	conninfra	conninfra.ko	vendor_dlkm	0xeae3dfd6	__const_udelay
f25211901030075c0314bf414fe127f13b54f7ef757e6f725ff82bd0eca50eab	conninfra	conninfra.ko	vendor_dlkm	0x6a902ced	pm_runtime_enable
f25211901030075c0314bf414fe127f13b54f7ef757e6f725ff82bd0eca50eab	conninfra	conninfra.ko	vendor_dlkm	0x1c7ea990	device_wakeup_disable
f25211901030075c0314bf414fe127f13b54f7ef757e6f725ff82bd0eca50eab	conninfra	conninfra.ko	vendor_dlkm	0x490c3055	device_set_wakeup_capable
f25211901030075c0314bf414fe127f13b54f7ef757e6f725ff82bd0eca50eab	conninfra	conninfra.ko	vendor_dlkm	0x14cee5de	__pm_runtime_idle
f25211901030075c0314bf414fe127f13b54f7ef757e6f725ff82bd0eca50eab	conninfra	conninfra.ko	vendor_dlkm	0xabe820ab	__pm_runtime_resume
f25211901030075c0314bf414fe127f13b54f7ef757e6f725ff82bd0eca50eab	conninfra	conninfra.ko	vendor_dlkm	0x088b197f	device_wakeup_enable
f25211901030075c0314bf414fe127f13b54f7ef757e6f725ff82bd0eca50eab	conninfra	conninfra.ko	vendor_dlkm	0xfcab557c	pinctrl_lookup_state
f25211901030075c0314bf414fe127f13b54f7ef757e6f725ff82bd0eca50eab	conninfra	conninfra.ko	vendor_dlkm	0x92ee9662	pinctrl_select_state
f25211901030075c0314bf414fe127f13b54f7ef757e6f725ff82bd0eca50eab	conninfra	conninfra.ko	vendor_dlkm	0x3620741f	of_address_to_resource
f25211901030075c0314bf414fe127f13b54f7ef757e6f725ff82bd0eca50eab	conninfra	conninfra.ko	vendor_dlkm	0x9309b7e9	of_iomap
f25211901030075c0314bf414fe127f13b54f7ef757e6f725ff82bd0eca50eab	conninfra	conninfra.ko	vendor_dlkm	0x42ec81ae	__of_get_address
f25211901030075c0314bf414fe127f13b54f7ef757e6f725ff82bd0eca50eab	conninfra	conninfra.ko	vendor_dlkm	0xf93aae46	__arm_smccc_smc
f25211901030075c0314bf414fe127f13b54f7ef757e6f725ff82bd0eca50eab	conninfra	conninfra.ko	vendor_dlkm	0x8bd4129a	devm_regulator_get_optional
f25211901030075c0314bf414fe127f13b54f7ef757e6f725ff82bd0eca50eab	conninfra	conninfra.ko	vendor_dlkm	0x2089c37d	devm_regulator_register_notifier
f25211901030075c0314bf414fe127f13b54f7ef757e6f725ff82bd0eca50eab	conninfra	conninfra.ko	vendor_dlkm	0x12d1b352	devm_regulator_get
f25211901030075c0314bf414fe127f13b54f7ef757e6f725ff82bd0eca50eab	conninfra	conninfra.ko	vendor_dlkm	0xee5baf2d	regulator_set_voltage
f25211901030075c0314bf414fe127f13b54f7ef757e6f725ff82bd0eca50eab	conninfra	conninfra.ko	vendor_dlkm	0xb1d8e449	regmap_update_bits_base
f25211901030075c0314bf414fe127f13b54f7ef757e6f725ff82bd0eca50eab	conninfra	conninfra.ko	vendor_dlkm	0xe8decd2e	regulator_enable
f25211901030075c0314bf414fe127f13b54f7ef757e6f725ff82bd0eca50eab	conninfra	conninfra.ko	vendor_dlkm	0x82a7d66c	regulator_set_mode
f25211901030075c0314bf414fe127f13b54f7ef757e6f725ff82bd0eca50eab	conninfra	conninfra.ko	vendor_dlkm	0x8b37c47c	regulator_disable
f25211901030075c0314bf414fe127f13b54f7ef757e6f725ff82bd0eca50eab	conninfra	conninfra.ko	vendor_dlkm	0xeb66df15	regulator_is_enabled
f25211901030075c0314bf414fe127f13b54f7ef757e6f725ff82bd0eca50eab	conninfra	conninfra.ko	vendor_dlkm	0x32c39494	get_smem_phy_start_addr
f25211901030075c0314bf414fe127f13b54f7ef757e6f725ff82bd0eca50eab	conninfra	conninfra.ko	vendor_dlkm	0x37befc70	jiffies_to_msecs
f25211901030075c0314bf414fe127f13b54f7ef757e6f725ff82bd0eca50eab	conninfra	conninfra.ko	vendor_dlkm	0x18b48e28	__memset_io
f25211901030075c0314bf414fe127f13b54f7ef757e6f725ff82bd0eca50eab	conninfra	conninfra.ko	vendor_dlkm	0x27bbf221	disable_irq_nosync
f25211901030075c0314bf414fe127f13b54f7ef757e6f725ff82bd0eca50eab	conninfra	conninfra.ko	vendor_dlkm	0x6e4e69eb	platform_get_irq
f25211901030075c0314bf414fe127f13b54f7ef757e6f725ff82bd0eca50eab	conninfra	conninfra.ko	vendor_dlkm	0x92d5838e	request_threaded_irq
f25211901030075c0314bf414fe127f13b54f7ef757e6f725ff82bd0eca50eab	conninfra	conninfra.ko	vendor_dlkm	0xfcec0987	enable_irq
f25211901030075c0314bf414fe127f13b54f7ef757e6f725ff82bd0eca50eab	conninfra	conninfra.ko	vendor_dlkm	0xc1514a3b	free_irq
f25211901030075c0314bf414fe127f13b54f7ef757e6f725ff82bd0eca50eab	conninfra	conninfra.ko	vendor_dlkm	0xfeb6361a	alarm_start_relative
f25211901030075c0314bf414fe127f13b54f7ef757e6f725ff82bd0eca50eab	conninfra	conninfra.ko	vendor_dlkm	0x536e1fa7	alarm_cancel
f25211901030075c0314bf414fe127f13b54f7ef757e6f725ff82bd0eca50eab	conninfra	conninfra.ko	vendor_dlkm	0x1fbe3658	alarm_init
f25211901030075c0314bf414fe127f13b54f7ef757e6f725ff82bd0eca50eab	conninfra	conninfra.ko	vendor_dlkm	0x3c3ff9fd	sprintf
f25211901030075c0314bf414fe127f13b54f7ef757e6f725ff82bd0eca50eab	conninfra	conninfra.ko	vendor_dlkm	0x356461c8	rtc_time64_to_tm
f25211901030075c0314bf414fe127f13b54f7ef757e6f725ff82bd0eca50eab	conninfra	conninfra.ko	vendor_dlkm	0xb9ab15e7	of_get_named_gpio_flags
f25211901030075c0314bf414fe127f13b54f7ef757e6f725ff82bd0eca50eab	conninfra	conninfra.ko	vendor_dlkm	0xe416cf51	irq_of_parse_and_map
f25211901030075c0314bf414fe127f13b54f7ef757e6f725ff82bd0eca50eab	conninfra	conninfra.ko	vendor_dlkm	0x0570ef04	devm_request_threaded_irq
f25211901030075c0314bf414fe127f13b54f7ef757e6f725ff82bd0eca50eab	conninfra	conninfra.ko	vendor_dlkm	0xb14af7ad	conn_dbg_add_log
f25211901030075c0314bf414fe127f13b54f7ef757e6f725ff82bd0eca50eab	conninfra	conninfra.ko	vendor_dlkm	0x0ec43f6f	gpio_to_desc
f25211901030075c0314bf414fe127f13b54f7ef757e6f725ff82bd0eca50eab	conninfra	conninfra.ko	vendor_dlkm	0xe7edce8c	gpiod_get_raw_value
f25211901030075c0314bf414fe127f13b54f7ef757e6f725ff82bd0eca50eab	conninfra	conninfra.ko	vendor_dlkm	0xea759d7f	module_layout
fc3e8a5d97296d8058965c444759e74415e871f0bbdabe2427f66aef3dd4179e	wlan_drv_gen4m_6878	wlan_drv_gen4m_6878.ko	vendor_dlkm	0x92997ed8	_printk
fc3e8a5d97296d8058965c444759e74415e871f0bbdabe2427f66aef3dd4179e	wlan_drv_gen4m_6878	wlan_drv_gen4m_6878.ko	vendor_dlkm	0x8d522714	__rcu_read_lock
fc3e8a5d97296d8058965c444759e74415e871f0bbdabe2427f66aef3dd4179e	wlan_drv_gen4m_6878	wlan_drv_gen4m_6878.ko	vendor_dlkm	0x5cd583b1	find_task_by_vpid
fc3e8a5d97296d8058965c444759e74415e871f0bbdabe2427f66aef3dd4179e	wlan_drv_gen4m_6878	wlan_drv_gen4m_6878.ko	vendor_dlkm	0x1348649e	alt_cb_patch_nops
fc3e8a5d97296d8058965c444759e74415e871f0bbdabe2427f66aef3dd4179e	wlan_drv_gen4m_6878	wlan_drv_gen4m_6878.ko	vendor_dlkm	0x2469810f	__rcu_read_unlock
fc3e8a5d97296d8058965c444759e74415e871f0bbdabe2427f66aef3dd4179e	wlan_drv_gen4m_6878	wlan_drv_gen4m_6878.ko	vendor_dlkm	0x5b3e64b8	sched_setattr
fc3e8a5d97296d8058965c444759e74415e871f0bbdabe2427f66aef3dd4179e	wlan_drv_gen4m_6878	wlan_drv_gen4m_6878.ko	vendor_dlkm	0x950c847f	__put_task_struct
fc3e8a5d97296d8058965c444759e74415e871f0bbdabe2427f66aef3dd4179e	wlan_drv_gen4m_6878	wlan_drv_gen4m_6878.ko	vendor_dlkm	0x0296695f	refcount_warn_saturate
fc3e8a5d97296d8058965c444759e74415e871f0bbdabe2427f66aef3dd4179e	wlan_drv_gen4m_6878	wlan_drv_gen4m_6878.ko	vendor_dlkm	0xc2c193d2	__stack_chk_fail
fc3e8a5d97296d8058965c444759e74415e871f0bbdabe2427f66aef3dd4179e	wlan_drv_gen4m_6878	wlan_drv_gen4m_6878.ko	vendor_dlkm	0x017de3d5	nr_cpu_ids
fc3e8a5d97296d8058965c444759e74415e871f0bbdabe2427f66aef3dd4179e	wlan_drv_gen4m_6878	wlan_drv_gen4m_6878.ko	vendor_dlkm	0xde7ece30	__cpu_possible_mask
fc3e8a5d97296d8058965c444759e74415e871f0bbdabe2427f66aef3dd4179e	wlan_drv_gen4m_6878	wlan_drv_gen4m_6878.ko	vendor_dlkm	0xeff012e0	cpufreq_cpu_put
fc3e8a5d97296d8058965c444759e74415e871f0bbdabe2427f66aef3dd4179e	wlan_drv_gen4m_6878	wlan_drv_gen4m_6878.ko	vendor_dlkm	0x53a1e8d9	_find_next_bit
fc3e8a5d97296d8058965c444759e74415e871f0bbdabe2427f66aef3dd4179e	wlan_drv_gen4m_6878	wlan_drv_gen4m_6878.ko	vendor_dlkm	0x70475977	cpufreq_cpu_get
fc3e8a5d97296d8058965c444759e74415e871f0bbdabe2427f66aef3dd4179e	wlan_drv_gen4m_6878	wlan_drv_gen4m_6878.ko	vendor_dlkm	0x0f15b38a	kmalloc_caches
fc3e8a5d97296d8058965c444759e74415e871f0bbdabe2427f66aef3dd4179e	wlan_drv_gen4m_6878	wlan_drv_gen4m_6878.ko	vendor_dlkm	0xb78e7543	kmalloc_trace
fc3e8a5d97296d8058965c444759e74415e871f0bbdabe2427f66aef3dd4179e	wlan_drv_gen4m_6878	wlan_drv_gen4m_6878.ko	vendor_dlkm	0x98a5d06a	freq_qos_add_request
fc3e8a5d97296d8058965c444759e74415e871f0bbdabe2427f66aef3dd4179e	wlan_drv_gen4m_6878	wlan_drv_gen4m_6878.ko	vendor_dlkm	0x68f31cbd	__list_add_valid
fc3e8a5d97296d8058965c444759e74415e871f0bbdabe2427f66aef3dd4179e	wlan_drv_gen4m_6878	wlan_drv_gen4m_6878.ko	vendor_dlkm	0x037a0cba	kfree
fc3e8a5d97296d8058965c444759e74415e871f0bbdabe2427f66aef3dd4179e	wlan_drv_gen4m_6878	wlan_drv_gen4m_6878.ko	vendor_dlkm	0x5aa683b8	freq_qos_update_request
fc3e8a5d97296d8058965c444759e74415e871f0bbdabe2427f66aef3dd4179e	wlan_drv_gen4m_6878	wlan_drv_gen4m_6878.ko	vendor_dlkm	0xd994ecee	cpu_all_bits
fc3e8a5d97296d8058965c444759e74415e871f0bbdabe2427f66aef3dd4179e	wlan_drv_gen4m_6878	wlan_drv_gen4m_6878.ko	vendor_dlkm	0x6c4198dc	set_cpus_allowed_ptr
fc3e8a5d97296d8058965c444759e74415e871f0bbdabe2427f66aef3dd4179e	wlan_drv_gen4m_6878	wlan_drv_gen4m_6878.ko	vendor_dlkm	0xdcb764ad	memset
fc3e8a5d97296d8058965c444759e74415e871f0bbdabe2427f66aef3dd4179e	wlan_drv_gen4m_6878	wlan_drv_gen4m_6878.ko	vendor_dlkm	0x62ad2053	cpu_bit_bitmap
fc3e8a5d97296d8058965c444759e74415e871f0bbdabe2427f66aef3dd4179e	wlan_drv_gen4m_6878	wlan_drv_gen4m_6878.ko	vendor_dlkm	0x21ea5251	__bitmap_weight
fc3e8a5d97296d8058965c444759e74415e871f0bbdabe2427f66aef3dd4179e	wlan_drv_gen4m_6878	wlan_drv_gen4m_6878.ko	vendor_dlkm	0xa084749a	__bitmap_or
fc3e8a5d97296d8058965c444759e74415e871f0bbdabe2427f66aef3dd4179e	wlan_drv_gen4m_6878	wlan_drv_gen4m_6878.ko	vendor_dlkm	0xcbd4898c	fortify_panic
fc3e8a5d97296d8058965c444759e74415e871f0bbdabe2427f66aef3dd4179e	wlan_drv_gen4m_6878	wlan_drv_gen4m_6878.ko	vendor_dlkm	0x7bfbbb52	regulator_get
fc3e8a5d97296d8058965c444759e74415e871f0bbdabe2427f66aef3dd4179e	wlan_drv_gen4m_6878	wlan_drv_gen4m_6878.ko	vendor_dlkm	0xee5baf2d	regulator_set_voltage
fc3e8a5d97296d8058965c444759e74415e871f0bbdabe2427f66aef3dd4179e	wlan_drv_gen4m_6878	wlan_drv_gen4m_6878.ko	vendor_dlkm	0xc29bf967	strspn
fc3e8a5d97296d8058965c444759e74415e871f0bbdabe2427f66aef3dd4179e	wlan_drv_gen4m_6878	wlan_drv_gen4m_6878.ko	vendor_dlkm	0x9a1dfd65	strpbrk
fc3e8a5d97296d8058965c444759e74415e871f0bbdabe2427f66aef3dd4179e	wlan_drv_gen4m_6878	wlan_drv_gen4m_6878.ko	vendor_dlkm	0x98cf60b3	strlen
fc3e8a5d97296d8058965c444759e74415e871f0bbdabe2427f66aef3dd4179e	wlan_drv_gen4m_6878	wlan_drv_gen4m_6878.ko	vendor_dlkm	0x96b29254	strncasecmp
fc3e8a5d97296d8058965c444759e74415e871f0bbdabe2427f66aef3dd4179e	wlan_drv_gen4m_6878	wlan_drv_gen4m_6878.ko	vendor_dlkm	0x349cba85	strchr
fc3e8a5d97296d8058965c444759e74415e871f0bbdabe2427f66aef3dd4179e	wlan_drv_gen4m_6878	wlan_drv_gen4m_6878.ko	vendor_dlkm	0xa916b694	strnlen
fc3e8a5d97296d8058965c444759e74415e871f0bbdabe2427f66aef3dd4179e	wlan_drv_gen4m_6878	wlan_drv_gen4m_6878.ko	vendor_dlkm	0xbcab6ee6	sscanf
fc3e8a5d97296d8058965c444759e74415e871f0bbdabe2427f66aef3dd4179e	wlan_drv_gen4m_6878	wlan_drv_gen4m_6878.ko	vendor_dlkm	0x4af6ddf0	kstrtou16
fc3e8a5d97296d8058965c444759e74415e871f0bbdabe2427f66aef3dd4179e	wlan_drv_gen4m_6878	wlan_drv_gen4m_6878.ko	vendor_dlkm	0x3b6c41ea	kstrtouint
fc3e8a5d97296d8058965c444759e74415e871f0bbdabe2427f66aef3dd4179e	wlan_drv_gen4m_6878	wlan_drv_gen4m_6878.ko	vendor_dlkm	0x6a6e05bf	kstrtou8
fc3e8a5d97296d8058965c444759e74415e871f0bbdabe2427f66aef3dd4179e	wlan_drv_gen4m_6878	wlan_drv_gen4m_6878.ko	vendor_dlkm	0x4829a47e	memcpy
fc3e8a5d97296d8058965c444759e74415e871f0bbdabe2427f66aef3dd4179e	wlan_drv_gen4m_6878	wlan_drv_gen4m_6878.ko	vendor_dlkm	0xe2d5255a	strcmp
fc3e8a5d97296d8058965c444759e74415e871f0bbdabe2427f66aef3dd4179e	wlan_drv_gen4m_6878	wlan_drv_gen4m_6878.ko	vendor_dlkm	0x3854774b	kstrtoll
fc3e8a5d97296d8058965c444759e74415e871f0bbdabe2427f66aef3dd4179e	wlan_drv_gen4m_6878	wlan_drv_gen4m_6878.ko	vendor_dlkm	0x1e6d26a8	strstr
fc3e8a5d97296d8058965c444759e74415e871f0bbdabe2427f66aef3dd4179e	wlan_drv_gen4m_6878	wlan_drv_gen4m_6878.ko	vendor_dlkm	0x608741b5	__init_swait_queue_head
fc3e8a5d97296d8058965c444759e74415e871f0bbdabe2427f66aef3dd4179e	wlan_drv_gen4m_6878	wlan_drv_gen4m_6878.ko	vendor_dlkm	0xeb233a45	__kmalloc
fc3e8a5d97296d8058965c444759e74415e871f0bbdabe2427f66aef3dd4179e	wlan_drv_gen4m_6878	wlan_drv_gen4m_6878.ko	vendor_dlkm	0x5a9f1d63	memmove
fc3e8a5d97296d8058965c444759e74415e871f0bbdabe2427f66aef3dd4179e	wlan_drv_gen4m_6878	wlan_drv_gen4m_6878.ko	vendor_dlkm	0x449ad0a7	memcmp
fc3e8a5d97296d8058965c444759e74415e871f0bbdabe2427f66aef3dd4179e	wlan_drv_gen4m_6878	wlan_drv_gen4m_6878.ko	vendor_dlkm	0x656e4a6e	snprintf
fc3e8a5d97296d8058965c444759e74415e871f0bbdabe2427f66aef3dd4179e	wlan_drv_gen4m_6878	wlan_drv_gen4m_6878.ko	vendor_dlkm	0xd6ee688f	vmalloc
fc3e8a5d97296d8058965c444759e74415e871f0bbdabe2427f66aef3dd4179e	wlan_drv_gen4m_6878	wlan_drv_gen4m_6878.ko	vendor_dlkm	0x7aa1756e	kvfree
fc3e8a5d97296d8058965c444759e74415e871f0bbdabe2427f66aef3dd4179e	wlan_drv_gen4m_6878	wlan_drv_gen4m_6878.ko	vendor_dlkm	0x5a921311	strncmp
fc3e8a5d97296d8058965c444759e74415e871f0bbdabe2427f66aef3dd4179e	wlan_drv_gen4m_6878	wlan_drv_gen4m_6878.ko	vendor_dlkm	0x9166fada	strncpy
fc3e8a5d97296d8058965c444759e74415e871f0bbdabe2427f66aef3dd4179e	wlan_drv_gen4m_6878	wlan_drv_gen4m_6878.ko	vendor_dlkm	0x85df9b6c	strsep
fc3e8a5d97296d8058965c444759e74415e871f0bbdabe2427f66aef3dd4179e	wlan_drv_gen4m_6878	wlan_drv_gen4m_6878.ko	vendor_dlkm	0x3e3bad0a	__tasklet_hi_schedule
fc3e8a5d97296d8058965c444759e74415e871f0bbdabe2427f66aef3dd4179e	wlan_drv_gen4m_6878	wlan_drv_gen4m_6878.ko	vendor_dlkm	0xb14af7ad	conn_dbg_add_log
fc3e8a5d97296d8058965c444759e74415e871f0bbdabe2427f66aef3dd4179e	wlan_drv_gen4m_6878	wlan_drv_gen4m_6878.ko	vendor_dlkm	0x15ba50a6	jiffies
fc3e8a5d97296d8058965c444759e74415e871f0bbdabe2427f66aef3dd4179e	wlan_drv_gen4m_6878	wlan_drv_gen4m_6878.ko	vendor_dlkm	0x37befc70	jiffies_to_msecs
fc3e8a5d97296d8058965c444759e74415e871f0bbdabe2427f66aef3dd4179e	wlan_drv_gen4m_6878	wlan_drv_gen4m_6878.ko	vendor_dlkm	0xf9a482f9	msleep
fc3e8a5d97296d8058965c444759e74415e871f0bbdabe2427f66aef3dd4179e	wlan_drv_gen4m_6878	wlan_drv_gen4m_6878.ko	vendor_dlkm	0x1aa68695	__pm_relax
fc3e8a5d97296d8058965c444759e74415e871f0bbdabe2427f66aef3dd4179e	wlan_drv_gen4m_6878	wlan_drv_gen4m_6878.ko	vendor_dlkm	0x56470118	__warn_printk
fc3e8a5d97296d8058965c444759e74415e871f0bbdabe2427f66aef3dd4179e	wlan_drv_gen4m_6878	wlan_drv_gen4m_6878.ko	vendor_dlkm	0x8c8569cb	kstrtoint
fc3e8a5d97296d8058965c444759e74415e871f0bbdabe2427f66aef3dd4179e	wlan_drv_gen4m_6878	wlan_drv_gen4m_6878.ko	vendor_dlkm	0x96848186	scnprintf
fc3e8a5d97296d8058965c444759e74415e871f0bbdabe2427f66aef3dd4179e	wlan_drv_gen4m_6878	wlan_drv_gen4m_6878.ko	vendor_dlkm	0xd653b126	sched_clock
fc3e8a5d97296d8058965c444759e74415e871f0bbdabe2427f66aef3dd4179e	wlan_drv_gen4m_6878	wlan_drv_gen4m_6878.ko	vendor_dlkm	0x1d24c881	___ratelimit
fc3e8a5d97296d8058965c444759e74415e871f0bbdabe2427f66aef3dd4179e	wlan_drv_gen4m_6878	wlan_drv_gen4m_6878.ko	vendor_dlkm	0xc60dde3d	get_low_latency_mode
fc3e8a5d97296d8058965c444759e74415e871f0bbdabe2427f66aef3dd4179e	wlan_drv_gen4m_6878	wlan_drv_gen4m_6878.ko	vendor_dlkm	0xc3055d20	usleep_range_state
fc3e8a5d97296d8058965c444759e74415e871f0bbdabe2427f66aef3dd4179e	wlan_drv_gen4m_6878	wlan_drv_gen4m_6878.ko	vendor_dlkm	0x263c3152	bcmp
fc3e8a5d97296d8058965c444759e74415e871f0bbdabe2427f66aef3dd4179e	wlan_drv_gen4m_6878	wlan_drv_gen4m_6878.ko	vendor_dlkm	0xfe916dc6	hex_dump_to_buffer
fc3e8a5d97296d8058965c444759e74415e871f0bbdabe2427f66aef3dd4179e	wlan_drv_gen4m_6878	wlan_drv_gen4m_6878.ko	vendor_dlkm	0x00148653	vsnprintf
fc3e8a5d97296d8058965c444759e74415e871f0bbdabe2427f66aef3dd4179e	wlan_drv_gen4m_6878	wlan_drv_gen4m_6878.ko	vendor_dlkm	0xb72bd068	conn_pwr_register_event_cb
fc3e8a5d97296d8058965c444759e74415e871f0bbdabe2427f66aef3dd4179e	wlan_drv_gen4m_6878	wlan_drv_gen4m_6878.ko	vendor_dlkm	0x85b39412	conn_pwr_drv_pre_on
fc3e8a5d97296d8058965c444759e74415e871f0bbdabe2427f66aef3dd4179e	wlan_drv_gen4m_6878	wlan_drv_gen4m_6878.ko	vendor_dlkm	0xba8fbd64	_raw_spin_lock
fc3e8a5d97296d8058965c444759e74415e871f0bbdabe2427f66aef3dd4179e	wlan_drv_gen4m_6878	wlan_drv_gen4m_6878.ko	vendor_dlkm	0x0c3690fc	_raw_spin_lock_bh
fc3e8a5d97296d8058965c444759e74415e871f0bbdabe2427f66aef3dd4179e	wlan_drv_gen4m_6878	wlan_drv_gen4m_6878.ko	vendor_dlkm	0xb5b54b34	_raw_spin_unlock
fc3e8a5d97296d8058965c444759e74415e871f0bbdabe2427f66aef3dd4179e	wlan_drv_gen4m_6878	wlan_drv_gen4m_6878.ko	vendor_dlkm	0xe46021ca	_raw_spin_unlock_bh
fc3e8a5d97296d8058965c444759e74415e871f0bbdabe2427f66aef3dd4179e	wlan_drv_gen4m_6878	wlan_drv_gen4m_6878.ko	vendor_dlkm	0x5c3c7387	kstrtoull
fc3e8a5d97296d8058965c444759e74415e871f0bbdabe2427f66aef3dd4179e	wlan_drv_gen4m_6878	wlan_drv_gen4m_6878.ko	vendor_dlkm	0xdb976d85	aee_kernel_warning_api_func
fc3e8a5d97296d8058965c444759e74415e871f0bbdabe2427f66aef3dd4179e	wlan_drv_gen4m_6878	wlan_drv_gen4m_6878.ko	vendor_dlkm	0xaa1ac9ec	cfg80211_classify8021d
fc3e8a5d97296d8058965c444759e74415e871f0bbdabe2427f66aef3dd4179e	wlan_drv_gen4m_6878	wlan_drv_gen4m_6878.ko	vendor_dlkm	0x39a1a566	cfg80211_sched_scan_stopped
fc3e8a5d97296d8058965c444759e74415e871f0bbdabe2427f66aef3dd4179e	wlan_drv_gen4m_6878	wlan_drv_gen4m_6878.ko	vendor_dlkm	0x925b1655	consume_skb
fc3e8a5d97296d8058965c444759e74415e871f0bbdabe2427f66aef3dd4179e	wlan_drv_gen4m_6878	wlan_drv_gen4m_6878.ko	vendor_dlkm	0xb5eebca2	ieee80211_get_channel_khz
fc3e8a5d97296d8058965c444759e74415e871f0bbdabe2427f66aef3dd4179e	wlan_drv_gen4m_6878	wlan_drv_gen4m_6878.ko	vendor_dlkm	0x253af43d	delayed_work_timer_fn
fc3e8a5d97296d8058965c444759e74415e871f0bbdabe2427f66aef3dd4179e	wlan_drv_gen4m_6878	wlan_drv_gen4m_6878.ko	vendor_dlkm	0x79cf5987	init_timer_key
fc3e8a5d97296d8058965c444759e74415e871f0bbdabe2427f66aef3dd4179e	wlan_drv_gen4m_6878	wlan_drv_gen4m_6878.ko	vendor_dlkm	0xd969d6f4	cancel_work_sync
fc3e8a5d97296d8058965c444759e74415e871f0bbdabe2427f66aef3dd4179e	wlan_drv_gen4m_6878	wlan_drv_gen4m_6878.ko	vendor_dlkm	0x34db050b	_raw_spin_lock_irqsave
fc3e8a5d97296d8058965c444759e74415e871f0bbdabe2427f66aef3dd4179e	wlan_drv_gen4m_6878	wlan_drv_gen4m_6878.ko	vendor_dlkm	0x73b6e47f	cfg80211_scan_done
fc3e8a5d97296d8058965c444759e74415e871f0bbdabe2427f66aef3dd4179e	wlan_drv_gen4m_6878	wlan_drv_gen4m_6878.ko	vendor_dlkm	0xd35cce70	_raw_spin_unlock_irqrestore
fc3e8a5d97296d8058965c444759e74415e871f0bbdabe2427f66aef3dd4179e	wlan_drv_gen4m_6878	wlan_drv_gen4m_6878.ko	vendor_dlkm	0x926aa810	netif_tx_stop_all_queues
fc3e8a5d97296d8058965c444759e74415e871f0bbdabe2427f66aef3dd4179e	wlan_drv_gen4m_6878	wlan_drv_gen4m_6878.ko	vendor_dlkm	0x2d3385d3	system_wq
fc3e8a5d97296d8058965c444759e74415e871f0bbdabe2427f66aef3dd4179e	wlan_drv_gen4m_6878	wlan_drv_gen4m_6878.ko	vendor_dlkm	0x732ac580	queue_work_on
fc3e8a5d97296d8058965c444759e74415e871f0bbdabe2427f66aef3dd4179e	wlan_drv_gen4m_6878	wlan_drv_gen4m_6878.ko	vendor_dlkm	0x08cfab32	dev_addr_mod
fc3e8a5d97296d8058965c444759e74415e871f0bbdabe2427f66aef3dd4179e	wlan_drv_gen4m_6878	wlan_drv_gen4m_6878.ko	vendor_dlkm	0x8be45c3b	wakeup_source_register
fc3e8a5d97296d8058965c444759e74415e871f0bbdabe2427f66aef3dd4179e	wlan_drv_gen4m_6878	wlan_drv_gen4m_6878.ko	vendor_dlkm	0xb511937b	wakeup_source_unregister
fc3e8a5d97296d8058965c444759e74415e871f0bbdabe2427f66aef3dd4179e	wlan_drv_gen4m_6878	wlan_drv_gen4m_6878.ko	vendor_dlkm	0x46c7e5b5	ether_setup
fc3e8a5d97296d8058965c444759e74415e871f0bbdabe2427f66aef3dd4179e	wlan_drv_gen4m_6878	wlan_drv_gen4m_6878.ko	vendor_dlkm	0xa8cf71ff	alloc_netdev_mqs
fc3e8a5d97296d8058965c444759e74415e871f0bbdabe2427f66aef3dd4179e	wlan_drv_gen4m_6878	wlan_drv_gen4m_6878.ko	vendor_dlkm	0x6508739f	netif_carrier_off
fc3e8a5d97296d8058965c444759e74415e871f0bbdabe2427f66aef3dd4179e	wlan_drv_gen4m_6878	wlan_drv_gen4m_6878.ko	vendor_dlkm	0xa571f6b0	__mutex_init
fc3e8a5d97296d8058965c444759e74415e871f0bbdabe2427f66aef3dd4179e	wlan_drv_gen4m_6878	wlan_drv_gen4m_6878.ko	vendor_dlkm	0xd9a5ea54	__init_waitqueue_head
fc3e8a5d97296d8058965c444759e74415e871f0bbdabe2427f66aef3dd4179e	wlan_drv_gen4m_6878	wlan_drv_gen4m_6878.ko	vendor_dlkm	0xc7a4fbed	rtnl_lock
fc3e8a5d97296d8058965c444759e74415e871f0bbdabe2427f66aef3dd4179e	wlan_drv_gen4m_6878	wlan_drv_gen4m_6878.ko	vendor_dlkm	0x6e720ff2	rtnl_unlock
fc3e8a5d97296d8058965c444759e74415e871f0bbdabe2427f66aef3dd4179e	wlan_drv_gen4m_6878	wlan_drv_gen4m_6878.ko	vendor_dlkm	0x6626afca	down
fc3e8a5d97296d8058965c444759e74415e871f0bbdabe2427f66aef3dd4179e	wlan_drv_gen4m_6878	wlan_drv_gen4m_6878.ko	vendor_dlkm	0xcf2a6966	up
fc3e8a5d97296d8058965c444759e74415e871f0bbdabe2427f66aef3dd4179e	wlan_drv_gen4m_6878	wlan_drv_gen4m_6878.ko	vendor_dlkm	0xe2964344	__wake_up
fc3e8a5d97296d8058965c444759e74415e871f0bbdabe2427f66aef3dd4179e	wlan_drv_gen4m_6878	wlan_drv_gen4m_6878.ko	vendor_dlkm	0x5c1c9bbb	conn_pwr_send_msg
fc3e8a5d97296d8058965c444759e74415e871f0bbdabe2427f66aef3dd4179e	wlan_drv_gen4m_6878	wlan_drv_gen4m_6878.ko	vendor_dlkm	0xa2b043f3	conn_pwr_drv_post_off
fc3e8a5d97296d8058965c444759e74415e871f0bbdabe2427f66aef3dd4179e	wlan_drv_gen4m_6878	wlan_drv_gen4m_6878.ko	vendor_dlkm	0xb022891d	register_set_p2p_mode_handler
fc3e8a5d97296d8058965c444759e74415e871f0bbdabe2427f66aef3dd4179e	wlan_drv_gen4m_6878	wlan_drv_gen4m_6878.ko	vendor_dlkm	0xf02aa937	wait_for_completion_interruptible_timeout
fc3e8a5d97296d8058965c444759e74415e871f0bbdabe2427f66aef3dd4179e	wlan_drv_gen4m_6878	wlan_drv_gen4m_6878.ko	vendor_dlkm	0x604f3a64	connectivity_export_show_stack
fc3e8a5d97296d8058965c444759e74415e871f0bbdabe2427f66aef3dd4179e	wlan_drv_gen4m_6878	wlan_drv_gen4m_6878.ko	vendor_dlkm	0x6b79f44e	netif_device_detach
fc3e8a5d97296d8058965c444759e74415e871f0bbdabe2427f66aef3dd4179e	wlan_drv_gen4m_6878	wlan_drv_gen4m_6878.ko	vendor_dlkm	0xca971b10	update_driver_loaded_status
fc3e8a5d97296d8058965c444759e74415e871f0bbdabe2427f66aef3dd4179e	wlan_drv_gen4m_6878	wlan_drv_gen4m_6878.ko	vendor_dlkm	0x1148c0ea	flush_delayed_work
fc3e8a5d97296d8058965c444759e74415e871f0bbdabe2427f66aef3dd4179e	wlan_drv_gen4m_6878	wlan_drv_gen4m_6878.ko	vendor_dlkm	0x4735ac17	flush_work
fc3e8a5d97296d8058965c444759e74415e871f0bbdabe2427f66aef3dd4179e	wlan_drv_gen4m_6878	wlan_drv_gen4m_6878.ko	vendor_dlkm	0xb5769105	free_netdev
fc3e8a5d97296d8058965c444759e74415e871f0bbdabe2427f66aef3dd4179e	wlan_drv_gen4m_6878	wlan_drv_gen4m_6878.ko	vendor_dlkm	0x0ea3c74e	tasklet_kill
fc3e8a5d97296d8058965c444759e74415e871f0bbdabe2427f66aef3dd4179e	wlan_drv_gen4m_6878	wlan_drv_gen4m_6878.ko	vendor_dlkm	0x13d0adf7	__kfifo_out
fc3e8a5d97296d8058965c444759e74415e871f0bbdabe2427f66aef3dd4179e	wlan_drv_gen4m_6878	wlan_drv_gen4m_6878.ko	vendor_dlkm	0xbd462b55	__kfifo_init
fc3e8a5d97296d8058965c444759e74415e871f0bbdabe2427f66aef3dd4179e	wlan_drv_gen4m_6878	wlan_drv_gen4m_6878.ko	vendor_dlkm	0x2364c85a	tasklet_init
fc3e8a5d97296d8058965c444759e74415e871f0bbdabe2427f66aef3dd4179e	wlan_drv_gen4m_6878	wlan_drv_gen4m_6878.ko	vendor_dlkm	0xb0f4ab9f	kthread_create_on_node
fc3e8a5d97296d8058965c444759e74415e871f0bbdabe2427f66aef3dd4179e	wlan_drv_gen4m_6878	wlan_drv_gen4m_6878.ko	vendor_dlkm	0x73e2bcf1	wake_up_process
fc3e8a5d97296d8058965c444759e74415e871f0bbdabe2427f66aef3dd4179e	wlan_drv_gen4m_6878	wlan_drv_gen4m_6878.ko	vendor_dlkm	0x97bc586d	netif_device_attach
fc3e8a5d97296d8058965c444759e74415e871f0bbdabe2427f66aef3dd4179e	wlan_drv_gen4m_6878	wlan_drv_gen4m_6878.ko	vendor_dlkm	0x439b708f	cfg80211_disconnected
fc3e8a5d97296d8058965c444759e74415e871f0bbdabe2427f66aef3dd4179e	wlan_drv_gen4m_6878	wlan_drv_gen4m_6878.ko	vendor_dlkm	0x748c8ec0	of_find_node_opts_by_path
fc3e8a5d97296d8058965c444759e74415e871f0bbdabe2427f66aef3dd4179e	wlan_drv_gen4m_6878	wlan_drv_gen4m_6878.ko	vendor_dlkm	0x9da9550a	of_get_property
fc3e8a5d97296d8058965c444759e74415e871f0bbdabe2427f66aef3dd4179e	wlan_drv_gen4m_6878	wlan_drv_gen4m_6878.ko	vendor_dlkm	0x801af4b3	wiphy_new_nm
fc3e8a5d97296d8058965c444759e74415e871f0bbdabe2427f66aef3dd4179e	wlan_drv_gen4m_6878	wlan_drv_gen4m_6878.ko	vendor_dlkm	0x7cccb2db	wiphy_register
fc3e8a5d97296d8058965c444759e74415e871f0bbdabe2427f66aef3dd4179e	wlan_drv_gen4m_6878	wlan_drv_gen4m_6878.ko	vendor_dlkm	0x4e79f242	register_file_buf_handler
fc3e8a5d97296d8058965c444759e74415e871f0bbdabe2427f66aef3dd4179e	wlan_drv_gen4m_6878	wlan_drv_gen4m_6878.ko	vendor_dlkm	0x8dd5515b	wiphy_free
fc3e8a5d97296d8058965c444759e74415e871f0bbdabe2427f66aef3dd4179e	wlan_drv_gen4m_6878	wlan_drv_gen4m_6878.ko	vendor_dlkm	0x4ab68b33	unregister_netdev
fc3e8a5d97296d8058965c444759e74415e871f0bbdabe2427f66aef3dd4179e	wlan_drv_gen4m_6878	wlan_drv_gen4m_6878.ko	vendor_dlkm	0xb2329766	wiphy_unregister
fc3e8a5d97296d8058965c444759e74415e871f0bbdabe2427f66aef3dd4179e	wlan_drv_gen4m_6878	wlan_drv_gen4m_6878.ko	vendor_dlkm	0x2e3bcce2	wait_for_completion_interruptible
fc3e8a5d97296d8058965c444759e74415e871f0bbdabe2427f66aef3dd4179e	wlan_drv_gen4m_6878	wlan_drv_gen4m_6878.ko	vendor_dlkm	0x9c3fdf15	request_firmware
fc3e8a5d97296d8058965c444759e74415e871f0bbdabe2427f66aef3dd4179e	wlan_drv_gen4m_6878	wlan_drv_gen4m_6878.ko	vendor_dlkm	0xc6d09aa9	release_firmware
fc3e8a5d97296d8058965c444759e74415e871f0bbdabe2427f66aef3dd4179e	wlan_drv_gen4m_6878	wlan_drv_gen4m_6878.ko	vendor_dlkm	0xf8beca97	cancel_delayed_work_sync
fc3e8a5d97296d8058965c444759e74415e871f0bbdabe2427f66aef3dd4179e	wlan_drv_gen4m_6878	wlan_drv_gen4m_6878.ko	vendor_dlkm	0x88db9f48	__check_object_size
fc3e8a5d97296d8058965c444759e74415e871f0bbdabe2427f66aef3dd4179e	wlan_drv_gen4m_6878	wlan_drv_gen4m_6878.ko	vendor_dlkm	0x4b0a3f52	gic_nonsecure_priorities
fc3e8a5d97296d8058965c444759e74415e871f0bbdabe2427f66aef3dd4179e	wlan_drv_gen4m_6878	wlan_drv_gen4m_6878.ko	vendor_dlkm	0x2be0c009	__arch_copy_from_user
fc3e8a5d97296d8058965c444759e74415e871f0bbdabe2427f66aef3dd4179e	wlan_drv_gen4m_6878	wlan_drv_gen4m_6878.ko	vendor_dlkm	0x79e4c52b	cpu_hwcaps
fc3e8a5d97296d8058965c444759e74415e871f0bbdabe2427f66aef3dd4179e	wlan_drv_gen4m_6878	wlan_drv_gen4m_6878.ko	vendor_dlkm	0xa5940962	register_netdev
fc3e8a5d97296d8058965c444759e74415e871f0bbdabe2427f66aef3dd4179e	wlan_drv_gen4m_6878	wlan_drv_gen4m_6878.ko	vendor_dlkm	0xbb183429	param_ops_charp
fc3e8a5d97296d8058965c444759e74415e871f0bbdabe2427f66aef3dd4179e	wlan_drv_gen4m_6878	wlan_drv_gen4m_6878.ko	vendor_dlkm	0x999e8297	vfree
fc3e8a5d97296d8058965c444759e74415e871f0bbdabe2427f66aef3dd4179e	wlan_drv_gen4m_6878	wlan_drv_gen4m_6878.ko	vendor_dlkm	0xd5977bfb	mutex_lock
fc3e8a5d97296d8058965c444759e74415e871f0bbdabe2427f66aef3dd4179e	wlan_drv_gen4m_6878	wlan_drv_gen4m_6878.ko	vendor_dlkm	0xed55cabd	mutex_unlock
fc3e8a5d97296d8058965c444759e74415e871f0bbdabe2427f66aef3dd4179e	wlan_drv_gen4m_6878	wlan_drv_gen4m_6878.ko	vendor_dlkm	0x1ba22d8b	__netdev_alloc_skb
fc3e8a5d97296d8058965c444759e74415e871f0bbdabe2427f66aef3dd4179e	wlan_drv_gen4m_6878	wlan_drv_gen4m_6878.ko	vendor_dlkm	0xbe5e92c9	skb_pull
fc3e8a5d97296d8058965c444759e74415e871f0bbdabe2427f66aef3dd4179e	wlan_drv_gen4m_6878	wlan_drv_gen4m_6878.ko	vendor_dlkm	0xb0cdde42	skb_push
fc3e8a5d97296d8058965c444759e74415e871f0bbdabe2427f66aef3dd4179e	wlan_drv_gen4m_6878	wlan_drv_gen4m_6878.ko	vendor_dlkm	0xac7a3881	skb_put
fc3e8a5d97296d8058965c444759e74415e871f0bbdabe2427f66aef3dd4179e	wlan_drv_gen4m_6878	wlan_drv_gen4m_6878.ko	vendor_dlkm	0x584525af	skb_trim
fc3e8a5d97296d8058965c444759e74415e871f0bbdabe2427f66aef3dd4179e	wlan_drv_gen4m_6878	wlan_drv_gen4m_6878.ko	vendor_dlkm	0xbcac167c	skb_checksum_help
fc3e8a5d97296d8058965c444759e74415e871f0bbdabe2427f66aef3dd4179e	wlan_drv_gen4m_6878	wlan_drv_gen4m_6878.ko	vendor_dlkm	0x91e767fe	skb_copy
fc3e8a5d97296d8058965c444759e74415e871f0bbdabe2427f66aef3dd4179e	wlan_drv_gen4m_6878	wlan_drv_gen4m_6878.ko	vendor_dlkm	0x9fb1a84a	skb_split
fc3e8a5d97296d8058965c444759e74415e871f0bbdabe2427f66aef3dd4179e	wlan_drv_gen4m_6878	wlan_drv_gen4m_6878.ko	vendor_dlkm	0x7f02188f	__msecs_to_jiffies
fc3e8a5d97296d8058965c444759e74415e871f0bbdabe2427f66aef3dd4179e	wlan_drv_gen4m_6878	wlan_drv_gen4m_6878.ko	vendor_dlkm	0x43b33a8d	pm_wakeup_ws_event
fc3e8a5d97296d8058965c444759e74415e871f0bbdabe2427f66aef3dd4179e	wlan_drv_gen4m_6878	wlan_drv_gen4m_6878.ko	vendor_dlkm	0xa3a49e39	eth_type_trans
fc3e8a5d97296d8058965c444759e74415e871f0bbdabe2427f66aef3dd4179e	wlan_drv_gen4m_6878	wlan_drv_gen4m_6878.ko	vendor_dlkm	0x4ecfcf3d	skb_pull_rcsum
fc3e8a5d97296d8058965c444759e74415e871f0bbdabe2427f66aef3dd4179e	wlan_drv_gen4m_6878	wlan_drv_gen4m_6878.ko	vendor_dlkm	0xfd2a2296	skb_queue_tail
fc3e8a5d97296d8058965c444759e74415e871f0bbdabe2427f66aef3dd4179e	wlan_drv_gen4m_6878	wlan_drv_gen4m_6878.ko	vendor_dlkm	0x74dc6705	napi_schedule_prep
fc3e8a5d97296d8058965c444759e74415e871f0bbdabe2427f66aef3dd4179e	wlan_drv_gen4m_6878	wlan_drv_gen4m_6878.ko	vendor_dlkm	0x7096c85f	__napi_schedule_irqoff
fc3e8a5d97296d8058965c444759e74415e871f0bbdabe2427f66aef3dd4179e	wlan_drv_gen4m_6878	wlan_drv_gen4m_6878.ko	vendor_dlkm	0x67e9e82a	netif_rx
fc3e8a5d97296d8058965c444759e74415e871f0bbdabe2427f66aef3dd4179e	wlan_drv_gen4m_6878	wlan_drv_gen4m_6878.ko	vendor_dlkm	0xf5221e2b	__napi_schedule
fc3e8a5d97296d8058965c444759e74415e871f0bbdabe2427f66aef3dd4179e	wlan_drv_gen4m_6878	wlan_drv_gen4m_6878.ko	vendor_dlkm	0x20d9ab00	napi_gro_flush
fc3e8a5d97296d8058965c444759e74415e871f0bbdabe2427f66aef3dd4179e	wlan_drv_gen4m_6878	wlan_drv_gen4m_6878.ko	vendor_dlkm	0xe139b2bb	init_net
fc3e8a5d97296d8058965c444759e74415e871f0bbdabe2427f66aef3dd4179e	wlan_drv_gen4m_6878	wlan_drv_gen4m_6878.ko	vendor_dlkm	0x9f3fe1fe	__netlink_kernel_create
fc3e8a5d97296d8058965c444759e74415e871f0bbdabe2427f66aef3dd4179e	wlan_drv_gen4m_6878	wlan_drv_gen4m_6878.ko	vendor_dlkm	0x34aa9854	netlink_kernel_release
fc3e8a5d97296d8058965c444759e74415e871f0bbdabe2427f66aef3dd4179e	wlan_drv_gen4m_6878	wlan_drv_gen4m_6878.ko	vendor_dlkm	0x19dd35ba	__alloc_skb
fc3e8a5d97296d8058965c444759e74415e871f0bbdabe2427f66aef3dd4179e	wlan_drv_gen4m_6878	wlan_drv_gen4m_6878.ko	vendor_dlkm	0x899805b0	__nlmsg_put
fc3e8a5d97296d8058965c444759e74415e871f0bbdabe2427f66aef3dd4179e	wlan_drv_gen4m_6878	wlan_drv_gen4m_6878.ko	vendor_dlkm	0x65ceed0f	netlink_broadcast
fc3e8a5d97296d8058965c444759e74415e871f0bbdabe2427f66aef3dd4179e	wlan_drv_gen4m_6878	wlan_drv_gen4m_6878.ko	vendor_dlkm	0x234cc6c0	kfree_skb_reason
fc3e8a5d97296d8058965c444759e74415e871f0bbdabe2427f66aef3dd4179e	wlan_drv_gen4m_6878	wlan_drv_gen4m_6878.ko	vendor_dlkm	0x8344afc1	cfg80211_inform_bss_data
fc3e8a5d97296d8058965c444759e74415e871f0bbdabe2427f66aef3dd4179e	wlan_drv_gen4m_6878	wlan_drv_gen4m_6878.ko	vendor_dlkm	0x5584448a	ieee80211_channel_to_freq_khz
fc3e8a5d97296d8058965c444759e74415e871f0bbdabe2427f66aef3dd4179e	wlan_drv_gen4m_6878	wlan_drv_gen4m_6878.ko	vendor_dlkm	0x50d3e705	cfg80211_get_bss
fc3e8a5d97296d8058965c444759e74415e871f0bbdabe2427f66aef3dd4179e	wlan_drv_gen4m_6878	wlan_drv_gen4m_6878.ko	vendor_dlkm	0x30fac85a	cfg80211_unlink_bss
fc3e8a5d97296d8058965c444759e74415e871f0bbdabe2427f66aef3dd4179e	wlan_drv_gen4m_6878	wlan_drv_gen4m_6878.ko	vendor_dlkm	0x4877ff45	cfg80211_put_bss
fc3e8a5d97296d8058965c444759e74415e871f0bbdabe2427f66aef3dd4179e	wlan_drv_gen4m_6878	wlan_drv_gen4m_6878.ko	vendor_dlkm	0x6699ba8e	cfg80211_connect_done
fc3e8a5d97296d8058965c444759e74415e871f0bbdabe2427f66aef3dd4179e	wlan_drv_gen4m_6878	wlan_drv_gen4m_6878.ko	vendor_dlkm	0xce0b2258	cfg80211_roamed
fc3e8a5d97296d8058965c444759e74415e871f0bbdabe2427f66aef3dd4179e	wlan_drv_gen4m_6878	wlan_drv_gen4m_6878.ko	vendor_dlkm	0x2bff26a0	cfg80211_port_authorized
fc3e8a5d97296d8058965c444759e74415e871f0bbdabe2427f66aef3dd4179e	wlan_drv_gen4m_6878	wlan_drv_gen4m_6878.ko	vendor_dlkm	0x64a49a9c	cfg80211_ft_event
fc3e8a5d97296d8058965c444759e74415e871f0bbdabe2427f66aef3dd4179e	wlan_drv_gen4m_6878	wlan_drv_gen4m_6878.ko	vendor_dlkm	0x407cc01a	cfg80211_michael_mic_failure
fc3e8a5d97296d8058965c444759e74415e871f0bbdabe2427f66aef3dd4179e	wlan_drv_gen4m_6878	wlan_drv_gen4m_6878.ko	vendor_dlkm	0x560a9ddb	netif_carrier_on
fc3e8a5d97296d8058965c444759e74415e871f0bbdabe2427f66aef3dd4179e	wlan_drv_gen4m_6878	wlan_drv_gen4m_6878.ko	vendor_dlkm	0x1549e8e2	cfg80211_pmksa_candidate_notify
fc3e8a5d97296d8058965c444759e74415e871f0bbdabe2427f66aef3dd4179e	wlan_drv_gen4m_6878	wlan_drv_gen4m_6878.ko	vendor_dlkm	0x8e689896	__cfg80211_alloc_event_skb
fc3e8a5d97296d8058965c444759e74415e871f0bbdabe2427f66aef3dd4179e	wlan_drv_gen4m_6878	wlan_drv_gen4m_6878.ko	vendor_dlkm	0x6914cece	nla_put
fc3e8a5d97296d8058965c444759e74415e871f0bbdabe2427f66aef3dd4179e	wlan_drv_gen4m_6878	wlan_drv_gen4m_6878.ko	vendor_dlkm	0xf70f52da	__cfg80211_send_event_skb
fc3e8a5d97296d8058965c444759e74415e871f0bbdabe2427f66aef3dd4179e	wlan_drv_gen4m_6878	wlan_drv_gen4m_6878.ko	vendor_dlkm	0xd1063544	skb_realloc_headroom
fc3e8a5d97296d8058965c444759e74415e871f0bbdabe2427f66aef3dd4179e	wlan_drv_gen4m_6878	wlan_drv_gen4m_6878.ko	vendor_dlkm	0xf8b9acd3	cpu_number
fc3e8a5d97296d8058965c444759e74415e871f0bbdabe2427f66aef3dd4179e	wlan_drv_gen4m_6878	wlan_drv_gen4m_6878.ko	vendor_dlkm	0x43b0c9c3	preempt_schedule
fc3e8a5d97296d8058965c444759e74415e871f0bbdabe2427f66aef3dd4179e	wlan_drv_gen4m_6878	wlan_drv_gen4m_6878.ko	vendor_dlkm	0x2204b34d	skb_copy_expand
fc3e8a5d97296d8058965c444759e74415e871f0bbdabe2427f66aef3dd4179e	wlan_drv_gen4m_6878	wlan_drv_gen4m_6878.ko	vendor_dlkm	0xd329fbdd	netif_tx_wake_queue
fc3e8a5d97296d8058965c444759e74415e871f0bbdabe2427f66aef3dd4179e	wlan_drv_gen4m_6878	wlan_drv_gen4m_6878.ko	vendor_dlkm	0x28b967c1	__dev_kfree_skb_any
fc3e8a5d97296d8058965c444759e74415e871f0bbdabe2427f66aef3dd4179e	wlan_drv_gen4m_6878	wlan_drv_gen4m_6878.ko	vendor_dlkm	0xddf6ad7a	completion_done
fc3e8a5d97296d8058965c444759e74415e871f0bbdabe2427f66aef3dd4179e	wlan_drv_gen4m_6878	wlan_drv_gen4m_6878.ko	vendor_dlkm	0xa6257a2f	complete
fc3e8a5d97296d8058965c444759e74415e871f0bbdabe2427f66aef3dd4179e	wlan_drv_gen4m_6878	wlan_drv_gen4m_6878.ko	vendor_dlkm	0x9ec6ca96	ktime_get_real_ts64
fc3e8a5d97296d8058965c444759e74415e871f0bbdabe2427f66aef3dd4179e	wlan_drv_gen4m_6878	wlan_drv_gen4m_6878.ko	vendor_dlkm	0x36b6ebbf	down_killable
fc3e8a5d97296d8058965c444759e74415e871f0bbdabe2427f66aef3dd4179e	wlan_drv_gen4m_6878	wlan_drv_gen4m_6878.ko	vendor_dlkm	0x4a3ad70e	wait_for_completion_timeout
fc3e8a5d97296d8058965c444759e74415e871f0bbdabe2427f66aef3dd4179e	wlan_drv_gen4m_6878	wlan_drv_gen4m_6878.ko	vendor_dlkm	0x6b2dc060	dump_stack
fc3e8a5d97296d8058965c444759e74415e871f0bbdabe2427f66aef3dd4179e	wlan_drv_gen4m_6878	wlan_drv_gen4m_6878.ko	vendor_dlkm	0xe186a5ce	__pm_stay_awake
fc3e8a5d97296d8058965c444759e74415e871f0bbdabe2427f66aef3dd4179e	wlan_drv_gen4m_6878	wlan_drv_gen4m_6878.ko	vendor_dlkm	0xfe487975	init_wait_entry
fc3e8a5d97296d8058965c444759e74415e871f0bbdabe2427f66aef3dd4179e	wlan_drv_gen4m_6878	wlan_drv_gen4m_6878.ko	vendor_dlkm	0x8c26d495	prepare_to_wait_event
fc3e8a5d97296d8058965c444759e74415e871f0bbdabe2427f66aef3dd4179e	wlan_drv_gen4m_6878	wlan_drv_gen4m_6878.ko	vendor_dlkm	0x01000e51	schedule
fc3e8a5d97296d8058965c444759e74415e871f0bbdabe2427f66aef3dd4179e	wlan_drv_gen4m_6878	wlan_drv_gen4m_6878.ko	vendor_dlkm	0x92540fbf	finish_wait
fc3e8a5d97296d8058965c444759e74415e871f0bbdabe2427f66aef3dd4179e	wlan_drv_gen4m_6878	wlan_drv_gen4m_6878.ko	vendor_dlkm	0xf37369e7	sched_set_normal
fc3e8a5d97296d8058965c444759e74415e871f0bbdabe2427f66aef3dd4179e	wlan_drv_gen4m_6878	wlan_drv_gen4m_6878.ko	vendor_dlkm	0x2df40890	sched_set_fifo
fc3e8a5d97296d8058965c444759e74415e871f0bbdabe2427f66aef3dd4179e	wlan_drv_gen4m_6878	wlan_drv_gen4m_6878.ko	vendor_dlkm	0x2cafb113	sched_set_fifo_low
fc3e8a5d97296d8058965c444759e74415e871f0bbdabe2427f66aef3dd4179e	wlan_drv_gen4m_6878	wlan_drv_gen4m_6878.ko	vendor_dlkm	0x81bb3e77	set_user_nice
fc3e8a5d97296d8058965c444759e74415e871f0bbdabe2427f66aef3dd4179e	wlan_drv_gen4m_6878	wlan_drv_gen4m_6878.ko	vendor_dlkm	0xc4f0da12	ktime_get_with_offset
fc3e8a5d97296d8058965c444759e74415e871f0bbdabe2427f66aef3dd4179e	wlan_drv_gen4m_6878	wlan_drv_gen4m_6878.ko	vendor_dlkm	0x65929cae	ns_to_timespec64
fc3e8a5d97296d8058965c444759e74415e871f0bbdabe2427f66aef3dd4179e	wlan_drv_gen4m_6878	wlan_drv_gen4m_6878.ko	vendor_dlkm	0x6ee4ba67	dev_get_stats
fc3e8a5d97296d8058965c444759e74415e871f0bbdabe2427f66aef3dd4179e	wlan_drv_gen4m_6878	wlan_drv_gen4m_6878.ko	vendor_dlkm	0xf15e728e	del_timer_sync
fc3e8a5d97296d8058965c444759e74415e871f0bbdabe2427f66aef3dd4179e	wlan_drv_gen4m_6878	wlan_drv_gen4m_6878.ko	vendor_dlkm	0x65744673	add_timer
fc3e8a5d97296d8058965c444759e74415e871f0bbdabe2427f66aef3dd4179e	wlan_drv_gen4m_6878	wlan_drv_gen4m_6878.ko	vendor_dlkm	0x41ed3709	get_random_bytes
fc3e8a5d97296d8058965c444759e74415e871f0bbdabe2427f66aef3dd4179e	wlan_drv_gen4m_6878	wlan_drv_gen4m_6878.ko	vendor_dlkm	0x08d47fd6	cfg80211_inform_bss_frame_data
fc3e8a5d97296d8058965c444759e74415e871f0bbdabe2427f66aef3dd4179e	wlan_drv_gen4m_6878	wlan_drv_gen4m_6878.ko	vendor_dlkm	0xf49bcfda	cfg80211_ready_on_channel
fc3e8a5d97296d8058965c444759e74415e871f0bbdabe2427f66aef3dd4179e	wlan_drv_gen4m_6878	wlan_drv_gen4m_6878.ko	vendor_dlkm	0x150684d1	cfg80211_remain_on_channel_expired
fc3e8a5d97296d8058965c444759e74415e871f0bbdabe2427f66aef3dd4179e	wlan_drv_gen4m_6878	wlan_drv_gen4m_6878.ko	vendor_dlkm	0xea7bacd0	cfg80211_mgmt_tx_status_ext
fc3e8a5d97296d8058965c444759e74415e871f0bbdabe2427f66aef3dd4179e	wlan_drv_gen4m_6878	wlan_drv_gen4m_6878.ko	vendor_dlkm	0xfa3dd4ba	cfg80211_rx_mgmt_ext
fc3e8a5d97296d8058965c444759e74415e871f0bbdabe2427f66aef3dd4179e	wlan_drv_gen4m_6878	wlan_drv_gen4m_6878.ko	vendor_dlkm	0x864bb0c7	cfg80211_sched_scan_results
fc3e8a5d97296d8058965c444759e74415e871f0bbdabe2427f66aef3dd4179e	wlan_drv_gen4m_6878	wlan_drv_gen4m_6878.ko	vendor_dlkm	0xbf57e89e	queue_delayed_work_on
fc3e8a5d97296d8058965c444759e74415e871f0bbdabe2427f66aef3dd4179e	wlan_drv_gen4m_6878	wlan_drv_gen4m_6878.ko	vendor_dlkm	0x0d542439	__ipv6_addr_type
fc3e8a5d97296d8058965c444759e74415e871f0bbdabe2427f66aef3dd4179e	wlan_drv_gen4m_6878	wlan_drv_gen4m_6878.ko	vendor_dlkm	0x857f14bd	kobject_uevent_env
fc3e8a5d97296d8058965c444759e74415e871f0bbdabe2427f66aef3dd4179e	wlan_drv_gen4m_6878	wlan_drv_gen4m_6878.ko	vendor_dlkm	0x06987aeb	misc_register
fc3e8a5d97296d8058965c444759e74415e871f0bbdabe2427f66aef3dd4179e	wlan_drv_gen4m_6878	wlan_drv_gen4m_6878.ko	vendor_dlkm	0x5aac7c29	kobject_uevent
fc3e8a5d97296d8058965c444759e74415e871f0bbdabe2427f66aef3dd4179e	wlan_drv_gen4m_6878	wlan_drv_gen4m_6878.ko	vendor_dlkm	0x94a9d12b	misc_deregister
fc3e8a5d97296d8058965c444759e74415e871f0bbdabe2427f66aef3dd4179e	wlan_drv_gen4m_6878	wlan_drv_gen4m_6878.ko	vendor_dlkm	0x92e683f5	down_timeout
fc3e8a5d97296d8058965c444759e74415e871f0bbdabe2427f66aef3dd4179e	wlan_drv_gen4m_6878	wlan_drv_gen4m_6878.ko	vendor_dlkm	0xe9ffc063	down_trylock
fc3e8a5d97296d8058965c444759e74415e871f0bbdabe2427f66aef3dd4179e	wlan_drv_gen4m_6878	wlan_drv_gen4m_6878.ko	vendor_dlkm	0xac594e02	__cpu_online_mask
fc3e8a5d97296d8058965c444759e74415e871f0bbdabe2427f66aef3dd4179e	wlan_drv_gen4m_6878	wlan_drv_gen4m_6878.ko	vendor_dlkm	0xafaa6031	_find_next_and_bit
fc3e8a5d97296d8058965c444759e74415e871f0bbdabe2427f66aef3dd4179e	wlan_drv_gen4m_6878	wlan_drv_gen4m_6878.ko	vendor_dlkm	0x8761c87b	rps_needed
fc3e8a5d97296d8058965c444759e74415e871f0bbdabe2427f66aef3dd4179e	wlan_drv_gen4m_6878	wlan_drv_gen4m_6878.ko	vendor_dlkm	0x8e92f7c4	static_key_slow_inc
fc3e8a5d97296d8058965c444759e74415e871f0bbdabe2427f66aef3dd4179e	wlan_drv_gen4m_6878	wlan_drv_gen4m_6878.ko	vendor_dlkm	0x2f4880df	static_key_slow_dec
fc3e8a5d97296d8058965c444759e74415e871f0bbdabe2427f66aef3dd4179e	wlan_drv_gen4m_6878	wlan_drv_gen4m_6878.ko	vendor_dlkm	0xbaf22757	kvfree_call_rcu
fc3e8a5d97296d8058965c444759e74415e871f0bbdabe2427f66aef3dd4179e	wlan_drv_gen4m_6878	wlan_drv_gen4m_6878.ko	vendor_dlkm	0x4c353ac0	mtk_disp_notifier_register
fc3e8a5d97296d8058965c444759e74415e871f0bbdabe2427f66aef3dd4179e	wlan_drv_gen4m_6878	wlan_drv_gen4m_6878.ko	vendor_dlkm	0xa11ab00a	mtk_disp_notifier_unregister
fc3e8a5d97296d8058965c444759e74415e871f0bbdabe2427f66aef3dd4179e	wlan_drv_gen4m_6878	wlan_drv_gen4m_6878.ko	vendor_dlkm	0x06ca71fd	cfg80211_chandef_create
fc3e8a5d97296d8058965c444759e74415e871f0bbdabe2427f66aef3dd4179e	wlan_drv_gen4m_6878	wlan_drv_gen4m_6878.ko	vendor_dlkm	0x81bac377	cfg80211_ch_switch_notify
fc3e8a5d97296d8058965c444759e74415e871f0bbdabe2427f66aef3dd4179e	wlan_drv_gen4m_6878	wlan_drv_gen4m_6878.ko	vendor_dlkm	0x490c3055	device_set_wakeup_capable
fc3e8a5d97296d8058965c444759e74415e871f0bbdabe2427f66aef3dd4179e	wlan_drv_gen4m_6878	wlan_drv_gen4m_6878.ko	vendor_dlkm	0x088b197f	device_wakeup_enable
fc3e8a5d97296d8058965c444759e74415e871f0bbdabe2427f66aef3dd4179e	wlan_drv_gen4m_6878	wlan_drv_gen4m_6878.ko	vendor_dlkm	0xf66612c4	cfg80211_external_auth_request
fc3e8a5d97296d8058965c444759e74415e871f0bbdabe2427f66aef3dd4179e	wlan_drv_gen4m_6878	wlan_drv_gen4m_6878.ko	vendor_dlkm	0x78b887ed	vsprintf
fc3e8a5d97296d8058965c444759e74415e871f0bbdabe2427f66aef3dd4179e	wlan_drv_gen4m_6878	wlan_drv_gen4m_6878.ko	vendor_dlkm	0xac0cb2cb	wiphy_apply_custom_regulatory
fc3e8a5d97296d8058965c444759e74415e871f0bbdabe2427f66aef3dd4179e	wlan_drv_gen4m_6878	wlan_drv_gen4m_6878.ko	vendor_dlkm	0x2dd86642	lbat_user_register
fc3e8a5d97296d8058965c444759e74415e871f0bbdabe2427f66aef3dd4179e	wlan_drv_gen4m_6878	wlan_drv_gen4m_6878.ko	vendor_dlkm	0xdfaca303	napi_complete_done
fc3e8a5d97296d8058965c444759e74415e871f0bbdabe2427f66aef3dd4179e	wlan_drv_gen4m_6878	wlan_drv_gen4m_6878.ko	vendor_dlkm	0x91ca7518	dev_set_threaded
fc3e8a5d97296d8058965c444759e74415e871f0bbdabe2427f66aef3dd4179e	wlan_drv_gen4m_6878	wlan_drv_gen4m_6878.ko	vendor_dlkm	0xc87c64e6	init_dummy_netdev
fc3e8a5d97296d8058965c444759e74415e871f0bbdabe2427f66aef3dd4179e	wlan_drv_gen4m_6878	wlan_drv_gen4m_6878.ko	vendor_dlkm	0x9d31b4d5	netif_napi_add_weight
fc3e8a5d97296d8058965c444759e74415e871f0bbdabe2427f66aef3dd4179e	wlan_drv_gen4m_6878	wlan_drv_gen4m_6878.ko	vendor_dlkm	0xcc69bd8c	hrtimer_cancel
fc3e8a5d97296d8058965c444759e74415e871f0bbdabe2427f66aef3dd4179e	wlan_drv_gen4m_6878	wlan_drv_gen4m_6878.ko	vendor_dlkm	0xa02f0ec2	napi_gro_receive
fc3e8a5d97296d8058965c444759e74415e871f0bbdabe2427f66aef3dd4179e	wlan_drv_gen4m_6878	wlan_drv_gen4m_6878.ko	vendor_dlkm	0xf7cce469	__netif_napi_del
fc3e8a5d97296d8058965c444759e74415e871f0bbdabe2427f66aef3dd4179e	wlan_drv_gen4m_6878	wlan_drv_gen4m_6878.ko	vendor_dlkm	0x609f1c7e	synchronize_net
fc3e8a5d97296d8058965c444759e74415e871f0bbdabe2427f66aef3dd4179e	wlan_drv_gen4m_6878	wlan_drv_gen4m_6878.ko	vendor_dlkm	0x39b1be5a	napi_enable
fc3e8a5d97296d8058965c444759e74415e871f0bbdabe2427f66aef3dd4179e	wlan_drv_gen4m_6878	wlan_drv_gen4m_6878.ko	vendor_dlkm	0x7f9a71db	napi_disable
fc3e8a5d97296d8058965c444759e74415e871f0bbdabe2427f66aef3dd4179e	wlan_drv_gen4m_6878	wlan_drv_gen4m_6878.ko	vendor_dlkm	0x3a908023	skb_dequeue
fc3e8a5d97296d8058965c444759e74415e871f0bbdabe2427f66aef3dd4179e	wlan_drv_gen4m_6878	wlan_drv_gen4m_6878.ko	vendor_dlkm	0x356461c8	rtc_time64_to_tm
fc3e8a5d97296d8058965c444759e74415e871f0bbdabe2427f66aef3dd4179e	wlan_drv_gen4m_6878	wlan_drv_gen4m_6878.ko	vendor_dlkm	0x72cd0f7f	mod_timer
fc3e8a5d97296d8058965c444759e74415e871f0bbdabe2427f66aef3dd4179e	wlan_drv_gen4m_6878	wlan_drv_gen4m_6878.ko	vendor_dlkm	0x8518a4a6	_raw_spin_trylock_bh
fc3e8a5d97296d8058965c444759e74415e871f0bbdabe2427f66aef3dd4179e	wlan_drv_gen4m_6878	wlan_drv_gen4m_6878.ko	vendor_dlkm	0xb7cab24f	build_skb
fc3e8a5d97296d8058965c444759e74415e871f0bbdabe2427f66aef3dd4179e	wlan_drv_gen4m_6878	wlan_drv_gen4m_6878.ko	vendor_dlkm	0x255df1ca	cfg80211_tdls_oper_request
fc3e8a5d97296d8058965c444759e74415e871f0bbdabe2427f66aef3dd4179e	wlan_drv_gen4m_6878	wlan_drv_gen4m_6878.ko	vendor_dlkm	0x6746b450	regulatory_hint
fc3e8a5d97296d8058965c444759e74415e871f0bbdabe2427f66aef3dd4179e	wlan_drv_gen4m_6878	wlan_drv_gen4m_6878.ko	vendor_dlkm	0x9d2ab8ac	__tasklet_schedule
fc3e8a5d97296d8058965c444759e74415e871f0bbdabe2427f66aef3dd4179e	wlan_drv_gen4m_6878	wlan_drv_gen4m_6878.ko	vendor_dlkm	0x9a85eebb	__arch_copy_to_user
fc3e8a5d97296d8058965c444759e74415e871f0bbdabe2427f66aef3dd4179e	wlan_drv_gen4m_6878	wlan_drv_gen4m_6878.ko	vendor_dlkm	0x7682ba4e	__copy_overflow
fc3e8a5d97296d8058965c444759e74415e871f0bbdabe2427f66aef3dd4179e	wlan_drv_gen4m_6878	wlan_drv_gen4m_6878.ko	vendor_dlkm	0x93d6dd8c	complete_all
fc3e8a5d97296d8058965c444759e74415e871f0bbdabe2427f66aef3dd4179e	wlan_drv_gen4m_6878	wlan_drv_gen4m_6878.ko	vendor_dlkm	0xae6471d1	wireless_send_event
fc3e8a5d97296d8058965c444759e74415e871f0bbdabe2427f66aef3dd4179e	wlan_drv_gen4m_6878	wlan_drv_gen4m_6878.ko	vendor_dlkm	0x11089ac7	_ctype
fc3e8a5d97296d8058965c444759e74415e871f0bbdabe2427f66aef3dd4179e	wlan_drv_gen4m_6878	wlan_drv_gen4m_6878.ko	vendor_dlkm	0x9ed12e20	kmalloc_large
fc3e8a5d97296d8058965c444759e74415e871f0bbdabe2427f66aef3dd4179e	wlan_drv_gen4m_6878	wlan_drv_gen4m_6878.ko	vendor_dlkm	0xad15b09f	update_driver_reset_status
fc3e8a5d97296d8058965c444759e74415e871f0bbdabe2427f66aef3dd4179e	wlan_drv_gen4m_6878	wlan_drv_gen4m_6878.ko	vendor_dlkm	0xcbaf7037	update_driver_l0_reset_status
fc3e8a5d97296d8058965c444759e74415e871f0bbdabe2427f66aef3dd4179e	wlan_drv_gen4m_6878	wlan_drv_gen4m_6878.ko	vendor_dlkm	0x9cc4f70a	register_pm_notifier
fc3e8a5d97296d8058965c444759e74415e871f0bbdabe2427f66aef3dd4179e	wlan_drv_gen4m_6878	wlan_drv_gen4m_6878.ko	vendor_dlkm	0x7681946c	unregister_pm_notifier
fc3e8a5d97296d8058965c444759e74415e871f0bbdabe2427f66aef3dd4179e	wlan_drv_gen4m_6878	wlan_drv_gen4m_6878.ko	vendor_dlkm	0x747527f1	get_wifi_process_status
fc3e8a5d97296d8058965c444759e74415e871f0bbdabe2427f66aef3dd4179e	wlan_drv_gen4m_6878	wlan_drv_gen4m_6878.ko	vendor_dlkm	0xf91d14de	conninfra_trigger_whole_chip_rst
fc3e8a5d97296d8058965c444759e74415e871f0bbdabe2427f66aef3dd4179e	wlan_drv_gen4m_6878	wlan_drv_gen4m_6878.ko	vendor_dlkm	0x4889ab88	get_wifi_powered_status
fc3e8a5d97296d8058965c444759e74415e871f0bbdabe2427f66aef3dd4179e	wlan_drv_gen4m_6878	wlan_drv_gen4m_6878.ko	vendor_dlkm	0x25974000	wait_for_completion
fc3e8a5d97296d8058965c444759e74415e871f0bbdabe2427f66aef3dd4179e	wlan_drv_gen4m_6878	wlan_drv_gen4m_6878.ko	vendor_dlkm	0xf0063a3f	conninfra_reg_readable_for_coredump
fc3e8a5d97296d8058965c444759e74415e871f0bbdabe2427f66aef3dd4179e	wlan_drv_gen4m_6878	wlan_drv_gen4m_6878.ko	vendor_dlkm	0xcf8cb5e3	wifi_reset_start
fc3e8a5d97296d8058965c444759e74415e871f0bbdabe2427f66aef3dd4179e	wlan_drv_gen4m_6878	wlan_drv_gen4m_6878.ko	vendor_dlkm	0x6f3bf319	wifi_reset_end
fc3e8a5d97296d8058965c444759e74415e871f0bbdabe2427f66aef3dd4179e	wlan_drv_gen4m_6878	wlan_drv_gen4m_6878.ko	vendor_dlkm	0xe132fa57	__cfg80211_alloc_reply_skb
fc3e8a5d97296d8058965c444759e74415e871f0bbdabe2427f66aef3dd4179e	wlan_drv_gen4m_6878	wlan_drv_gen4m_6878.ko	vendor_dlkm	0x3523643d	cfg80211_vendor_cmd_reply
fc3e8a5d97296d8058965c444759e74415e871f0bbdabe2427f66aef3dd4179e	wlan_drv_gen4m_6878	wlan_drv_gen4m_6878.ko	vendor_dlkm	0x3663d775	nla_put_nohdr
fc3e8a5d97296d8058965c444759e74415e871f0bbdabe2427f66aef3dd4179e	wlan_drv_gen4m_6878	wlan_drv_gen4m_6878.ko	vendor_dlkm	0x3c3ff9fd	sprintf
fc3e8a5d97296d8058965c444759e74415e871f0bbdabe2427f66aef3dd4179e	wlan_drv_gen4m_6878	wlan_drv_gen4m_6878.ko	vendor_dlkm	0x6019337f	cfg80211_register_netdevice
fc3e8a5d97296d8058965c444759e74415e871f0bbdabe2427f66aef3dd4179e	wlan_drv_gen4m_6878	wlan_drv_gen4m_6878.ko	vendor_dlkm	0x84bac64d	cfg80211_unregister_wdev
fc3e8a5d97296d8058965c444759e74415e871f0bbdabe2427f66aef3dd4179e	wlan_drv_gen4m_6878	wlan_drv_gen4m_6878.ko	vendor_dlkm	0x6bedf402	ieee80211_freq_khz_to_channel
fc3e8a5d97296d8058965c444759e74415e871f0bbdabe2427f66aef3dd4179e	wlan_drv_gen4m_6878	wlan_drv_gen4m_6878.ko	vendor_dlkm	0x9d6cba30	cfg80211_find_elem_match
fc3e8a5d97296d8058965c444759e74415e871f0bbdabe2427f66aef3dd4179e	wlan_drv_gen4m_6878	wlan_drv_gen4m_6878.ko	vendor_dlkm	0x1e39ba1c	proc_mkdir
fc3e8a5d97296d8058965c444759e74415e871f0bbdabe2427f66aef3dd4179e	wlan_drv_gen4m_6878	wlan_drv_gen4m_6878.ko	vendor_dlkm	0x7aa2a539	proc_set_user
fc3e8a5d97296d8058965c444759e74415e871f0bbdabe2427f66aef3dd4179e	wlan_drv_gen4m_6878	wlan_drv_gen4m_6878.ko	vendor_dlkm	0x915e47bc	remove_proc_subtree
fc3e8a5d97296d8058965c444759e74415e871f0bbdabe2427f66aef3dd4179e	wlan_drv_gen4m_6878	wlan_drv_gen4m_6878.ko	vendor_dlkm	0x84823cf3	nla_strscpy
fc3e8a5d97296d8058965c444759e74415e871f0bbdabe2427f66aef3dd4179e	wlan_drv_gen4m_6878	wlan_drv_gen4m_6878.ko	vendor_dlkm	0xe6d2458e	do_trace_netlink_extack
fc3e8a5d97296d8058965c444759e74415e871f0bbdabe2427f66aef3dd4179e	wlan_drv_gen4m_6878	wlan_drv_gen4m_6878.ko	vendor_dlkm	0x581e2394	__nla_parse
fc3e8a5d97296d8058965c444759e74415e871f0bbdabe2427f66aef3dd4179e	wlan_drv_gen4m_6878	wlan_drv_gen4m_6878.ko	vendor_dlkm	0x5d112304	__memcpy_fromio
fc3e8a5d97296d8058965c444759e74415e871f0bbdabe2427f66aef3dd4179e	wlan_drv_gen4m_6878	wlan_drv_gen4m_6878.ko	vendor_dlkm	0xf68285c0	register_inetaddr_notifier
fc3e8a5d97296d8058965c444759e74415e871f0bbdabe2427f66aef3dd4179e	wlan_drv_gen4m_6878	wlan_drv_gen4m_6878.ko	vendor_dlkm	0xfe029963	unregister_inetaddr_notifier
fc3e8a5d97296d8058965c444759e74415e871f0bbdabe2427f66aef3dd4179e	wlan_drv_gen4m_6878	wlan_drv_gen4m_6878.ko	vendor_dlkm	0xd2da1048	register_netdevice_notifier
fc3e8a5d97296d8058965c444759e74415e871f0bbdabe2427f66aef3dd4179e	wlan_drv_gen4m_6878	wlan_drv_gen4m_6878.ko	vendor_dlkm	0x9d0d6206	unregister_netdevice_notifier
fc3e8a5d97296d8058965c444759e74415e871f0bbdabe2427f66aef3dd4179e	wlan_drv_gen4m_6878	wlan_drv_gen4m_6878.ko	vendor_dlkm	0x8e3d4b82	conninfra_get_phy_addr
fc3e8a5d97296d8058965c444759e74415e871f0bbdabe2427f66aef3dd4179e	wlan_drv_gen4m_6878	wlan_drv_gen4m_6878.ko	vendor_dlkm	0xaecca64f	dma_alloc_attrs
fc3e8a5d97296d8058965c444759e74415e871f0bbdabe2427f66aef3dd4179e	wlan_drv_gen4m_6878	wlan_drv_gen4m_6878.ko	vendor_dlkm	0x37f4b967	of_property_read_u64
fc3e8a5d97296d8058965c444759e74415e871f0bbdabe2427f66aef3dd4179e	wlan_drv_gen4m_6878	wlan_drv_gen4m_6878.ko	vendor_dlkm	0x3d6e4570	of_find_compatible_node
fc3e8a5d97296d8058965c444759e74415e871f0bbdabe2427f66aef3dd4179e	wlan_drv_gen4m_6878	wlan_drv_gen4m_6878.ko	vendor_dlkm	0x5bf2bc8d	of_reserved_mem_lookup
fc3e8a5d97296d8058965c444759e74415e871f0bbdabe2427f66aef3dd4179e	wlan_drv_gen4m_6878	wlan_drv_gen4m_6878.ko	vendor_dlkm	0xc7da062f	iomem_resource
fc3e8a5d97296d8058965c444759e74415e871f0bbdabe2427f66aef3dd4179e	wlan_drv_gen4m_6878	wlan_drv_gen4m_6878.ko	vendor_dlkm	0x0ca39ba0	__request_region
fc3e8a5d97296d8058965c444759e74415e871f0bbdabe2427f66aef3dd4179e	wlan_drv_gen4m_6878	wlan_drv_gen4m_6878.ko	vendor_dlkm	0xaf56600a	arm64_use_ng_mappings
fc3e8a5d97296d8058965c444759e74415e871f0bbdabe2427f66aef3dd4179e	wlan_drv_gen4m_6878	wlan_drv_gen4m_6878.ko	vendor_dlkm	0x40863ba1	ioremap_prot
fc3e8a5d97296d8058965c444759e74415e871f0bbdabe2427f66aef3dd4179e	wlan_drv_gen4m_6878	wlan_drv_gen4m_6878.ko	vendor_dlkm	0x94a3f9c7	of_property_read_variable_u32_array
fc3e8a5d97296d8058965c444759e74415e871f0bbdabe2427f66aef3dd4179e	wlan_drv_gen4m_6878	wlan_drv_gen4m_6878.ko	vendor_dlkm	0xedc03953	iounmap
fc3e8a5d97296d8058965c444759e74415e871f0bbdabe2427f66aef3dd4179e	wlan_drv_gen4m_6878	wlan_drv_gen4m_6878.ko	vendor_dlkm	0x1848221d	__release_region
fc3e8a5d97296d8058965c444759e74415e871f0bbdabe2427f66aef3dd4179e	wlan_drv_gen4m_6878	wlan_drv_gen4m_6878.ko	vendor_dlkm	0x1ccd9429	dma_free_attrs
fc3e8a5d97296d8058965c444759e74415e871f0bbdabe2427f66aef3dd4179e	wlan_drv_gen4m_6878	wlan_drv_gen4m_6878.ko	vendor_dlkm	0xf77555cd	__memcpy_toio
fc3e8a5d97296d8058965c444759e74415e871f0bbdabe2427f66aef3dd4179e	wlan_drv_gen4m_6878	wlan_drv_gen4m_6878.ko	vendor_dlkm	0xe3ec2f2b	alloc_chrdev_region
fc3e8a5d97296d8058965c444759e74415e871f0bbdabe2427f66aef3dd4179e	wlan_drv_gen4m_6878	wlan_drv_gen4m_6878.ko	vendor_dlkm	0x13f8371b	__class_create
fc3e8a5d97296d8058965c444759e74415e871f0bbdabe2427f66aef3dd4179e	wlan_drv_gen4m_6878	wlan_drv_gen4m_6878.ko	vendor_dlkm	0x6bc6324b	device_create
fc3e8a5d97296d8058965c444759e74415e871f0bbdabe2427f66aef3dd4179e	wlan_drv_gen4m_6878	wlan_drv_gen4m_6878.ko	vendor_dlkm	0x7d3657fd	cdev_init
fc3e8a5d97296d8058965c444759e74415e871f0bbdabe2427f66aef3dd4179e	wlan_drv_gen4m_6878	wlan_drv_gen4m_6878.ko	vendor_dlkm	0xf27a67e1	cdev_add
fc3e8a5d97296d8058965c444759e74415e871f0bbdabe2427f66aef3dd4179e	wlan_drv_gen4m_6878	wlan_drv_gen4m_6878.ko	vendor_dlkm	0xc2569e41	device_destroy
fc3e8a5d97296d8058965c444759e74415e871f0bbdabe2427f66aef3dd4179e	wlan_drv_gen4m_6878	wlan_drv_gen4m_6878.ko	vendor_dlkm	0xd5fc0938	class_destroy
fc3e8a5d97296d8058965c444759e74415e871f0bbdabe2427f66aef3dd4179e	wlan_drv_gen4m_6878	wlan_drv_gen4m_6878.ko	vendor_dlkm	0x6091b333	unregister_chrdev_region
fc3e8a5d97296d8058965c444759e74415e871f0bbdabe2427f66aef3dd4179e	wlan_drv_gen4m_6878	wlan_drv_gen4m_6878.ko	vendor_dlkm	0x61ee3bf2	cdev_del
fc3e8a5d97296d8058965c444759e74415e871f0bbdabe2427f66aef3dd4179e	wlan_drv_gen4m_6878	wlan_drv_gen4m_6878.ko	vendor_dlkm	0x8f444297	conn_metlog_start
fc3e8a5d97296d8058965c444759e74415e871f0bbdabe2427f66aef3dd4179e	wlan_drv_gen4m_6878	wlan_drv_gen4m_6878.ko	vendor_dlkm	0x2115b592	conn_metlog_stop
fc3e8a5d97296d8058965c444759e74415e871f0bbdabe2427f66aef3dd4179e	wlan_drv_gen4m_6878	wlan_drv_gen4m_6878.ko	vendor_dlkm	0x6bd1aa56	stack_trace_save
fc3e8a5d97296d8058965c444759e74415e871f0bbdabe2427f66aef3dd4179e	wlan_drv_gen4m_6878	wlan_drv_gen4m_6878.ko	vendor_dlkm	0x203392c6	mutex_trylock
fc3e8a5d97296d8058965c444759e74415e871f0bbdabe2427f66aef3dd4179e	wlan_drv_gen4m_6878	wlan_drv_gen4m_6878.ko	vendor_dlkm	0x819bebd4	mutex_is_locked
fc3e8a5d97296d8058965c444759e74415e871f0bbdabe2427f66aef3dd4179e	wlan_drv_gen4m_6878	wlan_drv_gen4m_6878.ko	vendor_dlkm	0xa45c7b90	stack_trace_print
fc3e8a5d97296d8058965c444759e74415e871f0bbdabe2427f66aef3dd4179e	wlan_drv_gen4m_6878	wlan_drv_gen4m_6878.ko	vendor_dlkm	0x31267b07	sched_show_task
fc3e8a5d97296d8058965c444759e74415e871f0bbdabe2427f66aef3dd4179e	wlan_drv_gen4m_6878	wlan_drv_gen4m_6878.ko	vendor_dlkm	0x2f350e2e	connsys_log_read_to_user
fc3e8a5d97296d8058965c444759e74415e871f0bbdabe2427f66aef3dd4179e	wlan_drv_gen4m_6878	wlan_drv_gen4m_6878.ko	vendor_dlkm	0x93eb7ab0	connsys_log_get_buf_size
fc3e8a5d97296d8058965c444759e74415e871f0bbdabe2427f66aef3dd4179e	wlan_drv_gen4m_6878	wlan_drv_gen4m_6878.ko	vendor_dlkm	0x88db89e4	connsys_log_init
fc3e8a5d97296d8058965c444759e74415e871f0bbdabe2427f66aef3dd4179e	wlan_drv_gen4m_6878	wlan_drv_gen4m_6878.ko	vendor_dlkm	0xc1ec710b	connsys_log_register_event_cb
fc3e8a5d97296d8058965c444759e74415e871f0bbdabe2427f66aef3dd4179e	wlan_drv_gen4m_6878	wlan_drv_gen4m_6878.ko	vendor_dlkm	0x5b5cc9fe	connsys_log_deinit
fc3e8a5d97296d8058965c444759e74415e871f0bbdabe2427f66aef3dd4179e	wlan_drv_gen4m_6878	wlan_drv_gen4m_6878.ko	vendor_dlkm	0x76c2e779	conninfra_reg_readable
fc3e8a5d97296d8058965c444759e74415e871f0bbdabe2427f66aef3dd4179e	wlan_drv_gen4m_6878	wlan_drv_gen4m_6878.ko	vendor_dlkm	0x9c81ceff	simple_read_from_buffer
fc3e8a5d97296d8058965c444759e74415e871f0bbdabe2427f66aef3dd4179e	wlan_drv_gen4m_6878	wlan_drv_gen4m_6878.ko	vendor_dlkm	0x4795e2e8	connsys_coredump_init
fc3e8a5d97296d8058965c444759e74415e871f0bbdabe2427f66aef3dd4179e	wlan_drv_gen4m_6878	wlan_drv_gen4m_6878.ko	vendor_dlkm	0x18b91b5a	connsys_coredump_deinit
fc3e8a5d97296d8058965c444759e74415e871f0bbdabe2427f66aef3dd4179e	wlan_drv_gen4m_6878	wlan_drv_gen4m_6878.ko	vendor_dlkm	0xb7ae49fc	connsys_coredump_start
fc3e8a5d97296d8058965c444759e74415e871f0bbdabe2427f66aef3dd4179e	wlan_drv_gen4m_6878	wlan_drv_gen4m_6878.ko	vendor_dlkm	0xde115802	connsys_coredump_clean
fc3e8a5d97296d8058965c444759e74415e871f0bbdabe2427f66aef3dd4179e	wlan_drv_gen4m_6878	wlan_drv_gen4m_6878.ko	vendor_dlkm	0x3643b80f	ieee80211_chandef_to_operating_class
fc3e8a5d97296d8058965c444759e74415e871f0bbdabe2427f66aef3dd4179e	wlan_drv_gen4m_6878	wlan_drv_gen4m_6878.ko	vendor_dlkm	0x7e1ebe2a	cfg80211_new_sta
fc3e8a5d97296d8058965c444759e74415e871f0bbdabe2427f66aef3dd4179e	wlan_drv_gen4m_6878	wlan_drv_gen4m_6878.ko	vendor_dlkm	0xa8ac42ab	cfg80211_del_sta_sinfo
fc3e8a5d97296d8058965c444759e74415e871f0bbdabe2427f66aef3dd4179e	wlan_drv_gen4m_6878	wlan_drv_gen4m_6878.ko	vendor_dlkm	0x34d0aade	cfg80211_ch_switch_started_notify
fc3e8a5d97296d8058965c444759e74415e871f0bbdabe2427f66aef3dd4179e	wlan_drv_gen4m_6878	wlan_drv_gen4m_6878.ko	vendor_dlkm	0x3203c472	cfg80211_stop_iface
fc3e8a5d97296d8058965c444759e74415e871f0bbdabe2427f66aef3dd4179e	wlan_drv_gen4m_6878	wlan_drv_gen4m_6878.ko	vendor_dlkm	0x585c1f37	dev_change_flags
fc3e8a5d97296d8058965c444759e74415e871f0bbdabe2427f66aef3dd4179e	wlan_drv_gen4m_6878	wlan_drv_gen4m_6878.ko	vendor_dlkm	0x85670f1d	rtnl_is_locked
fc3e8a5d97296d8058965c444759e74415e871f0bbdabe2427f66aef3dd4179e	wlan_drv_gen4m_6878	wlan_drv_gen4m_6878.ko	vendor_dlkm	0x9e7d6bd0	__udelay
fc3e8a5d97296d8058965c444759e74415e871f0bbdabe2427f66aef3dd4179e	wlan_drv_gen4m_6878	wlan_drv_gen4m_6878.ko	vendor_dlkm	0xeae3dfd6	__const_udelay
fc3e8a5d97296d8058965c444759e74415e871f0bbdabe2427f66aef3dd4179e	wlan_drv_gen4m_6878	wlan_drv_gen4m_6878.ko	vendor_dlkm	0xe1537255	__list_del_entry_valid
fc3e8a5d97296d8058965c444759e74415e871f0bbdabe2427f66aef3dd4179e	wlan_drv_gen4m_6878	wlan_drv_gen4m_6878.ko	vendor_dlkm	0xf23fcb99	__kfifo_in
fc3e8a5d97296d8058965c444759e74415e871f0bbdabe2427f66aef3dd4179e	wlan_drv_gen4m_6878	wlan_drv_gen4m_6878.ko	vendor_dlkm	0xc905402b	log_write_mmio
fc3e8a5d97296d8058965c444759e74415e871f0bbdabe2427f66aef3dd4179e	wlan_drv_gen4m_6878	wlan_drv_gen4m_6878.ko	vendor_dlkm	0xfa4d3c24	log_post_write_mmio
fc3e8a5d97296d8058965c444759e74415e871f0bbdabe2427f66aef3dd4179e	wlan_drv_gen4m_6878	wlan_drv_gen4m_6878.ko	vendor_dlkm	0x6b722180	log_read_mmio
fc3e8a5d97296d8058965c444759e74415e871f0bbdabe2427f66aef3dd4179e	wlan_drv_gen4m_6878	wlan_drv_gen4m_6878.ko	vendor_dlkm	0x0c1a5ee3	log_post_read_mmio
fc3e8a5d97296d8058965c444759e74415e871f0bbdabe2427f66aef3dd4179e	wlan_drv_gen4m_6878	wlan_drv_gen4m_6878.ko	vendor_dlkm	0xe091c977	list_sort
fc3e8a5d97296d8058965c444759e74415e871f0bbdabe2427f66aef3dd4179e	wlan_drv_gen4m_6878	wlan_drv_gen4m_6878.ko	vendor_dlkm	0x18b48e28	__memset_io
fc3e8a5d97296d8058965c444759e74415e871f0bbdabe2427f66aef3dd4179e	wlan_drv_gen4m_6878	wlan_drv_gen4m_6878.ko	vendor_dlkm	0x26f40d9d	__of_parse_phandle_with_args
fc3e8a5d97296d8058965c444759e74415e871f0bbdabe2427f66aef3dd4179e	wlan_drv_gen4m_6878	wlan_drv_gen4m_6878.ko	vendor_dlkm	0x9f5e7ab1	of_property_read_variable_u64_array
fc3e8a5d97296d8058965c444759e74415e871f0bbdabe2427f66aef3dd4179e	wlan_drv_gen4m_6878	wlan_drv_gen4m_6878.ko	vendor_dlkm	0xc31db0ce	is_vmalloc_addr
fc3e8a5d97296d8058965c444759e74415e871f0bbdabe2427f66aef3dd4179e	wlan_drv_gen4m_6878	wlan_drv_gen4m_6878.ko	vendor_dlkm	0x0a99e54c	dma_map_page_attrs
fc3e8a5d97296d8058965c444759e74415e871f0bbdabe2427f66aef3dd4179e	wlan_drv_gen4m_6878	wlan_drv_gen4m_6878.ko	vendor_dlkm	0x992067ae	dev_driver_string
fc3e8a5d97296d8058965c444759e74415e871f0bbdabe2427f66aef3dd4179e	wlan_drv_gen4m_6878	wlan_drv_gen4m_6878.ko	vendor_dlkm	0x2800f2e6	dma_unmap_page_attrs
fc3e8a5d97296d8058965c444759e74415e871f0bbdabe2427f66aef3dd4179e	wlan_drv_gen4m_6878	wlan_drv_gen4m_6878.ko	vendor_dlkm	0x894c433a	__platform_driver_register
fc3e8a5d97296d8058965c444759e74415e871f0bbdabe2427f66aef3dd4179e	wlan_drv_gen4m_6878	wlan_drv_gen4m_6878.ko	vendor_dlkm	0x000c9569	of_property_read_string
fc3e8a5d97296d8058965c444759e74415e871f0bbdabe2427f66aef3dd4179e	wlan_drv_gen4m_6878	wlan_drv_gen4m_6878.ko	vendor_dlkm	0x3620741f	of_address_to_resource
fc3e8a5d97296d8058965c444759e74415e871f0bbdabe2427f66aef3dd4179e	wlan_drv_gen4m_6878	wlan_drv_gen4m_6878.ko	vendor_dlkm	0x9309b7e9	of_iomap
fc3e8a5d97296d8058965c444759e74415e871f0bbdabe2427f66aef3dd4179e	wlan_drv_gen4m_6878	wlan_drv_gen4m_6878.ko	vendor_dlkm	0xbb56af18	of_reserved_mem_device_init_by_idx
fc3e8a5d97296d8058965c444759e74415e871f0bbdabe2427f66aef3dd4179e	wlan_drv_gen4m_6878	wlan_drv_gen4m_6878.ko	vendor_dlkm	0x18d3ec20	dma_set_mask
fc3e8a5d97296d8058965c444759e74415e871f0bbdabe2427f66aef3dd4179e	wlan_drv_gen4m_6878	wlan_drv_gen4m_6878.ko	vendor_dlkm	0xceefb577	dma_set_coherent_mask
fc3e8a5d97296d8058965c444759e74415e871f0bbdabe2427f66aef3dd4179e	wlan_drv_gen4m_6878	wlan_drv_gen4m_6878.ko	vendor_dlkm	0xe1b15563	platform_driver_unregister
fc3e8a5d97296d8058965c444759e74415e871f0bbdabe2427f66aef3dd4179e	wlan_drv_gen4m_6878	wlan_drv_gen4m_6878.ko	vendor_dlkm	0xe416cf51	irq_of_parse_and_map
fc3e8a5d97296d8058965c444759e74415e871f0bbdabe2427f66aef3dd4179e	wlan_drv_gen4m_6878	wlan_drv_gen4m_6878.ko	vendor_dlkm	0x92d5838e	request_threaded_irq
fc3e8a5d97296d8058965c444759e74415e871f0bbdabe2427f66aef3dd4179e	wlan_drv_gen4m_6878	wlan_drv_gen4m_6878.ko	vendor_dlkm	0xce2840e7	irq_set_irq_wake
fc3e8a5d97296d8058965c444759e74415e871f0bbdabe2427f66aef3dd4179e	wlan_drv_gen4m_6878	wlan_drv_gen4m_6878.ko	vendor_dlkm	0x27bbf221	disable_irq_nosync
fc3e8a5d97296d8058965c444759e74415e871f0bbdabe2427f66aef3dd4179e	wlan_drv_gen4m_6878	wlan_drv_gen4m_6878.ko	vendor_dlkm	0xfcec0987	enable_irq
fc3e8a5d97296d8058965c444759e74415e871f0bbdabe2427f66aef3dd4179e	wlan_drv_gen4m_6878	wlan_drv_gen4m_6878.ko	vendor_dlkm	0xe523ad75	synchronize_irq
fc3e8a5d97296d8058965c444759e74415e871f0bbdabe2427f66aef3dd4179e	wlan_drv_gen4m_6878	wlan_drv_gen4m_6878.ko	vendor_dlkm	0x51786ad8	__irq_apply_affinity_hint
fc3e8a5d97296d8058965c444759e74415e871f0bbdabe2427f66aef3dd4179e	wlan_drv_gen4m_6878	wlan_drv_gen4m_6878.ko	vendor_dlkm	0xc1514a3b	free_irq
fc3e8a5d97296d8058965c444759e74415e871f0bbdabe2427f66aef3dd4179e	wlan_drv_gen4m_6878	wlan_drv_gen4m_6878.ko	vendor_dlkm	0x3402dc8b	__write_overflow_field
fc3e8a5d97296d8058965c444759e74415e871f0bbdabe2427f66aef3dd4179e	wlan_drv_gen4m_6878	wlan_drv_gen4m_6878.ko	vendor_dlkm	0x6b269f65	mtk_ccci_register_md_state_cb
fc3e8a5d97296d8058965c444759e74415e871f0bbdabe2427f66aef3dd4179e	wlan_drv_gen4m_6878	wlan_drv_gen4m_6878.ko	vendor_dlkm	0x07a33d72	mddp_drv_attach
fc3e8a5d97296d8058965c444759e74415e871f0bbdabe2427f66aef3dd4179e	wlan_drv_gen4m_6878	wlan_drv_gen4m_6878.ko	vendor_dlkm	0xc322cd97	mddp_drv_detach
fc3e8a5d97296d8058965c444759e74415e871f0bbdabe2427f66aef3dd4179e	wlan_drv_gen4m_6878	wlan_drv_gen4m_6878.ko	vendor_dlkm	0x95c4c296	mtk_wcn_wlan_unreg
fc3e8a5d97296d8058965c444759e74415e871f0bbdabe2427f66aef3dd4179e	wlan_drv_gen4m_6878	wlan_drv_gen4m_6878.ko	vendor_dlkm	0x5e10da3d	mtk_wcn_wlan_reg
fc3e8a5d97296d8058965c444759e74415e871f0bbdabe2427f66aef3dd4179e	wlan_drv_gen4m_6878	wlan_drv_gen4m_6878.ko	vendor_dlkm	0xd59cba0e	conninfra_pwr_on
fc3e8a5d97296d8058965c444759e74415e871f0bbdabe2427f66aef3dd4179e	wlan_drv_gen4m_6878	wlan_drv_gen4m_6878.ko	vendor_dlkm	0x9ae73c0b	conninfra_pwr_off
fc3e8a5d97296d8058965c444759e74415e871f0bbdabe2427f66aef3dd4179e	wlan_drv_gen4m_6878	wlan_drv_gen4m_6878.ko	vendor_dlkm	0xe12022e0	conninfra_sub_drv_ops_unregister
fc3e8a5d97296d8058965c444759e74415e871f0bbdabe2427f66aef3dd4179e	wlan_drv_gen4m_6878	wlan_drv_gen4m_6878.ko	vendor_dlkm	0x84bfc4ad	conninfra_sub_drv_ops_register
fc3e8a5d97296d8058965c444759e74415e871f0bbdabe2427f66aef3dd4179e	wlan_drv_gen4m_6878	wlan_drv_gen4m_6878.ko	vendor_dlkm	0xdcd6eee2	connsys_log_irq_handler
fc3e8a5d97296d8058965c444759e74415e871f0bbdabe2427f66aef3dd4179e	wlan_drv_gen4m_6878	wlan_drv_gen4m_6878.ko	vendor_dlkm	0x9b18ef54	connfem_epaelna_get_fem_info
fc3e8a5d97296d8058965c444759e74415e871f0bbdabe2427f66aef3dd4179e	wlan_drv_gen4m_6878	wlan_drv_gen4m_6878.ko	vendor_dlkm	0x6ed29590	connfem_epaelna_get_pin_info
fc3e8a5d97296d8058965c444759e74415e871f0bbdabe2427f66aef3dd4179e	wlan_drv_gen4m_6878	wlan_drv_gen4m_6878.ko	vendor_dlkm	0x76d6f438	connfem_epaelna_laa_get_pin_info
fc3e8a5d97296d8058965c444759e74415e871f0bbdabe2427f66aef3dd4179e	wlan_drv_gen4m_6878	wlan_drv_gen4m_6878.ko	vendor_dlkm	0xe5562d03	update_pre_cal_status
fc3e8a5d97296d8058965c444759e74415e871f0bbdabe2427f66aef3dd4179e	wlan_drv_gen4m_6878	wlan_drv_gen4m_6878.ko	vendor_dlkm	0xb2f375f1	conninfra_is_bus_hang
fc3e8a5d97296d8058965c444759e74415e871f0bbdabe2427f66aef3dd4179e	wlan_drv_gen4m_6878	wlan_drv_gen4m_6878.ko	vendor_dlkm	0xea759d7f	module_layout
