symbol,crc,provider_kind,provider_modules,provider_module_count,consumer_modules,consumer_module_count,import_record_count,in_kernel_base,in_kernel_mtk,in_kernel_nothing,in_device_base,in_device_mtk,in_device_mtk_union,in_kernel_nothing_union,in_any_published_nothing_list,selected_consumers
__arch_copy_from_user,0x2be0c009,KERNEL_OR_BUILTIN,,0,8021q;adsp;aee_aed;aee_rs;apu_top;apusys;audio_ipi;aw883xx_driver;blocktag;bluetooth;bootprof;bt_drv_6878;c2ps_perf_ioctl;camera_dpe_isp7sp;camera_eeprom_v4l2;can_dev;can_raw;ccci_dpmaif;ccci_md_all;ccci_util_lib;ccmni;clk_common;cmdq_test;connfem;conninfra;connscp;cpudvfs;cpuqos_v3;device_apc_common;fhctl;flashlight;fmradio_drv_connac2x;focaltech_touch_spi_ft3680;ged;gps_drv_dl_v051;gps_scp;gpueb;gz_main_mod;gzvm;hbt;hf_manager;hidp;ieee802154_socket;imgsensor;l2tp_ppp;log_store;main2_vcm;main3_vcm;main4_vcm;main_vcm;mali_dmabuf_test_mt6878_r44;mali_kbase_mt6878_r44;md_cooling_all;mddp;mdp_drv_mt6878;mediatek_drm;microarray_fp_tee;mmprofile;monitor_hang;mt6375_battery;mt6878_mt6369;mtk_btcvsd;mtk_cam_isp7sp;mtk_ccd_remoteproc;mtk_ccuv;mtk_charger_framework;mtk_core_ctl;mtk_dpc;mtk_gpu_qos;mtk_gpufreq_wrapper;mtk_hcp;mtk_heap_debug;mtk_imgsys_v4l2;mtk_ioctl_powerhal;mtk_ioctl_touch_boost;mtk_lpm;mtk_mbraink;mtk_mdpm;mtk_mmc_dbg;mtk_mml;mtk_pbm;mtk_peak_power_budget;mtk_perf_ioctl;mtk_perf_ioctl_magt;mtk_printk_ctrl;mtk_scp_audiocommon;mtk_soc_offload_common;mtk_swpm;mtk_vcodec_dec_v1;mtk_vcu;mtk_vow;mtu3;mux_switch;nfc;pda_drv_mt6878;phy_mtk_xsphy;pidmap;pinctrl_mtk_common_v2_debug;powerhal_cpu_ctrl;ppp_generic;rfcomm;rfkill;rpmb_mtk;rtc_mt6685;sapu;scheduler;scp;sec;snd_soc_audiodsp_common;snd_soc_mt6369;snd_soc_mtk_common;snd_soc_mtk_scp_ultra;snd_soc_tfa98xx;spi_tiny_co5300_lcd;sub_vcm;teeperf;thermal_interface;tipc;tkcore;touch_boost;uarthub_drv;ufs_mediatek_dbg;ufs_mediatek_mod;usb_logger;usb_offload;vcp;widevine_driver;wlan_drv_gen4m_6878;wmt_chrdev_wifi_connac2;wwan;xhci_mtk_hcd_v2;yft_tpd_gesture,132,133,0,1,1,0,1,1,1,1,aw883xx_driver;focaltech_touch_spi_ft3680
__arch_copy_to_user,0x9a85eebb,KERNEL_OR_BUILTIN,,0,8021q;adsp;aee_aed;apusys;atf_logger;audio_ipi;aw883xx_driver;blocktag;bluetooth;bt_drv_6878;camera_dpe_isp7sp;camera_eeprom_v4l2;can_dev;can_raw;ccci_dpmaif;ccci_md_all;ccci_util_lib;connfem;conninfra;connscp;custom_ldo_wl2868;dw9781c;flashlight;fmradio_drv_connac2x;focaltech_touch_spi_ft3680;ftdi_sio;ged;gps_drv_dl_v051;gps_pwr;gps_scp;gpueb;gz_log_mod;gz_main_mod;gzvm;hbt;hf_manager;hidp;ieee802154_socket;imgsensor;l2tp_ppp;mali_dmabuf_test_mt6878_r44;mali_kbase_mt6878_r44;mcupm;mddp;mdp_drv_mt6878;mediatek_drm;microarray_fp_tee;mmprofile;monitor_hang;mt6375_battery;mt6878_mt6369;mtk_btcvsd;mtk_ccd_remoteproc;mtk_ccuv;mtk_hcp;mtk_imgsys_v4l2;mtk_ioctl_powerhal;mtk_ioctl_touch_boost;mtk_mbraink;mtk_mml;mtk_perf_ioctl;mtk_perf_ioctl_magt;mtk_scp_audiocommon;mtk_soc_offload_common;mtk_vcu;mtk_vow;pda_drv_mt6878;ppp_generic;rfcomm;rfkill;rpmb_mtk;scheduler;scp;sec;slcan;snd_soc_audiodsp_common;snd_soc_mtk_common;snd_soc_mtk_scp_ultra;snd_soc_tfa98xx;spi_tiny_co5300_lcd;sspm_v3;st21nfc;tipc;tkcore;ufs_mediatek_mod;widevine_driver;wlan_drv_gen4m_6878;wwan;yft_tpd_gesture,89,90,0,1,1,0,1,1,1,1,aw883xx_driver;focaltech_touch_spi_ft3680
__check_object_size,0x88db9f48,KERNEL_OR_BUILTIN,,0,adsp;aee_aed;apu_top;apusys;atf_logger;audio_ipi;aw883xx_driver;blocktag;bluetooth;bootprof;bt_drv_6878;c2ps_perf_ioctl;camera_dpe_isp7sp;camera_eeprom_v4l2;can_bcm;can_raw;ccci_dpmaif;ccci_md_all;ccci_util_lib;clk_common;cmdq_test;connfem;conninfra;connscp;cpudvfs;custom_ldo_wl2868;device_apc_common;fhctl;fmradio_drv_connac2x;focaltech_touch_spi_ft3680;ged;gps_drv_dl_v051;gps_pwr;gps_scp;gpueb;gz_ipc_mod;gz_log_mod;gz_main_mod;gzvm;hbt;hf_manager;ieee802154_socket;imgsensor;l2tp_ppp;log_store;mali_kbase_mt6878_r44;mcupm;md_cooling_all;mddp;mdp_drv_mt6878;mediatek_drm;microarray_fp_tee;mmprofile;monitor_hang;mtk_btcvsd;mtk_cam_isp7sp;mtk_ccd_remoteproc;mtk_charger_framework;mtk_dpc;mtk_gpu_qos;mtk_gpufreq_wrapper;mtk_hcp;mtk_heap_debug;mtk_imgsys_v4l2;mtk_ioctl_powerhal;mtk_lpm;mtk_mbraink;mtk_mdpm;mtk_mmc_dbg;mtk_mml;mtk_pbm;mtk_peak_power_budget;mtk_perf_ioctl;mtk_perf_ioctl_magt;mtk_printk_ctrl;mtk_scp_audiocommon;mtk_swpm;mtk_vcodec_dec_v1;mtk_vow;mtu3;mux_switch;nfc;phy_mtk_xsphy;pinctrl_mtk_common_v2_debug;powerhal_cpu_ctrl;ppp_generic;rfcomm;rfkill;rpmb_mtk;scheduler;scp;sec;slcan;snd_soc_audiodsp_common;snd_soc_mt6369;snd_soc_mtk_common;snd_soc_tfa98xx;sspm_v3;st21nfc;teeperf;thermal_interface;tipc;tkcore;touch_boost;uarthub_drv;ufs_mediatek_dbg;ufs_mediatek_mod;usb_logger;vcp;wlan_drv_gen4m_6878;wmt_chrdev_wifi_connac2;wwan;xhci_mtk_hcd_v2,113,114,0,1,0,0,1,1,1,1,aw883xx_driver;focaltech_touch_spi_ft3680
__class_register,0x290df2c0,KERNEL_OR_BUILTIN,,0,aw883xx_driver;cfg80211;ieee802154;mtk_mbraink;nfc;rfkill;rpmb;zram,8,8,0,1,0,0,1,1,1,1,aw883xx_driver
__const_udelay,0xeae3dfd6,KERNEL_OR_BUILTIN,,0,8250_mtk;adsp;aee_aed;aee_hangdet;apu_top;apusys;asix;board_temp;bt_drv_6878;cache_parity;ccci_ccif;ccci_dpmaif;ccci_md_all;clk_chk_mt6878;clk_common;clk_fmeter_mt6878;clkbuf;conninfra;dw9781c;emi_fake_eng;fhctl;focaltech_touch_spi_ft3680;hci_uart;hynitron;i2c_mt65xx;imgsensor;main2_vcm;main3_vcm;main4_vcm;main_vcm;mali_kbase_mt6878_r44;mediatek_drm;mediatek_drm_gateic;mediatek_drm_panel_drv;mmqos_common;mrdump;mt6363_regulator;mt6369_accdet;mt6369_regulator;mt6375_auxadc;mt6375_battery;mtk_cam_isp7sp;mtk_ccuv;mtk_dpc;mtk_dvfsrc;mtk_dvfsrc_helper;mtk_gpufreq_mt6878;mtk_iommu;mtk_lpm_dbg_common_v2;mtk_mmc;mtk_mmc_dbg;mtk_mmdvfs_v3;mtk_mminfra_debug;mtk_mml;mtk_perf_common;mtk_pwm;mtk_scpsys;mtk_smi_dbg;mtk_spmi_pmic_adc;mtk_tinysys_ipi;mtk_uart_apdma;mtk_vcodec_dec_v1;mtk_vcodec_enc_v1;mtk_vmm_spm;mtk_wdt;mtu3;nvmem_mt635x_efuse;pd_chk_mt6878;phy_mtk_ufs;phy_mtk_xsphy;pinctrl_mtk_common_v2_debug;pinctrl_mtk_v2;pmic_lbat_service;rt5133_regulator;rtc_mt6685;scp;sh366003_fg;snd_soc_mt6878_afe;soc_temp_lvts;spi_mt65xx;spi_tiny_co5300_lcd;spmi_mtk_pmif;sub_vcm;tcpc_mt6375;uarthub_drv;ufs_mediatek_mod;vcp;wlan_drv_gen4m_6878;xhci_mtk_hcd_v2;yft_tiny2c_usb,90,90,0,1,0,0,1,1,1,1,focaltech_touch_spi_ft3680
__copy_overflow,0x7682ba4e,KERNEL_OR_BUILTIN,,0,aee_aed;apusys;aw883xx_driver;bt_drv_6878;camera_dpe_isp7sp;custom_ldo_wl2868;gps_drv_dl_v051;gz_main_mod;mediatek_drm;mtk_mbraink;wlan_drv_gen4m_6878,11,11,0,1,0,0,0,0,1,1,aw883xx_driver
__devm_regmap_init_i2c,0x1bab1211,KERNEL_OR_BUILTIN,,0,aw36515;aw36518;aw36518_v2;leds_rgb_aw2013;mt6338_core;rt6160_regulator;sc851x_charger;sc8571_charger;snd_soc_tfa98xx,9,9,0,1,0,0,1,1,1,1,aw36515;aw36518;aw36518_v2
__init_waitqueue_head,0xd9a5ea54,KERNEL_OR_BUILTIN,,0,adsp;aee_aed;apusys;atf_logger;audio_ipi;blocktag;bluetooth;bt_drv_6878;camera_dpe_isp7sp;ccci_dpmaif;ccci_fsm_scp;ccci_md_all;ccci_util_lib;ccd_rpmsg;cdc_acm;cfg80211;conninfra;connscp;cqhci;drm_display_helper;fmradio_drv_connac2x;focaltech_touch_spi_ft3680;gps_drv_dl_v051;gps_pwr;gps_scp;gz_ipc_mod;gz_log_mod;hci_uart;hf_manager;hidp;ieee802154;mali_kbase_mt6878_r44;mcupm;mddp;mdp_drv_mt6878;mediatek_drm;mmqos_common;monitor_hang;mt6375_battery;mtk_aie;mtk_btcvsd;mtk_cam_isp7sp;mtk_ccuv;mtk_charger_framework;mtk_chg_type_det;mtk_cmdq_drv_ext;mtk_dpc;mtk_hcp;mtk_imgsys_v4l2;mtk_low_battery_throttling;mtk_mml;mtk_pep50;mtk_soc_offload_common;mtk_vcodec_dec_v1;mtk_vcodec_enc_v1;mtk_vcu;pda_drv_mt6878;ppp_generic;rfkill;scp;slcan;snd_soc_tfa98xx;sspm_v3;st21nfc;system_heap;tcpc_class;tkcore;tkcore_drv;touch_boost;usb_offload;usbnet;vcp;wlan_drv_gen4m_6878;wmt_chrdev_wifi_connac2;wwan,75,76,0,1,0,0,1,1,1,1,focaltech_touch_spi_ft3680
__kmalloc,0xeb233a45,KERNEL_OR_BUILTIN,,0,aee_aed;apu_top;apusys;asix;aw883xx_driver;ax88179_178a;blocktag;bluetooth;bootprof;bt_drv_6878;camera_eeprom_v4l2;can_bcm;ccci_dpmaif;ccci_md_all;ccci_util_lib;cdc_acm;cdc_ncm;cfg80211;clk_common;clkbuf;cmdq_sec_drv;connadp;connfem;conninfra;cpufreq_sugov_ext;device_apc_common;drm_display_helper;extdev_io_class;ffa_v10;fhctl;fmradio_drv_connac2x;focaltech_touch_spi_ft3680;ged;gz_ipc_mod;gz_main_mod;gz_tz_system;gz_virtio_mod;hf_manager;hynitron;i2c_mt65xx;ieee802154;imgsensor;l2tp_core;load_track;log_store;mac80211;mac802154;mali_kbase_mt6878_r44;mcupm;md_cooling_all;mddp;mdp_drv_mt6878;mediatek_drm;mediatek_drm_gateic;mediatek_drm_panel_drv;met;mrdump;mt6375_battery;mtk_c2ps;mtk_cam_isp7sp;mtk_cmdq_drv_ext;mtk_core_ctl;mtk_cpu_power_throttling;mtk_fpsgo;mtk_hcp;mtk_heap_debug;mtk_icc_core;mtk_ioctl_powerhal;mtk_lpm;mtk_lpm_dbg_common_v2;mtk_lpm_dbg_mt6878;mtk_mbraink;mtk_md_power_throttling;mtk_mmdvfs_debug;mtk_mmdvfs_v3;mtk_mml;mtk_perf_common;mtk_perf_ioctl;mtk_perf_ioctl_magt;mtk_sec_heap;mtk_swpm_dbg_v6878;mtk_tinysys_ipi;mtk_u_ether;mtk_usb_f_rndis;mtk_vcodec_common;mtu3;nfc;pd_dbg_info;pmic_lbat_service;powerhal_cpu_ctrl;ppp_mppe;r8152;rfcomm;rfkill;rpmb_mtk;rps_perf;rt5133_regulator;scheduler;scp;sensorhub;slhc;snd_soc_tfa98xx;spi_mt65xx;sspm_v3;system_heap;thermal_interface;tipc;tkcore_drv;touch_boost;ufs_mediatek_mod;usb_offload;usbnet;usbserial;wlan_drv_gen4m_6878;xhci_mtk_hcd_v2;yft_devinfo,116,117,0,1,1,0,1,1,1,1,aw883xx_driver;focaltech_touch_spi_ft3680
__list_add_valid,0x68f31cbd,KERNEL_OR_BUILTIN,,0,8021q;aee_aed;apu_top;apusys;aw883xx_driver;blocktag;bluetooth;bootprof;c2k_usb;can_bcm;can_raw;ccci_md_all;ccci_util_lib;ccd_rpmsg;cfg80211;cmdq_sec_drv;connscp;device_apc_common;drm_display_helper;flashlight;focaltech_touch_spi_ft3680;ged;gz_ipc_mod;gz_trusty_mod;gz_virtio_mod;gzvm;hci_uart;hf_manager;hidp;ieee802154;imgsensor_glue;iommu_debug;mac80211;mac802154;mali_kbase_mt6878_r44;mali_mgm_mt6878_r44;md_cooling_all;mddp;mdp_drv_mt6878;mediatek_drm;mediatek_drm_gateic;mediatek_drm_panel_drv;met;microarray_fp_tee;mmprofile;mmqos_common;monitor_hang;mt6375_battery;mtk_c2ps;mtk_cam_isp7sp;mtk_cmdq_drv_ext;mtk_cpu_power_throttling;mtk_fpsgo;mtk_gpu_hal;mtk_hcp;mtk_heap_debug;mtk_icc_core;mtk_imgsys_v4l2;mtk_iommu;mtk_lpm;mtk_lpm_dbg_common_v2;mtk_mml;mtk_panel_ext;mtk_pbm;mtk_sec_heap;mtk_swpm;mtk_sync;mtk_u_ether;mtk_uart_apdma;mtk_usb_f_rndis;mtk_vcodec_common;mtk_vcodec_dec_v1;mtk_vcodec_enc_v1;mtk_vcu;mtu3;mux_switch;nfc;pd_dbg_info;pmic_lbat_service;powerhal_cpu_ctrl;ppp_generic;r8152;reboot_mode;rfcomm;rfkill;scheduler;sensorhub;snd_soc_mt6878_afe;snd_soc_tfa98xx;spi_tiny_co5300_lcd;system_heap;task_turbo;tipc;tkcore;tkcore_drv;tmem_ffa;touch_boost;usb_boost;usb_meta;usb_offload;usbserial;wlan_drv_gen4m_6878;xhci_mtk_hcd_v2;yft_devinfo;zsmalloc,105,106,0,1,0,0,1,1,1,1,aw883xx_driver;focaltech_touch_spi_ft3680
__msecs_to_jiffies,0x7f02188f,KERNEL_OR_BUILTIN,,0,adsp;apu_top;apusys;audio_ipi;aw883xx_driver;bluetooth;can_dev;cdc_acm;cfg80211;cmdq_sec_drv;conninfra;cpuqos_v3;cqhci;focaltech_touch_spi_ft3680;gps_drv_dl_v051;gz_ipc_mod;hci_uart;imgsensor;l2tp_ppp;load_track;mac80211;mali_kbase_mt6878_r44;mediatek_drm;mt6363_regulator;mt6369_regulator;mt6375_charger;mtk_cam_isp7sp;mtk_cg_peak_power_throttling;mtk_cmdq_drv_ext;mtk_core_ctl;mtk_dpc;mtk_lpm_dbg_common_v2;mtk_mml;mtk_perf_common;mtk_swpm_dbg_v6878;mtk_vcodec_common;mtk_vcodec_dec_v1;mtk_vcodec_enc_v1;nfc;pmic_lbat_service;spi_mt65xx;spmi_mtk_mpu;tcpc_class;tipc;tmem_ffa;usbserial;wlan_drv_gen4m_6878;yft_gpio_keys,48,49,0,1,0,0,1,1,1,1,aw883xx_driver;focaltech_touch_spi_ft3680
__mutex_init,0xa571f6b0,KERNEL_OR_BUILTIN,,0,8250_mtk;adapter_class;adsp;aee_aed;apu_top;apusys;atf_logger;aw36515;aw36518;aw36518_v2;aw883xx_driver;bluetooth;bt_drv_6878;c2k_usb;camera_af_media;camera_dpe_isp7sp;camera_eeprom_v4l2;ccci_fsm_scp;ccci_md_all;ccd_rpmsg;cdc_acm;cfg80211;charger_class;cmdq_sec_drv;cmdq_test;conninfra;connscp;cpufreq_sugov_ext;drm_display_helper;extdev_io_class;ffa_v10;focaltech_touch_spi_ft3680;ftdi_sio;ged;gps_drv_dl_v051;gpueb;gz_ipc_mod;gz_log_mod;gz_main_mod;gz_trusty_mod;gz_tz_system;gz_virtio_mod;gzvm;hci_uart;hf_manager;hidp;hynitron;imgsensor;kfifo_buf;l2tp_ppp;leds_ln2403;leds_mtk;leds_rgb_aw2013;mac80211;mac802154;mali_dmabuf_test_mt6878_r44;mali_kbase_mt6878_r44;mddp;mdp_drv_mt6878;mediatek_drm;met;mmqos_common;mt6338_core;mt6369_accdet;mt6375;mt6375_adc;mt6375_auxadc;mt6375_battery;mt6375_charger;mt6685_audclk;mtk_aie;mtk_c2ps;mtk_cam_isp7sp;mtk_ccd_remoteproc;mtk_ccuv;mtk_charger_algorithm_class;mtk_charger_framework;mtk_chg_type_det;mtk_cmdq_drv_ext;mtk_composite;mtk_dvfsrc;mtk_dvfsrc_helper;mtk_fpsgo;mtk_hcp;mtk_imgsys_cmdq;mtk_imgsys_v4l2;mtk_iommu;mtk_jpeg;mtk_mmdvfs;mtk_mml;mtk_pd_adapter;mtk_pd_charging;mtk_pep;mtk_pep40;mtk_pep50;mtk_pwm;mtk_scp_audiocommon;mtk_sec_heap;mtk_soc_offload_common;mtk_spmi_pmic;mtk_spmi_pmic_adc;mtk_tinysys_ipi;mtk_uart_apdma;mtk_usb_f_rndis;mtk_vcodec_dec_v1;mtk_vcodec_enc_v1;mtk_vcu;mtk_vmm_isp71_regulator;nfc;nvmem_mt635x_efuse;pmic_lvsys_notify;ppp_generic;r8152;rfcomm;rfkill;rpmb;rtc_mt6685;sapu;scp;sensorhub;sh366003_fg;snd_soc_mt6878_afe;snd_soc_tfa98xx;soc_temp_lvts;spmi_mtk_pmif;st21nfc;system_heap;tcpc_class;thermal_interface;thermal_trace;tkcore;tkcore_drv;tmem_ffa;uarthub_drv;usb_meta;usb_offload;usbnet;usbserial;vcp;wlan_drv_gen4m_6878;wmt_chrdev_wifi_connac2;wwan;xhci_mtk_hcd_v2;yft_devinfo;yft_gpio_keys,145,146,0,1,1,0,1,1,1,1,aw36515;aw36518;aw36518_v2;aw883xx_driver;focaltech_touch_spi_ft3680
__pm_runtime_disable,0x05e59274,KERNEL_OR_BUILTIN,,0,8250_mtk;apu_top;aw36515;aw36518;aw36518_v2;camera_dpe_isp7sp;clk_common;dw9781c;hci_uart;mali_kbase_mt6878_r44;mediatek_drm;mtk_aie;mtk_cam_isp7sp;mtk_ccuv;mtk_imgsys_v4l2;mtk_iommu;mtk_ipesys_me;mtk_jpeg;mtk_mmc;mtk_mml;mtk_smi;mtk_uart_apdma;mtk_vcodec_dec_v1;mtk_vcodec_enc_v1;mtu3;pda_drv_mt6878;snd_soc_mt6878_afe;spi_mt65xx;vcp;xhci_mtk_hcd_v2,30,30,0,1,0,0,1,1,1,1,aw36515;aw36518;aw36518_v2
__pm_runtime_idle,0x14cee5de,KERNEL_OR_BUILTIN,,0,apu_top;apusys;aw36515;aw36518;aw36518_v2;camera_dpe_isp7sp;ccci_md_all;clk_common;clk_disable_unused;cmdq_sec_drv;conninfra;dw9781c;mdp_drv_mt6878;mediatek_drm;mt6878_mt6369;mtk_aie;mtk_cam_isp7sp;mtk_ccuv;mtk_cmdq_drv_ext;mtk_dpc;mtk_imgsys_cmdq;mtk_imgsys_v4l2;mtk_iommu;mtk_jpeg;mtk_mmdvfs_v3;mtk_mminfra_debug;mtk_mml;mtk_scpsys_bringup;mtk_smi;mtk_smi_dbg;mtk_vcodec_dec_v1;mtk_vcodec_enc_v1;mtu3;pda_drv_mt6878;snd_soc_mt6878_afe;snd_soc_mtk_common;snd_soc_mtk_scp_ultra;ufs_mediatek_mod;vcp,39,39,0,1,0,0,1,1,1,1,aw36515;aw36518;aw36518_v2
__pm_runtime_resume,0xabe820ab,KERNEL_OR_BUILTIN,,0,8250_mtk;apu_top;apusys;aw36515;aw36518;aw36518_v2;camera_dpe_isp7sp;ccci_md_all;clk_common;clk_disable_unused;cmdq_sec_drv;conninfra;dw9781c;hci_uart;mali_kbase_mt6878_r44;mdp_drv_mt6878;mediatek_drm;mt6878_mt6369;mtk_aie;mtk_cam_isp7sp;mtk_ccuv;mtk_cmdq_drv_ext;mtk_dpc;mtk_imgsys_cmdq;mtk_imgsys_v4l2;mtk_iommu;mtk_jpeg;mtk_mmc;mtk_mmdvfs_v3;mtk_mminfra_debug;mtk_mml;mtk_scpsys_bringup;mtk_smi;mtk_smi_dbg;mtk_vcodec_dec_v1;mtk_vcodec_enc_v1;mtu3;pda_drv_mt6878;snd_soc_mt6878_afe;snd_soc_mtk_common;snd_soc_mtk_scp_ultra;ufs_mediatek_mod;vcp;xhci_mtk_hcd_v2,44,44,0,1,0,0,1,1,1,1,aw36515;aw36518;aw36518_v2
__pm_runtime_set_status,0x22808c6a,KERNEL_OR_BUILTIN,,0,aw36515;aw36518;aw36518_v2;dw9781c;hci_uart;mali_kbase_mt6878_r44;mtk_mmc;mtu3;ufs_mediatek_mod;xhci_mtk_hcd_v2,10,10,0,1,0,0,1,1,1,1,aw36515;aw36518;aw36518_v2
__spi_register_driver,0x9a9c1906,KERNEL_OR_BUILTIN,,0,focaltech_touch_spi_ft3680;microarray_fp_tee;spi_tiny_co5300_lcd,3,3,0,1,0,0,1,1,1,1,focaltech_touch_spi_ft3680
__stack_chk_fail,0xc2c193d2,KERNEL_OR_BUILTIN,,0,6lowpan;8021q;8250_mtk;adsp;aee_aed;aee_hangdet;aee_rs;apu_top;apusys;aqc111;arm_dsu_pmu;asix;atf_logger;audio_ipi;aw36515;aw36518;aw36518_v2;aw883xx_driver;ax88179_178a;backlight_cooling;blocktag;bluetooth;bootprof;bt_drv_6878;btbcm;btqca;btsdio;bus_parity;c2k_usb;c2ps_perf_ioctl;cache_parity;camera_dpe_isp7sp;camera_eeprom_v4l2;can_bcm;can_dev;can_gw;can_raw;ccci_auxadc;ccci_ccif;ccci_dpmaif;ccci_fsm_scp;ccci_md_all;ccci_util_lib;ccd_rpmsg;ccmni;cdc_acm;cdc_ether;cdc_ncm;cfg80211;charger_cooling;clk_bringup;clk_chk_mt6878;clk_common;clk_fmeter_mt6878;clkbuf;cmdq_helper_inf;cmdq_platform_mt6878;cmdq_sec_drv;cmdq_test;connadp;connfem;conninfra;connscp;cpudvfs;cpufreq_sugov_ext;cpuqos_v3;cqhci;custom_ldo_wl2868;dbg_error_flag;dbgtop_drm;device_apc_common;device_apc_mt6878;diag;drm_display_helper;drm_dma_helper;dw9781c;emi;emi_fake_eng;emi_mpu;extcon_mtk_usb;extdev_io_class;ffa_v10;fhctl;fingerprint;flashlight;fmradio_drv_connac2x;focaltech_touch_spi_ft3680;fpsgo;frs;ftdi_sio;ged;gps_drv_dl_v051;gpueb;gz_ipc_mod;gz_irq_mod;gz_log_mod;gz_main_mod;gz_trusty_mod;gz_tz_system;gz_virtio_mod;gzvm;hbt;hci_uart;hf_manager;hidp;hynitron;i2c_mt65xx;ieee802154;ieee802154_6lowpan;ieee802154_socket;imgsensor;iommu_debug;iommu_secure;irq_dbg;kfifo_buf;l2tp_core;l2tp_ppp;last_bus;leds_ln2403;leds_mtk;leds_rgb_aw2013;load_track;log_store;lpm_gov_MHSP;mac80211;mac802154;main2_vcm;main3_vcm;main4_vcm;main_vcm;mali_dmabuf_test_mt6878_r44;mali_kbase_mt6878_r44;mali_mgm_mt6878_r44;mali_prot_alloc_mt6878_r44;mcupm;md_cooling_all;mddp;mdp_drv_mt6878;mediatek_cpufreq_hw;mediatek_drm;mediatek_drm_gateic;mediatek_drm_panel_drv;met;microarray_fp_tee;mii;mmprofile;mmqos_common;monitor_hang;mrdump;mt6315_regulator;mt6338_core;mt6363_regulator;mt6369_accdet;mt6369_regulator;mt6375;mt6375_adc;mt6375_auxadc;mt6375_battery;mt6375_charger;mt6878_mt6369;mtk_aie;mtk_battery_oc_throttling;mtk_bp_thl;mtk_btcvsd;mtk_c2ps;mtk_cam_isp7sp;mtk_ccd_remoteproc;mtk_ccuv;mtk_cg_peak_power_throttling;mtk_charger_framework;mtk_chg_type_det;mtk_cm_ipi;mtk_cm_mgr;mtk_cm_mgr_mt6878;mtk_cmdq_drv_ext;mtk_core_ctl;mtk_cpu_power_throttling;mtk_dcm;mtk_dpc;mtk_dramc;mtk_dvfsrc;mtk_dvfsrc_devfreq;mtk_dvfsrc_helper;mtk_dvfsrc_regulator;mtk_dvfsrc_start;mtk_dynamic_loading_throttling;mtk_fpsgo;mtk_gpu_power_throttling;mtk_gpu_qos;mtk_gpufreq_mt6878;mtk_gpufreq_wrapper;mtk_hcp;mtk_heap_debug;mtk_icc_core;mtk_imgsys_cmdq;mtk_imgsys_isp7sp;mtk_imgsys_v4l2;mtk_ioctl_powerhal;mtk_ioctl_touch_boost;mtk_iommu;mtk_ipesys_me;mtk_irtx_pwm;mtk_jpeg;mtk_low_battery_throttling;mtk_lpm;mtk_lpm_dbg_common_v2;mtk_lpm_dbg_mt6878;mtk_lpm_plat_v1;mtk_mbox;mtk_mbox_mailbox;mtk_mbraink;mtk_md_power_throttling;mtk_mdpm;mtk_mmc;mtk_mmc_dbg;mtk_mmdvfs;mtk_mmdvfs_debug;mtk_mmdvfs_ftrace;mtk_mmdvfs_v3;mtk_mminfra_debug;mtk_mminfra_imax;mtk_mml;mtk_mml_mt6878;mtk_pbm;mtk_pd_adapter;mtk_pd_charging;mtk_peak_power_budget;mtk_pep;mtk_pep40;mtk_pep50;mtk_perf_common;mtk_perf_ioctl;mtk_perf_ioctl_magt;mtk_pmic_keys;mtk_pmic_oc_debug;mtk_pmic_wrap;mtk_printk_ctrl;mtk_qos;mtk_scp_audiocommon;mtk_scpsys;mtk_scpsys_bringup;mtk_sec_heap;mtk_smi;mtk_smi_dbg;mtk_soc_offload_common;mtk_sp_spk_amp;mtk_spmi_pmic;mtk_spmi_pmic_adc;mtk_ssc;mtk_ssc_dbg_v2;mtk_swpm;mtk_swpm_cpu_dbg_v6878;mtk_swpm_dbg_common_v1;mtk_swpm_dbg_v6878;mtk_swpm_perf_arm_pmu;mtk_tinysys_ipi;mtk_u_ether;mtk_uart_apdma;mtk_usb_f_rndis;mtk_vcodec_common;mtk_vcodec_dec_v1;mtk_vcodec_enc_v1;mtk_vcu;mtk_vmm_isp71_regulator;mtk_vmm_notifier;mtk_vmm_spm;mtk_vow;mtk_wp;mtu3;mux_switch;nfc;nvmem_mt635x_efuse;nvmem_mtk_devinfo;panel_ky_vtdr6115_dphy_cmd;pd_dbg_info;pda_drv_mt6878;phy_mtk_ufs;phy_mtk_xsphy;pidmap;pinctrl_mtk_common_v2_debug;pinctrl_mtk_v2;pmic_lbat_service;pmic_lvsys_notify;pmic_temp;powerhal_cpu_ctrl;ppp_deflate;ppp_generic;pptp;r8152;r8153_ecm;reset_ti_syscon;rfcomm;rfkill;rpmb;rpmb_mtk;rps_perf;rt4831a_drv;rt5133_regulator;rt6160_regulator;rt_pd_manager;rtc_mt6685;rtl8150;sapu;sc851x_charger;sc8571_charger;scheduler;scp;sec;sec_rng;sensorhub;sh366003_fg;slcan;slhc;smpu;snd_soc_audiodsp_common;snd_soc_mt6369;snd_soc_mt6878_afe;snd_soc_mtk_common;snd_soc_mtk_scp_ultra;snd_soc_tfa98xx;soc_temp_lvts;spi_mt65xx;spi_tiny_co5300_lcd;spmi_mtk_mpu;spmi_mtk_pmif;sspm_v3;st21nfc;sub_vcm;system_heap;task_turbo;tcpc_class;tcpc_mt6375;teeperf;thermal_generic_adc;thermal_interface;thermal_trace;timer_mediatek;tinysys_scmi;tipc;tkcore;tkcore_drv;tmem_ffa;touch_boost;trace_mmstat;uarthub_drv;ufs_mediatek_dbg;ufs_mediatek_mod;uload_ind;usb_boost;usb_logger;usb_meta;usb_offload;usbnet;usbserial;vcp;vtskin_temp;widevine_driver;wlan_drv_gen4m_6878;wmt_chrdev_wifi_connac2;wwan;xhci_mtk_hcd_v2;yft_devinfo;yft_tiny2c_usb;yft_tpd_gesture;zram;zsmalloc,366,367,0,1,1,0,1,1,1,1,aw36515;aw36518;aw36518_v2;aw883xx_driver;focaltech_touch_spi_ft3680
__wake_up,0xe2964344,KERNEL_OR_BUILTIN,,0,adsp;aee_aed;apusys;atf_logger;audio_ipi;blocktag;bluetooth;bt_drv_6878;camera_dpe_isp7sp;ccci_dpmaif;ccci_md_all;ccci_util_lib;ccd_rpmsg;cdc_acm;cfg80211;conninfra;connscp;cqhci;drm_display_helper;fingerprint;fmradio_drv_connac2x;focaltech_touch_spi_ft3680;ftdi_sio;gps_drv_dl_v051;gps_pwr;gps_scp;gz_ipc_mod;gz_log_mod;hci_uart;hf_manager;hidp;ieee802154;kfifo_buf;mali_kbase_mt6878_r44;mcupm;mddp;mdp_drv_mt6878;mediatek_drm;microarray_fp_tee;mmqos_common;monitor_hang;mt6375_battery;mtk_aie;mtk_bp_thl;mtk_btcvsd;mtk_c2ps;mtk_cam_isp7sp;mtk_ccuv;mtk_charger_framework;mtk_chg_type_det;mtk_cmdq_drv_ext;mtk_dpc;mtk_dynamic_loading_throttling;mtk_fpsgo;mtk_hcp;mtk_imgsys_v4l2;mtk_low_battery_throttling;mtk_mml;mtk_pep50;mtk_soc_offload_common;mtk_vcodec_common;mtk_vcodec_dec_v1;mtk_vcodec_enc_v1;mtk_vcu;mtk_vow;pda_drv_mt6878;powerhal_cpu_ctrl;ppp_generic;rfcomm;rfkill;scp;slcan;snd_soc_audiodsp_common;sspm_v3;st21nfc;system_heap;tcpc_class;tkcore;tkcore_drv;touch_boost;ufs_mediatek_mod;usb_offload;usbnet;usbserial;wlan_drv_gen4m_6878;wmt_chrdev_wifi_connac2;wwan;yft_tpd_gesture,88,89,0,1,0,0,1,1,1,1,focaltech_touch_spi_ft3680
_printk,0x92997ed8,KERNEL_OR_BUILTIN,,0,8021q;8250_mtk;adapter_class;adsp;aee_aed;aee_hangdet;aee_rs;apu_top;apusys;arm_dsu_pmu;atf_logger;audio_ipi;aw36515;aw36518;aw36518_v2;aw883xx_driver;blocktag;bluetooth;bootprof;bsd_comp;bt_drv_6878;bus_parity;c2k_usb;cache_parity;camera_af_media;camera_dpe_isp7sp;camera_eeprom_v4l2;can;can_bcm;can_dev;can_gw;can_raw;ccci_auxadc;ccci_ccif;ccci_dpmaif;ccci_fsm_scp;ccci_md_all;ccci_util_lib;ccd_rpmsg;ccmni;cdc_acm;cfg80211;charger_class;charger_cooling;clk_bringup;clk_chk_mt6878;clk_common;clk_disable_unused;clk_fmeter_mt6878;clk_mt6878;clk_mt6878_adsp;clk_mt6878_bus;clk_mt6878_cam;clk_mt6878_ccu;clk_mt6878_img;clk_mt6878_mdpsys;clk_mt6878_mmsys;clk_mt6878_peri;clk_mt6878_vcodec;clk_mt6878_vlp;clkbuf;cmdq_helper_inf;cmdq_platform_mt6878;cmdq_sec_drv;cmdq_test;connadp;connfem;conninfra;connscp;cpudvfs;cpufreq_sugov_ext;cpuqos_v3;cqhci;custom_ldo_wl2868;dbg_error_flag;dbgtop_drm;device_apc_common;device_apc_mt6878;dw9781c;emi;emi_fake_eng;emi_mpu;extcon_mtk_usb;extdev_io_class;ffa_v10;fhctl;fingerprint;flashlight;fmradio_drv_connac2x;focaltech_touch_spi_ft3680;frs;ged;gps_drv_dl_v051;gps_pwr;gps_scp;gpueb;gz_ipc_mod;gz_irq_mod;gz_log_mod;gz_main_mod;gz_trusty_mod;gz_tz_system;gz_virtio_mod;gzvm;hf_manager;hynitron;ieee802154_6lowpan;ieee802154_socket;imgsensor;imgsensor_glue;iommu_debug;iommu_secure;irq_dbg;l2tp_core;l2tp_ppp;last_bus;leds_ln2403;leds_mtk;leds_mtk_disp;leds_rgb_aw2013;log_store;lpm_gov_MHSP;mac80211;mac802154;main2_vcm;main3_vcm;main4_vcm;main_vcm;mali_dmabuf_test_mt6878_r44;mali_kbase_mt6878_r44;mcupm;md_cooling_all;mddp;mdp_drv_mt6878;mediatek_cpufreq_hw;mediatek_drm;mediatek_drm_gateic;mediatek_drm_panel_drv;met;microarray_fp_tee;mmprofile;mmqos_common;monitor_hang;mrdump;mt6369_accdet;mt6375_battery;mt6375_charger;mt6685_core;mt6878_dcm;mt6878_mt6369;mtk_aie;mtk_aie_debug_7sp_2;mtk_battery_oc_throttling;mtk_bp_thl;mtk_btcvsd;mtk_c2ps;mtk_cam_isp7sp;mtk_ccd_remoteproc;mtk_ccuv;mtk_cg_peak_power_throttling;mtk_charger_algorithm_class;mtk_charger_framework;mtk_cm_ipi;mtk_cm_mgr;mtk_cm_mgr_mt6878;mtk_cmdq_drv_ext;mtk_composite;mtk_core_ctl;mtk_cpu_power_throttling;mtk_dcm;mtk_disp_notify;mtk_disp_sec;mtk_dpc;mtk_dramc;mtk_dvfsrc;mtk_dvfsrc_helper;mtk_dynamic_loading_throttling;mtk_fpsgo;mtk_gpu_power_throttling;mtk_gpu_qos;mtk_gpufreq_mt6878;mtk_gpufreq_wrapper;mtk_hcp;mtk_heap_debug;mtk_icc_core;mtk_imgsys_cmdq;mtk_imgsys_isp7sp;mtk_imgsys_v4l2;mtk_iommu;mtk_ipesys_me;mtk_irtx_pwm;mtk_jpeg;mtk_low_battery_throttling;mtk_lpm;mtk_lpm_dbg_common_v2;mtk_lpm_dbg_mt6878;mtk_lpm_plat_v1;mtk_mbox;mtk_mbox_mailbox;mtk_mbraink;mtk_md_power_throttling;mtk_mdpm;mtk_mmc;mtk_mmc_dbg;mtk_mmdvfs;mtk_mmdvfs_debug;mtk_mmdvfs_v3;mtk_mmdvfs_v3_start;mtk_mminfra_debug;mtk_mminfra_imax;mtk_mml;mtk_mml_mt6878;mtk_pbm;mtk_pd_charging;mtk_peak_power_budget;mtk_pep;mtk_pep40;mtk_pep50;mtk_perf_common;mtk_pmic_keys;mtk_pmic_oc_debug;mtk_printk_ctrl;mtk_pwm;mtk_qos;mtk_scp_audiocommon;mtk_scp_ultra;mtk_scpsys;mtk_scpsys_bringup;mtk_sec_heap;mtk_smi;mtk_smi_dbg;mtk_soc_offload_common;mtk_socinfo;mtk_ssc;mtk_ssc_dbg_v2;mtk_swpm;mtk_swpm_cpu_dbg_v6878;mtk_swpm_dbg_v6878;mtk_swpm_perf_arm_pmu;mtk_tinysys_ipi;mtk_u_ether;mtk_uart_apdma;mtk_usb_f_rndis;mtk_vcodec_common;mtk_vcodec_dec_v1;mtk_vcodec_enc_v1;mtk_vcu;mtk_vmm_isp71_regulator;mtk_vmm_notifier;mtk_vmm_spm;mtk_vow;mtk_wdt;mtk_wp;nfc;nvmem_mtk_devinfo;panel_ky_vtdr6115_dphy_cmd;pd_chk_mt6878;pd_dbg_info;pda_drv_mt6878;pidmap;pinctrl_mtk_common_v2_debug;pmic_lbat_service;pmic_temp;powerhal_cpu_ctrl;ppp_deflate;ppp_generic;ppp_mppe;pptp;pwm_mtk_disp;regulator_vibrator;rpmb;rpmb_mtk;rt4831a_drv;rtc_mt6685;sapu;sc851x_charger;sc8571_charger;scheduler;scp;sec;sec_rng;sensorhub;sh366003_fg;slcan;smpu;smpu_hook_v1;snd_soc_audiodsp_common;snd_soc_mt6369;snd_soc_mt6878_afe;snd_soc_mtk_common;snd_soc_mtk_scp_ultra;snd_soc_tfa98xx;soc_temp_lvts;spi_mt65xx;spi_tiny_co5300_lcd;spmi_mtk_pmif;sspm_v3;st21nfc;sub_vcm;system_heap;task_turbo;tcpc_class;tcpci_late_sync;teeperf;thermal_interface;thermal_trace;tinysys_scmi;tipc;tkcore;tkcore_drv;tmem_ffa;touch_boost;trace_mmstat;tui_common;uarthub_drv;ufs_mediatek_dbg;ufs_mediatek_mod;usb_boost;usb_meta;usb_offload;usbserial;vcan;vcp;widevine_driver;wlan_drv_gen4m_6878;wmt_chrdev_wifi_connac2;yft_devinfo;yft_gpio_keys;yft_tiny2c_usb;yft_tpd_gesture;zram;zsmalloc,332,333,0,1,1,0,1,1,1,1,aw36515;aw36518;aw36518_v2;aw883xx_driver;focaltech_touch_spi_ft3680
_raw_spin_lock_irqsave,0x34db050b,KERNEL_OR_BUILTIN,,0,8250_mtk;adsp;aee_aed;apusys;arm_dsu_pmu;audio_ipi;blocktag;bluetooth;bt_drv_6878;c2k_usb;camera_dpe_isp7sp;can_dev;ccci_ccif;ccci_dpmaif;ccci_md_all;ccci_util_lib;ccmni;cdc_acm;cfg80211;clk_chk_mt6878;clk_common;clk_fmeter_mt6878;clkbuf;cmdq_sec_drv;connadp;conninfra;connscp;cpufreq_sugov_ext;cqhci;device_apc_common;emi;fhctl;focaltech_touch_spi_ft3680;ftdi_sio;ged;gps_drv_dl_v051;gpueb;gz_irq_mod;gz_trusty_mod;gzvm;hci_uart;hf_manager;i2c_mt65xx;ieee802154;iommu_debug;mac80211;mali_kbase_mt6878_r44;mcupm;mddp;mdp_drv_mt6878;mediatek_drm;mediatek_drm_panel_drv;met;mrdump;mt6375_battery;mtk_btcvsd;mtk_cam_isp7sp;mtk_charger_framework;mtk_cm_mgr_mt6878;mtk_cmdq_drv_ext;mtk_core_ctl;mtk_dpc;mtk_dvfsrc;mtk_fpsgo;mtk_gpufreq_wrapper;mtk_hcp;mtk_heap_debug;mtk_imgsys_v4l2;mtk_iommu;mtk_jpeg;mtk_lpm;mtk_lpm_dbg_common_v2;mtk_lpm_dbg_mt6878;mtk_mbox;mtk_mbraink;mtk_mmc;mtk_mmc_dbg;mtk_mmdvfs_debug;mtk_mml;mtk_peak_power_budget;mtk_perf_common;mtk_pwm;mtk_rpmsg_mbox;mtk_scpsys;mtk_smi;mtk_smi_dbg;mtk_soc_offload_common;mtk_ssc;mtk_swpm_dbg_v6878;mtk_sync;mtk_tinysys_ipi;mtk_u_ether;mtk_uart_apdma;mtk_usb_f_rndis;mtk_vcodec_common;mtk_vcodec_dec_v1;mtk_vcodec_enc_v1;mtk_vcu;mtk_vow;mtk_wdt;mtu3;pd_chk_mt6878;pinctrl_mtk_v2;r8152;rfcomm;rfkill;rtl8150;scheduler;scp;sensorhub;snd_soc_audiodsp_common;spmi_mtk_pmif;sspm_v3;st21nfc;system_heap;task_turbo;tcpc_class;tmem_ffa;touch_boost;trace_mmstat;ufs_mediatek_dbg;ufs_mediatek_mod;usb_meta;usbnet;usbserial;vcp;wlan_drv_gen4m_6878;wwan;xhci_mtk_hcd_v2;yft_gpio_keys,130,131,0,1,0,0,1,1,1,1,focaltech_touch_spi_ft3680
_raw_spin_unlock_irqrestore,0xd35cce70,KERNEL_OR_BUILTIN,,0,8250_mtk;adsp;aee_aed;aee_hangdet;apusys;arm_dsu_pmu;audio_ipi;blocktag;bluetooth;bt_drv_6878;c2k_usb;camera_dpe_isp7sp;can_dev;ccci_ccif;ccci_dpmaif;ccci_md_all;ccci_util_lib;ccmni;cdc_acm;cfg80211;clk_chk_mt6878;clk_common;clk_fmeter_mt6878;clkbuf;cmdq_sec_drv;connadp;conninfra;connscp;cpufreq_sugov_ext;cqhci;device_apc_common;emi;fhctl;focaltech_touch_spi_ft3680;ftdi_sio;ged;gps_drv_dl_v051;gpueb;gz_irq_mod;gz_trusty_mod;gzvm;hci_uart;hf_manager;i2c_mt65xx;ieee802154;iommu_debug;mac80211;mali_kbase_mt6878_r44;mcupm;mddp;mdp_drv_mt6878;mediatek_drm;mediatek_drm_panel_drv;met;mrdump;mt6375_battery;mtk_btcvsd;mtk_c2ps;mtk_cam_isp7sp;mtk_charger_framework;mtk_cm_mgr_mt6878;mtk_cmdq_drv_ext;mtk_core_ctl;mtk_dpc;mtk_dvfsrc;mtk_fpsgo;mtk_gpufreq_wrapper;mtk_hcp;mtk_heap_debug;mtk_imgsys_v4l2;mtk_iommu;mtk_jpeg;mtk_lpm;mtk_lpm_dbg_common_v2;mtk_lpm_dbg_mt6878;mtk_mbox;mtk_mbraink;mtk_mmc;mtk_mmc_dbg;mtk_mmdvfs_debug;mtk_mml;mtk_peak_power_budget;mtk_perf_common;mtk_pwm;mtk_rpmsg_mbox;mtk_scpsys;mtk_smi;mtk_smi_dbg;mtk_soc_offload_common;mtk_ssc;mtk_swpm_dbg_v6878;mtk_sync;mtk_tinysys_ipi;mtk_u_ether;mtk_uart_apdma;mtk_usb_f_rndis;mtk_vcodec_common;mtk_vcodec_dec_v1;mtk_vcodec_enc_v1;mtk_vcu;mtk_vow;mtk_wdt;mtu3;pd_chk_mt6878;pinctrl_mtk_v2;r8152;rfcomm;rfkill;rtl8150;scheduler;scp;sensorhub;snd_soc_audiodsp_common;spmi_mtk_pmif;sspm_v3;st21nfc;system_heap;task_turbo;tcpc_class;tmem_ffa;touch_boost;trace_mmstat;ufs_mediatek_dbg;ufs_mediatek_mod;usb_meta;usbnet;usbserial;vcp;wlan_drv_gen4m_6878;wwan;xhci_mtk_hcd_v2;yft_gpio_keys,132,133,0,1,0,0,1,1,1,1,focaltech_touch_spi_ft3680
alloc_workqueue,0x49cd25ed,KERNEL_OR_BUILTIN,,0,8250_mtk;adsp;aee_hangdet;apusys;aw883xx_driver;blocktag;bluetooth;bt_drv_6878;c2k_usb;camera_dpe_isp7sp;ccci_ccif;ccci_md_all;ccmni;cfg80211;cmdq_sec_drv;cpuqos_v3;drm_display_helper;dw9781c;extcon_mtk_usb;fmradio_drv_connac2x;focaltech_touch_spi_ft3680;ged;gpueb;gzvm;hci_uart;hynitron;l2tp_core;load_track;mac80211;mac802154;mali_kbase_mt6878_r44;mcupm;mdp_drv_mt6878;mediatek_drm;microarray_fp_tee;mt6369_accdet;mt6375_charger;mtk_aie;mtk_cmdq_drv_ext;mtk_fpsgo;mtk_hcp;mtk_imgsys_v4l2;mtk_lpm;mtk_lpm_dbg_common_v2;mtk_mbraink;mtk_mmdvfs_debug;mtk_mmdvfs_v3;mtk_mml;mtk_swpm;mtk_swpm_dbg_v6878;mtk_u_ether;mtk_vcodec_dec_v1;mtk_vcodec_enc_v1;mtu3;phy_mtk_xsphy;pmic_lbat_service;regulator_vibrator;scp;sensorhub;snd_soc_tfa98xx;sspm_v3;st21nfc;tcpc_class;tipc;tmem_ffa;touch_boost;uarthub_drv;ufs_mediatek_mod;usb_boost;vcp,70,71,0,1,0,0,1,1,1,1,aw883xx_driver;focaltech_touch_spi_ft3680
alt_cb_patch_nops,0x1348649e,KERNEL_OR_BUILTIN,,0,6lowpan;8021q;8250_mtk;adsp;aee_aed;aee_hangdet;aee_rs;apu_top;apusys;arm_dsu_pmu;atf_logger;audio_ipi;aw36515;aw36518;aw36518_v2;aw883xx_driver;blocktag;bluetooth;bootprof;bt_drv_6878;btbcm;btqca;btsdio;c2ps_perf_ioctl;cache_parity;camera_dpe_isp7sp;camera_eeprom_v4l2;can;can_bcm;can_dev;can_raw;ccci_ccif;ccci_dpmaif;ccci_md_all;ccci_util_lib;ccd_rpmsg;ccmni;cdc_acm;cdc_ether;cdc_ncm;cfg80211;clk_common;cmdq_sec_drv;cmdq_test;connfem;conninfra;connscp;cpudvfs;cpufreq_sugov_ext;cpuqos_v3;custom_ldo_wl2868;device_apc_common;drm_display_helper;drm_dma_helper;dw9781c;emi;fhctl;flashlight;fmradio_drv_connac2x;focaltech_touch_spi_ft3680;ftdi_sio;ged;gps_drv_dl_v051;gps_pwr;gps_scp;gpueb;gz_ipc_mod;gz_log_mod;gz_main_mod;gz_trusty_mod;gz_tz_system;gz_virtio_mod;gzvm;hbt;hci_uart;hf_manager;hidp;i2c_mt65xx;ieee802154;ieee802154_6lowpan;ieee802154_socket;imgsensor;iommu_debug;l2tp_core;l2tp_ppp;log_store;mac80211;mac802154;main2_vcm;main3_vcm;main4_vcm;main_vcm;mali_dmabuf_test_mt6878_r44;mali_kbase_mt6878_r44;mali_mgm_mt6878_r44;mcupm;md_cooling_all;mddp;mdp_drv_mt6878;mediatek_cpufreq_hw;mediatek_drm;mediatek_drm_gateic;microarray_fp_tee;mmprofile;mmqos_common;monitor_hang;mrdump;mt6369_accdet;mt6375;mt6375_battery;mt6375_charger;mt6878_mt6369;mtk_aie;mtk_btcvsd;mtk_c2ps;mtk_cam_isp7sp;mtk_ccd_remoteproc;mtk_ccuv;mtk_charger_framework;mtk_chg_type_det;mtk_cmdq_drv_ext;mtk_core_ctl;mtk_dpc;mtk_dvfsrc_start;mtk_fpsgo;mtk_gpu_qos;mtk_gpufreq_wrapper;mtk_hcp;mtk_heap_debug;mtk_imgsys_cmdq;mtk_imgsys_v4l2;mtk_ioctl_powerhal;mtk_ioctl_touch_boost;mtk_iommu;mtk_jpeg;mtk_lpm;mtk_lpm_plat_v1;mtk_mbraink;mtk_mdpm;mtk_mmc;mtk_mmc_dbg;mtk_mmdvfs_v3;mtk_mminfra_debug;mtk_mml;mtk_pbm;mtk_peak_power_budget;mtk_perf_common;mtk_perf_ioctl;mtk_perf_ioctl_magt;mtk_printk_ctrl;mtk_pwm;mtk_rpmsg_mbox;mtk_scp_audiocommon;mtk_sec_heap;mtk_smi;mtk_smi_dbg;mtk_soc_offload_common;mtk_ssc;mtk_swpm;mtk_sync;mtk_tinysys_ipi;mtk_u_ether;mtk_uart_apdma;mtk_usb_f_rndis;mtk_vcodec_common;mtk_vcodec_dec_v1;mtk_vcodec_enc_v1;mtk_vcu;mtk_vow;mtk_wdt;mtu3;mux_switch;nfc;pda_drv_mt6878;phy_mtk_xsphy;pidmap;pinctrl_mtk_common_v2_debug;powerhal_cpu_ctrl;ppp_generic;pppox;pptp;r8152;rfcomm;rfkill;rpmb_mtk;rtc_mt6685;rtl8150;sapu;scheduler;scp;sec;sensorhub;slcan;snd_soc_audiodsp_common;snd_soc_mt6369;snd_soc_mtk_common;snd_soc_mtk_scp_ultra;snd_soc_tfa98xx;spi_tiny_co5300_lcd;sspm_v3;st21nfc;sub_vcm;system_heap;task_turbo;tcpc_class;tcpc_mt6375;teeperf;thermal_interface;tipc;tkcore;tkcore_drv;tmem_ffa;touch_boost;uarthub_drv;ufs_mediatek_dbg;ufs_mediatek_mod;uload_ind;usb_logger;usb_offload;usbnet;usbserial;vcan;vcp;widevine_driver;wlan_drv_gen4m_6878;wmt_chrdev_wifi_connac2;wwan;xhci_mtk_hcd_v2;yft_tpd_gesture;zram;zsmalloc,231,232,0,1,1,0,0,0,1,1,aw36515;aw36518;aw36518_v2;aw883xx_driver;focaltech_touch_spi_ft3680
cancel_delayed_work_sync,0xf8beca97,KERNEL_OR_BUILTIN,,0,apu_top;apusys;aw883xx_driver;bluetooth;bt_drv_6878;can_dev;cdc_acm;cfg80211;focaltech_touch_spi_ft3680;mac80211;mali_kbase_mt6878_r44;met;mmqos_common;mt6375_charger;mtk_pbm;r8152;rfkill;snd_soc_tfa98xx;tcpc_class;tcpc_mt6375;thermal_trace;tipc;tmem_ffa;trace_mmstat;wlan_drv_gen4m_6878;xhci_mtk_hcd_v2;yft_gpio_keys,27,28,0,1,0,0,1,1,1,1,aw883xx_driver;focaltech_touch_spi_ft3680
cancel_work_sync,0xd969d6f4,KERNEL_OR_BUILTIN,,0,apusys;bluetooth;btsdio;cfg80211;focaltech_touch_spi_ft3680;hci_uart;hidp;mac80211;mali_kbase_mt6878_r44;mediatek_drm;mtk_cg_peak_power_throttling;nfc;regulator_vibrator;rfkill;tipc;usb_meta;usbnet;usbserial;wlan_drv_gen4m_6878,19,20,0,1,0,0,1,1,1,1,focaltech_touch_spi_ft3680
class_create_file_ns,0x7f96615d,KERNEL_OR_BUILTIN,,0,aw883xx_driver;camera_eeprom_v4l2;extcon_mtk_usb;flashlight;panel_ky_vtdr6115_dphy_cmd;sc8571_charger;sh366003_fg;tcpc_class;yft_devinfo,9,9,0,0,0,0,0,0,0,0,aw883xx_driver
class_remove_file_ns,0xe11eda7f,KERNEL_OR_BUILTIN,,0,aw883xx_driver;flashlight;yft_devinfo,3,3,0,0,0,0,0,0,0,0,aw883xx_driver
class_unregister,0x69bef55d,KERNEL_OR_BUILTIN,,0,aw883xx_driver;cfg80211;ieee802154;mtk_mbraink;nfc;rfkill;rpmb;zram,8,8,0,1,0,0,1,1,1,1,aw883xx_driver
cpu_hwcaps,0x79e4c52b,KERNEL_OR_BUILTIN,,0,8021q;adsp;aee_aed;aee_rs;apu_top;apusys;atf_logger;audio_ipi;aw883xx_driver;blocktag;bluetooth;bootprof;bt_drv_6878;c2ps_perf_ioctl;camera_dpe_isp7sp;camera_eeprom_v4l2;can_dev;can_raw;ccci_dpmaif;ccci_md_all;ccci_util_lib;ccmni;clk_common;cmdq_test;connfem;conninfra;connscp;cpudvfs;cpuqos_v3;custom_ldo_wl2868;device_apc_common;dw9781c;fhctl;flashlight;fmradio_drv_connac2x;focaltech_touch_spi_ft3680;ftdi_sio;ged;gps_drv_dl_v051;gps_pwr;gps_scp;gpueb;gz_log_mod;gz_main_mod;gzvm;hbt;hf_manager;hidp;ieee802154_socket;imgsensor;l2tp_ppp;log_store;main2_vcm;main3_vcm;main4_vcm;main_vcm;mali_dmabuf_test_mt6878_r44;mali_kbase_mt6878_r44;mcupm;md_cooling_all;mddp;mdp_drv_mt6878;mediatek_drm;microarray_fp_tee;mmprofile;monitor_hang;mrdump;mt6375_battery;mt6878_mt6369;mtk_btcvsd;mtk_cam_isp7sp;mtk_ccd_remoteproc;mtk_ccuv;mtk_charger_framework;mtk_core_ctl;mtk_dpc;mtk_gpu_qos;mtk_gpufreq_wrapper;mtk_hcp;mtk_heap_debug;mtk_imgsys_v4l2;mtk_ioctl_powerhal;mtk_ioctl_touch_boost;mtk_lpm;mtk_mbraink;mtk_mdpm;mtk_mmc_dbg;mtk_mml;mtk_pbm;mtk_peak_power_budget;mtk_perf_ioctl;mtk_perf_ioctl_magt;mtk_printk_ctrl;mtk_scp_audiocommon;mtk_soc_offload_common;mtk_swpm;mtk_vcodec_dec_v1;mtk_vcu;mtk_vow;mtu3;mux_switch;nfc;pda_drv_mt6878;phy_mtk_xsphy;pidmap;pinctrl_mtk_common_v2_debug;powerhal_cpu_ctrl;ppp_generic;pppox;pptp;rfcomm;rfkill;rpmb_mtk;rtc_mt6685;sapu;scheduler;scp;sec;slcan;snd_soc_audiodsp_common;snd_soc_mt6369;snd_soc_mtk_common;snd_soc_mtk_scp_ultra;snd_soc_tfa98xx;spi_tiny_co5300_lcd;sspm_v3;st21nfc;sub_vcm;teeperf;thermal_interface;tipc;tkcore;touch_boost;uarthub_drv;ufs_mediatek_dbg;ufs_mediatek_mod;usb_logger;usb_offload;vcp;widevine_driver;wlan_drv_gen4m_6878;wmt_chrdev_wifi_connac2;wwan;xhci_mtk_hcd_v2;yft_tpd_gesture,145,146,0,1,1,0,1,1,1,1,aw883xx_driver;focaltech_touch_spi_ft3680
delayed_work_timer_fn,0x253af43d,KERNEL_OR_BUILTIN,,0,adsp;apu_top;apusys;aw883xx_driver;bluetooth;bt_drv_6878;c2k_usb;can_dev;ccci_md_all;ccmni;cdc_acm;cfg80211;cpuqos_v3;extcon_mtk_usb;focaltech_touch_spi_ft3680;hci_uart;load_track;mac80211;mali_kbase_mt6878_r44;mdp_drv_mt6878;met;mmqos_common;mrdump;mt6363_regulator;mt6369_regulator;mt6375_charger;mtk_cm_mgr;mtk_cm_mgr_mt6878;mtk_core_ctl;mtk_gpu_qos;mtk_jpeg;mtk_mmc;mtk_pbm;mtk_perf_common;pd_dbg_info;pmic_lbat_service;r8152;rfkill;sensorhub;sh366003_fg;snd_soc_tfa98xx;spi_tiny_co5300_lcd;tcpc_class;tcpc_mt6375;thermal_trace;tipc;tmem_ffa;trace_mmstat;ufs_mediatek_mod;usb_meta;wlan_drv_gen4m_6878;xhci_mtk_hcd_v2;yft_gpio_keys,53,54,0,1,0,0,1,1,1,1,aw883xx_driver;focaltech_touch_spi_ft3680
destroy_workqueue,0x8c03d20c,KERNEL_OR_BUILTIN,,0,apusys;aw883xx_driver;bluetooth;bt_drv_6878;c2k_usb;camera_dpe_isp7sp;cfg80211;cpuqos_v3;drm_display_helper;dw9781c;fmradio_drv_connac2x;focaltech_touch_spi_ft3680;ged;gzvm;hci_uart;l2tp_core;load_track;mac80211;mac802154;mali_kbase_mt6878_r44;mdp_drv_mt6878;mediatek_drm;microarray_fp_tee;mt6369_accdet;mt6375_charger;mtk_aie;mtk_cmdq_drv_ext;mtk_fpsgo;mtk_hcp;mtk_imgsys_v4l2;mtk_lpm_dbg_common_v2;mtk_mbraink;mtk_mml;mtk_swpm;mtk_u_ether;mtk_vcodec_dec_v1;mtk_vcodec_enc_v1;mtu3;scp;sensorhub;snd_soc_tfa98xx;st21nfc;tipc;vcp,44,45,0,1,0,0,1,1,1,1,aw883xx_driver;focaltech_touch_spi_ft3680
dev_set_name,0x0784f05c,KERNEL_OR_BUILTIN,,0,adapter_class;aw883xx_driver;bluetooth;cfg80211;charger_class;ffa_v10;ieee802154;mtk_charger_algorithm_class;nfc;rfkill;rpmb;snd_soc_tfa98xx;tcpc_class;usbserial;wwan,15,16,0,1,0,0,1,1,1,1,aw883xx_driver
device_create_file,0xe25f59ab,KERNEL_OR_BUILTIN,,0,aw36515;aw36518;aw36518_v2;c2k_usb;cdc_acm;extcon_mtk_usb;flashlight;gpueb;gz_main_mod;gz_trusty_mod;imgsensor;leds_ln2403;leds_mtk;mcupm;mediatek_drm;met;mt6375_battery;mt6375_charger;mtk_bp_thl;mtk_cam_isp7sp;mtk_charger_framework;mtk_low_battery_throttling;mtk_mbraink;mtk_pep50;mtk_pwm;mtk_scp_audiocommon;mtk_vow;pmic_lbat_service;rfcomm;sc851x_charger;sc8571_charger;spi_mt65xx;sspm_v3;tinysys_scmi;tkcore;usb_boost;usb_meta;yft_devinfo;yft_tiny2c_usb,39,39,0,1,0,0,1,1,1,1,aw36515;aw36518;aw36518_v2
devm_free_irq,0xaa6e7490,KERNEL_OR_BUILTIN,,0,aw883xx_driver;hci_uart;mtk_ccuv;mtk_iommu;st21nfc,5,5,0,1,0,0,1,1,1,1,aw883xx_driver
devm_gpio_request_one,0xc4a21586,KERNEL_OR_BUILTIN,,0,aw36515;aw36518;aw36518_v2;aw883xx_driver;yft_gpio_keys,5,5,0,1,0,0,1,1,1,1,aw36515;aw36518;aw36518_v2;aw883xx_driver
devm_kfree,0x8177f433,KERNEL_OR_BUILTIN,,0,8250_mtk;apu_top;apusys;aw883xx_driver;bt_drv_6878;emi_mpu;gz_ipc_mod;gz_trusty_mod;mali_prot_alloc_mt6878_r44;mediatek_drm;mmqos_common;mt6369_accdet;mtk_cam_isp7sp;mtk_hcp;mtk_imgsys_cmdq;mtk_imgsys_v4l2;mtk_ipesys_me;mtk_mml;mtk_vcu;nfc;reboot_mode;sapu;sc851x_charger;sc8571_charger;smpu;tcpc_class;thermal_interface;tkcore;tkcore_drv;ufs_mediatek_mod,30,30,0,1,0,0,1,1,1,1,aw883xx_driver
devm_kmalloc,0xd50f026e,KERNEL_OR_BUILTIN,,0,8250_mtk;adsp;apu_top;apusys;arm_dsu_pmu;asix;aw36515;aw36518;aw36518_v2;aw883xx_driver;backlight_cooling;board_temp;bt_drv_6878;btbcm;btsdio;bus_parity;cache_parity;camera_af_media;camera_eeprom_v4l2;ccci_dpmaif;charger_cooling;cmdq_sec_drv;cmdq_test;cqhci;dbg_error_flag;dbgtop_drm;drm_display_helper;dw9781c;emi;emi_fake_eng;emi_mpu;extcon_mtk_usb;extdev_io_class;gz_ipc_mod;gz_trusty_mod;hci_uart;i2c_mt65xx;imgsensor;iommu_debug;leds_mtk_disp;leds_rgb_aw2013;main2_vcm;main3_vcm;main4_vcm;main_vcm;mali_prot_alloc_mt6878_r44;md_cooling_all;mediatek_cpufreq_hw;mediatek_drm;mmqos_common;mt6315_regulator;mt6338_core;mt6369_accdet;mt6375;mt6375_battery;mt6375_charger;mt6685_audclk;mtk_aie;mtk_battery_oc_throttling;mtk_bp_thl;mtk_btcvsd;mtk_cam_isp7sp;mtk_ccd_remoteproc;mtk_charger_framework;mtk_chg_type_det;mtk_cm_mgr;mtk_cm_mgr_mt6878;mtk_cmdq_drv_ext;mtk_composite;mtk_dramc;mtk_dvfsrc;mtk_dvfsrc_devfreq;mtk_dvfsrc_helper;mtk_emi;mtk_gpu_power_throttling;mtk_hcp;mtk_imgsys_cmdq;mtk_imgsys_v4l2;mtk_iommu;mtk_ipesys_me;mtk_irtx_pwm;mtk_jpeg;mtk_low_battery_throttling;mtk_mbox_mailbox;mtk_mmc;mtk_mmdvfs;mtk_mml;mtk_panel_ext;mtk_pd_adapter;mtk_pd_charging;mtk_pep;mtk_pep40;mtk_pep50;mtk_pmic_keys;mtk_pmic_oc_debug;mtk_pmic_wrap;mtk_qos;mtk_scpsys;mtk_sec_heap;mtk_smi;mtk_spmi_pmic;mtk_spmi_pmic_adc;mtk_uart_apdma;mtk_vcodec_dec_v1;mtk_vcodec_enc_v1;mtk_vcu;mtk_vmm_isp71_regulator;mtk_wdt;mtu3;nvmem_mt635x_efuse;nvmem_mtk_devinfo;panel_ky_vtdr6115_dphy_cmd;phy_mtk_ufs;phy_mtk_xsphy;pinctrl_mtk_v2;pmic_lvsys_notify;pmic_temp;pwm_mtk_disp;reboot_mode;regulator_vibrator;reset_ti_syscon;rt4831a_drv;rt5133_regulator;rt6160_regulator;rt_pd_manager;rtc_mt6685;sapu;sc851x_charger;sc8571_charger;sec_rng;sh366003_fg;smpu;snd_soc_audiodsp_common;snd_soc_mt6369;snd_soc_mt6878_afe;snd_soc_mtk_common;snd_soc_mtk_scp_ultra;snd_soc_tfa98xx;soc_temp_lvts;spi_mt65xx;spmi_mtk_mpu;spmi_mtk_pmif;st21nfc;sub_vcm;syscon_reboot_mode;system_heap;tcpc_class;tcpc_mt6375;thermal_generic_adc;thermal_interface;tinysys_scmi;tkcore;tkcore_drv;ufs_mediatek_mod;usb_offload;vcp;vtskin_temp;wifi_cooling;xhci_mtk_hcd_v2;yft_gpio_keys,160,160,0,1,0,0,1,1,1,1,aw36515;aw36518;aw36518_v2;aw883xx_driver
devm_request_threaded_irq,0x0570ef04,KERNEL_OR_BUILTIN,,0,apusys;arm_dsu_pmu;aw883xx_driver;bus_parity;cache_parity;conninfra;dbg_error_flag;device_apc_common;extcon_mtk_usb;hci_uart;i2c_mt65xx;mediatek_drm;mt6363_regulator;mt6369_accdet;mt6369_regulator;mt6375;mt6375_battery;mt6375_charger;mtk_battery_oc_throttling;mtk_btcvsd;mtk_cam_isp7sp;mtk_ccuv;mtk_cmdq_drv_ext;mtk_dpc;mtk_dvfsrc;mtk_iommu;mtk_jpeg;mtk_mmc;mtk_mminfra_debug;mtk_mml;mtk_pmic_keys;mtk_pmic_oc_debug;mtk_pmic_wrap;mtk_pwm;mtk_spmi_pmic;mtk_vcodec_common;mtk_wdt;mtu3;pmic_lbat_service;pmic_lvsys_notify;rt5133_regulator;rtc_mt6685;sc851x_charger;sc8571_charger;snd_soc_audiodsp_common;snd_soc_mt6878_afe;soc_temp_lvts;spi_mt65xx;spmi_mtk_pmif;st21nfc;tcpc_mt6375;ufs_mediatek_mod,52,52,0,1,0,0,1,1,1,1,aw883xx_driver
disable_irq_nosync,0x27bbf221,KERNEL_OR_BUILTIN,,0,apusys;bt_drv_6878;bus_parity;cache_parity;ccci_ccif;ccci_md_all;clk_common;connadp;conninfra;dbg_error_flag;fmradio_drv_connac2x;focaltech_touch_spi_ft3680;gps_drv_dl_v051;gz_irq_mod;hynitron;mt6363_regulator;mt6369_accdet;mt6369_regulator;mt6375_auxadc;mt6375_battery;mtk_battery_oc_throttling;mtk_ccuv;mtk_mmc;rtc_mt6685;scp;st21nfc;vcp;wlan_drv_gen4m_6878;yft_gpio_keys,29,29,0,1,0,0,1,1,1,1,focaltech_touch_spi_ft3680
driver_unregister,0x1be461e1,KERNEL_OR_BUILTIN,,0,ffa_v10;focaltech_touch_spi_ft3680;hci_uart;microarray_fp_tee;mt6685_core;mtk_spmi_pmic;spi_tiny_co5300_lcd;usbserial,8,8,0,1,0,0,1,1,1,1,focaltech_touch_spi_ft3680
enable_irq,0xfcec0987,KERNEL_OR_BUILTIN,,0,apusys;bt_drv_6878;bus_parity;ccci_ccif;ccci_dpmaif;ccci_md_all;connadp;conninfra;dbg_error_flag;fmradio_drv_connac2x;focaltech_touch_spi_ft3680;gps_drv_dl_v051;gz_irq_mod;hynitron;mediatek_drm;microarray_fp_tee;mt6363_regulator;mt6369_accdet;mt6369_regulator;mt6375;mt6375_auxadc;mt6375_battery;mtk_battery_oc_throttling;mtk_btcvsd;mtk_cam_isp7sp;mtk_ccuv;mtk_mmc;mtk_vcodec_dec_v1;mtk_vcodec_enc_v1;sc851x_charger;sc8571_charger;scp;spi_tiny_co5300_lcd;st21nfc;ufs_mediatek_mod;vcp;wlan_drv_gen4m_6878;xhci_mtk_hcd_v2;yft_gpio_keys,39,39,0,1,0,0,1,1,1,1,focaltech_touch_spi_ft3680
finish_wait,0x92540fbf,KERNEL_OR_BUILTIN,,0,adsp;apusys;atf_logger;audio_ipi;bluetooth;bt_drv_6878;ccci_dpmaif;ccci_md_all;ccci_util_lib;ccd_rpmsg;cfg80211;conninfra;connscp;cqhci;drm_display_helper;fingerprint;fmradio_drv_connac2x;focaltech_touch_spi_ft3680;gps_drv_dl_v051;gz_ipc_mod;hci_uart;hf_manager;hidp;ieee802154;mali_kbase_mt6878_r44;mddp;mdp_drv_mt6878;mediatek_drm;microarray_fp_tee;mmqos_common;monitor_hang;mt6375_battery;mtk_aie;mtk_bp_thl;mtk_btcvsd;mtk_c2ps;mtk_cam_isp7sp;mtk_ccuv;mtk_charger_framework;mtk_chg_type_det;mtk_cmdq_drv_ext;mtk_dpc;mtk_dynamic_loading_throttling;mtk_fpsgo;mtk_hcp;mtk_imgsys_v4l2;mtk_low_battery_throttling;mtk_mml;mtk_pep50;mtk_soc_offload_common;mtk_vcodec_common;mtk_vcodec_dec_v1;mtk_vcodec_enc_v1;mtk_vcu;mtk_vow;pda_drv_mt6878;powerhal_cpu_ctrl;rfkill;scp;slcan;snd_soc_audiodsp_common;system_heap;tcpc_class;tcpc_mt6375;tkcore;tkcore_drv;touch_boost;usbserial;wlan_drv_gen4m_6878;wmt_chrdev_wifi_connac2;wwan;yft_tpd_gesture,72,73,0,1,0,0,1,1,1,1,focaltech_touch_spi_ft3680
fortify_panic,0xcbd4898c,KERNEL_OR_BUILTIN,,0,6lowpan;8021q;adsp;aee_aed;apu_top;apusys;aw36515;aw883xx_driver;bluetooth;bt_drv_6878;btqca;can_bcm;ccci_dpmaif;ccci_md_all;ccci_util_lib;ccd_rpmsg;cfg80211;charger_cooling;connadp;connfem;conninfra;connscp;cpufreq_sugov_ext;cqhci;device_apc_common;drm_display_helper;emi_mpu;extdev_io_class;flashlight;fmradio_drv_connac2x;focaltech_touch_spi_ft3680;ged;gps_drv_dl_v051;gz_tz_system;gz_virtio_mod;hf_manager;hidp;hynitron;ieee802154;imgsensor;leds_mtk;mac80211;mali_kbase_mt6878_r44;mddp;mdp_drv_mt6878;mediatek_drm;met;mmprofile;monitor_hang;mrdump;mt6369_accdet;mt6375_battery;mt6375_charger;mt6878_mt6369;mtk_aie;mtk_cam_isp7sp;mtk_charger_framework;mtk_core_ctl;mtk_dpc;mtk_fpsgo;mtk_imgsys_cmdq;mtk_imgsys_isp7sp;mtk_imgsys_v4l2;mtk_jpeg;mtk_lpm;mtk_lpm_dbg_common_v2;mtk_lpm_dbg_mt6878;mtk_lpm_plat_v1;mtk_mbraink;mtk_mml;mtk_peak_power_budget;mtk_u_ether;mtk_vcodec_common;mtk_vcodec_dec_v1;mtk_vcodec_enc_v1;mtk_vcu;mtk_vow;powerhal_cpu_ctrl;r8152;sc851x_charger;sc8571_charger;scheduler;scp;sec_rng;sensorhub;slcan;slhc;smpu;snd_soc_mtk_scp_ultra;snd_soc_tfa98xx;spi_mt65xx;task_turbo;tcpc_class;thermal_interface;tipc;tkcore;uarthub_drv;ufs_mediatek_mod;uload_ind;usb_meta;usbnet;wifi_cooling;wlan_drv_gen4m_6878;xhci_mtk_hcd_v2;yft_devinfo;yft_tpd_gesture;zram,107,108,0,1,0,0,0,0,1,1,aw36515;aw883xx_driver;focaltech_touch_spi_ft3680
free_irq,0xc1514a3b,KERNEL_OR_BUILTIN,,0,apusys;bt_drv_6878;camera_dpe_isp7sp;conninfra;emi_mpu;fmradio_drv_connac2x;focaltech_touch_spi_ft3680;gps_drv_dl_v051;gz_irq_mod;hynitron;mali_kbase_mt6878_r44;microarray_fp_tee;mt6375_auxadc;mt6375_battery;mtk_mbox_mailbox;mtk_uart_apdma;scp;smpu;spi_tiny_co5300_lcd;tkcore;uarthub_drv;vcp;wlan_drv_gen4m_6878;xhci_mtk_hcd_v2,24,24,0,1,0,0,1,1,1,1,focaltech_touch_spi_ft3680
gic_nonsecure_priorities,0x4b0a3f52,KERNEL_OR_BUILTIN,,0,8021q;adsp;aee_aed;aee_hangdet;aee_rs;apu_top;apusys;atf_logger;audio_ipi;aw883xx_driver;blocktag;bluetooth;bootprof;bt_drv_6878;c2ps_perf_ioctl;camera_dpe_isp7sp;camera_eeprom_v4l2;can_dev;can_raw;ccci_dpmaif;ccci_md_all;ccci_util_lib;ccmni;clk_common;cmdq_test;connfem;conninfra;connscp;cpudvfs;cpuqos_v3;custom_ldo_wl2868;device_apc_common;dw9781c;fhctl;flashlight;fmradio_drv_connac2x;focaltech_touch_spi_ft3680;ftdi_sio;ged;gps_drv_dl_v051;gps_pwr;gps_scp;gpueb;gz_irq_mod;gz_log_mod;gz_main_mod;gz_trusty_mod;gzvm;hbt;hf_manager;hidp;ieee802154_socket;imgsensor;l2tp_ppp;log_store;main2_vcm;main3_vcm;main4_vcm;main_vcm;mali_dmabuf_test_mt6878_r44;mali_kbase_mt6878_r44;mcupm;md_cooling_all;mddp;mdp_drv_mt6878;mediatek_drm;met;microarray_fp_tee;mmprofile;monitor_hang;mrdump;mt6375_battery;mt6878_mt6369;mtk_btcvsd;mtk_cam_isp7sp;mtk_ccd_remoteproc;mtk_ccuv;mtk_charger_framework;mtk_core_ctl;mtk_dpc;mtk_gpu_qos;mtk_gpufreq_wrapper;mtk_hcp;mtk_heap_debug;mtk_imgsys_v4l2;mtk_ioctl_powerhal;mtk_ioctl_touch_boost;mtk_lpm;mtk_mbraink;mtk_mdpm;mtk_mmc_dbg;mtk_mml;mtk_pbm;mtk_peak_power_budget;mtk_perf_ioctl;mtk_perf_ioctl_magt;mtk_printk_ctrl;mtk_scp_audiocommon;mtk_soc_offload_common;mtk_swpm;mtk_vcodec_dec_v1;mtk_vcu;mtk_vmm_spm;mtk_vow;mtu3;mux_switch;nfc;pda_drv_mt6878;phy_mtk_xsphy;pidmap;pinctrl_mtk_common_v2_debug;powerhal_cpu_ctrl;ppp_generic;pppox;pptp;rfcomm;rfkill;rpmb_mtk;rtc_mt6685;sapu;scheduler;scp;sec;sensorhub;slcan;snd_soc_audiodsp_common;snd_soc_mt6369;snd_soc_mtk_common;snd_soc_mtk_scp_ultra;snd_soc_tfa98xx;spi_tiny_co5300_lcd;sspm_v3;st21nfc;sub_vcm;teeperf;thermal_interface;tipc;tkcore;touch_boost;uarthub_drv;ufs_mediatek_dbg;ufs_mediatek_mod;usb_logger;usb_offload;vcp;widevine_driver;wlan_drv_gen4m_6878;wmt_chrdev_wifi_connac2;wwan;xhci_mtk_hcd_v2;yft_tpd_gesture,151,152,0,1,1,0,1,1,1,1,aw883xx_driver;focaltech_touch_spi_ft3680
gpio_free,0xfe990052,KERNEL_OR_BUILTIN,,0,fmradio_drv_connac2x;focaltech_touch_spi_ft3680;hynitron;spi_tiny_co5300_lcd,4,4,0,1,0,0,1,1,1,1,focaltech_touch_spi_ft3680
gpio_request,0x47229b5c,KERNEL_OR_BUILTIN,,0,extcon_mtk_usb;fmradio_drv_connac2x;focaltech_touch_spi_ft3680;hynitron;leds_ln2403;leds_rgb_aw2013;mt6369_accdet;snd_soc_tfa98xx;spi_tiny_co5300_lcd;yft_devinfo;yft_tiny2c_usb,11,11,0,1,0,0,1,1,1,1,focaltech_touch_spi_ft3680
gpio_to_desc,0x0ec43f6f,KERNEL_OR_BUILTIN,,0,aw36515;aw36518;aw36518_v2;aw883xx_driver;ccci_md_all;connfem;conninfra;custom_ldo_wl2868;extcon_mtk_usb;fmradio_drv_connac2x;focaltech_touch_spi_ft3680;hynitron;leds_ln2403;leds_rgb_aw2013;mt6369_accdet;pinctrl_mtk_common_v2_debug;sc851x_charger;sc8571_charger;snd_soc_tfa98xx;spi_tiny_co5300_lcd;yft_devinfo;yft_gpio_keys;yft_tiny2c_usb,23,23,0,1,0,0,1,1,1,1,aw36515;aw36518;aw36518_v2;aw883xx_driver;focaltech_touch_spi_ft3680
gpiod_direction_input,0xff3802dc,KERNEL_OR_BUILTIN,,0,focaltech_touch_spi_ft3680;hynitron;mediatek_drm_panel_drv;spi_tiny_co5300_lcd;st21nfc;yft_devinfo,6,6,0,1,0,0,1,1,1,1,focaltech_touch_spi_ft3680
gpiod_direction_output_raw,0x1aadfa2a,KERNEL_OR_BUILTIN,,0,extcon_mtk_usb;fmradio_drv_connac2x;focaltech_touch_spi_ft3680;hynitron;leds_rgb_aw2013;mt6369_accdet;snd_soc_tfa98xx;spi_tiny_co5300_lcd,8,8,0,1,0,0,1,1,1,1,focaltech_touch_spi_ft3680
gpiod_set_raw_value,0x8dae9ed0,KERNEL_OR_BUILTIN,,0,aw36515;aw36518;aw36518_v2;custom_ldo_wl2868;extcon_mtk_usb;fmradio_drv_connac2x;leds_ln2403;mt6369_accdet;yft_tiny2c_usb,9,9,0,1,0,0,1,1,1,1,aw36515;aw36518;aw36518_v2
gpiod_set_raw_value_cansleep,0x2db93e29,KERNEL_OR_BUILTIN,,0,aw883xx_driver,1,1,0,0,0,0,0,0,0,0,aw883xx_driver
gpiod_to_irq,0xe46623a3,KERNEL_OR_BUILTIN,,0,aw883xx_driver;extcon_mtk_usb;focaltech_touch_spi_ft3680;hci_uart;hynitron;mtk_mmc;sc851x_charger;sc8571_charger;spi_tiny_co5300_lcd;st21nfc;yft_gpio_keys,11,11,0,1,0,0,1,1,1,1,aw883xx_driver;focaltech_touch_spi_ft3680
i2c_del_driver,0xfee5be94,KERNEL_OR_BUILTIN,,0,aw36515;aw36518;aw36518_v2;camera_eeprom_v4l2;custom_ldo_wl2868;dw9781c;hynitron;imgsensor;leds_rgb_aw2013;main2_vcm;main3_vcm;main4_vcm;main_vcm;mediatek_drm_gateic;mt6338_core;mt6375;mtk_sp_spk_amp;rt4831a_drv;rt5133_regulator;rt6160_regulator;sc851x_charger;sc8571_charger;sh366003_fg;snd_soc_tfa98xx;st21nfc;sub_vcm,26,26,0,1,0,0,1,1,1,1,aw36515;aw36518;aw36518_v2
i2c_register_driver,0x50f5d94e,KERNEL_OR_BUILTIN,,0,aw36515;aw36518;aw36518_v2;camera_eeprom_v4l2;custom_ldo_wl2868;dw9781c;hynitron;imgsensor;leds_rgb_aw2013;main2_vcm;main3_vcm;main4_vcm;main_vcm;mediatek_drm_gateic;mt6338_core;mt6375;mtk_sp_spk_amp;rt4831a_drv;rt5133_regulator;rt6160_regulator;sc851x_charger;sc8571_charger;sh366003_fg;snd_soc_tfa98xx;st21nfc;sub_vcm;yft_tiny2c_usb,27,27,0,1,0,0,1,1,1,1,aw36515;aw36518;aw36518_v2
i2c_transfer,0xaf50d612,KERNEL_OR_BUILTIN,,0,aw883xx_driver;camera_eeprom_v4l2;custom_ldo_wl2868;drm_display_helper;dw9781c;imgsensor;mt6375;sh366003_fg;snd_soc_tfa98xx;yft_tiny2c_usb,10,10,0,1,0,0,1,1,1,1,aw883xx_driver
i2c_transfer_buffer_flags,0x51f60267,KERNEL_OR_BUILTIN,,0,aw883xx_driver;hynitron;main2_vcm;main3_vcm;main4_vcm;main_vcm;mediatek_drm_gateic;mt6375;rt4831a_drv;snd_soc_tfa98xx;st21nfc;sub_vcm,12,12,0,1,0,0,1,1,1,1,aw883xx_driver
init_timer_key,0x79cf5987,KERNEL_OR_BUILTIN,,0,adsp;aee_hangdet;apusys;aw883xx_driver;bluetooth;bt_drv_6878;c2k_usb;can;can_dev;ccci_ccif;ccci_dpmaif;ccci_md_all;ccmni;cdc_acm;cfg80211;cmdq_sec_drv;cmdq_test;conninfra;extcon_mtk_usb;fmradio_drv_connac2x;focaltech_touch_spi_ft3680;gps_drv_dl_v051;hci_uart;hidp;imgsensor;load_track;mac80211;mali_kbase_mt6878_r44;mcupm;mddp;mdp_drv_mt6878;mediatek_drm;met;mmqos_common;mt6363_regulator;mt6369_accdet;mt6369_regulator;mt6375_charger;mtk_c2ps;mtk_cam_isp7sp;mtk_cg_peak_power_throttling;mtk_cm_mgr;mtk_cm_mgr_mt6878;mtk_cmdq_drv_ext;mtk_dpc;mtk_dynamic_loading_throttling;mtk_iommu;mtk_jpeg;mtk_low_battery_throttling;mtk_lpm_dbg_common_v2;mtk_mmc;mtk_pbm;mtk_swpm_dbg_v6878;mtk_vcodec_common;mtk_vcodec_dec_v1;mtk_vcodec_enc_v1;nfc;pmic_lbat_service;r8152;rfcomm;rfkill;scp;sensorhub;sh366003_fg;snd_soc_tfa98xx;spi_tiny_co5300_lcd;spmi_mtk_mpu;sspm_v3;tcpc_class;tcpc_mt6375;thermal_trace;tipc;tmem_ffa;trace_mmstat;ufs_mediatek_mod;usb_meta;usbnet;vcp;wlan_drv_gen4m_6878;xhci_mtk_hcd_v2;yft_gpio_keys,81,82,0,1,0,0,1,1,1,1,aw883xx_driver;focaltech_touch_spi_ft3680
init_wait_entry,0xfe487975,KERNEL_OR_BUILTIN,,0,adsp;apusys;atf_logger;audio_ipi;bluetooth;bt_drv_6878;ccci_dpmaif;ccci_md_all;ccci_util_lib;ccd_rpmsg;cfg80211;conninfra;connscp;cqhci;drm_display_helper;fingerprint;fmradio_drv_connac2x;focaltech_touch_spi_ft3680;gps_drv_dl_v051;gz_ipc_mod;hci_uart;hf_manager;hidp;ieee802154;mali_kbase_mt6878_r44;mddp;mdp_drv_mt6878;mediatek_drm;microarray_fp_tee;mmqos_common;monitor_hang;mt6375_battery;mtk_aie;mtk_bp_thl;mtk_btcvsd;mtk_c2ps;mtk_cam_isp7sp;mtk_ccuv;mtk_charger_framework;mtk_chg_type_det;mtk_cmdq_drv_ext;mtk_dpc;mtk_dynamic_loading_throttling;mtk_fpsgo;mtk_hcp;mtk_imgsys_v4l2;mtk_low_battery_throttling;mtk_mml;mtk_pep50;mtk_soc_offload_common;mtk_vcodec_common;mtk_vcodec_dec_v1;mtk_vcodec_enc_v1;mtk_vcu;mtk_vow;pda_drv_mt6878;powerhal_cpu_ctrl;rfkill;scp;slcan;snd_soc_audiodsp_common;system_heap;tcpc_class;tcpc_mt6375;tkcore;touch_boost;usbserial;wlan_drv_gen4m_6878;wmt_chrdev_wifi_connac2;wwan;yft_tpd_gesture,71,72,0,1,0,0,1,1,1,1,focaltech_touch_spi_ft3680
input_allocate_device,0x2c85b85e,KERNEL_OR_BUILTIN,,0,focaltech_touch_spi_ft3680;hidp;hynitron;microarray_fp_tee;snd_soc_tfa98xx,5,5,0,1,0,0,1,1,1,1,focaltech_touch_spi_ft3680
input_event,0x4d18d895,KERNEL_OR_BUILTIN,,0,focaltech_touch_spi_ft3680;hidp;hynitron;microarray_fp_tee;mtk_pmic_keys;snd_soc_tfa98xx;yft_gpio_keys,7,7,0,1,0,0,1,1,1,1,focaltech_touch_spi_ft3680
input_free_device,0x58fd3714,KERNEL_OR_BUILTIN,,0,focaltech_touch_spi_ft3680;hynitron;microarray_fp_tee;snd_soc_tfa98xx,4,4,0,1,0,0,1,1,1,1,focaltech_touch_spi_ft3680
input_mt_init_slots,0xf24483b2,KERNEL_OR_BUILTIN,,0,focaltech_touch_spi_ft3680,1,1,0,1,0,0,1,1,1,1,focaltech_touch_spi_ft3680
input_mt_report_slot_state,0xe83a2318,KERNEL_OR_BUILTIN,,0,focaltech_touch_spi_ft3680,1,1,0,1,0,0,1,1,1,1,focaltech_touch_spi_ft3680
input_register_device,0x7ce217c7,KERNEL_OR_BUILTIN,,0,focaltech_touch_spi_ft3680;hidp;hynitron;microarray_fp_tee;mtk_pmic_keys;snd_soc_tfa98xx;yft_gpio_keys,7,7,0,1,0,0,1,1,1,1,focaltech_touch_spi_ft3680
input_set_abs_params,0xf28ecabf,KERNEL_OR_BUILTIN,,0,focaltech_touch_spi_ft3680;hynitron,2,2,0,1,0,0,1,1,1,1,focaltech_touch_spi_ft3680
input_set_capability,0xcbcf985f,KERNEL_OR_BUILTIN,,0,focaltech_touch_spi_ft3680;hynitron;mtk_pmic_keys;yft_gpio_keys,4,4,0,1,0,0,1,1,1,1,focaltech_touch_spi_ft3680
input_unregister_device,0xd8654f13,KERNEL_OR_BUILTIN,,0,focaltech_touch_spi_ft3680;hidp;snd_soc_tfa98xx,3,3,0,1,0,0,1,1,1,1,focaltech_touch_spi_ft3680
irq_set_irq_wake,0xce2840e7,KERNEL_OR_BUILTIN,,0,8250_mtk;adsp;bt_drv_6878;ccci_ccif;ccci_dpmaif;ccci_md_all;clk_common;focaltech_touch_spi_ft3680;gpueb;hci_uart;hynitron;microarray_fp_tee;mt6375;mt6375_auxadc;mt6375_battery;mtk_lpm_plat_v1;mtk_mmc;mtk_pmic_keys;mtk_scp_audiocommon;mtk_spmi_pmic;mtk_uart_apdma;rtc_mt6685;sc851x_charger;sc8571_charger;scp;snd_soc_audiodsp_common;snd_soc_mt6878_afe;spmi_mtk_pmif;st21nfc;vcp;wlan_drv_gen4m_6878;yft_gpio_keys,32,32,0,1,0,0,1,1,1,1,focaltech_touch_spi_ft3680
irq_to_desc,0xf14251ad,KERNEL_OR_BUILTIN,,0,aee_hangdet;focaltech_touch_spi_ft3680;irq_dbg;mt6375_battery;mtk_lpm;mtk_lpm_plat_v1;ufs_mediatek_mod,7,7,0,1,0,0,1,1,1,1,focaltech_touch_spi_ft3680
jiffies,0x15ba50a6,KERNEL_OR_BUILTIN,,0,aee_aed;aee_hangdet;apusys;ax88179_178a;bluetooth;c2k_usb;can;ccci_ccif;ccci_dpmaif;ccmni;cfg80211;cmdq_sec_drv;cmdq_test;conninfra;cpufreq_sugov_ext;drm_display_helper;fmradio_drv_connac2x;focaltech_touch_spi_ft3680;gps_drv_dl_v051;hci_uart;hidp;l2tp_core;mac80211;mac802154;mali_kbase_mt6878_r44;mcupm;mddp;mediatek_drm;mmqos_common;mt6369_accdet;mtk_c2ps;mtk_cam_isp7sp;mtk_cg_peak_power_throttling;mtk_cm_mgr_mt6878;mtk_cmdq_drv_ext;mtk_dpc;mtk_dynamic_loading_throttling;mtk_iommu;mtk_low_battery_throttling;mtk_lpm_dbg_common_v2;mtk_mmc;mtk_pmic_wrap;mtk_scpsys;mtk_swpm_dbg_v6878;mtk_u_ether;mtk_usb_f_rndis;mtk_vcodec_common;mtk_vcodec_dec_v1;mtk_vcodec_enc_v1;mtk_vcu;nfc;pd_dbg_info;pda_drv_mt6878;ppp_generic;r8152;rfcomm;rtc_mt6685;rtl8150;sapu;scheduler;scp;sensorhub;slcan;spmi_mtk_mpu;sspm_v3;tcpc_class;tipc;ufs_mediatek_mod;usbnet;usbserial;vcp;wlan_drv_gen4m_6878;xhci_mtk_hcd_v2;zram,74,75,0,1,0,0,1,1,1,1,focaltech_touch_spi_ft3680
jiffies_to_msecs,0x37befc70,KERNEL_OR_BUILTIN,,0,bluetooth;ccci_md_all;ccmni;cdc_acm;cfg80211;conninfra;fmradio_drv_connac2x;focaltech_touch_spi_ft3680;hci_uart;l2tp_ppp;mac80211;mali_kbase_mt6878_r44;mmqos_common;mt6369_accdet;mtk_lpm_dbg_common_v2;mtk_scpsys;mtk_vcodec_dec_v1;mtk_vcodec_enc_v1;mtk_vcu;mtk_vow;rtc_mt6685;sapu;tipc;usbserial;wlan_drv_gen4m_6878,25,26,0,1,0,0,1,1,1,1,focaltech_touch_spi_ft3680
kfree,0x037a0cba,KERNEL_OR_BUILTIN,,0,8021q;adapter_class;adsp;aee_aed;aee_hangdet;aee_rs;apu_top;apusys;aqc111;asix;atf_logger;aw883xx_driver;ax88179_178a;blocktag;bluetooth;bootprof;bsd_comp;bt_drv_6878;btbcm;btqca;c2k_usb;cache_parity;camera_af_media;camera_dpe_isp7sp;camera_eeprom_v4l2;can;can_bcm;can_raw;ccci_ccif;ccci_dpmaif;ccci_md_all;ccci_util_lib;ccd_rpmsg;ccmni;cdc_acm;cdc_ncm;cfg80211;charger_class;clk_common;cmdq_sec_drv;connadp;connfem;conninfra;connscp;cpufreq_sugov_ext;custom_ldo_wl2868;device_apc_common;drm_display_helper;drm_dma_helper;emi;emi_fake_eng;extcon_mtk_usb;extdev_io_class;ffa_v10;fhctl;flashlight;fmradio_drv_connac2x;focaltech_touch_spi_ft3680;ftdi_sio;ged;gps_drv_dl_v051;gps_pwr;gps_scp;gz_ipc_mod;gz_irq_mod;gz_log_mod;gz_main_mod;gz_tz_system;gz_virtio_mod;gzvm;hci_uart;hf_manager;hidp;hynitron;i2c_mt65xx;ieee802154;ieee802154_6lowpan;imgsensor;imgsensor_glue;iommu_debug;irq_dbg;kfifo_buf;l2tp_core;l2tp_ppp;leds_mtk;load_track;log_store;mac80211;mali_dmabuf_test_mt6878_r44;mali_kbase_mt6878_r44;mali_mgm_mt6878_r44;mcupm;md_cooling_all;mddp;mdp_drv_mt6878;mediatek_cpufreq_hw;mediatek_drm;mediatek_drm_gateic;mediatek_drm_panel_drv;met;microarray_fp_tee;mmprofile;monitor_hang;mrdump;mt6375_battery;mtk_aie;mtk_battery_oc_throttling;mtk_c2ps;mtk_cam_isp7sp;mtk_ccd_remoteproc;mtk_ccuv;mtk_cg_peak_power_throttling;mtk_charger_algorithm_class;mtk_cm_mgr;mtk_cmdq_drv_ext;mtk_composite;mtk_cpu_power_throttling;mtk_fpsgo;mtk_gpu_hal;mtk_gpu_power_throttling;mtk_gpufreq_mt6878;mtk_hcp;mtk_heap_debug;mtk_icc_core;mtk_imgsys_v4l2;mtk_ioctl_powerhal;mtk_iommu;mtk_jpeg;mtk_lpm;mtk_lpm_dbg_common_v2;mtk_lpm_dbg_mt6878;mtk_mbraink;mtk_md_power_throttling;mtk_mmdvfs_debug;mtk_mmdvfs_v3;mtk_mml;mtk_pbm;mtk_perf_common;mtk_perf_ioctl;mtk_perf_ioctl_magt;mtk_rpmsg_mbox;mtk_sec_heap;mtk_socinfo;mtk_swpm;mtk_swpm_dbg_v6878;mtk_sync;mtk_tinysys_ipi;mtk_u_ether;mtk_uart_apdma;mtk_usb_f_rndis;mtk_vcodec_common;mtk_vcodec_dec_v1;mtk_vcodec_enc_v1;mtk_vcu;mtu3;mux_switch;nfc;pd_dbg_info;pinctrl_mtk_v2;pmic_lbat_service;pmic_temp;powerhal_cpu_ctrl;ppp_deflate;ppp_generic;ppp_mppe;r8152;rfcomm;rfkill;rpmb;rpmb_mtk;rps_perf;rt4831a_drv;rt5133_regulator;rtl8150;scheduler;scp;sensorhub;slhc;snd_soc_audiodsp_common;snd_soc_mt6369;snd_soc_mt6878_afe;snd_soc_mtk_common;snd_soc_tfa98xx;soc_temp_lvts;spi_mt65xx;sspm_v3;st21nfc;system_heap;tcpc_class;thermal_interface;tipc;tkcore;tkcore_drv;tmem_ffa;touch_boost;ufs_mediatek_dbg;ufs_mediatek_mod;uload_ind;usb_boost;usb_meta;usb_offload;usbnet;usbserial;vcp;wlan_drv_gen4m_6878;wwan;xhci_mtk_hcd_v2;yft_devinfo;zram;zsmalloc,210,211,0,1,1,0,1,1,1,1,aw883xx_driver;focaltech_touch_spi_ft3680
kmalloc_caches,0x0f15b38a,KERNEL_OR_BUILTIN,,0,8021q;adapter_class;adsp;aee_aed;aee_rs;apu_top;apusys;aqc111;asix;atf_logger;aw883xx_driver;ax88179_178a;blocktag;bluetooth;bootprof;bsd_comp;bt_drv_6878;btbcm;c2k_usb;cache_parity;camera_af_media;camera_dpe_isp7sp;camera_eeprom_v4l2;can;can_bcm;ccci_ccif;ccci_dpmaif;ccci_md_all;ccci_util_lib;ccd_rpmsg;ccmni;cdc_acm;cdc_ncm;cfg80211;charger_class;clk_common;cmdq_sec_drv;cmdq_test;connadp;conninfra;connscp;cpufreq_sugov_ext;custom_ldo_wl2868;drm_display_helper;drm_dma_helper;emi;extcon_mtk_usb;extdev_io_class;ffa_v10;fhctl;flashlight;fmradio_drv_connac2x;focaltech_touch_spi_ft3680;ftdi_sio;ged;gps_drv_dl_v051;gps_pwr;gps_scp;gz_ipc_mod;gz_irq_mod;gz_log_mod;gz_main_mod;gz_tz_system;gz_virtio_mod;gzvm;hci_uart;hf_manager;hynitron;ieee802154;imgsensor;imgsensor_glue;iommu_debug;irq_dbg;kfifo_buf;l2tp_core;leds_ln2403;leds_mtk;load_track;mac80211;mac802154;mali_dmabuf_test_mt6878_r44;mali_kbase_mt6878_r44;mali_mgm_mt6878_r44;mddp;mdp_drv_mt6878;mediatek_cpufreq_hw;mediatek_drm;mediatek_drm_panel_drv;met;microarray_fp_tee;mmprofile;mmqos_common;monitor_hang;mrdump;mt6375_battery;mtk_aie;mtk_battery_oc_throttling;mtk_c2ps;mtk_cam_isp7sp;mtk_ccd_remoteproc;mtk_charger_algorithm_class;mtk_cmdq_drv_ext;mtk_composite;mtk_cpu_power_throttling;mtk_fpsgo;mtk_gpu_hal;mtk_gpufreq_mt6878;mtk_hcp;mtk_heap_debug;mtk_icc_core;mtk_imgsys_v4l2;mtk_iommu;mtk_jpeg;mtk_lpm;mtk_lpm_dbg_common_v2;mtk_lpm_dbg_mt6878;mtk_mbraink;mtk_mmdvfs;mtk_mmdvfs_debug;mtk_mmdvfs_v3;mtk_mminfra_debug;mtk_mml;mtk_pbm;mtk_perf_common;mtk_perf_ioctl;mtk_rpmsg_mbox;mtk_sec_heap;mtk_socinfo;mtk_swpm;mtk_swpm_dbg_v6878;mtk_sync;mtk_u_ether;mtk_uart_apdma;mtk_usb_f_rndis;mtk_vcodec_common;mtk_vcodec_dec_v1;mtk_vcodec_enc_v1;mtk_vcu;mtu3;mux_switch;nfc;pmic_lbat_service;powerhal_cpu_ctrl;ppp_deflate;ppp_generic;ppp_mppe;r8152;rfcomm;rfkill;rpmb;rpmb_mtk;rtl8150;scheduler;sensorhub;slhc;snd_soc_audiodsp_common;snd_soc_mtk_common;snd_soc_tfa98xx;spi_mt65xx;spi_tiny_co5300_lcd;system_heap;task_turbo;tcpc_class;tipc;tkcore;tmem_ffa;touch_boost;ufs_mediatek_mod;uload_ind;usb_boost;usb_logger;usb_meta;usb_offload;usbnet;usbserial;vcp;wlan_drv_gen4m_6878;wwan;xhci_mtk_hcd_v2;yft_devinfo;yft_tiny2c_usb;zram;zsmalloc,183,184,0,1,1,0,1,1,1,1,aw883xx_driver;focaltech_touch_spi_ft3680
kmalloc_large,0x9ed12e20,KERNEL_OR_BUILTIN,,0,aee_aed;aee_hangdet;apusys;blocktag;bt_drv_6878;camera_dpe_isp7sp;can;ccci_ccif;emi_fake_eng;fmradio_drv_connac2x;focaltech_touch_spi_ft3680;gz_log_mod;gz_main_mod;hidp;mac80211;mali_kbase_mt6878_r44;mediatek_drm;mediatek_drm_panel_drv;microarray_fp_tee;monitor_hang;mrdump;mtk_aie;mtk_ccuv;mtk_fpsgo;mtk_heap_debug;mtk_mmc_dbg;mtk_smi_dbg;mtk_vcu;pidmap;snd_soc_mt6369;snd_soc_mt6878_afe;snd_soc_mtk_common;snd_soc_tfa98xx;tipc;ufs_mediatek_dbg;wlan_drv_gen4m_6878,36,36,0,1,0,0,0,0,1,1,focaltech_touch_spi_ft3680
kmalloc_trace,0xb78e7543,KERNEL_OR_BUILTIN,,0,8021q;adapter_class;adsp;aee_aed;aee_rs;apu_top;apusys;aqc111;asix;atf_logger;aw883xx_driver;ax88179_178a;blocktag;bluetooth;bootprof;bsd_comp;bt_drv_6878;btbcm;c2k_usb;cache_parity;camera_af_media;camera_dpe_isp7sp;camera_eeprom_v4l2;can;can_bcm;ccci_ccif;ccci_dpmaif;ccci_md_all;ccci_util_lib;ccd_rpmsg;ccmni;cdc_acm;cdc_ncm;cfg80211;charger_class;clk_common;cmdq_sec_drv;cmdq_test;connadp;conninfra;connscp;cpufreq_sugov_ext;custom_ldo_wl2868;drm_display_helper;drm_dma_helper;emi;extcon_mtk_usb;extdev_io_class;ffa_v10;fhctl;flashlight;fmradio_drv_connac2x;focaltech_touch_spi_ft3680;ftdi_sio;ged;gps_drv_dl_v051;gps_pwr;gps_scp;gz_ipc_mod;gz_irq_mod;gz_log_mod;gz_main_mod;gz_tz_system;gz_virtio_mod;gzvm;hci_uart;hf_manager;hynitron;ieee802154;imgsensor;imgsensor_glue;iommu_debug;irq_dbg;kfifo_buf;l2tp_core;leds_ln2403;leds_mtk;load_track;mac80211;mac802154;mali_dmabuf_test_mt6878_r44;mali_kbase_mt6878_r44;mali_mgm_mt6878_r44;mddp;mdp_drv_mt6878;mediatek_cpufreq_hw;mediatek_drm;mediatek_drm_panel_drv;met;microarray_fp_tee;mmprofile;mmqos_common;monitor_hang;mrdump;mt6375_battery;mtk_aie;mtk_battery_oc_throttling;mtk_c2ps;mtk_cam_isp7sp;mtk_ccd_remoteproc;mtk_charger_algorithm_class;mtk_cmdq_drv_ext;mtk_composite;mtk_cpu_power_throttling;mtk_fpsgo;mtk_gpu_hal;mtk_gpufreq_mt6878;mtk_hcp;mtk_heap_debug;mtk_icc_core;mtk_imgsys_v4l2;mtk_iommu;mtk_jpeg;mtk_lpm;mtk_lpm_dbg_common_v2;mtk_lpm_dbg_mt6878;mtk_mbraink;mtk_mmdvfs;mtk_mmdvfs_debug;mtk_mmdvfs_v3;mtk_mminfra_debug;mtk_mml;mtk_pbm;mtk_perf_common;mtk_perf_ioctl;mtk_rpmsg_mbox;mtk_sec_heap;mtk_socinfo;mtk_swpm;mtk_swpm_dbg_v6878;mtk_sync;mtk_u_ether;mtk_uart_apdma;mtk_usb_f_rndis;mtk_vcodec_common;mtk_vcodec_dec_v1;mtk_vcodec_enc_v1;mtk_vcu;mtu3;mux_switch;nfc;pmic_lbat_service;powerhal_cpu_ctrl;ppp_deflate;ppp_generic;ppp_mppe;r8152;rfcomm;rfkill;rpmb;rpmb_mtk;rtl8150;scheduler;sensorhub;slhc;snd_soc_audiodsp_common;snd_soc_mtk_common;snd_soc_tfa98xx;spi_mt65xx;spi_tiny_co5300_lcd;system_heap;task_turbo;tcpc_class;tipc;tkcore;tmem_ffa;touch_boost;ufs_mediatek_mod;uload_ind;usb_boost;usb_logger;usb_meta;usb_offload;usbnet;usbserial;vcp;wlan_drv_gen4m_6878;wwan;xhci_mtk_hcd_v2;yft_devinfo;yft_tiny2c_usb;zram;zsmalloc,183,184,0,1,1,0,0,0,1,1,aw883xx_driver;focaltech_touch_spi_ft3680
kstrtoint,0x8c8569cb,KERNEL_OR_BUILTIN,,0,adsp;apu_top;apusys;aw883xx_driver;bt_drv_6878;cpuqos_v3;extcon_mtk_usb;flashlight;ged;mali_kbase_mt6878_r44;mddp;mdp_drv_mt6878;met;mmqos_common;mt6369_accdet;mt6375_battery;mtk_cam_isp7sp;mtk_cg_peak_power_throttling;mtk_charger_framework;mtk_fpsgo;mtk_gpu_qos;mtk_lpm_dbg_common_v2;mtk_mdpm;mtk_mmdvfs;mtk_mmdvfs_v3;mtk_mml;mtk_pbm;mtk_peak_power_budget;mtk_qos;mtk_scp_audiocommon;mtk_smi_dbg;mtu3;phy_mtk_xsphy;powerhal_cpu_ctrl;thermal_interface;touch_boost;usb_meta;wlan_drv_gen4m_6878;zram,39,39,0,1,0,0,1,1,1,1,aw883xx_driver
kstrtouint,0x3b6c41ea,KERNEL_OR_BUILTIN,,0,adsp;aee_aed;apusys;aw883xx_driver;camera_eeprom_v4l2;ccci_dpmaif;conninfra;cpufreq_sugov_ext;flashlight;fmradio_drv_connac2x;ftdi_sio;ged;gpueb;imgsensor;mali_kbase_mt6878_r44;mcupm;mediatek_drm;met;mmqos_common;mt6375_battery;mtk_cam_isp7sp;mtk_charger_framework;mtk_cmdq_drv_ext;mtk_core_ctl;mtk_dvfsrc_helper;mtk_gpufreq_wrapper;mtk_lpm_dbg_common_v2;mtk_mmdvfs_v3;mtk_mminfra_debug;mtk_perf_common;mtk_scp_audiocommon;mtk_ssc_dbg_v2;mtk_swpm_cpu_dbg_v6878;mtk_swpm_dbg_common_v1;mtk_swpm_dbg_v6878;mtk_vow;mtu3;mux_switch;phy_mtk_xsphy;pinctrl_mtk_v2;pmic_lbat_service;scheduler;slcan;snd_soc_mt6369;sspm_v3;task_turbo;thermal_trace;ufs_mediatek_mod;usb_logger;vcp;wlan_drv_gen4m_6878,51,51,0,1,0,0,1,1,1,1,aw883xx_driver
ktime_get_with_offset,0xc4f0da12,KERNEL_OR_BUILTIN,,0,bluetooth;focaltech_touch_spi_ft3680;gps_drv_dl_v051;hf_manager;imgsensor;mac80211;mediatek_drm;mt6375_auxadc;mt6375_battery;mtk_aie;mtk_cam_isp7sp;mtk_charger_framework;mtk_imgsys_cmdq;mtk_imgsys_v4l2;mtk_mml;mtk_mml_mt6878;mtk_pep50;mtk_vcodec_dec_v1;mtk_vcodec_enc_v1;nfc;scheduler;scp;sensorhub;snd_soc_tfa98xx;spi_tiny_co5300_lcd;st21nfc;wlan_drv_gen4m_6878,27,28,0,1,0,0,1,1,1,1,focaltech_touch_spi_ft3680
media_entity_pads_init,0xd2c7eba4,KERNEL_OR_BUILTIN,,0,aw36515;aw36518;aw36518_v2;camera_af_media;dw9781c;imgsensor;main2_vcm;main3_vcm;main4_vcm;main_vcm;mtk_cam_isp7sp;mtk_composite;mtk_imgsys_v4l2;sub_vcm,14,14,0,1,0,0,1,1,1,1,aw36515;aw36518;aw36518_v2
memcpy,0x4829a47e,KERNEL_OR_BUILTIN,,0,6lowpan;8021q;8250_mtk;adsp;aee_aed;apu_top;apusys;aqc111;asix;audio_ipi;aw883xx_driver;ax88179_178a;blocktag;bluetooth;bootprof;bt_drv_6878;btqca;c2k_usb;camera_dpe_isp7sp;camera_eeprom_v4l2;can_bcm;can_gw;can_raw;ccci_dpmaif;ccci_md_all;ccci_util_lib;ccd_rpmsg;cdc_acm;cdc_ncm;cfg80211;cmdq_sec_drv;connadp;connfem;conninfra;connscp;cpufreq_sugov_ext;cqhci;drm_display_helper;emi_mpu;extdev_io_class;ffa_v10;flashlight;fmradio_drv_connac2x;focaltech_touch_spi_ft3680;fpsgo;frs;ged;gps_drv_dl_v051;gps_scp;gz_ipc_mod;gz_tz_system;gz_virtio_mod;hbt;hci_uart;hf_manager;hidp;hynitron;i2c_mt65xx;ieee802154;ieee802154_6lowpan;imgsensor;iommu_debug;kheaders;l2tp_core;mac80211;mac802154;mali_kbase_mt6878_r44;mddp;mdp_drv_mt6878;mediatek_cpufreq_hw;mediatek_drm;mediatek_drm_panel_drv;met;mmprofile;mmqos_common;monitor_hang;mrdump;mt6369_accdet;mt6375_battery;mt6375_charger;mtk_aie;mtk_btcvsd;mtk_c2ps;mtk_cam_isp7sp;mtk_ccuv;mtk_charger_framework;mtk_cmdq_drv_ext;mtk_core_ctl;mtk_dpc;mtk_fpsgo;mtk_gpufreq_mt6878;mtk_hcp;mtk_heap_debug;mtk_imgsys_cmdq;mtk_imgsys_isp7sp;mtk_imgsys_v4l2;mtk_lpm;mtk_lpm_dbg_common_v2;mtk_lpm_dbg_mt6878;mtk_mbraink;mtk_mdpm;mtk_mml;mtk_peak_power_budget;mtk_pep50;mtk_rpmsg_mbox;mtk_smi_dbg;mtk_ssc;mtk_swpm_dbg_v6878;mtk_sync;mtk_u_ether;mtk_uart_apdma;mtk_usb_f_rndis;mtk_vcodec_common;mtk_vcodec_dec_v1;mtk_vcodec_enc_v1;mtk_vcu;mtk_vow;mtu3;nfc;nvmem_mtk_devinfo;pinctrl_mtk_v2;powerhal_cpu_ctrl;ppp_mppe;r8152;rfcomm;rpmb_mtk;rt5133_regulator;sc851x_charger;sc8571_charger;scheduler;scp;sensorhub;sh366003_fg;slhc;smpu;snd_soc_audiodsp_common;snd_soc_mt6369;snd_soc_mt6878_afe;snd_soc_mtk_common;snd_soc_mtk_scp_ultra;snd_soc_tfa98xx;spi_mt65xx;spi_tiny_co5300_lcd;spmi_mtk_pmif;task_turbo;tcpc_class;tcpc_mt6375;thermal_interface;tipc;tkcore;trace_mmstat;uarthub_drv;ufs_mediatek_mod;usb_meta;usb_offload;usbnet;usbserial;vcp;wlan_drv_gen4m_6878;xhci_mtk_hcd_v2;yft_devinfo;yft_tpd_gesture;zram;zsmalloc,164,165,0,1,1,0,1,1,1,1,aw883xx_driver;focaltech_touch_spi_ft3680
memset,0xdcb764ad,KERNEL_OR_BUILTIN,,0,8250_mtk;adsp;aee_aed;aee_hangdet;aee_rs;apu_top;apusys;aqc111;audio_ipi;aw883xx_driver;blocktag;bluetooth;bootprof;bt_drv_6878;camera_dpe_isp7sp;camera_eeprom_v4l2;can_bcm;can_dev;can_gw;can_raw;ccci_ccif;ccci_dpmaif;ccci_md_all;ccci_util_lib;ccmni;cdc_ncm;cfg80211;clk_common;cmdq_sec_drv;cmdq_test;connfem;conninfra;connscp;cpudvfs;cpufreq_sugov_ext;cqhci;device_apc_common;drm_display_helper;dw9781c;emi_mpu;extdev_io_class;ffa_v10;fhctl;flashlight;fmradio_drv_connac2x;focaltech_touch_spi_ft3680;frs;ged;gps_drv_dl_v051;gps_scp;gz_main_mod;gz_trusty_mod;gz_tz_system;gz_virtio_mod;gzvm;hbt;hci_uart;hynitron;ieee802154_socket;imgsensor;iommu_debug;l2tp_core;l2tp_ppp;last_bus;lpm_gov_MHSP;mac80211;mac802154;main2_vcm;main3_vcm;main4_vcm;main_vcm;mali_dmabuf_test_mt6878_r44;mali_kbase_mt6878_r44;mcupm;md_cooling_all;mddp;mdp_drv_mt6878;mediatek_drm;mediatek_drm_panel_drv;met;microarray_fp_tee;mmprofile;monitor_hang;mrdump;mt6375_battery;mt6375_charger;mt6878_mt6369;mtk_aie;mtk_battery_oc_throttling;mtk_btcvsd;mtk_c2ps;mtk_cam_isp7sp;mtk_ccd_remoteproc;mtk_ccuv;mtk_cmdq_drv_ext;mtk_core_ctl;mtk_dpc;mtk_dramc;mtk_fpsgo;mtk_gpufreq_mt6878;mtk_gpufreq_wrapper;mtk_hcp;mtk_heap_debug;mtk_imgsys_cmdq;mtk_imgsys_v4l2;mtk_irtx_pwm;mtk_lpm;mtk_lpm_dbg_common_v2;mtk_lpm_dbg_mt6878;mtk_lpm_plat_v1;mtk_mbraink;mtk_mdpm;mtk_mmc;mtk_mmc_dbg;mtk_mml;mtk_pd_adapter;mtk_pd_charging;mtk_peak_power_budget;mtk_pep40;mtk_perf_common;mtk_perf_ioctl;mtk_perf_ioctl_magt;mtk_scp_audiocommon;mtk_sec_heap;mtk_smi_dbg;mtk_soc_offload_common;mtk_ssc;mtk_swpm;mtk_uart_apdma;mtk_vcodec_common;mtk_vcodec_dec_v1;mtk_vcodec_enc_v1;mtk_vcu;mtk_vow;nfc;pda_drv_mt6878;pidmap;powerhal_cpu_ctrl;ppp_generic;r8152;rfcomm;rpmb;rpmb_mtk;sapu;sc851x_charger;sc8571_charger;scheduler;scp;sec;sec_rng;sensorhub;smpu;snd_soc_audiodsp_common;snd_soc_mt6369;snd_soc_mtk_common;snd_soc_mtk_scp_ultra;snd_soc_tfa98xx;soc_temp_lvts;spi_mt65xx;spi_tiny_co5300_lcd;st21nfc;sub_vcm;system_heap;task_turbo;tcpc_class;teeperf;thermal_interface;thermal_trace;tipc;tkcore;tkcore_drv;tmem_ffa;touch_boost;uarthub_drv;ufs_mediatek_mod;uload_ind;usb_logger;usb_meta;usb_offload;vcp;widevine_driver;wlan_drv_gen4m_6878;wmt_chrdev_wifi_connac2;wwan;xhci_mtk_hcd_v2;yft_tpd_gesture,186,187,0,1,1,0,1,1,1,1,aw883xx_driver;focaltech_touch_spi_ft3680
misc_deregister,0x94a9d12b,KERNEL_OR_BUILTIN,,0,aee_aed;aee_rs;apusys;atf_logger;audio_ipi;aw883xx_driver;custom_ldo_wl2868;focaltech_touch_spi_ft3680;gz_main_mod;gzvm;hbt;mali_dmabuf_test_mt6878_r44;mali_kbase_mt6878_r44;mddp;met;monitor_hang;mtk_mml;rfkill;sapu;scp;snd_soc_mtk_common;spi_tiny_co5300_lcd;st21nfc;tkcore;uload_ind;usb_offload;vcp;wlan_drv_gen4m_6878;yft_tpd_gesture,29,29,0,1,0,0,1,1,1,1,aw883xx_driver;focaltech_touch_spi_ft3680
misc_register,0x06987aeb,KERNEL_OR_BUILTIN,,0,adsp;aee_aed;aee_rs;apusys;atf_logger;audio_ipi;aw883xx_driver;custom_ldo_wl2868;focaltech_touch_spi_ft3680;gpueb;gz_main_mod;gzvm;hbt;mali_dmabuf_test_mt6878_r44;mali_kbase_mt6878_r44;mcupm;mddp;mdp_drv_mt6878;met;mmprofile;monitor_hang;mtk_mml;mtk_scp_audiocommon;mtk_vow;rfkill;sapu;scp;snd_soc_mtk_common;spi_tiny_co5300_lcd;sspm_v3;st21nfc;tkcore;uload_ind;usb_offload;vcp;wlan_drv_gen4m_6878;yft_tpd_gesture,37,37,0,1,0,0,1,1,1,1,aw883xx_driver;focaltech_touch_spi_ft3680
module_layout,0xea759d7f,KERNEL_OR_BUILTIN,,0,6lowpan;8021q;8250_mtk;adapter_class;adsp;aee_aed;aee_hangdet;aee_rs;apu_top;apusys;aqc111;arm_dsu_pmu;asix;atf_logger;audio_ipi;aw36515;aw36518;aw36518_v2;aw883xx_driver;ax88179_178a;backlight_cooling;blocktag;bluetooth;board_temp;bootprof;bsd_comp;bt_drv_6878;btbcm;btqca;btsdio;bus_parity;c2k_usb;c2k_usb_f_via_atc;c2k_usb_f_via_ets;c2k_usb_f_via_modem;c2ps_perf_ioctl;cache_parity;camera_af_media;camera_dpe_isp7sp;camera_eeprom_v4l2;can;can_bcm;can_dev;can_gw;can_raw;ccci_auxadc;ccci_ccif;ccci_dpmaif;ccci_fsm_scp;ccci_md_all;ccci_util_lib;ccd_rpmsg;ccmni;cdc_acm;cdc_eem;cdc_ether;cdc_ncm;cfg80211;charger_class;charger_cooling;clk_bringup;clk_chk_mt6878;clk_common;clk_dbg_mt6878;clk_disable_unused;clk_fmeter_mt6878;clk_mt6878;clk_mt6878_adsp;clk_mt6878_bus;clk_mt6878_cam;clk_mt6878_ccu;clk_mt6878_img;clk_mt6878_mdpsys;clk_mt6878_mmsys;clk_mt6878_peri;clk_mt6878_vcodec;clk_mt6878_vlp;clkbuf;cmdq_helper_inf;cmdq_platform_mt6878;cmdq_sec_drv;cmdq_test;connadp;connfem;conninfra;connscp;cpudvfs;cpufreq_sugov_ext;cpuqos_v3;cqhci;custom_ldo;custom_ldo_wl2868;dbg_error_flag;dbgtop_drm;device_apc_common;device_apc_mt6878;diag;drm_display_helper;drm_dma_helper;dw9781c;emi;emi_fake_eng;emi_mpu;extcon_mtk_usb;extdev_io_class;ffa_v10;fhctl;fingerprint;flashlight;fmradio_drv_connac2x;focaltech_touch_spi_ft3680;fpsgo;frs;ftdi_sio;ged;gps_drv_dl_v051;gps_pwr;gps_scp;gpueb;gz_ipc_mod;gz_irq_mod;gz_log_mod;gz_main_mod;gz_trusty_mod;gz_tz_system;gz_virtio_mod;gzvm;hbt;hci_uart;hf_manager;hidp;hynitron;i2c_mt65xx;ieee802154;ieee802154_6lowpan;ieee802154_socket;imgsensor;imgsensor_glue;industrialio_triggered_buffer;iommu_debug;iommu_secure;iommu_test;irq_dbg;kfifo_buf;kheaders;l2tp_core;l2tp_ppp;last_bus;leds_ln2403;leds_mtk;leds_mtk_disp;leds_rgb_aw2013;libarc4;load_track;log_store;lpm_gov_MHSP;mac80211;mac802154;main2_vcm;main3_vcm;main4_vcm;main_vcm;mali_dmabuf_test_mt6878_r44;mali_kbase_mt6878_r44;mali_mgm_mt6878_r44;mali_prot_alloc_mt6878_r44;mcupm;md_cooling_all;mddp;mdp_drv_mt6878;mediatek_cpufreq_hw;mediatek_drm;mediatek_drm_gateic;mediatek_drm_panel_drv;met;met_backlight_api;met_emi_api;met_gpu_adv_api;met_gpu_api;met_gpueb_api;met_ipi_api;met_mcupm_api;met_scmi_api;met_sspm_api;met_vcore_api;microarray_fp_tee;mii;mmprofile;mmqos_common;mmqos_mt6878;monitor_hang;mrdump;msync2_frd;mt6315_regulator;mt6338_core;mt6363_regulator;mt6369_accdet;mt6369_regulator;mt6375;mt6375_adc;mt6375_auxadc;mt6375_battery;mt6375_charger;mt6685_audclk;mt6685_core;mt6878_dcm;mt6878_mt6369;mtk_afe_external;mtk_aie;mtk_aie_debug_7sp_2;mtk_battery_oc_throttling;mtk_bp_thl;mtk_btcvsd;mtk_c2ps;mtk_cam_isp7sp;mtk_ccd_remoteproc;mtk_ccuv;mtk_cg_peak_power_throttling;mtk_charger_algorithm_class;mtk_charger_framework;mtk_chg_type_det;mtk_cm_ipi;mtk_cm_mgr;mtk_cm_mgr_mt6878;mtk_cmdq_drv_ext;mtk_composite;mtk_core_ctl;mtk_cpu_power_throttling;mtk_dcm;mtk_disp_notify;mtk_disp_sec;mtk_dpc;mtk_dramc;mtk_dvfsrc;mtk_dvfsrc_devfreq;mtk_dvfsrc_helper;mtk_dvfsrc_regulator;mtk_dvfsrc_start;mtk_dynamic_loading_throttling;mtk_emi;mtk_fpsgo;mtk_gpu_hal;mtk_gpu_power_throttling;mtk_gpu_qos;mtk_gpufreq_mt6878;mtk_gpufreq_wrapper;mtk_hcp;mtk_heap_debug;mtk_icc_core;mtk_imgsys_cmdq;mtk_imgsys_isp7sp;mtk_imgsys_v4l2;mtk_ioctl_powerhal;mtk_ioctl_touch_boost;mtk_iommu;mtk_ipesys_me;mtk_irtx_pwm;mtk_jpeg;mtk_low_battery_throttling;mtk_lpm;mtk_lpm_dbg_common_v2;mtk_lpm_dbg_mt6878;mtk_lpm_plat_v1;mtk_mbox;mtk_mbox_mailbox;mtk_mbraink;mtk_md_power_throttling;mtk_mdpm;mtk_mmc;mtk_mmc_dbg;mtk_mmdvfs;mtk_mmdvfs_debug;mtk_mmdvfs_ftrace;mtk_mmdvfs_v3;mtk_mmdvfs_v3_start;mtk_mminfra_debug;mtk_mminfra_imax;mtk_mml;mtk_mml_mt6878;mtk_panel_ext;mtk_pbm;mtk_pd_adapter;mtk_pd_charging;mtk_peak_power_budget;mtk_pep;mtk_pep40;mtk_pep50;mtk_perf_common;mtk_perf_ioctl;mtk_perf_ioctl_magt;mtk_pm_domain_disable_unused;mtk_pmic_keys;mtk_pmic_oc_debug;mtk_pmic_wrap;mtk_printk_ctrl;mtk_pwm;mtk_qos;mtk_rpmsg_mbox;mtk_scp_audiocommon;mtk_scp_ultra;mtk_scp_vow;mtk_scpsys;mtk_scpsys_bringup;mtk_scpsys_mt6878;mtk_sec_heap;mtk_slbc;mtk_smi;mtk_smi_dbg;mtk_soc_offload_common;mtk_socinfo;mtk_sp_spk_amp;mtk_spmi_pmic;mtk_spmi_pmic_adc;mtk_ssc;mtk_ssc_dbg_v2;mtk_swpm;mtk_swpm_cpu_dbg_v6878;mtk_swpm_dbg_common_v1;mtk_swpm_dbg_v6878;mtk_swpm_perf_arm_pmu;mtk_sync;mtk_tinysys_ipi;mtk_u_ether;mtk_uart_apdma;mtk_usb_f_rndis;mtk_vcodec_common;mtk_vcodec_dec_v1;mtk_vcodec_enc_v1;mtk_vcu;mtk_vmm_isp71_regulator;mtk_vmm_notifier;mtk_vmm_spm;mtk_vow;mtk_wdt;mtk_wp;mtu3;mux_switch;nfc;nhc_dest;nhc_fragment;nhc_hop;nhc_ipv6;nhc_mobility;nhc_routing;nhc_udp;nvmem_mt635x_efuse;nvmem_mtk_devinfo;panel_ky_vtdr6115_dphy_cmd;pd_chk_mt6878;pd_dbg_info;pda_drv_mt6878;phy_mtk_ufs;phy_mtk_xsphy;pidmap;pinctrl_mt6363;pinctrl_mt6878;pinctrl_mtk_common_v2_debug;pinctrl_mtk_v2;pmic_lbat_service;pmic_lvsys_notify;pmic_temp;powerhal_cpu_ctrl;ppp_deflate;ppp_generic;ppp_mppe;pppox;pptp;pwm_mtk_disp;r8152;r8153_ecm;reboot_mode;regulator_vibrator;reset_ti_syscon;rfcomm;rfkill;rpmb;rpmb_mtk;rps_perf;rt4831a_drv;rt5133_regulator;rt6160_regulator;rt_pd_manager;rtc_mt6685;rtl8150;sapu;sc851x_charger;sc8571_charger;scheduler;scheduler_ext;scp;sec;sec_rng;sensorhub;sh366003_fg;slcan;slhc;smpu;smpu_hook_v1;snd_soc_audiodsp_common;snd_soc_mt6369;snd_soc_mt6878_afe;snd_soc_mtk_common;snd_soc_mtk_scp_ultra;snd_soc_tfa98xx;soc_temp_lvts;spi_mt65xx;spi_tiny_co5300_lcd;spmi_mtk_mpu;spmi_mtk_pmif;sspm_v3;st21nfc;sub_vcm;syscon_reboot_mode;system_heap;task_turbo;tcpc_class;tcpc_mt6375;tcpci_late_sync;teeperf;thermal_generic_adc;thermal_interface;thermal_trace;timer_mediatek;tinysys_scmi;tipc;tkcore;tkcore_drv;tmem_ffa;touch_boost;trace_mmstat;tui_common;uarthub_drv;ufs_mediatek_dbg;ufs_mediatek_mod;uload_ind;usb_boost;usb_logger;usb_meta;usb_offload;usbnet;usbserial;vcan;vcp;vcp_status;vtskin_temp;widevine_driver;wifi_cooling;wlan_drv_gen4m_6878;wmt_chrdev_wifi_connac2;wwan;xhci_mtk_hcd_v2;yft_devinfo;yft_gpio_keys;yft_tiny2c_usb;yft_tpd_gesture;zram;zsmalloc,457,458,1,1,1,1,1,1,1,1,aw36515;aw36518;aw36518_v2;aw883xx_driver;focaltech_touch_spi_ft3680
msleep,0xf9a482f9,KERNEL_OR_BUILTIN,,0,8250_mtk;adsp;aee_aed;apusys;asix;aw36515;aw36518;aw36518_v2;aw883xx_driver;ax88179_178a;bt_drv_6878;btbcm;btqca;ccci_dpmaif;ccci_fsm_scp;ccci_md_all;ccci_util_lib;clk_common;cmdq_sec_drv;cmdq_test;conninfra;connscp;custom_ldo_wl2868;drm_display_helper;fmradio_drv_connac2x;focaltech_touch_spi_ft3680;gz_trusty_mod;gz_tz_system;hci_uart;hynitron;mali_kbase_mt6878_r44;mddp;mediatek_drm;met;microarray_fp_tee;mmqos_common;monitor_hang;mt6375_auxadc;mt6375_battery;mt6375_charger;mtk_charger_framework;mtk_cmdq_drv_ext;mtk_lpm;mtk_lpm_dbg_common_v2;mtk_mmdvfs_debug;mtk_mmdvfs_v3;mtk_mmdvfs_v3_start;mtk_pep;mtk_pep40;mtk_pep50;mtk_smi;mtk_smi_dbg;mtk_vow;mtk_wp;panel_ky_vtdr6115_dphy_cmd;r8152;sc851x_charger;sc8571_charger;scp;sec;sh366003_fg;smpu;snd_soc_mtk_scp_ultra;snd_soc_tfa98xx;st21nfc;tcpc_mt6375;tmem_ffa;touch_boost;uarthub_drv;usb_boost;wlan_drv_gen4m_6878;wmt_chrdev_wifi_connac2;xhci_mtk_hcd_v2;yft_tiny2c_usb,74,74,0,1,0,0,1,1,1,1,aw36515;aw36518;aw36518_v2;aw883xx_driver;focaltech_touch_spi_ft3680
mutex_lock,0xd5977bfb,KERNEL_OR_BUILTIN,,0,8250_mtk;adapter_class;adsp;aee_aed;apu_top;apusys;asix;atf_logger;audio_ipi;aw36515;aw36518;aw36518_v2;aw883xx_driver;blocktag;bluetooth;bt_drv_6878;c2k_usb;camera_dpe_isp7sp;camera_eeprom_v4l2;can;ccci_fsm_scp;ccci_md_all;ccd_rpmsg;cdc_acm;cfg80211;charger_class;cmdq_sec_drv;cmdq_test;connadp;conninfra;connscp;cpufreq_sugov_ext;drm_display_helper;extdev_io_class;ffa_v10;flashlight;focaltech_touch_spi_ft3680;frs;ftdi_sio;ged;gps_drv_dl_v051;gpueb;gz_ipc_mod;gz_main_mod;gz_trusty_mod;gz_tz_system;gz_virtio_mod;gzvm;hbt;hci_uart;hf_manager;hidp;hynitron;imgsensor;kfifo_buf;l2tp_ppp;leds_ln2403;leds_mtk;leds_rgb_aw2013;load_track;mac80211;mac802154;mali_dmabuf_test_mt6878_r44;mali_kbase_mt6878_r44;mcupm;md_cooling_all;mddp;mdp_drv_mt6878;mediatek_drm;mediatek_drm_panel_drv;met;microarray_fp_tee;mmprofile;mmqos_common;monitor_hang;mt6369_accdet;mt6375;mt6375_adc;mt6375_auxadc;mt6375_battery;mt6375_charger;mtk_aie;mtk_c2ps;mtk_cam_isp7sp;mtk_ccd_remoteproc;mtk_ccuv;mtk_charger_algorithm_class;mtk_charger_framework;mtk_chg_type_det;mtk_cmdq_drv_ext;mtk_dcm;mtk_dpc;mtk_dvfsrc;mtk_dvfsrc_helper;mtk_dynamic_loading_throttling;mtk_fpsgo;mtk_gpu_hal;mtk_gpu_qos;mtk_gpufreq_mt6878;mtk_gpufreq_wrapper;mtk_hcp;mtk_heap_debug;mtk_icc_core;mtk_imgsys_cmdq;mtk_imgsys_v4l2;mtk_iommu;mtk_jpeg;mtk_low_battery_throttling;mtk_lpm;mtk_mbraink;mtk_mmdvfs;mtk_mmdvfs_v3;mtk_mml;mtk_panel_ext;mtk_pbm;mtk_pd_adapter;mtk_pd_charging;mtk_pep;mtk_pep40;mtk_pep50;mtk_perf_common;mtk_perf_ioctl_magt;mtk_pwm;mtk_qos;mtk_scp_audiocommon;mtk_sec_heap;mtk_soc_offload_common;mtk_spmi_pmic;mtk_spmi_pmic_adc;mtk_swpm;mtk_swpm_dbg_v6878;mtk_tinysys_ipi;mtk_uart_apdma;mtk_usb_f_rndis;mtk_vcodec_common;mtk_vcodec_dec_v1;mtk_vcodec_enc_v1;mtk_vcu;mtk_vmm_isp71_regulator;mtk_vmm_notifier;mtk_vow;mtu3;mux_switch;nfc;nvmem_mt635x_efuse;panel_ky_vtdr6115_dphy_cmd;pd_dbg_info;pda_drv_mt6878;pmic_lbat_service;pmic_lvsys_notify;powerhal_cpu_ctrl;ppp_generic;r8152;rfcomm;rfkill;rpmb;rps_perf;rtc_mt6685;sapu;scheduler;scp;sensorhub;sh366003_fg;snd_soc_audiodsp_common;snd_soc_mt6878_afe;snd_soc_mtk_common;snd_soc_tfa98xx;soc_temp_lvts;spi_tiny_co5300_lcd;spmi_mtk_pmif;sspm_v3;st21nfc;system_heap;tcpc_class;thermal_interface;thermal_trace;tkcore;tkcore_drv;tmem_ffa;touch_boost;ufs_mediatek_mod;uload_ind;usb_meta;usb_offload;usbnet;usbserial;vcp;wlan_drv_gen4m_6878;wmt_chrdev_wifi_connac2;wwan;xhci_mtk_hcd_v2;yft_gpio_keys;zram,193,194,0,1,1,0,1,1,1,1,aw36515;aw36518;aw36518_v2;aw883xx_driver;focaltech_touch_spi_ft3680
mutex_unlock,0xed55cabd,KERNEL_OR_BUILTIN,,0,8250_mtk;adapter_class;adsp;aee_aed;apu_top;apusys;asix;atf_logger;audio_ipi;aw36515;aw36518;aw36518_v2;aw883xx_driver;blocktag;bluetooth;bt_drv_6878;c2k_usb;camera_dpe_isp7sp;camera_eeprom_v4l2;can;ccci_fsm_scp;ccci_md_all;ccd_rpmsg;cdc_acm;cfg80211;charger_class;cmdq_sec_drv;cmdq_test;connadp;conninfra;connscp;cpufreq_sugov_ext;drm_display_helper;extdev_io_class;ffa_v10;flashlight;focaltech_touch_spi_ft3680;frs;ftdi_sio;ged;gps_drv_dl_v051;gpueb;gz_ipc_mod;gz_main_mod;gz_trusty_mod;gz_tz_system;gz_virtio_mod;gzvm;hbt;hci_uart;hf_manager;hidp;hynitron;imgsensor;kfifo_buf;l2tp_ppp;leds_ln2403;leds_mtk;leds_rgb_aw2013;load_track;mac80211;mac802154;mali_dmabuf_test_mt6878_r44;mali_kbase_mt6878_r44;mcupm;md_cooling_all;mddp;mdp_drv_mt6878;mediatek_drm;mediatek_drm_panel_drv;met;microarray_fp_tee;mmprofile;mmqos_common;monitor_hang;mt6369_accdet;mt6375;mt6375_adc;mt6375_auxadc;mt6375_battery;mt6375_charger;mtk_aie;mtk_c2ps;mtk_cam_isp7sp;mtk_ccd_remoteproc;mtk_ccuv;mtk_charger_algorithm_class;mtk_charger_framework;mtk_chg_type_det;mtk_cmdq_drv_ext;mtk_dcm;mtk_dpc;mtk_dvfsrc;mtk_dvfsrc_helper;mtk_dynamic_loading_throttling;mtk_fpsgo;mtk_gpu_hal;mtk_gpu_qos;mtk_gpufreq_mt6878;mtk_gpufreq_wrapper;mtk_hcp;mtk_heap_debug;mtk_icc_core;mtk_imgsys_cmdq;mtk_imgsys_v4l2;mtk_iommu;mtk_jpeg;mtk_low_battery_throttling;mtk_lpm;mtk_mbraink;mtk_mmdvfs;mtk_mmdvfs_v3;mtk_mml;mtk_panel_ext;mtk_pbm;mtk_pd_adapter;mtk_pd_charging;mtk_pep;mtk_pep40;mtk_pep50;mtk_perf_common;mtk_perf_ioctl_magt;mtk_pwm;mtk_qos;mtk_scp_audiocommon;mtk_sec_heap;mtk_soc_offload_common;mtk_spmi_pmic;mtk_spmi_pmic_adc;mtk_swpm;mtk_swpm_dbg_v6878;mtk_tinysys_ipi;mtk_uart_apdma;mtk_usb_f_rndis;mtk_vcodec_common;mtk_vcodec_dec_v1;mtk_vcodec_enc_v1;mtk_vcu;mtk_vmm_isp71_regulator;mtk_vmm_notifier;mtk_vow;mtu3;mux_switch;nfc;nvmem_mt635x_efuse;panel_ky_vtdr6115_dphy_cmd;pd_dbg_info;pda_drv_mt6878;pmic_lbat_service;pmic_lvsys_notify;powerhal_cpu_ctrl;ppp_generic;r8152;rfcomm;rfkill;rpmb;rps_perf;rtc_mt6685;sapu;scheduler;scp;sensorhub;sh366003_fg;snd_soc_audiodsp_common;snd_soc_mt6878_afe;snd_soc_mtk_common;snd_soc_tfa98xx;soc_temp_lvts;spi_tiny_co5300_lcd;spmi_mtk_pmif;sspm_v3;st21nfc;system_heap;tcpc_class;thermal_interface;thermal_trace;tkcore;tkcore_drv;tmem_ffa;touch_boost;uarthub_drv;ufs_mediatek_mod;uload_ind;usb_meta;usb_offload;usbnet;usbserial;vcp;wlan_drv_gen4m_6878;wmt_chrdev_wifi_connac2;wwan;xhci_mtk_hcd_v2;yft_gpio_keys;zram,194,195,0,1,1,0,1,1,1,1,aw36515;aw36518;aw36518_v2;aw883xx_driver;focaltech_touch_spi_ft3680
of_find_node_by_name,0xc473e973,KERNEL_OR_BUILTIN,,0,adsp;aw36515;aw36518;aw36518_v2;bootprof;ccci_md_all;clk_common;connfem;cpudvfs;cpufreq_sugov_ext;log_store;mediatek_cpufreq_hw;mediatek_drm;met;monitor_hang;mt6375_battery;mtk_battery_oc_throttling;mtk_cam_isp7sp;mtk_cm_mgr_mt6878;mtk_dynamic_loading_throttling;mtk_low_battery_throttling;mtk_peak_power_budget;mtk_perf_common;mtk_pmic_oc_debug;mtk_scpsys;mtu3;pmic_lbat_service;pmic_lvsys_notify;scheduler;scp;smpu;snd_soc_mt6878_afe;tcpc_class;thermal_interface;tkcore;tmem_ffa,36,36,0,1,0,0,1,1,1,1,aw36515;aw36518;aw36518_v2
of_find_property,0xe35274a3,KERNEL_OR_BUILTIN,,0,apu_top;cfg80211;connfem;extcon_mtk_usb;focaltech_touch_spi_ft3680;gz_log_mod;hynitron;i2c_mt65xx;lpm_gov_MHSP;mali_kbase_mt6878_r44;mcupm;mdp_drv_mt6878;mediatek_drm;mediatek_drm_panel_drv;mt6375_battery;mt6375_charger;mtk_charger_framework;mtk_cmdq_drv_ext;mtk_dpc;mtk_dvfsrc;mtk_dvfsrc_helper;mtk_dynamic_loading_throttling;mtk_gpu_qos;mtk_icc_core;mtk_iommu;mtk_lpm;mtk_lpm_dbg_common_v2;mtk_mmc;mtk_mmdvfs;mtk_mmdvfs_v3;mtk_mminfra_debug;mtk_mml;mtk_pd_adapter;mtk_pep;mtk_pep50;mtk_pmic_keys;mtk_pwm;mtk_scpsys;mtk_smi;mtk_smi_dbg;mtk_uart_apdma;mtk_vmm_isp71_regulator;mtu3;panel_ky_vtdr6115_dphy_cmd;pinctrl_mtk_v2;scp;smpu;snd_soc_mt6369;snd_soc_mt6878_afe;snd_soc_mtk_common;snd_soc_mtk_scp_ultra;spi_mt65xx;system_heap;tcpc_class;ufs_mediatek_mod;usb_boost;usb_offload;vcp;xhci_mtk_hcd_v2,59,59,0,1,0,0,1,1,1,1,focaltech_touch_spi_ft3680
of_get_child_by_name,0xa3308a92,KERNEL_OR_BUILTIN,,0,aw36515;aw36518;aw36518_v2;can_dev;connfem;conninfra;emi_fake_eng;last_bus;mali_kbase_mt6878_r44;met;mt6375_auxadc;mt6878_mt6369;snd_soc_mt6369,13,13,0,1,0,0,1,1,1,1,aw36515;aw36518;aw36518_v2
of_get_named_gpio_flags,0xb9ab15e7,KERNEL_OR_BUILTIN,,0,aw36515;aw36518;aw36518_v2;aw883xx_driver;ccci_md_all;connfem;conninfra;extcon_mtk_usb;fingerprint;fmradio_drv_connac2x;focaltech_touch_spi_ft3680;hynitron;leds_ln2403;leds_rgb_aw2013;mt6369_accdet;sc851x_charger;sc8571_charger;snd_soc_tfa98xx;spi_tiny_co5300_lcd;yft_devinfo;yft_tiny2c_usb,21,21,0,1,0,0,1,1,1,1,aw36515;aw36518;aw36518_v2;aw883xx_driver;focaltech_touch_spi_ft3680
of_get_next_child,0x96461ca6,KERNEL_OR_BUILTIN,,0,aw36515;aw36518;aw36518_v2;clkbuf;connfem;emi_fake_eng;fhctl;last_bus;md_cooling_all;mediatek_drm;met;mtk_pmic_keys;mtu3;phy_mtk_xsphy;pinctrl_mtk_v2,15,15,0,1,0,0,1,1,1,1,aw36515;aw36518;aw36518_v2
of_property_read_string,0x000c9569,KERNEL_OR_BUILTIN,,0,adsp;aee_aed;apu_top;apusys;aw883xx_driver;backlight_cooling;bt_drv_6878;ccd_rpmsg;clk_common;clkbuf;conninfra;extcon_mtk_usb;fhctl;gz_virtio_mod;imgsensor;last_bus;lpm_gov_MHSP;mali_kbase_mt6878_r44;mediatek_drm;mediatek_drm_panel_drv;met;mrdump;mt6375_charger;mtk_cam_isp7sp;mtk_charger_framework;mtk_chg_type_det;mtk_cm_mgr;mtk_irtx_pwm;mtk_lpm;mtk_lpm_dbg_common_v2;mtk_mml;mtk_pd_adapter;mtk_socinfo;mtk_vcodec_dec_v1;mtk_vcodec_enc_v1;mtk_vcu;mtk_vmm_notifier;regulator_vibrator;sc8571_charger;scp;sec_rng;smpu;snd_soc_mt6878_afe;system_heap;tcpc_class;vcp;wlan_drv_gen4m_6878;yft_devinfo,48,48,0,1,0,0,1,1,1,1,aw883xx_driver
of_property_read_variable_u32_array,0x94a3f9c7,KERNEL_OR_BUILTIN,,0,8250_mtk;adsp;aee_hangdet;apu_top;apusys;aw36515;aw36518;aw36518_v2;aw883xx_driver;board_temp;bootprof;cache_parity;camera_dpe_isp7sp;can_dev;ccci_ccif;ccci_dpmaif;ccci_fsm_scp;ccci_md_all;ccci_util_lib;charger_cooling;clk_bringup;clk_common;clkbuf;cmdq_sec_drv;cmdq_test;connfem;conninfra;connscp;cpufreq_sugov_ext;cpuqos_v3;dbgtop_drm;emi;emi_fake_eng;emi_mpu;extcon_mtk_usb;fhctl;flashlight;fmradio_drv_connac2x;focaltech_touch_spi_ft3680;ged;gps_drv_dl_v051;gpueb;gz_irq_mod;gz_log_mod;gz_trusty_mod;gz_virtio_mod;hci_uart;hynitron;i2c_mt65xx;imgsensor;last_bus;leds_rgb_aw2013;log_store;lpm_gov_MHSP;mali_kbase_mt6878_r44;mali_prot_alloc_mt6878_r44;mcupm;mdp_drv_mt6878;mediatek_drm;mediatek_drm_gateic;mediatek_drm_panel_drv;met;mmqos_common;monitor_hang;mrdump;mt6315_regulator;mt6363_regulator;mt6369_accdet;mt6369_regulator;mt6375_auxadc;mt6375_battery;mt6375_charger;mt6878_mt6369;mtk_aie;mtk_battery_oc_throttling;mtk_bp_thl;mtk_btcvsd;mtk_cam_isp7sp;mtk_ccuv;mtk_charger_framework;mtk_chg_type_det;mtk_cm_ipi;mtk_cm_mgr;mtk_cm_mgr_mt6878;mtk_cmdq_drv_ext;mtk_cpu_power_throttling;mtk_disp_sec;mtk_dpc;mtk_dramc;mtk_dvfsrc;mtk_dvfsrc_helper;mtk_dynamic_loading_throttling;mtk_fpsgo;mtk_gpu_power_throttling;mtk_gpu_qos;mtk_gpufreq_mt6878;mtk_gpufreq_wrapper;mtk_imgsys_cmdq;mtk_imgsys_isp7sp;mtk_imgsys_v4l2;mtk_iommu;mtk_irtx_pwm;mtk_jpeg;mtk_low_battery_throttling;mtk_lpm;mtk_lpm_dbg_common_v2;mtk_mbox_mailbox;mtk_md_power_throttling;mtk_mmc;mtk_mmdvfs;mtk_mmdvfs_debug;mtk_mmdvfs_v3;mtk_mminfra_debug;mtk_mminfra_imax;mtk_mml;mtk_pd_adapter;mtk_pd_charging;mtk_peak_power_budget;mtk_pep;mtk_pep40;mtk_pep50;mtk_perf_common;mtk_pmic_keys;mtk_pwm;mtk_qos;mtk_scp_audiocommon;mtk_scpsys;mtk_scpsys_bringup;mtk_smi;mtk_smi_dbg;mtk_sp_spk_amp;mtk_spmi_pmic_adc;mtk_ssc;mtk_uart_apdma;mtk_vcodec_dec_v1;mtk_vcodec_enc_v1;mtk_vcu;mtk_vmm_isp71_regulator;mtk_vmm_notifier;mtu3;panel_ky_vtdr6115_dphy_cmd;pda_drv_mt6878;phy_mtk_ufs;pinctrl_mtk_v2;pmic_lbat_service;pmic_lvsys_notify;reboot_mode;regulator_vibrator;reset_ti_syscon;rt4831a_drv;rt5133_regulator;rt_pd_manager;rtc_mt6685;sapu;sc851x_charger;sc8571_charger;scheduler;scp;smpu;snd_soc_audiodsp_common;snd_soc_mt6369;snd_soc_mt6878_afe;snd_soc_mtk_common;snd_soc_mtk_scp_ultra;soc_temp_lvts;spmi_mtk_mpu;spmi_mtk_pmif;sspm_v3;st21nfc;syscon_reboot_mode;system_heap;tcpc_class;teeperf;thermal_generic_adc;thermal_interface;tmem_ffa;uarthub_drv;ufs_mediatek_mod;usb_offload;vcp;wlan_drv_gen4m_6878;xhci_mtk_hcd_v2,182,182,0,1,0,0,1,1,1,1,aw36515;aw36518;aw36518_v2;aw883xx_driver;focaltech_touch_spi_ft3680
pm_runtime_enable,0x6a902ced,KERNEL_OR_BUILTIN,,0,8250_mtk;apu_top;apusys;aw36515;aw36518;aw36518_v2;camera_dpe_isp7sp;ccci_md_all;clk_common;clk_disable_unused;cmdq_sec_drv;conninfra;dw9781c;hci_uart;mali_kbase_mt6878_r44;mdp_drv_mt6878;mediatek_drm;mtk_aie;mtk_cam_isp7sp;mtk_ccuv;mtk_cmdq_drv_ext;mtk_dpc;mtk_imgsys_v4l2;mtk_iommu;mtk_ipesys_me;mtk_jpeg;mtk_mmc;mtk_mmdvfs_v3;mtk_mminfra_debug;mtk_mml;mtk_pm_domain_disable_unused;mtk_scpsys_bringup;mtk_smi;mtk_vcodec_dec_v1;mtk_vcodec_enc_v1;mtk_vmm_notifier;mtu3;pda_drv_mt6878;snd_soc_audiodsp_common;snd_soc_mt6878_afe;snd_soc_mtk_scp_ultra;spi_mt65xx;ufs_mediatek_mod;usbnet;vcp;xhci_mtk_hcd_v2,46,46,0,1,0,0,1,1,1,1,aw36515;aw36518;aw36518_v2
pm_runtime_force_resume,0xc4585928,KERNEL_OR_BUILTIN,,0,aw36518;aw36518_v2;dw9781c;mtk_cam_isp7sp;mtk_iommu;mtk_mmc,6,6,0,1,0,0,1,1,1,1,aw36518;aw36518_v2
pm_runtime_force_suspend,0xe47cf318,KERNEL_OR_BUILTIN,,0,aw36518;aw36518_v2;dw9781c;mtk_cam_isp7sp;mtk_iommu;mtk_mmc,6,6,0,1,0,0,1,1,1,1,aw36518;aw36518_v2
pm_wakeup_ws_event,0x43b33a8d,KERNEL_OR_BUILTIN,,0,bt_drv_6878;ccci_md_all;ccmni;focaltech_touch_spi_ft3680;microarray_fp_tee;mt6369_accdet;mtk_vow;sensorhub;st21nfc;usb_boost;wlan_drv_gen4m_6878,11,11,0,1,0,0,1,1,1,1,focaltech_touch_spi_ft3680
power_supply_get_by_name,0x60e98d99,KERNEL_OR_BUILTIN,,0,aw883xx_driver;ccci_md_all;charger_cooling;extcon_mtk_usb;imgsensor;leds_rgb_aw2013;mt6375_auxadc;mt6375_battery;mt6375_charger;mtk_cg_peak_power_throttling;mtk_charger_framework;mtk_dynamic_loading_throttling;mtk_low_battery_throttling;mtk_mbraink;mtk_pbm;mtk_pd_charging;mtk_peak_power_budget;mtk_pep;mtk_pep40;mtk_pep50;mtk_perf_common;mtk_spmi_pmic_adc;mtu3;sh366003_fg;tcpc_class,25,25,0,1,0,0,1,1,1,1,aw883xx_driver
power_supply_get_property,0xd351924c,KERNEL_OR_BUILTIN,,0,aw883xx_driver;ccci_md_all;extcon_mtk_usb;leds_rgb_aw2013;mt6375_auxadc;mt6375_battery;mt6375_charger;mtk_bp_thl;mtk_cg_peak_power_throttling;mtk_charger_framework;mtk_dynamic_loading_throttling;mtk_low_battery_throttling;mtk_mbraink;mtk_pbm;mtk_pd_charging;mtk_peak_power_budget;mtk_pep;mtk_pep40;mtk_pep50;mtk_perf_common;mtk_spmi_pmic_adc;sh366003_fg;tcpc_class,23,23,0,1,0,0,1,1,1,1,aw883xx_driver
prepare_to_wait_event,0x8c26d495,KERNEL_OR_BUILTIN,,0,adsp;apusys;atf_logger;audio_ipi;bluetooth;bt_drv_6878;ccci_dpmaif;ccci_md_all;ccci_util_lib;ccd_rpmsg;cfg80211;conninfra;connscp;cqhci;drm_display_helper;fingerprint;fmradio_drv_connac2x;focaltech_touch_spi_ft3680;gps_drv_dl_v051;gz_ipc_mod;hci_uart;hf_manager;hidp;ieee802154;mali_kbase_mt6878_r44;mddp;mdp_drv_mt6878;mediatek_drm;microarray_fp_tee;mmqos_common;monitor_hang;mt6375_battery;mtk_aie;mtk_bp_thl;mtk_btcvsd;mtk_c2ps;mtk_cam_isp7sp;mtk_ccuv;mtk_charger_framework;mtk_chg_type_det;mtk_cmdq_drv_ext;mtk_dpc;mtk_dynamic_loading_throttling;mtk_fpsgo;mtk_hcp;mtk_imgsys_v4l2;mtk_low_battery_throttling;mtk_mml;mtk_pep50;mtk_soc_offload_common;mtk_vcodec_common;mtk_vcodec_dec_v1;mtk_vcodec_enc_v1;mtk_vcu;mtk_vow;pda_drv_mt6878;powerhal_cpu_ctrl;rfkill;scp;slcan;snd_soc_audiodsp_common;system_heap;tcpc_class;tcpc_mt6375;tkcore;touch_boost;usbserial;wlan_drv_gen4m_6878;wmt_chrdev_wifi_connac2;wwan;yft_tpd_gesture,71,72,0,1,0,0,1,1,1,1,focaltech_touch_spi_ft3680
proc_create_data,0x7ae3018a,KERNEL_OR_BUILTIN,,0,apusys;cpudvfs;extcon_mtk_usb;focaltech_touch_spi_ft3680;gz_log_mod;hf_manager;iommu_debug;mtk_battery_oc_throttling;mtk_cam_isp7sp;mtk_charger_framework;mtk_heap_debug;mtk_lpm;mtk_swpm;mux_switch;phy_mtk_xsphy;pinctrl_mtk_common_v2_debug;tkcore;usb_logger;xhci_mtk_hcd_v2,19,19,0,1,0,0,1,1,1,1,focaltech_touch_spi_ft3680
proc_remove,0xce01cfc4,KERNEL_OR_BUILTIN,,0,8021q;apusys;blocktag;bt_drv_6878;conninfra;focaltech_touch_spi_ft3680;gps_drv_dl_v051;gz_log_mod;log_store;mediatek_drm;met;mmprofile;mtk_cam_isp7sp;mtk_hcp;mtk_heap_debug;mtk_lpm;mtk_printk_ctrl;mtk_swpm;mux_switch;phy_mtk_xsphy;pidmap;tkcore;uarthub_drv;usb_logger;xhci_mtk_hcd_v2,25,25,0,1,0,0,1,1,1,1,focaltech_touch_spi_ft3680
queue_delayed_work_on,0xbf57e89e,KERNEL_OR_BUILTIN,,0,adsp;apu_top;apusys;aw883xx_driver;bluetooth;bt_drv_6878;c2k_usb;can_dev;ccci_md_all;ccmni;cdc_acm;cfg80211;cpuqos_v3;extcon_mtk_usb;focaltech_touch_spi_ft3680;hci_uart;load_track;mac80211;mali_kbase_mt6878_r44;mdp_drv_mt6878;met;mmqos_common;mrdump;mt6363_regulator;mt6369_regulator;mt6375_charger;mtk_cm_mgr;mtk_cm_mgr_mt6878;mtk_gpu_qos;mtk_jpeg;mtk_perf_common;pd_dbg_info;pmic_lbat_service;r8152;rfkill;sensorhub;sh366003_fg;snd_soc_tfa98xx;spi_tiny_co5300_lcd;tcpc_class;tcpc_mt6375;tipc;tmem_ffa;trace_mmstat;ufs_mediatek_mod;usb_meta;wlan_drv_gen4m_6878,47,48,0,1,0,0,1,1,1,1,aw883xx_driver;focaltech_touch_spi_ft3680
queue_work_on,0x732ac580,KERNEL_OR_BUILTIN,,0,8250_mtk;adsp;aee_aed;aee_hangdet;apu_top;apusys;blocktag;bluetooth;bt_drv_6878;btsdio;bus_parity;c2k_usb;cache_parity;camera_dpe_isp7sp;ccci_ccif;ccci_fsm_scp;ccci_md_all;cfg80211;cmdq_sec_drv;connadp;conninfra;connscp;dbg_error_flag;drm_display_helper;dw9781c;emi_mpu;fmradio_drv_connac2x;focaltech_touch_spi_ft3680;ged;gpueb;gzvm;hci_uart;hidp;hynitron;l2tp_core;mac80211;mac802154;mali_kbase_mt6878_r44;mcupm;mddp;mdp_drv_mt6878;mediatek_drm;microarray_fp_tee;mt6369_accdet;mt6375_auxadc;mt6375_battery;mt6375_charger;mtk_aie;mtk_bp_thl;mtk_cam_isp7sp;mtk_cg_peak_power_throttling;mtk_cmdq_drv_ext;mtk_core_ctl;mtk_fpsgo;mtk_imgsys_v4l2;mtk_low_battery_throttling;mtk_lpm;mtk_lpm_dbg_common_v2;mtk_mbraink;mtk_mmc;mtk_mmdvfs_debug;mtk_mmdvfs_v3;mtk_mml;mtk_peak_power_budget;mtk_swpm_dbg_v6878;mtk_u_ether;mtk_vcodec_common;mtk_vcodec_dec_v1;mtk_vcodec_enc_v1;mtu3;nfc;phy_mtk_xsphy;regulator_vibrator;rfkill;rtc_mt6685;scheduler;scp;sensorhub;slcan;smpu;sspm_v3;st21nfc;tcpc_class;tipc;touch_boost;uarthub_drv;ufs_mediatek_mod;usb_boost;usb_meta;usbnet;usbserial;vcp;wlan_drv_gen4m_6878;zsmalloc,94,95,0,1,0,0,1,1,1,1,focaltech_touch_spi_ft3680
regmap_read,0xe4fcaad8,KERNEL_OR_BUILTIN,,0,aw36515;aw36518;aw36518_v2;ccci_dpmaif;ccci_md_all;clk_chk_mt6878;clk_common;clkbuf;conninfra;gps_drv_dl_v051;leds_rgb_aw2013;log_store;mt6315_regulator;mt6338_core;mt6363_regulator;mt6369_accdet;mt6369_regulator;mt6375;mt6375_adc;mt6375_auxadc;mt6375_battery;mt6375_charger;mt6878_mt6369;mtk_battery_oc_throttling;mtk_charger_framework;mtk_dvfsrc_helper;mtk_dynamic_loading_throttling;mtk_iommu;mtk_pmic_keys;mtk_scpsys;mtk_spmi_pmic;mtk_spmi_pmic_adc;mtu3;nvmem_mt635x_efuse;phy_mtk_xsphy;pinctrl_mtk_v2;pmic_lbat_service;pmic_temp;reset_ti_syscon;rt5133_regulator;rt6160_regulator;rtc_mt6685;sc851x_charger;sc8571_charger;scp;snd_soc_audiodsp_common;snd_soc_mt6369;snd_soc_mt6878_afe;snd_soc_mtk_common;snd_soc_mtk_scp_ultra;snd_soc_tfa98xx,51,51,0,1,0,0,1,1,1,1,aw36515;aw36518;aw36518_v2
regmap_update_bits_base,0xb1d8e449,KERNEL_OR_BUILTIN,,0,aw36515;aw36518;aw36518_v2;clk_common;clkbuf;conninfra;leds_rgb_aw2013;mediatek_drm;mt6315_regulator;mt6363_regulator;mt6369_accdet;mt6369_regulator;mt6375_adc;mt6375_auxadc;mt6375_battery;mt6375_charger;mt6685_audclk;mt6878_mt6369;mtk_battery_oc_throttling;mtk_btcvsd;mtk_charger_framework;mtk_dynamic_loading_throttling;mtk_pmic_keys;mtk_pmic_oc_debug;mtk_pwm;mtk_scpsys;mtk_spmi_pmic;mtk_spmi_pmic_adc;mtu3;pinctrl_mtk_v2;pmic_lbat_service;pmic_lvsys_notify;reset_ti_syscon;rt5133_regulator;rt6160_regulator;rtc_mt6685;scp;snd_soc_mt6369;snd_soc_mt6878_afe;snd_soc_mtk_common;snd_soc_mtk_scp_ultra;syscon_reboot_mode;xhci_mtk_hcd_v2,43,43,0,1,0,0,1,1,1,1,aw36515;aw36518;aw36518_v2
regmap_write,0x2971bc8d,KERNEL_OR_BUILTIN,,0,aw36515;aw36518;aw36518_v2;ccci_ccif;ccci_dpmaif;ccci_md_all;clk_common;conninfra;leds_rgb_aw2013;log_store;mt6315_regulator;mt6338_core;mt6363_regulator;mt6369_accdet;mt6369_regulator;mt6375;mt6375_adc;mt6375_auxadc;mt6375_battery;mt6375_charger;mtk_pmic_oc_debug;mtk_scpsys;mtk_spmi_pmic;mtk_spmi_pmic_adc;nvmem_mt635x_efuse;phy_mtk_xsphy;pinctrl_mt6363;pmic_lbat_service;pmic_lvsys_notify;rt5133_regulator;rtc_mt6685;sc851x_charger;sc8571_charger;scp;snd_soc_mt6369;snd_soc_mt6878_afe;snd_soc_mtk_common;snd_soc_mtk_scp_ultra;snd_soc_tfa98xx,39,39,0,1,0,0,1,1,1,1,aw36515;aw36518;aw36518_v2
regulator_count_voltages,0xcebc8bd6,KERNEL_OR_BUILTIN,,0,focaltech_touch_spi_ft3680;mtk_imgsys_cmdq;mtk_mmdvfs_debug,3,3,0,1,0,0,1,1,1,1,focaltech_touch_spi_ft3680
regulator_disable,0x8b37c47c,KERNEL_OR_BUILTIN,,0,apu_top;conninfra;dw9781c;extcon_mtk_usb;focaltech_touch_spi_ft3680;imgsensor;main2_vcm;main3_vcm;main4_vcm;main_vcm;microarray_fp_tee;mt6375_auxadc;mtk_imgsys_cmdq;mtk_imgsys_v4l2;mtk_irtx_pwm;mtk_mmc;mtk_scpsys;mtk_spmi_pmic_adc;mtk_vmm_isp71_regulator;mtu3;regulator_vibrator;snd_soc_mt6369;sub_vcm;ufs_mediatek_mod,24,24,0,1,0,0,1,1,1,1,focaltech_touch_spi_ft3680
regulator_enable,0xe8decd2e,KERNEL_OR_BUILTIN,,0,apu_top;conninfra;dw9781c;extcon_mtk_usb;focaltech_touch_spi_ft3680;imgsensor;main2_vcm;main3_vcm;main4_vcm;main_vcm;microarray_fp_tee;mt6375_auxadc;mtk_imgsys_v4l2;mtk_irtx_pwm;mtk_mmc;mtk_scpsys;mtk_spmi_pmic_adc;mtk_vmm_isp71_regulator;mtu3;regulator_vibrator;scp;snd_soc_mt6369;sub_vcm;ufs_mediatek_mod,24,24,0,1,0,0,1,1,1,1,focaltech_touch_spi_ft3680
regulator_get,0x7bfbbb52,KERNEL_OR_BUILTIN,,0,apu_top;focaltech_touch_spi_ft3680;microarray_fp_tee;mtk_mmdvfs;mtk_ssc;scp;ufs_mediatek_mod;wlan_drv_gen4m_6878,8,8,0,1,0,0,1,1,1,1,focaltech_touch_spi_ft3680
regulator_put,0xe17b85db,KERNEL_OR_BUILTIN,,0,apu_top;focaltech_touch_spi_ft3680;mali_kbase_mt6878_r44,3,3,0,1,0,0,1,1,1,1,focaltech_touch_spi_ft3680
regulator_set_voltage,0xee5baf2d,KERNEL_OR_BUILTIN,,0,apu_top;ccci_md_all;conninfra;extcon_mtk_usb;focaltech_touch_spi_ft3680;imgsensor;mali_kbase_mt6878_r44;mdp_drv_mt6878;mediatek_drm;microarray_fp_tee;mmqos_common;mtk_cam_isp7sp;mtk_dvfsrc_helper;mtk_imgsys_cmdq;mtk_irtx_pwm;mtk_jpeg;mtk_mmc;mtk_mmdvfs;mtk_mmdvfs_debug;mtk_mml;mtk_ssc;mtk_vcodec_dec_v1;mtk_vcodec_enc_v1;mtk_vmm_isp71_regulator;regulator_vibrator;scp;ufs_mediatek_mod;usb_boost;wlan_drv_gen4m_6878,29,29,0,1,0,0,1,1,1,1,focaltech_touch_spi_ft3680
release_firmware,0xc6d09aa9,KERNEL_OR_BUILTIN,,0,aw883xx_driver;bt_drv_6878;btbcm;btqca;cfg80211;connfem;conninfra;fmradio_drv_connac2x;focaltech_touch_spi_ft3680;hci_uart;mali_kbase_mt6878_r44;r8152;snd_soc_tfa98xx;wlan_drv_gen4m_6878,14,14,0,1,0,0,1,1,1,1,aw883xx_driver;focaltech_touch_spi_ft3680
request_firmware,0x9c3fdf15,KERNEL_OR_BUILTIN,,0,aw883xx_driver;bt_drv_6878;btqca;cfg80211;conninfra;fmradio_drv_connac2x;focaltech_touch_spi_ft3680;hci_uart;mali_kbase_mt6878_r44;r8152;snd_soc_tfa98xx;wlan_drv_gen4m_6878,12,12,0,1,0,0,1,1,1,1,aw883xx_driver;focaltech_touch_spi_ft3680
request_threaded_irq,0x92d5838e,KERNEL_OR_BUILTIN,,0,8250_mtk;adsp;apusys;bt_drv_6878;camera_dpe_isp7sp;ccci_ccif;ccci_dpmaif;ccci_md_all;clk_common;connadp;conninfra;emi_mpu;fmradio_drv_connac2x;focaltech_touch_spi_ft3680;gps_drv_dl_v051;gz_irq_mod;hynitron;mali_kbase_mt6878_r44;mediatek_drm;microarray_fp_tee;mt6375_auxadc;mt6375_battery;mtk_lpm_plat_v1;mtk_mbox;mtk_mbox_mailbox;mtk_uart_apdma;pda_drv_mt6878;scp;smpu;spi_tiny_co5300_lcd;tkcore;uarthub_drv;vcp;wlan_drv_gen4m_6878;xhci_mtk_hcd_v2,35,35,0,1,0,0,1,1,1,1,focaltech_touch_spi_ft3680
schedule,0x01000e51,KERNEL_OR_BUILTIN,,0,apusys;audio_ipi;bt_drv_6878;ccci_dpmaif;ccci_md_all;ccci_util_lib;ccd_rpmsg;cdc_acm;cfg80211;conninfra;connscp;cqhci;fmradio_drv_connac2x;focaltech_touch_spi_ft3680;ged;gps_drv_dl_v051;gz_ipc_mod;hidp;ieee802154;mali_kbase_mt6878_r44;mddp;mediatek_drm;microarray_fp_tee;monitor_hang;mt6375_battery;mtk_bp_thl;mtk_c2ps;mtk_cam_isp7sp;mtk_charger_framework;mtk_chg_type_det;mtk_cmdq_drv_ext;mtk_core_ctl;mtk_dpc;mtk_dynamic_loading_throttling;mtk_fpsgo;mtk_imgsys_v4l2;mtk_low_battery_throttling;mtk_mml;mtk_pep50;mtk_soc_offload_common;mtk_vcodec_dec_v1;mtk_vcodec_enc_v1;mtk_vcu;mtk_vow;powerhal_cpu_ctrl;ppp_generic;rfkill;scheduler;scp;system_heap;tcpc_class;tcpc_mt6375;tkcore_drv;touch_boost;usbserial;wlan_drv_gen4m_6878;wmt_chrdev_wifi_connac2;wwan;yft_tpd_gesture,59,59,0,1,0,0,1,1,1,1,focaltech_touch_spi_ft3680
schedule_timeout,0x8ddd8aad,KERNEL_OR_BUILTIN,,0,adsp;apusys;atf_logger;audio_ipi;bluetooth;bt_drv_6878;ccci_md_all;ccd_rpmsg;conninfra;cqhci;drm_display_helper;fingerprint;fmradio_drv_connac2x;focaltech_touch_spi_ft3680;gps_drv_dl_v051;hci_uart;hf_manager;hidp;mali_kbase_mt6878_r44;mdp_drv_mt6878;mediatek_drm;mmqos_common;monitor_hang;mtk_aie;mtk_btcvsd;mtk_cam_isp7sp;mtk_ccuv;mtk_hcp;mtk_imgsys_v4l2;mtk_mml;mtk_soc_offload_common;mtk_vcodec_common;mtk_vcodec_dec_v1;mtk_vcodec_enc_v1;mtk_vcu;mtk_vow;nfc;pda_drv_mt6878;slcan;snd_soc_audiodsp_common;tcpc_class;tkcore;usbnet,43,44,0,1,0,0,1,1,1,1,focaltech_touch_spi_ft3680
snd_pcm_format_width,0xe56a9336,KERNEL_OR_BUILTIN,,0,aw883xx_driver;snd_soc_tfa98xx,2,2,0,1,0,0,1,1,1,1,aw883xx_driver
snd_soc_add_component_controls,0x63fdd47f,KERNEL_OR_BUILTIN,,0,aw883xx_driver;mtk_btcvsd;mtk_soc_offload_common;snd_soc_audiodsp_common;snd_soc_mt6369;snd_soc_mt6878_afe;snd_soc_mtk_common;snd_soc_mtk_scp_ultra;snd_soc_tfa98xx,9,9,0,1,0,0,1,1,1,1,aw883xx_driver
snd_soc_dapm_add_routes,0xb38ef37d,KERNEL_OR_BUILTIN,,0,aw883xx_driver;snd_soc_mtk_common;snd_soc_tfa98xx,3,3,0,1,0,0,1,1,1,1,aw883xx_driver
snd_soc_dapm_new_controls,0x96388807,KERNEL_OR_BUILTIN,,0,aw883xx_driver;snd_soc_mtk_common;snd_soc_tfa98xx,3,3,0,1,0,0,1,1,1,1,aw883xx_driver
snd_soc_info_volsw,0xb0fbae85,KERNEL_OR_BUILTIN,,0,aw883xx_driver;mtk_soc_offload_common;snd_soc_audiodsp_common;snd_soc_mt6369;snd_soc_mt6878_afe;snd_soc_mtk_scp_ultra,6,6,0,1,0,0,1,1,1,1,aw883xx_driver
snd_soc_register_component,0x94646ac0,KERNEL_OR_BUILTIN,,0,aw883xx_driver;mtk_soc_offload_common;snd_soc_audiodsp_common;snd_soc_mtk_scp_ultra,4,4,0,1,0,0,1,1,1,1,aw883xx_driver
snd_soc_unregister_component,0x4a46772b,KERNEL_OR_BUILTIN,,0,aw883xx_driver;snd_soc_mtk_scp_ultra;snd_soc_tfa98xx,3,3,0,1,0,0,1,1,1,1,aw883xx_driver
snprintf,0x656e4a6e,KERNEL_OR_BUILTIN,,0,8021q;8250_mtk;adapter_class;adsp;aee_aed;aee_hangdet;apu_top;apusys;aqc111;asix;audio_ipi;aw36515;aw36518;aw36518_v2;aw883xx_driver;backlight_cooling;blocktag;bluetooth;bt_drv_6878;btbcm;btqca;bus_parity;c2k_usb;camera_dpe_isp7sp;camera_eeprom_v4l2;ccci_ccif;ccci_dpmaif;ccci_md_all;ccci_util_lib;ccd_rpmsg;cfg80211;charger_class;charger_cooling;clk_common;clkbuf;cmdq_sec_drv;connadp;connfem;conninfra;cpuqos_v3;drm_display_helper;emi;emi_mpu;extdev_io_class;flashlight;focaltech_touch_spi_ft3680;frs;ged;gps_drv_dl_v051;gpueb;gz_ipc_mod;gz_virtio_mod;gzvm;hci_uart;hidp;hynitron;imgsensor;iommu_debug;irq_dbg;last_bus;leds_mtk;mac80211;mali_kbase_mt6878_r44;mcupm;md_cooling_all;mddp;mdp_drv_mt6878;mediatek_drm;mediatek_drm_gateic;mediatek_drm_panel_drv;met;microarray_fp_tee;mmprofile;mmqos_common;mrdump;mt6369_accdet;mt6375_battery;mtk_aie;mtk_c2ps;mtk_cam_isp7sp;mtk_ccuv;mtk_cg_peak_power_throttling;mtk_charger_framework;mtk_chg_type_det;mtk_cm_mgr;mtk_cmdq_drv_ext;mtk_core_ctl;mtk_cpu_power_throttling;mtk_dcm;mtk_dpc;mtk_dramc;mtk_dvfsrc_helper;mtk_fpsgo;mtk_gpu_power_throttling;mtk_gpufreq_mt6878;mtk_gpufreq_wrapper;mtk_hcp;mtk_imgsys_cmdq;mtk_imgsys_isp7sp;mtk_imgsys_v4l2;mtk_jpeg;mtk_low_battery_throttling;mtk_lpm_dbg_common_v2;mtk_mbox;mtk_mbraink;mtk_md_power_throttling;mtk_mdpm;mtk_mmc_dbg;mtk_mmdvfs;mtk_mmdvfs_debug;mtk_mmdvfs_v3;mtk_mminfra_debug;mtk_mml;mtk_mml_mt6878;mtk_pd_adapter;mtk_peak_power_budget;mtk_perf_common;mtk_pmic_oc_debug;mtk_scp_audiocommon;mtk_smi;mtk_smi_dbg;mtk_sync;mtk_tinysys_ipi;mtk_u_ether;mtk_uart_apdma;mtk_vcodec_common;mtk_vcodec_dec_v1;mtk_vcodec_enc_v1;mtk_vcu;mtk_vmm_isp71_regulator;mtk_vow;mtk_wp;pd_dbg_info;pinctrl_mtk_v2;powerhal_cpu_ctrl;ppp_generic;r8152;rt_pd_manager;rtl8150;sc851x_charger;sc8571_charger;scheduler;scp;sh366003_fg;slcan;snd_soc_tfa98xx;soc_temp_lvts;spi_mt65xx;sspm_v3;tcpc_class;thermal_interface;thermal_trace;tipc;tkcore;tmem_ffa;touch_boost;uarthub_drv;ufs_mediatek_dbg;ufs_mediatek_mod;usb_boost;usb_logger;usbnet;usbserial;vcp;vtskin_temp;wlan_drv_gen4m_6878;wwan;xhci_mtk_hcd_v2;zram,169,170,0,1,1,0,1,1,1,1,aw36515;aw36518;aw36518_v2;aw883xx_driver;focaltech_touch_spi_ft3680
spi_setup,0x56c1736a,KERNEL_OR_BUILTIN,,0,focaltech_touch_spi_ft3680;microarray_fp_tee,2,2,0,1,0,0,1,1,1,1,focaltech_touch_spi_ft3680
spi_sync,0x8211a422,KERNEL_OR_BUILTIN,,0,focaltech_touch_spi_ft3680;microarray_fp_tee;spi_tiny_co5300_lcd,3,3,0,1,0,0,1,1,1,1,focaltech_touch_spi_ft3680
sprintf,0x3c3ff9fd,KERNEL_OR_BUILTIN,,0,apusys;blocktag;camera_eeprom_v4l2;can_bcm;cdc_acm;cdc_ncm;cfg80211;conninfra;cpufreq_sugov_ext;extcon_mtk_usb;ffa_v10;fmradio_drv_connac2x;focaltech_touch_spi_ft3680;ftdi_sio;ged;gps_drv_dl_v051;gpueb;hynitron;ieee802154;l2tp_core;leds_mtk;mdp_drv_mt6878;mediatek_drm;met;mmprofile;mrdump;mt6369_accdet;mt6375_battery;mtk_bp_thl;mtk_cg_peak_power_throttling;mtk_charger_framework;mtk_dvfsrc_helper;mtk_fpsgo;mtk_imgsys_isp7sp;mtk_imgsys_v4l2;mtk_low_battery_throttling;mtk_mdpm;mtk_pep50;mtk_qos;mtk_usb_f_rndis;mtk_vcodec_dec_v1;mtk_vcodec_enc_v1;mtu3;panel_ky_vtdr6115_dphy_cmd;pmic_lbat_service;rfcomm;rfkill;rpmb;sc8571_charger;sh366003_fg;spmi_mtk_pmif;tipc;tkcore;ufs_mediatek_mod;usb_boost;usb_meta;usbserial;wlan_drv_gen4m_6878;wwan;xhci_mtk_hcd_v2,60,60,0,1,0,0,1,1,1,1,focaltech_touch_spi_ft3680
sscanf,0xbcab6ee6,KERNEL_OR_BUILTIN,,0,aee_aed;apu_top;apusys;aw36515;aw36518;aw36518_v2;aw883xx_driver;bt_drv_6878;cfg80211;clkbuf;cmdq_test;cpudvfs;emi_fake_eng;extcon_mtk_usb;fhctl;flashlight;focaltech_touch_spi_ft3680;gpueb;gz_main_mod;hf_manager;imgsensor;leds_ln2403;mali_kbase_mt6878_r44;md_cooling_all;mediatek_drm;mmqos_common;mt6369_accdet;mtk_battery_oc_throttling;mtk_bp_thl;mtk_c2ps;mtk_cg_peak_power_throttling;mtk_charger_framework;mtk_cm_mgr;mtk_core_ctl;mtk_dcm;mtk_dpc;mtk_dvfsrc_helper;mtk_fpsgo;mtk_gpufreq_wrapper;mtk_heap_debug;mtk_imgsys_cmdq;mtk_low_battery_throttling;mtk_lpm_dbg_common_v2;mtk_mbraink;mtk_mmdvfs_debug;mtk_mmdvfs_v3;mtk_mminfra_debug;mtk_mminfra_imax;mtk_mml;mtk_pbm;mtk_peak_power_budget;mtk_perf_common;mtk_smi_dbg;mtk_ssc_dbg_v2;mtk_swpm_dbg_common_v1;mtk_swpm_dbg_v6878;mtk_usb_f_rndis;panel_ky_vtdr6115_dphy_cmd;pinctrl_mtk_common_v2_debug;sc851x_charger;sc8571_charger;scheduler;scp;sh366003_fg;snd_soc_tfa98xx;thermal_interface;tinysys_scmi;usb_meta;vcp;wlan_drv_gen4m_6878;wwan;yft_tiny2c_usb,72,72,0,1,0,0,1,1,1,1,aw36515;aw36518;aw36518_v2;aw883xx_driver;focaltech_touch_spi_ft3680
strcmp,0xe2d5255a,KERNEL_OR_BUILTIN,,0,8021q;adapter_class;adsp;aee_aed;aee_hangdet;apu_top;apusys;aw883xx_driver;blocktag;bootprof;bt_drv_6878;camera_dpe_isp7sp;ccci_ccif;ccci_md_all;ccci_util_lib;ccd_rpmsg;cfg80211;charger_class;clk_chk_mt6878;clk_common;clkbuf;connfem;conninfra;cpuqos_v3;extcon_mtk_usb;fhctl;fmradio_drv_connac2x;ftdi_sio;ged;gpueb;gz_ipc_mod;gz_main_mod;imgsensor;imgsensor_glue;l2tp_core;log_store;lpm_gov_MHSP;mac80211;mali_kbase_mt6878_r44;mddp;mediatek_drm;mediatek_drm_gateic;mediatek_drm_panel_drv;met;monitor_hang;mrdump;mt6375_battery;mt6878_mt6369;mtk_battery_oc_throttling;mtk_bp_thl;mtk_cam_isp7sp;mtk_charger_algorithm_class;mtk_charger_framework;mtk_cm_mgr;mtk_emi;mtk_fpsgo;mtk_hcp;mtk_heap_debug;mtk_iommu;mtk_jpeg;mtk_low_battery_throttling;mtk_lpm;mtk_lpm_dbg_common_v2;mtk_lpm_plat_v1;mtk_mbraink;mtk_mmc_dbg;mtk_mml;mtk_pbm;mtk_peak_power_budget;mtk_sp_spk_amp;mtk_ssc_dbg_v2;mtk_vcodec_common;mtk_vcodec_dec_v1;mtk_vcodec_enc_v1;mtk_vcu;mtk_wp;mtu3;phy_mtk_xsphy;pidmap;pinctrl_mtk_common_v2_debug;pmic_lbat_service;r8152;reboot_mode;rfkill;scheduler;scp;sec;sh366003_fg;smpu;snd_soc_mt6369;snd_soc_mt6878_afe;snd_soc_mtk_common;snd_soc_tfa98xx;task_turbo;tcpc_class;thermal_interface;tipc;tkcore;ufs_mediatek_dbg;ufs_mediatek_mod;usb_boost;usb_meta;vcp;wlan_drv_gen4m_6878;wwan;xhci_mtk_hcd_v2;yft_devinfo;zram,108,108,0,1,1,0,1,1,1,1,aw883xx_driver
strlen,0x98cf60b3,KERNEL_OR_BUILTIN,,0,adsp;aee_aed;apu_top;apusys;aw883xx_driver;blocktag;bootprof;bt_drv_6878;btbcm;ccci_md_all;ccci_util_lib;cfg80211;charger_cooling;connadp;connfem;conninfra;device_apc_common;drm_display_helper;emi;extdev_io_class;fmradio_drv_connac2x;ged;gps_drv_dl_v051;gz_ipc_mod;ieee802154;imgsensor;last_bus;leds_mtk;mac80211;mac802154;mali_kbase_mt6878_r44;mddp;mdp_drv_mt6878;mediatek_drm;met;mmprofile;mmqos_common;monitor_hang;mrdump;mt6369_accdet;mt6375_battery;mtk_aie;mtk_c2ps;mtk_cam_isp7sp;mtk_charger_framework;mtk_cmdq_drv_ext;mtk_dramc;mtk_fpsgo;mtk_gpufreq_wrapper;mtk_heap_debug;mtk_icc_core;mtk_imgsys_cmdq;mtk_imgsys_isp7sp;mtk_imgsys_v4l2;mtk_lpm_dbg_common_v2;mtk_lpm_dbg_mt6878;mtk_mbox;mtk_mbraink;mtk_perf_common;mtk_rpmsg_mbox;mtk_scpsys;mtk_sync;mtk_u_ether;mtk_usb_f_rndis;mtk_vcodec_common;mtk_vcodec_dec_v1;mtk_vcodec_enc_v1;mtk_vcu;mtu3;nfc;pidmap;pinctrl_mtk_v2;pmic_lbat_service;powerhal_cpu_ctrl;rfkill;scheduler;sec_rng;snd_soc_tfa98xx;spi_mt65xx;tcpc_class;thermal_interface;tipc;tkcore;touch_boost;uload_ind;usb_logger;wifi_cooling;wlan_drv_gen4m_6878;wmt_chrdev_wifi_connac2;wwan;yft_devinfo,91,91,0,1,1,0,1,1,1,1,aw883xx_driver
strncmp,0x5a921311,KERNEL_OR_BUILTIN,,0,adsp;aee_aed;aee_rs;apusys;atf_logger;aw883xx_driver;blocktag;bluetooth;bt_drv_6878;camera_eeprom_v4l2;ccci_md_all;ccci_util_lib;clk_common;connadp;connfem;conninfra;device_apc_common;flashlight;fmradio_drv_connac2x;ged;gz_ipc_mod;imgsensor;leds_mtk;mali_kbase_mt6878_r44;mediatek_drm;met;mmprofile;mmqos_common;monitor_hang;mrdump;mtk_cam_isp7sp;mtk_cg_peak_power_throttling;mtk_dpc;mtk_fpsgo;mtk_gpu_hal;mtk_heap_debug;mtk_lpm_dbg_common_v2;mtk_mmdvfs;mtk_mmdvfs_v3;mtk_mminfra_debug;mtk_pmic_keys;mtk_printk_ctrl;mtk_scpsys;mtk_vcodec_dec_v1;mtu3;nfc;pinctrl_mtk_common_v2_debug;reboot_mode;scp;sec_rng;snd_soc_mt6878_afe;snd_soc_tfa98xx;spi_mt65xx;system_heap;teeperf;thermal_interface;thermal_trace;tmem_ffa;ufs_mediatek_mod;wlan_drv_gen4m_6878;yft_tpd_gesture,61,62,0,1,0,0,1,1,1,1,aw883xx_driver
strnlen,0xa916b694,KERNEL_OR_BUILTIN,,0,8021q;adsp;aee_aed;apu_top;apusys;aw36515;aw883xx_driver;bluetooth;bt_drv_6878;can_bcm;ccci_md_all;ccci_util_lib;cfg80211;connadp;connfem;conninfra;device_apc_common;drm_display_helper;emi_mpu;flashlight;fmradio_drv_connac2x;gps_drv_dl_v051;gz_tz_system;hf_manager;hidp;imgsensor;leds_mtk;mac80211;mali_kbase_mt6878_r44;mddp;mdp_drv_mt6878;mediatek_drm;met;mmprofile;monitor_hang;mrdump;mt6369_accdet;mt6375_battery;mt6375_charger;mt6878_mt6369;mtk_aie;mtk_cam_isp7sp;mtk_dpc;mtk_fpsgo;mtk_imgsys_cmdq;mtk_imgsys_isp7sp;mtk_imgsys_v4l2;mtk_jpeg;mtk_lpm_dbg_common_v2;mtk_lpm_dbg_mt6878;mtk_mbraink;mtk_mml;mtk_u_ether;mtk_vcodec_common;mtk_vcodec_dec_v1;mtk_vcodec_enc_v1;mtk_vcu;powerhal_cpu_ctrl;r8152;scp;sec_rng;sensorhub;slcan;smpu;snd_soc_tfa98xx;spi_mt65xx;tcpc_class;thermal_interface;tipc;tkcore;uarthub_drv;uload_ind;usb_meta;usbnet;wlan_drv_gen4m_6878;xhci_mtk_hcd_v2;yft_devinfo;yft_tpd_gesture;zram,79,80,0,1,0,0,1,1,1,1,aw36515;aw883xx_driver
strscpy,0xdd64e639,KERNEL_OR_BUILTIN,,0,8021q;apu_top;apusys;aqc111;asix;aw36515;aw36518;aw36518_v2;aw883xx_driver;bluetooth;btbcm;camera_af_media;camera_dpe_isp7sp;cfg80211;hidp;leds_mtk;mac80211;mali_kbase_mt6878_r44;mrdump;mt6878_mt6369;mtk_aie;mtk_cam_isp7sp;mtk_imgsys_v4l2;mtk_jpeg;mtk_lpm_dbg_common_v2;mtk_u_ether;mtk_vcodec_common;mtk_vcodec_dec_v1;mtk_vcodec_enc_v1;r8152;rtl8150;sensorhub;tipc;uload_ind;usb_meta;usbnet;zram,37,38,0,1,0,0,1,1,1,1,aw36515;aw36518;aw36518_v2;aw883xx_driver
sysfs_create_file_ns,0x8a1b623e,KERNEL_OR_BUILTIN,,0,apusys;ccci_md_all;connadp;focaltech_touch_spi_ft3680;ged;mali_kbase_mt6878_r44;met;mtk_c2ps;mtk_dcm;mtk_fpsgo;mtk_ssc_dbg_v2,11,11,0,1,0,0,1,1,1,1,focaltech_touch_spi_ft3680
sysfs_create_group,0xf43d4bfe,KERNEL_OR_BUILTIN,,0,apusys;aw883xx_driver;charger_cooling;clkbuf;cpuqos_v3;focaltech_touch_spi_ft3680;hynitron;mali_kbase_mt6878_r44;microarray_fp_tee;mmqos_common;mrdump;mt6375_battery;mtk_cg_peak_power_throttling;mtk_cm_mgr;mtk_core_ctl;mtk_dvfsrc_helper;mtk_perf_common;mtk_qos;mtu3;scheduler;st21nfc;thermal_interface;thermal_trace;ufs_mediatek_mod;usb_boost,25,25,0,1,0,0,1,1,1,1,aw883xx_driver;focaltech_touch_spi_ft3680
sysfs_remove_file_ns,0xfb705284,KERNEL_OR_BUILTIN,,0,apusys;connadp;focaltech_touch_spi_ft3680;ged;mali_kbase_mt6878_r44;met;mtk_c2ps;mtk_fpsgo;mtk_ssc_dbg_v2;st21nfc,10,10,0,1,0,0,1,1,1,1,focaltech_touch_spi_ft3680
sysfs_remove_group,0xf1d806db,KERNEL_OR_BUILTIN,,0,apusys;aw883xx_driver;cpuqos_v3;focaltech_touch_spi_ft3680;hynitron;mali_kbase_mt6878_r44;mmqos_common;mtk_cg_peak_power_throttling;mtk_dvfsrc_helper;mtk_perf_common;mtk_qos;mtu3;scheduler;st21nfc;thermal_interface;thermal_trace;ufs_mediatek_mod,17,17,0,1,0,0,1,1,1,1,aw883xx_driver;focaltech_touch_spi_ft3680
thermal_cooling_device_unregister,0xec93f466,KERNEL_OR_BUILTIN,,0,apu_top;aw36515;aw36518;aw36518_v2;backlight_cooling;charger_cooling;md_cooling_all;wifi_cooling,8,8,0,1,0,0,1,1,1,1,aw36515;aw36518;aw36518_v2
thermal_of_cooling_device_register,0xaaba57f7,KERNEL_OR_BUILTIN,,0,apu_top;aw36515;aw36518;aw36518_v2;backlight_cooling;charger_cooling;md_cooling_all;wifi_cooling,8,8,0,1,0,0,1,1,1,1,aw36515;aw36518;aw36518_v2
usleep_range_state,0xc3055d20,KERNEL_OR_BUILTIN,,0,8250_mtk;adsp;aee_hangdet;apusys;asix;audio_ipi;aw883xx_driver;bt_drv_6878;cdc_ncm;conninfra;custom_ldo_wl2868;drm_display_helper;dw9781c;focaltech_touch_spi_ft3680;gps_drv_dl_v051;gz_tz_system;hci_uart;main2_vcm;main3_vcm;main4_vcm;main_vcm;mediatek_cpufreq_hw;mediatek_drm;mt6315_regulator;mt6369_accdet;mt6375_adc;mt6375_auxadc;mt6375_battery;mt6375_charger;mt6685_audclk;mtk_cam_isp7sp;mtk_ccuv;mtk_dvfsrc;mtk_iommu;mtk_irtx_pwm;mtk_lpm_dbg_common_v2;mtk_mmc;mtk_mmdvfs_v3;mtk_mml;mtk_scp_audiocommon;mtk_scpsys;mtk_smi_dbg;mtk_spmi_pmic_adc;mtk_uart_apdma;mtk_vcodec_dec_v1;mtk_vcodec_enc_v1;mtk_vcu;mtu3;nvmem_mt635x_efuse;panel_ky_vtdr6115_dphy_cmd;pda_drv_mt6878;phy_mtk_xsphy;r8152;reset_ti_syscon;rt6160_regulator;sapu;sensorhub;snd_soc_mt6369;snd_soc_tfa98xx;soc_temp_lvts;st21nfc;sub_vcm;tcpc_class;tcpc_mt6375;tkcore_drv;uarthub_drv;ufs_mediatek_mod;vcp;wlan_drv_gen4m_6878;xhci_mtk_hcd_v2,70,70,0,1,0,0,1,1,1,1,aw883xx_driver;focaltech_touch_spi_ft3680
v4l2_async_register_subdev,0x64ab86bc,KERNEL_OR_BUILTIN,,0,aw36515;aw36518;aw36518_v2;dw9781c;imgsensor;main2_vcm;main3_vcm;main4_vcm;main_vcm;sub_vcm,10,10,0,1,0,0,0,0,1,1,aw36515;aw36518;aw36518_v2
v4l2_ctrl_handler_free,0x2cac929d,KERNEL_OR_BUILTIN,,0,aw36515;aw36518;aw36518_v2;dw9781c;imgsensor;main2_vcm;main3_vcm;main4_vcm;main_vcm;mtk_cam_isp7sp;mtk_imgsys_v4l2;mtk_jpeg;mtk_vcodec_dec_v1;mtk_vcodec_enc_v1;sub_vcm,15,15,0,1,0,0,1,1,1,1,aw36515;aw36518;aw36518_v2
v4l2_ctrl_handler_init_class,0x699e1454,KERNEL_OR_BUILTIN,,0,aw36515;aw36518;aw36518_v2;dw9781c;imgsensor;main2_vcm;main3_vcm;main4_vcm;main_vcm;mtk_cam_isp7sp;mtk_imgsys_v4l2;mtk_jpeg;mtk_vcodec_dec_v1;mtk_vcodec_enc_v1;sub_vcm,15,15,0,1,0,0,1,1,1,1,aw36515;aw36518;aw36518_v2
v4l2_ctrl_new_std,0x8e267b3b,KERNEL_OR_BUILTIN,,0,aw36515;aw36518;aw36518_v2;imgsensor;main2_vcm;main3_vcm;main4_vcm;main_vcm;mtk_imgsys_v4l2;mtk_jpeg;mtk_vcodec_dec_v1;mtk_vcodec_enc_v1;sub_vcm,13,13,0,1,0,0,1,1,1,1,aw36515;aw36518;aw36518_v2
v4l2_ctrl_new_std_menu,0x63b9ef43,KERNEL_OR_BUILTIN,,0,aw36515;aw36518;aw36518_v2;mtk_vcodec_enc_v1,4,4,0,1,0,0,1,1,1,1,aw36515;aw36518;aw36518_v2
v4l2_device_unregister_subdev,0x833bc630,KERNEL_OR_BUILTIN,,0,aw36515;aw36518;aw36518_v2;mtk_cam_isp7sp;mtk_imgsys_v4l2,5,5,0,1,0,0,1,1,1,1,aw36515;aw36518;aw36518_v2
v4l2_subdev_init,0x44e14219,KERNEL_OR_BUILTIN,,0,aw36515;aw36518;aw36518_v2;mtk_cam_isp7sp;mtk_imgsys_v4l2,5,5,0,1,0,0,1,1,1,1,aw36515;aw36518;aw36518_v2
vfree,0x999e8297,KERNEL_OR_BUILTIN,,0,adsp;aee_aed;apusys;audio_ipi;aw883xx_driver;blocktag;bsd_comp;bt_drv_6878;btqca;camera_dpe_isp7sp;ccci_dpmaif;ccci_md_all;ccci_util_lib;clkbuf;conninfra;connscp;fmradio_drv_connac2x;focaltech_touch_spi_ft3680;ged;hci_uart;imgsensor;mali_kbase_mt6878_r44;mddp;mdp_drv_mt6878;mediatek_drm;mmprofile;mtk_aie;mtk_c2ps;mtk_cam_isp7sp;mtk_dramc;mtk_fpsgo;mtk_imgsys_cmdq;mtk_imgsys_v4l2;mtk_mbraink;mtk_mml;mtk_vcodec_dec_v1;mtk_vcodec_enc_v1;mtk_vow;ppp_deflate;pptp;rpmb_mtk;scp;sec;snd_soc_audiodsp_common;spi_tiny_co5300_lcd;system_heap;ufs_mediatek_dbg;vcp;wlan_drv_gen4m_6878;zram,50,50,0,1,0,0,1,1,1,1,aw883xx_driver;focaltech_touch_spi_ft3680
vmalloc,0xd6ee688f,KERNEL_OR_BUILTIN,,0,adsp;aee_aed;audio_ipi;blocktag;bsd_comp;bt_drv_6878;btqca;camera_dpe_isp7sp;ccci_dpmaif;ccci_md_all;ccci_util_lib;clkbuf;conninfra;connscp;fmradio_drv_connac2x;focaltech_touch_spi_ft3680;ged;hci_uart;imgsensor;iommu_debug;mali_kbase_mt6878_r44;mddp;mediatek_drm;mmprofile;mt6375_battery;mtk_c2ps;mtk_cam_isp7sp;mtk_dramc;mtk_fpsgo;mtk_mbraink;mtk_mml;mtk_vow;ppp_deflate;scp;sec;snd_soc_audiodsp_common;spi_tiny_co5300_lcd;system_heap;vcp;wlan_drv_gen4m_6878,40,40,0,1,0,0,1,1,1,1,focaltech_touch_spi_ft3680
vzalloc,0x40a9b349,KERNEL_OR_BUILTIN,,0,adsp;aee_aed;apusys;aw883xx_driver;gpueb;mali_kbase_mt6878_r44;mediatek_drm;mtk_cam_isp7sp;mtk_cmdq_drv_ext;mtk_fpsgo;mtk_imgsys_cmdq;mtk_imgsys_v4l2;mtk_vcodec_dec_v1;mtk_vcodec_enc_v1;pptp;rpmb_mtk;scp;vcp;zram,19,19,0,1,0,0,1,1,1,1,aw883xx_driver
wakeup_source_register,0x8be45c3b,KERNEL_OR_BUILTIN,,0,adsp;apu_top;apusys;bt_drv_6878;c2k_usb;ccci_md_all;ccmni;conninfra;fmradio_drv_connac2x;focaltech_touch_spi_ft3680;gps_drv_dl_v051;gz_tz_system;imgsensor;leds_ln2403;mdp_drv_mt6878;microarray_fp_tee;mt6369_accdet;mt6375_auxadc;mt6375_battery;mtk_bp_thl;mtk_charger_framework;mtk_dynamic_loading_throttling;mtk_lpm;mtk_mml;mtk_pep;mtk_pep40;mtk_pmic_keys;mtk_soc_offload_common;mtk_vow;rtc_mt6685;scp;sensorhub;snd_soc_audiodsp_common;snd_soc_mtk_scp_ultra;spmi_mtk_pmif;st21nfc;ufs_mediatek_mod;usb_boost;vcp;wlan_drv_gen4m_6878,40,40,0,1,0,0,1,1,1,1,focaltech_touch_spi_ft3680
wakeup_source_unregister,0xb511937b,KERNEL_OR_BUILTIN,,0,apu_top;apusys;bt_drv_6878;conninfra;fmradio_drv_connac2x;focaltech_touch_spi_ft3680;gps_drv_dl_v051;imgsensor;mdp_drv_mt6878;mtk_mml;mtk_vow;sensorhub;st21nfc;wlan_drv_gen4m_6878,14,14,0,1,0,0,1,1,1,1,focaltech_touch_spi_ft3680
