symbol,crc,provider_kind,provider_modules,provider_module_count,consumer_modules,consumer_module_count,import_record_count,in_kernel_base,in_kernel_mtk,in_kernel_nothing,in_device_base,in_device_mtk,in_device_mtk_union,in_kernel_nothing_union,in_any_published_nothing_list
DAL_Clean,0x79809043,STOCK_MODULE,mediatek_drm,1,aee_rs,1,1,0,0,0,0,0,0,0,0
DAL_Printf,0xf977571c,STOCK_MODULE,mediatek_drm,1,aee_rs,1,1,0,0,0,0,0,0,0,0
DAL_SetColor,0x10839f69,STOCK_MODULE,mediatek_drm,1,aee_rs,1,1,0,0,0,0,0,0,0,0
DAL_SetScreenColor,0xd8ff81bb,STOCK_MODULE,mediatek_drm,1,aee_rs,1,1,0,0,0,0,0,0,0,0
KREE_AppendSecureMultichunkmem,0x9a19c31a,STOCK_MODULE,gz_tz_system,1,gz_main_mod;tmem_ffa,2,2,0,0,0,0,0,0,0,0
KREE_CloseSession,0x5878d629,STOCK_MODULE,gz_tz_system,1,cmdq_sec_drv;gz_main_mod;mtk_cam_isp7sp;sapu;tmem_ffa,5,5,0,0,0,0,0,0,0,0
KREE_ConfigSecureMultiChunkMemInfo,0xbdb6a34b,STOCK_MODULE,gz_tz_system,1,tmem_ffa,1,1,0,0,0,0,0,0,0,0
KREE_CreateSession,0x552d4efc,STOCK_MODULE,gz_tz_system,1,cmdq_sec_drv;gz_main_mod;mtk_cam_isp7sp;sapu;tmem_ffa,5,5,0,0,0,0,0,0,0,0
KREE_ION_AllocChunkmem,0x3d5d5254,STOCK_MODULE,gz_tz_system,1,gz_main_mod;tmem_ffa,2,2,0,0,0,0,0,0,0,0
KREE_ION_QueryChunkmem_TEST,0x14085470,STOCK_MODULE,gz_tz_system,1,gz_main_mod,1,1,0,0,0,0,0,0,0,0
KREE_ION_ReferenceChunkmem,0x5df7236c,STOCK_MODULE,gz_tz_system,1,gz_main_mod,1,1,0,0,0,0,0,0,0,0
KREE_ION_UnreferenceChunkmem,0x8dceb484,STOCK_MODULE,gz_tz_system,1,gz_main_mod;tmem_ffa,2,2,0,0,0,0,0,0,0,0
KREE_ION_ZallocChunkmem,0x0175c8da,STOCK_MODULE,gz_tz_system,1,gz_main_mod;tmem_ffa,2,2,0,0,0,0,0,0,0,0
KREE_RegisterSharedmem,0xfbdd82be,STOCK_MODULE,gz_tz_system,1,cmdq_sec_drv;gz_main_mod,2,2,0,0,0,0,0,0,0,0
KREE_ReleaseSecureMultichunkmem,0x44781e48,STOCK_MODULE,gz_tz_system,1,gz_main_mod;tmem_ffa,2,2,0,0,0,0,0,0,0,0
KREE_TeeServiceCall,0xec19e146,STOCK_MODULE,gz_tz_system,1,gz_main_mod;mtk_cam_isp7sp;sapu;tmem_ffa,4,4,0,0,0,0,0,0,0,0
KREE_TeeServiceCallPlus,0xf45addc2,STOCK_MODULE,gz_tz_system,1,cmdq_sec_drv;gz_main_mod,2,2,0,0,0,0,0,0,0,0
KREE_UnregisterSharedmem,0xd9a6d5ea,STOCK_MODULE,gz_tz_system,1,cmdq_sec_drv;gz_main_mod,2,2,0,0,0,0,0,0,0,0
MTKGPUQoS_mode,0x50d37958,STOCK_MODULE,mtk_gpu_qos,1,ged,1,1,0,0,0,0,0,0,0,0
MTKGPUQoS_setup,0x2cdce23b,STOCK_MODULE,mtk_gpu_qos,1,ged,1,1,0,0,0,0,0,0,0,0
RingBuf_Bridge_update_writeptr,0xe797699b,STOCK_MODULE,snd_soc_audiodsp_common,1,mtk_soc_offload_common,1,1,0,0,0,0,0,0,0,0
RingBuf_Reset,0x1470f6d6,STOCK_MODULE,snd_soc_audiodsp_common,1,mtk_soc_offload_common,1,1,0,0,0,0,0,0,0,0
RingBuf_copyFromUserLinear,0x2220af5a,STOCK_MODULE,snd_soc_audiodsp_common,1,mtk_soc_offload_common,1,1,0,0,0,0,0,0,0,0
RingBuf_getDataCount,0xfc41cedb,STOCK_MODULE,snd_soc_audiodsp_common,1,mtk_soc_offload_common,1,1,0,0,0,0,0,0,0,0
RingBuf_getFreeSpace,0xfddb6c8d,STOCK_MODULE,snd_soc_audiodsp_common,1,mtk_soc_offload_common,1,1,0,0,0,0,0,0,0,0
RingBuf_update_writeptr,0x1f13c252,STOCK_MODULE,snd_soc_audiodsp_common,1,mtk_soc_offload_common,1,1,0,0,0,0,0,0,0,0
TEEC_CloseSession,0xcb193c37,STOCK_MODULE,tkcore,1,tmem_ffa,1,1,0,0,0,0,0,0,0,0
TEEC_FinalizeContext,0x7b3bc43f,STOCK_MODULE,tkcore,1,tmem_ffa,1,1,0,0,0,0,0,0,0,0
TEEC_InitializeContext,0x89b94f9a,STOCK_MODULE,tkcore,1,tmem_ffa,1,1,0,0,0,0,0,0,0,0
TEEC_InvokeCommand,0x202b681e,STOCK_MODULE,tkcore,1,tmem_ffa,1,1,0,0,0,0,0,0,0,0
TEEC_OpenSession,0xe821e2a3,STOCK_MODULE,tkcore,1,tmem_ffa,1,1,0,0,0,0,0,0,0,0
TEEC_RegisterSharedMemory,0xa7bb0a46,STOCK_MODULE,tkcore,1,tmem_ffa,1,1,0,0,0,0,0,0,0,0
TEEC_ReleaseSharedMemory,0xc4d15e1c,STOCK_MODULE,tkcore,1,tmem_ffa,1,1,0,0,0,0,0,0,0,0
UARTHUB_assert_state_ctrl,0x19383ede,STOCK_MODULE,uarthub_drv,1,8250_mtk,1,1,0,0,0,0,0,0,0,0
UARTHUB_bypass_mode_ctrl,0xd052e99a,STOCK_MODULE,uarthub_drv,1,8250_mtk,1,1,0,0,0,0,0,0,0,0
UARTHUB_close,0x964a0a78,STOCK_MODULE,uarthub_drv,1,8250_mtk,1,1,0,0,0,0,0,0,0,0
UARTHUB_config_external_baud_rate,0xdaf110bb,STOCK_MODULE,uarthub_drv,1,8250_mtk,1,1,0,0,0,0,0,0,0,0
UARTHUB_config_internal_baud_rate,0x47ae886e,STOCK_MODULE,uarthub_drv,1,8250_mtk,1,1,0,0,0,0,0,0,0,0
UARTHUB_debug_dump_tx_rx_count,0xe0a2ae03,STOCK_MODULE,uarthub_drv,1,8250_mtk,1,1,0,0,0,0,0,0,0,0
UARTHUB_dev0_clear_rx_request,0x237c97de,STOCK_MODULE,uarthub_drv,1,8250_mtk,1,1,0,0,0,0,0,0,0,0
UARTHUB_dev0_clear_tx_request,0xa75f0a0b,STOCK_MODULE,uarthub_drv,1,8250_mtk,1,1,0,0,0,0,0,0,0,0
UARTHUB_dev0_clear_txrx_request,0xd358d67a,STOCK_MODULE,uarthub_drv,1,8250_mtk,1,1,0,0,0,0,0,0,0,0
UARTHUB_dev0_is_uarthub_ready,0x335a6bfa,STOCK_MODULE,uarthub_drv,1,8250_mtk,1,1,0,0,0,0,0,0,0,0
UARTHUB_dev0_set_rx_request,0xf8c23624,STOCK_MODULE,uarthub_drv,1,8250_mtk,1,1,0,0,0,0,0,0,0,0
UARTHUB_dev0_set_tx_request,0x7ce1abf1,STOCK_MODULE,uarthub_drv,1,8250_mtk,1,1,0,0,0,0,0,0,0,0
UARTHUB_dev0_set_txrx_request,0x9cda978d,STOCK_MODULE,uarthub_drv,1,8250_mtk,1,1,0,0,0,0,0,0,0,0
UARTHUB_dump_debug_info,0x95ee018e,STOCK_MODULE,uarthub_drv,1,8250_mtk,1,1,0,0,0,0,0,0,0,0
UARTHUB_dump_debug_info_with_tag,0x17351324,STOCK_MODULE,uarthub_drv,1,8250_mtk,1,1,0,0,0,0,0,0,0,0
UARTHUB_get_host_set_fw_own_status,0x15e361da,STOCK_MODULE,uarthub_drv,1,8250_mtk,1,1,0,0,0,0,0,0,0,0
UARTHUB_get_host_wakeup_status,0xf876842c,STOCK_MODULE,uarthub_drv,1,8250_mtk,1,1,0,0,0,0,0,0,0,0
UARTHUB_get_uart_cmm_rx_count,0x8c068ca1,STOCK_MODULE,uarthub_drv,1,8250_mtk,1,1,0,0,0,0,0,0,0,0
UARTHUB_irq_register_cb,0x32394bdc,STOCK_MODULE,uarthub_drv,1,8250_mtk,1,1,0,0,0,0,0,0,0,0
UARTHUB_is_assert_state,0xb4fb20eb,STOCK_MODULE,uarthub_drv,1,8250_mtk,1,1,0,0,0,0,0,0,0,0
UARTHUB_is_bypass_mode,0xdeb7012b,STOCK_MODULE,uarthub_drv,1,8250_mtk,1,1,0,0,0,0,0,0,0,0
UARTHUB_md_adsp_fifo_ctrl,0x6c636d5c,STOCK_MODULE,uarthub_drv,1,8250_mtk,1,1,0,0,0,0,0,0,0,0
UARTHUB_open,0x110098f6,STOCK_MODULE,uarthub_drv,1,8250_mtk,1,1,0,0,0,0,0,0,0,0
UARTHUB_reset_flow_control,0x35c4f1ce,STOCK_MODULE,uarthub_drv,1,8250_mtk,1,1,0,0,0,0,0,0,0,0
UARTHUB_sw_reset,0xe2b1b6a2,STOCK_MODULE,uarthub_drv,1,8250_mtk,1,1,0,0,0,0,0,0,0,0
__ClearPageMovable,0xb4e74d22,KERNEL_OR_BUILTIN,,0,mali_kbase_mt6878_r44;zsmalloc,2,2,0,1,0,0,1,1,1,1
__SetPageMovable,0xe8b6d861,KERNEL_OR_BUILTIN,,0,zsmalloc,1,1,0,1,0,0,1,1,1,1
___drm_dbg,0x7e3277f8,KERNEL_OR_BUILTIN,,0,drm_display_helper;drm_dma_helper;mediatek_drm,3,3,0,1,0,0,0,0,1,1
___pskb_trim,0x45b20f13,KERNEL_OR_BUILTIN,,0,mac80211;tipc,2,2,0,1,0,0,0,0,1,1
___ratelimit,0x1d24c881,KERNEL_OR_BUILTIN,,0,adsp;aee_aed;apu_top;apusys;bluetooth;bus_parity;c2k_usb;cache_parity;can;ccci_md_all;ccd_rpmsg;cfg80211;clk_common;connadp;conninfra;device_apc_common;drm_display_helper;emi_mpu;fhctl;flashlight;fmradio_drv_connac2x;ftdi_sio;hf_manager;imgsensor;iommu_debug;l2tp_ppp;last_bus;mac80211;mac802154;mali_kbase_mt6878_r44;mdp_drv_mt6878;mediatek_drm;mediatek_drm_gateic;mmprofile;mt6375_auxadc;mt6375_battery;mtk_btcvsd;mtk_cam_isp7sp;mtk_ccuv;mtk_charger_framework;mtk_cmdq_drv_ext;mtk_dvfsrc_helper;mtk_imgsys_cmdq;mtk_mdpm;mtk_mminfra_debug;mtk_mml;mtk_pbm;mtk_pmic_oc_debug;mtk_pmic_wrap;mtk_scp_audiocommon;mtk_smi;mtk_ssc;mtk_u_ether;rtc_mt6685;sensorhub;smpu;smpu_hook_v1;snd_soc_audiodsp_common;snd_soc_mt6878_afe;snd_soc_mtk_common;spmi_mtk_pmif;tcpc_class;tipc;ufs_mediatek_dbg;wlan_drv_gen4m_6878;xhci_mtk_hcd_v2,66,67,0,1,1,0,1,1,1,1
__alloc_pages,0x7870d49b,KERNEL_OR_BUILTIN,,0,mali_dmabuf_test_mt6878_r44;mali_kbase_mt6878_r44;mali_mgm_mt6878_r44;mtk_sec_heap;r8152;system_heap;tmem_ffa;zsmalloc,8,8,0,1,1,0,1,1,1,1
__alloc_percpu,0x29f93135,KERNEL_OR_BUILTIN,,0,can_raw;gz_irq_mod;met;ppp_generic;tipc;zram,6,6,0,1,0,0,1,1,1,1
__alloc_percpu_gfp,0x7900fd25,KERNEL_OR_BUILTIN,,0,8021q;mac80211;tipc;usbnet,4,4,0,1,0,0,0,0,1,1
__alloc_skb,0x19dd35ba,KERNEL_OR_BUILTIN,,0,bluetooth;bt_drv_6878;btqca;btsdio;can_bcm;cdc_ncm;cfg80211;conninfra;frs;hci_uart;hidp;ieee802154;ieee802154_6lowpan;mac80211;mt6375_battery;mtk_mbraink;mtk_u_ether;nfc;ppp_generic;rfcomm;thermal_interface;tipc;wlan_drv_gen4m_6878;wwan,24,25,0,1,0,0,1,1,1,1
__arch_clear_user,0x4d296494,KERNEL_OR_BUILTIN,,0,mali_kbase_mt6878_r44,1,1,0,1,0,0,1,1,1,1
__arch_copy_from_user,0x2be0c009,KERNEL_OR_BUILTIN,,0,8021q;adsp;aee_aed;aee_rs;apu_top;apusys;audio_ipi;aw883xx_driver;blocktag;bluetooth;bootprof;bt_drv_6878;c2ps_perf_ioctl;camera_dpe_isp7sp;camera_eeprom_v4l2;can_dev;can_raw;ccci_dpmaif;ccci_md_all;ccci_util_lib;ccmni;clk_common;cmdq_test;connfem;conninfra;connscp;cpudvfs;cpuqos_v3;device_apc_common;fhctl;flashlight;fmradio_drv_connac2x;focaltech_touch_spi_ft3680;ged;gps_drv_dl_v051;gps_scp;gpueb;gz_main_mod;gzvm;hbt;hf_manager;hidp;ieee802154_socket;imgsensor;l2tp_ppp;log_store;main2_vcm;main3_vcm;main4_vcm;main_vcm;mali_dmabuf_test_mt6878_r44;mali_kbase_mt6878_r44;md_cooling_all;mddp;mdp_drv_mt6878;mediatek_drm;microarray_fp_tee;mmprofile;monitor_hang;mt6375_battery;mt6878_mt6369;mtk_btcvsd;mtk_cam_isp7sp;mtk_ccd_remoteproc;mtk_ccuv;mtk_charger_framework;mtk_core_ctl;mtk_dpc;mtk_gpu_qos;mtk_gpufreq_wrapper;mtk_hcp;mtk_heap_debug;mtk_imgsys_v4l2;mtk_ioctl_powerhal;mtk_ioctl_touch_boost;mtk_lpm;mtk_mbraink;mtk_mdpm;mtk_mmc_dbg;mtk_mml;mtk_pbm;mtk_peak_power_budget;mtk_perf_ioctl;mtk_perf_ioctl_magt;mtk_printk_ctrl;mtk_scp_audiocommon;mtk_soc_offload_common;mtk_swpm;mtk_vcodec_dec_v1;mtk_vcu;mtk_vow;mtu3;mux_switch;nfc;pda_drv_mt6878;phy_mtk_xsphy;pidmap;pinctrl_mtk_common_v2_debug;powerhal_cpu_ctrl;ppp_generic;rfcomm;rfkill;rpmb_mtk;rtc_mt6685;sapu;scheduler;scp;sec;snd_soc_audiodsp_common;snd_soc_mt6369;snd_soc_mtk_common;snd_soc_mtk_scp_ultra;snd_soc_tfa98xx;spi_tiny_co5300_lcd;sub_vcm;teeperf;thermal_interface;tipc;tkcore;touch_boost;uarthub_drv;ufs_mediatek_dbg;ufs_mediatek_mod;usb_logger;usb_offload;vcp;widevine_driver;wlan_drv_gen4m_6878;wmt_chrdev_wifi_connac2;wwan;xhci_mtk_hcd_v2;yft_tpd_gesture,132,133,0,1,1,0,1,1,1,1
__arch_copy_to_user,0x9a85eebb,KERNEL_OR_BUILTIN,,0,8021q;adsp;aee_aed;apusys;atf_logger;audio_ipi;aw883xx_driver;blocktag;bluetooth;bt_drv_6878;camera_dpe_isp7sp;camera_eeprom_v4l2;can_dev;can_raw;ccci_dpmaif;ccci_md_all;ccci_util_lib;connfem;conninfra;connscp;custom_ldo_wl2868;dw9781c;flashlight;fmradio_drv_connac2x;focaltech_touch_spi_ft3680;ftdi_sio;ged;gps_drv_dl_v051;gps_pwr;gps_scp;gpueb;gz_log_mod;gz_main_mod;gzvm;hbt;hf_manager;hidp;ieee802154_socket;imgsensor;l2tp_ppp;mali_dmabuf_test_mt6878_r44;mali_kbase_mt6878_r44;mcupm;mddp;mdp_drv_mt6878;mediatek_drm;microarray_fp_tee;mmprofile;monitor_hang;mt6375_battery;mt6878_mt6369;mtk_btcvsd;mtk_ccd_remoteproc;mtk_ccuv;mtk_hcp;mtk_imgsys_v4l2;mtk_ioctl_powerhal;mtk_ioctl_touch_boost;mtk_mbraink;mtk_mml;mtk_perf_ioctl;mtk_perf_ioctl_magt;mtk_scp_audiocommon;mtk_soc_offload_common;mtk_vcu;mtk_vow;pda_drv_mt6878;ppp_generic;rfcomm;rfkill;rpmb_mtk;scheduler;scp;sec;slcan;snd_soc_audiodsp_common;snd_soc_mtk_common;snd_soc_mtk_scp_ultra;snd_soc_tfa98xx;spi_tiny_co5300_lcd;sspm_v3;st21nfc;tipc;tkcore;ufs_mediatek_mod;widevine_driver;wlan_drv_gen4m_6878;wwan;yft_tpd_gesture,89,90,0,1,1,0,1,1,1,1
__arm_smccc_hvc,0x50f85302,KERNEL_OR_BUILTIN,,0,gzvm;sec_rng,2,2,0,1,0,0,1,1,1,1
__arm_smccc_smc,0xf93aae46,KERNEL_OR_BUILTIN,,0,adsp;aee_aed;aee_hangdet;apu_top;apusys;atf_logger;bus_parity;ccci_ccif;ccci_dpmaif;ccci_fsm_scp;ccci_md_all;cmdq_sec_drv;conninfra;dbg_error_flag;dbgtop_drm;device_apc_common;emi;emi_mpu;fmradio_drv_connac2x;gps_drv_dl_v051;gpueb;gz_trusty_mod;iommu_secure;irq_dbg;mediatek_drm;mrdump;mtk_aie;mtk_btcvsd;mtk_cam_isp7sp;mtk_ccuv;mtk_cmdq_drv_ext;mtk_dvfsrc;mtk_dvfsrc_devfreq;mtk_dvfsrc_helper;mtk_dvfsrc_start;mtk_imgsys_isp7sp;mtk_imgsys_v4l2;mtk_iommu;mtk_lpm;mtk_lpm_dbg_common_v2;mtk_lpm_dbg_mt6878;mtk_lpm_plat_v1;mtk_mbox_mailbox;mtk_mmc;mtk_scpsys;mtk_sec_heap;mtk_ssc_dbg_v2;mtu3;scp;sec_rng;smpu;snd_soc_audiodsp_common;snd_soc_mt6878_afe;tkcore_drv;tmem_ffa;ufs_mediatek_mod;usb_offload;vcp,58,58,0,1,0,0,1,1,1,1
__bitmap_and,0xeca957d1,KERNEL_OR_BUILTIN,,0,arm_dsu_pmu;mtk_core_ctl;scheduler;task_turbo,4,4,0,1,0,0,0,0,1,1
__bitmap_andnot,0xf390f6f1,KERNEL_OR_BUILTIN,,0,apusys;mali_kbase_mt6878_r44;mtk_core_ctl;scheduler,4,4,0,1,0,0,1,1,1,1
__bitmap_clear,0x922f45a6,KERNEL_OR_BUILTIN,,0,apusys;mtu3,2,2,0,1,1,0,1,1,1,1
__bitmap_complement,0x7c173634,KERNEL_OR_BUILTIN,,0,ftdi_sio;mtk_core_ctl,2,2,0,1,0,0,0,0,1,1
__bitmap_equal,0x06d11488,KERNEL_OR_BUILTIN,,0,cpufreq_sugov_ext;load_track;mali_kbase_mt6878_r44,3,3,0,1,0,0,1,1,1,1
__bitmap_intersects,0x48d27375,KERNEL_OR_BUILTIN,,0,cpufreq_sugov_ext;scheduler;ufs_mediatek_mod,3,3,0,1,0,0,0,0,1,1
__bitmap_or,0xa084749a,KERNEL_OR_BUILTIN,,0,mali_kbase_mt6878_r44;mtk_core_ctl;scheduler;wlan_drv_gen4m_6878,4,4,0,1,0,0,1,1,1,1
__bitmap_set,0x615911d7,KERNEL_OR_BUILTIN,,0,apusys;mali_kbase_mt6878_r44;mtu3,3,3,0,1,1,0,1,1,1,1
__bitmap_subset,0x3221df67,KERNEL_OR_BUILTIN,,0,yft_gpio_keys,1,1,0,1,0,0,0,0,1,1
__bitmap_weight,0x21ea5251,KERNEL_OR_BUILTIN,,0,apusys;cpufreq_sugov_ext;gz_ipc_mod;load_track;mali_kbase_mt6878_r44;mrdump;mtk_core_ctl;mtk_fpsgo;mtk_lpm;mtk_lpm_dbg_common_v2;mtk_lpm_plat_v1;mtk_pbm;mtk_perf_common;mtk_perf_ioctl_magt;mtk_swpm_dbg_common_v1;mtk_swpm_perf_arm_pmu;rps_perf;scheduler;thermal_interface;tkcore_drv;uload_ind;wlan_drv_gen4m_6878,22,22,0,1,1,0,1,1,1,1
__bitmap_xor,0xf6fc8791,KERNEL_OR_BUILTIN,,0,mediatek_drm,1,1,0,1,0,0,0,0,1,1
__blk_alloc_disk,0x1ce70c88,KERNEL_OR_BUILTIN,,0,zram,1,1,0,1,0,0,1,1,1,1
__cfg80211_alloc_event_skb,0x8e689896,STOCK_MODULE,cfg80211,1,wlan_drv_gen4m_6878,1,1,0,0,0,0,0,0,0,0
__cfg80211_alloc_reply_skb,0xe132fa57,STOCK_MODULE,cfg80211,1,wlan_drv_gen4m_6878,1,1,0,0,0,0,0,0,0,0
__cfg80211_radar_event,0xd6dc92c1,STOCK_MODULE,cfg80211,1,mac80211,1,1,0,0,0,0,0,0,0,0
__cfg80211_send_event_skb,0xf70f52da,STOCK_MODULE,cfg80211,1,wlan_drv_gen4m_6878,1,1,0,0,0,0,0,0,0,0
__check_object_size,0x88db9f48,KERNEL_OR_BUILTIN,,0,adsp;aee_aed;apu_top;apusys;atf_logger;audio_ipi;aw883xx_driver;blocktag;bluetooth;bootprof;bt_drv_6878;c2ps_perf_ioctl;camera_dpe_isp7sp;camera_eeprom_v4l2;can_bcm;can_raw;ccci_dpmaif;ccci_md_all;ccci_util_lib;clk_common;cmdq_test;connfem;conninfra;connscp;cpudvfs;custom_ldo_wl2868;device_apc_common;fhctl;fmradio_drv_connac2x;focaltech_touch_spi_ft3680;ged;gps_drv_dl_v051;gps_pwr;gps_scp;gpueb;gz_ipc_mod;gz_log_mod;gz_main_mod;gzvm;hbt;hf_manager;ieee802154_socket;imgsensor;l2tp_ppp;log_store;mali_kbase_mt6878_r44;mcupm;md_cooling_all;mddp;mdp_drv_mt6878;mediatek_drm;microarray_fp_tee;mmprofile;monitor_hang;mtk_btcvsd;mtk_cam_isp7sp;mtk_ccd_remoteproc;mtk_charger_framework;mtk_dpc;mtk_gpu_qos;mtk_gpufreq_wrapper;mtk_hcp;mtk_heap_debug;mtk_imgsys_v4l2;mtk_ioctl_powerhal;mtk_lpm;mtk_mbraink;mtk_mdpm;mtk_mmc_dbg;mtk_mml;mtk_pbm;mtk_peak_power_budget;mtk_perf_ioctl;mtk_perf_ioctl_magt;mtk_printk_ctrl;mtk_scp_audiocommon;mtk_swpm;mtk_vcodec_dec_v1;mtk_vow;mtu3;mux_switch;nfc;phy_mtk_xsphy;pinctrl_mtk_common_v2_debug;powerhal_cpu_ctrl;ppp_generic;rfcomm;rfkill;rpmb_mtk;scheduler;scp;sec;slcan;snd_soc_audiodsp_common;snd_soc_mt6369;snd_soc_mtk_common;snd_soc_tfa98xx;sspm_v3;st21nfc;teeperf;thermal_interface;tipc;tkcore;touch_boost;uarthub_drv;ufs_mediatek_dbg;ufs_mediatek_mod;usb_logger;vcp;wlan_drv_gen4m_6878;wmt_chrdev_wifi_connac2;wwan;xhci_mtk_hcd_v2,113,114,0,1,0,0,1,1,1,1
__class_create,0x13f8371b,KERNEL_OR_BUILTIN,,0,adapter_class;apusys;bluetooth;bt_drv_6878;c2k_usb;camera_dpe_isp7sp;camera_eeprom_v4l2;ccci_md_all;ccci_util_lib;charger_class;connadp;connfem;conninfra;connscp;extcon_mtk_usb;extdev_io_class;flashlight;fmradio_drv_connac2x;gps_drv_dl_v051;gps_pwr;gps_scp;gz_ipc_mod;gz_main_mod;hf_manager;mdp_drv_mt6878;mediatek_drm;microarray_fp_tee;mt6369_accdet;mt6375_battery;mtk_ccd_remoteproc;mtk_ccuv;mtk_cg_peak_power_throttling;mtk_charger_algorithm_class;mtk_hcp;mtk_vcu;panel_ky_vtdr6115_dphy_cmd;pda_drv_mt6878;ppp_generic;rpmb_mtk;sc8571_charger;sec;sh366003_fg;tcpc_class;teeperf;usb_boost;usb_meta;widevine_driver;wlan_drv_gen4m_6878;wmt_chrdev_wifi_connac2;wwan;yft_devinfo,51,52,0,1,0,0,1,1,1,1
__class_register,0x290df2c0,KERNEL_OR_BUILTIN,,0,aw883xx_driver;cfg80211;ieee802154;mtk_mbraink;nfc;rfkill;rpmb;zram,8,8,0,1,0,0,1,1,1,1
__clk_get_hw,0x83284a5a,KERNEL_OR_BUILTIN,,0,apu_top;clk_common;clk_disable_unused,3,3,0,1,0,0,1,1,1,1
__clk_get_name,0xc569d8ce,KERNEL_OR_BUILTIN,,0,apu_top;clk_bringup;clk_common;clk_disable_unused;imgsensor;mediatek_drm;mtk_mmdvfs_v3;vcp,8,8,0,1,0,0,1,1,1,1
__clk_is_enabled,0xc6a4a872,KERNEL_OR_BUILTIN,,0,clk_common;clk_disable_unused;mali_kbase_mt6878_r44;mdp_drv_mt6878;mtk_ccuv;mtk_mmc_dbg,6,6,0,1,0,0,1,1,1,1
__clk_mux_determine_rate_closest,0x585eaed3,KERNEL_OR_BUILTIN,,0,clk_common,1,1,0,1,0,0,0,0,1,1
__const_udelay,0xeae3dfd6,KERNEL_OR_BUILTIN,,0,8250_mtk;adsp;aee_aed;aee_hangdet;apu_top;apusys;asix;board_temp;bt_drv_6878;cache_parity;ccci_ccif;ccci_dpmaif;ccci_md_all;clk_chk_mt6878;clk_common;clk_fmeter_mt6878;clkbuf;conninfra;dw9781c;emi_fake_eng;fhctl;focaltech_touch_spi_ft3680;hci_uart;hynitron;i2c_mt65xx;imgsensor;main2_vcm;main3_vcm;main4_vcm;main_vcm;mali_kbase_mt6878_r44;mediatek_drm;mediatek_drm_gateic;mediatek_drm_panel_drv;mmqos_common;mrdump;mt6363_regulator;mt6369_accdet;mt6369_regulator;mt6375_auxadc;mt6375_battery;mtk_cam_isp7sp;mtk_ccuv;mtk_dpc;mtk_dvfsrc;mtk_dvfsrc_helper;mtk_gpufreq_mt6878;mtk_iommu;mtk_lpm_dbg_common_v2;mtk_mmc;mtk_mmc_dbg;mtk_mmdvfs_v3;mtk_mminfra_debug;mtk_mml;mtk_perf_common;mtk_pwm;mtk_scpsys;mtk_smi_dbg;mtk_spmi_pmic_adc;mtk_tinysys_ipi;mtk_uart_apdma;mtk_vcodec_dec_v1;mtk_vcodec_enc_v1;mtk_vmm_spm;mtk_wdt;mtu3;nvmem_mt635x_efuse;pd_chk_mt6878;phy_mtk_ufs;phy_mtk_xsphy;pinctrl_mtk_common_v2_debug;pinctrl_mtk_v2;pmic_lbat_service;rt5133_regulator;rtc_mt6685;scp;sh366003_fg;snd_soc_mt6878_afe;soc_temp_lvts;spi_mt65xx;spi_tiny_co5300_lcd;spmi_mtk_pmif;sub_vcm;tcpc_mt6375;uarthub_drv;ufs_mediatek_mod;vcp;wlan_drv_gen4m_6878;xhci_mtk_hcd_v2;yft_tiny2c_usb,90,90,0,1,0,0,1,1,1,1
__copy_overflow,0x7682ba4e,KERNEL_OR_BUILTIN,,0,aee_aed;apusys;aw883xx_driver;bt_drv_6878;camera_dpe_isp7sp;custom_ldo_wl2868;gps_drv_dl_v051;gz_main_mod;mediatek_drm;mtk_mbraink;wlan_drv_gen4m_6878,11,11,0,1,0,0,0,0,1,1
__cpu_active_mask,0x15db3b99,KERNEL_OR_BUILTIN,,0,cpufreq_sugov_ext;lpm_gov_MHSP;monitor_hang;mtk_core_ctl;mtk_fpsgo;mtk_perf_ioctl_magt;scheduler;task_turbo,8,8,0,1,0,0,1,1,1,1
__cpu_online_mask,0xac594e02,KERNEL_OR_BUILTIN,,0,aee_aed;aee_hangdet;apu_top;apusys;arm_dsu_pmu;blocktag;bt_drv_6878;cfg80211;cpufreq_sugov_ext;cpuqos_v3;ged;gz_ipc_mod;gz_trusty_mod;gz_virtio_mod;ieee802154;imgsensor;l2tp_core;lpm_gov_MHSP;mac80211;mac802154;mali_kbase_mt6878_r44;md_cooling_all;mediatek_drm;met;mmqos_common;monitor_hang;mtk_c2ps;mtk_cam_isp7sp;mtk_cg_peak_power_throttling;mtk_core_ctl;mtk_cpu_power_throttling;mtk_dvfsrc_regulator;mtk_emi;mtk_fpsgo;mtk_gpu_power_throttling;mtk_gpufreq_wrapper;mtk_icc_core;mtk_imgsys_cmdq;mtk_imgsys_v4l2;mtk_low_battery_throttling;mtk_lpm;mtk_lpm_dbg_common_v2;mtk_lpm_plat_v1;mtk_mbox;mtk_mbraink;mtk_mmdvfs_ftrace;mtk_peak_power_budget;mtk_perf_common;mtk_vmm_isp71_regulator;mtu3;powerhal_cpu_ctrl;rps_perf;rtc_mt6685;scheduler;snd_soc_audiodsp_common;task_turbo;thermal_trace;timer_mediatek;tipc;tkcore_drv;touch_boost;trace_mmstat;ufs_mediatek_mod;usb_logger;wlan_drv_gen4m_6878;xhci_mtk_hcd_v2,66,66,0,1,0,0,1,1,1,1
__cpu_pause_mask,0x81a6d354,STOCK_MODULE,scheduler,1,mtk_core_ctl,1,1,0,0,0,0,0,0,0,0
__cpu_possible_mask,0xde7ece30,KERNEL_OR_BUILTIN,,0,8021q;aee_hangdet;blocktag;ccci_dpmaif;cpufreq_sugov_ext;gz_ipc_mod;gz_irq_mod;gz_trusty_mod;gz_virtio_mod;load_track;lpm_gov_MHSP;mac80211;mediatek_cpufreq_hw;met;monitor_hang;mrdump;mtk_cg_peak_power_throttling;mtk_cm_mgr;mtk_core_ctl;mtk_cpu_power_throttling;mtk_fpsgo;mtk_lpm_dbg_common_v2;mtk_lpm_plat_v1;mtk_mbraink;mtk_pbm;mtk_perf_common;mtk_perf_ioctl_magt;mtk_swpm_dbg_common_v1;mtk_swpm_perf_arm_pmu;powerhal_cpu_ctrl;ppp_generic;scheduler;task_turbo;thermal_interface;thermal_trace;timer_mediatek;tipc;tkcore;tkcore_drv;touch_boost;uload_ind;usb_boost;usbnet;wlan_drv_gen4m_6878;zram,45,45,0,1,0,0,1,1,1,1
__cpu_present_mask,0xb3055449,KERNEL_OR_BUILTIN,,0,mrdump;mtk_lpm_dbg_common_v2,2,2,0,1,0,0,1,1,1,1
__cpufreq_driver_target,0xaa4f60c2,KERNEL_OR_BUILTIN,,0,cpufreq_sugov_ext,1,1,0,1,0,0,1,1,1,1
__cpuhp_remove_state,0x82d7e59a,KERNEL_OR_BUILTIN,,0,arm_dsu_pmu;gz_irq_mod;met;mtk_core_ctl;tkcore_drv;zram;zsmalloc,7,7,0,1,0,0,1,1,1,1
__cpuhp_setup_state,0x4d01ac5c,KERNEL_OR_BUILTIN,,0,aee_hangdet;arm_dsu_pmu;gz_irq_mod;lpm_gov_MHSP;met;mtk_core_ctl;mtk_lpm_plat_v1;tkcore_drv;zram;zsmalloc,10,10,0,1,0,0,1,1,1,1
__cpuhp_state_add_instance,0xf4b5123c,KERNEL_OR_BUILTIN,,0,arm_dsu_pmu;gz_irq_mod;zram,3,3,0,1,0,0,1,1,1,1
__cpuhp_state_remove_instance,0x37e793c1,KERNEL_OR_BUILTIN,,0,arm_dsu_pmu;gz_irq_mod;zram,3,3,0,1,0,0,1,1,1,1
__crypto_memneq,0x5a44f8cb,KERNEL_OR_BUILTIN,,0,bluetooth;mac80211,2,3,0,1,0,0,0,0,1,1
__crypto_xor,0xa3f12f69,KERNEL_OR_BUILTIN,,0,mac80211,1,1,0,1,0,0,0,0,1,1
__dev_change_net_namespace,0x80432a75,KERNEL_OR_BUILTIN,,0,cfg80211;ieee802154,2,2,0,1,0,0,0,0,1,1
__dev_get_by_index,0xecfcb475,KERNEL_OR_BUILTIN,,0,8021q;can_gw;cfg80211;ieee802154;tipc,5,5,0,1,0,0,0,0,1,1
__dev_get_by_name,0xd26df809,KERNEL_OR_BUILTIN,,0,8021q,1,1,0,1,0,0,0,0,1,1
__dev_kfree_skb_any,0x28b967c1,KERNEL_OR_BUILTIN,,0,aqc111;asix;ax88179_178a;can_dev;ccci_dpmaif;ccci_md_all;cdc_eem;cdc_ncm;mac80211;mac802154;mtk_u_ether;mtk_usb_f_rndis;r8152;usbnet;wlan_drv_gen4m_6878,15,15,0,1,0,0,1,1,1,1
__dev_kfree_skb_irq,0xad728207,KERNEL_OR_BUILTIN,,0,bluetooth;hci_uart;rfcomm;rtl8150,4,5,0,1,0,0,0,0,1,1
__dev_queue_xmit,0xf4b25665,KERNEL_OR_BUILTIN,,0,8021q;can;ieee802154_6lowpan;ieee802154_socket;mac80211;tipc,6,6,0,1,0,0,0,0,1,1
__device_reset,0x4cc911be,KERNEL_OR_BUILTIN,,0,xhci_mtk_hcd_v2,1,1,0,1,0,0,0,0,1,1
__devm_alloc_percpu,0xafc0a60c,KERNEL_OR_BUILTIN,,0,gz_trusty_mod,1,1,0,1,0,0,1,1,1,1
__devm_iio_device_register,0x7930d674,KERNEL_OR_BUILTIN,,0,mt6375_adc;mt6375_auxadc;mtk_spmi_pmic_adc,3,3,0,1,0,0,1,1,1,1
__devm_of_phy_provider_register,0x041c29ed,KERNEL_OR_BUILTIN,,0,mediatek_drm;phy_mtk_ufs;phy_mtk_xsphy,3,3,0,1,0,0,1,1,1,1
__devm_regmap_init,0x78d75b61,KERNEL_OR_BUILTIN,,0,mt6375;mtk_pmic_wrap;rt5133_regulator,3,3,0,1,0,0,1,1,1,1
__devm_regmap_init_i2c,0x1bab1211,KERNEL_OR_BUILTIN,,0,aw36515;aw36518;aw36518_v2;leds_rgb_aw2013;mt6338_core;rt6160_regulator;sc851x_charger;sc8571_charger;snd_soc_tfa98xx,9,9,0,1,0,0,1,1,1,1
__devm_regmap_init_mmio_clk,0x6820f16e,KERNEL_OR_BUILTIN,,0,snd_soc_mt6878_afe,1,1,0,1,0,0,1,1,1,1
__devm_regmap_init_spmi_ext,0x1ca87cdd,KERNEL_OR_BUILTIN,,0,mt6685_core;mtk_spmi_pmic,2,2,0,1,0,0,0,0,1,1
__devm_reset_control_get,0xb86f1eec,KERNEL_OR_BUILTIN,,0,mtk_mmc;mtk_pmic_wrap;soc_temp_lvts;ufs_mediatek_mod,4,4,0,1,0,0,1,1,1,1
__devm_rtc_register_device,0x4a3b3586,KERNEL_OR_BUILTIN,,0,rtc_mt6685,1,1,0,1,0,0,1,1,1,1
__devres_alloc_node,0xb77e7bf8,KERNEL_OR_BUILTIN,,0,extdev_io_class;kfifo_buf;reboot_mode,3,3,0,1,0,0,1,1,1,1
__drm_atomic_helper_connector_destroy_state,0x3866cd2b,KERNEL_OR_BUILTIN,,0,mediatek_drm,1,1,0,1,0,0,0,0,1,1
__drm_atomic_helper_connector_duplicate_state,0x54872645,KERNEL_OR_BUILTIN,,0,mediatek_drm,1,1,0,1,0,0,0,0,1,1
__drm_atomic_helper_connector_reset,0x29764194,KERNEL_OR_BUILTIN,,0,mediatek_drm,1,1,0,1,0,0,0,0,1,1
__drm_atomic_helper_crtc_destroy_state,0xab75bef4,KERNEL_OR_BUILTIN,,0,mediatek_drm,1,1,0,1,0,0,1,1,1,1
__drm_atomic_helper_crtc_duplicate_state,0x64c68dc3,KERNEL_OR_BUILTIN,,0,mediatek_drm,1,1,0,1,0,0,1,1,1,1
__drm_atomic_helper_plane_destroy_state,0xa1424581,KERNEL_OR_BUILTIN,,0,mediatek_drm,1,1,0,1,0,0,1,1,1,1
__drm_atomic_helper_plane_duplicate_state,0x26fab918,KERNEL_OR_BUILTIN,,0,mediatek_drm,1,1,0,1,0,0,1,1,1,1
__drm_atomic_helper_private_obj_duplicate_state,0xa4f72029,KERNEL_OR_BUILTIN,,0,drm_display_helper,1,1,0,1,0,0,0,0,1,1
__drm_atomic_state_free,0xb9cad492,KERNEL_OR_BUILTIN,,0,mediatek_drm,1,1,0,1,0,0,1,1,1,1
__drm_crtc_commit_free,0xae277372,KERNEL_OR_BUILTIN,,0,drm_display_helper,1,1,0,1,0,0,0,0,1,1
__drm_debug,0x69353664,KERNEL_OR_BUILTIN,,0,drm_display_helper,1,1,0,1,0,0,0,0,1,1
__drm_dev_dbg,0x065ad6d0,KERNEL_OR_BUILTIN,,0,drm_display_helper;drm_dma_helper,2,2,0,1,0,0,0,0,1,1
__drm_err,0xb11ac7a7,KERNEL_OR_BUILTIN,,0,drm_display_helper;drm_dma_helper;mediatek_drm,3,3,0,1,0,0,1,1,1,1
__drm_printfn_debug,0xf824c7db,KERNEL_OR_BUILTIN,,0,drm_display_helper,1,1,0,1,0,0,0,0,1,1
__ethtool_get_link_ksettings,0xae545be3,KERNEL_OR_BUILTIN,,0,8021q,1,1,0,1,0,0,0,0,1,1
__fdget,0xc1d8cfaf,KERNEL_OR_BUILTIN,,0,gzvm;hbt,2,2,0,1,0,0,0,0,1,1
__flush_workqueue,0x9166fc03,KERNEL_OR_BUILTIN,,0,apusys;bluetooth;bt_drv_6878;c2k_usb;dw9781c;ged;gzvm;hynitron;l2tp_core;load_track;mac80211;mac802154;mali_kbase_mt6878_r44;mtk_hcp;mtk_imgsys_v4l2;mtk_lpm_dbg_common_v2;mtk_mbraink;mtk_swpm;mtk_vcodec_common;mtk_vcodec_dec_v1;mtk_vcodec_enc_v1;mtu3;scp;sensorhub;vcp,25,26,0,1,0,0,0,0,1,1
__folio_lock,0xad6ef96e,KERNEL_OR_BUILTIN,,0,mali_kbase_mt6878_r44,1,1,0,1,1,0,0,0,1,1
__folio_put,0x2c38db08,KERNEL_OR_BUILTIN,,0,ccci_dpmaif;gz_main_mod;gz_tz_system;gzvm;mali_kbase_mt6878_r44;monitor_hang;r8152;zsmalloc,8,8,0,1,1,0,0,0,1,1
__free_pages,0xcd5271aa,KERNEL_OR_BUILTIN,,0,ccci_util_lib;mali_dmabuf_test_mt6878_r44;mali_kbase_mt6878_r44;mali_mgm_mt6878_r44;mediatek_drm;mtk_sec_heap;r8152;system_heap;tmem_ffa;zsmalloc,10,10,0,1,0,0,1,1,1,1
__get_free_pages,0x6a5cb5ee,KERNEL_OR_BUILTIN,,0,aee_aed;apusys;c2k_usb;cpudvfs;gz_main_mod;mali_kbase_mt6878_r44;met;powerhal_cpu_ctrl;tkcore_drv;touch_boost;zram,11,11,0,1,0,0,1,1,1,1
__get_random_u32_below,0xfba7a5f5,KERNEL_OR_BUILTIN,,0,bluetooth,1,2,0,1,0,0,0,0,1,1
__get_task_comm,0x9d01eb28,KERNEL_OR_BUILTIN,,0,apusys;bluetooth;irq_dbg;mdp_drv_mt6878;mtk_sec_heap;system_heap,6,7,0,1,0,0,1,1,1,1
__hci_cmd_send,0x33702bd1,STOCK_MODULE,bluetooth,1,btqca,1,1,0,0,0,0,0,0,0,0
__hci_cmd_sync,0xb54a31a9,STOCK_MODULE,bluetooth,1,btbcm;btqca;hci_uart,3,3,0,0,0,0,0,0,0,0
__hci_cmd_sync_ev,0xda29db0c,STOCK_MODULE,bluetooth,1,btqca,1,1,0,0,0,0,0,0,0,0
__hrtimer_get_remaining,0xed269ad2,KERNEL_OR_BUILTIN,,0,ged;lpm_gov_MHSP,2,2,0,1,0,0,0,0,1,1
__hw_addr_init,0xf28cf0ae,KERNEL_OR_BUILTIN,,0,mac80211,1,1,0,1,0,0,0,0,1,1
__hw_addr_sync,0x91f68ea1,KERNEL_OR_BUILTIN,,0,mac80211,1,1,0,1,0,0,0,0,1,1
__hw_addr_unsync,0xb71ed69f,KERNEL_OR_BUILTIN,,0,mac80211,1,1,0,1,0,0,0,0,1,1
__init_rwsem,0xf5a94b83,KERNEL_OR_BUILTIN,,0,apu_top;gz_trusty_mod;mali_kbase_mt6878_r44;mmqos_common;monitor_hang;ppp_generic;zram,7,7,0,1,1,0,1,1,1,1
__init_swait_queue_head,0x608741b5,KERNEL_OR_BUILTIN,,0,adsp;aee_aed;apu_top;apusys;bluetooth;bt_drv_6878;camera_dpe_isp7sp;cmdq_test;conninfra;connscp;cqhci;fmradio_drv_connac2x;gps_drv_dl_v051;gz_ipc_mod;gz_trusty_mod;gz_tz_system;gz_virtio_mod;hci_uart;i2c_mt65xx;mali_kbase_mt6878_r44;mddp;mediatek_drm;met;mt6375_charger;mtk_aie;mtk_cam_isp7sp;mtk_cmdq_drv_ext;mtk_imgsys_v4l2;mtk_mml;mtk_tinysys_ipi;rtc_mt6685;sapu;sensorhub;spi_mt65xx;tkcore;tkcore_drv;ufs_mediatek_mod;wlan_drv_gen4m_6878;wmt_chrdev_wifi_connac2;xhci_mtk_hcd_v2,40,41,0,1,0,0,1,1,1,1
__init_waitqueue_head,0xd9a5ea54,KERNEL_OR_BUILTIN,,0,adsp;aee_aed;apusys;atf_logger;audio_ipi;blocktag;bluetooth;bt_drv_6878;camera_dpe_isp7sp;ccci_dpmaif;ccci_fsm_scp;ccci_md_all;ccci_util_lib;ccd_rpmsg;cdc_acm;cfg80211;conninfra;connscp;cqhci;drm_display_helper;fmradio_drv_connac2x;focaltech_touch_spi_ft3680;gps_drv_dl_v051;gps_pwr;gps_scp;gz_ipc_mod;gz_log_mod;hci_uart;hf_manager;hidp;ieee802154;mali_kbase_mt6878_r44;mcupm;mddp;mdp_drv_mt6878;mediatek_drm;mmqos_common;monitor_hang;mt6375_battery;mtk_aie;mtk_btcvsd;mtk_cam_isp7sp;mtk_ccuv;mtk_charger_framework;mtk_chg_type_det;mtk_cmdq_drv_ext;mtk_dpc;mtk_hcp;mtk_imgsys_v4l2;mtk_low_battery_throttling;mtk_mml;mtk_pep50;mtk_soc_offload_common;mtk_vcodec_dec_v1;mtk_vcodec_enc_v1;mtk_vcu;pda_drv_mt6878;ppp_generic;rfkill;scp;slcan;snd_soc_tfa98xx;sspm_v3;st21nfc;system_heap;tcpc_class;tkcore;tkcore_drv;touch_boost;usb_offload;usbnet;vcp;wlan_drv_gen4m_6878;wmt_chrdev_wifi_connac2;wwan,75,76,0,1,0,0,1,1,1,1
__ip_dev_find,0x9223cda1,KERNEL_OR_BUILTIN,,0,tipc,1,1,0,1,0,0,0,0,1,1
__ip_select_ident,0x51a34ed2,KERNEL_OR_BUILTIN,,0,pptp,1,1,0,1,0,0,0,0,1,1
__ipv6_addr_type,0x0d542439,KERNEL_OR_BUILTIN,,0,6lowpan;tipc;wlan_drv_gen4m_6878,3,3,0,1,0,0,0,0,1,1
__irq_apply_affinity_hint,0x51786ad8,KERNEL_OR_BUILTIN,,0,apusys;cache_parity;ccci_dpmaif;ufs_mediatek_mod;wlan_drv_gen4m_6878,5,5,0,1,0,0,0,0,1,1
__irq_domain_add,0x75aecb8b,KERNEL_OR_BUILTIN,,0,mt6375;mt6375_auxadc;mt6375_battery;mtk_spmi_pmic;pinctrl_mtk_v2;spmi_mtk_pmif,6,6,0,1,0,0,1,1,1,1
__irq_resolve_mapping,0xcb7ab12a,KERNEL_OR_BUILTIN,,0,irq_dbg;mt6375;mt6375_auxadc;mt6375_battery;mtk_spmi_pmic;pinctrl_mtk_v2;spmi_mtk_pmif,7,7,0,1,0,0,1,1,1,1
__kfifo_alloc,0x139f2189,KERNEL_OR_BUILTIN,,0,conninfra;kfifo_buf;usbserial,3,3,0,1,0,0,1,1,1,1
__kfifo_free,0xdb760f52,KERNEL_OR_BUILTIN,,0,conninfra;kfifo_buf;mtk_cam_isp7sp;usbserial,4,4,0,1,0,0,1,1,1,1
__kfifo_from_user,0xee08c0fb,KERNEL_OR_BUILTIN,,0,kfifo_buf,1,1,0,1,0,0,0,0,1,1
__kfifo_in,0xf23fcb99,KERNEL_OR_BUILTIN,,0,conninfra;kfifo_buf;mtk_cam_isp7sp;mtk_mmc;sensorhub;usbserial;wlan_drv_gen4m_6878,7,7,0,1,0,0,1,1,1,1
__kfifo_init,0xbd462b55,KERNEL_OR_BUILTIN,,0,conninfra;mtk_cam_isp7sp;wlan_drv_gen4m_6878,3,3,0,1,0,0,1,1,1,1
__kfifo_out,0x13d0adf7,KERNEL_OR_BUILTIN,,0,conninfra;ftdi_sio;kfifo_buf;mtk_cam_isp7sp;mtk_mmc;sensorhub;usbserial;wlan_drv_gen4m_6878,8,8,0,1,0,0,1,1,1,1
__kfifo_to_user,0x72aa63ef,KERNEL_OR_BUILTIN,,0,kfifo_buf,1,1,0,1,0,0,1,1,1,1
__kmalloc,0xeb233a45,KERNEL_OR_BUILTIN,,0,aee_aed;apu_top;apusys;asix;aw883xx_driver;ax88179_178a;blocktag;bluetooth;bootprof;bt_drv_6878;camera_eeprom_v4l2;can_bcm;ccci_dpmaif;ccci_md_all;ccci_util_lib;cdc_acm;cdc_ncm;cfg80211;clk_common;clkbuf;cmdq_sec_drv;connadp;connfem;conninfra;cpufreq_sugov_ext;device_apc_common;drm_display_helper;extdev_io_class;ffa_v10;fhctl;fmradio_drv_connac2x;focaltech_touch_spi_ft3680;ged;gz_ipc_mod;gz_main_mod;gz_tz_system;gz_virtio_mod;hf_manager;hynitron;i2c_mt65xx;ieee802154;imgsensor;l2tp_core;load_track;log_store;mac80211;mac802154;mali_kbase_mt6878_r44;mcupm;md_cooling_all;mddp;mdp_drv_mt6878;mediatek_drm;mediatek_drm_gateic;mediatek_drm_panel_drv;met;mrdump;mt6375_battery;mtk_c2ps;mtk_cam_isp7sp;mtk_cmdq_drv_ext;mtk_core_ctl;mtk_cpu_power_throttling;mtk_fpsgo;mtk_hcp;mtk_heap_debug;mtk_icc_core;mtk_ioctl_powerhal;mtk_lpm;mtk_lpm_dbg_common_v2;mtk_lpm_dbg_mt6878;mtk_mbraink;mtk_md_power_throttling;mtk_mmdvfs_debug;mtk_mmdvfs_v3;mtk_mml;mtk_perf_common;mtk_perf_ioctl;mtk_perf_ioctl_magt;mtk_sec_heap;mtk_swpm_dbg_v6878;mtk_tinysys_ipi;mtk_u_ether;mtk_usb_f_rndis;mtk_vcodec_common;mtu3;nfc;pd_dbg_info;pmic_lbat_service;powerhal_cpu_ctrl;ppp_mppe;r8152;rfcomm;rfkill;rpmb_mtk;rps_perf;rt5133_regulator;scheduler;scp;sensorhub;slhc;snd_soc_tfa98xx;spi_mt65xx;sspm_v3;system_heap;thermal_interface;tipc;tkcore_drv;touch_boost;ufs_mediatek_mod;usb_offload;usbnet;usbserial;wlan_drv_gen4m_6878;xhci_mtk_hcd_v2;yft_devinfo,116,117,0,1,1,0,1,1,1,1
__kmalloc_node,0x1ba59527,KERNEL_OR_BUILTIN,,0,xhci_mtk_hcd_v2,1,1,0,1,0,0,0,0,1,1
__kmalloc_node_track_caller,0x4e547048,KERNEL_OR_BUILTIN,,0,can_raw,1,1,0,1,0,0,0,0,1,1
__kthread_init_worker,0x6f02eb42,KERNEL_OR_BUILTIN,,0,cpufreq_sugov_ext;gz_trusty_mod;imgsensor;mtk_cam_isp7sp;mtk_imgsys_cmdq,5,5,0,1,0,0,1,1,1,1
__list_add_valid,0x68f31cbd,KERNEL_OR_BUILTIN,,0,8021q;aee_aed;apu_top;apusys;aw883xx_driver;blocktag;bluetooth;bootprof;c2k_usb;can_bcm;can_raw;ccci_md_all;ccci_util_lib;ccd_rpmsg;cfg80211;cmdq_sec_drv;connscp;device_apc_common;drm_display_helper;flashlight;focaltech_touch_spi_ft3680;ged;gz_ipc_mod;gz_trusty_mod;gz_virtio_mod;gzvm;hci_uart;hf_manager;hidp;ieee802154;imgsensor_glue;iommu_debug;mac80211;mac802154;mali_kbase_mt6878_r44;mali_mgm_mt6878_r44;md_cooling_all;mddp;mdp_drv_mt6878;mediatek_drm;mediatek_drm_gateic;mediatek_drm_panel_drv;met;microarray_fp_tee;mmprofile;mmqos_common;monitor_hang;mt6375_battery;mtk_c2ps;mtk_cam_isp7sp;mtk_cmdq_drv_ext;mtk_cpu_power_throttling;mtk_fpsgo;mtk_gpu_hal;mtk_hcp;mtk_heap_debug;mtk_icc_core;mtk_imgsys_v4l2;mtk_iommu;mtk_lpm;mtk_lpm_dbg_common_v2;mtk_mml;mtk_panel_ext;mtk_pbm;mtk_sec_heap;mtk_swpm;mtk_sync;mtk_u_ether;mtk_uart_apdma;mtk_usb_f_rndis;mtk_vcodec_common;mtk_vcodec_dec_v1;mtk_vcodec_enc_v1;mtk_vcu;mtu3;mux_switch;nfc;pd_dbg_info;pmic_lbat_service;powerhal_cpu_ctrl;ppp_generic;r8152;reboot_mode;rfcomm;rfkill;scheduler;sensorhub;snd_soc_mt6878_afe;snd_soc_tfa98xx;spi_tiny_co5300_lcd;system_heap;task_turbo;tipc;tkcore;tkcore_drv;tmem_ffa;touch_boost;usb_boost;usb_meta;usb_offload;usbserial;wlan_drv_gen4m_6878;xhci_mtk_hcd_v2;yft_devinfo;zsmalloc,105,106,0,1,0,0,1,1,1,1
__list_del_entry_valid,0xe1537255,KERNEL_OR_BUILTIN,,0,8021q;aee_aed;apu_top;apusys;blocktag;bluetooth;bootprof;c2k_usb;can_bcm;can_raw;ccci_md_all;ccci_util_lib;ccd_rpmsg;cfg80211;cmdq_sec_drv;connscp;drm_display_helper;flashlight;ged;gz_ipc_mod;gz_trusty_mod;gz_virtio_mod;gzvm;hci_uart;hf_manager;hidp;ieee802154;imgsensor_glue;iommu_debug;mac80211;mac802154;mali_kbase_mt6878_r44;mali_mgm_mt6878_r44;md_cooling_all;mddp;mdp_drv_mt6878;mediatek_drm;mediatek_drm_panel_drv;met;monitor_hang;mt6375_battery;mtk_c2ps;mtk_cam_isp7sp;mtk_cmdq_drv_ext;mtk_cpu_power_throttling;mtk_fpsgo;mtk_gpu_hal;mtk_hcp;mtk_heap_debug;mtk_icc_core;mtk_imgsys_v4l2;mtk_iommu;mtk_lpm;mtk_lpm_dbg_common_v2;mtk_mml;mtk_panel_ext;mtk_pbm;mtk_sec_heap;mtk_swpm;mtk_sync;mtk_u_ether;mtk_uart_apdma;mtk_usb_f_rndis;mtk_vcodec_common;mtk_vcodec_dec_v1;mtk_vcodec_enc_v1;mtk_vcu;mtu3;mux_switch;nfc;pd_dbg_info;pmic_lbat_service;powerhal_cpu_ctrl;ppp_generic;r8152;rfcomm;rfkill;scheduler;sensorhub;snd_soc_tfa98xx;system_heap;tipc;tkcore;tkcore_drv;tmem_ffa;touch_boost;ufs_mediatek_mod;usb_boost;usb_meta;usb_offload;usbserial;wlan_drv_gen4m_6878;xhci_mtk_hcd_v2;zsmalloc,94,95,0,1,0,0,1,1,1,1
__local_bh_enable_ip,0x3c3fce39,KERNEL_OR_BUILTIN,,0,can_dev;can_gw;ccmni;cdc_ncm;l2tp_core;l2tp_ppp;mac80211;mddp;ppp_generic;tipc,10,10,0,1,0,0,1,1,1,1
__mdiobus_register,0xa19883f4,KERNEL_OR_BUILTIN,,0,asix,1,1,0,1,0,0,1,1,1,1
__media_device_register,0xd1732581,KERNEL_OR_BUILTIN,,0,camera_af_media;mtk_aie;mtk_cam_isp7sp;mtk_composite;mtk_imgsys_v4l2,5,5,0,1,0,0,1,1,1,1
__media_entity_next_link,0xdf2b8208,KERNEL_OR_BUILTIN,,0,mtk_cam_isp7sp,1,1,0,1,0,0,0,0,1,1
__memcpy_fromio,0x5d112304,KERNEL_OR_BUILTIN,,0,adsp;apusys;bt_drv_6878;ccci_md_all;ccci_util_lib;conninfra;connscp;gps_drv_dl_v051;mcupm;sensorhub;sspm_v3;wlan_drv_gen4m_6878,12,12,0,1,0,0,1,1,1,1
__memcpy_toio,0xf77555cd,KERNEL_OR_BUILTIN,,0,adsp;apusys;bt_drv_6878;ccci_md_all;conninfra;gps_drv_dl_v051;mali_kbase_mt6878_r44;mrdump;mtk_cg_peak_power_throttling;sensorhub;wlan_drv_gen4m_6878,11,11,0,1,0,0,1,1,1,1
__memset_io,0x18b48e28,KERNEL_OR_BUILTIN,,0,apusys;audio_ipi;bt_drv_6878;ccci_ccif;ccci_dpmaif;ccci_fsm_scp;ccci_md_all;ccci_util_lib;conninfra;gps_drv_dl_v051;met;mrdump;mtk_cg_peak_power_throttling;mtk_lpm_plat_v1;scp;snd_soc_mt6878_afe;snd_soc_mtk_common;snd_soc_mtk_scp_ultra;wlan_drv_gen4m_6878,19,19,0,1,0,0,1,1,1,1
__migrate_task,0xaaa6dd7d,KERNEL_OR_BUILTIN,,0,scheduler,1,1,0,1,0,0,0,0,1,1
__mmap_lock_do_trace_acquire_returned,0x5319be0e,KERNEL_OR_BUILTIN,,0,gzvm;hbt;monitor_hang;mtk_heap_debug,4,4,0,1,0,0,1,1,1,1
__mmap_lock_do_trace_released,0xb996c292,KERNEL_OR_BUILTIN,,0,gzvm;hbt;monitor_hang;mtk_heap_debug,4,4,0,1,0,0,1,1,1,1
__mmap_lock_do_trace_start_locking,0x56ac7b18,KERNEL_OR_BUILTIN,,0,gzvm;hbt;monitor_hang;mtk_heap_debug,4,4,0,1,0,0,1,1,1,1
__mmdrop,0x428651f5,KERNEL_OR_BUILTIN,,0,mali_kbase_mt6878_r44;mtk_mbraink,2,2,0,1,0,0,1,1,1,1
__module_get,0x82f3eefb,KERNEL_OR_BUILTIN,,0,bluetooth;hidp;rfcomm;tipc,4,5,0,1,0,0,0,0,1,1
__module_put_and_kthread_exit,0x9130ce6c,KERNEL_OR_BUILTIN,,0,hidp,1,1,0,1,0,0,0,0,1,1
__msecs_to_jiffies,0x7f02188f,KERNEL_OR_BUILTIN,,0,adsp;apu_top;apusys;audio_ipi;aw883xx_driver;bluetooth;can_dev;cdc_acm;cfg80211;cmdq_sec_drv;conninfra;cpuqos_v3;cqhci;focaltech_touch_spi_ft3680;gps_drv_dl_v051;gz_ipc_mod;hci_uart;imgsensor;l2tp_ppp;load_track;mac80211;mali_kbase_mt6878_r44;mediatek_drm;mt6363_regulator;mt6369_regulator;mt6375_charger;mtk_cam_isp7sp;mtk_cg_peak_power_throttling;mtk_cmdq_drv_ext;mtk_core_ctl;mtk_dpc;mtk_lpm_dbg_common_v2;mtk_mml;mtk_perf_common;mtk_swpm_dbg_v6878;mtk_vcodec_common;mtk_vcodec_dec_v1;mtk_vcodec_enc_v1;nfc;pmic_lbat_service;spi_mt65xx;spmi_mtk_mpu;tcpc_class;tipc;tmem_ffa;usbserial;wlan_drv_gen4m_6878;yft_gpio_keys,48,49,0,1,0,0,1,1,1,1
__mutex_init,0xa571f6b0,KERNEL_OR_BUILTIN,,0,8250_mtk;adapter_class;adsp;aee_aed;apu_top;apusys;atf_logger;aw36515;aw36518;aw36518_v2;aw883xx_driver;bluetooth;bt_drv_6878;c2k_usb;camera_af_media;camera_dpe_isp7sp;camera_eeprom_v4l2;ccci_fsm_scp;ccci_md_all;ccd_rpmsg;cdc_acm;cfg80211;charger_class;cmdq_sec_drv;cmdq_test;conninfra;connscp;cpufreq_sugov_ext;drm_display_helper;extdev_io_class;ffa_v10;focaltech_touch_spi_ft3680;ftdi_sio;ged;gps_drv_dl_v051;gpueb;gz_ipc_mod;gz_log_mod;gz_main_mod;gz_trusty_mod;gz_tz_system;gz_virtio_mod;gzvm;hci_uart;hf_manager;hidp;hynitron;imgsensor;kfifo_buf;l2tp_ppp;leds_ln2403;leds_mtk;leds_rgb_aw2013;mac80211;mac802154;mali_dmabuf_test_mt6878_r44;mali_kbase_mt6878_r44;mddp;mdp_drv_mt6878;mediatek_drm;met;mmqos_common;mt6338_core;mt6369_accdet;mt6375;mt6375_adc;mt6375_auxadc;mt6375_battery;mt6375_charger;mt6685_audclk;mtk_aie;mtk_c2ps;mtk_cam_isp7sp;mtk_ccd_remoteproc;mtk_ccuv;mtk_charger_algorithm_class;mtk_charger_framework;mtk_chg_type_det;mtk_cmdq_drv_ext;mtk_composite;mtk_dvfsrc;mtk_dvfsrc_helper;mtk_fpsgo;mtk_hcp;mtk_imgsys_cmdq;mtk_imgsys_v4l2;mtk_iommu;mtk_jpeg;mtk_mmdvfs;mtk_mml;mtk_pd_adapter;mtk_pd_charging;mtk_pep;mtk_pep40;mtk_pep50;mtk_pwm;mtk_scp_audiocommon;mtk_sec_heap;mtk_soc_offload_common;mtk_spmi_pmic;mtk_spmi_pmic_adc;mtk_tinysys_ipi;mtk_uart_apdma;mtk_usb_f_rndis;mtk_vcodec_dec_v1;mtk_vcodec_enc_v1;mtk_vcu;mtk_vmm_isp71_regulator;nfc;nvmem_mt635x_efuse;pmic_lvsys_notify;ppp_generic;r8152;rfcomm;rfkill;rpmb;rtc_mt6685;sapu;scp;sensorhub;sh366003_fg;snd_soc_mt6878_afe;snd_soc_tfa98xx;soc_temp_lvts;spmi_mtk_pmif;st21nfc;system_heap;tcpc_class;thermal_interface;thermal_trace;tkcore;tkcore_drv;tmem_ffa;uarthub_drv;usb_meta;usb_offload;usbnet;usbserial;vcp;wlan_drv_gen4m_6878;wmt_chrdev_wifi_connac2;wwan;xhci_mtk_hcd_v2;yft_devinfo;yft_gpio_keys,145,146,0,1,1,0,1,1,1,1
__napi_alloc_skb,0xc5fa677d,KERNEL_OR_BUILTIN,,0,r8152,1,1,0,1,0,0,0,0,1,1
__napi_schedule,0xf5221e2b,KERNEL_OR_BUILTIN,,0,can_dev;ccmni;r8152;wlan_drv_gen4m_6878,4,4,0,1,0,0,1,1,1,1
__napi_schedule_irqoff,0x7096c85f,KERNEL_OR_BUILTIN,,0,wlan_drv_gen4m_6878,1,1,0,1,0,0,1,1,1,1
__ndisc_fill_addr_option,0x07cb9d0f,KERNEL_OR_BUILTIN,,0,6lowpan,1,1,0,1,0,0,0,0,1,1
__netdev_alloc_frag_align,0x91a488ac,KERNEL_OR_BUILTIN,,0,ccci_dpmaif,1,1,0,1,0,0,1,1,1,1
__netdev_alloc_skb,0x1ba22d8b,KERNEL_OR_BUILTIN,,0,aqc111;asix;ax88179_178a;can_dev;ccci_dpmaif;ccci_md_all;cdc_ncm;cfg80211;mac80211;mddp;ppp_generic;rtl8150;usbnet;wlan_drv_gen4m_6878,14,14,0,1,0,0,1,1,1,1
__netif_napi_del,0xf7cce469,KERNEL_OR_BUILTIN,,0,can_dev;wlan_drv_gen4m_6878,2,2,0,1,0,0,0,0,1,1
__netlink_dump_start,0x53d7f503,KERNEL_OR_BUILTIN,,0,diag,1,1,0,1,0,0,0,0,1,1
__netlink_kernel_create,0x9f3fe1fe,KERNEL_OR_BUILTIN,,0,frs;mt6375_battery;wlan_drv_gen4m_6878,3,3,0,1,0,0,1,1,1,1
__nla_parse,0x581e2394,KERNEL_OR_BUILTIN,,0,can_dev;can_gw;cfg80211;nfc;tipc;wlan_drv_gen4m_6878;wwan,7,7,0,1,0,0,1,1,1,1
__nla_validate,0x933dc050,KERNEL_OR_BUILTIN,,0,8021q;cfg80211,2,2,0,1,0,0,0,0,1,1
__nlmsg_put,0x899805b0,KERNEL_OR_BUILTIN,,0,can_gw;diag;frs;mt6375_battery;tipc;wlan_drv_gen4m_6878;wwan,7,7,0,1,0,0,1,1,1,1
__num_online_cpus,0xc60d0620,KERNEL_OR_BUILTIN,,0,aee_hangdet;mtk_lpm;mtk_lpm_plat_v1;xhci_mtk_hcd_v2;zram,5,5,0,1,0,0,1,1,1,1
__of_get_address,0x42ec81ae,KERNEL_OR_BUILTIN,,0,bt_drv_6878;conninfra;snd_soc_mtk_common,3,3,0,1,0,0,1,1,1,1
__of_parse_phandle_with_args,0x26f40d9d,KERNEL_OR_BUILTIN,,0,apu_top;apusys;arm_dsu_pmu;blocktag;camera_dpe_isp7sp;ccci_dpmaif;clkbuf;cmdq_test;connfem;conninfra;cpufreq_sugov_ext;dbg_error_flag;emi;emi_fake_eng;emi_mpu;gps_drv_dl_v051;gz_irq_mod;lpm_gov_MHSP;mali_kbase_mt6878_r44;mdp_drv_mt6878;mediatek_cpufreq_hw;mediatek_drm;mediatek_drm_panel_drv;mmqos_common;mt6375_battery;mt6375_charger;mt6878_mt6369;mtk_aie;mtk_cam_isp7sp;mtk_ccd_remoteproc;mtk_ccuv;mtk_charger_framework;mtk_cmdq_drv_ext;mtk_dvfsrc;mtk_dynamic_loading_throttling;mtk_hcp;mtk_icc_core;mtk_imgsys_cmdq;mtk_imgsys_v4l2;mtk_iommu;mtk_ipesys_me;mtk_jpeg;mtk_low_battery_throttling;mtk_lpm;mtk_lpm_dbg_common_v2;mtk_mbox_mailbox;mtk_mmdvfs_debug;mtk_mmdvfs_v3;mtk_mminfra_imax;mtk_mml;mtk_peak_power_budget;mtk_sec_heap;mtk_smi;mtk_vcodec_dec_v1;mtk_vcodec_enc_v1;mtk_vcu;mtu3;panel_ky_vtdr6115_dphy_cmd;pda_drv_mt6878;phy_mtk_ufs;phy_mtk_xsphy;pmic_temp;sapu;scp;thermal_interface;tmem_ffa;ufs_mediatek_mod;usb_meta;usb_offload;vcp;wlan_drv_gen4m_6878;xhci_mtk_hcd_v2,72,72,0,1,0,0,0,0,1,1
__page_pinner_put_page,0xbf444ebf,KERNEL_OR_BUILTIN,,0,ccci_dpmaif;gz_main_mod;gz_tz_system;gzvm;mali_kbase_mt6878_r44;monitor_hang;r8152;zsmalloc,8,8,0,1,1,0,0,0,1,1
__per_cpu_offset,0x280f9f14,KERNEL_OR_BUILTIN,,0,8021q;aee_hangdet;blocktag;cpufreq_sugov_ext;cpuqos_v3;gz_irq_mod;gz_trusty_mod;irq_dbg;lpm_gov_MHSP;mac80211;met;monitor_hang;mrdump;mtk_core_ctl;mtk_fpsgo;mtk_lpm;mtk_mbraink;mtk_perf_common;mtk_perf_ioctl_magt;mtk_swpm_perf_arm_pmu;ppp_generic;scheduler;task_turbo;tipc;trace_mmstat;ufs_mediatek_dbg;zram;zsmalloc,28,28,0,1,0,0,1,1,1,1
__percpu_down_read,0x9d1c6de1,KERNEL_OR_BUILTIN,,0,hci_uart,1,1,0,1,0,0,0,0,1,1
__percpu_init_rwsem,0xc94eb71f,KERNEL_OR_BUILTIN,,0,hci_uart,1,1,0,1,0,0,0,0,1,1
__platform_driver_probe,0xa1ec90c9,KERNEL_OR_BUILTIN,,0,conninfra,1,1,0,1,0,0,1,1,1,1
__platform_driver_register,0x894c433a,KERNEL_OR_BUILTIN,,0,8250_mtk;apu_top;apusys;arm_dsu_pmu;atf_logger;backlight_cooling;board_temp;bus_parity;cache_parity;camera_af_media;camera_dpe_isp7sp;ccci_auxadc;ccci_ccif;ccci_dpmaif;ccci_fsm_scp;ccci_md_all;charger_cooling;clk_bringup;clk_chk_mt6878;clk_common;clk_disable_unused;clk_fmeter_mt6878;clk_mt6878;clk_mt6878_adsp;clk_mt6878_bus;clk_mt6878_cam;clk_mt6878_ccu;clk_mt6878_img;clk_mt6878_mdpsys;clk_mt6878_mmsys;clk_mt6878_peri;clk_mt6878_vcodec;clk_mt6878_vlp;clkbuf;cmdq_sec_drv;cmdq_test;connfem;conninfra;connscp;cpufreq_sugov_ext;cpuqos_v3;dbg_error_flag;dbgtop_drm;device_apc_mt6878;emi;emi_fake_eng;emi_mpu;extcon_mtk_usb;fhctl;fingerprint;flashlight;fmradio_drv_connac2x;ged;gps_drv_dl_v051;gpueb;gz_irq_mod;gz_log_mod;gz_main_mod;gz_trusty_mod;gz_tz_system;gz_virtio_mod;gzvm;hci_uart;i2c_mt65xx;iommu_debug;iommu_secure;last_bus;leds_ln2403;leds_mtk_disp;mali_kbase_mt6878_r44;mali_mgm_mt6878_r44;mali_prot_alloc_mt6878_r44;mcupm;md_cooling_all;mdp_drv_mt6878;mediatek_cpufreq_hw;mediatek_drm;mediatek_drm_gateic;mediatek_drm_panel_drv;mmqos_mt6878;mt6315_regulator;mt6363_regulator;mt6369_accdet;mt6369_regulator;mt6375_adc;mt6375_auxadc;mt6375_battery;mt6375_charger;mt6685_audclk;mt6878_mt6369;mtk_aie;mtk_aie_debug_7sp_2;mtk_battery_oc_throttling;mtk_bp_thl;mtk_btcvsd;mtk_cam_isp7sp;mtk_ccd_remoteproc;mtk_ccuv;mtk_cg_peak_power_throttling;mtk_charger_framework;mtk_chg_type_det;mtk_cm_mgr_mt6878;mtk_cmdq_drv_ext;mtk_composite;mtk_cpu_power_throttling;mtk_disp_sec;mtk_dpc;mtk_dramc;mtk_dvfsrc;mtk_dvfsrc_devfreq;mtk_dvfsrc_helper;mtk_dvfsrc_regulator;mtk_dvfsrc_start;mtk_dynamic_loading_throttling;mtk_emi;mtk_fpsgo;mtk_gpu_power_throttling;mtk_gpufreq_mt6878;mtk_gpufreq_wrapper;mtk_hcp;mtk_imgsys_cmdq;mtk_imgsys_isp7sp;mtk_imgsys_v4l2;mtk_iommu;mtk_ipesys_me;mtk_irtx_pwm;mtk_jpeg;mtk_low_battery_throttling;mtk_lpm_dbg_common_v2;mtk_mbox_mailbox;mtk_md_power_throttling;mtk_mdpm;mtk_mmc;mtk_mmdvfs;mtk_mmdvfs_debug;mtk_mmdvfs_v3_start;mtk_mminfra_debug;mtk_mminfra_imax;mtk_pbm;mtk_pd_adapter;mtk_pd_charging;mtk_peak_power_budget;mtk_pep;mtk_pep40;mtk_pep50;mtk_pm_domain_disable_unused;mtk_pmic_keys;mtk_pmic_oc_debug;mtk_pmic_wrap;mtk_pwm;mtk_qos;mtk_scp_audiocommon;mtk_scpsys;mtk_scpsys_bringup;mtk_scpsys_mt6878;mtk_sec_heap;mtk_soc_offload_common;mtk_spmi_pmic_adc;mtk_ssc;mtk_uart_apdma;mtk_vcodec_dec_v1;mtk_vcodec_enc_v1;mtk_vcu;mtk_vmm_isp71_regulator;mtk_vmm_notifier;mtk_vmm_spm;mtk_vow;mtk_wdt;mtu3;mux_switch;nvmem_mt635x_efuse;nvmem_mtk_devinfo;pd_chk_mt6878;pda_drv_mt6878;phy_mtk_ufs;phy_mtk_xsphy;pinctrl_mt6363;pinctrl_mt6878;pmic_lbat_service;pmic_lvsys_notify;pmic_temp;pwm_mtk_disp;regulator_vibrator;reset_ti_syscon;rt_pd_manager;rtc_mt6685;sapu;scheduler;scp;sec;sec_rng;smpu;snd_soc_audiodsp_common;snd_soc_mt6369;snd_soc_mt6878_afe;snd_soc_mtk_common;snd_soc_mtk_scp_ultra;soc_temp_lvts;spi_mt65xx;spmi_mtk_mpu;spmi_mtk_pmif;sspm_v3;syscon_reboot_mode;system_heap;tcpc_mt6375;teeperf;thermal_generic_adc;thermal_interface;timer_mediatek;tkcore_drv;tmem_ffa;uarthub_drv;ufs_mediatek_mod;usb_boost;usb_logger;usb_meta;usb_offload;vcp;vtskin_temp;widevine_driver;wifi_cooling;wlan_drv_gen4m_6878;xhci_mtk_hcd_v2;yft_devinfo;yft_gpio_keys;yft_tiny2c_usb;yft_tpd_gesture,227,227,0,1,0,0,1,1,1,1
__platform_register_drivers,0x0547fe8f,KERNEL_OR_BUILTIN,,0,mtk_mmdvfs_v3;mtk_mml;mtk_smi;mtk_smi_dbg,4,4,0,1,0,0,1,1,1,1
__pm_relax,0x1aa68695,KERNEL_OR_BUILTIN,,0,adsp;apu_top;apusys;bt_drv_6878;c2k_usb;ccci_md_all;conninfra;fmradio_drv_connac2x;gps_drv_dl_v051;gz_tz_system;imgsensor;leds_ln2403;mdp_drv_mt6878;mediatek_drm;mt6369_accdet;mt6375_auxadc;mt6375_battery;mtk_bp_thl;mtk_charger_framework;mtk_dynamic_loading_throttling;mtk_mml;mtk_pep;mtk_pep40;mtk_pmic_keys;mtk_soc_offload_common;mtk_vow;scp;sensorhub;snd_soc_audiodsp_common;snd_soc_mtk_scp_ultra;spmi_mtk_pmif;ufs_mediatek_mod;vcp;wlan_drv_gen4m_6878,34,34,0,1,0,0,1,1,1,1
__pm_runtime_disable,0x05e59274,KERNEL_OR_BUILTIN,,0,8250_mtk;apu_top;aw36515;aw36518;aw36518_v2;camera_dpe_isp7sp;clk_common;dw9781c;hci_uart;mali_kbase_mt6878_r44;mediatek_drm;mtk_aie;mtk_cam_isp7sp;mtk_ccuv;mtk_imgsys_v4l2;mtk_iommu;mtk_ipesys_me;mtk_jpeg;mtk_mmc;mtk_mml;mtk_smi;mtk_uart_apdma;mtk_vcodec_dec_v1;mtk_vcodec_enc_v1;mtu3;pda_drv_mt6878;snd_soc_mt6878_afe;spi_mt65xx;vcp;xhci_mtk_hcd_v2,30,30,0,1,0,0,1,1,1,1
__pm_runtime_idle,0x14cee5de,KERNEL_OR_BUILTIN,,0,apu_top;apusys;aw36515;aw36518;aw36518_v2;camera_dpe_isp7sp;ccci_md_all;clk_common;clk_disable_unused;cmdq_sec_drv;conninfra;dw9781c;mdp_drv_mt6878;mediatek_drm;mt6878_mt6369;mtk_aie;mtk_cam_isp7sp;mtk_ccuv;mtk_cmdq_drv_ext;mtk_dpc;mtk_imgsys_cmdq;mtk_imgsys_v4l2;mtk_iommu;mtk_jpeg;mtk_mmdvfs_v3;mtk_mminfra_debug;mtk_mml;mtk_scpsys_bringup;mtk_smi;mtk_smi_dbg;mtk_vcodec_dec_v1;mtk_vcodec_enc_v1;mtu3;pda_drv_mt6878;snd_soc_mt6878_afe;snd_soc_mtk_common;snd_soc_mtk_scp_ultra;ufs_mediatek_mod;vcp,39,39,0,1,0,0,1,1,1,1
__pm_runtime_resume,0xabe820ab,KERNEL_OR_BUILTIN,,0,8250_mtk;apu_top;apusys;aw36515;aw36518;aw36518_v2;camera_dpe_isp7sp;ccci_md_all;clk_common;clk_disable_unused;cmdq_sec_drv;conninfra;dw9781c;hci_uart;mali_kbase_mt6878_r44;mdp_drv_mt6878;mediatek_drm;mt6878_mt6369;mtk_aie;mtk_cam_isp7sp;mtk_ccuv;mtk_cmdq_drv_ext;mtk_dpc;mtk_imgsys_cmdq;mtk_imgsys_v4l2;mtk_iommu;mtk_jpeg;mtk_mmc;mtk_mmdvfs_v3;mtk_mminfra_debug;mtk_mml;mtk_scpsys_bringup;mtk_smi;mtk_smi_dbg;mtk_vcodec_dec_v1;mtk_vcodec_enc_v1;mtu3;pda_drv_mt6878;snd_soc_mt6878_afe;snd_soc_mtk_common;snd_soc_mtk_scp_ultra;ufs_mediatek_mod;vcp;xhci_mtk_hcd_v2,44,44,0,1,0,0,1,1,1,1
__pm_runtime_set_status,0x22808c6a,KERNEL_OR_BUILTIN,,0,aw36515;aw36518;aw36518_v2;dw9781c;hci_uart;mali_kbase_mt6878_r44;mtk_mmc;mtu3;ufs_mediatek_mod;xhci_mtk_hcd_v2,10,10,0,1,0,0,1,1,1,1
__pm_runtime_suspend,0x7c91d8d1,KERNEL_OR_BUILTIN,,0,8250_mtk;hci_uart;mali_kbase_mt6878_r44;mt6878_mt6369;mtu3;xhci_mtk_hcd_v2,6,6,0,1,0,0,1,1,1,1
__pm_runtime_use_autosuspend,0x446c5527,KERNEL_OR_BUILTIN,,0,hci_uart;mali_kbase_mt6878_r44;mtk_mmc;mtu3;spi_mt65xx;xhci_mtk_hcd_v2,6,6,0,1,0,0,1,1,1,1
__pm_stay_awake,0xe186a5ce,KERNEL_OR_BUILTIN,,0,adsp;apu_top;apusys;bt_drv_6878;c2k_usb;ccci_md_all;conninfra;fmradio_drv_connac2x;gps_drv_dl_v051;gz_tz_system;imgsensor;leds_ln2403;mdp_drv_mt6878;mediatek_drm;mt6369_accdet;mt6375_auxadc;mt6375_battery;mtk_bp_thl;mtk_charger_framework;mtk_dynamic_loading_throttling;mtk_lpm;mtk_mml;mtk_pep;mtk_pep40;mtk_pmic_keys;mtk_soc_offload_common;mtk_vow;rtc_mt6685;scp;sensorhub;snd_soc_audiodsp_common;snd_soc_mtk_scp_ultra;spmi_mtk_pmif;ufs_mediatek_mod;vcp;wlan_drv_gen4m_6878,36,36,0,1,0,0,1,1,1,1
__printk_ratelimit,0x6128b5fc,KERNEL_OR_BUILTIN,,0,rtl8150,1,1,0,1,0,0,0,0,1,1
__pskb_copy_fclone,0xccd67e8e,KERNEL_OR_BUILTIN,,0,bluetooth;nfc;tipc,3,4,0,1,0,0,0,0,1,1
__pskb_pull_tail,0x263e8160,KERNEL_OR_BUILTIN,,0,6lowpan;aqc111;ax88179_178a;bluetooth;cfg80211;hidp;ieee802154;ieee802154_6lowpan;l2tp_core;l2tp_ppp;mac80211;nhc_udp;ppp_generic;pptp;rfcomm;tipc,16,17,0,1,0,0,0,0,1,1
__put_cred,0xea9a45e2,KERNEL_OR_BUILTIN,,0,mali_kbase_mt6878_r44;mtk_mbraink,2,2,0,1,0,0,0,0,1,1
__put_net,0x64b548b6,KERNEL_OR_BUILTIN,,0,cfg80211;ieee802154;ppp_generic,3,3,0,1,0,0,0,0,1,1
__put_task_struct,0x950c847f,KERNEL_OR_BUILTIN,,0,cpufreq_sugov_ext;cpuqos_v3;mali_kbase_mt6878_r44;monitor_hang;mtk_c2ps;mtk_fpsgo;mtk_heap_debug;mtk_imgsys_v4l2;mtk_mbraink;mtk_vcodec_common;scheduler;task_turbo;wlan_drv_gen4m_6878,13,13,1,1,1,1,1,1,1,1
__rb_erase_color,0x551bd071,KERNEL_OR_BUILTIN,,0,tipc,1,1,0,1,0,0,0,0,1,1
__rb_insert_augmented,0x120b336a,KERNEL_OR_BUILTIN,,0,tipc,1,1,0,1,0,0,0,0,1,1
__rcu_read_lock,0x8d522714,KERNEL_OR_BUILTIN,,0,8021q;aee_aed;aee_hangdet;blocktag;bluetooth;can;can_bcm;can_gw;cfg80211;cpufreq_sugov_ext;cpuqos_v3;ged;ieee802154_socket;l2tp_core;l2tp_ppp;mac80211;mac802154;mali_kbase_mt6878_r44;monitor_hang;mtk_c2ps;mtk_fpsgo;mtk_heap_debug;mtk_vcodec_common;mtk_wp;ppp_generic;pptp;rfcomm;scheduler;task_turbo;tipc;trace_mmstat;wlan_drv_gen4m_6878,32,33,0,1,0,0,1,1,1,1
__rcu_read_unlock,0x2469810f,KERNEL_OR_BUILTIN,,0,8021q;aee_aed;aee_hangdet;blocktag;bluetooth;can;can_bcm;can_gw;cfg80211;cpufreq_sugov_ext;cpuqos_v3;ged;ieee802154_socket;l2tp_core;l2tp_ppp;mac80211;mac802154;mali_kbase_mt6878_r44;monitor_hang;mtk_c2ps;mtk_fpsgo;mtk_heap_debug;mtk_vcodec_common;mtk_wp;ppp_generic;pptp;rfcomm;scheduler;task_turbo;tipc;trace_mmstat;wlan_drv_gen4m_6878,32,33,0,1,0,0,1,1,1,1
__register_blkdev,0x720a27a7,KERNEL_OR_BUILTIN,,0,zram,1,1,0,1,0,0,1,1,1,1
__register_chrdev,0xbd842ba8,KERNEL_OR_BUILTIN,,0,gz_main_mod;hf_manager;ppp_generic;wwan,4,4,0,1,0,0,1,1,1,1
__register_rpmsg_driver,0x22984856,KERNEL_OR_BUILTIN,,0,apu_top;apusys;ccd_rpmsg;sapu,4,4,0,1,0,0,1,1,1,1
__release_region,0x1848221d,KERNEL_OR_BUILTIN,,0,cpufreq_sugov_ext;fmradio_drv_connac2x;mali_kbase_mt6878_r44;mediatek_cpufreq_hw;wlan_drv_gen4m_6878,5,5,0,1,0,0,1,1,1,1
__request_module,0xa24f23d8,KERNEL_OR_BUILTIN,,0,6lowpan;bluetooth;can;ppp_generic;pppox,5,6,0,1,0,0,0,0,1,1
__request_percpu_irq,0xf8b9b956,KERNEL_OR_BUILTIN,,0,gz_irq_mod,1,1,0,1,0,0,1,1,1,1
__request_region,0x0ca39ba0,KERNEL_OR_BUILTIN,,0,fmradio_drv_connac2x;mali_kbase_mt6878_r44;mediatek_cpufreq_hw;wlan_drv_gen4m_6878,4,4,0,1,0,0,1,1,1,1
__rht_bucket_nested,0xd0d156e9,KERNEL_OR_BUILTIN,,0,mac80211;tipc,2,2,0,1,0,0,0,0,1,1
__scsi_iterate_devices,0xd556190c,KERNEL_OR_BUILTIN,,0,ufs_mediatek_mod,1,1,0,1,0,0,1,1,1,1
__serdev_device_driver_register,0x49c683c2,KERNEL_OR_BUILTIN,,0,hci_uart,1,1,0,1,0,0,0,0,1,1
__sg_page_iter_next,0x7c9ca58f,KERNEL_OR_BUILTIN,,0,apusys;mtk_sec_heap;system_heap,3,3,0,1,0,0,1,1,1,1
__sg_page_iter_start,0xccd4c999,KERNEL_OR_BUILTIN,,0,apusys;mtk_sec_heap;system_heap,3,3,0,1,0,0,1,1,1,1
__sk_receive_skb,0x6048e9c0,KERNEL_OR_BUILTIN,,0,pptp,1,1,0,1,0,0,0,0,1,1
__skb_get_hash,0x1ddd1883,KERNEL_OR_BUILTIN,,0,mac80211,1,1,0,1,0,0,0,0,1,1
__skb_gso_segment,0x69420fe8,KERNEL_OR_BUILTIN,,0,mac80211;r8152,2,2,0,1,0,0,0,0,1,1
__sock_create,0x7265e465,KERNEL_OR_BUILTIN,,0,cfg80211,1,1,0,1,0,0,0,0,1,1
__sock_queue_rcv_skb,0x9d9799e5,KERNEL_OR_BUILTIN,,0,bluetooth,1,2,0,1,0,0,0,0,1,1
__sock_recv_cmsgs,0xd32b6582,KERNEL_OR_BUILTIN,,0,bluetooth;can_bcm;can_raw;ieee802154_socket,4,5,0,1,0,0,0,0,1,1
__sock_recv_timestamp,0xcdc149a2,KERNEL_OR_BUILTIN,,0,bluetooth;nfc,2,3,0,1,0,0,0,0,1,1
__sock_recv_wifi_status,0xd80f3e2d,KERNEL_OR_BUILTIN,,0,bluetooth;nfc,2,3,0,1,0,0,0,0,1,1
__sock_tx_timestamp,0x437a0d6d,KERNEL_OR_BUILTIN,,0,can_raw,1,1,0,1,0,0,0,0,1,1
__spi_alloc_controller,0x139ba157,KERNEL_OR_BUILTIN,,0,spi_mt65xx,1,1,0,1,0,0,1,1,1,1
__spi_register_driver,0x9a9c1906,KERNEL_OR_BUILTIN,,0,focaltech_touch_spi_ft3680;microarray_fp_tee;spi_tiny_co5300_lcd,3,3,0,1,0,0,1,1,1,1
__spmi_driver_register,0x36f7ad6c,KERNEL_OR_BUILTIN,,0,mt6685_core;mtk_spmi_pmic,2,2,0,1,0,0,1,1,1,1
__srcu_read_lock,0x5f0dddd4,KERNEL_OR_BUILTIN,,0,gzvm,1,1,0,1,0,0,0,0,1,1
__srcu_read_unlock,0x492dabdc,KERNEL_OR_BUILTIN,,0,gzvm,1,1,0,1,0,0,0,0,1,1
__stack_chk_fail,0xc2c193d2,KERNEL_OR_BUILTIN,,0,6lowpan;8021q;8250_mtk;adsp;aee_aed;aee_hangdet;aee_rs;apu_top;apusys;aqc111;arm_dsu_pmu;asix;atf_logger;audio_ipi;aw36515;aw36518;aw36518_v2;aw883xx_driver;ax88179_178a;backlight_cooling;blocktag;bluetooth;bootprof;bt_drv_6878;btbcm;btqca;btsdio;bus_parity;c2k_usb;c2ps_perf_ioctl;cache_parity;camera_dpe_isp7sp;camera_eeprom_v4l2;can_bcm;can_dev;can_gw;can_raw;ccci_auxadc;ccci_ccif;ccci_dpmaif;ccci_fsm_scp;ccci_md_all;ccci_util_lib;ccd_rpmsg;ccmni;cdc_acm;cdc_ether;cdc_ncm;cfg80211;charger_cooling;clk_bringup;clk_chk_mt6878;clk_common;clk_fmeter_mt6878;clkbuf;cmdq_helper_inf;cmdq_platform_mt6878;cmdq_sec_drv;cmdq_test;connadp;connfem;conninfra;connscp;cpudvfs;cpufreq_sugov_ext;cpuqos_v3;cqhci;custom_ldo_wl2868;dbg_error_flag;dbgtop_drm;device_apc_common;device_apc_mt6878;diag;drm_display_helper;drm_dma_helper;dw9781c;emi;emi_fake_eng;emi_mpu;extcon_mtk_usb;extdev_io_class;ffa_v10;fhctl;fingerprint;flashlight;fmradio_drv_connac2x;focaltech_touch_spi_ft3680;fpsgo;frs;ftdi_sio;ged;gps_drv_dl_v051;gpueb;gz_ipc_mod;gz_irq_mod;gz_log_mod;gz_main_mod;gz_trusty_mod;gz_tz_system;gz_virtio_mod;gzvm;hbt;hci_uart;hf_manager;hidp;hynitron;i2c_mt65xx;ieee802154;ieee802154_6lowpan;ieee802154_socket;imgsensor;iommu_debug;iommu_secure;irq_dbg;kfifo_buf;l2tp_core;l2tp_ppp;last_bus;leds_ln2403;leds_mtk;leds_rgb_aw2013;load_track;log_store;lpm_gov_MHSP;mac80211;mac802154;main2_vcm;main3_vcm;main4_vcm;main_vcm;mali_dmabuf_test_mt6878_r44;mali_kbase_mt6878_r44;mali_mgm_mt6878_r44;mali_prot_alloc_mt6878_r44;mcupm;md_cooling_all;mddp;mdp_drv_mt6878;mediatek_cpufreq_hw;mediatek_drm;mediatek_drm_gateic;mediatek_drm_panel_drv;met;microarray_fp_tee;mii;mmprofile;mmqos_common;monitor_hang;mrdump;mt6315_regulator;mt6338_core;mt6363_regulator;mt6369_accdet;mt6369_regulator;mt6375;mt6375_adc;mt6375_auxadc;mt6375_battery;mt6375_charger;mt6878_mt6369;mtk_aie;mtk_battery_oc_throttling;mtk_bp_thl;mtk_btcvsd;mtk_c2ps;mtk_cam_isp7sp;mtk_ccd_remoteproc;mtk_ccuv;mtk_cg_peak_power_throttling;mtk_charger_framework;mtk_chg_type_det;mtk_cm_ipi;mtk_cm_mgr;mtk_cm_mgr_mt6878;mtk_cmdq_drv_ext;mtk_core_ctl;mtk_cpu_power_throttling;mtk_dcm;mtk_dpc;mtk_dramc;mtk_dvfsrc;mtk_dvfsrc_devfreq;mtk_dvfsrc_helper;mtk_dvfsrc_regulator;mtk_dvfsrc_start;mtk_dynamic_loading_throttling;mtk_fpsgo;mtk_gpu_power_throttling;mtk_gpu_qos;mtk_gpufreq_mt6878;mtk_gpufreq_wrapper;mtk_hcp;mtk_heap_debug;mtk_icc_core;mtk_imgsys_cmdq;mtk_imgsys_isp7sp;mtk_imgsys_v4l2;mtk_ioctl_powerhal;mtk_ioctl_touch_boost;mtk_iommu;mtk_ipesys_me;mtk_irtx_pwm;mtk_jpeg;mtk_low_battery_throttling;mtk_lpm;mtk_lpm_dbg_common_v2;mtk_lpm_dbg_mt6878;mtk_lpm_plat_v1;mtk_mbox;mtk_mbox_mailbox;mtk_mbraink;mtk_md_power_throttling;mtk_mdpm;mtk_mmc;mtk_mmc_dbg;mtk_mmdvfs;mtk_mmdvfs_debug;mtk_mmdvfs_ftrace;mtk_mmdvfs_v3;mtk_mminfra_debug;mtk_mminfra_imax;mtk_mml;mtk_mml_mt6878;mtk_pbm;mtk_pd_adapter;mtk_pd_charging;mtk_peak_power_budget;mtk_pep;mtk_pep40;mtk_pep50;mtk_perf_common;mtk_perf_ioctl;mtk_perf_ioctl_magt;mtk_pmic_keys;mtk_pmic_oc_debug;mtk_pmic_wrap;mtk_printk_ctrl;mtk_qos;mtk_scp_audiocommon;mtk_scpsys;mtk_scpsys_bringup;mtk_sec_heap;mtk_smi;mtk_smi_dbg;mtk_soc_offload_common;mtk_sp_spk_amp;mtk_spmi_pmic;mtk_spmi_pmic_adc;mtk_ssc;mtk_ssc_dbg_v2;mtk_swpm;mtk_swpm_cpu_dbg_v6878;mtk_swpm_dbg_common_v1;mtk_swpm_dbg_v6878;mtk_swpm_perf_arm_pmu;mtk_tinysys_ipi;mtk_u_ether;mtk_uart_apdma;mtk_usb_f_rndis;mtk_vcodec_common;mtk_vcodec_dec_v1;mtk_vcodec_enc_v1;mtk_vcu;mtk_vmm_isp71_regulator;mtk_vmm_notifier;mtk_vmm_spm;mtk_vow;mtk_wp;mtu3;mux_switch;nfc;nvmem_mt635x_efuse;nvmem_mtk_devinfo;panel_ky_vtdr6115_dphy_cmd;pd_dbg_info;pda_drv_mt6878;phy_mtk_ufs;phy_mtk_xsphy;pidmap;pinctrl_mtk_common_v2_debug;pinctrl_mtk_v2;pmic_lbat_service;pmic_lvsys_notify;pmic_temp;powerhal_cpu_ctrl;ppp_deflate;ppp_generic;pptp;r8152;r8153_ecm;reset_ti_syscon;rfcomm;rfkill;rpmb;rpmb_mtk;rps_perf;rt4831a_drv;rt5133_regulator;rt6160_regulator;rt_pd_manager;rtc_mt6685;rtl8150;sapu;sc851x_charger;sc8571_charger;scheduler;scp;sec;sec_rng;sensorhub;sh366003_fg;slcan;slhc;smpu;snd_soc_audiodsp_common;snd_soc_mt6369;snd_soc_mt6878_afe;snd_soc_mtk_common;snd_soc_mtk_scp_ultra;snd_soc_tfa98xx;soc_temp_lvts;spi_mt65xx;spi_tiny_co5300_lcd;spmi_mtk_mpu;spmi_mtk_pmif;sspm_v3;st21nfc;sub_vcm;system_heap;task_turbo;tcpc_class;tcpc_mt6375;teeperf;thermal_generic_adc;thermal_interface;thermal_trace;timer_mediatek;tinysys_scmi;tipc;tkcore;tkcore_drv;tmem_ffa;touch_boost;trace_mmstat;uarthub_drv;ufs_mediatek_dbg;ufs_mediatek_mod;uload_ind;usb_boost;usb_logger;usb_meta;usb_offload;usbnet;usbserial;vcp;vtskin_temp;widevine_driver;wlan_drv_gen4m_6878;wmt_chrdev_wifi_connac2;wwan;xhci_mtk_hcd_v2;yft_devinfo;yft_tiny2c_usb;yft_tpd_gesture;zram;zsmalloc,366,367,0,1,1,0,1,1,1,1
__sw_hweight16,0x57674fd7,KERNEL_OR_BUILTIN,,0,cfg80211;mac80211,2,2,0,1,0,0,0,0,1,1
__sw_hweight32,0x74c134b9,KERNEL_OR_BUILTIN,,0,cfg80211;drm_display_helper;imgsensor;mac80211;mali_kbase_mt6878_r44;mtk_cam_isp7sp;mtk_lpm_dbg_common_v2;xhci_mtk_hcd_v2,8,8,0,1,0,0,1,1,1,1
__sw_hweight64,0x9f46ced8,KERNEL_OR_BUILTIN,,0,mac80211;mali_kbase_mt6878_r44,2,2,0,1,0,0,1,1,1,1
__sw_hweight8,0xdc3fcbc9,KERNEL_OR_BUILTIN,,0,cfg80211;drm_display_helper;mac80211,3,3,0,1,0,0,0,0,1,1
__task_pid_nr_ns,0x29757059,KERNEL_OR_BUILTIN,,0,bootprof;monitor_hang,2,2,0,1,0,0,1,1,1,1
__task_rq_lock,0xd3cf4618,KERNEL_OR_BUILTIN,,0,scheduler;task_turbo,2,2,0,1,0,0,1,1,1,1
__tasklet_hi_schedule,0x3e3bad0a,KERNEL_OR_BUILTIN,,0,ccci_dpmaif;wlan_drv_gen4m_6878,2,2,0,1,0,0,1,1,1,1
__tasklet_schedule,0x9d2ab8ac,KERNEL_OR_BUILTIN,,0,aee_aed;cdc_ncm;hf_manager;mac80211;mac802154;r8152;rtl8150;scp;usbnet;vcp;wlan_drv_gen4m_6878,11,11,0,1,0,0,1,1,1,1
__tee_get,0xa4df7b8a,STOCK_MODULE,tkcore,1,tkcore_drv,1,1,0,0,0,0,0,0,0,0
__trace_bprintk,0xa20d01ba,KERNEL_OR_BUILTIN,,0,snd_soc_tfa98xx,1,1,0,1,0,0,1,1,1,1
__trace_puts,0x2d41e6f5,KERNEL_OR_BUILTIN,,0,mediatek_drm;met;mtk_aie;mtk_cmdq_drv_ext;mtk_mml;mtk_vcodec_common,6,6,0,1,0,0,1,1,1,1
__trace_trigger_soft_disabled,0x942c940f,KERNEL_OR_BUILTIN,,0,aee_aed;apu_top;apusys;blocktag;bt_drv_6878;cfg80211;cpufreq_sugov_ext;cpuqos_v3;ged;ieee802154;imgsensor;l2tp_core;lpm_gov_MHSP;mac80211;mac802154;mali_kbase_mt6878_r44;mediatek_drm;mmqos_common;mtk_c2ps;mtk_cam_isp7sp;mtk_cg_peak_power_throttling;mtk_cm_mgr_mt6878;mtk_core_ctl;mtk_cpu_power_throttling;mtk_dvfsrc;mtk_fpsgo;mtk_gpu_power_throttling;mtk_gpufreq_wrapper;mtk_icc_core;mtk_imgsys_cmdq;mtk_imgsys_v4l2;mtk_low_battery_throttling;mtk_lpm;mtk_mbox;mtk_mmdvfs_ftrace;mtk_mml;mtk_peak_power_budget;mtk_perf_common;mtk_swpm_dbg_v6878;mtk_vmm_isp71_regulator;mtu3;powerhal_cpu_ctrl;scheduler;snd_soc_audiodsp_common;task_turbo;thermal_trace;timer_mediatek;tipc;touch_boost;trace_mmstat;ufs_mediatek_mod;uload_ind;usb_logger;xhci_mtk_hcd_v2,54,54,0,1,0,0,0,0,1,1
__traceiter_SPM__resource_req_0,0xcbc42e90,STOCK_MODULE,mtk_lpm,1,mtk_lpm_dbg_common_v2,1,1,0,0,0,0,0,0,0,0
__traceiter_cpu_frequency,0xead3e41b,KERNEL_OR_BUILTIN,,0,met,1,1,0,1,0,0,1,1,1,1
__traceiter_gpu_mem_total,0x448af6f4,KERNEL_OR_BUILTIN,,0,mali_kbase_mt6878_r44,1,1,0,1,0,0,1,1,1,1
__traceiter_md_mutt_limit,0x3db381ad,STOCK_MODULE,thermal_trace,1,md_cooling_all,1,1,0,0,0,0,0,0,0,0
__traceiter_md_scg_off,0x77c70485,STOCK_MODULE,thermal_trace,1,md_cooling_all,1,1,0,0,0,0,0,0,0,0
__traceiter_md_tx_pwr_limit,0xd894c586,STOCK_MODULE,thermal_trace,1,md_cooling_all,1,1,0,0,0,0,0,0,0,0
__traceiter_mtk_pm_qos_update_request,0x90965b4c,STOCK_MODULE,mtk_dvfsrc,1,mtk_dvfsrc_regulator;mtk_emi,2,2,0,0,0,0,0,0,0,0
__tracepoint_SPM__resource_req_0,0xc4de8053,STOCK_MODULE,mtk_lpm,1,mtk_lpm_dbg_common_v2,1,1,0,0,0,0,0,0,0,0
__tracepoint_android_rvh_after_dequeue_task,0x9ad4f5ba,KERNEL_OR_BUILTIN,,0,scheduler,1,1,0,1,0,0,0,0,1,1
__tracepoint_android_rvh_after_enqueue_task,0x36d08831,KERNEL_OR_BUILTIN,,0,scheduler,1,1,0,1,0,0,1,1,1,1
__tracepoint_android_rvh_audio_usb_offload_disconnect,0xb46edc7c,KERNEL_OR_BUILTIN,,0,usb_offload,1,1,0,1,0,0,1,1,1,1
__tracepoint_android_rvh_can_migrate_task,0x89ef9455,KERNEL_OR_BUILTIN,,0,scheduler,1,1,0,1,0,0,1,1,1,1
__tracepoint_android_rvh_check_preempt_wakeup,0x7e34ad6c,KERNEL_OR_BUILTIN,,0,scheduler,1,1,0,1,0,0,0,0,1,1
__tracepoint_android_rvh_cpu_cgroup_attach,0xe5107ad0,KERNEL_OR_BUILTIN,,0,scheduler,1,1,0,1,0,0,0,0,1,1
__tracepoint_android_rvh_cpu_cgroup_online,0x3f3039c2,KERNEL_OR_BUILTIN,,0,scheduler,1,1,0,1,0,0,0,0,1,1
__tracepoint_android_rvh_cpu_overutilized,0x29b33046,KERNEL_OR_BUILTIN,,0,scheduler,1,1,0,1,0,0,1,1,1,1
__tracepoint_android_rvh_cpufreq_transition,0xda623954,KERNEL_OR_BUILTIN,,0,mtk_fpsgo,1,1,0,1,0,0,0,0,1,1
__tracepoint_android_rvh_dequeue_task,0xf992211e,KERNEL_OR_BUILTIN,,0,scheduler,1,1,0,1,0,0,1,1,1,1
__tracepoint_android_rvh_dequeue_task_fair,0x34684643,KERNEL_OR_BUILTIN,,0,mtk_core_ctl,1,1,0,1,0,0,1,1,1,1
__tracepoint_android_rvh_enqueue_task,0x55965c95,KERNEL_OR_BUILTIN,,0,scheduler,1,1,0,1,0,0,1,1,1,1
__tracepoint_android_rvh_enqueue_task_fair,0x6eb0e4b8,KERNEL_OR_BUILTIN,,0,mtk_core_ctl,1,1,0,1,0,0,1,1,1,1
__tracepoint_android_rvh_find_busiest_group,0x49269776,KERNEL_OR_BUILTIN,,0,scheduler,1,1,0,1,0,0,1,1,1,1
__tracepoint_android_rvh_find_busiest_queue,0x7681ac90,KERNEL_OR_BUILTIN,,0,scheduler,1,1,0,1,0,0,1,1,1,1
__tracepoint_android_rvh_find_energy_efficient_cpu,0xc762e5b3,KERNEL_OR_BUILTIN,,0,scheduler,1,1,0,1,0,0,1,1,1,1
__tracepoint_android_rvh_find_lowest_rq,0xd1276946,KERNEL_OR_BUILTIN,,0,scheduler,1,1,0,1,0,0,1,1,1,1
__tracepoint_android_rvh_find_new_ilb,0xad8a8a9b,KERNEL_OR_BUILTIN,,0,scheduler,1,1,0,1,0,0,1,1,1,1
__tracepoint_android_rvh_finish_prio_fork,0x33e0a813,KERNEL_OR_BUILTIN,,0,task_turbo,1,1,0,1,0,0,1,1,1,1
__tracepoint_android_rvh_flush_task,0x97640e4f,KERNEL_OR_BUILTIN,,0,scheduler,1,1,0,1,0,0,0,0,1,1
__tracepoint_android_rvh_get_nohz_timer_target,0x11bfb9a4,KERNEL_OR_BUILTIN,,0,scheduler,1,1,0,1,0,0,1,1,1,1
__tracepoint_android_rvh_iommu_limit_align_shift,0xe72e34ff,KERNEL_OR_BUILTIN,,0,iommu_debug,1,1,0,0,0,0,0,0,0,0
__tracepoint_android_rvh_is_cpu_allowed,0xfe153f7a,KERNEL_OR_BUILTIN,,0,scheduler,1,1,0,1,0,0,1,1,1,1
__tracepoint_android_rvh_new_task_stats,0x798d7748,KERNEL_OR_BUILTIN,,0,scheduler,1,1,0,1,0,0,1,1,1,1
__tracepoint_android_rvh_post_init_entity_util_avg,0xa967c441,KERNEL_OR_BUILTIN,,0,scheduler,1,1,0,1,0,0,0,0,1,1
__tracepoint_android_rvh_prepare_prio_fork,0xadd0283e,KERNEL_OR_BUILTIN,,0,task_turbo,1,1,0,1,0,0,1,1,1,1
__tracepoint_android_rvh_replace_next_task_fair,0xa95004c7,KERNEL_OR_BUILTIN,,0,scheduler,1,1,0,1,0,0,0,0,1,1
__tracepoint_android_rvh_rtmutex_prepare_setprio,0x7740c625,KERNEL_OR_BUILTIN,,0,task_turbo,1,1,0,1,0,0,1,1,1,1
__tracepoint_android_rvh_rto_next_cpu,0x81a1754b,KERNEL_OR_BUILTIN,,0,scheduler,1,1,0,1,0,0,1,1,1,1
__tracepoint_android_rvh_sched_cpu_starting,0xdd953146,KERNEL_OR_BUILTIN,,0,scheduler,1,1,0,1,0,0,0,0,1,1
__tracepoint_android_rvh_sched_fork_init,0x2071a467,KERNEL_OR_BUILTIN,,0,scheduler,1,1,0,1,0,0,0,0,1,1
__tracepoint_android_rvh_sched_newidle_balance,0xbadefe48,KERNEL_OR_BUILTIN,,0,scheduler,1,1,0,1,0,0,1,1,1,1
__tracepoint_android_rvh_schedule,0xb6bce8f8,KERNEL_OR_BUILTIN,,0,scheduler,1,1,0,1,0,0,0,0,1,1
__tracepoint_android_rvh_select_task_rq_fair,0x4bfae7d4,KERNEL_OR_BUILTIN,,0,task_turbo,1,1,0,1,0,0,1,1,1,1
__tracepoint_android_rvh_select_task_rq_rt,0xa1f10509,KERNEL_OR_BUILTIN,,0,scheduler,1,1,0,1,0,0,1,1,1,1
__tracepoint_android_rvh_set_cpus_allowed_by_task,0xb9f0b1bc,KERNEL_OR_BUILTIN,,0,scheduler,1,1,0,1,0,0,1,1,1,1
__tracepoint_android_rvh_set_task_cpu,0x0b7e6c73,KERNEL_OR_BUILTIN,,0,scheduler,1,1,0,1,0,0,0,0,1,1
__tracepoint_android_rvh_set_user_nice,0x4529c9f1,KERNEL_OR_BUILTIN,,0,task_turbo,1,1,0,1,0,0,1,1,1,1
__tracepoint_android_rvh_setscheduler,0xfa177030,KERNEL_OR_BUILTIN,,0,task_turbo,1,1,0,1,0,0,1,1,1,1
__tracepoint_android_rvh_tick_entry,0x0bd72419,KERNEL_OR_BUILTIN,,0,scheduler,1,1,0,1,0,0,1,1,1,1
__tracepoint_android_rvh_try_to_wake_up,0x82233cc0,KERNEL_OR_BUILTIN,,0,scheduler,1,1,0,1,0,0,0,0,1,1
__tracepoint_android_rvh_try_to_wake_up_success,0xbc0d0d45,KERNEL_OR_BUILTIN,,0,scheduler,1,1,0,1,0,0,0,0,1,1
__tracepoint_android_rvh_update_cpu_capacity,0xef03083e,KERNEL_OR_BUILTIN,,0,scheduler,1,1,0,1,0,0,1,1,1,1
__tracepoint_android_rvh_wake_up_new_task,0x6b60d8f1,KERNEL_OR_BUILTIN,,0,scheduler,1,1,0,1,0,0,0,0,1,1
__tracepoint_android_vh_alter_futex_plist_add,0xed380509,KERNEL_OR_BUILTIN,,0,task_turbo,1,1,0,1,0,0,1,1,1,1
__tracepoint_android_vh_alter_rwsem_list_add,0xb65a03d5,KERNEL_OR_BUILTIN,,0,task_turbo,1,1,0,1,0,0,1,1,1,1
__tracepoint_android_vh_arch_set_freq_scale,0x7600dd62,KERNEL_OR_BUILTIN,,0,cpufreq_sugov_ext,1,1,0,1,0,0,1,1,1,1
__tracepoint_android_vh_audio_usb_offload_connect,0x33a52dcb,KERNEL_OR_BUILTIN,,0,usb_offload;xhci_mtk_hcd_v2,2,2,0,1,0,0,0,0,1,1
__tracepoint_android_vh_binder_restore_priority,0xbf6d3788,KERNEL_OR_BUILTIN,,0,task_turbo,1,1,0,1,0,0,1,1,1,1
__tracepoint_android_vh_binder_set_priority,0x03b21b81,KERNEL_OR_BUILTIN,,0,task_turbo,1,1,0,1,0,0,1,1,1,1
__tracepoint_android_vh_binder_trans,0x2bda2355,KERNEL_OR_BUILTIN,,0,mtk_mbraink,1,1,0,1,0,0,0,0,1,1
__tracepoint_android_vh_binder_transaction_init,0x2e7c8a6c,KERNEL_OR_BUILTIN,,0,task_turbo,1,1,0,1,0,0,1,1,1,1
__tracepoint_android_vh_cgroup_attach,0xde2789e0,KERNEL_OR_BUILTIN,,0,cpuqos_v3,1,1,0,1,0,0,1,1,1,1
__tracepoint_android_vh_cgroup_set_task,0xe1f9a223,KERNEL_OR_BUILTIN,,0,task_turbo,1,1,0,1,0,0,1,1,1,1
__tracepoint_android_vh_check_uninterrupt_tasks,0xcc643163,KERNEL_OR_BUILTIN,,0,scheduler,1,1,0,1,0,0,0,0,1,1
__tracepoint_android_vh_cpu_idle_enter,0x656d334c,KERNEL_OR_BUILTIN,,0,lpm_gov_MHSP,1,1,0,1,0,0,0,0,1,1
__tracepoint_android_vh_cpu_idle_exit,0x51b29892,KERNEL_OR_BUILTIN,,0,lpm_gov_MHSP,1,1,0,1,0,0,0,0,1,1
__tracepoint_android_vh_cpufreq_fast_switch,0x6abcf30a,KERNEL_OR_BUILTIN,,0,cpufreq_sugov_ext,1,1,0,1,0,0,0,0,1,1
__tracepoint_android_vh_dump_throttled_rt_tasks,0xd29bebac,KERNEL_OR_BUILTIN,,0,scheduler,1,1,0,1,0,0,0,0,1,1
__tracepoint_android_vh_iommu_iovad_alloc_iova,0x7a1fcb87,KERNEL_OR_BUILTIN,,0,iommu_debug,1,1,0,1,0,0,1,1,1,1
__tracepoint_android_vh_iommu_iovad_free_iova,0x6c2a9494,KERNEL_OR_BUILTIN,,0,iommu_debug,1,1,0,1,0,0,1,1,1,1
__tracepoint_android_vh_is_fpsimd_save,0x961b247c,KERNEL_OR_BUILTIN,,0,cpuqos_v3,1,1,0,1,0,0,1,1,1,1
__tracepoint_android_vh_rwsem_init,0x554a1937,KERNEL_OR_BUILTIN,,0,task_turbo,1,1,0,1,0,0,1,1,1,1
__tracepoint_android_vh_rwsem_wake,0x41026d41,KERNEL_OR_BUILTIN,,0,task_turbo,1,1,0,1,0,0,1,1,1,1
__tracepoint_android_vh_rwsem_write_finished,0xa15e744e,KERNEL_OR_BUILTIN,,0,task_turbo,1,1,0,1,0,0,1,1,1,1
__tracepoint_android_vh_sched_pelt_multiplier,0x8363715e,KERNEL_OR_BUILTIN,,0,scheduler,1,1,0,1,0,0,1,1,1,1
__tracepoint_android_vh_scheduler_tick,0xa3e74b24,KERNEL_OR_BUILTIN,,0,mtk_core_ctl;mtk_perf_common;scheduler,3,3,0,1,0,0,1,1,1,1
__tracepoint_android_vh_set_wake_flags,0x6b9fe557,KERNEL_OR_BUILTIN,,0,scheduler,1,1,0,1,0,0,1,1,1,1
__tracepoint_android_vh_setscheduler_uclamp,0x7ae79b81,KERNEL_OR_BUILTIN,,0,scheduler,1,1,0,1,0,0,0,0,1,1
__tracepoint_android_vh_show_resume_epoch_val,0x8917c5f6,KERNEL_OR_BUILTIN,,0,met,1,1,0,1,0,0,1,1,1,1
__tracepoint_android_vh_show_suspend_epoch_val,0xaf7f3246,KERNEL_OR_BUILTIN,,0,met,1,1,0,1,0,0,1,1,1,1
__tracepoint_android_vh_syscall_prctl_finished,0xf2cf3f0f,KERNEL_OR_BUILTIN,,0,task_turbo,1,1,0,1,0,0,1,1,1,1
__tracepoint_cpu_frequency,0xf9093f5b,KERNEL_OR_BUILTIN,,0,met,1,1,0,1,0,0,1,1,1,1
__tracepoint_gpu_mem_total,0x16fa73fe,KERNEL_OR_BUILTIN,,0,mali_kbase_mt6878_r44,1,1,0,1,0,0,1,1,1,1
__tracepoint_ipi_entry,0x3f573f55,KERNEL_OR_BUILTIN,,0,lpm_gov_MHSP,1,1,0,1,0,0,0,0,1,1
__tracepoint_ipi_raise,0xe612228f,KERNEL_OR_BUILTIN,,0,lpm_gov_MHSP,1,1,0,1,0,0,0,0,1,1
__tracepoint_md_mutt_limit,0x1f99bde1,STOCK_MODULE,thermal_trace,1,md_cooling_all,1,1,0,0,0,0,0,0,0,0
__tracepoint_md_scg_off,0x7ed8583b,STOCK_MODULE,thermal_trace,1,md_cooling_all,1,1,0,0,0,0,0,0,0,0
__tracepoint_md_tx_pwr_limit,0xc09777c0,STOCK_MODULE,thermal_trace,1,md_cooling_all,1,1,0,0,0,0,0,0,0,0
__tracepoint_mmap_lock_acquire_returned,0xbe118c52,KERNEL_OR_BUILTIN,,0,gzvm;hbt;monitor_hang;mtk_heap_debug,4,4,0,1,0,0,1,1,1,1
__tracepoint_mmap_lock_released,0x5efdd68b,KERNEL_OR_BUILTIN,,0,gzvm;hbt;monitor_hang;mtk_heap_debug,4,4,0,1,0,0,1,1,1,1
__tracepoint_mmap_lock_start_locking,0xbd628752,KERNEL_OR_BUILTIN,,0,gzvm;hbt;monitor_hang;mtk_heap_debug,4,4,0,1,0,0,1,1,1,1
__tracepoint_mtk_pm_qos_update_request,0x5b02c129,STOCK_MODULE,mtk_dvfsrc,1,mtk_dvfsrc_regulator;mtk_emi,2,2,0,0,0,0,0,0,0,0
__tracepoint_mtu3_gadget_ep_disable,0x3d4d3e40,STOCK_MODULE,mtu3,1,usb_boost,1,1,0,0,0,0,0,0,0,0
__tracepoint_mtu3_gadget_ep_enable,0xf4cc943f,STOCK_MODULE,mtu3,1,usb_boost,1,1,0,0,0,0,0,0,0,0
__tracepoint_mtu3_gadget_queue,0xda58430f,STOCK_MODULE,mtu3,1,usb_boost;usb_logger,2,2,0,0,0,0,0,0,0,0
__tracepoint_mtu3_req_complete,0x1eaa6b11,STOCK_MODULE,mtu3,1,usb_logger,1,1,0,0,0,0,0,0,0,0
__tracepoint_pelt_rt_tp,0x90d937b4,KERNEL_OR_BUILTIN,,0,scheduler,1,1,0,1,0,0,0,0,1,1
__tracepoint_pelt_se_tp,0x06055a23,KERNEL_OR_BUILTIN,,0,mtk_core_ctl;scheduler,2,2,0,1,0,0,1,1,1,1
__tracepoint_sched_update_nr_running_tp,0x365b45d1,KERNEL_OR_BUILTIN,,0,mtk_core_ctl,1,1,0,1,0,0,1,1,1,1
__tracepoint_task_newtask,0x6ba3f1e6,KERNEL_OR_BUILTIN,,0,cpuqos_v3;scheduler,2,2,0,1,0,0,1,1,1,1
__tracepoint_xhci_urb_enqueue_,0x123af5b0,STOCK_MODULE,xhci_mtk_hcd_v2,1,usb_logger,1,1,0,0,0,0,0,0,0,0
__tracepoint_xhci_urb_giveback_,0x095b184c,STOCK_MODULE,xhci_mtk_hcd_v2,1,usb_boost;usb_logger,2,2,0,0,0,0,0,0,0,0
__tty_alloc_driver,0xd78427a9,KERNEL_OR_BUILTIN,,0,cdc_acm;rfcomm;usbserial,3,3,0,1,0,0,0,0,1,1
__tty_insert_flip_char,0x2f90d388,KERNEL_OR_BUILTIN,,0,cdc_acm;ftdi_sio;usbserial,3,3,0,1,0,0,0,0,1,1
__udelay,0x9e7d6bd0,KERNEL_OR_BUILTIN,,0,apu_top;apusys;ccci_md_all;conninfra;fmradio_drv_connac2x;gps_drv_dl_v051;imgsensor;mediatek_drm;mediatek_drm_panel_drv;wlan_drv_gen4m_6878,10,10,0,1,0,0,1,1,1,1
__unregister_chrdev,0x6bc3fbc0,KERNEL_OR_BUILTIN,,0,hf_manager;ppp_generic;wwan,3,3,0,1,0,0,1,1,1,1
__usecs_to_jiffies,0xf1969a8e,KERNEL_OR_BUILTIN,,0,apusys;mac80211,2,2,0,1,0,0,1,1,1,1
__v4l2_ctrl_modify_range,0xb09c0033,KERNEL_OR_BUILTIN,,0,imgsensor,1,1,0,1,0,0,1,1,1,1
__v4l2_ctrl_s_ctrl,0x20c468ae,KERNEL_OR_BUILTIN,,0,mtk_cam_isp7sp,1,1,0,1,0,0,1,1,1,1
__v4l2_ctrl_s_ctrl_compound,0xe999d9fc,KERNEL_OR_BUILTIN,,0,mtk_cam_isp7sp,1,1,0,1,0,0,1,1,1,1
__v4l2_device_register_subdev_nodes,0x906d9c8d,KERNEL_OR_BUILTIN,,0,camera_af_media;mtk_cam_isp7sp;mtk_composite;mtk_imgsys_v4l2,4,4,0,1,0,0,1,1,1,1
__v4l2_find_nearest_size,0xe2822320,KERNEL_OR_BUILTIN,,0,imgsensor,1,1,0,1,0,0,1,1,1,1
__video_register_device,0x0bdd7131,KERNEL_OR_BUILTIN,,0,camera_dpe_isp7sp;mtk_aie;mtk_cam_isp7sp;mtk_imgsys_v4l2;mtk_jpeg;mtk_vcodec_dec_v1;mtk_vcodec_enc_v1,7,7,0,1,0,0,1,1,1,1
__wake_up,0xe2964344,KERNEL_OR_BUILTIN,,0,adsp;aee_aed;apusys;atf_logger;audio_ipi;blocktag;bluetooth;bt_drv_6878;camera_dpe_isp7sp;ccci_dpmaif;ccci_md_all;ccci_util_lib;ccd_rpmsg;cdc_acm;cfg80211;conninfra;connscp;cqhci;drm_display_helper;fingerprint;fmradio_drv_connac2x;focaltech_touch_spi_ft3680;ftdi_sio;gps_drv_dl_v051;gps_pwr;gps_scp;gz_ipc_mod;gz_log_mod;hci_uart;hf_manager;hidp;ieee802154;kfifo_buf;mali_kbase_mt6878_r44;mcupm;mddp;mdp_drv_mt6878;mediatek_drm;microarray_fp_tee;mmqos_common;monitor_hang;mt6375_battery;mtk_aie;mtk_bp_thl;mtk_btcvsd;mtk_c2ps;mtk_cam_isp7sp;mtk_ccuv;mtk_charger_framework;mtk_chg_type_det;mtk_cmdq_drv_ext;mtk_dpc;mtk_dynamic_loading_throttling;mtk_fpsgo;mtk_hcp;mtk_imgsys_v4l2;mtk_low_battery_throttling;mtk_mml;mtk_pep50;mtk_soc_offload_common;mtk_vcodec_common;mtk_vcodec_dec_v1;mtk_vcodec_enc_v1;mtk_vcu;mtk_vow;pda_drv_mt6878;powerhal_cpu_ctrl;ppp_generic;rfcomm;rfkill;scp;slcan;snd_soc_audiodsp_common;sspm_v3;st21nfc;system_heap;tcpc_class;tkcore;tkcore_drv;touch_boost;ufs_mediatek_mod;usb_offload;usbnet;usbserial;wlan_drv_gen4m_6878;wmt_chrdev_wifi_connac2;wwan;yft_tpd_gesture,88,89,0,1,0,0,1,1,1,1
__wake_up_locked,0x2773c485,KERNEL_OR_BUILTIN,,0,ccci_md_all;mddp,2,2,0,1,0,0,1,1,1,1
__wake_up_sync_key,0xba220db7,KERNEL_OR_BUILTIN,,0,tipc,1,1,0,1,0,0,0,0,1,1
__warn_printk,0x56470118,KERNEL_OR_BUILTIN,,0,6lowpan;8021q;apu_top;apusys;audio_ipi;bluetooth;bt_drv_6878;can_dev;can_gw;ccci_dpmaif;ccci_util_lib;ccd_rpmsg;cfg80211;cmdq_sec_drv;connfem;cqhci;device_apc_common;drm_display_helper;fmradio_drv_connac2x;ged;gz_ipc_mod;gz_trusty_mod;i2c_mt65xx;ieee802154;ieee802154_6lowpan;imgsensor;l2tp_core;mac80211;mac802154;mali_dmabuf_test_mt6878_r44;mali_kbase_mt6878_r44;mali_prot_alloc_mt6878_r44;mtk_aie;mtk_c2ps;mtk_cam_isp7sp;mtk_fpsgo;mtk_hcp;mtk_icc_core;mtk_imgsys_v4l2;mtk_mbraink;mtk_sec_heap;mtk_vcodec_dec_v1;nfc;pd_dbg_info;powerhal_cpu_ctrl;ppp_mppe;rfkill;scheduler;slhc;spi_mt65xx;system_heap;tcpc_class;tipc;usbserial;vcan;wlan_drv_gen4m_6878;xhci_mtk_hcd_v2,57,58,0,1,1,0,1,1,1,1
__write_overflow_field,0x3402dc8b,KERNEL_OR_BUILTIN,,0,wlan_drv_gen4m_6878,1,1,0,1,0,0,0,0,1,1
_copy_from_iter,0xdf9dadfe,KERNEL_OR_BUILTIN,,0,bluetooth;bt_drv_6878;can_bcm;can_raw;gz_ipc_mod;ieee802154_socket;l2tp_ppp;nfc;rfcomm;tipc,10,11,0,1,0,0,1,1,1,1
_copy_to_iter,0x7136f73c,KERNEL_OR_BUILTIN,,0,can_bcm;can_raw;gz_ipc_mod,3,3,0,1,0,0,1,1,1,1
_ctype,0x11089ac7,KERNEL_OR_BUILTIN,,0,cfg80211;fmradio_drv_connac2x;mali_kbase_mt6878_r44;mt6375_battery;mtk_mbraink;snd_soc_tfa98xx;wlan_drv_gen4m_6878,7,7,0,1,0,0,1,1,1,1
_dev_err,0xf27ed00b,KERNEL_OR_BUILTIN,,0,8250_mtk;arm_dsu_pmu;board_temp;bus_parity;cache_parity;cdc_acm;cdc_ncm;cfg80211;clk_bringup;clk_common;clk_mt6878;clk_mt6878_adsp;clk_mt6878_bus;clk_mt6878_cam;clk_mt6878_ccu;clk_mt6878_img;clk_mt6878_mdpsys;clk_mt6878_mmsys;clk_mt6878_peri;clk_mt6878_vcodec;clk_mt6878_vlp;cqhci;custom_ldo_wl2868;drm_display_helper;emi;emi_mpu;extcon_mtk_usb;ffa_v10;fingerprint;ftdi_sio;gzvm;hci_uart;hynitron;i2c_mt65xx;imgsensor;last_bus;leds_rgb_aw2013;mali_dmabuf_test_mt6878_r44;mali_kbase_mt6878_r44;mali_mgm_mt6878_r44;mali_prot_alloc_mt6878_r44;md_cooling_all;mediatek_drm;mediatek_drm_gateic;mediatek_drm_panel_drv;mt6315_regulator;mt6363_regulator;mt6369_regulator;mt6375;mt6375_adc;mt6375_battery;mt6375_charger;mtk_battery_oc_throttling;mtk_btcvsd;mtk_cam_isp7sp;mtk_ccuv;mtk_dvfsrc;mtk_dvfsrc_devfreq;mtk_dvfsrc_regulator;mtk_emi;mtk_icc_core;mtk_iommu;mtk_irtx_pwm;mtk_jpeg;mtk_mbox_mailbox;mtk_mmc;mtk_mml;mtk_pmic_keys;mtk_pmic_wrap;mtk_pwm;mtk_scp_ultra;mtk_scpsys;mtk_scpsys_bringup;mtk_scpsys_mt6878;mtk_smi;mtk_sp_spk_amp;mtk_spmi_pmic;mtk_spmi_pmic_adc;mtk_uart_apdma;mtk_usb_f_rndis;mtk_wdt;mtu3;nvmem_mt635x_efuse;panel_ky_vtdr6115_dphy_cmd;phy_mtk_xsphy;pinctrl_mtk_v2;pwm_mtk_disp;r8152;reboot_mode;reset_ti_syscon;rt5133_regulator;rt6160_regulator;rtc_mt6685;rtl8150;sc851x_charger;sc8571_charger;sec_rng;smpu;snd_soc_audiodsp_common;snd_soc_mt6369;snd_soc_mtk_common;snd_soc_tfa98xx;soc_temp_lvts;spi_mt65xx;spi_tiny_co5300_lcd;spmi_mtk_pmif;syscon_reboot_mode;tcpc_class;tcpc_mt6375;thermal_generic_adc;thermal_interface;ufs_mediatek_mod;usbserial;vtskin_temp;wifi_cooling;xhci_mtk_hcd_v2;yft_gpio_keys,117,117,0,1,0,0,1,1,1,1
_dev_info,0xef3cb484,KERNEL_OR_BUILTIN,,0,8250_mtk;apu_top;apusys;backlight_cooling;board_temp;bus_parity;cache_parity;camera_dpe_isp7sp;ccd_rpmsg;cdc_acm;cdc_ether;cdc_ncm;charger_cooling;custom_ldo_wl2868;dbg_error_flag;dbgtop_drm;emi;emi_fake_eng;emi_mpu;extcon_mtk_usb;extdev_io_class;ftdi_sio;gz_ipc_mod;gz_irq_mod;gz_log_mod;gz_main_mod;gz_trusty_mod;gz_virtio_mod;hci_uart;i2c_mt65xx;imgsensor;last_bus;leds_rgb_aw2013;mac80211;mali_dmabuf_test_mt6878_r44;mali_kbase_mt6878_r44;mali_mgm_mt6878_r44;mali_prot_alloc_mt6878_r44;md_cooling_all;mediatek_cpufreq_hw;mediatek_drm;mt6338_core;mt6369_accdet;mt6375;mt6375_auxadc;mt6375_battery;mt6375_charger;mt6685_audclk;mt6878_mt6369;mtk_aie;mtk_aie_debug_7sp_2;mtk_battery_oc_throttling;mtk_bp_thl;mtk_btcvsd;mtk_cam_isp7sp;mtk_ccd_remoteproc;mtk_ccuv;mtk_chg_type_det;mtk_cm_mgr_mt6878;mtk_dvfsrc;mtk_dvfsrc_helper;mtk_dvfsrc_start;mtk_fpsgo;mtk_hcp;mtk_imgsys_cmdq;mtk_imgsys_isp7sp;mtk_imgsys_v4l2;mtk_iommu;mtk_ipesys_me;mtk_jpeg;mtk_low_battery_throttling;mtk_mbox_mailbox;mtk_mmc;mtk_mminfra_debug;mtk_mml;mtk_pd_adapter;mtk_pep50;mtk_pmic_keys;mtk_pmic_oc_debug;mtk_scp_ultra;mtk_sec_heap;mtk_smi;mtk_smi_dbg;mtk_soc_offload_common;mtk_sp_spk_amp;mtk_spmi_pmic;mtk_spmi_pmic_adc;mtk_u_ether;mtk_uart_apdma;mtk_usb_f_rndis;mtk_vcodec_dec_v1;mtk_vcodec_enc_v1;mtk_vcu;mtk_wdt;mtu3;mux_switch;panel_ky_vtdr6115_dphy_cmd;phy_mtk_ufs;phy_mtk_xsphy;pinctrl_mtk_v2;pmic_lbat_service;pmic_temp;r8152;rt5133_regulator;rt_pd_manager;rtc_mt6685;rtl8150;sc851x_charger;sc8571_charger;smpu;snd_soc_audiodsp_common;snd_soc_mt6369;snd_soc_mt6878_afe;snd_soc_mtk_common;snd_soc_mtk_scp_ultra;snd_soc_tfa98xx;soc_temp_lvts;spi_mt65xx;spmi_mtk_mpu;spmi_mtk_pmif;tcpc_class;tcpc_mt6375;thermal_interface;ufs_mediatek_dbg;ufs_mediatek_mod;usb_logger;usbserial;vcp;wifi_cooling;xhci_mtk_hcd_v2;yft_tiny2c_usb,131,131,0,1,0,0,1,1,1,1
_dev_notice,0x7436d39e,KERNEL_OR_BUILTIN,,0,apu_top;apusys;backlight_cooling;bus_parity;cache_parity;leds_mtk_disp;mali_kbase_mt6878_r44;mmqos_common;mt6315_regulator;mt6363_regulator;mt6369_accdet;mt6369_regulator;mt6375_battery;mt6375_charger;mtk_battery_oc_throttling;mtk_bp_thl;mtk_ccuv;mtk_chg_type_det;mtk_cmdq_drv_ext;mtk_dynamic_loading_throttling;mtk_low_battery_throttling;mtk_mbox_mailbox;mtk_mdpm;mtk_mmdvfs;mtk_mminfra_debug;mtk_mminfra_imax;mtk_mml;mtk_pbm;mtk_pd_adapter;mtk_peak_power_budget;mtk_pmic_oc_debug;mtk_scpsys;mtk_smi;mtk_smi_dbg;mtk_spmi_pmic_adc;pinctrl_mtk_v2;pmic_lbat_service;pmic_lvsys_notify;rpmb;rt6160_regulator;rt_pd_manager;rtc_mt6685;scp;spi_mt65xx;spmi_mtk_pmif;tcpc_class;tcpc_mt6375;thermal_generic_adc;thermal_interface;ufs_mediatek_mod;vtskin_temp,51,51,0,1,0,0,1,1,1,1
_dev_printk,0x7d4d96b8,KERNEL_OR_BUILTIN,,0,drm_display_helper;mac80211;snd_soc_tfa98xx,3,3,0,1,0,0,1,1,1,1
_dev_warn,0x0f55bd9b,KERNEL_OR_BUILTIN,,0,8250_mtk;arm_dsu_pmu;cdc_acm;cdc_ncm;drm_display_helper;ftdi_sio;hci_uart;imgsensor;mac80211;mac802154;mali_kbase_mt6878_r44;mali_mgm_mt6878_r44;mali_prot_alloc_mt6878_r44;mediatek_drm;mt6375_charger;mtk_btcvsd;mtk_ccuv;mtk_dvfsrc;mtk_imgsys_v4l2;mtk_iommu;mtu3;pinctrl_mtk_v2;r8152;rtl8150;snd_soc_audiodsp_common;snd_soc_mt6369;snd_soc_mtk_common;snd_soc_mtk_scp_ultra;tkcore;ufs_mediatek_mod;usbserial;xhci_mtk_hcd_v2;yft_gpio_keys,33,33,0,1,0,0,1,1,1,1
_find_first_and_bit,0xb6cb556a,KERNEL_OR_BUILTIN,,0,scheduler,1,1,0,1,0,0,0,0,1,1
_find_first_bit,0x8810754a,KERNEL_OR_BUILTIN,,0,aee_hangdet;arm_dsu_pmu;cpufreq_sugov_ext;ftdi_sio;gz_tz_system;gz_virtio_mod;mac80211;mali_kbase_mt6878_r44;mediatek_drm;mtk_c2ps;mtk_cm_mgr;mtk_core_ctl;mtk_fpsgo;mtk_pbm;mtk_perf_common;rtc_mt6685;scheduler;sensorhub;task_turbo,19,19,0,1,0,0,1,1,1,1
_find_first_zero_bit,0x7b37d4a7,KERNEL_OR_BUILTIN,,0,apusys;arm_dsu_pmu;mali_kbase_mt6878_r44;wwan,4,4,0,1,0,0,1,1,1,1
_find_last_bit,0x9ae47436,KERNEL_OR_BUILTIN,,0,ccci_dpmaif;cpufreq_sugov_ext;mediatek_drm;mtk_cm_mgr;mtk_fpsgo;mtk_mbraink;mtk_perf_common;powerhal_cpu_ctrl;scheduler;touch_boost,10,10,0,1,0,0,0,0,1,1
_find_next_and_bit,0xafaa6031,KERNEL_OR_BUILTIN,,0,rps_perf;scheduler;wlan_drv_gen4m_6878,3,3,0,1,0,0,0,0,1,1
_find_next_bit,0x53a1e8d9,KERNEL_OR_BUILTIN,,0,8021q;aee_hangdet;apusys;arm_dsu_pmu;blocktag;ccci_dpmaif;cpufreq_sugov_ext;cqhci;gz_ipc_mod;gz_irq_mod;gz_trusty_mod;gz_virtio_mod;load_track;lpm_gov_MHSP;mac80211;mali_kbase_mt6878_r44;mediatek_cpufreq_hw;mediatek_drm;met;mt6375_adc;mtk_cg_peak_power_throttling;mtk_cm_mgr;mtk_core_ctl;mtk_cpu_power_throttling;mtk_fpsgo;mtk_lpm;mtk_lpm_dbg_common_v2;mtk_lpm_plat_v1;mtk_mbraink;mtk_pbm;mtk_perf_common;mtk_perf_ioctl_magt;powerhal_cpu_ctrl;ppp_generic;pptp;scheduler;task_turbo;thermal_interface;thermal_trace;tipc;tkcore;tkcore_drv;touch_boost;trace_mmstat;usb_boost;usbnet;wlan_drv_gen4m_6878;zram,48,48,0,1,1,0,1,1,1,1
_find_next_zero_bit,0xdf521442,KERNEL_OR_BUILTIN,,0,apusys;mali_kbase_mt6878_r44;pptp,3,3,0,1,1,0,0,0,1,1
_gate_ic_backlight_set,0x9c866d1d,STOCK_MODULE,rt4831a_drv,1,leds_mtk_disp,1,1,0,0,0,0,0,0,0,0
_map_user_pages,0x6e8b0474,STOCK_MODULE,gz_tz_system,1,gz_main_mod,1,1,0,0,0,0,0,0,0,0
_printk,0x92997ed8,KERNEL_OR_BUILTIN,,0,8021q;8250_mtk;adapter_class;adsp;aee_aed;aee_hangdet;aee_rs;apu_top;apusys;arm_dsu_pmu;atf_logger;audio_ipi;aw36515;aw36518;aw36518_v2;aw883xx_driver;blocktag;bluetooth;bootprof;bsd_comp;bt_drv_6878;bus_parity;c2k_usb;cache_parity;camera_af_media;camera_dpe_isp7sp;camera_eeprom_v4l2;can;can_bcm;can_dev;can_gw;can_raw;ccci_auxadc;ccci_ccif;ccci_dpmaif;ccci_fsm_scp;ccci_md_all;ccci_util_lib;ccd_rpmsg;ccmni;cdc_acm;cfg80211;charger_class;charger_cooling;clk_bringup;clk_chk_mt6878;clk_common;clk_disable_unused;clk_fmeter_mt6878;clk_mt6878;clk_mt6878_adsp;clk_mt6878_bus;clk_mt6878_cam;clk_mt6878_ccu;clk_mt6878_img;clk_mt6878_mdpsys;clk_mt6878_mmsys;clk_mt6878_peri;clk_mt6878_vcodec;clk_mt6878_vlp;clkbuf;cmdq_helper_inf;cmdq_platform_mt6878;cmdq_sec_drv;cmdq_test;connadp;connfem;conninfra;connscp;cpudvfs;cpufreq_sugov_ext;cpuqos_v3;cqhci;custom_ldo_wl2868;dbg_error_flag;dbgtop_drm;device_apc_common;device_apc_mt6878;dw9781c;emi;emi_fake_eng;emi_mpu;extcon_mtk_usb;extdev_io_class;ffa_v10;fhctl;fingerprint;flashlight;fmradio_drv_connac2x;focaltech_touch_spi_ft3680;frs;ged;gps_drv_dl_v051;gps_pwr;gps_scp;gpueb;gz_ipc_mod;gz_irq_mod;gz_log_mod;gz_main_mod;gz_trusty_mod;gz_tz_system;gz_virtio_mod;gzvm;hf_manager;hynitron;ieee802154_6lowpan;ieee802154_socket;imgsensor;imgsensor_glue;iommu_debug;iommu_secure;irq_dbg;l2tp_core;l2tp_ppp;last_bus;leds_ln2403;leds_mtk;leds_mtk_disp;leds_rgb_aw2013;log_store;lpm_gov_MHSP;mac80211;mac802154;main2_vcm;main3_vcm;main4_vcm;main_vcm;mali_dmabuf_test_mt6878_r44;mali_kbase_mt6878_r44;mcupm;md_cooling_all;mddp;mdp_drv_mt6878;mediatek_cpufreq_hw;mediatek_drm;mediatek_drm_gateic;mediatek_drm_panel_drv;met;microarray_fp_tee;mmprofile;mmqos_common;monitor_hang;mrdump;mt6369_accdet;mt6375_battery;mt6375_charger;mt6685_core;mt6878_dcm;mt6878_mt6369;mtk_aie;mtk_aie_debug_7sp_2;mtk_battery_oc_throttling;mtk_bp_thl;mtk_btcvsd;mtk_c2ps;mtk_cam_isp7sp;mtk_ccd_remoteproc;mtk_ccuv;mtk_cg_peak_power_throttling;mtk_charger_algorithm_class;mtk_charger_framework;mtk_cm_ipi;mtk_cm_mgr;mtk_cm_mgr_mt6878;mtk_cmdq_drv_ext;mtk_composite;mtk_core_ctl;mtk_cpu_power_throttling;mtk_dcm;mtk_disp_notify;mtk_disp_sec;mtk_dpc;mtk_dramc;mtk_dvfsrc;mtk_dvfsrc_helper;mtk_dynamic_loading_throttling;mtk_fpsgo;mtk_gpu_power_throttling;mtk_gpu_qos;mtk_gpufreq_mt6878;mtk_gpufreq_wrapper;mtk_hcp;mtk_heap_debug;mtk_icc_core;mtk_imgsys_cmdq;mtk_imgsys_isp7sp;mtk_imgsys_v4l2;mtk_iommu;mtk_ipesys_me;mtk_irtx_pwm;mtk_jpeg;mtk_low_battery_throttling;mtk_lpm;mtk_lpm_dbg_common_v2;mtk_lpm_dbg_mt6878;mtk_lpm_plat_v1;mtk_mbox;mtk_mbox_mailbox;mtk_mbraink;mtk_md_power_throttling;mtk_mdpm;mtk_mmc;mtk_mmc_dbg;mtk_mmdvfs;mtk_mmdvfs_debug;mtk_mmdvfs_v3;mtk_mmdvfs_v3_start;mtk_mminfra_debug;mtk_mminfra_imax;mtk_mml;mtk_mml_mt6878;mtk_pbm;mtk_pd_charging;mtk_peak_power_budget;mtk_pep;mtk_pep40;mtk_pep50;mtk_perf_common;mtk_pmic_keys;mtk_pmic_oc_debug;mtk_printk_ctrl;mtk_pwm;mtk_qos;mtk_scp_audiocommon;mtk_scp_ultra;mtk_scpsys;mtk_scpsys_bringup;mtk_sec_heap;mtk_smi;mtk_smi_dbg;mtk_soc_offload_common;mtk_socinfo;mtk_ssc;mtk_ssc_dbg_v2;mtk_swpm;mtk_swpm_cpu_dbg_v6878;mtk_swpm_dbg_v6878;mtk_swpm_perf_arm_pmu;mtk_tinysys_ipi;mtk_u_ether;mtk_uart_apdma;mtk_usb_f_rndis;mtk_vcodec_common;mtk_vcodec_dec_v1;mtk_vcodec_enc_v1;mtk_vcu;mtk_vmm_isp71_regulator;mtk_vmm_notifier;mtk_vmm_spm;mtk_vow;mtk_wdt;mtk_wp;nfc;nvmem_mtk_devinfo;panel_ky_vtdr6115_dphy_cmd;pd_chk_mt6878;pd_dbg_info;pda_drv_mt6878;pidmap;pinctrl_mtk_common_v2_debug;pmic_lbat_service;pmic_temp;powerhal_cpu_ctrl;ppp_deflate;ppp_generic;ppp_mppe;pptp;pwm_mtk_disp;regulator_vibrator;rpmb;rpmb_mtk;rt4831a_drv;rtc_mt6685;sapu;sc851x_charger;sc8571_charger;scheduler;scp;sec;sec_rng;sensorhub;sh366003_fg;slcan;smpu;smpu_hook_v1;snd_soc_audiodsp_common;snd_soc_mt6369;snd_soc_mt6878_afe;snd_soc_mtk_common;snd_soc_mtk_scp_ultra;snd_soc_tfa98xx;soc_temp_lvts;spi_mt65xx;spi_tiny_co5300_lcd;spmi_mtk_pmif;sspm_v3;st21nfc;sub_vcm;system_heap;task_turbo;tcpc_class;tcpci_late_sync;teeperf;thermal_interface;thermal_trace;tinysys_scmi;tipc;tkcore;tkcore_drv;tmem_ffa;touch_boost;trace_mmstat;tui_common;uarthub_drv;ufs_mediatek_dbg;ufs_mediatek_mod;usb_boost;usb_meta;usb_offload;usbserial;vcan;vcp;widevine_driver;wlan_drv_gen4m_6878;wmt_chrdev_wifi_connac2;yft_devinfo;yft_gpio_keys;yft_tiny2c_usb;yft_tpd_gesture;zram;zsmalloc,332,333,0,1,1,0,1,1,1,1
_printk_deferred,0x1e19eb6c,KERNEL_OR_BUILTIN,,0,mtk_core_ctl;scheduler;sensorhub;smpu,4,4,0,1,0,0,1,1,1,1
_proc_mkdir,0x3c4b25ef,KERNEL_OR_BUILTIN,,0,8021q;can;can_bcm,3,3,0,1,0,0,0,0,1,1
_raw_read_lock,0xfe8c61f0,KERNEL_OR_BUILTIN,,0,bluetooth;ieee802154_socket;mtk_cam_isp7sp;mtk_mbraink;nfc;rfcomm;scheduler;thermal_trace;zsmalloc,9,10,0,1,0,0,1,1,1,1
_raw_read_lock_bh,0x8dee722d,KERNEL_OR_BUILTIN,,0,6lowpan;ged;ieee802154_6lowpan;mac802154;ppp_generic;tipc,6,6,0,1,0,0,1,1,1,1
_raw_read_trylock,0x889b1370,KERNEL_OR_BUILTIN,,0,aee_hangdet,1,1,0,1,0,0,1,1,1,1
_raw_read_unlock,0xdd4d55b6,KERNEL_OR_BUILTIN,,0,bluetooth;ieee802154_socket;mtk_cam_isp7sp;mtk_mbraink;nfc;rfcomm;scheduler;thermal_trace;zsmalloc,9,10,0,1,0,0,1,1,1,1
_raw_read_unlock_bh,0xaeb082ad,KERNEL_OR_BUILTIN,,0,6lowpan;ged;ieee802154_6lowpan;mac802154;ppp_generic;tipc,6,6,0,1,0,0,1,1,1,1
_raw_spin_lock,0xba8fbd64,KERNEL_OR_BUILTIN,,0,aee_aed;aee_hangdet;apu_top;apusys;bluetooth;bootprof;bt_drv_6878;bus_parity;c2k_usb;cache_parity;camera_dpe_isp7sp;can_bcm;can_raw;ccci_dpmaif;ccci_md_all;ccci_util_lib;ccd_rpmsg;ccmni;cdc_ncm;cfg80211;conninfra;cpufreq_sugov_ext;cqhci;dbg_error_flag;ged;gz_irq_mod;gz_main_mod;hbt;ieee802154_6lowpan;ieee802154_socket;imgsensor;iommu_debug;l2tp_core;mac80211;mali_kbase_mt6878_r44;mali_mgm_mt6878_r44;mali_prot_alloc_mt6878_r44;mddp;mediatek_drm;monitor_hang;mtk_cam_isp7sp;mtk_ccuv;mtk_core_ctl;mtk_dvfsrc;mtk_heap_debug;mtk_imgsys_v4l2;mtk_lpm;mtk_mbraink;mtk_mmc;mtk_sec_heap;mtk_soc_offload_common;mtk_u_ether;mtk_uart_apdma;mtk_usb_f_rndis;mtk_vcodec_common;mtk_vow;mtu3;nfc;pda_drv_mt6878;ppp_generic;pptp;r8152;scheduler;scp;sensorhub;slcan;snd_soc_mtk_common;system_heap;task_turbo;tipc;tkcore;tkcore_drv;trace_mmstat;ufs_mediatek_mod;usbnet;usbserial;wlan_drv_gen4m_6878;xhci_mtk_hcd_v2;zsmalloc,79,80,0,1,1,0,1,1,1,1
_raw_spin_lock_bh,0x0c3690fc,KERNEL_OR_BUILTIN,,0,6lowpan;aee_hangdet;bluetooth;can;ccmni;cdc_ncm;cfg80211;fmradio_drv_connac2x;ieee802154_socket;l2tp_core;mac80211;mac802154;nfc;ppp_generic;r8152;slcan;tipc;wlan_drv_gen4m_6878,18,19,0,1,0,0,1,1,1,1
_raw_spin_lock_irq,0x8427cc7b,KERNEL_OR_BUILTIN,,0,ccci_md_all;cdc_acm;cfg80211;ged;gzvm;mddp;mdp_drv_mt6878;mtk_core_ctl;mtk_sync;mtk_u_ether;mtk_uart_apdma;rtl8150;usbnet;xhci_mtk_hcd_v2,14,14,0,1,0,0,1,1,1,1
_raw_spin_lock_irqsave,0x34db050b,KERNEL_OR_BUILTIN,,0,8250_mtk;adsp;aee_aed;apusys;arm_dsu_pmu;audio_ipi;blocktag;bluetooth;bt_drv_6878;c2k_usb;camera_dpe_isp7sp;can_dev;ccci_ccif;ccci_dpmaif;ccci_md_all;ccci_util_lib;ccmni;cdc_acm;cfg80211;clk_chk_mt6878;clk_common;clk_fmeter_mt6878;clkbuf;cmdq_sec_drv;connadp;conninfra;connscp;cpufreq_sugov_ext;cqhci;device_apc_common;emi;fhctl;focaltech_touch_spi_ft3680;ftdi_sio;ged;gps_drv_dl_v051;gpueb;gz_irq_mod;gz_trusty_mod;gzvm;hci_uart;hf_manager;i2c_mt65xx;ieee802154;iommu_debug;mac80211;mali_kbase_mt6878_r44;mcupm;mddp;mdp_drv_mt6878;mediatek_drm;mediatek_drm_panel_drv;met;mrdump;mt6375_battery;mtk_btcvsd;mtk_cam_isp7sp;mtk_charger_framework;mtk_cm_mgr_mt6878;mtk_cmdq_drv_ext;mtk_core_ctl;mtk_dpc;mtk_dvfsrc;mtk_fpsgo;mtk_gpufreq_wrapper;mtk_hcp;mtk_heap_debug;mtk_imgsys_v4l2;mtk_iommu;mtk_jpeg;mtk_lpm;mtk_lpm_dbg_common_v2;mtk_lpm_dbg_mt6878;mtk_mbox;mtk_mbraink;mtk_mmc;mtk_mmc_dbg;mtk_mmdvfs_debug;mtk_mml;mtk_peak_power_budget;mtk_perf_common;mtk_pwm;mtk_rpmsg_mbox;mtk_scpsys;mtk_smi;mtk_smi_dbg;mtk_soc_offload_common;mtk_ssc;mtk_swpm_dbg_v6878;mtk_sync;mtk_tinysys_ipi;mtk_u_ether;mtk_uart_apdma;mtk_usb_f_rndis;mtk_vcodec_common;mtk_vcodec_dec_v1;mtk_vcodec_enc_v1;mtk_vcu;mtk_vow;mtk_wdt;mtu3;pd_chk_mt6878;pinctrl_mtk_v2;r8152;rfcomm;rfkill;rtl8150;scheduler;scp;sensorhub;snd_soc_audiodsp_common;spmi_mtk_pmif;sspm_v3;st21nfc;system_heap;task_turbo;tcpc_class;tmem_ffa;touch_boost;trace_mmstat;ufs_mediatek_dbg;ufs_mediatek_mod;usb_meta;usbnet;usbserial;vcp;wlan_drv_gen4m_6878;wwan;xhci_mtk_hcd_v2;yft_gpio_keys,130,131,0,1,0,0,1,1,1,1
_raw_spin_trylock,0xfef216eb,KERNEL_OR_BUILTIN,,0,aee_hangdet;cpufreq_sugov_ext;mediatek_drm;met;mtk_ccuv;scheduler,6,6,0,1,0,0,1,1,1,1
_raw_spin_trylock_bh,0x8518a4a6,KERNEL_OR_BUILTIN,,0,tipc;wlan_drv_gen4m_6878,2,2,0,1,0,0,1,1,1,1
_raw_spin_unlock,0xb5b54b34,KERNEL_OR_BUILTIN,,0,aee_aed;aee_hangdet;apu_top;apusys;bluetooth;bootprof;bt_drv_6878;bus_parity;c2k_usb;cache_parity;camera_dpe_isp7sp;can_bcm;can_raw;ccci_dpmaif;ccci_md_all;ccci_util_lib;ccd_rpmsg;ccmni;cdc_ncm;cfg80211;conninfra;cpufreq_sugov_ext;cqhci;dbg_error_flag;ged;gz_irq_mod;gz_main_mod;hbt;ieee802154_6lowpan;ieee802154_socket;imgsensor;iommu_debug;l2tp_core;mac80211;mali_kbase_mt6878_r44;mali_mgm_mt6878_r44;mali_prot_alloc_mt6878_r44;mddp;mediatek_drm;met;monitor_hang;mtk_cam_isp7sp;mtk_ccuv;mtk_core_ctl;mtk_dvfsrc;mtk_heap_debug;mtk_imgsys_v4l2;mtk_lpm;mtk_mbraink;mtk_mmc;mtk_sec_heap;mtk_soc_offload_common;mtk_u_ether;mtk_uart_apdma;mtk_usb_f_rndis;mtk_vcodec_common;mtk_vow;mtu3;nfc;pda_drv_mt6878;ppp_generic;pptp;r8152;scheduler;scp;sensorhub;slcan;snd_soc_mtk_common;system_heap;task_turbo;tipc;tkcore;tkcore_drv;trace_mmstat;ufs_mediatek_mod;usbnet;usbserial;wlan_drv_gen4m_6878;xhci_mtk_hcd_v2;zsmalloc,80,81,0,1,1,0,1,1,1,1
_raw_spin_unlock_bh,0xe46021ca,KERNEL_OR_BUILTIN,,0,6lowpan;aee_hangdet;bluetooth;can;ccmni;cdc_ncm;cfg80211;fmradio_drv_connac2x;ieee802154_socket;l2tp_core;mac80211;mac802154;nfc;ppp_generic;r8152;slcan;tipc;wlan_drv_gen4m_6878,18,19,0,1,0,0,1,1,1,1
_raw_spin_unlock_irq,0x4b750f53,KERNEL_OR_BUILTIN,,0,ccci_md_all;cdc_acm;cfg80211;ged;gzvm;mddp;mdp_drv_mt6878;mtk_core_ctl;mtk_sync;mtk_u_ether;mtk_uart_apdma;rtl8150;usbnet;xhci_mtk_hcd_v2,14,14,0,1,0,0,1,1,1,1
_raw_spin_unlock_irqrestore,0xd35cce70,KERNEL_OR_BUILTIN,,0,8250_mtk;adsp;aee_aed;aee_hangdet;apusys;arm_dsu_pmu;audio_ipi;blocktag;bluetooth;bt_drv_6878;c2k_usb;camera_dpe_isp7sp;can_dev;ccci_ccif;ccci_dpmaif;ccci_md_all;ccci_util_lib;ccmni;cdc_acm;cfg80211;clk_chk_mt6878;clk_common;clk_fmeter_mt6878;clkbuf;cmdq_sec_drv;connadp;conninfra;connscp;cpufreq_sugov_ext;cqhci;device_apc_common;emi;fhctl;focaltech_touch_spi_ft3680;ftdi_sio;ged;gps_drv_dl_v051;gpueb;gz_irq_mod;gz_trusty_mod;gzvm;hci_uart;hf_manager;i2c_mt65xx;ieee802154;iommu_debug;mac80211;mali_kbase_mt6878_r44;mcupm;mddp;mdp_drv_mt6878;mediatek_drm;mediatek_drm_panel_drv;met;mrdump;mt6375_battery;mtk_btcvsd;mtk_c2ps;mtk_cam_isp7sp;mtk_charger_framework;mtk_cm_mgr_mt6878;mtk_cmdq_drv_ext;mtk_core_ctl;mtk_dpc;mtk_dvfsrc;mtk_fpsgo;mtk_gpufreq_wrapper;mtk_hcp;mtk_heap_debug;mtk_imgsys_v4l2;mtk_iommu;mtk_jpeg;mtk_lpm;mtk_lpm_dbg_common_v2;mtk_lpm_dbg_mt6878;mtk_mbox;mtk_mbraink;mtk_mmc;mtk_mmc_dbg;mtk_mmdvfs_debug;mtk_mml;mtk_peak_power_budget;mtk_perf_common;mtk_pwm;mtk_rpmsg_mbox;mtk_scpsys;mtk_smi;mtk_smi_dbg;mtk_soc_offload_common;mtk_ssc;mtk_swpm_dbg_v6878;mtk_sync;mtk_tinysys_ipi;mtk_u_ether;mtk_uart_apdma;mtk_usb_f_rndis;mtk_vcodec_common;mtk_vcodec_dec_v1;mtk_vcodec_enc_v1;mtk_vcu;mtk_vow;mtk_wdt;mtu3;pd_chk_mt6878;pinctrl_mtk_v2;r8152;rfcomm;rfkill;rtl8150;scheduler;scp;sensorhub;snd_soc_audiodsp_common;spmi_mtk_pmif;sspm_v3;st21nfc;system_heap;task_turbo;tcpc_class;tmem_ffa;touch_boost;trace_mmstat;ufs_mediatek_dbg;ufs_mediatek_mod;usb_meta;usbnet;usbserial;vcp;wlan_drv_gen4m_6878;wwan;xhci_mtk_hcd_v2;yft_gpio_keys,132,133,0,1,0,0,1,1,1,1
_raw_write_lock,0xe68efe41,KERNEL_OR_BUILTIN,,0,bluetooth;mtk_cam_isp7sp;nfc;rfcomm;scheduler;zsmalloc,6,7,0,1,0,0,1,1,1,1
_raw_write_lock_bh,0x51a511eb,KERNEL_OR_BUILTIN,,0,6lowpan;bluetooth;can;can_bcm;can_raw;ged;hidp;ieee802154_socket;l2tp_core;l2tp_ppp;mac802154;nfc;ppp_generic;pptp;rfcomm;tipc,16,17,0,1,0,0,1,1,1,1
_raw_write_unlock,0x40235c98,KERNEL_OR_BUILTIN,,0,bluetooth;mtk_cam_isp7sp;nfc;rfcomm;scheduler;zsmalloc,6,7,0,1,0,0,1,1,1,1
_raw_write_unlock_bh,0xe7ab1ecc,KERNEL_OR_BUILTIN,,0,6lowpan;bluetooth;can;can_bcm;can_raw;ged;hidp;ieee802154_socket;l2tp_core;l2tp_ppp;mac802154;nfc;ppp_generic;pptp;rfcomm;tipc,16,17,0,1,0,0,1,1,1,1
_totalram_pages,0x944375db,KERNEL_OR_BUILTIN,,0,mali_kbase_mt6878_r44;mtk_heap_debug;mtk_sec_heap;system_heap;trace_mmstat,5,5,0,1,0,0,1,1,1,1
_trace_android_vh_record_pcpu_rwsem_starttime,0xbbd3ba26,KERNEL_OR_BUILTIN,,0,hci_uart,1,1,0,1,0,0,0,0,1,1
_trace_android_vh_record_pcpu_rwsem_time_early,0x2ea4d65a,KERNEL_OR_BUILTIN,,0,hci_uart,1,1,0,1,0,0,0,0,1,1
access_process_vm,0xb3e05868,KERNEL_OR_BUILTIN,,0,aee_aed;monitor_hang,2,2,0,1,0,0,1,1,1,1
activate_task,0xe4134e16,KERNEL_OR_BUILTIN,,0,scheduler;task_turbo,2,2,0,1,0,0,1,1,1,1
adapter_dev_authentication,0x419787b9,STOCK_MODULE,adapter_class,1,mtk_pep50,1,1,0,0,0,0,0,0,0,0
adapter_dev_enable_wdt,0xfe199718,STOCK_MODULE,adapter_class,1,mtk_pep50,1,1,0,0,0,0,0,0,0,0
adapter_dev_exit_mode,0xf1b258cf,STOCK_MODULE,adapter_class,1,mtk_pep40,1,1,0,0,0,0,0,0,0,0
adapter_dev_get_cap,0xdf9a0438,STOCK_MODULE,adapter_class,1,mtk_pd_charging;mtk_pep40,2,2,0,0,0,0,0,0,0,0
adapter_dev_get_output,0xc6dd72b4,STOCK_MODULE,adapter_class,1,mtk_pep40;mtk_pep50,2,2,0,0,0,0,0,0,0,0
adapter_dev_get_property,0xadf1a147,STOCK_MODULE,adapter_class,1,mtk_charger_framework,1,1,0,0,0,0,0,0,0,0
adapter_dev_get_status,0xd308735e,STOCK_MODULE,adapter_class,1,mtk_pep40;mtk_pep50,2,2,0,0,0,0,0,0,0,0
adapter_dev_is_cc,0x865ed66a,STOCK_MODULE,adapter_class,1,mtk_pep50,1,1,0,0,0,0,0,0,0,0
adapter_dev_send_hardreset,0x27391bc0,STOCK_MODULE,adapter_class,1,mtk_pep50,1,1,0,0,0,0,0,0,0,0
adapter_dev_set_cap,0xc885b9b8,STOCK_MODULE,adapter_class,1,mtk_pd_charging;mtk_pep40;mtk_pep50,3,3,0,0,0,0,0,0,0,0
adapter_dev_set_wdt,0x4bd2e899,STOCK_MODULE,adapter_class,1,mtk_pep50,1,1,0,0,0,0,0,0,0,0
adapter_dev_sync_volt,0x64634971,STOCK_MODULE,adapter_class,1,mtk_pep50,1,1,0,0,0,0,0,0,0,0
adapter_device_register,0x0a0ea76c,STOCK_MODULE,adapter_class,1,mtk_pd_adapter,1,1,0,0,0,0,0,0,0,0
adapter_device_unregister,0xf6cff1b8,STOCK_MODULE,adapter_class,1,mtk_pd_adapter,1,1,0,0,0,0,0,0,0,0
add_cpu,0x7eb808d0,KERNEL_OR_BUILTIN,,0,tkcore_drv,1,1,0,0,0,0,0,0,0,0
add_timer,0x65744673,KERNEL_OR_BUILTIN,,0,aee_hangdet;apusys;conninfra;fmradio_drv_connac2x;gps_drv_dl_v051;mcupm;mddp;mtk_c2ps;mtk_cam_isp7sp;mtk_iommu;mtk_lpm_dbg_common_v2;mtk_vcodec_common;mtk_vcodec_dec_v1;mtk_vcodec_enc_v1;scp;sspm_v3;vcp;wlan_drv_gen4m_6878;xhci_mtk_hcd_v2,19,19,0,1,0,0,1,1,1,1
add_uevent_var,0x9c6febfc,KERNEL_OR_BUILTIN,,0,ffa_v10;rfkill,2,2,0,1,0,0,1,1,1,1
add_wait_queue,0x4afb2238,KERNEL_OR_BUILTIN,,0,bluetooth;cdc_acm;gz_ipc_mod;hidp;nfc;ppp_generic;rfcomm;tipc;usbnet,9,10,0,1,0,0,1,1,1,1
add_wait_queue_exclusive,0xde293f9e,KERNEL_OR_BUILTIN,,0,bluetooth;nfc;rfcomm,3,4,0,1,0,0,0,0,1,1
add_wait_queue_priority,0x005f18a6,KERNEL_OR_BUILTIN,,0,gzvm,1,1,0,1,0,0,0,0,1,1
addrconf_add_linklocal,0x49969074,KERNEL_OR_BUILTIN,,0,6lowpan,1,1,0,1,0,0,0,0,1,1
addrconf_prefix_rcv_add_addr,0x1da1aeb9,KERNEL_OR_BUILTIN,,0,6lowpan,1,1,0,1,0,0,0,0,1,1
adjust_managed_page_count,0xa61a42f0,KERNEL_OR_BUILTIN,,0,ccci_util_lib;mediatek_drm,2,2,0,1,0,0,1,1,1,1
adpf_register_callback,0x794e39e9,STOCK_MODULE,powerhal_cpu_ctrl,1,mtk_fpsgo;scheduler,2,2,0,0,0,0,0,0,0,0
adsp_deregister_feature,0xbaea5c8b,STOCK_MODULE,adsp,1,audio_ipi;snd_soc_audiodsp_common;snd_soc_mtk_common,3,3,0,0,0,0,0,0,0,0
adsp_get_reserve_mem_phys,0x48d32280,STOCK_MODULE,adsp,1,audio_ipi;snd_soc_audiodsp_common;usb_offload,3,3,0,0,0,0,0,0,0,0
adsp_get_reserve_mem_size,0x83a58a62,STOCK_MODULE,adsp,1,audio_ipi;mtk_scp_audiocommon;snd_soc_audiodsp_common;usb_offload,4,4,0,0,0,0,0,0,0,0
adsp_get_reserve_mem_virt,0x59aec388,STOCK_MODULE,adsp,1,audio_ipi;mtk_scp_audiocommon;snd_soc_audiodsp_common;usb_offload,4,4,0,0,0,0,0,0,0,0
adsp_ipi_registration,0x9bb959a8,STOCK_MODULE,adsp,1,audio_ipi,1,1,0,0,0,0,0,0,0,0
adsp_mem_device_probe,0x0cd0392d,STOCK_MODULE,adsp,1,mtk_scp_audiocommon,1,1,0,0,0,0,0,0,0,0
adsp_register_feature,0xc2283c34,STOCK_MODULE,adsp,1,audio_ipi;snd_soc_audiodsp_common;snd_soc_mtk_common,3,3,0,0,0,0,0,0,0,0
adsp_register_notify,0x8fdef678,STOCK_MODULE,adsp,1,audio_ipi;snd_soc_audiodsp_common;snd_soc_mtk_common;usb_offload,4,4,0,0,0,0,0,0,0,0
adsp_send_message,0x0bb113b6,STOCK_MODULE,adsp,1,audio_ipi,1,1,0,0,0,0,0,0,0,0
adsp_send_vp_irq,0xaf86099f,STOCK_MODULE,adsp,1,snd_soc_audiodsp_common,1,1,0,0,0,0,0,0,0,0
adsp_task_get_latency_support,0x01f2df8c,STOCK_MODULE,snd_soc_audiodsp_common,1,mtk_soc_offload_common,1,1,0,0,0,0,0,0,0,0
adsp_threaded_irq_registration,0x13f601eb,STOCK_MODULE,adsp,1,snd_soc_audiodsp_common,1,1,0,0,0,0,0,0,0,0
aed_common_exception_api,0x97680f44,STOCK_MODULE,aee_aed,1,adsp;conninfra;scp;vcp,4,4,0,0,0,0,0,0,0,0
aed_md_exception_api,0x6961e6ba,STOCK_MODULE,aee_aed,1,ccci_md_all;ccci_util_lib,2,2,0,0,0,0,0,0,0,0
aee_get_mode,0xa2aed337,STOCK_MODULE,aee_aed,1,adsp;aee_rs;scp,3,3,0,0,0,0,0,0,0,0
aee_is_printk_too_much,0x29c37d82,STOCK_MODULE,aee_aed,1,clk_common;iommu_debug;mdp_drv_mt6878;mediatek_drm;mmprofile;mtk_cam_isp7sp;mtk_ccuv;mtk_cmdq_drv_ext;mtk_mml;ufs_mediatek_dbg,10,10,0,0,0,0,0,0,0,0
aee_kernel_exception_api_func,0x45b60059,STOCK_MODULE,aee_aed,1,adsp;apu_top;apusys;bus_parity;cache_parity;conninfra;device_apc_common;emi_mpu;imgsensor;last_bus;mali_kbase_mt6878_r44;mtk_cam_isp7sp;mtk_cmdq_drv_ext;mtk_imgsys_cmdq;mtk_smi;mtk_ssc;smpu;snd_soc_audiodsp_common;snd_soc_mt6878_afe;snd_soc_mtk_common,20,20,0,0,0,0,0,0,0,0
aee_kernel_fatal_api_func,0xd2db42b8,STOCK_MODULE,aee_aed,1,mediatek_drm,1,1,0,0,0,0,0,0,0,0
aee_kernel_warning_api_func,0xdb976d85,STOCK_MODULE,aee_aed,1,apusys;clk_common;fhctl;iommu_debug;mdp_drv_mt6878;mediatek_drm;mmprofile;mt6375_battery;mtk_cam_isp7sp;mtk_ccuv;mtk_cmdq_drv_ext;mtk_dvfsrc_helper;mtk_mminfra_debug;mtk_mml;mtk_pmic_oc_debug;rtc_mt6685;spmi_mtk_pmif;ufs_mediatek_dbg;wlan_drv_gen4m_6878,19,19,0,0,0,0,0,0,0,0
aee_log_buf_addr_get,0x2dbfad07,STOCK_MODULE,mrdump,1,log_store,1,1,0,0,0,0,0,0,0,0
aee_rr_curr_gpu_dvfs_status,0x35806b02,STOCK_MODULE,mrdump,1,mali_kbase_mt6878_r44,1,1,0,0,0,0,0,0,0,0
aee_rr_rec_check,0x2ae9361a,STOCK_MODULE,mrdump,1,aee_hangdet,1,1,0,0,0,0,0,0,0,0
aee_rr_rec_gpu_dvfs_oppidx,0x871376ec,STOCK_MODULE,mrdump,1,mtk_gpufreq_mt6878,1,1,0,0,0,0,0,0,0,0
aee_rr_rec_gpu_dvfs_power_count,0xdb39008d,STOCK_MODULE,mrdump,1,mtk_gpufreq_mt6878,1,1,0,0,0,0,0,0,0,0
aee_rr_rec_gpu_dvfs_status,0xbc5ce545,STOCK_MODULE,mrdump,1,mali_kbase_mt6878_r44,1,1,0,0,0,0,0,0,0,0
aee_rr_rec_gpu_dvfs_vgpu,0x214dd646,STOCK_MODULE,mrdump,1,mtk_gpufreq_mt6878,1,1,0,0,0,0,0,0,0,0
aee_rr_rec_hang_detect_timeout_count,0xbe8c4b26,STOCK_MODULE,mrdump,1,monitor_hang,1,1,0,0,0,0,0,0,0,0
aee_rr_rec_kick,0xfdfa56a8,STOCK_MODULE,mrdump,1,aee_hangdet,1,1,0,0,0,0,0,0,0,0
aee_rr_rec_wdk_ktime,0x47fc61bb,STOCK_MODULE,mrdump,1,aee_hangdet,1,1,0,0,0,0,0,0,0,0
aee_rr_rec_wdk_systimer_cnt,0x1042fbe5,STOCK_MODULE,mrdump,1,aee_hangdet,1,1,0,0,0,0,0,0,0,0
aee_sram_fiq_log,0x17fa4179,STOCK_MODULE,mrdump,1,aee_hangdet,1,1,0,0,0,0,0,0,0,0
aee_sram_printk,0xc9dddfcd,STOCK_MODULE,mrdump,1,bus_parity;cache_parity;dbg_error_flag,3,3,0,0,0,0,0,0,0,0
aes_encrypt,0x77e9eb37,KERNEL_OR_BUILTIN,,0,bluetooth,1,2,0,1,0,0,0,0,1,1
aes_expandkey,0x558b281d,KERNEL_OR_BUILTIN,,0,bluetooth,1,2,0,1,0,0,0,0,1,1
afe_pcm_ipi_to_dsp,0xd47940be,STOCK_MODULE,snd_soc_audiodsp_common,1,snd_soc_mtk_common,1,1,0,0,0,0,0,0,0,0
after_md_sleep_status,0x632e9e90,STOCK_MODULE,mtk_lpm_dbg_common_v2,1,mtk_lpm_plat_v1,1,1,0,0,0,0,0,0,0,0
alarm_cancel,0x536e1fa7,KERNEL_OR_BUILTIN,,0,conninfra;mt6375_battery;mtk_pep50,3,3,0,1,0,0,1,1,1,1
alarm_init,0x1fbe3658,KERNEL_OR_BUILTIN,,0,conninfra;mt6375_auxadc;mt6375_battery;mtk_charger_framework;mtk_pep50;tcpc_class,6,6,0,1,0,0,1,1,1,1
alarm_start,0x111d2777,KERNEL_OR_BUILTIN,,0,mt6375_auxadc;mt6375_battery;mtk_charger_framework,3,3,0,1,0,0,1,1,1,1
alarm_start_relative,0xfeb6361a,KERNEL_OR_BUILTIN,,0,conninfra;mtk_pep50;tcpc_class,3,3,0,1,0,0,1,1,1,1
alarm_try_to_cancel,0xf3295ffe,KERNEL_OR_BUILTIN,,0,mtk_charger_framework;tcpc_class,2,2,0,1,0,0,1,1,1,1
all_vm_events,0x7278d328,KERNEL_OR_BUILTIN,,0,met,1,1,0,1,0,0,1,1,1,1
alloc_can_err_skb,0x6b6e2d02,STOCK_MODULE,can_dev,1,slcan,1,1,0,0,0,0,0,0,0,0
alloc_can_skb,0x2913955d,STOCK_MODULE,can_dev,1,slcan,1,1,0,0,0,0,0,0,0,0
alloc_candev_mqs,0x18246485,STOCK_MODULE,can_dev,1,slcan,1,1,0,0,0,0,0,0,0,0
alloc_chrdev_region,0xe3ec2f2b,KERNEL_OR_BUILTIN,,0,apusys;bt_drv_6878;camera_dpe_isp7sp;camera_eeprom_v4l2;ccci_md_all;ccci_util_lib;connfem;conninfra;connscp;flashlight;fmradio_drv_connac2x;gps_drv_dl_v051;gps_pwr;gps_scp;gz_ipc_mod;mdp_drv_mt6878;microarray_fp_tee;mt6369_accdet;mt6375_battery;mtk_ccd_remoteproc;mtk_ccuv;mtk_hcp;mtk_mbraink;mtk_vcu;pda_drv_mt6878;rpmb_mtk;teeperf;widevine_driver;wlan_drv_gen4m_6878;wmt_chrdev_wifi_connac2,30,30,0,1,0,0,1,1,1,1
alloc_etherdev_mqs,0x4489db23,KERNEL_OR_BUILTIN,,0,ccmni;mtk_u_ether;r8152;rtl8150;usbnet,5,5,0,1,0,0,1,1,1,1
alloc_inst_rawbulk,0xa3fde4a6,STOCK_MODULE,c2k_usb,1,c2k_usb_f_via_atc;c2k_usb_f_via_ets;c2k_usb_f_via_modem,3,3,0,0,0,0,0,0,0,0
alloc_io_pgtable_ops,0xe827d155,KERNEL_OR_BUILTIN,,0,mtk_iommu,1,1,0,1,0,0,1,1,1,1
alloc_netdev_mqs,0xa8cf71ff,KERNEL_OR_BUILTIN,,0,8021q;can_dev;mac80211;mac802154;ppp_generic;wlan_drv_gen4m_6878;wwan,7,7,0,1,0,0,1,1,1,1
alloc_pages_exact,0x5fc72f0e,KERNEL_OR_BUILTIN,,0,ffa_v10;gz_ipc_mod;gz_virtio_mod;gzvm,4,4,0,1,0,0,1,1,1,1
alloc_workqueue,0x49cd25ed,KERNEL_OR_BUILTIN,,0,8250_mtk;adsp;aee_hangdet;apusys;aw883xx_driver;blocktag;bluetooth;bt_drv_6878;c2k_usb;camera_dpe_isp7sp;ccci_ccif;ccci_md_all;ccmni;cfg80211;cmdq_sec_drv;cpuqos_v3;drm_display_helper;dw9781c;extcon_mtk_usb;fmradio_drv_connac2x;focaltech_touch_spi_ft3680;ged;gpueb;gzvm;hci_uart;hynitron;l2tp_core;load_track;mac80211;mac802154;mali_kbase_mt6878_r44;mcupm;mdp_drv_mt6878;mediatek_drm;microarray_fp_tee;mt6369_accdet;mt6375_charger;mtk_aie;mtk_cmdq_drv_ext;mtk_fpsgo;mtk_hcp;mtk_imgsys_v4l2;mtk_lpm;mtk_lpm_dbg_common_v2;mtk_mbraink;mtk_mmdvfs_debug;mtk_mmdvfs_v3;mtk_mml;mtk_swpm;mtk_swpm_dbg_v6878;mtk_u_ether;mtk_vcodec_dec_v1;mtk_vcodec_enc_v1;mtu3;phy_mtk_xsphy;pmic_lbat_service;regulator_vibrator;scp;sensorhub;snd_soc_tfa98xx;sspm_v3;st21nfc;tcpc_class;tipc;tmem_ffa;touch_boost;uarthub_drv;ufs_mediatek_mod;usb_boost;vcp,70,71,0,1,0,0,1,1,1,1
alt_cb_patch_nops,0x1348649e,KERNEL_OR_BUILTIN,,0,6lowpan;8021q;8250_mtk;adsp;aee_aed;aee_hangdet;aee_rs;apu_top;apusys;arm_dsu_pmu;atf_logger;audio_ipi;aw36515;aw36518;aw36518_v2;aw883xx_driver;blocktag;bluetooth;bootprof;bt_drv_6878;btbcm;btqca;btsdio;c2ps_perf_ioctl;cache_parity;camera_dpe_isp7sp;camera_eeprom_v4l2;can;can_bcm;can_dev;can_raw;ccci_ccif;ccci_dpmaif;ccci_md_all;ccci_util_lib;ccd_rpmsg;ccmni;cdc_acm;cdc_ether;cdc_ncm;cfg80211;clk_common;cmdq_sec_drv;cmdq_test;connfem;conninfra;connscp;cpudvfs;cpufreq_sugov_ext;cpuqos_v3;custom_ldo_wl2868;device_apc_common;drm_display_helper;drm_dma_helper;dw9781c;emi;fhctl;flashlight;fmradio_drv_connac2x;focaltech_touch_spi_ft3680;ftdi_sio;ged;gps_drv_dl_v051;gps_pwr;gps_scp;gpueb;gz_ipc_mod;gz_log_mod;gz_main_mod;gz_trusty_mod;gz_tz_system;gz_virtio_mod;gzvm;hbt;hci_uart;hf_manager;hidp;i2c_mt65xx;ieee802154;ieee802154_6lowpan;ieee802154_socket;imgsensor;iommu_debug;l2tp_core;l2tp_ppp;log_store;mac80211;mac802154;main2_vcm;main3_vcm;main4_vcm;main_vcm;mali_dmabuf_test_mt6878_r44;mali_kbase_mt6878_r44;mali_mgm_mt6878_r44;mcupm;md_cooling_all;mddp;mdp_drv_mt6878;mediatek_cpufreq_hw;mediatek_drm;mediatek_drm_gateic;microarray_fp_tee;mmprofile;mmqos_common;monitor_hang;mrdump;mt6369_accdet;mt6375;mt6375_battery;mt6375_charger;mt6878_mt6369;mtk_aie;mtk_btcvsd;mtk_c2ps;mtk_cam_isp7sp;mtk_ccd_remoteproc;mtk_ccuv;mtk_charger_framework;mtk_chg_type_det;mtk_cmdq_drv_ext;mtk_core_ctl;mtk_dpc;mtk_dvfsrc_start;mtk_fpsgo;mtk_gpu_qos;mtk_gpufreq_wrapper;mtk_hcp;mtk_heap_debug;mtk_imgsys_cmdq;mtk_imgsys_v4l2;mtk_ioctl_powerhal;mtk_ioctl_touch_boost;mtk_iommu;mtk_jpeg;mtk_lpm;mtk_lpm_plat_v1;mtk_mbraink;mtk_mdpm;mtk_mmc;mtk_mmc_dbg;mtk_mmdvfs_v3;mtk_mminfra_debug;mtk_mml;mtk_pbm;mtk_peak_power_budget;mtk_perf_common;mtk_perf_ioctl;mtk_perf_ioctl_magt;mtk_printk_ctrl;mtk_pwm;mtk_rpmsg_mbox;mtk_scp_audiocommon;mtk_sec_heap;mtk_smi;mtk_smi_dbg;mtk_soc_offload_common;mtk_ssc;mtk_swpm;mtk_sync;mtk_tinysys_ipi;mtk_u_ether;mtk_uart_apdma;mtk_usb_f_rndis;mtk_vcodec_common;mtk_vcodec_dec_v1;mtk_vcodec_enc_v1;mtk_vcu;mtk_vow;mtk_wdt;mtu3;mux_switch;nfc;pda_drv_mt6878;phy_mtk_xsphy;pidmap;pinctrl_mtk_common_v2_debug;powerhal_cpu_ctrl;ppp_generic;pppox;pptp;r8152;rfcomm;rfkill;rpmb_mtk;rtc_mt6685;rtl8150;sapu;scheduler;scp;sec;sensorhub;slcan;snd_soc_audiodsp_common;snd_soc_mt6369;snd_soc_mtk_common;snd_soc_mtk_scp_ultra;snd_soc_tfa98xx;spi_tiny_co5300_lcd;sspm_v3;st21nfc;sub_vcm;system_heap;task_turbo;tcpc_class;tcpc_mt6375;teeperf;thermal_interface;tipc;tkcore;tkcore_drv;tmem_ffa;touch_boost;uarthub_drv;ufs_mediatek_dbg;ufs_mediatek_mod;uload_ind;usb_logger;usb_offload;usbnet;usbserial;vcan;vcp;widevine_driver;wlan_drv_gen4m_6878;wmt_chrdev_wifi_connac2;wwan;xhci_mtk_hcd_v2;yft_tpd_gesture;zram;zsmalloc,231,232,0,1,1,0,0,0,1,1
android_rvh_probe_register,0x7fbbd0bb,KERNEL_OR_BUILTIN,,0,iommu_debug;mtk_core_ctl;mtk_fpsgo;scheduler;task_turbo;usb_offload,6,6,0,1,0,0,1,1,1,1
anon_inode_getfd,0x70e6fa2e,KERNEL_OR_BUILTIN,,0,ged;gzvm;mali_kbase_mt6878_r44;tkcore,4,4,0,1,0,0,1,1,1,1
anon_inode_getfile,0x49b434ee,KERNEL_OR_BUILTIN,,0,ged,1,1,0,1,0,0,1,1,1,1
ao_secure_dbg_switch_by_atf,0xcda97337,STOCK_MODULE,iommu_secure,1,mtk_iommu,1,1,0,0,0,0,0,0,0,0
apu_device_power_off,0x6f854dc3,STOCK_MODULE,apu_top,1,apusys,1,1,0,0,0,0,0,0,0,0
apu_device_power_on,0x7a1e534b,STOCK_MODULE,apu_top,1,apusys,1,1,0,0,0,0,0,0,0,0
apu_device_power_suspend,0x39c756a2,STOCK_MODULE,apu_top,1,apusys,1,1,0,0,0,0,0,0,0,0
apu_device_set_opp,0xa9e6aa24,STOCK_MODULE,apu_top,1,apusys,1,1,0,0,0,0,0,0,0,0
apu_get_power_on_status,0xd02e6b7e,STOCK_MODULE,apu_top,1,apusys,1,1,0,0,0,0,0,0,0,0
apu_power_callback_device_register,0x6cb39818,STOCK_MODULE,apu_top,1,apusys,1,1,0,0,0,0,0,0,0,0
apu_power_callback_device_unregister,0x4d9b7ec4,STOCK_MODULE,apu_top,1,apusys,1,1,0,0,0,0,0,0,0,0
apu_power_device_register,0x871c8dce,STOCK_MODULE,apu_top,1,apusys,1,1,0,0,0,0,0,0,0,0
apu_power_device_unregister,0x3e9a945d,STOCK_MODULE,apu_top,1,apusys,1,1,0,0,0,0,0,0,0,0
apu_power_drv_exit,0x09d24f53,STOCK_MODULE,apu_top,1,apusys,1,1,0,0,0,0,0,0,0,0
apu_power_drv_init,0x79690a63,STOCK_MODULE,apu_top,1,apusys,1,1,0,0,0,0,0,0,0,0
apu_qos_set_vcore,0xefd576f6,STOCK_MODULE,apu_top,1,apusys,1,1,0,0,0,0,0,0,0,0
apupw_get_tag,0x6193a516,STOCK_MODULE,apu_top,1,apusys,1,1,0,0,0,0,0,0,0,0
apusys_boost_value_to_opp,0xf96f8cfd,STOCK_MODULE,apu_top,1,apusys,1,1,0,0,0,0,0,0,0,0
apusys_power_check,0x239bc957,STOCK_MODULE,apu_top,1,apusys,1,1,0,0,0,0,0,0,0,0
arc4_crypt,0xcd47fcc4,STOCK_MODULE,libarc4,1,mac80211;ppp_mppe,2,2,0,0,0,0,0,0,0,0
arc4_setkey,0x2bb32ad1,STOCK_MODULE,libarc4,1,mac80211;ppp_mppe,2,2,0,0,0,0,0,0,0,0
arch_freq_scale,0xceed33cf,KERNEL_OR_BUILTIN,,0,cpufreq_sugov_ext;mtk_perf_ioctl_magt;scheduler,3,3,0,1,0,0,1,1,1,1
arch_timer_read_counter,0x75fb9062,KERNEL_OR_BUILTIN,,0,adsp;aee_aed;apusys;ccci_md_all;gpueb;mcupm;mediatek_drm;mtk_ccuv;mtk_vmm_isp71_regulator;mtk_vow;snd_soc_mt6878_afe;sspm_v3,12,12,0,1,0,0,1,1,1,1
arm64_use_ng_mappings,0xaf56600a,KERNEL_OR_BUILTIN,,0,8250_mtk;adsp;aee_aed;apu_top;apusys;atf_logger;bt_drv_6878;ccci_dpmaif;ccci_md_all;ccci_util_lib;clk_chk_mt6878;clk_common;cmdq_sec_drv;cmdq_test;conninfra;connscp;cpudvfs;cpufreq_sugov_ext;cpuqos_v3;emi;emi_fake_eng;fmradio_drv_connac2x;ged;gps_drv_dl_v051;gpueb;gz_virtio_mod;i2c_mt65xx;last_bus;log_store;mali_kbase_mt6878_r44;mcupm;mediatek_cpufreq_hw;mediatek_drm;met;mmqos_common;mrdump;mtk_aie;mtk_btcvsd;mtk_cam_isp7sp;mtk_cg_peak_power_throttling;mtk_cm_mgr_mt6878;mtk_cmdq_drv_ext;mtk_dpc;mtk_gpufreq_wrapper;mtk_imgsys_cmdq;mtk_lpm_dbg_common_v2;mtk_mmc;mtk_mmdvfs_debug;mtk_mminfra_debug;mtk_mminfra_imax;mtk_perf_common;mtk_scpsys;mtk_smi;mtk_uart_apdma;mtk_vmm_notifier;scheduler;scp;sspm_v3;system_heap;thermal_interface;tkcore;uarthub_drv;usb_offload;vcp;wlan_drv_gen4m_6878,65,65,0,1,1,0,1,1,1,1
arm_smccc_1_1_get_conduit,0x6d467b08,KERNEL_OR_BUILTIN,,0,ffa_v10,1,1,0,1,0,0,1,1,1,1
arm_smccc_1_2_hvc,0xea1c3e3a,KERNEL_OR_BUILTIN,,0,ffa_v10,1,1,0,1,0,0,1,1,1,1
arm_smccc_1_2_smc,0x3e79fb00,KERNEL_OR_BUILTIN,,0,ffa_v10,1,1,0,1,0,0,1,1,1,1
arm_smccc_get_version,0xe98f55f2,KERNEL_OR_BUILTIN,,0,ffa_v10,1,1,0,1,0,0,1,1,1,1
arp_tbl,0x228f026d,KERNEL_OR_BUILTIN,,0,mddp,1,1,0,1,0,0,1,1,1,1
async_schedule_node,0xf5f370e0,KERNEL_OR_BUILTIN,,0,ufs_mediatek_mod,1,1,0,1,0,0,1,1,1,1
atomic_notifier_call_chain,0xd3752c27,KERNEL_OR_BUILTIN,,0,clk_common;gz_trusty_mod;mtk_afe_external;mtk_swpm,4,4,0,1,0,0,1,1,1,1
atomic_notifier_chain_register,0x2b9997fb,KERNEL_OR_BUILTIN,,0,aee_aed;clk_common;gz_log_mod;gz_trusty_mod;mediatek_cpufreq_hw;mrdump;mtk_afe_external;mtk_dvfsrc_start;mtk_swpm,9,9,0,1,0,0,1,1,1,1
atomic_notifier_chain_unregister,0x7181db30,KERNEL_OR_BUILTIN,,0,clk_common;gz_log_mod;gz_trusty_mod;mrdump;mtk_afe_external;mtk_swpm,6,6,0,1,0,0,1,1,1,1
audio_recv_ipi_buf_from_dsp,0xa8d0aa80,STOCK_MODULE,audio_ipi,1,mtk_sp_spk_amp,1,1,0,0,0,0,0,0,0,0
audio_send_ipi_buf_to_dsp,0xd04d732f,STOCK_MODULE,audio_ipi,1,mtk_sp_spk_amp,1,1,0,0,0,0,0,0,0,0
audio_send_ipi_msg,0x4862e694,STOCK_MODULE,audio_ipi,1,snd_soc_audiodsp_common;snd_soc_mtk_common;usb_offload,3,3,0,0,0,0,0,0,0,0
audio_set_dsp_afe,0x42e0c9eb,STOCK_MODULE,snd_soc_audiodsp_common,1,snd_soc_mt6878_afe,1,1,0,0,0,0,0,0,0,0
audio_task_register_callback,0x8fca6f04,STOCK_MODULE,audio_ipi,1,mtk_soc_offload_common;snd_soc_audiodsp_common,2,2,0,0,0,0,0,0,0,0
autoremove_wake_function,0xad73041f,KERNEL_OR_BUILTIN,,0,ccci_md_all;mddp;tkcore_drv,3,3,0,1,0,0,1,1,1,1
available_idle_cpu,0x2088e082,KERNEL_OR_BUILTIN,,0,cpufreq_sugov_ext;scheduler,2,2,0,1,0,0,0,0,1,1
aw883xx_i2c_probe,0x713728fc,STOCK_MODULE,aw883xx_driver,1,mtk_sp_spk_amp,1,1,0,0,0,0,0,0,0,0
aw883xx_i2c_remove,0xb3e48038,STOCK_MODULE,aw883xx_driver,1,mtk_sp_spk_amp,1,1,0,0,0,0,0,0,0,0
balance_push_callback,0xa6209c0c,KERNEL_OR_BUILTIN,,0,scheduler,1,1,0,1,0,0,1,1,1,1
baswap,0x7b5ce5c3,STOCK_MODULE,bluetooth,1,btbcm;btqca;hci_uart,3,3,0,0,0,0,0,0,0,0
bcmp,0x263c3152,KERNEL_OR_BUILTIN,,0,bluetooth;bt_drv_6878;can_gw;ccmni;cfg80211;l2tp_core;mac80211;mediatek_drm;mtk_mml;nfc;slhc;snd_soc_tfa98xx;tipc;wlan_drv_gen4m_6878,14,15,0,1,1,0,1,1,1,1
bdev_end_io_acct,0xc633719c,KERNEL_OR_BUILTIN,,0,zram,1,1,0,1,0,0,0,0,1,1
bdev_start_io_acct,0xc3af13bf,KERNEL_OR_BUILTIN,,0,zram,1,1,0,1,0,0,0,0,1,1
before_md_sleep_status,0x256c3603,STOCK_MODULE,mtk_lpm_dbg_common_v2,1,mtk_lpm_plat_v1,1,1,0,0,0,0,0,0,0,0
bin2hex,0xd45cc6ca,KERNEL_OR_BUILTIN,,0,tipc,1,1,0,1,0,0,0,0,1,1
bio_end_io_acct_remapped,0xc797f514,KERNEL_OR_BUILTIN,,0,zram,1,1,0,1,0,0,1,1,1,1
bio_endio,0x4703fc89,KERNEL_OR_BUILTIN,,0,zram,1,1,0,1,0,0,1,1,1,1
bio_start_io_acct,0xf9eebc5c,KERNEL_OR_BUILTIN,,0,zram,1,1,0,1,0,0,1,1,1,1
bit_wait,0x16e297c3,KERNEL_OR_BUILTIN,,0,bluetooth,1,2,0,1,0,0,0,0,1,1
bit_wait_timeout,0x44bae227,KERNEL_OR_BUILTIN,,0,ccd_rpmsg;hci_uart,2,2,0,1,0,0,0,0,1,1
bitmap_alloc,0x020dbf27,KERNEL_OR_BUILTIN,,0,yft_gpio_keys,1,1,0,1,0,0,0,0,1,1
bitmap_find_free_region,0x63a7c28c,KERNEL_OR_BUILTIN,,0,apusys,1,1,0,1,0,0,1,1,1,1
bitmap_find_next_zero_area_off,0x64127b67,KERNEL_OR_BUILTIN,,0,apusys;mtu3,2,2,0,1,0,0,1,1,1,1
bitmap_free,0xca21ebd3,KERNEL_OR_BUILTIN,,0,apusys;mac80211;yft_gpio_keys,3,3,0,1,0,0,1,1,1,1
bitmap_from_arr32,0xf8d07858,KERNEL_OR_BUILTIN,,0,arm_dsu_pmu,1,1,0,1,0,0,1,1,1,1
bitmap_parse,0xb97220ff,KERNEL_OR_BUILTIN,,0,ufs_mediatek_mod,1,1,0,1,0,0,0,0,1,1
bitmap_parselist,0x1b015d25,KERNEL_OR_BUILTIN,,0,yft_gpio_keys,1,1,0,0,0,0,0,0,0,0
bitmap_print_to_pagebuf,0xf474c21c,KERNEL_OR_BUILTIN,,0,arm_dsu_pmu,1,1,0,1,0,0,1,1,1,1
bitmap_release_region,0x574c2e74,KERNEL_OR_BUILTIN,,0,apusys,1,1,0,1,0,0,1,1,1,1
bitmap_zalloc,0x2688ec10,KERNEL_OR_BUILTIN,,0,apusys;mac80211;yft_gpio_keys,3,3,0,1,0,0,1,1,1,1
blk_mq_unique_tag,0xcfc4c418,KERNEL_OR_BUILTIN,,0,ufs_mediatek_mod,1,1,0,1,0,0,0,0,1,1
blk_queue_flag_clear,0x6d17731d,KERNEL_OR_BUILTIN,,0,zram,1,1,0,1,0,0,1,1,1,1
blk_queue_flag_set,0xef5eec46,KERNEL_OR_BUILTIN,,0,ufs_mediatek_mod;zram,2,2,0,1,0,0,1,1,1,1
blk_queue_io_min,0xef31aabc,KERNEL_OR_BUILTIN,,0,zram,1,1,0,1,0,0,1,1,1,1
blk_queue_io_opt,0x675963b4,KERNEL_OR_BUILTIN,,0,zram,1,1,0,1,0,0,1,1,1,1
blk_queue_logical_block_size,0x973f30bd,KERNEL_OR_BUILTIN,,0,zram,1,1,0,1,0,0,1,1,1,1
blk_queue_max_discard_sectors,0x98abf96a,KERNEL_OR_BUILTIN,,0,zram,1,1,0,1,0,0,1,1,1,1
blk_queue_max_write_zeroes_sectors,0xea75ae35,KERNEL_OR_BUILTIN,,0,zram,1,1,0,1,0,0,1,1,1,1
blk_queue_physical_block_size,0x6e05674b,KERNEL_OR_BUILTIN,,0,zram,1,1,0,1,0,0,1,1,1,1
blkdev_get_by_dev,0xcf384c1c,KERNEL_OR_BUILTIN,,0,mtk_wp,1,1,0,1,0,0,1,1,1,1
blkdev_put,0x786c891c,KERNEL_OR_BUILTIN,,0,mtk_wp,1,1,0,1,0,0,1,1,1,1
blocking_notifier_call_chain,0x8317ad7c,KERNEL_OR_BUILTIN,,0,adsp;apu_top;connadp;dbg_error_flag;gz_trusty_mod;leds_mtk;mdp_drv_mt6878;mmqos_common;mtk_disp_notify;mtk_dvfsrc;mtk_mmdvfs;mtk_qos;mtk_scpsys;mtk_ssc;pmic_lvsys_notify;scp;sensorhub;vcp,18,18,0,1,0,0,1,1,1,1
blocking_notifier_chain_register,0xbb0c86a5,KERNEL_OR_BUILTIN,,0,adsp;apu_top;connadp;dbg_error_flag;gz_trusty_mod;leds_mtk;mdp_drv_mt6878;mmqos_common;mtk_disp_notify;mtk_dvfsrc;mtk_mmdvfs;mtk_qos;mtk_scpsys;mtk_ssc;pmic_lvsys_notify;scp;sensorhub;vcp,18,18,0,1,0,0,1,1,1,1
blocking_notifier_chain_unregister,0x963aa2a9,KERNEL_OR_BUILTIN,,0,adsp;apu_top;connadp;gz_trusty_mod;leds_mtk;mdp_drv_mt6878;mmqos_common;mtk_disp_notify;mtk_dvfsrc;mtk_mmdvfs;mtk_qos;mtk_scpsys;mtk_ssc;pmic_lvsys_notify;scp;sensorhub;vcp,17,17,0,1,0,0,1,1,1,1
boost_get_cmd_fp,0x68c9a56f,STOCK_MODULE,mtk_ioctl_powerhal,1,powerhal_cpu_ctrl,1,1,0,0,0,0,0,0,0,0
bootprof_log_boot,0xafc9bb32,STOCK_MODULE,bootprof,1,usb_meta,1,1,0,0,0,0,0,0,0,0
bpf_trace_run1,0xe6643531,KERNEL_OR_BUILTIN,,0,aee_aed;apu_top;apusys;cfg80211;cpuqos_v3;ged;ieee802154;l2tp_core;mac80211;mac802154;mali_kbase_mt6878_r44;mediatek_drm;mmqos_common;mtk_c2ps;mtk_cg_peak_power_throttling;mtk_cpu_power_throttling;mtk_fpsgo;mtk_gpu_power_throttling;mtk_imgsys_cmdq;mtk_imgsys_v4l2;mtk_low_battery_throttling;mtk_lpm;mtk_mml;mtk_peak_power_budget;mtk_swpm_dbg_v6878;mtu3;powerhal_cpu_ctrl;scheduler;snd_soc_audiodsp_common;task_turbo;thermal_trace;timer_mediatek;touch_boost;xhci_mtk_hcd_v2,34,34,0,1,0,0,1,1,1,1
bpf_trace_run10,0xb2057ce2,KERNEL_OR_BUILTIN,,0,cfg80211;lpm_gov_MHSP,2,2,0,1,0,0,0,0,1,1
bpf_trace_run11,0x11d6a547,KERNEL_OR_BUILTIN,,0,apusys;scheduler,2,2,0,1,0,0,0,0,1,1
bpf_trace_run12,0x7e34c48d,KERNEL_OR_BUILTIN,,0,apusys;mtk_perf_common;scheduler,3,3,0,1,0,0,1,1,1,1
bpf_trace_run2,0xc4b28304,KERNEL_OR_BUILTIN,,0,apusys;blocktag;cfg80211;cpufreq_sugov_ext;cpuqos_v3;ged;ieee802154;imgsensor;l2tp_core;mac80211;mac802154;mali_kbase_mt6878_r44;mmqos_common;mtk_cam_isp7sp;mtk_cm_mgr_mt6878;mtk_cpu_power_throttling;mtk_gpu_power_throttling;mtk_icc_core;mtk_low_battery_throttling;mtk_mbox;mtk_mmdvfs_ftrace;mtk_perf_common;mtu3;scheduler;snd_soc_audiodsp_common;task_turbo;thermal_trace;ufs_mediatek_mod;uload_ind;usb_logger;xhci_mtk_hcd_v2,31,31,0,1,0,0,1,1,1,1
bpf_trace_run3,0x1f7600cb,KERNEL_OR_BUILTIN,,0,apusys;blocktag;cfg80211;cpufreq_sugov_ext;cpuqos_v3;ged;ieee802154;mac80211;mac802154;mali_kbase_mt6878_r44;mmqos_common;mtk_core_ctl;mtk_dvfsrc;mtk_mbox;mtk_perf_common;mtk_vmm_isp71_regulator;scheduler;snd_soc_audiodsp_common;task_turbo;tipc;trace_mmstat;ufs_mediatek_mod;xhci_mtk_hcd_v2,23,23,0,1,0,0,1,1,1,1
bpf_trace_run4,0xc7b92fda,KERNEL_OR_BUILTIN,,0,bt_drv_6878;cfg80211;cpufreq_sugov_ext;ged;ieee802154;mac80211;mac802154;mali_kbase_mt6878_r44;mtk_cam_isp7sp;mtk_perf_common;scheduler;snd_soc_audiodsp_common;task_turbo;thermal_trace;tipc,15,15,0,1,0,0,1,1,1,1
bpf_trace_run5,0x267d05bf,KERNEL_OR_BUILTIN,,0,apu_top;apusys;blocktag;cfg80211;cpufreq_sugov_ext;ged;mac80211;mali_kbase_mt6878_r44;mmqos_common;mtk_core_ctl;mtk_icc_core;mtk_perf_common;scheduler;snd_soc_audiodsp_common,14,14,0,1,0,0,1,1,1,1
bpf_trace_run6,0xa69c2a3c,KERNEL_OR_BUILTIN,,0,apusys;cfg80211;cpufreq_sugov_ext;cpuqos_v3;ged;mac80211;mali_kbase_mt6878_r44;scheduler,8,8,0,1,0,0,1,1,1,1
bpf_trace_run7,0xb5e91f0b,KERNEL_OR_BUILTIN,,0,apusys;cfg80211;cpufreq_sugov_ext;cpuqos_v3;mmqos_common;mtk_cam_isp7sp;scheduler,7,7,0,1,0,0,1,1,1,1
bpf_trace_run8,0x63b71df2,KERNEL_OR_BUILTIN,,0,cfg80211;mtk_cam_isp7sp;mtk_gpufreq_wrapper;scheduler,4,4,0,1,0,0,1,1,1,1
bpf_trace_run9,0x486596c9,KERNEL_OR_BUILTIN,,0,apusys;mmqos_common;mtk_cam_isp7sp;mtk_core_ctl;mtk_lpm;scheduler,6,6,0,1,0,0,1,1,1,1
bridge_tunnel_header,0x1879fcbd,STOCK_MODULE,cfg80211,1,mac80211,1,1,0,0,0,0,0,0,0,0
bt_accept_dequeue,0xa0c2214c,STOCK_MODULE,bluetooth,1,rfcomm,1,1,0,0,0,0,0,0,0,0
bt_accept_enqueue,0xd1448dc5,STOCK_MODULE,bluetooth,1,rfcomm,1,1,0,0,0,0,0,0,0,0
bt_accept_unlink,0xec5c7e14,STOCK_MODULE,bluetooth,1,rfcomm,1,1,0,0,0,0,0,0,0,0
bt_debugfs,0xbb89b7e0,STOCK_MODULE,bluetooth,1,rfcomm,1,1,0,0,0,0,0,0,0,0
bt_err,0x7b8c32f1,STOCK_MODULE,bluetooth,1,btbcm;btqca;hci_uart;hidp;rfcomm,5,5,0,0,0,0,0,0,0,0
bt_info,0x0718b8b7,STOCK_MODULE,bluetooth,1,btbcm;btqca;hci_uart;hidp;rfcomm,5,5,0,0,0,0,0,0,0,0
bt_procfs_cleanup,0x17602ecb,STOCK_MODULE,bluetooth,1,hidp;rfcomm,2,2,0,0,0,0,0,0,0,0
bt_procfs_init,0xe1369968,STOCK_MODULE,bluetooth,1,hidp;rfcomm,2,2,0,0,0,0,0,0,0,0
bt_sock_alloc,0x7a1193d3,STOCK_MODULE,bluetooth,1,rfcomm,1,1,0,0,0,0,0,0,0,0
bt_sock_ioctl,0x66286463,STOCK_MODULE,bluetooth,1,rfcomm,1,1,0,0,0,0,0,0,0,0
bt_sock_link,0x3db15e11,STOCK_MODULE,bluetooth,1,hidp;rfcomm,2,2,0,0,0,0,0,0,0,0
bt_sock_poll,0xeb896aef,STOCK_MODULE,bluetooth,1,rfcomm,1,1,0,0,0,0,0,0,0,0
bt_sock_reclassify_lock,0x76a49bad,STOCK_MODULE,bluetooth,1,rfcomm,1,1,0,0,0,0,0,0,0,0
bt_sock_register,0x5ba40f91,STOCK_MODULE,bluetooth,1,hidp;rfcomm,2,2,0,0,0,0,0,0,0,0
bt_sock_stream_recvmsg,0x25c780fa,STOCK_MODULE,bluetooth,1,rfcomm,1,1,0,0,0,0,0,0,0,0
bt_sock_unlink,0x90793c60,STOCK_MODULE,bluetooth,1,hidp;rfcomm,2,2,0,0,0,0,0,0,0,0
bt_sock_unregister,0x8fea24bd,STOCK_MODULE,bluetooth,1,hidp;rfcomm,2,2,0,0,0,0,0,0,0,0
bt_sock_wait_ready,0x09c198d9,STOCK_MODULE,bluetooth,1,rfcomm,1,1,0,0,0,0,0,0,0,0
bt_sock_wait_state,0x93aa13a6,STOCK_MODULE,bluetooth,1,rfcomm,1,1,0,0,0,0,0,0,0,0
bt_warn,0x214e4265,STOCK_MODULE,bluetooth,1,hci_uart,1,1,0,0,0,0,0,0,0,0
btbcm_check_bdaddr,0x4ad61208,STOCK_MODULE,btbcm,1,hci_uart,1,1,0,0,0,0,0,0,0,0
btbcm_finalize,0xde741d81,STOCK_MODULE,btbcm,1,hci_uart,1,1,0,0,0,0,0,0,0,0
btbcm_initialize,0x6122bec3,STOCK_MODULE,btbcm,1,hci_uart,1,1,0,0,0,0,0,0,0,0
btbcm_read_pcm_int_params,0x9810f488,STOCK_MODULE,btbcm,1,hci_uart,1,1,0,0,0,0,0,0,0,0
btbcm_set_bdaddr,0xbc528922,STOCK_MODULE,btbcm,1,hci_uart,1,1,0,0,0,0,0,0,0,0
btbcm_write_pcm_int_params,0xba4441a0,STOCK_MODULE,btbcm,1,hci_uart,1,1,0,0,0,0,0,0,0,0
build_skb,0xb7cab24f,KERNEL_OR_BUILTIN,,0,ccci_dpmaif;wlan_drv_gen4m_6878,2,2,0,1,0,0,1,1,1,1
bus_find_device,0x78729785,KERNEL_OR_BUILTIN,,0,ffa_v10,1,1,0,1,0,0,0,0,1,1
bus_for_each_dev,0x8963bd73,KERNEL_OR_BUILTIN,,0,ffa_v10,1,1,0,1,0,0,0,0,1,1
bus_register,0x289cfdfc,KERNEL_OR_BUILTIN,,0,ffa_v10;usbserial,2,2,0,1,0,0,1,1,1,1
bus_unregister,0xf469358a,KERNEL_OR_BUILTIN,,0,ffa_v10;usbserial,2,2,0,1,0,0,1,1,1,1
c2ps_notify_add_task_fp,0xd89863e4,STOCK_MODULE,c2ps_perf_ioctl,1,mtk_c2ps,1,1,0,0,0,0,0,0,0,0
c2ps_notify_camfps_fp,0x0c209f03,STOCK_MODULE,c2ps_perf_ioctl,1,mtk_c2ps,1,1,0,0,0,0,0,0,0,0
c2ps_notify_init_fp,0x051e7ae5,STOCK_MODULE,c2ps_perf_ioctl,1,mtk_c2ps,1,1,0,0,0,0,0,0,0,0
c2ps_notify_task_end_fp,0xc0a967df,STOCK_MODULE,c2ps_perf_ioctl,1,mtk_c2ps,1,1,0,0,0,0,0,0,0,0
c2ps_notify_task_scene_change_fp,0x3f47c802,STOCK_MODULE,c2ps_perf_ioctl,1,mtk_c2ps,1,1,0,0,0,0,0,0,0,0
c2ps_notify_task_single_shot_fp,0xeb6542f4,STOCK_MODULE,c2ps_perf_ioctl,1,mtk_c2ps,1,1,0,0,0,0,0,0,0,0
c2ps_notify_task_start_fp,0xa58c8cbe,STOCK_MODULE,c2ps_perf_ioctl,1,mtk_c2ps,1,1,0,0,0,0,0,0,0,0
c2ps_notify_uninit_fp,0xccd7bc4d,STOCK_MODULE,c2ps_perf_ioctl,1,mtk_c2ps,1,1,0,0,0,0,0,0,0,0
c2ps_notify_vsync_fp,0xd7478056,STOCK_MODULE,c2ps_perf_ioctl,1,mtk_c2ps,1,1,0,0,0,0,0,0,0,0
cache_line_size,0x605d5bfa,KERNEL_OR_BUILTIN,,0,mali_kbase_mt6878_r44;met,2,2,0,1,0,0,1,1,1,1
call_netdevice_notifiers,0x1264cbde,KERNEL_OR_BUILTIN,,0,8021q,1,1,0,1,0,0,0,0,1,1
call_rcu,0x28aa6a67,KERNEL_OR_BUILTIN,,0,can;can_bcm;can_gw;l2tp_ppp;mac80211;mac802154;tipc,7,7,0,1,1,0,0,0,1,1
can_bus_off,0x8b0135b3,STOCK_MODULE,can_dev,1,slcan,1,1,0,0,0,0,0,0,0,0
can_change_mtu,0x99a240b0,STOCK_MODULE,can_dev,1,slcan,1,1,0,0,0,0,0,0,0,0
can_change_state,0xf30870d5,STOCK_MODULE,can_dev,1,slcan,1,1,0,0,0,0,0,0,0,0
can_dropped_invalid_skb,0xd5058dc1,STOCK_MODULE,can_dev,1,slcan;vcan,2,2,0,0,0,0,0,0,0,0
can_proto_register,0xcf3cfa9e,STOCK_MODULE,can,1,can_bcm;can_raw,2,2,0,0,0,0,0,0,0,0
can_proto_unregister,0x2f0640d2,STOCK_MODULE,can,1,can_bcm;can_raw,2,2,0,0,0,0,0,0,0,0
can_rx_register,0x79473a3e,STOCK_MODULE,can,1,can_bcm;can_gw;can_raw,3,3,0,0,0,0,0,0,0,0
can_rx_unregister,0xc6d395bb,STOCK_MODULE,can,1,can_bcm;can_gw;can_raw,3,3,0,0,0,0,0,0,0,0
can_send,0x9b9a1272,STOCK_MODULE,can,1,can_bcm;can_gw;can_raw,3,3,0,0,0,0,0,0,0,0
cancel_delayed_work,0xda571594,KERNEL_OR_BUILTIN,,0,adsp;apusys;bluetooth;bt_drv_6878;c2k_usb;ccmni;cfg80211;hci_uart;mac80211;mdp_drv_mt6878;mtk_jpeg;mtk_mmc;mtk_pbm;sensorhub;snd_soc_tfa98xx;thermal_trace;tipc;xhci_mtk_hcd_v2,18,19,0,1,0,0,1,1,1,1
cancel_delayed_work_sync,0xf8beca97,KERNEL_OR_BUILTIN,,0,apu_top;apusys;aw883xx_driver;bluetooth;bt_drv_6878;can_dev;cdc_acm;cfg80211;focaltech_touch_spi_ft3680;mac80211;mali_kbase_mt6878_r44;met;mmqos_common;mt6375_charger;mtk_pbm;r8152;rfkill;snd_soc_tfa98xx;tcpc_class;tcpc_mt6375;thermal_trace;tipc;tmem_ffa;trace_mmstat;wlan_drv_gen4m_6878;xhci_mtk_hcd_v2;yft_gpio_keys,27,28,0,1,0,0,1,1,1,1
cancel_work_sync,0xd969d6f4,KERNEL_OR_BUILTIN,,0,apusys;bluetooth;btsdio;cfg80211;focaltech_touch_spi_ft3680;hci_uart;hidp;mac80211;mali_kbase_mt6878_r44;mediatek_drm;mtk_cg_peak_power_throttling;nfc;regulator_vibrator;rfkill;tipc;usb_meta;usbnet;usbserial;wlan_drv_gen4m_6878,19,20,0,1,0,0,1,1,1,1
capable,0xc6cbbc89,KERNEL_OR_BUILTIN,,0,bluetooth;cdc_acm;ftdi_sio;hci_uart;hidp;ieee802154_socket;mali_kbase_mt6878_r44;nfc;r8152;rfcomm;rfkill;rtl8150;slcan;usbserial,14,15,0,1,1,0,0,0,1,1
ccci_alloc_skb,0x58404b03,STOCK_MODULE,ccci_md_all,1,ccci_ccif;ccci_fsm_scp,2,2,0,0,0,0,0,0,0,0
ccci_c2k_buffer_push,0x3c3ef6ed,STOCK_MODULE,ccci_md_all,1,c2k_usb,1,1,0,0,0,0,0,0,0,0
ccci_c2k_rawbulk_intercept,0x9ba9b917,STOCK_MODULE,ccci_md_all,1,c2k_usb,1,1,0,0,0,0,0,0,0,0
ccci_c2k_set_usb_callback,0x1761953f,STOCK_MODULE,ccci_md_all,1,c2k_usb,1,1,0,0,0,0,0,0,0,0
ccci_dump_write,0xba637490,STOCK_MODULE,ccci_util_lib,1,ccci_auxadc;ccci_ccif;ccci_dpmaif;ccci_fsm_scp;ccci_md_all,5,5,0,0,0,0,0,0,0,0
ccci_event_log,0xe8837d03,STOCK_MODULE,ccci_util_lib,1,ccci_md_all,1,1,0,0,0,0,0,0,0,0
ccci_free_skb,0xa4b28c67,STOCK_MODULE,ccci_md_all,1,ccci_ccif;ccci_fsm_scp,2,2,0,0,0,0,0,0,0,0
ccci_fsm_get_md_state,0x3b31bb5b,STOCK_MODULE,ccci_md_all,1,ccci_ccif;ccci_fsm_scp,2,2,0,0,0,0,0,0,0,0
ccci_fsm_get_md_state_for_user,0xbf79e3c4,STOCK_MODULE,ccci_md_all,1,ccci_fsm_scp,1,1,0,0,0,0,0,0,0,0
ccci_get_adc_mV,0xa7eee324,STOCK_MODULE,ccci_auxadc,1,ccci_md_all,1,1,0,0,0,0,0,0,0,0
ccci_get_adc_num,0x37dd5de9,STOCK_MODULE,ccci_auxadc,1,ccci_md_all,1,1,0,0,0,0,0,0,0,0
ccci_get_adc_val,0x1749211d,STOCK_MODULE,ccci_auxadc,1,ccci_md_all,1,1,0,0,0,0,0,0,0,0
ccci_get_md_check_hdr_inf,0x7d606fd7,STOCK_MODULE,ccci_util_lib,1,ccci_md_all,1,1,0,0,0,0,0,0,0,0
ccci_get_md_info_str,0x4b922029,STOCK_MODULE,ccci_util_lib,1,ccci_md_all,1,1,0,0,0,0,0,0,0,0
ccci_get_per_md_data,0xa0e7e691,STOCK_MODULE,ccci_md_all,1,ccci_ccif;ccci_dpmaif;ccci_fsm_scp,3,3,0,0,0,0,0,0,0,0
ccci_hif_register,0xaa99b9a3,STOCK_MODULE,ccci_md_all,1,ccci_ccif;ccci_dpmaif,2,2,0,0,0,0,0,0,0,0
ccci_md_add_log_history,0xe1117e71,STOCK_MODULE,ccci_md_all,1,ccci_ccif,1,1,0,0,0,0,0,0,0,0
ccci_md_dump_log_history,0xc50a8c37,STOCK_MODULE,ccci_md_all,1,ccci_ccif,1,1,0,0,0,0,0,0,0,0
ccci_md_force_assert,0xf902f105,STOCK_MODULE,ccci_md_all,1,ccci_ccif;ccci_dpmaif,2,2,0,0,0,0,0,0,0,0
ccci_md_get_smem_by_user_id,0x1d3e9377,STOCK_MODULE,ccci_md_all,1,ccci_ccif;ccci_fsm_scp,2,2,0,0,0,0,0,0,0,0
ccci_port_dump_status,0x8bdc5822,STOCK_MODULE,ccci_md_all,1,ccci_ccif,1,1,0,0,0,0,0,0,0,0
ccci_port_get_dev_name,0xaa217d98,STOCK_MODULE,ccci_md_all,1,ccci_ccif,1,1,0,0,0,0,0,0,0,0
ccci_port_queue_status_notify,0x98264bb3,STOCK_MODULE,ccci_md_all,1,ccci_ccif;ccci_dpmaif,2,2,0,0,0,0,0,0,0,0
ccci_port_recv_skb,0x6381dcda,STOCK_MODULE,ccci_md_all,1,ccci_ccif;ccci_dpmaif,2,2,0,0,0,0,0,0,0,0
ccci_port_send_msg_to_md,0xa398699b,STOCK_MODULE,ccci_md_all,1,ccci_fsm_scp,1,1,0,0,0,0,0,0,0,0
ccci_register_md_state_receiver,0xac93498d,STOCK_MODULE,ccci_md_all,1,ccci_fsm_scp,1,1,0,0,0,0,0,0,0,0
ccci_set_dpmaif_debug_cb,0x6bbc67ef,STOCK_MODULE,ccci_md_all,1,ccci_dpmaif,1,1,0,0,0,0,0,0,0,0
ccci_skb_dequeue,0x8047453c,STOCK_MODULE,ccci_md_all,1,ccci_fsm_scp,1,1,0,0,0,0,0,0,0,0
ccci_skb_enqueue,0xac1534be,STOCK_MODULE,ccci_md_all,1,ccci_fsm_scp,1,1,0,0,0,0,0,0,0,0
ccci_skb_queue_init,0xd6f57578,STOCK_MODULE,ccci_md_all,1,ccci_fsm_scp,1,1,0,0,0,0,0,0,0,0
ccci_sysfs_add_modem,0xbe8f1358,STOCK_MODULE,ccci_util_lib,1,ccci_md_all,1,1,0,0,0,0,0,0,0,0
ccci_util_cmpt_mem_dump,0x8b76fae3,STOCK_MODULE,ccci_util_lib,1,ccci_md_all,1,1,0,0,0,0,0,0,0,0
ccci_util_mem_dump,0x1966c223,STOCK_MODULE,ccci_util_lib,1,ccci_ccif;ccci_dpmaif;ccci_md_all,3,3,0,0,0,0,0,0,0,0
ccd_ipi_register,0x2b7417b7,STOCK_MODULE,ccd_rpmsg,1,mtk_ccd_remoteproc,1,1,0,0,0,0,0,0,0,0
ccd_master_destroy,0x250f2b76,STOCK_MODULE,ccd_rpmsg,1,mtk_ccd_remoteproc,1,1,0,0,0,0,0,0,0,0
ccd_master_listen,0x63eb7924,STOCK_MODULE,ccd_rpmsg,1,mtk_ccd_remoteproc,1,1,0,0,0,0,0,0,0,0
ccd_worker_read,0xf998d96c,STOCK_MODULE,ccd_rpmsg,1,mtk_ccd_remoteproc,1,1,0,0,0,0,0,0,0,0
ccd_worker_write,0x682a4e2e,STOCK_MODULE,ccd_rpmsg,1,mtk_ccd_remoteproc,1,1,0,0,0,0,0,0,0,0
ccmni_clr_flush_timer,0xa34f01bc,STOCK_MODULE,ccmni,1,ccci_dpmaif,1,1,0,0,0,0,0,0,0,0
ccmni_ops,0xdde1aa48,STOCK_MODULE,ccmni,1,ccci_md_all,1,1,0,0,0,0,0,0,0,0
ccmni_set_cur_speed,0x5ccfc658,STOCK_MODULE,ccmni,1,ccci_dpmaif,1,1,0,0,0,0,0,0,0,0
ccmni_set_init_rps,0x4d768812,STOCK_MODULE,ccmni,1,ccci_dpmaif,1,1,0,0,0,0,0,0,0,0
cdc_parse_cdc_header,0x8ca5f80e,KERNEL_OR_BUILTIN,,0,cdc_acm;cdc_ether;cdc_ncm,3,3,0,1,0,0,0,0,1,1
cdev_add,0xf27a67e1,KERNEL_OR_BUILTIN,,0,apusys;bt_drv_6878;camera_dpe_isp7sp;camera_eeprom_v4l2;ccci_md_all;ccci_util_lib;connadp;connfem;conninfra;connscp;flashlight;fmradio_drv_connac2x;gps_drv_dl_v051;gps_pwr;gps_scp;gz_ipc_mod;mdp_drv_mt6878;microarray_fp_tee;mt6375_battery;mtk_ccd_remoteproc;mtk_ccuv;mtk_hcp;mtk_mbraink;mtk_vcu;pda_drv_mt6878;rpmb_mtk;sec;teeperf;widevine_driver;wlan_drv_gen4m_6878;wmt_chrdev_wifi_connac2,31,31,0,1,0,0,1,1,1,1
cdev_alloc,0x00198a28,KERNEL_OR_BUILTIN,,0,apusys;camera_dpe_isp7sp;flashlight;mdp_drv_mt6878;microarray_fp_tee;mt6375_battery;mtk_vcu;pda_drv_mt6878;widevine_driver,9,9,0,1,0,0,1,1,1,1
cdev_del,0x61ee3bf2,KERNEL_OR_BUILTIN,,0,apusys;bt_drv_6878;camera_dpe_isp7sp;ccci_util_lib;connadp;connfem;conninfra;connscp;flashlight;fmradio_drv_connac2x;gps_drv_dl_v051;gps_pwr;gps_scp;gz_ipc_mod;mdp_drv_mt6878;microarray_fp_tee;mtk_ccd_remoteproc;mtk_ccuv;mtk_hcp;mtk_mbraink;mtk_vcu;pda_drv_mt6878;rpmb_mtk;sec;teeperf;widevine_driver;wlan_drv_gen4m_6878;wmt_chrdev_wifi_connac2,28,28,0,1,0,0,1,1,1,1
cdev_init,0x7d3657fd,KERNEL_OR_BUILTIN,,0,apusys;bt_drv_6878;camera_dpe_isp7sp;camera_eeprom_v4l2;ccci_md_all;ccci_util_lib;connadp;connfem;conninfra;connscp;fmradio_drv_connac2x;gps_drv_dl_v051;gps_pwr;gps_scp;gz_ipc_mod;mtk_ccd_remoteproc;mtk_ccuv;mtk_hcp;mtk_mbraink;pda_drv_mt6878;rpmb_mtk;sec;teeperf;widevine_driver;wlan_drv_gen4m_6878;wmt_chrdev_wifi_connac2,26,26,0,1,0,0,1,1,1,1
cfg80211_any_usable_channels,0xc46d6acc,STOCK_MODULE,cfg80211,1,mac80211,1,1,0,0,0,0,0,0,0,0
cfg80211_assoc_comeback,0xf99f1059,STOCK_MODULE,cfg80211,1,mac80211,1,1,0,0,0,0,0,0,0,0
cfg80211_assoc_failure,0x0ab955ce,STOCK_MODULE,cfg80211,1,mac80211,1,1,0,0,0,0,0,0,0,0
cfg80211_auth_timeout,0x2ee5005d,STOCK_MODULE,cfg80211,1,mac80211,1,1,0,0,0,0,0,0,0,0
cfg80211_bss_color_notify,0x4e49293f,STOCK_MODULE,cfg80211,1,mac80211,1,1,0,0,0,0,0,0,0,0
cfg80211_cac_event,0x89d0de94,STOCK_MODULE,cfg80211,1,mac80211,1,1,0,0,0,0,0,0,0,0
cfg80211_calculate_bitrate,0x4d888bc1,STOCK_MODULE,cfg80211,1,mac80211,1,1,0,0,0,0,0,0,0,0
cfg80211_ch_switch_notify,0x81bac377,STOCK_MODULE,cfg80211,1,mac80211;wlan_drv_gen4m_6878,2,2,0,0,0,0,0,0,0,0
cfg80211_ch_switch_started_notify,0x34d0aade,STOCK_MODULE,cfg80211,1,mac80211;wlan_drv_gen4m_6878,2,2,0,0,0,0,0,0,0,0
cfg80211_chandef_compatible,0xd97eaad4,STOCK_MODULE,cfg80211,1,mac80211,1,1,0,0,0,0,0,0,0,0
cfg80211_chandef_create,0x06ca71fd,STOCK_MODULE,cfg80211,1,mac80211;wlan_drv_gen4m_6878,2,2,0,0,0,0,0,0,0,0
cfg80211_chandef_dfs_required,0x7426549d,STOCK_MODULE,cfg80211,1,mac80211,1,1,0,0,0,0,0,0,0,0
cfg80211_chandef_usable,0x3f9b28f0,STOCK_MODULE,cfg80211,1,mac80211,1,1,0,0,0,0,0,0,0,0
cfg80211_chandef_valid,0xc4b4fc27,STOCK_MODULE,cfg80211,1,mac80211,1,1,0,0,0,0,0,0,0,0
cfg80211_check_combinations,0x10621d3a,STOCK_MODULE,cfg80211,1,mac80211,1,1,0,0,0,0,0,0,0,0
cfg80211_check_station_change,0xe6ee6646,STOCK_MODULE,cfg80211,1,mac80211,1,1,0,0,0,0,0,0,0,0
cfg80211_classify8021d,0xaa1ac9ec,STOCK_MODULE,cfg80211,1,mac80211;wlan_drv_gen4m_6878,2,2,0,0,0,0,0,0,0,0
cfg80211_connect_done,0x6699ba8e,STOCK_MODULE,cfg80211,1,wlan_drv_gen4m_6878,1,1,0,0,0,0,0,0,0,0
cfg80211_control_port_tx_status,0x0337a746,STOCK_MODULE,cfg80211,1,mac80211,1,1,0,0,0,0,0,0,0,0
cfg80211_cqm_beacon_loss_notify,0xc8074c43,STOCK_MODULE,cfg80211,1,mac80211,1,1,0,0,0,0,0,0,0,0
cfg80211_cqm_pktloss_notify,0x879572c8,STOCK_MODULE,cfg80211,1,mac80211,1,1,0,0,0,0,0,0,0,0
cfg80211_cqm_rssi_notify,0x9d509cfd,STOCK_MODULE,cfg80211,1,mac80211,1,1,0,0,0,0,0,0,0,0
cfg80211_del_sta_sinfo,0xa8ac42ab,STOCK_MODULE,cfg80211,1,mac80211;wlan_drv_gen4m_6878,2,2,0,0,0,0,0,0,0,0
cfg80211_disconnected,0x439b708f,STOCK_MODULE,cfg80211,1,wlan_drv_gen4m_6878,1,1,0,0,0,0,0,0,0,0
cfg80211_external_auth_request,0xf66612c4,STOCK_MODULE,cfg80211,1,wlan_drv_gen4m_6878,1,1,0,0,0,0,0,0,0,0
cfg80211_find_elem_match,0x9d6cba30,STOCK_MODULE,cfg80211,1,mac80211;wlan_drv_gen4m_6878,2,2,0,0,0,0,0,0,0,0
cfg80211_free_nan_func,0xeadfe024,STOCK_MODULE,cfg80211,1,mac80211,1,1,0,0,0,0,0,0,0,0
cfg80211_ft_event,0x64a49a9c,STOCK_MODULE,cfg80211,1,wlan_drv_gen4m_6878,1,1,0,0,0,0,0,0,0,0
cfg80211_get_bss,0x50d3e705,STOCK_MODULE,cfg80211,1,mac80211;wlan_drv_gen4m_6878,2,2,0,0,0,0,0,0,0,0
cfg80211_get_drvinfo,0xa0031b40,STOCK_MODULE,cfg80211,1,mac80211,1,1,0,0,0,0,0,0,0,0
cfg80211_get_iftype_ext_capa,0x4368f1ab,STOCK_MODULE,cfg80211,1,mac80211,1,1,0,0,0,0,0,0,0,0
cfg80211_get_p2p_attr,0xf5596d89,STOCK_MODULE,cfg80211,1,mac80211,1,1,0,0,0,0,0,0,0,0
cfg80211_gtk_rekey_notify,0x1f0cb83d,STOCK_MODULE,cfg80211,1,mac80211,1,1,0,0,0,0,0,0,0,0
cfg80211_ibss_joined,0x8ac21d6b,STOCK_MODULE,cfg80211,1,mac80211,1,1,0,0,0,0,0,0,0,0
cfg80211_iftype_allowed,0x6305d23f,STOCK_MODULE,cfg80211,1,mac80211,1,1,0,0,0,0,0,0,0,0
cfg80211_inform_bss_data,0x8344afc1,STOCK_MODULE,cfg80211,1,wlan_drv_gen4m_6878,1,1,0,0,0,0,0,0,0,0
cfg80211_inform_bss_frame_data,0x08d47fd6,STOCK_MODULE,cfg80211,1,mac80211;wlan_drv_gen4m_6878,2,2,0,0,0,0,0,0,0,0
cfg80211_is_element_inherited,0xcc1a7c48,STOCK_MODULE,cfg80211,1,mac80211,1,1,0,0,0,0,0,0,0,0
cfg80211_iter_combinations,0x3e258d26,STOCK_MODULE,cfg80211,1,mac80211,1,1,0,0,0,0,0,0,0,0
cfg80211_merge_profile,0x117aca91,STOCK_MODULE,cfg80211,1,mac80211,1,1,0,0,0,0,0,0,0,0
cfg80211_mgmt_tx_status_ext,0xea7bacd0,STOCK_MODULE,cfg80211,1,mac80211;wlan_drv_gen4m_6878,2,2,0,0,0,0,0,0,0,0
cfg80211_michael_mic_failure,0x407cc01a,STOCK_MODULE,cfg80211,1,mac80211;wlan_drv_gen4m_6878,2,2,0,0,0,0,0,0,0,0
cfg80211_nan_func_terminated,0x986effbf,STOCK_MODULE,cfg80211,1,mac80211,1,1,0,0,0,0,0,0,0,0
cfg80211_nan_match,0xb477dac1,STOCK_MODULE,cfg80211,1,mac80211,1,1,0,0,0,0,0,0,0,0
cfg80211_new_sta,0x7e1ebe2a,STOCK_MODULE,cfg80211,1,mac80211;wlan_drv_gen4m_6878,2,2,0,0,0,0,0,0,0,0
cfg80211_pmksa_candidate_notify,0x1549e8e2,STOCK_MODULE,cfg80211,1,wlan_drv_gen4m_6878,1,1,0,0,0,0,0,0,0,0
cfg80211_port_authorized,0x2bff26a0,STOCK_MODULE,cfg80211,1,wlan_drv_gen4m_6878,1,1,0,0,0,0,0,0,0,0
cfg80211_probe_status,0xc8c81052,STOCK_MODULE,cfg80211,1,mac80211,1,1,0,0,0,0,0,0,0,0
cfg80211_put_bss,0x4877ff45,STOCK_MODULE,cfg80211,1,mac80211;wlan_drv_gen4m_6878,2,2,0,0,0,0,0,0,0,0
cfg80211_ready_on_channel,0xf49bcfda,STOCK_MODULE,cfg80211,1,mac80211;wlan_drv_gen4m_6878,2,2,0,0,0,0,0,0,0,0
cfg80211_ref_bss,0x90619014,STOCK_MODULE,cfg80211,1,mac80211,1,1,0,0,0,0,0,0,0,0
cfg80211_reg_can_beacon,0x5c9298ad,STOCK_MODULE,cfg80211,1,mac80211,1,1,0,0,0,0,0,0,0,0
cfg80211_reg_can_beacon_relax,0xe84b782e,STOCK_MODULE,cfg80211,1,mac80211,1,1,0,0,0,0,0,0,0,0
cfg80211_register_netdevice,0x6019337f,STOCK_MODULE,cfg80211,1,mac80211;wlan_drv_gen4m_6878,2,2,0,0,0,0,0,0,0,0
cfg80211_remain_on_channel_expired,0x150684d1,STOCK_MODULE,cfg80211,1,mac80211;wlan_drv_gen4m_6878,2,2,0,0,0,0,0,0,0,0
cfg80211_report_obss_beacon_khz,0x93bd86ce,STOCK_MODULE,cfg80211,1,mac80211,1,1,0,0,0,0,0,0,0,0
cfg80211_report_wowlan_wakeup,0x38c5846b,STOCK_MODULE,cfg80211,1,mac80211,1,1,0,0,0,0,0,0,0,0
cfg80211_roamed,0xce0b2258,STOCK_MODULE,cfg80211,1,wlan_drv_gen4m_6878,1,1,0,0,0,0,0,0,0,0
cfg80211_rx_assoc_resp,0x4401dc99,STOCK_MODULE,cfg80211,1,mac80211,1,1,0,0,0,0,0,0,0,0
cfg80211_rx_control_port,0x89f23712,STOCK_MODULE,cfg80211,1,mac80211,1,1,0,0,0,0,0,0,0,0
cfg80211_rx_mgmt_ext,0xfa3dd4ba,STOCK_MODULE,cfg80211,1,mac80211;wlan_drv_gen4m_6878,2,2,0,0,0,0,0,0,0,0
cfg80211_rx_mlme_mgmt,0x1e249bc3,STOCK_MODULE,cfg80211,1,mac80211,1,1,0,0,0,0,0,0,0,0
cfg80211_rx_spurious_frame,0xcd84177c,STOCK_MODULE,cfg80211,1,mac80211,1,1,0,0,0,0,0,0,0,0
cfg80211_rx_unexpected_4addr_frame,0xb95709c2,STOCK_MODULE,cfg80211,1,mac80211,1,1,0,0,0,0,0,0,0,0
cfg80211_rx_unprot_mlme_mgmt,0x3a22cdf2,STOCK_MODULE,cfg80211,1,mac80211,1,1,0,0,0,0,0,0,0,0
cfg80211_scan_done,0x73b6e47f,STOCK_MODULE,cfg80211,1,mac80211;wlan_drv_gen4m_6878,2,2,0,0,0,0,0,0,0,0
cfg80211_sched_scan_results,0x864bb0c7,STOCK_MODULE,cfg80211,1,mac80211;wlan_drv_gen4m_6878,2,2,0,0,0,0,0,0,0,0
cfg80211_sched_scan_stopped,0x39a1a566,STOCK_MODULE,cfg80211,1,wlan_drv_gen4m_6878,1,1,0,0,0,0,0,0,0,0
cfg80211_sched_scan_stopped_locked,0x5a4dc921,STOCK_MODULE,cfg80211,1,mac80211,1,1,0,0,0,0,0,0,0,0
cfg80211_send_layer2_update,0x38686211,STOCK_MODULE,cfg80211,1,mac80211,1,1,0,0,0,0,0,0,0,0
cfg80211_shutdown_all_interfaces,0xfa72450a,STOCK_MODULE,cfg80211,1,mac80211,1,1,0,0,0,0,0,0,0,0
cfg80211_sinfo_alloc_tid_stats,0xacb54ac5,STOCK_MODULE,cfg80211,1,mac80211,1,1,0,0,0,0,0,0,0,0
cfg80211_sta_opmode_change_notify,0xf15b6deb,STOCK_MODULE,cfg80211,1,mac80211,1,1,0,0,0,0,0,0,0,0
cfg80211_stop_iface,0x3203c472,STOCK_MODULE,cfg80211,1,mac80211;wlan_drv_gen4m_6878,2,2,0,0,0,0,0,0,0,0
cfg80211_tdls_oper_request,0x255df1ca,STOCK_MODULE,cfg80211,1,mac80211;wlan_drv_gen4m_6878,2,2,0,0,0,0,0,0,0,0
cfg80211_tx_mgmt_expired,0xefa93a46,STOCK_MODULE,cfg80211,1,mac80211,1,1,0,0,0,0,0,0,0,0
cfg80211_tx_mlme_mgmt,0x30de8c8e,STOCK_MODULE,cfg80211,1,mac80211,1,1,0,0,0,0,0,0,0,0
cfg80211_unlink_bss,0x30fac85a,STOCK_MODULE,cfg80211,1,mac80211;wlan_drv_gen4m_6878,2,2,0,0,0,0,0,0,0,0
cfg80211_unregister_wdev,0x84bac64d,STOCK_MODULE,cfg80211,1,mac80211;wlan_drv_gen4m_6878,2,2,0,0,0,0,0,0,0,0
cfg80211_vendor_cmd_reply,0x3523643d,STOCK_MODULE,cfg80211,1,wlan_drv_gen4m_6878,1,1,0,0,0,0,0,0,0,0
cgroup_taskset_first,0xc815fe12,KERNEL_OR_BUILTIN,,0,cpuqos_v3;scheduler,2,2,0,1,0,0,1,1,1,1
cgroup_taskset_next,0xa23b7f66,KERNEL_OR_BUILTIN,,0,cpuqos_v3;scheduler,2,2,0,1,0,0,1,1,1,1
charger_dev_do_event,0xfa33b1df,STOCK_MODULE,charger_class,1,mtk_charger_framework,1,1,0,0,0,0,0,0,0,0
charger_dev_dump_registers,0xe683969d,STOCK_MODULE,charger_class,1,mtk_charger_framework;mtk_pep40,2,2,0,0,0,0,0,0,0,0
charger_dev_enable,0x30f0a568,STOCK_MODULE,charger_class,1,mtk_charger_framework;mtk_pd_charging;mtk_pep;mtk_pep40;mtk_pep50,5,5,0,0,0,0,0,0,0,0
charger_dev_enable_6pin_battery_charging,0x55864a91,STOCK_MODULE,charger_class,1,mtk_charger_framework;mtk_pd_charging;mtk_pep40,3,3,0,0,0,0,0,0,0,0
charger_dev_enable_cable_drop_comp,0x5368820d,STOCK_MODULE,charger_class,1,mtk_pep40,1,1,0,0,0,0,0,0,0,0
charger_dev_enable_chip,0xc79cf02e,STOCK_MODULE,charger_class,1,mtk_pd_charging;mtk_pep;mtk_pep40,3,3,0,0,0,0,0,0,0,0
charger_dev_enable_discharge,0xa163536d,STOCK_MODULE,charger_class,1,mtk_chg_type_det,1,1,0,0,0,0,0,0,0,0
charger_dev_enable_hz,0xf7820c10,STOCK_MODULE,charger_class,1,mtk_pep50,1,1,0,0,0,0,0,0,0,0
charger_dev_enable_powerpath,0x38ff0c31,STOCK_MODULE,charger_class,1,mtk_charger_framework;mtk_pep40,2,2,0,0,0,0,0,0,0,0
charger_dev_enable_safety_timer,0xe589c421,STOCK_MODULE,charger_class,1,mtk_charger_framework,1,1,0,0,0,0,0,0,0,0
charger_dev_enable_termination,0x4ef224f1,STOCK_MODULE,charger_class,1,mtk_pd_charging;mtk_pep40,2,2,0,0,0,0,0,0,0,0
charger_dev_get_adc,0x9982b04a,STOCK_MODULE,charger_class,1,mtk_charger_framework;mtk_pep50,2,2,0,0,0,0,0,0,0,0
charger_dev_get_adc_accuracy,0x397c881b,STOCK_MODULE,charger_class,1,mtk_pep50,1,1,0,0,0,0,0,0,0,0
charger_dev_get_charging_current,0x83f875c9,STOCK_MODULE,charger_class,1,mtk_charger_framework;mtk_pd_charging;mtk_pep;mtk_pep40;mtk_pep50,5,5,0,0,0,0,0,0,0,0
charger_dev_get_constant_voltage,0x519808d0,STOCK_MODULE,charger_class,1,mtk_charger_framework,1,1,0,0,0,0,0,0,0,0
charger_dev_get_ibat,0x5b3d2a6c,STOCK_MODULE,charger_class,1,mtk_charger_framework,1,1,0,0,0,0,0,0,0,0
charger_dev_get_ibus,0xd137f7e5,STOCK_MODULE,charger_class,1,mtk_charger_framework;mtk_pd_charging;mtk_pep40,3,3,0,0,0,0,0,0,0,0
charger_dev_get_input_current,0x14c5cf3a,STOCK_MODULE,charger_class,1,mtk_charger_framework;mtk_pd_charging;mtk_pep40;mtk_pep50,4,4,0,0,0,0,0,0,0,0
charger_dev_get_min_charging_current,0x56aa04f5,STOCK_MODULE,charger_class,1,mtk_charger_framework;mtk_pd_charging;mtk_pep40,3,3,0,0,0,0,0,0,0,0
charger_dev_get_min_input_current,0x18d0d07d,STOCK_MODULE,charger_class,1,mtk_charger_framework;mtk_pd_charging;mtk_pep40,3,3,0,0,0,0,0,0,0,0
charger_dev_get_mivr,0x2c7745f2,STOCK_MODULE,charger_class,1,mtk_pd_charging;mtk_pep40,2,2,0,0,0,0,0,0,0,0
charger_dev_get_mivr_state,0x66aa5b1c,STOCK_MODULE,charger_class,1,mtk_pd_charging;mtk_pep40,2,2,0,0,0,0,0,0,0,0
charger_dev_get_temperature,0xf04c17bf,STOCK_MODULE,charger_class,1,mtk_charger_framework,1,1,0,0,0,0,0,0,0,0
charger_dev_get_vbus,0x4c7b93c7,STOCK_MODULE,charger_class,1,mtk_charger_framework;mtk_pd_charging;mtk_pep;mtk_pep40,4,4,0,0,0,0,0,0,0,0
charger_dev_get_zcv,0x811b2170,STOCK_MODULE,charger_class,1,mtk_charger_framework,1,1,0,0,0,0,0,0,0,0
charger_dev_init_chip,0xf4d52ef8,STOCK_MODULE,charger_class,1,mtk_pep50,1,1,0,0,0,0,0,0,0,0
charger_dev_is_charging_done,0xe054553b,STOCK_MODULE,charger_class,1,mtk_charger_framework,1,1,0,0,0,0,0,0,0,0
charger_dev_is_chip_enabled,0xb5b1e481,STOCK_MODULE,charger_class,1,mtk_pd_charging;mtk_pep;mtk_pep40,3,3,0,0,0,0,0,0,0,0
charger_dev_is_enabled,0x83734472,STOCK_MODULE,charger_class,1,mtk_charger_framework;mtk_pd_charging;mtk_pep40,3,3,0,0,0,0,0,0,0,0
charger_dev_is_powerpath_enabled,0x69b96d90,STOCK_MODULE,charger_class,1,mtk_charger_framework,1,1,0,0,0,0,0,0,0,0
charger_dev_is_safety_timer_enabled,0x0bce9b49,STOCK_MODULE,charger_class,1,mtk_charger_framework,1,1,0,0,0,0,0,0,0,0
charger_dev_is_vbuslowerr,0x9f1a72b3,STOCK_MODULE,charger_class,1,mtk_pep50,1,1,0,0,0,0,0,0,0,0
charger_dev_kick_wdt,0x285a24b8,STOCK_MODULE,charger_class,1,mtk_charger_framework,1,1,0,0,0,0,0,0,0,0
charger_dev_notify,0x11061b4c,STOCK_MODULE,charger_class,1,mt6375_charger,1,1,0,0,0,0,0,0,0,0
charger_dev_plug_in,0x68d0b3f1,STOCK_MODULE,charger_class,1,mtk_charger_framework,1,1,0,0,0,0,0,0,0,0
charger_dev_plug_out,0x0ee593e7,STOCK_MODULE,charger_class,1,mtk_charger_framework,1,1,0,0,0,0,0,0,0,0
charger_dev_reset_eoc_state,0xf362e95e,STOCK_MODULE,charger_class,1,mtk_pep40,1,1,0,0,0,0,0,0,0,0
charger_dev_reset_ta,0xa8e49cd4,STOCK_MODULE,charger_class,1,mtk_pep;mtk_pep40,2,2,0,0,0,0,0,0,0,0
charger_dev_reset_vbatovp_alarm,0x87f95baf,STOCK_MODULE,charger_class,1,mtk_pep50,1,1,0,0,0,0,0,0,0,0
charger_dev_reset_vbusovp_alarm,0x13176af6,STOCK_MODULE,charger_class,1,mtk_pep50,1,1,0,0,0,0,0,0,0,0
charger_dev_run_aicl,0xfe14941f,STOCK_MODULE,charger_class,1,mtk_charger_framework,1,1,0,0,0,0,0,0,0,0
charger_dev_safety_check,0x418cf3f1,STOCK_MODULE,charger_class,1,mtk_pd_charging;mtk_pep40,2,2,0,0,0,0,0,0,0,0
charger_dev_send_ta_current_pattern,0x7f17ba39,STOCK_MODULE,charger_class,1,mtk_pep,1,1,0,0,0,0,0,0,0,0
charger_dev_set_boot_volt_times,0x8e92060b,STOCK_MODULE,charger_class,1,mtk_charger_framework,1,1,0,0,0,0,0,0,0,0
charger_dev_set_charging_current,0x38139a75,STOCK_MODULE,charger_class,1,mtk_charger_framework;mtk_pd_charging;mtk_pep;mtk_pep40;mtk_pep50,5,5,0,0,0,0,0,0,0,0
charger_dev_set_constant_voltage,0x1d135760,STOCK_MODULE,charger_class,1,mtk_charger_framework;mtk_pd_charging;mtk_pep;mtk_pep40,4,4,0,0,0,0,0,0,0,0
charger_dev_set_eoc_current,0xb2be25af,STOCK_MODULE,charger_class,1,mtk_pd_charging;mtk_pep40,2,2,0,0,0,0,0,0,0,0
charger_dev_set_ibatocp,0x78ff654c,STOCK_MODULE,charger_class,1,mtk_pep50,1,1,0,0,0,0,0,0,0,0
charger_dev_set_ibusocp,0xec115415,STOCK_MODULE,charger_class,1,mtk_pep50,1,1,0,0,0,0,0,0,0,0
charger_dev_set_input_current,0x73649ecd,STOCK_MODULE,charger_class,1,mtk_charger_framework;mtk_pd_charging;mtk_pep;mtk_pep40;mtk_pep50,5,5,0,0,0,0,0,0,0,0
charger_dev_set_mivr,0x705c85fa,STOCK_MODULE,charger_class,1,mtk_charger_framework;mtk_pd_charging;mtk_pep;mtk_pep40,4,4,0,0,0,0,0,0,0,0
charger_dev_set_vbatovp,0x7f732032,STOCK_MODULE,charger_class,1,mtk_pep50,1,1,0,0,0,0,0,0,0,0
charger_dev_set_vbatovp_alarm,0xefcb2590,STOCK_MODULE,charger_class,1,mtk_pep50,1,1,0,0,0,0,0,0,0,0
charger_dev_set_vbusovp,0xeb9d116b,STOCK_MODULE,charger_class,1,mtk_pep50,1,1,0,0,0,0,0,0,0,0
charger_dev_set_vbusovp_alarm,0x94b1cbbe,STOCK_MODULE,charger_class,1,mtk_pep50,1,1,0,0,0,0,0,0,0,0
charger_device_register,0x36325d38,STOCK_MODULE,charger_class,1,mt6375_charger;sc8571_charger,2,2,0,0,0,0,0,0,0,0
charger_device_unregister,0xd5fda38f,STOCK_MODULE,charger_class,1,mt6375_charger,1,1,0,0,0,0,0,0,0,0
check_preempt_curr,0xd9ade0b0,KERNEL_OR_BUILTIN,,0,scheduler,1,1,0,1,0,0,1,1,1,1
check_rat_at_md_img,0x6cc60406,STOCK_MODULE,ccci_util_lib,1,ccci_md_all,1,1,0,0,0,0,0,0,0,0
check_rat_at_rt_setting,0xa4f4d318,STOCK_MODULE,ccci_util_lib,1,ccci_md_all,1,1,0,0,0,0,0,0,0,0
chg_alg_device_register,0xe0f3103b,STOCK_MODULE,mtk_charger_algorithm_class,1,mtk_pd_charging;mtk_pep;mtk_pep40;mtk_pep50,4,4,0,0,0,0,0,0,0,0
chg_alg_device_unregister,0x2859f481,STOCK_MODULE,mtk_charger_algorithm_class,1,mtk_pep50,1,1,0,0,0,0,0,0,0,0
chg_alg_get_prop,0x8d5c28a1,STOCK_MODULE,mtk_charger_algorithm_class,1,mtk_charger_framework,1,1,0,0,0,0,0,0,0,0
chg_alg_init_algo,0xa8dd4a7d,STOCK_MODULE,mtk_charger_algorithm_class,1,mtk_charger_framework,1,1,0,0,0,0,0,0,0,0
chg_alg_is_algo_ready,0x50b0eb79,STOCK_MODULE,mtk_charger_algorithm_class,1,mtk_charger_framework,1,1,0,0,0,0,0,0,0,0
chg_alg_is_algo_running,0x625e32f6,STOCK_MODULE,mtk_charger_algorithm_class,1,mtk_charger_framework,1,1,0,0,0,0,0,0,0,0
chg_alg_notifier_call,0xa0346f4c,STOCK_MODULE,mtk_charger_algorithm_class,1,mtk_charger_framework,1,1,0,0,0,0,0,0,0,0
chg_alg_notify_evt_tostring,0x1975ac1b,STOCK_MODULE,mtk_charger_algorithm_class,1,mtk_pep50,1,1,0,0,0,0,0,0,0,0
chg_alg_plugout_reset,0xc4c1052f,STOCK_MODULE,mtk_charger_algorithm_class,1,mtk_charger_framework,1,1,0,0,0,0,0,0,0,0
chg_alg_set_current_limit,0x9d607256,STOCK_MODULE,mtk_charger_algorithm_class,1,mtk_charger_framework,1,1,0,0,0,0,0,0,0,0
chg_alg_set_prop,0xb872d2c1,STOCK_MODULE,mtk_charger_algorithm_class,1,mtk_charger_framework,1,1,0,0,0,0,0,0,0,0
chg_alg_start_algo,0x3ea83126,STOCK_MODULE,mtk_charger_algorithm_class,1,mtk_charger_framework,1,1,0,0,0,0,0,0,0,0
chg_alg_state_to_str,0x9f0fef1e,STOCK_MODULE,mtk_charger_algorithm_class,1,mtk_charger_framework,1,1,0,0,0,0,0,0,0,0
chg_alg_stop_algo,0xdefde561,STOCK_MODULE,mtk_charger_algorithm_class,1,mtk_charger_framework,1,1,0,0,0,0,0,0,0,0
chr_get_debug_level,0x12f940e0,STOCK_MODULE,mtk_charger_framework,1,mtk_pep40,1,1,0,0,0,0,0,0,0,0
class_create_file_ns,0x7f96615d,KERNEL_OR_BUILTIN,,0,aw883xx_driver;camera_eeprom_v4l2;extcon_mtk_usb;flashlight;panel_ky_vtdr6115_dphy_cmd;sc8571_charger;sh366003_fg;tcpc_class;yft_devinfo,9,9,0,0,0,0,0,0,0,0
class_destroy,0xd5fc0938,KERNEL_OR_BUILTIN,,0,adapter_class;apusys;bluetooth;bt_drv_6878;c2k_usb;camera_dpe_isp7sp;camera_eeprom_v4l2;charger_class;connadp;connfem;conninfra;connscp;extdev_io_class;flashlight;fmradio_drv_connac2x;gps_drv_dl_v051;gps_pwr;gps_scp;gz_ipc_mod;hf_manager;mdp_drv_mt6878;mt6369_accdet;mtk_ccd_remoteproc;mtk_cg_peak_power_throttling;mtk_charger_algorithm_class;mtk_hcp;mtk_vcu;panel_ky_vtdr6115_dphy_cmd;pda_drv_mt6878;ppp_generic;rpmb_mtk;sec;tcpc_class;teeperf;usb_meta;widevine_driver;wlan_drv_gen4m_6878;wmt_chrdev_wifi_connac2;wwan,39,40,0,1,0,0,1,1,1,1
class_dev_iter_exit,0xa7641c7c,KERNEL_OR_BUILTIN,,0,nfc;wwan,2,2,0,1,0,0,0,0,1,1
class_dev_iter_init,0x067484d5,KERNEL_OR_BUILTIN,,0,nfc;wwan,2,2,0,1,0,0,0,0,1,1
class_dev_iter_next,0xafe8798f,KERNEL_OR_BUILTIN,,0,nfc;wwan,2,2,0,1,0,0,0,0,1,1
class_find_device,0x6af5a23e,KERNEL_OR_BUILTIN,,0,adapter_class;charger_class;ieee802154;mtk_charger_algorithm_class;nfc;rpmb;tcpc_class;tkcore;wwan,9,9,0,1,0,0,1,1,1,1
class_for_each_device,0x3e37109e,KERNEL_OR_BUILTIN,,0,ieee802154;tcpci_late_sync,2,2,0,1,0,0,1,1,1,1
class_remove_file_ns,0xe11eda7f,KERNEL_OR_BUILTIN,,0,aw883xx_driver;flashlight;yft_devinfo,3,3,0,0,0,0,0,0,0,0
class_unregister,0x69bef55d,KERNEL_OR_BUILTIN,,0,aw883xx_driver;cfg80211;ieee802154;mtk_mbraink;nfc;rfkill;rpmb;zram,8,8,0,1,0,0,1,1,1,1
clear_audiobuffer_hw,0xec3754bc,STOCK_MODULE,snd_soc_audiodsp_common,1,mtk_soc_offload_common,1,1,0,0,0,0,0,0,0,0
clear_page,0x3d9ee9f0,KERNEL_OR_BUILTIN,,0,mali_kbase_mt6878_r44;mali_mgm_mt6878_r44,2,2,0,1,0,0,1,1,1,1
clk_bulk_disable,0x479f7d4b,KERNEL_OR_BUILTIN,,0,apu_top;mtk_aie;mtk_imgsys_v4l2;mtk_jpeg;mtk_mmc;mtu3;phy_mtk_ufs;xhci_mtk_hcd_v2,8,8,0,1,0,0,1,1,1,1
clk_bulk_enable,0xc7a7e770,KERNEL_OR_BUILTIN,,0,apu_top;mtk_aie;mtk_imgsys_v4l2;mtk_jpeg;mtk_mmc;mtu3;phy_mtk_ufs;xhci_mtk_hcd_v2,8,8,0,1,0,0,1,1,1,1
clk_bulk_prepare,0xead5c8e5,KERNEL_OR_BUILTIN,,0,apu_top;mtk_aie;mtk_imgsys_v4l2;mtk_jpeg;mtk_mmc;mtu3;phy_mtk_ufs;xhci_mtk_hcd_v2,8,8,0,1,0,0,1,1,1,1
clk_bulk_put_all,0xa8caa845,KERNEL_OR_BUILTIN,,0,apu_top,1,1,0,1,0,0,1,1,1,1
clk_bulk_unprepare,0x63c08029,KERNEL_OR_BUILTIN,,0,apu_top;mtk_aie;mtk_imgsys_v4l2;mtk_jpeg;mtk_mmc;mtu3;phy_mtk_ufs;xhci_mtk_hcd_v2,8,8,0,1,0,0,1,1,1,1
clk_chk_dev_pm_ops,0xdf7b988c,STOCK_MODULE,clk_common,1,clk_chk_mt6878,1,1,0,0,0,0,0,0,0,0
clk_dbg_driver_register,0x8043ee81,STOCK_MODULE,clk_common,1,clk_dbg_mt6878,1,1,0,0,0,0,0,0,0,0
clk_disable,0xb6e6d99d,KERNEL_OR_BUILTIN,,0,8250_mtk;camera_dpe_isp7sp;ccci_ccif;ccci_dpmaif;ccci_fsm_scp;clk_common;clk_disable_unused;cmdq_sec_drv;cmdq_test;device_apc_common;hci_uart;i2c_mt65xx;imgsensor;mali_kbase_mt6878_r44;mdp_drv_mt6878;mediatek_drm;mtk_cam_isp7sp;mtk_ccuv;mtk_cmdq_drv_ext;mtk_iommu;mtk_mmc;mtk_mmdvfs;mtk_mminfra_debug;mtk_mml;mtk_pmic_wrap;mtk_pwm;mtk_scpsys;mtk_smi;mtk_uart_apdma;mtk_vcodec_dec_v1;mtk_vcodec_enc_v1;mtk_vmm_isp71_regulator;pda_drv_mt6878;phy_mtk_xsphy;pwm_mtk_disp;scp;snd_soc_mt6878_afe;spi_mt65xx;spmi_mtk_pmif;tkcore;uarthub_drv;ufs_mediatek_mod;vcp,43,43,0,1,0,0,1,1,1,1
clk_divider_ops,0x8fd318d4,KERNEL_OR_BUILTIN,,0,clk_common,1,1,0,1,0,0,1,1,1,1
clk_enable,0x815588a6,KERNEL_OR_BUILTIN,,0,8250_mtk;camera_dpe_isp7sp;ccci_ccif;ccci_dpmaif;ccci_fsm_scp;clk_bringup;clk_common;clk_disable_unused;cmdq_sec_drv;cmdq_test;device_apc_common;hci_uart;i2c_mt65xx;imgsensor;mali_kbase_mt6878_r44;mdp_drv_mt6878;mediatek_drm;mtk_cam_isp7sp;mtk_ccuv;mtk_cmdq_drv_ext;mtk_iommu;mtk_mmc;mtk_mmdvfs;mtk_mminfra_debug;mtk_mml;mtk_pmic_wrap;mtk_pwm;mtk_scpsys;mtk_smi;mtk_uart_apdma;mtk_vcodec_dec_v1;mtk_vcodec_enc_v1;mtk_vmm_isp71_regulator;pda_drv_mt6878;phy_mtk_xsphy;pwm_mtk_disp;scp;snd_soc_mt6878_afe;spi_mt65xx;spmi_mtk_pmif;tkcore;uarthub_drv;ufs_mediatek_mod;vcp,44,44,0,1,0,0,1,1,1,1
clk_gate_ops,0xe056f714,KERNEL_OR_BUILTIN,,0,clk_common,1,1,0,1,0,0,1,1,1,1
clk_get,0x5d2bc299,KERNEL_OR_BUILTIN,,0,apu_top,1,1,0,1,0,0,1,1,1,1
clk_get_parent,0x63150e06,KERNEL_OR_BUILTIN,,0,clk_common;clk_disable_unused;mtk_mmc,3,3,0,1,0,0,1,1,1,1
clk_get_rate,0x556e4390,KERNEL_OR_BUILTIN,,0,8250_mtk;apu_top;i2c_mt65xx;mmqos_common;mtk_mmc;mtk_mmc_dbg;pwm_mtk_disp;spi_mt65xx;ufs_mediatek_mod,9,9,0,1,0,0,1,1,1,1
clk_hw_get_name,0x7e1ec924,KERNEL_OR_BUILTIN,,0,apu_top;clk_common,2,2,0,1,0,0,1,1,1,1
clk_hw_get_num_parents,0x0fc1ea2b,KERNEL_OR_BUILTIN,,0,apu_top;clk_common,2,2,0,1,0,0,1,1,1,1
clk_hw_get_parent,0x01ff9461,KERNEL_OR_BUILTIN,,0,apu_top;clk_common,2,2,0,1,0,0,1,1,1,1
clk_hw_get_parent_by_index,0x497af998,KERNEL_OR_BUILTIN,,0,apu_top;clk_common,2,2,0,1,0,0,1,1,1,1
clk_hw_get_parent_index,0xaf08cd8f,KERNEL_OR_BUILTIN,,0,clk_common,1,1,0,1,0,0,0,0,1,1
clk_hw_get_rate,0x73f4f415,KERNEL_OR_BUILTIN,,0,apu_top;clk_common,2,2,0,1,0,0,1,1,1,1
clk_hw_is_enabled,0x39c6bcf3,KERNEL_OR_BUILTIN,,0,clk_common,1,1,0,1,0,0,1,1,1,1
clk_hw_is_prepared,0x4d27d89b,KERNEL_OR_BUILTIN,,0,clk_common;clk_disable_unused,2,2,0,1,0,0,1,1,1,1
clk_hw_round_rate,0xb08b8340,KERNEL_OR_BUILTIN,,0,clk_common,1,1,0,1,0,0,0,0,1,1
clk_hw_set_parent,0x080f13e0,KERNEL_OR_BUILTIN,,0,clk_common,1,1,0,1,0,0,0,0,1,1
clk_is_match,0x8b149c36,KERNEL_OR_BUILTIN,,0,hci_uart,1,1,0,1,0,0,0,0,1,1
clk_mux_ops,0x2c68f124,KERNEL_OR_BUILTIN,,0,clk_common,1,1,0,1,0,0,1,1,1,1
clk_notifier_register,0x60091316,KERNEL_OR_BUILTIN,,0,clk_common,1,1,0,1,0,0,1,1,1,1
clk_prepare,0x7c9a7371,KERNEL_OR_BUILTIN,,0,8250_mtk;camera_dpe_isp7sp;ccci_ccif;ccci_dpmaif;ccci_fsm_scp;clk_bringup;clk_common;clk_disable_unused;cmdq_sec_drv;cmdq_test;device_apc_common;hci_uart;i2c_mt65xx;imgsensor;mali_kbase_mt6878_r44;mdp_drv_mt6878;mediatek_drm;mtk_cam_isp7sp;mtk_ccuv;mtk_cmdq_drv_ext;mtk_iommu;mtk_mmc;mtk_mmdvfs;mtk_mminfra_debug;mtk_mml;mtk_pmic_wrap;mtk_pwm;mtk_scpsys;mtk_smi;mtk_uart_apdma;mtk_vcodec_dec_v1;mtk_vcodec_enc_v1;mtk_vmm_isp71_regulator;pda_drv_mt6878;phy_mtk_xsphy;pwm_mtk_disp;scp;snd_soc_mt6878_afe;spi_mt65xx;spmi_mtk_pmif;tkcore;uarthub_drv;ufs_mediatek_mod;vcp,44,44,0,1,0,0,1,1,1,1
clk_put,0x2e1ca751,KERNEL_OR_BUILTIN,,0,apu_top;mali_kbase_mt6878_r44;mtk_cam_isp7sp,3,3,0,1,0,0,1,1,1,1
clk_register,0x2e6edf21,KERNEL_OR_BUILTIN,,0,clk_common;mtk_mmdvfs_v3,2,2,0,1,0,0,1,1,1,1
clk_register_composite,0xa7ee61bf,KERNEL_OR_BUILTIN,,0,clk_common,1,1,0,1,0,0,1,1,1,1
clk_register_divider_table,0xf1215e76,KERNEL_OR_BUILTIN,,0,clk_common,1,1,0,1,0,0,1,1,1,1
clk_register_fixed_factor,0x0f3e4115,KERNEL_OR_BUILTIN,,0,clk_common,1,1,0,1,0,0,1,1,1,1
clk_register_fixed_rate,0x82eca5da,KERNEL_OR_BUILTIN,,0,clk_common,1,1,0,1,0,0,1,1,1,1
clk_set_parent,0x2396c7f0,KERNEL_OR_BUILTIN,,0,apu_top;clk_common;imgsensor;mediatek_drm;mtk_cam_isp7sp;mtk_mmdvfs;mtk_vmm_isp71_regulator;scp;snd_soc_mt6878_afe;spi_mt65xx;ufs_mediatek_mod;vcp,12,12,0,1,0,0,1,1,1,1
clk_set_rate,0x76d9b876,KERNEL_OR_BUILTIN,,0,apu_top;clk_common;hci_uart;mali_kbase_mt6878_r44;mdp_drv_mt6878;mediatek_drm;mtk_cam_isp7sp;mtk_imgsys_cmdq;mtk_jpeg;mtk_mmdvfs;mtk_mmdvfs_v3;mtk_mml;mtk_vcodec_dec_v1;mtk_vcodec_enc_v1;snd_soc_mt6878_afe,15,15,0,1,0,0,1,1,1,1
clk_unprepare,0xb077e70a,KERNEL_OR_BUILTIN,,0,8250_mtk;camera_dpe_isp7sp;ccci_ccif;ccci_dpmaif;ccci_fsm_scp;clk_bringup;clk_common;clk_disable_unused;cmdq_sec_drv;cmdq_test;device_apc_common;hci_uart;i2c_mt65xx;imgsensor;mali_kbase_mt6878_r44;mdp_drv_mt6878;mediatek_drm;mtk_cam_isp7sp;mtk_ccuv;mtk_cmdq_drv_ext;mtk_iommu;mtk_mmc;mtk_mmdvfs;mtk_mminfra_debug;mtk_mml;mtk_pmic_wrap;mtk_pwm;mtk_scpsys;mtk_smi;mtk_uart_apdma;mtk_vcodec_dec_v1;mtk_vcodec_enc_v1;mtk_vmm_isp71_regulator;pda_drv_mt6878;phy_mtk_xsphy;pwm_mtk_disp;scp;snd_soc_mt6878_afe;spi_mt65xx;spmi_mtk_pmif;tkcore;uarthub_drv;ufs_mediatek_mod;vcp,44,44,0,1,0,0,1,1,1,1
clkchk_hwv_irq_init,0xe8ae8f94,STOCK_MODULE,clk_common,1,clk_chk_mt6878,1,1,0,0,0,0,0,0,0,0
clockevents_config_and_register,0x1092d9de,KERNEL_OR_BUILTIN,,0,timer_mediatek,1,1,0,1,0,0,1,1,1,1
clocks_calc_mult_shift,0x62bb09bf,KERNEL_OR_BUILTIN,,0,adsp;gpueb;mcupm;sspm_v3,4,4,0,1,0,0,1,1,1,1
clocksource_mmio_init,0x3f4fc1ef,KERNEL_OR_BUILTIN,,0,timer_mediatek,1,1,0,1,0,0,1,1,1,1
clocksource_mmio_readl_up,0x49b9dfb4,KERNEL_OR_BUILTIN,,0,timer_mediatek,1,1,0,1,0,0,1,1,1,1
close_candev,0x75b20ea5,STOCK_MODULE,can_dev,1,slcan,1,1,0,0,0,0,0,0,0,0
cm_get_ipi_enable,0x6476afe4,STOCK_MODULE,mtk_cm_ipi,1,mtk_cm_mgr,1,1,0,0,0,0,0,0,0,0
cm_ipi_init,0xf69c8d34,STOCK_MODULE,mtk_cm_ipi,1,mtk_cm_mgr,1,1,0,0,0,0,0,0,0,0
cm_mgr_check_dts_setting,0xe2f639da,STOCK_MODULE,mtk_cm_mgr,1,mtk_cm_mgr_mt6878,1,1,0,0,0,0,0,0,0,0
cm_mgr_common_exit,0x42203369,STOCK_MODULE,mtk_cm_mgr,1,mtk_cm_mgr_mt6878,1,1,0,0,0,0,0,0,0,0
cm_mgr_common_init,0xd898679e,STOCK_MODULE,mtk_cm_mgr,1,mtk_cm_mgr_mt6878,1,1,0,0,0,0,0,0,0,0
cm_mgr_get_bw_path,0xbed136a3,STOCK_MODULE,mtk_cm_mgr,1,mtk_cm_mgr_mt6878,1,1,0,0,0,0,0,0,0,0
cm_mgr_get_dram_opp_base,0xd83bf87a,STOCK_MODULE,mtk_cm_mgr,1,mtk_cm_mgr_mt6878,1,1,0,0,0,0,0,0,0,0
cm_mgr_get_enable,0x191fb818,STOCK_MODULE,mtk_cm_mgr,1,mtk_cm_mgr_mt6878,1,1,0,0,0,0,0,0,0,0
cm_mgr_get_num_array,0x5db3cbd4,STOCK_MODULE,mtk_cm_mgr,1,mtk_cm_mgr_mt6878,1,1,0,0,0,0,0,0,0,0
cm_mgr_get_num_perf,0x240f5e9a,STOCK_MODULE,mtk_cm_mgr,1,mtk_cm_mgr_mt6878,1,1,0,0,0,0,0,0,0,0
cm_mgr_get_perf_enable,0xe0c0f71c,STOCK_MODULE,mtk_cm_mgr,1,mtk_cm_mgr_mt6878,1,1,0,0,0,0,0,0,0,0
cm_mgr_get_perf_mode_ceiling_opp,0x5cdccd2a,STOCK_MODULE,mtk_cm_mgr,1,mtk_cm_mgr_mt6878,1,1,0,0,0,0,0,0,0,0
cm_mgr_get_perf_mode_enable,0x45a4e0b4,STOCK_MODULE,mtk_cm_mgr,1,mtk_cm_mgr_mt6878,1,1,0,0,0,0,0,0,0,0
cm_mgr_get_perf_mode_thd,0x530a7832,STOCK_MODULE,mtk_cm_mgr,1,mtk_cm_mgr_mt6878,1,1,0,0,0,0,0,0,0,0
cm_mgr_get_sspm_version,0xc9a32c0e,STOCK_MODULE,mtk_cm_mgr,1,mtk_cm_mgr_mt6878,1,1,0,0,0,0,0,0,0,0
cm_mgr_judge_perfs_dram_opp,0x28fb73d3,STOCK_MODULE,mtk_cm_mgr,1,mtk_cm_mgr_mt6878,1,1,0,0,0,0,0,0,0,0
cm_mgr_perf_set_status,0x538ab51f,STOCK_MODULE,mtk_cm_mgr,1,mtk_fpsgo,1,1,0,0,0,0,0,0,0,0
cm_mgr_register_hook,0x1056ff25,STOCK_MODULE,mtk_cm_mgr,1,mtk_cm_mgr_mt6878,1,1,0,0,0,0,0,0,0,0
cm_mgr_set_bw_path,0x19b81f57,STOCK_MODULE,mtk_cm_mgr,1,mtk_cm_mgr_mt6878,1,1,0,0,0,0,0,0,0,0
cm_mgr_set_dram_opp_base,0x35ef043f,STOCK_MODULE,mtk_cm_mgr,1,mtk_cm_mgr_mt6878,1,1,0,0,0,0,0,0,0,0
cm_mgr_set_num_array,0x6b344e25,STOCK_MODULE,mtk_cm_mgr,1,mtk_cm_mgr_mt6878,1,1,0,0,0,0,0,0,0,0
cm_mgr_set_num_perf,0xfb3bd632,STOCK_MODULE,mtk_cm_mgr,1,mtk_cm_mgr_mt6878,1,1,0,0,0,0,0,0,0,0
cm_mgr_set_perf_mode_ceiling_opp,0x3872b1d3,STOCK_MODULE,mtk_cm_mgr,1,mtk_cm_mgr_mt6878,1,1,0,0,0,0,0,0,0,0
cm_mgr_set_perf_mode_enable,0x004eb2c6,STOCK_MODULE,mtk_cm_mgr,1,mtk_cm_mgr_mt6878,1,1,0,0,0,0,0,0,0,0
cm_mgr_set_perf_mode_thd,0xbad7a665,STOCK_MODULE,mtk_cm_mgr,1,mtk_cm_mgr_mt6878,1,1,0,0,0,0,0,0,0,0
cm_mgr_to_sspm_command,0x26509176,STOCK_MODULE,mtk_cm_ipi,1,mtk_cm_mgr;mtk_cm_mgr_mt6878,2,2,0,0,0,0,0,0,0,0
cm_mgr_unregister_hook,0x81fd7a45,STOCK_MODULE,mtk_cm_mgr,1,mtk_cm_mgr_mt6878,1,1,0,0,0,0,0,0,0,0
cm_mgr_update_dram_by_cpu_opp,0x634eb2cc,STOCK_MODULE,mtk_cm_mgr,1,mtk_cm_mgr_mt6878,1,1,0,0,0,0,0,0,0,0
cma_alloc,0x72b32442,KERNEL_OR_BUILTIN,,0,ccci_dpmaif;tmem_ffa,2,2,0,1,0,0,1,1,1,1
cma_release,0xbcc61de4,KERNEL_OR_BUILTIN,,0,tmem_ffa,1,1,0,1,0,0,1,1,1,1
cmdqCoreRegisterCB,0x8ee95e88,STOCK_MODULE,cmdq_helper_inf,1,mdp_drv_mt6878,1,1,0,0,0,0,0,0,0,0
cmdq_alloc_user_pool,0xab919b5c,STOCK_MODULE,mtk_cmdq_drv_ext,1,mdp_drv_mt6878,1,1,0,0,0,0,0,0,0,0
cmdq_check_thread_complete,0x953f7a93,STOCK_MODULE,mtk_cmdq_drv_ext,1,mtk_mml,1,1,0,0,0,0,0,0,0,0
cmdq_clear_event,0xc9cc8982,STOCK_MODULE,mtk_cmdq_drv_ext,1,cmdq_sec_drv;cmdq_test;mdp_drv_mt6878;mtk_aie;mtk_imgsys_cmdq;mtk_mml,6,6,0,0,0,0,0,0,0,0
cmdq_clients,0x32408ef3,STOCK_MODULE,cmdq_helper_inf,1,mdp_drv_mt6878,1,1,0,0,0,0,0,0,0,0
cmdq_core_save_first_dump,0xa54f61c8,STOCK_MODULE,cmdq_helper_inf,1,mdp_drv_mt6878,1,1,0,0,0,0,0,0,0,0
cmdq_core_should_print_msg,0x96065e86,STOCK_MODULE,cmdq_helper_inf,1,mdp_drv_mt6878,1,1,0,0,0,0,0,0,0,0
cmdq_ctx,0xdc252376,STOCK_MODULE,cmdq_helper_inf,1,mdp_drv_mt6878,1,1,0,0,0,0,0,0,0,0
cmdq_debug_cb,0x2c9e1211,STOCK_MODULE,cmdq_helper_inf,1,mdp_drv_mt6878,1,1,0,0,0,0,0,0,0,0
cmdq_dev_get_event,0xa31fac5f,STOCK_MODULE,mtk_cmdq_drv_ext,1,mediatek_drm;mtk_vcu,2,2,0,0,0,0,0,0,0,0
cmdq_dump_pkt,0xa496f56c,STOCK_MODULE,mtk_cmdq_drv_ext,1,camera_dpe_isp7sp;cmdq_sec_drv;cmdq_test;mdp_drv_mt6878;mediatek_drm,5,5,0,0,0,0,0,0,0,0
cmdq_dump_summary,0x1c050d17,STOCK_MODULE,mtk_cmdq_drv_ext,1,cmdq_sec_drv,1,1,0,0,0,0,0,0,0,0
cmdq_dump_usage,0x0dd32e2c,STOCK_MODULE,mtk_cmdq_drv_ext,1,mtk_mminfra_debug,1,1,0,0,0,0,0,0,0,0
cmdq_get_event,0x8bd20a76,STOCK_MODULE,mtk_cmdq_drv_ext,1,cmdq_test;mdp_drv_mt6878;mtk_imgsys_cmdq,3,3,0,0,0,0,0,0,0,0
cmdq_get_mminfra_cb,0xf1470828,STOCK_MODULE,mtk_cmdq_drv_ext,1,mtk_mminfra_debug,1,1,0,0,0,0,0,0,0,0
cmdq_get_mminfra_gce_cg_cb,0x1964de55,STOCK_MODULE,mtk_cmdq_drv_ext,1,mtk_mminfra_debug,1,1,0,0,0,0,0,0,0,0
cmdq_get_vcp_buf,0x85292f1d,STOCK_MODULE,mtk_cmdq_drv_ext,1,cmdq_test;mdp_drv_mt6878;mtk_mml,3,3,0,0,0,0,0,0,0,0
cmdq_group_cb,0xaabac5d6,STOCK_MODULE,cmdq_helper_inf,1,mdp_drv_mt6878,1,1,0,0,0,0,0,0,0,0
cmdq_mbox_buf_alloc,0x45985a50,STOCK_MODULE,mtk_cmdq_drv_ext,1,cmdq_test;mediatek_drm;mtk_imgsys_cmdq;mtk_mml;mtk_vcu,5,5,0,0,0,0,0,0,0,0
cmdq_mbox_buf_free,0xba6b2819,STOCK_MODULE,mtk_cmdq_drv_ext,1,cmdq_test;mtk_imgsys_cmdq;mtk_mml;mtk_vcu,4,4,0,0,0,0,0,0,0,0
cmdq_mbox_chan_id,0x6aa05c15,STOCK_MODULE,mtk_cmdq_drv_ext,1,cmdq_platform_mt6878;mdp_drv_mt6878,2,2,0,0,0,0,0,0,0,0
cmdq_mbox_channel_stop,0x39e0664b,STOCK_MODULE,mtk_cmdq_drv_ext,1,cmdq_test;mtk_mml,2,2,0,0,0,0,0,0,0,0
cmdq_mbox_create,0xadefc32d,STOCK_MODULE,mtk_cmdq_drv_ext,1,camera_dpe_isp7sp;cmdq_sec_drv;cmdq_test;mdp_drv_mt6878;mediatek_drm;mtk_aie;mtk_cam_isp7sp;mtk_disp_sec;mtk_dpc;mtk_imgsys_cmdq;mtk_mml;mtk_vcu,12,12,0,0,0,0,0,0,0,0
cmdq_mbox_destroy,0xb2980a46,STOCK_MODULE,mtk_cmdq_drv_ext,1,cmdq_test;mdp_drv_mt6878;mtk_imgsys_cmdq;mtk_mml,4,4,0,0,0,0,0,0,0,0
cmdq_mbox_disable,0xe1d5b76c,STOCK_MODULE,mtk_cmdq_drv_ext,1,camera_dpe_isp7sp;cmdq_sec_drv;cmdq_test;mdp_drv_mt6878;mediatek_drm;mtk_aie;mtk_cam_isp7sp;mtk_imgsys_cmdq;mtk_mml,9,9,0,0,0,0,0,0,0,0
cmdq_mbox_enable,0xfc102d94,STOCK_MODULE,mtk_cmdq_drv_ext,1,camera_dpe_isp7sp;cmdq_sec_drv;cmdq_test;mdp_drv_mt6878;mediatek_drm;mtk_aie;mtk_cam_isp7sp;mtk_dpc;mtk_imgsys_cmdq;mtk_mml,10,10,0,0,0,0,0,0,0,0
cmdq_mbox_get_base_pa,0x484e9ead,STOCK_MODULE,mtk_cmdq_drv_ext,1,cmdq_platform_mt6878;cmdq_test,2,2,0,0,0,0,0,0,0,0
cmdq_mbox_get_thread_timeout,0x14837105,STOCK_MODULE,mtk_cmdq_drv_ext,1,cmdq_sec_drv,1,1,0,0,0,0,0,0,0,0
cmdq_mbox_get_usage,0x00196e07,STOCK_MODULE,mtk_cmdq_drv_ext,1,mtk_mml,1,1,0,0,0,0,0,0,0,0
cmdq_mbox_pool_clear,0x00f4e685,STOCK_MODULE,mtk_cmdq_drv_ext,1,mdp_drv_mt6878,1,1,0,0,0,0,0,0,0,0
cmdq_mbox_pool_set_limit,0x0248f707,STOCK_MODULE,mtk_cmdq_drv_ext,1,mdp_drv_mt6878,1,1,0,0,0,0,0,0,0,0
cmdq_mbox_stop,0x573e9fac,STOCK_MODULE,mtk_cmdq_drv_ext,1,camera_dpe_isp7sp;cmdq_sec_drv;cmdq_test;mdp_drv_mt6878;mediatek_drm;mtk_aie;mtk_imgsys_cmdq,7,7,0,0,0,0,0,0,0,0
cmdq_mbox_thread_remove_task,0x804ac358,STOCK_MODULE,mtk_cmdq_drv_ext,1,mdp_drv_mt6878,1,1,0,0,0,0,0,0,0,0
cmdq_mbox_thread_suspend,0x4d9c7bda,STOCK_MODULE,mtk_cmdq_drv_ext,1,mdp_drv_mt6878,1,1,0,0,0,0,0,0,0,0
cmdq_pkt_acquire_event,0xf5f36f82,STOCK_MODULE,mtk_cmdq_drv_ext,1,mtk_imgsys_cmdq,1,1,0,0,0,0,0,0,0,0
cmdq_pkt_add_cmd_buffer,0xd0e67cf6,STOCK_MODULE,mtk_cmdq_drv_ext,1,mdp_drv_mt6878;mediatek_drm,2,2,0,0,0,0,0,0,0,0
cmdq_pkt_alloc_buf,0x38d911ed,STOCK_MODULE,mtk_cmdq_drv_ext,1,mdp_drv_mt6878,1,1,0,0,0,0,0,0,0,0
cmdq_pkt_append_command,0xa1314437,STOCK_MODULE,mtk_cmdq_drv_ext,1,cmdq_sec_drv,1,1,0,0,0,0,0,0,0,0
cmdq_pkt_assign_command,0x5850ae11,STOCK_MODULE,mtk_cmdq_drv_ext,1,cmdq_sec_drv;cmdq_test;mdp_drv_mt6878;mediatek_drm;mtk_imgsys_cmdq;mtk_mml,6,6,0,0,0,0,0,0,0,0
cmdq_pkt_assign_command_reuse,0xbda3ae5b,STOCK_MODULE,mtk_cmdq_drv_ext,1,mtk_mml,1,1,0,0,0,0,0,0,0,0
cmdq_pkt_clear_event,0x11b138a7,STOCK_MODULE,mtk_cmdq_drv_ext,1,cmdq_test;mdp_drv_mt6878;mediatek_drm;mtk_imgsys_cmdq;mtk_mml,5,5,0,0,0,0,0,0,0,0
cmdq_pkt_cond_jump,0x89c3716a,STOCK_MODULE,mtk_cmdq_drv_ext,1,cmdq_test,1,1,0,0,0,0,0,0,0,0
cmdq_pkt_cond_jump_abs,0x08ce1c7d,STOCK_MODULE,mtk_cmdq_drv_ext,1,mdp_drv_mt6878;mediatek_drm;mtk_imgsys_cmdq;mtk_mml,4,4,0,0,0,0,0,0,0,0
cmdq_pkt_copy,0x86347371,STOCK_MODULE,mtk_cmdq_drv_ext,1,cmdq_test;mtk_mml,2,2,0,0,0,0,0,0,0,0
cmdq_pkt_create,0x1fb5fc3d,STOCK_MODULE,mtk_cmdq_drv_ext,1,camera_dpe_isp7sp;cmdq_sec_drv;cmdq_test;mdp_drv_mt6878;mediatek_drm;mtk_aie;mtk_cam_isp7sp;mtk_disp_sec;mtk_dpc;mtk_imgsys_cmdq;mtk_mml;mtk_vcu,12,12,0,0,0,0,0,0,0,0
cmdq_pkt_destroy,0x321f1ffd,STOCK_MODULE,mtk_cmdq_drv_ext,1,camera_dpe_isp7sp;cmdq_test;mdp_drv_mt6878;mediatek_drm;mtk_aie;mtk_cam_isp7sp;mtk_disp_sec;mtk_imgsys_cmdq;mtk_mml;mtk_vcu,10,10,0,0,0,0,0,0,0,0
cmdq_pkt_dump_buf,0x0c16af61,STOCK_MODULE,mtk_cmdq_drv_ext,1,cmdq_test;mtk_imgsys_cmdq;mtk_mml,3,3,0,0,0,0,0,0,0,0
cmdq_pkt_eoc,0xe971acc0,STOCK_MODULE,mtk_cmdq_drv_ext,1,mtk_mml,1,1,0,0,0,0,0,0,0,0
cmdq_pkt_finalize,0x8df1c432,STOCK_MODULE,mtk_cmdq_drv_ext,1,cmdq_test;mdp_drv_mt6878,2,2,0,0,0,0,0,0,0,0
cmdq_pkt_finalize_loop,0xe411f02a,STOCK_MODULE,mtk_cmdq_drv_ext,1,cmdq_sec_drv;cmdq_test;mediatek_drm;mtk_aie;mtk_disp_sec;mtk_dpc;mtk_imgsys_cmdq,7,7,0,0,0,0,0,0,0,0
cmdq_pkt_flush,0x9423d265,STOCK_MODULE,mtk_cmdq_drv_ext,1,cmdq_test;mediatek_drm;mtk_cam_isp7sp;mtk_mml,4,4,0,0,0,0,0,0,0,0
cmdq_pkt_flush_async,0x99f32037,STOCK_MODULE,mtk_cmdq_drv_ext,1,camera_dpe_isp7sp;cmdq_sec_drv;cmdq_test;mdp_drv_mt6878;mediatek_drm;mtk_aie;mtk_imgsys_cmdq;mtk_mml,8,8,0,0,0,0,0,0,0,0
cmdq_pkt_flush_threaded,0x72ae921d,STOCK_MODULE,mtk_cmdq_drv_ext,1,cmdq_test;mediatek_drm;mtk_aie;mtk_disp_sec;mtk_dpc;mtk_imgsys_cmdq;mtk_mml;mtk_vcu,8,8,0,0,0,0,0,0,0,0
cmdq_pkt_get_curr_buf_pa,0x0f888984,STOCK_MODULE,mtk_cmdq_drv_ext,1,mdp_drv_mt6878,1,1,0,0,0,0,0,0,0,0
cmdq_pkt_get_curr_buf_va,0x6382f2eb,STOCK_MODULE,mtk_cmdq_drv_ext,1,cmdq_test,1,1,0,0,0,0,0,0,0,0
cmdq_pkt_get_pa_by_offset,0xab32b969,STOCK_MODULE,mtk_cmdq_drv_ext,1,mdp_drv_mt6878;mediatek_drm;mtk_imgsys_cmdq;mtk_mml,4,4,0,0,0,0,0,0,0,0
cmdq_pkt_get_perf_ret,0xefdad100,STOCK_MODULE,mtk_cmdq_drv_ext,1,mdp_drv_mt6878;mtk_mml,2,2,0,0,0,0,0,0,0,0
cmdq_pkt_get_va_by_offset,0x8cafe6f1,STOCK_MODULE,mtk_cmdq_drv_ext,1,cmdq_sec_drv;cmdq_test;mdp_drv_mt6878;mediatek_drm;mtk_imgsys_cmdq;mtk_mml,6,6,0,0,0,0,0,0,0,0
cmdq_pkt_handshake_event,0x1665c2d1,STOCK_MODULE,mtk_cmdq_drv_ext,1,cmdq_test,1,1,0,0,0,0,0,0,0,0
cmdq_pkt_jump,0xbce78e3c,STOCK_MODULE,mtk_cmdq_drv_ext,1,cmdq_test,1,1,0,0,0,0,0,0,0,0
cmdq_pkt_jump_addr,0x4a3088ae,STOCK_MODULE,mtk_cmdq_drv_ext,1,mdp_drv_mt6878;mediatek_drm;mtk_imgsys_cmdq,3,3,0,0,0,0,0,0,0,0
cmdq_pkt_logic_command,0x122e7ad9,STOCK_MODULE,mtk_cmdq_drv_ext,1,cmdq_sec_drv;cmdq_test;mdp_drv_mt6878;mediatek_drm;mtk_imgsys_cmdq;mtk_mml,6,6,0,0,0,0,0,0,0,0
cmdq_pkt_mem_move,0xa0bf1958,STOCK_MODULE,mtk_cmdq_drv_ext,1,cmdq_test;mdp_drv_mt6878;mediatek_drm;mtk_imgsys_cmdq;mtk_vcu,5,5,0,0,0,0,0,0,0,0
cmdq_pkt_move,0xd5e3e41b,STOCK_MODULE,mtk_cmdq_drv_ext,1,mdp_drv_mt6878,1,1,0,0,0,0,0,0,0,0
cmdq_pkt_perf_begin,0xc6da0ed9,STOCK_MODULE,mtk_cmdq_drv_ext,1,mdp_drv_mt6878,1,1,0,0,0,0,0,0,0,0
cmdq_pkt_poll,0x8f5345a1,STOCK_MODULE,mtk_cmdq_drv_ext,1,cmdq_test;mtk_mml,2,2,0,0,0,0,0,0,0,0
cmdq_pkt_poll_addr,0x2c6afef0,STOCK_MODULE,mtk_cmdq_drv_ext,1,mdp_drv_mt6878;mtk_mml;mtk_vcu,3,3,0,0,0,0,0,0,0,0
cmdq_pkt_poll_timeout,0x36efe6a3,STOCK_MODULE,mtk_cmdq_drv_ext,1,camera_dpe_isp7sp;cmdq_test;mediatek_drm;mtk_aie;mtk_dpc;mtk_imgsys_cmdq;mtk_vcu,7,7,0,0,0,0,0,0,0,0
cmdq_pkt_read,0x610a271b,STOCK_MODULE,mtk_cmdq_drv_ext,1,cmdq_sec_drv;cmdq_test;mediatek_drm;mtk_imgsys_cmdq,4,4,0,0,0,0,0,0,0,0
cmdq_pkt_read_addr,0x528c44b7,STOCK_MODULE,mtk_cmdq_drv_ext,1,cmdq_test;mdp_drv_mt6878;mediatek_drm;mtk_mml;mtk_vcu,5,5,0,0,0,0,0,0,0,0
cmdq_pkt_readback,0xd453bf45,STOCK_MODULE,mtk_cmdq_drv_ext,1,cmdq_test;mtk_mml,2,2,0,0,0,0,0,0,0,0
cmdq_pkt_refinalize,0x5f144cb1,STOCK_MODULE,mtk_cmdq_drv_ext,1,cmdq_test;mediatek_drm;mtk_mml,3,3,0,0,0,0,0,0,0,0
cmdq_pkt_reuse_buf_va,0x21a727cd,STOCK_MODULE,mtk_cmdq_drv_ext,1,cmdq_test;mtk_mml,2,2,0,0,0,0,0,0,0,0
cmdq_pkt_reuse_poll,0x2b9e28ac,STOCK_MODULE,mtk_cmdq_drv_ext,1,cmdq_test;mtk_mml,2,2,0,0,0,0,0,0,0,0
cmdq_pkt_reuse_value,0x850f2056,STOCK_MODULE,mtk_cmdq_drv_ext,1,mediatek_drm,1,1,0,0,0,0,0,0,0,0
cmdq_pkt_set_event,0x718e9ae5,STOCK_MODULE,mtk_cmdq_drv_ext,1,cmdq_sec_drv;cmdq_test;mdp_drv_mt6878;mediatek_drm;mtk_aie;mtk_disp_sec;mtk_imgsys_cmdq;mtk_mml,8,8,0,0,0,0,0,0,0,0
cmdq_pkt_sleep,0xf103af4b,STOCK_MODULE,mtk_cmdq_drv_ext,1,cmdq_test;mediatek_drm;mtk_mml,3,3,0,0,0,0,0,0,0,0
cmdq_pkt_vcp_reuse_val,0x470b446f,STOCK_MODULE,mtk_cmdq_drv_ext,1,cmdq_test;mtk_mml,2,2,0,0,0,0,0,0,0,0
cmdq_pkt_wait_complete,0x2037b2ea,STOCK_MODULE,mtk_cmdq_drv_ext,1,camera_dpe_isp7sp;cmdq_test;mdp_drv_mt6878;mediatek_drm;mtk_aie;mtk_imgsys_cmdq,6,6,0,0,0,0,0,0,0,0
cmdq_pkt_wait_no_clear,0x187568b4,STOCK_MODULE,mtk_cmdq_drv_ext,1,mdp_drv_mt6878;mediatek_drm;mtk_imgsys_cmdq;mtk_mml,4,4,0,0,0,0,0,0,0,0
cmdq_pkt_wfe,0x55b5fb5d,STOCK_MODULE,mtk_cmdq_drv_ext,1,cmdq_sec_drv;cmdq_test;mdp_drv_mt6878;mediatek_drm;mtk_aie;mtk_cam_isp7sp;mtk_disp_sec;mtk_dpc;mtk_imgsys_cmdq;mtk_mml;mtk_vcu,11,11,0,0,0,0,0,0,0,0
cmdq_pkt_write,0xa7509461,STOCK_MODULE,mtk_cmdq_drv_ext,1,camera_dpe_isp7sp;cmdq_test;mediatek_drm;mtk_aie;mtk_cam_isp7sp;mtk_disp_sec;mtk_dpc;mtk_imgsys_cmdq;mtk_imgsys_isp7sp;mtk_mml;mtk_vcu,11,11,0,0,0,0,0,0,0,0
cmdq_pkt_write_indriect,0x7c054543,STOCK_MODULE,mtk_cmdq_drv_ext,1,cmdq_sec_drv;cmdq_test;mediatek_drm;mtk_imgsys_cmdq,4,4,0,0,0,0,0,0,0,0
cmdq_pkt_write_reg_addr,0x18a8aa95,STOCK_MODULE,mtk_cmdq_drv_ext,1,cmdq_test;mdp_drv_mt6878;mediatek_drm;mtk_mml,4,4,0,0,0,0,0,0,0,0
cmdq_pkt_write_reg_indriect,0x884567d9,STOCK_MODULE,mtk_cmdq_drv_ext,1,cmdq_test;mdp_drv_mt6878;mtk_mml,3,3,0,0,0,0,0,0,0,0
cmdq_pkt_write_value_addr,0x4b5d28bc,STOCK_MODULE,mtk_cmdq_drv_ext,1,cmdq_test;mdp_drv_mt6878;mediatek_drm;mtk_mml,4,4,0,0,0,0,0,0,0,0
cmdq_pkt_write_value_addr_reuse,0xbf5170bc,STOCK_MODULE,mtk_cmdq_drv_ext,1,cmdq_test;mediatek_drm;mtk_mml,3,3,0,0,0,0,0,0,0,0
cmdq_print_trace,0x3375e996,STOCK_MODULE,mtk_cmdq_drv_ext,1,cmdq_sec_drv,1,1,0,0,0,0,0,0,0,0
cmdq_register_device,0xa18449ff,STOCK_MODULE,mtk_cmdq_drv_ext,1,mdp_drv_mt6878;mediatek_drm;mtk_mml;mtk_vcu,4,4,0,0,0,0,0,0,0,0
cmdq_reuse_refresh,0x02a30535,STOCK_MODULE,mtk_cmdq_drv_ext,1,mtk_mml,1,1,0,0,0,0,0,0,0,0
cmdq_sec_helper_set_fp,0xeedc15d6,STOCK_MODULE,mtk_cmdq_drv_ext,1,cmdq_sec_drv,1,1,0,0,0,0,0,0,0,0
cmdq_sec_mbox_disable,0xcfe411c7,STOCK_MODULE,cmdq_sec_drv,1,cmdq_test,1,1,0,0,0,0,0,0,0,0
cmdq_sec_mbox_enable,0x79bb07e9,STOCK_MODULE,cmdq_sec_drv,1,cmdq_test,1,1,0,0,0,0,0,0,0,0
cmdq_sec_mbox_stop,0x79b5065d,STOCK_MODULE,cmdq_sec_drv,1,cmdq_test;mtk_aie;mtk_disp_sec;mtk_imgsys_cmdq,4,4,0,0,0,0,0,0,0,0
cmdq_sec_pkt_set_data,0xeb3f5bfb,STOCK_MODULE,cmdq_sec_drv,1,cmdq_test;mtk_aie;mtk_disp_sec;mtk_imgsys_cmdq,4,4,0,0,0,0,0,0,0,0
cmdq_sec_pkt_set_mtee,0x72341ab4,STOCK_MODULE,cmdq_sec_drv,1,cmdq_test;mtk_aie;mtk_disp_sec;mtk_imgsys_cmdq,4,4,0,0,0,0,0,0,0,0
cmdq_set_event,0x239ca61d,STOCK_MODULE,mtk_cmdq_drv_ext,1,cmdq_test;mdp_drv_mt6878;mtk_imgsys_cmdq,3,3,0,0,0,0,0,0,0,0
cmdq_set_outpin_event,0x53744e0e,STOCK_MODULE,mtk_cmdq_drv_ext,1,mediatek_drm,1,1,0,0,0,0,0,0,0,0
cmdq_task_get_pkt_from_thread,0x28c56cba,STOCK_MODULE,mtk_cmdq_drv_ext,1,mdp_drv_mt6878,1,1,0,0,0,0,0,0,0,0
cmdq_task_get_thread_irq,0x8c5c0e6e,STOCK_MODULE,mtk_cmdq_drv_ext,1,mdp_drv_mt6878,1,1,0,0,0,0,0,0,0,0
cmdq_task_get_thread_pc,0x6c53de78,STOCK_MODULE,mtk_cmdq_drv_ext,1,mdp_drv_mt6878,1,1,0,0,0,0,0,0,0,0
cmdq_thread_dump,0xe38a8bd0,STOCK_MODULE,mtk_cmdq_drv_ext,1,cmdq_test;mediatek_drm;mtk_mml,3,3,0,0,0,0,0,0,0,0
cmdq_thread_dump_spr,0xb48c5f98,STOCK_MODULE,mtk_cmdq_drv_ext,1,mtk_imgsys_cmdq,1,1,0,0,0,0,0,0,0,0
cmdq_thread_set_spr,0x055aa6b5,STOCK_MODULE,mtk_cmdq_drv_ext,1,mtk_mml,1,1,0,0,0,0,0,0,0,0
cmdq_thread_timeout_backup,0x0c292e30,STOCK_MODULE,mtk_cmdq_drv_ext,1,cmdq_test,1,1,0,0,0,0,0,0,0,0
cmdq_thread_timeout_restore,0xecee2179,STOCK_MODULE,mtk_cmdq_drv_ext,1,cmdq_test,1,1,0,0,0,0,0,0,0,0
cmdq_util_disp_smc_cmd,0xa9410db2,STOCK_MODULE,mtk_cmdq_drv_ext,1,mediatek_drm,1,1,0,0,0,0,0,0,0,0
cmdq_util_dump_lock,0x3a724b9a,STOCK_MODULE,mtk_cmdq_drv_ext,1,cmdq_sec_drv,1,1,0,0,0,0,0,0,0,0
cmdq_util_dump_unlock,0xc56dae99,STOCK_MODULE,mtk_cmdq_drv_ext,1,cmdq_sec_drv,1,1,0,0,0,0,0,0,0,0
cmdq_util_enable_disp_va,0xd24e746d,STOCK_MODULE,mtk_cmdq_drv_ext,1,mediatek_drm,1,1,0,0,0,0,0,0,0,0
cmdq_util_error_disable,0xf36be3ca,STOCK_MODULE,mtk_cmdq_drv_ext,1,cmdq_sec_drv,1,1,0,0,0,0,0,0,0,0
cmdq_util_error_enable,0x1cf259a2,STOCK_MODULE,mtk_cmdq_drv_ext,1,cmdq_sec_drv,1,1,0,0,0,0,0,0,0,0
cmdq_util_error_save,0xf95cc9b1,STOCK_MODULE,mtk_cmdq_drv_ext,1,cmdq_sec_drv;mtk_mml;mtk_mml_mt6878,3,3,0,0,0,0,0,0,0,0
cmdq_util_error_save_lst,0xb15e0dca,STOCK_MODULE,mtk_cmdq_drv_ext,1,cmdq_helper_inf,1,1,0,0,0,0,0,0,0,0
cmdq_util_event_module_dispatch,0x02c72cd1,STOCK_MODULE,mtk_cmdq_drv_ext,1,mdp_drv_mt6878,1,1,0,0,0,0,0,0,0,0
cmdq_util_get_first_err_mod,0x86ce8797,STOCK_MODULE,mtk_cmdq_drv_ext,1,cmdq_helper_inf,1,1,0,0,0,0,0,0,0,0
cmdq_util_get_hw_id,0x8c874bc4,STOCK_MODULE,mtk_cmdq_drv_ext,1,cmdq_sec_drv,1,1,0,0,0,0,0,0,0,0
cmdq_util_hw_trace_dump,0x90396079,STOCK_MODULE,mtk_cmdq_drv_ext,1,mediatek_drm,1,1,0,0,0,0,0,0,0,0
cmdq_util_is_feature_en,0x9cddefee,STOCK_MODULE,mtk_cmdq_drv_ext,1,cmdq_sec_drv,1,1,0,0,0,0,0,0,0,0
cmdq_util_mminfra_cmd,0x6bd3152d,STOCK_MODULE,mtk_cmdq_drv_ext,1,mtk_mminfra_debug;mtk_mminfra_imax,2,2,0,0,0,0,0,0,0,0
cmdq_util_mmuen_devapc_disable,0xbaf3c9e9,STOCK_MODULE,mtk_cmdq_drv_ext,1,mtk_mminfra_debug,1,1,0,0,0,0,0,0,0,0
cmdq_util_prebuilt_dump,0x188e924c,STOCK_MODULE,mtk_cmdq_drv_ext,1,mdp_drv_mt6878;mtk_mml,2,2,0,0,0,0,0,0,0,0
cmdq_util_prebuilt_init,0x941a2387,STOCK_MODULE,mtk_cmdq_drv_ext,1,mdp_drv_mt6878;mtk_mml,2,2,0,0,0,0,0,0,0,0
cmdq_util_set_fp,0xf1cbf070,STOCK_MODULE,mtk_cmdq_drv_ext,1,cmdq_platform_mt6878,1,1,0,0,0,0,0,0,0,0
cmdq_util_set_mml_aid_selmode,0x515e661f,STOCK_MODULE,mtk_cmdq_drv_ext,1,mtk_mml,1,1,0,0,0,0,0,0,0,0
cmdq_util_test_get_subsys_list,0xe128e9df,STOCK_MODULE,mtk_cmdq_drv_ext,1,cmdq_test,1,1,0,0,0,0,0,0,0,0
cmdq_util_test_set_ostd,0x9905a4c2,STOCK_MODULE,mtk_cmdq_drv_ext,1,cmdq_test,1,1,0,0,0,0,0,0,0,0
cmdq_util_track_ctrl,0x5097a0a3,STOCK_MODULE,mtk_cmdq_drv_ext,1,cmdq_sec_drv,1,1,0,0,0,0,0,0,0,0
cmdq_vcp_enable,0x50309be5,STOCK_MODULE,mtk_cmdq_drv_ext,1,cmdq_test;mdp_drv_mt6878;mtk_mml,3,3,0,0,0,0,0,0,0,0
compat_ptr_ioctl,0xd3720693,KERNEL_OR_BUILTIN,,0,rfkill;wwan,2,2,0,1,0,0,1,1,1,1
complete,0xa6257a2f,KERNEL_OR_BUILTIN,,0,adsp;aee_aed;apu_top;apusys;bluetooth;bt_drv_6878;camera_dpe_isp7sp;cmdq_test;conninfra;connscp;fmradio_drv_connac2x;gps_drv_dl_v051;gz_ipc_mod;gz_trusty_mod;gz_tz_system;gz_virtio_mod;hci_uart;i2c_mt65xx;mali_kbase_mt6878_r44;mddp;met;mt6375_charger;mtk_cam_isp7sp;mtk_cmdq_drv_ext;mtk_imgsys_v4l2;mtk_mml;mtk_tinysys_ipi;rtc_mt6685;sapu;scp;sensorhub;spi_mt65xx;tkcore;tkcore_drv;ufs_mediatek_mod;vcp;wlan_drv_gen4m_6878;wmt_chrdev_wifi_connac2;xhci_mtk_hcd_v2,39,40,0,1,0,0,1,1,1,1
complete_all,0x93d6dd8c,KERNEL_OR_BUILTIN,,0,adsp;camera_dpe_isp7sp;gz_virtio_mod;mali_kbase_mt6878_r44;mtk_aie;mtk_mml;wlan_drv_gen4m_6878;xhci_mtk_hcd_v2,8,8,0,1,0,0,1,1,1,1
completion_done,0xddf6ad7a,KERNEL_OR_BUILTIN,,0,mali_kbase_mt6878_r44;wlan_drv_gen4m_6878,2,2,0,1,0,0,1,1,1,1
component_add,0xecc09b4d,KERNEL_OR_BUILTIN,,0,mediatek_drm;mtk_cam_isp7sp;mtk_mml;mtk_smi,4,4,0,1,0,0,1,1,1,1
component_add_typed,0x8913ca50,KERNEL_OR_BUILTIN,,0,mtk_mml,1,1,0,1,0,0,1,1,1,1
component_bind_all,0x30b703f5,KERNEL_OR_BUILTIN,,0,mediatek_drm;mtk_cam_isp7sp;mtk_iommu;mtk_mml,4,4,0,1,0,0,1,1,1,1
component_del,0x8c7aa996,KERNEL_OR_BUILTIN,,0,mediatek_drm;mtk_cam_isp7sp;mtk_mml;mtk_smi,4,4,0,1,0,0,1,1,1,1
component_master_add_with_match,0xd7a582bc,KERNEL_OR_BUILTIN,,0,mediatek_drm;mtk_cam_isp7sp;mtk_iommu;mtk_mml,4,4,0,1,0,0,1,1,1,1
component_master_del,0x7996b226,KERNEL_OR_BUILTIN,,0,mediatek_drm;mtk_cam_isp7sp;mtk_iommu;mtk_mml,4,4,0,1,0,0,1,1,1,1
component_match_add_release,0xf4013a82,KERNEL_OR_BUILTIN,,0,mediatek_drm;mtk_cam_isp7sp;mtk_iommu,3,3,0,1,0,0,1,1,1,1
component_match_add_typed,0x17d6bd85,KERNEL_OR_BUILTIN,,0,mtk_mml,1,1,0,1,0,0,1,1,1,1
component_unbind_all,0xd241f9aa,KERNEL_OR_BUILTIN,,0,mediatek_drm;mtk_cam_isp7sp;mtk_iommu;mtk_mml,4,4,0,1,0,0,1,1,1,1
conap_scp_is_drv_ready,0x775b618a,STOCK_MODULE,connscp,1,gps_scp,1,1,0,0,0,0,0,0,0,0
conap_scp_is_ready,0x8d1e88ae,STOCK_MODULE,connscp,1,gps_scp,1,1,0,0,0,0,0,0,0,0
conap_scp_register_drv,0x6c8ff7c9,STOCK_MODULE,connscp,1,gps_scp,1,1,0,0,0,0,0,0,0,0
conap_scp_send_message,0x8a607195,STOCK_MODULE,connscp,1,gps_scp,1,1,0,0,0,0,0,0,0,0
conap_scp_unregister_drv,0xf18f6a20,STOCK_MODULE,connscp,1,gps_scp,1,1,0,0,0,0,0,0,0,0
config_ep_by_speed,0xeedd3616,KERNEL_OR_BUILTIN,,0,c2k_usb;mtk_usb_f_rndis,2,2,0,1,0,0,1,1,1,1
config_group_init_type_name,0x9681b115,KERNEL_OR_BUILTIN,,0,c2k_usb;mtk_usb_f_rndis,2,2,0,1,0,0,1,1,1,1
conn_dbg_add_log,0xb14af7ad,STOCK_MODULE,connadp,1,conninfra;wlan_drv_gen4m_6878,2,2,0,0,0,0,0,0,0,0
conn_metlog_start,0x8f444297,STOCK_MODULE,conninfra,1,bt_drv_6878;gps_drv_dl_v051;wlan_drv_gen4m_6878,3,3,0,0,0,0,0,0,0,0
conn_metlog_stop,0x2115b592,STOCK_MODULE,conninfra,1,bt_drv_6878;gps_drv_dl_v051;wlan_drv_gen4m_6878,3,3,0,0,0,0,0,0,0,0
conn_pwr_deinit,0x9c2e1e8a,STOCK_MODULE,connadp,1,conninfra,1,1,0,0,0,0,0,0,0,0
conn_pwr_drv_post_off,0xa2b043f3,STOCK_MODULE,connadp,1,bt_drv_6878;gps_pwr;wlan_drv_gen4m_6878,3,3,0,0,0,0,0,0,0,0
conn_pwr_drv_pre_on,0x85b39412,STOCK_MODULE,connadp,1,bt_drv_6878;gps_pwr;wlan_drv_gen4m_6878,3,3,0,0,0,0,0,0,0,0
conn_pwr_init,0x29b5066b,STOCK_MODULE,connadp,1,conninfra,1,1,0,0,0,0,0,0,0,0
conn_pwr_register_event_cb,0xb72bd068,STOCK_MODULE,connadp,1,bt_drv_6878;gps_pwr;wlan_drv_gen4m_6878,3,3,0,0,0,0,0,0,0,0
conn_pwr_resume,0xa2ad960a,STOCK_MODULE,connadp,1,conninfra,1,1,0,0,0,0,0,0,0,0
conn_pwr_send_msg,0x5c1c9bbb,STOCK_MODULE,connadp,1,wlan_drv_gen4m_6878,1,1,0,0,0,0,0,0,0,0
conn_pwr_set_thermal_level,0xc24a6c8d,STOCK_MODULE,connadp,1,wifi_cooling,1,1,0,0,0,0,0,0,0,0
conn_pwr_suspend,0x8c95a4c3,STOCK_MODULE,connadp,1,conninfra,1,1,0,0,0,0,0,0,0,0
connectivity_export_conap_scp_deinit,0xc1b48621,STOCK_MODULE,connadp,1,conninfra,1,1,0,0,0,0,0,0,0,0
connectivity_export_conap_scp_init,0x25896616,STOCK_MODULE,connadp,1,conninfra,1,1,0,0,0,0,0,0,0,0
connectivity_export_conap_scp_state_change,0xaf33bdd1,STOCK_MODULE,connadp,1,conninfra,1,1,0,0,0,0,0,0,0,0
connectivity_export_conap_scp_trigger_cmd,0x1fdb76bd,STOCK_MODULE,connadp,1,conninfra,1,1,0,0,0,0,0,0,0,0
connectivity_export_show_stack,0x604f3a64,STOCK_MODULE,connadp,1,conninfra;wlan_drv_gen4m_6878,2,2,0,0,0,0,0,0,0,0
connectivity_register_dfd_handler,0x5c88ea49,STOCK_MODULE,connadp,1,connscp,1,1,0,0,0,0,0,0,0,0
connectivity_register_state_notifier,0xc40bee71,STOCK_MODULE,connadp,1,connscp,1,1,0,0,0,0,0,0,0,0
connectivity_unregister_dfd_handler,0x5e35749a,STOCK_MODULE,connadp,1,connscp,1,1,0,0,0,0,0,0,0,0
connectivity_unregister_state_notifier,0xe1c83e90,STOCK_MODULE,connadp,1,connscp,1,1,0,0,0,0,0,0,0,0
connfem_epaelna_get_fem_info,0x9b18ef54,STOCK_MODULE,connfem,1,bt_drv_6878;wlan_drv_gen4m_6878,2,2,0,0,0,0,0,0,0,0
connfem_epaelna_get_flags,0xd4bdcc28,STOCK_MODULE,connfem,1,bt_drv_6878,1,1,0,0,0,0,0,0,0,0
connfem_epaelna_get_pin_info,0x6ed29590,STOCK_MODULE,connfem,1,bt_drv_6878;wlan_drv_gen4m_6878,2,2,0,0,0,0,0,0,0,0
connfem_epaelna_laa_get_pin_info,0x76d6f438,STOCK_MODULE,connfem,1,wlan_drv_gen4m_6878,1,1,0,0,0,0,0,0,0,0
conninfra_adie_top_ck_en_off,0x2092986b,STOCK_MODULE,conninfra,1,fmradio_drv_connac2x,1,1,0,0,0,0,0,0,0,0
conninfra_adie_top_ck_en_on,0xd8c0988a,STOCK_MODULE,conninfra,1,fmradio_drv_connac2x,1,1,0,0,0,0,0,0,0,0
conninfra_bus_clock_ctrl,0xdce4558d,STOCK_MODULE,conninfra,1,gps_drv_dl_v051,1,1,0,0,0,0,0,0,0,0
conninfra_config_setup,0xb0a38877,STOCK_MODULE,conninfra,1,fmradio_drv_connac2x,1,1,0,0,0,0,0,0,0,0
conninfra_get_clock_schematic,0x4d805d95,STOCK_MODULE,conninfra,1,gps_drv_dl_v051,1,1,0,0,0,0,0,0,0,0
conninfra_get_ic_info,0xdd5113ba,STOCK_MODULE,conninfra,1,bt_drv_6878;fmradio_drv_connac2x;gps_drv_dl_v051,3,3,0,0,0,0,0,0,0,0
conninfra_get_phy_addr,0x8e3d4b82,STOCK_MODULE,conninfra,1,bt_drv_6878;wlan_drv_gen4m_6878,2,2,0,0,0,0,0,0,0,0
conninfra_is_bus_hang,0xb2f375f1,STOCK_MODULE,conninfra,1,bt_drv_6878;fmradio_drv_connac2x;gps_drv_dl_v051;wlan_drv_gen4m_6878,4,4,0,0,0,0,0,0,0,0
conninfra_pwr_off,0x9ae73c0b,STOCK_MODULE,conninfra,1,bt_drv_6878;fmradio_drv_connac2x;gps_drv_dl_v051;wlan_drv_gen4m_6878,4,4,0,0,0,0,0,0,0,0
conninfra_pwr_on,0xd59cba0e,STOCK_MODULE,conninfra,1,bt_drv_6878;fmradio_drv_connac2x;gps_drv_dl_v051;wlan_drv_gen4m_6878,4,4,0,0,0,0,0,0,0,0
conninfra_reg_readable,0x76c2e779,STOCK_MODULE,conninfra,1,bt_drv_6878;fmradio_drv_connac2x;gps_drv_dl_v051;wlan_drv_gen4m_6878,4,4,0,0,0,0,0,0,0,0
conninfra_reg_readable_for_coredump,0xf0063a3f,STOCK_MODULE,conninfra,1,bt_drv_6878;wlan_drv_gen4m_6878,2,2,0,0,0,0,0,0,0,0
conninfra_spi_1_read,0x2937b9fc,STOCK_MODULE,conninfra,1,gps_drv_dl_v051,1,1,0,0,0,0,0,0,0,0
conninfra_spi_1_write,0xcc4f1436,STOCK_MODULE,conninfra,1,gps_drv_dl_v051,1,1,0,0,0,0,0,0,0,0
conninfra_spi_clock_switch,0x74c765e6,STOCK_MODULE,conninfra,1,fmradio_drv_connac2x,1,1,0,0,0,0,0,0,0,0
conninfra_spi_read,0xf17f0074,STOCK_MODULE,conninfra,1,fmradio_drv_connac2x;gps_drv_dl_v051,2,2,0,0,0,0,0,0,0,0
conninfra_spi_update_bits,0x204a62a7,STOCK_MODULE,conninfra,1,gps_drv_dl_v051,1,1,0,0,0,0,0,0,0,0
conninfra_spi_write,0x89dd469e,STOCK_MODULE,conninfra,1,fmradio_drv_connac2x;gps_drv_dl_v051,2,2,0,0,0,0,0,0,0,0
conninfra_sub_drv_ops_register,0x84bfc4ad,STOCK_MODULE,conninfra,1,bt_drv_6878;fmradio_drv_connac2x;gps_drv_dl_v051;wlan_drv_gen4m_6878,4,4,0,0,0,0,0,0,0,0
conninfra_sub_drv_ops_unregister,0xe12022e0,STOCK_MODULE,conninfra,1,bt_drv_6878;gps_drv_dl_v051;wlan_drv_gen4m_6878,3,3,0,0,0,0,0,0,0,0
conninfra_trigger_whole_chip_rst,0xf91d14de,STOCK_MODULE,conninfra,1,bt_drv_6878;fmradio_drv_connac2x;gps_drv_dl_v051;wlan_drv_gen4m_6878,4,4,0,0,0,0,0,0,0,0
connsys_coredump_clean,0xde115802,STOCK_MODULE,conninfra,1,bt_drv_6878;wlan_drv_gen4m_6878,2,2,0,0,0,0,0,0,0,0
connsys_coredump_deinit,0x18b91b5a,STOCK_MODULE,conninfra,1,bt_drv_6878;wlan_drv_gen4m_6878,2,2,0,0,0,0,0,0,0,0
connsys_coredump_get_start_offset,0xb32d4055,STOCK_MODULE,conninfra,1,bt_drv_6878,1,1,0,0,0,0,0,0,0,0
connsys_coredump_init,0x4795e2e8,STOCK_MODULE,conninfra,1,bt_drv_6878;wlan_drv_gen4m_6878,2,2,0,0,0,0,0,0,0,0
connsys_coredump_setup_dump_region,0xb3149c9d,STOCK_MODULE,conninfra,1,bt_drv_6878,1,1,0,0,0,0,0,0,0,0
connsys_coredump_start,0xb7ae49fc,STOCK_MODULE,conninfra,1,bt_drv_6878;wlan_drv_gen4m_6878,2,2,0,0,0,0,0,0,0,0
connsys_log_deinit,0x5b5cc9fe,STOCK_MODULE,conninfra,1,bt_drv_6878;gps_drv_dl_v051;wlan_drv_gen4m_6878,3,3,0,0,0,0,0,0,0,0
connsys_log_get_buf_size,0x93eb7ab0,STOCK_MODULE,conninfra,1,bt_drv_6878;wlan_drv_gen4m_6878,2,2,0,0,0,0,0,0,0,0
connsys_log_get_utc_time,0x39d6f572,STOCK_MODULE,conninfra,1,bt_drv_6878,1,1,0,0,0,0,0,0,0,0
connsys_log_init,0x88db89e4,STOCK_MODULE,conninfra,1,bt_drv_6878;wlan_drv_gen4m_6878,2,2,0,0,0,0,0,0,0,0
connsys_log_irq_handler,0xdcd6eee2,STOCK_MODULE,conninfra,1,bt_drv_6878;wlan_drv_gen4m_6878,2,2,0,0,0,0,0,0,0,0
connsys_log_read_to_user,0x2f350e2e,STOCK_MODULE,conninfra,1,bt_drv_6878;wlan_drv_gen4m_6878,2,2,0,0,0,0,0,0,0,0
connsys_log_register_event_cb,0xc1ec710b,STOCK_MODULE,conninfra,1,bt_drv_6878;gps_drv_dl_v051;wlan_drv_gen4m_6878,3,3,0,0,0,0,0,0,0,0
console_drivers,0x0148e770,KERNEL_OR_BUILTIN,,0,mtk_printk_ctrl,1,1,0,1,0,0,1,1,1,1
console_suspend_enabled,0x0366307a,KERNEL_OR_BUILTIN,,0,mtk_lpm_dbg_common_v2,1,1,0,1,0,0,1,1,1,1
consume_skb,0x925b1655,KERNEL_OR_BUILTIN,,0,can;can_dev;ccmni;cdc_eem;cfg80211;ieee802154_6lowpan;ieee802154_socket;mac80211;mac802154;mddp;mtk_usb_f_rndis;ppp_generic;pptp;r8152;rtl8150;slcan;tipc;usbnet;vcan;wlan_drv_gen4m_6878;wwan,21,21,0,1,0,0,1,1,1,1
contig_page_data,0xce482787,KERNEL_OR_BUILTIN,,0,mali_kbase_mt6878_r44;mali_mgm_mt6878_r44;system_heap;trace_mmstat,4,4,0,1,0,0,1,1,1,1
copy_from_kernel_nofault,0x4531ab62,KERNEL_OR_BUILTIN,,0,mrdump;mtk_heap_debug;mtk_vcu,3,3,0,1,0,0,1,1,1,1
cpr_not_support_cookie,0x619a6e0b,STOCK_MODULE,mtk_cmdq_drv_ext,1,cmdq_sec_drv,1,1,0,0,0,0,0,0,0,0
cpu_all_bits,0xd994ecee,KERNEL_OR_BUILTIN,,0,gz_tz_system;mediatek_drm;wlan_drv_gen4m_6878,3,3,0,1,0,0,1,1,1,1
cpu_bit_bitmap,0x62ad2053,KERNEL_OR_BUILTIN,,0,aee_hangdet;cache_parity;mediatek_drm;ufs_mediatek_mod;wlan_drv_gen4m_6878,5,5,0,1,0,0,1,1,1,1
cpu_busy_with_softirqs,0x3c5aab9e,KERNEL_OR_BUILTIN,,0,scheduler,1,1,0,0,0,0,0,0,0,0
cpu_hotplug_disable,0x4d0015e2,KERNEL_OR_BUILTIN,,0,aee_hangdet;mtk_core_ctl;mtk_lpm_plat_v1,3,3,0,1,0,0,1,1,1,1
cpu_hotplug_enable,0xf6c8dc62,KERNEL_OR_BUILTIN,,0,aee_hangdet;mtk_core_ctl;mtk_lpm_plat_v1,3,3,0,1,0,0,1,1,1,1
cpu_hwcaps,0x79e4c52b,KERNEL_OR_BUILTIN,,0,8021q;adsp;aee_aed;aee_rs;apu_top;apusys;atf_logger;audio_ipi;aw883xx_driver;blocktag;bluetooth;bootprof;bt_drv_6878;c2ps_perf_ioctl;camera_dpe_isp7sp;camera_eeprom_v4l2;can_dev;can_raw;ccci_dpmaif;ccci_md_all;ccci_util_lib;ccmni;clk_common;cmdq_test;connfem;conninfra;connscp;cpudvfs;cpuqos_v3;custom_ldo_wl2868;device_apc_common;dw9781c;fhctl;flashlight;fmradio_drv_connac2x;focaltech_touch_spi_ft3680;ftdi_sio;ged;gps_drv_dl_v051;gps_pwr;gps_scp;gpueb;gz_log_mod;gz_main_mod;gzvm;hbt;hf_manager;hidp;ieee802154_socket;imgsensor;l2tp_ppp;log_store;main2_vcm;main3_vcm;main4_vcm;main_vcm;mali_dmabuf_test_mt6878_r44;mali_kbase_mt6878_r44;mcupm;md_cooling_all;mddp;mdp_drv_mt6878;mediatek_drm;microarray_fp_tee;mmprofile;monitor_hang;mrdump;mt6375_battery;mt6878_mt6369;mtk_btcvsd;mtk_cam_isp7sp;mtk_ccd_remoteproc;mtk_ccuv;mtk_charger_framework;mtk_core_ctl;mtk_dpc;mtk_gpu_qos;mtk_gpufreq_wrapper;mtk_hcp;mtk_heap_debug;mtk_imgsys_v4l2;mtk_ioctl_powerhal;mtk_ioctl_touch_boost;mtk_lpm;mtk_mbraink;mtk_mdpm;mtk_mmc_dbg;mtk_mml;mtk_pbm;mtk_peak_power_budget;mtk_perf_ioctl;mtk_perf_ioctl_magt;mtk_printk_ctrl;mtk_scp_audiocommon;mtk_soc_offload_common;mtk_swpm;mtk_vcodec_dec_v1;mtk_vcu;mtk_vow;mtu3;mux_switch;nfc;pda_drv_mt6878;phy_mtk_xsphy;pidmap;pinctrl_mtk_common_v2_debug;powerhal_cpu_ctrl;ppp_generic;pppox;pptp;rfcomm;rfkill;rpmb_mtk;rtc_mt6685;sapu;scheduler;scp;sec;slcan;snd_soc_audiodsp_common;snd_soc_mt6369;snd_soc_mtk_common;snd_soc_mtk_scp_ultra;snd_soc_tfa98xx;spi_tiny_co5300_lcd;sspm_v3;st21nfc;sub_vcm;teeperf;thermal_interface;tipc;tkcore;touch_boost;uarthub_drv;ufs_mediatek_dbg;ufs_mediatek_mod;usb_logger;usb_offload;vcp;widevine_driver;wlan_drv_gen4m_6878;wmt_chrdev_wifi_connac2;wwan;xhci_mtk_hcd_v2;yft_tpd_gesture,145,146,0,1,1,0,1,1,1,1
cpu_latency_qos_add_request,0x589e1a22,KERNEL_OR_BUILTIN,,0,apusys;i2c_mt65xx;mediatek_cpufreq_hw;mediatek_drm;mtk_lpm_dbg_common_v2;mtk_lpm_plat_v1;mtk_mmc;ufs_mediatek_mod;usb_boost,9,9,0,1,0,0,1,1,1,1
cpu_latency_qos_remove_request,0x3aaa15b2,KERNEL_OR_BUILTIN,,0,apusys;mediatek_cpufreq_hw;mtk_lpm_dbg_common_v2;mtk_lpm_plat_v1;mtk_mmc,5,5,0,1,0,0,1,1,1,1
cpu_latency_qos_update_request,0xdc528096,KERNEL_OR_BUILTIN,,0,apusys;i2c_mt65xx;mediatek_drm;mtk_lpm_dbg_common_v2;mtk_lpm_plat_v1;mtk_mmc;ufs_mediatek_mod;usb_boost,8,8,0,1,0,0,1,1,1,1
cpu_number,0xf8b9acd3,KERNEL_OR_BUILTIN,,0,8250_mtk;aee_aed;aee_hangdet;apu_top;apusys;arm_dsu_pmu;blocktag;bt_drv_6878;cache_parity;ccci_util_lib;ccmni;cfg80211;cpufreq_sugov_ext;cpuqos_v3;ged;gz_ipc_mod;gz_irq_mod;gz_trusty_mod;gz_tz_system;ieee802154;imgsensor;l2tp_core;lpm_gov_MHSP;mac80211;mac802154;mali_kbase_mt6878_r44;md_cooling_all;mddp;mediatek_drm;met;mmqos_common;mrdump;mtk_c2ps;mtk_cam_isp7sp;mtk_cg_peak_power_throttling;mtk_core_ctl;mtk_cpu_power_throttling;mtk_dvfsrc_regulator;mtk_emi;mtk_fpsgo;mtk_gpu_power_throttling;mtk_gpufreq_wrapper;mtk_icc_core;mtk_imgsys_cmdq;mtk_imgsys_v4l2;mtk_low_battery_throttling;mtk_lpm;mtk_lpm_dbg_common_v2;mtk_lpm_plat_v1;mtk_mbox;mtk_mbraink;mtk_mmdvfs_ftrace;mtk_peak_power_budget;mtk_perf_common;mtk_uart_apdma;mtk_vmm_isp71_regulator;mtu3;powerhal_cpu_ctrl;scheduler;snd_soc_audiodsp_common;task_turbo;thermal_trace;timer_mediatek;tipc;touch_boost;trace_mmstat;ufs_mediatek_dbg;ufs_mediatek_mod;usb_logger;wlan_drv_gen4m_6878;xhci_mtk_hcd_v2,71,71,0,1,0,0,1,1,1,1
cpu_pm_register_notifier,0x444f1735,KERNEL_OR_BUILTIN,,0,met,1,1,0,1,0,0,1,1,1,1
cpu_pm_unregister_notifier,0x4f98d766,KERNEL_OR_BUILTIN,,0,met,1,1,0,1,0,0,1,1,1,1
cpu_scale,0x54552241,KERNEL_OR_BUILTIN,,0,cpufreq_sugov_ext;scheduler,2,2,0,1,0,0,1,1,1,1
cpu_subsys,0x94715028,KERNEL_OR_BUILTIN,,0,cpuqos_v3;mtk_core_ctl;mtk_perf_common;scheduler,4,4,0,1,0,0,1,1,1,1
cpu_topology,0x0de6d465,KERNEL_OR_BUILTIN,,0,cpufreq_sugov_ext;lpm_gov_MHSP;mtk_c2ps;mtk_cg_peak_power_throttling;mtk_core_ctl;mtk_lpm_dbg_common_v2;mtk_perf_ioctl_magt;scheduler;task_turbo;tkcore,10,10,0,1,0,0,1,1,1,1
cpufreq_add_update_util_hook,0x1403ad09,KERNEL_OR_BUILTIN,,0,cpufreq_sugov_ext,1,1,0,1,0,0,1,1,1,1
cpufreq_cpu_get,0x70475977,KERNEL_OR_BUILTIN,,0,ccci_dpmaif;cpudvfs;cpufreq_sugov_ext;mediatek_drm;met;mtk_c2ps;mtk_cg_peak_power_throttling;mtk_cm_mgr;mtk_core_ctl;mtk_cpu_power_throttling;mtk_fpsgo;mtk_mbraink;mtk_pbm;mtk_perf_common;powerhal_cpu_ctrl;scheduler;teeperf;tmem_ffa;touch_boost;usb_boost;wlan_drv_gen4m_6878,21,21,0,1,0,0,1,1,1,1
cpufreq_cpu_put,0xeff012e0,KERNEL_OR_BUILTIN,,0,cpudvfs;cpufreq_sugov_ext;mediatek_drm;met;mtk_c2ps;mtk_cg_peak_power_throttling;mtk_cm_mgr;mtk_core_ctl;mtk_cpu_power_throttling;mtk_fpsgo;mtk_mbraink;mtk_pbm;mtk_perf_common;powerhal_cpu_ctrl;scheduler;teeperf;tmem_ffa;touch_boost;wlan_drv_gen4m_6878,19,19,0,1,0,0,1,1,1,1
cpufreq_disable_fast_switch,0x9fef0d32,KERNEL_OR_BUILTIN,,0,cpufreq_sugov_ext,1,1,0,1,0,0,1,1,1,1
cpufreq_driver_fast_switch,0xbc22999d,KERNEL_OR_BUILTIN,,0,cpufreq_sugov_ext,1,1,0,1,0,0,1,1,1,1
cpufreq_driver_resolve_freq,0xaba5f612,KERNEL_OR_BUILTIN,,0,cpufreq_sugov_ext,1,1,0,1,0,0,1,1,1,1
cpufreq_enable_fast_switch,0x98b5f0dc,KERNEL_OR_BUILTIN,,0,cpufreq_sugov_ext,1,1,0,1,0,0,1,1,1,1
cpufreq_generic_attr,0x632ffc4f,KERNEL_OR_BUILTIN,,0,mediatek_cpufreq_hw,1,1,0,1,0,0,1,1,1,1
cpufreq_generic_frequency_table_verify,0xc289e46d,KERNEL_OR_BUILTIN,,0,mediatek_cpufreq_hw,1,1,0,1,0,0,1,1,1,1
cpufreq_get_policy,0xa7c7febc,KERNEL_OR_BUILTIN,,0,mtk_fpsgo,1,1,0,1,0,0,1,1,1,1
cpufreq_policy_transition_delay_us,0x353655e9,KERNEL_OR_BUILTIN,,0,cpufreq_sugov_ext,1,1,0,1,0,0,1,1,1,1
cpufreq_quick_get,0x7c46233a,KERNEL_OR_BUILTIN,,0,mtk_pbm,1,1,0,1,0,0,1,1,1,1
cpufreq_register_driver,0xee829b11,KERNEL_OR_BUILTIN,,0,mediatek_cpufreq_hw,1,1,0,1,0,0,1,1,1,1
cpufreq_register_governor,0x40a85c54,KERNEL_OR_BUILTIN,,0,cpufreq_sugov_ext,1,1,0,1,0,0,1,1,1,1
cpufreq_remove_update_util_hook,0x3192d768,KERNEL_OR_BUILTIN,,0,cpufreq_sugov_ext,1,1,0,1,0,0,1,1,1,1
cpufreq_set_cci_mode,0x68465f38,STOCK_MODULE,cpudvfs,1,powerhal_cpu_ctrl,1,1,0,0,0,0,0,0,0,0
cpufreq_table_index_unsorted,0x76dd70d6,KERNEL_OR_BUILTIN,,0,mtk_cm_mgr,1,1,0,1,0,0,1,1,1,1
cpufreq_this_cpu_can_update,0x03d7bbbb,KERNEL_OR_BUILTIN,,0,cpufreq_sugov_ext,1,1,0,1,0,0,1,1,1,1
cpufreq_unregister_driver,0x2648be53,KERNEL_OR_BUILTIN,,0,mediatek_cpufreq_hw,1,1,0,1,0,0,1,1,1,1
cpufreq_unregister_governor,0x711f2958,KERNEL_OR_BUILTIN,,0,cpufreq_sugov_ext,1,1,0,1,0,0,1,1,1,1
cpufreq_update_limits,0x816a41ca,KERNEL_OR_BUILTIN,,0,teeperf;tmem_ffa,2,2,0,1,0,0,1,1,1,1
cpufreq_update_util_data,0x68071e79,KERNEL_OR_BUILTIN,,0,scheduler,1,1,0,1,0,0,0,0,1,1
cpuidle_driver_state_disabled,0x00cb8431,KERNEL_OR_BUILTIN,,0,mtk_lpm_dbg_common_v2,1,1,0,1,0,0,1,1,1,1
cpuidle_get_driver,0x3a864b43,KERNEL_OR_BUILTIN,,0,mtk_lpm;mtk_lpm_dbg_common_v2;mtk_lpm_plat_v1,3,3,0,1,0,0,1,1,1,1
cpuidle_governor_latency_req,0xc319717f,KERNEL_OR_BUILTIN,,0,lpm_gov_MHSP,1,1,0,1,0,0,0,0,1,1
cpuidle_pause_and_lock,0xf553318d,KERNEL_OR_BUILTIN,,0,mtk_lpm;mtk_lpm_dbg_common_v2;mtk_lpm_plat_v1;vcp,4,4,0,1,0,0,1,1,1,1
cpuidle_register_governor,0x61b8fbb1,KERNEL_OR_BUILTIN,,0,lpm_gov_MHSP,1,1,0,1,0,0,0,0,1,1
cpuidle_resume_and_unlock,0xcabe04de,KERNEL_OR_BUILTIN,,0,mtk_lpm;mtk_lpm_dbg_common_v2;mtk_lpm_plat_v1;vcp,4,4,0,1,0,0,1,1,1,1
cpumask_any_and_distribute,0xceb4af5b,KERNEL_OR_BUILTIN,,0,scheduler,1,1,0,1,0,0,0,0,1,1
cpupri_find_fitness,0xa26560aa,KERNEL_OR_BUILTIN,,0,scheduler,1,1,0,1,0,0,0,0,1,1
cpus_read_lock,0xa04f945a,KERNEL_OR_BUILTIN,,0,met;tkcore_drv,2,2,0,1,0,0,1,1,1,1
cpus_read_unlock,0x18fb2caf,KERNEL_OR_BUILTIN,,0,met;tkcore_drv,2,2,0,1,0,0,1,1,1,1
cqhci_deactivate,0x687dddfd,STOCK_MODULE,cqhci,1,mtk_mmc,1,1,0,0,0,0,0,0,0,0
cqhci_init,0x9dd69341,STOCK_MODULE,cqhci,1,mtk_mmc,1,1,0,0,0,0,0,0,0,0
cqhci_irq,0x64ce7399,STOCK_MODULE,cqhci,1,mtk_mmc,1,1,0,0,0,0,0,0,0,0
crc16,0xbd6841d4,KERNEL_OR_BUILTIN,,0,bluetooth,1,2,0,1,0,0,0,0,1,1
crc32_be,0x4df02057,KERNEL_OR_BUILTIN,,0,mac80211,1,1,0,1,0,0,0,0,1,1
crc32_le,0x69dd3b5b,KERNEL_OR_BUILTIN,,0,aqc111;asix;ax88179_178a;cdc_eem;cfg80211;mac80211;mrdump;r8152;snd_soc_tfa98xx,9,9,0,1,0,0,1,1,1,1
crc8,0x9c5d5b94,KERNEL_OR_BUILTIN,,0,rt5133_regulator,1,1,0,1,0,0,1,1,1,1
crc8_populate_msb,0xaa8106bc,KERNEL_OR_BUILTIN,,0,rt5133_regulator,1,1,0,1,0,0,1,1,1,1
crc_ccitt,0x52ecbc75,KERNEL_OR_BUILTIN,,0,mac802154,1,1,0,1,0,0,0,0,1,1
crypto_aead_decrypt,0x80c539ad,KERNEL_OR_BUILTIN,,0,mac80211;mac802154;tipc,3,3,0,1,0,0,0,0,1,1
crypto_aead_encrypt,0x3d564936,KERNEL_OR_BUILTIN,,0,mac80211;mac802154;tipc,3,3,0,1,0,0,0,0,1,1
crypto_aead_setauthsize,0x5de839de,KERNEL_OR_BUILTIN,,0,mac80211;mac802154;tipc,3,3,0,1,0,0,0,0,1,1
crypto_aead_setkey,0x3de7f547,KERNEL_OR_BUILTIN,,0,mac80211;mac802154;tipc,3,3,0,1,0,0,0,0,1,1
crypto_alloc_aead,0xbfb0935d,KERNEL_OR_BUILTIN,,0,mac80211;mac802154;tipc,3,3,0,1,0,0,0,0,1,1
crypto_alloc_base,0x06caa363,KERNEL_OR_BUILTIN,,0,zram,1,1,0,1,0,0,1,1,1,1
crypto_alloc_kpp,0x7795233a,KERNEL_OR_BUILTIN,,0,bluetooth,1,2,0,1,0,0,0,0,1,1
crypto_alloc_shash,0x5b3ecf50,KERNEL_OR_BUILTIN,,0,bluetooth;mac80211;ppp_mppe;r8152;rpmb_mtk,5,6,0,1,0,0,1,1,1,1
crypto_alloc_skcipher,0xb786e327,KERNEL_OR_BUILTIN,,0,mac80211,1,1,0,1,0,0,0,0,1,1
crypto_alloc_sync_skcipher,0xdea2eaf0,KERNEL_OR_BUILTIN,,0,mac802154,1,1,0,1,0,0,0,0,1,1
crypto_comp_compress,0xdd046394,KERNEL_OR_BUILTIN,,0,zram,1,1,0,1,0,0,1,1,1,1
crypto_comp_decompress,0x240b4b98,KERNEL_OR_BUILTIN,,0,zram,1,1,0,1,0,0,1,1,1,1
crypto_default_rng,0x6c9331b1,KERNEL_OR_BUILTIN,,0,tipc,1,1,0,1,0,0,0,0,1,1
crypto_destroy_tfm,0x996f6d67,KERNEL_OR_BUILTIN,,0,bluetooth;mac80211;mac802154;ppp_mppe;r8152;rpmb_mtk;tipc;zram,8,9,0,1,0,0,1,1,1,1
crypto_ecdh_encode_key,0xb230d2ec,KERNEL_OR_BUILTIN,,0,bluetooth,1,2,0,1,0,0,0,0,1,1
crypto_ecdh_key_len,0x7475be8e,KERNEL_OR_BUILTIN,,0,bluetooth,1,2,0,1,0,0,0,0,1,1
crypto_get_default_rng,0x6ff607b6,KERNEL_OR_BUILTIN,,0,tipc,1,1,0,1,0,0,0,0,1,1
crypto_has_ahash,0x34407691,KERNEL_OR_BUILTIN,,0,ppp_mppe,1,1,0,1,0,0,0,0,1,1
crypto_has_alg,0x951a2773,KERNEL_OR_BUILTIN,,0,tipc;zram,2,2,0,1,0,0,1,1,1,1
crypto_put_default_rng,0x668402aa,KERNEL_OR_BUILTIN,,0,tipc,1,1,0,1,0,0,0,0,1,1
crypto_shash_digest,0x5dd4ac73,KERNEL_OR_BUILTIN,,0,mac80211;r8152,2,2,0,1,0,0,0,0,1,1
crypto_shash_final,0xee0bf3c2,KERNEL_OR_BUILTIN,,0,ppp_mppe;rpmb_mtk,2,2,0,1,0,0,1,1,1,1
crypto_shash_finup,0xced3ee9b,KERNEL_OR_BUILTIN,,0,mac80211,1,1,0,1,0,0,0,0,1,1
crypto_shash_setkey,0x72a3fb20,KERNEL_OR_BUILTIN,,0,bluetooth;mac80211;rpmb_mtk,3,4,0,1,0,0,1,1,1,1
crypto_shash_tfm_digest,0xd395e8c3,KERNEL_OR_BUILTIN,,0,bluetooth,1,2,0,1,0,0,0,0,1,1
crypto_shash_update,0xd0b8754a,KERNEL_OR_BUILTIN,,0,mac80211;ppp_mppe;rpmb_mtk,3,3,0,1,0,0,1,1,1,1
crypto_skcipher_decrypt,0x5528f6cb,KERNEL_OR_BUILTIN,,0,mac80211;mac802154,2,2,0,1,0,0,0,0,1,1
crypto_skcipher_encrypt,0xcfad4135,KERNEL_OR_BUILTIN,,0,mac80211;mac802154,2,2,0,1,0,0,0,0,1,1
crypto_skcipher_setkey,0x26a098fc,KERNEL_OR_BUILTIN,,0,mac80211;mac802154,2,2,0,1,0,0,0,0,1,1
css_next_child,0xd19a6c6f,KERNEL_OR_BUILTIN,,0,scheduler,1,1,0,1,0,0,0,0,1,1
csum_ipv6_magic,0x4d65cbd5,KERNEL_OR_BUILTIN,,0,r8152,1,1,0,1,0,0,0,0,1,1
csum_partial,0xe113bbbc,KERNEL_OR_BUILTIN,,0,cfg80211;mac80211,2,2,0,1,0,0,0,0,1,1
ct_idle_enter,0xa2c0f59a,KERNEL_OR_BUILTIN,,0,mtk_lpm,1,1,0,1,0,0,0,0,1,1
ct_idle_exit,0x52647db1,KERNEL_OR_BUILTIN,,0,mtk_lpm,1,1,0,1,0,0,0,0,1,1
custom_ldo_en,0x239d3df2,STOCK_MODULE,custom_ldo,1,imgsensor,1,1,0,0,0,0,0,0,0,0
custom_ldo_vout,0xfda530e0,STOCK_MODULE,custom_ldo,1,imgsensor,1,1,0,0,0,0,0,0,0,0
d_path,0x4aef61ee,KERNEL_OR_BUILTIN,,0,monitor_hang;mtk_heap_debug,2,2,0,1,0,0,1,1,1,1
dapm_clock_event,0x45277c97,KERNEL_OR_BUILTIN,,0,snd_soc_mt6878_afe,1,1,0,1,0,0,1,1,1,1
dapm_kcontrol_get_value,0xa7874699,KERNEL_OR_BUILTIN,,0,snd_soc_mt6369,1,1,0,1,0,0,1,1,1,1
dapm_regulator_event,0x09700f5e,KERNEL_OR_BUILTIN,,0,snd_soc_mt6369,1,1,0,1,0,0,1,1,1,1
datagram_poll,0x4cdae0ba,KERNEL_OR_BUILTIN,,0,bluetooth;can_bcm;can_raw;ieee802154_socket;l2tp_ppp;nfc,6,7,0,1,0,0,0,0,1,1
dbg_error_flag_register_notify,0xfe1f4a12,STOCK_MODULE,dbg_error_flag,1,bus_parity;last_bus,2,2,0,0,0,0,0,0,0,0
ddic_dsi_send_cmd_for_fp,0x14818502,STOCK_MODULE,mediatek_drm,1,panel_ky_vtdr6115_dphy_cmd,1,1,0,0,0,0,0,0,0,0
deactivate_task,0xab0c473a,KERNEL_OR_BUILTIN,,0,scheduler;task_turbo,2,2,0,1,0,0,1,1,1,1
debounce_times_perf_down_get,0x58d81146,STOCK_MODULE,mtk_cm_mgr,1,mtk_cm_mgr_mt6878,1,1,0,0,0,0,0,0,0,0
debounce_times_perf_down_local_get,0x4c71307f,STOCK_MODULE,mtk_cm_mgr,1,mtk_cm_mgr_mt6878,1,1,0,0,0,0,0,0,0,0
debounce_times_perf_down_local_set,0xdb9edfa7,STOCK_MODULE,mtk_cm_mgr,1,mtk_cm_mgr_mt6878,1,1,0,0,0,0,0,0,0,0
debugfs_attr_read,0x227fcbb5,KERNEL_OR_BUILTIN,,0,apusys;bluetooth;mali_kbase_mt6878_r44;mali_mgm_mt6878_r44,4,5,0,1,0,0,1,1,1,1
debugfs_attr_write,0x2075e13d,KERNEL_OR_BUILTIN,,0,apusys;bluetooth;mali_kbase_mt6878_r44;mali_mgm_mt6878_r44,4,5,0,1,0,0,1,1,1,1
debugfs_create_bool,0x651e1d7a,KERNEL_OR_BUILTIN,,0,hci_uart;mali_kbase_mt6878_r44,2,2,0,1,0,0,1,1,1,1
debugfs_create_devm_seqfile,0xa1e05bad,KERNEL_OR_BUILTIN,,0,apusys,1,1,0,1,0,0,1,1,1,1
debugfs_create_dir,0x6401ce4f,KERNEL_OR_BUILTIN,,0,apu_top;apusys;bluetooth;cfg80211;cmdq_test;fhctl;ged;hci_uart;mali_kbase_mt6878_r44;mali_mgm_mt6878_r44;md_cooling_all;mediatek_drm;mmprofile;mtk_cmdq_drv_ext;mtk_gpufreq_wrapper;mtk_icc_core;mtk_mml;mtk_smi_dbg;mtk_vmm_isp71_regulator;mtu3;snd_soc_tfa98xx;spmi_mtk_pmif;tcpc_class;thermal_interface;xhci_mtk_hcd_v2,25,26,0,1,0,0,1,1,1,1
debugfs_create_file,0x72b8adcd,KERNEL_OR_BUILTIN,,0,adsp;apu_top;apusys;bluetooth;cmdq_test;fhctl;ged;mali_kbase_mt6878_r44;mali_mgm_mt6878_r44;md_cooling_all;mediatek_drm;mmprofile;mtk_cmdq_drv_ext;mtk_dpc;mtk_gpufreq_wrapper;mtk_icc_core;mtk_mml;mtk_smi_dbg;mtk_vmm_isp71_regulator;mtu3;rfcomm;scp;snd_soc_mt6369;snd_soc_mt6878_afe;snd_soc_tfa98xx;spmi_mtk_pmif;tcpc_class;thermal_interface;trace_mmstat;xhci_mtk_hcd_v2,30,31,0,1,0,0,1,1,1,1
debugfs_create_regset32,0x54e62340,KERNEL_OR_BUILTIN,,0,xhci_mtk_hcd_v2,1,1,0,1,0,0,1,1,1,1
debugfs_create_symlink,0x29235f89,KERNEL_OR_BUILTIN,,0,apu_top,1,1,0,1,0,0,1,1,1,1
debugfs_create_u16,0xd87e3670,KERNEL_OR_BUILTIN,,0,bluetooth,1,2,0,1,0,0,1,1,1,1
debugfs_create_u32,0x8c1b8852,KERNEL_OR_BUILTIN,,0,apusys;hci_uart,2,2,0,1,0,0,1,1,1,1
debugfs_create_u64,0xab40bdbe,KERNEL_OR_BUILTIN,,0,apusys;hci_uart,2,2,0,1,0,0,1,1,1,1
debugfs_create_u8,0x2ca08111,KERNEL_OR_BUILTIN,,0,apusys;bluetooth;hci_uart,3,4,0,1,0,0,1,1,1,1
debugfs_create_x32,0x66eb3a39,KERNEL_OR_BUILTIN,,0,apusys,1,1,0,1,0,0,1,1,1,1
debugfs_lookup,0x092dda18,KERNEL_OR_BUILTIN,,0,cmdq_test;mtk_cmdq_drv_ext;mtk_mml;mtk_smi_dbg,4,4,0,1,0,0,1,1,1,1
debugfs_remove,0x6fb25926,KERNEL_OR_BUILTIN,,0,apu_top;apusys;bluetooth;cfg80211;ged;mali_kbase_mt6878_r44;mali_mgm_mt6878_r44;md_cooling_all;mediatek_drm;mmprofile;mtk_icc_core;mtu3;rfcomm;snd_soc_tfa98xx;tcpc_class;thermal_interface;wwan;xhci_mtk_hcd_v2,18,19,0,1,0,0,1,1,1,1
debugfs_rename,0x763313ce,KERNEL_OR_BUILTIN,,0,cfg80211,1,1,0,1,0,0,0,0,1,1
dec_zone_page_state,0x2ae04824,KERNEL_OR_BUILTIN,,0,zsmalloc,1,1,0,1,0,0,1,1,1,1
default_llseek,0xa97d698b,KERNEL_OR_BUILTIN,,0,apusys;bluetooth;mali_kbase_mt6878_r44;mtk_cam_isp7sp;snd_soc_tfa98xx,5,6,0,1,0,0,1,1,1,1
default_wake_function,0xaad8c7d6,KERNEL_OR_BUILTIN,,0,bluetooth;cdc_acm;nfc;ppp_generic;usbnet,5,6,0,1,0,0,0,0,1,1
del_gendisk,0x7f44480b,KERNEL_OR_BUILTIN,,0,zram,1,1,0,1,0,0,1,1,1,1
del_timer,0xaa4008af,KERNEL_OR_BUILTIN,,0,aee_hangdet;apusys;ccci_ccif;ccci_dpmaif;cfg80211;cmdq_sec_drv;cmdq_test;conninfra;fmradio_drv_connac2x;gps_drv_dl_v051;hci_uart;mac80211;mali_kbase_mt6878_r44;mtk_cg_peak_power_throttling;mtk_cmdq_drv_ext;mtk_lpm_dbg_common_v2;mtk_swpm_dbg_v6878;mtk_vcodec_dec_v1;nfc;rfcomm;scp;ufs_mediatek_mod;vcp,23,23,0,1,0,0,1,1,1,1
del_timer_sync,0xf15e728e,KERNEL_OR_BUILTIN,,0,apusys;can;cfg80211;conninfra;gps_drv_dl_v051;hci_uart;hidp;mac80211;mali_kbase_mt6878_r44;mediatek_drm;mt6369_accdet;mtk_c2ps;mtk_cam_isp7sp;mtk_dpc;mtk_low_battery_throttling;mtk_lpm_dbg_common_v2;mtk_swpm_dbg_v6878;mtk_vcodec_common;mtk_vcodec_dec_v1;mtk_vcodec_enc_v1;nfc;rfcomm;sensorhub;tipc;usbnet;wlan_drv_gen4m_6878;xhci_mtk_hcd_v2,27,27,0,1,0,0,1,1,1,1
delayed_work_timer_fn,0x253af43d,KERNEL_OR_BUILTIN,,0,adsp;apu_top;apusys;aw883xx_driver;bluetooth;bt_drv_6878;c2k_usb;can_dev;ccci_md_all;ccmni;cdc_acm;cfg80211;cpuqos_v3;extcon_mtk_usb;focaltech_touch_spi_ft3680;hci_uart;load_track;mac80211;mali_kbase_mt6878_r44;mdp_drv_mt6878;met;mmqos_common;mrdump;mt6363_regulator;mt6369_regulator;mt6375_charger;mtk_cm_mgr;mtk_cm_mgr_mt6878;mtk_core_ctl;mtk_gpu_qos;mtk_jpeg;mtk_mmc;mtk_pbm;mtk_perf_common;pd_dbg_info;pmic_lbat_service;r8152;rfkill;sensorhub;sh366003_fg;snd_soc_tfa98xx;spi_tiny_co5300_lcd;tcpc_class;tcpc_mt6375;thermal_trace;tipc;tmem_ffa;trace_mmstat;ufs_mediatek_mod;usb_meta;wlan_drv_gen4m_6878;xhci_mtk_hcd_v2;yft_gpio_keys,53,54,0,1,0,0,1,1,1,1
desc_to_gpio,0x967ec840,KERNEL_OR_BUILTIN,,0,st21nfc,1,1,0,1,0,0,1,1,1,1
destroy_workqueue,0x8c03d20c,KERNEL_OR_BUILTIN,,0,apusys;aw883xx_driver;bluetooth;bt_drv_6878;c2k_usb;camera_dpe_isp7sp;cfg80211;cpuqos_v3;drm_display_helper;dw9781c;fmradio_drv_connac2x;focaltech_touch_spi_ft3680;ged;gzvm;hci_uart;l2tp_core;load_track;mac80211;mac802154;mali_kbase_mt6878_r44;mdp_drv_mt6878;mediatek_drm;microarray_fp_tee;mt6369_accdet;mt6375_charger;mtk_aie;mtk_cmdq_drv_ext;mtk_fpsgo;mtk_hcp;mtk_imgsys_v4l2;mtk_lpm_dbg_common_v2;mtk_mbraink;mtk_mml;mtk_swpm;mtk_u_ether;mtk_vcodec_dec_v1;mtk_vcodec_enc_v1;mtu3;scp;sensorhub;snd_soc_tfa98xx;st21nfc;tipc;vcp,44,45,0,1,0,0,1,1,1,1
dev_add_pack,0x609b674f,KERNEL_OR_BUILTIN,,0,can;ieee802154_6lowpan;ieee802154_socket;tipc,4,4,0,1,0,0,0,0,1,1
dev_addr_mod,0x08cfab32,KERNEL_OR_BUILTIN,,0,8021q;aqc111;asix;ax88179_178a;ccmni;cdc_ether;ieee802154_6lowpan;mac80211;mac802154;mtk_u_ether;r8152;rtl8150;usbnet;wlan_drv_gen4m_6878,14,14,0,1,0,0,0,0,1,1
dev_alloc_name,0xf1291097,KERNEL_OR_BUILTIN,,0,mac80211;mac802154,2,2,0,1,0,0,0,0,1,1
dev_base_lock,0xa5976e4f,KERNEL_OR_BUILTIN,,0,thermal_trace,1,1,0,1,0,0,1,1,1,1
dev_change_flags,0x585c1f37,KERNEL_OR_BUILTIN,,0,8021q;wlan_drv_gen4m_6878,2,2,0,1,0,0,1,1,1,1
dev_close,0x30a3c21b,KERNEL_OR_BUILTIN,,0,cfg80211;mac80211,2,2,0,1,0,0,0,0,1,1
dev_close_many,0x58b4645c,KERNEL_OR_BUILTIN,,0,8021q,1,1,0,1,0,0,0,0,1,1
dev_coredumpv,0x253fb312,KERNEL_OR_BUILTIN,,0,hci_uart,1,1,0,1,0,0,0,0,1,1
dev_driver_string,0x992067ae,KERNEL_OR_BUILTIN,,0,apusys;ccci_dpmaif;drm_display_helper;i2c_mt65xx;mtk_aie;mtk_cam_isp7sp;spi_mt65xx;wlan_drv_gen4m_6878;xhci_mtk_hcd_v2,9,9,0,1,0,0,1,1,1,1
dev_err_probe,0x84311b34,KERNEL_OR_BUILTIN,,0,can_dev;mtu3;xhci_mtk_hcd_v2,3,3,0,1,0,0,1,1,1,1
dev_fetch_sw_netstats,0xa1051fd8,KERNEL_OR_BUILTIN,,0,mac80211,1,1,0,1,0,0,0,0,1,1
dev_fwnode,0xc473d041,KERNEL_OR_BUILTIN,,0,arm_dsu_pmu;bluetooth;mtu3;rt_pd_manager,4,5,0,1,0,0,1,1,1,1
dev_get_by_index,0xb5783cb2,KERNEL_OR_BUILTIN,,0,can_bcm;can_raw;cfg80211;ieee802154;ieee802154_6lowpan;ieee802154_socket,6,6,0,1,0,0,0,0,1,1
dev_get_by_index_rcu,0x98b0d070,KERNEL_OR_BUILTIN,,0,can_bcm,1,1,0,1,0,0,0,0,1,1
dev_get_by_name,0xa9d5e9c6,KERNEL_OR_BUILTIN,,0,ieee802154;ieee802154_socket;mddp;tipc;wmt_chrdev_wifi_connac2,5,5,0,1,0,0,1,1,1,1
dev_get_flags,0x80faba5e,KERNEL_OR_BUILTIN,,0,8021q,1,1,0,1,0,0,0,0,1,1
dev_get_regmap,0x100b434b,KERNEL_OR_BUILTIN,,0,ccci_md_all;clkbuf;conninfra;gps_drv_dl_v051;log_store;mediatek_drm;mt6315_regulator;mt6363_regulator;mt6369_accdet;mt6369_regulator;mt6375_adc;mt6375_auxadc;mt6375_battery;mt6375_charger;mt6685_audclk;mtk_battery_oc_throttling;mtk_dynamic_loading_throttling;mtk_pmic_keys;mtk_pmic_oc_debug;mtk_spmi_pmic_adc;mtu3;nvmem_mt635x_efuse;pinctrl_mtk_v2;pmic_lbat_service;pmic_lvsys_notify;pmic_temp;rtc_mt6685;snd_soc_mt6369;snd_soc_mt6878_afe;tcpc_mt6375,30,30,0,1,0,0,1,1,1,1
dev_get_stats,0x6ee4ba67,KERNEL_OR_BUILTIN,,0,8021q;ccmni;mtk_usb_f_rndis;thermal_trace;wlan_drv_gen4m_6878,5,5,0,1,0,0,1,1,1,1
dev_get_tstats64,0x2aeaf871,KERNEL_OR_BUILTIN,,0,aqc111;asix;ax88179_178a;cdc_ncm;usbnet,5,5,0,1,0,0,1,1,1,1
dev_getbyhwaddr_rcu,0xae67278c,KERNEL_OR_BUILTIN,,0,ieee802154_socket,1,1,0,1,0,0,0,0,1,1
dev_getfirstbyhwtype,0x4baeefa3,KERNEL_OR_BUILTIN,,0,ieee802154_socket,1,1,0,1,0,0,0,0,1,1
dev_load,0x1aa37d86,KERNEL_OR_BUILTIN,,0,ieee802154_socket,1,1,0,1,0,0,0,0,1,1
dev_mc_sync,0x19c1118d,KERNEL_OR_BUILTIN,,0,8021q,1,1,0,1,0,0,0,0,1,1
dev_mc_unsync,0x06accf73,KERNEL_OR_BUILTIN,,0,8021q,1,1,0,1,0,0,0,0,1,1
dev_nit_active,0x897fd5d9,KERNEL_OR_BUILTIN,,0,tipc,1,1,0,1,0,0,0,0,1,1
dev_pm_clear_wake_irq,0x01e7ead9,KERNEL_OR_BUILTIN,,0,xhci_mtk_hcd_v2,1,1,0,1,0,0,1,1,1,1
dev_pm_domain_attach_by_id,0x3292651b,KERNEL_OR_BUILTIN,,0,mtk_cam_isp7sp,1,1,0,1,0,0,1,1,1,1
dev_pm_domain_detach,0xbd56661e,KERNEL_OR_BUILTIN,,0,mtk_cam_isp7sp,1,1,0,1,0,0,1,1,1,1
dev_pm_genpd_add_notifier,0x6092de0f,KERNEL_OR_BUILTIN,,0,adsp;clk_common;mtk_iommu;mtk_mminfra_debug;mtk_smi;mtk_vmm_notifier,6,6,0,1,0,0,1,1,1,1
dev_pm_genpd_set_performance_state,0x81bb593b,KERNEL_OR_BUILTIN,,0,mtk_cm_mgr_mt6878,1,1,0,1,0,0,1,1,1,1
dev_pm_opp_add,0xe7184297,KERNEL_OR_BUILTIN,,0,mtk_dvfsrc_devfreq,1,1,0,1,0,0,1,1,1,1
dev_pm_opp_clear_config,0x32295715,KERNEL_OR_BUILTIN,,0,mali_kbase_mt6878_r44,1,1,0,1,0,0,0,0,1,1
dev_pm_opp_find_freq_ceil,0xa04c730f,KERNEL_OR_BUILTIN,,0,apu_top;mali_kbase_mt6878_r44;mediatek_drm;mmqos_common;mtk_cam_isp7sp;mtk_jpeg;mtk_mmdvfs;mtk_mml;mtk_vcodec_dec_v1;mtk_vcodec_enc_v1;mtk_vmm_isp71_regulator,11,11,0,1,0,0,1,1,1,1
dev_pm_opp_find_freq_exact,0x0646177d,KERNEL_OR_BUILTIN,,0,mali_kbase_mt6878_r44,1,1,0,1,0,0,1,1,1,1
dev_pm_opp_find_freq_floor,0x8229b3d9,KERNEL_OR_BUILTIN,,0,cpudvfs;mali_kbase_mt6878_r44;mmqos_common,3,3,0,1,0,0,1,1,1,1
dev_pm_opp_get_freq,0xb3fc1b14,KERNEL_OR_BUILTIN,,0,apu_top;mtk_dvfsrc_devfreq,2,2,0,1,0,0,1,1,1,1
dev_pm_opp_get_level,0xf6b29b49,KERNEL_OR_BUILTIN,,0,mtk_scpsys,1,1,0,1,0,0,1,1,1,1
dev_pm_opp_get_opp_count,0x738e5f33,KERNEL_OR_BUILTIN,,0,mali_kbase_mt6878_r44;mdp_drv_mt6878;mediatek_drm;mtk_cam_isp7sp;mtk_jpeg;mtk_mml;mtk_vcodec_dec_v1;mtk_vcodec_enc_v1;mtk_vmm_isp71_regulator,9,9,0,1,0,0,1,1,1,1
dev_pm_opp_get_opp_table,0x5afd1bfe,KERNEL_OR_BUILTIN,,0,apu_top,1,1,0,1,0,0,1,1,1,1
dev_pm_opp_get_voltage,0x617211ff,KERNEL_OR_BUILTIN,,0,apu_top;mali_kbase_mt6878_r44;mediatek_drm;mmqos_common;mtk_cam_isp7sp;mtk_jpeg;mtk_mmdvfs;mtk_mml;mtk_vcodec_dec_v1;mtk_vcodec_enc_v1;mtk_vmm_isp71_regulator,11,11,0,1,0,0,1,1,1,1
dev_pm_opp_of_add_table,0x2d3b704e,KERNEL_OR_BUILTIN,,0,mali_kbase_mt6878_r44;mediatek_drm;mmqos_common;mtk_cam_isp7sp;mtk_imgsys_cmdq;mtk_jpeg;mtk_mmdvfs;mtk_mml;mtk_vcodec_dec_v1;mtk_vcodec_enc_v1;mtk_vmm_isp71_regulator,11,11,0,1,0,0,1,1,1,1
dev_pm_opp_of_add_table_indexed,0x9d67227a,KERNEL_OR_BUILTIN,,0,apu_top;mdp_drv_mt6878,2,2,0,1,0,0,1,1,1,1
dev_pm_opp_of_remove_table,0x04bb325e,KERNEL_OR_BUILTIN,,0,mali_kbase_mt6878_r44;mtk_cam_isp7sp,2,2,0,1,0,0,1,1,1,1
dev_pm_opp_put,0x628882fb,KERNEL_OR_BUILTIN,,0,apu_top;mali_kbase_mt6878_r44;mediatek_drm;mmqos_common;mtk_cam_isp7sp;mtk_dvfsrc_devfreq;mtk_jpeg;mtk_mmdvfs;mtk_mml;mtk_vcodec_dec_v1;mtk_vcodec_enc_v1;mtk_vmm_isp71_regulator,12,12,0,1,0,0,1,1,1,1
dev_pm_opp_put_opp_table,0xbc4e604a,KERNEL_OR_BUILTIN,,0,apu_top,1,1,0,1,0,0,1,1,1,1
dev_pm_opp_remove_all_dynamic,0x94de810f,KERNEL_OR_BUILTIN,,0,mtk_dvfsrc_devfreq,1,1,0,1,0,0,1,1,1,1
dev_pm_opp_set_config,0xf91199eb,KERNEL_OR_BUILTIN,,0,mali_kbase_mt6878_r44,1,1,0,1,0,0,0,0,1,1
dev_pm_qos_add_notifier,0x6237e7ff,KERNEL_OR_BUILTIN,,0,lpm_gov_MHSP,1,1,0,1,0,0,0,0,1,1
dev_pm_qos_remove_notifier,0xce2252ae,KERNEL_OR_BUILTIN,,0,lpm_gov_MHSP,1,1,0,1,0,0,0,0,1,1
dev_pm_qos_update_request,0x279988b8,KERNEL_OR_BUILTIN,,0,apu_top,1,1,0,1,0,0,1,1,1,1
dev_pm_set_dedicated_wake_irq_reverse,0x559050f3,KERNEL_OR_BUILTIN,,0,xhci_mtk_hcd_v2,1,1,0,1,0,0,0,0,1,1
dev_remove_pack,0x2bfff2a4,KERNEL_OR_BUILTIN,,0,can;ieee802154_6lowpan;ieee802154_socket;tipc,4,4,0,1,0,0,0,0,1,1
dev_set_allmulti,0x4ecd66ce,KERNEL_OR_BUILTIN,,0,8021q,1,1,0,1,0,0,0,0,1,1
dev_set_mac_address,0x0d98be8b,KERNEL_OR_BUILTIN,,0,ieee802154;r8152,2,2,0,1,0,0,1,1,1,1
dev_set_mtu,0x0793a2a4,KERNEL_OR_BUILTIN,,0,8021q,1,1,0,1,0,0,0,0,1,1
dev_set_name,0x0784f05c,KERNEL_OR_BUILTIN,,0,adapter_class;aw883xx_driver;bluetooth;cfg80211;charger_class;ffa_v10;ieee802154;mtk_charger_algorithm_class;nfc;rfkill;rpmb;snd_soc_tfa98xx;tcpc_class;usbserial;wwan,15,16,0,1,0,0,1,1,1,1
dev_set_promiscuity,0xce576468,KERNEL_OR_BUILTIN,,0,8021q,1,1,0,1,0,0,0,0,1,1
dev_set_threaded,0x91ca7518,KERNEL_OR_BUILTIN,,0,wlan_drv_gen4m_6878,1,1,0,1,0,0,0,0,1,1
dev_uc_add,0x9ae58f51,KERNEL_OR_BUILTIN,,0,8021q,1,1,0,1,0,0,0,0,1,1
dev_uc_del,0xa8dd16a5,KERNEL_OR_BUILTIN,,0,8021q,1,1,0,1,0,0,0,0,1,1
dev_uc_sync,0x0be53878,KERNEL_OR_BUILTIN,,0,8021q,1,1,0,1,0,0,0,0,1,1
dev_uc_unsync,0x2dd550c3,KERNEL_OR_BUILTIN,,0,8021q,1,1,0,1,0,0,0,0,1,1
devapc_resume_noirq,0xb10baf5b,STOCK_MODULE,device_apc_common,1,device_apc_mt6878,1,1,0,0,0,0,0,0,0,0
devapc_suspend_noirq,0x67212abb,STOCK_MODULE,device_apc_common,1,device_apc_mt6878,1,1,0,0,0,0,0,0,0,0
devfreq_add_device,0x7ea982d2,KERNEL_OR_BUILTIN,,0,mali_kbase_mt6878_r44,1,1,0,1,0,0,1,1,1,1
devfreq_add_governor,0xa1de781d,KERNEL_OR_BUILTIN,,0,apu_top;mali_kbase_mt6878_r44,2,2,0,1,0,0,1,1,1,1
devfreq_cooling_unregister,0x38dd7eaa,KERNEL_OR_BUILTIN,,0,mali_kbase_mt6878_r44,1,1,0,1,0,0,1,1,1,1
devfreq_get_devfreq_by_phandle,0x13bddc95,KERNEL_OR_BUILTIN,,0,apu_top,1,1,0,1,0,0,1,1,1,1
devfreq_monitor_resume,0xcb31d2fd,KERNEL_OR_BUILTIN,,0,apu_top;mali_kbase_mt6878_r44,2,2,0,1,0,0,1,1,1,1
devfreq_monitor_start,0x28179e84,KERNEL_OR_BUILTIN,,0,apu_top;mali_kbase_mt6878_r44,2,2,0,1,0,0,1,1,1,1
devfreq_monitor_stop,0x5b5b4508,KERNEL_OR_BUILTIN,,0,apu_top;mali_kbase_mt6878_r44,2,2,0,1,0,0,1,1,1,1
devfreq_monitor_suspend,0xf304bbbc,KERNEL_OR_BUILTIN,,0,apu_top;mali_kbase_mt6878_r44,2,2,0,1,0,0,1,1,1,1
devfreq_recommended_opp,0x7495765d,KERNEL_OR_BUILTIN,,0,apu_top;mali_kbase_mt6878_r44;mtk_dvfsrc_devfreq,3,3,0,1,0,0,1,1,1,1
devfreq_register_opp_notifier,0x69986964,KERNEL_OR_BUILTIN,,0,mali_kbase_mt6878_r44,1,1,0,1,0,0,1,1,1,1
devfreq_remove_device,0x60ecad3d,KERNEL_OR_BUILTIN,,0,mali_kbase_mt6878_r44;mtk_dvfsrc_devfreq,2,2,0,1,0,0,1,1,1,1
devfreq_remove_governor,0xe9ff59fd,KERNEL_OR_BUILTIN,,0,apu_top;mali_kbase_mt6878_r44,2,2,0,1,0,0,1,1,1,1
devfreq_resume_device,0xbfc01b5d,KERNEL_OR_BUILTIN,,0,apu_top;mali_kbase_mt6878_r44;ufs_mediatek_mod,3,3,0,1,0,0,1,1,1,1
devfreq_suspend_device,0xf894254b,KERNEL_OR_BUILTIN,,0,apu_top;mali_kbase_mt6878_r44;ufs_mediatek_mod,3,3,0,1,0,0,1,1,1,1
devfreq_unregister_opp_notifier,0x80d2a057,KERNEL_OR_BUILTIN,,0,mali_kbase_mt6878_r44,1,1,0,1,0,0,1,1,1,1
devfreq_update_interval,0x3d86f570,KERNEL_OR_BUILTIN,,0,apu_top;mali_kbase_mt6878_r44,2,2,0,1,0,0,1,1,1,1
device_add,0xc47219a9,KERNEL_OR_BUILTIN,,0,bluetooth;cfg80211;ieee802154;nfc;rfkill;usbserial,6,7,0,1,0,0,1,1,1,1
device_add_disk,0x5b26c1e6,KERNEL_OR_BUILTIN,,0,zram,1,1,0,1,0,0,1,1,1,1
device_create,0x6bc6324b,KERNEL_OR_BUILTIN,,0,apusys;bt_drv_6878;c2k_usb;camera_dpe_isp7sp;camera_eeprom_v4l2;ccci_md_all;ccci_util_lib;connadp;connfem;conninfra;connscp;flashlight;fmradio_drv_connac2x;gps_drv_dl_v051;gps_pwr;gps_scp;gz_ipc_mod;gz_main_mod;hf_manager;mdp_drv_mt6878;mediatek_drm;microarray_fp_tee;mt6375_battery;mtk_ccd_remoteproc;mtk_ccuv;mtk_cg_peak_power_throttling;mtk_hcp;mtk_vcu;pda_drv_mt6878;ppp_generic;rpmb_mtk;sec;teeperf;usb_boost;usb_meta;widevine_driver;wlan_drv_gen4m_6878;wmt_chrdev_wifi_connac2,38,38,0,1,0,0,1,1,1,1
device_create_bin_file,0x0b968d79,KERNEL_OR_BUILTIN,,0,scp;snd_soc_tfa98xx;sspm_v3;vcp,4,4,0,1,0,0,1,1,1,1
device_create_file,0xe25f59ab,KERNEL_OR_BUILTIN,,0,aw36515;aw36518;aw36518_v2;c2k_usb;cdc_acm;extcon_mtk_usb;flashlight;gpueb;gz_main_mod;gz_trusty_mod;imgsensor;leds_ln2403;leds_mtk;mcupm;mediatek_drm;met;mt6375_battery;mt6375_charger;mtk_bp_thl;mtk_cam_isp7sp;mtk_charger_framework;mtk_low_battery_throttling;mtk_mbraink;mtk_pep50;mtk_pwm;mtk_scp_audiocommon;mtk_vow;pmic_lbat_service;rfcomm;sc851x_charger;sc8571_charger;spi_mt65xx;sspm_v3;tinysys_scmi;tkcore;usb_boost;usb_meta;yft_devinfo;yft_tiny2c_usb,39,39,0,1,0,0,1,1,1,1
device_create_managed_software_node,0x07813c35,KERNEL_OR_BUILTIN,,0,xhci_mtk_hcd_v2,1,1,0,1,0,0,0,0,1,1
device_create_with_groups,0xa2675780,KERNEL_OR_BUILTIN,,0,extdev_io_class,1,1,0,1,0,0,1,1,1,1
device_del,0x9a53602b,KERNEL_OR_BUILTIN,,0,bluetooth;cfg80211;ieee802154;nfc;rfkill;rpmb;usbserial,7,8,0,1,0,0,1,1,1,1
device_destroy,0xc2569e41,KERNEL_OR_BUILTIN,,0,apusys;bt_drv_6878;c2k_usb;camera_dpe_isp7sp;camera_eeprom_v4l2;connadp;connfem;conninfra;connscp;flashlight;fmradio_drv_connac2x;gps_drv_dl_v051;gps_pwr;gps_scp;gz_ipc_mod;hf_manager;mdp_drv_mt6878;mediatek_drm;mtk_ccd_remoteproc;mtk_cg_peak_power_throttling;mtk_vcu;pda_drv_mt6878;ppp_generic;sec;teeperf;usb_meta;widevine_driver;wlan_drv_gen4m_6878;wmt_chrdev_wifi_connac2,29,29,0,1,0,0,1,1,1,1
device_find_child,0x07583eb2,KERNEL_OR_BUILTIN,,0,bluetooth,1,2,0,1,0,0,0,0,1,1
device_find_child_by_name,0xfe92284a,KERNEL_OR_BUILTIN,,0,mtu3;wwan,2,2,0,1,0,0,0,0,1,1
device_for_each_child,0xe22fac99,KERNEL_OR_BUILTIN,,0,gz_trusty_mod;wwan,2,2,0,1,0,0,1,1,1,1
device_get_child_node_count,0xd337280d,KERNEL_OR_BUILTIN,,0,leds_mtk_disp;yft_gpio_keys,2,2,0,1,0,0,1,1,1,1
device_get_match_data,0xf1b58a74,KERNEL_OR_BUILTIN,,0,hci_uart;mt6375_auxadc;pinctrl_mtk_v2,3,3,0,1,0,0,1,1,1,1
device_get_named_child_node,0xb456957a,KERNEL_OR_BUILTIN,,0,extdev_io_class,1,1,0,0,0,0,0,0,0,0
device_get_next_child_node,0xe570c27d,KERNEL_OR_BUILTIN,,0,leds_mtk_disp;yft_gpio_keys,2,2,0,1,0,0,1,1,1,1
device_initialize,0x554e3ff5,KERNEL_OR_BUILTIN,,0,bluetooth;cfg80211;ieee802154;nfc;rfkill;usbserial,6,7,0,1,0,0,1,1,1,1
device_link_add,0x17336304,KERNEL_OR_BUILTIN,,0,apu_top;cmdq_sec_drv;mediatek_drm;mtk_aie;mtk_cam_isp7sp;mtk_ccuv;mtk_cmdq_drv_ext;mtk_imgsys_v4l2;mtk_iommu;mtk_ipesys_me;mtk_jpeg;mtk_mmdvfs_v3;mtk_smi;mtk_vcodec_dec_v1;mtk_vcodec_enc_v1;pda_drv_mt6878;ufs_mediatek_mod;vcp,18,18,0,1,0,0,1,1,1,1
device_link_remove,0x421ad161,KERNEL_OR_BUILTIN,,0,mtk_iommu,1,1,0,1,0,0,1,1,1,1
device_match_any,0x79bc2c09,KERNEL_OR_BUILTIN,,0,ffa_v10,1,1,0,1,0,0,1,1,1,1
device_match_name,0x4291b3e0,KERNEL_OR_BUILTIN,,0,ieee802154;tkcore,2,2,0,1,0,0,0,0,1,1
device_move,0xa20b010c,KERNEL_OR_BUILTIN,,0,bluetooth;rfcomm,2,3,0,1,0,0,0,0,1,1
device_node_to_regmap,0x6bbe1b3a,KERNEL_OR_BUILTIN,,0,clk_common;mtu3,2,2,0,1,0,0,1,1,1,1
device_property_present,0xd4b590ed,KERNEL_OR_BUILTIN,,0,hci_uart;mt6375_charger;phy_mtk_xsphy;rt6160_regulator;st21nfc;tcpc_mt6375;yft_gpio_keys,7,7,0,1,0,0,1,1,1,1
device_property_read_string,0x4f49d69f,KERNEL_OR_BUILTIN,,0,hci_uart;mtu3;phy_mtk_xsphy;tcpc_mt6375;yft_gpio_keys,5,5,0,1,0,0,1,1,1,1
device_property_read_u32_array,0x752e64c4,KERNEL_OR_BUILTIN,,0,can_dev;hci_uart;mt6375_charger;phy_mtk_xsphy;tcpc_mt6375;usb_boost;xhci_mtk_hcd_v2,7,7,0,1,0,0,1,1,1,1
device_property_read_u8_array,0x993d17a3,KERNEL_OR_BUILTIN,,0,hci_uart,1,1,0,1,0,0,0,0,1,1
device_register,0x0fa063de,KERNEL_OR_BUILTIN,,0,adapter_class;charger_class;ffa_v10;mtk_charger_algorithm_class;mtk_mbraink;rpmb;tcpc_class;wwan,8,8,0,1,0,0,1,1,1,1
device_remove_bin_file,0x4a5f012e,KERNEL_OR_BUILTIN,,0,snd_soc_tfa98xx,1,1,0,1,0,0,1,1,1,1
device_remove_file,0x17678b2a,KERNEL_OR_BUILTIN,,0,c2k_usb;cdc_acm;flashlight;gz_main_mod;gz_trusty_mod;imgsensor;leds_ln2403;leds_mtk;mediatek_drm;met;mt6375_charger;mtk_cam_isp7sp;mtk_mbraink;mtk_pwm;tkcore;usb_boost;yft_devinfo;yft_tiny2c_usb,18,18,0,1,0,0,1,1,1,1
device_rename,0x7033f9f3,KERNEL_OR_BUILTIN,,0,cfg80211;ieee802154,2,2,0,1,0,0,1,1,1,1
device_set_of_node_from_dev,0xdadf3a62,KERNEL_OR_BUILTIN,,0,tcpc_class,1,1,0,1,0,0,1,1,1,1
device_set_wakeup_capable,0x490c3055,KERNEL_OR_BUILTIN,,0,conninfra;hci_uart;mt6375_adc;mt6375_auxadc;mtk_pep50;mtk_spmi_pmic;mtu3;rtc_mt6685;tcpc_class;tcpc_mt6375;wlan_drv_gen4m_6878;xhci_mtk_hcd_v2;yft_gpio_keys,13,13,0,1,0,0,1,1,1,1
device_set_wakeup_enable,0xbea999aa,KERNEL_OR_BUILTIN,,0,r8152,1,1,0,1,0,0,0,0,1,1
device_show_bool,0xe3983df5,KERNEL_OR_BUILTIN,,0,apusys,1,1,0,1,0,0,1,1,1,1
device_store_bool,0xde719222,KERNEL_OR_BUILTIN,,0,apusys,1,1,0,1,0,0,1,1,1,1
device_unregister,0xd6b17cf1,KERNEL_OR_BUILTIN,,0,adapter_class;bluetooth;charger_class;extdev_io_class;ffa_v10;mtk_charger_algorithm_class;mtk_mbraink;tcpc_class;wwan,9,10,0,1,0,0,1,1,1,1
device_wakeup_disable,0x1c7ea990,KERNEL_OR_BUILTIN,,0,conninfra;hci_uart;mtu3;tcpc_mt6375;xhci_mtk_hcd_v2;yft_gpio_keys,6,6,0,1,0,0,0,0,1,1
device_wakeup_enable,0x088b197f,KERNEL_OR_BUILTIN,,0,conninfra;hci_uart;mt6375_adc;mt6375_auxadc;mtk_pep50;mtk_spmi_pmic;mtu3;rtc_mt6685;tcpc_class;tcpc_mt6375;wlan_drv_gen4m_6878;xhci_mtk_hcd_v2;yft_gpio_keys,13,13,0,1,0,0,0,0,1,1
devm_add_action,0xe6fe2896,KERNEL_OR_BUILTIN,,0,extdev_io_class;industrialio_triggered_buffer;mt6375_auxadc;xhci_mtk_hcd_v2;yft_gpio_keys,5,5,0,1,0,0,1,1,1,1
devm_backlight_device_register,0x55da2bd9,KERNEL_OR_BUILTIN,,0,drm_display_helper,1,1,0,1,0,0,0,0,1,1
devm_blk_crypto_profile_init,0x9318bcc8,KERNEL_OR_BUILTIN,,0,cqhci,1,1,0,1,0,0,0,0,1,1
devm_clk_bulk_get,0xeef0516b,KERNEL_OR_BUILTIN,,0,mtk_aie;mtk_imgsys_v4l2;mtk_ipesys_me;mtk_jpeg;phy_mtk_ufs,5,5,0,1,0,0,1,1,1,1
devm_clk_bulk_get_optional,0xcf5dcde7,KERNEL_OR_BUILTIN,,0,mtk_mmc;mtu3;xhci_mtk_hcd_v2,3,3,0,1,0,0,1,1,1,1
devm_clk_get,0xa25d3c67,KERNEL_OR_BUILTIN,,0,8250_mtk;camera_dpe_isp7sp;ccci_ccif;ccci_dpmaif;ccci_fsm_scp;ccci_md_all;clk_common;cmdq_sec_drv;cmdq_test;device_apc_common;hci_uart;i2c_mt65xx;imgsensor;mdp_drv_mt6878;mediatek_drm;mmqos_common;mtk_cam_isp7sp;mtk_ccuv;mtk_cmdq_drv_ext;mtk_imgsys_cmdq;mtk_iommu;mtk_jpeg;mtk_mmc;mtk_mmdvfs;mtk_mmdvfs_v3;mtk_mminfra_debug;mtk_mml;mtk_pmic_wrap;mtk_pwm;mtk_scpsys;mtk_smi;mtk_uart_apdma;mtk_vcodec_dec_v1;mtk_vcodec_enc_v1;mtk_vmm_isp71_regulator;mtk_vmm_notifier;pda_drv_mt6878;phy_mtk_xsphy;pwm_mtk_disp;scp;snd_soc_mt6878_afe;soc_temp_lvts;spi_mt65xx;spmi_mtk_pmif;uarthub_drv;ufs_mediatek_mod;vcp,47,47,0,1,0,0,1,1,1,1
devm_clk_get_optional,0x8d6f4569,KERNEL_OR_BUILTIN,,0,hci_uart;mtk_mmc,2,2,0,1,0,0,1,1,1,1
devm_clk_put,0x2f220db3,KERNEL_OR_BUILTIN,,0,hci_uart,1,1,0,1,0,0,1,1,1,1
devm_clk_register,0x5878b0aa,KERNEL_OR_BUILTIN,,0,mediatek_drm,1,1,0,1,0,0,1,1,1,1
devm_devfreq_add_device,0x83ab22d6,KERNEL_OR_BUILTIN,,0,apu_top;mtk_dvfsrc_devfreq,2,2,0,1,0,0,1,1,1,1
devm_devfreq_register_notifier,0xde16c4ef,KERNEL_OR_BUILTIN,,0,apu_top,1,1,0,1,0,0,1,1,1,1
devm_devfreq_remove_device,0x79fa057d,KERNEL_OR_BUILTIN,,0,apu_top,1,1,0,1,0,0,1,1,1,1
devm_devfreq_unregister_notifier,0x4e144aab,KERNEL_OR_BUILTIN,,0,apu_top,1,1,0,1,0,0,1,1,1,1
devm_extcon_dev_allocate,0x791836df,KERNEL_OR_BUILTIN,,0,extcon_mtk_usb;mediatek_drm,2,2,0,1,0,0,1,1,1,1
devm_extcon_dev_register,0xd0e76d8f,KERNEL_OR_BUILTIN,,0,extcon_mtk_usb;mediatek_drm,2,2,0,1,0,0,1,1,1,1
devm_extcon_register_notifier,0x1f9c8229,KERNEL_OR_BUILTIN,,0,mtu3,1,1,0,1,0,0,1,1,1,1
devm_extdev_io_device_register,0x69f2448d,STOCK_MODULE,extdev_io_class,1,rt5133_regulator,1,1,0,0,0,0,0,0,0,0
devm_free_irq,0xaa6e7490,KERNEL_OR_BUILTIN,,0,aw883xx_driver;hci_uart;mtk_ccuv;mtk_iommu;st21nfc,5,5,0,1,0,0,1,1,1,1
devm_fwnode_gpiod_get_index,0x92ce209d,KERNEL_OR_BUILTIN,,0,yft_gpio_keys,1,1,0,0,0,0,0,0,0,0
devm_gpio_request_one,0xc4a21586,KERNEL_OR_BUILTIN,,0,aw36515;aw36518;aw36518_v2;aw883xx_driver;yft_gpio_keys,5,5,0,1,0,0,1,1,1,1
devm_gpiochip_add_data_with_key,0xda8fe327,KERNEL_OR_BUILTIN,,0,rt5133_regulator,1,1,0,1,0,0,1,1,1,1
devm_gpiod_get,0x66e8ab95,KERNEL_OR_BUILTIN,,0,custom_ldo_wl2868;extcon_mtk_usb;mediatek_drm_gateic;panel_ky_vtdr6115_dphy_cmd;rt4831a_drv;st21nfc,6,6,0,1,0,0,1,1,1,1
devm_gpiod_get_index,0x37498737,KERNEL_OR_BUILTIN,,0,mediatek_drm_gateic;mediatek_drm_panel_drv;mtk_mmc,3,3,0,1,0,0,1,1,1,1
devm_gpiod_get_optional,0xe17397b0,KERNEL_OR_BUILTIN,,0,can_dev;hci_uart;rt5133_regulator;rt6160_regulator,4,4,0,1,0,0,1,1,1,1
devm_gpiod_put,0xa8cb2b21,KERNEL_OR_BUILTIN,,0,custom_ldo_wl2868;mediatek_drm_gateic;mediatek_drm_panel_drv;panel_ky_vtdr6115_dphy_cmd;rt4831a_drv;st21nfc,6,6,0,1,0,0,1,1,1,1
devm_hwrng_register,0x9b4c1e3d,KERNEL_OR_BUILTIN,,0,sec_rng,1,1,0,1,0,0,1,1,1,1
devm_i2c_new_dummy_device,0x2cc383ae,KERNEL_OR_BUILTIN,,0,mt6375,1,1,0,1,0,0,1,1,1,1
devm_iio_channel_get,0xf9e3414e,KERNEL_OR_BUILTIN,,0,connfem;mt6369_accdet;mt6375_auxadc;mt6375_battery;mtk_dynamic_loading_throttling;pmic_temp;snd_soc_mt6369;thermal_generic_adc,8,8,0,1,0,0,1,1,1,1
devm_iio_channel_get_all,0xa33a8bc2,KERNEL_OR_BUILTIN,,0,mt6375_charger;tcpc_mt6375,2,2,0,1,0,0,1,1,1,1
devm_iio_device_alloc,0xfb1c3e17,KERNEL_OR_BUILTIN,,0,mt6375_adc;mt6375_auxadc;mtk_spmi_pmic_adc,3,3,0,1,0,0,1,1,1,1
devm_iio_triggered_buffer_setup_ext,0xe104d49f,STOCK_MODULE,industrialio_triggered_buffer,1,mt6375_adc,1,1,0,0,0,0,0,0,0,0
devm_input_allocate_device,0x3819137b,KERNEL_OR_BUILTIN,,0,mtk_pmic_keys;yft_gpio_keys,2,2,0,1,0,0,1,1,1,1
devm_ioremap,0xfb2db23b,KERNEL_OR_BUILTIN,,0,8250_mtk;adsp;cmdq_sec_drv;cqhci;gps_drv_dl_v051;gpueb;mali_prot_alloc_mt6878_r44;mcupm;mtk_ccuv;mtk_dvfsrc_helper;mtk_gpufreq_mt6878;mtk_mbox_mailbox;mtk_smi_dbg;mtk_vmm_spm;phy_mtk_xsphy,15,15,0,1,0,0,1,1,1,1
devm_ioremap_resource,0x39f72cab,KERNEL_OR_BUILTIN,,0,apusys;board_temp;clk_mt6878;emi_mpu;i2c_mt65xx;mcupm;mediatek_drm;mtk_aie;mtk_cam_isp7sp;mtk_cm_mgr;mtk_cmdq_drv_ext;mtk_dpc;mtk_dramc;mtk_dvfsrc;mtk_iommu;mtk_jpeg;mtk_mbox;mtk_mbox_mailbox;mtk_mmc;mtk_mminfra_debug;mtk_peak_power_budget;mtk_pmic_wrap;mtk_qos;mtk_scpsys;mtk_smi;mtk_vcodec_dec_v1;mtk_vcodec_enc_v1;phy_mtk_xsphy;scp;snd_soc_mt6878_afe;soc_temp_lvts;spmi_mtk_mpu;spmi_mtk_pmif;sspm_v3;thermal_interface;vcp;xhci_mtk_hcd_v2,37,37,0,1,0,0,1,1,1,1
devm_ioremap_wc,0x58e6491a,KERNEL_OR_BUILTIN,,0,apusys,1,1,0,1,0,0,1,1,1,1
devm_iounmap,0x61df24fa,KERNEL_OR_BUILTIN,,0,mali_prot_alloc_mt6878_r44,1,1,0,1,0,0,1,1,1,1
devm_kasprintf,0x2d6c1ace,KERNEL_OR_BUILTIN,,0,arm_dsu_pmu;extdev_io_class;mtk_charger_framework;rt5133_regulator,4,4,0,1,0,0,1,1,1,1
devm_kfree,0x8177f433,KERNEL_OR_BUILTIN,,0,8250_mtk;apu_top;apusys;aw883xx_driver;bt_drv_6878;emi_mpu;gz_ipc_mod;gz_trusty_mod;mali_prot_alloc_mt6878_r44;mediatek_drm;mmqos_common;mt6369_accdet;mtk_cam_isp7sp;mtk_hcp;mtk_imgsys_cmdq;mtk_imgsys_v4l2;mtk_ipesys_me;mtk_mml;mtk_vcu;nfc;reboot_mode;sapu;sc851x_charger;sc8571_charger;smpu;tcpc_class;thermal_interface;tkcore;tkcore_drv;ufs_mediatek_mod,30,30,0,1,0,0,1,1,1,1
devm_kmalloc,0xd50f026e,KERNEL_OR_BUILTIN,,0,8250_mtk;adsp;apu_top;apusys;arm_dsu_pmu;asix;aw36515;aw36518;aw36518_v2;aw883xx_driver;backlight_cooling;board_temp;bt_drv_6878;btbcm;btsdio;bus_parity;cache_parity;camera_af_media;camera_eeprom_v4l2;ccci_dpmaif;charger_cooling;cmdq_sec_drv;cmdq_test;cqhci;dbg_error_flag;dbgtop_drm;drm_display_helper;dw9781c;emi;emi_fake_eng;emi_mpu;extcon_mtk_usb;extdev_io_class;gz_ipc_mod;gz_trusty_mod;hci_uart;i2c_mt65xx;imgsensor;iommu_debug;leds_mtk_disp;leds_rgb_aw2013;main2_vcm;main3_vcm;main4_vcm;main_vcm;mali_prot_alloc_mt6878_r44;md_cooling_all;mediatek_cpufreq_hw;mediatek_drm;mmqos_common;mt6315_regulator;mt6338_core;mt6369_accdet;mt6375;mt6375_battery;mt6375_charger;mt6685_audclk;mtk_aie;mtk_battery_oc_throttling;mtk_bp_thl;mtk_btcvsd;mtk_cam_isp7sp;mtk_ccd_remoteproc;mtk_charger_framework;mtk_chg_type_det;mtk_cm_mgr;mtk_cm_mgr_mt6878;mtk_cmdq_drv_ext;mtk_composite;mtk_dramc;mtk_dvfsrc;mtk_dvfsrc_devfreq;mtk_dvfsrc_helper;mtk_emi;mtk_gpu_power_throttling;mtk_hcp;mtk_imgsys_cmdq;mtk_imgsys_v4l2;mtk_iommu;mtk_ipesys_me;mtk_irtx_pwm;mtk_jpeg;mtk_low_battery_throttling;mtk_mbox_mailbox;mtk_mmc;mtk_mmdvfs;mtk_mml;mtk_panel_ext;mtk_pd_adapter;mtk_pd_charging;mtk_pep;mtk_pep40;mtk_pep50;mtk_pmic_keys;mtk_pmic_oc_debug;mtk_pmic_wrap;mtk_qos;mtk_scpsys;mtk_sec_heap;mtk_smi;mtk_spmi_pmic;mtk_spmi_pmic_adc;mtk_uart_apdma;mtk_vcodec_dec_v1;mtk_vcodec_enc_v1;mtk_vcu;mtk_vmm_isp71_regulator;mtk_wdt;mtu3;nvmem_mt635x_efuse;nvmem_mtk_devinfo;panel_ky_vtdr6115_dphy_cmd;phy_mtk_ufs;phy_mtk_xsphy;pinctrl_mtk_v2;pmic_lvsys_notify;pmic_temp;pwm_mtk_disp;reboot_mode;regulator_vibrator;reset_ti_syscon;rt4831a_drv;rt5133_regulator;rt6160_regulator;rt_pd_manager;rtc_mt6685;sapu;sc851x_charger;sc8571_charger;sec_rng;sh366003_fg;smpu;snd_soc_audiodsp_common;snd_soc_mt6369;snd_soc_mt6878_afe;snd_soc_mtk_common;snd_soc_mtk_scp_ultra;snd_soc_tfa98xx;soc_temp_lvts;spi_mt65xx;spmi_mtk_mpu;spmi_mtk_pmif;st21nfc;sub_vcm;syscon_reboot_mode;system_heap;tcpc_class;tcpc_mt6375;thermal_generic_adc;thermal_interface;tinysys_scmi;tkcore;tkcore_drv;ufs_mediatek_mod;usb_offload;vcp;vtskin_temp;wifi_cooling;xhci_mtk_hcd_v2;yft_gpio_keys,160,160,0,1,0,0,1,1,1,1
devm_kmemdup,0x9ec5e35d,KERNEL_OR_BUILTIN,,0,extdev_io_class,1,1,0,0,0,0,0,0,0,0
devm_kstrdup,0x7a08ba5b,KERNEL_OR_BUILTIN,,0,ufs_mediatek_mod,1,1,0,1,0,0,0,0,1,1
devm_led_classdev_register_ext,0x9c6e5a8d,KERNEL_OR_BUILTIN,,0,leds_mtk;leds_rgb_aw2013;regulator_vibrator,3,3,0,1,0,0,1,1,1,1
devm_led_classdev_unregister,0xcfe9ef77,KERNEL_OR_BUILTIN,,0,leds_mtk;regulator_vibrator,2,2,0,1,0,0,1,1,1,1
devm_mbox_controller_register,0x2dd8f071,KERNEL_OR_BUILTIN,,0,mtk_mbox_mailbox,1,1,0,1,0,0,1,1,1,1
devm_mfd_add_devices,0x4453e522,KERNEL_OR_BUILTIN,,0,mt6338_core;mt6685_core;mtk_spmi_pmic,3,3,0,1,0,0,1,1,1,1
devm_nvmem_cell_get,0xf28fdfd2,KERNEL_OR_BUILTIN,,0,pmic_temp,1,1,0,1,0,0,1,1,1,1
devm_nvmem_device_get,0x159083e3,KERNEL_OR_BUILTIN,,0,mt6369_accdet;pmic_temp;snd_soc_mt6369,3,3,0,1,0,0,1,1,1,1
devm_nvmem_register,0x0a4ecd3d,KERNEL_OR_BUILTIN,,0,nvmem_mt635x_efuse;nvmem_mtk_devinfo,2,2,0,1,0,0,1,1,1,1
devm_of_icc_get,0xd17d3ad9,KERNEL_OR_BUILTIN,,0,mtk_dvfsrc_helper,1,1,0,1,0,0,0,0,1,1
devm_of_phy_get_by_index,0x6e34ead3,KERNEL_OR_BUILTIN,,0,mtu3;ufs_mediatek_mod,2,2,0,1,0,0,1,1,1,1
devm_of_platform_populate,0x117417f3,KERNEL_OR_BUILTIN,,0,mt6375;mtk_dvfsrc;mtk_spmi_pmic;rt6160_regulator,4,4,0,1,0,0,1,1,1,1
devm_phy_create,0xf8132783,KERNEL_OR_BUILTIN,,0,mediatek_drm;phy_mtk_ufs;phy_mtk_xsphy,3,3,0,1,0,0,1,1,1,1
devm_phy_get,0x7984325f,KERNEL_OR_BUILTIN,,0,mediatek_drm,1,1,0,1,0,0,1,1,1,1
devm_pinctrl_get,0x1e78d642,KERNEL_OR_BUILTIN,,0,connfem;conninfra;dw9781c;fingerprint;gps_drv_dl_v051;imgsensor;leds_ln2403;main2_vcm;main3_vcm;main4_vcm;main_vcm;mediatek_drm;mediatek_drm_panel_drv;mt6369_accdet;mtk_mmc;snd_soc_mt6878_afe;spi_tiny_co5300_lcd;sub_vcm,18,18,0,1,0,0,1,1,1,1
devm_pinctrl_put,0x1eb56d31,KERNEL_OR_BUILTIN,,0,connfem;fingerprint;imgsensor,3,3,0,1,0,0,1,1,1,1
devm_pinctrl_register_and_init,0x784f5532,KERNEL_OR_BUILTIN,,0,pinctrl_mtk_v2,1,1,0,1,0,0,1,1,1,1
devm_platform_get_and_ioremap_resource,0xe537bee5,KERNEL_OR_BUILTIN,,0,mtk_mml,1,1,0,1,0,0,1,1,1,1
devm_platform_ioremap_resource,0x326cd4ea,KERNEL_OR_BUILTIN,,0,cpufreq_sugov_ext;dbgtop_drm;mediatek_cpufreq_hw;mtk_mmc;mtk_uart_apdma;mtk_wdt;phy_mtk_ufs;pwm_mtk_disp;spi_mt65xx,9,9,0,1,0,0,1,1,1,1
devm_platform_ioremap_resource_byname,0x43daf40e,KERNEL_OR_BUILTIN,,0,mtk_cam_isp7sp;mtu3,2,2,0,1,0,0,1,1,1,1
devm_power_supply_get_by_phandle,0xddd61e77,KERNEL_OR_BUILTIN,,0,extcon_mtk_usb;mt6375_auxadc;mt6375_battery;mtk_charger_framework;mtk_chg_type_det;mtk_low_battery_throttling;mtk_pd_charging;mtk_pep;mtk_pep40;mtk_pep50,10,10,0,1,0,0,1,1,1,1
devm_power_supply_register,0xf58e113b,KERNEL_OR_BUILTIN,,0,mt6375_charger;sc8571_charger;sh366003_fg,3,3,0,1,0,0,1,1,1,1
devm_rc_allocate_device,0x2c14694d,KERNEL_OR_BUILTIN,,0,mtk_irtx_pwm,1,1,0,1,0,0,1,1,1,1
devm_rc_register_device,0xdf90c837,KERNEL_OR_BUILTIN,,0,mtk_irtx_pwm,1,1,0,1,0,0,1,1,1,1
devm_reboot_mode_register,0x93dca974,STOCK_MODULE,reboot_mode,1,syscon_reboot_mode,1,1,0,0,0,0,0,0,0,0
devm_regmap_field_alloc,0x1ef40de7,KERNEL_OR_BUILTIN,,0,mt6375_charger;sc851x_charger;sc8571_charger,3,3,0,1,0,0,1,1,1,1
devm_regulator_bulk_get,0x796de6ef,KERNEL_OR_BUILTIN,,0,hci_uart;xhci_mtk_hcd_v2,2,2,0,1,0,0,0,0,1,1
devm_regulator_get,0x12d1b352,KERNEL_OR_BUILTIN,,0,conninfra;dw9781c;main2_vcm;main3_vcm;main4_vcm;main_vcm;mdp_drv_mt6878;mtk_imgsys_cmdq;mtk_irtx_pwm;mtk_mmdvfs;mtk_mmdvfs_debug;mtk_vmm_isp71_regulator;mtk_vmm_spm;mtu3;regulator_vibrator;sub_vcm;ufs_mediatek_mod,17,17,0,1,0,0,1,1,1,1
devm_regulator_get_exclusive,0x881c7bc4,KERNEL_OR_BUILTIN,,0,extcon_mtk_usb;mt6375_auxadc;mtk_spmi_pmic_adc,3,3,0,1,0,0,1,1,1,1
devm_regulator_get_optional,0x8bd4129a,KERNEL_OR_BUILTIN,,0,apu_top;ccci_md_all;conninfra;i2c_mt65xx;imgsensor;mdp_drv_mt6878;mediatek_drm;met;mmqos_common;mtk_cam_isp7sp;mtk_dvfsrc_helper;mtk_imgsys_cmdq;mtk_jpeg;mtk_mmc;mtk_mml;mtk_pmic_oc_debug;mtk_scpsys;mtk_vcodec_dec_v1;mtk_vcodec_enc_v1;scp;snd_soc_mt6369;ufs_mediatek_mod;usb_boost,23,23,0,1,0,0,1,1,1,1
devm_regulator_put,0xe91adbb5,KERNEL_OR_BUILTIN,,0,imgsensor;mtk_mmdvfs_debug,2,2,0,1,0,0,1,1,1,1
devm_regulator_register,0x78d8ab06,KERNEL_OR_BUILTIN,,0,mt6315_regulator;mt6363_regulator;mt6369_regulator;mt6375_charger;mtk_dvfsrc_regulator;mtk_vmm_isp71_regulator;rt5133_regulator;rt6160_regulator,8,8,0,1,0,0,1,1,1,1
devm_regulator_register_notifier,0x2089c37d,KERNEL_OR_BUILTIN,,0,conninfra;mtk_mmc;mtk_mmdvfs;mtk_pmic_oc_debug;mtk_vmm_spm;regulator_vibrator,6,6,0,1,0,0,1,1,1,1
devm_regulator_unregister_notifier,0x4357bccf,KERNEL_OR_BUILTIN,,0,mtk_mmc;mtk_mmdvfs,2,2,0,1,0,0,1,1,1,1
devm_request_any_context_irq,0xf62dc15f,KERNEL_OR_BUILTIN,,0,yft_gpio_keys,1,1,0,0,0,0,0,0,0,0
devm_request_threaded_irq,0x0570ef04,KERNEL_OR_BUILTIN,,0,apusys;arm_dsu_pmu;aw883xx_driver;bus_parity;cache_parity;conninfra;dbg_error_flag;device_apc_common;extcon_mtk_usb;hci_uart;i2c_mt65xx;mediatek_drm;mt6363_regulator;mt6369_accdet;mt6369_regulator;mt6375;mt6375_battery;mt6375_charger;mtk_battery_oc_throttling;mtk_btcvsd;mtk_cam_isp7sp;mtk_ccuv;mtk_cmdq_drv_ext;mtk_dpc;mtk_dvfsrc;mtk_iommu;mtk_jpeg;mtk_mmc;mtk_mminfra_debug;mtk_mml;mtk_pmic_keys;mtk_pmic_oc_debug;mtk_pmic_wrap;mtk_pwm;mtk_spmi_pmic;mtk_vcodec_common;mtk_wdt;mtu3;pmic_lbat_service;pmic_lvsys_notify;rt5133_regulator;rtc_mt6685;sc851x_charger;sc8571_charger;snd_soc_audiodsp_common;snd_soc_mt6878_afe;soc_temp_lvts;spi_mt65xx;spmi_mtk_pmif;st21nfc;tcpc_mt6375;ufs_mediatek_mod,52,52,0,1,0,0,1,1,1,1
devm_reset_controller_register,0x429f44d6,KERNEL_OR_BUILTIN,,0,mtk_wdt;reset_ti_syscon,2,2,0,1,0,0,1,1,1,1
devm_rtc_allocate_device,0x01968f79,KERNEL_OR_BUILTIN,,0,rtc_mt6685,1,1,0,1,0,0,1,1,1,1
devm_rtc_nvmem_register,0xdff5d1b0,KERNEL_OR_BUILTIN,,0,rtc_mt6685,1,1,0,1,0,0,1,1,1,1
devm_snd_soc_register_card,0x95ca8c34,KERNEL_OR_BUILTIN,,0,mt6878_mt6369,1,1,0,1,0,0,1,1,1,1
devm_snd_soc_register_component,0xc5ff76a4,KERNEL_OR_BUILTIN,,0,mtk_btcvsd;snd_soc_mt6369;snd_soc_mt6878_afe;snd_soc_tfa98xx,4,4,0,1,0,0,1,1,1,1
devm_spi_register_controller,0xff4c4c85,KERNEL_OR_BUILTIN,,0,spi_mt65xx,1,1,0,1,0,0,1,1,1,1
devm_thermal_of_zone_register,0x21c72be8,KERNEL_OR_BUILTIN,,0,board_temp;conninfra;imgsensor;pmic_temp;soc_temp_lvts;thermal_generic_adc;vtskin_temp,7,7,0,1,0,0,0,0,1,1
devm_watchdog_register_device,0x13942ca1,KERNEL_OR_BUILTIN,,0,mtk_wdt,1,1,0,1,0,0,1,1,1,1
devres_add,0xcb9503da,KERNEL_OR_BUILTIN,,0,extdev_io_class;kfifo_buf;reboot_mode,3,3,0,1,0,0,1,1,1,1
devres_free,0xe93e49c3,KERNEL_OR_BUILTIN,,0,extdev_io_class;kfifo_buf;reboot_mode,3,3,0,1,0,0,1,1,1,1
devres_release,0xfaf840f5,KERNEL_OR_BUILTIN,,0,reboot_mode,1,1,0,1,0,0,1,1,1,1
disable_irq,0x3ce4ca6f,KERNEL_OR_BUILTIN,,0,apusys;camera_dpe_isp7sp;ccci_dpmaif;gps_drv_dl_v051;mdp_drv_mt6878;mediatek_drm;microarray_fp_tee;mt6375;mtk_btcvsd;mtk_cam_isp7sp;mtk_ccuv;mtk_vcodec_common;mtk_vcodec_dec_v1;mtk_vcodec_enc_v1;sc851x_charger;sc8571_charger;spi_tiny_co5300_lcd;tcpc_mt6375;ufs_mediatek_mod;vcp;xhci_mtk_hcd_v2;yft_gpio_keys,22,22,0,1,0,0,1,1,1,1
disable_irq_nosync,0x27bbf221,KERNEL_OR_BUILTIN,,0,apusys;bt_drv_6878;bus_parity;cache_parity;ccci_ccif;ccci_md_all;clk_common;connadp;conninfra;dbg_error_flag;fmradio_drv_connac2x;focaltech_touch_spi_ft3680;gps_drv_dl_v051;gz_irq_mod;hynitron;mt6363_regulator;mt6369_accdet;mt6369_regulator;mt6375_auxadc;mt6375_battery;mtk_battery_oc_throttling;mtk_ccuv;mtk_mmc;rtc_mt6685;scp;st21nfc;vcp;wlan_drv_gen4m_6878;yft_gpio_keys,29,29,0,1,0,0,1,1,1,1
disable_percpu_irq,0xf21e1f9b,KERNEL_OR_BUILTIN,,0,gz_irq_mod;met,2,2,0,1,0,0,1,1,1,1
dma_alloc_attrs,0xaecca64f,KERNEL_OR_BUILTIN,,0,apusys;camera_dpe_isp7sp;ccci_dpmaif;cmdq_sec_drv;drm_dma_helper;gps_drv_dl_v051;mali_dmabuf_test_mt6878_r44;mdp_drv_mt6878;mediatek_drm;mtk_aie;mtk_ccuv;mtk_cmdq_drv_ext;mtk_irtx_pwm;mtk_mmc;mtk_mminfra_imax;mtk_vcodec_common;snd_soc_mt6878_afe;tmem_ffa;wlan_drv_gen4m_6878;xhci_mtk_hcd_v2,20,20,0,1,0,0,1,1,1,1
dma_alloc_pages,0x6b2a8b2a,KERNEL_OR_BUILTIN,,0,drm_dma_helper;mtk_mml,2,2,0,1,0,0,0,0,1,1
dma_async_device_register,0xe5e76052,KERNEL_OR_BUILTIN,,0,mtk_uart_apdma,1,1,0,1,0,0,1,1,1,1
dma_async_device_unregister,0x21433073,KERNEL_OR_BUILTIN,,0,mtk_uart_apdma,1,1,0,1,0,0,1,1,1,1
dma_async_tx_descriptor_init,0x2b11f66f,KERNEL_OR_BUILTIN,,0,mtk_uart_apdma,1,1,0,1,0,0,1,1,1,1
dma_buf_attach,0x1c8c3c9f,KERNEL_OR_BUILTIN,,0,apusys;camera_dpe_isp7sp;mali_dmabuf_test_mt6878_r44;mali_kbase_mt6878_r44;mdp_drv_mt6878;mediatek_drm;mtk_aie;mtk_cam_isp7sp;mtk_ccd_remoteproc;mtk_ccuv;mtk_hcp;mtk_imgsys_v4l2;mtk_mml;mtk_vcodec_common;mtk_vcodec_dec_v1;mtk_vcodec_enc_v1;mtk_vcu;pda_drv_mt6878;sapu;tkcore;vcp,21,21,0,1,0,0,1,1,1,1
dma_buf_begin_cpu_access,0x4406c079,KERNEL_OR_BUILTIN,,0,apusys;mali_dmabuf_test_mt6878_r44;mtk_aie;mtk_hcp;mtk_imgsys_v4l2;mtk_mml;mtk_vcodec_dec_v1;mtk_vcodec_enc_v1,8,8,0,1,0,0,1,1,1,1
dma_buf_detach,0x4425402e,KERNEL_OR_BUILTIN,,0,apusys;camera_dpe_isp7sp;mali_dmabuf_test_mt6878_r44;mali_kbase_mt6878_r44;mdp_drv_mt6878;mediatek_drm;mtk_aie;mtk_cam_isp7sp;mtk_ccd_remoteproc;mtk_ccuv;mtk_hcp;mtk_imgsys_v4l2;mtk_mml;mtk_vcodec_common;mtk_vcodec_dec_v1;mtk_vcodec_enc_v1;mtk_vcu;pda_drv_mt6878;sapu;tkcore;vcp,21,21,0,1,0,0,1,1,1,1
dma_buf_end_cpu_access,0xc82f07f0,KERNEL_OR_BUILTIN,,0,apusys;mali_dmabuf_test_mt6878_r44;mtk_aie;mtk_hcp;mtk_imgsys_v4l2;mtk_mml;mtk_vcodec_dec_v1;mtk_vcodec_enc_v1,8,8,0,1,0,0,1,1,1,1
dma_buf_end_cpu_access_partial,0x0b750434,KERNEL_OR_BUILTIN,,0,mtk_aie;mtk_hcp,2,2,0,1,0,0,0,0,1,1
dma_buf_export,0xf20c4b0b,KERNEL_OR_BUILTIN,,0,apusys;camera_dpe_isp7sp;mali_dmabuf_test_mt6878_r44;mtk_aie;mtk_sec_heap;snd_soc_mtk_common;system_heap;tkcore,8,8,0,1,0,0,1,1,1,1
dma_buf_fd,0x317a2244,KERNEL_OR_BUILTIN,,0,apusys;mali_dmabuf_test_mt6878_r44;mtk_cam_isp7sp;mtk_ccd_remoteproc;mtk_hcp;snd_soc_mtk_common;tkcore,7,7,0,1,0,0,1,1,1,1
dma_buf_get,0xe1c6bdef,KERNEL_OR_BUILTIN,,0,apusys;camera_dpe_isp7sp;ged;gz_main_mod;mali_dmabuf_test_mt6878_r44;mali_kbase_mt6878_r44;mdp_drv_mt6878;mediatek_drm;mtk_aie;mtk_cam_isp7sp;mtk_ccd_remoteproc;mtk_imgsys_cmdq;mtk_imgsys_isp7sp;mtk_imgsys_v4l2;mtk_mml;mtk_vcodec_dec_v1;mtk_vcodec_enc_v1;mtk_vcu;pda_drv_mt6878;sapu;tkcore;widevine_driver,22,22,0,1,0,0,1,1,1,1
dma_buf_get_each,0x37a35f4e,KERNEL_OR_BUILTIN,,0,mtk_heap_debug,1,1,0,1,0,0,0,0,1,1
dma_buf_get_gid,0xec7d1109,STOCK_MODULE,system_heap,1,mediatek_drm;mtk_vcodec_dec_v1,2,2,0,0,0,0,0,0,0,0
dma_buf_map_attachment,0xb1441f23,KERNEL_OR_BUILTIN,,0,apusys;camera_dpe_isp7sp;mali_dmabuf_test_mt6878_r44;mali_kbase_mt6878_r44;mdp_drv_mt6878;mediatek_drm;mtk_aie;mtk_cam_isp7sp;mtk_ccd_remoteproc;mtk_ccuv;mtk_hcp;mtk_imgsys_v4l2;mtk_mml;mtk_vcodec_common;mtk_vcodec_dec_v1;mtk_vcodec_enc_v1;mtk_vcu;pda_drv_mt6878;sapu;tkcore;vcp,21,21,0,1,0,0,1,1,1,1
dma_buf_mmap,0x5256ef77,KERNEL_OR_BUILTIN,,0,mali_kbase_mt6878_r44;mtk_ccuv,2,2,0,1,0,0,1,1,1,1
dma_buf_put,0x819fd9a0,KERNEL_OR_BUILTIN,,0,apusys;camera_dpe_isp7sp;ged;gz_main_mod;mali_dmabuf_test_mt6878_r44;mali_kbase_mt6878_r44;mdp_drv_mt6878;mediatek_drm;mtk_aie;mtk_cam_isp7sp;mtk_hcp;mtk_heap_debug;mtk_imgsys_v4l2;mtk_mml;mtk_vcodec_dec_v1;mtk_vcodec_enc_v1;mtk_vcu;pda_drv_mt6878;sapu;tkcore;widevine_driver,21,21,0,1,0,0,1,1,1,1
dma_buf_unmap_attachment,0x54dc2906,KERNEL_OR_BUILTIN,,0,apusys;camera_dpe_isp7sp;mali_dmabuf_test_mt6878_r44;mali_kbase_mt6878_r44;mdp_drv_mt6878;mtk_aie;mtk_cam_isp7sp;mtk_ccd_remoteproc;mtk_ccuv;mtk_hcp;mtk_imgsys_v4l2;mtk_mml;mtk_vcodec_common;mtk_vcodec_dec_v1;mtk_vcodec_enc_v1;mtk_vcu;pda_drv_mt6878;sapu;tkcore,19,19,0,1,0,0,1,1,1,1
dma_buf_vmap,0x0e98d45b,KERNEL_OR_BUILTIN,,0,apusys;camera_dpe_isp7sp;drm_dma_helper;mediatek_drm;mtk_aie;mtk_cam_isp7sp;mtk_ccd_remoteproc;mtk_ccuv;mtk_hcp;mtk_imgsys_v4l2;mtk_mml;mtk_vcodec_common;mtk_vcodec_dec_v1;mtk_vcodec_enc_v1;vcp,15,15,0,1,0,0,1,1,1,1
dma_buf_vunmap,0xdeb1c797,KERNEL_OR_BUILTIN,,0,apusys;camera_dpe_isp7sp;drm_dma_helper;mediatek_drm;mtk_aie;mtk_cam_isp7sp;mtk_ccd_remoteproc;mtk_ccuv;mtk_hcp;mtk_imgsys_v4l2;mtk_mml;mtk_vcodec_common;mtk_vcodec_dec_v1;mtk_vcodec_enc_v1,14,14,0,1,0,0,1,1,1,1
dma_fence_add_callback,0x8e21c9a1,KERNEL_OR_BUILTIN,,0,ged;mali_kbase_mt6878_r44;mtk_imgsys_cmdq,3,3,0,1,0,0,1,1,1,1
dma_fence_array_create,0xa2d52a7a,KERNEL_OR_BUILTIN,,0,mtk_vcodec_common,1,1,0,1,0,0,1,1,1,1
dma_fence_array_ops,0xe03a689d,KERNEL_OR_BUILTIN,,0,mali_kbase_mt6878_r44;mtk_vcodec_common,2,2,0,1,0,0,1,1,1,1
dma_fence_context_alloc,0x14605535,KERNEL_OR_BUILTIN,,0,apusys;ged;mali_kbase_mt6878_r44;mdp_drv_mt6878;mtk_sync;mtk_vcodec_common,6,6,0,1,0,0,1,1,1,1
dma_fence_default_wait,0x350ea558,KERNEL_OR_BUILTIN,,0,apusys;ged;mali_kbase_mt6878_r44;mdp_drv_mt6878;mtk_hcp,5,5,0,1,0,0,1,1,1,1
dma_fence_free,0xdd8166a1,KERNEL_OR_BUILTIN,,0,ged;mdp_drv_mt6878;mtk_sync,3,3,0,1,0,0,1,1,1,1
dma_fence_get_status,0x2e0b1deb,KERNEL_OR_BUILTIN,,0,mali_kbase_mt6878_r44,1,1,0,1,0,0,1,1,1,1
dma_fence_init,0x16dee44d,KERNEL_OR_BUILTIN,,0,apusys;ged;mali_kbase_mt6878_r44;mdp_drv_mt6878;mtk_hcp;mtk_sync;mtk_vcodec_common,7,7,0,1,0,0,1,1,1,1
dma_fence_release,0xe123f3d9,KERNEL_OR_BUILTIN,,0,apusys;ged;mali_kbase_mt6878_r44;mdp_drv_mt6878;mediatek_drm;mtk_imgsys_cmdq;mtk_mml;mtk_sync;mtk_vcodec_common;mtk_vcodec_dec_v1,10,10,0,1,0,0,1,1,1,1
dma_fence_remove_callback,0x3b20fb95,KERNEL_OR_BUILTIN,,0,mali_kbase_mt6878_r44;mtk_imgsys_cmdq,2,2,0,1,0,0,1,1,1,1
dma_fence_signal,0x731c4a9c,KERNEL_OR_BUILTIN,,0,apusys;mali_kbase_mt6878_r44;mtk_imgsys_cmdq;mtk_mml;mtk_vcodec_common,5,5,0,1,0,0,1,1,1,1
dma_fence_signal_locked,0x3d02cd70,KERNEL_OR_BUILTIN,,0,ged;mdp_drv_mt6878;mtk_sync,3,3,0,1,0,0,1,1,1,1
dma_fence_signal_timestamp_locked,0x8455e3a7,KERNEL_OR_BUILTIN,,0,mtk_sync,1,1,0,1,0,0,1,1,1,1
dma_fence_wait_timeout,0x98c039dc,KERNEL_OR_BUILTIN,,0,apusys;mtk_mml,2,2,0,1,0,0,1,1,1,1
dma_free_attrs,0x1ccd9429,KERNEL_OR_BUILTIN,,0,apusys;camera_dpe_isp7sp;drm_dma_helper;gps_drv_dl_v051;mali_dmabuf_test_mt6878_r44;mdp_drv_mt6878;mediatek_drm;mtk_aie;mtk_ccuv;mtk_cmdq_drv_ext;mtk_irtx_pwm;mtk_mmc;mtk_vcodec_common;snd_soc_mt6878_afe;tmem_ffa;wlan_drv_gen4m_6878;xhci_mtk_hcd_v2,17,17,0,1,0,0,1,1,1,1
dma_free_pages,0xb0e02c8a,KERNEL_OR_BUILTIN,,0,drm_dma_helper;mtk_mml,2,2,0,1,0,0,0,0,1,1
dma_get_sgtable_attrs,0x75dcc291,KERNEL_OR_BUILTIN,,0,apusys;camera_dpe_isp7sp;drm_dma_helper;mediatek_drm;mtk_aie,5,5,0,1,0,0,1,1,1,1
dma_heap_add,0x54f954ba,KERNEL_OR_BUILTIN,,0,mtk_sec_heap;system_heap,2,2,0,1,0,0,1,1,1,1
dma_heap_buffer_alloc,0x82adb69b,KERNEL_OR_BUILTIN,,0,apusys;mediatek_drm;mtk_aie;mtk_cam_isp7sp;mtk_ccd_remoteproc;mtk_ccuv;mtk_hcp;mtk_vcodec_common;sapu;system_heap;vcp,11,11,0,1,0,0,1,1,1,1
dma_heap_buffer_free,0xf541892d,KERNEL_OR_BUILTIN,,0,apusys;mediatek_drm;mtk_aie;mtk_cam_isp7sp;mtk_ccd_remoteproc;mtk_ccuv;mtk_vcodec_common;sapu;system_heap;vcp,10,10,0,1,0,0,1,1,1,1
dma_heap_bufferfd_alloc,0x9ba677bf,KERNEL_OR_BUILTIN,,0,mtk_heap_debug,1,1,0,1,0,0,1,1,1,1
dma_heap_find,0xeff75c0b,KERNEL_OR_BUILTIN,,0,apusys;mediatek_drm;mtk_aie;mtk_cam_isp7sp;mtk_ccd_remoteproc;mtk_ccuv;mtk_hcp;mtk_heap_debug;mtk_vcodec_common;sapu;system_heap;vcp,12,12,0,1,0,0,1,1,1,1
dma_heap_get_dev,0x6bbb8549,KERNEL_OR_BUILTIN,,0,mtk_sec_heap;system_heap,2,2,0,1,0,0,1,1,1,1
dma_heap_get_drvdata,0xf39b6569,KERNEL_OR_BUILTIN,,0,mtk_heap_debug;system_heap,2,2,0,1,0,0,1,1,1,1
dma_heap_get_name,0xed3a3cb3,KERNEL_OR_BUILTIN,,0,mtk_heap_debug;mtk_sec_heap;system_heap,3,3,0,1,0,0,1,1,1,1
dma_heap_normal_total,0x34bdc674,STOCK_MODULE,system_heap,1,mtk_heap_debug,1,1,0,0,0,0,0,0,0,0
dma_heap_put,0x067e2f47,KERNEL_OR_BUILTIN,,0,apusys;mediatek_drm;mtk_aie;mtk_cam_isp7sp;mtk_ccuv;mtk_heap_debug;sapu;system_heap,8,8,0,1,0,0,1,1,1,1
dma_map_page_attrs,0x0a99e54c,KERNEL_OR_BUILTIN,,0,apusys;ccci_dpmaif;i2c_mt65xx;mali_kbase_mt6878_r44;spi_mt65xx;wlan_drv_gen4m_6878;xhci_mtk_hcd_v2,7,7,0,1,0,0,1,1,1,1
dma_map_resource,0xd7d92ed9,KERNEL_OR_BUILTIN,,0,mtk_aie;mtk_cam_isp7sp,2,2,0,1,0,0,1,1,1,1
dma_map_sg_attrs,0x32348f21,KERNEL_OR_BUILTIN,,0,apusys;camera_dpe_isp7sp;cqhci;mali_dmabuf_test_mt6878_r44;mediatek_drm;mtk_mmc;tkcore,7,7,0,1,0,0,1,1,1,1
dma_map_sgtable,0x409f2393,KERNEL_OR_BUILTIN,,0,apusys;mtk_aie;mtk_sec_heap;system_heap,4,4,0,1,0,0,1,1,1,1
dma_mmap_attrs,0x4c740777,KERNEL_OR_BUILTIN,,0,drm_dma_helper;mediatek_drm;mtk_aie;mtk_ccuv,4,4,0,1,0,0,1,1,1,1
dma_mmap_pages,0x8890df74,KERNEL_OR_BUILTIN,,0,drm_dma_helper,1,1,0,1,0,0,0,0,1,1
dma_pool_alloc,0x678b96ec,KERNEL_OR_BUILTIN,,0,mdp_drv_mt6878;mtk_cmdq_drv_ext;mtu3;xhci_mtk_hcd_v2,4,4,0,1,0,0,1,1,1,1
dma_pool_create,0x0e6501dd,KERNEL_OR_BUILTIN,,0,mtk_cmdq_drv_ext;mtu3;xhci_mtk_hcd_v2,3,3,0,1,0,0,1,1,1,1
dma_pool_destroy,0xb5aa7165,KERNEL_OR_BUILTIN,,0,mdp_drv_mt6878;mtk_cmdq_drv_ext;mtu3;xhci_mtk_hcd_v2,4,4,0,1,0,0,1,1,1,1
dma_pool_free,0x2f7754a8,KERNEL_OR_BUILTIN,,0,mdp_drv_mt6878;mtk_cmdq_drv_ext;mtu3;xhci_mtk_hcd_v2,4,4,0,1,0,0,1,1,1,1
dma_resv_add_fence,0x08dd5a9a,KERNEL_OR_BUILTIN,,0,mtk_vcodec_common,1,1,0,1,0,0,0,0,1,1
dma_resv_iter_first_unlocked,0x28ff265b,KERNEL_OR_BUILTIN,,0,mtk_vcodec_dec_v1,1,1,0,1,0,0,0,0,1,1
dma_resv_iter_next_unlocked,0x2a33131b,KERNEL_OR_BUILTIN,,0,mtk_vcodec_dec_v1,1,1,0,1,0,0,0,0,1,1
dma_resv_reserve_fences,0x8c07c1d7,KERNEL_OR_BUILTIN,,0,mtk_sync,1,1,0,1,0,0,0,0,1,1
dma_set_coherent_mask,0xceefb577,KERNEL_OR_BUILTIN,,0,apusys;cmdq_sec_drv;mali_kbase_mt6878_r44;mdp_drv_mt6878;mediatek_drm;mtk_aie;mtk_cam_isp7sp;mtk_ccd_remoteproc;mtk_ccuv;mtk_cmdq_drv_ext;mtk_hcp;mtk_imgsys_v4l2;mtk_irtx_pwm;mtk_jpeg;mtk_mmc;mtk_mminfra_imax;mtk_mml;mtk_sec_heap;mtk_uart_apdma;mtk_vcodec_dec_v1;mtk_vcodec_enc_v1;mtk_vcu;mtu3;pda_drv_mt6878;snd_soc_mt6878_afe;system_heap;vcp;wlan_drv_gen4m_6878;xhci_mtk_hcd_v2,29,29,0,1,0,0,1,1,1,1
dma_set_mask,0x18d3ec20,KERNEL_OR_BUILTIN,,0,apusys;i2c_mt65xx;mali_kbase_mt6878_r44;mdp_drv_mt6878;mediatek_drm;mtk_aie;mtk_cam_isp7sp;mtk_ccd_remoteproc;mtk_ccuv;mtk_hcp;mtk_imgsys_v4l2;mtk_jpeg;mtk_mminfra_imax;mtk_mml;mtk_sec_heap;mtk_uart_apdma;mtk_vcodec_dec_v1;mtk_vcodec_enc_v1;mtk_vcu;mtu3;pda_drv_mt6878;snd_soc_mt6878_afe;spi_mt65xx;system_heap;vcp;wlan_drv_gen4m_6878;xhci_mtk_hcd_v2,27,27,0,1,0,0,1,1,1,1
dma_sync_sg_for_cpu,0x7416c68b,KERNEL_OR_BUILTIN,,0,apusys;camera_dpe_isp7sp;mali_dmabuf_test_mt6878_r44;mali_kbase_mt6878_r44;mtk_aie;mtk_cam_isp7sp;mtk_hcp;mtk_imgsys_v4l2;mtk_sec_heap;mtk_vcodec_common;mtk_vcodec_dec_v1;system_heap;tmem_ffa,13,13,0,1,0,0,1,1,1,1
dma_sync_sg_for_device,0x3cdacb78,KERNEL_OR_BUILTIN,,0,apusys;camera_dpe_isp7sp;mali_dmabuf_test_mt6878_r44;mali_kbase_mt6878_r44;mtk_aie;mtk_cam_isp7sp;mtk_hcp;mtk_imgsys_v4l2;mtk_sec_heap;mtk_vcodec_common;mtk_vcodec_dec_v1;mtk_vcodec_enc_v1;mtk_vcu;system_heap,14,14,0,1,0,0,1,1,1,1
dma_sync_single_for_cpu,0x66e8950d,KERNEL_OR_BUILTIN,,0,apusys;ccci_dpmaif;mali_kbase_mt6878_r44,3,3,0,1,0,0,1,1,1,1
dma_sync_single_for_device,0xd22e85cb,KERNEL_OR_BUILTIN,,0,drm_dma_helper;mali_kbase_mt6878_r44;mtk_mml,3,3,0,1,0,0,1,1,1,1
dma_unmap_page_attrs,0x2800f2e6,KERNEL_OR_BUILTIN,,0,apusys;ccci_dpmaif;i2c_mt65xx;mali_kbase_mt6878_r44;mtk_cam_isp7sp;spi_mt65xx;wlan_drv_gen4m_6878;xhci_mtk_hcd_v2,8,8,0,1,0,0,1,1,1,1
dma_unmap_resource,0xf6141921,KERNEL_OR_BUILTIN,,0,mtk_aie;mtk_cam_isp7sp,2,2,0,1,0,0,1,1,1,1
dma_unmap_sg_attrs,0x0df35f73,KERNEL_OR_BUILTIN,,0,apusys;camera_dpe_isp7sp;cqhci;mali_dmabuf_test_mt6878_r44;mediatek_drm;mtk_aie;mtk_mmc;mtk_sec_heap;system_heap;tkcore,10,10,0,1,0,0,1,1,1,1
dma_vmap_noncontiguous,0x5bc92933,KERNEL_OR_BUILTIN,,0,mtk_hcp;mtk_imgsys_v4l2,2,2,0,1,0,0,0,0,1,1
dmabuf_page_pool_alloc,0x8b0411eb,KERNEL_OR_BUILTIN,,0,mtk_sec_heap,1,1,0,1,0,0,1,1,1,1
dmabuf_page_pool_create,0x8034c53b,KERNEL_OR_BUILTIN,,0,mtk_sec_heap,1,1,0,1,0,0,1,1,1,1
dmabuf_page_pool_destroy,0x6971adf7,KERNEL_OR_BUILTIN,,0,mtk_sec_heap,1,1,0,1,0,0,1,1,1,1
dmabuf_page_pool_free,0x7ba95d6c,KERNEL_OR_BUILTIN,,0,mtk_sec_heap,1,1,0,1,0,0,1,1,1,1
dmabuf_rbtree_dump_by_domain,0x121d1336,STOCK_MODULE,system_heap,1,mtk_heap_debug;mtk_sec_heap,2,2,0,0,0,0,0,0,0,0
dmabuf_to_secure_handle,0x59f9c814,STOCK_MODULE,mtk_sec_heap,1,gz_main_mod;mali_kbase_mt6878_r44;mtk_cam_isp7sp;sapu;widevine_driver,5,5,0,0,0,0,0,0,0,0
dmam_alloc_attrs,0xcf6082ed,KERNEL_OR_BUILTIN,,0,cqhci,1,1,0,1,0,0,1,1,1,1
dmam_free_coherent,0xb0da3933,KERNEL_OR_BUILTIN,,0,cqhci,1,1,0,1,0,0,1,1,1,1
do_trace_netlink_extack,0xe6d2458e,KERNEL_OR_BUILTIN,,0,8021q;can_dev;can_gw;cfg80211;tipc;wlan_drv_gen4m_6878;wwan,7,7,0,1,0,0,1,1,1,1
do_wait_intr_irq,0x5102a30b,KERNEL_OR_BUILTIN,,0,ccci_md_all;mddp,2,2,0,1,0,0,1,1,1,1
double_rq_lock,0xdb32b18f,KERNEL_OR_BUILTIN,,0,scheduler,1,1,0,1,0,0,1,1,1,1
down,0x6626afca,KERNEL_OR_BUILTIN,,0,bt_drv_6878;connscp;gps_scp;mtk_vcodec_dec_v1;tcpc_class;tkcore;ufs_mediatek_mod;wlan_drv_gen4m_6878,8,8,0,1,0,0,1,1,1,1
down_interruptible,0x6bd0e573,KERNEL_OR_BUILTIN,,0,aee_aed;aee_rs;fmradio_drv_connac2x;mediatek_drm;mtk_vcodec_dec_v1;mtk_vcodec_enc_v1;sec;tkcore,8,8,0,1,0,0,1,1,1,1
down_killable,0x36b6ebbf,KERNEL_OR_BUILTIN,,0,wlan_drv_gen4m_6878,1,1,0,1,0,0,0,0,1,1
down_read,0x3355da1c,KERNEL_OR_BUILTIN,,0,gz_tz_system;gzvm;hidp;mali_kbase_mt6878_r44;monitor_hang;ppp_generic;zram,7,7,0,1,1,0,1,1,1,1
down_read_killable,0x2604b7c2,KERNEL_OR_BUILTIN,,0,hbt,1,1,0,1,0,0,0,0,1,1
down_read_trylock,0x88f5cdef,KERNEL_OR_BUILTIN,,0,mali_kbase_mt6878_r44;mtk_heap_debug,2,2,0,1,0,0,1,1,1,1
down_timeout,0x92e683f5,KERNEL_OR_BUILTIN,,0,conninfra;mtk_vcu;wlan_drv_gen4m_6878,3,3,0,1,0,0,1,1,1,1
down_trylock,0xe9ffc063,KERNEL_OR_BUILTIN,,0,fmradio_drv_connac2x;mtk_vcodec_dec_v1;mtk_vcodec_enc_v1;mtk_vcu;ufs_mediatek_mod;wlan_drv_gen4m_6878,6,6,0,1,0,0,1,1,1,1
down_write,0x28ed2847,KERNEL_OR_BUILTIN,,0,ccci_md_all;cpudvfs;drm_dma_helper;hidp;mali_dmabuf_test_mt6878_r44;mali_kbase_mt6878_r44;mediatek_drm;monitor_hang;mtk_aie;ppp_generic;snd_soc_mtk_common;teeperf;tmem_ffa;zram,14,14,0,1,1,0,1,1,1,1
down_write_killable,0xced2405e,KERNEL_OR_BUILTIN,,0,hbt,1,1,0,1,0,0,1,1,1,1
downgrade_write,0xd486fb9c,KERNEL_OR_BUILTIN,,0,mali_kbase_mt6878_r44,1,1,0,1,0,0,1,1,1,1
dput,0x8a38d2d9,KERNEL_OR_BUILTIN,,0,mtk_cmdq_drv_ext;mtk_mml;mtk_smi_dbg,3,3,0,1,1,0,1,1,1,1
drain_workqueue,0xa38602cd,KERNEL_OR_BUILTIN,,0,bluetooth,1,2,0,1,0,0,1,1,1,1
driver_attach,0xb6db38a0,KERNEL_OR_BUILTIN,,0,usbserial,1,1,0,1,0,0,0,0,1,1
driver_create_file,0x4cafa18c,KERNEL_OR_BUILTIN,,0,bus_parity;cache_parity;emi;emi_fake_eng;gps_drv_dl_v051;mt6369_accdet;mtk_dramc;pinctrl_mtk_v2;spi_tiny_co5300_lcd;yft_tpd_gesture,10,10,0,1,0,0,1,1,1,1
driver_register,0xe33175d6,KERNEL_OR_BUILTIN,,0,ffa_v10;usbserial,2,2,0,1,0,0,0,0,1,1
driver_remove_file,0xb81ba41d,KERNEL_OR_BUILTIN,,0,bus_parity;cache_parity;emi_fake_eng;gps_drv_dl_v051;yft_tpd_gesture,5,5,0,1,0,0,1,1,1,1
driver_unregister,0x1be461e1,KERNEL_OR_BUILTIN,,0,ffa_v10;focaltech_touch_spi_ft3680;hci_uart;microarray_fp_tee;mt6685_core;mtk_spmi_pmic;spi_tiny_co5300_lcd;usbserial,8,8,0,1,0,0,1,1,1,1
drm_add_edid_modes,0x89db1c0d,KERNEL_OR_BUILTIN,,0,mediatek_drm,1,1,0,1,0,0,1,1,1,1
drm_add_modes_noedid,0x61d6f9cb,KERNEL_OR_BUILTIN,,0,mediatek_drm,1,1,0,1,0,0,1,1,1,1
drm_atomic_add_affected_connectors,0x382c8307,KERNEL_OR_BUILTIN,,0,mediatek_drm,1,1,0,1,0,0,1,1,1,1
drm_atomic_get_connector_state,0x3e66308a,KERNEL_OR_BUILTIN,,0,drm_display_helper,1,1,0,1,0,0,0,0,1,1
drm_atomic_get_crtc_state,0x90a202a4,KERNEL_OR_BUILTIN,,0,drm_display_helper;mediatek_drm,2,2,0,1,0,0,1,1,1,1
drm_atomic_get_new_private_obj_state,0xe843f465,KERNEL_OR_BUILTIN,,0,drm_display_helper,1,1,0,1,0,0,0,0,1,1
drm_atomic_get_old_private_obj_state,0xef6b1339,KERNEL_OR_BUILTIN,,0,drm_display_helper,1,1,0,1,0,0,0,0,1,1
drm_atomic_get_private_obj_state,0x1fb91d36,KERNEL_OR_BUILTIN,,0,drm_display_helper,1,1,0,1,0,0,0,0,1,1
drm_atomic_helper_check,0x14f5d679,KERNEL_OR_BUILTIN,,0,mediatek_drm,1,1,0,1,0,0,1,1,1,1
drm_atomic_helper_check_plane_state,0xc5f2329a,KERNEL_OR_BUILTIN,,0,mediatek_drm,1,1,0,1,0,0,1,1,1,1
drm_atomic_helper_cleanup_planes,0xd36f4777,KERNEL_OR_BUILTIN,,0,mediatek_drm,1,1,0,1,0,0,1,1,1,1
drm_atomic_helper_commit_modeset_disables,0x433d2315,KERNEL_OR_BUILTIN,,0,mediatek_drm,1,1,0,1,0,0,1,1,1,1
drm_atomic_helper_commit_modeset_enables,0xe9f68f32,KERNEL_OR_BUILTIN,,0,mediatek_drm,1,1,0,1,0,0,1,1,1,1
drm_atomic_helper_commit_planes,0x9651b05e,KERNEL_OR_BUILTIN,,0,mediatek_drm,1,1,0,1,0,0,1,1,1,1
drm_atomic_helper_connector_destroy_state,0xe5b45ca1,KERNEL_OR_BUILTIN,,0,mediatek_drm,1,1,0,1,0,0,1,1,1,1
drm_atomic_helper_connector_duplicate_state,0x794b58c9,KERNEL_OR_BUILTIN,,0,mediatek_drm,1,1,0,1,0,0,1,1,1,1
drm_atomic_helper_connector_reset,0x792830f7,KERNEL_OR_BUILTIN,,0,mediatek_drm,1,1,0,1,0,0,1,1,1,1
drm_atomic_helper_damage_iter_init,0x01676359,KERNEL_OR_BUILTIN,,0,drm_dma_helper,1,1,0,1,0,0,0,0,1,1
drm_atomic_helper_damage_iter_next,0x6b5c2b06,KERNEL_OR_BUILTIN,,0,drm_dma_helper,1,1,0,1,0,0,0,0,1,1
drm_atomic_helper_disable_plane,0xeef245a7,KERNEL_OR_BUILTIN,,0,mediatek_drm,1,1,0,1,0,0,1,1,1,1
drm_atomic_helper_page_flip,0xf48df017,KERNEL_OR_BUILTIN,,0,mediatek_drm,1,1,0,1,0,0,1,1,1,1
drm_atomic_helper_prepare_planes,0x70a59260,KERNEL_OR_BUILTIN,,0,mediatek_drm,1,1,0,1,0,0,1,1,1,1
drm_atomic_helper_resume,0xe5ac5939,KERNEL_OR_BUILTIN,,0,mediatek_drm,1,1,0,1,0,0,1,1,1,1
drm_atomic_helper_set_config,0x732e63df,KERNEL_OR_BUILTIN,,0,mediatek_drm,1,1,0,1,0,0,1,1,1,1
drm_atomic_helper_shutdown,0x95b86c5d,KERNEL_OR_BUILTIN,,0,mediatek_drm,1,1,0,1,0,0,1,1,1,1
drm_atomic_helper_suspend,0x67057183,KERNEL_OR_BUILTIN,,0,mediatek_drm,1,1,0,1,0,0,1,1,1,1
drm_atomic_helper_swap_state,0x27189346,KERNEL_OR_BUILTIN,,0,mediatek_drm,1,1,0,1,0,0,1,1,1,1
drm_atomic_helper_update_plane,0xbe6fc0dd,KERNEL_OR_BUILTIN,,0,mediatek_drm,1,1,0,1,0,0,1,1,1,1
drm_atomic_helper_wait_for_vblanks,0x8068773d,KERNEL_OR_BUILTIN,,0,mediatek_drm,1,1,0,1,0,0,1,1,1,1
drm_atomic_private_obj_fini,0x3ecca617,KERNEL_OR_BUILTIN,,0,drm_display_helper,1,1,0,1,0,0,0,0,1,1
drm_atomic_private_obj_init,0x7c08579a,KERNEL_OR_BUILTIN,,0,drm_display_helper,1,1,0,1,0,0,0,0,1,1
drm_atomic_state_clear,0x56525008,KERNEL_OR_BUILTIN,,0,mediatek_drm,1,1,0,1,0,0,1,1,1,1
drm_atomic_state_default_release,0x9640fef5,KERNEL_OR_BUILTIN,,0,mediatek_drm,1,1,0,1,0,0,1,1,1,1
drm_atomic_state_init,0xe4837ea7,KERNEL_OR_BUILTIN,,0,mediatek_drm,1,1,0,1,0,0,1,1,1,1
drm_bridge_attach,0x1dd8d6f5,KERNEL_OR_BUILTIN,,0,mediatek_drm,1,1,0,1,0,0,1,1,1,1
drm_calc_timestamping_constants,0x8c4309f6,KERNEL_OR_BUILTIN,,0,mediatek_drm,1,1,0,1,0,0,1,1,1,1
drm_compat_ioctl,0x7924dd7f,KERNEL_OR_BUILTIN,,0,mediatek_drm,1,1,0,1,0,0,1,1,1,1
drm_connector_attach_encoder,0x65ac6d56,KERNEL_OR_BUILTIN,,0,mediatek_drm,1,1,0,1,0,0,1,1,1,1
drm_connector_cleanup,0xf5c627ca,KERNEL_OR_BUILTIN,,0,mediatek_drm,1,1,0,1,0,0,1,1,1,1
drm_connector_init,0xe888ac75,KERNEL_OR_BUILTIN,,0,mediatek_drm,1,1,0,1,0,0,1,1,1,1
drm_connector_register,0x64effeaf,KERNEL_OR_BUILTIN,,0,drm_display_helper,1,1,0,1,0,0,0,0,1,1
drm_connector_unregister,0x411bde66,KERNEL_OR_BUILTIN,,0,drm_display_helper,1,1,0,1,0,0,0,0,1,1
drm_connector_update_edid_property,0x98f042db,KERNEL_OR_BUILTIN,,0,mediatek_drm,1,1,0,1,0,0,1,1,1,1
drm_crtc_add_crc_entry,0x2056c89f,KERNEL_OR_BUILTIN,,0,drm_display_helper,1,1,0,1,0,0,0,0,1,1
drm_crtc_cleanup,0x2575db6e,KERNEL_OR_BUILTIN,,0,mediatek_drm,1,1,0,1,0,0,1,1,1,1
drm_crtc_commit_wait,0xe39b1a76,KERNEL_OR_BUILTIN,,0,drm_display_helper,1,1,0,1,0,0,0,0,1,1
drm_crtc_handle_vblank,0x38c14875,KERNEL_OR_BUILTIN,,0,mediatek_drm,1,1,0,1,0,0,1,1,1,1
drm_crtc_init_with_planes,0x5553a750,KERNEL_OR_BUILTIN,,0,mediatek_drm,1,1,0,1,0,0,1,1,1,1
drm_crtc_send_vblank_event,0x53686300,KERNEL_OR_BUILTIN,,0,mediatek_drm,1,1,0,1,0,0,1,1,1,1
drm_crtc_vblank_get,0x9d9f1180,KERNEL_OR_BUILTIN,,0,mediatek_drm,1,1,0,1,0,0,1,1,1,1
drm_crtc_vblank_off,0xef6d267f,KERNEL_OR_BUILTIN,,0,mediatek_drm,1,1,0,1,0,0,1,1,1,1
drm_crtc_vblank_on,0x9fb2e466,KERNEL_OR_BUILTIN,,0,mediatek_drm,1,1,0,1,0,0,1,1,1,1
drm_crtc_vblank_put,0x864e6898,KERNEL_OR_BUILTIN,,0,mediatek_drm,1,1,0,1,0,0,1,1,1,1
drm_crtc_wait_one_vblank,0x8581217d,KERNEL_OR_BUILTIN,,0,drm_display_helper,1,1,0,1,0,0,0,0,1,1
drm_detect_monitor_audio,0xa248afde,KERNEL_OR_BUILTIN,,0,drm_display_helper,1,1,0,1,0,0,0,0,1,1
drm_dev_alloc,0xfcb6d242,KERNEL_OR_BUILTIN,,0,mediatek_drm,1,1,0,1,0,0,1,1,1,1
drm_dev_printk,0xa6456769,KERNEL_OR_BUILTIN,,0,drm_display_helper,1,1,0,1,0,0,0,0,1,1
drm_dev_put,0x5762f2f1,KERNEL_OR_BUILTIN,,0,mediatek_drm,1,1,0,1,0,0,1,1,1,1
drm_dev_register,0x7ef67a65,KERNEL_OR_BUILTIN,,0,mediatek_drm,1,1,0,1,0,0,1,1,1,1
drm_dev_unregister,0x99fc2812,KERNEL_OR_BUILTIN,,0,mediatek_drm,1,1,0,1,0,0,1,1,1,1
drm_display_mode_from_cea_vic,0xa9ea8384,KERNEL_OR_BUILTIN,,0,drm_display_helper,1,1,0,1,0,0,0,0,1,1
drm_display_mode_to_videomode,0xfe9f72f3,KERNEL_OR_BUILTIN,,0,mediatek_drm,1,1,0,1,0,0,1,1,1,1
drm_dp_aux_init,0x35824d22,STOCK_MODULE,drm_display_helper,1,mediatek_drm,1,1,0,0,0,0,1,1,0,1
drm_dp_aux_register,0x7dbac15c,STOCK_MODULE,drm_display_helper,1,mediatek_drm,1,1,0,0,0,0,1,1,0,1
drm_dp_channel_eq_ok,0xedcf81ce,STOCK_MODULE,drm_display_helper,1,mediatek_drm,1,1,0,0,0,0,1,1,0,1
drm_dp_clock_recovery_ok,0x8d701329,STOCK_MODULE,drm_display_helper,1,mediatek_drm,1,1,0,0,0,0,1,1,0,1
drm_dp_dpcd_read,0xf20dc39d,STOCK_MODULE,drm_display_helper,1,mediatek_drm,1,1,0,0,0,0,1,1,0,1
drm_dp_dpcd_write,0x1ea81ab4,STOCK_MODULE,drm_display_helper,1,mediatek_drm,1,1,0,0,0,0,1,1,0,1
drm_dp_link_train_channel_eq_delay,0xb1e19450,STOCK_MODULE,drm_display_helper,1,mediatek_drm,1,1,0,0,0,0,1,1,0,1
drm_dp_link_train_clock_recovery_delay,0x8a1125b0,STOCK_MODULE,drm_display_helper,1,mediatek_drm,1,1,0,0,0,0,1,1,0,1
drm_edid_duplicate,0x7edf470b,KERNEL_OR_BUILTIN,,0,drm_display_helper;mediatek_drm,2,2,0,1,0,0,1,1,1,1
drm_edid_get_monitor_name,0x7c545285,KERNEL_OR_BUILTIN,,0,drm_display_helper,1,1,0,1,0,0,0,0,1,1
drm_edid_to_sad,0x6ac01ea8,KERNEL_OR_BUILTIN,,0,mediatek_drm,1,1,0,1,0,0,1,1,1,1
drm_encoder_cleanup,0x5dcb3db3,KERNEL_OR_BUILTIN,,0,mediatek_drm,1,1,0,1,0,0,1,1,1,1
drm_encoder_init,0x1195f64a,KERNEL_OR_BUILTIN,,0,mediatek_drm,1,1,0,1,0,0,1,1,1,1
drm_format_info,0x55eb38da,KERNEL_OR_BUILTIN,,0,mediatek_drm,1,1,0,1,0,0,1,1,1,1
drm_format_info_block_height,0x982d09b3,KERNEL_OR_BUILTIN,,0,drm_dma_helper,1,1,0,1,0,0,0,0,1,1
drm_format_info_block_width,0x74fc6fbd,KERNEL_OR_BUILTIN,,0,drm_dma_helper,1,1,0,1,0,0,0,0,1,1
drm_framebuffer_cleanup,0xbf1c6c9f,KERNEL_OR_BUILTIN,,0,mediatek_drm,1,1,0,1,0,0,1,1,1,1
drm_framebuffer_init,0x2064415b,KERNEL_OR_BUILTIN,,0,mediatek_drm,1,1,0,1,0,0,1,1,1,1
drm_framebuffer_lookup,0x65005562,KERNEL_OR_BUILTIN,,0,mediatek_drm,1,1,0,1,0,0,1,1,1,1
drm_framebuffer_remove,0xa29533ba,KERNEL_OR_BUILTIN,,0,mediatek_drm,1,1,0,1,0,0,1,1,1,1
drm_gem_create_mmap_offset,0x6155f315,KERNEL_OR_BUILTIN,,0,drm_dma_helper;mediatek_drm,2,2,0,1,0,0,1,1,1,1
drm_gem_dma_vm_ops,0xff586cf8,STOCK_MODULE,drm_dma_helper,1,mediatek_drm,1,1,0,0,0,0,0,0,0,0
drm_gem_fb_get_obj,0xaa830a18,KERNEL_OR_BUILTIN,,0,drm_dma_helper,1,1,0,1,0,0,0,0,1,1
drm_gem_handle_create,0x3de8eeab,KERNEL_OR_BUILTIN,,0,drm_dma_helper;mediatek_drm,2,2,0,1,0,0,1,1,1,1
drm_gem_mmap,0x90694ef5,KERNEL_OR_BUILTIN,,0,mediatek_drm,1,1,0,1,0,0,1,1,1,1
drm_gem_mmap_obj,0x62be7bae,KERNEL_OR_BUILTIN,,0,mediatek_drm,1,1,0,1,0,0,1,1,1,1
drm_gem_object_free,0xd680a377,KERNEL_OR_BUILTIN,,0,drm_dma_helper;mediatek_drm,2,2,0,1,0,0,1,1,1,1
drm_gem_object_init,0x9c19c481,KERNEL_OR_BUILTIN,,0,drm_dma_helper;mediatek_drm,2,2,0,1,0,0,1,1,1,1
drm_gem_object_lookup,0x1e4ed7f7,KERNEL_OR_BUILTIN,,0,mediatek_drm,1,1,0,1,0,0,1,1,1,1
drm_gem_object_release,0xf527d31d,KERNEL_OR_BUILTIN,,0,drm_dma_helper;mediatek_drm,2,2,0,1,0,0,1,1,1,1
drm_gem_prime_fd_to_handle,0x90243c97,KERNEL_OR_BUILTIN,,0,mediatek_drm,1,1,0,1,0,0,1,1,1,1
drm_gem_prime_handle_to_fd,0xf15a8008,KERNEL_OR_BUILTIN,,0,mediatek_drm,1,1,0,1,0,0,1,1,1,1
drm_gem_prime_import_dev,0x25097918,KERNEL_OR_BUILTIN,,0,mediatek_drm,1,1,0,1,0,0,0,0,1,1
drm_gem_private_object_init,0x9a5c1e53,KERNEL_OR_BUILTIN,,0,drm_dma_helper,1,1,0,1,0,0,0,0,1,1
drm_gem_vm_close,0x7b3d61be,KERNEL_OR_BUILTIN,,0,drm_dma_helper;mediatek_drm,2,2,0,1,0,0,1,1,1,1
drm_gem_vm_open,0x579d1817,KERNEL_OR_BUILTIN,,0,drm_dma_helper,1,1,0,1,0,0,0,0,1,1
drm_get_edid,0x5efab667,KERNEL_OR_BUILTIN,,0,drm_display_helper;mediatek_drm,2,2,0,1,0,0,1,1,1,1
drm_helper_hpd_irq_event,0xfe9c9482,KERNEL_OR_BUILTIN,,0,mediatek_drm,1,1,0,1,0,0,1,1,1,1
drm_helper_mode_fill_fb_struct,0x76a96b53,KERNEL_OR_BUILTIN,,0,mediatek_drm,1,1,0,1,0,0,1,1,1,1
drm_helper_probe_single_connector_modes,0x6dc86f5a,KERNEL_OR_BUILTIN,,0,mediatek_drm,1,1,0,1,0,0,1,1,1,1
drm_ioctl,0x5ba71db3,KERNEL_OR_BUILTIN,,0,mediatek_drm,1,1,0,1,0,0,1,1,1,1
drm_is_current_master,0xe7ab81f3,KERNEL_OR_BUILTIN,,0,mediatek_drm,1,1,0,1,0,0,1,1,1,1
drm_kms_helper_hotplug_event,0x407f8acf,KERNEL_OR_BUILTIN,,0,drm_display_helper,1,1,0,1,0,0,0,0,1,1
drm_kms_helper_poll_disable,0xff84cea9,KERNEL_OR_BUILTIN,,0,mediatek_drm,1,1,0,1,0,0,1,1,1,1
drm_kms_helper_poll_enable,0x9c77bbab,KERNEL_OR_BUILTIN,,0,mediatek_drm,1,1,0,1,0,0,1,1,1,1
drm_kms_helper_poll_fini,0x171dda3d,KERNEL_OR_BUILTIN,,0,mediatek_drm,1,1,0,1,0,0,1,1,1,1
drm_mode_config_cleanup,0x84a1c450,KERNEL_OR_BUILTIN,,0,mediatek_drm,1,1,0,1,0,0,1,1,1,1
drm_mode_config_reset,0xc6c97ad1,KERNEL_OR_BUILTIN,,0,mediatek_drm,1,1,0,1,0,0,1,1,1,1
drm_mode_copy,0x9ce050be,KERNEL_OR_BUILTIN,,0,mediatek_drm,1,1,0,1,0,0,1,1,1,1
drm_mode_crtc_set_gamma_size,0x79b7fe4c,KERNEL_OR_BUILTIN,,0,mediatek_drm,1,1,0,1,0,0,1,1,1,1
drm_mode_duplicate,0xff193a01,KERNEL_OR_BUILTIN,,0,mediatek_drm;mediatek_drm_panel_drv;panel_ky_vtdr6115_dphy_cmd,3,3,0,1,0,0,1,1,1,1
drm_mode_equal,0x0d9b4753,KERNEL_OR_BUILTIN,,0,mediatek_drm_panel_drv,1,1,0,1,0,0,1,1,1,1
drm_mode_object_find,0xdcea725a,KERNEL_OR_BUILTIN,,0,mediatek_drm,1,1,0,1,0,0,1,1,1,1
drm_mode_object_put,0xfdff984a,KERNEL_OR_BUILTIN,,0,drm_display_helper;mediatek_drm,2,2,0,1,0,0,1,1,1,1
drm_mode_probed_add,0x88f2da8e,KERNEL_OR_BUILTIN,,0,mediatek_drm;mediatek_drm_panel_drv;panel_ky_vtdr6115_dphy_cmd,3,3,0,1,0,0,1,1,1,1
drm_mode_set_crtcinfo,0x4575a0ca,KERNEL_OR_BUILTIN,,0,mediatek_drm,1,1,0,1,0,0,1,1,1,1
drm_mode_set_name,0x4a35d30d,KERNEL_OR_BUILTIN,,0,mediatek_drm;mediatek_drm_panel_drv;panel_ky_vtdr6115_dphy_cmd,3,3,0,1,0,0,1,1,1,1
drm_mode_vrefresh,0xf1b5340a,KERNEL_OR_BUILTIN,,0,mediatek_drm;mediatek_drm_panel_drv;panel_ky_vtdr6115_dphy_cmd,3,3,0,1,0,0,1,1,1,1
drm_modeset_lock,0xb9e8c048,KERNEL_OR_BUILTIN,,0,drm_display_helper,1,1,0,1,0,0,0,0,1,1
drm_modeset_lock_single_interruptible,0x33020bb7,KERNEL_OR_BUILTIN,,0,drm_display_helper,1,1,0,1,0,0,0,0,1,1
drm_modeset_unlock,0x1c6b0af8,KERNEL_OR_BUILTIN,,0,drm_display_helper,1,1,0,1,0,0,0,0,1,1
drm_object_attach_property,0xa831bbd6,KERNEL_OR_BUILTIN,,0,mediatek_drm,1,1,0,1,0,0,1,1,1,1
drm_object_property_set_value,0x94569246,KERNEL_OR_BUILTIN,,0,drm_display_helper;mediatek_drm,2,2,0,1,0,0,0,0,1,1
drm_open,0xd8d401cc,KERNEL_OR_BUILTIN,,0,mediatek_drm,1,1,0,1,0,0,1,1,1,1
drm_panel_add,0xb6b95897,KERNEL_OR_BUILTIN,,0,mediatek_drm_panel_drv;panel_ky_vtdr6115_dphy_cmd,2,2,0,1,0,0,1,1,1,1
drm_panel_disable,0x536b2dec,KERNEL_OR_BUILTIN,,0,mediatek_drm,1,1,0,1,0,0,1,1,1,1
drm_panel_enable,0xf7c0b0e6,KERNEL_OR_BUILTIN,,0,mediatek_drm,1,1,0,1,0,0,1,1,1,1
drm_panel_get_modes,0xa0c334cd,KERNEL_OR_BUILTIN,,0,mediatek_drm,1,1,0,1,0,0,1,1,1,1
drm_panel_init,0x2d451166,KERNEL_OR_BUILTIN,,0,mediatek_drm_panel_drv;panel_ky_vtdr6115_dphy_cmd,2,2,0,1,0,0,1,1,1,1
drm_panel_prepare,0x4817ee32,KERNEL_OR_BUILTIN,,0,mediatek_drm,1,1,0,1,0,0,1,1,1,1
drm_panel_remove,0x23456173,KERNEL_OR_BUILTIN,,0,mediatek_drm_panel_drv;panel_ky_vtdr6115_dphy_cmd,2,2,0,1,0,0,1,1,1,1
drm_panel_unprepare,0xf7113846,KERNEL_OR_BUILTIN,,0,mediatek_drm,1,1,0,1,0,0,1,1,1,1
drm_plane_cleanup,0x625001a0,KERNEL_OR_BUILTIN,,0,mediatek_drm,1,1,0,1,0,0,1,1,1,1
drm_plane_create_alpha_property,0x7b0786ac,KERNEL_OR_BUILTIN,,0,mediatek_drm,1,1,0,1,0,0,0,0,1,1
drm_plane_create_blend_mode_property,0x7900faf9,KERNEL_OR_BUILTIN,,0,mediatek_drm,1,1,0,1,0,0,0,0,1,1
drm_poll,0xf583b687,KERNEL_OR_BUILTIN,,0,mediatek_drm,1,1,0,1,0,0,1,1,1,1
drm_prime_gem_destroy,0xbf9f5c36,KERNEL_OR_BUILTIN,,0,drm_dma_helper;mediatek_drm,2,2,0,1,0,0,1,1,1,1
drm_prime_get_contiguous_size,0xd05fda43,KERNEL_OR_BUILTIN,,0,drm_dma_helper,1,1,0,1,0,0,0,0,1,1
drm_printf,0x28779e52,KERNEL_OR_BUILTIN,,0,drm_display_helper;drm_dma_helper,2,2,0,1,0,0,0,0,1,1
drm_property_blob_put,0x9fb721c3,KERNEL_OR_BUILTIN,,0,mediatek_drm,1,1,0,1,0,0,1,1,1,1
drm_property_create_blob,0xb4679f3d,KERNEL_OR_BUILTIN,,0,mediatek_drm,1,1,0,1,0,0,1,1,1,1
drm_property_create_range,0x6ed99063,KERNEL_OR_BUILTIN,,0,mediatek_drm,1,1,0,1,0,0,1,1,1,1
drm_property_lookup_blob,0x328b60c8,KERNEL_OR_BUILTIN,,0,mediatek_drm,1,1,0,1,0,0,1,1,1,1
drm_read,0x868c4e79,KERNEL_OR_BUILTIN,,0,mediatek_drm,1,1,0,1,0,0,1,1,1,1
drm_register_fps_chg_callback,0xaab7da79,STOCK_MODULE,mediatek_drm,1,ged;mtk_fpsgo,2,2,0,0,0,0,0,0,0,0
drm_release,0x136961da,KERNEL_OR_BUILTIN,,0,mediatek_drm,1,1,0,1,0,0,1,1,1,1
drm_universal_plane_init,0x3c3cc9ae,KERNEL_OR_BUILTIN,,0,mediatek_drm,1,1,0,1,0,0,1,1,1,1
drm_unregister_fps_chg_callback,0x59e44647,STOCK_MODULE,mediatek_drm,1,ged;mtk_fpsgo,2,2,0,0,0,0,0,0,0,0
drm_vblank_init,0xae4c6cd9,KERNEL_OR_BUILTIN,,0,mediatek_drm,1,1,0,1,0,0,1,1,1,1
drm_writeback_connector_init,0x7d3eca64,KERNEL_OR_BUILTIN,,0,mediatek_drm,1,1,0,1,0,0,1,1,1,1
drm_writeback_queue_job,0xd10bb800,KERNEL_OR_BUILTIN,,0,mediatek_drm,1,1,0,1,0,0,1,1,1,1
drm_writeback_signal_completion,0x54156b4a,KERNEL_OR_BUILTIN,,0,mediatek_drm,1,1,0,1,0,0,1,1,1,1
drmm_mode_config_init,0x4fc1b0fa,KERNEL_OR_BUILTIN,,0,mediatek_drm,1,1,0,1,0,0,1,1,1,1
dst_cache_destroy,0xc6556f6c,KERNEL_OR_BUILTIN,,0,tipc,1,1,0,1,0,0,0,0,1,1
dst_cache_get,0x6afc552f,KERNEL_OR_BUILTIN,,0,tipc,1,1,0,1,0,0,0,0,1,1
dst_cache_init,0x676e698a,KERNEL_OR_BUILTIN,,0,tipc,1,1,0,1,0,0,0,0,1,1
dst_cache_set_ip4,0x633308af,KERNEL_OR_BUILTIN,,0,tipc,1,1,0,1,0,0,0,0,1,1
dst_cache_set_ip6,0x36de37e2,KERNEL_OR_BUILTIN,,0,tipc,1,1,0,1,0,0,0,0,1,1
dst_release,0x5fc9451b,KERNEL_OR_BUILTIN,,0,ieee802154_6lowpan;ieee802154_socket;l2tp_core;l2tp_ppp;pptp,5,5,0,1,0,0,0,0,1,1
dsu_get_freq_opp,0xc04dbdb3,STOCK_MODULE,cpufreq_sugov_ext,1,scheduler,1,1,0,0,0,0,0,0,0,0
dsu_get_opp_ps,0x170ed47b,STOCK_MODULE,cpufreq_sugov_ext,1,scheduler,1,1,0,0,0,0,0,0,0,0
dump_audio_dsp_dram,0x50b4b01b,STOCK_MODULE,snd_soc_audiodsp_common,1,mtk_soc_offload_common,1,1,0,0,0,0,0,0,0,0
dump_audio_hwbuffer,0x6786b1de,STOCK_MODULE,snd_soc_audiodsp_common,1,mtk_soc_offload_common,1,1,0,0,0,0,0,0,0,0
dump_rbuf_s,0x9bc5fa37,STOCK_MODULE,snd_soc_audiodsp_common,1,mtk_soc_offload_common,1,1,0,0,0,0,0,0,0,0
dump_stack,0x6b2dc060,KERNEL_OR_BUILTIN,,0,clk_common;connadp;mali_kbase_mt6878_r44;mdp_drv_mt6878;mediatek_drm;mrdump;mtk_cmdq_drv_ext;mtk_imgsys_cmdq;mtk_imgsys_isp7sp;mtk_vcodec_dec_v1;snd_soc_audiodsp_common;snd_soc_mt6878_afe;snd_soc_mtk_common;wlan_drv_gen4m_6878,14,14,0,1,0,0,1,1,1,1
dvfsrc_get_data,0x5db7142b,STOCK_MODULE,mtk_dvfsrc_helper,1,mtk_mbraink,1,1,0,0,0,0,0,0,0,0
dvfsrc_get_required_opp_peak_bw,0x8d447eb6,STOCK_MODULE,mtk_dvfsrc,1,ccci_dpmaif;mmqos_common;mtk_cm_mgr_mt6878;mtk_dvfsrc_helper;mtk_fpsgo;usb_boost,6,6,0,0,0,0,0,0,0,0
eara2fbt_set_2nd_t2wnt,0x30219add,STOCK_MODULE,mtk_fpsgo,1,frs,1,1,0,0,0,0,0,0,0,0
eara2fstb_get_tfps,0x7e9ccb11,STOCK_MODULE,mtk_fpsgo,1,frs,1,1,0,0,0,0,0,0,0,0
eara2fstb_tfps_mdiff,0x1a04087a,STOCK_MODULE,mtk_fpsgo,1,frs,1,1,0,0,0,0,0,0,0,0
eara_pre_change_fp,0xbea93101,STOCK_MODULE,mtk_fpsgo,1,frs,1,1,0,0,0,0,0,0,0,0
eara_pre_change_single_fp,0x19b91226,STOCK_MODULE,mtk_fpsgo,1,frs,1,1,0,0,0,0,0,0,0,0
efi,0x1dfaa4dd,KERNEL_OR_BUILTIN,,0,btbcm,1,1,0,1,0,0,0,0,1,1
em_cpu_get,0x48203853,KERNEL_OR_BUILTIN,,0,mtk_core_ctl;mtk_pbm;mtk_perf_common;scheduler,4,4,0,1,0,0,1,1,1,1
em_dev_register_perf_domain,0x6df6ef79,KERNEL_OR_BUILTIN,,0,mediatek_cpufreq_hw,1,1,0,1,0,0,1,1,1,1
enable_irq,0xfcec0987,KERNEL_OR_BUILTIN,,0,apusys;bt_drv_6878;bus_parity;ccci_ccif;ccci_dpmaif;ccci_md_all;connadp;conninfra;dbg_error_flag;fmradio_drv_connac2x;focaltech_touch_spi_ft3680;gps_drv_dl_v051;gz_irq_mod;hynitron;mediatek_drm;microarray_fp_tee;mt6363_regulator;mt6369_accdet;mt6369_regulator;mt6375;mt6375_auxadc;mt6375_battery;mtk_battery_oc_throttling;mtk_btcvsd;mtk_cam_isp7sp;mtk_ccuv;mtk_mmc;mtk_vcodec_dec_v1;mtk_vcodec_enc_v1;sc851x_charger;sc8571_charger;scp;spi_tiny_co5300_lcd;st21nfc;ufs_mediatek_mod;vcp;wlan_drv_gen4m_6878;xhci_mtk_hcd_v2;yft_gpio_keys,39,39,0,1,0,0,1,1,1,1
enable_percpu_irq,0x335c570f,KERNEL_OR_BUILTIN,,0,gz_irq_mod,1,1,0,1,0,0,1,1,1,1
eth_header,0x4e4cbc45,KERNEL_OR_BUILTIN,,0,ccmni,1,1,0,1,0,0,1,1,1,1
eth_header_cache,0x0d78f33b,KERNEL_OR_BUILTIN,,0,ccmni,1,1,0,1,0,0,1,1,1,1
eth_header_cache_update,0x8fab9a49,KERNEL_OR_BUILTIN,,0,ccmni,1,1,0,1,0,0,1,1,1,1
eth_header_parse,0xf081da3d,KERNEL_OR_BUILTIN,,0,8021q;ccmni,2,2,0,1,0,0,1,1,1,1
eth_mac_addr,0x6f314653,KERNEL_OR_BUILTIN,,0,aqc111;asix;cdc_ncm;mac80211;mtk_u_ether;usbnet,6,6,0,1,0,0,1,1,1,1
eth_platform_get_mac_address,0x9576cab2,KERNEL_OR_BUILTIN,,0,asix;ax88179_178a;r8152,3,3,0,1,0,0,1,1,1,1
eth_type_trans,0xa3a49e39,KERNEL_OR_BUILTIN,,0,cfg80211;mac80211;mtk_u_ether;r8152;rtl8150;tipc;usbnet;wlan_drv_gen4m_6878,8,8,0,1,0,0,1,1,1,1
eth_validate_addr,0xd0c4e253,KERNEL_OR_BUILTIN,,0,8021q;aqc111;asix;ax88179_178a;cdc_ncm;mtk_u_ether;r8152;rtl8150;usbnet,9,9,0,1,0,0,1,1,1,1
ether_setup,0x46c7e5b5,KERNEL_OR_BUILTIN,,0,8021q;mac80211;wlan_drv_gen4m_6878,3,3,0,1,0,0,1,1,1,1
ethtool_convert_legacy_u32_to_link_mode,0x8f996a30,KERNEL_OR_BUILTIN,,0,mii;rtl8150,2,2,0,1,0,0,0,0,1,1
ethtool_convert_link_mode_to_legacy_u32,0x55e31703,KERNEL_OR_BUILTIN,,0,mii,1,1,0,1,0,0,0,0,1,1
ethtool_op_get_link,0xb5a62b42,KERNEL_OR_BUILTIN,,0,8021q;aqc111;ax88179_178a;mac80211;mtk_u_ether;r8152;rtl8150;usbnet,8,8,0,1,0,0,1,1,1,1
ethtool_op_get_ts_info,0x59d7903f,KERNEL_OR_BUILTIN,,0,ax88179_178a;cdc_ether;cdc_ncm;slcan;usbnet;vcan,6,6,0,1,0,0,1,1,1,1
eventfd_ctx_do_read,0xe911df29,KERNEL_OR_BUILTIN,,0,gzvm,1,1,0,1,0,0,0,0,1,1
eventfd_ctx_fdget,0xd67364f7,KERNEL_OR_BUILTIN,,0,gzvm,1,1,0,1,0,0,0,0,1,1
eventfd_ctx_fileget,0x6af6da20,KERNEL_OR_BUILTIN,,0,gzvm,1,1,0,1,0,0,0,0,1,1
eventfd_ctx_put,0x941f2aaa,KERNEL_OR_BUILTIN,,0,gzvm,1,1,0,1,0,0,0,0,1,1
eventfd_ctx_remove_wait_queue,0x41ed3cec,KERNEL_OR_BUILTIN,,0,gzvm,1,1,0,1,0,0,0,0,1,1
eventfd_signal,0xdf0f75c6,KERNEL_OR_BUILTIN,,0,gzvm,1,1,0,1,0,0,0,0,1,1
exec_ccci_kern_func,0xcdd61926,STOCK_MODULE,ccci_md_all,1,md_cooling_all;mddp;mtk_md_power_throttling;mtk_pmic_oc_debug,4,4,0,0,0,0,0,0,0,0
extcon_get_edev_by_phandle,0x09bcb4a4,KERNEL_OR_BUILTIN,,0,mtu3,1,1,0,1,0,0,1,1,1,1
extcon_get_state,0xf46b7726,KERNEL_OR_BUILTIN,,0,mtu3,1,1,0,1,0,0,1,1,1,1
extcon_set_state_sync,0xad30aa24,KERNEL_OR_BUILTIN,,0,extcon_mtk_usb;mediatek_drm,2,2,0,1,0,0,1,1,1,1
extdev_io_device_unregister,0x2448d0b7,STOCK_MODULE,extdev_io_class,1,rt5133_regulator,1,1,0,0,0,0,0,0,0,0
fbt_cal_target_time_fp,0x8589338c,STOCK_MODULE,mtk_fpsgo,1,fpsgo,1,1,0,0,0,0,0,0,0,0
fd_install,0xd94e18fc,KERNEL_OR_BUILTIN,,0,apusys;ged;mali_kbase_mt6878_r44;mdp_drv_mt6878;mediatek_drm;mtk_hcp;mtk_sync,7,7,0,1,0,0,1,1,1,1
feature_table,0xa18fff46,STOCK_MODULE,vcp,1,mtk_vcodec_dec_v1;mtk_vcodec_enc_v1,2,2,0,0,0,0,0,0,0,0
ffa_driver_register,0x0d53cde9,STOCK_MODULE,ffa_v10,1,gz_main_mod;tkcore_drv;tmem_ffa,3,3,0,0,0,0,0,0,0,0
ffa_driver_unregister,0x3c660e4c,STOCK_MODULE,ffa_v10,1,tkcore_drv,1,1,0,0,0,0,0,0,0,0
fget,0x314a6896,KERNEL_OR_BUILTIN,,0,ged;mediatek_drm;ppp_generic,3,3,0,1,0,0,1,1,1,1
find_get_pid,0xa1aafdfe,KERNEL_OR_BUILTIN,,0,mali_kbase_mt6878_r44;monitor_hang;mtk_cam_isp7sp;mtk_heap_debug;mtk_mbraink,5,5,0,1,0,0,1,1,1,1
find_panel_ctx,0x5ba935bb,STOCK_MODULE,mtk_panel_ext,1,panel_ky_vtdr6115_dphy_cmd,1,1,0,0,0,0,0,0,0,0
find_panel_ext,0xaa9afc3e,STOCK_MODULE,mtk_panel_ext,1,mediatek_drm;mediatek_drm_panel_drv;panel_ky_vtdr6115_dphy_cmd,3,3,0,0,0,0,0,0,0,0
find_pid_ns,0x93c5ba17,KERNEL_OR_BUILTIN,,0,aee_aed,1,1,0,1,0,0,1,1,1,1
find_task_by_vpid,0x5cd583b1,KERNEL_OR_BUILTIN,,0,blocktag;cpufreq_sugov_ext;cpuqos_v3;mtk_c2ps;mtk_fpsgo;mtk_vcodec_common;scheduler;task_turbo;wlan_drv_gen4m_6878,9,9,0,1,0,0,1,1,1,1
find_vma,0xa8f1e1ea,KERNEL_OR_BUILTIN,,0,tkcore,1,1,0,0,0,0,0,0,0,0
find_vma_intersection,0xed4b637e,KERNEL_OR_BUILTIN,,0,gz_tz_system;mali_kbase_mt6878_r44,2,2,0,1,0,0,0,0,1,1
find_vpid,0xaf95aaf5,KERNEL_OR_BUILTIN,,0,ged;scheduler,2,2,0,1,0,0,1,1,1,1
finish_wait,0x92540fbf,KERNEL_OR_BUILTIN,,0,adsp;apusys;atf_logger;audio_ipi;bluetooth;bt_drv_6878;ccci_dpmaif;ccci_md_all;ccci_util_lib;ccd_rpmsg;cfg80211;conninfra;connscp;cqhci;drm_display_helper;fingerprint;fmradio_drv_connac2x;focaltech_touch_spi_ft3680;gps_drv_dl_v051;gz_ipc_mod;hci_uart;hf_manager;hidp;ieee802154;mali_kbase_mt6878_r44;mddp;mdp_drv_mt6878;mediatek_drm;microarray_fp_tee;mmqos_common;monitor_hang;mt6375_battery;mtk_aie;mtk_bp_thl;mtk_btcvsd;mtk_c2ps;mtk_cam_isp7sp;mtk_ccuv;mtk_charger_framework;mtk_chg_type_det;mtk_cmdq_drv_ext;mtk_dpc;mtk_dynamic_loading_throttling;mtk_fpsgo;mtk_hcp;mtk_imgsys_v4l2;mtk_low_battery_throttling;mtk_mml;mtk_pep50;mtk_soc_offload_common;mtk_vcodec_common;mtk_vcodec_dec_v1;mtk_vcodec_enc_v1;mtk_vcu;mtk_vow;pda_drv_mt6878;powerhal_cpu_ctrl;rfkill;scp;slcan;snd_soc_audiodsp_common;system_heap;tcpc_class;tcpc_mt6375;tkcore;tkcore_drv;touch_boost;usbserial;wlan_drv_gen4m_6878;wmt_chrdev_wifi_connac2;wwan;yft_tpd_gesture,72,73,0,1,0,0,1,1,1,1
firmware_request_nowarn,0x5dfa297f,KERNEL_OR_BUILTIN,,0,btbcm,1,1,0,1,0,0,0,0,1,1
flashlight_dev_register_by_device_id,0xe8fd8896,STOCK_MODULE,flashlight,1,aw36515;aw36518;aw36518_v2,3,3,0,0,0,0,0,0,0,0
flashlight_drvctrl,0x2e13eeba,STOCK_MODULE,flashlight,1,imgsensor,1,1,0,0,0,0,0,0,0,0
flashlight_kicker_pbm,0x8287fd03,STOCK_MODULE,flashlight,1,aw36515;aw36518;aw36518_v2,3,3,0,0,0,0,0,0,0,0
flashlight_pt_is_low,0xe39abd31,STOCK_MODULE,flashlight,1,aw36515,1,1,0,0,0,0,0,0,0,0
flt_ctrl_force_get,0x7a555f61,STOCK_MODULE,scheduler,1,mtk_c2ps,1,1,0,0,0,0,0,0,0,0
flt_ctrl_force_set,0x376b16ab,STOCK_MODULE,scheduler,1,mtk_c2ps,1,1,0,0,0,0,0,0,0,0
flt_get_cpu_util_hook,0x1a2a5056,STOCK_MODULE,cpufreq_sugov_ext,1,scheduler,1,1,0,0,0,0,0,0,0,0
flt_get_fpsgo_boosting,0x92588a78,STOCK_MODULE,cpufreq_sugov_ext,1,scheduler,1,1,0,0,0,0,0,0,0,0
flt_sched_get_cpu_group_util_eas_hook,0xd90f43c8,STOCK_MODULE,cpufreq_sugov_ext,1,scheduler,1,1,0,0,0,0,0,0,0,0
flush_dcache_page,0xd53495d8,KERNEL_OR_BUILTIN,,0,zram,1,1,0,1,1,0,1,1,1,1
flush_delayed_work,0x1148c0ea,KERNEL_OR_BUILTIN,,0,adsp;apusys;ccmni;cfg80211;mac80211;pd_dbg_info;tcpc_class;wlan_drv_gen4m_6878,8,8,0,1,0,0,1,1,1,1
flush_work,0x4735ac17,KERNEL_OR_BUILTIN,,0,apusys;bluetooth;bt_drv_6878;bus_parity;cache_parity;ccci_ccif;cfg80211;dbg_error_flag;drm_display_helper;dw9781c;emi_mpu;mali_kbase_mt6878_r44;mediatek_drm;mtk_cam_isp7sp;mtk_u_ether;sensorhub;slcan;wlan_drv_gen4m_6878;zsmalloc,19,20,0,1,0,0,1,1,1,1
fmeter_set_ops,0xaca276a3,STOCK_MODULE,clk_common,1,clk_fmeter_mt6878,1,1,0,0,0,0,0,0,0,0
folio_wait_bit,0x5aacc70c,KERNEL_OR_BUILTIN,,0,zsmalloc,1,1,0,1,0,0,0,0,1,1
follow_pfn,0x03ca71b7,KERNEL_OR_BUILTIN,,0,gz_tz_system,1,1,0,1,0,0,1,1,1,1
font_vga_8x16,0xa01d3df6,KERNEL_OR_BUILTIN,,0,mediatek_drm,1,1,0,1,0,0,1,1,1,1
for_each_kernel_tracepoint,0x058c6377,KERNEL_OR_BUILTIN,,0,aee_aed;blocktag;bootprof;met;mtk_cm_mgr;mtk_fpsgo;mtk_mbraink;mtk_mmc_dbg;mtk_pbm;pidmap;ufs_mediatek_dbg;ufs_mediatek_mod,12,12,0,1,0,0,1,1,1,1
fortify_panic,0xcbd4898c,KERNEL_OR_BUILTIN,,0,6lowpan;8021q;adsp;aee_aed;apu_top;apusys;aw36515;aw883xx_driver;bluetooth;bt_drv_6878;btqca;can_bcm;ccci_dpmaif;ccci_md_all;ccci_util_lib;ccd_rpmsg;cfg80211;charger_cooling;connadp;connfem;conninfra;connscp;cpufreq_sugov_ext;cqhci;device_apc_common;drm_display_helper;emi_mpu;extdev_io_class;flashlight;fmradio_drv_connac2x;focaltech_touch_spi_ft3680;ged;gps_drv_dl_v051;gz_tz_system;gz_virtio_mod;hf_manager;hidp;hynitron;ieee802154;imgsensor;leds_mtk;mac80211;mali_kbase_mt6878_r44;mddp;mdp_drv_mt6878;mediatek_drm;met;mmprofile;monitor_hang;mrdump;mt6369_accdet;mt6375_battery;mt6375_charger;mt6878_mt6369;mtk_aie;mtk_cam_isp7sp;mtk_charger_framework;mtk_core_ctl;mtk_dpc;mtk_fpsgo;mtk_imgsys_cmdq;mtk_imgsys_isp7sp;mtk_imgsys_v4l2;mtk_jpeg;mtk_lpm;mtk_lpm_dbg_common_v2;mtk_lpm_dbg_mt6878;mtk_lpm_plat_v1;mtk_mbraink;mtk_mml;mtk_peak_power_budget;mtk_u_ether;mtk_vcodec_common;mtk_vcodec_dec_v1;mtk_vcodec_enc_v1;mtk_vcu;mtk_vow;powerhal_cpu_ctrl;r8152;sc851x_charger;sc8571_charger;scheduler;scp;sec_rng;sensorhub;slcan;slhc;smpu;snd_soc_mtk_scp_ultra;snd_soc_tfa98xx;spi_mt65xx;task_turbo;tcpc_class;thermal_interface;tipc;tkcore;uarthub_drv;ufs_mediatek_mod;uload_ind;usb_meta;usbnet;wifi_cooling;wlan_drv_gen4m_6878;xhci_mtk_hcd_v2;yft_devinfo;yft_tpd_gesture;zram,107,108,0,1,0,0,0,0,1,1
fpsgo_get_cmd_fp,0xebd8412d,STOCK_MODULE,mtk_perf_ioctl,1,mtk_fpsgo,1,1,0,0,0,0,0,0,0,0
fpsgo_get_fps_fp,0x3410366d,STOCK_MODULE,mtk_perf_ioctl,1,mtk_fpsgo,1,1,0,0,0,0,0,0,0,0
fpsgo_get_fstb_active_fp,0xecb67d01,STOCK_MODULE,mtk_perf_ioctl,1,mtk_fpsgo;touch_boost,2,2,0,0,0,0,0,0,0,0
fpsgo_get_lr_pair_fp,0x03522510,STOCK_MODULE,mtk_perf_ioctl,1,mtk_fpsgo,1,1,0,0,0,0,0,0,0,0
fpsgo_get_pid_fp,0x65f4e8c4,STOCK_MODULE,mtk_perf_ioctl,1,mtk_fpsgo,1,1,0,0,0,0,0,0,0,0
fpsgo_main_trace,0x7c051004,STOCK_MODULE,mtk_fpsgo,1,fpsgo,1,1,0,0,0,0,0,0,0,0
fpsgo_notify_acquire_fp,0xf0f156b6,STOCK_MODULE,mtk_perf_ioctl,1,mtk_fpsgo,1,1,0,0,0,0,0,0,0,0
fpsgo_notify_bqid_fp,0xf7cb819f,STOCK_MODULE,mtk_perf_ioctl,1,mtk_fpsgo,1,1,0,0,0,0,0,0,0,0
fpsgo_notify_buffer_quota_fp,0x815612c6,STOCK_MODULE,mtk_perf_ioctl,1,mtk_fpsgo,1,1,0,0,0,0,0,0,0,0
fpsgo_notify_connect_fp,0xe5dbe114,STOCK_MODULE,mtk_perf_ioctl,1,mtk_fpsgo,1,1,0,0,0,0,0,0,0,0
fpsgo_notify_fbt_is_boost_fp,0x20ba2e0b,STOCK_MODULE,cpufreq_sugov_ext,1,mtk_fpsgo,1,1,0,0,0,0,0,0,0,0
fpsgo_notify_frame_hint_fp,0x2f67359f,STOCK_MODULE,mtk_perf_ioctl,1,mtk_fpsgo,1,1,0,0,0,0,0,0,0,0
fpsgo_notify_qudeq_fp,0xf11fcc52,STOCK_MODULE,mtk_perf_ioctl,1,mtk_fpsgo,1,1,0,0,0,0,0,0,0,0
fpsgo_notify_sbe_policy_fp,0xcd89a4fb,STOCK_MODULE,mtk_perf_ioctl,1,mtk_fpsgo,1,1,0,0,0,0,0,0,0,0
fpsgo_notify_sbe_rescue_fp,0xb4f5e14d,STOCK_MODULE,mtk_perf_ioctl,1,mtk_fpsgo,1,1,0,0,0,0,0,0,0,0
fpsgo_notify_swap_buffer_fp,0x1968478c,STOCK_MODULE,mtk_perf_ioctl,1,mtk_fpsgo,1,1,0,0,0,0,0,0,0,0
fpsgo_notify_vsync_fp,0x43fc37b1,STOCK_MODULE,mtk_perf_ioctl,1,mtk_fpsgo,1,1,0,0,0,0,0,0,0,0
fpsgo_notify_vsync_period_fp,0x2b8dcd34,STOCK_MODULE,mtk_perf_ioctl,1,mtk_fpsgo,1,1,0,0,0,0,0,0,0,0
fpsgo_other2fstb_register_info_callback,0x4feb06a7,STOCK_MODULE,mtk_fpsgo,1,mtk_mbraink,1,1,0,0,0,0,0,0,0,0
fpsgo_other2fstb_register_perf_callback,0xfef5f957,STOCK_MODULE,mtk_fpsgo,1,mtk_mbraink,1,1,0,0,0,0,0,0,0,0
fpsgo_other2fstb_unregister_info_callback,0x18635084,STOCK_MODULE,mtk_fpsgo,1,mtk_mbraink,1,1,0,0,0,0,0,0,0,0
fpsgo_other2fstb_unregister_perf_callback,0x89801245,STOCK_MODULE,mtk_fpsgo,1,mtk_mbraink,1,1,0,0,0,0,0,0,0,0
fpsgo_rl_create_render_in_list_fp,0x330f3deb,STOCK_MODULE,mtk_fpsgo,1,fpsgo,1,1,0,0,0,0,0,0,0,0
fpsgo_rl_delete_render_info_fp,0xb6ee5d1a,STOCK_MODULE,mtk_fpsgo,1,fpsgo,1,1,0,0,0,0,0,0,0,0
fpsgo_set_last_quota_fp,0x39ba5d91,STOCK_MODULE,mtk_fpsgo,1,fpsgo,1,1,0,0,0,0,0,0,0,0
fpsgo_set_last_quota_fps_ori_fp,0x8e3c9c0f,STOCK_MODULE,mtk_fpsgo,1,fpsgo,1,1,0,0,0,0,0,0,0,0
fpsgo_set_last_target_t_fp,0xf6309e9c,STOCK_MODULE,mtk_fpsgo,1,fpsgo,1,1,0,0,0,0,0,0,0,0
fpsgo_set_rl_expected_l2q_us_fp,0x79ae2eb0,STOCK_MODULE,mtk_perf_ioctl,1,mtk_fpsgo,1,1,0,0,0,0,0,0,0,0
fpsgo_set_rl_l2q_enable_fp,0xbfed9edc,STOCK_MODULE,mtk_perf_ioctl,1,mtk_fpsgo,1,1,0,0,0,0,0,0,0,0
fpsgo_wait_fstb_active_fp,0xe7a77b8c,STOCK_MODULE,mtk_perf_ioctl,1,mtk_fpsgo;touch_boost,2,2,0,0,0,0,0,0,0,0
fput,0x07215730,KERNEL_OR_BUILTIN,,0,apusys;ged;gzvm;hbt;hidp;l2tp_core;mali_kbase_mt6878_r44;mdp_drv_mt6878;mtk_vcodec_dec_v1;mtk_vcu;ppp_generic,11,11,0,1,0,0,1,1,1,1
fqdir_exit,0x09580062,KERNEL_OR_BUILTIN,,0,ieee802154_6lowpan,1,1,0,1,0,0,0,0,1,1
fqdir_init,0x2f71efdb,KERNEL_OR_BUILTIN,,0,ieee802154_6lowpan,1,1,0,1,0,0,0,0,1,1
frame_vector_create,0x065246b8,KERNEL_OR_BUILTIN,,0,mtk_aie,1,1,0,1,0,0,1,1,1,1
frame_vector_destroy,0x1d5f9555,KERNEL_OR_BUILTIN,,0,mtk_aie,1,1,0,1,0,0,1,1,1,1
frame_vector_to_pages,0xc5e5573a,KERNEL_OR_BUILTIN,,0,mtk_aie,1,1,0,1,0,0,1,1,1,1
frame_vector_to_pfns,0xdffb744b,KERNEL_OR_BUILTIN,,0,mtk_aie,1,1,0,1,0,0,1,1,1,1
free_candev,0x97d0a2dd,STOCK_MODULE,can_dev,1,slcan,1,1,0,0,0,0,0,0,0,0
free_irq,0xc1514a3b,KERNEL_OR_BUILTIN,,0,apusys;bt_drv_6878;camera_dpe_isp7sp;conninfra;emi_mpu;fmradio_drv_connac2x;focaltech_touch_spi_ft3680;gps_drv_dl_v051;gz_irq_mod;hynitron;mali_kbase_mt6878_r44;microarray_fp_tee;mt6375_auxadc;mt6375_battery;mtk_mbox_mailbox;mtk_uart_apdma;scp;smpu;spi_tiny_co5300_lcd;tkcore;uarthub_drv;vcp;wlan_drv_gen4m_6878;xhci_mtk_hcd_v2,24,24,0,1,0,0,1,1,1,1
free_netdev,0xb5769105,KERNEL_OR_BUILTIN,,0,8021q;can_dev;ccmni;mac80211;mac802154;mtk_u_ether;mtk_usb_f_rndis;ppp_generic;r8152;rtl8150;usbnet;wlan_drv_gen4m_6878;wwan,13,13,0,1,0,0,1,1,1,1
free_pages,0x4302d0eb,KERNEL_OR_BUILTIN,,0,aee_aed;apusys;c2k_usb;cpudvfs;gz_main_mod;mali_kbase_mt6878_r44;mcupm;met;powerhal_cpu_ctrl;tkcore_drv;touch_boost;wwan;zram,13,13,0,1,0,0,1,1,1,1
free_pages_exact,0xeb44339a,KERNEL_OR_BUILTIN,,0,ffa_v10;gz_ipc_mod;gz_virtio_mod;gzvm,4,4,0,1,0,0,1,1,1,1
free_percpu,0xfce5a203,KERNEL_OR_BUILTIN,,0,8021q;can_raw;gz_irq_mod;mac80211;met;ppp_generic;tipc;usbnet;zram,9,9,0,1,0,0,1,1,1,1
free_percpu_irq,0x7a6b169c,KERNEL_OR_BUILTIN,,0,gz_irq_mod,1,1,0,1,0,0,1,1,1,1
freq_qos_add_notifier,0x8959e3df,KERNEL_OR_BUILTIN,,0,mtk_fpsgo;mtk_mbraink;mtk_perf_common;scheduler,4,4,0,1,0,0,1,1,1,1
freq_qos_add_request,0x98a5d06a,KERNEL_OR_BUILTIN,,0,ccci_dpmaif;mediatek_drm;mtk_cpu_power_throttling;mtk_fpsgo;mtk_pbm;powerhal_cpu_ctrl;touch_boost;usb_boost;wlan_drv_gen4m_6878,9,9,0,1,0,0,1,1,1,1
freq_qos_remove_notifier,0x6435f6e7,KERNEL_OR_BUILTIN,,0,mtk_mbraink;mtk_perf_common,2,2,0,1,0,0,1,1,1,1
freq_qos_remove_request,0xb41c4e90,KERNEL_OR_BUILTIN,,0,mediatek_drm;mtk_cpu_power_throttling;mtk_pbm;usb_boost,4,4,0,1,0,0,1,1,1,1
freq_qos_update_request,0x5aa683b8,KERNEL_OR_BUILTIN,,0,ccci_dpmaif;mtk_cpu_power_throttling;mtk_fpsgo;mtk_pbm;powerhal_cpu_ctrl;touch_boost;usb_boost;wlan_drv_gen4m_6878,8,8,0,1,0,0,1,1,1,1
freq_reg_info,0x69183dbc,STOCK_MODULE,cfg80211,1,mac80211,1,1,0,0,0,0,0,0,0,0
frs_data,0x03019bb0,STOCK_MODULE,thermal_interface,1,thermal_trace,1,1,0,0,0,0,0,0,0,0
fsg_common_create_luns,0xd1a3e8e0,KERNEL_OR_BUILTIN,,0,usb_meta,1,1,0,1,0,0,1,1,1,1
fsg_common_set_cdev,0x79831070,KERNEL_OR_BUILTIN,,0,usb_meta,1,1,0,1,0,0,1,1,1,1
fsg_common_set_inquiry_string,0x6acb4179,KERNEL_OR_BUILTIN,,0,usb_meta,1,1,0,1,0,0,1,1,1,1
fsg_common_set_sysfs,0x7e26d4a5,KERNEL_OR_BUILTIN,,0,usb_meta,1,1,0,1,0,0,1,1,1,1
fsg_config_from_params,0xab6c68ac,KERNEL_OR_BUILTIN,,0,usb_meta,1,1,0,1,0,0,1,1,1,1
fsm_get_entity,0xcfe6efed,STOCK_MODULE,ccci_md_all,1,ccci_fsm_scp,1,1,0,0,0,0,0,0,0,0
fstb_delete_render_info_fp,0xadbe369b,STOCK_MODULE,mtk_fpsgo,1,fpsgo,1,1,0,0,0,0,0,0,0,0
fstb_event_buffer,0xac462a67,STOCK_MODULE,mtk_fpsgo,1,fpsgo,1,1,0,0,0,0,0,0,0,0
fstb_event_buffer_size,0xf092ad6d,STOCK_MODULE,mtk_fpsgo,1,fpsgo,1,1,0,0,0,0,0,0,0,0
fstb_filter_poll_enable,0xbb20b869,STOCK_MODULE,mtk_fpsgo,1,fpsgo,1,1,0,0,0,0,0,0,0,0
fstb_get_logic_head_trace_event_fp,0x5ee98860,STOCK_MODULE,mtk_fpsgo,1,fpsgo,1,1,0,0,0,0,0,0,0,0
fstb_get_target_fps_fp,0xdb903082,STOCK_MODULE,mtk_fpsgo,1,fpsgo,1,1,0,0,0,0,0,0,0,0
fstb_no_r_timer_enable,0x7a113186,STOCK_MODULE,mtk_fpsgo,1,fpsgo,1,1,0,0,0,0,0,0,0,0
ftrace_pwr_opp_v3,0x6fe1b58d,STOCK_MODULE,mtk_mmdvfs_ftrace,1,mtk_mmdvfs_debug,1,1,0,0,0,0,0,0,0,0
ftrace_record_opp_v1,0x04b39dae,STOCK_MODULE,mtk_mmdvfs_ftrace,1,mtk_mmdvfs_debug,1,1,0,0,0,0,0,0,0,0
ftrace_user_opp_v3,0x4f4564b1,STOCK_MODULE,mtk_mmdvfs_ftrace,1,mtk_mmdvfs_debug,1,1,0,0,0,0,0,0,0,0
ftrace_user_opp_v3_vcore,0x8c00a168,STOCK_MODULE,mtk_mmdvfs_ftrace,1,mtk_mmdvfs_debug,1,1,0,0,0,0,0,0,0,0
ftrace_user_opp_v3_vmm,0xb76794fa,STOCK_MODULE,mtk_mmdvfs_ftrace,1,mtk_mmdvfs_debug,1,1,0,0,0,0,0,0,0,0
fuelgauge_fw_version,0x8c280260,STOCK_MODULE,yft_devinfo,1,sh366003_fg,1,1,0,0,0,0,0,0,0,0
fwnode_handle_put,0xf4671bb6,KERNEL_OR_BUILTIN,,0,extdev_io_class;leds_mtk_disp;yft_gpio_keys,3,3,0,1,0,0,1,1,1,1
fwnode_property_present,0x002bfa87,KERNEL_OR_BUILTIN,,0,yft_gpio_keys,1,1,0,1,0,0,1,1,1,1
fwnode_property_read_string,0x315e0775,KERNEL_OR_BUILTIN,,0,extdev_io_class;leds_mtk;yft_gpio_keys,3,3,0,1,0,0,1,1,1,1
fwnode_property_read_u32_array,0x9e786eb6,KERNEL_OR_BUILTIN,,0,leds_mtk;yft_gpio_keys,2,2,0,1,0,0,1,1,1,1
fwnode_property_read_u8_array,0xcfede7db,KERNEL_OR_BUILTIN,,0,bluetooth,1,2,0,1,0,0,0,0,1,1
fwnode_typec_mux_get,0xfa4bbd79,KERNEL_OR_BUILTIN,,0,rt_pd_manager,1,1,0,1,0,0,0,0,1,1
g_detail_log,0x808d3c5d,STOCK_MODULE,mediatek_drm,1,mediatek_drm_gateic;mediatek_drm_panel_drv,2,2,0,0,0,0,0,0,0,0
g_mobile_log,0x95eacc30,STOCK_MODULE,mediatek_drm,1,mediatek_drm_gateic;mediatek_drm_panel_drv;mtk_disp_sec,3,3,0,0,0,0,0,0,0,0
gbe_get_cmd_fp,0xc6c86451,STOCK_MODULE,mtk_perf_ioctl,1,mtk_fpsgo,1,1,0,0,0,0,0,0,0,0
gcd,0xea124bd1,KERNEL_OR_BUILTIN,,0,cfg80211;mali_kbase_mt6878_r44,2,2,0,1,0,0,1,1,1,1
gce_mminfra,0x4e6eb722,STOCK_MODULE,mtk_cmdq_drv_ext,1,cmdq_sec_drv;cmdq_test;mdp_drv_mt6878;mediatek_drm;mtk_imgsys_cmdq;mtk_mml,6,6,0,0,0,0,0,0,0,0
gce_shift_bit,0x99fd4b53,STOCK_MODULE,mtk_cmdq_drv_ext,1,cmdq_sec_drv;cmdq_test;mdp_drv_mt6878;mediatek_drm;mtk_imgsys_cmdq;mtk_mml,6,6,0,0,0,0,0,0,0,0
ged_dvfs_cal_gpu_utilization_ex_fp,0x1f1724b1,STOCK_MODULE,ged,1,mali_kbase_mt6878_r44,1,1,0,0,0,0,0,0,0,0
ged_dvfs_get_last_commit_idx,0xf591cac9,STOCK_MODULE,ged,1,mali_kbase_mt6878_r44,1,1,0,0,0,0,0,0,0,0
ged_dvfs_get_last_commit_stack_idx,0xa454238c,STOCK_MODULE,ged,1,mali_kbase_mt6878_r44,1,1,0,0,0,0,0,0,0,0
ged_dvfs_get_last_commit_top_idx,0x0ab3f4a2,STOCK_MODULE,ged,1,mali_kbase_mt6878_r44,1,1,0,0,0,0,0,0,0,0
ged_dvfs_get_real_oppfreq_num,0x40e882c3,STOCK_MODULE,ged,1,mtk_mbraink,1,1,0,0,0,0,0,0,0,0
ged_dvfs_gpu_clock_switch_notify,0xcca965ad,STOCK_MODULE,ged,1,mali_kbase_mt6878_r44,1,1,0,0,0,0,0,0,0,0
ged_dvfs_gpu_freq_commit_fp,0xe4931974,STOCK_MODULE,ged,1,mali_kbase_mt6878_r44,1,1,0,0,0,0,0,0,0,0
ged_dvfs_gpu_freq_dual_commit_fp,0xc904191f,STOCK_MODULE,ged,1,mali_kbase_mt6878_r44,1,1,0,0,0,0,0,0,0,0
ged_dvfs_query_loading,0x5b5ad02a,STOCK_MODULE,ged,1,mtk_mbraink,1,1,0,0,0,0,0,0,0,0
ged_dvfs_query_opp_cost,0x50b65b91,STOCK_MODULE,ged,1,mtk_mbraink,1,1,0,0,0,0,0,0,0,0
ged_dvfs_query_power_state_time,0xc593883d,STOCK_MODULE,ged,1,mtk_mbraink,1,1,0,0,0,0,0,0,0,0
ged_dvfs_set_gpu_core_mask_fp,0xe76b433c,STOCK_MODULE,ged,1,mali_kbase_mt6878_r44,1,1,0,0,0,0,0,0,0,0
ged_dvfs_update_step_size,0x7cf81440,STOCK_MODULE,ged,1,mali_kbase_mt6878_r44,1,1,0,0,0,0,0,0,0,0
ged_dvfs_write_sysram_last_commit_dual,0x4938108a,STOCK_MODULE,ged,1,mali_kbase_mt6878_r44,1,1,0,0,0,0,0,0,0,0
ged_dvfs_write_sysram_last_commit_dual_test,0xf743f07c,STOCK_MODULE,ged,1,mali_kbase_mt6878_r44,1,1,0,0,0,0,0,0,0,0
ged_dvfs_write_sysram_last_commit_idx,0x71d75692,STOCK_MODULE,ged,1,mali_kbase_mt6878_r44,1,1,0,0,0,0,0,0,0,0
ged_dvfs_write_sysram_last_commit_idx_test,0xd9f56975,STOCK_MODULE,ged,1,mali_kbase_mt6878_r44,1,1,0,0,0,0,0,0,0,0
ged_dvfs_write_sysram_last_commit_stack_idx,0x8ea8a514,STOCK_MODULE,ged,1,mali_kbase_mt6878_r44,1,1,0,0,0,0,0,0,0,0
ged_dvfs_write_sysram_last_commit_stack_idx_test,0x23e0c7af,STOCK_MODULE,ged,1,mali_kbase_mt6878_r44,1,1,0,0,0,0,0,0,0,0
ged_dvfs_write_sysram_last_commit_top_idx,0xae40922f,STOCK_MODULE,ged,1,mali_kbase_mt6878_r44,1,1,0,0,0,0,0,0,0,0
ged_dvfs_write_sysram_last_commit_top_idx_test,0x88271236,STOCK_MODULE,ged,1,mali_kbase_mt6878_r44,1,1,0,0,0,0,0,0,0,0
ged_get_last_commit_idx_fp,0x1cf2dc32,STOCK_MODULE,mtk_gpufreq_wrapper,1,ged,1,1,0,0,0,0,0,0,0,0
ged_get_last_commit_stack_idx_fp,0x8cda41e8,STOCK_MODULE,mtk_gpufreq_wrapper,1,ged,1,1,0,0,0,0,0,0,0,0
ged_get_last_commit_top_idx_fp,0x6d43198f,STOCK_MODULE,mtk_gpufreq_wrapper,1,ged,1,1,0,0,0,0,0,0,0,0
ged_kpi_output_gfx_info2_fp,0xc2100112,STOCK_MODULE,ged,1,mtk_fpsgo,1,1,0,0,0,0,0,0,0,0
ged_kpi_set_target_FPS_margin,0x70c1cca8,STOCK_MODULE,ged,1,mtk_fpsgo,1,1,0,0,0,0,0,0,0,0
gen_pool_add_owner,0xbefa51a3,KERNEL_OR_BUILTIN,,0,apusys;audio_ipi;snd_soc_audiodsp_common;tmem_ffa;usb_offload,5,5,0,1,0,0,1,1,1,1
gen_pool_alloc_algo_owner,0x2b593aa8,KERNEL_OR_BUILTIN,,0,audio_ipi,1,1,0,1,0,0,1,1,1,1
gen_pool_avail,0xd0d3f0a4,KERNEL_OR_BUILTIN,,0,audio_ipi;snd_soc_audiodsp_common;tmem_ffa;usb_offload,4,4,0,1,0,0,1,1,1,1
gen_pool_best_fit,0xb737b185,KERNEL_OR_BUILTIN,,0,snd_soc_audiodsp_common,1,1,0,1,0,0,1,1,1,1
gen_pool_create,0xced0f4d4,KERNEL_OR_BUILTIN,,0,apusys;audio_ipi;snd_soc_audiodsp_common;tmem_ffa;usb_offload,5,5,0,1,0,0,1,1,1,1
gen_pool_destroy,0x6c224cda,KERNEL_OR_BUILTIN,,0,apusys;audio_ipi;tmem_ffa;usb_offload,4,4,0,1,0,0,1,1,1,1
gen_pool_dma_alloc_align,0xada31e57,KERNEL_OR_BUILTIN,,0,apusys;tmem_ffa,2,2,0,1,0,0,1,1,1,1
gen_pool_dma_zalloc,0xee7d7deb,KERNEL_OR_BUILTIN,,0,snd_soc_audiodsp_common,1,1,0,1,0,0,1,1,1,1
gen_pool_dma_zalloc_align,0x3d210724,KERNEL_OR_BUILTIN,,0,usb_offload,1,1,0,1,0,0,0,0,1,1
gen_pool_for_each_chunk,0x5ef6a672,KERNEL_OR_BUILTIN,,0,snd_soc_audiodsp_common,1,1,0,1,0,0,1,1,1,1
gen_pool_free_owner,0x060ba97c,KERNEL_OR_BUILTIN,,0,apusys;audio_ipi;snd_soc_audiodsp_common;tmem_ffa;usb_offload,5,5,0,1,0,0,1,1,1,1
gen_pool_has_addr,0x1f557414,KERNEL_OR_BUILTIN,,0,snd_soc_audiodsp_common;usb_offload,2,2,0,1,0,0,1,1,1,1
gen_pool_set_algo,0x96e5d30f,KERNEL_OR_BUILTIN,,0,snd_soc_audiodsp_common,1,1,0,1,0,0,1,1,1,1
gen_pool_size,0x2464da17,KERNEL_OR_BUILTIN,,0,audio_ipi;snd_soc_audiodsp_common;tmem_ffa;usb_offload,4,4,0,1,0,0,1,1,1,1
gen_pool_virt_to_phys,0x7d0ba682,KERNEL_OR_BUILTIN,,0,audio_ipi;usb_offload,2,2,0,1,0,0,1,1,1,1
generic_file_llseek,0x55e1ea29,KERNEL_OR_BUILTIN,,0,apusys;iommu_debug;mali_kbase_mt6878_r44;mediatek_drm;mmprofile;mtk_cmdq_drv_ext;mtk_smi_dbg;mtk_vmm_isp71_regulator;snd_soc_tfa98xx,9,9,0,1,1,0,1,1,1,1
generic_handle_irq,0x7ceaf0d5,KERNEL_OR_BUILTIN,,0,mt6375;pinctrl_mtk_v2,2,2,0,1,0,0,1,1,1,1
generic_mii_ioctl,0x47ee41ec,STOCK_MODULE,mii,1,asix;ax88179_178a,2,2,0,0,0,0,1,1,0,1
genl_register_family,0x1b998c98,KERNEL_OR_BUILTIN,,0,cfg80211;conninfra;ieee802154;mtk_mbraink;nfc;thermal_interface;tipc,7,7,0,1,0,0,1,1,1,1
genl_unregister_family,0xfc6fbbba,KERNEL_OR_BUILTIN,,0,cfg80211;ieee802154;mtk_mbraink;nfc;thermal_interface;tipc,6,6,0,1,0,0,1,1,1,1
genlmsg_multicast_allns,0xa112607c,KERNEL_OR_BUILTIN,,0,cfg80211,1,1,0,1,0,0,0,0,1,1
genlmsg_put,0x21eefe5b,KERNEL_OR_BUILTIN,,0,cfg80211;conninfra;ieee802154;mtk_mbraink;nfc;thermal_interface;tipc,7,7,0,1,0,0,1,1,1,1
genphy_resume,0x8ca306fa,KERNEL_OR_BUILTIN,,0,asix,1,1,0,1,0,0,1,1,1,1
get_adapter_by_name,0x331d95da,STOCK_MODULE,adapter_class,1,mtk_charger_framework;mtk_pd_charging;mtk_pep40;mtk_pep50,4,4,0,0,0,0,0,0,0,0
get_adaptive_margin,0x26b142db,STOCK_MODULE,cpufreq_sugov_ext,1,mtk_c2ps;scheduler,2,2,0,0,0,0,0,0,0,0
get_adsp_core_total,0x1f1f4d4f,STOCK_MODULE,adsp,1,audio_ipi;snd_soc_audiodsp_common,2,2,0,0,0,0,0,0,0,0
get_adsp_semaphore,0x5f0ee176,STOCK_MODULE,adsp,1,snd_soc_audiodsp_common,1,1,0,0,0,0,0,0,0,0
get_adsp_type,0x03c6adfb,STOCK_MODULE,adsp,1,audio_ipi;snd_soc_audiodsp_common;snd_soc_mtk_common;usb_offload,4,4,0,0,0,0,0,0,0,0
get_am_ctrl,0x3a53be71,STOCK_MODULE,cpufreq_sugov_ext,1,scheduler,1,1,0,0,0,0,0,0,0,0
get_charger_by_name,0x899a2701,STOCK_MODULE,charger_class,1,mtk_charger_framework;mtk_chg_type_det;mtk_pd_charging;mtk_pep;mtk_pep40;mtk_pep50,6,6,0,0,0,0,0,0,0,0
get_chg_alg_by_name,0x9fe80663,STOCK_MODULE,mtk_charger_algorithm_class,1,mtk_charger_framework,1,1,0,0,0,0,0,0,0,0
get_clkg_sram_base_addr,0x26188cfb,STOCK_MODULE,cpufreq_sugov_ext,1,scheduler,1,1,0,0,0,0,0,0,0,0
get_cpu_ceiling_freq,0x55308b41,STOCK_MODULE,thermal_interface,1,scheduler,1,1,0,0,0,0,0,0,0,0
get_cpu_device,0xe7e36288,KERNEL_OR_BUILTIN,,0,cpudvfs;lpm_gov_MHSP;mediatek_cpufreq_hw;mtk_core_ctl;mtk_lpm_dbg_common_v2;scheduler;thermal_interface,7,7,0,1,0,0,1,1,1,1
get_cpu_gear_uclamp_max_capacity,0x84cb39c0,STOCK_MODULE,cpufreq_sugov_ext,1,scheduler,1,1,0,0,0,0,0,0,0,0
get_cpu_idle_time,0x9fe899b7,KERNEL_OR_BUILTIN,,0,cpufreq_sugov_ext;load_track;mtk_c2ps;mtk_fpsgo;mtk_perf_ioctl_magt;scheduler,6,6,0,1,0,0,1,1,1,1
get_cpu_idle_time_us,0x7b9793a2,KERNEL_OR_BUILTIN,,0,blocktag;met,2,2,0,1,0,0,1,1,1,1
get_cpu_iowait_time_us,0x1234e483,KERNEL_OR_BUILTIN,,0,blocktag;met,2,2,0,1,0,0,1,1,1,1
get_cpu_temp,0x73a99429,STOCK_MODULE,thermal_interface,1,mtk_core_ctl;mtk_swpm_cpu_dbg_v6878;scheduler,3,3,0,0,0,0,0,0,0,0
get_cpu_type,0xde5ef734,STOCK_MODULE,cpufreq_sugov_ext,1,scheduler,1,1,0,0,0,0,0,0,0,0
get_cur_ddr_ratio,0x4eca130a,STOCK_MODULE,mtk_dvfsrc_helper,1,met_emi_api,1,1,0,0,0,0,0,0,0,0
get_cur_ddr_ratio_symbol,0xa3e39d8c,STOCK_MODULE,met,1,met_emi_api,1,1,0,0,0,0,0,0,0,0
get_curr_cap,0xa9fac2a5,STOCK_MODULE,cpufreq_sugov_ext,1,mtk_fpsgo,1,1,0,0,0,0,0,0,0,0
get_curr_wl,0x38399da9,STOCK_MODULE,cpufreq_sugov_ext,1,scheduler,1,1,0,0,0,0,0,0,0,0
get_dbg_error_flag_mask,0x849c5a72,STOCK_MODULE,dbg_error_flag,1,bus_parity;last_bus,2,2,0,0,0,0,0,0,0,0
get_ddr_act_times,0x8d761971,STOCK_MODULE,mtk_swpm,1,mtk_mbraink;mtk_swpm_dbg_v6878,2,2,0,0,0,0,0,0,0,0
get_ddr_data_ip_num,0xed76a15a,STOCK_MODULE,mtk_swpm,1,mtk_mbraink;mtk_swpm_dbg_v6878,2,2,0,0,0,0,0,0,0,0
get_ddr_freq_data_ip_stats,0xf06cafdf,STOCK_MODULE,mtk_swpm,1,mtk_mbraink;mtk_swpm_dbg_v6878,2,2,0,0,0,0,0,0,0,0
get_ddr_freq_num,0xc5b0f293,STOCK_MODULE,mtk_swpm,1,mtk_mbraink;mtk_swpm_dbg_v6878,2,2,0,0,0,0,0,0,0,0
get_ddr_sr_pd_times,0x7de0ce62,STOCK_MODULE,mtk_swpm,1,mtk_mbraink;mtk_swpm_dbg_v6878,2,2,0,0,0,0,0,0,0,0
get_detect_count,0xa5230607,STOCK_MODULE,mtk_printk_ctrl,1,mtk_cam_isp7sp,1,1,0,0,0,0,0,0,0,0
get_device,0xf181d237,KERNEL_OR_BUILTIN,,0,apu_top;bluetooth;camera_dpe_isp7sp;ccd_rpmsg;hidp;ieee802154;mali_kbase_mt6878_r44;mediatek_drm;mtk_aie;mtk_ccd_remoteproc;rpmb;tkcore,12,13,0,1,0,0,1,1,1,1
get_dsp_base,0xa3664331,STOCK_MODULE,snd_soc_audiodsp_common,1,mtk_soc_offload_common,1,1,0,0,0,0,0,0,0,0
get_dsp_task_attr,0x6b060912,STOCK_MODULE,snd_soc_audiodsp_common,1,snd_soc_mt6878_afe,1,1,0,0,0,0,0,0,0,0
get_dsp_task_id_from_str,0x35152e34,STOCK_MODULE,snd_soc_audiodsp_common,1,snd_soc_mt6878_afe,1,1,0,0,0,0,0,0,0,0
get_dspdaiid_by_dspscene,0x395d33f4,STOCK_MODULE,snd_soc_audiodsp_common,1,mtk_soc_offload_common,1,1,0,0,0,0,0,0,0,0
get_dspscene_by_dspdaiid,0xa1e07ba3,STOCK_MODULE,snd_soc_audiodsp_common,1,mtk_soc_offload_common,1,1,0,0,0,0,0,0,0,0
get_dsu_ceiling_freq,0x0d1360a0,STOCK_MODULE,thermal_interface,1,mtk_perf_common;scheduler,2,2,0,0,0,0,0,0,0,0
get_dsu_freq_state,0xace41a77,STOCK_MODULE,cpufreq_sugov_ext,1,mtk_perf_common,1,1,0,0,0,0,0,0,0,0
get_dsu_temp,0x11c68c40,STOCK_MODULE,thermal_interface,1,scheduler,1,1,0,0,0,0,0,0,0,0
get_eas_dsu_ctrl,0x55f0d26c,STOCK_MODULE,cpufreq_sugov_ext,1,scheduler,1,1,0,0,0,0,0,0,0,0
get_em_wl,0xc4019a1f,STOCK_MODULE,cpufreq_sugov_ext,1,scheduler,1,1,0,0,0,0,0,0,0,0
get_feature_register,0x7410fdaf,STOCK_MODULE,adsp,1,snd_soc_audiodsp_common,1,1,0,0,0,0,0,0,0,0
get_gear_cpumask,0x84e9f08e,STOCK_MODULE,cpufreq_sugov_ext,1,mtk_c2ps;scheduler,2,2,0,0,0,0,0,0,0,0
get_gear_max_active_ratio_cap,0x207516bc,STOCK_MODULE,cpufreq_sugov_ext,1,scheduler,1,1,0,0,0,0,0,0,0,0
get_gear_uclamp_max,0x3d84dd40,STOCK_MODULE,cpufreq_sugov_ext,1,mtk_c2ps,1,1,0,0,0,0,0,0,0,0
get_governor_parent_kobj,0x9a124520,KERNEL_OR_BUILTIN,,0,cpufreq_sugov_ext,1,1,0,1,0,0,1,1,1,1
get_gpueb_ipidev,0x0fbee3af,STOCK_MODULE,gpueb,1,fhctl;ged;met_gpueb_api;mtk_gpufreq_wrapper,4,4,0,0,0,0,0,0,0,0
get_gpueb_ipidev_symbol,0x3638f99c,STOCK_MODULE,met,1,met_gpueb_api,1,1,0,0,0,0,0,0,0,0
get_grp_dvfs_ctrl,0x41750bf4,STOCK_MODULE,cpufreq_sugov_ext,1,mtk_c2ps;scheduler,2,2,0,0,0,0,0,0,0,0
get_grp_high_freq,0x8fed5478,STOCK_MODULE,cpufreq_sugov_ext,1,scheduler,1,1,0,0,0,0,0,0,0,0
get_ignore_idle_ctrl,0xd04fa292,STOCK_MODULE,cpufreq_sugov_ext,1,mtk_c2ps,1,1,0,0,0,0,0,0,0,0
get_ipi_recv_private,0x801f7a52,STOCK_MODULE,snd_soc_audiodsp_common,1,mtk_soc_offload_common,1,1,0,0,0,0,0,0,0,0
get_low_latency_mode,0xc60dde3d,STOCK_MODULE,wmt_chrdev_wifi_connac2,1,wlan_drv_gen4m_6878,1,1,0,0,0,0,0,0,0,0
get_lpm_logger_mbrain_dbg_ops,0xb9693023,STOCK_MODULE,mtk_lpm_dbg_common_v2,1,mtk_mbraink,1,1,0,0,0,0,0,0,0,0
get_lpm_mbrain_dbg_ops,0xcafc9149,STOCK_MODULE,mtk_lpm_dbg_common_v2,1,mtk_mbraink,1,1,0,0,0,0,0,0,0,0
get_lpm_sys_res_ops,0xc0cbbbd0,STOCK_MODULE,mtk_lpm_dbg_common_v2,1,mtk_lpm_dbg_mt6878,1,1,0,0,0,0,0,0,0,0
get_mcupm_ipidev,0x73e08ef8,STOCK_MODULE,mcupm,1,fhctl;met_mcupm_api,2,2,0,0,0,0,0,0,0,0
get_mcupm_ipidev_symbol,0x64ef3f19,STOCK_MODULE,met,1,met_mcupm_api,1,1,0,0,0,0,0,0,0,0
get_md1_power,0xd3af17a6,STOCK_MODULE,mtk_mdpm,1,mtk_pbm,1,1,0,0,0,0,0,0,0,0
get_md_bin_capability,0x5aa36892,STOCK_MODULE,ccci_util_lib,1,ccci_md_all,1,1,0,0,0,0,0,0,0,0
get_md_img_type,0x55714f75,STOCK_MODULE,ccci_util_lib,1,ccci_md_all,1,1,0,0,0,0,0,0,0,0
get_md_resv_csmem_info,0x53c6d267,STOCK_MODULE,ccci_util_lib,1,ccci_md_all,1,1,0,0,0,0,0,0,0,0
get_md_resv_mem_info,0xcab9bc76,STOCK_MODULE,ccci_util_lib,1,ccci_dpmaif;ccci_md_all;snd_soc_mtk_common,3,3,0,0,0,0,0,0,0,0
get_md_resv_phy_cap_size,0x26d966fd,STOCK_MODULE,ccci_util_lib,1,ccci_md_all,1,1,0,0,0,0,0,0,0,0
get_md_resv_sib_size,0x8bd51a07,STOCK_MODULE,ccci_util_lib,1,ccci_md_all,1,1,0,0,0,0,0,0,0,0
get_md_resv_udc_info,0x08eb1085,STOCK_MODULE,ccci_util_lib,1,ccci_md_all,1,1,0,0,0,0,0,0,0,0
get_md_sib_mem_info,0xdccf1550,STOCK_MODULE,ccci_util_lib,1,ccci_md_all,1,1,0,0,0,0,0,0,0,0
get_md_sleep_time,0x690f478a,STOCK_MODULE,mtk_lpm_dbg_common_v2,1,mtk_lpm_plat_v1;mtk_mbraink,2,2,0,0,0,0,0,0,0,0
get_md_smem_cachable_offset,0x18c331d7,STOCK_MODULE,ccci_util_lib,1,ccci_md_all,1,1,0,0,0,0,0,0,0,0
get_modem_is_enabled,0xa60386f1,STOCK_MODULE,ccci_util_lib,1,ccci_fsm_scp;ccci_md_all,2,2,0,0,0,0,0,0,0,0
get_mt6878_reg_value,0xd378e735,STOCK_MODULE,clk_chk_mt6878,1,pd_chk_mt6878,1,1,0,0,0,0,0,0,0,0
get_mtee_is_enabled,0x51939dcb,STOCK_MODULE,ccci_util_lib,1,ccci_md_all,1,1,0,0,0,0,0,0,0,0
get_net_ns_by_fd,0x6e5208e9,KERNEL_OR_BUILTIN,,0,cfg80211;ieee802154,2,2,0,1,0,0,0,0,1,1
get_net_ns_by_pid,0xabbbe571,KERNEL_OR_BUILTIN,,0,cfg80211;ieee802154,2,2,0,1,0,0,0,0,1,1
get_nr_cpu_type,0x3c671f7b,STOCK_MODULE,cpufreq_sugov_ext,1,scheduler,1,1,0,0,0,0,0,0,0,0
get_nr_gears,0xef559a24,STOCK_MODULE,cpufreq_sugov_ext,1,mtk_c2ps;scheduler,2,2,0,0,0,0,0,0,0,0
get_nr_wl_type,0xf0aa4a06,STOCK_MODULE,cpufreq_sugov_ext,1,mtk_c2ps;scheduler,2,2,0,0,0,0,0,0,0,0
get_pelt_dsu_bw,0x80d9b4a5,STOCK_MODULE,cpufreq_sugov_ext,1,scheduler,1,1,0,0,0,0,0,0,0,0
get_pelt_emi_bw,0xcbe70f4f,STOCK_MODULE,cpufreq_sugov_ext,1,scheduler,1,1,0,0,0,0,0,0,0,0
get_pid_task,0xecd5f222,KERNEL_OR_BUILTIN,,0,monitor_hang;mtk_heap_debug;mtk_mbraink;scheduler,4,4,0,1,0,0,1,1,1,1
get_qos_bound,0x7bf94eb3,STOCK_MODULE,mtk_qos,1,apusys,1,1,0,0,0,0,0,0,0,0
get_qos_bound_apubw_mon,0xcfca06ca,STOCK_MODULE,mtk_qos,1,apusys,1,1,0,0,0,0,0,0,0,0
get_qos_bound_idx,0xdb27589c,STOCK_MODULE,mtk_qos,1,apusys,1,1,0,0,0,0,0,0,0,0
get_random_bytes,0x41ed3709,KERNEL_OR_BUILTIN,,0,apusys;asix;ax88179_178a;bluetooth;ccci_md_all;ccmni;cdc_ether;drm_display_helper;ged;mac80211;mac802154;mali_mgm_mt6878_r44;mddp;mtk_gpufreq_mt6878;mtk_mml;mtk_u_ether;r8152;rpmb_mtk;rtl8150;tipc;usbnet;wlan_drv_gen4m_6878,22,23,0,1,0,0,1,1,1,1
get_random_u16,0x044f0ad9,KERNEL_OR_BUILTIN,,0,mac80211,1,1,0,1,0,0,0,0,1,1
get_random_u32,0xd36dc10c,KERNEL_OR_BUILTIN,,0,apusys;ccci_md_all;tipc,3,3,0,1,1,0,1,1,1,1
get_res_sig_stats,0x9f083892,STOCK_MODULE,mtk_swpm,1,mtk_lpm_dbg_mt6878;mtk_swpm_dbg_v6878,2,2,0,0,0,0,0,0,0,0
get_sbb_active_ratio_gear,0x2d17e429,STOCK_MODULE,cpufreq_sugov_ext,1,scheduler,1,1,0,0,0,0,0,0,0,0
get_scmi_tinysys_info,0x3a3acda7,STOCK_MODULE,tinysys_scmi,1,mali_kbase_mt6878_r44;mediatek_drm;met_scmi_api;mtk_cm_ipi;mtk_mminfra_debug;mtk_mml;mtk_qos;mtk_ssc;sspm_v3,9,9,0,0,0,0,0,0,0,0
get_scmi_tinysys_info_symbol,0x1f8d81e4,STOCK_MODULE,met,1,met_scmi_api,1,1,0,0,0,0,0,0,0,0
get_scp_mbrain_dbg_ops,0x6fdc3f9a,STOCK_MODULE,scp,1,mtk_mbraink,1,1,0,0,0,0,0,0,0,0
get_scp_ultra_base,0x910340f0,STOCK_MODULE,mtk_scp_ultra,1,snd_soc_mtk_scp_ultra,1,1,0,0,0,0,0,0,0,0
get_smcnr_dev,0x5fdc32d1,STOCK_MODULE,gz_trusty_mod,1,gz_ipc_mod;gz_irq_mod;gz_log_mod;gz_main_mod;gz_virtio_mod;sapu,6,6,0,0,0,0,0,0,0,0
get_smem_amms_pos_size,0xb4196514,STOCK_MODULE,ccci_util_lib,1,ccci_md_all,1,1,0,0,0,0,0,0,0,0
get_smem_phy_start_addr,0x32c39494,STOCK_MODULE,ccci_md_all,1,conninfra;snd_soc_mtk_common,2,2,0,0,0,0,0,0,0,0
get_smem_start_addr,0x43a6434d,STOCK_MODULE,ccci_md_all,1,mddp;mtk_mbraink,2,2,0,0,0,0,0,0,0,0
get_soc_md_rt_rat,0xa0612e94,STOCK_MODULE,ccci_util_lib,1,ccci_md_all,1,1,0,0,0,0,0,0,0,0
get_soc_md_rt_rat_idx,0x023fc232,STOCK_MODULE,ccci_util_lib,1,ccci_md_all,1,1,0,0,0,0,0,0,0,0
get_subsys_reg_dump_mt6878,0x2cb0b033,STOCK_MODULE,clk_chk_mt6878,1,pd_chk_mt6878,1,1,0,0,0,0,0,0,0,0
get_target_margin,0xc1352602,STOCK_MODULE,cpufreq_sugov_ext,1,scheduler,1,1,0,0,0,0,0,0,0,0
get_target_margin_low,0x74937849,STOCK_MODULE,cpufreq_sugov_ext,1,scheduler,1,1,0,0,0,0,0,0,0,0
get_task_cred,0xd90bd095,KERNEL_OR_BUILTIN,,0,mtk_mbraink,1,1,0,1,0,0,0,0,1,1
get_task_mm,0x41436ea5,KERNEL_OR_BUILTIN,,0,aee_aed;monitor_hang;mtk_heap_debug,3,3,0,1,0,0,1,1,1,1
get_thermal_headroom,0x4f793f59,STOCK_MODULE,thermal_interface,1,scheduler,1,1,0,0,0,0,0,0,0,0
get_turn_point_freq,0x94a22efd,STOCK_MODULE,cpufreq_sugov_ext,1,scheduler,1,1,0,0,0,0,0,0,0,0
get_unused_fd_flags,0xa843805a,KERNEL_OR_BUILTIN,,0,apusys;ged;mali_kbase_mt6878_r44;mdp_drv_mt6878;mediatek_drm;mtk_hcp;mtk_sync,7,7,0,1,0,0,1,1,1,1
get_user_ifreq,0x1c136deb,KERNEL_OR_BUILTIN,,0,ieee802154_socket,1,1,0,1,0,0,0,0,1,1
get_user_pages,0x6e591d3f,KERNEL_OR_BUILTIN,,0,mali_kbase_mt6878_r44,1,1,0,1,0,0,1,1,1,1
get_user_pages_fast,0x56ce2f81,KERNEL_OR_BUILTIN,,0,mali_kbase_mt6878_r44,1,1,0,1,0,0,1,1,1,1
get_user_pages_fast_only,0xce7bb883,KERNEL_OR_BUILTIN,,0,gzvm,1,1,0,1,0,0,0,0,1,1
get_user_pages_remote,0xe4dd19ab,KERNEL_OR_BUILTIN,,0,gz_tz_system;monitor_hang,2,2,0,1,0,0,1,1,1,1
get_user_pages_unlocked,0x25491db2,KERNEL_OR_BUILTIN,,0,gzvm,1,1,0,1,0,0,0,0,1,1
get_vaddr_frames,0xc2d9e090,KERNEL_OR_BUILTIN,,0,mtk_aie,1,1,0,1,0,0,1,1,1,1
get_vcore_ip_num,0xa48af803,STOCK_MODULE,mtk_swpm,1,mtk_mbraink,1,1,0,0,0,0,0,0,0,0
get_vcore_ip_vol_stats,0xd8f4b92e,STOCK_MODULE,mtk_swpm,1,mtk_mbraink,1,1,0,0,0,0,0,0,0,0
get_vcore_vol_duration,0xecc3ae96,STOCK_MODULE,mtk_swpm,1,mtk_mbraink;mtk_swpm_dbg_v6878,2,2,0,0,0,0,0,0,0,0
get_vcore_vol_num,0x4b76f642,STOCK_MODULE,mtk_swpm,1,mtk_mbraink;mtk_swpm_dbg_v6878,2,2,0,0,0,0,0,0,0,0
get_vcp_generation,0x49f80a53,STOCK_MODULE,vcp,1,mtk_vcodec_dec_v1;mtk_vcodec_enc_v1,2,2,0,0,0,0,0,0,0,0
get_wifi_powered_status,0x4889ab88,STOCK_MODULE,wmt_chrdev_wifi_connac2,1,wlan_drv_gen4m_6878,1,1,0,0,0,0,0,0,0,0
get_wifi_process_status,0x747527f1,STOCK_MODULE,wmt_chrdev_wifi_connac2,1,wlan_drv_gen4m_6878,1,1,0,0,0,0,0,0,0,0
get_xpu_ip_num,0x6a7b383b,STOCK_MODULE,mtk_swpm,1,mtk_swpm_dbg_v6878,1,1,0,0,0,0,0,0,0,0
get_xpu_ip_stats,0x002411fb,STOCK_MODULE,mtk_swpm,1,mtk_swpm_dbg_v6878,1,1,0,0,0,0,0,0,0,0
get_zeroed_page,0xf09b5d9a,KERNEL_OR_BUILTIN,,0,wwan,1,1,0,1,0,0,1,1,1,1
gether_update_dl_max_xfer_size,0x7357555f,STOCK_MODULE,mtk_u_ether,1,mtk_usb_f_rndis,1,1,0,0,0,0,0,0,0,0
gic_nonsecure_priorities,0x4b0a3f52,KERNEL_OR_BUILTIN,,0,8021q;adsp;aee_aed;aee_hangdet;aee_rs;apu_top;apusys;atf_logger;audio_ipi;aw883xx_driver;blocktag;bluetooth;bootprof;bt_drv_6878;c2ps_perf_ioctl;camera_dpe_isp7sp;camera_eeprom_v4l2;can_dev;can_raw;ccci_dpmaif;ccci_md_all;ccci_util_lib;ccmni;clk_common;cmdq_test;connfem;conninfra;connscp;cpudvfs;cpuqos_v3;custom_ldo_wl2868;device_apc_common;dw9781c;fhctl;flashlight;fmradio_drv_connac2x;focaltech_touch_spi_ft3680;ftdi_sio;ged;gps_drv_dl_v051;gps_pwr;gps_scp;gpueb;gz_irq_mod;gz_log_mod;gz_main_mod;gz_trusty_mod;gzvm;hbt;hf_manager;hidp;ieee802154_socket;imgsensor;l2tp_ppp;log_store;main2_vcm;main3_vcm;main4_vcm;main_vcm;mali_dmabuf_test_mt6878_r44;mali_kbase_mt6878_r44;mcupm;md_cooling_all;mddp;mdp_drv_mt6878;mediatek_drm;met;microarray_fp_tee;mmprofile;monitor_hang;mrdump;mt6375_battery;mt6878_mt6369;mtk_btcvsd;mtk_cam_isp7sp;mtk_ccd_remoteproc;mtk_ccuv;mtk_charger_framework;mtk_core_ctl;mtk_dpc;mtk_gpu_qos;mtk_gpufreq_wrapper;mtk_hcp;mtk_heap_debug;mtk_imgsys_v4l2;mtk_ioctl_powerhal;mtk_ioctl_touch_boost;mtk_lpm;mtk_mbraink;mtk_mdpm;mtk_mmc_dbg;mtk_mml;mtk_pbm;mtk_peak_power_budget;mtk_perf_ioctl;mtk_perf_ioctl_magt;mtk_printk_ctrl;mtk_scp_audiocommon;mtk_soc_offload_common;mtk_swpm;mtk_vcodec_dec_v1;mtk_vcu;mtk_vmm_spm;mtk_vow;mtu3;mux_switch;nfc;pda_drv_mt6878;phy_mtk_xsphy;pidmap;pinctrl_mtk_common_v2_debug;powerhal_cpu_ctrl;ppp_generic;pppox;pptp;rfcomm;rfkill;rpmb_mtk;rtc_mt6685;sapu;scheduler;scp;sec;sensorhub;slcan;snd_soc_audiodsp_common;snd_soc_mt6369;snd_soc_mtk_common;snd_soc_mtk_scp_ultra;snd_soc_tfa98xx;spi_tiny_co5300_lcd;sspm_v3;st21nfc;sub_vcm;teeperf;thermal_interface;tipc;tkcore;touch_boost;uarthub_drv;ufs_mediatek_dbg;ufs_mediatek_mod;usb_logger;usb_offload;vcp;widevine_driver;wlan_drv_gen4m_6878;wmt_chrdev_wifi_connac2;wwan;xhci_mtk_hcd_v2;yft_tpd_gesture,151,152,0,1,1,0,1,1,1,1
global_nsmpu,0xbb2a4980,STOCK_MODULE,smpu,1,smpu_hook_v1,1,1,0,0,0,0,0,0,0,0
global_ssmpu,0x046258c5,STOCK_MODULE,smpu,1,smpu_hook_v1,1,1,0,0,0,0,0,0,0,0
gov_attr_set_get,0xe5806ff6,KERNEL_OR_BUILTIN,,0,cpufreq_sugov_ext,1,1,0,1,0,0,1,1,1,1
gov_attr_set_init,0x2cc04b33,KERNEL_OR_BUILTIN,,0,cpufreq_sugov_ext,1,1,0,1,0,0,1,1,1,1
gov_attr_set_put,0x220455ed,KERNEL_OR_BUILTIN,,0,cpufreq_sugov_ext,1,1,0,1,0,0,1,1,1,1
governor_sysfs_ops,0x4660f474,KERNEL_OR_BUILTIN,,0,cpufreq_sugov_ext,1,1,0,1,0,0,1,1,1,1
gpio_dump_regs,0x7ec58d17,STOCK_MODULE,pinctrl_mtk_common_v2_debug,1,mtk_lpm_dbg_common_v2,1,1,0,0,0,0,0,0,0,0
gpio_dump_regs_range,0x5d37f189,STOCK_MODULE,pinctrl_mtk_common_v2_debug,1,i2c_mt65xx;mtk_mmc,2,2,0,0,0,0,0,0,0,0
gpio_free,0xfe990052,KERNEL_OR_BUILTIN,,0,fmradio_drv_connac2x;focaltech_touch_spi_ft3680;hynitron;spi_tiny_co5300_lcd,4,4,0,1,0,0,1,1,1,1
gpio_request,0x47229b5c,KERNEL_OR_BUILTIN,,0,extcon_mtk_usb;fmradio_drv_connac2x;focaltech_touch_spi_ft3680;hynitron;leds_ln2403;leds_rgb_aw2013;mt6369_accdet;snd_soc_tfa98xx;spi_tiny_co5300_lcd;yft_devinfo;yft_tiny2c_usb,11,11,0,1,0,0,1,1,1,1
gpio_request_one,0x403f9529,KERNEL_OR_BUILTIN,,0,sc851x_charger;sc8571_charger,2,2,0,1,0,0,1,1,1,1
gpio_to_desc,0x0ec43f6f,KERNEL_OR_BUILTIN,,0,aw36515;aw36518;aw36518_v2;aw883xx_driver;ccci_md_all;connfem;conninfra;custom_ldo_wl2868;extcon_mtk_usb;fmradio_drv_connac2x;focaltech_touch_spi_ft3680;hynitron;leds_ln2403;leds_rgb_aw2013;mt6369_accdet;pinctrl_mtk_common_v2_debug;sc851x_charger;sc8571_charger;snd_soc_tfa98xx;spi_tiny_co5300_lcd;yft_devinfo;yft_gpio_keys;yft_tiny2c_usb,23,23,0,1,0,0,1,1,1,1
gpiochip_add_data_with_key,0xd395bb32,KERNEL_OR_BUILTIN,,0,ftdi_sio;pinctrl_mtk_v2,2,2,0,1,0,0,1,1,1,1
gpiochip_generic_free,0x171224e9,KERNEL_OR_BUILTIN,,0,pinctrl_mtk_v2,1,1,0,1,0,0,1,1,1,1
gpiochip_generic_request,0xb9f78bd7,KERNEL_OR_BUILTIN,,0,pinctrl_mtk_v2,1,1,0,1,0,0,1,1,1,1
gpiochip_get_data,0x2ddbb38c,KERNEL_OR_BUILTIN,,0,ftdi_sio;pinctrl_mtk_common_v2_debug;pinctrl_mtk_v2;rt5133_regulator,4,4,0,1,0,0,1,1,1,1
gpiochip_lock_as_irq,0xd82b8c33,KERNEL_OR_BUILTIN,,0,pinctrl_mtk_v2,1,1,0,1,0,0,1,1,1,1
gpiochip_remove,0x070394c2,KERNEL_OR_BUILTIN,,0,ftdi_sio,1,1,0,1,0,0,0,0,1,1
gpiochip_unlock_as_irq,0x825e775a,KERNEL_OR_BUILTIN,,0,pinctrl_mtk_v2,1,1,0,1,0,0,1,1,1,1
gpiod_cansleep,0x937449ad,KERNEL_OR_BUILTIN,,0,yft_gpio_keys,1,1,0,0,0,0,0,0,0,0
gpiod_direction_input,0xff3802dc,KERNEL_OR_BUILTIN,,0,focaltech_touch_spi_ft3680;hynitron;mediatek_drm_panel_drv;spi_tiny_co5300_lcd;st21nfc;yft_devinfo,6,6,0,1,0,0,1,1,1,1
gpiod_direction_output,0x141e73eb,KERNEL_OR_BUILTIN,,0,mediatek_drm_panel_drv;spi_mt65xx;st21nfc,3,3,0,1,0,0,1,1,1,1
gpiod_direction_output_raw,0x1aadfa2a,KERNEL_OR_BUILTIN,,0,extcon_mtk_usb;fmradio_drv_connac2x;focaltech_touch_spi_ft3680;hynitron;leds_rgb_aw2013;mt6369_accdet;snd_soc_tfa98xx;spi_tiny_co5300_lcd,8,8,0,1,0,0,1,1,1,1
gpiod_get_raw_value,0xe7edce8c,KERNEL_OR_BUILTIN,,0,ccci_md_all;connfem;conninfra;extcon_mtk_usb;leds_ln2403;leds_rgb_aw2013;mt6369_accdet;pinctrl_mtk_common_v2_debug;yft_devinfo;yft_tiny2c_usb,10,10,0,1,0,0,1,1,1,1
gpiod_get_value,0xf0d7ec79,KERNEL_OR_BUILTIN,,0,st21nfc;yft_gpio_keys,2,2,0,1,0,0,1,1,1,1
gpiod_get_value_cansleep,0x5a83086b,KERNEL_OR_BUILTIN,,0,extcon_mtk_usb;hci_uart;yft_gpio_keys,3,3,0,1,0,0,1,1,1,1
gpiod_is_active_low,0x8ae29508,KERNEL_OR_BUILTIN,,0,yft_gpio_keys,1,1,0,0,0,0,0,0,0,0
gpiod_set_debounce,0xc0823667,KERNEL_OR_BUILTIN,,0,ccci_md_all;mt6369_accdet;yft_gpio_keys,3,3,0,1,0,0,1,1,1,1
gpiod_set_raw_value,0x8dae9ed0,KERNEL_OR_BUILTIN,,0,aw36515;aw36518;aw36518_v2;custom_ldo_wl2868;extcon_mtk_usb;fmradio_drv_connac2x;leds_ln2403;mt6369_accdet;yft_tiny2c_usb,9,9,0,1,0,0,1,1,1,1
gpiod_set_raw_value_cansleep,0x2db93e29,KERNEL_OR_BUILTIN,,0,aw883xx_driver,1,1,0,0,0,0,0,0,0,0
gpiod_set_value,0x6dbacf3b,KERNEL_OR_BUILTIN,,0,can_dev;custom_ldo_wl2868;mediatek_drm_gateic;mediatek_drm_panel_drv;panel_ky_vtdr6115_dphy_cmd;rt4831a_drv;st21nfc,7,7,0,1,0,0,1,1,1,1
gpiod_set_value_cansleep,0x89837118,KERNEL_OR_BUILTIN,,0,hci_uart;rt6160_regulator,2,2,0,1,0,0,1,1,1,1
gpiod_to_irq,0xe46623a3,KERNEL_OR_BUILTIN,,0,aw883xx_driver;extcon_mtk_usb;focaltech_touch_spi_ft3680;hci_uart;hynitron;mtk_mmc;sc851x_charger;sc8571_charger;spi_tiny_co5300_lcd;st21nfc;yft_gpio_keys,11,11,0,1,0,0,1,1,1,1
gpueb_dump_status,0x14501464,STOCK_MODULE,gpueb,1,mtk_gpufreq_wrapper,1,1,0,0,0,0,0,0,0,0
gpueb_get_gpr_addr,0x506b74a3,STOCK_MODULE,gpueb,1,mtk_gpufreq_wrapper,1,1,0,0,0,0,0,0,0,0
gpueb_get_recv_PIN_ID_by_name,0xa3c8b3eb,STOCK_MODULE,gpueb,1,ged;met_gpueb_api,2,2,0,0,0,0,0,0,0,0
gpueb_get_recv_PIN_ID_by_name_symbol,0x928bd60b,STOCK_MODULE,met,1,met_gpueb_api,1,1,0,0,0,0,0,0,0,0
gpueb_get_reserve_mem_phys,0x3a79b591,STOCK_MODULE,gpueb,1,met_gpueb_api,1,1,0,0,0,0,0,0,0,0
gpueb_get_reserve_mem_phys_symbol,0x490c2902,STOCK_MODULE,met,1,met_gpueb_api,1,1,0,0,0,0,0,0,0,0
gpueb_get_reserve_mem_size,0xbdece69c,STOCK_MODULE,gpueb,1,met_gpueb_api,1,1,0,0,0,0,0,0,0,0
gpueb_get_reserve_mem_size_symbol,0xddaf478b,STOCK_MODULE,met,1,met_gpueb_api,1,1,0,0,0,0,0,0,0,0
gpueb_get_reserve_mem_virt,0xaf1e7cbc,STOCK_MODULE,gpueb,1,met_gpueb_api,1,1,0,0,0,0,0,0,0,0
gpueb_get_reserve_mem_virt_symbol,0x5ce1e571,STOCK_MODULE,met,1,met_gpueb_api,1,1,0,0,0,0,0,0,0,0
gpueb_get_send_PIN_ID_by_name,0x2fae0e87,STOCK_MODULE,gpueb,1,fhctl;ged;met_gpueb_api;mtk_gpufreq_wrapper,4,4,0,0,0,0,0,0,0,0
gpueb_get_send_PIN_ID_by_name_symbol,0xe43bcab1,STOCK_MODULE,met,1,met_gpueb_api,1,1,0,0,0,0,0,0,0,0
gpufreq_bringup,0xfb01b4e5,STOCK_MODULE,mtk_gpufreq_wrapper,1,ged;mali_kbase_mt6878_r44,2,2,0,0,0,0,0,0,0,0
gpufreq_commit,0x83a878ce,STOCK_MODULE,mtk_gpufreq_wrapper,1,mali_kbase_mt6878_r44,1,1,0,0,0,0,0,0,0,0
gpufreq_dual_commit,0x1f6dcb06,STOCK_MODULE,mtk_gpufreq_wrapper,1,mali_kbase_mt6878_r44,1,1,0,0,0,0,0,0,0,0
gpufreq_dump_infra_status,0x665829f8,STOCK_MODULE,mtk_gpufreq_wrapper,1,mali_kbase_mt6878_r44,1,1,0,0,0,0,0,0,0,0
gpufreq_dump_infra_status_logbuffer,0x7d7da8d1,STOCK_MODULE,mtk_gpufreq_wrapper,1,mali_kbase_mt6878_r44,1,1,0,0,0,0,0,0,0,0
gpufreq_get_core_mask_table,0xb886d41f,STOCK_MODULE,mtk_gpufreq_wrapper,1,ged,1,1,0,0,0,0,0,0,0,0
gpufreq_get_core_num,0x3e1ed8a9,STOCK_MODULE,mtk_gpufreq_wrapper,1,ged,1,1,0,0,0,0,0,0,0,0
gpufreq_get_cur_freq,0x0bfda5a8,STOCK_MODULE,mtk_gpufreq_wrapper,1,ged;mali_kbase_mt6878_r44,2,2,0,0,0,0,0,0,0,0
gpufreq_get_cur_limit_idx,0xd3329da2,STOCK_MODULE,mtk_gpufreq_wrapper,1,ged,1,1,0,0,0,0,0,0,0,0
gpufreq_get_cur_limiter,0xde236815,STOCK_MODULE,mtk_gpufreq_wrapper,1,ged,1,1,0,0,0,0,0,0,0,0
gpufreq_get_cur_oppidx,0xc2fa1ae0,STOCK_MODULE,mtk_gpufreq_wrapper,1,ged;mali_kbase_mt6878_r44;mtk_gpu_qos,3,3,0,0,0,0,0,0,0,0
gpufreq_get_cur_volt,0xdffed6fb,STOCK_MODULE,mtk_gpufreq_wrapper,1,ged;mali_kbase_mt6878_r44,2,2,0,0,0,0,0,0,0,0
gpufreq_get_dvfs_state,0x608e0767,STOCK_MODULE,mtk_gpufreq_wrapper,1,ged,1,1,0,0,0,0,0,0,0,0
gpufreq_get_dynamic_power,0xd887beae,STOCK_MODULE,mtk_gpufreq_wrapper,1,ged;mali_kbase_mt6878_r44,2,2,0,0,0,0,0,0,0,0
gpufreq_get_freq_by_idx,0x686d006d,STOCK_MODULE,mtk_gpufreq_wrapper,1,ged;mali_kbase_mt6878_r44;mtk_mbraink;thermal_interface,4,4,0,0,0,0,0,0,0,0
gpufreq_get_leakage_power,0x1ce31752,STOCK_MODULE,mtk_gpufreq_wrapper,1,ged;mali_kbase_mt6878_r44,2,2,0,0,0,0,0,0,0,0
gpufreq_get_opp_num,0x484164d5,STOCK_MODULE,mtk_gpufreq_wrapper,1,ged;mtk_gpu_qos,2,2,0,0,0,0,0,0,0,0
gpufreq_get_oppidx_by_freq,0xfc97a9d7,STOCK_MODULE,mtk_gpufreq_wrapper,1,ged,1,1,0,0,0,0,0,0,0,0
gpufreq_get_power_by_idx,0x170611ee,STOCK_MODULE,mtk_gpufreq_wrapper,1,ged,1,1,0,0,0,0,0,0,0,0
gpufreq_get_power_state,0xdef472f1,STOCK_MODULE,mtk_gpufreq_wrapper,1,ged,1,1,0,0,0,0,0,0,0,0
gpufreq_get_shader_present,0x82667f4d,STOCK_MODULE,mtk_gpufreq_wrapper,1,mali_kbase_mt6878_r44,1,1,0,0,0,0,0,0,0,0
gpufreq_get_working_table,0xd11990b4,STOCK_MODULE,mtk_gpufreq_wrapper,1,ged,1,1,0,0,0,0,0,0,0,0
gpufreq_power_control,0xf43c8e9e,STOCK_MODULE,mtk_gpufreq_wrapper,1,mali_kbase_mt6878_r44,1,1,0,0,0,0,0,0,0,0
gpufreq_power_ctrl_enable,0xea926b14,STOCK_MODULE,mtk_gpufreq_wrapper,1,mali_kbase_mt6878_r44,1,1,0,0,0,0,0,0,0,0
gpufreq_register_gpufreq_fp,0x661e7e24,STOCK_MODULE,mtk_gpufreq_wrapper,1,mtk_gpufreq_mt6878,1,1,0,0,0,0,0,0,0,0
gpufreq_register_gpuppm_fp,0xe4186d65,STOCK_MODULE,mtk_gpufreq_wrapper,1,mtk_gpufreq_mt6878,1,1,0,0,0,0,0,0,0,0
gpufreq_set_limit,0xb7926eb8,STOCK_MODULE,mtk_gpufreq_wrapper,1,ged;mali_kbase_mt6878_r44;mtk_gpu_power_throttling,3,3,0,0,0,0,0,0,0,0
gre_add_protocol,0x06b80249,KERNEL_OR_BUILTIN,,0,pptp,1,1,0,1,0,0,0,0,1,1
gre_del_protocol,0xdc8308a3,KERNEL_OR_BUILTIN,,0,pptp,1,1,0,1,0,0,0,0,1,1
group_get_mode,0xca1ff334,STOCK_MODULE,scheduler,1,mtk_c2ps;mtk_vcodec_common,2,2,0,0,0,0,0,0,0,0
group_reset_threshold,0xba11750d,STOCK_MODULE,scheduler,1,touch_boost,1,1,0,0,0,0,0,0,0,0
group_set_mode,0xaea1526f,STOCK_MODULE,scheduler,1,mtk_c2ps,1,1,0,0,0,0,0,0,0,0
group_set_threshold,0x504aafea,STOCK_MODULE,scheduler,1,touch_boost,1,1,0,0,0,0,0,0,0,0
handle_level_irq,0x192e18c0,KERNEL_OR_BUILTIN,,0,mtk_spmi_pmic;pinctrl_mtk_v2,2,2,0,1,0,0,1,1,1,1
handle_nested_irq,0x549525ef,KERNEL_OR_BUILTIN,,0,mt6375;mt6375_auxadc;mt6375_battery;mtk_spmi_pmic;spmi_mtk_pmif,5,5,0,1,0,0,1,1,1,1
handle_simple_irq,0x3529af2e,KERNEL_OR_BUILTIN,,0,mt6375,1,1,0,1,0,0,1,1,1,1
handle_sysrq,0x7647726c,KERNEL_OR_BUILTIN,,0,monitor_hang,1,1,0,1,0,0,0,0,1,1
hang_dump_proc,0xe3207269,STOCK_MODULE,system_heap,1,mtk_heap_debug;mtk_sec_heap,2,2,0,0,0,0,0,0,0,0
have_governor_per_policy,0x47aad3b9,KERNEL_OR_BUILTIN,,0,cpufreq_sugov_ext,1,1,0,1,0,0,1,1,1,1
hci_alloc_dev_priv,0x75e4ad4d,STOCK_MODULE,bluetooth,1,bt_drv_6878;btsdio;hci_uart,3,3,0,0,0,0,1,1,0,1
hci_conn_check_secure,0xc9c8c6fe,STOCK_MODULE,bluetooth,1,rfcomm,1,1,0,0,0,0,0,0,0,0
hci_conn_security,0x52e1a228,STOCK_MODULE,bluetooth,1,rfcomm,1,1,0,0,0,0,0,0,0,0
hci_conn_switch_role,0x78bdce3f,STOCK_MODULE,bluetooth,1,rfcomm,1,1,0,0,0,0,0,0,0,0
hci_free_dev,0x46b3e1b5,STOCK_MODULE,bluetooth,1,bt_drv_6878;btsdio;hci_uart,3,3,0,0,0,0,1,1,0,1
hci_get_route,0x8b6af8db,STOCK_MODULE,bluetooth,1,rfcomm,1,1,0,0,0,0,0,0,0,0
hci_recv_diag,0xac3e019a,STOCK_MODULE,bluetooth,1,hci_uart,1,1,0,0,0,0,0,0,0,0
hci_recv_frame,0x2f0004dc,STOCK_MODULE,bluetooth,1,bt_drv_6878;btqca;btsdio;hci_uart,4,4,0,0,0,0,1,1,0,1
hci_register_cb,0xc0fef9b8,STOCK_MODULE,bluetooth,1,rfcomm,1,1,0,0,0,0,0,0,0,0
hci_register_dev,0xeafcc152,STOCK_MODULE,bluetooth,1,bt_drv_6878;btsdio;hci_uart,3,3,0,0,0,0,1,1,0,1
hci_reset_dev,0xd0999dcb,STOCK_MODULE,bluetooth,1,hci_uart,1,1,0,0,0,0,0,0,0,0
hci_set_fw_info,0xb45bfbb5,STOCK_MODULE,bluetooth,1,btqca,1,1,0,0,0,0,0,0,0,0
hci_unregister_cb,0x8b90629a,STOCK_MODULE,bluetooth,1,rfcomm,1,1,0,0,0,0,0,0,0,0
hci_unregister_dev,0x6554264c,STOCK_MODULE,bluetooth,1,bt_drv_6878;btsdio;hci_uart,3,3,0,0,0,0,1,1,0,1
hex2bin,0x50cf7585,KERNEL_OR_BUILTIN,,0,usbnet,1,1,0,1,0,0,0,0,1,1
hex_asc,0x7129e5f8,KERNEL_OR_BUILTIN,,0,mdp_drv_mt6878,1,1,0,1,1,0,1,1,1,1
hex_asc_upper,0x8d73278e,KERNEL_OR_BUILTIN,,0,slcan,1,1,0,1,0,0,0,0,1,1
hex_dump_to_buffer,0xfe916dc6,KERNEL_OR_BUILTIN,,0,wlan_drv_gen4m_6878,1,1,0,1,0,0,1,1,1,1
hex_to_bin,0xab6d5b3b,KERNEL_OR_BUILTIN,,0,mtk_u_ether;slcan,2,2,0,1,0,0,1,1,1,1
hf_device_register,0x22109056,STOCK_MODULE,hf_manager,1,sensorhub,1,1,0,0,0,0,0,0,0,0
hf_device_register_manager_create,0x4d0971f6,STOCK_MODULE,hf_manager,1,dw9781c,1,1,0,0,0,0,0,0,0,0
hf_device_unregister,0xb6a5238e,STOCK_MODULE,hf_manager,1,sensorhub,1,1,0,0,0,0,0,0,0,0
hf_device_unregister_manager_destroy,0x18ee6460,STOCK_MODULE,hf_manager,1,dw9781c,1,1,0,0,0,0,0,0,0,0
hf_manager_create,0x21559da2,STOCK_MODULE,hf_manager,1,sensorhub,1,1,0,0,0,0,0,0,0,0
hf_manager_destroy,0x27ed2087,STOCK_MODULE,hf_manager,1,sensorhub,1,1,0,0,0,0,0,0,0,0
hid_add_device,0xa110d252,KERNEL_OR_BUILTIN,,0,hidp,1,1,0,1,0,0,0,0,1,1
hid_allocate_device,0x88125dd8,KERNEL_OR_BUILTIN,,0,hidp,1,1,0,1,0,0,0,0,1,1
hid_destroy_device,0xa3b9a474,KERNEL_OR_BUILTIN,,0,hidp,1,1,0,1,0,0,0,0,1,1
hid_ignore,0xc01e547e,KERNEL_OR_BUILTIN,,0,hidp,1,1,0,1,0,0,0,0,1,1
hid_input_report,0x4464f8bd,KERNEL_OR_BUILTIN,,0,hidp,1,1,0,1,0,0,0,0,1,1
hid_parse_report,0x4a8dd239,KERNEL_OR_BUILTIN,,0,hidp,1,1,0,1,0,0,0,0,1,1
hook_has_video_cb,0x186ae00c,STOCK_MODULE,snd_soc_audiodsp_common,1,mtk_soc_offload_common,1,1,0,0,0,0,0,0,0,0
hook_ipi_queue_recv_msg_hanlder,0xdebf52c0,STOCK_MODULE,adsp,1,audio_ipi,1,1,0,0,0,0,0,0,0,0
hook_ipi_queue_send_msg_handler,0x4ab79e90,STOCK_MODULE,adsp,1,audio_ipi,1,1,0,0,0,0,0,0,0,0
hook_scp_ipi_queue_recv_msg_handler,0x332a272d,STOCK_MODULE,mtk_scp_audiocommon,1,audio_ipi,1,1,0,0,0,0,0,0,0,0
hook_vp_sync_cb,0xcab20417,STOCK_MODULE,snd_soc_audiodsp_common,1,mtk_soc_offload_common,1,1,0,0,0,0,0,0,0,0
housekeeping_cpumask,0xf48490a1,KERNEL_OR_BUILTIN,,0,scheduler,1,1,0,1,0,0,0,0,1,1
housekeeping_overridden,0x74e73871,KERNEL_OR_BUILTIN,,0,scheduler,1,1,0,1,0,0,0,0,1,1
housekeeping_test_cpu,0x4bdb8dcc,KERNEL_OR_BUILTIN,,0,scheduler,1,1,0,1,0,0,0,0,1,1
hrtimer_active,0x0ecd991f,KERNEL_OR_BUILTIN,,0,can_bcm;ccci_md_all;cdc_ncm;lpm_gov_MHSP;mali_kbase_mt6878_r44,5,5,0,1,0,0,1,1,1,1
hrtimer_cancel,0xcc69bd8c,KERNEL_OR_BUILTIN,,0,adsp;apusys;can_bcm;ccci_dpmaif;cdc_ncm;ged;gpueb;hf_manager;leds_ln2403;mac802154;mali_kbase_mt6878_r44;mcupm;met;mtk_cg_peak_power_throttling;mtk_fpsgo;sspm_v3;thermal_trace;touch_boost;wlan_drv_gen4m_6878;yft_gpio_keys,20,20,0,1,0,0,1,1,1,1
hrtimer_forward,0x76c41756,KERNEL_OR_BUILTIN,,0,adsp;apusys;can_bcm;gpueb;hf_manager;leds_ln2403;mali_kbase_mt6878_r44;mcupm;met;mtk_cg_peak_power_throttling;sspm_v3;thermal_trace,12,12,0,1,0,0,1,1,1,1
hrtimer_init,0x3ebd5214,KERNEL_OR_BUILTIN,,0,adsp;apusys;can_bcm;ccci_dpmaif;ccci_md_all;cdc_ncm;ged;gpueb;hf_manager;leds_ln2403;lpm_gov_MHSP;mac802154;mali_kbase_mt6878_r44;mcupm;met;mt6375_battery;mtk_cg_peak_power_throttling;mtk_fpsgo;mtk_lpm_dbg_common_v2;sspm_v3;thermal_trace;touch_boost;yft_gpio_keys,23,23,0,1,0,0,1,1,1,1
hrtimer_start_range_ns,0x939fc2ef,KERNEL_OR_BUILTIN,,0,adsp;apusys;can_bcm;ccci_dpmaif;ccci_md_all;cdc_ncm;ged;gpueb;hf_manager;leds_ln2403;lpm_gov_MHSP;mac802154;mali_kbase_mt6878_r44;mcupm;met;mt6375_battery;mtk_cg_peak_power_throttling;mtk_fpsgo;mtk_lpm_dbg_common_v2;sspm_v3;thermal_trace;touch_boost;yft_gpio_keys,23,23,0,1,0,0,1,1,1,1
hrtimer_try_to_cancel,0xef93df4b,KERNEL_OR_BUILTIN,,0,apusys;ged;lpm_gov_MHSP;thermal_trace,4,4,0,1,0,0,1,1,1,1
i2c_add_adapter,0x23955e15,KERNEL_OR_BUILTIN,,0,drm_display_helper;i2c_mt65xx,2,2,0,1,0,0,1,1,1,1
i2c_del_adapter,0xe4034f76,KERNEL_OR_BUILTIN,,0,drm_display_helper;i2c_mt65xx,2,2,0,1,0,0,1,1,1,1
i2c_del_driver,0xfee5be94,KERNEL_OR_BUILTIN,,0,aw36515;aw36518;aw36518_v2;camera_eeprom_v4l2;custom_ldo_wl2868;dw9781c;hynitron;imgsensor;leds_rgb_aw2013;main2_vcm;main3_vcm;main4_vcm;main_vcm;mediatek_drm_gateic;mt6338_core;mt6375;mtk_sp_spk_amp;rt4831a_drv;rt5133_regulator;rt6160_regulator;sc851x_charger;sc8571_charger;sh366003_fg;snd_soc_tfa98xx;st21nfc;sub_vcm,26,26,0,1,0,0,1,1,1,1
i2c_get_dma_safe_msg_buf,0x42041512,KERNEL_OR_BUILTIN,,0,i2c_mt65xx,1,1,0,1,0,0,1,1,1,1
i2c_put_dma_safe_msg_buf,0x4dae16e4,KERNEL_OR_BUILTIN,,0,i2c_mt65xx,1,1,0,1,0,0,1,1,1,1
i2c_register_driver,0x50f5d94e,KERNEL_OR_BUILTIN,,0,aw36515;aw36518;aw36518_v2;camera_eeprom_v4l2;custom_ldo_wl2868;dw9781c;hynitron;imgsensor;leds_rgb_aw2013;main2_vcm;main3_vcm;main4_vcm;main_vcm;mediatek_drm_gateic;mt6338_core;mt6375;mtk_sp_spk_amp;rt4831a_drv;rt5133_regulator;rt6160_regulator;sc851x_charger;sc8571_charger;sh366003_fg;snd_soc_tfa98xx;st21nfc;sub_vcm;yft_tiny2c_usb,27,27,0,1,0,0,1,1,1,1
i2c_smbus_read_byte_data,0x3e83308c,KERNEL_OR_BUILTIN,,0,main2_vcm;main3_vcm;main4_vcm;main_vcm;sub_vcm,5,5,0,1,0,0,1,1,1,1
i2c_smbus_read_i2c_block_data,0xefa71d91,KERNEL_OR_BUILTIN,,0,mt6375;rt5133_regulator,2,2,0,1,0,0,1,1,1,1
i2c_smbus_read_word_data,0xa3b92a99,KERNEL_OR_BUILTIN,,0,sh366003_fg,1,1,0,1,0,0,0,0,1,1
i2c_smbus_write_byte_data,0xb16b9653,KERNEL_OR_BUILTIN,,0,main2_vcm;main3_vcm;main4_vcm;main_vcm;sub_vcm,5,5,0,1,0,0,1,1,1,1
i2c_smbus_write_i2c_block_data,0x4104632b,KERNEL_OR_BUILTIN,,0,mt6375;rt5133_regulator,2,2,0,1,0,0,1,1,1,1
i2c_smbus_write_word_data,0xaed86104,KERNEL_OR_BUILTIN,,0,sh366003_fg,1,1,0,1,0,0,1,1,1,1
i2c_transfer,0xaf50d612,KERNEL_OR_BUILTIN,,0,aw883xx_driver;camera_eeprom_v4l2;custom_ldo_wl2868;drm_display_helper;dw9781c;imgsensor;mt6375;sh366003_fg;snd_soc_tfa98xx;yft_tiny2c_usb,10,10,0,1,0,0,1,1,1,1
i2c_transfer_buffer_flags,0x51f60267,KERNEL_OR_BUILTIN,,0,aw883xx_driver;hynitron;main2_vcm;main3_vcm;main4_vcm;main_vcm;mediatek_drm_gateic;mt6375;rt4831a_drv;snd_soc_tfa98xx;st21nfc;sub_vcm,12,12,0,1,0,0,1,1,1,1
i2c_unregister_device,0x08d4f9f1,KERNEL_OR_BUILTIN,,0,mediatek_drm_gateic;mt6338_core;rt4831a_drv;yft_tiny2c_usb,4,4,0,1,0,0,1,1,1,1
icc_link_create,0x7789af3e,KERNEL_OR_BUILTIN,,0,mtk_emi,1,1,0,1,0,0,1,1,1,1
icc_node_add,0x8ab41c8a,KERNEL_OR_BUILTIN,,0,mtk_emi,1,1,0,1,0,0,1,1,1,1
icc_node_create,0xc1ffe99d,KERNEL_OR_BUILTIN,,0,mtk_emi,1,1,0,1,0,0,1,1,1,1
icc_node_del,0x6d48fff5,KERNEL_OR_BUILTIN,,0,mtk_emi,1,1,0,1,0,0,1,1,1,1
icc_node_destroy,0xc58a3ee6,KERNEL_OR_BUILTIN,,0,mtk_emi,1,1,0,1,0,0,1,1,1,1
icc_provider_add,0x01fadf78,KERNEL_OR_BUILTIN,,0,mtk_emi,1,1,0,1,0,0,1,1,1,1
icc_provider_del,0x649dab98,KERNEL_OR_BUILTIN,,0,mtk_emi,1,1,0,1,0,0,1,1,1,1
icc_put,0x061de863,KERNEL_OR_BUILTIN,,0,apusys;mtk_cam_isp7sp;mtk_cm_mgr_mt6878;mtk_fpsgo,4,4,0,1,0,0,1,1,1,1
icc_set_bw,0x23b17c2e,KERNEL_OR_BUILTIN,,0,adsp;apusys;ccci_dpmaif;mmqos_common;mtk_cm_mgr;mtk_cm_mgr_mt6878;mtk_dvfsrc_helper;mtk_fpsgo,8,8,0,1,0,0,1,1,1,1
icc_sync_state,0xca163010,KERNEL_OR_BUILTIN,,0,mtk_emi,1,1,0,1,0,0,1,1,1,1
ida_alloc_range,0xe7a02573,KERNEL_OR_BUILTIN,,0,bluetooth;ffa_v10;mtk_usb_f_rndis;nfc;rpmb;wwan,6,7,0,1,0,0,1,1,1,1
ida_destroy,0xa7d5f92e,KERNEL_OR_BUILTIN,,0,ffa_v10;rpmb,2,2,0,1,0,0,1,1,1,1
ida_free,0xffb7c514,KERNEL_OR_BUILTIN,,0,bluetooth;ffa_v10;mtk_usb_f_rndis;nfc;rpmb;wwan,6,7,0,1,0,0,1,1,1,1
idr_alloc,0xb8f11603,KERNEL_OR_BUILTIN,,0,apusys;bluetooth;ccd_rpmsg;cdc_acm;gz_ipc_mod;mac80211;mtk_icc_core;ppp_generic;tipc;tkcore;usbserial;zram,12,13,0,1,0,0,1,1,1,1
idr_alloc_cyclic,0x91f44510,KERNEL_OR_BUILTIN,,0,apusys,1,1,0,1,0,0,0,0,1,1
idr_alloc_u32,0xd9916c3a,KERNEL_OR_BUILTIN,,0,l2tp_core,1,1,0,1,0,0,0,0,1,1
idr_destroy,0x8e17b3ae,KERNEL_OR_BUILTIN,,0,bluetooth;ccd_rpmsg;cdc_acm;gz_ipc_mod;l2tp_core;mac80211;ppp_generic;tipc;usbserial;zram,10,11,0,1,0,0,1,1,1,1
idr_find,0x20978fb9,KERNEL_OR_BUILTIN,,0,apusys;bluetooth;ccd_rpmsg;cdc_acm;gz_ipc_mod;l2tp_core;mac80211;mtk_icc_core;ppp_generic;tipc;tkcore;usbserial;zram,13,14,0,1,0,0,1,1,1,1
idr_for_each,0x1d40b6f3,KERNEL_OR_BUILTIN,,0,gz_ipc_mod;mac80211;zram,3,3,0,1,0,0,1,1,1,1
idr_get_next,0xc57c48a3,KERNEL_OR_BUILTIN,,0,apusys;bluetooth;ccd_rpmsg;mac80211;ppp_generic,5,6,0,1,0,0,1,1,1,1
idr_get_next_ul,0xcc1b882a,KERNEL_OR_BUILTIN,,0,l2tp_core,1,1,0,1,0,0,0,0,1,1
idr_preload,0x954f099c,KERNEL_OR_BUILTIN,,0,tkcore,1,1,0,0,0,0,0,0,0,0
idr_remove,0x7665a95b,KERNEL_OR_BUILTIN,,0,apusys;bluetooth;ccd_rpmsg;cdc_acm;gz_ipc_mod;l2tp_core;mac80211;mtk_icc_core;ppp_generic;tipc;tkcore;usbserial;zram,13,14,0,1,0,0,1,1,1,1
idr_replace,0x7b82b9a1,KERNEL_OR_BUILTIN,,0,l2tp_core,1,1,0,1,0,0,0,0,1,1
ieee80211_amsdu_to_8023s,0x53ce81d6,STOCK_MODULE,cfg80211,1,mac80211,1,1,0,0,0,0,0,0,0,0
ieee80211_bss_get_elem,0x549fdf4c,STOCK_MODULE,cfg80211,1,mac80211,1,1,0,0,0,0,0,0,0,0
ieee80211_chandef_to_operating_class,0x3643b80f,STOCK_MODULE,cfg80211,1,mac80211;wlan_drv_gen4m_6878,2,2,0,0,0,0,0,0,0,0
ieee80211_channel_to_freq_khz,0x5584448a,STOCK_MODULE,cfg80211,1,mac80211;wlan_drv_gen4m_6878,2,2,0,0,0,0,0,0,0,0
ieee80211_data_to_8023_exthdr,0x7ebf2090,STOCK_MODULE,cfg80211,1,mac80211,1,1,0,0,0,0,0,0,0,0
ieee80211_freq_khz_to_channel,0x6bedf402,STOCK_MODULE,cfg80211,1,mac80211;wlan_drv_gen4m_6878,2,2,0,0,0,0,0,0,0,0
ieee80211_get_channel_khz,0xb5eebca2,STOCK_MODULE,cfg80211,1,mac80211;wlan_drv_gen4m_6878,2,2,0,0,0,0,0,0,0,0
ieee80211_hdrlen,0x7ef39823,STOCK_MODULE,cfg80211,1,mac80211,1,1,0,0,0,0,0,0,0,0
ieee80211_ie_split_ric,0x275269b3,STOCK_MODULE,cfg80211,1,mac80211,1,1,0,0,0,0,0,0,0,0
ieee80211_is_valid_amsdu,0xbb56c2a6,STOCK_MODULE,cfg80211,1,mac80211,1,1,0,0,0,0,0,0,0,0
ieee80211_mandatory_rates,0x082835fc,STOCK_MODULE,cfg80211,1,mac80211,1,1,0,0,0,0,0,0,0,0
ieee80211_operating_class_to_band,0xf40bc2f5,STOCK_MODULE,cfg80211,1,mac80211,1,1,0,0,0,0,0,0,0,0
ieee80211_radiotap_iterator_init,0x43afadee,STOCK_MODULE,cfg80211,1,mac80211,1,1,0,0,0,0,0,0,0,0
ieee80211_radiotap_iterator_next,0x7acb86ed,STOCK_MODULE,cfg80211,1,mac80211,1,1,0,0,0,0,0,0,0,0
ieee80211_s1g_channel_width,0x0cc95bc2,STOCK_MODULE,cfg80211,1,mac80211,1,1,0,0,0,0,0,0,0,0
ieee802154_hdr_peek,0xe130fb3d,STOCK_MODULE,ieee802154,1,ieee802154_6lowpan;mac802154,2,2,0,0,0,0,0,0,0,0
ieee802154_hdr_peek_addrs,0xe67ef397,STOCK_MODULE,ieee802154,1,ieee802154_6lowpan;mac802154,2,2,0,0,0,0,0,0,0,0
ieee802154_hdr_pull,0xc5b881fe,STOCK_MODULE,ieee802154,1,ieee802154_socket;mac802154,2,2,0,0,0,0,0,0,0,0
ieee802154_hdr_push,0xcba810a5,STOCK_MODULE,ieee802154,1,mac802154,1,1,0,0,0,0,0,0,0,0
ieee802154_max_payload,0x87e2553b,STOCK_MODULE,ieee802154,1,ieee802154_6lowpan;mac802154,2,2,0,0,0,0,0,0,0,0
iio_alloc_pollfunc,0x054372d1,KERNEL_OR_BUILTIN,,0,industrialio_triggered_buffer,1,1,0,1,0,0,1,1,1,1
iio_buffer_init,0xcd7f3ca6,KERNEL_OR_BUILTIN,,0,kfifo_buf,1,1,0,1,0,0,1,1,1,1
iio_buffer_put,0x54e93489,KERNEL_OR_BUILTIN,,0,kfifo_buf,1,1,0,1,0,0,1,1,1,1
iio_channel_get,0x926b344f,KERNEL_OR_BUILTIN,,0,ccci_auxadc;spi_tiny_co5300_lcd,2,2,0,1,0,0,1,1,1,1
iio_channel_release,0x2be9dcd5,KERNEL_OR_BUILTIN,,0,ccci_auxadc;spi_tiny_co5300_lcd,2,2,0,1,0,0,1,1,1,1
iio_dealloc_pollfunc,0x02938fa8,KERNEL_OR_BUILTIN,,0,industrialio_triggered_buffer,1,1,0,1,0,0,1,1,1,1
iio_device_attach_buffer,0xbeb5b86b,KERNEL_OR_BUILTIN,,0,industrialio_triggered_buffer;kfifo_buf,2,2,0,1,0,0,1,1,1,1
iio_device_id,0x0c0a30c6,KERNEL_OR_BUILTIN,,0,industrialio_triggered_buffer,1,1,0,1,0,0,1,1,1,1
iio_get_channel_type,0xdb3f26e5,KERNEL_OR_BUILTIN,,0,thermal_generic_adc,1,1,0,1,0,0,1,1,1,1
iio_get_time_ns,0x84bfb8a5,KERNEL_OR_BUILTIN,,0,mt6375_adc,1,1,0,1,0,0,1,1,1,1
iio_kfifo_allocate,0xdba4f382,STOCK_MODULE,kfifo_buf,1,industrialio_triggered_buffer,1,1,0,0,0,0,0,0,0,0
iio_kfifo_free,0x2c555a0f,STOCK_MODULE,kfifo_buf,1,industrialio_triggered_buffer,1,1,0,0,0,0,0,0,0,0
iio_push_to_buffers,0xd5e71e60,KERNEL_OR_BUILTIN,,0,mt6375_adc,1,1,0,1,0,0,1,1,1,1
iio_read_channel_attribute,0xb5f8323e,KERNEL_OR_BUILTIN,,0,mt6375_battery;mtk_dynamic_loading_throttling,2,2,0,1,0,0,1,1,1,1
iio_read_channel_processed,0xcfc18bfc,KERNEL_OR_BUILTIN,,0,ccci_auxadc;connfem;mt6369_accdet;mt6375_auxadc;mt6375_battery;mt6375_charger;mtk_dynamic_loading_throttling;pmic_temp;spi_tiny_co5300_lcd;tcpc_mt6375;thermal_generic_adc,11,11,0,1,0,0,1,1,1,1
iio_read_channel_raw,0x828f7acb,KERNEL_OR_BUILTIN,,0,ccci_auxadc;mtk_dynamic_loading_throttling;snd_soc_mt6369,3,3,0,1,0,0,1,1,1,1
iio_trigger_notify_done,0x4804dc0b,KERNEL_OR_BUILTIN,,0,mt6375_adc,1,1,0,1,0,0,1,1,1,1
imgsys_cmdq_clearevent,0x41060236,STOCK_MODULE,mtk_imgsys_cmdq,1,mtk_imgsys_v4l2,1,1,0,0,0,0,0,0,0,0
imgsys_cmdq_init,0x835504c8,STOCK_MODULE,mtk_imgsys_cmdq,1,mtk_imgsys_v4l2,1,1,0,0,0,0,0,0,0,0
imgsys_cmdq_release,0x1d94b6c4,STOCK_MODULE,mtk_imgsys_cmdq,1,mtk_imgsys_v4l2,1,1,0,0,0,0,0,0,0,0
imgsys_cmdq_sendtask,0x4145f12d,STOCK_MODULE,mtk_imgsys_cmdq,1,mtk_imgsys_v4l2,1,1,0,0,0,0,0,0,0,0
imgsys_cmdq_streamoff,0x59a9f7d1,STOCK_MODULE,mtk_imgsys_cmdq,1,mtk_imgsys_v4l2,1,1,0,0,0,0,0,0,0,0
imgsys_cmdq_streamon,0x242f05ce,STOCK_MODULE,mtk_imgsys_cmdq,1,mtk_imgsys_v4l2,1,1,0,0,0,0,0,0,0,0
imgsys_quick_onoff_enable,0xbc86e0e0,STOCK_MODULE,mtk_imgsys_cmdq,1,mtk_imgsys_v4l2,1,1,0,0,0,0,0,0,0,0
in6addr_any,0x200b2041,KERNEL_OR_BUILTIN,,0,tipc,1,1,0,1,0,0,0,0,1,1
inc_zone_page_state,0x2e556a22,KERNEL_OR_BUILTIN,,0,zsmalloc,1,1,0,1,0,0,1,1,1,1
inet6_csk_xmit,0x133c1612,KERNEL_OR_BUILTIN,,0,l2tp_core,1,1,0,1,0,0,0,0,1,1
inet_csk_get_port,0x2a4d24d9,KERNEL_OR_BUILTIN,,0,cfg80211,1,1,0,1,0,0,0,0,1,1
inet_frag_destroy,0xfe4dc306,KERNEL_OR_BUILTIN,,0,ieee802154_6lowpan,1,1,0,1,0,0,0,0,1,1
inet_frag_find,0x87588b1d,KERNEL_OR_BUILTIN,,0,ieee802154_6lowpan,1,1,0,1,0,0,0,0,1,1
inet_frag_kill,0x39fd139c,KERNEL_OR_BUILTIN,,0,ieee802154_6lowpan,1,1,0,1,0,0,0,0,1,1
inet_frag_queue_insert,0x8ee8b549,KERNEL_OR_BUILTIN,,0,ieee802154_6lowpan,1,1,0,1,0,0,0,0,1,1
inet_frag_reasm_finish,0xb88cfb0e,KERNEL_OR_BUILTIN,,0,ieee802154_6lowpan,1,1,0,1,0,0,0,0,1,1
inet_frag_reasm_prepare,0x478dbb9a,KERNEL_OR_BUILTIN,,0,ieee802154_6lowpan,1,1,0,1,0,0,0,0,1,1
inet_frags_fini,0x970d6b0a,KERNEL_OR_BUILTIN,,0,ieee802154_6lowpan,1,1,0,1,0,0,0,0,1,1
inet_frags_init,0xba6f3ff6,KERNEL_OR_BUILTIN,,0,ieee802154_6lowpan,1,1,0,1,0,0,0,0,1,1
init_dummy_netdev,0xc87c64e6,KERNEL_OR_BUILTIN,,0,wlan_drv_gen4m_6878,1,1,0,1,0,0,0,0,1,1
init_md_section_level,0x05668b68,STOCK_MODULE,mtk_mdpm,1,ccci_md_all,1,1,0,0,0,0,0,0,0,0
init_net,0xe139b2bb,KERNEL_OR_BUILTIN,,0,bluetooth;cfg80211;conninfra;frs;hidp;ieee802154;ieee802154_6lowpan;ieee802154_socket;mddp;mt6375_battery;mtk_mbraink;nfc;rfcomm;thermal_interface;tipc;wlan_drv_gen4m_6878;wmt_chrdev_wifi_connac2;wwan,18,19,0,1,0,0,1,1,1,1
init_scp,0x185e2efd,STOCK_MODULE,mtk_scpsys,1,mtk_scpsys_mt6878,1,1,0,0,0,0,0,0,0,0
init_srcu_struct,0xb0f2ca52,KERNEL_OR_BUILTIN,,0,gzvm,1,1,0,1,0,0,0,0,1,1
init_task,0xd567d551,KERNEL_OR_BUILTIN,,0,aee_hangdet;monitor_hang;mtk_heap_debug;mtk_mbraink;mtk_vcodec_common;scheduler;trace_mmstat,7,7,0,1,0,0,1,1,1,1
init_timer_key,0x79cf5987,KERNEL_OR_BUILTIN,,0,adsp;aee_hangdet;apusys;aw883xx_driver;bluetooth;bt_drv_6878;c2k_usb;can;can_dev;ccci_ccif;ccci_dpmaif;ccci_md_all;ccmni;cdc_acm;cfg80211;cmdq_sec_drv;cmdq_test;conninfra;extcon_mtk_usb;fmradio_drv_connac2x;focaltech_touch_spi_ft3680;gps_drv_dl_v051;hci_uart;hidp;imgsensor;load_track;mac80211;mali_kbase_mt6878_r44;mcupm;mddp;mdp_drv_mt6878;mediatek_drm;met;mmqos_common;mt6363_regulator;mt6369_accdet;mt6369_regulator;mt6375_charger;mtk_c2ps;mtk_cam_isp7sp;mtk_cg_peak_power_throttling;mtk_cm_mgr;mtk_cm_mgr_mt6878;mtk_cmdq_drv_ext;mtk_dpc;mtk_dynamic_loading_throttling;mtk_iommu;mtk_jpeg;mtk_low_battery_throttling;mtk_lpm_dbg_common_v2;mtk_mmc;mtk_pbm;mtk_swpm_dbg_v6878;mtk_vcodec_common;mtk_vcodec_dec_v1;mtk_vcodec_enc_v1;nfc;pmic_lbat_service;r8152;rfcomm;rfkill;scp;sensorhub;sh366003_fg;snd_soc_tfa98xx;spi_tiny_co5300_lcd;spmi_mtk_mpu;sspm_v3;tcpc_class;tcpc_mt6375;thermal_trace;tipc;tmem_ffa;trace_mmstat;ufs_mediatek_mod;usb_meta;usbnet;vcp;wlan_drv_gen4m_6878;xhci_mtk_hcd_v2;yft_gpio_keys,81,82,0,1,0,0,1,1,1,1
init_user_ns,0xee6aba65,KERNEL_OR_BUILTIN,,0,ieee802154_6lowpan,1,1,0,1,0,0,0,0,1,1
init_uts_ns,0x27e6258d,KERNEL_OR_BUILTIN,,0,aee_hangdet;bluetooth;cfg80211,3,4,0,1,0,0,1,1,1,1
init_wait_entry,0xfe487975,KERNEL_OR_BUILTIN,,0,adsp;apusys;atf_logger;audio_ipi;bluetooth;bt_drv_6878;ccci_dpmaif;ccci_md_all;ccci_util_lib;ccd_rpmsg;cfg80211;conninfra;connscp;cqhci;drm_display_helper;fingerprint;fmradio_drv_connac2x;focaltech_touch_spi_ft3680;gps_drv_dl_v051;gz_ipc_mod;hci_uart;hf_manager;hidp;ieee802154;mali_kbase_mt6878_r44;mddp;mdp_drv_mt6878;mediatek_drm;microarray_fp_tee;mmqos_common;monitor_hang;mt6375_battery;mtk_aie;mtk_bp_thl;mtk_btcvsd;mtk_c2ps;mtk_cam_isp7sp;mtk_ccuv;mtk_charger_framework;mtk_chg_type_det;mtk_cmdq_drv_ext;mtk_dpc;mtk_dynamic_loading_throttling;mtk_fpsgo;mtk_hcp;mtk_imgsys_v4l2;mtk_low_battery_throttling;mtk_mml;mtk_pep50;mtk_soc_offload_common;mtk_vcodec_common;mtk_vcodec_dec_v1;mtk_vcodec_enc_v1;mtk_vcu;mtk_vow;pda_drv_mt6878;powerhal_cpu_ctrl;rfkill;scp;slcan;snd_soc_audiodsp_common;system_heap;tcpc_class;tcpc_mt6375;tkcore;touch_boost;usbserial;wlan_drv_gen4m_6878;wmt_chrdev_wifi_connac2;wwan;yft_tpd_gesture,71,72,0,1,0,0,1,1,1,1
inject_md_status_event,0x145226de,STOCK_MODULE,ccci_util_lib,1,ccci_md_all,1,1,0,0,0,0,0,0,0,0
inject_pin_status_event,0xb472de60,STOCK_MODULE,ccci_util_lib,1,ccci_md_all,1,1,0,0,0,0,0,0,0,0
input_allocate_device,0x2c85b85e,KERNEL_OR_BUILTIN,,0,focaltech_touch_spi_ft3680;hidp;hynitron;microarray_fp_tee;snd_soc_tfa98xx,5,5,0,1,0,0,1,1,1,1
input_close_device,0xc18ee033,KERNEL_OR_BUILTIN,,0,touch_boost,1,1,0,1,0,0,0,0,1,1
input_device_enabled,0x4e243813,KERNEL_OR_BUILTIN,,0,yft_gpio_keys,1,1,0,0,0,0,0,0,0,0
input_event,0x4d18d895,KERNEL_OR_BUILTIN,,0,focaltech_touch_spi_ft3680;hidp;hynitron;microarray_fp_tee;mtk_pmic_keys;snd_soc_tfa98xx;yft_gpio_keys,7,7,0,1,0,0,1,1,1,1
input_free_device,0x58fd3714,KERNEL_OR_BUILTIN,,0,focaltech_touch_spi_ft3680;hynitron;microarray_fp_tee;snd_soc_tfa98xx,4,4,0,1,0,0,1,1,1,1
input_mt_init_slots,0xf24483b2,KERNEL_OR_BUILTIN,,0,focaltech_touch_spi_ft3680,1,1,0,1,0,0,1,1,1,1
input_mt_report_slot_state,0xe83a2318,KERNEL_OR_BUILTIN,,0,focaltech_touch_spi_ft3680,1,1,0,1,0,0,1,1,1,1
input_open_device,0xe66e885f,KERNEL_OR_BUILTIN,,0,touch_boost,1,1,0,1,0,0,0,0,1,1
input_register_device,0x7ce217c7,KERNEL_OR_BUILTIN,,0,focaltech_touch_spi_ft3680;hidp;hynitron;microarray_fp_tee;mtk_pmic_keys;snd_soc_tfa98xx;yft_gpio_keys,7,7,0,1,0,0,1,1,1,1
input_register_handle,0x080a0817,KERNEL_OR_BUILTIN,,0,touch_boost,1,1,0,1,0,0,0,0,1,1
input_register_handler,0x2dfb4023,KERNEL_OR_BUILTIN,,0,touch_boost,1,1,0,1,0,0,0,0,1,1
input_set_abs_params,0xf28ecabf,KERNEL_OR_BUILTIN,,0,focaltech_touch_spi_ft3680;hynitron,2,2,0,1,0,0,1,1,1,1
input_set_capability,0xcbcf985f,KERNEL_OR_BUILTIN,,0,focaltech_touch_spi_ft3680;hynitron;mtk_pmic_keys;yft_gpio_keys,4,4,0,1,0,0,1,1,1,1
input_unregister_device,0xd8654f13,KERNEL_OR_BUILTIN,,0,focaltech_touch_spi_ft3680;hidp;snd_soc_tfa98xx,3,3,0,1,0,0,1,1,1,1
input_unregister_handle,0x52367fa7,KERNEL_OR_BUILTIN,,0,touch_boost,1,1,0,1,0,0,0,0,1,1
inst_spec_events,0xdde3c6c0,STOCK_MODULE,mtk_swpm_perf_arm_pmu,1,mtk_mbraink,1,1,0,0,0,0,0,0,0,0
int_sqrt,0xb678366f,KERNEL_OR_BUILTIN,,0,lpm_gov_MHSP,1,1,0,1,0,0,0,0,1,1
io_schedule_timeout,0xfbc4f89e,KERNEL_OR_BUILTIN,,0,ufs_mediatek_mod,1,1,0,1,0,0,0,0,1,1
iomem_resource,0xc7da062f,KERNEL_OR_BUILTIN,,0,cpufreq_sugov_ext;fmradio_drv_connac2x;mali_kbase_mt6878_r44;mediatek_cpufreq_hw;wlan_drv_gen4m_6878,5,5,0,1,0,0,1,1,1,1
iommu_alloc_resv_region,0x81ede167,KERNEL_OR_BUILTIN,,0,mtk_iommu,1,1,0,1,0,0,1,1,1,1
iommu_dev_disable_feature,0x45b5a290,KERNEL_OR_BUILTIN,,0,mediatek_drm,1,1,0,1,0,0,0,0,1,1
iommu_device_register,0xc15151b9,KERNEL_OR_BUILTIN,,0,mtk_iommu,1,1,0,1,0,0,1,1,1,1
iommu_device_sysfs_add,0xf3f58a3f,KERNEL_OR_BUILTIN,,0,mtk_iommu,1,1,0,1,0,0,1,1,1,1
iommu_device_sysfs_remove,0x4e440328,KERNEL_OR_BUILTIN,,0,mtk_iommu,1,1,0,1,0,0,1,1,1,1
iommu_device_unregister,0xb91ee2cf,KERNEL_OR_BUILTIN,,0,mtk_iommu,1,1,0,1,0,0,1,1,1,1
iommu_fwspec_add_ids,0x8762fdf0,KERNEL_OR_BUILTIN,,0,mtk_iommu,1,1,0,1,0,0,1,1,1,1
iommu_fwspec_free,0x506998e9,KERNEL_OR_BUILTIN,,0,mtk_iommu,1,1,0,1,0,0,1,1,1,1
iommu_get_domain_for_dev,0x825b0f1d,KERNEL_OR_BUILTIN,,0,apusys;iommu_debug;mediatek_drm;mmqos_common;mtk_cmdq_drv_ext;mtk_mmdvfs_v3;mtk_sec_heap;mtk_vcodec_dec_v1;mtk_vcodec_enc_v1;mtk_vcu;system_heap;xhci_mtk_hcd_v2,12,12,0,1,0,0,1,1,1,1
iommu_group_alloc,0x8d22bb58,KERNEL_OR_BUILTIN,,0,mtk_iommu,1,1,0,1,0,0,1,1,1,1
iommu_group_ref_get,0x4d6d0bbc,KERNEL_OR_BUILTIN,,0,mtk_iommu,1,1,0,1,0,0,1,1,1,1
iommu_iova_to_phys,0x9948e657,KERNEL_OR_BUILTIN,,0,apusys;mmqos_common;mtk_cmdq_drv_ext;mtk_mmdvfs_v3;mtk_vcu,5,5,0,1,0,0,1,1,1,1
iommu_map,0xfca4037a,KERNEL_OR_BUILTIN,,0,apusys;mediatek_drm,2,2,0,1,0,0,1,1,1,1
iommu_map_sg,0x0fe2430d,KERNEL_OR_BUILTIN,,0,apusys,1,1,0,1,0,0,1,1,1,1
iommu_present,0x0c4442c8,KERNEL_OR_BUILTIN,,0,mediatek_drm,1,1,0,1,0,0,1,1,1,1
iommu_unmap,0xfcf025d5,KERNEL_OR_BUILTIN,,0,apusys,1,1,0,1,0,0,1,1,1,1
ioremap_prot,0x40863ba1,KERNEL_OR_BUILTIN,,0,8250_mtk;adsp;aee_aed;apu_top;apusys;atf_logger;bt_drv_6878;ccci_dpmaif;ccci_md_all;ccci_util_lib;clk_chk_mt6878;clk_common;cmdq_sec_drv;cmdq_test;conninfra;connscp;cpudvfs;cpufreq_sugov_ext;cpuqos_v3;emi;emi_fake_eng;fmradio_drv_connac2x;ged;gps_drv_dl_v051;gpueb;i2c_mt65xx;last_bus;log_store;mali_kbase_mt6878_r44;mcupm;mediatek_cpufreq_hw;mediatek_drm;met;mmqos_common;mrdump;mtk_aie;mtk_btcvsd;mtk_cam_isp7sp;mtk_cg_peak_power_throttling;mtk_cm_mgr_mt6878;mtk_cmdq_drv_ext;mtk_dpc;mtk_gpufreq_wrapper;mtk_imgsys_cmdq;mtk_lpm_dbg_common_v2;mtk_mmc;mtk_mmdvfs_debug;mtk_mminfra_debug;mtk_mminfra_imax;mtk_perf_common;mtk_scpsys;mtk_smi;mtk_uart_apdma;mtk_vmm_notifier;scheduler;scp;sspm_v3;thermal_interface;tkcore;uarthub_drv;usb_offload;vcp;wlan_drv_gen4m_6878,63,63,0,1,0,0,0,0,1,1
iounmap,0xedc03953,KERNEL_OR_BUILTIN,,0,8250_mtk;adsp;aee_aed;apu_top;apusys;bt_drv_6878;ccci_md_all;ccci_util_lib;conninfra;connscp;fmradio_drv_connac2x;gps_drv_dl_v051;i2c_mt65xx;last_bus;mali_kbase_mt6878_r44;mdp_drv_mt6878;mediatek_cpufreq_hw;mediatek_drm;met;mtk_aie;mtk_btcvsd;mtk_cg_peak_power_throttling;mtk_imgsys_cmdq;mtk_imgsys_isp7sp;mtk_imgsys_v4l2;mtk_mmc;mtk_mminfra_debug;mtk_smi;mtk_uart_apdma;tkcore;tkcore_drv;uarthub_drv;usb_offload;wlan_drv_gen4m_6878,34,34,0,1,0,0,1,1,1,1
iov_iter_init,0x07bf1a0c,KERNEL_OR_BUILTIN,,0,ppp_generic,1,1,0,1,0,0,0,0,1,1
iov_iter_kvec,0xfcf9632e,KERNEL_OR_BUILTIN,,0,bluetooth;tipc,2,3,0,1,0,0,0,0,1,1
iov_iter_revert,0x74d40f4e,KERNEL_OR_BUILTIN,,0,bluetooth;can_bcm;can_raw;ieee802154_socket;l2tp_ppp;nfc;rfcomm;tipc,8,9,0,1,1,0,0,0,1,1
ip6_dst_hoplimit,0x2574d8a8,KERNEL_OR_BUILTIN,,0,tipc,1,1,0,1,0,0,0,0,1,1
ip_local_out,0x81daeed1,KERNEL_OR_BUILTIN,,0,pptp,1,1,0,1,0,0,0,0,1,1
ip_mc_join_group,0xf307233c,KERNEL_OR_BUILTIN,,0,tipc,1,1,0,1,0,0,0,0,1,1
ip_queue_xmit,0x297b2874,KERNEL_OR_BUILTIN,,0,l2tp_core,1,1,0,1,0,0,0,0,1,1
ip_route_output_flow,0x63d17c67,KERNEL_OR_BUILTIN,,0,pptp;tipc,2,2,0,1,0,0,0,0,1,1
ip_send_check,0x5089f45f,KERNEL_OR_BUILTIN,,0,pptp,1,1,0,1,0,0,0,0,1,1
ipesys_me_debug_dump,0x733db389,STOCK_MODULE,mtk_ipesys_me,1,mtk_imgsys_v4l2,1,1,0,0,0,0,0,0,0,0
ipesys_me_set_initial_value,0xd14260bd,STOCK_MODULE,mtk_ipesys_me,1,mtk_imgsys_v4l2,1,1,0,0,0,0,0,0,0,0
ipesys_me_uninit,0xa3b245f6,STOCK_MODULE,mtk_ipesys_me,1,mtk_imgsys_v4l2,1,1,0,0,0,0,0,0,0,0
ipi_desc_get,0x44654856,KERNEL_OR_BUILTIN,,0,aee_hangdet,1,1,0,1,0,0,0,0,1,1
ipi_monitor_dump,0xe9c9605c,STOCK_MODULE,mtk_tinysys_ipi,1,gpueb,1,1,0,0,0,0,0,0,0,0
ipv6_dev_find,0xfe50985e,KERNEL_OR_BUILTIN,,0,tipc,1,1,0,1,0,0,0,0,1,1
ipv6_skip_exthdr,0x2fbf103d,KERNEL_OR_BUILTIN,,0,ccmni;mddp,2,2,0,1,0,0,1,1,1,1
ipv6_stub,0x69417d20,KERNEL_OR_BUILTIN,,0,tipc,1,1,0,1,0,0,0,0,1,1
irq_create_mapping_affinity,0x2d52ef9d,KERNEL_OR_BUILTIN,,0,pinctrl_mtk_v2,1,1,0,1,0,0,1,1,1,1
irq_create_of_mapping,0xe80e5bdd,KERNEL_OR_BUILTIN,,0,gz_irq_mod,1,1,0,1,0,0,1,1,1,1
irq_dispose_mapping,0x2c7db649,KERNEL_OR_BUILTIN,,0,mt6375;mt6375_auxadc;mt6375_battery,3,3,0,1,0,0,1,1,1,1
irq_domain_remove,0xce5287c1,KERNEL_OR_BUILTIN,,0,mt6375;mt6375_auxadc;mt6375_battery;mtk_spmi_pmic;spmi_mtk_pmif,5,5,0,1,0,0,1,1,1,1
irq_domain_simple_ops,0xfaf21a02,KERNEL_OR_BUILTIN,,0,pinctrl_mtk_v2,1,1,0,1,0,0,1,1,1,1
irq_domain_xlate_onetwocell,0xcf6b798d,KERNEL_OR_BUILTIN,,0,mt6375;mt6375_auxadc;mt6375_battery;spmi_mtk_pmif,4,4,0,1,0,0,1,1,1,1
irq_domain_xlate_twocell,0x78ba91b9,KERNEL_OR_BUILTIN,,0,mtk_spmi_pmic,1,1,0,1,0,0,1,1,1,1
irq_get_irq_data,0x29211c93,KERNEL_OR_BUILTIN,,0,apusys;cache_parity;hci_uart;mali_kbase_mt6878_r44;mt6369_accdet;mtk_lpm;pinctrl_mtk_v2;uarthub_drv;yft_gpio_keys,9,9,0,1,0,0,1,1,1,1
irq_get_irqchip_state,0x1d222ced,KERNEL_OR_BUILTIN,,0,mtk_uart_apdma;scp;vcp,3,3,0,1,0,0,1,1,1,1
irq_modify_status,0x7522f3ba,KERNEL_OR_BUILTIN,,0,mediatek_drm;mt6369_accdet;mt6375;mt6375_auxadc;mt6375_battery;mtk_mmc;mtk_spmi_pmic;spmi_mtk_pmif,8,8,0,1,0,0,1,1,1,1
irq_of_parse_and_map,0xe416cf51,KERNEL_OR_BUILTIN,,0,apusys;bt_drv_6878;bus_parity;cache_parity;camera_dpe_isp7sp;ccci_ccif;ccci_dpmaif;ccci_md_all;connadp;conninfra;dbg_error_flag;device_apc_common;emi_mpu;fingerprint;fmradio_drv_connac2x;mali_kbase_mt6878_r44;mdp_drv_mt6878;mediatek_drm;microarray_fp_tee;mtk_ccuv;mtk_lpm_plat_v1;mtk_pwm;pda_drv_mt6878;pinctrl_mtk_v2;scp;smpu;tkcore_drv;uarthub_drv;vcp;wlan_drv_gen4m_6878;yft_gpio_keys,31,31,0,1,0,0,1,1,1,1
irq_set_affinity,0x135e366e,KERNEL_OR_BUILTIN,,0,arm_dsu_pmu;ufs_mediatek_mod,2,2,0,1,0,0,1,1,1,1
irq_set_chained_handler_and_data,0x60a51e14,KERNEL_OR_BUILTIN,,0,pinctrl_mtk_v2,1,1,0,1,0,0,1,1,1,1
irq_set_chip,0x734231cf,KERNEL_OR_BUILTIN,,0,mt6375;mt6375_auxadc;mt6375_battery;spmi_mtk_pmif,4,4,0,1,0,0,1,1,1,1
irq_set_chip_and_handler_name,0xce83d3b0,KERNEL_OR_BUILTIN,,0,mt6375;mtk_spmi_pmic;pinctrl_mtk_v2,3,3,0,1,0,0,1,1,1,1
irq_set_chip_data,0x20a789ac,KERNEL_OR_BUILTIN,,0,mt6375;mt6375_auxadc;mt6375_battery;mtk_spmi_pmic;pinctrl_mtk_v2;spmi_mtk_pmif,6,6,0,1,0,0,1,1,1,1
irq_set_irq_type,0x0bc477a2,KERNEL_OR_BUILTIN,,0,ccci_md_all;hynitron;mt6369_accdet;mtk_lpm;st21nfc;yft_gpio_keys,6,6,0,1,0,0,1,1,1,1
irq_set_irq_wake,0xce2840e7,KERNEL_OR_BUILTIN,,0,8250_mtk;adsp;bt_drv_6878;ccci_ccif;ccci_dpmaif;ccci_md_all;clk_common;focaltech_touch_spi_ft3680;gpueb;hci_uart;hynitron;microarray_fp_tee;mt6375;mt6375_auxadc;mt6375_battery;mtk_lpm_plat_v1;mtk_mmc;mtk_pmic_keys;mtk_scp_audiocommon;mtk_spmi_pmic;mtk_uart_apdma;rtc_mt6685;sc851x_charger;sc8571_charger;scp;snd_soc_audiodsp_common;snd_soc_mt6878_afe;spmi_mtk_pmif;st21nfc;vcp;wlan_drv_gen4m_6878;yft_gpio_keys,32,32,0,1,0,0,1,1,1,1
irq_set_irqchip_state,0xb88dbfce,KERNEL_OR_BUILTIN,,0,ccci_md_all,1,1,0,1,0,0,0,0,1,1
irq_set_parent,0xdc6596fa,KERNEL_OR_BUILTIN,,0,mt6375;mt6375_auxadc;mt6375_battery;spmi_mtk_pmif,4,4,0,1,0,0,1,1,1,1
irq_to_desc,0xf14251ad,KERNEL_OR_BUILTIN,,0,aee_hangdet;focaltech_touch_spi_ft3680;irq_dbg;mt6375_battery;mtk_lpm;mtk_lpm_plat_v1;ufs_mediatek_mod,7,7,0,1,0,0,1,1,1,1
irq_work_queue,0x879ace7c,KERNEL_OR_BUILTIN,,0,cpufreq_sugov_ext;scheduler,2,2,0,1,0,0,1,1,1,1
irq_work_queue_on,0x013705c6,KERNEL_OR_BUILTIN,,0,scheduler,1,1,0,1,0,0,0,0,1,1
irq_work_run,0x541bd60a,KERNEL_OR_BUILTIN,,0,met,1,1,0,1,0,0,1,1,1,1
irq_work_sync,0xf02b8396,KERNEL_OR_BUILTIN,,0,cpufreq_sugov_ext,1,1,0,1,0,0,1,1,1,1
is_adsp_genpool_addr_valid,0x82e34fd5,STOCK_MODULE,snd_soc_audiodsp_common,1,snd_soc_mtk_common,1,1,0,0,0,0,0,0,0,0
is_adsp_ready,0xd82032f9,STOCK_MODULE,adsp,1,audio_ipi;snd_soc_audiodsp_common,2,2,0,0,0,0,0,0,0,0
is_afe_need_triggered,0xb530b6bc,STOCK_MODULE,snd_soc_mtk_common,1,snd_soc_mt6878_afe,1,1,0,0,0,0,0,0,0,0
is_audio_scp_support,0x19621fd4,STOCK_MODULE,audio_ipi,1,snd_soc_mtk_common,1,1,0,0,0,0,0,0,0,0
is_audio_task_dsp_ready,0x25486d23,STOCK_MODULE,audio_ipi,1,snd_soc_audiodsp_common;snd_soc_mtk_common,2,2,0,0,0,0,0,0,0,0
is_dma_buf_file,0xc5ff7b09,KERNEL_OR_BUILTIN,,0,mtk_heap_debug,1,1,0,1,0,0,1,1,1,1
is_gearless_support,0x49ff5efa,STOCK_MODULE,cpufreq_sugov_ext,1,mtk_perf_common,1,1,0,0,0,0,0,0,0,0
is_md_sleep_info_valid,0x5f4506c2,STOCK_MODULE,mtk_lpm_dbg_common_v2,1,mtk_mbraink,1,1,0,0,0,0,0,0,0,0
is_mtk_mm_heap_dmabuf,0x827f89e7,STOCK_MODULE,system_heap,1,mtk_heap_debug,1,1,0,0,0,0,0,0,0,0
is_mtk_sec_heap_dmabuf,0x3253554f,STOCK_MODULE,mtk_sec_heap,1,mtk_disp_sec;mtk_heap_debug,2,2,0,0,0,0,0,0,0,0
is_sbb_trigger,0x002b53be,STOCK_MODULE,cpufreq_sugov_ext,1,scheduler,1,1,0,0,0,0,0,0,0,0
is_scp_ready,0x2aeafb62,STOCK_MODULE,scp,1,audio_ipi;connscp;mtk_scp_audiocommon;mtk_vow;snd_soc_mtk_scp_ultra,5,5,0,0,0,0,0,0,0,0
is_support_secure_handle,0x0ad41394,STOCK_MODULE,mtk_sec_heap,1,mali_kbase_mt6878_r44,1,1,0,0,0,0,0,0,0,0
is_suspending,0xccdd187e,STOCK_MODULE,vcp_status,1,vcp,1,1,0,0,0,0,0,0,0,0
is_system_heap_dmabuf,0x133d6814,STOCK_MODULE,system_heap,1,mtk_heap_debug,1,1,0,0,0,0,0,0,0,0
is_task_latency_sensitive,0xc14a4e16,STOCK_MODULE,scheduler,1,mtk_fpsgo,1,1,0,0,0,0,0,0,0,0
is_ultra_reserved_dram_addr_valid,0xd3e16baa,STOCK_MODULE,mtk_scp_ultra,1,snd_soc_mtk_common,1,1,0,0,0,0,0,0,0,0
is_valid_reg,0xc39b2362,STOCK_MODULE,clk_common,1,clk_chk_mt6878,1,1,0,0,0,0,0,0,0,0
is_vcp_ready,0x081656ab,STOCK_MODULE,vcp,1,mtk_vcodec_dec_v1;mtk_vcodec_enc_v1,2,2,0,0,0,0,0,0,0,0
is_vcp_ready_ex,0xe843752f,STOCK_MODULE,vcp_status,1,mmqos_common;mtk_cmdq_drv_ext;mtk_mmdvfs_v3,3,3,0,0,0,0,0,0,0,0
is_vcp_suspending_ex,0x101529b7,STOCK_MODULE,vcp_status,1,mmqos_common;mtk_mmdvfs_v3,2,2,0,0,0,0,0,0,0,0
is_vmalloc_addr,0xc31db0ce,KERNEL_OR_BUILTIN,,0,apusys;ccci_dpmaif;i2c_mt65xx;spi_mt65xx;wlan_drv_gen4m_6878;xhci_mtk_hcd_v2,6,6,0,1,0,0,1,1,1,1
is_wl_support,0x334c0c6c,STOCK_MODULE,cpufreq_sugov_ext,1,mtk_perf_common;scheduler,2,2,0,0,0,0,0,0,0,0
is_yft_cts_board,0xad70697b,STOCK_MODULE,yft_devinfo,1,aw36518;imgsensor,2,2,0,0,0,0,0,0,0,0
iterate_dir,0x2803b5e8,KERNEL_OR_BUILTIN,,0,hbt,1,1,0,1,0,0,1,1,1,1
iterate_fd,0x3204fe7a,KERNEL_OR_BUILTIN,,0,mtk_heap_debug,1,1,0,1,0,0,1,1,1,1
jiffies,0x15ba50a6,KERNEL_OR_BUILTIN,,0,aee_aed;aee_hangdet;apusys;ax88179_178a;bluetooth;c2k_usb;can;ccci_ccif;ccci_dpmaif;ccmni;cfg80211;cmdq_sec_drv;cmdq_test;conninfra;cpufreq_sugov_ext;drm_display_helper;fmradio_drv_connac2x;focaltech_touch_spi_ft3680;gps_drv_dl_v051;hci_uart;hidp;l2tp_core;mac80211;mac802154;mali_kbase_mt6878_r44;mcupm;mddp;mediatek_drm;mmqos_common;mt6369_accdet;mtk_c2ps;mtk_cam_isp7sp;mtk_cg_peak_power_throttling;mtk_cm_mgr_mt6878;mtk_cmdq_drv_ext;mtk_dpc;mtk_dynamic_loading_throttling;mtk_iommu;mtk_low_battery_throttling;mtk_lpm_dbg_common_v2;mtk_mmc;mtk_pmic_wrap;mtk_scpsys;mtk_swpm_dbg_v6878;mtk_u_ether;mtk_usb_f_rndis;mtk_vcodec_common;mtk_vcodec_dec_v1;mtk_vcodec_enc_v1;mtk_vcu;nfc;pd_dbg_info;pda_drv_mt6878;ppp_generic;r8152;rfcomm;rtc_mt6685;rtl8150;sapu;scheduler;scp;sensorhub;slcan;spmi_mtk_mpu;sspm_v3;tcpc_class;tipc;ufs_mediatek_mod;usbnet;usbserial;vcp;wlan_drv_gen4m_6878;xhci_mtk_hcd_v2;zram,74,75,0,1,0,0,1,1,1,1
jiffies_64_to_clock_t,0xb1ddf995,KERNEL_OR_BUILTIN,,0,met,1,1,0,1,0,0,1,1,1,1
jiffies_to_msecs,0x37befc70,KERNEL_OR_BUILTIN,,0,bluetooth;ccci_md_all;ccmni;cdc_acm;cfg80211;conninfra;fmradio_drv_connac2x;focaltech_touch_spi_ft3680;hci_uart;l2tp_ppp;mac80211;mali_kbase_mt6878_r44;mmqos_common;mt6369_accdet;mtk_lpm_dbg_common_v2;mtk_scpsys;mtk_vcodec_dec_v1;mtk_vcodec_enc_v1;mtk_vcu;mtk_vow;rtc_mt6685;sapu;tipc;usbserial;wlan_drv_gen4m_6878,25,26,0,1,0,0,1,1,1,1
jiffies_to_usecs,0x7f24de73,KERNEL_OR_BUILTIN,,0,mtk_pmic_wrap;mtk_vcodec_dec_v1;tcpc_class;tipc,4,4,0,1,0,0,1,1,1,1
kasan_flag_enabled,0xa6f6226c,KERNEL_OR_BUILTIN,,0,ccci_dpmaif;cfg80211;drm_dma_helper;mali_dmabuf_test_mt6878_r44;mali_kbase_mt6878_r44;mali_mgm_mt6878_r44;monitor_hang;mtk_mml;mtk_sec_heap;mtk_u_ether;r8152;system_heap;tmem_ffa;ufs_mediatek_mod;zram;zsmalloc,16,16,0,1,1,0,1,1,1,1
kasprintf,0xfb384d37,KERNEL_OR_BUILTIN,,0,mediatek_drm;mtk_charger_algorithm_class;mtk_icc_core;system_heap;usb_meta,5,5,0,1,0,0,1,1,1,1
kernel_accept,0x0e131c4a,KERNEL_OR_BUILTIN,,0,rfcomm;tipc,2,2,0,1,0,0,0,0,1,1
kernel_bind,0xf28ec505,KERNEL_OR_BUILTIN,,0,l2tp_core;rfcomm,2,2,0,1,0,0,0,0,1,1
kernel_connect,0x6f9153a5,KERNEL_OR_BUILTIN,,0,l2tp_core;rfcomm,2,2,0,1,0,0,0,0,1,1
kernel_cpustat,0xc54f8db6,KERNEL_OR_BUILTIN,,0,blocktag;met,2,2,0,1,0,0,1,1,1,1
kernel_kobj,0x4ba41360,KERNEL_OR_BUILTIN,,0,apusys;ccci_md_all;ccci_util_lib;charger_cooling;clkbuf;frs;ged;kheaders;mrdump;mtk_c2ps;mtk_cm_mgr;mtk_dvfsrc_helper;mtk_fpsgo;mtk_ssc;thermal_interface;thermal_trace,16,16,0,1,0,0,1,1,1,1
kernel_listen,0x564aa2e8,KERNEL_OR_BUILTIN,,0,rfcomm;tipc,2,2,0,1,0,0,0,0,1,1
kernel_param_lock,0x0998aacd,KERNEL_OR_BUILTIN,,0,mac80211,1,1,0,1,0,0,0,0,1,1
kernel_param_unlock,0x323ac5fd,KERNEL_OR_BUILTIN,,0,mac80211,1,1,0,1,0,0,0,0,1,1
kernel_power_off,0xf184d189,KERNEL_OR_BUILTIN,,0,mt6375_battery;mtk_charger_framework;mtk_low_battery_throttling,3,3,0,1,0,0,1,1,1,1
kernel_restart,0x1e7bbcb3,KERNEL_OR_BUILTIN,,0,rtc_mt6685,1,1,0,1,0,0,1,1,1,1
kernel_sendmsg,0xb240b296,KERNEL_OR_BUILTIN,,0,hidp;rfcomm;tipc,3,3,0,1,0,0,0,0,1,1
kernel_sigaction,0xc0374d9c,KERNEL_OR_BUILTIN,,0,apusys;mddp,2,2,0,1,0,0,1,1,1,1
kernel_sock_shutdown,0xbb70ed39,KERNEL_OR_BUILTIN,,0,l2tp_core;tipc,2,2,0,1,0,0,0,0,1,1
kernfs_find_and_get_ns,0xd98d9801,KERNEL_OR_BUILTIN,,0,leds_mtk,1,1,0,1,0,0,1,1,1,1
kernfs_notify,0xd295b501,KERNEL_OR_BUILTIN,,0,leds_mtk,1,1,0,1,0,0,1,1,1,1
kernfs_path_from_node,0x4c8e1979,KERNEL_OR_BUILTIN,,0,aee_hangdet;cpuqos_v3,2,2,0,1,0,0,1,1,1,1
kernfs_put,0x68fc7e58,KERNEL_OR_BUILTIN,,0,leds_mtk,1,1,0,1,0,0,1,1,1,1
key_create_or_update,0xfe1d2e94,KERNEL_OR_BUILTIN,,0,cfg80211,1,1,0,1,0,0,0,0,1,1
key_put,0x267f45e1,KERNEL_OR_BUILTIN,,0,cfg80211,1,1,0,1,0,0,0,0,1,1
keyring_alloc,0x6fd638fd,KERNEL_OR_BUILTIN,,0,cfg80211,1,1,0,1,0,0,0,0,1,1
kfree,0x037a0cba,KERNEL_OR_BUILTIN,,0,8021q;adapter_class;adsp;aee_aed;aee_hangdet;aee_rs;apu_top;apusys;aqc111;asix;atf_logger;aw883xx_driver;ax88179_178a;blocktag;bluetooth;bootprof;bsd_comp;bt_drv_6878;btbcm;btqca;c2k_usb;cache_parity;camera_af_media;camera_dpe_isp7sp;camera_eeprom_v4l2;can;can_bcm;can_raw;ccci_ccif;ccci_dpmaif;ccci_md_all;ccci_util_lib;ccd_rpmsg;ccmni;cdc_acm;cdc_ncm;cfg80211;charger_class;clk_common;cmdq_sec_drv;connadp;connfem;conninfra;connscp;cpufreq_sugov_ext;custom_ldo_wl2868;device_apc_common;drm_display_helper;drm_dma_helper;emi;emi_fake_eng;extcon_mtk_usb;extdev_io_class;ffa_v10;fhctl;flashlight;fmradio_drv_connac2x;focaltech_touch_spi_ft3680;ftdi_sio;ged;gps_drv_dl_v051;gps_pwr;gps_scp;gz_ipc_mod;gz_irq_mod;gz_log_mod;gz_main_mod;gz_tz_system;gz_virtio_mod;gzvm;hci_uart;hf_manager;hidp;hynitron;i2c_mt65xx;ieee802154;ieee802154_6lowpan;imgsensor;imgsensor_glue;iommu_debug;irq_dbg;kfifo_buf;l2tp_core;l2tp_ppp;leds_mtk;load_track;log_store;mac80211;mali_dmabuf_test_mt6878_r44;mali_kbase_mt6878_r44;mali_mgm_mt6878_r44;mcupm;md_cooling_all;mddp;mdp_drv_mt6878;mediatek_cpufreq_hw;mediatek_drm;mediatek_drm_gateic;mediatek_drm_panel_drv;met;microarray_fp_tee;mmprofile;monitor_hang;mrdump;mt6375_battery;mtk_aie;mtk_battery_oc_throttling;mtk_c2ps;mtk_cam_isp7sp;mtk_ccd_remoteproc;mtk_ccuv;mtk_cg_peak_power_throttling;mtk_charger_algorithm_class;mtk_cm_mgr;mtk_cmdq_drv_ext;mtk_composite;mtk_cpu_power_throttling;mtk_fpsgo;mtk_gpu_hal;mtk_gpu_power_throttling;mtk_gpufreq_mt6878;mtk_hcp;mtk_heap_debug;mtk_icc_core;mtk_imgsys_v4l2;mtk_ioctl_powerhal;mtk_iommu;mtk_jpeg;mtk_lpm;mtk_lpm_dbg_common_v2;mtk_lpm_dbg_mt6878;mtk_mbraink;mtk_md_power_throttling;mtk_mmdvfs_debug;mtk_mmdvfs_v3;mtk_mml;mtk_pbm;mtk_perf_common;mtk_perf_ioctl;mtk_perf_ioctl_magt;mtk_rpmsg_mbox;mtk_sec_heap;mtk_socinfo;mtk_swpm;mtk_swpm_dbg_v6878;mtk_sync;mtk_tinysys_ipi;mtk_u_ether;mtk_uart_apdma;mtk_usb_f_rndis;mtk_vcodec_common;mtk_vcodec_dec_v1;mtk_vcodec_enc_v1;mtk_vcu;mtu3;mux_switch;nfc;pd_dbg_info;pinctrl_mtk_v2;pmic_lbat_service;pmic_temp;powerhal_cpu_ctrl;ppp_deflate;ppp_generic;ppp_mppe;r8152;rfcomm;rfkill;rpmb;rpmb_mtk;rps_perf;rt4831a_drv;rt5133_regulator;rtl8150;scheduler;scp;sensorhub;slhc;snd_soc_audiodsp_common;snd_soc_mt6369;snd_soc_mt6878_afe;snd_soc_mtk_common;snd_soc_tfa98xx;soc_temp_lvts;spi_mt65xx;sspm_v3;st21nfc;system_heap;tcpc_class;thermal_interface;tipc;tkcore;tkcore_drv;tmem_ffa;touch_boost;ufs_mediatek_dbg;ufs_mediatek_mod;uload_ind;usb_boost;usb_meta;usb_offload;usbnet;usbserial;vcp;wlan_drv_gen4m_6878;wwan;xhci_mtk_hcd_v2;yft_devinfo;zram;zsmalloc,210,211,0,1,1,0,1,1,1,1
kfree_const,0xf474fdcb,KERNEL_OR_BUILTIN,,0,bluetooth;mtk_icc_core;reboot_mode,3,4,0,1,0,0,1,1,1,1
kfree_sensitive,0xd0760fc0,KERNEL_OR_BUILTIN,,0,bluetooth;camera_af_media;cfg80211;mac80211;mac802154;mtk_composite;ppp_mppe;tipc,8,9,0,1,0,0,1,1,1,1
kfree_skb_list_reason,0x441d50a3,KERNEL_OR_BUILTIN,,0,mac80211,1,1,0,1,0,0,0,0,1,1
kfree_skb_partial,0x84305e73,KERNEL_OR_BUILTIN,,0,ccci_dpmaif;tipc,2,2,0,1,0,0,0,0,1,1
kfree_skb_reason,0x234cc6c0,KERNEL_OR_BUILTIN,,0,asix;bluetooth;bt_drv_6878;btbcm;btqca;btsdio;can;can_bcm;can_dev;can_gw;can_raw;cfg80211;conninfra;frs;hci_uart;hidp;ieee802154;ieee802154_6lowpan;ieee802154_socket;l2tp_core;l2tp_ppp;mac80211;mac802154;mt6375_battery;mtk_mbraink;nfc;ppp_generic;pptp;rfcomm;slcan;thermal_interface;tipc;vcan;wlan_drv_gen4m_6878;wwan,35,36,0,1,0,0,0,0,1,1
kicker_pbm_by_flash,0x01a718fc,STOCK_MODULE,mtk_pbm,1,flashlight,1,1,0,0,0,0,0,0,0,0
kicker_pbm_by_md,0x37d20ffc,STOCK_MODULE,mtk_pbm,1,ccci_md_all,1,1,0,0,0,0,0,0,0,0
kicker_ppb_request_power,0xe025340d,STOCK_MODULE,mtk_peak_power_budget,1,apusys;flashlight;snd_soc_mt6878_afe,3,3,0,0,0,0,0,0,0,0
kimage_vaddr,0xb2ead97c,KERNEL_OR_BUILTIN,,0,mrdump,1,1,0,1,0,0,1,1,1,1
kimage_voffset,0xe4bbc1dd,KERNEL_OR_BUILTIN,,0,aee_hangdet;apusys;ccci_dpmaif;ccci_util_lib;cmdq_sec_drv;emi_fake_eng;ffa_v10;gz_log_mod;gz_main_mod;gz_virtio_mod;gzvm;log_store;mali_kbase_mt6878_r44;mediatek_drm;microarray_fp_tee;mmqos_common;mrdump;mtk_hcp;mtk_heap_debug;mtk_iommu;mtk_vcu;snd_soc_mtk_common;tkcore_drv,23,23,0,1,0,0,1,1,1,1
kmalloc_caches,0x0f15b38a,KERNEL_OR_BUILTIN,,0,8021q;adapter_class;adsp;aee_aed;aee_rs;apu_top;apusys;aqc111;asix;atf_logger;aw883xx_driver;ax88179_178a;blocktag;bluetooth;bootprof;bsd_comp;bt_drv_6878;btbcm;c2k_usb;cache_parity;camera_af_media;camera_dpe_isp7sp;camera_eeprom_v4l2;can;can_bcm;ccci_ccif;ccci_dpmaif;ccci_md_all;ccci_util_lib;ccd_rpmsg;ccmni;cdc_acm;cdc_ncm;cfg80211;charger_class;clk_common;cmdq_sec_drv;cmdq_test;connadp;conninfra;connscp;cpufreq_sugov_ext;custom_ldo_wl2868;drm_display_helper;drm_dma_helper;emi;extcon_mtk_usb;extdev_io_class;ffa_v10;fhctl;flashlight;fmradio_drv_connac2x;focaltech_touch_spi_ft3680;ftdi_sio;ged;gps_drv_dl_v051;gps_pwr;gps_scp;gz_ipc_mod;gz_irq_mod;gz_log_mod;gz_main_mod;gz_tz_system;gz_virtio_mod;gzvm;hci_uart;hf_manager;hynitron;ieee802154;imgsensor;imgsensor_glue;iommu_debug;irq_dbg;kfifo_buf;l2tp_core;leds_ln2403;leds_mtk;load_track;mac80211;mac802154;mali_dmabuf_test_mt6878_r44;mali_kbase_mt6878_r44;mali_mgm_mt6878_r44;mddp;mdp_drv_mt6878;mediatek_cpufreq_hw;mediatek_drm;mediatek_drm_panel_drv;met;microarray_fp_tee;mmprofile;mmqos_common;monitor_hang;mrdump;mt6375_battery;mtk_aie;mtk_battery_oc_throttling;mtk_c2ps;mtk_cam_isp7sp;mtk_ccd_remoteproc;mtk_charger_algorithm_class;mtk_cmdq_drv_ext;mtk_composite;mtk_cpu_power_throttling;mtk_fpsgo;mtk_gpu_hal;mtk_gpufreq_mt6878;mtk_hcp;mtk_heap_debug;mtk_icc_core;mtk_imgsys_v4l2;mtk_iommu;mtk_jpeg;mtk_lpm;mtk_lpm_dbg_common_v2;mtk_lpm_dbg_mt6878;mtk_mbraink;mtk_mmdvfs;mtk_mmdvfs_debug;mtk_mmdvfs_v3;mtk_mminfra_debug;mtk_mml;mtk_pbm;mtk_perf_common;mtk_perf_ioctl;mtk_rpmsg_mbox;mtk_sec_heap;mtk_socinfo;mtk_swpm;mtk_swpm_dbg_v6878;mtk_sync;mtk_u_ether;mtk_uart_apdma;mtk_usb_f_rndis;mtk_vcodec_common;mtk_vcodec_dec_v1;mtk_vcodec_enc_v1;mtk_vcu;mtu3;mux_switch;nfc;pmic_lbat_service;powerhal_cpu_ctrl;ppp_deflate;ppp_generic;ppp_mppe;r8152;rfcomm;rfkill;rpmb;rpmb_mtk;rtl8150;scheduler;sensorhub;slhc;snd_soc_audiodsp_common;snd_soc_mtk_common;snd_soc_tfa98xx;spi_mt65xx;spi_tiny_co5300_lcd;system_heap;task_turbo;tcpc_class;tipc;tkcore;tmem_ffa;touch_boost;ufs_mediatek_mod;uload_ind;usb_boost;usb_logger;usb_meta;usb_offload;usbnet;usbserial;vcp;wlan_drv_gen4m_6878;wwan;xhci_mtk_hcd_v2;yft_devinfo;yft_tiny2c_usb;zram;zsmalloc,183,184,0,1,1,0,1,1,1,1
kmalloc_large,0x9ed12e20,KERNEL_OR_BUILTIN,,0,aee_aed;aee_hangdet;apusys;blocktag;bt_drv_6878;camera_dpe_isp7sp;can;ccci_ccif;emi_fake_eng;fmradio_drv_connac2x;focaltech_touch_spi_ft3680;gz_log_mod;gz_main_mod;hidp;mac80211;mali_kbase_mt6878_r44;mediatek_drm;mediatek_drm_panel_drv;microarray_fp_tee;monitor_hang;mrdump;mtk_aie;mtk_ccuv;mtk_fpsgo;mtk_heap_debug;mtk_mmc_dbg;mtk_smi_dbg;mtk_vcu;pidmap;snd_soc_mt6369;snd_soc_mt6878_afe;snd_soc_mtk_common;snd_soc_tfa98xx;tipc;ufs_mediatek_dbg;wlan_drv_gen4m_6878,36,36,0,1,0,0,0,0,1,1
kmalloc_large_node,0x48d3fa27,KERNEL_OR_BUILTIN,,0,r8152,1,1,0,1,0,0,0,0,1,1
kmalloc_node_trace,0x76842b02,KERNEL_OR_BUILTIN,,0,r8152;xhci_mtk_hcd_v2,2,2,0,1,0,0,0,0,1,1
kmalloc_trace,0xb78e7543,KERNEL_OR_BUILTIN,,0,8021q;adapter_class;adsp;aee_aed;aee_rs;apu_top;apusys;aqc111;asix;atf_logger;aw883xx_driver;ax88179_178a;blocktag;bluetooth;bootprof;bsd_comp;bt_drv_6878;btbcm;c2k_usb;cache_parity;camera_af_media;camera_dpe_isp7sp;camera_eeprom_v4l2;can;can_bcm;ccci_ccif;ccci_dpmaif;ccci_md_all;ccci_util_lib;ccd_rpmsg;ccmni;cdc_acm;cdc_ncm;cfg80211;charger_class;clk_common;cmdq_sec_drv;cmdq_test;connadp;conninfra;connscp;cpufreq_sugov_ext;custom_ldo_wl2868;drm_display_helper;drm_dma_helper;emi;extcon_mtk_usb;extdev_io_class;ffa_v10;fhctl;flashlight;fmradio_drv_connac2x;focaltech_touch_spi_ft3680;ftdi_sio;ged;gps_drv_dl_v051;gps_pwr;gps_scp;gz_ipc_mod;gz_irq_mod;gz_log_mod;gz_main_mod;gz_tz_system;gz_virtio_mod;gzvm;hci_uart;hf_manager;hynitron;ieee802154;imgsensor;imgsensor_glue;iommu_debug;irq_dbg;kfifo_buf;l2tp_core;leds_ln2403;leds_mtk;load_track;mac80211;mac802154;mali_dmabuf_test_mt6878_r44;mali_kbase_mt6878_r44;mali_mgm_mt6878_r44;mddp;mdp_drv_mt6878;mediatek_cpufreq_hw;mediatek_drm;mediatek_drm_panel_drv;met;microarray_fp_tee;mmprofile;mmqos_common;monitor_hang;mrdump;mt6375_battery;mtk_aie;mtk_battery_oc_throttling;mtk_c2ps;mtk_cam_isp7sp;mtk_ccd_remoteproc;mtk_charger_algorithm_class;mtk_cmdq_drv_ext;mtk_composite;mtk_cpu_power_throttling;mtk_fpsgo;mtk_gpu_hal;mtk_gpufreq_mt6878;mtk_hcp;mtk_heap_debug;mtk_icc_core;mtk_imgsys_v4l2;mtk_iommu;mtk_jpeg;mtk_lpm;mtk_lpm_dbg_common_v2;mtk_lpm_dbg_mt6878;mtk_mbraink;mtk_mmdvfs;mtk_mmdvfs_debug;mtk_mmdvfs_v3;mtk_mminfra_debug;mtk_mml;mtk_pbm;mtk_perf_common;mtk_perf_ioctl;mtk_rpmsg_mbox;mtk_sec_heap;mtk_socinfo;mtk_swpm;mtk_swpm_dbg_v6878;mtk_sync;mtk_u_ether;mtk_uart_apdma;mtk_usb_f_rndis;mtk_vcodec_common;mtk_vcodec_dec_v1;mtk_vcodec_enc_v1;mtk_vcu;mtu3;mux_switch;nfc;pmic_lbat_service;powerhal_cpu_ctrl;ppp_deflate;ppp_generic;ppp_mppe;r8152;rfcomm;rfkill;rpmb;rpmb_mtk;rtl8150;scheduler;sensorhub;slhc;snd_soc_audiodsp_common;snd_soc_mtk_common;snd_soc_tfa98xx;spi_mt65xx;spi_tiny_co5300_lcd;system_heap;task_turbo;tcpc_class;tipc;tkcore;tmem_ffa;touch_boost;ufs_mediatek_mod;uload_ind;usb_boost;usb_logger;usb_meta;usb_offload;usbnet;usbserial;vcp;wlan_drv_gen4m_6878;wwan;xhci_mtk_hcd_v2;yft_devinfo;yft_tiny2c_usb;zram;zsmalloc,183,184,0,1,1,0,0,0,1,1
kmem_cache_alloc,0xb3bcc335,KERNEL_OR_BUILTIN,,0,can;can_gw;ged;mali_kbase_mt6878_r44;mddp;mtk_c2ps;mtk_fpsgo;snd_soc_tfa98xx;touch_boost;zsmalloc,10,10,0,1,1,0,1,1,1,1
kmem_cache_create,0xd7c35710,KERNEL_OR_BUILTIN,,0,can;can_gw;ged;mali_kbase_mt6878_r44;mddp;mtk_c2ps;mtk_fpsgo;snd_soc_tfa98xx;touch_boost;zsmalloc,10,10,0,1,1,0,1,1,1,1
kmem_cache_destroy,0x8b61c569,KERNEL_OR_BUILTIN,,0,can;can_gw;ged;mali_kbase_mt6878_r44;mddp;mtk_c2ps;mtk_fpsgo;touch_boost;zsmalloc,9,9,0,1,1,0,1,1,1,1
kmem_cache_free,0x016d6ea7,KERNEL_OR_BUILTIN,,0,can;can_gw;ged;mddp;mtk_c2ps;mtk_fpsgo;snd_soc_tfa98xx;touch_boost;zsmalloc,9,9,0,1,1,0,1,1,1,1
kmemdup,0x66b4cc41,KERNEL_OR_BUILTIN,,0,aqc111;bluetooth;cfg80211;drm_display_helper;ieee802154_6lowpan;mac80211;nfc;r8152;tipc;usbnet,10,11,0,1,1,0,0,0,1,1
kobject_add,0xa3adbc43,KERNEL_OR_BUILTIN,,0,mtk_core_ctl,1,1,0,1,0,0,0,0,1,1
kobject_create_and_add,0x99e24762,KERNEL_OR_BUILTIN,,0,apusys;connadp;cpuqos_v3;ged;hynitron;mali_kbase_mt6878_r44;met;mtk_c2ps;mtk_cm_mgr;mtk_core_ctl;mtk_dcm;mtk_fpsgo;mtk_perf_common;mtk_ssc;scheduler,15,15,0,1,0,0,1,1,1,1
kobject_del,0xd56b3592,KERNEL_OR_BUILTIN,,0,apusys;mali_kbase_mt6878_r44;met;mtk_ssc,4,4,0,1,0,0,1,1,1,1
kobject_get,0xa25484d8,KERNEL_OR_BUILTIN,,0,connadp,1,1,0,1,0,0,0,0,1,1
kobject_init,0x423fe6bf,KERNEL_OR_BUILTIN,,0,mtk_core_ctl,1,1,0,1,0,0,0,0,1,1
kobject_init_and_add,0x463b3ed8,KERNEL_OR_BUILTIN,,0,ccci_md_all;ccci_util_lib;cpufreq_sugov_ext;mali_kbase_mt6878_r44,4,4,0,1,0,0,1,1,1,1
kobject_put,0x11e90cd4,KERNEL_OR_BUILTIN,,0,apusys;ccci_md_all;ccci_util_lib;connadp;cpufreq_sugov_ext;cpuqos_v3;ged;mali_kbase_mt6878_r44;met;mtk_c2ps;mtk_cm_mgr;mtk_core_ctl;mtk_fpsgo;mtk_perf_common;scheduler,15,15,0,1,0,0,1,1,1,1
kobject_uevent,0x5aac7c29,KERNEL_OR_BUILTIN,,0,adsp;connadp;cpuqos_v3;mtk_core_ctl;mtk_perf_common;rfkill;scheduler;snd_soc_audiodsp_common;uload_ind;wlan_drv_gen4m_6878,10,10,0,1,0,0,1,1,1,1
kobject_uevent_env,0x857f14bd,KERNEL_OR_BUILTIN,,0,cfg80211;connadp;mediatek_drm;mtk_charger_framework;uload_ind;usb_meta;wlan_drv_gen4m_6878,7,7,0,1,0,0,1,1,1,1
krealloc,0xc8dcc62a,KERNEL_OR_BUILTIN,,0,camera_dpe_isp7sp;cdc_acm;gz_main_mod;leds_mtk;mtk_icc_core;tkcore_drv,6,6,0,1,0,0,1,1,1,1
kstrdup,0x2d39b0a7,KERNEL_OR_BUILTIN,,0,adsp;mali_kbase_mt6878_r44;mediatek_drm;zsmalloc,4,4,0,1,0,0,1,1,1,1
kstrdup_const,0x365e7911,KERNEL_OR_BUILTIN,,0,mtk_icc_core;reboot_mode,2,2,0,1,0,0,1,1,1,1
kstrdup_quotable_cmdline,0xf182d52c,KERNEL_OR_BUILTIN,,0,mtk_mbraink,1,1,0,1,0,0,0,0,1,1
kstrndup,0x9eacf8a5,KERNEL_OR_BUILTIN,,0,apusys;btqca;mali_kbase_mt6878_r44;mtk_sec_heap;snd_soc_mt6369;snd_soc_mt6878_afe;snd_soc_mtk_common;system_heap,8,8,0,1,0,0,1,1,1,1
kstrtobool,0x124bad4d,KERNEL_OR_BUILTIN,,0,bluetooth;cdc_ncm;mtk_mmdvfs_v3;mtu3,4,5,0,1,0,0,1,1,1,1
kstrtobool_from_user,0x47df155f,KERNEL_OR_BUILTIN,,0,bluetooth;mali_kbase_mt6878_r44,2,3,0,1,0,0,1,1,1,1
kstrtoint,0x8c8569cb,KERNEL_OR_BUILTIN,,0,adsp;apu_top;apusys;aw883xx_driver;bt_drv_6878;cpuqos_v3;extcon_mtk_usb;flashlight;ged;mali_kbase_mt6878_r44;mddp;mdp_drv_mt6878;met;mmqos_common;mt6369_accdet;mt6375_battery;mtk_cam_isp7sp;mtk_cg_peak_power_throttling;mtk_charger_framework;mtk_fpsgo;mtk_gpu_qos;mtk_lpm_dbg_common_v2;mtk_mdpm;mtk_mmdvfs;mtk_mmdvfs_v3;mtk_mml;mtk_pbm;mtk_peak_power_budget;mtk_qos;mtk_scp_audiocommon;mtk_smi_dbg;mtu3;phy_mtk_xsphy;powerhal_cpu_ctrl;thermal_interface;touch_boost;usb_meta;wlan_drv_gen4m_6878;zram,39,39,0,1,0,0,1,1,1,1
kstrtoint_from_user,0x7e704a24,KERNEL_OR_BUILTIN,,0,mali_kbase_mt6878_r44;md_cooling_all;uload_ind,3,3,0,1,0,0,1,1,1,1
kstrtoll,0x3854774b,KERNEL_OR_BUILTIN,,0,bt_drv_6878;c2k_usb;conninfra;device_apc_common;ged;gps_drv_dl_v051;mtk_charger_framework;mtk_vcodec_common;st21nfc;teeperf;uarthub_drv;usb_boost;wlan_drv_gen4m_6878,13,13,0,1,0,0,1,1,1,1
kstrtou16,0x4af6ddf0,KERNEL_OR_BUILTIN,,0,wlan_drv_gen4m_6878;zram,2,2,0,1,0,0,1,1,1,1
kstrtou16_from_user,0x02d1793c,KERNEL_OR_BUILTIN,,0,xhci_mtk_hcd_v2,1,1,0,1,0,0,0,0,1,1
kstrtou8,0x6a6e05bf,KERNEL_OR_BUILTIN,,0,extdev_io_class;ftdi_sio;mtk_usb_f_rndis;tcpc_class;wlan_drv_gen4m_6878,5,5,0,1,0,0,1,1,1,1
kstrtouint,0x3b6c41ea,KERNEL_OR_BUILTIN,,0,adsp;aee_aed;apusys;aw883xx_driver;camera_eeprom_v4l2;ccci_dpmaif;conninfra;cpufreq_sugov_ext;flashlight;fmradio_drv_connac2x;ftdi_sio;ged;gpueb;imgsensor;mali_kbase_mt6878_r44;mcupm;mediatek_drm;met;mmqos_common;mt6375_battery;mtk_cam_isp7sp;mtk_charger_framework;mtk_cmdq_drv_ext;mtk_core_ctl;mtk_dvfsrc_helper;mtk_gpufreq_wrapper;mtk_lpm_dbg_common_v2;mtk_mmdvfs_v3;mtk_mminfra_debug;mtk_perf_common;mtk_scp_audiocommon;mtk_ssc_dbg_v2;mtk_swpm_cpu_dbg_v6878;mtk_swpm_dbg_common_v1;mtk_swpm_dbg_v6878;mtk_vow;mtu3;mux_switch;phy_mtk_xsphy;pinctrl_mtk_v2;pmic_lbat_service;scheduler;slcan;snd_soc_mt6369;sspm_v3;task_turbo;thermal_trace;ufs_mediatek_mod;usb_logger;vcp;wlan_drv_gen4m_6878,51,51,0,1,0,0,1,1,1,1
kstrtouint_from_user,0x19b76060,KERNEL_OR_BUILTIN,,0,mali_kbase_mt6878_r44;mediatek_drm,2,2,0,1,0,0,1,1,1,1
kstrtoul_from_user,0xf381d68f,KERNEL_OR_BUILTIN,,0,atf_logger;mali_kbase_mt6878_r44,2,2,0,1,0,0,1,1,1,1
kstrtoull,0x5c3c7387,KERNEL_OR_BUILTIN,,0,aee_aed;bt_drv_6878;cdc_ncm;clk_common;emi;extdev_io_class;leds_mtk;log_store;mali_kbase_mt6878_r44;mddp;mmprofile;mt6375_battery;mt6375_charger;mtk_cam_isp7sp;mtk_charger_framework;mtk_mmc_dbg;mtk_printk_ctrl;mtk_vmm_isp71_regulator;rfkill;snd_soc_mtk_common;spi_tiny_co5300_lcd;tcpc_class;thermal_trace;ufs_mediatek_dbg;ufs_mediatek_mod;usb_boost;wlan_drv_gen4m_6878;zram,28,28,0,1,0,0,1,1,1,1
kstrtoull_from_user,0xf159aa44,KERNEL_OR_BUILTIN,,0,mediatek_drm,1,1,0,1,0,0,1,1,1,1
ksys_sync_helper,0x55c76a23,KERNEL_OR_BUILTIN,,0,mtk_lpm,1,1,0,1,0,0,1,1,1,1
kthread_bind,0x3de7e7ce,KERNEL_OR_BUILTIN,,0,aee_aed;aee_hangdet;gz_trusty_mod;mtk_lpm_dbg_common_v2;tkcore_drv,5,5,0,1,0,0,1,1,1,1
kthread_bind_mask,0x34848ecd,KERNEL_OR_BUILTIN,,0,cpufreq_sugov_ext;mediatek_drm,2,2,0,1,0,0,1,1,1,1
kthread_cancel_work_sync,0x8e7b4939,KERNEL_OR_BUILTIN,,0,cpufreq_sugov_ext,1,1,0,1,0,0,1,1,1,1
kthread_create_on_node,0xb0f4ab9f,KERNEL_OR_BUILTIN,,0,aee_aed;aee_hangdet;apusys;audio_ipi;bt_drv_6878;ccci_dpmaif;ccci_md_all;cmdq_sec_drv;conninfra;connscp;cpufreq_sugov_ext;fmradio_drv_connac2x;ged;gps_drv_dl_v051;gz_main_mod;gz_trusty_mod;gz_tz_system;gz_virtio_mod;hidp;imgsensor;mali_kbase_mt6878_r44;mddp;mediatek_drm;met;mmqos_common;monitor_hang;mt6369_accdet;mt6375_battery;mtk_bp_thl;mtk_c2ps;mtk_cam_isp7sp;mtk_charger_framework;mtk_chg_type_det;mtk_cmdq_drv_ext;mtk_core_ctl;mtk_dpc;mtk_dynamic_loading_throttling;mtk_fpsgo;mtk_imgsys_cmdq;mtk_imgsys_v4l2;mtk_low_battery_throttling;mtk_lpm_dbg_common_v2;mtk_mmdvfs_debug;mtk_mmdvfs_v3;mtk_mmdvfs_v3_start;mtk_mml;mtk_pep50;mtk_smi;mtk_soc_offload_common;mtk_vcodec_dec_v1;mtk_vcodec_enc_v1;rfcomm;scheduler;sensorhub;snd_soc_mt6369;system_heap;tcpc_class;tkcore;tkcore_drv;touch_boost;wlan_drv_gen4m_6878;wmt_chrdev_wifi_connac2,62,62,0,1,0,0,1,1,1,1
kthread_create_worker,0x5697a553,KERNEL_OR_BUILTIN,,0,hf_manager;mali_mgm_mt6878_r44;mtk_mml,3,3,0,1,0,0,1,1,1,1
kthread_delayed_work_timer_fn,0xc1b48cc6,KERNEL_OR_BUILTIN,,0,imgsensor;mtk_cam_isp7sp,2,2,0,1,0,0,1,1,1,1
kthread_destroy_worker,0xa6e6acfb,KERNEL_OR_BUILTIN,,0,hf_manager;mali_mgm_mt6878_r44;mtk_mml,3,3,0,1,0,0,1,1,1,1
kthread_flush_work,0x2e45ff91,KERNEL_OR_BUILTIN,,0,hf_manager;mtk_mml,2,2,0,1,0,0,1,1,1,1
kthread_flush_worker,0x669f34e6,KERNEL_OR_BUILTIN,,0,cpufreq_sugov_ext;gz_trusty_mod;mtk_cam_isp7sp,3,3,0,1,0,0,1,1,1,1
kthread_queue_delayed_work,0xcada8247,KERNEL_OR_BUILTIN,,0,imgsensor;mtk_cam_isp7sp,2,2,0,1,0,0,1,1,1,1
kthread_queue_work,0xb438cecd,KERNEL_OR_BUILTIN,,0,cpufreq_sugov_ext;gz_trusty_mod;hf_manager;mali_mgm_mt6878_r44;mtk_cam_isp7sp;mtk_imgsys_cmdq;mtk_mml,7,7,0,1,0,0,1,1,1,1
kthread_should_stop,0xb3f7646e,KERNEL_OR_BUILTIN,,0,aee_hangdet;audio_ipi;bt_drv_6878;ccci_dpmaif;ccci_md_all;conninfra;connscp;ged;gps_drv_dl_v051;gz_trusty_mod;gz_virtio_mod;mali_kbase_mt6878_r44;mddp;mediatek_drm;met;mmqos_common;mtk_bp_thl;mtk_c2ps;mtk_chg_type_det;mtk_cmdq_drv_ext;mtk_core_ctl;mtk_dpc;mtk_dynamic_loading_throttling;mtk_fpsgo;mtk_imgsys_v4l2;mtk_low_battery_throttling;mtk_mmdvfs_debug;mtk_mml;mtk_pep50;mtk_soc_offload_common;mtk_vcodec_dec_v1;mtk_vcodec_enc_v1;rfcomm;scheduler;sensorhub;system_heap;tcpc_class;tkcore;tkcore_drv;touch_boost,40,40,0,1,0,0,1,1,1,1
kthread_stop,0x4fa9ae5c,KERNEL_OR_BUILTIN,,0,aee_hangdet;bt_drv_6878;ccci_dpmaif;conninfra;connscp;cpufreq_sugov_ext;ged;gps_drv_dl_v051;gz_trusty_mod;gz_virtio_mod;mali_kbase_mt6878_r44;mddp;mediatek_drm;met;mmqos_common;mtk_c2ps;mtk_cam_isp7sp;mtk_chg_type_det;mtk_fpsgo;mtk_imgsys_cmdq;mtk_imgsys_v4l2;mtk_low_battery_throttling;mtk_mmdvfs_debug;mtk_mml;mtk_pep50;rfcomm;sensorhub;tcpc_class;tkcore;tkcore_drv,30,30,0,1,0,0,1,1,1,1
kthread_worker_fn,0x955b0e2e,KERNEL_OR_BUILTIN,,0,cpufreq_sugov_ext;gz_trusty_mod;imgsensor;mtk_cam_isp7sp;mtk_imgsys_cmdq,5,5,0,1,0,0,1,1,1,1
ktime_get,0xb43f9365,KERNEL_OR_BUILTIN,,0,adsp;aee_hangdet;apu_top;apusys;can_bcm;clk_common;cqhci;drm_display_helper;fhctl;ged;gz_main_mod;i2c_mt65xx;imgsensor;load_track;mac80211;mali_kbase_mt6878_r44;mali_mgm_mt6878_r44;mdp_drv_mt6878;mediatek_cpufreq_hw;mediatek_drm;met;mt6375_adc;mt6375_auxadc;mtk_cam_isp7sp;mtk_charger_framework;mtk_cm_mgr_mt6878;mtk_cmdq_drv_ext;mtk_core_ctl;mtk_dpc;mtk_dvfsrc;mtk_fpsgo;mtk_iommu;mtk_mbraink;mtk_mmc;mtk_mmdvfs;mtk_perf_common;mtk_scp_audiocommon;mtk_scpsys;mtk_smi;mtk_soc_offload_common;mtk_spmi_pmic_adc;mtk_u_ether;mtk_uart_apdma;mtu3;nvmem_mt635x_efuse;phy_mtk_xsphy;scheduler;snd_soc_mt6878_afe;soc_temp_lvts;spi_mt65xx;spmi_mtk_pmif;tkcore_drv;ufs_mediatek_mod;xhci_mtk_hcd_v2,54,54,0,1,0,0,1,1,1,1
ktime_get_coarse_with_offset,0xbcc15e75,KERNEL_OR_BUILTIN,,0,cfg80211,1,1,0,1,0,0,0,0,1,1
ktime_get_mono_fast_ns,0x6ebe366f,KERNEL_OR_BUILTIN,,0,cdc_acm;hci_uart;mali_kbase_mt6878_r44;mtu3;r8152;ufs_mediatek_mod;usbnet;xhci_mtk_hcd_v2,8,8,0,1,0,0,1,1,1,1
ktime_get_raw,0x9714e0bb,KERNEL_OR_BUILTIN,,0,mali_kbase_mt6878_r44;scheduler,2,2,0,1,0,0,1,1,1,1
ktime_get_raw_ts64,0x1edb69d6,KERNEL_OR_BUILTIN,,0,mali_kbase_mt6878_r44,1,1,0,1,0,0,1,1,1,1
ktime_get_real_ts64,0x9ec6ca96,KERNEL_OR_BUILTIN,,0,aee_aed;aee_hangdet;bt_drv_6878;camera_eeprom_v4l2;ccci_dpmaif;ccci_md_all;ccci_util_lib;ccmni;conninfra;connscp;ged;imgsensor;mali_kbase_mt6878_r44;mddp;mdp_drv_mt6878;mediatek_drm;mtk_charger_framework;mtk_lpm_dbg_common_v2;mtk_lpm_plat_v1;mtk_mbraink;mtk_mml;mtk_vcodec_dec_v1;mtk_vcodec_enc_v1;sensorhub;tmem_ffa;uarthub_drv;wlan_drv_gen4m_6878,27,27,0,1,0,0,1,1,1,1
ktime_get_seconds,0xa9320d27,KERNEL_OR_BUILTIN,,0,mac80211;mtk_charger_framework,2,2,0,1,0,0,0,0,1,1
ktime_get_ts64,0x5e515be6,KERNEL_OR_BUILTIN,,0,apusys;bt_drv_6878;camera_dpe_isp7sp;ccci_md_all;ccci_util_lib;mediatek_drm;mtk_aie;mtk_btcvsd;mtk_imgsys_v4l2;mtk_mml;snd_soc_mt6878_afe;thermal_trace;usb_boost,13,13,0,1,0,0,1,1,1,1
ktime_get_with_offset,0xc4f0da12,KERNEL_OR_BUILTIN,,0,bluetooth;focaltech_touch_spi_ft3680;gps_drv_dl_v051;hf_manager;imgsensor;mac80211;mediatek_drm;mt6375_auxadc;mt6375_battery;mtk_aie;mtk_cam_isp7sp;mtk_charger_framework;mtk_imgsys_cmdq;mtk_imgsys_v4l2;mtk_mml;mtk_mml_mt6878;mtk_pep50;mtk_vcodec_dec_v1;mtk_vcodec_enc_v1;nfc;scheduler;scp;sensorhub;snd_soc_tfa98xx;spi_tiny_co5300_lcd;st21nfc;wlan_drv_gen4m_6878,27,28,0,1,0,0,1,1,1,1
kvasprintf_const,0x1632bc21,KERNEL_OR_BUILTIN,,0,bluetooth,1,2,0,1,0,0,0,0,1,1
kvfree,0x7aa1756e,KERNEL_OR_BUILTIN,,0,apusys;bluetooth;connadp;conninfra;gz_main_mod;mac80211;mali_dmabuf_test_mt6878_r44;mt6375_battery;mtk_cam_isp7sp;mtk_fpsgo;powerhal_cpu_ctrl;spi_tiny_co5300_lcd;touch_boost;wlan_drv_gen4m_6878,14,15,0,1,1,0,1,1,1,1
kvfree_call_rcu,0xbaf22757,KERNEL_OR_BUILTIN,,0,bluetooth;cfg80211;l2tp_core;mac80211;mac802154;mtk_vcodec_common;rps_perf;tipc;wlan_drv_gen4m_6878,9,10,0,1,0,0,1,1,1,1
kvmalloc_node,0x599fb41c,KERNEL_OR_BUILTIN,,0,apusys;bluetooth;gz_main_mod;mac80211;mali_dmabuf_test_mt6878_r44;mtk_cam_isp7sp,6,7,0,1,1,0,1,1,1,1
l2cap_conn_get,0xe4c0d4ae,STOCK_MODULE,bluetooth,1,hidp,1,1,0,0,0,0,0,0,0,0
l2cap_conn_put,0x611a22ca,STOCK_MODULE,bluetooth,1,hidp,1,1,0,0,0,0,0,0,0,0
l2cap_is_socket,0x31b3bf78,STOCK_MODULE,bluetooth,1,hidp,1,1,0,0,0,0,0,0,0,0
l2cap_register_user,0xd817a750,STOCK_MODULE,bluetooth,1,hidp,1,1,0,0,0,0,0,0,0,0
l2cap_unregister_user,0xb8a79e98,STOCK_MODULE,bluetooth,1,hidp,1,1,0,0,0,0,0,0,0,0
l2tp_session_create,0xa99e8f9e,STOCK_MODULE,l2tp_core,1,l2tp_ppp,1,1,0,0,0,0,0,0,0,0
l2tp_session_dec_refcount,0x044f87d8,STOCK_MODULE,l2tp_core,1,l2tp_ppp,1,1,0,0,0,0,0,0,0,0
l2tp_session_delete,0x329487cb,STOCK_MODULE,l2tp_core,1,l2tp_ppp,1,1,0,0,0,0,0,0,0,0
l2tp_session_get_nth,0xa334e0fd,STOCK_MODULE,l2tp_core,1,l2tp_ppp,1,1,0,0,0,0,0,0,0,0
l2tp_session_inc_refcount,0x1b7d2a94,STOCK_MODULE,l2tp_core,1,l2tp_ppp,1,1,0,0,0,0,0,0,0,0
l2tp_session_register,0x3e42889a,STOCK_MODULE,l2tp_core,1,l2tp_ppp,1,1,0,0,0,0,0,0,0,0
l2tp_session_set_header_len,0xd462b4a4,STOCK_MODULE,l2tp_core,1,l2tp_ppp,1,1,0,0,0,0,0,0,0,0
l2tp_tunnel_create,0x5699f3d2,STOCK_MODULE,l2tp_core,1,l2tp_ppp,1,1,0,0,0,0,0,0,0,0
l2tp_tunnel_dec_refcount,0xd559bd1d,STOCK_MODULE,l2tp_core,1,l2tp_ppp,1,1,0,0,0,0,0,0,0,0
l2tp_tunnel_delete,0x0e742a21,STOCK_MODULE,l2tp_core,1,l2tp_ppp,1,1,0,0,0,0,0,0,0,0
l2tp_tunnel_get,0xb94627a1,STOCK_MODULE,l2tp_core,1,l2tp_ppp,1,1,0,0,0,0,0,0,0,0
l2tp_tunnel_get_nth,0x2a196e15,STOCK_MODULE,l2tp_core,1,l2tp_ppp,1,1,0,0,0,0,0,0,0,0
l2tp_tunnel_get_session,0xb7d4c0d8,STOCK_MODULE,l2tp_core,1,l2tp_ppp,1,1,0,0,0,0,0,0,0,0
l2tp_tunnel_inc_refcount,0x3a672d09,STOCK_MODULE,l2tp_core,1,l2tp_ppp,1,1,0,0,0,0,0,0,0,0
l2tp_tunnel_register,0x2ef77e74,STOCK_MODULE,l2tp_core,1,l2tp_ppp,1,1,0,0,0,0,0,0,0,0
l2tp_udp_encap_recv,0x1167335b,STOCK_MODULE,l2tp_core,1,l2tp_ppp,1,1,0,0,0,0,0,0,0,0
l2tp_xmit_skb,0x9ddbf6c3,STOCK_MODULE,l2tp_core,1,l2tp_ppp,1,1,0,0,0,0,0,0,0,0
lbat_set_ppb_mode,0x2e6a3d66,STOCK_MODULE,mtk_low_battery_throttling,1,mtk_peak_power_budget,1,1,0,0,0,0,0,0,0,0
lbat_user_modify_thd_ext_locked,0x31fd0509,STOCK_MODULE,pmic_lbat_service,1,mtk_low_battery_throttling,1,1,0,0,0,0,0,0,0,0
lbat_user_register,0x2dd86642,STOCK_MODULE,pmic_lbat_service,1,mt6375_battery;wlan_drv_gen4m_6878,2,2,0,0,0,0,0,0,0,0
lbat_user_register_ext,0x3225e8d9,STOCK_MODULE,pmic_lbat_service,1,mtk_low_battery_throttling;mtk_md_power_throttling,2,2,0,0,0,0,0,0,0,0
lbat_user_set_debounce,0x79d1ae52,STOCK_MODULE,pmic_lbat_service,1,mt6375_battery,1,1,0,0,0,0,0,0,0,0
led_trigger_event,0xe51c410d,KERNEL_OR_BUILTIN,,0,rfkill,1,1,0,1,0,0,0,0,1,1
led_trigger_register,0xe34a9f03,KERNEL_OR_BUILTIN,,0,rfkill,1,1,0,1,0,0,0,0,1,1
led_trigger_unregister,0x386b978c,KERNEL_OR_BUILTIN,,0,rfkill,1,1,0,1,0,0,0,0,1,1
linkwatch_fire_event,0x2d9e0ed8,KERNEL_OR_BUILTIN,,0,8021q,1,1,0,1,0,0,0,0,1,1
list_sort,0xe091c977,KERNEL_OR_BUILTIN,,0,apu_top;apusys;iommu_debug;mtk_heap_debug;mtk_sec_heap;pmic_lbat_service;task_turbo;tipc;wlan_drv_gen4m_6878,9,9,0,1,0,0,1,1,1,1
lock_sock_nested,0x94a1d0ed,KERNEL_OR_BUILTIN,,0,bluetooth;can_bcm;can_raw;ieee802154_socket;l2tp_core;l2tp_ppp;nfc;pppox;pptp;rfcomm;tipc,11,12,0,1,0,0,0,0,1,1
log_md_sleep_info,0x3af92941,STOCK_MODULE,mtk_lpm_dbg_common_v2,1,mtk_lpm_dbg_mt6878,1,1,0,0,0,0,0,0,0,0
log_post_read_mmio,0x0c1a5ee3,KERNEL_OR_BUILTIN,,0,8250_mtk;adsp;aee_aed;aee_hangdet;apu_top;apusys;board_temp;bt_drv_6878;bus_parity;cache_parity;camera_dpe_isp7sp;ccci_ccif;ccci_dpmaif;ccci_md_all;clk_chk_mt6878;clk_common;clk_fmeter_mt6878;clk_mt6878;clkbuf;cmdq_test;conninfra;cpufreq_sugov_ext;cpuqos_v3;cqhci;dbg_error_flag;dbgtop_drm;device_apc_common;device_apc_mt6878;emi;emi_fake_eng;emi_mpu;fhctl;fmradio_drv_connac2x;gpueb;i2c_mt65xx;iommu_debug;last_bus;mali_kbase_mt6878_r44;mcupm;mdp_drv_mt6878;mediatek_cpufreq_hw;mediatek_drm;met;mmqos_common;mt6878_dcm;mtk_aie;mtk_cam_isp7sp;mtk_ccuv;mtk_cg_peak_power_throttling;mtk_cmdq_drv_ext;mtk_dpc;mtk_dramc;mtk_dvfsrc;mtk_dvfsrc_helper;mtk_gpu_qos;mtk_gpufreq_mt6878;mtk_gpufreq_wrapper;mtk_imgsys_cmdq;mtk_imgsys_isp7sp;mtk_imgsys_v4l2;mtk_iommu;mtk_ipesys_me;mtk_jpeg;mtk_mbox;mtk_mbox_mailbox;mtk_mmc;mtk_mmc_dbg;mtk_mmdvfs_debug;mtk_mmdvfs_v3;mtk_mminfra_debug;mtk_mminfra_imax;mtk_mml;mtk_peak_power_budget;mtk_pmic_wrap;mtk_qos;mtk_scpsys;mtk_smi;mtk_smi_dbg;mtk_swpm_dbg_v6878;mtk_uart_apdma;mtk_vcodec_common;mtk_vcodec_dec_v1;mtk_vcodec_enc_v1;mtk_vmm_spm;mtk_wdt;mtu3;pda_drv_mt6878;phy_mtk_ufs;phy_mtk_xsphy;pinctrl_mtk_v2;pwm_mtk_disp;scheduler;scp;smpu;soc_temp_lvts;spi_mt65xx;spmi_mtk_mpu;spmi_mtk_pmif;thermal_interface;thermal_trace;timer_mediatek;uarthub_drv;ufs_mediatek_mod;usb_offload;vcp;wlan_drv_gen4m_6878;xhci_mtk_hcd_v2,107,107,0,1,0,0,0,0,1,1
log_post_write_mmio,0xfa4d3c24,KERNEL_OR_BUILTIN,,0,8250_mtk;adsp;aee_aed;aee_hangdet;apu_top;apusys;bt_drv_6878;bus_parity;cache_parity;camera_dpe_isp7sp;ccci_ccif;ccci_dpmaif;ccci_fsm_scp;ccci_md_all;clk_common;clk_fmeter_mt6878;clk_mt6878;clkbuf;cmdq_test;conninfra;cpufreq_sugov_ext;cpuqos_v3;cqhci;dbgtop_drm;device_apc_common;emi;emi_fake_eng;emi_mpu;fhctl;fmradio_drv_connac2x;gps_drv_dl_v051;gpueb;i2c_mt65xx;last_bus;mali_kbase_mt6878_r44;mcupm;mdp_drv_mt6878;mediatek_cpufreq_hw;mediatek_drm;met;mmqos_common;mt6878_dcm;mtk_aie;mtk_cam_isp7sp;mtk_ccuv;mtk_cg_peak_power_throttling;mtk_cmdq_drv_ext;mtk_dpc;mtk_dvfsrc;mtk_dvfsrc_helper;mtk_gpufreq_mt6878;mtk_gpufreq_wrapper;mtk_imgsys_isp7sp;mtk_imgsys_v4l2;mtk_iommu;mtk_jpeg;mtk_mbox;mtk_mbox_mailbox;mtk_mmc;mtk_mmc_dbg;mtk_mmdvfs_v3;mtk_mminfra_debug;mtk_mminfra_imax;mtk_mml;mtk_peak_power_budget;mtk_pmic_wrap;mtk_qos;mtk_scpsys;mtk_smi;mtk_smi_dbg;mtk_swpm_dbg_v6878;mtk_uart_apdma;mtk_vcodec_common;mtk_vcodec_dec_v1;mtk_vcodec_enc_v1;mtk_vmm_spm;mtk_wdt;mtu3;phy_mtk_ufs;phy_mtk_xsphy;pinctrl_mtk_v2;pwm_mtk_disp;scheduler;scp;smpu;soc_temp_lvts;spi_mt65xx;spmi_mtk_mpu;spmi_mtk_pmif;sspm_v3;thermal_interface;timer_mediatek;uarthub_drv;ufs_mediatek_mod;usb_offload;vcp;wlan_drv_gen4m_6878;xhci_mtk_hcd_v2,98,98,0,1,0,0,0,0,1,1
log_read_mmio,0x6b722180,KERNEL_OR_BUILTIN,,0,8250_mtk;adsp;aee_aed;aee_hangdet;apu_top;apusys;board_temp;bt_drv_6878;bus_parity;cache_parity;camera_dpe_isp7sp;ccci_ccif;ccci_dpmaif;ccci_md_all;clk_chk_mt6878;clk_common;clk_fmeter_mt6878;clk_mt6878;clkbuf;cmdq_test;conninfra;cpufreq_sugov_ext;cpuqos_v3;cqhci;dbg_error_flag;dbgtop_drm;device_apc_common;device_apc_mt6878;emi;emi_fake_eng;emi_mpu;fhctl;fmradio_drv_connac2x;gpueb;i2c_mt65xx;iommu_debug;last_bus;mali_kbase_mt6878_r44;mcupm;mdp_drv_mt6878;mediatek_cpufreq_hw;mediatek_drm;met;mmqos_common;mt6878_dcm;mtk_aie;mtk_cam_isp7sp;mtk_ccuv;mtk_cg_peak_power_throttling;mtk_cmdq_drv_ext;mtk_dpc;mtk_dramc;mtk_dvfsrc;mtk_dvfsrc_helper;mtk_gpu_qos;mtk_gpufreq_mt6878;mtk_gpufreq_wrapper;mtk_imgsys_cmdq;mtk_imgsys_isp7sp;mtk_imgsys_v4l2;mtk_iommu;mtk_ipesys_me;mtk_jpeg;mtk_mbox;mtk_mbox_mailbox;mtk_mmc;mtk_mmc_dbg;mtk_mmdvfs_debug;mtk_mmdvfs_v3;mtk_mminfra_debug;mtk_mminfra_imax;mtk_mml;mtk_peak_power_budget;mtk_pmic_wrap;mtk_qos;mtk_scpsys;mtk_smi;mtk_smi_dbg;mtk_swpm_dbg_v6878;mtk_uart_apdma;mtk_vcodec_common;mtk_vcodec_dec_v1;mtk_vcodec_enc_v1;mtk_vmm_spm;mtk_wdt;mtu3;pda_drv_mt6878;phy_mtk_ufs;phy_mtk_xsphy;pinctrl_mtk_v2;pwm_mtk_disp;scheduler;scp;smpu;soc_temp_lvts;spi_mt65xx;spmi_mtk_mpu;spmi_mtk_pmif;thermal_interface;thermal_trace;timer_mediatek;uarthub_drv;ufs_mediatek_mod;usb_offload;vcp;wlan_drv_gen4m_6878;xhci_mtk_hcd_v2,107,107,0,1,0,0,0,0,1,1
log_write_mmio,0xc905402b,KERNEL_OR_BUILTIN,,0,8250_mtk;adsp;aee_aed;aee_hangdet;apu_top;apusys;bt_drv_6878;bus_parity;cache_parity;camera_dpe_isp7sp;ccci_ccif;ccci_dpmaif;ccci_fsm_scp;ccci_md_all;clk_common;clk_fmeter_mt6878;clk_mt6878;clkbuf;cmdq_test;conninfra;cpufreq_sugov_ext;cpuqos_v3;cqhci;dbgtop_drm;device_apc_common;emi;emi_fake_eng;emi_mpu;fhctl;fmradio_drv_connac2x;gps_drv_dl_v051;gpueb;i2c_mt65xx;last_bus;mali_kbase_mt6878_r44;mcupm;mdp_drv_mt6878;mediatek_cpufreq_hw;mediatek_drm;met;mmqos_common;mt6878_dcm;mtk_aie;mtk_cam_isp7sp;mtk_ccuv;mtk_cg_peak_power_throttling;mtk_cmdq_drv_ext;mtk_dpc;mtk_dvfsrc;mtk_dvfsrc_helper;mtk_gpufreq_mt6878;mtk_gpufreq_wrapper;mtk_imgsys_isp7sp;mtk_imgsys_v4l2;mtk_iommu;mtk_jpeg;mtk_mbox;mtk_mbox_mailbox;mtk_mmc;mtk_mmc_dbg;mtk_mmdvfs_v3;mtk_mminfra_debug;mtk_mminfra_imax;mtk_mml;mtk_peak_power_budget;mtk_pmic_wrap;mtk_qos;mtk_scpsys;mtk_smi;mtk_smi_dbg;mtk_swpm_dbg_v6878;mtk_uart_apdma;mtk_vcodec_common;mtk_vcodec_dec_v1;mtk_vcodec_enc_v1;mtk_vmm_spm;mtk_wdt;mtu3;phy_mtk_ufs;phy_mtk_xsphy;pinctrl_mtk_v2;pwm_mtk_disp;scheduler;scp;smpu;soc_temp_lvts;spi_mt65xx;spmi_mtk_mpu;spmi_mtk_pmif;sspm_v3;thermal_interface;timer_mediatek;uarthub_drv;ufs_mediatek_mod;usb_offload;vcp;wlan_drv_gen4m_6878;xhci_mtk_hcd_v2,98,98,0,1,0,0,0,0,1,1
loops_per_jiffy,0xba497f13,KERNEL_OR_BUILTIN,,0,snd_soc_mt6878_afe,1,1,0,1,0,0,1,1,1,1
lowpan_header_compress,0xad31bd5d,STOCK_MODULE,6lowpan,1,ieee802154_6lowpan,1,1,0,0,0,0,0,0,0,0
lowpan_header_decompress,0x8c56cba6,STOCK_MODULE,6lowpan,1,ieee802154_6lowpan,1,1,0,0,0,0,0,0,0,0
lowpan_nhc_add,0x9fd87e04,STOCK_MODULE,6lowpan,1,nhc_dest;nhc_fragment;nhc_hop;nhc_ipv6;nhc_mobility;nhc_routing;nhc_udp,7,7,0,0,0,0,0,0,0,0
lowpan_nhc_del,0xa20a9587,STOCK_MODULE,6lowpan,1,nhc_dest;nhc_fragment;nhc_hop;nhc_ipv6;nhc_mobility;nhc_routing;nhc_udp,7,7,0,0,0,0,0,0,0,0
lowpan_register_netdevice,0x9e24b052,STOCK_MODULE,6lowpan,1,ieee802154_6lowpan,1,1,0,0,0,0,0,0,0,0
lowpan_unregister_netdevice,0x71e189c1,STOCK_MODULE,6lowpan,1,ieee802154_6lowpan,1,1,0,0,0,0,0,0,0,0
lpm_dbg_plat_info_set,0x66922fa6,STOCK_MODULE,mtk_lpm_dbg_common_v2,1,mtk_lpm_dbg_mt6878,1,1,0,0,0,0,0,0,0,0
lpm_dbg_plat_ops_register,0x5e4aaffb,STOCK_MODULE,mtk_lpm_dbg_common_v2,1,mtk_lpm_dbg_mt6878,1,1,0,0,0,0,0,0,0,0
lpm_dbg_spm_rsc_req_check,0xaf78edf3,STOCK_MODULE,mtk_lpm_dbg_common_v2,1,mtk_lpm_dbg_mt6878,1,1,0,0,0,0,0,0,0,0
lpm_issuer_register,0xa6a6d090,STOCK_MODULE,mtk_lpm,1,mtk_lpm_dbg_common_v2,1,1,0,0,0,0,0,0,0,0
lpm_notifier_register,0x9b514203,STOCK_MODULE,mtk_lpm,1,mtk_lpm_dbg_common_v2,1,1,0,0,0,0,0,0,0,0
lpm_platform_trace_get,0x79b80d2c,STOCK_MODULE,mtk_lpm,1,mtk_lpm_dbg_common_v2,1,1,0,0,0,0,0,0,0,0
lpm_spm_base,0x42337187,STOCK_MODULE,mtk_lpm_dbg_common_v2,1,mtk_lpm_dbg_mt6878;mtk_mbraink,2,2,0,0,0,0,0,0,0,0
lpm_spm_fs_init,0xd819551c,STOCK_MODULE,mtk_lpm_dbg_common_v2,1,mtk_lpm_dbg_mt6878,1,1,0,0,0,0,0,0,0,0
lpm_suspend_registry,0xee638774,STOCK_MODULE,mtk_lpm,1,mtk_lpm_plat_v1,1,1,0,0,0,0,0,0,0,0
lpm_suspend_type_get,0x822c124d,STOCK_MODULE,mtk_lpm,1,mtk_lpm_dbg_common_v2;mtk_lpm_plat_v1,2,2,0,0,0,0,0,0,0,0
lpm_trace_event_deinit,0xe71f72e7,STOCK_MODULE,mtk_lpm_dbg_common_v2,1,mtk_lpm_dbg_mt6878,1,1,0,0,0,0,0,0,0,0
lpm_trace_event_init,0x86fa9be7,STOCK_MODULE,mtk_lpm_dbg_common_v2,1,mtk_lpm_dbg_mt6878,1,1,0,0,0,0,0,0,0,0
lvsys_register_notifier,0x64cde09e,STOCK_MODULE,pmic_lvsys_notify,1,mtk_low_battery_throttling,1,1,0,0,0,0,0,0,0,0
magt2fpsgo_notify_dep_list_fp,0xae5c65b7,STOCK_MODULE,mtk_perf_ioctl_magt,1,mtk_fpsgo,1,1,0,0,0,0,0,0,0,0
magt2fpsgo_notify_target_fps_fp,0x1d25fb52,STOCK_MODULE,mtk_perf_ioctl_magt,1,mtk_fpsgo,1,1,0,0,0,0,0,0,0,0
mas_find,0x9acf31c6,KERNEL_OR_BUILTIN,,0,monitor_hang;mtk_heap_debug,2,2,0,1,0,0,0,0,1,1
mbox_chan_received_data,0x9f686c56,KERNEL_OR_BUILTIN,,0,mtk_mbox_mailbox,1,1,0,1,0,0,1,1,1,1
mbox_client_txdone,0x02754ce4,KERNEL_OR_BUILTIN,,0,mtk_cmdq_drv_ext,1,1,0,1,0,0,1,1,1,1
mbox_controller_register,0x41de95fc,KERNEL_OR_BUILTIN,,0,cmdq_sec_drv;mtk_cmdq_drv_ext,2,2,0,1,0,0,1,1,1,1
mbox_controller_unregister,0x76ecfaad,KERNEL_OR_BUILTIN,,0,cmdq_sec_drv;mtk_cmdq_drv_ext,2,2,0,1,0,0,1,1,1,1
mbox_free_channel,0x0e412be4,KERNEL_OR_BUILTIN,,0,mtk_cmdq_drv_ext,1,1,0,1,0,0,1,1,1,1
mbox_request_channel,0x09f73d51,KERNEL_OR_BUILTIN,,0,mtk_cmdq_drv_ext,1,1,0,1,0,0,1,1,1,1
mbox_send_message,0xe45e4550,KERNEL_OR_BUILTIN,,0,mtk_cmdq_drv_ext,1,1,0,1,0,0,1,1,1,1
mcupm_reserve_mem_get_phys,0x2823696b,STOCK_MODULE,mcupm,1,met_mcupm_api,1,1,0,0,0,0,0,0,0,0
mcupm_reserve_mem_get_phys_symbol,0xd2dd163c,STOCK_MODULE,met,1,met_mcupm_api,1,1,0,0,0,0,0,0,0,0
mcupm_reserve_mem_get_size,0xafb63a66,STOCK_MODULE,mcupm,1,met_mcupm_api,1,1,0,0,0,0,0,0,0,0
mcupm_reserve_mem_get_size_symbol,0x467e78b5,STOCK_MODULE,met,1,met_mcupm_api,1,1,0,0,0,0,0,0,0,0
mcupm_reserve_mem_get_virt,0xbd44a046,STOCK_MODULE,mcupm,1,met_mcupm_api,1,1,0,0,0,0,0,0,0,0
mcupm_reserve_mem_get_virt_symbol,0xc730da4f,STOCK_MODULE,met,1,met_mcupm_api,1,1,0,0,0,0,0,0,0,0
md_fsm_exp_info,0x5d39d790,STOCK_MODULE,ccci_md_all,1,ccci_ccif,1,1,0,0,0,0,0,0,0,0
mddp_drv_attach,0x07a33d72,STOCK_MODULE,mddp,1,wlan_drv_gen4m_6878,1,1,0,0,0,0,0,0,0,0
mddp_drv_detach,0xc322cd97,STOCK_MODULE,mddp,1,wlan_drv_gen4m_6878,1,1,0,0,0,0,0,0,0,0
mdiobus_alloc_size,0xa8c549aa,KERNEL_OR_BUILTIN,,0,asix,1,1,0,1,0,0,1,1,1,1
mdiobus_free,0x3f19d564,KERNEL_OR_BUILTIN,,0,asix,1,1,0,1,0,0,1,1,1,1
mdiobus_get_phy,0x88535ab3,KERNEL_OR_BUILTIN,,0,asix,1,1,0,1,0,0,0,0,1,1
mdiobus_unregister,0x89879ae8,KERNEL_OR_BUILTIN,,0,asix,1,1,0,1,0,0,1,1,1,1
mdp_dpc_register,0x768f691e,STOCK_MODULE,mdp_drv_mt6878,1,mtk_dpc,1,1,0,0,0,0,0,0,0,0
mdp_funcs,0x9b73f7aa,STOCK_MODULE,cmdq_helper_inf,1,mdp_drv_mt6878,1,1,0,0,0,0,0,0,0,0
media_create_intf_link,0xd0376524,KERNEL_OR_BUILTIN,,0,mtk_imgsys_v4l2,1,1,0,1,0,0,1,1,1,1
media_create_pad_link,0xe704b727,KERNEL_OR_BUILTIN,,0,mtk_cam_isp7sp;mtk_imgsys_v4l2,2,2,0,1,0,0,1,1,1,1
media_device_cleanup,0x8ea982ec,KERNEL_OR_BUILTIN,,0,mtk_aie;mtk_cam_isp7sp;mtk_imgsys_v4l2,3,3,0,1,0,0,1,1,1,1
media_device_init,0x9a4b2751,KERNEL_OR_BUILTIN,,0,camera_af_media;mtk_aie;mtk_cam_isp7sp;mtk_composite;mtk_imgsys_v4l2,5,5,0,1,0,0,1,1,1,1
media_device_unregister,0x37bdb389,KERNEL_OR_BUILTIN,,0,camera_af_media;mtk_cam_isp7sp;mtk_composite;mtk_imgsys_v4l2,4,4,0,1,0,0,1,1,1,1
media_devnode_create,0x3840cadd,KERNEL_OR_BUILTIN,,0,mtk_imgsys_v4l2,1,1,0,1,0,0,1,1,1,1
media_devnode_remove,0x68238341,KERNEL_OR_BUILTIN,,0,mtk_imgsys_v4l2,1,1,0,1,0,0,1,1,1,1
media_entity_pads_init,0xd2c7eba4,KERNEL_OR_BUILTIN,,0,aw36515;aw36518;aw36518_v2;camera_af_media;dw9781c;imgsensor;main2_vcm;main3_vcm;main4_vcm;main_vcm;mtk_cam_isp7sp;mtk_composite;mtk_imgsys_v4l2;sub_vcm,14,14,0,1,0,0,1,1,1,1
media_entity_pipeline,0x370c8e16,KERNEL_OR_BUILTIN,,0,mtk_cam_isp7sp,1,1,0,1,0,0,0,0,1,1
media_entity_remove_links,0xc1c112de,KERNEL_OR_BUILTIN,,0,mtk_imgsys_v4l2,1,1,0,1,0,0,1,1,1,1
media_pad_remote_pad_first,0x13a7480d,KERNEL_OR_BUILTIN,,0,mtk_cam_isp7sp,1,1,0,1,0,0,0,0,1,1
media_pad_remote_pad_unique,0x0ebc9f21,KERNEL_OR_BUILTIN,,0,mtk_cam_isp7sp,1,1,0,1,0,0,0,0,1,1
media_pipeline_start,0xc27c4e2a,KERNEL_OR_BUILTIN,,0,mtk_cam_isp7sp;mtk_imgsys_v4l2,2,2,0,1,0,0,1,1,1,1
media_pipeline_stop,0x35bd124d,KERNEL_OR_BUILTIN,,0,mtk_cam_isp7sp;mtk_imgsys_v4l2,2,2,0,1,0,0,1,1,1,1
media_request_object_complete,0xc1aaf506,KERNEL_OR_BUILTIN,,0,mtk_cam_isp7sp,1,1,0,1,0,0,1,1,1,1
media_request_put,0x03c9e25c,KERNEL_OR_BUILTIN,,0,mtk_cam_isp7sp;mtk_imgsys_v4l2,2,2,0,1,0,0,1,1,1,1
mem_section,0xa3521253,KERNEL_OR_BUILTIN,,0,mmprofile,1,1,0,1,0,0,1,1,1,1
memblock_end_of_DRAM,0x4c894766,KERNEL_OR_BUILTIN,,0,blocktag,1,1,0,1,0,0,1,1,1,1
memchr,0xa07a37f0,KERNEL_OR_BUILTIN,,0,hbt;mali_kbase_mt6878_r44;tipc,3,3,0,1,0,0,1,1,1,1
memchr_inv,0x8df92f66,KERNEL_OR_BUILTIN,,0,drm_display_helper,1,1,0,1,0,0,0,0,1,1
memcmp,0x449ad0a7,KERNEL_OR_BUILTIN,,0,cfg80211;conninfra;wlan_drv_gen4m_6878,3,3,0,1,0,0,1,1,1,1
memcpy,0x4829a47e,KERNEL_OR_BUILTIN,,0,6lowpan;8021q;8250_mtk;adsp;aee_aed;apu_top;apusys;aqc111;asix;audio_ipi;aw883xx_driver;ax88179_178a;blocktag;bluetooth;bootprof;bt_drv_6878;btqca;c2k_usb;camera_dpe_isp7sp;camera_eeprom_v4l2;can_bcm;can_gw;can_raw;ccci_dpmaif;ccci_md_all;ccci_util_lib;ccd_rpmsg;cdc_acm;cdc_ncm;cfg80211;cmdq_sec_drv;connadp;connfem;conninfra;connscp;cpufreq_sugov_ext;cqhci;drm_display_helper;emi_mpu;extdev_io_class;ffa_v10;flashlight;fmradio_drv_connac2x;focaltech_touch_spi_ft3680;fpsgo;frs;ged;gps_drv_dl_v051;gps_scp;gz_ipc_mod;gz_tz_system;gz_virtio_mod;hbt;hci_uart;hf_manager;hidp;hynitron;i2c_mt65xx;ieee802154;ieee802154_6lowpan;imgsensor;iommu_debug;kheaders;l2tp_core;mac80211;mac802154;mali_kbase_mt6878_r44;mddp;mdp_drv_mt6878;mediatek_cpufreq_hw;mediatek_drm;mediatek_drm_panel_drv;met;mmprofile;mmqos_common;monitor_hang;mrdump;mt6369_accdet;mt6375_battery;mt6375_charger;mtk_aie;mtk_btcvsd;mtk_c2ps;mtk_cam_isp7sp;mtk_ccuv;mtk_charger_framework;mtk_cmdq_drv_ext;mtk_core_ctl;mtk_dpc;mtk_fpsgo;mtk_gpufreq_mt6878;mtk_hcp;mtk_heap_debug;mtk_imgsys_cmdq;mtk_imgsys_isp7sp;mtk_imgsys_v4l2;mtk_lpm;mtk_lpm_dbg_common_v2;mtk_lpm_dbg_mt6878;mtk_mbraink;mtk_mdpm;mtk_mml;mtk_peak_power_budget;mtk_pep50;mtk_rpmsg_mbox;mtk_smi_dbg;mtk_ssc;mtk_swpm_dbg_v6878;mtk_sync;mtk_u_ether;mtk_uart_apdma;mtk_usb_f_rndis;mtk_vcodec_common;mtk_vcodec_dec_v1;mtk_vcodec_enc_v1;mtk_vcu;mtk_vow;mtu3;nfc;nvmem_mtk_devinfo;pinctrl_mtk_v2;powerhal_cpu_ctrl;ppp_mppe;r8152;rfcomm;rpmb_mtk;rt5133_regulator;sc851x_charger;sc8571_charger;scheduler;scp;sensorhub;sh366003_fg;slhc;smpu;snd_soc_audiodsp_common;snd_soc_mt6369;snd_soc_mt6878_afe;snd_soc_mtk_common;snd_soc_mtk_scp_ultra;snd_soc_tfa98xx;spi_mt65xx;spi_tiny_co5300_lcd;spmi_mtk_pmif;task_turbo;tcpc_class;tcpc_mt6375;thermal_interface;tipc;tkcore;trace_mmstat;uarthub_drv;ufs_mediatek_mod;usb_meta;usb_offload;usbnet;usbserial;vcp;wlan_drv_gen4m_6878;xhci_mtk_hcd_v2;yft_devinfo;yft_tpd_gesture;zram;zsmalloc,164,165,0,1,1,0,1,1,1,1
memcpy_and_pad,0x697ed5f0,KERNEL_OR_BUILTIN,,0,bluetooth,1,2,0,0,0,0,0,0,0,0
memdup_user,0x5dc263fd,KERNEL_OR_BUILTIN,,0,custom_ldo_wl2868;hidp;mali_kbase_mt6878_r44;st21nfc,4,4,0,1,0,0,1,1,1,1
memmove,0x5a9f1d63,KERNEL_OR_BUILTIN,,0,asix;cdc_eem;mac80211;mali_kbase_mt6878_r44;mtk_fpsgo;mtk_mml;mtk_vow;slhc;wlan_drv_gen4m_6878,9,9,0,1,1,0,1,1,1,1
memory_read_from_buffer,0x65e0d6d7,KERNEL_OR_BUILTIN,,0,emi;mediatek_drm;rpmb,3,3,0,1,0,0,1,1,1,1
memparse,0x27864d57,KERNEL_OR_BUILTIN,,0,zram,1,1,0,1,0,0,1,1,1,1
memremap,0x4d924f20,KERNEL_OR_BUILTIN,,0,apusys;atf_logger;gz_log_mod;mrdump,4,4,0,1,0,0,1,1,1,1
memscan,0xf812cff6,KERNEL_OR_BUILTIN,,0,hidp,1,1,0,1,0,0,0,0,1,1
memset,0xdcb764ad,KERNEL_OR_BUILTIN,,0,8250_mtk;adsp;aee_aed;aee_hangdet;aee_rs;apu_top;apusys;aqc111;audio_ipi;aw883xx_driver;blocktag;bluetooth;bootprof;bt_drv_6878;camera_dpe_isp7sp;camera_eeprom_v4l2;can_bcm;can_dev;can_gw;can_raw;ccci_ccif;ccci_dpmaif;ccci_md_all;ccci_util_lib;ccmni;cdc_ncm;cfg80211;clk_common;cmdq_sec_drv;cmdq_test;connfem;conninfra;connscp;cpudvfs;cpufreq_sugov_ext;cqhci;device_apc_common;drm_display_helper;dw9781c;emi_mpu;extdev_io_class;ffa_v10;fhctl;flashlight;fmradio_drv_connac2x;focaltech_touch_spi_ft3680;frs;ged;gps_drv_dl_v051;gps_scp;gz_main_mod;gz_trusty_mod;gz_tz_system;gz_virtio_mod;gzvm;hbt;hci_uart;hynitron;ieee802154_socket;imgsensor;iommu_debug;l2tp_core;l2tp_ppp;last_bus;lpm_gov_MHSP;mac80211;mac802154;main2_vcm;main3_vcm;main4_vcm;main_vcm;mali_dmabuf_test_mt6878_r44;mali_kbase_mt6878_r44;mcupm;md_cooling_all;mddp;mdp_drv_mt6878;mediatek_drm;mediatek_drm_panel_drv;met;microarray_fp_tee;mmprofile;monitor_hang;mrdump;mt6375_battery;mt6375_charger;mt6878_mt6369;mtk_aie;mtk_battery_oc_throttling;mtk_btcvsd;mtk_c2ps;mtk_cam_isp7sp;mtk_ccd_remoteproc;mtk_ccuv;mtk_cmdq_drv_ext;mtk_core_ctl;mtk_dpc;mtk_dramc;mtk_fpsgo;mtk_gpufreq_mt6878;mtk_gpufreq_wrapper;mtk_hcp;mtk_heap_debug;mtk_imgsys_cmdq;mtk_imgsys_v4l2;mtk_irtx_pwm;mtk_lpm;mtk_lpm_dbg_common_v2;mtk_lpm_dbg_mt6878;mtk_lpm_plat_v1;mtk_mbraink;mtk_mdpm;mtk_mmc;mtk_mmc_dbg;mtk_mml;mtk_pd_adapter;mtk_pd_charging;mtk_peak_power_budget;mtk_pep40;mtk_perf_common;mtk_perf_ioctl;mtk_perf_ioctl_magt;mtk_scp_audiocommon;mtk_sec_heap;mtk_smi_dbg;mtk_soc_offload_common;mtk_ssc;mtk_swpm;mtk_uart_apdma;mtk_vcodec_common;mtk_vcodec_dec_v1;mtk_vcodec_enc_v1;mtk_vcu;mtk_vow;nfc;pda_drv_mt6878;pidmap;powerhal_cpu_ctrl;ppp_generic;r8152;rfcomm;rpmb;rpmb_mtk;sapu;sc851x_charger;sc8571_charger;scheduler;scp;sec;sec_rng;sensorhub;smpu;snd_soc_audiodsp_common;snd_soc_mt6369;snd_soc_mtk_common;snd_soc_mtk_scp_ultra;snd_soc_tfa98xx;soc_temp_lvts;spi_mt65xx;spi_tiny_co5300_lcd;st21nfc;sub_vcm;system_heap;task_turbo;tcpc_class;teeperf;thermal_interface;thermal_trace;tipc;tkcore;tkcore_drv;tmem_ffa;touch_boost;uarthub_drv;ufs_mediatek_mod;uload_ind;usb_logger;usb_meta;usb_offload;vcp;widevine_driver;wlan_drv_gen4m_6878;wmt_chrdev_wifi_connac2;wwan;xhci_mtk_hcd_v2;yft_tpd_gesture,186,187,0,1,1,0,1,1,1,1
memset64,0xed8a2d95,KERNEL_OR_BUILTIN,,0,zram,1,1,0,1,0,0,1,1,1,1
memstart_addr,0x9688de8b,KERNEL_OR_BUILTIN,,0,aee_hangdet;apusys;blocktag;ccci_dpmaif;ccci_util_lib;cmdq_sec_drv;emi_fake_eng;ffa_v10;gz_ipc_mod;gz_log_mod;gz_main_mod;gz_virtio_mod;gzvm;iommu_debug;log_store;mali_dmabuf_test_mt6878_r44;mali_kbase_mt6878_r44;mali_mgm_mt6878_r44;mediatek_drm;microarray_fp_tee;mmprofile;mmqos_common;mrdump;mtk_cmdq_drv_ext;mtk_hcp;mtk_heap_debug;mtk_iommu;mtk_sec_heap;mtk_vcodec_dec_v1;mtk_vcodec_enc_v1;mtk_vcu;snd_soc_mtk_common;system_heap;tkcore;tkcore_drv;tmem_ffa;zsmalloc,37,37,0,1,0,0,1,1,1,1
memunmap,0x9e9fdd9d,KERNEL_OR_BUILTIN,,0,atf_logger;gz_log_mod,2,2,0,1,0,0,1,1,1,1
met_backlight_api_ready,0xfa02bc74,STOCK_MODULE,met,1,met_backlight_api,1,1,0,0,0,0,0,0,0,0
met_deregister,0xeecbe0a6,STOCK_MODULE,met,1,met_emi_api;met_scmi_api;met_sspm_api,3,3,0,0,0,0,0,0,0,0
met_emi_api_ready,0x2422b546,STOCK_MODULE,met,1,met_emi_api,1,1,0,0,0,0,0,0,0,0
met_gpu_adv_api_ready,0x2c5fa553,STOCK_MODULE,met,1,met_gpu_adv_api,1,1,0,0,0,0,0,0,0,0
met_gpu_api_ready,0x3f751732,STOCK_MODULE,met,1,met_gpu_api,1,1,0,0,0,0,0,0,0,0
met_gpueb_api_ready,0x8c74e5ad,STOCK_MODULE,met,1,met_gpueb_api,1,1,0,0,0,0,0,0,0,0
met_gpueb_log_init,0x83d036b9,STOCK_MODULE,met,1,met_gpueb_api;met_ipi_api,2,2,0,0,0,0,0,0,0,0
met_gpueb_log_uninit,0x599eadd5,STOCK_MODULE,met,1,met_gpueb_api;met_ipi_api,2,2,0,0,0,0,0,0,0,0
met_ipi_api_ready,0xfdfce2cf,STOCK_MODULE,met,1,met_ipi_api,1,1,0,0,0,0,0,0,0,0
met_mcupm_api_ready,0xf664200f,STOCK_MODULE,met,1,met_mcupm_api,1,1,0,0,0,0,0,0,0,0
met_mcupm_log_init,0x45299c91,STOCK_MODULE,met,1,met_ipi_api;met_mcupm_api,2,2,0,0,0,0,0,0,0,0
met_mcupm_log_uninit,0x32c08f70,STOCK_MODULE,met,1,met_ipi_api;met_mcupm_api,2,2,0,0,0,0,0,0,0,0
met_ondiemet_attr_init_gpueb,0x608ebfe3,STOCK_MODULE,met,1,met_gpueb_api;met_ipi_api,2,2,0,0,0,0,0,0,0,0
met_ondiemet_attr_init_mcupm,0x1a11b568,STOCK_MODULE,met,1,met_ipi_api;met_mcupm_api,2,2,0,0,0,0,0,0,0,0
met_ondiemet_attr_init_sspm,0xe5e6e517,STOCK_MODULE,met,1,met_scmi_api;met_sspm_api,2,2,0,0,0,0,0,0,0,0
met_ondiemet_attr_uninit_gpueb,0x44fe2b03,STOCK_MODULE,met,1,met_gpueb_api;met_ipi_api,2,2,0,0,0,0,0,0,0,0
met_ondiemet_attr_uninit_mcupm,0x3e612188,STOCK_MODULE,met,1,met_ipi_api;met_mcupm_api,2,2,0,0,0,0,0,0,0,0
met_ondiemet_attr_uninit_sspm,0x21d1a3e4,STOCK_MODULE,met,1,met_scmi_api;met_sspm_api,2,2,0,0,0,0,0,0,0,0
met_register,0xaff8b2ff,STOCK_MODULE,met,1,met_emi_api;met_scmi_api;met_sspm_api,3,3,0,0,0,0,0,0,0,0
met_scmi_api_ready,0x1c8820b5,STOCK_MODULE,met,1,met_scmi_api,1,1,0,0,0,0,0,0,0,0
met_sspm_api_ready,0x8a17e102,STOCK_MODULE,met,1,met_sspm_api,1,1,0,0,0,0,0,0,0,0
met_sspm_emi,0x68b6ad64,STOCK_MODULE,met,1,met_emi_api;met_scmi_api;met_sspm_api,3,3,0,0,0,0,0,0,0,0
met_sspm_log_init,0xbd7aea3b,STOCK_MODULE,met,1,met_scmi_api;met_sspm_api,2,2,0,0,0,0,0,0,0,0
met_sspm_log_uninit,0xdf4ef749,STOCK_MODULE,met,1,met_scmi_api;met_sspm_api,2,2,0,0,0,0,0,0,0,0
met_vcore_api_ready,0x984d106e,STOCK_MODULE,met,1,met_vcore_api,1,1,0,0,0,0,0,0,0,0
migrate_swap,0xb3b01563,KERNEL_OR_BUILTIN,,0,scheduler,1,1,0,1,0,0,1,1,1,1
mii_check_media,0x0b839173,STOCK_MODULE,mii,1,asix,1,1,0,0,0,0,1,1,0,1
mii_ethtool_get_link_ksettings,0x9d480e3b,STOCK_MODULE,mii,1,ax88179_178a;r8152;usbnet,3,3,0,0,0,0,1,1,0,1
mii_ethtool_gset,0xc42b22b3,STOCK_MODULE,mii,1,asix;ax88179_178a,2,2,0,0,0,0,1,1,0,1
mii_ethtool_set_link_ksettings,0x14505b9c,STOCK_MODULE,mii,1,ax88179_178a;usbnet,2,2,0,0,0,0,1,1,0,1
mii_link_ok,0x957e09ab,STOCK_MODULE,mii,1,asix;usbnet,2,2,0,0,0,0,1,1,0,1
mii_nway_restart,0x82a00e5c,STOCK_MODULE,mii,1,asix;ax88179_178a;r8152;usbnet,4,4,0,0,0,0,1,1,0,1
mipi_dsi_attach,0xbedc46e9,KERNEL_OR_BUILTIN,,0,mediatek_drm_panel_drv;panel_ky_vtdr6115_dphy_cmd,2,2,0,1,0,0,1,1,1,1
mipi_dsi_dcs_read,0x9fb01bee,KERNEL_OR_BUILTIN,,0,mediatek_drm;mediatek_drm_panel_drv,2,2,0,1,0,0,1,1,1,1
mipi_dsi_dcs_write,0x52e7077d,KERNEL_OR_BUILTIN,,0,mediatek_drm_panel_drv,1,1,0,1,0,0,1,1,1,1
mipi_dsi_dcs_write_buffer,0x73643b50,KERNEL_OR_BUILTIN,,0,mediatek_drm;mediatek_drm_panel_drv;panel_ky_vtdr6115_dphy_cmd,3,3,0,1,0,0,1,1,1,1
mipi_dsi_detach,0xbc909894,KERNEL_OR_BUILTIN,,0,mediatek_drm_panel_drv;panel_ky_vtdr6115_dphy_cmd,2,2,0,1,0,0,1,1,1,1
mipi_dsi_driver_register_full,0x43e5149e,KERNEL_OR_BUILTIN,,0,mediatek_drm_panel_drv;panel_ky_vtdr6115_dphy_cmd,2,2,0,1,0,0,1,1,1,1
mipi_dsi_driver_unregister,0xcf198e40,KERNEL_OR_BUILTIN,,0,mediatek_drm_panel_drv;panel_ky_vtdr6115_dphy_cmd,2,2,0,1,0,0,1,1,1,1
mipi_dsi_generic_read,0xbac8079f,KERNEL_OR_BUILTIN,,0,mediatek_drm_panel_drv,1,1,0,1,0,0,1,1,1,1
mipi_dsi_generic_write,0x90cea76b,KERNEL_OR_BUILTIN,,0,mediatek_drm_panel_drv;panel_ky_vtdr6115_dphy_cmd,2,2,0,1,0,0,1,1,1,1
mipi_dsi_host_register,0x981c3d5b,KERNEL_OR_BUILTIN,,0,mediatek_drm,1,1,0,1,0,0,1,1,1,1
mipi_dsi_host_unregister,0xe5a66718,KERNEL_OR_BUILTIN,,0,mediatek_drm,1,1,0,1,0,0,1,1,1,1
misc_deregister,0x94a9d12b,KERNEL_OR_BUILTIN,,0,aee_aed;aee_rs;apusys;atf_logger;audio_ipi;aw883xx_driver;custom_ldo_wl2868;focaltech_touch_spi_ft3680;gz_main_mod;gzvm;hbt;mali_dmabuf_test_mt6878_r44;mali_kbase_mt6878_r44;mddp;met;monitor_hang;mtk_mml;rfkill;sapu;scp;snd_soc_mtk_common;spi_tiny_co5300_lcd;st21nfc;tkcore;uload_ind;usb_offload;vcp;wlan_drv_gen4m_6878;yft_tpd_gesture,29,29,0,1,0,0,1,1,1,1
misc_register,0x06987aeb,KERNEL_OR_BUILTIN,,0,adsp;aee_aed;aee_rs;apusys;atf_logger;audio_ipi;aw883xx_driver;custom_ldo_wl2868;focaltech_touch_spi_ft3680;gpueb;gz_main_mod;gzvm;hbt;mali_dmabuf_test_mt6878_r44;mali_kbase_mt6878_r44;mcupm;mddp;mdp_drv_mt6878;met;mmprofile;monitor_hang;mtk_mml;mtk_scp_audiocommon;mtk_vow;rfkill;sapu;scp;snd_soc_mtk_common;spi_tiny_co5300_lcd;sspm_v3;st21nfc;tkcore;uload_ind;usb_offload;vcp;wlan_drv_gen4m_6878;yft_tpd_gesture,37,37,0,1,0,0,1,1,1,1
mktime64,0x0fb2f8a4,KERNEL_OR_BUILTIN,,0,rtc_mt6685,1,1,0,1,0,0,1,1,1,1
mmc_add_host,0xe08a16c5,KERNEL_OR_BUILTIN,,0,mtk_mmc,1,1,0,1,0,0,1,1,1,1
mmc_alloc_host,0xf470ba66,KERNEL_OR_BUILTIN,,0,mtk_mmc,1,1,0,1,0,0,1,1,1,1
mmc_can_gpio_cd,0xa2f4a473,KERNEL_OR_BUILTIN,,0,mtk_mmc,1,1,0,1,0,0,1,1,1,1
mmc_cmdq_disable,0x2527a7d9,KERNEL_OR_BUILTIN,,0,rpmb_mtk,1,1,0,1,0,0,1,1,1,1
mmc_cmdq_enable,0xe18334ac,KERNEL_OR_BUILTIN,,0,rpmb_mtk,1,1,0,1,0,0,1,1,1,1
mmc_cqe_request_done,0xa9d3c029,KERNEL_OR_BUILTIN,,0,cqhci,1,1,0,1,0,0,1,1,1,1
mmc_dbg_register,0x94fb9500,STOCK_MODULE,mtk_mmc_dbg,1,mtk_mmc,1,1,0,0,0,0,0,0,0,0
mmc_detect_change,0xdf826526,KERNEL_OR_BUILTIN,,0,mtk_mmc,1,1,0,1,0,0,1,1,1,1
mmc_free_host,0x709558be,KERNEL_OR_BUILTIN,,0,mtk_mmc,1,1,0,1,0,0,1,1,1,1
mmc_get_card,0x2fe2045b,KERNEL_OR_BUILTIN,,0,rpmb_mtk,1,1,0,1,0,0,1,1,1,1
mmc_gpio_get_cd,0x84483808,KERNEL_OR_BUILTIN,,0,mtk_mmc,1,1,0,1,0,0,1,1,1,1
mmc_gpio_get_ro,0x9d55a315,KERNEL_OR_BUILTIN,,0,mtk_mmc,1,1,0,1,0,0,1,1,1,1
mmc_hw_reset,0xd030d11c,KERNEL_OR_BUILTIN,,0,mtk_mmc,1,1,0,1,0,0,1,1,1,1
mmc_mtk_biolog_check,0x91d3c9d6,STOCK_MODULE,blocktag,1,cqhci;mtk_mmc,2,2,0,0,0,0,0,0,0,0
mmc_mtk_biolog_exit,0xb917c850,STOCK_MODULE,blocktag,1,mtk_mmc,1,1,0,0,0,0,0,0,0,0
mmc_mtk_biolog_init,0xbdc88eea,STOCK_MODULE,blocktag,1,mtk_mmc_dbg,1,1,0,0,0,0,0,0,0,0
mmc_mtk_biolog_send_command,0xd1bd3672,STOCK_MODULE,blocktag,1,cqhci;mtk_mmc,2,2,0,0,0,0,0,0,0,0
mmc_mtk_biolog_transfer_req_compl,0xc1bb82dc,STOCK_MODULE,blocktag,1,cqhci;mtk_mmc,2,2,0,0,0,0,0,0,0,0
mmc_of_parse,0x8f1f9ba9,KERNEL_OR_BUILTIN,,0,mtk_mmc,1,1,0,1,0,0,1,1,1,1
mmc_put_card,0xeb745592,KERNEL_OR_BUILTIN,,0,rpmb_mtk,1,1,0,1,0,0,1,1,1,1
mmc_regulator_get_supply,0x05a87fee,KERNEL_OR_BUILTIN,,0,mtk_mmc,1,1,0,1,0,0,1,1,1,1
mmc_regulator_set_ocr,0xec5037d6,KERNEL_OR_BUILTIN,,0,mtk_mmc,1,1,0,1,0,0,1,1,1,1
mmc_regulator_set_vqmmc,0x4fc8f305,KERNEL_OR_BUILTIN,,0,mtk_mmc,1,1,0,1,0,0,1,1,1,1
mmc_remove_host,0xbdd6dc92,KERNEL_OR_BUILTIN,,0,mtk_mmc,1,1,0,1,0,0,1,1,1,1
mmc_request_done,0xd4221026,KERNEL_OR_BUILTIN,,0,mtk_mmc,1,1,0,1,0,0,1,1,1,1
mmc_rpmb_register,0x5765d83f,STOCK_MODULE,rpmb_mtk,1,mtk_mmc,1,1,0,0,0,0,0,0,0,0
mmc_send_tuning,0xada47b9f,KERNEL_OR_BUILTIN,,0,mtk_mmc,1,1,0,1,0,0,1,1,1,1
mmc_set_data_timeout,0xd89c304a,KERNEL_OR_BUILTIN,,0,rpmb_mtk,1,1,0,1,0,0,1,1,1,1
mmc_switch,0xdb23e0af,KERNEL_OR_BUILTIN,,0,rpmb_mtk,1,1,0,1,0,0,1,1,1,1
mmc_wait_for_req,0x0dda67d4,KERNEL_OR_BUILTIN,,0,rpmb_mtk,1,1,0,1,0,0,1,1,1,1
mmdvfs_debug_record_opp_set_fp,0x48b553fe,STOCK_MODULE,mtk_mmdvfs,1,mtk_mmdvfs_debug,1,1,0,0,0,0,0,0,0,0
mmdvfs_force_step_by_vcp,0x2b3e59fd,STOCK_MODULE,mtk_mmdvfs_v3,1,mtk_dpc,1,1,0,0,0,0,0,0,0,0
mmdvfs_get_vcp_base,0xb2c02e8d,STOCK_MODULE,mtk_mmdvfs_v3,1,mtk_dpc;mtk_mmdvfs_debug,2,2,0,0,0,0,0,0,0,0
mmdvfs_get_version,0xc56c09ba,STOCK_MODULE,mtk_mmdvfs_v3,1,mtk_cam_isp7sp;mtk_imgsys_cmdq;mtk_mmdvfs_debug,3,3,0,0,0,0,0,0,0,0
mmdvfs_is_init_done,0x5a812c96,STOCK_MODULE,mtk_mmdvfs_v3,1,mtk_mmdvfs_debug,1,1,0,0,0,0,0,0,0,0
mmdvfs_rc_enable_set_fp,0xdca51c76,STOCK_MODULE,mtk_mmdvfs_v3,1,mtk_dpc,1,1,0,0,0,0,0,0,0,0
mmdvfs_set_force_step,0xa8cd08ee,STOCK_MODULE,mtk_mmdvfs,1,mtk_mmdvfs_debug,1,1,0,0,0,0,0,0,0,0
mmdvfs_set_lp_mode,0x2df41765,STOCK_MODULE,mtk_mmdvfs,1,mediatek_drm,1,1,0,0,0,0,0,0,0,0
mmdvfs_set_vote_step,0x84175fc6,STOCK_MODULE,mtk_mmdvfs,1,mtk_mmdvfs_debug,1,1,0,0,0,0,0,0,0,0
mminfra_debug_dump,0x97ea9780,STOCK_MODULE,vcp_status,1,vcp,1,1,0,0,0,0,0,0,0,0
mminfra_gce_cg,0xeb836211,STOCK_MODULE,mtk_cmdq_drv_ext,1,cmdq_sec_drv,1,1,0,0,0,0,0,0,0,0
mminfra_power_cb,0xa9b58fb1,STOCK_MODULE,mtk_cmdq_drv_ext,1,cmdq_sec_drv,1,1,0,0,0,0,0,0,0,0
mml_cmdq_err,0x38e6f699,STOCK_MODULE,mtk_mml,1,mtk_mml_mt6878,1,1,0,0,0,0,0,0,0,0
mml_dev_get_comp_by_id,0x4af5824d,STOCK_MODULE,mtk_mml,1,mtk_mml_mt6878,1,1,0,0,0,0,0,0,0,0
mml_dpc_register,0xf0c16680,STOCK_MODULE,mtk_mml,1,mtk_dpc,1,1,0,0,0,0,0,0,0,0
mml_drm_ctx_idle,0x2fe050cb,STOCK_MODULE,mtk_mml,1,mediatek_drm,1,1,0,0,0,0,0,0,0,0
mml_drm_get_context,0xe14e3931,STOCK_MODULE,mtk_mml,1,mediatek_drm,1,1,0,0,0,0,0,0,0,0
mml_drm_put_context,0x01d6838d,STOCK_MODULE,mtk_mml,1,mediatek_drm,1,1,0,0,0,0,0,0,0,0
mml_drm_query_cap,0xb0ad912e,STOCK_MODULE,mtk_mml,1,mediatek_drm,1,1,0,0,0,0,0,0,0,0
mml_drm_racing_config_sync,0x5574d82a,STOCK_MODULE,mtk_mml,1,mediatek_drm,1,1,0,0,0,0,0,0,0,0
mml_drm_racing_stop_sync,0xec3d7995,STOCK_MODULE,mtk_mml,1,mediatek_drm,1,1,0,0,0,0,0,0,0,0
mml_drm_set_panel_pixel,0xbe87039d,STOCK_MODULE,mtk_mml,1,mediatek_drm,1,1,0,0,0,0,0,0,0,0
mml_drm_split_info,0x0c85a63e,STOCK_MODULE,mtk_mml,1,mediatek_drm,1,1,0,0,0,0,0,0,0,0
mml_drm_stop,0x2abc4b9a,STOCK_MODULE,mtk_mml,1,mediatek_drm,1,1,0,0,0,0,0,0,0,0
mml_drm_submit,0x817b2f23,STOCK_MODULE,mtk_mml,1,mediatek_drm,1,1,0,0,0,0,0,0,0,0
mml_drm_submit_timeout,0x33d74e27,STOCK_MODULE,mtk_mml,1,mediatek_drm,1,1,0,0,0,0,0,0,0,0
mml_get_plat_device,0xb480b2eb,STOCK_MODULE,mtk_mml,1,mediatek_drm,1,1,0,0,0,0,0,0,0,0
mml_log_rec,0x0360a9c1,STOCK_MODULE,mtk_mml,1,mtk_mml_mt6878,1,1,0,0,0,0,0,0,0,0
mml_save_log_record,0x8810d83a,STOCK_MODULE,mtk_mml,1,mtk_mml_mt6878,1,1,0,0,0,0,0,0,0,0
mml_topology_register_ip,0xb456c820,STOCK_MODULE,mtk_mml,1,mtk_mml_mt6878,1,1,0,0,0,0,0,0,0,0
mml_topology_unregister_ip,0x224d976d,STOCK_MODULE,mtk_mml,1,mtk_mml_mt6878,1,1,0,0,0,0,0,0,0,0
mmprofile_enable,0x899ea9dc,STOCK_MODULE,mmprofile,1,cmdq_sec_drv;mdp_drv_mt6878;mediatek_drm;mtk_cmdq_drv_ext;mtk_dpc;mtk_mmdvfs,6,6,0,0,0,0,0,0,0,0
mmprofile_enable_event_recursive,0x560a0e63,STOCK_MODULE,mmprofile,1,cmdq_sec_drv;mdp_drv_mt6878;mediatek_drm;mtk_cmdq_drv_ext;mtk_dpc;mtk_mmdvfs,6,6,0,0,0,0,0,0,0,0
mmprofile_log_ex,0xd77d7c9c,STOCK_MODULE,mmprofile,1,cmdq_sec_drv;mdp_drv_mt6878;mediatek_drm;mtk_cmdq_drv_ext;mtk_dpc;mtk_mmdvfs,6,6,0,0,0,0,0,0,0,0
mmprofile_log_meta,0x44480f47,STOCK_MODULE,mmprofile,1,mediatek_drm,1,1,0,0,0,0,0,0,0,0
mmprofile_log_meta_bitmap,0xd0c189d4,STOCK_MODULE,mmprofile,1,mediatek_drm,1,1,0,0,0,0,0,0,0,0
mmprofile_log_meta_yuv_bitmap,0xaa7dc2bb,STOCK_MODULE,mmprofile,1,mediatek_drm,1,1,0,0,0,0,0,0,0,0
mmprofile_register_event,0x7ffb1903,STOCK_MODULE,mmprofile,1,cmdq_sec_drv;mdp_drv_mt6878;mediatek_drm;mtk_cmdq_drv_ext;mtk_dpc;mtk_mmdvfs,6,6,0,0,0,0,0,0,0,0
mmprofile_start,0xda38583a,STOCK_MODULE,mmprofile,1,cmdq_sec_drv;mdp_drv_mt6878;mediatek_drm;mtk_cmdq_drv_ext;mtk_dpc;mtk_mmdvfs,6,6,0,0,0,0,0,0,0,0
mmput,0x97394d0c,KERNEL_OR_BUILTIN,,0,aee_aed;monitor_hang;mtk_heap_debug,3,3,0,1,0,0,1,1,1,1
mmup_enable_count,0x260c14c0,STOCK_MODULE,vcp_status,1,vcp,1,1,0,0,0,0,0,0,0,0
mod_delayed_work_on,0xc4f47221,KERNEL_OR_BUILTIN,,0,apusys;cfg80211;mali_kbase_mt6878_r44;mtk_core_ctl;mtk_mmc;mtk_pbm;pd_dbg_info;tcpc_class;tcpc_mt6375;thermal_trace;xhci_mtk_hcd_v2;yft_gpio_keys,12,12,0,1,0,0,1,1,1,1
mod_node_page_state,0x3c27d6b1,KERNEL_OR_BUILTIN,,0,mali_kbase_mt6878_r44;mali_mgm_mt6878_r44;system_heap,3,3,0,1,0,0,0,0,1,1
mod_timer,0x72cd0f7f,KERNEL_OR_BUILTIN,,0,apusys;can;ccci_ccif;ccci_dpmaif;cfg80211;cmdq_sec_drv;cmdq_test;conninfra;fmradio_drv_connac2x;gps_drv_dl_v051;hci_uart;hidp;mac80211;mali_kbase_mt6878_r44;mddp;mediatek_drm;mt6369_accdet;mtk_c2ps;mtk_cg_peak_power_throttling;mtk_cm_mgr_mt6878;mtk_cmdq_drv_ext;mtk_dpc;mtk_dynamic_loading_throttling;mtk_low_battery_throttling;mtk_lpm_dbg_common_v2;mtk_swpm_dbg_v6878;mtk_vcodec_dec_v1;nfc;rfcomm;scp;sensorhub;spmi_mtk_mpu;tipc;ufs_mediatek_mod;usbnet;vcp;wlan_drv_gen4m_6878;xhci_mtk_hcd_v2,38,38,0,1,0,0,1,1,1,1
mod_timer_pending,0x8148b88e,KERNEL_OR_BUILTIN,,0,mtk_lpm_dbg_common_v2,1,1,0,1,0,0,1,1,1,1
modem_dcd_state,0xd3504f48,STOCK_MODULE,ccci_md_all,1,c2k_usb,1,1,0,0,0,0,0,0,0,0
modem_dtr_set,0x1f1ae43b,STOCK_MODULE,ccci_md_all,1,c2k_usb,1,1,0,0,0,0,0,0,0,0
module_layout,0xea759d7f,KERNEL_OR_BUILTIN,,0,6lowpan;8021q;8250_mtk;adapter_class;adsp;aee_aed;aee_hangdet;aee_rs;apu_top;apusys;aqc111;arm_dsu_pmu;asix;atf_logger;audio_ipi;aw36515;aw36518;aw36518_v2;aw883xx_driver;ax88179_178a;backlight_cooling;blocktag;bluetooth;board_temp;bootprof;bsd_comp;bt_drv_6878;btbcm;btqca;btsdio;bus_parity;c2k_usb;c2k_usb_f_via_atc;c2k_usb_f_via_ets;c2k_usb_f_via_modem;c2ps_perf_ioctl;cache_parity;camera_af_media;camera_dpe_isp7sp;camera_eeprom_v4l2;can;can_bcm;can_dev;can_gw;can_raw;ccci_auxadc;ccci_ccif;ccci_dpmaif;ccci_fsm_scp;ccci_md_all;ccci_util_lib;ccd_rpmsg;ccmni;cdc_acm;cdc_eem;cdc_ether;cdc_ncm;cfg80211;charger_class;charger_cooling;clk_bringup;clk_chk_mt6878;clk_common;clk_dbg_mt6878;clk_disable_unused;clk_fmeter_mt6878;clk_mt6878;clk_mt6878_adsp;clk_mt6878_bus;clk_mt6878_cam;clk_mt6878_ccu;clk_mt6878_img;clk_mt6878_mdpsys;clk_mt6878_mmsys;clk_mt6878_peri;clk_mt6878_vcodec;clk_mt6878_vlp;clkbuf;cmdq_helper_inf;cmdq_platform_mt6878;cmdq_sec_drv;cmdq_test;connadp;connfem;conninfra;connscp;cpudvfs;cpufreq_sugov_ext;cpuqos_v3;cqhci;custom_ldo;custom_ldo_wl2868;dbg_error_flag;dbgtop_drm;device_apc_common;device_apc_mt6878;diag;drm_display_helper;drm_dma_helper;dw9781c;emi;emi_fake_eng;emi_mpu;extcon_mtk_usb;extdev_io_class;ffa_v10;fhctl;fingerprint;flashlight;fmradio_drv_connac2x;focaltech_touch_spi_ft3680;fpsgo;frs;ftdi_sio;ged;gps_drv_dl_v051;gps_pwr;gps_scp;gpueb;gz_ipc_mod;gz_irq_mod;gz_log_mod;gz_main_mod;gz_trusty_mod;gz_tz_system;gz_virtio_mod;gzvm;hbt;hci_uart;hf_manager;hidp;hynitron;i2c_mt65xx;ieee802154;ieee802154_6lowpan;ieee802154_socket;imgsensor;imgsensor_glue;industrialio_triggered_buffer;iommu_debug;iommu_secure;iommu_test;irq_dbg;kfifo_buf;kheaders;l2tp_core;l2tp_ppp;last_bus;leds_ln2403;leds_mtk;leds_mtk_disp;leds_rgb_aw2013;libarc4;load_track;log_store;lpm_gov_MHSP;mac80211;mac802154;main2_vcm;main3_vcm;main4_vcm;main_vcm;mali_dmabuf_test_mt6878_r44;mali_kbase_mt6878_r44;mali_mgm_mt6878_r44;mali_prot_alloc_mt6878_r44;mcupm;md_cooling_all;mddp;mdp_drv_mt6878;mediatek_cpufreq_hw;mediatek_drm;mediatek_drm_gateic;mediatek_drm_panel_drv;met;met_backlight_api;met_emi_api;met_gpu_adv_api;met_gpu_api;met_gpueb_api;met_ipi_api;met_mcupm_api;met_scmi_api;met_sspm_api;met_vcore_api;microarray_fp_tee;mii;mmprofile;mmqos_common;mmqos_mt6878;monitor_hang;mrdump;msync2_frd;mt6315_regulator;mt6338_core;mt6363_regulator;mt6369_accdet;mt6369_regulator;mt6375;mt6375_adc;mt6375_auxadc;mt6375_battery;mt6375_charger;mt6685_audclk;mt6685_core;mt6878_dcm;mt6878_mt6369;mtk_afe_external;mtk_aie;mtk_aie_debug_7sp_2;mtk_battery_oc_throttling;mtk_bp_thl;mtk_btcvsd;mtk_c2ps;mtk_cam_isp7sp;mtk_ccd_remoteproc;mtk_ccuv;mtk_cg_peak_power_throttling;mtk_charger_algorithm_class;mtk_charger_framework;mtk_chg_type_det;mtk_cm_ipi;mtk_cm_mgr;mtk_cm_mgr_mt6878;mtk_cmdq_drv_ext;mtk_composite;mtk_core_ctl;mtk_cpu_power_throttling;mtk_dcm;mtk_disp_notify;mtk_disp_sec;mtk_dpc;mtk_dramc;mtk_dvfsrc;mtk_dvfsrc_devfreq;mtk_dvfsrc_helper;mtk_dvfsrc_regulator;mtk_dvfsrc_start;mtk_dynamic_loading_throttling;mtk_emi;mtk_fpsgo;mtk_gpu_hal;mtk_gpu_power_throttling;mtk_gpu_qos;mtk_gpufreq_mt6878;mtk_gpufreq_wrapper;mtk_hcp;mtk_heap_debug;mtk_icc_core;mtk_imgsys_cmdq;mtk_imgsys_isp7sp;mtk_imgsys_v4l2;mtk_ioctl_powerhal;mtk_ioctl_touch_boost;mtk_iommu;mtk_ipesys_me;mtk_irtx_pwm;mtk_jpeg;mtk_low_battery_throttling;mtk_lpm;mtk_lpm_dbg_common_v2;mtk_lpm_dbg_mt6878;mtk_lpm_plat_v1;mtk_mbox;mtk_mbox_mailbox;mtk_mbraink;mtk_md_power_throttling;mtk_mdpm;mtk_mmc;mtk_mmc_dbg;mtk_mmdvfs;mtk_mmdvfs_debug;mtk_mmdvfs_ftrace;mtk_mmdvfs_v3;mtk_mmdvfs_v3_start;mtk_mminfra_debug;mtk_mminfra_imax;mtk_mml;mtk_mml_mt6878;mtk_panel_ext;mtk_pbm;mtk_pd_adapter;mtk_pd_charging;mtk_peak_power_budget;mtk_pep;mtk_pep40;mtk_pep50;mtk_perf_common;mtk_perf_ioctl;mtk_perf_ioctl_magt;mtk_pm_domain_disable_unused;mtk_pmic_keys;mtk_pmic_oc_debug;mtk_pmic_wrap;mtk_printk_ctrl;mtk_pwm;mtk_qos;mtk_rpmsg_mbox;mtk_scp_audiocommon;mtk_scp_ultra;mtk_scp_vow;mtk_scpsys;mtk_scpsys_bringup;mtk_scpsys_mt6878;mtk_sec_heap;mtk_slbc;mtk_smi;mtk_smi_dbg;mtk_soc_offload_common;mtk_socinfo;mtk_sp_spk_amp;mtk_spmi_pmic;mtk_spmi_pmic_adc;mtk_ssc;mtk_ssc_dbg_v2;mtk_swpm;mtk_swpm_cpu_dbg_v6878;mtk_swpm_dbg_common_v1;mtk_swpm_dbg_v6878;mtk_swpm_perf_arm_pmu;mtk_sync;mtk_tinysys_ipi;mtk_u_ether;mtk_uart_apdma;mtk_usb_f_rndis;mtk_vcodec_common;mtk_vcodec_dec_v1;mtk_vcodec_enc_v1;mtk_vcu;mtk_vmm_isp71_regulator;mtk_vmm_notifier;mtk_vmm_spm;mtk_vow;mtk_wdt;mtk_wp;mtu3;mux_switch;nfc;nhc_dest;nhc_fragment;nhc_hop;nhc_ipv6;nhc_mobility;nhc_routing;nhc_udp;nvmem_mt635x_efuse;nvmem_mtk_devinfo;panel_ky_vtdr6115_dphy_cmd;pd_chk_mt6878;pd_dbg_info;pda_drv_mt6878;phy_mtk_ufs;phy_mtk_xsphy;pidmap;pinctrl_mt6363;pinctrl_mt6878;pinctrl_mtk_common_v2_debug;pinctrl_mtk_v2;pmic_lbat_service;pmic_lvsys_notify;pmic_temp;powerhal_cpu_ctrl;ppp_deflate;ppp_generic;ppp_mppe;pppox;pptp;pwm_mtk_disp;r8152;r8153_ecm;reboot_mode;regulator_vibrator;reset_ti_syscon;rfcomm;rfkill;rpmb;rpmb_mtk;rps_perf;rt4831a_drv;rt5133_regulator;rt6160_regulator;rt_pd_manager;rtc_mt6685;rtl8150;sapu;sc851x_charger;sc8571_charger;scheduler;scheduler_ext;scp;sec;sec_rng;sensorhub;sh366003_fg;slcan;slhc;smpu;smpu_hook_v1;snd_soc_audiodsp_common;snd_soc_mt6369;snd_soc_mt6878_afe;snd_soc_mtk_common;snd_soc_mtk_scp_ultra;snd_soc_tfa98xx;soc_temp_lvts;spi_mt65xx;spi_tiny_co5300_lcd;spmi_mtk_mpu;spmi_mtk_pmif;sspm_v3;st21nfc;sub_vcm;syscon_reboot_mode;system_heap;task_turbo;tcpc_class;tcpc_mt6375;tcpci_late_sync;teeperf;thermal_generic_adc;thermal_interface;thermal_trace;timer_mediatek;tinysys_scmi;tipc;tkcore;tkcore_drv;tmem_ffa;touch_boost;trace_mmstat;tui_common;uarthub_drv;ufs_mediatek_dbg;ufs_mediatek_mod;uload_ind;usb_boost;usb_logger;usb_meta;usb_offload;usbnet;usbserial;vcan;vcp;vcp_status;vtskin_temp;widevine_driver;wifi_cooling;wlan_drv_gen4m_6878;wmt_chrdev_wifi_connac2;wwan;xhci_mtk_hcd_v2;yft_devinfo;yft_gpio_keys;yft_tiny2c_usb;yft_tpd_gesture;zram;zsmalloc,457,458,1,1,1,1,1,1,1,1
module_put,0x28f42c1d,KERNEL_OR_BUILTIN,,0,bluetooth;can;mali_kbase_mt6878_r44;met;mtk_hcp;nfc;ppp_generic;pppox;rfcomm;tipc;tkcore;usbserial,12,13,0,1,0,0,1,1,1,1
mrdump_common_die,0x36f2ab73,STOCK_MODULE,mrdump,1,aee_hangdet;monitor_hang,2,2,0,0,0,0,0,0,0,0
mrdump_mini_add_extra_file,0xdd115996,STOCK_MODULE,mrdump,1,aee_hangdet;apusys;ccci_dpmaif;ccci_md_all;ccci_util_lib;mediatek_drm;mmqos_common;mtk_heap_debug;mtk_mmdvfs_debug;spmi_mtk_pmif;vcp,11,11,0,0,0,0,0,0,0,0
mrdump_mini_add_hang_raw,0x31d32c64,STOCK_MODULE,mrdump,1,monitor_hang,1,1,0,0,0,0,0,0,0,0
mrdump_regist_hang_bt,0x6327e210,STOCK_MODULE,mrdump,1,monitor_hang,1,1,0,0,0,0,0,0,0,0
mrdump_set_extra_dump,0x5c8225c7,STOCK_MODULE,mrdump,1,adsp;blocktag;mtk_ccuv;mtk_mmc_dbg;ufs_mediatek_dbg,5,5,0,0,0,0,0,0,0,0
msleep,0xf9a482f9,KERNEL_OR_BUILTIN,,0,8250_mtk;adsp;aee_aed;apusys;asix;aw36515;aw36518;aw36518_v2;aw883xx_driver;ax88179_178a;bt_drv_6878;btbcm;btqca;ccci_dpmaif;ccci_fsm_scp;ccci_md_all;ccci_util_lib;clk_common;cmdq_sec_drv;cmdq_test;conninfra;connscp;custom_ldo_wl2868;drm_display_helper;fmradio_drv_connac2x;focaltech_touch_spi_ft3680;gz_trusty_mod;gz_tz_system;hci_uart;hynitron;mali_kbase_mt6878_r44;mddp;mediatek_drm;met;microarray_fp_tee;mmqos_common;monitor_hang;mt6375_auxadc;mt6375_battery;mt6375_charger;mtk_charger_framework;mtk_cmdq_drv_ext;mtk_lpm;mtk_lpm_dbg_common_v2;mtk_mmdvfs_debug;mtk_mmdvfs_v3;mtk_mmdvfs_v3_start;mtk_pep;mtk_pep40;mtk_pep50;mtk_smi;mtk_smi_dbg;mtk_vow;mtk_wp;panel_ky_vtdr6115_dphy_cmd;r8152;sc851x_charger;sc8571_charger;scp;sec;sh366003_fg;smpu;snd_soc_mtk_scp_ultra;snd_soc_tfa98xx;st21nfc;tcpc_mt6375;tmem_ffa;touch_boost;uarthub_drv;usb_boost;wlan_drv_gen4m_6878;wmt_chrdev_wifi_connac2;xhci_mtk_hcd_v2;yft_tiny2c_usb,74,74,0,1,0,0,1,1,1,1
msleep_interruptible,0xcc5005fe,KERNEL_OR_BUILTIN,,0,cmdq_test;fmradio_drv_connac2x;mali_kbase_mt6878_r44;mediatek_drm;mtk_cmdq_drv_ext;snd_soc_tfa98xx,6,6,0,1,0,0,1,1,1,1
mt6369_accdet_init,0xb2b3828a,STOCK_MODULE,mt6369_accdet,1,mt6878_mt6369,1,1,0,0,0,0,0,0,0,0
mt6369_accdet_late_init,0x70ec7745,STOCK_MODULE,mt6369_accdet,1,snd_soc_mt6369,1,1,0,0,0,0,0,0,0,0
mt6369_accdet_modify_vref_volt,0x15b9ccab,STOCK_MODULE,mt6369_accdet,1,snd_soc_mt6369,1,1,0,0,0,0,0,0,0,0
mt6369_mtkaif_calibration_disable,0x919747dd,STOCK_MODULE,snd_soc_mt6369,1,mt6878_mt6369,1,1,0,0,0,0,0,0,0,0
mt6369_mtkaif_calibration_enable,0x26998edb,STOCK_MODULE,snd_soc_mt6369,1,mt6878_mt6369,1,1,0,0,0,0,0,0,0,0
mt6369_set_codec_ops,0x816df45b,STOCK_MODULE,snd_soc_mt6369,1,mt6878_mt6369,1,1,0,0,0,0,0,0,0,0
mt6369_set_mtkaif_calibration_phase,0x60d761b9,STOCK_MODULE,snd_soc_mt6369,1,mt6878_mt6369,1,1,0,0,0,0,0,0,0,0
mt6369_set_mtkaif_protocol,0x88115c97,STOCK_MODULE,snd_soc_mt6369,1,mt6878_mt6369,1,1,0,0,0,0,0,0,0,0
mt63xx_hw_set_value,0x2765f55c,STOCK_MODULE,pinctrl_mtk_v2,1,pinctrl_mtk_common_v2_debug,1,1,0,0,0,0,0,0,0,0
mt63xx_pinctrl_probe,0x6952d696,STOCK_MODULE,pinctrl_mtk_v2,1,pinctrl_mt6363,1,1,0,0,0,0,0,0,0,0
mt6685_set_dcxo,0xdb0ef5d8,STOCK_MODULE,mt6685_audclk,1,snd_soc_mt6369,1,1,0,0,0,0,0,0,0,0
mt6685_set_dcxo_mode,0xa6601e35,STOCK_MODULE,mt6685_audclk,1,snd_soc_mt6369,1,1,0,0,0,0,0,0,0,0
mt6878_adda_dl_gain_control,0xad107010,STOCK_MODULE,snd_soc_mt6878_afe,1,mt6878_mt6369,1,1,0,0,0,0,0,0,0,0
mt6878_afe_gpio_is_prepared,0xe713493a,STOCK_MODULE,snd_soc_mt6878_afe,1,mt6878_mt6369,1,1,0,0,0,0,0,0,0,0
mt6878_afe_gpio_request,0xd62ffdc3,STOCK_MODULE,snd_soc_mt6878_afe,1,mt6878_mt6369,1,1,0,0,0,0,0,0,0,0
mt6878_enable_dc_compensation,0x7675a694,STOCK_MODULE,snd_soc_mt6878_afe,1,mt6878_mt6369,1,1,0,0,0,0,0,0,0,0
mt6878_set_adda_predistortion,0x36318027,STOCK_MODULE,snd_soc_mt6878_afe,1,mt6878_mt6369,1,1,0,0,0,0,0,0,0,0
mt6878_set_lch_dc_compensation,0xa9c8888b,STOCK_MODULE,snd_soc_mt6878_afe,1,mt6878_mt6369,1,1,0,0,0,0,0,0,0,0
mt6878_set_rch_dc_compensation,0xba84bffd,STOCK_MODULE,snd_soc_mt6878_afe,1,mt6878_mt6369,1,1,0,0,0,0,0,0,0,0
mt_dcm_array_register,0x8d937c9f,STOCK_MODULE,mtk_dcm,1,mt6878_dcm,1,1,0,0,0,0,0,0,0,0
mt_dcm_common_init,0xb5052784,STOCK_MODULE,mtk_dcm,1,mt6878_dcm,1,1,0,0,0,0,0,0,0,0
mt_get_fmeter_clks,0x787d2638,STOCK_MODULE,clk_common,1,clk_chk_mt6878;clk_dbg_mt6878;pd_chk_mt6878,3,3,0,0,0,0,0,0,0,0
mt_get_fmeter_freq,0xda1529be,STOCK_MODULE,clk_common,1,adsp;clk_chk_mt6878;clk_dbg_mt6878;mediatek_drm;mtk_cam_isp7sp;mtk_mmdvfs_debug;mtk_mmdvfs_v3;pd_chk_mt6878;scp;vcp,10,10,0,0,0,0,0,0,0,0
mt_get_fmeter_id,0x88959eec,STOCK_MODULE,clk_common,1,scp,1,1,0,0,0,0,0,0,0,0
mt_irq_dump_status,0x14de1090,STOCK_MODULE,irq_dbg,1,adsp;ccci_ccif;ccci_dpmaif;ccci_md_all;mali_kbase_mt6878_r44;mtk_cmdq_drv_ext;ufs_mediatek_dbg;ufs_mediatek_mod;vcp,9,9,0,0,0,0,0,0,0,0
mt_leds_call_notifier,0x0f6d4527,STOCK_MODULE,leds_mtk,1,leds_mtk_disp,1,1,0,0,0,0,0,0,0,0
mt_leds_classdev_register,0x19d42229,STOCK_MODULE,leds_mtk,1,leds_mtk_disp,1,1,0,0,0,0,0,0,0,0
mt_leds_parse_dt,0xf7cf8858,STOCK_MODULE,leds_mtk,1,leds_mtk_disp,1,1,0,0,0,0,0,0,0,0
mt_pwm_disable,0xd602ce35,STOCK_MODULE,mtk_pwm,1,leds_ln2403;mtk_irtx_pwm,2,2,0,0,0,0,0,0,0,0
mt_spi_disable_master_clk,0xccc1e350,STOCK_MODULE,spi_mt65xx,1,microarray_fp_tee,1,1,0,0,0,0,0,0,0,0
mt_spi_enable_master_clk,0x1cc49782,STOCK_MODULE,spi_mt65xx,1,microarray_fp_tee,1,1,0,0,0,0,0,0,0,0
mtk_adsp_allocate_mem,0xc17262cb,STOCK_MODULE,snd_soc_audiodsp_common,1,snd_soc_mtk_common,1,1,0,0,0,0,0,0,0,0
mtk_adsp_free_mem,0xeeaecbe5,STOCK_MODULE,snd_soc_audiodsp_common,1,snd_soc_mtk_common,1,1,0,0,0,0,0,0,0,0
mtk_adsp_genpool_allocate_sharemem_ring,0xa2e37f26,STOCK_MODULE,snd_soc_audiodsp_common,1,mtk_soc_offload_common,1,1,0,0,0,0,0,0,0,0
mtk_adsp_genpool_free_sharemem_ring,0xed44c606,STOCK_MODULE,snd_soc_audiodsp_common,1,mtk_soc_offload_common,1,1,0,0,0,0,0,0,0,0
mtk_afe_add_sub_dai_control,0x0f6f093d,STOCK_MODULE,snd_soc_mtk_common,1,snd_soc_mt6878_afe,1,1,0,0,0,0,0,0,0,0
mtk_afe_combine_sub_dai,0xd76745ff,STOCK_MODULE,snd_soc_mtk_common,1,snd_soc_mt6878_afe,1,1,0,0,0,0,0,0,0,0
mtk_afe_debug_write_reg,0x3d7833d2,STOCK_MODULE,snd_soc_mtk_common,1,snd_soc_mt6878_afe,1,1,0,0,0,0,0,0,0,0
mtk_afe_debugfs_open,0x015fa10b,STOCK_MODULE,snd_soc_mtk_common,1,snd_soc_mt6878_afe,1,1,0,0,0,0,0,0,0,0
mtk_afe_debugfs_write,0x31575e51,STOCK_MODULE,snd_soc_mtk_common,1,snd_soc_mt6878_afe,1,1,0,0,0,0,0,0,0,0
mtk_afe_fe_hw_free,0x23e4bdb9,STOCK_MODULE,snd_soc_mtk_common,1,snd_soc_mt6878_afe,1,1,0,0,0,0,0,0,0,0
mtk_afe_fe_hw_params,0x6cea97d2,STOCK_MODULE,snd_soc_mtk_common,1,snd_soc_mt6878_afe,1,1,0,0,0,0,0,0,0,0
mtk_afe_fe_prepare,0xa80e8344,STOCK_MODULE,snd_soc_mtk_common,1,snd_soc_mt6878_afe,1,1,0,0,0,0,0,0,0,0
mtk_afe_pcm_copy_user,0xb7443d80,STOCK_MODULE,snd_soc_mtk_common,1,snd_soc_mt6878_afe,1,1,0,0,0,0,0,0,0,0
mtk_afe_pcm_free,0x8c6c918b,STOCK_MODULE,snd_soc_mtk_common,1,snd_soc_mt6878_afe,1,1,0,0,0,0,0,0,0,0
mtk_afe_pcm_new,0xa969dcba,STOCK_MODULE,snd_soc_mtk_common,1,snd_soc_mt6878_afe,1,1,0,0,0,0,0,0,0,0
mtk_afe_pcm_open,0x54cc1ca8,STOCK_MODULE,snd_soc_mtk_common,1,snd_soc_mt6878_afe,1,1,0,0,0,0,0,0,0,0
mtk_afe_pcm_pointer,0xaed0614f,STOCK_MODULE,snd_soc_mtk_common,1,snd_soc_mt6878_afe,1,1,0,0,0,0,0,0,0,0
mtk_afe_write_reg,0x8e203ec0,STOCK_MODULE,snd_soc_mtk_common,1,snd_soc_mt6878_afe,1,1,0,0,0,0,0,0,0,0
mtk_alloc_clk_data,0x8165f393,STOCK_MODULE,clk_common,1,clk_mt6878;mtk_mmdvfs_v3,2,2,0,0,0,0,0,0,0,0
mtk_audio_sram_get_size,0xdae98325,STOCK_MODULE,snd_soc_mtk_common,1,snd_soc_mt6878_afe,1,1,0,0,0,0,0,0,0,0
mtk_audio_sram_init,0x3e761d63,STOCK_MODULE,snd_soc_mtk_common,1,snd_soc_mt6878_afe,1,1,0,0,0,0,0,0,0,0
mtk_audio_usb_offload_afe_hook,0x698734e7,STOCK_MODULE,snd_soc_mtk_common,1,snd_soc_mt6878_afe,1,1,0,0,0,0,0,0,0,0
mtk_audio_usb_offload_register_ops,0x20047310,STOCK_MODULE,snd_soc_mtk_common,1,usb_offload,1,1,0,0,0,0,0,0,0,0
mtk_bandwidth_resource_init,0x3183b4d6,STOCK_MODULE,ged,1,mali_kbase_mt6878_r44,1,1,0,0,0,0,0,0,0,0
mtk_btag_mictx_enable,0x9f6b45e7,STOCK_MODULE,blocktag,1,mtk_perf_common,1,1,0,0,0,0,0,0,0,0
mtk_btag_mictx_get_data,0xdc08b3d3,STOCK_MODULE,blocktag,1,mtk_perf_common,1,1,0,0,0,0,0,0,0,0
mtk_btag_ufs_exit,0x8d9d662a,STOCK_MODULE,blocktag,1,ufs_mediatek_mod,1,1,0,0,0,0,0,0,0,0
mtk_btag_ufs_init,0xe79a7249,STOCK_MODULE,blocktag,1,ufs_mediatek_mod,1,1,0,0,0,0,0,0,0,0
mtk_btag_ufs_send_command,0x1bd55625,STOCK_MODULE,blocktag,1,ufs_mediatek_mod,1,1,0,0,0,0,0,0,0,0
mtk_btag_ufs_transfer_req_compl,0x711f1948,STOCK_MODULE,blocktag,1,ufs_mediatek_mod,1,1,0,0,0,0,0,0,0,0
mtk_ccci_get_md_c_smem_inf,0xf909b421,STOCK_MODULE,ccci_util_lib,1,ccci_md_all,1,1,0,0,0,0,0,0,0,0
mtk_ccci_get_md_nc_smem_inf,0x64957f22,STOCK_MODULE,ccci_util_lib,1,ccci_md_all,1,1,0,0,0,0,0,0,0,0
mtk_ccci_get_smem_by_id,0x710c1a71,STOCK_MODULE,ccci_util_lib,1,ccci_md_all,1,1,0,0,0,0,0,0,0,0
mtk_ccci_open_port,0xe3982125,STOCK_MODULE,ccci_md_all,1,mddp,1,1,0,0,0,0,0,0,0,0
mtk_ccci_read_data,0xb24ba354,STOCK_MODULE,ccci_md_all,1,mddp,1,1,0,0,0,0,0,0,0,0
mtk_ccci_register_md_state_cb,0x6b269f65,STOCK_MODULE,ccci_md_all,1,wlan_drv_gen4m_6878,1,1,0,0,0,0,0,0,0,0
mtk_ccci_release_port,0xd79924f3,STOCK_MODULE,ccci_md_all,1,mddp,1,1,0,0,0,0,0,0,0,0
mtk_ccci_request_port,0xad14b49d,STOCK_MODULE,ccci_md_all,1,mddp,1,1,0,0,0,0,0,0,0,0
mtk_ccci_send_data,0x3ba29c19,STOCK_MODULE,ccci_md_all,1,mddp,1,1,0,0,0,0,0,0,0,0
mtk_ccu_ipc_register,0xeb337b61,STOCK_MODULE,mtk_ccuv,1,mtk_vmm_isp71_regulator,1,1,0,0,0,0,0,0,0,0
mtk_ccu_rproc_ipc_send,0x30f71cfb,STOCK_MODULE,mtk_ccuv,1,imgsensor;mtk_cam_isp7sp;mtk_vmm_isp71_regulator,3,3,0,0,0,0,0,0,0,0
mtk_chg_enable_vbus_ovp,0xc0ca7489,STOCK_MODULE,mtk_charger_framework,1,mtk_pd_charging;mtk_pep;mtk_pep40;mtk_pep50,4,4,0,0,0,0,0,0,0,0
mtk_clear_md_violation,0xdc059dfd,STOCK_MODULE,emi_mpu,1,ccci_md_all,1,1,0,0,0,0,0,0,0,0
mtk_clear_smpu_log,0xe6a25566,STOCK_MODULE,emi_mpu,1,smpu,1,1,0,0,0,0,0,0,0,0
mtk_clk_gate_ops_hwv,0xccb82fb3,STOCK_MODULE,clk_common,1,clk_mt6878_mmsys,1,1,0,0,0,0,0,0,0,0
mtk_clk_gate_ops_no_setclr,0xda2ee276,STOCK_MODULE,clk_common,1,clk_mt6878;clk_mt6878_adsp;clk_mt6878_img,3,3,0,0,0,0,0,0,0,0
mtk_clk_gate_ops_no_setclr_inv,0x9599c171,STOCK_MODULE,clk_common,1,clk_mt6878_cam,1,1,0,0,0,0,0,0,0,0
mtk_clk_gate_ops_setclr,0x50f35cab,STOCK_MODULE,clk_common,1,clk_mt6878_bus;clk_mt6878_cam;clk_mt6878_ccu;clk_mt6878_img;clk_mt6878_mdpsys;clk_mt6878_mmsys;clk_mt6878_peri,7,7,0,0,0,0,0,0,0,0
mtk_clk_gate_ops_setclr_inv,0xb79ca243,STOCK_MODULE,clk_common,1,clk_mt6878_vcodec;clk_mt6878_vlp,2,2,0,0,0,0,0,0,0,0
mtk_clk_mminfra_hwv_power_ctrl_optional,0xe808d22f,STOCK_MODULE,clk_common,1,mtk_mminfra_debug;vcp,2,2,0,0,0,0,0,0,0,0
mtk_clk_mux_register_callback,0xc0e61bae,STOCK_MODULE,clk_common,1,mtk_mmdvfs_v3,1,1,0,0,0,0,0,0,0,0
mtk_clk_mux_register_user_clks,0xf530689c,STOCK_MODULE,clk_common,1,mtk_mmdvfs_v3,1,1,0,0,0,0,0,0,0,0
mtk_clk_notify,0x907021cb,STOCK_MODULE,clk_common,1,usb_offload,1,1,0,0,0,0,0,0,0,0
mtk_clk_register_composites,0xcc3a88be,STOCK_MODULE,clk_common,1,clk_mt6878,1,1,0,0,0,0,0,0,0,0
mtk_clk_register_factors,0xe875abe8,STOCK_MODULE,clk_common,1,clk_mt6878,1,1,0,0,0,0,0,0,0,0
mtk_clk_register_gates,0xf887c01b,STOCK_MODULE,clk_common,1,clk_mt6878,1,1,0,0,0,0,0,0,0,0
mtk_clk_register_ipi_callback,0x1a7acd2c,STOCK_MODULE,clk_common,1,mtk_mmdvfs_v3,1,1,0,0,0,0,0,0,0,0
mtk_clk_register_muxes,0x78fa5e83,STOCK_MODULE,clk_common,1,clk_mt6878,1,1,0,0,0,0,0,0,0,0
mtk_clk_register_plls,0x7c3f45ef,STOCK_MODULE,clk_common,1,clk_mt6878,1,1,0,0,0,0,0,0,0,0
mtk_clk_simple_probe,0x2a16c116,STOCK_MODULE,clk_common,1,clk_mt6878_adsp;clk_mt6878_bus;clk_mt6878_cam;clk_mt6878_ccu;clk_mt6878_img;clk_mt6878_mdpsys;clk_mt6878_mmsys;clk_mt6878_peri;clk_mt6878_vcodec;clk_mt6878_vlp,10,10,0,0,0,0,0,0,0,0
mtk_cmdq_log,0xde2fadca,STOCK_MODULE,mtk_cmdq_drv_ext,1,cmdq_platform_mt6878;cmdq_sec_drv;cmdq_test,3,3,0,0,0,0,0,0,0,0
mtk_cpu_util,0x2a76714f,STOCK_MODULE,cpufreq_sugov_ext,1,scheduler,1,1,0,0,0,0,0,0,0,0
mtk_cpuidle_sysfs_entry_node_add,0xa55169a3,STOCK_MODULE,mtk_lpm,1,mtk_lpm_dbg_common_v2,1,1,0,0,0,0,0,0,0,0
mtk_cpuidle_sysfs_root_entry_create,0xe93acd86,STOCK_MODULE,mtk_lpm,1,mtk_lpm_dbg_common_v2,1,1,0,0,0,0,0,0,0,0
mtk_cpuidle_sysfs_sub_entry_add,0x58cb358f,STOCK_MODULE,mtk_lpm,1,mtk_lpm_dbg_common_v2,1,1,0,0,0,0,0,0,0,0
mtk_cpuidle_sysfs_sub_entry_node_add,0xbd0884bb,STOCK_MODULE,mtk_lpm,1,mtk_lpm_dbg_common_v2,1,1,0,0,0,0,0,0,0,0
mtk_create_client_msgdevice,0x4bff76e8,STOCK_MODULE,ccd_rpmsg,1,mtk_ccd_remoteproc,1,1,0,0,0,0,0,0,0,0
mtk_custom_boost_gpu_freq,0xfcadd21b,STOCK_MODULE,mtk_gpu_hal,1,ged,1,1,0,0,0,0,0,0,0,0
mtk_custom_boost_gpu_freq_fp,0x6334feef,STOCK_MODULE,mtk_gpu_hal,1,ged,1,1,0,0,0,0,0,0,0,0
mtk_custom_get_gpu_freq_level_count,0xcb1598f4,STOCK_MODULE,mtk_gpu_hal,1,ged,1,1,0,0,0,0,0,0,0,0
mtk_custom_get_gpu_freq_level_count_fp,0xcbfd0482,STOCK_MODULE,mtk_gpu_hal,1,ged,1,1,0,0,0,0,0,0,0,0
mtk_custom_upbound_gpu_freq,0xdbc1789a,STOCK_MODULE,mtk_gpu_hal,1,ged,1,1,0,0,0,0,0,0,0,0
mtk_custom_upbound_gpu_freq_fp,0x6d9b18a1,STOCK_MODULE,mtk_gpu_hal,1,ged,1,1,0,0,0,0,0,0,0,0
mtk_destroy_client_msgdevice,0x93bda7e5,STOCK_MODULE,ccd_rpmsg,1,mtk_cam_isp7sp,1,1,0,0,0,0,0,0,0,0
mtk_devapc_probe,0x808fd5b7,STOCK_MODULE,device_apc_common,1,device_apc_mt6878,1,1,0,0,0,0,0,0,0,0
mtk_devapc_remove,0x7702fe86,STOCK_MODULE,device_apc_common,1,device_apc_mt6878,1,1,0,0,0,0,0,0,0,0
mtk_disp_mipi_ccci_callback,0xf41c01eb,STOCK_MODULE,mediatek_drm,1,ccci_md_all,1,1,0,0,0,0,0,0,0,0
mtk_disp_notifier_call_chain,0x4b7239d2,STOCK_MODULE,mtk_disp_notify,1,mediatek_drm,1,1,0,0,0,0,0,0,0,0
mtk_disp_notifier_register,0x4c353ac0,STOCK_MODULE,mtk_disp_notify,1,bt_drv_6878;conninfra;focaltech_touch_spi_ft3680;mtk_cm_mgr;mtk_pep50;sensorhub;uarthub_drv;wlan_drv_gen4m_6878,8,8,0,0,0,0,0,0,0,0
mtk_disp_notifier_unregister,0xa11ab00a,STOCK_MODULE,mtk_disp_notify,1,bt_drv_6878;conninfra;focaltech_touch_spi_ft3680;mtk_cm_mgr;uarthub_drv;wlan_drv_gen4m_6878,6,6,0,0,0,0,0,0,0,0
mtk_disp_osc_ccci_callback,0x738e21be,STOCK_MODULE,mediatek_drm,1,ccci_md_all,1,1,0,0,0,0,0,0,0,0
mtk_disp_sub_notifier_call_chain,0x00b8425f,STOCK_MODULE,mtk_disp_notify,1,mediatek_drm,1,1,0,0,0,0,0,0,0,0
mtk_dma_buf_set_name,0x0d1898d6,STOCK_MODULE,system_heap,1,ged;mdp_drv_mt6878;mtk_aie;mtk_cam_isp7sp;mtk_ccuv;mtk_hcp;mtk_mml;mtk_vcodec_common;mtk_vcodec_dec_v1;vcp,10,10,0,0,0,0,0,0,0,0
mtk_dma_heap_config_parse,0x5c8017bd,STOCK_MODULE,system_heap,1,mtk_sec_heap,1,1,0,0,0,0,0,0,0,0
mtk_dma_sync_sg_range,0xe931d396,STOCK_MODULE,mtk_vcodec_common,1,mtk_vcodec_dec_v1;mtk_vcodec_enc_v1,2,2,0,0,0,0,0,0,0,0
mtk_dmabuf_page_pool_size,0x5af2a617,STOCK_MODULE,system_heap,1,mtk_heap_debug,1,1,0,0,0,0,0,0,0,0
mtk_dprec_logger_pr,0x1beede31,STOCK_MODULE,mediatek_drm,1,mediatek_drm_gateic;mediatek_drm_panel_drv;mtk_disp_sec;mtk_dpc,4,4,0,0,0,0,0,0,0,0
mtk_dramc_get_data_rate,0x42f242bb,STOCK_MODULE,mtk_dramc,1,mediatek_drm;met_emi_api;mtk_dvfsrc_helper;thermal_interface,4,4,0,0,0,0,0,0,0,0
mtk_dramc_get_data_rate_symbol,0x26c72c2b,STOCK_MODULE,met,1,met_emi_api,1,1,0,0,0,0,0,0,0,0
mtk_dramc_get_ddr_type,0x82de2cf6,STOCK_MODULE,mtk_dramc,1,mediatek_drm;met_emi_api;mmqos_common;mtk_cm_mgr_mt6878,4,4,0,0,0,0,0,0,0,0
mtk_dramc_get_ddr_type_symbol,0xba2d8f7b,STOCK_MODULE,met,1,met_emi_api,1,1,0,0,0,0,0,0,0,0
mtk_dramc_get_steps_freq,0x458ec8f9,STOCK_MODULE,mtk_dramc,1,mmqos_common;mtk_cm_mgr_mt6878;mtk_qos,3,3,0,0,0,0,0,0,0,0
mtk_drm_disp_sec_cb_init,0xc911b66b,STOCK_MODULE,mediatek_drm,1,mtk_disp_sec,1,1,0,0,0,0,0,0,0,0
mtk_drm_gateic_power_off,0xbd8fa13a,STOCK_MODULE,mediatek_drm_gateic,1,mediatek_drm_panel_drv,1,1,0,0,0,0,0,0,0,0
mtk_drm_gateic_power_on,0xebdd85ed,STOCK_MODULE,mediatek_drm_gateic,1,mediatek_drm_panel_drv,1,1,0,0,0,0,0,0,0,0
mtk_drm_gateic_reset,0xc59178c6,STOCK_MODULE,mediatek_drm_gateic,1,mediatek_drm_panel_drv,1,1,0,0,0,0,0,0,0,0
mtk_drm_gateic_select,0x1580647f,STOCK_MODULE,mediatek_drm_gateic,1,mediatek_drm_panel_drv,1,1,0,0,0,0,0,0,0,0
mtk_drm_gateic_set_backlight,0x9f61238a,STOCK_MODULE,mediatek_drm_gateic,1,leds_mtk_disp,1,1,0,0,0,0,0,0,0,0
mtk_drm_gateic_set_voltage,0xb1bcf3c7,STOCK_MODULE,mediatek_drm_gateic,1,mediatek_drm_panel_drv,1,1,0,0,0,0,0,0,0,0
mtk_drm_get_conn_obj_id_from_idx,0xbbfcfd40,STOCK_MODULE,mediatek_drm,1,leds_mtk_disp;thermal_interface,2,2,0,0,0,0,0,0,0,0
mtk_drm_get_lcm_version,0xe009d8dc,STOCK_MODULE,mtk_panel_ext,1,leds_mtk_disp,1,1,0,0,0,0,0,0,0,0
mtk_drm_get_target_fps_fp,0x4c576a3b,STOCK_MODULE,mediatek_drm,1,msync2_frd,1,1,0,0,0,0,0,0,0,0
mtk_drm_set_conn_backlight_level,0x602ab713,STOCK_MODULE,mediatek_drm,1,leds_mtk_disp,1,1,0,0,0,0,0,0,0,0
mtk_dvfs_loading_mode,0xb1db2696,STOCK_MODULE,mtk_gpu_hal,1,ged,1,1,0,0,0,0,0,0,0,0
mtk_dvfs_loading_mode_fp,0x276fb9c7,STOCK_MODULE,mtk_gpu_hal,1,ged,1,1,0,0,0,0,0,0,0,0
mtk_dvfs_margin_value,0x8f2b1460,STOCK_MODULE,mtk_gpu_hal,1,ged,1,1,0,0,0,0,0,0,0,0
mtk_dvfs_margin_value_fp,0x4e3844bd,STOCK_MODULE,mtk_gpu_hal,1,ged,1,1,0,0,0,0,0,0,0,0
mtk_dvfs_workload_mode,0x01fffb8a,STOCK_MODULE,mtk_gpu_hal,1,ged,1,1,0,0,0,0,0,0,0,0
mtk_dvfs_workload_mode_fp,0xb59ead2f,STOCK_MODULE,mtk_gpu_hal,1,ged,1,1,0,0,0,0,0,0,0,0
mtk_dvfsrc_query_info,0xfb2bcaae,STOCK_MODULE,mtk_dvfsrc,1,mtk_dvfsrc_devfreq;mtk_dvfsrc_helper;mtk_dvfsrc_regulator,3,3,0,0,0,0,0,0,0,0
mtk_dvfsrc_query_opp_info,0xa440e0e3,STOCK_MODULE,mtk_dvfsrc_helper,1,mtk_perf_common,1,1,0,0,0,0,0,0,0,0
mtk_dvfsrc_send_request,0x22a98e56,STOCK_MODULE,mtk_dvfsrc,1,mtk_dvfsrc_devfreq;mtk_dvfsrc_helper;mtk_dvfsrc_regulator;mtk_emi,4,4,0,0,0,0,0,0,0,0
mtk_dvfsrc_set_vcore_avs,0x268aa368,STOCK_MODULE,mtk_dvfsrc_helper,1,usb_boost,1,1,0,0,0,0,0,0,0,0
mtk_dynamic_irq_acquire,0x10030630,STOCK_MODULE,snd_soc_mtk_common,1,snd_soc_mt6878_afe,1,1,0,0,0,0,0,0,0,0
mtk_dynamic_irq_release,0xd5f8b0a5,STOCK_MODULE,snd_soc_mtk_common,1,snd_soc_mt6878_afe,1,1,0,0,0,0,0,0,0,0
mtk_emicen_get_ch_cnt,0xd702d989,STOCK_MODULE,emi,1,mmqos_common;mtk_qos,2,2,0,0,0,0,0,0,0,0
mtk_emicen_get_rk_cnt,0x8e301cff,STOCK_MODULE,emi,1,mali_kbase_mt6878_r44;mali_mgm_mt6878_r44,2,2,0,0,0,0,0,0,0,0
mtk_emicen_get_rk_size,0x0a55c4ab,STOCK_MODULE,emi,1,mali_kbase_mt6878_r44;mali_mgm_mt6878_r44,2,2,0,0,0,0,0,0,0,0
mtk_emidbg_dump,0x51b8698f,STOCK_MODULE,emi,1,adsp;ccci_md_all;mtk_smi_dbg;mtk_vcodec_dec_v1;mtk_vcodec_enc_v1,5,5,0,0,0,0,0,0,0,0
mtk_emimpu_md_handling_register,0x8f1c7286,STOCK_MODULE,emi_mpu,1,ccci_md_all,1,1,0,0,0,0,0,0,0,0
mtk_exporter_init,0xae42ede7,STOCK_MODULE,snd_soc_mtk_common,1,snd_soc_mt6878_afe,1,1,0,0,0,0,0,0,0,0
mtk_free_clk_data,0xeeee608f,STOCK_MODULE,clk_common,1,mtk_mmdvfs_v3,1,1,0,0,0,0,0,0,0,0
mtk_get_adsp_dram_gen_pool,0x5fe7c438,STOCK_MODULE,snd_soc_audiodsp_common,1,mtk_soc_offload_common,1,1,0,0,0,0,0,0,0,0
mtk_get_bottom_gpu_freq,0x0530033f,STOCK_MODULE,mtk_gpu_hal,1,ged,1,1,0,0,0,0,0,0,0,0
mtk_get_bottom_gpu_freq_fp,0x89a3b84a,STOCK_MODULE,mtk_gpu_hal,1,ged,1,1,0,0,0,0,0,0,0,0
mtk_get_channel_value,0x0f2ea484,STOCK_MODULE,snd_soc_mtk_common,1,snd_soc_mt6878_afe,1,1,0,0,0,0,0,0,0,0
mtk_get_client_msgdevice,0xbc745754,STOCK_MODULE,ccd_rpmsg,1,mtk_cam_isp7sp,1,1,0,0,0,0,0,0,0,0
mtk_get_dsu_freq,0x93039d7a,STOCK_MODULE,cpufreq_sugov_ext,1,scheduler,1,1,0,0,0,0,0,0,0,0
mtk_get_dvfs_loading_mode,0x25f85cbd,STOCK_MODULE,mtk_gpu_hal,1,ged,1,1,0,0,0,0,0,0,0,0
mtk_get_dvfs_loading_mode_fp,0x89dde4cc,STOCK_MODULE,mtk_gpu_hal,1,ged,1,1,0,0,0,0,0,0,0,0
mtk_get_dvfs_margin_value,0xc1c7417f,STOCK_MODULE,mtk_gpu_hal,1,ged,1,1,0,0,0,0,0,0,0,0
mtk_get_dvfs_margin_value_fp,0x39642b13,STOCK_MODULE,mtk_gpu_hal,1,ged,1,1,0,0,0,0,0,0,0,0
mtk_get_dvfs_workload_mode,0x4661f44b,STOCK_MODULE,mtk_gpu_hal,1,ged,1,1,0,0,0,0,0,0,0,0
mtk_get_dvfs_workload_mode_fp,0x8bdb1b37,STOCK_MODULE,mtk_gpu_hal,1,ged,1,1,0,0,0,0,0,0,0,0
mtk_get_fastdvfs_mode_fp,0xa2101a76,STOCK_MODULE,mtk_gpu_hal,1,ged,1,1,0,0,0,0,0,0,0,0
mtk_get_gpu_block,0xac2fe36d,STOCK_MODULE,mtk_gpu_hal,1,ged;met_gpu_api,2,2,0,0,0,0,0,0,0,0
mtk_get_gpu_block_fp,0xf45a66ac,STOCK_MODULE,mtk_gpu_hal,1,ged,1,1,0,0,0,0,0,0,0,0
mtk_get_gpu_block_symbol,0x2c38f791,STOCK_MODULE,met,1,met_gpu_api,1,1,0,0,0,0,0,0,0,0
mtk_get_gpu_bottom_freq_fp,0x872e1854,STOCK_MODULE,mtk_gpu_hal,1,ged,1,1,0,0,0,0,0,0,0,0
mtk_get_gpu_ceiling_index,0xd9d37455,STOCK_MODULE,mtk_gpu_hal,1,met_gpu_api,1,1,0,0,0,0,0,0,0,0
mtk_get_gpu_ceiling_index_symbol,0xcf829ccb,STOCK_MODULE,met,1,met_gpu_api,1,1,0,0,0,0,0,0,0,0
mtk_get_gpu_ceiling_limiter,0x3c66bf5e,STOCK_MODULE,mtk_gpu_hal,1,met_gpu_api,1,1,0,0,0,0,0,0,0,0
mtk_get_gpu_ceiling_limiter_symbol,0x54c387db,STOCK_MODULE,met,1,met_gpu_api,1,1,0,0,0,0,0,0,0,0
mtk_get_gpu_cur_freq,0xab1939c2,STOCK_MODULE,mtk_gpu_hal,1,met_gpu_api,1,1,0,0,0,0,0,0,0,0
mtk_get_gpu_cur_freq_fp,0x494e8318,STOCK_MODULE,mtk_gpu_hal,1,mtk_gpufreq_wrapper,1,1,0,0,0,0,0,0,0,0
mtk_get_gpu_cur_freq_symbol,0xd05921a6,STOCK_MODULE,met,1,met_gpu_api,1,1,0,0,0,0,0,0,0,0
mtk_get_gpu_cur_oppidx,0xe687bb7c,STOCK_MODULE,mtk_gpu_hal,1,met_gpu_api,1,1,0,0,0,0,0,0,0,0
mtk_get_gpu_cur_oppidx_fp,0xd198fa9a,STOCK_MODULE,mtk_gpu_hal,1,mtk_gpufreq_wrapper,1,1,0,0,0,0,0,0,0,0
mtk_get_gpu_cur_oppidx_symbol,0x70b5d24c,STOCK_MODULE,met,1,met_gpu_api,1,1,0,0,0,0,0,0,0,0
mtk_get_gpu_floor_index,0x4b4a51fd,STOCK_MODULE,mtk_gpu_hal,1,met_gpu_api,1,1,0,0,0,0,0,0,0,0
mtk_get_gpu_floor_index_symbol,0x72aee08d,STOCK_MODULE,met,1,met_gpu_api,1,1,0,0,0,0,0,0,0,0
mtk_get_gpu_floor_limiter,0xd53f6b2e,STOCK_MODULE,mtk_gpu_hal,1,met_gpu_api,1,1,0,0,0,0,0,0,0,0
mtk_get_gpu_floor_limiter_symbol,0xaf7d83a0,STOCK_MODULE,met,1,met_gpu_api,1,1,0,0,0,0,0,0,0,0
mtk_get_gpu_idle,0xb004e4df,STOCK_MODULE,mtk_gpu_hal,1,ged;met_gpu_api,2,2,0,0,0,0,0,0,0,0
mtk_get_gpu_idle_fp,0x7ec8fead,STOCK_MODULE,mtk_gpu_hal,1,ged,1,1,0,0,0,0,0,0,0,0
mtk_get_gpu_idle_symbol,0xa8ebe0fb,STOCK_MODULE,met,1,met_gpu_api,1,1,0,0,0,0,0,0,0,0
mtk_get_gpu_limit_index_fp,0xbfe1810d,STOCK_MODULE,mtk_gpu_hal,1,mtk_gpufreq_wrapper,1,1,0,0,0,0,0,0,0,0
mtk_get_gpu_limiter_fp,0xae203d8c,STOCK_MODULE,mtk_gpu_hal,1,mtk_gpufreq_wrapper,1,1,0,0,0,0,0,0,0,0
mtk_get_gpu_loading,0x5bc52a09,STOCK_MODULE,mtk_gpu_hal,1,ged;mali_kbase_mt6878_r44;met_gpu_api;mtk_cg_peak_power_throttling;mtk_gpu_qos,5,5,0,0,0,0,0,0,0,0
mtk_get_gpu_loading_fp,0xc9568513,STOCK_MODULE,mtk_gpu_hal,1,ged,1,1,0,0,0,0,0,0,0,0
mtk_get_gpu_loading_symbol,0x72b028e3,STOCK_MODULE,met,1,met_gpu_api,1,1,0,0,0,0,0,0,0,0
mtk_get_gpu_memory_pool,0xeb6e0d35,STOCK_MODULE,mtk_gpu_hal,1,trace_mmstat,1,1,0,0,0,0,0,0,0,0
mtk_get_gpu_memory_pool_fp,0xd33ce470,STOCK_MODULE,mtk_gpu_hal,1,mali_kbase_mt6878_r44,1,1,0,0,0,0,0,0,0,0
mtk_get_gpu_memory_usage,0xdf1f2919,STOCK_MODULE,mtk_gpu_hal,1,trace_mmstat,1,1,0,0,0,0,0,0,0,0
mtk_get_gpu_memory_usage_fp,0x077ea4aa,STOCK_MODULE,mtk_gpu_hal,1,mali_kbase_mt6878_r44,1,1,0,0,0,0,0,0,0,0
mtk_get_gpu_pmu_deinit,0x2076be89,STOCK_MODULE,mtk_gpu_hal,1,met_gpu_adv_api,1,1,0,0,0,0,0,0,0,0
mtk_get_gpu_pmu_deinit_fp,0xd8d5d4a4,STOCK_MODULE,mtk_gpu_hal,1,mali_kbase_mt6878_r44,1,1,0,0,0,0,0,0,0,0
mtk_get_gpu_pmu_deinit_symbol,0x4ec40cd3,STOCK_MODULE,met,1,met_gpu_adv_api,1,1,0,0,0,0,0,0,0,0
mtk_get_gpu_pmu_init,0xedbcc342,STOCK_MODULE,mtk_gpu_hal,1,met_gpu_adv_api,1,1,0,0,0,0,0,0,0,0
mtk_get_gpu_pmu_init_fp,0x4f86ba0f,STOCK_MODULE,mtk_gpu_hal,1,mali_kbase_mt6878_r44,1,1,0,0,0,0,0,0,0,0
mtk_get_gpu_pmu_init_symbol,0x4c24332f,STOCK_MODULE,met,1,met_gpu_adv_api,1,1,0,0,0,0,0,0,0,0
mtk_get_gpu_pmu_swapnreset,0xbbd771ba,STOCK_MODULE,mtk_gpu_hal,1,met_gpu_adv_api,1,1,0,0,0,0,0,0,0,0
mtk_get_gpu_pmu_swapnreset_fp,0x48b99f36,STOCK_MODULE,mtk_gpu_hal,1,mali_kbase_mt6878_r44,1,1,0,0,0,0,0,0,0,0
mtk_get_gpu_pmu_swapnreset_stop,0xb0ecae0d,STOCK_MODULE,mtk_gpu_hal,1,met_gpu_adv_api,1,1,0,0,0,0,0,0,0,0
mtk_get_gpu_pmu_swapnreset_stop_fp,0x577190b7,STOCK_MODULE,mtk_gpu_hal,1,mali_kbase_mt6878_r44,1,1,0,0,0,0,0,0,0,0
mtk_get_gpu_pmu_swapnreset_stop_symbol,0xd59b63bf,STOCK_MODULE,met,1,met_gpu_adv_api,1,1,0,0,0,0,0,0,0,0
mtk_get_gpu_pmu_swapnreset_symbol,0xce385e13,STOCK_MODULE,met,1,met_gpu_adv_api,1,1,0,0,0,0,0,0,0,0
mtk_get_ipi_buf_scene_adsp,0x2418f7e9,STOCK_MODULE,snd_soc_audiodsp_common,1,mtk_sp_spk_amp,1,1,0,0,0,0,0,0,0,0
mtk_get_leakage,0x5875d7da,STOCK_MODULE,cpufreq_sugov_ext,1,mtk_core_ctl;scheduler,2,2,0,0,0,0,0,0,0,0
mtk_get_loading_base_dvfs_step,0xe56161ea,STOCK_MODULE,mtk_gpu_hal,1,ged,1,1,0,0,0,0,0,0,0,0
mtk_get_loading_base_dvfs_step_fp,0x4526daa5,STOCK_MODULE,mtk_gpu_hal,1,ged,1,1,0,0,0,0,0,0,0,0
mtk_get_mmap_dl_buffer,0x69389f2d,STOCK_MODULE,snd_soc_mtk_common,1,snd_soc_mt6878_afe,1,1,0,0,0,0,0,0,0,0
mtk_get_mmap_dl_fd,0x091c9fc8,STOCK_MODULE,snd_soc_mtk_common,1,snd_soc_mt6878_afe,1,1,0,0,0,0,0,0,0,0
mtk_get_mmap_ul_buffer,0xdbde3794,STOCK_MODULE,snd_soc_mtk_common,1,snd_soc_mt6878_afe,1,1,0,0,0,0,0,0,0,0
mtk_get_mmap_ul_fd,0xf485db6f,STOCK_MODULE,snd_soc_mtk_common,1,snd_soc_mt6878_afe,1,1,0,0,0,0,0,0,0,0
mtk_get_timer_base_dvfs_margin,0x0090a9e8,STOCK_MODULE,mtk_gpu_hal,1,ged,1,1,0,0,0,0,0,0,0,0
mtk_get_timer_base_dvfs_margin_fp,0xad5413dd,STOCK_MODULE,mtk_gpu_hal,1,ged,1,1,0,0,0,0,0,0,0,0
mtk_gether_cleanup,0x0a153013,STOCK_MODULE,mtk_u_ether,1,mtk_usb_f_rndis,1,1,0,0,0,0,0,0,0,0
mtk_gether_connect,0x5a13ef26,STOCK_MODULE,mtk_u_ether,1,mtk_usb_f_rndis,1,1,0,0,0,0,0,0,0,0
mtk_gether_disconnect,0x59fe2ca3,STOCK_MODULE,mtk_u_ether,1,mtk_usb_f_rndis,1,1,0,0,0,0,0,0,0,0
mtk_gether_get_dev_addr,0x24ca5a84,STOCK_MODULE,mtk_u_ether,1,mtk_usb_f_rndis,1,1,0,0,0,0,0,0,0,0
mtk_gether_get_host_addr,0xc523cda3,STOCK_MODULE,mtk_u_ether,1,mtk_usb_f_rndis,1,1,0,0,0,0,0,0,0,0
mtk_gether_get_host_addr_u8,0xf2fdc614,STOCK_MODULE,mtk_u_ether,1,mtk_usb_f_rndis,1,1,0,0,0,0,0,0,0,0
mtk_gether_get_ifname,0x6293e8bb,STOCK_MODULE,mtk_u_ether,1,mtk_usb_f_rndis,1,1,0,0,0,0,0,0,0,0
mtk_gether_get_qmult,0x6ad594e9,STOCK_MODULE,mtk_u_ether,1,mtk_usb_f_rndis,1,1,0,0,0,0,0,0,0,0
mtk_gether_register_netdev,0x733ef815,STOCK_MODULE,mtk_u_ether,1,mtk_usb_f_rndis,1,1,0,0,0,0,0,0,0,0
mtk_gether_set_dev_addr,0xdff74faa,STOCK_MODULE,mtk_u_ether,1,mtk_usb_f_rndis,1,1,0,0,0,0,0,0,0,0
mtk_gether_set_gadget,0xb2cb464e,STOCK_MODULE,mtk_u_ether,1,mtk_usb_f_rndis,1,1,0,0,0,0,0,0,0,0
mtk_gether_set_host_addr,0x1b5ab4b2,STOCK_MODULE,mtk_u_ether,1,mtk_usb_f_rndis,1,1,0,0,0,0,0,0,0,0
mtk_gether_set_qmult,0xcab31ca9,STOCK_MODULE,mtk_u_ether,1,mtk_usb_f_rndis,1,1,0,0,0,0,0,0,0,0
mtk_gether_setup_name_default,0xc08e6c80,STOCK_MODULE,mtk_u_ether,1,mtk_usb_f_rndis,1,1,0,0,0,0,0,0,0,0
mtk_gpu_fence_debug_dump,0x5c0ddd98,STOCK_MODULE,mtk_gpu_hal,1,ged,1,1,0,0,0,0,0,0,0,0
mtk_gpu_fence_debug_dump_fp,0xa158b102,STOCK_MODULE,mtk_gpu_hal,1,mali_kbase_mt6878_r44,1,1,0,0,0,0,0,0,0,0
mtk_gpueb_power_modle_cmd,0x7ac98637,STOCK_MODULE,ged,1,mtk_swpm_dbg_common_v1,1,1,0,0,0,0,0,0,0,0
mtk_hcp_allocate_working_buffer,0xafa0b058,STOCK_MODULE,mtk_hcp,1,mtk_imgsys_v4l2,1,1,0,0,0,0,0,0,0,0
mtk_hcp_get_dip_mem_cq_fd,0x6524732a,STOCK_MODULE,mtk_hcp,1,mtk_imgsys_isp7sp,1,1,0,0,0,0,0,0,0,0
mtk_hcp_get_dip_mem_tdr_fd,0x2afdabe8,STOCK_MODULE,mtk_hcp,1,mtk_imgsys_isp7sp,1,1,0,0,0,0,0,0,0,0
mtk_hcp_get_dip_mem_virt,0x6523dc45,STOCK_MODULE,mtk_hcp,1,mtk_imgsys_isp7sp,1,1,0,0,0,0,0,0,0,0
mtk_hcp_get_gce_buffer,0x9386a381,STOCK_MODULE,mtk_hcp,1,mtk_imgsys_v4l2,1,1,0,0,0,0,0,0,0,0
mtk_hcp_get_gce_mem_virt,0xa1721c62,STOCK_MODULE,mtk_hcp,1,mtk_imgsys_v4l2,1,1,0,0,0,0,0,0,0,0
mtk_hcp_get_gce_token_mem_virt,0x744d5694,STOCK_MODULE,mtk_hcp,1,mtk_imgsys_v4l2,1,1,0,0,0,0,0,0,0,0
mtk_hcp_get_hwid_mem_virt,0x89c0a7f8,STOCK_MODULE,mtk_hcp,1,mtk_imgsys_v4l2,1,1,0,0,0,0,0,0,0,0
mtk_hcp_get_init_info,0xd392e390,STOCK_MODULE,mtk_hcp,1,mtk_imgsys_v4l2,1,1,0,0,0,0,0,0,0,0
mtk_hcp_get_plat_device,0x81a99464,STOCK_MODULE,mtk_hcp,1,mtk_imgsys_v4l2,1,1,0,0,0,0,0,0,0,0
mtk_hcp_get_pqdip_mem_cq_fd,0xe970a81c,STOCK_MODULE,mtk_hcp,1,mtk_imgsys_isp7sp,1,1,0,0,0,0,0,0,0,0
mtk_hcp_get_pqdip_mem_tdr_fd,0xe5cb6aaa,STOCK_MODULE,mtk_hcp,1,mtk_imgsys_isp7sp,1,1,0,0,0,0,0,0,0,0
mtk_hcp_get_pqdip_mem_virt,0x68dc2b2e,STOCK_MODULE,mtk_hcp,1,mtk_imgsys_isp7sp,1,1,0,0,0,0,0,0,0,0
mtk_hcp_get_traw_mem_cq_fd,0x2352aa57,STOCK_MODULE,mtk_hcp,1,mtk_imgsys_isp7sp,1,1,0,0,0,0,0,0,0,0
mtk_hcp_get_traw_mem_tdr_fd,0x040fd0b0,STOCK_MODULE,mtk_hcp,1,mtk_imgsys_isp7sp,1,1,0,0,0,0,0,0,0,0
mtk_hcp_get_traw_mem_virt,0xd36ca51d,STOCK_MODULE,mtk_hcp,1,mtk_imgsys_isp7sp,1,1,0,0,0,0,0,0,0,0
mtk_hcp_get_wpe_mem_cq_fd,0x55d8bda5,STOCK_MODULE,mtk_hcp,1,mtk_imgsys_isp7sp,1,1,0,0,0,0,0,0,0,0
mtk_hcp_get_wpe_mem_tdr_fd,0x57cac997,STOCK_MODULE,mtk_hcp,1,mtk_imgsys_isp7sp,1,1,0,0,0,0,0,0,0,0
mtk_hcp_get_wpe_mem_virt,0x2c12baaa,STOCK_MODULE,mtk_hcp,1,mtk_imgsys_isp7sp,1,1,0,0,0,0,0,0,0,0
mtk_hcp_ioc_release_working_buffer,0xb9f229ae,STOCK_MODULE,mtk_hcp,1,mtk_imgsys_v4l2,1,1,0,0,0,0,0,0,0,0
mtk_hcp_partial_flush,0xe78c4046,STOCK_MODULE,mtk_hcp,1,mtk_imgsys_isp7sp,1,1,0,0,0,0,0,0,0,0
mtk_hcp_purge_msg,0x87806b8c,STOCK_MODULE,mtk_hcp,1,mtk_imgsys_v4l2,1,1,0,0,0,0,0,0,0,0
mtk_hcp_put_gce_buffer,0xc56fabf8,STOCK_MODULE,mtk_hcp,1,mtk_imgsys_v4l2,1,1,0,0,0,0,0,0,0,0
mtk_hcp_register,0x45ec00dc,STOCK_MODULE,mtk_hcp,1,mtk_imgsys_v4l2,1,1,0,0,0,0,0,0,0,0
mtk_hcp_release_gce_working_buffer,0x706dcc43,STOCK_MODULE,mtk_hcp,1,mtk_imgsys_v4l2,1,1,0,0,0,0,0,0,0,0
mtk_hcp_send,0xcf416754,STOCK_MODULE,mtk_hcp,1,mtk_imgsys_v4l2,1,1,0,0,0,0,0,0,0,0
mtk_hcp_send_async,0xd90e7945,STOCK_MODULE,mtk_hcp,1,mtk_imgsys_v4l2,1,1,0,0,0,0,0,0,0,0
mtk_hcp_set_KernelFence,0xba6882a1,STOCK_MODULE,mtk_hcp,1,mtk_imgsys_v4l2,1,1,0,0,0,0,0,0,0,0
mtk_hcp_set_apu_dc,0x03ed023b,STOCK_MODULE,mtk_hcp,1,mtk_imgsys_v4l2,1,1,0,0,0,0,0,0,0,0
mtk_hcp_unregister,0x4823183a,STOCK_MODULE,mtk_hcp,1,mtk_imgsys_v4l2,1,1,0,0,0,0,0,0,0,0
mtk_hw_get_value,0x36abcdc3,STOCK_MODULE,pinctrl_mtk_v2,1,pinctrl_mtk_common_v2_debug,1,1,0,0,0,0,0,0,0,0
mtk_hw_set_value,0x9a6a4c16,STOCK_MODULE,pinctrl_mtk_v2,1,pinctrl_mtk_common_v2_debug,1,1,0,0,0,0,0,0,0,0
mtk_hwv_mux_ops,0xdbdb6c8e,STOCK_MODULE,clk_common,1,clk_mt6878,1,1,0,0,0,0,0,0,0,0
mtk_icc_link_create,0x5fa0ae7c,STOCK_MODULE,mtk_icc_core,1,mmqos_common,1,1,0,0,0,0,0,0,0,0
mtk_icc_node_add,0x3a6a4921,STOCK_MODULE,mtk_icc_core,1,mmqos_common,1,1,0,0,0,0,0,0,0,0
mtk_icc_node_create,0x679cf96b,STOCK_MODULE,mtk_icc_core,1,mmqos_common,1,1,0,0,0,0,0,0,0,0
mtk_icc_node_del,0x292c5af7,STOCK_MODULE,mtk_icc_core,1,mmqos_common,1,1,0,0,0,0,0,0,0,0
mtk_icc_node_destroy,0xd6e12eba,STOCK_MODULE,mtk_icc_core,1,mmqos_common,1,1,0,0,0,0,0,0,0,0
mtk_icc_provider_add,0x2d83e6a5,STOCK_MODULE,mtk_icc_core,1,mmqos_common,1,1,0,0,0,0,0,0,0,0
mtk_icc_provider_del,0x3c05091c,STOCK_MODULE,mtk_icc_core,1,mmqos_common,1,1,0,0,0,0,0,0,0,0
mtk_icc_set_bw,0x6fd26304,STOCK_MODULE,mtk_icc_core,1,mdp_drv_mt6878;mediatek_drm;mtk_cam_isp7sp;mtk_ccuv;mtk_imgsys_cmdq;mtk_jpeg;mtk_mml;mtk_vcodec_dec_v1;mtk_vcodec_enc_v1;pda_drv_mt6878,10,10,0,0,0,0,0,0,0,0
mtk_imgsys_cmdq_get_plat_dev,0x7e851706,STOCK_MODULE,mtk_imgsys_cmdq,1,mtk_imgsys_v4l2,1,1,0,0,0,0,0,0,0,0
mtk_imgsys_mmdvfs_init,0x3cc76f66,STOCK_MODULE,mtk_imgsys_cmdq,1,mtk_imgsys_v4l2,1,1,0,0,0,0,0,0,0,0
mtk_imgsys_mmdvfs_uninit,0xfc351e44,STOCK_MODULE,mtk_imgsys_cmdq,1,mtk_imgsys_v4l2,1,1,0,0,0,0,0,0,0,0
mtk_imgsys_mmqos_init,0x4db2b32e,STOCK_MODULE,mtk_imgsys_cmdq,1,mtk_imgsys_v4l2,1,1,0,0,0,0,0,0,0,0
mtk_imgsys_mmqos_uninit,0x4bf034c3,STOCK_MODULE,mtk_imgsys_cmdq,1,mtk_imgsys_v4l2,1,1,0,0,0,0,0,0,0,0
mtk_imgsys_power_ctrl,0x1f74d120,STOCK_MODULE,mtk_imgsys_cmdq,1,mtk_imgsys_v4l2,1,1,0,0,0,0,0,0,0,0
mtk_imgsys_probe,0x3c1307d5,STOCK_MODULE,mtk_imgsys_v4l2,1,mtk_imgsys_isp7sp,1,1,0,0,0,0,0,0,0,0
mtk_imgsys_remove,0x0c9e9730,STOCK_MODULE,mtk_imgsys_v4l2,1,mtk_imgsys_isp7sp,1,1,0,0,0,0,0,0,0,0
mtk_imgsys_runtime_resume,0xb9ee0e71,STOCK_MODULE,mtk_imgsys_v4l2,1,mtk_imgsys_isp7sp,1,1,0,0,0,0,0,0,0,0
mtk_imgsys_runtime_suspend,0x205ebd26,STOCK_MODULE,mtk_imgsys_v4l2,1,mtk_imgsys_isp7sp,1,1,0,0,0,0,0,0,0,0
mtk_imgsys_shutdown,0x50b1d006,STOCK_MODULE,mtk_imgsys_v4l2,1,mtk_imgsys_isp7sp,1,1,0,0,0,0,0,0,0,0
mtk_iommu_debug_reset,0x3cb0e023,STOCK_MODULE,iommu_debug,1,mtk_iommu,1,1,0,0,0,0,0,0,0,0
mtk_iommu_get_mau_config,0x61bc7847,STOCK_MODULE,iommu_debug,1,mtk_iommu,1,1,0,0,0,0,0,0,0,0
mtk_iommu_get_port_name,0xfa5ae31f,STOCK_MODULE,iommu_debug,1,mtk_iommu,1,1,0,0,0,0,0,0,0,0
mtk_iommu_pm_trace,0xd16b9a0e,STOCK_MODULE,iommu_debug,1,mtk_iommu,1,1,0,0,0,0,0,0,0,0
mtk_iommu_register_fault_callback,0x79146c3e,STOCK_MODULE,iommu_debug,1,mdp_drv_mt6878;mediatek_drm;mtk_aie_debug_7sp_2;mtk_cam_isp7sp;mtk_cmdq_drv_ext;mtk_imgsys_v4l2;mtk_vcodec_dec_v1;mtk_vcodec_enc_v1,8,8,0,0,0,0,0,0,0,0
mtk_iommu_sec_bk_init_by_atf,0xfbe64611,STOCK_MODULE,iommu_secure,1,mtk_iommu,1,1,0,0,0,0,0,0,0,0
mtk_iommu_sec_bk_irq_en_by_atf,0xc41530a5,STOCK_MODULE,iommu_secure,1,mtk_iommu,1,1,0,0,0,0,0,0,0,0
mtk_iommu_secure_bk_backup_by_atf,0x41fd9201,STOCK_MODULE,iommu_secure,1,mtk_iommu,1,1,0,0,0,0,0,0,0,0
mtk_iommu_secure_bk_restore_by_atf,0xca1843ca,STOCK_MODULE,iommu_secure,1,mtk_iommu,1,1,0,0,0,0,0,0,0,0
mtk_iommu_secure_bk_tf_dump,0x64af7550,STOCK_MODULE,iommu_secure,1,mtk_iommu,1,1,0,0,0,0,0,0,0,0
mtk_iommu_set_ops,0x53d5fe78,STOCK_MODULE,iommu_debug,1,mtk_iommu,1,1,0,0,0,0,0,0,0,0
mtk_iommu_tlb_sync_trace,0x5f475efb,STOCK_MODULE,iommu_debug,1,mtk_iommu,1,1,0,0,0,0,0,0,0,0
mtk_iommu_update_pm_status,0x16af3b30,STOCK_MODULE,iommu_debug,1,apusys,1,1,0,0,0,0,0,0,0,0
mtk_iova_map,0xf843029e,STOCK_MODULE,iommu_debug,1,mtk_iommu,1,1,0,0,0,0,0,0,0,0
mtk_iova_map_dump,0x475a335d,STOCK_MODULE,iommu_debug,1,mtk_iommu,1,1,0,0,0,0,0,0,0,0
mtk_iova_unmap,0x4565a0fa,STOCK_MODULE,iommu_debug,1,mtk_iommu,1,1,0,0,0,0,0,0,0,0
mtk_ipi_device_register,0xbdb7a098,STOCK_MODULE,mtk_tinysys_ipi,1,gpueb;mcupm;scp;vcp,4,4,0,0,0,0,0,0,0,0
mtk_ipi_mux_ops,0xbfe0ef07,STOCK_MODULE,clk_common,1,clk_mt6878,1,1,0,0,0,0,0,0,0,0
mtk_ipi_recv_reply,0x35a6e1e2,STOCK_MODULE,mtk_tinysys_ipi,1,met_ipi_api;scp,2,2,0,0,0,0,0,0,0,0
mtk_ipi_recv_reply_symbol,0x3147ea9b,STOCK_MODULE,met,1,met_ipi_api,1,1,0,0,0,0,0,0,0,0
mtk_ipi_register,0x825ce65b,STOCK_MODULE,mtk_tinysys_ipi,1,ccci_fsm_scp;connscp;fhctl;ged;gpueb;mcupm;met_ipi_api;mtk_gpufreq_wrapper;mtk_vcodec_dec_v1;mtk_vcodec_enc_v1;mtk_vow;scp;sensorhub;snd_soc_audiodsp_common;snd_soc_mtk_scp_ultra;vcp,16,16,0,0,0,0,0,0,0,0
mtk_ipi_register_symbol,0x7170a7e4,STOCK_MODULE,met,1,met_ipi_api,1,1,0,0,0,0,0,0,0,0
mtk_ipi_send,0x19bb8852,STOCK_MODULE,mtk_tinysys_ipi,1,ccci_fsm_scp;connscp;met_ipi_api;mmqos_common;mtk_mmdvfs_v3;mtk_vcodec_dec_v1;mtk_vcodec_enc_v1;mtk_vow;scp;sensorhub;snd_soc_mtk_scp_ultra;vcp,12,12,0,0,0,0,0,0,0,0
mtk_ipi_send_compl,0x705006af,STOCK_MODULE,mtk_tinysys_ipi,1,fhctl;ged;gpueb;mcupm;met_ipi_api;mtk_gpufreq_wrapper;scp;vcp,8,8,0,0,0,0,0,0,0,0
mtk_ipi_send_compl_symbol,0x7a43f1a4,STOCK_MODULE,met,1,met_ipi_api,1,1,0,0,0,0,0,0,0,0
mtk_ipi_send_symbol,0xb6366201,STOCK_MODULE,met,1,met_ipi_api,1,1,0,0,0,0,0,0,0,0
mtk_ipi_unregister,0xa55a0ebf,STOCK_MODULE,mtk_tinysys_ipi,1,connscp;met_ipi_api;sensorhub,3,3,0,0,0,0,0,0,0,0
mtk_ipi_unregister_symbol,0x870c3bd2,STOCK_MODULE,met,1,met_ipi_api,1,1,0,0,0,0,0,0,0,0
mtk_irq_set_disable,0x690eb20a,STOCK_MODULE,snd_soc_mtk_common,1,snd_soc_mt6878_afe,1,1,0,0,0,0,0,0,0,0
mtk_irq_set_enable,0xa8278a54,STOCK_MODULE,snd_soc_mtk_common,1,snd_soc_mt6878_afe,1,1,0,0,0,0,0,0,0,0
mtk_is_mmdvfs_v3_debug_init_done,0x31979ff1,STOCK_MODULE,mtk_mmdvfs_debug,1,mtk_mmdvfs_v3_start,1,1,0,0,0,0,0,0,0,0
mtk_is_virt_gpio,0x04443143,STOCK_MODULE,pinctrl_mtk_v2,1,pinctrl_mtk_common_v2_debug,1,1,0,0,0,0,0,0,0,0
mtk_lcm_dsi_ddic_handler,0x0256dbb9,STOCK_MODULE,mediatek_drm,1,mediatek_drm_panel_drv,1,1,0,0,0,0,0,0,0,0
mtk_leds_brightness_set,0xb18f62f3,STOCK_MODULE,leds_mtk,1,mediatek_drm,1,1,0,0,0,0,0,0,0,0
mtk_leds_register_notifier,0x9d282f02,STOCK_MODULE,leds_mtk,1,mediatek_drm;mediatek_drm_gateic;met_backlight_api;rt4831a_drv;thermal_interface,5,5,0,0,0,0,0,0,0,0
mtk_leds_register_notifier_symbol,0x130d9316,STOCK_MODULE,met,1,met_backlight_api,1,1,0,0,0,0,0,0,0,0
mtk_leds_unregister_notifier,0xf79d16ab,STOCK_MODULE,leds_mtk,1,mediatek_drm;mediatek_drm_gateic;met_backlight_api;rt4831a_drv;thermal_interface,5,5,0,0,0,0,0,0,0,0
mtk_leds_unregister_notifier_symbol,0xa481015e,STOCK_MODULE,met,1,met_backlight_api,1,1,0,0,0,0,0,0,0,0
mtk_loading_base_dvfs_step,0x837aa15b,STOCK_MODULE,mtk_gpu_hal,1,ged,1,1,0,0,0,0,0,0,0,0
mtk_loading_base_dvfs_step_fp,0x62d513cd,STOCK_MODULE,mtk_gpu_hal,1,ged,1,1,0,0,0,0,0,0,0,0
mtk_lp_sysfs_entry_func_create,0x55067d21,STOCK_MODULE,mtk_lpm,1,mtk_lpm_dbg_common_v2,1,1,0,0,0,0,0,0,0,0
mtk_lp_sysfs_entry_func_node_add,0x7c5ba4c8,STOCK_MODULE,mtk_lpm,1,mtk_lpm_dbg_common_v2,1,1,0,0,0,0,0,0,0,0
mtk_lpm_sysfs_entry_node_remove,0x12d88946,STOCK_MODULE,mtk_lpm,1,mtk_lpm_dbg_common_v2,1,1,0,0,0,0,0,0,0,0
mtk_lpm_sysfs_root_entry_create,0xef93aa82,STOCK_MODULE,mtk_lpm,1,mtk_lpm_dbg_common_v2,1,1,0,0,0,0,0,0,0,0
mtk_lpm_sysfs_sub_entry_add,0x12c27859,STOCK_MODULE,mtk_lpm,1,mtk_lpm_dbg_common_v2,1,1,0,0,0,0,0,0,0,0
mtk_lpm_sysfs_sub_entry_node_add,0x09bd7da0,STOCK_MODULE,mtk_lpm,1,mtk_lpm_dbg_common_v2,1,1,0,0,0,0,0,0,0,0
mtk_ltr_gpu_pmu_start,0x5e214817,STOCK_MODULE,mtk_gpu_hal,1,mtk_perf_common,1,1,0,0,0,0,0,0,0,0
mtk_ltr_gpu_pmu_start_fp,0xa9ae58c9,STOCK_MODULE,mtk_gpu_hal,1,mali_kbase_mt6878_r44,1,1,0,0,0,0,0,0,0,0
mtk_ltr_gpu_pmu_stop,0xd5637474,STOCK_MODULE,mtk_gpu_hal,1,mtk_perf_common;mtk_swpm_dbg_common_v1,2,2,0,0,0,0,0,0,0,0
mtk_ltr_gpu_pmu_stop_fp,0x26dbd395,STOCK_MODULE,mtk_gpu_hal,1,mali_kbase_mt6878_r44,1,1,0,0,0,0,0,0,0,0
mtk_map_util_freq,0x0d604f97,STOCK_MODULE,cpufreq_sugov_ext,1,scheduler,1,1,0,0,0,0,0,0,0,0
mtk_mbox_check_send_irq,0x80bd521e,STOCK_MODULE,mtk_mbox,1,adsp;mcupm;mtk_rpmsg_mbox;mtk_scp_audiocommon,4,4,0,0,0,0,0,0,0,0
mtk_mbox_clr_index_record,0xa83c1d47,STOCK_MODULE,mtk_mbox,1,scp,1,1,0,0,0,0,0,0,0,0
mtk_mbox_dump_recv_pin,0xe5fbbdd9,STOCK_MODULE,mtk_mbox,1,adsp;mtk_tinysys_ipi,2,2,0,0,0,0,0,0,0,0
mtk_mbox_get_index_record,0x62943794,STOCK_MODULE,mtk_mbox,1,scp,1,1,0,0,0,0,0,0,0,0
mtk_mbox_polling,0x1208cd68,STOCK_MODULE,mtk_mbox,1,mtk_tinysys_ipi,1,1,0,0,0,0,0,0,0,0
mtk_mbox_probe,0x5c3b8200,STOCK_MODULE,mtk_mbox,1,adsp;gpueb;mcupm;mtk_scp_audiocommon;scp;vcp,6,6,0,0,0,0,0,0,0,0
mtk_mbox_read,0xf2910de5,STOCK_MODULE,mtk_mbox,1,mcupm;scp,2,2,0,0,0,0,0,0,0,0
mtk_mbox_read_recv_irq,0x4d87de50,STOCK_MODULE,mtk_mbox,1,scp,1,1,0,0,0,0,0,0,0,0
mtk_mbox_reset_record,0x4722108b,STOCK_MODULE,mtk_mbox,1,mtk_tinysys_ipi,1,1,0,0,0,0,0,0,0,0
mtk_mbox_trigger_irq,0x7170bb6f,STOCK_MODULE,mtk_mbox,1,adsp;mtk_rpmsg_mbox;mtk_scp_audiocommon,3,3,0,0,0,0,0,0,0,0
mtk_mbox_write,0xd60fa245,STOCK_MODULE,mtk_mbox,1,adsp;gpueb;mcupm;mtk_rpmsg_mbox,4,4,0,0,0,0,0,0,0,0
mtk_mbox_write_hd,0x987931e5,STOCK_MODULE,mtk_mbox,1,adsp;mtk_scp_audiocommon,2,2,0,0,0,0,0,0,0,0
mtk_memif_set_addr,0x3737a7b9,STOCK_MODULE,snd_soc_mtk_common,1,snd_soc_mt6878_afe,1,1,0,0,0,0,0,0,0,0
mtk_memif_set_disable,0x9e796ec8,STOCK_MODULE,snd_soc_mtk_common,1,snd_soc_mt6878_afe,1,1,0,0,0,0,0,0,0,0
mtk_memif_set_enable,0xb08186c7,STOCK_MODULE,snd_soc_mtk_common,1,snd_soc_mt6878_afe,1,1,0,0,0,0,0,0,0,0
mtk_memif_set_pbuf_size,0x315c0d4b,STOCK_MODULE,snd_soc_mtk_common,1,snd_soc_mt6878_afe,1,1,0,0,0,0,0,0,0,0
mtk_mmdvfs_camera_notify,0x87db6ab0,STOCK_MODULE,mtk_mmdvfs_v3,1,mtk_vmm_notifier,1,1,0,0,0,0,0,0,0,0
mtk_mmdvfs_camsv_dc_enable,0x9cddf013,STOCK_MODULE,mtk_mmdvfs_v3,1,mtk_cam_isp7sp,1,1,0,0,0,0,0,0,0,0
mtk_mmdvfs_debug_release_step0,0xd46d2158,STOCK_MODULE,mtk_mmdvfs_debug,1,mmqos_common,1,1,0,0,0,0,0,0,0,0
mtk_mmdvfs_enable_ccu,0xd5d833d2,STOCK_MODULE,mtk_mmdvfs_v3,1,mtk_imgsys_cmdq;mtk_imgsys_v4l2,2,2,0,0,0,0,0,0,0,0
mtk_mmdvfs_enable_vcp,0x7eb4d0e0,STOCK_MODULE,mtk_mmdvfs_v3,1,camera_dpe_isp7sp;mdp_drv_mt6878;mmqos_common;mtk_cam_isp7sp;mtk_dpc;mtk_imgsys_cmdq;mtk_imgsys_v4l2;mtk_jpeg;mtk_mmdvfs_v3_start;mtk_mml;mtk_vcodec_dec_v1;mtk_vcodec_enc_v1;pda_drv_mt6878,13,13,0,0,0,0,0,0,0,0
mtk_mmdvfs_fmeter_register_notifier,0x596a05ff,STOCK_MODULE,mtk_mmdvfs_v3,1,mtk_mmdvfs_debug,1,1,0,0,0,0,0,0,0,0
mtk_mmdvfs_genpd_notify,0xd3756b8e,STOCK_MODULE,mtk_mmdvfs_v3,1,mtk_vmm_notifier,1,1,0,0,0,0,0,0,0,0
mtk_mmdvfs_v3_get_force_step,0x57ced2d0,STOCK_MODULE,mtk_mmdvfs_v3,1,mtk_mmdvfs_debug,1,1,0,0,0,0,0,0,0,0
mtk_mmdvfs_v3_set_force_step,0xf68df9c6,STOCK_MODULE,mtk_mmdvfs_v3,1,mtk_mmdvfs_debug,1,1,0,0,0,0,0,0,0,0
mtk_mmdvfs_v3_set_vote_step,0xd5351405,STOCK_MODULE,mtk_mmdvfs_v3,1,mtk_mmdvfs_debug,1,1,0,0,0,0,0,0,0,0
mtk_mminfra_off_gipc,0x35812b3b,STOCK_MODULE,mtk_mminfra_debug,1,mediatek_drm,1,1,0,0,0,0,0,0,0,0
mtk_mml_msg,0x7148f48d,STOCK_MODULE,mtk_mml,1,mtk_mml_mt6878,1,1,0,0,0,0,0,0,0,0
mtk_mmqos_get_avail_hrt_bw,0x1526a3b5,STOCK_MODULE,mmqos_common,1,mediatek_drm,1,1,0,0,0,0,0,0,0,0
mtk_mmqos_get_cam_hrt,0x15bd5cb7,STOCK_MODULE,mmqos_common,1,mediatek_drm,1,1,0,0,0,0,0,0,0,0
mtk_mmqos_is_dualpipe_enable,0xb6c47456,STOCK_MODULE,mmqos_common,1,mediatek_drm,1,1,0,0,0,0,0,0,0,0
mtk_mmqos_register_bw_throttle_notifier,0xdb7ec430,STOCK_MODULE,mmqos_common,1,mediatek_drm,1,1,0,0,0,0,0,0,0,0
mtk_mmqos_remove,0xb067dc9a,STOCK_MODULE,mmqos_common,1,mmqos_mt6878,1,1,0,0,0,0,0,0,0,0
mtk_mmqos_v2_probe,0xf6f50fd6,STOCK_MODULE,mmqos_common,1,mmqos_mt6878,1,1,0,0,0,0,0,0,0,0
mtk_mmqos_wait_throttle_done,0x047c826f,STOCK_MODULE,mmqos_common,1,mtk_cam_isp7sp,1,1,0,0,0,0,0,0,0,0
mtk_mux_clr_set_ops,0x5c93ee15,STOCK_MODULE,clk_common,1,clk_mt6878,1,1,0,0,0,0,0,0,0,0
mtk_mux_clr_set_upd_ops,0x5dacac3b,STOCK_MODULE,clk_common,1,clk_mt6878,1,1,0,0,0,0,0,0,0,0
mtk_mux_gate_clr_set_upd_ops,0x70a586fb,STOCK_MODULE,clk_common,1,clk_mt6878,1,1,0,0,0,0,0,0,0,0
mtk_mux_user_ops,0x1612f10d,STOCK_MODULE,clk_common,1,mtk_mmdvfs_v3,1,1,0,0,0,0,0,0,0,0
mtk_notify_gpu_freq_change,0x0279e4f6,STOCK_MODULE,mtk_gpu_hal,1,ged,1,1,0,0,0,0,0,0,0,0
mtk_notify_gpu_freq_change_fp,0x3692d973,STOCK_MODULE,mtk_gpu_hal,1,mali_kbase_mt6878_r44,1,1,0,0,0,0,0,0,0,0
mtk_notify_gpu_power_change,0x06a043ba,STOCK_MODULE,mtk_gpu_hal,1,mali_kbase_mt6878_r44,1,1,0,0,0,0,0,0,0,0
mtk_panel_detach,0xdeb133c5,STOCK_MODULE,mtk_panel_ext,1,panel_ky_vtdr6115_dphy_cmd,1,1,0,0,0,0,0,0,0,0
mtk_panel_ext_create,0xea18945b,STOCK_MODULE,mtk_panel_ext,1,mediatek_drm_panel_drv;panel_ky_vtdr6115_dphy_cmd,2,2,0,0,0,0,0,0,0,0
mtk_panel_remove,0x5d406eb0,STOCK_MODULE,mtk_panel_ext,1,panel_ky_vtdr6115_dphy_cmd,1,1,0,0,0,0,0,0,0,0
mtk_panel_tch_handle_reg,0x5adffa30,STOCK_MODULE,mtk_panel_ext,1,mediatek_drm_panel_drv;panel_ky_vtdr6115_dphy_cmd,2,2,0,0,0,0,0,0,0,0
mtk_panel_tch_rst,0x61b60fd9,STOCK_MODULE,mtk_panel_ext,1,mediatek_drm_panel_drv,1,1,0,0,0,0,0,0,0,0
mtk_paris_pinctrl_pm_ops,0x717440da,STOCK_MODULE,pinctrl_mtk_v2,1,pinctrl_mt6878,1,1,0,0,0,0,0,0,0,0
mtk_paris_pinctrl_probe,0xf6aec8a7,STOCK_MODULE,pinctrl_mtk_v2,1,pinctrl_mt6878,1,1,0,0,0,0,0,0,0,0
mtk_pctrl_show_one_pin,0x2cebdc18,STOCK_MODULE,pinctrl_mtk_v2,1,pinctrl_mtk_common_v2_debug,1,1,0,0,0,0,0,0,0,0
mtk_pinconf_adv_drive_get,0x5823900c,STOCK_MODULE,pinctrl_mtk_v2,1,pinctrl_mt6878,1,1,0,0,0,0,0,0,0,0
mtk_pinconf_adv_drive_set,0x78aaf14e,STOCK_MODULE,pinctrl_mtk_v2,1,pinctrl_mt6878,1,1,0,0,0,0,0,0,0,0
mtk_pinconf_bias_get_combo,0x0028780d,STOCK_MODULE,pinctrl_mtk_v2,1,pinctrl_mt6878,1,1,0,0,0,0,0,0,0,0
mtk_pinconf_bias_set_combo,0xa6facbf8,STOCK_MODULE,pinctrl_mtk_v2,1,pinctrl_mt6878,1,1,0,0,0,0,0,0,0,0
mtk_register_gpu_power_change,0xd197876c,STOCK_MODULE,mtk_gpu_hal,1,ged;mtk_gpu_qos,2,2,0,0,0,0,0,0,0,0
mtk_register_power_domains,0xeb7f89da,STOCK_MODULE,mtk_scpsys,1,mtk_scpsys_mt6878,1,1,0,0,0,0,0,0,0,0
mtk_register_swpm_ops,0xec2a6a0f,STOCK_MODULE,mtk_swpm,1,mtk_swpm_dbg_v6878,1,1,0,0,0,0,0,0,0,0
mtk_regmap_update_bits,0x8681cb8c,STOCK_MODULE,snd_soc_mtk_common,1,snd_soc_mt6878_afe,1,1,0,0,0,0,0,0,0,0
mtk_rpmsg_create_channel,0xb1fef50a,STOCK_MODULE,mtk_rpmsg_mbox,1,mtk_tinysys_ipi,1,1,0,0,0,0,0,0,0,0
mtk_rpmsg_create_device,0x639753b0,STOCK_MODULE,mtk_rpmsg_mbox,1,mtk_tinysys_ipi,1,1,0,0,0,0,0,0,0,0
mtk_rpmsg_create_rproc_subdev,0xbcefcefe,STOCK_MODULE,ccd_rpmsg,1,mtk_ccd_remoteproc,1,1,0,0,0,0,0,0,0,0
mtk_rpmsg_destroy_rpmsgdev,0xc9e25960,STOCK_MODULE,ccd_rpmsg,1,mtk_ccd_remoteproc,1,1,0,0,0,0,0,0,0,0
mtk_rpmsg_destroy_rproc_subdev,0x86903274,STOCK_MODULE,ccd_rpmsg,1,mtk_ccd_remoteproc,1,1,0,0,0,0,0,0,0,0
mtk_save_uart_apdma_reg,0x220aab06,STOCK_MODULE,mtk_uart_apdma,1,8250_mtk,1,1,0,0,0,0,0,0,0,0
mtk_scp_ipi_send,0x61dba3b7,STOCK_MODULE,snd_soc_audiodsp_common,1,mtk_soc_offload_common,1,1,0,0,0,0,0,0,0,0
mtk_set_bottom_gpu_freq,0xa3723568,STOCK_MODULE,mtk_gpu_hal,1,ged,1,1,0,0,0,0,0,0,0,0
mtk_set_bottom_gpu_freq_fp,0x02adb4e4,STOCK_MODULE,mtk_gpu_hal,1,ged,1,1,0,0,0,0,0,0,0,0
mtk_set_fastdvfs_mode,0xe920b044,STOCK_MODULE,mtk_gpu_hal,1,ged,1,1,0,0,0,0,0,0,0,0
mtk_set_fastdvfs_mode_fp,0x3f8981d2,STOCK_MODULE,mtk_gpu_hal,1,ged,1,1,0,0,0,0,0,0,0,0
mtk_set_gpu_idle,0x086c39c4,STOCK_MODULE,mtk_gpu_hal,1,ged,1,1,0,0,0,0,0,0,0,0
mtk_set_gpu_idle_fp,0x3b0da3a7,STOCK_MODULE,mtk_gpu_hal,1,mali_kbase_mt6878_r44,1,1,0,0,0,0,0,0,0,0
mtk_smem_init,0x124493ab,STOCK_MODULE,mtk_mbox,1,gpueb;mcupm,2,2,0,0,0,0,0,0,0,0
mtk_smi_check_comm_ref_cnt,0xe6085c29,STOCK_MODULE,mtk_smi,1,mtk_smi_dbg,1,1,0,0,0,0,0,0,0,0
mtk_smi_check_larb_ref_cnt,0x78b4b1ff,STOCK_MODULE,mtk_smi,1,mtk_smi_dbg,1,1,0,0,0,0,0,0,0,0
mtk_smi_common_bw_set,0x0fb67c14,STOCK_MODULE,mtk_smi,1,mmqos_common,1,1,0,0,0,0,0,0,0,0
mtk_smi_common_ostdl_set,0x000578c1,STOCK_MODULE,mtk_smi,1,mmqos_common,1,1,0,0,0,0,0,0,0,0
mtk_smi_dbg_cg_status,0x18135df6,STOCK_MODULE,mtk_smi_dbg,1,mtk_mminfra_debug,1,1,0,0,0,0,0,0,0,0
mtk_smi_dbg_dump_for_disp,0x979fc78c,STOCK_MODULE,mtk_smi_dbg,1,mediatek_drm,1,1,0,0,0,0,0,0,0,0
mtk_smi_dbg_dump_for_isp_fast,0xff44cfe7,STOCK_MODULE,mtk_smi_dbg,1,mtk_imgsys_cmdq,1,1,0,0,0,0,0,0,0,0
mtk_smi_dbg_dump_for_mminfra,0x29c0975f,STOCK_MODULE,mtk_smi_dbg,1,mtk_mminfra_debug;vcp,2,2,0,0,0,0,0,0,0,0
mtk_smi_dbg_dump_for_mml,0xecbbce20,STOCK_MODULE,mtk_smi_dbg,1,mtk_mml,1,1,0,0,0,0,0,0,0,0
mtk_smi_dbg_dump_for_venc,0x2f5ac86e,STOCK_MODULE,mtk_smi_dbg,1,mtk_vcodec_enc_v1,1,1,0,0,0,0,0,0,0,0
mtk_smi_dbg_hang_detect,0x689f7bde,STOCK_MODULE,mtk_smi_dbg,1,mdp_drv_mt6878;mediatek_drm;mtk_cam_isp7sp;mtk_ccuv;mtk_cmdq_drv_ext;mtk_imgsys_cmdq;mtk_iommu;mtk_mminfra_debug;mtk_vcodec_enc_v1,9,9,0,0,0,0,0,0,0,0
mtk_smi_dbg_register_force_on_notifier,0x6f4e57a9,STOCK_MODULE,mtk_smi_dbg,1,mtk_mmdvfs_v3,1,1,0,0,0,0,0,0,0,0
mtk_smi_dbg_register_notifier,0x7eb4f7d7,STOCK_MODULE,mtk_smi_dbg,1,mmqos_common;mtk_cam_isp7sp;mtk_iommu;mtk_mmdvfs;mtk_mmdvfs_debug;mtk_mminfra_debug,6,6,0,0,0,0,0,0,0,0
mtk_smi_driver_register_notifier,0xd92031b9,STOCK_MODULE,mtk_smi,1,mtk_smi_dbg,1,1,0,0,0,0,0,0,0,0
mtk_smi_dump_last_flow_ctrl_dbg,0x102e973c,STOCK_MODULE,mtk_smi,1,mtk_smi_dbg,1,1,0,0,0,0,0,0,0,0
mtk_smi_dump_last_pd,0xdd9998f6,STOCK_MODULE,mtk_smi,1,mtk_smi_dbg,1,1,0,0,0,0,0,0,0,0
mtk_smi_init_power_off,0xec0dac4b,STOCK_MODULE,mtk_smi,1,mediatek_drm,1,1,0,0,0,0,0,0,0,0
mtk_smi_larb_bw_set,0xc6e55ebe,STOCK_MODULE,mtk_smi,1,mmqos_common,1,1,0,0,0,0,0,0,0,0
mtk_smi_larb_clamp_and_lock,0x0f38555d,STOCK_MODULE,mtk_smi,1,mtk_imgsys_isp7sp;mtk_imgsys_v4l2,2,2,0,0,0,0,0,0,0,0
mtk_smi_larb_ultra_dis,0x70a454d5,STOCK_MODULE,mtk_smi,1,mtk_cam_isp7sp,1,1,0,0,0,0,0,0,0,0
mtk_smi_status_check,0x47de384c,STOCK_MODULE,mtk_smi,1,mtk_cam_isp7sp,1,1,0,0,0,0,0,0,0,0
mtk_smi_sysram_set,0x4d00a486,STOCK_MODULE,mtk_smi,1,mtk_vcodec_enc_v1,1,1,0,0,0,0,0,0,0,0
mtk_smpu_isr_hook_register,0xa25d3aae,STOCK_MODULE,smpu,1,smpu_hook_v1,1,1,0,0,0,0,0,0,0,0
mtk_smpu_md_handling_register,0x47a8d9c2,STOCK_MODULE,smpu,1,ccci_md_all,1,1,0,0,0,0,0,0,0,0
mtk_sp_clean_written_buffer_ack,0x81a78de8,STOCK_MODULE,snd_soc_mtk_common,1,snd_soc_mt6878_afe,1,1,0,0,0,0,0,0,0,0
mtk_spk_get_i2s_in_type,0xcec4f420,STOCK_MODULE,mtk_sp_spk_amp,1,mt6878_mt6369,1,1,0,0,0,0,0,0,0,0
mtk_spk_get_i2s_out_type,0x4bd92e79,STOCK_MODULE,mtk_sp_spk_amp,1,mt6878_mt6369,1,1,0,0,0,0,0,0,0,0
mtk_spk_get_type,0x3c4989b8,STOCK_MODULE,mtk_sp_spk_amp,1,mt6878_mt6369,1,1,0,0,0,0,0,0,0,0
mtk_spk_set_reduceDb,0x1ca92b6c,STOCK_MODULE,mtk_sp_spk_amp,1,mt6878_mt6369,1,1,0,0,0,0,0,0,0,0
mtk_spk_update_info,0x0fbd32ed,STOCK_MODULE,mtk_sp_spk_amp,1,mt6878_mt6369,1,1,0,0,0,0,0,0,0,0
mtk_spm_sysfs_entry_node_add,0xda472c36,STOCK_MODULE,mtk_lpm,1,mtk_lpm_dbg_common_v2,1,1,0,0,0,0,0,0,0,0
mtk_spm_sysfs_root_entry_create,0x653b329e,STOCK_MODULE,mtk_lpm,1,mtk_lpm_dbg_common_v2,1,1,0,0,0,0,0,0,0,0
mtk_suspend_sysfs_entry_node_add,0xa5cd22db,STOCK_MODULE,mtk_lpm,1,mtk_lpm_dbg_common_v2,1,1,0,0,0,0,0,0,0,0
mtk_suspend_sysfs_root_entry_create,0x81ec4014,STOCK_MODULE,mtk_lpm,1,mtk_lpm_dbg_common_v2,1,1,0,0,0,0,0,0,0,0
mtk_swpm_gpu_pm_start,0x7fcb5eb0,STOCK_MODULE,mtk_gpu_hal,1,mtk_swpm_dbg_common_v1,1,1,0,0,0,0,0,0,0,0
mtk_swpm_gpu_pm_start_fp,0x4e1cc5c4,STOCK_MODULE,mtk_gpu_hal,1,mali_kbase_mt6878_r44,1,1,0,0,0,0,0,0,0,0
mtk_swpm_sysfs_entry_func_node_add,0x57132996,STOCK_MODULE,mtk_swpm,1,mtk_swpm_cpu_dbg_v6878;mtk_swpm_dbg_common_v1;mtk_swpm_dbg_v6878,3,3,0,0,0,0,0,0,0,0
mtk_sync_fence_create,0xa6b4f7d0,STOCK_MODULE,mtk_sync,1,mediatek_drm;mtk_mml,2,2,0,0,0,0,0,0,0,0
mtk_sync_share_fence_create,0xadd140bf,STOCK_MODULE,mtk_sync,1,mediatek_drm,1,1,0,0,0,0,0,0,0,0
mtk_sync_slow_descent_fp,0xe04f8261,STOCK_MODULE,mediatek_drm,1,msync2_frd,1,1,0,0,0,0,0,0,0,0
mtk_sync_te_level_decision_fp,0xc8c2dcfc,STOCK_MODULE,mediatek_drm,1,msync2_frd,1,1,0,0,0,0,0,0,0,0
mtk_sync_timeline_create,0xdec5777e,STOCK_MODULE,mtk_sync,1,mediatek_drm;mtk_mml,2,2,0,0,0,0,0,0,0,0
mtk_sync_timeline_destroy,0x39e54c23,STOCK_MODULE,mtk_sync,1,mtk_mml,1,1,0,0,0,0,0,0,0,0
mtk_sync_timeline_inc,0x669e62ec,STOCK_MODULE,mtk_sync,1,mediatek_drm,1,1,0,0,0,0,0,0,0,0
mtk_timer_base_dvfs_margin,0x41d6caa8,STOCK_MODULE,mtk_gpu_hal,1,ged,1,1,0,0,0,0,0,0,0,0
mtk_timer_base_dvfs_margin_fp,0xa8c8588a,STOCK_MODULE,mtk_gpu_hal,1,ged,1,1,0,0,0,0,0,0,0,0
mtk_uart_apdma_data_dump,0xe840192a,STOCK_MODULE,mtk_uart_apdma,1,8250_mtk,1,1,0,0,0,0,0,0,0,0
mtk_uart_apdma_enable_vff,0xfb65a99f,STOCK_MODULE,mtk_uart_apdma,1,8250_mtk,1,1,0,0,0,0,0,0,0,0
mtk_uart_apdma_end_record,0x8685180b,STOCK_MODULE,mtk_uart_apdma,1,8250_mtk,1,1,0,0,0,0,0,0,0,0
mtk_uart_apdma_polling_rx_finish,0x91bef507,STOCK_MODULE,mtk_uart_apdma,1,8250_mtk,1,1,0,0,0,0,0,0,0,0
mtk_uart_apdma_polling_tx_finish,0x698f3950,STOCK_MODULE,mtk_uart_apdma,1,8250_mtk,1,1,0,0,0,0,0,0,0,0
mtk_uart_apdma_start_record,0x900fc309,STOCK_MODULE,mtk_uart_apdma,1,8250_mtk,1,1,0,0,0,0,0,0,0,0
mtk_uart_get_apdma_handler_state,0x7c731ead,STOCK_MODULE,mtk_uart_apdma,1,8250_mtk,1,1,0,0,0,0,0,0,0,0
mtk_uart_get_apdma_rpt,0x8b2ba825,STOCK_MODULE,mtk_uart_apdma,1,8250_mtk,1,1,0,0,0,0,0,0,0,0
mtk_uart_get_apdma_rx_state,0x20ab4b65,STOCK_MODULE,mtk_uart_apdma,1,8250_mtk,1,1,0,0,0,0,0,0,0,0
mtk_uart_rx_setting,0xc50e5f09,STOCK_MODULE,mtk_uart_apdma,1,8250_mtk,1,1,0,0,0,0,0,0,0,0
mtk_uart_set_apdma_clk,0x45bb3e27,STOCK_MODULE,mtk_uart_apdma,1,8250_mtk,1,1,0,0,0,0,0,0,0,0
mtk_uart_set_apdma_rx_irq,0xd8a8b41e,STOCK_MODULE,mtk_uart_apdma,1,8250_mtk,1,1,0,0,0,0,0,0,0,0
mtk_uart_set_apdma_rx_state,0x8553dcc8,STOCK_MODULE,mtk_uart_apdma,1,8250_mtk,1,1,0,0,0,0,0,0,0,0
mtk_uart_set_rx_res_status,0x9b197b65,STOCK_MODULE,mtk_uart_apdma,1,8250_mtk,1,1,0,0,0,0,0,0,0,0
mtk_uart_set_tx_res_status,0xe9e821e5,STOCK_MODULE,mtk_uart_apdma,1,8250_mtk,1,1,0,0,0,0,0,0,0,0
mtk_unregister_gpu_power_change,0xf95d44ce,STOCK_MODULE,mtk_gpu_hal,1,ged,1,1,0,0,0,0,0,0,0,0
mtk_v4l2_dbg_level,0x313401e5,STOCK_MODULE,mtk_vcodec_common,1,mtk_vcodec_dec_v1;mtk_vcodec_enc_v1,2,2,0,0,0,0,0,0,0,0
mtk_vcodec_add_ctx_list,0xe2a28664,STOCK_MODULE,mtk_vcodec_common,1,mtk_vcodec_dec_v1;mtk_vcodec_enc_v1,2,2,0,0,0,0,0,0,0,0
mtk_vcodec_alloc_mem,0x3937cd70,STOCK_MODULE,mtk_vcodec_common,1,mtk_vcodec_dec_v1;mtk_vcodec_enc_v1,2,2,0,0,0,0,0,0,0,0
mtk_vcodec_check_alive,0x4f31871b,STOCK_MODULE,mtk_vcodec_common,1,mtk_vcodec_dec_v1;mtk_vcodec_enc_v1,2,2,0,0,0,0,0,0,0,0
mtk_vcodec_config_group_list,0x2b039b28,STOCK_MODULE,mtk_vcodec_common,1,mtk_vcodec_dec_v1;mtk_vcodec_enc_v1,2,2,0,0,0,0,0,0,0,0
mtk_vcodec_dbg,0x8de528fb,STOCK_MODULE,mtk_vcodec_common,1,mtk_vcodec_dec_v1;mtk_vcodec_enc_v1,2,2,0,0,0,0,0,0,0,0
mtk_vcodec_dec_irq_setup,0x506ea4ba,STOCK_MODULE,mtk_vcodec_common,1,mtk_vcodec_dec_v1,1,1,0,0,0,0,0,0,0,0
mtk_vcodec_del_ctx_list,0x9d2d0b97,STOCK_MODULE,mtk_vcodec_common,1,mtk_vcodec_dec_v1;mtk_vcodec_enc_v1,2,2,0,0,0,0,0,0,0,0
mtk_vcodec_dump_ctx_list,0x8b07d14c,STOCK_MODULE,mtk_vcodec_common,1,mtk_vcodec_dec_v1;mtk_vcodec_enc_v1,2,2,0,0,0,0,0,0,0,0
mtk_vcodec_enc_irq_setup,0xb35d48bc,STOCK_MODULE,mtk_vcodec_common,1,mtk_vcodec_enc_v1,1,1,0,0,0,0,0,0,0,0
mtk_vcodec_fence_signal,0x1ff18a33,STOCK_MODULE,mtk_vcodec_common,1,mtk_vcodec_dec_v1,1,1,0,0,0,0,0,0,0,0
mtk_vcodec_free_mem,0x793a34ef,STOCK_MODULE,mtk_vcodec_common,1,mtk_vcodec_dec_v1;mtk_vcodec_enc_v1,2,2,0,0,0,0,0,0,0,0
mtk_vcodec_gce_timeout_dump,0xc9ab4b6a,STOCK_MODULE,mtk_vcodec_common,1,mtk_vcodec_dec_v1;mtk_vcodec_enc_v1,2,2,0,0,0,0,0,0,0,0
mtk_vcodec_get_bs,0x722638fe,STOCK_MODULE,mtk_vcodec_common,1,mtk_vcodec_enc_v1,1,1,0,0,0,0,0,0,0,0
mtk_vcodec_get_curr_ctx,0x7efb19d5,STOCK_MODULE,mtk_vcodec_common,1,mtk_vcodec_dec_v1,1,1,0,0,0,0,0,0,0,0
mtk_vcodec_get_enc_reg_addr,0x1a09a655,STOCK_MODULE,mtk_vcodec_common,1,mtk_vcodec_enc_v1,1,1,0,0,0,0,0,0,0,0
mtk_vcodec_get_fb,0x94cff957,STOCK_MODULE,mtk_vcodec_common,1,mtk_vcodec_dec_v1,1,1,0,0,0,0,0,0,0,0
mtk_vcodec_get_log,0x8b5c437d,STOCK_MODULE,mtk_vcodec_common,1,mtk_vcodec_dec_v1;mtk_vcodec_enc_v1,2,2,0,0,0,0,0,0,0,0
mtk_vcodec_get_state,0x5d526689,STOCK_MODULE,mtk_vcodec_common,1,mtk_vcodec_dec_v1;mtk_vcodec_enc_v1,2,2,0,0,0,0,0,0,0,0
mtk_vcodec_init_group_list_lock,0xac397f13,STOCK_MODULE,mtk_vcodec_common,1,mtk_vcodec_dec_v1;mtk_vcodec_enc_v1,2,2,0,0,0,0,0,0,0,0
mtk_vcodec_init_slice_info,0x0f78ab8f,STOCK_MODULE,mtk_vcodec_common,1,mtk_vcodec_dec_v1,1,1,0,0,0,0,0,0,0,0
mtk_vcodec_is_state,0xe3810ce2,STOCK_MODULE,mtk_vcodec_common,1,mtk_vcodec_dec_v1;mtk_vcodec_enc_v1,2,2,0,0,0,0,0,0,0,0
mtk_vcodec_is_vcp,0x5e9ec63c,STOCK_MODULE,mtk_vcodec_common,1,mtk_vcodec_dec_v1;mtk_vcodec_enc_v1,2,2,0,0,0,0,0,0,0,0
mtk_vcodec_perf,0x77f7811a,STOCK_MODULE,mtk_vcodec_common,1,mtk_vcodec_dec_v1;mtk_vcodec_enc_v1,2,2,0,0,0,0,0,0,0,0
mtk_vcodec_set_cpu_hint,0xe804d4ea,STOCK_MODULE,mtk_vcodec_common,1,mtk_vcodec_dec_v1;mtk_vcodec_enc_v1,2,2,0,0,0,0,0,0,0,0
mtk_vcodec_set_curr_ctx,0x73af7820,STOCK_MODULE,mtk_vcodec_common,1,mtk_vcodec_dec_v1,1,1,0,0,0,0,0,0,0,0
mtk_vcodec_set_log,0x554138e8,STOCK_MODULE,mtk_vcodec_common,1,mtk_vcodec_dec_v1;mtk_vcodec_enc_v1,2,2,0,0,0,0,0,0,0,0
mtk_vcodec_set_state,0xe0402376,STOCK_MODULE,mtk_vcodec_common,1,mtk_vcodec_dec_v1;mtk_vcodec_enc_v1,2,2,0,0,0,0,0,0,0,0
mtk_vcodec_set_state_except,0x2ccd22b9,STOCK_MODULE,mtk_vcodec_common,1,mtk_vcodec_enc_v1,1,1,0,0,0,0,0,0,0,0
mtk_vcodec_set_state_from,0xdd74b260,STOCK_MODULE,mtk_vcodec_common,1,mtk_vcodec_dec_v1;mtk_vcodec_enc_v1,2,2,0,0,0,0,0,0,0,0
mtk_vcodec_state_in_range,0xdf7f3a08,STOCK_MODULE,mtk_vcodec_common,1,mtk_vcodec_dec_v1;mtk_vcodec_enc_v1,2,2,0,0,0,0,0,0,0,0
mtk_vcodec_vcp,0x7d817ffb,STOCK_MODULE,mtk_vcodec_common,1,mtk_vcodec_dec_v1;mtk_vcodec_enc_v1;mtk_vcu,3,3,0,0,0,0,0,0,0,0
mtk_vcodec_vp_mode_buf_prepare,0xbe495bab,STOCK_MODULE,mtk_vcodec_common,1,mtk_vcodec_dec_v1,1,1,0,0,0,0,0,0,0,0
mtk_vcodec_vp_mode_buf_unprepare,0xf09f9b2a,STOCK_MODULE,mtk_vcodec_common,1,mtk_vcodec_dec_v1,1,1,0,0,0,0,0,0,0,0
mtk_vcodec_wait_for_done_ctx,0xe9087cd4,STOCK_MODULE,mtk_vcodec_common,1,mtk_vcodec_dec_v1;mtk_vcodec_enc_v1,2,2,0,0,0,0,0,0,0,0
mtk_vdec_lpw_level,0xdb2ecddb,STOCK_MODULE,mtk_vcodec_common,1,mtk_vcodec_dec_v1,1,1,0,0,0,0,0,0,0,0
mtk_vdec_lpw_limit,0x12c79179,STOCK_MODULE,mtk_vcodec_common,1,mtk_vcodec_dec_v1,1,1,0,0,0,0,0,0,0,0
mtk_vdec_lpw_timeout,0xcfd00635,STOCK_MODULE,mtk_vcodec_common,1,mtk_vcodec_dec_v1,1,1,0,0,0,0,0,0,0,0
mtk_vdec_property,0x4144fca1,STOCK_MODULE,mtk_vcodec_common,1,mtk_vcodec_dec_v1,1,1,0,0,0,0,0,0,0,0
mtk_vdec_slc_enable,0xd51da8ca,STOCK_MODULE,mtk_vcodec_common,1,mtk_vcodec_dec_v1,1,1,0,0,0,0,0,0,0,0
mtk_vdec_trace_enable,0xeff1b03c,STOCK_MODULE,mtk_vcodec_common,1,mtk_vcodec_dec_v1;mtk_vcodec_enc_v1,2,2,0,0,0,0,0,0,0,0
mtk_vdec_vcp_log,0xe395f0a0,STOCK_MODULE,mtk_vcodec_common,1,mtk_vcodec_dec_v1,1,1,0,0,0,0,0,0,0,0
mtk_venc_property,0xed40812a,STOCK_MODULE,mtk_vcodec_common,1,mtk_vcodec_enc_v1,1,1,0,0,0,0,0,0,0,0
mtk_venc_slb_cb,0x3f26cfd6,STOCK_MODULE,mtk_vcodec_common,1,mtk_vcodec_enc_v1,1,1,0,0,0,0,0,0,0,0
mtk_venc_vcp_log,0x5b113b8b,STOCK_MODULE,mtk_vcodec_common,1,mtk_vcodec_enc_v1,1,1,0,0,0,0,0,0,0,0
mtk_vidle_register,0xcdbf394b,STOCK_MODULE,mediatek_drm,1,mtk_dpc,1,1,0,0,0,0,0,0,0,0
mtk_wcn_wlan_reg,0x5e10da3d,STOCK_MODULE,wmt_chrdev_wifi_connac2,1,wlan_drv_gen4m_6878,1,1,0,0,0,0,0,0,0,0
mtk_wcn_wlan_unreg,0x95c4c296,STOCK_MODULE,wmt_chrdev_wifi_connac2,1,wlan_drv_gen4m_6878,1,1,0,0,0,0,0,0,0,0
mtkfb_set_backlight_level,0xacddd9d2,STOCK_MODULE,mediatek_drm,1,leds_mtk_disp,1,1,0,0,0,0,0,0,0,0
mtree_load,0x32e8cfea,KERNEL_OR_BUILTIN,,0,gzvm;monitor_hang,2,2,0,1,0,0,0,0,1,1
mul_u64_u64_div_u64,0x495231ea,KERNEL_OR_BUILTIN,,0,pwm_mtk_disp,1,1,0,1,0,0,1,1,1,1
mutex_is_locked,0x819bebd4,KERNEL_OR_BUILTIN,,0,blocktag;drm_display_helper;gz_ipc_mod;load_track;mali_kbase_mt6878_r44;mtk_fpsgo;mtk_tinysys_ipi;tcpc_class;wlan_drv_gen4m_6878;wmt_chrdev_wifi_connac2;zram,11,11,0,1,0,0,1,1,1,1
mutex_lock,0xd5977bfb,KERNEL_OR_BUILTIN,,0,8250_mtk;adapter_class;adsp;aee_aed;apu_top;apusys;asix;atf_logger;audio_ipi;aw36515;aw36518;aw36518_v2;aw883xx_driver;blocktag;bluetooth;bt_drv_6878;c2k_usb;camera_dpe_isp7sp;camera_eeprom_v4l2;can;ccci_fsm_scp;ccci_md_all;ccd_rpmsg;cdc_acm;cfg80211;charger_class;cmdq_sec_drv;cmdq_test;connadp;conninfra;connscp;cpufreq_sugov_ext;drm_display_helper;extdev_io_class;ffa_v10;flashlight;focaltech_touch_spi_ft3680;frs;ftdi_sio;ged;gps_drv_dl_v051;gpueb;gz_ipc_mod;gz_main_mod;gz_trusty_mod;gz_tz_system;gz_virtio_mod;gzvm;hbt;hci_uart;hf_manager;hidp;hynitron;imgsensor;kfifo_buf;l2tp_ppp;leds_ln2403;leds_mtk;leds_rgb_aw2013;load_track;mac80211;mac802154;mali_dmabuf_test_mt6878_r44;mali_kbase_mt6878_r44;mcupm;md_cooling_all;mddp;mdp_drv_mt6878;mediatek_drm;mediatek_drm_panel_drv;met;microarray_fp_tee;mmprofile;mmqos_common;monitor_hang;mt6369_accdet;mt6375;mt6375_adc;mt6375_auxadc;mt6375_battery;mt6375_charger;mtk_aie;mtk_c2ps;mtk_cam_isp7sp;mtk_ccd_remoteproc;mtk_ccuv;mtk_charger_algorithm_class;mtk_charger_framework;mtk_chg_type_det;mtk_cmdq_drv_ext;mtk_dcm;mtk_dpc;mtk_dvfsrc;mtk_dvfsrc_helper;mtk_dynamic_loading_throttling;mtk_fpsgo;mtk_gpu_hal;mtk_gpu_qos;mtk_gpufreq_mt6878;mtk_gpufreq_wrapper;mtk_hcp;mtk_heap_debug;mtk_icc_core;mtk_imgsys_cmdq;mtk_imgsys_v4l2;mtk_iommu;mtk_jpeg;mtk_low_battery_throttling;mtk_lpm;mtk_mbraink;mtk_mmdvfs;mtk_mmdvfs_v3;mtk_mml;mtk_panel_ext;mtk_pbm;mtk_pd_adapter;mtk_pd_charging;mtk_pep;mtk_pep40;mtk_pep50;mtk_perf_common;mtk_perf_ioctl_magt;mtk_pwm;mtk_qos;mtk_scp_audiocommon;mtk_sec_heap;mtk_soc_offload_common;mtk_spmi_pmic;mtk_spmi_pmic_adc;mtk_swpm;mtk_swpm_dbg_v6878;mtk_tinysys_ipi;mtk_uart_apdma;mtk_usb_f_rndis;mtk_vcodec_common;mtk_vcodec_dec_v1;mtk_vcodec_enc_v1;mtk_vcu;mtk_vmm_isp71_regulator;mtk_vmm_notifier;mtk_vow;mtu3;mux_switch;nfc;nvmem_mt635x_efuse;panel_ky_vtdr6115_dphy_cmd;pd_dbg_info;pda_drv_mt6878;pmic_lbat_service;pmic_lvsys_notify;powerhal_cpu_ctrl;ppp_generic;r8152;rfcomm;rfkill;rpmb;rps_perf;rtc_mt6685;sapu;scheduler;scp;sensorhub;sh366003_fg;snd_soc_audiodsp_common;snd_soc_mt6878_afe;snd_soc_mtk_common;snd_soc_tfa98xx;soc_temp_lvts;spi_tiny_co5300_lcd;spmi_mtk_pmif;sspm_v3;st21nfc;system_heap;tcpc_class;thermal_interface;thermal_trace;tkcore;tkcore_drv;tmem_ffa;touch_boost;ufs_mediatek_mod;uload_ind;usb_meta;usb_offload;usbnet;usbserial;vcp;wlan_drv_gen4m_6878;wmt_chrdev_wifi_connac2;wwan;xhci_mtk_hcd_v2;yft_gpio_keys;zram,193,194,0,1,1,0,1,1,1,1
mutex_lock_interruptible,0x2c2067df,KERNEL_OR_BUILTIN,,0,gz_tz_system;hidp;kfifo_buf;mtk_jpeg,4,4,0,1,0,0,1,1,1,1
mutex_lock_killable,0xbc532593,KERNEL_OR_BUILTIN,,0,bt_drv_6878;connscp;gps_drv_dl_v051;mtk_hcp;uarthub_drv,5,5,0,1,0,0,1,1,1,1
mutex_trylock,0x203392c6,KERNEL_OR_BUILTIN,,0,adsp;apusys;conninfra;drm_display_helper;gps_drv_dl_v051;mali_kbase_mt6878_r44;met;mmprofile;mt6375_battery;mtk_dynamic_loading_throttling;mtk_scp_audiocommon;ppp_generic;r8152;tcpc_class;vcp;wlan_drv_gen4m_6878,16,16,0,1,1,0,1,1,1,1
mutex_unlock,0xed55cabd,KERNEL_OR_BUILTIN,,0,8250_mtk;adapter_class;adsp;aee_aed;apu_top;apusys;asix;atf_logger;audio_ipi;aw36515;aw36518;aw36518_v2;aw883xx_driver;blocktag;bluetooth;bt_drv_6878;c2k_usb;camera_dpe_isp7sp;camera_eeprom_v4l2;can;ccci_fsm_scp;ccci_md_all;ccd_rpmsg;cdc_acm;cfg80211;charger_class;cmdq_sec_drv;cmdq_test;connadp;conninfra;connscp;cpufreq_sugov_ext;drm_display_helper;extdev_io_class;ffa_v10;flashlight;focaltech_touch_spi_ft3680;frs;ftdi_sio;ged;gps_drv_dl_v051;gpueb;gz_ipc_mod;gz_main_mod;gz_trusty_mod;gz_tz_system;gz_virtio_mod;gzvm;hbt;hci_uart;hf_manager;hidp;hynitron;imgsensor;kfifo_buf;l2tp_ppp;leds_ln2403;leds_mtk;leds_rgb_aw2013;load_track;mac80211;mac802154;mali_dmabuf_test_mt6878_r44;mali_kbase_mt6878_r44;mcupm;md_cooling_all;mddp;mdp_drv_mt6878;mediatek_drm;mediatek_drm_panel_drv;met;microarray_fp_tee;mmprofile;mmqos_common;monitor_hang;mt6369_accdet;mt6375;mt6375_adc;mt6375_auxadc;mt6375_battery;mt6375_charger;mtk_aie;mtk_c2ps;mtk_cam_isp7sp;mtk_ccd_remoteproc;mtk_ccuv;mtk_charger_algorithm_class;mtk_charger_framework;mtk_chg_type_det;mtk_cmdq_drv_ext;mtk_dcm;mtk_dpc;mtk_dvfsrc;mtk_dvfsrc_helper;mtk_dynamic_loading_throttling;mtk_fpsgo;mtk_gpu_hal;mtk_gpu_qos;mtk_gpufreq_mt6878;mtk_gpufreq_wrapper;mtk_hcp;mtk_heap_debug;mtk_icc_core;mtk_imgsys_cmdq;mtk_imgsys_v4l2;mtk_iommu;mtk_jpeg;mtk_low_battery_throttling;mtk_lpm;mtk_mbraink;mtk_mmdvfs;mtk_mmdvfs_v3;mtk_mml;mtk_panel_ext;mtk_pbm;mtk_pd_adapter;mtk_pd_charging;mtk_pep;mtk_pep40;mtk_pep50;mtk_perf_common;mtk_perf_ioctl_magt;mtk_pwm;mtk_qos;mtk_scp_audiocommon;mtk_sec_heap;mtk_soc_offload_common;mtk_spmi_pmic;mtk_spmi_pmic_adc;mtk_swpm;mtk_swpm_dbg_v6878;mtk_tinysys_ipi;mtk_uart_apdma;mtk_usb_f_rndis;mtk_vcodec_common;mtk_vcodec_dec_v1;mtk_vcodec_enc_v1;mtk_vcu;mtk_vmm_isp71_regulator;mtk_vmm_notifier;mtk_vow;mtu3;mux_switch;nfc;nvmem_mt635x_efuse;panel_ky_vtdr6115_dphy_cmd;pd_dbg_info;pda_drv_mt6878;pmic_lbat_service;pmic_lvsys_notify;powerhal_cpu_ctrl;ppp_generic;r8152;rfcomm;rfkill;rpmb;rps_perf;rtc_mt6685;sapu;scheduler;scp;sensorhub;sh366003_fg;snd_soc_audiodsp_common;snd_soc_mt6878_afe;snd_soc_mtk_common;snd_soc_tfa98xx;soc_temp_lvts;spi_tiny_co5300_lcd;spmi_mtk_pmif;sspm_v3;st21nfc;system_heap;tcpc_class;thermal_interface;thermal_trace;tkcore;tkcore_drv;tmem_ffa;touch_boost;uarthub_drv;ufs_mediatek_mod;uload_ind;usb_meta;usb_offload;usbnet;usbserial;vcp;wlan_drv_gen4m_6878;wmt_chrdev_wifi_connac2;wwan;xhci_mtk_hcd_v2;yft_gpio_keys;zram,194,195,0,1,1,0,1,1,1,1
n_tty_ioctl_helper,0x32c5a9bf,KERNEL_OR_BUILTIN,,0,hci_uart,1,1,0,1,0,0,1,1,1,1
napi_complete_done,0xdfaca303,KERNEL_OR_BUILTIN,,0,can_dev;r8152;wlan_drv_gen4m_6878,3,3,0,1,0,0,1,1,1,1
napi_disable,0x7f9a71db,KERNEL_OR_BUILTIN,,0,ccmni;r8152;wlan_drv_gen4m_6878,3,3,0,1,0,0,1,1,1,1
napi_enable,0x39b1be5a,KERNEL_OR_BUILTIN,,0,can_dev;ccmni;r8152;wlan_drv_gen4m_6878,4,4,0,1,0,0,1,1,1,1
napi_gro_flush,0x20d9ab00,KERNEL_OR_BUILTIN,,0,ccmni;wlan_drv_gen4m_6878,2,2,0,1,0,0,1,1,1,1
napi_gro_receive,0xa02f0ec2,KERNEL_OR_BUILTIN,,0,ccmni;mac80211;r8152;wlan_drv_gen4m_6878,4,4,0,1,0,0,1,1,1,1
napi_schedule_prep,0x74dc6705,KERNEL_OR_BUILTIN,,0,can_dev;ccmni;r8152;wlan_drv_gen4m_6878,4,4,0,1,0,0,1,1,1,1
nd_tbl,0x137f0168,KERNEL_OR_BUILTIN,,0,ieee802154_6lowpan;mddp,2,2,0,1,0,0,1,1,1,1
neigh_destroy,0xf9a35910,KERNEL_OR_BUILTIN,,0,ieee802154_6lowpan;mddp,2,2,0,1,0,0,1,1,1,1
neigh_lookup,0x58bcf44b,KERNEL_OR_BUILTIN,,0,ieee802154_6lowpan;mddp,2,2,0,1,0,0,1,1,1,1
net_namespace_list,0x6d2fc5a6,KERNEL_OR_BUILTIN,,0,thermal_trace;tipc,2,2,0,1,0,0,1,1,1,1
net_ns_type_operations,0x8896b0fb,KERNEL_OR_BUILTIN,,0,cfg80211,1,1,0,1,0,0,0,0,1,1
net_ratelimit,0xf6ebc03b,KERNEL_OR_BUILTIN,,0,ieee802154_6lowpan;mac80211;ppp_generic;r8152,4,4,0,1,0,0,0,0,1,1
net_selftest,0xfd587d2a,KERNEL_OR_BUILTIN,,0,asix,1,1,0,1,0,0,1,1,1,1
net_selftest_get_count,0x8e6b1a9e,KERNEL_OR_BUILTIN,,0,asix,1,1,0,1,0,0,1,1,1,1
net_selftest_get_strings,0xc090c376,KERNEL_OR_BUILTIN,,0,asix,1,1,0,1,0,0,1,1,1,1
netdev_err,0xb16a3d6d,KERNEL_OR_BUILTIN,,0,asix;ax88179_178a;can_dev;ccmni;cdc_ether;cfg80211;ppp_generic;r8152;slcan;usbnet,10,10,0,1,0,0,1,1,1,1
netdev_info,0x10ea702c,KERNEL_OR_BUILTIN,,0,aqc111;asix;ax88179_178a;can_dev;ccmni;mac80211;mii;r8152;slcan;usbnet,10,10,0,1,0,0,1,1,1,1
netdev_name_in_use,0x3b26056f,KERNEL_OR_BUILTIN,,0,ppp_generic,1,1,0,1,0,0,0,0,1,1
netdev_notice,0xe416664f,KERNEL_OR_BUILTIN,,0,r8152;rtl8150,2,2,0,1,0,0,0,0,1,1
netdev_printk,0xd7cebfd3,KERNEL_OR_BUILTIN,,0,ppp_generic;slcan,2,2,0,1,0,0,0,0,1,1
netdev_set_default_ethtool_ops,0x83fe02f2,KERNEL_OR_BUILTIN,,0,mac80211,1,1,0,1,0,0,0,0,1,1
netdev_update_features,0xe23f3795,KERNEL_OR_BUILTIN,,0,8021q,1,1,0,1,0,0,0,0,1,1
netdev_upper_dev_link,0x201c1c74,KERNEL_OR_BUILTIN,,0,8021q,1,1,0,1,0,0,0,0,1,1
netdev_upper_dev_unlink,0x52637a4b,KERNEL_OR_BUILTIN,,0,8021q,1,1,0,1,0,0,0,0,1,1
netdev_warn,0x727ebc1b,KERNEL_OR_BUILTIN,,0,6lowpan;8021q;aqc111;asix;ax88179_178a;can_dev;cdc_eem;mac802154;r8152;slcan;tipc,11,11,0,1,0,0,1,1,1,1
netif_carrier_off,0x6508739f,KERNEL_OR_BUILTIN,,0,8021q;aqc111;can_dev;ccmni;cdc_ether;mac80211;mii;mtk_u_ether;mtk_usb_f_rndis;r8152;rtl8150;usbnet;wlan_drv_gen4m_6878,13,13,0,1,0,0,1,1,1,1
netif_carrier_on,0x560a9ddb,KERNEL_OR_BUILTIN,,0,8021q;aqc111;ax88179_178a;can_dev;ccmni;mac80211;mii;mtk_u_ether;mtk_usb_f_rndis;r8152;rtl8150;usbnet;wlan_drv_gen4m_6878,13,13,0,1,0,0,1,1,1,1
netif_device_attach,0x97bc586d,KERNEL_OR_BUILTIN,,0,r8152;rtl8150;usbnet;wlan_drv_gen4m_6878,4,4,0,1,0,0,1,1,1,1
netif_device_detach,0x6b79f44e,KERNEL_OR_BUILTIN,,0,r8152;rtl8150;usbnet;wlan_drv_gen4m_6878,4,4,0,1,0,0,1,1,1,1
netif_inherit_tso_max,0xb61316b4,KERNEL_OR_BUILTIN,,0,8021q,1,1,0,1,0,0,0,0,1,1
netif_napi_add_weight,0x9d31b4d5,KERNEL_OR_BUILTIN,,0,can_dev;ccmni;r8152;wlan_drv_gen4m_6878,4,4,0,1,0,0,0,0,1,1
netif_receive_skb,0x373b061c,KERNEL_OR_BUILTIN,,0,can_dev;ccmni;mac80211;mac802154,4,4,0,1,0,0,1,1,1,1
netif_receive_skb_list,0x6b8bf149,KERNEL_OR_BUILTIN,,0,ccmni;mac80211,2,2,0,1,0,0,1,1,1,1
netif_rx,0x67e9e82a,KERNEL_OR_BUILTIN,,0,can;can_dev;ccmni;cfg80211;ieee802154_6lowpan;mac80211;mtk_u_ether;ppp_generic;rtl8150;slcan;tipc;usbnet;vcan;wlan_drv_gen4m_6878,14,14,0,1,0,0,1,1,1,1
netif_set_tso_max_size,0x09ce7baa,KERNEL_OR_BUILTIN,,0,aqc111;ax88179_178a;r8152,3,3,0,1,0,0,0,0,1,1
netif_stacked_transfer_operstate,0xe1c8c3b8,KERNEL_OR_BUILTIN,,0,8021q,1,1,0,1,0,0,0,0,1,1
netif_tx_lock,0xa0493d72,KERNEL_OR_BUILTIN,,0,cdc_ncm;r8152,2,2,0,1,0,0,0,0,1,1
netif_tx_stop_all_queues,0x926aa810,KERNEL_OR_BUILTIN,,0,mac80211;wlan_drv_gen4m_6878,2,2,0,1,0,0,1,1,1,1
netif_tx_unlock,0xfc1a4b98,KERNEL_OR_BUILTIN,,0,cdc_ncm;r8152,2,2,0,1,0,0,0,0,1,1
netif_tx_wake_queue,0xd329fbdd,KERNEL_OR_BUILTIN,,0,ccmni;mac80211;mac802154;mddp;mtk_u_ether;mtk_usb_f_rndis;ppp_generic;r8152;rtl8150;slcan;usbnet;wlan_drv_gen4m_6878,12,12,0,1,0,0,1,1,1,1
netlink_broadcast,0x65ceed0f,KERNEL_OR_BUILTIN,,0,cfg80211;ieee802154;nfc;wlan_drv_gen4m_6878,4,4,0,1,0,0,1,1,1,1
netlink_capable,0xbfa0b419,KERNEL_OR_BUILTIN,,0,can_gw,1,1,0,1,0,0,0,0,1,1
netlink_kernel_release,0x34aa9854,KERNEL_OR_BUILTIN,,0,wlan_drv_gen4m_6878,1,1,0,1,0,0,1,1,1,1
netlink_net_capable,0xa30ee563,KERNEL_OR_BUILTIN,,0,tipc,1,1,0,1,0,0,0,0,1,1
netlink_register_notifier,0xfa599bb2,KERNEL_OR_BUILTIN,,0,cfg80211;nfc,2,2,0,1,0,0,0,0,1,1
netlink_unicast,0xd0083f21,KERNEL_OR_BUILTIN,,0,cfg80211;conninfra;frs;ieee802154;mt6375_battery;mtk_mbraink;nfc;thermal_interface;tipc,9,9,0,1,0,0,1,1,1,1
netlink_unregister_notifier,0xdf54a8f7,KERNEL_OR_BUILTIN,,0,cfg80211;nfc,2,2,0,1,0,0,0,0,1,1
nf_conntrack_destroy,0xd2800691,KERNEL_OR_BUILTIN,,0,l2tp_core;pptp,2,2,0,1,0,0,0,0,1,1
nf_register_net_hooks,0x2adc0ac4,KERNEL_OR_BUILTIN,,0,mddp,1,1,0,1,0,0,1,1,1,1
nf_unregister_net_hooks,0xc559e9aa,KERNEL_OR_BUILTIN,,0,mddp,1,1,0,1,0,0,1,1,1,1
nla_find,0xcd279169,KERNEL_OR_BUILTIN,,0,cfg80211,1,1,0,1,0,0,0,0,1,1
nla_memcpy,0xf1db1704,KERNEL_OR_BUILTIN,,0,can_gw;cfg80211;ieee802154;tipc,4,4,0,1,0,0,0,0,1,1
nla_put,0x6914cece,KERNEL_OR_BUILTIN,,0,8021q;can_dev;can_gw;cfg80211;conninfra;ieee802154;mtk_mbraink;nfc;thermal_interface;tipc;wlan_drv_gen4m_6878;wwan,12,12,0,1,0,0,1,1,1,1
nla_put_64bit,0xaabad31a,KERNEL_OR_BUILTIN,,0,cfg80211;ieee802154;tipc,3,3,0,1,0,0,0,0,1,1
nla_put_nohdr,0x3663d775,KERNEL_OR_BUILTIN,,0,wlan_drv_gen4m_6878,1,1,0,1,0,0,1,1,1,1
nla_reserve,0x3519f3e2,KERNEL_OR_BUILTIN,,0,cfg80211,1,1,0,1,0,0,0,0,1,1
nla_strscpy,0x84823cf3,KERNEL_OR_BUILTIN,,0,ieee802154;nfc;tipc;wlan_drv_gen4m_6878,4,4,0,1,0,0,1,1,1,1
nonseekable_open,0x33534e04,KERNEL_OR_BUILTIN,,0,adsp;apusys;atf_logger;ccci_md_all;ccci_util_lib;gps_drv_dl_v051;gpueb;gz_log_mod;hf_manager;mali_kbase_mt6878_r44;mcupm;mtk_scp_audiocommon;sspm_v3;tkcore;yft_tpd_gesture,15,15,0,1,0,0,1,1,1,1
noop_llseek,0x4361c86a,KERNEL_OR_BUILTIN,,0,gzvm;ppp_generic;wwan,3,3,0,1,0,0,0,0,1,1
notify_3way_semaphore_control,0x2f59a855,STOCK_MODULE,mtk_afe_external,1,snd_soc_mtk_common;snd_soc_mtk_scp_ultra,2,2,0,0,0,0,0,0,0,0
notify_allocate_mem,0xb8b94ae2,STOCK_MODULE,mtk_afe_external,1,snd_soc_mtk_common,1,1,0,0,0,0,0,0,0,0
notify_fpsgo_touch_latency_ko_ready,0x17cb0a23,STOCK_MODULE,mtk_fpsgo,1,fpsgo,1,1,0,0,0,0,0,0,0,0
notify_rl_ko_is_ready,0xe14b9a67,STOCK_MODULE,mtk_fpsgo,1,fpsgo,1,1,0,0,0,0,0,0,0,0
notify_ultra_afe_hw_free,0x256df0b4,STOCK_MODULE,mtk_afe_external,1,snd_soc_mtk_common,1,1,0,0,0,0,0,0,0,0
notify_vb_audio_control,0xd7e8fa89,STOCK_MODULE,mtk_afe_external,1,mediatek_drm;mtk_soc_offload_common,2,2,0,0,0,0,0,0,0,0
notify_vow_ipi_send,0x3fbeb482,STOCK_MODULE,mtk_afe_external,1,snd_soc_mtk_common,1,1,0,0,0,0,0,0,0,0
notify_xgf_ko_ready,0xf1f421d0,STOCK_MODULE,mtk_fpsgo,1,fpsgo,1,1,0,0,0,0,0,0,0,0
nr_cpu_ids,0x017de3d5,KERNEL_OR_BUILTIN,,0,8021q;aee_aed;aee_hangdet;apusys;arm_dsu_pmu;blocktag;cache_parity;ccci_dpmaif;cpufreq_sugov_ext;gz_ipc_mod;gz_irq_mod;gz_trusty_mod;gz_tz_system;gz_virtio_mod;load_track;lpm_gov_MHSP;mac80211;mediatek_cpufreq_hw;mediatek_drm;met;mrdump;mtk_c2ps;mtk_cg_peak_power_throttling;mtk_cm_mgr;mtk_core_ctl;mtk_cpu_power_throttling;mtk_fpsgo;mtk_lpm;mtk_lpm_dbg_common_v2;mtk_lpm_plat_v1;mtk_mbraink;mtk_pbm;mtk_perf_common;mtk_perf_ioctl_magt;mtk_swpm_dbg_common_v1;mtk_swpm_perf_arm_pmu;powerhal_cpu_ctrl;ppp_generic;rps_perf;rtc_mt6685;scheduler;task_turbo;thermal_interface;thermal_trace;tipc;tkcore;tkcore_drv;touch_boost;trace_mmstat;ufs_mediatek_mod;uload_ind;usb_boost;usbnet;wlan_drv_gen4m_6878;zram,55,55,0,1,0,0,1,1,1,1
nr_ipi_get,0x215054f8,KERNEL_OR_BUILTIN,,0,aee_hangdet,1,1,0,1,0,0,0,0,1,1
nr_irqs,0xcdca3691,KERNEL_OR_BUILTIN,,0,aee_hangdet,1,1,0,1,0,0,0,0,1,1
nr_swap_pages,0xa0d3456d,KERNEL_OR_BUILTIN,,0,trace_mmstat,1,1,0,1,0,0,0,0,1,1
ns_capable,0x4ed6a2f5,KERNEL_OR_BUILTIN,,0,8021q;ieee802154_socket;nfc;ppp_generic,4,4,0,1,0,0,0,0,1,1
ns_to_kernel_old_timeval,0x6b853d06,KERNEL_OR_BUILTIN,,0,bluetooth,1,2,0,1,0,0,0,0,1,1
ns_to_timespec64,0x65929cae,KERNEL_OR_BUILTIN,,0,mediatek_drm;mt6375_battery;mtk_charger_framework;mtk_mml;mtk_mml_mt6878;mtk_pep50;mtk_vcodec_dec_v1;spi_tiny_co5300_lcd;ufs_mediatek_dbg;wlan_drv_gen4m_6878,10,10,0,1,0,0,1,1,1,1
nsec_to_clock_t,0xd0d036a6,KERNEL_OR_BUILTIN,,0,mtk_mbraink,1,1,0,1,0,0,0,0,1,1
nsecs_to_jiffies,0xffae8e8b,KERNEL_OR_BUILTIN,,0,mtk_btcvsd;mtk_tinysys_ipi;mtk_vcodec_dec_v1;tcpc_class,4,4,0,1,0,0,1,1,1,1
nvmem_cell_get,0x596bea40,KERNEL_OR_BUILTIN,,0,ged;hci_uart;mediatek_drm;mt6375_battery;mtk_cam_isp7sp;mtk_cg_peak_power_throttling;snd_soc_mt6878_afe;soc_temp_lvts,8,8,0,1,0,0,1,1,1,1
nvmem_cell_put,0x85540ebc,KERNEL_OR_BUILTIN,,0,ged;hci_uart;mediatek_drm;mt6375_battery;mtk_cam_isp7sp;mtk_cg_peak_power_throttling;pmic_temp;snd_soc_mt6878_afe;soc_temp_lvts,9,9,0,1,0,0,1,1,1,1
nvmem_cell_read,0x99f018c4,KERNEL_OR_BUILTIN,,0,ged;hci_uart;mediatek_drm;mt6375_battery;mtk_cam_isp7sp;mtk_cg_peak_power_throttling;pmic_temp;snd_soc_mt6878_afe;soc_temp_lvts,9,9,0,1,0,0,1,1,1,1
nvmem_cell_read_u32,0x44ec2a22,KERNEL_OR_BUILTIN,,0,phy_mtk_xsphy,1,1,0,1,0,0,1,1,1,1
nvmem_cell_write,0x202d4ed6,KERNEL_OR_BUILTIN,,0,mt6375_battery,1,1,0,1,0,0,1,1,1,1
nvmem_device_read,0xc697b0f7,KERNEL_OR_BUILTIN,,0,mt6369_accdet;pmic_temp;snd_soc_mt6369,3,3,0,1,0,0,1,1,1,1
of_address_to_resource,0x3620741f,KERNEL_OR_BUILTIN,,0,bt_drv_6878;cmdq_test;conninfra;ged;mdp_drv_mt6878;mediatek_drm;mtk_imgsys_isp7sp;mtk_imgsys_v4l2;mtk_lpm;mtk_mbox_mailbox;mtk_mml;phy_mtk_xsphy;wlan_drv_gen4m_6878,13,13,0,1,0,0,1,1,1,1
of_alias_get_id,0xa734d448,KERNEL_OR_BUILTIN,,0,mediatek_drm;mtk_mml;usb_offload,3,3,0,1,0,0,1,1,1,1
of_clk_add_provider,0xd3f515ad,KERNEL_OR_BUILTIN,,0,clk_common;clk_mt6878;mediatek_drm;mtk_mmdvfs_v3,4,4,0,1,0,0,1,1,1,1
of_clk_del_provider,0xa9973baa,KERNEL_OR_BUILTIN,,0,mediatek_drm,1,1,0,1,0,0,1,1,1,1
of_clk_get,0xea0caa6e,KERNEL_OR_BUILTIN,,0,clk_bringup;clk_disable_unused;mali_kbase_mt6878_r44;mediatek_drm;mtk_cam_isp7sp;mtk_mmdvfs_v3;mtk_mml,7,7,0,1,0,0,1,1,1,1
of_clk_get_by_name,0x32746295,KERNEL_OR_BUILTIN,,0,mdp_drv_mt6878;mediatek_drm;mtk_mml;tkcore,4,4,0,1,0,0,1,1,1,1
of_clk_get_from_provider,0x0244fba4,KERNEL_OR_BUILTIN,,0,apu_top;clk_common,2,2,0,1,0,0,1,1,1,1
of_clk_src_onecell_get,0x296dd097,KERNEL_OR_BUILTIN,,0,clk_common;clk_mt6878;mtk_mmdvfs_v3,3,3,0,1,0,0,1,1,1,1
of_clk_src_simple_get,0x4d8eb188,KERNEL_OR_BUILTIN,,0,mediatek_drm,1,1,0,1,0,0,1,1,1,1
of_count_phandle_with_args,0xc34e95f5,KERNEL_OR_BUILTIN,,0,apu_top;arm_dsu_pmu;clk_bringup;clk_disable_unused;connfem;dbg_error_flag;mdp_drv_mt6878;mmqos_common;mtk_cam_isp7sp;mtk_cm_mgr;mtk_cm_mgr_mt6878;mtk_cmdq_drv_ext;mtk_dvfsrc_helper;mtk_imgsys_v4l2;mtk_iommu;mtk_ipesys_me;mtk_lpm_dbg_common_v2;mtk_mml;mtk_scpsys;mtu3;pda_drv_mt6878,21,21,0,1,0,0,1,1,1,1
of_cpu_node_to_id,0xf3c0f231,KERNEL_OR_BUILTIN,,0,arm_dsu_pmu,1,1,0,1,0,0,1,1,1,1
of_devfreq_cooling_register_power,0x978d697a,KERNEL_OR_BUILTIN,,0,mali_kbase_mt6878_r44,1,1,0,1,0,0,1,1,1,1
of_device_get_match_data,0xb1bf4b3e,KERNEL_OR_BUILTIN,,0,8250_mtk;apu_top;apusys;board_temp;cache_parity;charger_cooling;clk_bringup;clk_common;clk_mt6878;connfem;conninfra;emi;i2c_mt65xx;iommu_debug;leds_mtk_disp;mediatek_cpufreq_hw;mediatek_drm;mmqos_common;mtk_aie;mtk_battery_oc_throttling;mtk_cam_isp7sp;mtk_cmdq_drv_ext;mtk_disp_sec;mtk_dvfsrc;mtk_dynamic_loading_throttling;mtk_hcp;mtk_imgsys_cmdq;mtk_imgsys_v4l2;mtk_iommu;mtk_jpeg;mtk_mbox_mailbox;mtk_mdpm;mtk_mmc;mtk_mml;mtk_pmic_oc_debug;mtk_pmic_wrap;mtk_qos;mtk_scpsys;mtk_scpsys_bringup;mtk_scpsys_mt6878;mtk_smi;mtk_spmi_pmic;mtk_spmi_pmic_adc;mtk_uart_apdma;mtk_wdt;nvmem_mt635x_efuse;pmic_lbat_service;pmic_lvsys_notify;pmic_temp;pwm_mtk_disp;rtc_mt6685;sapu;soc_temp_lvts;spmi_mtk_mpu;spmi_mtk_pmif;system_heap;timer_mediatek;vtskin_temp;wifi_cooling,59,59,0,1,0,0,1,1,1,1
of_device_is_available,0x31e526cc,KERNEL_OR_BUILTIN,,0,apusys;mediatek_drm;mmqos_common;mtk_iommu;rtc_mt6685,5,5,0,1,0,0,1,1,1,1
of_device_is_compatible,0x1ee00ad9,KERNEL_OR_BUILTIN,,0,mali_kbase_mt6878_r44;mediatek_drm_panel_drv;mtk_vmm_spm;mtu3;phy_mtk_xsphy;spmi_mtk_pmif;usb_boost;xhci_mtk_hcd_v2,8,8,0,1,0,0,1,1,1,1
of_dma_configure_id,0x55f0b55b,KERNEL_OR_BUILTIN,,0,apusys;gps_drv_dl_v051,2,2,0,1,0,0,1,1,1,1
of_dma_controller_free,0x908bad64,KERNEL_OR_BUILTIN,,0,mtk_uart_apdma,1,1,0,1,0,0,1,1,1,1
of_dma_controller_register,0xf7f7b192,KERNEL_OR_BUILTIN,,0,mtk_uart_apdma,1,1,0,1,0,0,1,1,1,1
of_dma_is_coherent,0x1b2968e8,KERNEL_OR_BUILTIN,,0,mali_kbase_mt6878_r44,1,1,0,1,0,0,1,1,1,1
of_dma_xlate_by_chan_id,0x1c378f32,KERNEL_OR_BUILTIN,,0,mtk_uart_apdma,1,1,0,1,0,0,1,1,1,1
of_drm_find_bridge,0x510d196d,KERNEL_OR_BUILTIN,,0,mediatek_drm,1,1,0,1,0,0,1,1,1,1
of_drm_find_panel,0x7e03de69,KERNEL_OR_BUILTIN,,0,mediatek_drm,1,1,0,1,0,0,1,1,1,1
of_find_backlight_by_node,0x859e7083,KERNEL_OR_BUILTIN,,0,mediatek_drm_panel_drv;panel_ky_vtdr6115_dphy_cmd,2,2,0,1,0,0,1,1,1,1
of_find_compatible_node,0x3d6e4570,KERNEL_OR_BUILTIN,,0,adsp;apusys;atf_logger;bt_drv_6878;bus_parity;camera_dpe_isp7sp;ccci_ccif;ccci_dpmaif;ccci_md_all;ccci_util_lib;charger_cooling;clk_fmeter_mt6878;cmdq_sec_drv;connadp;extcon_mtk_usb;fingerprint;fmradio_drv_connac2x;ged;gz_log_mod;imgsensor;iommu_debug;leds_ln2403;lpm_gov_MHSP;mali_kbase_mt6878_r44;mcupm;mdp_drv_mt6878;mediatek_drm;met;microarray_fp_tee;mrdump;mt6369_accdet;mt6878_dcm;mtk_aie;mtk_btcvsd;mtk_cam_isp7sp;mtk_ccd_remoteproc;mtk_ccuv;mtk_cmdq_drv_ext;mtk_gpu_qos;mtk_gpufreq_mt6878;mtk_gpufreq_wrapper;mtk_hcp;mtk_imgsys_v4l2;mtk_jpeg;mtk_lpm;mtk_lpm_dbg_common_v2;mtk_lpm_plat_v1;mtk_mmdvfs_v3;mtk_mminfra_debug;mtk_mminfra_imax;mtk_mml;mtk_pbm;mtk_peak_power_budget;mtk_sec_heap;mtk_smi_dbg;mtk_ssc;mtk_swpm_perf_arm_pmu;mtk_vcodec_dec_v1;mtk_vcodec_enc_v1;mtk_vmm_isp71_regulator;pda_drv_mt6878;sapu;scp;sec;snd_soc_mtk_common;sspm_v3;system_heap;tkcore_drv;tmem_ffa;ufs_mediatek_mod;vcp;wlan_drv_gen4m_6878;yft_devinfo,73,73,0,1,0,0,1,1,1,1
of_find_device_by_node,0x00c0a572,KERNEL_OR_BUILTIN,,0,apu_top;apusys;camera_dpe_isp7sp;ccci_md_all;clkbuf;cmdq_sec_drv;cmdq_test;conninfra;cpudvfs;cpufreq_sugov_ext;cpuqos_v3;dbg_error_flag;imgsensor;log_store;mali_kbase_mt6878_r44;mdp_drv_mt6878;mediatek_cpufreq_hw;mediatek_drm;mmqos_common;mtk_aie;mtk_cam_isp7sp;mtk_ccd_remoteproc;mtk_ccuv;mtk_charger_framework;mtk_cm_mgr_mt6878;mtk_cmdq_drv_ext;mtk_hcp;mtk_imgsys_cmdq;mtk_imgsys_v4l2;mtk_iommu;mtk_ipesys_me;mtk_jpeg;mtk_mmdvfs_v3;mtk_mminfra_debug;mtk_mminfra_imax;mtk_mml;mtk_perf_common;mtk_pmic_oc_debug;mtk_sec_heap;mtk_smi;mtk_smi_dbg;mtk_vcodec_dec_v1;mtk_vcodec_enc_v1;mtk_vcu;mtk_vmm_isp71_regulator;mtu3;pda_drv_mt6878;pmic_temp;sapu;scheduler;scp;snd_soc_mt6878_afe;ufs_mediatek_mod;usb_meta;usb_offload;vcp;xhci_mtk_hcd_v2,57,57,0,1,0,0,1,1,1,1
of_find_matching_node_and_match,0x11714da5,KERNEL_OR_BUILTIN,,0,aee_hangdet;ccci_md_all;gpueb;hynitron;mt6369_accdet,5,5,0,1,0,0,1,1,1,1
of_find_node_by_name,0xc473e973,KERNEL_OR_BUILTIN,,0,adsp;aw36515;aw36518;aw36518_v2;bootprof;ccci_md_all;clk_common;connfem;cpudvfs;cpufreq_sugov_ext;log_store;mediatek_cpufreq_hw;mediatek_drm;met;monitor_hang;mt6375_battery;mtk_battery_oc_throttling;mtk_cam_isp7sp;mtk_cm_mgr_mt6878;mtk_dynamic_loading_throttling;mtk_low_battery_throttling;mtk_peak_power_budget;mtk_perf_common;mtk_pmic_oc_debug;mtk_scpsys;mtu3;pmic_lbat_service;pmic_lvsys_notify;scheduler;scp;smpu;snd_soc_mt6878_afe;tcpc_class;thermal_interface;tkcore;tmem_ffa,36,36,0,1,0,0,1,1,1,1
of_find_node_by_phandle,0x268bfed9,KERNEL_OR_BUILTIN,,0,imgsensor;mtk_cam_isp7sp;mtk_ccuv;mtk_mmdvfs_v3;mtk_vmm_isp71_regulator;pinctrl_mtk_v2,6,6,0,1,0,0,1,1,1,1
of_find_node_opts_by_path,0x748c8ec0,KERNEL_OR_BUILTIN,,0,aee_aed;btbcm;bus_parity;ccci_md_all;conninfra;gz_log_mod;leds_rgb_aw2013;log_store;mali_kbase_mt6878_r44;mediatek_drm;met;mrdump;mtk_cg_peak_power_throttling;mtk_charger_framework;mtk_pep50;mtk_socinfo;mtu3;nvmem_mtk_devinfo;phy_mtk_xsphy;rpmb_mtk;rtc_mt6685;sapu;sec;sh366003_fg;spi_tiny_co5300_lcd;tcpc_class;usb_meta;wlan_drv_gen4m_6878;yft_devinfo,29,29,0,1,0,0,1,1,1,1
of_find_node_with_property,0xf9d61269,KERNEL_OR_BUILTIN,,0,clk_common;phy_mtk_xsphy,2,2,0,1,0,0,1,1,1,1
of_find_property,0xe35274a3,KERNEL_OR_BUILTIN,,0,apu_top;cfg80211;connfem;extcon_mtk_usb;focaltech_touch_spi_ft3680;gz_log_mod;hynitron;i2c_mt65xx;lpm_gov_MHSP;mali_kbase_mt6878_r44;mcupm;mdp_drv_mt6878;mediatek_drm;mediatek_drm_panel_drv;mt6375_battery;mt6375_charger;mtk_charger_framework;mtk_cmdq_drv_ext;mtk_dpc;mtk_dvfsrc;mtk_dvfsrc_helper;mtk_dynamic_loading_throttling;mtk_gpu_qos;mtk_icc_core;mtk_iommu;mtk_lpm;mtk_lpm_dbg_common_v2;mtk_mmc;mtk_mmdvfs;mtk_mmdvfs_v3;mtk_mminfra_debug;mtk_mml;mtk_pd_adapter;mtk_pep;mtk_pep50;mtk_pmic_keys;mtk_pwm;mtk_scpsys;mtk_smi;mtk_smi_dbg;mtk_uart_apdma;mtk_vmm_isp71_regulator;mtu3;panel_ky_vtdr6115_dphy_cmd;pinctrl_mtk_v2;scp;smpu;snd_soc_mt6369;snd_soc_mt6878_afe;snd_soc_mtk_common;snd_soc_mtk_scp_ultra;spi_mt65xx;system_heap;tcpc_class;ufs_mediatek_mod;usb_boost;usb_offload;vcp;xhci_mtk_hcd_v2,59,59,0,1,0,0,1,1,1,1
of_fwnode_ops,0xd36b1bfe,KERNEL_OR_BUILTIN,,0,arm_dsu_pmu;extdev_io_class;yft_gpio_keys,3,3,0,1,0,0,1,1,1,1
of_genpd_add_device,0x99cb6a2e,KERNEL_OR_BUILTIN,,0,clk_common,1,1,0,1,0,0,1,1,1,1
of_genpd_add_provider_onecell,0x50d40c58,KERNEL_OR_BUILTIN,,0,mtk_scpsys,1,1,0,1,0,0,1,1,1,1
of_get_child_by_name,0xa3308a92,KERNEL_OR_BUILTIN,,0,aw36515;aw36518;aw36518_v2;can_dev;connfem;conninfra;emi_fake_eng;last_bus;mali_kbase_mt6878_r44;met;mt6375_auxadc;mt6878_mt6369;snd_soc_mt6369,13,13,0,1,0,0,1,1,1,1
of_get_cpu_node,0x6727c283,KERNEL_OR_BUILTIN,,0,mediatek_cpufreq_hw;met;mtk_lpm_dbg_common_v2;thermal_interface,4,4,0,1,0,0,1,1,1,1
of_get_named_gpio_flags,0xb9ab15e7,KERNEL_OR_BUILTIN,,0,aw36515;aw36518;aw36518_v2;aw883xx_driver;ccci_md_all;connfem;conninfra;extcon_mtk_usb;fingerprint;fmradio_drv_connac2x;focaltech_touch_spi_ft3680;hynitron;leds_ln2403;leds_rgb_aw2013;mt6369_accdet;sc851x_charger;sc8571_charger;snd_soc_tfa98xx;spi_tiny_co5300_lcd;yft_devinfo;yft_tiny2c_usb,21,21,0,1,0,0,1,1,1,1
of_get_next_available_child,0x9abbe2da,KERNEL_OR_BUILTIN,,0,apusys;ccd_rpmsg;leds_rgb_aw2013;mali_kbase_mt6878_r44;mdp_drv_mt6878;mediatek_drm_panel_drv;met;mtk_imgsys_cmdq;mtk_mmdvfs_v3;mtk_pmic_keys;mtk_spmi_pmic_adc,11,11,0,1,0,0,1,1,1,1
of_get_next_child,0x96461ca6,KERNEL_OR_BUILTIN,,0,aw36515;aw36518;aw36518_v2;clkbuf;connfem;emi_fake_eng;fhctl;last_bus;md_cooling_all;mediatek_drm;met;mtk_pmic_keys;mtu3;phy_mtk_xsphy;pinctrl_mtk_v2,15,15,0,1,0,0,1,1,1,1
of_get_next_parent,0xa4703811,KERNEL_OR_BUILTIN,,0,apu_top,1,1,0,1,0,0,1,1,1,1
of_get_parent,0x460ab812,KERNEL_OR_BUILTIN,,0,panel_ky_vtdr6115_dphy_cmd,1,1,0,1,0,0,1,1,1,1
of_get_property,0x9da9550a,KERNEL_OR_BUILTIN,,0,apu_top;blocktag;bus_parity;ccci_md_all;ccci_util_lib;clkbuf;connfem;fmradio_drv_connac2x;leds_rgb_aw2013;log_store;mali_kbase_mt6878_r44;mediatek_drm;met;mrdump;mt6375_battery;mt6375_charger;mtk_cg_peak_power_throttling;mtk_charger_framework;mtk_dynamic_loading_throttling;mtk_low_battery_throttling;mtk_peak_power_budget;mtk_pep50;mtk_smi;mtk_vcodec_enc_v1;mtu3;nvmem_mtk_devinfo;phy_mtk_ufs;phy_mtk_xsphy;pinctrl_mtk_v2;reset_ti_syscon;rpmb_mtk;rtc_mt6685;sapu;scp;sec;sh366003_fg;spi_tiny_co5300_lcd;tcpc_class;ufs_mediatek_mod;usb_meta;wlan_drv_gen4m_6878;yft_devinfo,42,42,0,1,0,0,1,1,1,1
of_get_regulator_init_data,0x6c6d14ef,KERNEL_OR_BUILTIN,,0,rt6160_regulator,1,1,0,1,0,0,1,1,1,1
of_graph_get_next_endpoint,0x4eae3dec,KERNEL_OR_BUILTIN,,0,imgsensor;mediatek_drm;panel_ky_vtdr6115_dphy_cmd,3,3,0,1,0,0,1,1,1,1
of_graph_get_remote_node,0xb4aaec75,KERNEL_OR_BUILTIN,,0,imgsensor;mediatek_drm,2,2,0,1,0,0,1,1,1,1
of_graph_get_remote_port_parent,0x0c4e3667,KERNEL_OR_BUILTIN,,0,mediatek_drm;panel_ky_vtdr6115_dphy_cmd,2,2,0,1,0,0,1,1,1,1
of_icc_get,0x775c7df1,KERNEL_OR_BUILTIN,,0,adsp;apusys;ccci_dpmaif;mmqos_common;mtk_cm_mgr_mt6878;mtk_fpsgo;usb_boost,7,7,0,1,0,0,1,1,1,1
of_icc_xlate_onecell,0xbc1cc4f8,KERNEL_OR_BUILTIN,,0,mtk_emi,1,1,0,1,0,0,1,1,1,1
of_iomap,0x9309b7e9,KERNEL_OR_BUILTIN,,0,aee_hangdet;apu_top;apusys;bt_drv_6878;bus_parity;cache_parity;camera_dpe_isp7sp;ccci_ccif;ccci_dpmaif;ccci_fsm_scp;ccci_md_all;clk_common;clk_fmeter_mt6878;clkbuf;cmdq_test;conninfra;cpufreq_sugov_ext;dbg_error_flag;device_apc_common;emi;emi_fake_eng;emi_mpu;fhctl;ged;mdp_drv_mt6878;mediatek_cpufreq_hw;mediatek_drm;mt6878_dcm;mtk_btcvsd;mtk_dramc;mtk_gpufreq_mt6878;mtk_gpufreq_wrapper;mtk_imgsys_isp7sp;mtk_imgsys_v4l2;mtk_ipesys_me;mtk_lpm;mtk_lpm_dbg_common_v2;mtk_lpm_plat_v1;mtk_mml;mtk_pwm;pda_drv_mt6878;pinctrl_mtk_v2;sec;smpu;snd_soc_mtk_common;wlan_drv_gen4m_6878,46,46,0,1,0,0,1,1,1,1
of_irq_find_parent,0x1701839b,KERNEL_OR_BUILTIN,,0,gz_irq_mod,1,1,0,1,0,0,1,1,1,1
of_irq_get,0xf9677c4f,KERNEL_OR_BUILTIN,,0,mediatek_drm;mtk_lpm;mtk_spmi_pmic,3,3,0,1,0,0,1,1,1,1
of_irq_get_byname,0x91eb5598,KERNEL_OR_BUILTIN,,0,hci_uart,1,1,0,1,0,0,0,0,1,1
of_irq_parse_one,0xf886afc2,KERNEL_OR_BUILTIN,,0,cache_parity,1,1,0,1,0,0,1,1,1,1
of_machine_is_compatible,0xd31ccb06,KERNEL_OR_BUILTIN,,0,mali_kbase_mt6878_r44;scp,2,2,0,1,0,0,1,1,1,1
of_match_device,0x54ad2b23,KERNEL_OR_BUILTIN,,0,connfem;hynitron;mediatek_drm;mt6315_regulator;mt6369_accdet;mtk_dpc;mtk_pmic_keys;rt4831a_drv;ufs_mediatek_mod,9,9,0,1,0,0,1,1,1,1
of_match_node,0x4fcce10a,KERNEL_OR_BUILTIN,,0,clkbuf;fhctl;mediatek_drm;mtk_cg_peak_power_throttling;mtk_dvfsrc_helper;mtk_dvfsrc_regulator;mtk_emi;mtk_pmic_wrap;mtk_vmm_isp71_regulator;sc8571_charger;spi_mt65xx;uarthub_drv,12,12,0,1,0,0,1,1,1,1
of_mtk_icc_get,0x850ba952,STOCK_MODULE,mtk_icc_core,1,mdp_drv_mt6878;mediatek_drm;mtk_cam_isp7sp;mtk_ccuv;mtk_imgsys_cmdq;mtk_jpeg;mtk_mml;mtk_vcodec_dec_v1;mtk_vcodec_enc_v1;pda_drv_mt6878,10,10,0,0,0,0,0,0,0,0
of_phandle_iterator_init,0xc085129c,KERNEL_OR_BUILTIN,,0,connfem;mmqos_common;mtk_imgsys_cmdq,3,3,0,1,0,0,1,1,1,1
of_phandle_iterator_next,0xa793cd59,KERNEL_OR_BUILTIN,,0,connfem;mmqos_common;mtk_imgsys_cmdq,3,3,0,1,0,0,1,1,1,1
of_phy_simple_xlate,0x393623b2,KERNEL_OR_BUILTIN,,0,mediatek_drm;phy_mtk_ufs,2,2,0,1,0,0,1,1,1,1
of_platform_depopulate,0xd8207480,KERNEL_OR_BUILTIN,,0,apu_top;mtk_cam_isp7sp;mtu3,3,3,0,1,0,0,1,1,1,1
of_platform_device_create,0xad524976,KERNEL_OR_BUILTIN,,0,extdev_io_class;mmqos_common,2,2,0,1,0,0,1,1,1,1
of_platform_device_destroy,0x78bfadc8,KERNEL_OR_BUILTIN,,0,extdev_io_class,1,1,0,0,0,0,0,0,0,0
of_platform_populate,0xe0c30afd,KERNEL_OR_BUILTIN,,0,apu_top;gz_trusty_mod;mtk_cam_isp7sp;mtk_pmic_wrap;mtu3,5,5,0,1,0,0,1,1,1,1
of_prop_next_string,0x819d9c94,KERNEL_OR_BUILTIN,,0,apu_top;connfem;lpm_gov_MHSP;mtk_lpm_dbg_common_v2;mtk_mmdvfs;mtk_mmdvfs_v3;mtk_mminfra_debug;mtk_mml;mtk_scpsys;mtk_smi;mtk_vmm_isp71_regulator,11,11,0,1,0,0,1,1,1,1
of_prop_next_u32,0x5820c2d2,KERNEL_OR_BUILTIN,,0,cfg80211;connfem;mtk_lpm;mtk_mmdvfs;mtk_mml,5,5,0,1,0,0,1,1,1,1
of_property_count_elems_of_size,0x3cfa4a11,KERNEL_OR_BUILTIN,,0,board_temp;cache_parity;clkbuf;cmdq_test;connfem;emi;emi_fake_eng;emi_mpu;gpueb;mali_kbase_mt6878_r44;mediatek_drm;mtk_battery_oc_throttling;mtk_bp_thl;mtk_cam_isp7sp;mtk_cmdq_drv_ext;mtk_low_battery_throttling;mtk_md_power_throttling;mtk_mmdvfs_debug;mtk_mml;mtk_vcodec_dec_v1;mtk_vcodec_enc_v1;pinctrl_mtk_v2;pmic_lvsys_notify;scp;smpu;spi_mt65xx;thermal_generic_adc;vcp,28,28,0,1,0,0,1,1,1,1
of_property_match_string,0xaa0acb6b,KERNEL_OR_BUILTIN,,0,connfem;conninfra;mediatek_drm;mtk_cmdq_drv_ext;mtk_gpufreq_wrapper;mtk_icc_core;phy_mtk_xsphy,7,7,0,1,0,0,1,1,1,1
of_property_read_string,0x000c9569,KERNEL_OR_BUILTIN,,0,adsp;aee_aed;apu_top;apusys;aw883xx_driver;backlight_cooling;bt_drv_6878;ccd_rpmsg;clk_common;clkbuf;conninfra;extcon_mtk_usb;fhctl;gz_virtio_mod;imgsensor;last_bus;lpm_gov_MHSP;mali_kbase_mt6878_r44;mediatek_drm;mediatek_drm_panel_drv;met;mrdump;mt6375_charger;mtk_cam_isp7sp;mtk_charger_framework;mtk_chg_type_det;mtk_cm_mgr;mtk_irtx_pwm;mtk_lpm;mtk_lpm_dbg_common_v2;mtk_mml;mtk_pd_adapter;mtk_socinfo;mtk_vcodec_dec_v1;mtk_vcodec_enc_v1;mtk_vcu;mtk_vmm_notifier;regulator_vibrator;sc8571_charger;scp;sec_rng;smpu;snd_soc_mt6878_afe;system_heap;tcpc_class;vcp;wlan_drv_gen4m_6878;yft_devinfo,48,48,0,1,0,0,1,1,1,1
of_property_read_string_helper,0xf876718e,KERNEL_OR_BUILTIN,,0,8250_mtk;btbcm;bus_parity;clkbuf;connfem;conninfra;gpueb;imgsensor;mediatek_drm_gateic;mediatek_drm_panel_drv;met;mtk_cam_isp7sp;mtk_iommu;mtk_lpm_dbg_common_v2;mtk_mmdvfs_debug;mtk_mmdvfs_v3;mtk_mml;mtk_pep50;mtk_smi;mtk_vcodec_dec_v1;mtk_vcodec_enc_v1;mtk_vcu;pinctrl_mtk_v2;spi_mt65xx;vcp,25,25,0,1,0,0,1,1,1,1
of_property_read_u32_index,0xceae3dfa,KERNEL_OR_BUILTIN,,0,8250_mtk;bus_parity;cache_parity;ccci_md_all;clkbuf;connfem;dbg_error_flag;emi;gpueb;i2c_mt65xx;mdp_drv_mt6878;mediatek_drm;met;mt6375_battery;mtk_cam_isp7sp;mtk_dvfsrc;mtk_gpufreq_wrapper;mtk_imgsys_cmdq;mtk_mmdvfs_debug;mtk_mmdvfs_v3;mtk_mminfra_debug;mtk_mml;mtk_peak_power_budget;mtk_smi;mtk_swpm_perf_arm_pmu;mtk_uart_apdma;mtk_vcodec_dec_v1;mtk_vcodec_enc_v1;mtk_vcu;phy_mtk_xsphy;pinctrl_mtk_v2;scp;spi_mt65xx;vcp,34,34,0,1,0,0,1,1,1,1
of_property_read_u64,0x37f4b967,KERNEL_OR_BUILTIN,,0,apusys;conninfra;connscp;emi;gps_drv_dl_v051;gpueb;mali_kbase_mt6878_r44;mdp_drv_mt6878;met;mtk_gpufreq_wrapper;mtk_imgsys_cmdq;mtk_lpm_dbg_common_v2;mtk_mmdvfs_v3;mtk_peak_power_budget;tmem_ffa;wlan_drv_gen4m_6878,16,16,0,1,0,0,1,1,1,1
of_property_read_u64_index,0x2e22ca9b,KERNEL_OR_BUILTIN,,0,apusys;mtk_smi_dbg,2,2,0,1,0,0,1,1,1,1
of_property_read_variable_u16_array,0x0dafa66a,KERNEL_OR_BUILTIN,,0,cmdq_test;mdp_drv_mt6878;mtk_cmdq_drv_ext;mtk_dpc;mtk_imgsys_cmdq;mtk_mml;sec_rng,7,7,0,1,0,0,1,1,1,1
of_property_read_variable_u32_array,0x94a3f9c7,KERNEL_OR_BUILTIN,,0,8250_mtk;adsp;aee_hangdet;apu_top;apusys;aw36515;aw36518;aw36518_v2;aw883xx_driver;board_temp;bootprof;cache_parity;camera_dpe_isp7sp;can_dev;ccci_ccif;ccci_dpmaif;ccci_fsm_scp;ccci_md_all;ccci_util_lib;charger_cooling;clk_bringup;clk_common;clkbuf;cmdq_sec_drv;cmdq_test;connfem;conninfra;connscp;cpufreq_sugov_ext;cpuqos_v3;dbgtop_drm;emi;emi_fake_eng;emi_mpu;extcon_mtk_usb;fhctl;flashlight;fmradio_drv_connac2x;focaltech_touch_spi_ft3680;ged;gps_drv_dl_v051;gpueb;gz_irq_mod;gz_log_mod;gz_trusty_mod;gz_virtio_mod;hci_uart;hynitron;i2c_mt65xx;imgsensor;last_bus;leds_rgb_aw2013;log_store;lpm_gov_MHSP;mali_kbase_mt6878_r44;mali_prot_alloc_mt6878_r44;mcupm;mdp_drv_mt6878;mediatek_drm;mediatek_drm_gateic;mediatek_drm_panel_drv;met;mmqos_common;monitor_hang;mrdump;mt6315_regulator;mt6363_regulator;mt6369_accdet;mt6369_regulator;mt6375_auxadc;mt6375_battery;mt6375_charger;mt6878_mt6369;mtk_aie;mtk_battery_oc_throttling;mtk_bp_thl;mtk_btcvsd;mtk_cam_isp7sp;mtk_ccuv;mtk_charger_framework;mtk_chg_type_det;mtk_cm_ipi;mtk_cm_mgr;mtk_cm_mgr_mt6878;mtk_cmdq_drv_ext;mtk_cpu_power_throttling;mtk_disp_sec;mtk_dpc;mtk_dramc;mtk_dvfsrc;mtk_dvfsrc_helper;mtk_dynamic_loading_throttling;mtk_fpsgo;mtk_gpu_power_throttling;mtk_gpu_qos;mtk_gpufreq_mt6878;mtk_gpufreq_wrapper;mtk_imgsys_cmdq;mtk_imgsys_isp7sp;mtk_imgsys_v4l2;mtk_iommu;mtk_irtx_pwm;mtk_jpeg;mtk_low_battery_throttling;mtk_lpm;mtk_lpm_dbg_common_v2;mtk_mbox_mailbox;mtk_md_power_throttling;mtk_mmc;mtk_mmdvfs;mtk_mmdvfs_debug;mtk_mmdvfs_v3;mtk_mminfra_debug;mtk_mminfra_imax;mtk_mml;mtk_pd_adapter;mtk_pd_charging;mtk_peak_power_budget;mtk_pep;mtk_pep40;mtk_pep50;mtk_perf_common;mtk_pmic_keys;mtk_pwm;mtk_qos;mtk_scp_audiocommon;mtk_scpsys;mtk_scpsys_bringup;mtk_smi;mtk_smi_dbg;mtk_sp_spk_amp;mtk_spmi_pmic_adc;mtk_ssc;mtk_uart_apdma;mtk_vcodec_dec_v1;mtk_vcodec_enc_v1;mtk_vcu;mtk_vmm_isp71_regulator;mtk_vmm_notifier;mtu3;panel_ky_vtdr6115_dphy_cmd;pda_drv_mt6878;phy_mtk_ufs;pinctrl_mtk_v2;pmic_lbat_service;pmic_lvsys_notify;reboot_mode;regulator_vibrator;reset_ti_syscon;rt4831a_drv;rt5133_regulator;rt_pd_manager;rtc_mt6685;sapu;sc851x_charger;sc8571_charger;scheduler;scp;smpu;snd_soc_audiodsp_common;snd_soc_mt6369;snd_soc_mt6878_afe;snd_soc_mtk_common;snd_soc_mtk_scp_ultra;soc_temp_lvts;spmi_mtk_mpu;spmi_mtk_pmif;sspm_v3;st21nfc;syscon_reboot_mode;system_heap;tcpc_class;teeperf;thermal_generic_adc;thermal_interface;tmem_ffa;uarthub_drv;ufs_mediatek_mod;usb_offload;vcp;wlan_drv_gen4m_6878;xhci_mtk_hcd_v2,182,182,0,1,0,0,1,1,1,1
of_property_read_variable_u64_array,0x9f5e7ab1,KERNEL_OR_BUILTIN,,0,adsp;emi;mali_kbase_mt6878_r44;wlan_drv_gen4m_6878,4,4,0,1,0,0,1,1,1,1
of_property_read_variable_u8_array,0x4956eb3e,KERNEL_OR_BUILTIN,,0,mali_kbase_mt6878_r44;mediatek_drm;mediatek_drm_panel_drv;mtk_mmdvfs_debug;mtk_mml;scp;tcpc_class,7,7,0,1,0,0,1,1,1,1
of_remove_property,0x2384588a,KERNEL_OR_BUILTIN,,0,mtu3,1,1,0,1,0,0,1,1,1,1
of_reserved_mem_device_init_by_idx,0xbb56af18,KERNEL_OR_BUILTIN,,0,ccci_dpmaif;tmem_ffa;wlan_drv_gen4m_6878,3,3,0,1,0,0,1,1,1,1
of_reserved_mem_lookup,0x5bf2bc8d,KERNEL_OR_BUILTIN,,0,adsp;atf_logger;ccci_dpmaif;cmdq_sec_drv;conninfra;gps_drv_dl_v051;gz_log_mod;mali_kbase_mt6878_r44;mcupm;mrdump;mtk_btcvsd;scp;sspm_v3;tkcore_drv;tmem_ffa;vcp;wlan_drv_gen4m_6878,17,17,0,1,0,0,1,1,1,1
of_root,0x4cecbcce,KERNEL_OR_BUILTIN,,0,met;scheduler,2,2,0,1,0,0,1,1,1,1
of_thermal_get_trip_points,0x76401116,KERNEL_OR_BUILTIN,,0,soc_temp_lvts,1,1,0,1,0,0,1,1,1,1
of_translate_address,0x2a0a7c73,KERNEL_OR_BUILTIN,,0,apu_top;snd_soc_mtk_common,2,2,0,1,0,0,1,1,1,1
oops_in_progress,0xb1c3a01a,KERNEL_OR_BUILTIN,,0,mrdump,1,1,0,1,0,0,1,1,1,1
open_candev,0x0dd3afa3,STOCK_MODULE,can_dev,1,slcan,1,1,0,0,0,0,0,0,0,0
out_of_line_wait_on_bit,0x1984d421,KERNEL_OR_BUILTIN,,0,bluetooth,1,2,0,1,0,0,0,0,1,1
out_of_line_wait_on_bit_timeout,0x4071b517,KERNEL_OR_BUILTIN,,0,ccd_rpmsg;hci_uart,2,2,0,1,0,0,0,0,1,1
overflowuid,0x8b618d08,KERNEL_OR_BUILTIN,,0,tipc,1,1,0,1,1,0,0,0,1,1
page_endio,0x12cbd911,KERNEL_OR_BUILTIN,,0,zram,1,1,0,1,0,0,1,1,1,1
page_pinner_inited,0xacfe4142,KERNEL_OR_BUILTIN,,0,ccci_dpmaif;gz_main_mod;gz_tz_system;gzvm;mali_kbase_mt6878_r44;monitor_hang;r8152;zsmalloc,8,8,0,1,1,0,0,0,1,1
page_pool_alloc_pages,0x744a4b34,KERNEL_OR_BUILTIN,,0,ccci_dpmaif,1,1,0,1,0,0,1,1,1,1
page_pool_create,0x4c8831c4,KERNEL_OR_BUILTIN,,0,ccci_dpmaif,1,1,0,1,0,0,1,1,1,1
page_pool_destroy,0x104e46b5,KERNEL_OR_BUILTIN,,0,ccci_dpmaif,1,1,0,1,0,0,0,0,1,1
page_pool_put_defragged_page,0x42425748,KERNEL_OR_BUILTIN,,0,ccci_dpmaif,1,1,0,1,0,0,0,0,1,1
panic,0xf1e046cc,KERNEL_OR_BUILTIN,,0,aee_aed;apusys;mrdump;mtk_vmm_spm,4,4,0,1,0,0,1,1,1,1
panic_notifier_list,0x07ceeac9,KERNEL_OR_BUILTIN,,0,aee_aed;gz_log_mod;mediatek_cpufreq_hw;mrdump;mtk_dvfsrc_start,5,5,0,1,0,0,1,1,1,1
param_array_ops,0xc6eb4778,KERNEL_OR_BUILTIN,,0,mali_kbase_mt6878_r44;mtk_cam_isp7sp;mtk_wp;usb_meta,4,4,0,1,0,0,1,1,1,1
param_get_charp,0x4c3a48f4,KERNEL_OR_BUILTIN,,0,mtk_vcu,1,1,0,1,0,0,1,1,1,1
param_get_int,0xdad5f879,KERNEL_OR_BUILTIN,,0,mali_kbase_mt6878_r44;task_turbo,2,2,0,1,0,0,1,1,1,1
param_get_uint,0x67cb9dc6,KERNEL_OR_BUILTIN,,0,ged;mmqos_common;mtk_core_ctl;task_turbo;trace_mmstat,5,5,0,1,0,0,1,1,1,1
param_get_ulong,0x4d4e1a44,KERNEL_OR_BUILTIN,,0,mrdump;trace_mmstat,2,2,0,1,0,0,1,1,1,1
param_ops_bool,0x091a089b,KERNEL_OR_BUILTIN,,0,aee_aed;bluetooth;cdc_ncm;cfg80211;mac80211;mali_kbase_mt6878_r44;mt6375_charger;mtk_c2ps;mtk_core_ctl;mtk_mmdvfs_v3;mtk_pd_charging;mtk_pep;mtk_pep40;mtk_pep50;mtk_vcodec_dec_v1;mtk_vcodec_enc_v1;mtk_wdt;rfcomm;rt5133_regulator;usb_meta;vcan,21,22,0,1,0,0,1,1,1,1
param_ops_byte,0xbdd9f700,KERNEL_OR_BUILTIN,,0,mali_kbase_mt6878_r44,1,1,0,1,0,0,1,1,1,1
param_ops_charp,0xbb183429,KERNEL_OR_BUILTIN,,0,cfg80211;connfem;mac80211;mtk_u_ether;snd_soc_tfa98xx;usb_meta;wlan_drv_gen4m_6878,7,7,0,1,0,0,1,1,1,1
param_ops_int,0xa3b1eb1d,KERNEL_OR_BUILTIN,,0,apu_top;bootprof;bt_drv_6878;c2ps_perf_ioctl;can;cfg80211;drm_display_helper;frs;ftdi_sio;ged;hci_uart;mac80211;mediatek_drm;met;mtk_aie;mtk_c2ps;mtk_cam_isp7sp;mtk_cmdq_drv_ext;mtk_core_ctl;mtk_dpc;mtk_fpsgo;mtk_hcp;mtk_imgsys_cmdq;mtk_imgsys_isp7sp;mtk_imgsys_v4l2;mtk_jpeg;mtk_mml;mtk_mml_mt6878;mtk_pep50;mtk_perf_ioctl_magt;mtk_printk_ctrl;mtk_usb_f_rndis;mtk_vcodec_common;mtk_vcodec_dec_v1;mtk_vcodec_enc_v1;mtk_vmm_isp71_regulator;mtk_wp;rfcomm;rtc_mt6685;snd_soc_tfa98xx;trace_mmstat;usb_boost;usbnet;widevine_driver;xhci_mtk_hcd_v2,45,45,0,1,0,0,1,1,1,1
param_ops_string,0xb1777b47,KERNEL_OR_BUILTIN,,0,connfem;mali_kbase_mt6878_r44;mtk_c2ps,3,3,0,1,0,0,1,1,1,1
param_ops_uint,0x7d68eebb,KERNEL_OR_BUILTIN,,0,bt_drv_6878;c2k_usb;camera_dpe_isp7sp;camera_eeprom_v4l2;can_gw;connfem;conninfra;ged;imgsensor;mali_kbase_mt6878_r44;mediatek_drm;mmqos_common;mt6375_auxadc;mtk_cam_isp7sp;mtk_icc_core;mtk_mmdvfs;mtk_mmdvfs_v3;mtk_smi;mtk_u_ether;mtk_usb_f_rndis;mtk_wdt;pd_dbg_info;rfkill;sec;snd_soc_mtk_common;usb_meta;usb_offload;wmt_chrdev_wifi_connac2;xhci_mtk_hcd_v2;zram,30,30,0,1,0,0,1,1,1,1
param_ops_ullong,0xc799b8b4,KERNEL_OR_BUILTIN,,0,mtk_wp;xhci_mtk_hcd_v2,2,2,0,1,0,0,0,0,1,1
param_set_charp,0x1d836063,KERNEL_OR_BUILTIN,,0,mtk_vcu,1,1,0,1,0,0,1,1,1,1
param_set_uint,0x66cfd2b2,KERNEL_OR_BUILTIN,,0,ged;task_turbo;trace_mmstat,3,3,0,1,0,0,1,1,1,1
param_set_ulong,0xa005b241,KERNEL_OR_BUILTIN,,0,mrdump;trace_mmstat,2,2,0,1,0,0,1,1,1,1
pci_alloc_irq_vectors_affinity,0x3e2daa5d,KERNEL_OR_BUILTIN,,0,xhci_mtk_hcd_v2,1,1,0,1,0,0,1,1,1,1
pci_free_irq_vectors,0x48080238,KERNEL_OR_BUILTIN,,0,xhci_mtk_hcd_v2,1,1,0,1,0,0,1,1,1,1
pci_irq_vector,0x0f70e1bf,KERNEL_OR_BUILTIN,,0,xhci_mtk_hcd_v2,1,1,0,1,0,0,1,1,1,1
pd_X2Y,0x5b05464d,STOCK_MODULE,cpufreq_sugov_ext,1,mtk_fpsgo,1,1,0,0,0,0,0,0,0,0
pd_dbg_info,0x48fb7437,STOCK_MODULE,pd_dbg_info,1,tcpc_class;tcpc_mt6375,2,2,0,0,0,0,0,0,0,0
pd_get_cpu_opp,0x6bb5ca2c,STOCK_MODULE,cpufreq_sugov_ext,1,mtk_fpsgo,1,1,0,0,0,0,0,0,0,0
pd_get_dsu_weighting,0x87b1262a,STOCK_MODULE,cpufreq_sugov_ext,1,scheduler,1,1,0,0,0,0,0,0,0,0
pd_get_emi_weighting,0x5245a357,STOCK_MODULE,cpufreq_sugov_ext,1,scheduler,1,1,0,0,0,0,0,0,0,0
pd_get_freq_opp_legacy,0xa3825629,STOCK_MODULE,cpufreq_sugov_ext,1,scheduler,1,1,0,0,0,0,0,0,0,0
pd_get_freq_opp_legacy_type,0x1bf1fbe0,STOCK_MODULE,cpufreq_sugov_ext,1,scheduler,1,1,0,0,0,0,0,0,0,0
pd_get_freq_ps,0xb5cab487,STOCK_MODULE,cpufreq_sugov_ext,1,scheduler,1,1,0,0,0,0,0,0,0,0
pd_get_freq_util,0xb459aae8,STOCK_MODULE,cpufreq_sugov_ext,1,mtk_c2ps;scheduler,2,2,0,0,0,0,0,0,0,0
pd_get_opp_capacity,0xac073acf,STOCK_MODULE,cpufreq_sugov_ext,1,scheduler,1,1,0,0,0,0,0,0,0,0
pd_get_opp_capacity_legacy,0xd422dc84,STOCK_MODULE,cpufreq_sugov_ext,1,mtk_core_ctl;mtk_fpsgo,2,2,0,0,0,0,0,0,0,0
pd_get_opp_freq_legacy,0x836f0f34,STOCK_MODULE,cpufreq_sugov_ext,1,scheduler,1,1,0,0,0,0,0,0,0,0
pd_get_opp_leakage,0x0d5cb810,STOCK_MODULE,cpufreq_sugov_ext,1,scheduler,1,1,0,0,0,0,0,0,0,0
pd_get_opp_ps,0x382c521d,STOCK_MODULE,cpufreq_sugov_ext,1,scheduler,1,1,0,0,0,0,0,0,0,0
pd_get_util_freq,0xab4599f1,STOCK_MODULE,cpufreq_sugov_ext,1,mtk_c2ps,1,1,0,0,0,0,0,0,0,0
pd_get_util_ps,0x3cfedf08,STOCK_MODULE,cpufreq_sugov_ext,1,scheduler,1,1,0,0,0,0,0,0,0,0
pd_get_util_ps_legacy,0x83ee689b,STOCK_MODULE,cpufreq_sugov_ext,1,scheduler,1,1,0,0,0,0,0,0,0,0
pdchk_common_init,0x00433094,STOCK_MODULE,clk_common,1,pd_chk_mt6878,1,1,0,0,0,0,0,0,0,0
pdchk_debug_dump,0x4a3c8e94,STOCK_MODULE,clk_common,1,mtk_mminfra_debug,1,1,0,0,0,0,0,0,0,0
pdchk_dev_pm_ops,0x5eeeb7c8,STOCK_MODULE,clk_common,1,pd_chk_mt6878,1,1,0,0,0,0,0,0,0,0
pdchk_dump_trace_evt,0x4cb6bfbf,STOCK_MODULE,clk_common,1,clk_chk_mt6878,1,1,0,0,0,0,0,0,0,0
pdchk_hwv_irq_init,0x3659f14d,STOCK_MODULE,clk_common,1,pd_chk_mt6878,1,1,0,0,0,0,0,0,0,0
percpu_down_write,0x19ea9b52,KERNEL_OR_BUILTIN,,0,hci_uart,1,1,0,1,0,0,0,0,1,1
percpu_free_rwsem,0x950a76c2,KERNEL_OR_BUILTIN,,0,hci_uart,1,1,0,1,0,0,0,0,1,1
percpu_up_write,0x5a050973,KERNEL_OR_BUILTIN,,0,hci_uart,1,1,0,1,0,0,0,0,1,1
perf_event_create_kernel_counter,0xec670350,KERNEL_OR_BUILTIN,,0,met;mtk_swpm_perf_arm_pmu,2,2,0,1,0,0,1,1,1,1
perf_event_disable,0x122937d6,KERNEL_OR_BUILTIN,,0,met;mtk_swpm_perf_arm_pmu,2,2,0,1,0,0,1,1,1,1
perf_event_enable,0x365495cb,KERNEL_OR_BUILTIN,,0,met;mtk_swpm_perf_arm_pmu,2,2,0,1,0,0,1,1,1,1
perf_event_read_local,0x92d2a53c,KERNEL_OR_BUILTIN,,0,mtk_mbraink,1,1,0,0,0,0,0,0,0,0
perf_event_release_kernel,0x8f87c75e,KERNEL_OR_BUILTIN,,0,met;mtk_swpm_perf_arm_pmu,2,2,0,1,0,0,1,1,1,1
perf_event_update_userpage,0xda17a52b,KERNEL_OR_BUILTIN,,0,arm_dsu_pmu,1,1,0,1,0,0,1,1,1,1
perf_pmu_migrate_context,0xa1cef50f,KERNEL_OR_BUILTIN,,0,arm_dsu_pmu,1,1,0,1,0,0,1,1,1,1
perf_pmu_register,0x6c4d6bcb,KERNEL_OR_BUILTIN,,0,arm_dsu_pmu,1,1,0,1,0,0,1,1,1,1
perf_pmu_unregister,0x0551ee8a,KERNEL_OR_BUILTIN,,0,arm_dsu_pmu,1,1,0,1,0,0,1,1,1,1
perf_trace_buf_alloc,0x2d2c902f,KERNEL_OR_BUILTIN,,0,aee_aed;apu_top;apusys;blocktag;bt_drv_6878;cfg80211;cpufreq_sugov_ext;cpuqos_v3;ged;ieee802154;imgsensor;l2tp_core;lpm_gov_MHSP;mac80211;mac802154;mali_kbase_mt6878_r44;mediatek_drm;mmqos_common;mtk_c2ps;mtk_cam_isp7sp;mtk_cg_peak_power_throttling;mtk_cm_mgr_mt6878;mtk_core_ctl;mtk_cpu_power_throttling;mtk_dvfsrc;mtk_fpsgo;mtk_gpu_power_throttling;mtk_gpufreq_wrapper;mtk_icc_core;mtk_imgsys_cmdq;mtk_imgsys_v4l2;mtk_low_battery_throttling;mtk_lpm;mtk_mbox;mtk_mmdvfs_ftrace;mtk_mml;mtk_peak_power_budget;mtk_perf_common;mtk_swpm_dbg_v6878;mtk_vmm_isp71_regulator;mtu3;powerhal_cpu_ctrl;scheduler;snd_soc_audiodsp_common;task_turbo;thermal_trace;timer_mediatek;tipc;touch_boost;trace_mmstat;ufs_mediatek_mod;uload_ind;usb_logger;xhci_mtk_hcd_v2,54,54,0,1,0,0,1,1,1,1
perf_trace_run_bpf_submit,0xd1fcd174,KERNEL_OR_BUILTIN,,0,aee_aed;apu_top;apusys;blocktag;bt_drv_6878;cfg80211;cpufreq_sugov_ext;cpuqos_v3;ged;ieee802154;imgsensor;l2tp_core;lpm_gov_MHSP;mac80211;mac802154;mali_kbase_mt6878_r44;mediatek_drm;mmqos_common;mtk_c2ps;mtk_cam_isp7sp;mtk_cg_peak_power_throttling;mtk_cm_mgr_mt6878;mtk_core_ctl;mtk_cpu_power_throttling;mtk_dvfsrc;mtk_fpsgo;mtk_gpu_power_throttling;mtk_gpufreq_wrapper;mtk_icc_core;mtk_imgsys_cmdq;mtk_imgsys_v4l2;mtk_low_battery_throttling;mtk_lpm;mtk_mbox;mtk_mmdvfs_ftrace;mtk_mml;mtk_peak_power_budget;mtk_perf_common;mtk_swpm_dbg_v6878;mtk_vmm_isp71_regulator;mtu3;powerhal_cpu_ctrl;scheduler;snd_soc_audiodsp_common;task_turbo;thermal_trace;timer_mediatek;tipc;touch_boost;trace_mmstat;ufs_mediatek_mod;uload_ind;usb_logger;xhci_mtk_hcd_v2,54,54,0,1,0,0,1,1,1,1
pfn_is_map_memory,0x6da467cb,KERNEL_OR_BUILTIN,,0,ccci_util_lib;gz_ipc_mod;mmprofile;mtk_vcodec_dec_v1;mtk_vcodec_enc_v1;tkcore,6,6,0,1,0,0,1,1,1,1
phy_attached_info,0x2cbec35d,KERNEL_OR_BUILTIN,,0,asix,1,1,0,1,0,0,1,1,1,1
phy_connect,0x722009c6,KERNEL_OR_BUILTIN,,0,asix,1,1,0,1,0,0,1,1,1,1
phy_disconnect,0xf6666797,KERNEL_OR_BUILTIN,,0,asix,1,1,0,1,0,0,1,1,1,1
phy_do_ioctl_running,0x27a5d553,KERNEL_OR_BUILTIN,,0,asix,1,1,0,1,0,0,1,1,1,1
phy_ethtool_get_link_ksettings,0x8f5b2672,KERNEL_OR_BUILTIN,,0,asix,1,1,0,1,0,0,1,1,1,1
phy_ethtool_nway_reset,0x48c1184b,KERNEL_OR_BUILTIN,,0,asix,1,1,0,1,0,0,1,1,1,1
phy_ethtool_set_link_ksettings,0x04728e16,KERNEL_OR_BUILTIN,,0,asix,1,1,0,1,0,0,1,1,1,1
phy_exit,0x1d4ee8be,KERNEL_OR_BUILTIN,,0,mtu3,1,1,0,1,0,0,1,1,1,1
phy_get,0x2cd44a8b,KERNEL_OR_BUILTIN,,0,mt6375_charger,1,1,0,1,0,0,1,1,1,1
phy_init,0xef7e821f,KERNEL_OR_BUILTIN,,0,mtu3,1,1,0,1,0,0,1,1,1,1
phy_power_off,0xd55b8cdb,KERNEL_OR_BUILTIN,,0,mediatek_drm;mtu3;ufs_mediatek_mod,3,3,0,1,0,0,1,1,1,1
phy_power_on,0xfc66b265,KERNEL_OR_BUILTIN,,0,mediatek_drm;mtu3;ufs_mediatek_mod,3,3,0,1,0,0,1,1,1,1
phy_print_status,0x1f2f9e6c,KERNEL_OR_BUILTIN,,0,asix,1,1,0,1,0,0,1,1,1,1
phy_put,0x19527b14,KERNEL_OR_BUILTIN,,0,mt6375_charger,1,1,0,1,0,0,1,1,1,1
phy_set_mode_ext,0x24639d80,KERNEL_OR_BUILTIN,,0,mt6375_charger;mtu3,2,2,0,1,0,0,1,1,1,1
phy_start,0x6437d5ef,KERNEL_OR_BUILTIN,,0,asix,1,1,0,1,0,0,1,1,1,1
phy_stop,0x535c4112,KERNEL_OR_BUILTIN,,0,asix,1,1,0,1,0,0,1,1,1,1
phy_suspend,0x59e2fe57,KERNEL_OR_BUILTIN,,0,asix,1,1,0,1,0,0,1,1,1,1
phylink_connect_phy,0x8499b592,KERNEL_OR_BUILTIN,,0,asix,1,1,0,1,0,0,0,0,1,1
phylink_create,0xbf6f5524,KERNEL_OR_BUILTIN,,0,asix,1,1,0,1,0,0,0,0,1,1
phylink_destroy,0xf3083a1d,KERNEL_OR_BUILTIN,,0,asix,1,1,0,1,0,0,0,0,1,1
phylink_disconnect_phy,0x983276da,KERNEL_OR_BUILTIN,,0,asix,1,1,0,1,0,0,0,0,1,1
phylink_ethtool_get_pauseparam,0xf8fe5642,KERNEL_OR_BUILTIN,,0,asix,1,1,0,1,0,0,0,0,1,1
phylink_ethtool_set_pauseparam,0x15c4e3e2,KERNEL_OR_BUILTIN,,0,asix,1,1,0,1,0,0,0,0,1,1
phylink_generic_validate,0xfba18256,KERNEL_OR_BUILTIN,,0,asix,1,1,0,1,0,0,0,0,1,1
phylink_resume,0xc0a8f4be,KERNEL_OR_BUILTIN,,0,asix,1,1,0,1,0,0,0,0,1,1
phylink_start,0x911fcd6c,KERNEL_OR_BUILTIN,,0,asix,1,1,0,1,0,0,0,0,1,1
phylink_stop,0xdcb0a2c0,KERNEL_OR_BUILTIN,,0,asix,1,1,0,1,0,0,0,0,1,1
phylink_suspend,0x16ca1a8a,KERNEL_OR_BUILTIN,,0,asix,1,1,0,1,0,0,0,0,1,1
pick_migrate_task,0x8549348b,KERNEL_OR_BUILTIN,,0,scheduler,1,1,0,1,0,0,0,0,1,1
pid_task,0x564f2dac,KERNEL_OR_BUILTIN,,0,aee_aed;ged;mali_kbase_mt6878_r44,3,3,0,1,0,0,1,1,1,1
pin_user_pages,0xd54ac0d7,KERNEL_OR_BUILTIN,,0,gzvm;mali_kbase_mt6878_r44,2,2,0,1,0,0,1,1,1,1
pin_user_pages_remote,0x5bc7a0cf,KERNEL_OR_BUILTIN,,0,mali_kbase_mt6878_r44,1,1,0,1,0,0,1,1,1,1
pinconf_generic_parse_dt_config,0xd8214267,KERNEL_OR_BUILTIN,,0,pinctrl_mtk_v2,1,1,0,1,0,0,1,1,1,1
pinctrl_dev_get_drvdata,0x7797518d,KERNEL_OR_BUILTIN,,0,pinctrl_mtk_v2,1,1,0,1,0,0,1,1,1,1
pinctrl_enable,0x97e63aad,KERNEL_OR_BUILTIN,,0,pinctrl_mtk_v2,1,1,0,1,0,0,1,1,1,1
pinctrl_gpio_direction_input,0x1bc5eebe,KERNEL_OR_BUILTIN,,0,pinctrl_mtk_v2,1,1,0,1,0,0,1,1,1,1
pinctrl_gpio_direction_output,0x1b8822d8,KERNEL_OR_BUILTIN,,0,pinctrl_mtk_v2,1,1,0,1,0,0,1,1,1,1
pinctrl_lookup_state,0xfcab557c,KERNEL_OR_BUILTIN,,0,connfem;conninfra;fingerprint;gps_drv_dl_v051;imgsensor;leds_ln2403;main2_vcm;main3_vcm;main4_vcm;main_vcm;mediatek_drm;mediatek_drm_panel_drv;mt6369_accdet;mtk_mmc;snd_soc_mt6878_afe;spi_tiny_co5300_lcd;sub_vcm,17,17,0,1,0,0,1,1,1,1
pinctrl_pm_select_default_state,0x1fea7275,KERNEL_OR_BUILTIN,,0,8250_mtk,1,1,0,1,0,0,1,1,1,1
pinctrl_pm_select_sleep_state,0x099f3df5,KERNEL_OR_BUILTIN,,0,8250_mtk,1,1,0,1,0,0,1,1,1,1
pinctrl_select_state,0x92ee9662,KERNEL_OR_BUILTIN,,0,connfem;conninfra;fingerprint;gps_drv_dl_v051;imgsensor;leds_ln2403;main2_vcm;main3_vcm;main4_vcm;main_vcm;mediatek_drm;mediatek_drm_panel_drv;mt6369_accdet;mtk_mmc;snd_soc_mt6878_afe;spi_tiny_co5300_lcd;sub_vcm,17,17,0,1,0,0,1,1,1,1
pinctrl_utils_add_map_configs,0xaaf51727,KERNEL_OR_BUILTIN,,0,pinctrl_mtk_v2,1,1,0,1,0,0,1,1,1,1
pinctrl_utils_free_map,0xb0881018,KERNEL_OR_BUILTIN,,0,pinctrl_mtk_v2,1,1,0,1,0,0,1,1,1,1
pinctrl_utils_reserve_map,0xcd28a368,KERNEL_OR_BUILTIN,,0,pinctrl_mtk_v2,1,1,0,1,0,0,1,1,1,1
plat_vtskin_info,0x3e067ed0,STOCK_MODULE,thermal_interface,1,vtskin_temp,1,1,0,0,0,0,0,0,0,0
platform_bus_type,0xdede9e3e,KERNEL_OR_BUILTIN,,0,bus_parity;cache_parity;last_bus;mediatek_drm;mmqos_common,5,5,0,1,0,0,1,1,1,1
platform_device_add,0xd65fc9c9,KERNEL_OR_BUILTIN,,0,clk_common;xhci_mtk_hcd_v2,2,2,0,1,0,0,1,1,1,1
platform_device_add_resources,0x268de1a1,KERNEL_OR_BUILTIN,,0,xhci_mtk_hcd_v2,1,1,0,1,0,0,0,0,1,1
platform_device_alloc,0x1e3487b9,KERNEL_OR_BUILTIN,,0,clk_common;xhci_mtk_hcd_v2,2,2,0,1,0,0,1,1,1,1
platform_device_put,0x76627f7f,KERNEL_OR_BUILTIN,,0,clk_common;mediatek_drm;mtk_cam_isp7sp;xhci_mtk_hcd_v2,4,4,0,1,0,0,1,1,1,1
platform_device_register_full,0xa1170196,KERNEL_OR_BUILTIN,,0,cfg80211;clk_common;clk_fmeter_mt6878;mtk_dvfsrc,4,4,0,1,0,0,1,1,1,1
platform_device_unregister,0xcaaae4ca,KERNEL_OR_BUILTIN,,0,cfg80211;clk_common;fmradio_drv_connac2x;gz_trusty_mod;mtk_dvfsrc;xhci_mtk_hcd_v2,6,6,0,1,0,0,1,1,1,1
platform_driver_unregister,0xe1b15563,KERNEL_OR_BUILTIN,,0,8250_mtk;apu_top;apusys;arm_dsu_pmu;atf_logger;backlight_cooling;board_temp;bus_parity;cache_parity;camera_af_media;camera_dpe_isp7sp;charger_cooling;clk_bringup;clk_chk_mt6878;clk_common;clk_dbg_mt6878;clk_disable_unused;clk_fmeter_mt6878;clk_mt6878;clk_mt6878_adsp;clk_mt6878_bus;clk_mt6878_cam;clk_mt6878_ccu;clk_mt6878_img;clk_mt6878_mdpsys;clk_mt6878_mmsys;clk_mt6878_peri;clk_mt6878_vcodec;clk_mt6878_vlp;clkbuf;cmdq_test;connfem;conninfra;connscp;cpuqos_v3;dbg_error_flag;device_apc_mt6878;emi_fake_eng;extcon_mtk_usb;fhctl;fingerprint;flashlight;fmradio_drv_connac2x;ged;gps_drv_dl_v051;gpueb;gz_irq_mod;gz_log_mod;gz_main_mod;gz_trusty_mod;gz_tz_system;gz_virtio_mod;gzvm;hci_uart;i2c_mt65xx;iommu_debug;iommu_secure;last_bus;leds_ln2403;leds_mtk_disp;mali_kbase_mt6878_r44;mali_mgm_mt6878_r44;mali_prot_alloc_mt6878_r44;md_cooling_all;mdp_drv_mt6878;mediatek_cpufreq_hw;mediatek_drm;mediatek_drm_gateic;mediatek_drm_panel_drv;mmqos_mt6878;mt6315_regulator;mt6363_regulator;mt6369_accdet;mt6369_regulator;mt6375_adc;mt6375_auxadc;mt6375_battery;mt6375_charger;mt6685_audclk;mt6878_mt6369;mtk_aie;mtk_aie_debug_7sp_2;mtk_battery_oc_throttling;mtk_bp_thl;mtk_btcvsd;mtk_cam_isp7sp;mtk_ccd_remoteproc;mtk_ccuv;mtk_cg_peak_power_throttling;mtk_charger_framework;mtk_chg_type_det;mtk_cm_mgr_mt6878;mtk_composite;mtk_cpu_power_throttling;mtk_disp_sec;mtk_dvfsrc;mtk_dvfsrc_devfreq;mtk_dvfsrc_helper;mtk_dvfsrc_regulator;mtk_dvfsrc_start;mtk_dynamic_loading_throttling;mtk_emi;mtk_fpsgo;mtk_gpu_power_throttling;mtk_gpufreq_mt6878;mtk_gpufreq_wrapper;mtk_hcp;mtk_imgsys_cmdq;mtk_imgsys_isp7sp;mtk_imgsys_v4l2;mtk_iommu;mtk_ipesys_me;mtk_irtx_pwm;mtk_jpeg;mtk_low_battery_throttling;mtk_lpm_dbg_common_v2;mtk_md_power_throttling;mtk_mdpm;mtk_mmc;mtk_mmdvfs;mtk_mmdvfs_debug;mtk_mmdvfs_v3_start;mtk_mminfra_debug;mtk_mminfra_imax;mtk_pbm;mtk_pd_adapter;mtk_pd_charging;mtk_peak_power_budget;mtk_pep;mtk_pep40;mtk_pep50;mtk_pm_domain_disable_unused;mtk_pmic_keys;mtk_pmic_oc_debug;mtk_pmic_wrap;mtk_pwm;mtk_qos;mtk_scp_audiocommon;mtk_scpsys;mtk_scpsys_bringup;mtk_scpsys_mt6878;mtk_sec_heap;mtk_soc_offload_common;mtk_spmi_pmic_adc;mtk_uart_apdma;mtk_vcodec_dec_v1;mtk_vcodec_enc_v1;mtk_vcu;mtk_vmm_isp71_regulator;mtk_vmm_notifier;mtk_vmm_spm;mtk_wdt;mtu3;mux_switch;nvmem_mt635x_efuse;nvmem_mtk_devinfo;pd_chk_mt6878;pda_drv_mt6878;phy_mtk_ufs;phy_mtk_xsphy;pinctrl_mt6363;pmic_lbat_service;pmic_lvsys_notify;pmic_temp;pwm_mtk_disp;regulator_vibrator;reset_ti_syscon;rt_pd_manager;rtc_mt6685;sapu;scheduler;scp;sec;sec_rng;snd_soc_audiodsp_common;snd_soc_mt6369;snd_soc_mt6878_afe;snd_soc_mtk_scp_ultra;soc_temp_lvts;spi_mt65xx;spmi_mtk_mpu;spmi_mtk_pmif;syscon_reboot_mode;system_heap;tcpc_mt6375;teeperf;thermal_generic_adc;thermal_interface;timer_mediatek;tkcore_drv;tmem_ffa;uarthub_drv;ufs_mediatek_mod;usb_logger;usb_meta;usb_offload;vcp;vtskin_temp;widevine_driver;wifi_cooling;wlan_drv_gen4m_6878;xhci_mtk_hcd_v2;yft_devinfo;yft_gpio_keys;yft_tiny2c_usb;yft_tpd_gesture,206,206,0,1,0,0,1,1,1,1
platform_find_device_by_driver,0x9dcf7ea0,KERNEL_OR_BUILTIN,,0,mtk_cam_isp7sp,1,1,0,1,0,0,1,1,1,1
platform_get_irq,0x6e4e69eb,KERNEL_OR_BUILTIN,,0,8250_mtk;apusys;arm_dsu_pmu;camera_dpe_isp7sp;conninfra;gps_drv_dl_v051;hci_uart;i2c_mt65xx;mediatek_drm;met;mt6375_auxadc;mt6375_battery;mtk_btcvsd;mtk_cam_isp7sp;mtk_cmdq_drv_ext;mtk_dpc;mtk_dvfsrc;mtk_iommu;mtk_jpeg;mtk_mbox_mailbox;mtk_mmc;mtk_mminfra_debug;mtk_mml;mtk_pmic_keys;mtk_pmic_wrap;mtk_pwm;mtk_uart_apdma;mtk_vcodec_common;mtk_wdt;mtu3;rtc_mt6685;snd_soc_audiodsp_common;snd_soc_mt6878_afe;soc_temp_lvts;spi_mt65xx;ufs_mediatek_mod;xhci_mtk_hcd_v2,37,37,0,1,0,0,1,1,1,1
platform_get_irq_byname,0x7923336f,KERNEL_OR_BUILTIN,,0,apusys;clk_common;mali_kbase_mt6878_r44;mt6369_accdet;mt6375_battery;mt6375_charger;mtk_battery_oc_throttling;mtk_cam_isp7sp;mtk_mbox;pmic_lbat_service;scp;spmi_mtk_pmif;sspm_v3;tcpc_mt6375;vcp,15,15,0,1,0,0,1,1,1,1
platform_get_irq_byname_optional,0x0fa61621,KERNEL_OR_BUILTIN,,0,mt6363_regulator;mt6369_regulator;mtk_pmic_oc_debug;mtu3;pmic_lvsys_notify;xhci_mtk_hcd_v2,6,6,0,1,0,0,1,1,1,1
platform_get_irq_optional,0xd50c7c98,KERNEL_OR_BUILTIN,,0,8250_mtk,1,1,0,1,0,0,1,1,1,1
platform_get_resource,0xdf05713c,KERNEL_OR_BUILTIN,,0,8250_mtk;apusys;board_temp;clk_mt6878;cmdq_sec_drv;cpudvfs;cpufreq_sugov_ext;cpuqos_v3;emi_mpu;i2c_mt65xx;mali_kbase_mt6878_r44;mediatek_cpufreq_hw;mediatek_drm;mt6369_accdet;mtk_aie;mtk_ccd_remoteproc;mtk_cm_mgr_mt6878;mtk_cmdq_drv_ext;mtk_dramc;mtk_dvfsrc;mtk_iommu;mtk_jpeg;mtk_mbox_mailbox;mtk_mmc;mtk_mminfra_debug;mtk_perf_common;mtk_qos;mtk_scpsys;mtk_smi;mtk_smi_dbg;mtk_vcodec_dec_v1;mtk_vcodec_enc_v1;mtk_vcu;mtk_vmm_spm;phy_mtk_xsphy;scheduler;scp;snd_soc_mt6878_afe;soc_temp_lvts,39,39,0,1,0,0,1,1,1,1
platform_get_resource_byname,0xbce59abf,KERNEL_OR_BUILTIN,,0,adsp;apu_top;apusys;cqhci;gps_drv_dl_v051;gpueb;mali_prot_alloc_mt6878_r44;mcupm;mtk_cam_isp7sp;mtk_cm_mgr;mtk_dpc;mtk_dvfsrc_helper;mtk_gpufreq_mt6878;mtk_mbox;mtk_mminfra_imax;mtk_peak_power_budget;mtk_pmic_wrap;mtk_vmm_notifier;spmi_mtk_mpu;spmi_mtk_pmif;sspm_v3;thermal_interface;vcp;xhci_mtk_hcd_v2,24,24,0,1,0,0,1,1,1,1
platform_irq_count,0x5bdb31a2,KERNEL_OR_BUILTIN,,0,mtk_dpc,1,1,0,1,0,0,0,0,1,1
platform_unregister_drivers,0xebe20459,KERNEL_OR_BUILTIN,,0,mtk_mmdvfs_v3;mtk_mml;mtk_smi,3,3,0,1,0,0,1,1,1,1
pm_generic_resume,0xa7ee18bd,KERNEL_OR_BUILTIN,,0,mtk_mbraink,1,1,0,1,0,0,0,0,1,1
pm_generic_suspend,0x4df81384,KERNEL_OR_BUILTIN,,0,mtk_mbraink,1,1,0,1,0,0,0,0,1,1
pm_genpd_add_device,0xb770126c,KERNEL_OR_BUILTIN,,0,clk_common,1,1,0,1,0,0,1,1,1,1
pm_genpd_add_subdomain,0xe27d9b2f,KERNEL_OR_BUILTIN,,0,mtk_scpsys;mtk_scpsys_mt6878,2,2,0,1,0,0,1,1,1,1
pm_genpd_init,0x299e6b06,KERNEL_OR_BUILTIN,,0,mtk_scpsys,1,1,0,1,0,0,1,1,1,1
pm_genpd_remove_device,0x0a9933c2,KERNEL_OR_BUILTIN,,0,clk_common,1,1,0,1,0,0,1,1,1,1
pm_get_active_wakeup_sources,0x3a8edb31,KERNEL_OR_BUILTIN,,0,mtk_lpm_dbg_common_v2,1,1,0,1,0,0,1,1,1,1
pm_relax,0xf28b90d8,KERNEL_OR_BUILTIN,,0,mt6375_adc;mt6375_auxadc;mtk_pep50;mtu3;tcpc_class;tcpc_mt6375;yft_gpio_keys,7,7,0,1,0,0,1,1,1,1
pm_runtime_allow,0xfeb3fe8a,KERNEL_OR_BUILTIN,,0,xhci_mtk_hcd_v2,1,1,0,1,0,0,0,0,1,1
pm_runtime_enable,0x6a902ced,KERNEL_OR_BUILTIN,,0,8250_mtk;apu_top;apusys;aw36515;aw36518;aw36518_v2;camera_dpe_isp7sp;ccci_md_all;clk_common;clk_disable_unused;cmdq_sec_drv;conninfra;dw9781c;hci_uart;mali_kbase_mt6878_r44;mdp_drv_mt6878;mediatek_drm;mtk_aie;mtk_cam_isp7sp;mtk_ccuv;mtk_cmdq_drv_ext;mtk_dpc;mtk_imgsys_v4l2;mtk_iommu;mtk_ipesys_me;mtk_jpeg;mtk_mmc;mtk_mmdvfs_v3;mtk_mminfra_debug;mtk_mml;mtk_pm_domain_disable_unused;mtk_scpsys_bringup;mtk_smi;mtk_vcodec_dec_v1;mtk_vcodec_enc_v1;mtk_vmm_notifier;mtu3;pda_drv_mt6878;snd_soc_audiodsp_common;snd_soc_mt6878_afe;snd_soc_mtk_scp_ultra;spi_mt65xx;ufs_mediatek_mod;usbnet;vcp;xhci_mtk_hcd_v2,46,46,0,1,0,0,1,1,1,1
pm_runtime_forbid,0x19ad42e8,KERNEL_OR_BUILTIN,,0,mtu3;phy_mtk_ufs;xhci_mtk_hcd_v2,3,3,0,1,0,0,1,1,1,1
pm_runtime_force_resume,0xc4585928,KERNEL_OR_BUILTIN,,0,aw36518;aw36518_v2;dw9781c;mtk_cam_isp7sp;mtk_iommu;mtk_mmc,6,6,0,1,0,0,1,1,1,1
pm_runtime_force_suspend,0xe47cf318,KERNEL_OR_BUILTIN,,0,aw36518;aw36518_v2;dw9781c;mtk_cam_isp7sp;mtk_iommu;mtk_mmc,6,6,0,1,0,0,1,1,1,1
pm_runtime_get_if_active,0x5be6bfd3,KERNEL_OR_BUILTIN,,0,mediatek_drm;mtk_cam_isp7sp;mtk_iommu;mtk_mminfra_debug;mtk_smi;mtk_smi_dbg,6,6,0,1,0,0,1,1,1,1
pm_runtime_irq_safe,0x541a80cc,KERNEL_OR_BUILTIN,,0,mediatek_drm;mtk_cmdq_drv_ext;mtk_dpc;mtk_mminfra_debug,4,4,0,1,0,0,0,0,1,1
pm_runtime_set_autosuspend_delay,0xd84b8cdb,KERNEL_OR_BUILTIN,,0,hci_uart;mali_kbase_mt6878_r44;mtk_mmc;mtu3;spi_mt65xx;ufs_mediatek_mod;xhci_mtk_hcd_v2,7,7,0,1,0,0,1,1,1,1
pm_stay_awake,0xe088ef99,KERNEL_OR_BUILTIN,,0,mt6375_adc;mt6375_auxadc;mtk_pep50;mtu3;tcpc_class;tcpc_mt6375;yft_gpio_keys,7,7,0,1,0,0,1,1,1,1
pm_suspend_default_s2idle,0x9b555c8c,KERNEL_OR_BUILTIN,,0,mtk_lpm,1,1,0,1,0,0,1,1,1,1
pm_suspend_target_state,0x377bbcbc,KERNEL_OR_BUILTIN,,0,ufs_mediatek_mod,1,1,0,1,0,0,0,0,1,1
pm_system_wakeup,0x8c0215f2,KERNEL_OR_BUILTIN,,0,aee_hangdet;ccci_dpmaif;mtk_lpm_dbg_common_v2;mtk_lpm_plat_v1;tcpc_mt6375,5,5,0,1,0,0,1,1,1,1
pm_wakeup_dev_event,0x2fc1eba5,KERNEL_OR_BUILTIN,,0,hynitron;yft_gpio_keys,2,2,0,1,0,0,1,1,1,1
pm_wakeup_ws_event,0x43b33a8d,KERNEL_OR_BUILTIN,,0,bt_drv_6878;ccci_md_all;ccmni;focaltech_touch_spi_ft3680;microarray_fp_tee;mt6369_accdet;mtk_vow;sensorhub;st21nfc;usb_boost;wlan_drv_gen4m_6878,11,11,0,1,0,0,1,1,1,1
pm_wq,0x7d59dd46,KERNEL_OR_BUILTIN,,0,apu_top,1,1,0,1,0,0,1,1,1,1
port_lookup_tid,0x141326e4,STOCK_MODULE,gz_ipc_mod,1,gz_tz_system,1,1,0,0,0,0,0,0,0,0
power_supply_changed,0xdf24b749,KERNEL_OR_BUILTIN,,0,charger_cooling;imgsensor;mt6375_auxadc;mt6375_battery;mt6375_charger;mtk_charger_framework;sc8571_charger,7,7,0,1,0,0,1,1,1,1
power_supply_get_by_name,0x60e98d99,KERNEL_OR_BUILTIN,,0,aw883xx_driver;ccci_md_all;charger_cooling;extcon_mtk_usb;imgsensor;leds_rgb_aw2013;mt6375_auxadc;mt6375_battery;mt6375_charger;mtk_cg_peak_power_throttling;mtk_charger_framework;mtk_dynamic_loading_throttling;mtk_low_battery_throttling;mtk_mbraink;mtk_pbm;mtk_pd_charging;mtk_peak_power_budget;mtk_pep;mtk_pep40;mtk_pep50;mtk_perf_common;mtk_spmi_pmic_adc;mtu3;sh366003_fg;tcpc_class,25,25,0,1,0,0,1,1,1,1
power_supply_get_by_phandle,0x38758b0d,KERNEL_OR_BUILTIN,,0,mt6375_auxadc,1,1,0,0,0,0,0,0,0,0
power_supply_get_drvdata,0xcf81c81f,KERNEL_OR_BUILTIN,,0,mt6375_battery;mt6375_charger;mtk_charger_framework;mtk_pd_charging;mtk_pep;mtk_pep40;mtk_pep50;sc8571_charger;sh366003_fg,9,9,0,1,0,0,1,1,1,1
power_supply_get_property,0xd351924c,KERNEL_OR_BUILTIN,,0,aw883xx_driver;ccci_md_all;extcon_mtk_usb;leds_rgb_aw2013;mt6375_auxadc;mt6375_battery;mt6375_charger;mtk_bp_thl;mtk_cg_peak_power_throttling;mtk_charger_framework;mtk_dynamic_loading_throttling;mtk_low_battery_throttling;mtk_mbraink;mtk_pbm;mtk_pd_charging;mtk_peak_power_budget;mtk_pep;mtk_pep40;mtk_pep50;mtk_perf_common;mtk_spmi_pmic_adc;sh366003_fg;tcpc_class,23,23,0,1,0,0,1,1,1,1
power_supply_put,0x5d2d21f4,KERNEL_OR_BUILTIN,,0,mt6375_auxadc;mt6375_battery;mtk_cg_peak_power_throttling;mtk_mbraink;mtk_spmi_pmic_adc,5,5,0,1,0,0,1,1,1,1
power_supply_reg_notifier,0x136209db,KERNEL_OR_BUILTIN,,0,extcon_mtk_usb;mt6375_battery;mtk_bp_thl;mtk_low_battery_throttling;mtk_pbm;mtk_peak_power_budget;tcpc_class,7,7,0,1,0,0,1,1,1,1
power_supply_register,0x3a0d6aeb,KERNEL_OR_BUILTIN,,0,mt6375_battery;mtk_charger_framework,2,2,0,1,0,0,1,1,1,1
power_supply_set_property,0x54344be5,KERNEL_OR_BUILTIN,,0,charger_cooling;imgsensor;mt6375_auxadc;mt6375_battery;mt6375_charger;mtk_charger_framework;mtk_chg_type_det;mtk_dynamic_loading_throttling;mtk_low_battery_throttling;mtk_pep40;mtu3,11,11,0,1,0,0,1,1,1,1
power_supply_unregister,0x931aa919,KERNEL_OR_BUILTIN,,0,sc8571_charger,1,1,0,0,0,0,0,0,0,0
powerhal_adpf_close_fp,0xb33fa2f6,STOCK_MODULE,mtk_ioctl_powerhal,1,powerhal_cpu_ctrl,1,1,0,0,0,0,0,0,0,0
powerhal_adpf_create_session_hint_fp,0x5807438a,STOCK_MODULE,mtk_ioctl_powerhal,1,powerhal_cpu_ctrl,1,1,0,0,0,0,0,0,0,0
powerhal_adpf_get_hint_session_preferred_rate_fp,0xb1515988,STOCK_MODULE,mtk_ioctl_powerhal,1,powerhal_cpu_ctrl,1,1,0,0,0,0,0,0,0,0
powerhal_adpf_pause_fp,0x8dc0ef24,STOCK_MODULE,mtk_ioctl_powerhal,1,powerhal_cpu_ctrl,1,1,0,0,0,0,0,0,0,0
powerhal_adpf_report_actual_work_duration_fp,0x8800706c,STOCK_MODULE,mtk_ioctl_powerhal,1,powerhal_cpu_ctrl,1,1,0,0,0,0,0,0,0,0
powerhal_adpf_resume_fp,0xc0d1cb03,STOCK_MODULE,mtk_ioctl_powerhal,1,powerhal_cpu_ctrl,1,1,0,0,0,0,0,0,0,0
powerhal_adpf_sent_hint_fp,0xfd4fc39a,STOCK_MODULE,mtk_ioctl_powerhal,1,powerhal_cpu_ctrl,1,1,0,0,0,0,0,0,0,0
powerhal_adpf_set_threads_fp,0xa070e3c4,STOCK_MODULE,mtk_ioctl_powerhal,1,powerhal_cpu_ctrl,1,1,0,0,0,0,0,0,0,0
powerhal_adpf_update_work_duration_fp,0x34ee6a2f,STOCK_MODULE,mtk_ioctl_powerhal,1,powerhal_cpu_ctrl,1,1,0,0,0,0,0,0,0,0
powerhal_dsu_sport_mode_fp,0x493844a0,STOCK_MODULE,mtk_ioctl_powerhal,1,powerhal_cpu_ctrl,1,1,0,0,0,0,0,0,0,0
ppp_channel_index,0x327e4f33,STOCK_MODULE,ppp_generic,1,pppox,1,1,0,0,0,0,0,0,0,0
ppp_dev_name,0x2a0f447d,STOCK_MODULE,ppp_generic,1,l2tp_ppp,1,1,0,0,0,0,0,0,0,0
ppp_input,0x5718e0ba,STOCK_MODULE,ppp_generic,1,l2tp_ppp;pptp,2,2,0,0,0,0,0,0,0,0
ppp_register_channel,0x621da830,STOCK_MODULE,ppp_generic,1,pptp,1,1,0,0,0,0,0,0,0,0
ppp_register_compressor,0x8433847c,STOCK_MODULE,ppp_generic,1,bsd_comp;ppp_deflate;ppp_mppe,3,3,0,0,0,0,0,0,0,0
ppp_register_net_channel,0x2f4ffc7e,STOCK_MODULE,ppp_generic,1,l2tp_ppp,1,1,0,0,0,0,0,0,0,0
ppp_unregister_channel,0x5964a2a8,STOCK_MODULE,ppp_generic,1,pppox,1,1,0,0,0,0,0,0,0,0
ppp_unregister_compressor,0x6e8c0e61,STOCK_MODULE,ppp_generic,1,bsd_comp;ppp_deflate;ppp_mppe,3,3,0,0,0,0,0,0,0,0
pppox_compat_ioctl,0x96106b85,STOCK_MODULE,pppox,1,l2tp_ppp;pptp,2,2,0,0,0,0,0,0,0,0
pppox_ioctl,0xbe91e020,STOCK_MODULE,pppox,1,l2tp_ppp;pptp,2,2,0,0,0,0,0,0,0,0
pppox_unbind_sock,0x35a33ed7,STOCK_MODULE,pppox,1,l2tp_ppp;pptp,2,2,0,0,0,0,0,0,0,0
preempt_schedule,0x43b0c9c3,KERNEL_OR_BUILTIN,,0,ccci_util_lib;cmdq_sec_drv;ged;gz_ipc_mod;gz_trusty_mod;gz_tz_system;hci_uart;lpm_gov_MHSP;mac80211;met;mrdump;mtk_c2ps;mtk_cmdq_drv_ext;mtk_fpsgo;mtk_lpm_plat_v1;mtk_sec_heap;scheduler;tipc;tkcore;wlan_drv_gen4m_6878;xhci_mtk_hcd_v2;zram;zsmalloc,23,23,0,1,1,0,1,1,1,1
preempt_schedule_notrace,0xf70e4a4d,KERNEL_OR_BUILTIN,,0,8021q;aee_aed;apu_top;apusys;blocktag;bt_drv_6878;can_bcm;can_raw;cfg80211;cpufreq_sugov_ext;cpuqos_v3;ged;hci_uart;ieee802154;ieee802154_6lowpan;ieee802154_socket;imgsensor;l2tp_core;lpm_gov_MHSP;mac80211;mac802154;mali_kbase_mt6878_r44;md_cooling_all;mddp;mediatek_drm;met;mmqos_common;mtk_c2ps;mtk_cam_isp7sp;mtk_cg_peak_power_throttling;mtk_core_ctl;mtk_cpu_power_throttling;mtk_dvfsrc_regulator;mtk_emi;mtk_fpsgo;mtk_gpu_power_throttling;mtk_gpufreq_wrapper;mtk_icc_core;mtk_imgsys_cmdq;mtk_imgsys_v4l2;mtk_low_battery_throttling;mtk_lpm_dbg_common_v2;mtk_mbox;mtk_mmdvfs_ftrace;mtk_peak_power_budget;mtk_perf_common;mtk_vmm_isp71_regulator;mtu3;powerhal_cpu_ctrl;scheduler;snd_soc_audiodsp_common;task_turbo;thermal_trace;timer_mediatek;tipc;touch_boost;trace_mmstat;ufs_mediatek_mod;usb_logger;wmt_chrdev_wifi_connac2;xhci_mtk_hcd_v2,61,61,0,1,0,0,1,1,1,1
prepare_to_wait,0xd5fd90f1,KERNEL_OR_BUILTIN,,0,tkcore_drv,1,1,0,0,0,0,0,0,0,0
prepare_to_wait_event,0x8c26d495,KERNEL_OR_BUILTIN,,0,adsp;apusys;atf_logger;audio_ipi;bluetooth;bt_drv_6878;ccci_dpmaif;ccci_md_all;ccci_util_lib;ccd_rpmsg;cfg80211;conninfra;connscp;cqhci;drm_display_helper;fingerprint;fmradio_drv_connac2x;focaltech_touch_spi_ft3680;gps_drv_dl_v051;gz_ipc_mod;hci_uart;hf_manager;hidp;ieee802154;mali_kbase_mt6878_r44;mddp;mdp_drv_mt6878;mediatek_drm;microarray_fp_tee;mmqos_common;monitor_hang;mt6375_battery;mtk_aie;mtk_bp_thl;mtk_btcvsd;mtk_c2ps;mtk_cam_isp7sp;mtk_ccuv;mtk_charger_framework;mtk_chg_type_det;mtk_cmdq_drv_ext;mtk_dpc;mtk_dynamic_loading_throttling;mtk_fpsgo;mtk_hcp;mtk_imgsys_v4l2;mtk_low_battery_throttling;mtk_mml;mtk_pep50;mtk_soc_offload_common;mtk_vcodec_common;mtk_vcodec_dec_v1;mtk_vcodec_enc_v1;mtk_vcu;mtk_vow;pda_drv_mt6878;powerhal_cpu_ctrl;rfkill;scp;slcan;snd_soc_audiodsp_common;system_heap;tcpc_class;tcpc_mt6375;tkcore;touch_boost;usbserial;wlan_drv_gen4m_6878;wmt_chrdev_wifi_connac2;wwan;yft_tpd_gesture,71,72,0,1,0,0,1,1,1,1
print_hex_dump,0x167c5967,KERNEL_OR_BUILTIN,,0,apu_top;apusys;drm_display_helper;mdp_drv_mt6878;mediatek_drm;ufs_mediatek_mod,6,6,0,1,0,0,1,1,1,1
print_subsys_reg_mt6878,0xe5590bd7,STOCK_MODULE,clk_chk_mt6878,1,pd_chk_mt6878,1,1,0,0,0,0,0,0,0,0
proc_create,0x0524767b,KERNEL_OR_BUILTIN,,0,aee_aed;apusys;atf_logger;blocktag;bootprof;bt_drv_6878;c2ps_perf_ioctl;ccci_dpmaif;ccci_md_all;ccci_util_lib;clk_common;conninfra;cpuqos_v3;device_apc_common;fmradio_drv_connac2x;ged;gps_drv_dl_v051;gpueb;log_store;mali_kbase_mt6878_r44;mdp_drv_mt6878;mediatek_drm;met;mmprofile;mmqos_common;mrdump;mtk_cmdq_drv_ext;mtk_core_ctl;mtk_gpu_qos;mtk_gpufreq_wrapper;mtk_hcp;mtk_ioctl_powerhal;mtk_ioctl_touch_boost;mtk_mdpm;mtk_mmc_dbg;mtk_mmdvfs_debug;mtk_pbm;mtk_peak_power_budget;mtk_perf_ioctl;mtk_perf_ioctl_magt;mtk_printk_ctrl;pidmap;powerhal_cpu_ctrl;scheduler;scp;sec;sec_rng;teeperf;touch_boost;uarthub_drv;ufs_mediatek_dbg;uload_ind;vcp;yft_devinfo,54,54,0,1,0,0,1,1,1,1
proc_create_data,0x7ae3018a,KERNEL_OR_BUILTIN,,0,apusys;cpudvfs;extcon_mtk_usb;focaltech_touch_spi_ft3680;gz_log_mod;hf_manager;iommu_debug;mtk_battery_oc_throttling;mtk_cam_isp7sp;mtk_charger_framework;mtk_heap_debug;mtk_lpm;mtk_swpm;mux_switch;phy_mtk_xsphy;pinctrl_mtk_common_v2_debug;tkcore;usb_logger;xhci_mtk_hcd_v2,19,19,0,1,0,0,1,1,1,1
proc_create_net_data,0x7551a863,KERNEL_OR_BUILTIN,,0,8021q;l2tp_ppp,2,2,0,1,0,0,0,0,1,1
proc_create_net_single,0xb513532d,KERNEL_OR_BUILTIN,,0,can;can_bcm,2,2,0,1,0,0,0,0,1,1
proc_create_seq_private,0xaf1d0f53,KERNEL_OR_BUILTIN,,0,bluetooth,1,2,0,1,0,0,0,0,1,1
proc_create_single_data,0x690c126f,KERNEL_OR_BUILTIN,,0,8021q;apusys,2,2,0,1,0,0,1,1,1,1
proc_dointvec_jiffies,0xdf6b082f,KERNEL_OR_BUILTIN,,0,ieee802154_6lowpan,1,1,0,1,0,0,0,0,1,1
proc_dointvec_minmax,0x2cdf87a1,KERNEL_OR_BUILTIN,,0,ccci_dpmaif;ccmni;tipc,3,3,0,1,0,0,1,1,1,1
proc_doulongvec_minmax,0xec2e1c8f,KERNEL_OR_BUILTIN,,0,ieee802154_6lowpan;tipc,2,2,0,1,0,0,0,0,1,1
proc_mkdir,0x1e39ba1c,KERNEL_OR_BUILTIN,,0,aee_aed;apusys;atf_logger;blocktag;c2ps_perf_ioctl;cpudvfs;cpufreq_sugov_ext;cpuqos_v3;extcon_mtk_usb;gpueb;iommu_debug;mali_kbase_mt6878_r44;mdp_drv_mt6878;mediatek_drm;met;mmprofile;mmqos_common;mrdump;mtk_battery_oc_throttling;mtk_cam_isp7sp;mtk_charger_framework;mtk_cmdq_drv_ext;mtk_core_ctl;mtk_gpu_qos;mtk_gpufreq_wrapper;mtk_hcp;mtk_heap_debug;mtk_ioctl_powerhal;mtk_ioctl_touch_boost;mtk_lpm;mtk_mdpm;mtk_mmdvfs_debug;mtk_pbm;mtk_peak_power_budget;mtk_perf_ioctl;mtk_perf_ioctl_magt;mtk_swpm;mux_switch;phy_mtk_xsphy;pinctrl_mtk_common_v2_debug;powerhal_cpu_ctrl;scheduler;scp;tkcore;touch_boost;uload_ind;usb_logger;vcp;wlan_drv_gen4m_6878;xhci_mtk_hcd_v2,50,50,0,1,0,0,1,1,1,1
proc_remove,0xce01cfc4,KERNEL_OR_BUILTIN,,0,8021q;apusys;blocktag;bt_drv_6878;conninfra;focaltech_touch_spi_ft3680;gps_drv_dl_v051;gz_log_mod;log_store;mediatek_drm;met;mmprofile;mtk_cam_isp7sp;mtk_hcp;mtk_heap_debug;mtk_lpm;mtk_printk_ctrl;mtk_swpm;mux_switch;phy_mtk_xsphy;pidmap;tkcore;uarthub_drv;usb_logger;xhci_mtk_hcd_v2,25,25,0,1,0,0,1,1,1,1
proc_set_user,0x7aa2a539,KERNEL_OR_BUILTIN,,0,blocktag;mtk_hcp;mtk_heap_debug;mtk_mmc_dbg;pidmap;pinctrl_mtk_common_v2_debug;ufs_mediatek_dbg;wlan_drv_gen4m_6878,8,8,0,1,0,0,1,1,1,1
proto_register,0x4feb4ee3,KERNEL_OR_BUILTIN,,0,bluetooth;can;hidp;ieee802154_socket;l2tp_ppp;nfc;pptp;rfcomm;tipc,9,10,0,1,0,0,0,0,1,1
proto_unregister,0xa56e6382,KERNEL_OR_BUILTIN,,0,bluetooth;can;hidp;ieee802154_socket;l2tp_ppp;nfc;pptp;rfcomm;tipc,9,10,0,1,0,0,0,0,1,1
pskb_expand_head,0x4d1a048c,KERNEL_OR_BUILTIN,,0,6lowpan;ax88179_178a;l2tp_core;l2tp_ppp;mac80211;nhc_udp;ppp_generic;r8152;tipc,9,9,0,1,0,0,1,1,1,1
pskb_put,0xd6916a65,KERNEL_OR_BUILTIN,,0,tipc,1,1,0,1,0,0,0,0,1,1
put_cmsg,0x31108fe3,KERNEL_OR_BUILTIN,,0,bluetooth;ieee802154_socket;tipc,3,4,0,1,0,0,0,0,1,1
put_device,0xc0052169,KERNEL_OR_BUILTIN,,0,apu_top;bluetooth;camera_dpe_isp7sp;ccd_rpmsg;cfg80211;ffa_v10;hidp;ieee802154;mali_kbase_mt6878_r44;mediatek_drm;mtk_aie;mtk_cam_isp7sp;mtk_ccd_remoteproc;mtk_jpeg;mtu3;nfc;rfcomm;rfkill;rpmb;spi_mt65xx;spmi_mtk_pmif;tkcore;usbserial;wwan,24,25,0,1,0,0,1,1,1,1
put_disk,0x00cc8390,KERNEL_OR_BUILTIN,,0,zram,1,1,0,1,0,0,0,0,1,1
put_pid,0x354db4c3,KERNEL_OR_BUILTIN,,0,mali_kbase_mt6878_r44;monitor_hang;mtk_cam_isp7sp;mtk_heap_debug;mtk_mbraink,5,5,0,1,0,0,1,1,1,1
put_unused_fd,0x3f4547a7,KERNEL_OR_BUILTIN,,0,apusys;ged;mdp_drv_mt6878;mtk_sync,4,4,0,1,0,0,1,1,1,1
put_user_ifreq,0xcdcf946d,KERNEL_OR_BUILTIN,,0,ieee802154_socket,1,1,0,1,0,0,0,0,1,1
put_vaddr_frames,0x1b700d37,KERNEL_OR_BUILTIN,,0,mtk_aie,1,1,0,1,0,0,1,1,1,1
pwclkcnt,0x208cad27,STOCK_MODULE,vcp_status,1,vcp,1,1,0,0,0,0,0,0,0,0
pwm_set_spec_config,0xa54c8591,STOCK_MODULE,mtk_pwm,1,leds_ln2403;mtk_irtx_pwm,2,2,0,0,0,0,0,0,0,0
pwmchip_add,0x8471ef62,KERNEL_OR_BUILTIN,,0,pwm_mtk_disp,1,1,0,1,0,0,1,1,1,1
pwmchip_remove,0x8bc827fe,KERNEL_OR_BUILTIN,,0,pwm_mtk_disp,1,1,0,1,0,0,1,1,1,1
pwr_hw_is_on,0x3d44e855,STOCK_MODULE,clk_common,1,clk_chk_mt6878,1,1,0,0,0,0,0,0,0,0
qca_read_soc_version,0x123214f3,STOCK_MODULE,btqca,1,hci_uart,1,1,0,0,0,0,0,0,0,0
qca_send_pre_shutdown_cmd,0xec434633,STOCK_MODULE,btqca,1,hci_uart,1,1,0,0,0,0,0,0,0,0
qca_set_bdaddr,0x2586a331,STOCK_MODULE,btqca,1,hci_uart,1,1,0,0,0,0,0,0,0,0
qca_set_bdaddr_rome,0x5284d1b3,STOCK_MODULE,btqca,1,hci_uart,1,1,0,0,0,0,0,0,0,0
qca_uart_setup,0x1cbf5582,STOCK_MODULE,btqca,1,hci_uart,1,1,0,0,0,0,0,0,0,0
qos_ipi_to_sspm_scmi_command,0xe9d29479,STOCK_MODULE,mtk_qos,1,mtk_gpu_qos;mtk_swpm;mtk_swpm_dbg_v6878,3,3,0,0,0,0,0,0,0,0
qos_rec_check_sram_ext,0x10145cb8,STOCK_MODULE,mtk_qos,1,mtk_perf_common,1,1,0,0,0,0,0,0,0,0
qos_rec_get_dramc_hist_bw,0xfe7434ba,STOCK_MODULE,mtk_qos,1,mtk_perf_common,1,1,0,0,0,0,0,0,0,0
qos_rec_get_hist_bw,0x10c6040e,STOCK_MODULE,mtk_qos,1,mtk_perf_common,1,1,0,0,0,0,0,0,0,0
qos_rec_get_hist_data_bw,0x95fc090a,STOCK_MODULE,mtk_qos,1,mtk_perf_common,1,1,0,0,0,0,0,0,0,0
qos_rec_get_hist_idx,0xccc0bcdb,STOCK_MODULE,mtk_qos,1,mtk_perf_common,1,1,0,0,0,0,0,0,0,0
qos_sram_read,0xdde97e81,STOCK_MODULE,mtk_qos,1,apusys;mtk_perf_common,2,2,0,0,0,0,0,0,0,0
qos_sram_write,0x371b73fa,STOCK_MODULE,mtk_qos,1,apusys,1,1,0,0,0,0,0,0,0,0
query_external_subdrv_entry,0x405eba84,STOCK_MODULE,imgsensor_glue,1,imgsensor,1,1,0,0,0,0,0,0,0,0
queue_delayed_work_on,0xbf57e89e,KERNEL_OR_BUILTIN,,0,adsp;apu_top;apusys;aw883xx_driver;bluetooth;bt_drv_6878;c2k_usb;can_dev;ccci_md_all;ccmni;cdc_acm;cfg80211;cpuqos_v3;extcon_mtk_usb;focaltech_touch_spi_ft3680;hci_uart;load_track;mac80211;mali_kbase_mt6878_r44;mdp_drv_mt6878;met;mmqos_common;mrdump;mt6363_regulator;mt6369_regulator;mt6375_charger;mtk_cm_mgr;mtk_cm_mgr_mt6878;mtk_gpu_qos;mtk_jpeg;mtk_perf_common;pd_dbg_info;pmic_lbat_service;r8152;rfkill;sensorhub;sh366003_fg;snd_soc_tfa98xx;spi_tiny_co5300_lcd;tcpc_class;tcpc_mt6375;tipc;tmem_ffa;trace_mmstat;ufs_mediatek_mod;usb_meta;wlan_drv_gen4m_6878,47,48,0,1,0,0,1,1,1,1
queue_work_on,0x732ac580,KERNEL_OR_BUILTIN,,0,8250_mtk;adsp;aee_aed;aee_hangdet;apu_top;apusys;blocktag;bluetooth;bt_drv_6878;btsdio;bus_parity;c2k_usb;cache_parity;camera_dpe_isp7sp;ccci_ccif;ccci_fsm_scp;ccci_md_all;cfg80211;cmdq_sec_drv;connadp;conninfra;connscp;dbg_error_flag;drm_display_helper;dw9781c;emi_mpu;fmradio_drv_connac2x;focaltech_touch_spi_ft3680;ged;gpueb;gzvm;hci_uart;hidp;hynitron;l2tp_core;mac80211;mac802154;mali_kbase_mt6878_r44;mcupm;mddp;mdp_drv_mt6878;mediatek_drm;microarray_fp_tee;mt6369_accdet;mt6375_auxadc;mt6375_battery;mt6375_charger;mtk_aie;mtk_bp_thl;mtk_cam_isp7sp;mtk_cg_peak_power_throttling;mtk_cmdq_drv_ext;mtk_core_ctl;mtk_fpsgo;mtk_imgsys_v4l2;mtk_low_battery_throttling;mtk_lpm;mtk_lpm_dbg_common_v2;mtk_mbraink;mtk_mmc;mtk_mmdvfs_debug;mtk_mmdvfs_v3;mtk_mml;mtk_peak_power_budget;mtk_swpm_dbg_v6878;mtk_u_ether;mtk_vcodec_common;mtk_vcodec_dec_v1;mtk_vcodec_enc_v1;mtu3;nfc;phy_mtk_xsphy;regulator_vibrator;rfkill;rtc_mt6685;scheduler;scp;sensorhub;slcan;smpu;sspm_v3;st21nfc;tcpc_class;tipc;touch_boost;uarthub_drv;ufs_mediatek_mod;usb_boost;usb_meta;usbnet;usbserial;vcp;wlan_drv_gen4m_6878;zsmalloc,94,95,0,1,0,0,1,1,1,1
radix_tree_delete,0x4e6e4b41,KERNEL_OR_BUILTIN,,0,xhci_mtk_hcd_v2,1,1,0,1,0,0,0,0,1,1
radix_tree_insert,0x6fbc6a00,KERNEL_OR_BUILTIN,,0,xhci_mtk_hcd_v2,1,1,0,1,0,0,0,0,1,1
radix_tree_lookup,0x70ad75fb,KERNEL_OR_BUILTIN,,0,xhci_mtk_hcd_v2,1,1,0,1,0,0,0,0,1,1
radix_tree_maybe_preload,0xb22e16d5,KERNEL_OR_BUILTIN,,0,xhci_mtk_hcd_v2,1,1,0,1,0,0,1,1,1,1
radix_tree_tagged,0x6d5f5b91,KERNEL_OR_BUILTIN,,0,bluetooth,1,2,0,1,0,0,0,0,1,1
raw_notifier_call_chain,0xa851973a,KERNEL_OR_BUILTIN,,0,mtk_afe_external;mtk_lpm;mtk_mmdvfs_v3;mtk_smi;mtk_smi_dbg,5,5,0,1,0,0,1,1,1,1
raw_notifier_chain_register,0xdc9fa232,KERNEL_OR_BUILTIN,,0,mtk_afe_external;mtk_lpm;mtk_mmdvfs_v3;mtk_smi;mtk_smi_dbg,5,5,0,1,0,0,1,1,1,1
raw_notifier_chain_unregister,0xd06524ba,KERNEL_OR_BUILTIN,,0,mtk_afe_external;mtk_lpm;mtk_smi;mtk_smi_dbg,4,4,0,1,0,0,1,1,1,1
raw_spin_rq_lock_nested,0x2ffca154,KERNEL_OR_BUILTIN,,0,scheduler,1,1,0,1,0,0,1,1,1,1
raw_spin_rq_unlock,0xb93cb4ae,KERNEL_OR_BUILTIN,,0,mtk_c2ps;scheduler;task_turbo,3,3,0,1,0,0,1,1,1,1
rawbulk_alloc,0x8cb52646,STOCK_MODULE,c2k_usb,1,c2k_usb_f_via_atc;c2k_usb_f_via_ets;c2k_usb_f_via_modem,3,3,0,0,0,0,0,0,0,0
rb_erase,0x4d9b652b,KERNEL_OR_BUILTIN,,0,cfg80211;ged;gzvm;mali_kbase_mt6878_r44;mdp_drv_mt6878;mtk_fpsgo;mtk_heap_debug;mtk_sync;tipc,9,9,0,1,1,0,1,1,1,1
rb_first,0xece784c2,KERNEL_OR_BUILTIN,,0,gzvm;iommu_debug;mali_kbase_mt6878_r44;mtk_fpsgo;mtk_heap_debug;tipc,6,6,0,1,1,0,1,1,1,1
rb_first_postorder,0xee91879b,KERNEL_OR_BUILTIN,,0,tipc,1,1,0,1,0,0,0,0,1,1
rb_insert_color,0xa5526619,KERNEL_OR_BUILTIN,,0,cfg80211;ged;gzvm;mali_kbase_mt6878_r44;mdp_drv_mt6878;mtk_fpsgo;mtk_heap_debug;mtk_sync;tipc,9,9,0,1,1,0,1,1,1,1
rb_next,0xca9360b5,KERNEL_OR_BUILTIN,,0,ged;gzvm;iommu_debug;mali_kbase_mt6878_r44;mdp_drv_mt6878;mtk_fpsgo;mtk_heap_debug;mtk_sync;tipc,9,9,0,1,1,0,1,1,1,1
rb_next_postorder,0x4e68e9be,KERNEL_OR_BUILTIN,,0,tipc,1,1,0,1,0,0,0,0,1,1
rb_prev,0xf82ec573,KERNEL_OR_BUILTIN,,0,mali_kbase_mt6878_r44,1,1,0,1,1,0,1,1,1,1
rb_replace_node,0x7fe32873,KERNEL_OR_BUILTIN,,0,mali_kbase_mt6878_r44,1,1,0,1,0,0,1,1,1,1
rcu_barrier,0x60a13e90,KERNEL_OR_BUILTIN,,0,8021q;can;can_gw;l2tp_core;mac80211;mac802154,6,6,0,1,1,0,0,0,1,1
rcuwait_wake_up,0xe112cd72,KERNEL_OR_BUILTIN,,0,hci_uart,1,1,0,1,0,0,0,0,1,1
rdev_get_dev,0x9dff6aea,KERNEL_OR_BUILTIN,,0,mtk_dvfsrc_regulator,1,1,0,1,0,0,1,1,1,1
rdev_get_drvdata,0x779bbf64,KERNEL_OR_BUILTIN,,0,mt6315_regulator;mt6363_regulator;mt6369_regulator;mtk_vmm_isp71_regulator;rt6160_regulator,5,5,0,1,0,0,1,1,1,1
rdev_get_id,0x3806822a,KERNEL_OR_BUILTIN,,0,mt6315_regulator;mtk_dvfsrc_regulator,2,2,0,1,0,0,1,1,1,1
rdev_get_regmap,0xf36d7d7c,KERNEL_OR_BUILTIN,,0,rt6160_regulator,1,1,0,1,0,0,1,1,1,1
refcount_dec_and_mutex_lock,0x27c95ba3,KERNEL_OR_BUILTIN,,0,mtk_mml,1,1,0,1,0,0,0,0,1,1
refcount_dec_if_one,0xc6f3b3fc,KERNEL_OR_BUILTIN,,0,tipc,1,1,0,1,0,0,0,0,1,1
refcount_warn_saturate,0x0296695f,KERNEL_OR_BUILTIN,,0,apusys;bluetooth;camera_dpe_isp7sp;can;can_bcm;can_dev;can_raw;ccd_rpmsg;cdc_acm;cfg80211;cpufreq_sugov_ext;cpuqos_v3;drm_display_helper;drm_dma_helper;ged;gz_ipc_mod;hidp;ieee802154;ieee802154_6lowpan;ieee802154_socket;l2tp_core;l2tp_ppp;mac802154;mali_kbase_mt6878_r44;mddp;mdp_drv_mt6878;mediatek_drm;monitor_hang;mtk_aie;mtk_c2ps;mtk_cam_isp7sp;mtk_fpsgo;mtk_hcp;mtk_heap_debug;mtk_imgsys_cmdq;mtk_imgsys_v4l2;mtk_mbraink;mtk_mml;mtk_rpmsg_mbox;mtk_sync;mtk_vcodec_common;mtk_vcodec_dec_v1;nfc;ppp_generic;pptp;rfcomm;sapu;scheduler;task_turbo;tipc;tkcore;usb_offload;usbserial;vcan;wlan_drv_gen4m_6878,55,56,0,1,0,0,1,1,1,1
reg_loading_tracking_sp,0x7a479b0a,STOCK_MODULE,load_track,1,uload_ind,1,1,0,0,0,0,0,0,0,0
regcache_cache_only,0xf09e3a6b,KERNEL_OR_BUILTIN,,0,rt6160_regulator;snd_soc_mt6878_afe,2,2,0,1,0,0,1,1,1,1
regcache_mark_dirty,0x47325125,KERNEL_OR_BUILTIN,,0,rt6160_regulator;snd_soc_mt6878_afe,2,2,0,1,0,0,1,1,1,1
regcache_sync,0x901719af,KERNEL_OR_BUILTIN,,0,rt6160_regulator;snd_soc_mt6878_afe,2,2,0,1,0,0,1,1,1,1
register_3way_semaphore_notifier,0xdc27041d,STOCK_MODULE,mtk_afe_external,1,scp,1,1,0,0,0,0,0,0,0,0
register_adapter_device_notifier,0xa8c49a7b,STOCK_MODULE,adapter_class,1,mtk_charger_framework,1,1,0,0,0,0,0,0,0,0
register_afe_allocate_mem_notifier,0x576edd4e,STOCK_MODULE,mtk_afe_external,1,mtk_scp_ultra;mtk_scp_vow,2,2,0,0,0,0,0,0,0,0
register_battery_oc_notify,0xfcab3894,STOCK_MODULE,mtk_battery_oc_throttling,1,mtk_cpu_power_throttling;mtk_gpu_power_throttling;mtk_md_power_throttling,3,3,0,0,0,0,0,0,0,0
register_bp_thl_notify,0xf6735135,STOCK_MODULE,mtk_bp_thl,1,flashlight;leds_mtk;mt6878_mt6369;mtk_cpu_power_throttling;mtk_gpu_power_throttling;mtk_md_power_throttling,6,6,0,0,0,0,0,0,0,0
register_candev,0xbd0e584d,STOCK_MODULE,can_dev,1,slcan,1,1,0,0,0,0,0,0,0,0
register_ccci_sys_call_back,0xafa7d906,STOCK_MODULE,ccci_md_all,1,ccci_fsm_scp,1,1,0,0,0,0,0,0,0,0
register_charger_device_notifier,0xc95804ab,STOCK_MODULE,charger_class,1,mtk_charger_framework,1,1,0,0,0,0,0,0,0,0
register_chg_alg_notifier,0x4a386665,STOCK_MODULE,mtk_charger_algorithm_class,1,mtk_charger_framework,1,1,0,0,0,0,0,0,0,0
register_chrdev_region,0x3fd78f3b,KERNEL_OR_BUILTIN,,0,bt_drv_6878;ccci_md_all;connadp;conninfra;sec;wmt_chrdev_wifi_connac2,6,6,0,1,0,0,1,1,1,1
register_devapc_power_callback,0xbc63ee98,STOCK_MODULE,device_apc_common,1,adsp;mtk_gpufreq_wrapper;mtk_mminfra_debug;vcp,4,4,0,0,0,0,0,0,0,0
register_devapc_vio_callback,0x766260f3,STOCK_MODULE,device_apc_common,1,ccci_md_all;clk_chk_mt6878;conninfra;mtk_cmdq_drv_ext,4,4,0,0,0,0,0,0,0,0
register_die_notifier,0xb6261484,KERNEL_OR_BUILTIN,,0,aee_aed;mediatek_cpufreq_hw;mrdump;mtk_dvfsrc_start,4,4,0,1,0,0,1,1,1,1
register_dlpt_notify,0x67e404ca,STOCK_MODULE,mtk_dynamic_loading_throttling,1,mtk_pbm,1,1,0,0,0,0,0,0,0,0
register_dvfsrc_debug_notifier,0x42d9c1e7,STOCK_MODULE,mtk_dvfsrc,1,mtk_dvfsrc_helper,1,1,0,0,0,0,0,0,0,0
register_fh_set_rate,0xbc3d2513,STOCK_MODULE,clk_common,1,fhctl,1,1,0,0,0,0,0,0,0,0
register_file_buf_handler,0x4e79f242,STOCK_MODULE,wmt_chrdev_wifi_connac2,1,wlan_drv_gen4m_6878,1,1,0,0,0,0,0,0,0,0
register_get_fpsgo_is_boosting_fp,0x284009bc,STOCK_MODULE,powerhal_cpu_ctrl,1,mtk_fpsgo;touch_boost,2,2,0,0,0,0,0,0,0,0
register_hang_callback,0x6d684e61,STOCK_MODULE,monitor_hang,1,mtk_heap_debug,1,1,0,0,0,0,0,0,0,0
register_inet6addr_notifier,0x60352082,KERNEL_OR_BUILTIN,,0,mac80211,1,1,0,1,0,0,0,0,1,1
register_inetaddr_notifier,0xf68285c0,KERNEL_OR_BUILTIN,,0,mac80211;wlan_drv_gen4m_6878,2,2,0,1,0,0,1,1,1,1
register_kprobe,0x0472cf3b,KERNEL_OR_BUILTIN,,0,aee_aed,1,1,0,1,0,0,1,1,1,1
register_low_battery_notify,0x63e16604,STOCK_MODULE,mtk_low_battery_throttling,1,connadp;flashlight;mtk_cpu_power_throttling;mtk_dynamic_loading_throttling;mtk_gpu_power_throttling;mtk_md_power_throttling,6,6,0,0,0,0,0,0,0,0
register_lpm_logger_mbrain_dbg_ops,0x8944ee18,STOCK_MODULE,mtk_lpm_dbg_common_v2,1,mtk_lpm_dbg_mt6878,1,1,0,0,0,0,0,0,0,0
register_lpm_mbrain_dbg_ops,0x5008e1c4,STOCK_MODULE,mtk_lpm_dbg_common_v2,1,mtk_lpm_dbg_mt6878,1,1,0,0,0,0,0,0,0,0
register_lpm_sys_res_ops,0xb7ceb930,STOCK_MODULE,mtk_lpm_dbg_common_v2,1,mtk_lpm_dbg_mt6878,1,1,0,0,0,0,0,0,0,0
register_mmdvfs_notifier,0x69e3e0d1,STOCK_MODULE,mtk_mmdvfs,1,mmqos_common,1,1,0,0,0,0,0,0,0,0
register_module_notifier,0xf353a698,KERNEL_OR_BUILTIN,,0,aee_aed;mrdump,2,2,0,1,0,0,1,1,1,1
register_mtk_aie_reg_tf_cb,0x02ad5d2f,STOCK_MODULE,mtk_aie,1,mtk_aie_debug_7sp_2,1,1,0,0,0,0,0,0,0,0
register_net_sysctl,0x883aa38a,KERNEL_OR_BUILTIN,,0,ieee802154_6lowpan;tipc,2,2,0,1,0,0,0,0,1,1
register_netdev,0xa5940962,KERNEL_OR_BUILTIN,,0,can_dev;ccmni;mtk_u_ether;r8152;rtl8150;usbnet;wlan_drv_gen4m_6878,7,7,0,1,0,0,1,1,1,1
register_netdevice,0xb4bdff70,KERNEL_OR_BUILTIN,,0,6lowpan;8021q;cfg80211;mac802154;ppp_generic;wwan,6,6,0,1,0,0,0,0,1,1
register_netdevice_notifier,0xd2da1048,KERNEL_OR_BUILTIN,,0,6lowpan;8021q;can_bcm;can_gw;can_raw;cfg80211;ieee802154;ieee802154_6lowpan;mac80211;mac802154;mddp;tipc;wlan_drv_gen4m_6878,13,13,0,1,0,0,1,1,1,1
register_oom_notifier,0x622c7922,KERNEL_OR_BUILTIN,,0,mali_kbase_mt6878_r44;mtk_heap_debug,2,2,0,1,0,0,1,1,1,1
register_pbm_gpu_notify,0x8124dc40,STOCK_MODULE,mtk_pbm,1,mtk_gpufreq_wrapper,1,1,0,0,0,0,0,0,0,0
register_pernet_device,0x5b6b7163,KERNEL_OR_BUILTIN,,0,cfg80211;ieee802154;l2tp_core;l2tp_ppp;ppp_generic;tipc,6,6,0,1,0,0,0,0,1,1
register_pernet_subsys,0xcf7dd4ce,KERNEL_OR_BUILTIN,,0,8021q;can;can_bcm;can_gw;ieee802154_6lowpan;mddp;tipc,7,7,0,1,0,0,1,1,1,1
register_pm_notifier,0x9cc4f70a,KERNEL_OR_BUILTIN,,0,adsp;aee_hangdet;bluetooth;bt_drv_6878;camera_dpe_isp7sp;clk_common;conninfra;log_store;mdp_drv_mt6878;mediatek_drm;mt6375_battery;mtk_aie;mtk_cam_isp7sp;mtk_charger_framework;mtk_dpc;mtk_imgsys_v4l2;mtk_lpm;mtk_lpm_dbg_common_v2;mtk_lpm_dbg_mt6878;mtk_lpm_plat_v1;mtk_mbraink;mtk_mmdvfs_v3;mtk_pbm;mtk_vcodec_dec_v1;mtk_vcodec_enc_v1;mtk_vcu;r8152;rtc_mt6685;scp;sensorhub;vcp;wlan_drv_gen4m_6878,32,33,0,1,0,0,1,1,1,1
register_pppox_proto,0x72976f06,STOCK_MODULE,pppox,1,l2tp_ppp;pptp,2,2,0,0,0,0,0,0,0,0
register_reboot_notifier,0x3517383e,KERNEL_OR_BUILTIN,,0,aee_hangdet;log_store;reboot_mode;sec,4,4,0,1,0,0,1,1,1,1
register_scpsys_notifier,0x12d741e9,STOCK_MODULE,mtk_scpsys,1,mtk_dvfsrc,1,1,0,0,0,0,0,0,0,0
register_set_p2p_mode_handler,0xb022891d,STOCK_MODULE,wmt_chrdev_wifi_connac2,1,wlan_drv_gen4m_6878,1,1,0,0,0,0,0,0,0,0
register_shrinker,0x63c8b495,KERNEL_OR_BUILTIN,,0,mali_kbase_mt6878_r44;mali_mgm_mt6878_r44;system_heap;zsmalloc,4,4,0,1,0,0,1,1,1,1
register_syscore_ops,0xb9c425de,KERNEL_OR_BUILTIN,,0,ccci_md_all;mtk_lpm;mtk_lpm_dbg_common_v2;mtk_spmi_pmic_adc,4,4,0,1,0,0,1,1,1,1
register_sysctl_table,0x6a449c4f,KERNEL_OR_BUILTIN,,0,ccci_dpmaif;ccmni,2,2,0,1,0,0,1,1,1,1
register_tcp_dev_notifier,0x796a05c1,STOCK_MODULE,tcpc_class,1,extcon_mtk_usb;mt6375_charger;mtk_chg_type_det;mtk_pd_adapter;rt_pd_manager,5,5,0,0,0,0,0,0,0,0
register_ultra_afe_hw_free_notifier,0xe776fa9c,STOCK_MODULE,mtk_afe_external,1,snd_soc_mtk_scp_ultra,1,1,0,0,0,0,0,0,0,0
register_virtio_device,0xe70d950b,KERNEL_OR_BUILTIN,,0,gz_virtio_mod,1,1,0,1,0,0,1,1,1,1
register_virtio_driver,0x8fb3b02a,KERNEL_OR_BUILTIN,,0,gz_ipc_mod,1,1,0,1,0,0,1,1,1,1
register_vow_ipi_send_notifier,0xb43803b6,STOCK_MODULE,mtk_afe_external,1,mtk_scp_vow,1,1,0,0,0,0,0,0,0,0
register_vp_audio_notifier,0x8612f6da,STOCK_MODULE,mtk_afe_external,1,snd_soc_audiodsp_common,1,1,0,0,0,0,0,0,0,0
regmap_bulk_read,0xed962ff1,KERNEL_OR_BUILTIN,,0,extdev_io_class;mt6375;mt6375_battery;mt6375_charger;mtk_battery_oc_throttling;mtk_spmi_pmic_adc;nvmem_mt635x_efuse;pmic_lbat_service;rt5133_regulator;rtc_mt6685;sc8571_charger;tcpc_mt6375,12,12,0,1,0,0,1,1,1,1
regmap_bulk_write,0x6272e817,KERNEL_OR_BUILTIN,,0,extdev_io_class;mt6363_regulator;mt6369_regulator;mt6375;mt6375_battery;mt6375_charger;mtk_battery_oc_throttling;nvmem_mt635x_efuse;pmic_lbat_service;rt5133_regulator;rtc_mt6685;tcpc_mt6375,12,12,0,1,0,0,1,1,1,1
regmap_field_read,0xa5b6f19f,KERNEL_OR_BUILTIN,,0,mt6375_charger;sc8571_charger,2,2,0,1,0,0,1,1,1,1
regmap_field_update_bits_base,0xc2bd74e5,KERNEL_OR_BUILTIN,,0,mt6375_charger;sc851x_charger;sc8571_charger,3,3,0,1,0,0,1,1,1,1
regmap_raw_read,0xfcaef764,KERNEL_OR_BUILTIN,,0,mt6375_adc;mt6375_auxadc;mt6375_battery,3,3,0,1,0,0,1,1,1,1
regmap_raw_write,0x581bec73,KERNEL_OR_BUILTIN,,0,mt6375_adc;mt6375_auxadc;mt6375_battery,3,3,0,1,0,0,1,1,1,1
regmap_read,0xe4fcaad8,KERNEL_OR_BUILTIN,,0,aw36515;aw36518;aw36518_v2;ccci_dpmaif;ccci_md_all;clk_chk_mt6878;clk_common;clkbuf;conninfra;gps_drv_dl_v051;leds_rgb_aw2013;log_store;mt6315_regulator;mt6338_core;mt6363_regulator;mt6369_accdet;mt6369_regulator;mt6375;mt6375_adc;mt6375_auxadc;mt6375_battery;mt6375_charger;mt6878_mt6369;mtk_battery_oc_throttling;mtk_charger_framework;mtk_dvfsrc_helper;mtk_dynamic_loading_throttling;mtk_iommu;mtk_pmic_keys;mtk_scpsys;mtk_spmi_pmic;mtk_spmi_pmic_adc;mtu3;nvmem_mt635x_efuse;phy_mtk_xsphy;pinctrl_mtk_v2;pmic_lbat_service;pmic_temp;reset_ti_syscon;rt5133_regulator;rt6160_regulator;rtc_mt6685;sc851x_charger;sc8571_charger;scp;snd_soc_audiodsp_common;snd_soc_mt6369;snd_soc_mt6878_afe;snd_soc_mtk_common;snd_soc_mtk_scp_ultra;snd_soc_tfa98xx,51,51,0,1,0,0,1,1,1,1
regmap_update_bits_base,0xb1d8e449,KERNEL_OR_BUILTIN,,0,aw36515;aw36518;aw36518_v2;clk_common;clkbuf;conninfra;leds_rgb_aw2013;mediatek_drm;mt6315_regulator;mt6363_regulator;mt6369_accdet;mt6369_regulator;mt6375_adc;mt6375_auxadc;mt6375_battery;mt6375_charger;mt6685_audclk;mt6878_mt6369;mtk_battery_oc_throttling;mtk_btcvsd;mtk_charger_framework;mtk_dynamic_loading_throttling;mtk_pmic_keys;mtk_pmic_oc_debug;mtk_pwm;mtk_scpsys;mtk_spmi_pmic;mtk_spmi_pmic_adc;mtu3;pinctrl_mtk_v2;pmic_lbat_service;pmic_lvsys_notify;reset_ti_syscon;rt5133_regulator;rt6160_regulator;rtc_mt6685;scp;snd_soc_mt6369;snd_soc_mt6878_afe;snd_soc_mtk_common;snd_soc_mtk_scp_ultra;syscon_reboot_mode;xhci_mtk_hcd_v2,43,43,0,1,0,0,1,1,1,1
regmap_write,0x2971bc8d,KERNEL_OR_BUILTIN,,0,aw36515;aw36518;aw36518_v2;ccci_ccif;ccci_dpmaif;ccci_md_all;clk_common;conninfra;leds_rgb_aw2013;log_store;mt6315_regulator;mt6338_core;mt6363_regulator;mt6369_accdet;mt6369_regulator;mt6375;mt6375_adc;mt6375_auxadc;mt6375_battery;mt6375_charger;mtk_pmic_oc_debug;mtk_scpsys;mtk_spmi_pmic;mtk_spmi_pmic_adc;nvmem_mt635x_efuse;phy_mtk_xsphy;pinctrl_mt6363;pmic_lbat_service;pmic_lvsys_notify;rt5133_regulator;rtc_mt6685;sc851x_charger;sc8571_charger;scp;snd_soc_mt6369;snd_soc_mt6878_afe;snd_soc_mtk_common;snd_soc_mtk_scp_ultra;snd_soc_tfa98xx,39,39,0,1,0,0,1,1,1,1
regulator_bulk_disable,0x842b846b,KERNEL_OR_BUILTIN,,0,hci_uart;xhci_mtk_hcd_v2,2,2,0,1,0,0,0,0,1,1
regulator_bulk_enable,0x33c884ba,KERNEL_OR_BUILTIN,,0,hci_uart;xhci_mtk_hcd_v2,2,2,0,1,0,0,0,0,1,1
regulator_count_voltages,0xcebc8bd6,KERNEL_OR_BUILTIN,,0,focaltech_touch_spi_ft3680;mtk_imgsys_cmdq;mtk_mmdvfs_debug,3,3,0,1,0,0,1,1,1,1
regulator_disable,0x8b37c47c,KERNEL_OR_BUILTIN,,0,apu_top;conninfra;dw9781c;extcon_mtk_usb;focaltech_touch_spi_ft3680;imgsensor;main2_vcm;main3_vcm;main4_vcm;main_vcm;microarray_fp_tee;mt6375_auxadc;mtk_imgsys_cmdq;mtk_imgsys_v4l2;mtk_irtx_pwm;mtk_mmc;mtk_scpsys;mtk_spmi_pmic_adc;mtk_vmm_isp71_regulator;mtu3;regulator_vibrator;snd_soc_mt6369;sub_vcm;ufs_mediatek_mod,24,24,0,1,0,0,1,1,1,1
regulator_disable_regmap,0x04054e02,KERNEL_OR_BUILTIN,,0,mt6363_regulator;mt6369_regulator;mt6375_charger;rt5133_regulator,4,4,0,1,0,0,1,1,1,1
regulator_enable,0xe8decd2e,KERNEL_OR_BUILTIN,,0,apu_top;conninfra;dw9781c;extcon_mtk_usb;focaltech_touch_spi_ft3680;imgsensor;main2_vcm;main3_vcm;main4_vcm;main_vcm;microarray_fp_tee;mt6375_auxadc;mtk_imgsys_v4l2;mtk_irtx_pwm;mtk_mmc;mtk_scpsys;mtk_spmi_pmic_adc;mtk_vmm_isp71_regulator;mtu3;regulator_vibrator;scp;snd_soc_mt6369;sub_vcm;ufs_mediatek_mod,24,24,0,1,0,0,1,1,1,1
regulator_enable_regmap,0x65b8210a,KERNEL_OR_BUILTIN,,0,mt6363_regulator;mt6369_regulator;mt6375_charger;rt5133_regulator,4,4,0,1,0,0,1,1,1,1
regulator_get,0x7bfbbb52,KERNEL_OR_BUILTIN,,0,apu_top;focaltech_touch_spi_ft3680;microarray_fp_tee;mtk_mmdvfs;mtk_ssc;scp;ufs_mediatek_mod;wlan_drv_gen4m_6878,8,8,0,1,0,0,1,1,1,1
regulator_get_current_limit_regmap,0x84156d6d,KERNEL_OR_BUILTIN,,0,mt6375_charger,1,1,0,1,0,0,1,1,1,1
regulator_get_optional,0x1c07316f,KERNEL_OR_BUILTIN,,0,apu_top;mali_kbase_mt6878_r44;mtk_gpufreq_mt6878,3,3,0,1,0,0,1,1,1,1
regulator_get_voltage,0xce880ed3,KERNEL_OR_BUILTIN,,0,apu_top;ccci_md_all;met;mtk_cam_isp7sp;mtk_dvfsrc_helper;mtk_mmc_dbg;mtk_mmdvfs;mtk_mmdvfs_debug;scp;ufs_mediatek_dbg,10,10,0,1,0,0,1,1,1,1
regulator_get_voltage_sel_regmap,0x62f5cccf,KERNEL_OR_BUILTIN,,0,mt6363_regulator;mt6369_regulator;mt6375_charger;rt5133_regulator;rt6160_regulator,5,5,0,1,0,0,1,1,1,1
regulator_is_enabled,0xeb66df15,KERNEL_OR_BUILTIN,,0,apu_top;ccci_md_all;conninfra;extcon_mtk_usb;mt6375_auxadc;mtk_imgsys_cmdq;mtk_imgsys_v4l2;mtk_irtx_pwm;mtk_mmc_dbg;mtk_mmdvfs_debug;mtk_scpsys;mtu3;regulator_vibrator,13,13,0,1,0,0,1,1,1,1
regulator_is_enabled_regmap,0x5998b6c8,KERNEL_OR_BUILTIN,,0,mt6315_regulator;mt6363_regulator;mt6369_regulator;mt6375_charger;rt5133_regulator,5,5,0,1,0,0,1,1,1,1
regulator_list_voltage,0x6d6ad820,KERNEL_OR_BUILTIN,,0,mtk_dvfsrc_helper;mtk_mmdvfs_debug,2,2,0,1,0,0,1,1,1,1
regulator_list_voltage_linear,0x1306e7c1,KERNEL_OR_BUILTIN,,0,mt6375_charger;rt6160_regulator,2,2,0,1,0,0,1,1,1,1
regulator_list_voltage_linear_range,0xb7a5f78d,KERNEL_OR_BUILTIN,,0,mt6315_regulator;mt6363_regulator;mt6369_regulator,3,3,0,1,0,0,1,1,1,1
regulator_list_voltage_table,0x0e30e59e,KERNEL_OR_BUILTIN,,0,mt6363_regulator;mt6369_regulator;mtk_dvfsrc_regulator;mtk_vmm_isp71_regulator;rt5133_regulator,5,5,0,1,0,0,1,1,1,1
regulator_map_voltage_iterate,0x15e20147,KERNEL_OR_BUILTIN,,0,mt6363_regulator;mt6369_regulator,2,2,0,1,0,0,1,1,1,1
regulator_map_voltage_linear,0x2151cd6e,KERNEL_OR_BUILTIN,,0,rt6160_regulator,1,1,0,1,0,0,1,1,1,1
regulator_map_voltage_linear_range,0x221ce428,KERNEL_OR_BUILTIN,,0,mt6315_regulator;mt6363_regulator;mt6369_regulator,3,3,0,1,0,0,1,1,1,1
regulator_notifier_call_chain,0xb20c2aac,KERNEL_OR_BUILTIN,,0,mt6363_regulator;mt6369_regulator;rt5133_regulator,3,3,0,1,0,0,1,1,1,1
regulator_put,0xe17b85db,KERNEL_OR_BUILTIN,,0,apu_top;focaltech_touch_spi_ft3680;mali_kbase_mt6878_r44,3,3,0,1,0,0,1,1,1,1
regulator_set_active_discharge_regmap,0xc9c42824,KERNEL_OR_BUILTIN,,0,rt5133_regulator,1,1,0,1,0,0,1,1,1,1
regulator_set_current_limit,0xf807c1fa,KERNEL_OR_BUILTIN,,0,extcon_mtk_usb,1,1,0,1,0,0,1,1,1,1
regulator_set_current_limit_regmap,0x0c8c9210,KERNEL_OR_BUILTIN,,0,mt6375_charger,1,1,0,1,0,0,1,1,1,1
regulator_set_load,0x2eeb5640,KERNEL_OR_BUILTIN,,0,hci_uart,1,1,0,1,0,0,0,0,1,1
regulator_set_mode,0x82a7d66c,KERNEL_OR_BUILTIN,,0,conninfra;ufs_mediatek_mod,2,2,0,1,0,0,1,1,1,1
regulator_set_voltage,0xee5baf2d,KERNEL_OR_BUILTIN,,0,apu_top;ccci_md_all;conninfra;extcon_mtk_usb;focaltech_touch_spi_ft3680;imgsensor;mali_kbase_mt6878_r44;mdp_drv_mt6878;mediatek_drm;microarray_fp_tee;mmqos_common;mtk_cam_isp7sp;mtk_dvfsrc_helper;mtk_imgsys_cmdq;mtk_irtx_pwm;mtk_jpeg;mtk_mmc;mtk_mmdvfs;mtk_mmdvfs_debug;mtk_mml;mtk_ssc;mtk_vcodec_dec_v1;mtk_vcodec_enc_v1;mtk_vmm_isp71_regulator;regulator_vibrator;scp;ufs_mediatek_mod;usb_boost;wlan_drv_gen4m_6878,29,29,0,1,0,0,1,1,1,1
regulator_set_voltage_sel_regmap,0x726a3224,KERNEL_OR_BUILTIN,,0,mt6315_regulator;mt6363_regulator;mt6369_regulator;mt6375_charger;rt5133_regulator;rt6160_regulator,6,6,0,1,0,0,1,1,1,1
regulator_set_voltage_time,0xa230236d,KERNEL_OR_BUILTIN,,0,apu_top,1,1,0,1,0,0,1,1,1,1
regulator_set_voltage_time_sel,0xa0ec4913,KERNEL_OR_BUILTIN,,0,mt6315_regulator;mt6363_regulator;mt6369_regulator,3,3,0,1,0,0,1,1,1,1
regulator_sync_voltage,0xd55ca348,KERNEL_OR_BUILTIN,,0,ccci_md_all,1,1,0,1,0,0,1,1,1,1
regulatory_hint,0x6746b450,STOCK_MODULE,cfg80211,1,wlan_drv_gen4m_6878,1,1,0,0,0,0,0,0,0,0
regulatory_pre_cac_allowed,0x5ca8efa5,STOCK_MODULE,cfg80211,1,mac80211,1,1,0,0,0,0,0,0,0,0
release_adsp_semaphore,0xb3db4910,STOCK_MODULE,adsp,1,snd_soc_audiodsp_common,1,1,0,0,0,0,0,0,0,0
release_firmware,0xc6d09aa9,KERNEL_OR_BUILTIN,,0,aw883xx_driver;bt_drv_6878;btbcm;btqca;cfg80211;connfem;conninfra;fmradio_drv_connac2x;focaltech_touch_spi_ft3680;hci_uart;mali_kbase_mt6878_r44;r8152;snd_soc_tfa98xx;wlan_drv_gen4m_6878,14,14,0,1,0,0,1,1,1,1
release_sock,0xb1342d9c,KERNEL_OR_BUILTIN,,0,bluetooth;can_bcm;can_raw;ieee802154_socket;l2tp_core;l2tp_ppp;nfc;pppox;pptp;rfcomm;tipc,11,12,0,1,0,0,0,0,1,1
remap_pfn_range,0xc477c1df,KERNEL_OR_BUILTIN,,0,apusys;ccci_md_all;mali_kbase_mt6878_r44;microarray_fp_tee;mmprofile;mtk_vcu;snd_soc_mtk_common;system_heap;tkcore,9,9,0,1,0,0,1,1,1,1
remap_vmalloc_range,0x17e5d102,KERNEL_OR_BUILTIN,,0,mali_kbase_mt6878_r44;mtk_aie,2,2,0,1,0,0,1,1,1,1
remove_proc_entry,0xef8b7667,KERNEL_OR_BUILTIN,,0,8021q;aee_aed;apusys;atf_logger;bluetooth;bootprof;can;can_bcm;fmradio_drv_connac2x;ged;l2tp_ppp;mali_kbase_mt6878_r44;sec,13,14,0,1,0,0,1,1,1,1
remove_proc_subtree,0x915e47bc,KERNEL_OR_BUILTIN,,0,apusys;mtk_battery_oc_throttling;mtk_charger_framework;pinctrl_mtk_common_v2_debug;wlan_drv_gen4m_6878,5,5,0,1,0,0,1,1,1,1
remove_wait_queue,0x37110088,KERNEL_OR_BUILTIN,,0,bluetooth;cdc_acm;gz_ipc_mod;hidp;nfc;ppp_generic;rfcomm;tipc;usbnet,9,10,0,1,0,0,1,1,1,1
report_custom_iommu_fault,0xc68d99df,STOCK_MODULE,iommu_debug,1,mtk_iommu,1,1,0,0,0,0,0,0,0,0
request_firmware,0x9c3fdf15,KERNEL_OR_BUILTIN,,0,aw883xx_driver;bt_drv_6878;btqca;cfg80211;conninfra;fmradio_drv_connac2x;focaltech_touch_spi_ft3680;hci_uart;mali_kbase_mt6878_r44;r8152;snd_soc_tfa98xx;wlan_drv_gen4m_6878,12,12,0,1,0,0,1,1,1,1
request_firmware_direct,0x85608491,KERNEL_OR_BUILTIN,,0,connfem,1,1,0,1,0,0,0,0,1,1
request_firmware_nowait,0xd5816b60,KERNEL_OR_BUILTIN,,0,bt_drv_6878;cfg80211,2,2,0,1,0,0,1,1,1,1
request_threaded_irq,0x92d5838e,KERNEL_OR_BUILTIN,,0,8250_mtk;adsp;apusys;bt_drv_6878;camera_dpe_isp7sp;ccci_ccif;ccci_dpmaif;ccci_md_all;clk_common;connadp;conninfra;emi_mpu;fmradio_drv_connac2x;focaltech_touch_spi_ft3680;gps_drv_dl_v051;gz_irq_mod;hynitron;mali_kbase_mt6878_r44;mediatek_drm;microarray_fp_tee;mt6375_auxadc;mt6375_battery;mtk_lpm_plat_v1;mtk_mbox;mtk_mbox_mailbox;mtk_uart_apdma;pda_drv_mt6878;scp;smpu;spi_tiny_co5300_lcd;tkcore;uarthub_drv;vcp;wlan_drv_gen4m_6878;xhci_mtk_hcd_v2,35,35,0,1,0,0,1,1,1,1
resched_curr,0x21218e67,KERNEL_OR_BUILTIN,,0,scheduler,1,1,0,1,0,0,0,0,1,1
reset_control_assert,0x6c4b6684,KERNEL_OR_BUILTIN,,0,mtk_mmc;ufs_mediatek_mod,2,2,0,1,0,0,1,1,1,1
reset_control_deassert,0xb2210d64,KERNEL_OR_BUILTIN,,0,mtk_mmc;ufs_mediatek_mod,2,2,0,1,0,0,1,1,1,1
reset_control_reset,0x24f39c39,KERNEL_OR_BUILTIN,,0,mtk_pmic_wrap,1,1,0,1,0,0,1,1,1,1
reset_controller_register,0x05b4a6e2,KERNEL_OR_BUILTIN,,0,clk_common,1,1,0,1,0,0,1,1,1,1
reset_hal_feature_table,0x1a1da70b,STOCK_MODULE,adsp,1,audio_ipi,1,1,0,0,0,0,0,0,0,0
resume_cpus,0x7b491092,STOCK_MODULE,scheduler,1,mtk_core_ctl,1,1,0,0,0,0,0,0,0,0
return_address,0xb917b6d7,KERNEL_OR_BUILTIN,,0,scheduler,1,1,0,1,0,0,0,0,1,1
rfc1042_header,0x69b18f43,STOCK_MODULE,cfg80211,1,mac80211,1,1,0,0,0,0,0,0,0,0
rfkill_alloc,0x6a3675f4,STOCK_MODULE,rfkill,1,bluetooth;cfg80211;nfc,3,4,0,0,0,0,0,0,0,0
rfkill_blocked,0xc0763484,STOCK_MODULE,rfkill,1,bluetooth;cfg80211;nfc,3,4,0,0,0,0,0,0,0,0
rfkill_destroy,0xdb68bbad,STOCK_MODULE,rfkill,1,bluetooth;cfg80211;nfc,3,4,0,0,0,0,0,0,0,0
rfkill_register,0xff282521,STOCK_MODULE,rfkill,1,bluetooth;cfg80211;nfc,3,4,0,0,0,0,0,0,0,0
rfkill_resume_polling,0xc781bd9f,STOCK_MODULE,rfkill,1,cfg80211,1,1,0,0,0,0,0,0,0,0
rfkill_set_hw_state_reason,0x0cdce87c,STOCK_MODULE,rfkill,1,cfg80211,1,1,0,0,0,0,0,0,0,0
rfkill_unregister,0x083eb21c,STOCK_MODULE,rfkill,1,bluetooth;cfg80211;nfc,3,4,0,0,0,0,0,0,0,0
rhashtable_destroy,0x371379a0,KERNEL_OR_BUILTIN,,0,tipc,1,1,0,1,0,0,0,0,1,1
rhashtable_free_and_destroy,0x1df13bbf,KERNEL_OR_BUILTIN,,0,mac80211,1,1,0,1,0,0,0,0,1,1
rhashtable_init,0x0938408c,KERNEL_OR_BUILTIN,,0,tipc,1,1,0,1,0,0,0,0,1,1
rhashtable_insert_slow,0x694ce81c,KERNEL_OR_BUILTIN,,0,mac80211;tipc,2,2,0,1,0,0,0,0,1,1
rhashtable_walk_enter,0x8f406523,KERNEL_OR_BUILTIN,,0,tipc,1,1,0,1,0,0,0,0,1,1
rhashtable_walk_exit,0x0252e1a5,KERNEL_OR_BUILTIN,,0,tipc,1,1,0,1,0,0,0,0,1,1
rhashtable_walk_next,0xf4700bae,KERNEL_OR_BUILTIN,,0,tipc,1,1,0,1,0,0,0,0,1,1
rhashtable_walk_start_check,0xa229b55a,KERNEL_OR_BUILTIN,,0,tipc,1,1,0,1,0,0,0,0,1,1
rhashtable_walk_stop,0x63cc6a77,KERNEL_OR_BUILTIN,,0,tipc,1,1,0,1,0,0,0,0,1,1
rhltable_init,0x8c2573d1,KERNEL_OR_BUILTIN,,0,mac80211,1,1,0,1,0,0,0,0,1,1
rht_bucket_nested,0xb7f990e9,KERNEL_OR_BUILTIN,,0,mac80211;tipc,2,2,0,1,0,0,0,0,1,1
rht_bucket_nested_insert,0xebfbabb3,KERNEL_OR_BUILTIN,,0,mac80211;tipc,2,2,0,1,0,0,0,0,1,1
rndis_test_last_msg_id,0x5855fc1d,STOCK_MODULE,mtk_u_ether,1,mtk_usb_f_rndis,1,1,0,0,0,0,0,0,0,0
rndis_test_reset_msg_cnt,0xc4e69a85,STOCK_MODULE,mtk_u_ether,1,mtk_usb_f_rndis,1,1,0,0,0,0,0,0,0,0
root_task_group,0xca81e0d0,KERNEL_OR_BUILTIN,,0,scheduler,1,1,0,1,0,0,0,0,1,1
round_jiffies,0x091eb9b4,KERNEL_OR_BUILTIN,,0,can;mac80211,2,2,0,1,0,0,0,0,1,1
round_jiffies_relative,0x1eb9516e,KERNEL_OR_BUILTIN,,0,mac80211;rfkill,2,2,0,1,0,0,0,0,1,1
round_jiffies_up,0x50fad434,KERNEL_OR_BUILTIN,,0,mac80211,1,1,0,1,0,0,0,0,1,1
rpmb_cmd_req,0xf3eb1185,STOCK_MODULE,rpmb,1,rpmb_mtk,1,1,0,0,0,0,0,0,0,0
rpmb_dev_register,0xe9a359eb,STOCK_MODULE,rpmb,1,ufs_mediatek_mod,1,1,0,0,0,0,0,0,0,0
rpmb_get_rw_size,0xe97a74f2,STOCK_MODULE,rpmb,1,rpmb_mtk,1,1,0,0,0,0,0,0,0,0
rpmsg_ccd_ipi_send,0x0a960880,STOCK_MODULE,ccd_rpmsg,1,mtk_ccd_remoteproc,1,1,0,0,0,0,0,0,0,0
rpmsg_create_ept,0xc61647ec,KERNEL_OR_BUILTIN,,0,apu_top;apusys;mtk_cam_isp7sp;mtk_tinysys_ipi,4,4,0,1,0,0,1,1,1,1
rpmsg_destroy_ept,0xa202576f,KERNEL_OR_BUILTIN,,0,apu_top;apusys;ccd_rpmsg,3,3,0,1,0,0,1,1,1,1
rpmsg_find_device,0x6712ca99,KERNEL_OR_BUILTIN,,0,ccd_rpmsg,1,1,0,1,0,0,1,1,1,1
rpmsg_register_device,0x16006abd,KERNEL_OR_BUILTIN,,0,apusys;ccd_rpmsg;mtk_rpmsg_mbox,3,3,0,1,0,0,1,1,1,1
rpmsg_send,0x15528baa,KERNEL_OR_BUILTIN,,0,apu_top;apusys;mtk_cam_isp7sp;sapu,4,4,0,1,0,0,1,1,1,1
rpmsg_sendto,0x0e2bd50d,KERNEL_OR_BUILTIN,,0,apu_top;apusys,2,2,0,1,0,0,0,0,1,1
rpmsg_trysend,0xfbca06ee,KERNEL_OR_BUILTIN,,0,mtk_tinysys_ipi,1,1,0,1,0,0,1,1,1,1
rpmsg_unregister_device,0x233a5250,KERNEL_OR_BUILTIN,,0,apusys;ccd_rpmsg,2,2,0,1,0,0,1,1,1,1
rproc_add,0x71bef0f4,KERNEL_OR_BUILTIN,,0,apusys;mtk_ccd_remoteproc;mtk_ccuv,3,3,0,1,0,0,1,1,1,1
rproc_add_subdev,0x233f2200,KERNEL_OR_BUILTIN,,0,apusys;mtk_ccd_remoteproc,2,2,0,1,0,0,1,1,1,1
rproc_alloc,0x58067e88,KERNEL_OR_BUILTIN,,0,apusys;mtk_ccd_remoteproc;mtk_ccuv,3,3,0,1,0,0,1,1,1,1
rproc_boot,0xeba62dea,KERNEL_OR_BUILTIN,,0,imgsensor;mtk_cam_isp7sp;mtk_imgsys_v4l2;mtk_mmdvfs_v3,4,4,0,1,0,0,1,1,1,1
rproc_del,0xff87363a,KERNEL_OR_BUILTIN,,0,apusys;mtk_ccd_remoteproc;mtk_ccuv,3,3,0,1,0,0,1,1,1,1
rproc_free,0xf3b817cf,KERNEL_OR_BUILTIN,,0,apusys;mtk_ccd_remoteproc;mtk_ccuv,3,3,0,1,0,0,1,1,1,1
rproc_get_by_phandle,0x54efa435,KERNEL_OR_BUILTIN,,0,imgsensor;mtk_cam_isp7sp;mtk_imgsys_v4l2;mtk_mmdvfs_v3,4,4,0,1,0,0,1,1,1,1
rproc_put,0x45e8b92a,KERNEL_OR_BUILTIN,,0,mtk_cam_isp7sp,1,1,0,1,0,0,1,1,1,1
rproc_remove_subdev,0x82dbe7b3,KERNEL_OR_BUILTIN,,0,apusys;mtk_ccd_remoteproc,2,2,0,1,0,0,1,1,1,1
rproc_report_crash,0x726e48b1,KERNEL_OR_BUILTIN,,0,mtk_ccd_remoteproc,1,1,0,1,0,0,1,1,1,1
rproc_shutdown,0xc66701da,KERNEL_OR_BUILTIN,,0,imgsensor;mtk_cam_isp7sp;mtk_imgsys_cmdq;mtk_imgsys_v4l2;mtk_mmdvfs_v3,5,5,0,1,0,0,1,1,1,1
rps_needed,0x8761c87b,KERNEL_OR_BUILTIN,,0,rps_perf;wlan_drv_gen4m_6878,2,2,0,1,0,0,1,1,1,1
rtc_ktime_to_tm,0xe4c2c66c,KERNEL_OR_BUILTIN,,0,rtc_mt6685,1,1,0,1,0,0,1,1,1,1
rtc_time64_to_tm,0x356461c8,KERNEL_OR_BUILTIN,,0,aee_aed;aee_hangdet;bt_drv_6878;camera_dpe_isp7sp;ccci_dpmaif;ccci_md_all;ccci_util_lib;conninfra;ged;mddp;mtk_aie;mtk_charger_framework;mtk_imgsys_v4l2;mtk_lpm_dbg_common_v2;mtk_lpm_plat_v1;rtc_mt6685;sensorhub;wlan_drv_gen4m_6878,18,18,0,1,0,0,1,1,1,1
rtc_tm_to_ktime,0x23412816,KERNEL_OR_BUILTIN,,0,rtc_mt6685,1,1,0,1,0,0,1,1,1,1
rtc_tm_to_time64,0x4f2250ba,KERNEL_OR_BUILTIN,,0,rtc_mt6685,1,1,0,1,0,0,1,1,1,1
rtc_update_irq,0x614d8017,KERNEL_OR_BUILTIN,,0,rtc_mt6685,1,1,0,1,0,0,1,1,1,1
rtc_valid_tm,0x5838f6c9,KERNEL_OR_BUILTIN,,0,rtc_mt6685,1,1,0,1,0,0,1,1,1,1
rtl8152_get_version,0xa7da34b3,STOCK_MODULE,r8152,1,r8153_ecm,1,1,0,0,0,0,0,0,0,0
rtnl_configure_link,0x85c289df,KERNEL_OR_BUILTIN,,0,wwan,1,1,0,1,0,0,0,0,1,1
rtnl_create_link,0x817f3567,KERNEL_OR_BUILTIN,,0,wwan,1,1,0,1,0,0,0,0,1,1
rtnl_is_locked,0x85670f1d,KERNEL_OR_BUILTIN,,0,8021q;can_dev;can_gw;cfg80211;ieee802154;ieee802154_6lowpan;mac80211;mac802154;wlan_drv_gen4m_6878,9,9,0,1,0,0,1,1,1,1
rtnl_link_register,0x17ff0acb,KERNEL_OR_BUILTIN,,0,8021q;can_dev;ieee802154_6lowpan;ppp_generic;vcan;wwan,6,6,0,1,0,0,0,0,1,1
rtnl_link_unregister,0x30b80c16,KERNEL_OR_BUILTIN,,0,8021q;can_dev;ieee802154_6lowpan;ppp_generic;vcan;wwan,6,6,0,1,0,0,0,0,1,1
rtnl_lock,0xc7a4fbed,KERNEL_OR_BUILTIN,,0,6lowpan;8021q;asix;can_gw;can_raw;cfg80211;ieee802154;ieee802154_socket;mac80211;mac802154;mtk_u_ether;ppp_generic;r8152;tipc;wlan_drv_gen4m_6878;wwan,16,16,0,1,0,0,1,1,1,1
rtnl_register_module,0x65278a71,KERNEL_OR_BUILTIN,,0,can_gw,1,1,0,1,0,0,0,0,1,1
rtnl_unlock,0x6e720ff2,KERNEL_OR_BUILTIN,,0,6lowpan;8021q;asix;can_gw;can_raw;cfg80211;ieee802154;ieee802154_socket;mac80211;mac802154;mtk_u_ether;ppp_generic;r8152;tipc;wlan_drv_gen4m_6878;wwan,16,16,0,1,0,0,1,1,1,1
rtnl_unregister,0x07b52e38,KERNEL_OR_BUILTIN,,0,can_gw,1,1,0,1,0,0,0,0,1,1
rtnl_unregister_all,0x579e0bf5,KERNEL_OR_BUILTIN,,0,can_gw,1,1,0,1,0,0,0,0,1,1
runqueues,0x5fc45fe1,KERNEL_OR_BUILTIN,,0,aee_hangdet;cpufreq_sugov_ext;cpuqos_v3;irq_dbg;monitor_hang;mrdump;mtk_core_ctl;mtk_fpsgo;mtk_perf_ioctl_magt;scheduler;task_turbo;ufs_mediatek_dbg,12,12,0,1,0,0,1,1,1,1
sap_enabled,0xc77a6808,STOCK_MODULE,scp,1,sensorhub,1,1,0,0,0,0,0,0,0,0
sap_ipidev,0x23a25986,STOCK_MODULE,scp,1,sensorhub,1,1,0,0,0,0,0,0,0,0
sbb,0x3f322a95,STOCK_MODULE,cpufreq_sugov_ext,1,scheduler,1,1,0,0,0,0,0,0,0,0
sbitmap_weight,0xf2de9307,KERNEL_OR_BUILTIN,,0,ufs_mediatek_mod,1,1,0,1,0,0,0,0,1,1
sched_clock,0xd653b126,KERNEL_OR_BUILTIN,,0,8250_mtk;adsp;aee_hangdet;apu_top;apusys;atf_logger;blocktag;bootprof;bt_drv_6878;bus_parity;cache_parity;ccci_ccif;ccci_dpmaif;ccci_md_all;ccci_util_lib;cmdq_sec_drv;cmdq_test;connadp;conninfra;ged;gps_drv_dl_v051;gpueb;gz_log_mod;i2c_mt65xx;iommu_debug;last_bus;leds_mtk;mcupm;mdp_drv_mt6878;mediatek_drm;mediatek_drm_panel_drv;met;mmprofile;mmqos_common;monitor_hang;mrdump;mt6369_accdet;mt6375_battery;mtk_c2ps;mtk_cam_isp7sp;mtk_cmdq_drv_ext;mtk_core_ctl;mtk_dpc;mtk_fpsgo;mtk_heap_debug;mtk_lpm_dbg_common_v2;mtk_mbox;mtk_mmc;mtk_mmc_dbg;mtk_mmdvfs_debug;mtk_mmdvfs_v3;mtk_mminfra_debug;mtk_mml;mtk_sec_heap;mtk_smi;mtk_smi_dbg;mtk_tinysys_ipi;mtk_uart_apdma;pd_dbg_info;rtc_mt6685;scheduler;sensorhub;spmi_mtk_pmif;sspm_v3;system_heap;tcpc_class;tcpc_mt6375;tmem_ffa;uarthub_drv;ufs_mediatek_dbg;vcp;wlan_drv_gen4m_6878,72,72,0,1,0,0,1,1,1,1
sched_clock_register,0x86d43be9,KERNEL_OR_BUILTIN,,0,timer_mediatek,1,1,0,1,0,0,1,1,1,1
sched_feat_keys,0x45897285,KERNEL_OR_BUILTIN,,0,cpufreq_sugov_ext;mtk_core_ctl;scheduler,3,3,0,1,0,0,1,1,1,1
sched_gear_hints_enable_get,0xd6d3e422,STOCK_MODULE,cpufreq_sugov_ext,1,scheduler,1,1,0,0,0,0,0,0,0,0
sched_pause_cpu,0xfeec946b,STOCK_MODULE,scheduler,1,mtk_core_ctl,1,1,0,0,0,0,0,0,0,0
sched_post_init_util_enable_get,0x714c1e53,STOCK_MODULE,cpufreq_sugov_ext,1,scheduler,1,1,0,0,0,0,0,0,0,0
sched_resume_cpu,0xd28b628b,STOCK_MODULE,scheduler,1,mtk_core_ctl,1,1,0,0,0,0,0,0,0,0
sched_rt_aggre_preempt_enable_get,0xa05d3c2b,STOCK_MODULE,cpufreq_sugov_ext,1,scheduler,1,1,0,0,0,0,0,0,0,0
sched_set_fifo,0x2df40890,KERNEL_OR_BUILTIN,,0,mtk_cam_isp7sp;wlan_drv_gen4m_6878,2,2,0,1,0,0,1,1,1,1
sched_set_fifo_low,0x2cafb113,KERNEL_OR_BUILTIN,,0,wlan_drv_gen4m_6878,1,1,0,1,0,0,1,1,1,1
sched_set_normal,0xf37369e7,KERNEL_OR_BUILTIN,,0,mtk_imgsys_cmdq;mtk_imgsys_v4l2;system_heap;wlan_drv_gen4m_6878,4,4,0,1,0,0,1,1,1,1
sched_setattr,0x5b3e64b8,KERNEL_OR_BUILTIN,,0,wlan_drv_gen4m_6878,1,1,0,1,0,0,1,1,1,1
sched_setattr_nocheck,0x31821fb0,KERNEL_OR_BUILTIN,,0,cpufreq_sugov_ext;mtk_c2ps;mtk_fpsgo;mtk_vcodec_common,4,4,0,1,0,0,1,1,1,1
sched_setscheduler,0xc67465ed,KERNEL_OR_BUILTIN,,0,aee_aed;aee_hangdet;audio_ipi;bt_drv_6878;gz_trusty_mod;gz_tz_system;gz_virtio_mod;mediatek_drm;monitor_hang;mtk_fpsgo;mtk_mml;mtk_vcodec_dec_v1;mtk_vcodec_enc_v1;system_heap,14,14,0,1,0,0,1,1,1,1
sched_setscheduler_nocheck,0x0a90ee98,KERNEL_OR_BUILTIN,,0,gz_trusty_mod;hf_manager;mali_kbase_mt6878_r44;mali_mgm_mt6878_r44;mtk_core_ctl;scheduler;sensorhub;tcpc_class,8,8,0,1,0,0,1,1,1,1
sched_show_task,0x31267b07,KERNEL_OR_BUILTIN,,0,aee_hangdet;ufs_mediatek_dbg;wlan_drv_gen4m_6878,3,3,0,1,0,0,1,1,1,1
sched_skip_hiIRQ_enable_get,0x999f4d73,STOCK_MODULE,cpufreq_sugov_ext,1,scheduler,1,1,0,0,0,0,0,0,0,0
sched_uclamp_used,0x056a37c5,KERNEL_OR_BUILTIN,,0,cpufreq_sugov_ext;scheduler,2,2,0,1,0,0,1,1,1,1
sched_updown_migration_enable_get,0x86f62e66,STOCK_MODULE,cpufreq_sugov_ext,1,scheduler,1,1,0,0,0,0,0,0,0,0
sched_vip_enable_get,0xd2529767,STOCK_MODULE,cpufreq_sugov_ext,1,scheduler,1,1,0,0,0,0,0,0,0,0
schedule,0x01000e51,KERNEL_OR_BUILTIN,,0,apusys;audio_ipi;bt_drv_6878;ccci_dpmaif;ccci_md_all;ccci_util_lib;ccd_rpmsg;cdc_acm;cfg80211;conninfra;connscp;cqhci;fmradio_drv_connac2x;focaltech_touch_spi_ft3680;ged;gps_drv_dl_v051;gz_ipc_mod;hidp;ieee802154;mali_kbase_mt6878_r44;mddp;mediatek_drm;microarray_fp_tee;monitor_hang;mt6375_battery;mtk_bp_thl;mtk_c2ps;mtk_cam_isp7sp;mtk_charger_framework;mtk_chg_type_det;mtk_cmdq_drv_ext;mtk_core_ctl;mtk_dpc;mtk_dynamic_loading_throttling;mtk_fpsgo;mtk_imgsys_v4l2;mtk_low_battery_throttling;mtk_mml;mtk_pep50;mtk_soc_offload_common;mtk_vcodec_dec_v1;mtk_vcodec_enc_v1;mtk_vcu;mtk_vow;powerhal_cpu_ctrl;ppp_generic;rfkill;scheduler;scp;system_heap;tcpc_class;tcpc_mt6375;tkcore_drv;touch_boost;usbserial;wlan_drv_gen4m_6878;wmt_chrdev_wifi_connac2;wwan;yft_tpd_gesture,59,59,0,1,0,0,1,1,1,1
schedule_timeout,0x8ddd8aad,KERNEL_OR_BUILTIN,,0,adsp;apusys;atf_logger;audio_ipi;bluetooth;bt_drv_6878;ccci_md_all;ccd_rpmsg;conninfra;cqhci;drm_display_helper;fingerprint;fmradio_drv_connac2x;focaltech_touch_spi_ft3680;gps_drv_dl_v051;hci_uart;hf_manager;hidp;mali_kbase_mt6878_r44;mdp_drv_mt6878;mediatek_drm;mmqos_common;monitor_hang;mtk_aie;mtk_btcvsd;mtk_cam_isp7sp;mtk_ccuv;mtk_hcp;mtk_imgsys_v4l2;mtk_mml;mtk_soc_offload_common;mtk_vcodec_common;mtk_vcodec_dec_v1;mtk_vcodec_enc_v1;mtk_vcu;mtk_vow;nfc;pda_drv_mt6878;slcan;snd_soc_audiodsp_common;tcpc_class;tkcore;usbnet,43,44,0,1,0,0,1,1,1,1
schedule_timeout_interruptible,0x054496b4,KERNEL_OR_BUILTIN,,0,usbserial,1,1,0,1,0,0,0,0,1,1
schedule_timeout_uninterruptible,0x151f4898,KERNEL_OR_BUILTIN,,0,can_bcm;can_raw;xhci_mtk_hcd_v2,3,3,0,1,0,0,0,0,1,1
scmi_driver_register,0x583211da,KERNEL_OR_BUILTIN,,0,tinysys_scmi,1,1,0,1,0,0,1,1,1,1
scmi_driver_unregister,0x049f4766,KERNEL_OR_BUILTIN,,0,tinysys_scmi,1,1,0,1,0,0,1,1,1,1
scmi_protocol_register,0x04cb7b15,KERNEL_OR_BUILTIN,,0,tinysys_scmi,1,1,0,1,0,0,1,1,1,1
scmi_tinysys_common_get,0x69601fbf,STOCK_MODULE,tinysys_scmi,1,mtk_cm_ipi;mtk_qos,2,2,0,0,0,0,0,0,0,0
scmi_tinysys_common_set,0x1cc7f053,STOCK_MODULE,tinysys_scmi,1,mali_kbase_mt6878_r44;mediatek_drm;met_scmi_api;mtk_cm_ipi;mtk_mminfra_debug;mtk_mml;mtk_qos;mtk_ssc;sspm_v3,9,9,0,0,0,0,0,0,0,0
scmi_tinysys_common_set_symbol,0xdc0928e8,STOCK_MODULE,met,1,met_scmi_api,1,1,0,0,0,0,0,0,0,0
scmi_tinysys_event_notify,0x4056037d,STOCK_MODULE,tinysys_scmi,1,met_scmi_api;mtk_qos;mtk_ssc,3,3,0,0,0,0,0,0,0,0
scmi_tinysys_event_notify_symbol,0x54f15b49,STOCK_MODULE,met,1,met_scmi_api,1,1,0,0,0,0,0,0,0,0
scmi_tinysys_register_event_notifier,0x1271fac9,STOCK_MODULE,tinysys_scmi,1,met_scmi_api;mtk_qos;mtk_ssc,3,3,0,0,0,0,0,0,0,0
scmi_tinysys_register_event_notifier_symbol,0x45db1b01,STOCK_MODULE,met,1,met_scmi_api,1,1,0,0,0,0,0,0,0,0
scnprintf,0x96848186,KERNEL_OR_BUILTIN,,0,adsp;aee_hangdet;apu_top;apusys;bootprof;cache_parity;ccci_ccif;ccci_dpmaif;ccci_md_all;ccci_util_lib;ccmni;cfg80211;device_apc_common;emi_fake_eng;extcon_mtk_usb;extdev_io_class;flashlight;ged;gz_main_mod;gz_trusty_mod;leds_ln2403;mali_kbase_mt6878_r44;mali_mgm_mt6878_r44;mddp;mdp_drv_mt6878;mediatek_drm;mt6375_battery;mt6375_charger;mtk_battery_oc_throttling;mtk_c2ps;mtk_cam_isp7sp;mtk_core_ctl;mtk_fpsgo;mtk_heap_debug;mtk_lpm_dbg_common_v2;mtk_lpm_dbg_mt6878;mtk_mbraink;mtk_mmc_dbg;mtk_sec_heap;mtk_ssc;mtk_ssc_dbg_v2;mtk_swpm_cpu_dbg_v6878;mtk_swpm_dbg_common_v1;mtk_swpm_dbg_v6878;powerhal_cpu_ctrl;scp;sec_rng;slcan;smpu;smpu_hook_v1;snd_soc_mt6369;snd_soc_mt6878_afe;snd_soc_tfa98xx;spi_tiny_co5300_lcd;st21nfc;tinysys_scmi;tipc;touch_boost;uload_ind;wlan_drv_gen4m_6878;xhci_mtk_hcd_v2;yft_devinfo;yft_gpio_keys;yft_tiny2c_usb;yft_tpd_gesture;zram,66,66,0,1,0,0,1,1,1,1
scp_A_register_notify,0xfb1e61d0,STOCK_MODULE,scp,1,audio_ipi;ccci_fsm_scp;connscp;mtk_scp_audiocommon;mtk_vow;sensorhub;snd_soc_audiodsp_common;snd_soc_mtk_common;snd_soc_mtk_scp_ultra;usb_offload,10,10,0,0,0,0,0,0,0,0
scp_A_unregister_notify,0xe159ebf1,STOCK_MODULE,scp,1,sensorhub,1,1,0,0,0,0,0,0,0,0
scp_audio_ipi_registration,0x69ee8c3a,STOCK_MODULE,mtk_scp_audiocommon,1,audio_ipi,1,1,0,0,0,0,0,0,0,0
scp_awake_lock,0xc4662108,STOCK_MODULE,scp,1,mtk_scp_audiocommon,1,1,0,0,0,0,0,0,0,0
scp_awake_unlock,0x4f509eed,STOCK_MODULE,scp,1,mtk_scp_audiocommon,1,1,0,0,0,0,0,0,0,0
scp_clr_spm_reg,0xc2285a53,STOCK_MODULE,scp,1,mtk_scp_audiocommon,1,1,0,0,0,0,0,0,0,0
scp_deregister_feature,0xaae67432,STOCK_MODULE,scp,1,mtk_vow;snd_soc_mtk_common;snd_soc_mtk_scp_ultra,3,3,0,0,0,0,0,0,0,0
scp_get_reserve_mem_phys,0x3cf86730,STOCK_MODULE,scp,1,audio_ipi;mtk_scp_vow;mtk_vow;sensorhub;snd_soc_mtk_scp_ultra,5,5,0,0,0,0,0,0,0,0
scp_get_reserve_mem_size,0xd6baab74,STOCK_MODULE,scp,1,audio_ipi;connscp;sensorhub;snd_soc_mtk_scp_ultra,4,4,0,0,0,0,0,0,0,0
scp_get_reserve_mem_virt,0x957f23d8,STOCK_MODULE,scp,1,audio_ipi;connscp;mtk_scp_vow;mtk_vow;sensorhub;snd_soc_mtk_scp_ultra,6,6,0,0,0,0,0,0,0,0
scp_get_semaphore_3way,0x67a94ad7,STOCK_MODULE,scp,1,snd_soc_audiodsp_common,1,1,0,0,0,0,0,0,0,0
scp_ipidev,0x275789bb,STOCK_MODULE,scp,1,ccci_fsm_scp;connscp;mtk_vow;sensorhub;snd_soc_audiodsp_common;snd_soc_mtk_scp_ultra,6,6,0,0,0,0,0,0,0,0
scp_register_feature,0x2a8dae7b,STOCK_MODULE,scp,1,mtk_vow;snd_soc_mtk_common;snd_soc_mtk_scp_ultra,3,3,0,0,0,0,0,0,0,0
scp_release_semaphore_3way,0xe0b2305f,STOCK_MODULE,scp,1,snd_soc_audiodsp_common,1,1,0,0,0,0,0,0,0,0
scp_send_message,0xb07d37cc,STOCK_MODULE,mtk_scp_audiocommon,1,audio_ipi,1,1,0,0,0,0,0,0,0,0
scp_wdt_reset,0xa837c196,STOCK_MODULE,scp,1,sensorhub,1,1,0,0,0,0,0,0,0,0
scsi_autopm_get_device,0x0864be4e,KERNEL_OR_BUILTIN,,0,ufs_mediatek_mod,1,1,0,1,0,0,1,1,1,1
scsi_autopm_put_device,0x55ba1da5,KERNEL_OR_BUILTIN,,0,ufs_mediatek_mod,1,1,0,1,0,0,1,1,1,1
scsi_block_requests,0xe96b05dd,KERNEL_OR_BUILTIN,,0,ufs_mediatek_mod,1,1,0,1,0,0,0,0,1,1
scsi_device_get,0xebb1ff4f,KERNEL_OR_BUILTIN,,0,ufs_mediatek_mod,1,1,0,1,0,0,1,1,1,1
scsi_device_put,0x49216112,KERNEL_OR_BUILTIN,,0,ufs_mediatek_mod,1,1,0,1,0,0,1,1,1,1
scsi_dma_unmap,0xfd77d74d,KERNEL_OR_BUILTIN,,0,ufs_mediatek_mod,1,1,0,0,0,0,0,0,0,0
scsi_execute_cmd,0xb025f316,KERNEL_OR_BUILTIN,,0,ufs_mediatek_mod,1,1,0,1,0,0,0,0,1,1
scsi_print_sense_hdr,0x87ffadd5,KERNEL_OR_BUILTIN,,0,ufs_mediatek_mod,1,1,0,1,0,0,1,1,1,1
scsi_unblock_requests,0x45a64ce0,KERNEL_OR_BUILTIN,,0,ufs_mediatek_mod,1,1,0,1,0,0,0,0,1,1
sdio_claim_host,0xe0e2d4ea,KERNEL_OR_BUILTIN,,0,btsdio,1,1,0,1,0,0,1,1,1,1
sdio_claim_irq,0xed16fd15,KERNEL_OR_BUILTIN,,0,btsdio,1,1,0,1,0,0,1,1,1,1
sdio_disable_func,0xbd8a604c,KERNEL_OR_BUILTIN,,0,btsdio,1,1,0,1,0,0,1,1,1,1
sdio_enable_func,0x23d4a231,KERNEL_OR_BUILTIN,,0,btsdio,1,1,0,1,0,0,1,1,1,1
sdio_readb,0xb270009e,KERNEL_OR_BUILTIN,,0,btsdio,1,1,0,1,0,0,1,1,1,1
sdio_readsb,0xb9490bd5,KERNEL_OR_BUILTIN,,0,btsdio,1,1,0,1,0,0,1,1,1,1
sdio_register_driver,0x87c695c0,KERNEL_OR_BUILTIN,,0,btsdio,1,1,0,1,0,0,1,1,1,1
sdio_release_host,0x24435e40,KERNEL_OR_BUILTIN,,0,btsdio,1,1,0,1,0,0,1,1,1,1
sdio_release_irq,0x0b37557b,KERNEL_OR_BUILTIN,,0,btsdio,1,1,0,1,0,0,1,1,1,1
sdio_signal_irq,0x54311161,KERNEL_OR_BUILTIN,,0,mtk_mmc,1,1,0,1,0,0,1,1,1,1
sdio_unregister_driver,0x4b95327b,KERNEL_OR_BUILTIN,,0,btsdio,1,1,0,1,0,0,1,1,1,1
sdio_writeb,0x6092e490,KERNEL_OR_BUILTIN,,0,btsdio,1,1,0,1,0,0,1,1,1,1
sdio_writesb,0xf9e684dc,KERNEL_OR_BUILTIN,,0,btsdio,1,1,0,1,0,0,1,1,1,1
second_touch_fw_version,0x7198d58d,STOCK_MODULE,yft_devinfo,1,hynitron,1,1,0,0,0,0,0,0,0,0
security_file_ioctl,0x352ef55b,KERNEL_OR_BUILTIN,,0,hbt,1,1,0,1,0,0,1,1,1,1
security_sk_classify_flow,0x4c83cd6a,KERNEL_OR_BUILTIN,,0,pptp,1,1,0,1,0,0,0,0,1,1
security_sk_clone,0xe06141e9,KERNEL_OR_BUILTIN,,0,bluetooth;rfcomm;tipc,3,4,0,1,0,0,0,0,1,1
security_sock_graft,0x0da10ec3,KERNEL_OR_BUILTIN,,0,bluetooth;nfc,2,3,0,1,0,0,0,0,1,1
select_fallback_rq,0x37c45c03,KERNEL_OR_BUILTIN,,0,scheduler,1,1,0,1,0,0,0,0,1,1
send_sig,0x49a34c8d,KERNEL_OR_BUILTIN,,0,mddp;monitor_hang;mtk_vcu,3,3,0,1,0,0,1,1,1,1
sensor_control_scp,0x7e23cc99,STOCK_MODULE,scp,1,sensorhub,1,1,0,0,0,0,0,0,0,0
seq_hex_dump,0x118a94a8,KERNEL_OR_BUILTIN,,0,apusys,1,1,0,1,0,0,1,1,1,1
seq_hlist_next,0x75bda77a,KERNEL_OR_BUILTIN,,0,bluetooth,1,2,0,1,0,0,0,0,1,1
seq_hlist_start_head,0x3dfc897c,KERNEL_OR_BUILTIN,,0,bluetooth,1,2,0,1,0,0,0,0,1,1
seq_lseek,0x11f8a681,KERNEL_OR_BUILTIN,,0,aee_aed;apu_top;apusys;blocktag;bluetooth;bootprof;c2ps_perf_ioctl;clk_common;cpudvfs;cpuqos_v3;extcon_mtk_usb;ged;gpueb;hf_manager;iommu_debug;log_store;mali_kbase_mt6878_r44;md_cooling_all;mdp_drv_mt6878;met;mmqos_common;mrdump;mtk_charger_framework;mtk_cmdq_drv_ext;mtk_core_ctl;mtk_gpu_qos;mtk_gpufreq_wrapper;mtk_heap_debug;mtk_icc_core;mtk_ioctl_powerhal;mtk_ioctl_touch_boost;mtk_lpm;mtk_mdpm;mtk_mmc_dbg;mtk_mmdvfs_debug;mtk_mml;mtk_pbm;mtk_peak_power_budget;mtk_perf_ioctl;mtk_perf_ioctl_magt;mtk_printk_ctrl;mtk_smi_dbg;mtk_swpm;mtu3;mux_switch;phy_mtk_xsphy;pidmap;pinctrl_mtk_common_v2_debug;rfcomm;scheduler;scp;sec;tcpc_class;thermal_interface;trace_mmstat;ufs_mediatek_dbg;usb_logger;vcp;xhci_mtk_hcd_v2;yft_devinfo,60,61,0,1,0,0,1,1,1,1
seq_open,0x282ef6fb,KERNEL_OR_BUILTIN,,0,apusys;blocktag;ged;mali_kbase_mt6878_r44;met;mtk_lpm;mtk_swpm;yft_devinfo,8,8,0,1,0,0,1,1,1,1
seq_open_private,0x96d03e07,KERNEL_OR_BUILTIN,,0,aee_aed,1,1,0,1,0,0,1,1,1,1
seq_printf,0x04be4820,KERNEL_OR_BUILTIN,,0,8021q;aee_aed;apu_top;apusys;blocktag;bluetooth;bootprof;can;can_bcm;clk_common;cpudvfs;drm_display_helper;fhctl;ged;gpueb;hf_manager;iommu_debug;l2tp_ppp;log_store;mali_kbase_mt6878_r44;md_cooling_all;mdp_drv_mt6878;mmqos_common;mrdump;mtk_charger_framework;mtk_cmdq_drv_ext;mtk_gpu_qos;mtk_gpufreq_wrapper;mtk_heap_debug;mtk_icc_core;mtk_mdpm;mtk_mmc_dbg;mtk_mmdvfs_debug;mtk_mml;mtk_pbm;mtk_peak_power_budget;mtk_printk_ctrl;mtk_sec_heap;mtk_smi_dbg;mtu3;mux_switch;phy_mtk_xsphy;pidmap;pinctrl_mtk_common_v2_debug;pinctrl_mtk_v2;rfcomm;scp;spmi_mtk_pmif;system_heap;tcpc_class;thermal_interface;trace_mmstat;ufs_mediatek_dbg;usb_logger;usbserial;xhci_mtk_hcd_v2;yft_devinfo,57,58,0,1,1,0,1,1,1,1
seq_putc,0x78eb48ca,KERNEL_OR_BUILTIN,,0,bluetooth;can;can_bcm;mali_kbase_mt6878_r44;pidmap;sec;trace_mmstat;usbserial,8,9,0,1,0,0,1,1,1,1
seq_puts,0x18d2d657,KERNEL_OR_BUILTIN,,0,8021q;apu_top;apusys;blocktag;bluetooth;bootprof;can;clk_common;drm_display_helper;extcon_mtk_usb;fhctl;ged;gpueb;hf_manager;l2tp_ppp;log_store;mali_kbase_mt6878_r44;mdp_drv_mt6878;mmqos_common;mrdump;mtk_cmdq_drv_ext;mtk_gpu_qos;mtk_gpufreq_wrapper;mtk_icc_core;mtk_mdpm;mtk_mml;mtk_pbm;mtk_peak_power_budget;mtk_printk_ctrl;mtk_smi_dbg;mtu3;mux_switch;phy_mtk_xsphy;pidmap;pinctrl_mtk_common_v2_debug;scp;spmi_mtk_pmif;tcpc_class;trace_mmstat;usbserial;xhci_mtk_hcd_v2,41,42,0,1,1,0,1,1,1,1
seq_read,0xd963f308,KERNEL_OR_BUILTIN,,0,aee_aed;apu_top;apusys;blocktag;bluetooth;bootprof;c2ps_perf_ioctl;clk_common;cpudvfs;cpuqos_v3;extcon_mtk_usb;fhctl;ged;gpueb;hf_manager;iommu_debug;log_store;mali_kbase_mt6878_r44;md_cooling_all;mdp_drv_mt6878;met;mmqos_common;mrdump;mtk_charger_framework;mtk_cmdq_drv_ext;mtk_core_ctl;mtk_gpu_qos;mtk_gpufreq_wrapper;mtk_heap_debug;mtk_icc_core;mtk_ioctl_powerhal;mtk_ioctl_touch_boost;mtk_lpm;mtk_mdpm;mtk_mmc_dbg;mtk_mmdvfs_debug;mtk_mml;mtk_pbm;mtk_peak_power_budget;mtk_perf_ioctl;mtk_perf_ioctl_magt;mtk_printk_ctrl;mtk_smi_dbg;mtk_swpm;mtu3;mux_switch;phy_mtk_xsphy;pidmap;pinctrl_mtk_common_v2_debug;rfcomm;scheduler;scp;sec;spmi_mtk_pmif;tcpc_class;thermal_interface;trace_mmstat;ufs_mediatek_dbg;usb_logger;vcp;xhci_mtk_hcd_v2;yft_devinfo,62,63,0,1,0,0,1,1,1,1
seq_release,0xcdd6b02a,KERNEL_OR_BUILTIN,,0,apusys;blocktag;ged;mali_kbase_mt6878_r44;met;mtk_lpm;mtk_swpm;pinctrl_mtk_common_v2_debug;sec;yft_devinfo,10,10,0,1,0,0,1,1,1,1
seq_release_private,0x42e848ca,KERNEL_OR_BUILTIN,,0,aee_aed,1,1,0,1,0,0,1,1,1,1
seq_write,0x82c86595,KERNEL_OR_BUILTIN,,0,aee_aed;apusys;log_store;mali_kbase_mt6878_r44;met;mtk_mml,6,6,0,1,0,0,1,1,1,1
serdev_device_close,0x321c16b5,KERNEL_OR_BUILTIN,,0,hci_uart,1,1,0,1,0,0,0,0,1,1
serdev_device_get_tiocm,0x26c19d68,KERNEL_OR_BUILTIN,,0,hci_uart,1,1,0,1,0,0,0,0,1,1
serdev_device_open,0x8865f74c,KERNEL_OR_BUILTIN,,0,hci_uart,1,1,0,1,0,0,0,0,1,1
serdev_device_set_baudrate,0x4bb71c26,KERNEL_OR_BUILTIN,,0,hci_uart,1,1,0,1,0,0,0,0,1,1
serdev_device_set_flow_control,0x49e59315,KERNEL_OR_BUILTIN,,0,hci_uart,1,1,0,1,0,0,0,0,1,1
serdev_device_set_tiocm,0x126805b7,KERNEL_OR_BUILTIN,,0,hci_uart,1,1,0,1,0,0,0,0,1,1
serdev_device_wait_until_sent,0x251738bc,KERNEL_OR_BUILTIN,,0,hci_uart,1,1,0,1,0,0,0,0,1,1
serdev_device_write_buf,0xbd9c58c1,KERNEL_OR_BUILTIN,,0,hci_uart,1,1,0,1,0,0,0,0,1,1
serdev_device_write_flush,0x67cfcf54,KERNEL_OR_BUILTIN,,0,hci_uart,1,1,0,1,0,0,0,0,1,1
serial8250_do_set_termios,0x001789e2,KERNEL_OR_BUILTIN,,0,8250_mtk,1,1,0,1,0,0,1,1,1,1
serial8250_do_shutdown,0x74119000,KERNEL_OR_BUILTIN,,0,8250_mtk,1,1,0,1,0,0,1,1,1,1
serial8250_do_startup,0xece68f9d,KERNEL_OR_BUILTIN,,0,8250_mtk,1,1,0,1,0,0,1,1,1,1
serial8250_get_port,0x1733e179,KERNEL_OR_BUILTIN,,0,8250_mtk,1,1,0,1,0,0,1,1,1,1
serial8250_register_8250_port,0x19a86ac6,KERNEL_OR_BUILTIN,,0,8250_mtk,1,1,0,1,0,0,1,1,1,1
serial8250_resume_port,0xc7208c3a,KERNEL_OR_BUILTIN,,0,8250_mtk,1,1,0,1,0,0,1,1,1,1
serial8250_rpm_get,0x032acd76,KERNEL_OR_BUILTIN,,0,8250_mtk,1,1,0,1,0,0,1,1,1,1
serial8250_rpm_put,0x83c89b47,KERNEL_OR_BUILTIN,,0,8250_mtk,1,1,0,1,0,0,1,1,1,1
serial8250_suspend_port,0xcc248d26,KERNEL_OR_BUILTIN,,0,8250_mtk,1,1,0,1,0,0,1,1,1,1
serial8250_unregister_port,0xcefcd99a,KERNEL_OR_BUILTIN,,0,8250_mtk,1,1,0,1,0,0,1,1,1,1
setMaxBrightness,0x7ac81130,STOCK_MODULE,leds_mtk,1,backlight_cooling,1,1,0,0,0,0,0,0,0,0
set_am_ctrl,0xe80265ab,STOCK_MODULE,cpufreq_sugov_ext,1,scheduler,1,1,0,0,0,0,0,0,0,0
set_audiobuffer_hw,0x1eff0e35,STOCK_MODULE,snd_soc_audiodsp_common,1,mtk_soc_offload_common,1,1,0,0,0,0,0,0,0,0
set_audiobuffer_memorytype,0x84326ec2,STOCK_MODULE,snd_soc_audiodsp_common,1,mtk_soc_offload_common,1,1,0,0,0,0,0,0,0,0
set_capacity,0x41797080,KERNEL_OR_BUILTIN,,0,zram,1,1,0,1,0,0,1,1,1,1
set_capacity_and_notify,0x50798f66,KERNEL_OR_BUILTIN,,0,zram,1,1,0,1,0,0,1,1,1,1
set_ccmni_rps,0xe357c0cc,STOCK_MODULE,ccmni,1,ccci_dpmaif,1,1,0,0,0,0,0,0,0,0
set_clkchk_notify,0x46f99cd0,STOCK_MODULE,clk_common,1,clk_chk_mt6878,1,1,0,0,0,0,0,0,0,0
set_clkchk_ops,0x5e27a92a,STOCK_MODULE,clk_common,1,clk_chk_mt6878,1,1,0,0,0,0,0,0,0,0
set_clkdbg_ops,0xdd8c58c9,STOCK_MODULE,clk_common,1,clk_dbg_mt6878,1,1,0,0,0,0,0,0,0,0
set_cold_interrupt_enable_addr,0x7867985a,STOCK_MODULE,thermal_interface,1,soc_temp_lvts,1,1,0,0,0,0,0,0,0,0
set_cpu_active_bitmask,0x5b1557ed,STOCK_MODULE,thermal_interface,1,scheduler,1,1,0,0,0,0,0,0,0,0
set_cpu_min_opp,0x08217b97,STOCK_MODULE,thermal_interface,1,cpufreq_sugov_ext,1,1,0,0,0,0,0,0,0,0
set_cpus_allowed_ptr,0x6c4198dc,KERNEL_OR_BUILTIN,,0,aee_hangdet;ccci_dpmaif;gz_trusty_mod;gz_tz_system;gz_virtio_mod;mediatek_drm;mtk_fpsgo;wlan_drv_gen4m_6878,8,8,0,1,0,0,1,1,1,1
set_curr_uclamp_ctrl,0x595f69e7,STOCK_MODULE,cpufreq_sugov_ext,1,mtk_c2ps,1,1,0,0,0,0,0,0,0,0
set_curr_uclamp_hint,0xcb63ad00,STOCK_MODULE,cpufreq_sugov_ext,1,mtk_c2ps,1,1,0,0,0,0,0,0,0,0
set_detect_count,0xf796ca8a,STOCK_MODULE,mtk_printk_ctrl,1,mtk_cam_isp7sp,1,1,0,0,0,0,0,0,0,0
set_eas_dsu_ctrl,0x1d4a1606,STOCK_MODULE,cpufreq_sugov_ext,1,cpudvfs,1,1,0,0,0,0,0,0,0,0
set_gear_uclamp_ctrl,0xaa1ee350,STOCK_MODULE,cpufreq_sugov_ext,1,mtk_c2ps,1,1,0,0,0,0,0,0,0,0
set_gear_uclamp_max,0x64075b2a,STOCK_MODULE,cpufreq_sugov_ext,1,mtk_c2ps,1,1,0,0,0,0,0,0,0,0
set_group_pd,0x58e1853b,STOCK_MODULE,cpuqos_v3,1,scheduler,1,1,0,0,0,0,0,0,0,0
set_grp_awr_min_opp_margin,0x9f4a058d,STOCK_MODULE,scheduler,1,mtk_vcodec_common,1,1,0,0,0,0,0,0,0,0
set_grp_awr_thr,0x5942dabc,STOCK_MODULE,scheduler,1,mtk_vcodec_common,1,1,0,0,0,0,0,0,0,0
set_grp_dvfs_ctrl,0x850fc24b,STOCK_MODULE,cpufreq_sugov_ext,1,mtk_c2ps;scheduler,2,2,0,0,0,0,0,0,0,0
set_grp_high_freq,0x7f952eea,STOCK_MODULE,cpufreq_sugov_ext,1,scheduler,1,1,0,0,0,0,0,0,0,0
set_ignore_idle_ctrl,0x9aece762,STOCK_MODULE,cpufreq_sugov_ext,1,mtk_c2ps;scheduler,2,2,0,0,0,0,0,0,0,0
set_next_entity,0x6d24d2d3,KERNEL_OR_BUILTIN,,0,scheduler,1,1,0,1,0,0,0,0,1,1
set_normalized_timespec64,0x365acda7,KERNEL_OR_BUILTIN,,0,apusys;camera_eeprom_v4l2;ccmni;imgsensor;mtk_mml;mtk_vcodec_dec_v1,6,6,0,1,0,0,1,1,1,1
set_page_dirty_lock,0xbfa529f4,KERNEL_OR_BUILTIN,,0,mali_kbase_mt6878_r44;mtk_aie,2,2,0,1,0,0,1,1,1,1
set_reboot_temperature,0x8cf38456,STOCK_MODULE,thermal_interface,1,soc_temp_lvts,1,1,0,0,0,0,0,0,0,0
set_rps_map,0x007d835c,STOCK_MODULE,rps_perf,1,ccmni;mtk_u_ether,2,2,0,0,0,0,0,0,0,0
set_sbb,0x7a160793,STOCK_MODULE,cpufreq_sugov_ext,1,scheduler,1,1,0,0,0,0,0,0,0,0
set_sbb_active_ratio,0x0623dd60,STOCK_MODULE,cpufreq_sugov_ext,1,scheduler,1,1,0,0,0,0,0,0,0,0
set_scp_ultra_base,0x3b5cb8a8,STOCK_MODULE,mtk_scp_ultra,1,snd_soc_mtk_scp_ultra,1,1,0,0,0,0,0,0,0,0
set_soc_md_rt_rat_by_idx,0xa0e55e02,STOCK_MODULE,ccci_util_lib,1,ccci_md_all,1,1,0,0,0,0,0,0,0,0
set_soc_md_rt_rat_str,0x6bfc0e5c,STOCK_MODULE,ccci_util_lib,1,ccci_md_all,1,1,0,0,0,0,0,0,0,0
set_subsys_reg_dump_mt6878,0x89bfc78b,STOCK_MODULE,clk_chk_mt6878,1,pd_chk_mt6878,1,1,0,0,0,0,0,0,0,0
set_target_margin,0x62d42e01,STOCK_MODULE,cpufreq_sugov_ext,1,scheduler,1,1,0,0,0,0,0,0,0,0
set_target_margin_low,0x353e0e35,STOCK_MODULE,cpufreq_sugov_ext,1,scheduler,1,1,0,0,0,0,0,0,0,0
set_task_basic_vip,0xdfb60db3,STOCK_MODULE,scheduler,1,mtk_c2ps;mtk_fpsgo,2,2,0,0,0,0,0,0,0,0
set_task_cpu,0xb4809261,KERNEL_OR_BUILTIN,,0,scheduler,1,1,0,1,0,0,1,1,1,1
set_task_ls,0xcf9d5f01,STOCK_MODULE,scheduler,1,mtk_fpsgo,1,1,0,0,0,0,0,0,0,0
set_task_ls_prefer_cpus,0x38d4e40c,STOCK_MODULE,scheduler,1,mtk_fpsgo,1,1,0,0,0,0,0,0,0,0
set_task_pd,0xa77e7900,STOCK_MODULE,cpuqos_v3,1,scheduler,1,1,0,0,0,0,0,0,0,0
set_task_to_group,0x16eac427,STOCK_MODULE,scheduler,1,mtk_vcodec_common,1,1,0,0,0,0,0,0,0,0
set_task_vvip,0x5deca51a,STOCK_MODULE,scheduler,1,mtk_fpsgo,1,1,0,0,0,0,0,0,0,0
set_top_grp_aware,0xbdc3209b,STOCK_MODULE,scheduler,1,mtk_fpsgo;mtk_vcodec_common;touch_boost,3,3,0,0,0,0,0,0,0,0
set_turn_point_freq,0xaf8e1795,STOCK_MODULE,cpufreq_sugov_ext,1,scheduler,1,1,0,0,0,0,0,0,0,0
set_user_nice,0x81bb3e77,KERNEL_OR_BUILTIN,,0,gz_trusty_mod;gz_tz_system;gz_virtio_mod;hidp;mtk_c2ps;mtk_fpsgo;rfcomm;task_turbo;wlan_drv_gen4m_6878,9,9,0,1,0,0,1,1,1,1
set_wl_type_manual,0x750b140e,STOCK_MODULE,cpufreq_sugov_ext,1,mtk_c2ps,1,1,0,0,0,0,0,0,0,0
setup_udp_tunnel_sock,0xcfb61ede,KERNEL_OR_BUILTIN,,0,l2tp_core;tipc,2,2,0,1,0,0,0,0,1,1
sg_alloc_table,0x3a2f6702,KERNEL_OR_BUILTIN,,0,apusys;camera_dpe_isp7sp;mali_dmabuf_test_mt6878_r44;mtk_aie;mtk_sec_heap;mtk_vcodec_common;system_heap;tkcore;tmem_ffa,9,9,0,1,0,0,1,1,1,1
sg_alloc_table_from_pages_segment,0x84f227df,KERNEL_OR_BUILTIN,,0,apusys;gz_main_mod;mediatek_drm;mtk_aie;tkcore,5,5,0,1,0,0,1,1,1,1
sg_copy_from_buffer,0x905695ab,KERNEL_OR_BUILTIN,,0,rpmb_mtk,1,1,0,1,0,0,1,1,1,1
sg_copy_to_buffer,0x02b8ab42,KERNEL_OR_BUILTIN,,0,rpmb_mtk,1,1,0,1,0,0,1,1,1,1
sg_free_table,0x7f5b4fe4,KERNEL_OR_BUILTIN,,0,apusys;camera_dpe_isp7sp;mali_dmabuf_test_mt6878_r44;mediatek_drm;mtk_aie;mtk_sec_heap;mtk_vcodec_common;system_heap;tkcore;tmem_ffa,10,10,0,1,0,0,1,1,1,1
sg_init_one,0xb320cc0e,KERNEL_OR_BUILTIN,,0,bluetooth;gz_ipc_mod;mac80211;mac802154;rpmb_mtk,5,6,0,1,0,0,1,1,1,1
sg_init_table,0xf888ca21,KERNEL_OR_BUILTIN,,0,8250_mtk;mac80211;tipc;usbnet,4,4,0,1,0,0,1,1,1,1
sg_nents,0x461d16ca,KERNEL_OR_BUILTIN,,0,ffa_v10,1,1,0,1,0,0,0,0,1,1
sg_next,0x87b8798d,KERNEL_OR_BUILTIN,,0,apusys;camera_dpe_isp7sp;cqhci;ffa_v10;gz_main_mod;mali_dmabuf_test_mt6878_r44;mali_kbase_mt6878_r44;mtk_aie;mtk_cam_isp7sp;mtk_hcp;mtk_imgsys_v4l2;mtk_mmc;mtk_sec_heap;mtk_vcodec_common;spi_mt65xx;system_heap;tkcore;tmem_ffa;xhci_mtk_hcd_v2,19,19,0,1,0,0,1,1,1,1
sg_pcopy_from_buffer,0xd0fe8d51,KERNEL_OR_BUILTIN,,0,xhci_mtk_hcd_v2,1,1,0,1,0,0,1,1,1,1
sg_pcopy_to_buffer,0xea778fab,KERNEL_OR_BUILTIN,,0,xhci_mtk_hcd_v2,1,1,0,1,0,0,1,1,1,1
shmem_file_setup,0xe030574b,KERNEL_OR_BUILTIN,,0,mali_kbase_mt6878_r44,1,1,0,1,0,0,1,1,1,1
si_mem_available,0x785a93b4,KERNEL_OR_BUILTIN,,0,mtk_perf_common,1,1,0,1,0,0,1,1,1,1
si_meminfo,0x40c7247c,KERNEL_OR_BUILTIN,,0,mali_mgm_mt6878_r44;met,2,2,0,1,0,0,1,1,1,1
simple_attr_open,0x70d5e5c7,KERNEL_OR_BUILTIN,,0,apusys;bluetooth;iommu_debug;mali_kbase_mt6878_r44;mali_mgm_mt6878_r44;mediatek_drm;mtk_cmdq_drv_ext;mtk_smi_dbg;mtk_vmm_isp71_regulator;snd_soc_tfa98xx,10,11,0,1,0,0,1,1,1,1
simple_attr_read,0x2045fc18,KERNEL_OR_BUILTIN,,0,apusys;iommu_debug;mediatek_drm;mtk_cmdq_drv_ext;mtk_smi_dbg;mtk_vmm_isp71_regulator;snd_soc_tfa98xx,7,7,0,1,0,0,1,1,1,1
simple_attr_release,0x64e1a89d,KERNEL_OR_BUILTIN,,0,apusys;bluetooth;iommu_debug;mali_kbase_mt6878_r44;mali_mgm_mt6878_r44;mediatek_drm;mtk_cmdq_drv_ext;mtk_smi_dbg;mtk_vmm_isp71_regulator;snd_soc_tfa98xx,10,11,0,1,0,0,1,1,1,1
simple_attr_write,0x1cab394e,KERNEL_OR_BUILTIN,,0,apusys;iommu_debug;mediatek_drm;mtk_cmdq_drv_ext;mtk_smi_dbg;mtk_vmm_isp71_regulator;snd_soc_tfa98xx,7,7,0,1,0,0,1,1,1,1
simple_open,0xfc86e386,KERNEL_OR_BUILTIN,,0,adsp;apusys;bluetooth;mali_kbase_mt6878_r44;mtk_scp_audiocommon;scp;snd_soc_tfa98xx,7,8,0,1,0,0,1,1,1,1
simple_read_from_buffer,0x9c81ceff,KERNEL_OR_BUILTIN,,0,adsp;apusys;bluetooth;device_apc_common;mali_kbase_mt6878_r44;mediatek_drm;mmprofile;mtk_battery_oc_throttling;mtk_cam_isp7sp;mtk_ccd_remoteproc;powerhal_cpu_ctrl;scp;sec_rng;snd_soc_mt6369;snd_soc_mt6878_afe;snd_soc_tfa98xx;tcpc_class;touch_boost;uload_ind;wlan_drv_gen4m_6878,20,21,0,1,0,0,1,1,1,1
simple_strtol,0x0b742fd7,KERNEL_OR_BUILTIN,,0,mtk_charger_framework;yft_devinfo,2,2,0,0,0,0,0,0,0,0
simple_strtoul,0x20000329,KERNEL_OR_BUILTIN,,0,sh366003_fg,1,1,0,0,0,0,0,0,0,0
simple_write_to_buffer,0x113858c3,KERNEL_OR_BUILTIN,,0,mmprofile;mtk_battery_oc_throttling;tcpc_class,3,3,0,1,0,0,1,1,1,1
single_open,0x4adb51eb,KERNEL_OR_BUILTIN,,0,aee_aed;apu_top;apusys;blocktag;bluetooth;bootprof;c2ps_perf_ioctl;clk_common;cpudvfs;cpuqos_v3;extcon_mtk_usb;fhctl;ged;gpueb;hf_manager;iommu_debug;log_store;mali_kbase_mt6878_r44;md_cooling_all;mdp_drv_mt6878;mmqos_common;mrdump;mtk_charger_framework;mtk_cmdq_drv_ext;mtk_core_ctl;mtk_gpu_qos;mtk_gpufreq_wrapper;mtk_heap_debug;mtk_icc_core;mtk_ioctl_powerhal;mtk_ioctl_touch_boost;mtk_mdpm;mtk_mmc_dbg;mtk_mmdvfs_debug;mtk_pbm;mtk_peak_power_budget;mtk_perf_ioctl;mtk_perf_ioctl_magt;mtk_printk_ctrl;mtk_smi_dbg;mtu3;mux_switch;phy_mtk_xsphy;pidmap;pinctrl_mtk_common_v2_debug;rfcomm;scheduler;scp;sec;spmi_mtk_pmif;tcpc_class;thermal_interface;trace_mmstat;ufs_mediatek_dbg;usb_logger;vcp;xhci_mtk_hcd_v2,57,58,0,1,0,0,1,1,1,1
single_open_size,0x6ca499dc,KERNEL_OR_BUILTIN,,0,mtk_mml,1,1,0,1,0,0,1,1,1,1
single_release,0xe8f7183d,KERNEL_OR_BUILTIN,,0,aee_aed;apu_top;apusys;blocktag;bluetooth;bootprof;c2ps_perf_ioctl;clk_common;cpudvfs;cpuqos_v3;extcon_mtk_usb;fhctl;ged;gpueb;hf_manager;iommu_debug;log_store;mali_kbase_mt6878_r44;md_cooling_all;mdp_drv_mt6878;mmqos_common;mrdump;mtk_charger_framework;mtk_cmdq_drv_ext;mtk_core_ctl;mtk_gpu_qos;mtk_gpufreq_wrapper;mtk_heap_debug;mtk_icc_core;mtk_ioctl_powerhal;mtk_ioctl_touch_boost;mtk_mdpm;mtk_mmc_dbg;mtk_mmdvfs_debug;mtk_mml;mtk_pbm;mtk_peak_power_budget;mtk_perf_ioctl;mtk_perf_ioctl_magt;mtk_printk_ctrl;mtk_smi_dbg;mtu3;mux_switch;phy_mtk_xsphy;pidmap;rfcomm;scheduler;scp;spmi_mtk_pmif;tcpc_class;thermal_interface;trace_mmstat;ufs_mediatek_dbg;usb_logger;vcp;xhci_mtk_hcd_v2,56,57,0,1,0,0,1,1,1,1
sk_alloc,0x6cad6404,KERNEL_OR_BUILTIN,,0,bluetooth;can;hidp;ieee802154_socket;l2tp_ppp;nfc;pptp;tipc,8,9,0,1,0,0,0,0,1,1
sk_capable,0x9bced1ab,KERNEL_OR_BUILTIN,,0,bluetooth,1,2,0,1,0,0,0,0,1,1
sk_common_release,0x014477ca,KERNEL_OR_BUILTIN,,0,ieee802154_socket,1,1,0,1,0,0,0,0,1,1
sk_error_report,0x0b28e75b,KERNEL_OR_BUILTIN,,0,can_bcm;can_raw;nfc,3,3,0,1,0,0,0,0,1,1
sk_filter_trim_cap,0xf5845708,KERNEL_OR_BUILTIN,,0,bluetooth,1,2,0,1,0,0,0,0,1,1
sk_free,0x052a5c8f,KERNEL_OR_BUILTIN,,0,bluetooth;can;can_bcm;can_raw;hidp;l2tp_core;l2tp_ppp;nfc;pptp;rfcomm;tipc,11,12,0,1,0,0,0,0,1,1
sk_reset_timer,0x35dc5f2e,KERNEL_OR_BUILTIN,,0,tipc,1,1,0,1,0,0,0,0,1,1
sk_setup_caps,0xea742b43,KERNEL_OR_BUILTIN,,0,pptp,1,1,0,1,0,0,0,0,1,1
sk_stop_timer,0x37886892,KERNEL_OR_BUILTIN,,0,tipc,1,1,0,1,0,0,0,0,1,1
skb_add_rx_frag,0x79586ffa,KERNEL_OR_BUILTIN,,0,ccci_dpmaif;cfg80211;r8152,3,3,0,1,0,0,1,1,1,1
skb_checksum_help,0xbcac167c,KERNEL_OR_BUILTIN,,0,mac80211;r8152;wlan_drv_gen4m_6878,3,3,0,1,0,0,0,0,1,1
skb_clone,0xe48b1404,KERNEL_OR_BUILTIN,,0,bluetooth;can;can_dev;can_gw;can_raw;cdc_eem;ieee802154_6lowpan;ieee802154_socket;mac80211;mac802154;mtk_usb_f_rndis;nfc;tipc;vcan,14,15,0,1,0,0,1,1,1,1
skb_clone_sk,0xed2a513b,KERNEL_OR_BUILTIN,,0,mac80211,1,1,0,1,0,0,0,0,1,1
skb_complete_wifi_ack,0x9a7f42c9,KERNEL_OR_BUILTIN,,0,mac80211,1,1,0,1,0,0,0,0,1,1
skb_copy,0x91e767fe,KERNEL_OR_BUILTIN,,0,bluetooth;bt_drv_6878;can_gw;ieee802154_6lowpan;mac80211;nfc;tipc;wlan_drv_gen4m_6878,8,9,0,1,0,0,1,1,1,1
skb_copy_bits,0xdaa46a17,KERNEL_OR_BUILTIN,,0,8021q;cfg80211;mac80211;ppp_generic;r8152,5,5,0,1,0,0,0,0,1,1
skb_copy_datagram_iter,0xe274a30f,KERNEL_OR_BUILTIN,,0,bluetooth;ieee802154_socket;l2tp_ppp;nfc;ppp_generic;tipc,6,7,0,1,0,0,0,0,1,1
skb_copy_expand,0x2204b34d,KERNEL_OR_BUILTIN,,0,aqc111;asix;cdc_eem;ieee802154_6lowpan;mac80211;mac802154;tipc;wlan_drv_gen4m_6878,8,8,0,1,0,0,1,1,1,1
skb_cow_data,0x141b1684,KERNEL_OR_BUILTIN,,0,tipc,1,1,0,1,0,0,0,0,1,1
skb_dequeue,0x3a908023,KERNEL_OR_BUILTIN,,0,bluetooth;bt_drv_6878;btsdio;can_dev;hci_uart;hidp;l2tp_core;mac80211;mac802154;mtk_u_ether;nfc;ppp_generic;rfcomm;usbnet;wlan_drv_gen4m_6878;wwan,16,17,0,1,0,0,1,1,1,1
skb_ensure_writable,0xeea1ccc8,KERNEL_OR_BUILTIN,,0,mac80211,1,1,0,1,0,0,0,0,1,1
skb_free_datagram,0x92888700,KERNEL_OR_BUILTIN,,0,bluetooth;can_bcm;can_raw;ieee802154_socket;nfc,5,6,0,1,0,0,0,0,1,1
skb_pull,0xbe5e92c9,KERNEL_OR_BUILTIN,,0,6lowpan;aqc111;ax88179_178a;bluetooth;btsdio;ccci_dpmaif;ccci_md_all;cdc_eem;cfg80211;hci_uart;hidp;ieee802154;ieee802154_6lowpan;l2tp_ppp;mac80211;mtk_usb_f_rndis;nfc;nhc_udp;ppp_generic;pptp;rfcomm;tipc;wlan_drv_gen4m_6878;wwan,24,25,0,1,0,0,1,1,1,1
skb_pull_data,0xc5f73848,KERNEL_OR_BUILTIN,,0,bluetooth,1,2,0,1,0,0,0,0,1,1
skb_pull_rcsum,0x4ecfcf3d,KERNEL_OR_BUILTIN,,0,ppp_generic;wlan_drv_gen4m_6878,2,2,0,1,0,0,1,1,1,1
skb_push,0xb0cdde42,KERNEL_OR_BUILTIN,,0,6lowpan;8021q;aqc111;asix;ax88179_178a;bluetooth;bt_drv_6878;btsdio;ccci_dpmaif;ccci_md_all;cdc_eem;cfg80211;hci_uart;ieee802154;ieee802154_socket;mac80211;mac802154;mtk_usb_f_rndis;nfc;nhc_udp;ppp_generic;pptp;rfcomm;tipc;wlan_drv_gen4m_6878,25,26,0,1,0,0,1,1,1,1
skb_put,0xac7a3881,KERNEL_OR_BUILTIN,,0,aqc111;asix;ax88179_178a;bluetooth;bt_drv_6878;btqca;btsdio;can_bcm;can_dev;can_raw;ccci_ccif;ccci_dpmaif;ccci_fsm_scp;ccci_md_all;cdc_eem;cdc_ncm;cfg80211;hci_uart;hidp;ieee802154_6lowpan;ieee802154_socket;l2tp_ppp;mac80211;mac802154;mtk_u_ether;nfc;ppp_generic;r8152;rfcomm;rtl8150;tipc;usbnet;wlan_drv_gen4m_6878;wwan,34,35,0,1,0,0,1,1,1,1
skb_queue_head,0x73234170,KERNEL_OR_BUILTIN,,0,bluetooth;btsdio;hidp;mac80211;nfc;ppp_generic;rfcomm;wwan,8,9,0,1,0,0,1,1,1,1
skb_queue_purge,0xbf2d8fce,KERNEL_OR_BUILTIN,,0,bluetooth;bt_drv_6878;btsdio;can;can_dev;hci_uart;hidp;ieee802154_socket;l2tp_ppp;mac80211;nfc;ppp_generic;pptp;rfcomm;tipc;usbnet;wwan,17,18,0,1,0,0,1,1,1,1
skb_queue_tail,0xfd2a2296,KERNEL_OR_BUILTIN,,0,bluetooth;bt_drv_6878;btsdio;ccci_md_all;hci_uart;hidp;l2tp_core;mac80211;mac802154;mtk_u_ether;mtk_usb_f_rndis;nfc;ppp_generic;r8152;rfcomm;tipc;usbnet;wlan_drv_gen4m_6878;wwan,19,20,0,1,0,0,1,1,1,1
skb_realloc_headroom,0xd1063544,KERNEL_OR_BUILTIN,,0,mtk_usb_f_rndis;pptp;wlan_drv_gen4m_6878,3,3,0,1,0,0,1,1,1,1
skb_recv_datagram,0x61bca68c,KERNEL_OR_BUILTIN,,0,bluetooth;can_bcm;can_raw;ieee802154_socket;l2tp_ppp;nfc,6,7,0,1,0,0,0,0,1,1
skb_scrub_packet,0xa01713cf,KERNEL_OR_BUILTIN,,0,ppp_generic,1,1,0,1,0,0,0,0,1,1
skb_set_owner_w,0x344ead72,KERNEL_OR_BUILTIN,,0,pptp,1,1,0,1,0,0,0,0,1,1
skb_split,0x9fb1a84a,KERNEL_OR_BUILTIN,,0,wlan_drv_gen4m_6878,1,1,0,1,0,0,1,1,1,1
skb_to_sgvec,0x9201603f,KERNEL_OR_BUILTIN,,0,tipc,1,1,0,1,0,0,0,0,1,1
skb_trim,0x584525af,KERNEL_OR_BUILTIN,,0,aqc111;ax88179_178a;bluetooth;can_dev;can_gw;ccci_md_all;cdc_eem;cfg80211;conninfra;ieee802154;mac80211;mac802154;mtk_mbraink;mtk_usb_f_rndis;nfc;ppp_generic;tipc;wlan_drv_gen4m_6878,18,19,0,1,0,0,1,1,1,1
skb_try_coalesce,0xf71caf48,KERNEL_OR_BUILTIN,,0,tipc,1,1,0,1,0,0,0,0,1,1
skb_tstamp_tx,0x9028251a,KERNEL_OR_BUILTIN,,0,can_dev;r8152;slcan;usbnet;vcan,5,5,0,1,0,0,0,0,1,1
skb_unlink,0x9451ec1c,KERNEL_OR_BUILTIN,,0,bluetooth;nfc,2,3,0,1,0,0,0,0,1,1
slbc_gid_release,0xd93106b2,STOCK_MODULE,mtk_slbc,1,ccci_md_all;mediatek_drm;mtk_vcodec_dec_v1,3,3,0,0,0,0,0,0,0,0
slbc_gid_request,0x05a88eb7,STOCK_MODULE,mtk_slbc,1,ccci_md_all;mediatek_drm;mtk_vcodec_dec_v1,3,3,0,0,0,0,0,0,0,0
slbc_invalidate,0x83920592,STOCK_MODULE,mtk_slbc,1,ccci_md_all;mediatek_drm;mtk_vcodec_dec_v1,3,3,0,0,0,0,0,0,0,0
slbc_power_off,0x8877c8c0,STOCK_MODULE,mtk_slbc,1,adsp;mediatek_drm;mtk_mml;mtk_vcodec_enc_v1,4,4,0,0,0,0,0,0,0,0
slbc_power_on,0x2a66c694,STOCK_MODULE,mtk_slbc,1,adsp;mediatek_drm;mtk_mml;mtk_vcodec_enc_v1,4,4,0,0,0,0,0,0,0,0
slbc_read_invalidate,0x2a44e45a,STOCK_MODULE,mtk_slbc,1,mtk_vcodec_dec_v1,1,1,0,0,0,0,0,0,0,0
slbc_register_activate_ops,0x6f403924,STOCK_MODULE,mtk_slbc,1,mediatek_drm;mtk_vcodec_enc_v1,2,2,0,0,0,0,0,0,0,0
slbc_release,0x0e12e362,STOCK_MODULE,mtk_slbc,1,adsp;apusys;mediatek_drm;mtk_cam_isp7sp;mtk_hcp;mtk_mml;mtk_vcodec_enc_v1,7,7,0,0,0,0,0,0,0,0
slbc_request,0xa4234d01,STOCK_MODULE,mtk_slbc,1,adsp;apusys;mediatek_drm;mtk_cam_isp7sp;mtk_hcp;mtk_mminfra_imax;mtk_mml;mtk_vcodec_enc_v1,8,8,0,0,0,0,0,0,0,0
slbc_roi_update,0x5fe7bb9c,STOCK_MODULE,mtk_slbc,1,mtk_vcodec_dec_v1,1,1,0,0,0,0,0,0,0,0
slbc_sram_read,0x7b5d5538,STOCK_MODULE,mtk_slbc,1,cpuqos_v3,1,1,0,0,0,0,0,0,0,0
slbc_sram_write,0xd69df2e7,STOCK_MODULE,mtk_slbc,1,cpuqos_v3,1,1,0,0,0,0,0,0,0,0
slbc_status,0xc2ca87f0,STOCK_MODULE,mtk_slbc,1,apusys;mtk_cam_isp7sp,2,2,0,0,0,0,0,0,0,0
slbc_validate,0xf86b00db,STOCK_MODULE,mtk_slbc,1,ccci_md_all;mediatek_drm;mtk_vcodec_dec_v1,3,3,0,0,0,0,0,0,0,0
slhc_compress,0xdcdc0040,STOCK_MODULE,slhc,1,ppp_generic,1,1,0,0,0,0,0,0,0,0
slhc_free,0x2a928918,STOCK_MODULE,slhc,1,ppp_generic,1,1,0,0,0,0,0,0,0,0
slhc_init,0x15f90688,STOCK_MODULE,slhc,1,ppp_generic,1,1,0,0,0,0,0,0,0,0
slhc_remember,0x43f9ebc8,STOCK_MODULE,slhc,1,ppp_generic,1,1,0,0,0,0,0,0,0,0
slhc_toss,0x74b8e674,STOCK_MODULE,slhc,1,ppp_generic,1,1,0,0,0,0,0,0,0,0
slhc_uncompress,0xf36f42a9,STOCK_MODULE,slhc,1,ppp_generic,1,1,0,0,0,0,0,0,0,0
smi_lock,0xd36facd9,STOCK_MODULE,mtk_smi,1,mtk_smi_dbg,1,1,0,0,0,0,0,0,0,0
smi_monitor_start,0x8b325a54,STOCK_MODULE,mtk_smi_dbg,1,mtk_imgsys_cmdq;mtk_vcodec_enc_v1,2,2,0,0,0,0,0,0,0,0
smi_monitor_stop,0x7638e1da,STOCK_MODULE,mtk_smi_dbg,1,mtk_imgsys_cmdq;mtk_vcodec_enc_v1,2,2,0,0,0,0,0,0,0,0
smi_sysram_enable,0xcac8d719,STOCK_MODULE,mtk_smi,1,mtk_cam_isp7sp;mtk_vcodec_enc_v1,2,2,0,0,0,0,0,0,0,0
smp_call_function,0xa0eae826,KERNEL_OR_BUILTIN,,0,cpuqos_v3,1,1,0,1,0,0,1,1,1,1
smp_call_function_single,0x6228c21f,KERNEL_OR_BUILTIN,,0,cpuqos_v3;met;mtk_mbraink,3,3,0,1,0,0,1,1,1,1
smp_call_function_single_async,0xa080c5e5,KERNEL_OR_BUILTIN,,0,aee_hangdet,1,1,0,1,0,0,0,0,1,1
smpu_clear_md_violation,0x926c00e4,STOCK_MODULE,smpu,1,ccci_md_all,1,1,0,0,0,0,0,0,0,0
snd_card_add_dev_attr,0x704e4f8a,KERNEL_OR_BUILTIN,,0,snd_soc_mt6369;snd_soc_mt6878_afe,2,2,0,1,0,0,1,1,1,1
snd_ctl_boolean_mono_info,0x75570b17,KERNEL_OR_BUILTIN,,0,mtk_btcvsd,1,1,0,1,0,0,1,1,1,1
snd_jack_set_key,0xc3a27f2b,KERNEL_OR_BUILTIN,,0,mt6369_accdet,1,1,0,1,0,0,1,1,1,1
snd_pcm_format_physical_width,0x68a24153,KERNEL_OR_BUILTIN,,0,snd_soc_audiodsp_common;snd_soc_mt6878_afe;snd_soc_tfa98xx,3,3,0,1,0,0,1,1,1,1
snd_pcm_format_width,0xe56a9336,KERNEL_OR_BUILTIN,,0,aw883xx_driver;snd_soc_tfa98xx,2,2,0,1,0,0,1,1,1,1
snd_pcm_hw_constraint_integer,0x96e20f7d,KERNEL_OR_BUILTIN,,0,snd_soc_mt6878_afe;snd_soc_mtk_common,2,2,0,1,0,0,1,1,1,1
snd_pcm_hw_constraint_minmax,0xea042b62,KERNEL_OR_BUILTIN,,0,snd_soc_mtk_common,1,1,0,1,0,0,1,1,1,1
snd_pcm_hw_constraint_step,0x8de0219b,KERNEL_OR_BUILTIN,,0,snd_soc_mt6878_afe;snd_soc_mtk_common,2,2,0,1,0,0,1,1,1,1
snd_pcm_lib_free_pages,0xc5c8d4f4,KERNEL_OR_BUILTIN,,0,snd_soc_mtk_common,1,1,0,1,0,0,1,1,1,1
snd_pcm_lib_malloc_pages,0x4c1adf53,KERNEL_OR_BUILTIN,,0,snd_soc_mtk_common,1,1,0,1,0,0,1,1,1,1
snd_pcm_lib_preallocate_free_for_all,0x8b069ea6,KERNEL_OR_BUILTIN,,0,snd_soc_mtk_common,1,1,0,1,0,0,1,1,1,1
snd_pcm_lib_preallocate_pages_for_all,0x705502d8,KERNEL_OR_BUILTIN,,0,snd_soc_mtk_common,1,1,0,1,0,0,1,1,1,1
snd_pcm_period_elapsed,0x064141d9,KERNEL_OR_BUILTIN,,0,mtk_btcvsd;snd_soc_audiodsp_common;snd_soc_mt6878_afe,3,3,0,1,0,0,1,1,1,1
snd_pcm_set_ops,0x079ff9a0,KERNEL_OR_BUILTIN,,0,snd_soc_mtk_common,1,1,0,1,0,0,1,1,1,1
snd_soc_add_component_controls,0x63fdd47f,KERNEL_OR_BUILTIN,,0,aw883xx_driver;mtk_btcvsd;mtk_soc_offload_common;snd_soc_audiodsp_common;snd_soc_mt6369;snd_soc_mt6878_afe;snd_soc_mtk_common;snd_soc_mtk_scp_ultra;snd_soc_tfa98xx,9,9,0,1,0,0,1,1,1,1
snd_soc_bytes_info_ext,0xf58f61bd,KERNEL_OR_BUILTIN,,0,mt6878_mt6369;mtk_btcvsd;mtk_soc_offload_common;snd_soc_mtk_scp_ultra,4,4,0,1,0,0,1,1,1,1
snd_soc_bytes_tlv_callback,0x240a39e2,KERNEL_OR_BUILTIN,,0,mt6878_mt6369;mtk_btcvsd;mtk_soc_offload_common;snd_soc_mtk_scp_ultra,4,4,0,1,0,0,1,1,1,1
snd_soc_card_jack_new,0x9cb268d7,KERNEL_OR_BUILTIN,,0,mt6369_accdet,1,1,0,1,0,0,1,1,1,1
snd_soc_component_exit_regmap,0x29e29275,KERNEL_OR_BUILTIN,,0,snd_soc_mt6369,1,1,0,1,0,0,1,1,1,1
snd_soc_component_init_regmap,0x12f0f104,KERNEL_OR_BUILTIN,,0,snd_soc_mt6369;snd_soc_tfa98xx,2,2,0,1,0,0,1,1,1,1
snd_soc_component_set_jack,0x51e3d0ae,KERNEL_OR_BUILTIN,,0,mt6369_accdet,1,1,0,1,0,0,1,1,1,1
snd_soc_component_update_bits,0xedfab75d,KERNEL_OR_BUILTIN,,0,snd_soc_mt6369,1,1,0,1,0,0,1,1,1,1
snd_soc_dai_set_sysclk,0x801708b6,KERNEL_OR_BUILTIN,,0,mt6878_mt6369,1,1,0,1,0,0,1,1,1,1
snd_soc_dapm_add_routes,0xb38ef37d,KERNEL_OR_BUILTIN,,0,aw883xx_driver;snd_soc_mtk_common;snd_soc_tfa98xx,3,3,0,1,0,0,1,1,1,1
snd_soc_dapm_disable_pin,0xf608ad2f,KERNEL_OR_BUILTIN,,0,mt6878_mt6369,1,1,0,1,0,0,1,1,1,1
snd_soc_dapm_get_enum_double,0xe638a2ac,KERNEL_OR_BUILTIN,,0,snd_soc_mt6369;snd_soc_mt6878_afe,2,2,0,1,0,0,1,1,1,1
snd_soc_dapm_get_pin_switch,0xd8df8a29,KERNEL_OR_BUILTIN,,0,mt6878_mt6369,1,1,0,1,0,0,1,1,1,1
snd_soc_dapm_get_volsw,0xbd679558,KERNEL_OR_BUILTIN,,0,snd_soc_mt6878_afe,1,1,0,1,0,0,1,1,1,1
snd_soc_dapm_info_pin_switch,0x7bd13cb6,KERNEL_OR_BUILTIN,,0,mt6878_mt6369,1,1,0,1,0,0,1,1,1,1
snd_soc_dapm_new_controls,0x96388807,KERNEL_OR_BUILTIN,,0,aw883xx_driver;snd_soc_mtk_common;snd_soc_tfa98xx,3,3,0,1,0,0,1,1,1,1
snd_soc_dapm_new_widgets,0xa6d459d3,KERNEL_OR_BUILTIN,,0,snd_soc_mtk_common,1,1,0,1,0,0,1,1,1,1
snd_soc_dapm_put_enum_double,0x6a14768c,KERNEL_OR_BUILTIN,,0,snd_soc_mt6369;snd_soc_mt6878_afe,2,2,0,1,0,0,1,1,1,1
snd_soc_dapm_put_pin_switch,0x27775977,KERNEL_OR_BUILTIN,,0,mt6878_mt6369,1,1,0,1,0,0,1,1,1,1
snd_soc_dapm_put_volsw,0x39af0bb2,KERNEL_OR_BUILTIN,,0,snd_soc_mt6878_afe,1,1,0,1,0,0,1,1,1,1
snd_soc_get_volsw,0x2549f63f,KERNEL_OR_BUILTIN,,0,snd_soc_mt6369;snd_soc_mt6878_afe,2,2,0,1,0,0,1,1,1,1
snd_soc_info_enum_double,0xc095bbf9,KERNEL_OR_BUILTIN,,0,mt6878_mt6369;mtk_btcvsd;snd_soc_mt6369;snd_soc_mt6878_afe;snd_soc_mtk_scp_ultra,5,5,0,1,0,0,1,1,1,1
snd_soc_info_volsw,0xb0fbae85,KERNEL_OR_BUILTIN,,0,aw883xx_driver;mtk_soc_offload_common;snd_soc_audiodsp_common;snd_soc_mt6369;snd_soc_mt6878_afe;snd_soc_mtk_scp_ultra,6,6,0,1,0,0,1,1,1,1
snd_soc_jack_report,0x8a22c515,KERNEL_OR_BUILTIN,,0,mt6369_accdet,1,1,0,1,0,0,1,1,1,1
snd_soc_new_compress,0x12988d83,KERNEL_OR_BUILTIN,,0,snd_soc_audiodsp_common,1,1,0,1,0,0,1,1,1,1
snd_soc_of_get_dai_link_codecs,0x0c9dbcd3,KERNEL_OR_BUILTIN,,0,mt6878_mt6369,1,1,0,1,0,0,1,1,1,1
snd_soc_poweroff,0x47ea7f83,KERNEL_OR_BUILTIN,,0,mt6878_mt6369,1,1,0,1,0,0,1,1,1,1
snd_soc_put_volsw,0x581a8286,KERNEL_OR_BUILTIN,,0,snd_soc_mt6878_afe,1,1,0,1,0,0,1,1,1,1
snd_soc_register_component,0x94646ac0,KERNEL_OR_BUILTIN,,0,aw883xx_driver;mtk_soc_offload_common;snd_soc_audiodsp_common;snd_soc_mtk_scp_ultra,4,4,0,1,0,0,1,1,1,1
snd_soc_resume,0x4d1c2f85,KERNEL_OR_BUILTIN,,0,mt6878_mt6369,1,1,0,1,0,0,1,1,1,1
snd_soc_rtdcom_lookup,0x45e0dee3,KERNEL_OR_BUILTIN,,0,mt6878_mt6369;snd_soc_audiodsp_common;snd_soc_mt6878_afe;snd_soc_mtk_common,4,4,0,1,0,0,1,1,1,1
snd_soc_set_runtime_hwparams,0x8331bc8c,KERNEL_OR_BUILTIN,,0,mt6878_mt6369;mtk_btcvsd;snd_soc_mt6878_afe;snd_soc_mtk_common,4,4,0,1,0,0,1,1,1,1
snd_soc_unregister_component,0x4a46772b,KERNEL_OR_BUILTIN,,0,aw883xx_driver;snd_soc_mtk_scp_ultra;snd_soc_tfa98xx,3,3,0,1,0,0,1,1,1,1
snd_vendor_set_ops,0xadf3f0b9,KERNEL_OR_BUILTIN,,0,usb_offload,1,1,0,1,0,0,0,0,1,1
snprintf,0x656e4a6e,KERNEL_OR_BUILTIN,,0,8021q;8250_mtk;adapter_class;adsp;aee_aed;aee_hangdet;apu_top;apusys;aqc111;asix;audio_ipi;aw36515;aw36518;aw36518_v2;aw883xx_driver;backlight_cooling;blocktag;bluetooth;bt_drv_6878;btbcm;btqca;bus_parity;c2k_usb;camera_dpe_isp7sp;camera_eeprom_v4l2;ccci_ccif;ccci_dpmaif;ccci_md_all;ccci_util_lib;ccd_rpmsg;cfg80211;charger_class;charger_cooling;clk_common;clkbuf;cmdq_sec_drv;connadp;connfem;conninfra;cpuqos_v3;drm_display_helper;emi;emi_mpu;extdev_io_class;flashlight;focaltech_touch_spi_ft3680;frs;ged;gps_drv_dl_v051;gpueb;gz_ipc_mod;gz_virtio_mod;gzvm;hci_uart;hidp;hynitron;imgsensor;iommu_debug;irq_dbg;last_bus;leds_mtk;mac80211;mali_kbase_mt6878_r44;mcupm;md_cooling_all;mddp;mdp_drv_mt6878;mediatek_drm;mediatek_drm_gateic;mediatek_drm_panel_drv;met;microarray_fp_tee;mmprofile;mmqos_common;mrdump;mt6369_accdet;mt6375_battery;mtk_aie;mtk_c2ps;mtk_cam_isp7sp;mtk_ccuv;mtk_cg_peak_power_throttling;mtk_charger_framework;mtk_chg_type_det;mtk_cm_mgr;mtk_cmdq_drv_ext;mtk_core_ctl;mtk_cpu_power_throttling;mtk_dcm;mtk_dpc;mtk_dramc;mtk_dvfsrc_helper;mtk_fpsgo;mtk_gpu_power_throttling;mtk_gpufreq_mt6878;mtk_gpufreq_wrapper;mtk_hcp;mtk_imgsys_cmdq;mtk_imgsys_isp7sp;mtk_imgsys_v4l2;mtk_jpeg;mtk_low_battery_throttling;mtk_lpm_dbg_common_v2;mtk_mbox;mtk_mbraink;mtk_md_power_throttling;mtk_mdpm;mtk_mmc_dbg;mtk_mmdvfs;mtk_mmdvfs_debug;mtk_mmdvfs_v3;mtk_mminfra_debug;mtk_mml;mtk_mml_mt6878;mtk_pd_adapter;mtk_peak_power_budget;mtk_perf_common;mtk_pmic_oc_debug;mtk_scp_audiocommon;mtk_smi;mtk_smi_dbg;mtk_sync;mtk_tinysys_ipi;mtk_u_ether;mtk_uart_apdma;mtk_vcodec_common;mtk_vcodec_dec_v1;mtk_vcodec_enc_v1;mtk_vcu;mtk_vmm_isp71_regulator;mtk_vow;mtk_wp;pd_dbg_info;pinctrl_mtk_v2;powerhal_cpu_ctrl;ppp_generic;r8152;rt_pd_manager;rtl8150;sc851x_charger;sc8571_charger;scheduler;scp;sh366003_fg;slcan;snd_soc_tfa98xx;soc_temp_lvts;spi_mt65xx;sspm_v3;tcpc_class;thermal_interface;thermal_trace;tipc;tkcore;tmem_ffa;touch_boost;uarthub_drv;ufs_mediatek_dbg;ufs_mediatek_mod;usb_boost;usb_logger;usbnet;usbserial;vcp;vtskin_temp;wlan_drv_gen4m_6878;wwan;xhci_mtk_hcd_v2;zram,169,170,0,1,1,0,1,1,1,1
soc_device_register,0x2c7ba9a0,KERNEL_OR_BUILTIN,,0,mtk_socinfo,1,1,0,1,0,0,1,1,1,1
soc_device_unregister,0x19c20269,KERNEL_OR_BUILTIN,,0,mtk_socinfo,1,1,0,1,0,0,1,1,1,1
sock_alloc_send_pskb,0x6dea6a3b,KERNEL_OR_BUILTIN,,0,bluetooth;can_raw;ieee802154_socket;nfc;rfcomm,5,6,0,1,0,0,0,0,1,1
sock_cmsg_send,0xc2fae2af,KERNEL_OR_BUILTIN,,0,can_raw,1,1,0,1,0,0,0,0,1,1
sock_common_getsockopt,0x96aa0aa6,KERNEL_OR_BUILTIN,,0,ieee802154_socket,1,1,0,1,0,0,0,0,1,1
sock_common_recvmsg,0x7f6ed9f9,KERNEL_OR_BUILTIN,,0,ieee802154_socket,1,1,0,1,0,0,0,0,1,1
sock_common_setsockopt,0x7392419d,KERNEL_OR_BUILTIN,,0,ieee802154_socket,1,1,0,1,0,0,0,0,1,1
sock_create_kern,0x147b171c,KERNEL_OR_BUILTIN,,0,l2tp_core;rfcomm;tipc,3,3,0,1,0,0,0,0,1,1
sock_diag_register,0xa72c8e69,KERNEL_OR_BUILTIN,,0,diag,1,1,0,1,0,0,0,0,1,1
sock_diag_save_cookie,0xf481d935,KERNEL_OR_BUILTIN,,0,diag,1,1,0,1,0,0,0,0,1,1
sock_diag_unregister,0xa2a0e3d7,KERNEL_OR_BUILTIN,,0,diag,1,1,0,1,0,0,0,0,1,1
sock_efree,0xc58baa56,KERNEL_OR_BUILTIN,,0,can;can_bcm;can_dev;vcan,4,4,0,1,0,0,0,0,1,1
sock_gettstamp,0x8a4df5ef,KERNEL_OR_BUILTIN,,0,bluetooth;can_bcm;can_raw;ieee802154_socket;rfcomm,5,6,0,1,0,0,0,0,1,1
sock_i_ino,0x6748dc4a,KERNEL_OR_BUILTIN,,0,bluetooth;can_bcm;tipc,3,4,0,1,0,0,0,0,1,1
sock_i_uid,0xaf6d7db2,KERNEL_OR_BUILTIN,,0,bluetooth;tipc,2,3,0,1,0,0,0,0,1,1
sock_init_data,0x60225859,KERNEL_OR_BUILTIN,,0,bluetooth;can;hidp;ieee802154_socket;l2tp_ppp;nfc;pptp;tipc,8,9,0,1,0,0,0,0,1,1
sock_no_accept,0x42f44792,KERNEL_OR_BUILTIN,,0,bluetooth;can_bcm;can_raw;hidp;ieee802154_socket;l2tp_ppp;nfc;pptp;tipc,9,10,0,1,0,0,0,0,1,1
sock_no_bind,0xd33a9cd9,KERNEL_OR_BUILTIN,,0,can_bcm;hidp;ieee802154_socket;l2tp_ppp;nfc,5,5,0,1,0,0,0,0,1,1
sock_no_connect,0x74bf31f1,KERNEL_OR_BUILTIN,,0,bluetooth;can_raw;hidp;nfc,4,5,0,1,0,0,0,0,1,1
sock_no_getname,0x16879b58,KERNEL_OR_BUILTIN,,0,can_bcm;hidp;ieee802154_socket;nfc,4,4,0,1,0,0,0,0,1,1
sock_no_ioctl,0x6c24b62b,KERNEL_OR_BUILTIN,,0,nfc,1,1,0,1,0,0,0,0,1,1
sock_no_listen,0xb92c397b,KERNEL_OR_BUILTIN,,0,bluetooth;can_bcm;can_raw;hidp;ieee802154_socket;l2tp_ppp;nfc;pptp;tipc,9,10,0,1,0,0,0,0,1,1
sock_no_mmap,0xd3197c4c,KERNEL_OR_BUILTIN,,0,bluetooth;can_bcm;can_raw;hidp;ieee802154_socket;l2tp_ppp;nfc;pptp;rfcomm;tipc,10,11,0,1,0,0,0,0,1,1
sock_no_recvmsg,0x342df4d7,KERNEL_OR_BUILTIN,,0,hidp;pptp,2,2,0,1,0,0,0,0,1,1
sock_no_sendmsg,0xca6cd3ce,KERNEL_OR_BUILTIN,,0,hidp;nfc;pptp,3,3,0,1,0,0,0,0,1,1
sock_no_sendpage,0xe33f0566,KERNEL_OR_BUILTIN,,0,can_bcm;can_raw;ieee802154_socket;tipc,4,4,0,1,0,0,0,0,1,1
sock_no_shutdown,0x4a1b3404,KERNEL_OR_BUILTIN,,0,bluetooth;can_bcm;can_raw;hidp;ieee802154_socket;l2tp_ppp;nfc;pptp,8,9,0,1,0,0,0,0,1,1
sock_no_socketpair,0x2e9cfbff,KERNEL_OR_BUILTIN,,0,bluetooth;can_bcm;can_raw;hidp;ieee802154_socket;l2tp_ppp;nfc;pptp;rfcomm,9,10,0,1,0,0,0,0,1,1
sock_queue_rcv_skb_reason,0xf6d98003,KERNEL_OR_BUILTIN,,0,bluetooth;can_bcm;can_raw;ieee802154_socket;l2tp_ppp;nfc;pptp,7,8,0,1,0,0,0,0,1,1
sock_recv_errqueue,0x9f725e3d,KERNEL_OR_BUILTIN,,0,can_raw,1,1,0,1,0,0,0,0,1,1
sock_recvmsg,0x350084ff,KERNEL_OR_BUILTIN,,0,tipc,1,1,0,1,0,0,0,0,1,1
sock_register,0xcb131c31,KERNEL_OR_BUILTIN,,0,bluetooth;can;ieee802154_socket;nfc;pppox;tipc,6,7,0,1,0,0,0,0,1,1
sock_release,0x6369852b,KERNEL_OR_BUILTIN,,0,cfg80211;l2tp_core;rfcomm;tipc,4,4,0,1,0,0,0,0,1,1
sock_rfree,0xa5192714,KERNEL_OR_BUILTIN,,0,tipc,1,1,0,1,0,0,0,0,1,1
sock_unregister,0x62737e1d,KERNEL_OR_BUILTIN,,0,bluetooth;can;ieee802154_socket;nfc;pppox;tipc,6,7,0,1,0,0,0,0,1,1
sock_wmalloc,0xf4659a5d,KERNEL_OR_BUILTIN,,0,l2tp_ppp,1,1,0,1,0,0,0,0,1,1
sockfd_lookup,0x36c8b5ac,KERNEL_OR_BUILTIN,,0,hidp;l2tp_core,2,2,0,1,0,0,0,0,1,1
sort,0xb7c0f443,KERNEL_OR_BUILTIN,,0,mtk_dynamic_loading_throttling;mtk_fpsgo;powerhal_cpu_ctrl;touch_boost,4,4,0,1,0,0,1,1,1,1
spi_bus_type,0xd9dfbb98,KERNEL_OR_BUILTIN,,0,microarray_fp_tee;spi_tiny_co5300_lcd,2,2,0,1,0,0,1,1,1,1
spi_controller_resume,0x11bc8fea,KERNEL_OR_BUILTIN,,0,spi_mt65xx,1,1,0,1,0,0,0,0,1,1
spi_controller_suspend,0xa62c5dc0,KERNEL_OR_BUILTIN,,0,spi_mt65xx,1,1,0,1,0,0,0,0,1,1
spi_delay_to_ns,0xc69a5ce0,KERNEL_OR_BUILTIN,,0,spi_mt65xx,1,1,0,1,0,0,1,1,1,1
spi_finalize_current_transfer,0x0b45e87c,KERNEL_OR_BUILTIN,,0,spi_mt65xx,1,1,0,1,0,0,1,1,1,1
spi_mem_default_supports_op,0x0b5e3538,KERNEL_OR_BUILTIN,,0,spi_mt65xx,1,1,0,1,0,0,0,0,1,1
spi_setup,0x56c1736a,KERNEL_OR_BUILTIN,,0,focaltech_touch_spi_ft3680;microarray_fp_tee,2,2,0,1,0,0,1,1,1,1
spi_sync,0x8211a422,KERNEL_OR_BUILTIN,,0,focaltech_touch_spi_ft3680;microarray_fp_tee;spi_tiny_co5300_lcd,3,3,0,1,0,0,1,1,1,1
split_page,0xd69b64f6,KERNEL_OR_BUILTIN,,0,mali_mgm_mt6878_r44,1,1,0,1,0,0,0,0,1,1
spmi_controller_add,0xbc77d9ff,KERNEL_OR_BUILTIN,,0,spmi_mtk_pmif,1,1,0,1,0,0,1,1,1,1
spmi_controller_alloc,0xb7623849,KERNEL_OR_BUILTIN,,0,spmi_mtk_pmif,1,1,0,1,0,0,1,1,1,1
spmi_controller_remove,0x0be33f4f,KERNEL_OR_BUILTIN,,0,spmi_mtk_pmif,1,1,0,1,0,0,1,1,1,1
spmi_dump_pmif_record_reg,0x8eafae2a,STOCK_MODULE,spmi_mtk_pmif,1,ccci_md_all;clkbuf,2,2,0,0,0,0,0,0,0,0
sprint_symbol,0x661601de,KERNEL_OR_BUILTIN,,0,mtk_mbraink;mtk_perf_common;scheduler,3,3,0,1,0,0,1,1,1,1
sprint_symbol_no_offset,0xe769232e,KERNEL_OR_BUILTIN,,0,met,1,1,0,1,0,0,1,1,1,1
sprintf,0x3c3ff9fd,KERNEL_OR_BUILTIN,,0,apusys;blocktag;camera_eeprom_v4l2;can_bcm;cdc_acm;cdc_ncm;cfg80211;conninfra;cpufreq_sugov_ext;extcon_mtk_usb;ffa_v10;fmradio_drv_connac2x;focaltech_touch_spi_ft3680;ftdi_sio;ged;gps_drv_dl_v051;gpueb;hynitron;ieee802154;l2tp_core;leds_mtk;mdp_drv_mt6878;mediatek_drm;met;mmprofile;mrdump;mt6369_accdet;mt6375_battery;mtk_bp_thl;mtk_cg_peak_power_throttling;mtk_charger_framework;mtk_dvfsrc_helper;mtk_fpsgo;mtk_imgsys_isp7sp;mtk_imgsys_v4l2;mtk_low_battery_throttling;mtk_mdpm;mtk_pep50;mtk_qos;mtk_usb_f_rndis;mtk_vcodec_dec_v1;mtk_vcodec_enc_v1;mtu3;panel_ky_vtdr6115_dphy_cmd;pmic_lbat_service;rfcomm;rfkill;rpmb;sc8571_charger;sh366003_fg;spmi_mtk_pmif;tipc;tkcore;ufs_mediatek_mod;usb_boost;usb_meta;usbserial;wlan_drv_gen4m_6878;wwan;xhci_mtk_hcd_v2,60,60,0,1,0,0,1,1,1,1
srcu_init_notifier_head,0xe9ff63e4,KERNEL_OR_BUILTIN,,0,adapter_class;charger_class;mtk_charger_algorithm_class;mtk_charger_framework;tcpc_class,5,5,0,1,0,0,1,1,1,1
srcu_notifier_call_chain,0x312514b5,KERNEL_OR_BUILTIN,,0,charger_class;mtk_charger_framework;mtk_pd_adapter;mtk_pep50;tcpc_class,5,5,0,1,0,0,1,1,1,1
srcu_notifier_chain_register,0x0f45524a,KERNEL_OR_BUILTIN,,0,adapter_class;charger_class;mtk_charger_algorithm_class;tcpc_class,4,4,0,1,0,0,1,1,1,1
srcu_notifier_chain_unregister,0x4bc97c17,KERNEL_OR_BUILTIN,,0,adapter_class;charger_class;mtk_charger_algorithm_class;tcpc_class,4,4,0,1,0,0,1,1,1,1
ssc_enable,0x16d6506b,STOCK_MODULE,mtk_ssc,1,mtk_ssc_dbg_v2,1,1,0,0,0,0,0,0,0,0
ssc_kobj,0x6e5d94cd,STOCK_MODULE,mtk_ssc,1,mtk_ssc_dbg_v2,1,1,0,0,0,0,0,0,0,0
sscanf,0xbcab6ee6,KERNEL_OR_BUILTIN,,0,aee_aed;apu_top;apusys;aw36515;aw36518;aw36518_v2;aw883xx_driver;bt_drv_6878;cfg80211;clkbuf;cmdq_test;cpudvfs;emi_fake_eng;extcon_mtk_usb;fhctl;flashlight;focaltech_touch_spi_ft3680;gpueb;gz_main_mod;hf_manager;imgsensor;leds_ln2403;mali_kbase_mt6878_r44;md_cooling_all;mediatek_drm;mmqos_common;mt6369_accdet;mtk_battery_oc_throttling;mtk_bp_thl;mtk_c2ps;mtk_cg_peak_power_throttling;mtk_charger_framework;mtk_cm_mgr;mtk_core_ctl;mtk_dcm;mtk_dpc;mtk_dvfsrc_helper;mtk_fpsgo;mtk_gpufreq_wrapper;mtk_heap_debug;mtk_imgsys_cmdq;mtk_low_battery_throttling;mtk_lpm_dbg_common_v2;mtk_mbraink;mtk_mmdvfs_debug;mtk_mmdvfs_v3;mtk_mminfra_debug;mtk_mminfra_imax;mtk_mml;mtk_pbm;mtk_peak_power_budget;mtk_perf_common;mtk_smi_dbg;mtk_ssc_dbg_v2;mtk_swpm_dbg_common_v1;mtk_swpm_dbg_v6878;mtk_usb_f_rndis;panel_ky_vtdr6115_dphy_cmd;pinctrl_mtk_common_v2_debug;sc851x_charger;sc8571_charger;scheduler;scp;sh366003_fg;snd_soc_tfa98xx;thermal_interface;tinysys_scmi;usb_meta;vcp;wlan_drv_gen4m_6878;wwan;yft_tiny2c_usb,72,72,0,1,0,0,1,1,1,1
ssmr_offline,0x6ce41c25,STOCK_MODULE,tmem_ffa,1,gz_main_mod,1,1,0,0,0,0,0,0,0,0
ssmr_online,0xb8313cbf,STOCK_MODULE,tmem_ffa,1,gz_main_mod,1,1,0,0,0,0,0,0,0,0
sspm_reserve_mem_get_phys,0xb6ea4eb1,STOCK_MODULE,sspm_v3,1,ged;met_sspm_api;mtk_qos;mtk_swpm,4,4,0,0,0,0,0,0,0,0
sspm_reserve_mem_get_phys_symbol,0xe4ed75e0,STOCK_MODULE,met,1,met_sspm_api,1,1,0,0,0,0,0,0,0,0
sspm_reserve_mem_get_size,0x317f1dbc,STOCK_MODULE,sspm_v3,1,ged;met_sspm_api;mtk_qos;mtk_swpm,4,4,0,0,0,0,0,0,0,0
sspm_reserve_mem_get_size_symbol,0x704e1b69,STOCK_MODULE,met,1,met_sspm_api,1,1,0,0,0,0,0,0,0,0
sspm_reserve_mem_get_virt,0x238d879c,STOCK_MODULE,sspm_v3,1,ged;met_sspm_api;mtk_qos;mtk_swpm,4,4,0,0,0,0,0,0,0,0
sspm_reserve_mem_get_virt_symbol,0xf100b993,STOCK_MODULE,met,1,met_sspm_api,1,1,0,0,0,0,0,0,0,0
sspm_sbuf_get,0x720bd81e,STOCK_MODULE,sspm_v3,1,mtk_qos;mtk_swpm_cpu_dbg_v6878;mtk_swpm_dbg_v6878,3,3,0,0,0,0,0,0,0,0
ssusb_offload_register,0xa89deb10,STOCK_MODULE,mtu3,1,usb_offload,1,1,0,0,0,0,0,0,0,0
ssusb_offload_unregister,0x613b4402,STOCK_MODULE,mtu3,1,usb_offload,1,1,0,0,0,0,0,0,0,0
stack_trace_print,0xa45c7b90,KERNEL_OR_BUILTIN,,0,wlan_drv_gen4m_6878,1,1,0,1,0,0,0,0,1,1
stack_trace_save,0x6bd1aa56,KERNEL_OR_BUILTIN,,0,aee_aed;mrdump;wlan_drv_gen4m_6878,3,3,0,1,0,0,1,1,1,1
stack_trace_save_tsk,0x5b0816c3,KERNEL_OR_BUILTIN,,0,irq_dbg,1,1,0,0,0,0,0,0,0,0
static_key_slow_dec,0x2f4880df,KERNEL_OR_BUILTIN,,0,rps_perf;wlan_drv_gen4m_6878,2,2,0,1,0,0,1,1,1,1
static_key_slow_inc,0x8e92f7c4,KERNEL_OR_BUILTIN,,0,rps_perf;wlan_drv_gen4m_6878,2,2,0,1,0,0,1,1,1,1
stop_one_cpu,0xb9b9f56e,KERNEL_OR_BUILTIN,,0,scheduler,1,1,0,1,0,0,0,0,1,1
stop_one_cpu_nowait,0x60d1f7de,KERNEL_OR_BUILTIN,,0,scheduler,1,1,0,1,0,0,1,1,1,1
stpcpy,0xf4db35bc,KERNEL_OR_BUILTIN,,0,usb_meta,1,1,0,1,0,0,1,1,1,1
strcasecmp,0xaafdc258,KERNEL_OR_BUILTIN,,0,imgsensor;met;mtk_cam_isp7sp;tcpc_class,4,4,0,1,0,0,1,1,1,1
strchr,0x349cba85,KERNEL_OR_BUILTIN,,0,aee_aed;bt_drv_6878;ccci_dpmaif;clk_common;conninfra;mdp_drv_mt6878;met;mt6375_battery;mtk_charger_framework;mtk_u_ether;snd_soc_tfa98xx;tipc;wlan_drv_gen4m_6878,13,13,0,1,0,0,1,1,1,1
strcmp,0xe2d5255a,KERNEL_OR_BUILTIN,,0,8021q;adapter_class;adsp;aee_aed;aee_hangdet;apu_top;apusys;aw883xx_driver;blocktag;bootprof;bt_drv_6878;camera_dpe_isp7sp;ccci_ccif;ccci_md_all;ccci_util_lib;ccd_rpmsg;cfg80211;charger_class;clk_chk_mt6878;clk_common;clkbuf;connfem;conninfra;cpuqos_v3;extcon_mtk_usb;fhctl;fmradio_drv_connac2x;ftdi_sio;ged;gpueb;gz_ipc_mod;gz_main_mod;imgsensor;imgsensor_glue;l2tp_core;log_store;lpm_gov_MHSP;mac80211;mali_kbase_mt6878_r44;mddp;mediatek_drm;mediatek_drm_gateic;mediatek_drm_panel_drv;met;monitor_hang;mrdump;mt6375_battery;mt6878_mt6369;mtk_battery_oc_throttling;mtk_bp_thl;mtk_cam_isp7sp;mtk_charger_algorithm_class;mtk_charger_framework;mtk_cm_mgr;mtk_emi;mtk_fpsgo;mtk_hcp;mtk_heap_debug;mtk_iommu;mtk_jpeg;mtk_low_battery_throttling;mtk_lpm;mtk_lpm_dbg_common_v2;mtk_lpm_plat_v1;mtk_mbraink;mtk_mmc_dbg;mtk_mml;mtk_pbm;mtk_peak_power_budget;mtk_sp_spk_amp;mtk_ssc_dbg_v2;mtk_vcodec_common;mtk_vcodec_dec_v1;mtk_vcodec_enc_v1;mtk_vcu;mtk_wp;mtu3;phy_mtk_xsphy;pidmap;pinctrl_mtk_common_v2_debug;pmic_lbat_service;r8152;reboot_mode;rfkill;scheduler;scp;sec;sh366003_fg;smpu;snd_soc_mt6369;snd_soc_mt6878_afe;snd_soc_mtk_common;snd_soc_tfa98xx;task_turbo;tcpc_class;thermal_interface;tipc;tkcore;ufs_mediatek_dbg;ufs_mediatek_mod;usb_boost;usb_meta;vcp;wlan_drv_gen4m_6878;wwan;xhci_mtk_hcd_v2;yft_devinfo;zram,108,108,0,1,1,0,1,1,1,1
strcpy,0xe914e41e,KERNEL_OR_BUILTIN,,0,apu_top;blocktag;cfg80211;ged;ieee802154;mac80211;mediatek_drm;mmqos_common;mtk_c2ps;mtk_cam_isp7sp;mtk_fpsgo;mtk_gpufreq_wrapper;mtk_icc_core;mtk_mbox;mtk_perf_common;mtu3;powerhal_cpu_ctrl;rfkill;scheduler;tipc;touch_boost;uload_ind;usb_logger;usb_meta,24,24,0,1,0,0,1,1,1,1
strcspn,0x1ac5d3cb,KERNEL_OR_BUILTIN,,0,aee_hangdet;mali_kbase_mt6878_r44,2,2,0,1,0,0,1,1,1,1
stream_open,0x3a5b4cbe,KERNEL_OR_BUILTIN,,0,rfkill;wwan,2,2,0,1,0,0,0,0,1,1
strim,0x77bc13a0,KERNEL_OR_BUILTIN,,0,usb_meta,1,1,0,1,0,0,1,1,1,1
strlcat,0xf9c0b663,KERNEL_OR_BUILTIN,,0,drm_display_helper,1,1,0,1,0,0,1,1,1,1
strlcpy,0x5792f848,KERNEL_OR_BUILTIN,,0,aee_aed;met,2,2,0,1,0,0,1,1,1,1
strlen,0x98cf60b3,KERNEL_OR_BUILTIN,,0,adsp;aee_aed;apu_top;apusys;aw883xx_driver;blocktag;bootprof;bt_drv_6878;btbcm;ccci_md_all;ccci_util_lib;cfg80211;charger_cooling;connadp;connfem;conninfra;device_apc_common;drm_display_helper;emi;extdev_io_class;fmradio_drv_connac2x;ged;gps_drv_dl_v051;gz_ipc_mod;ieee802154;imgsensor;last_bus;leds_mtk;mac80211;mac802154;mali_kbase_mt6878_r44;mddp;mdp_drv_mt6878;mediatek_drm;met;mmprofile;mmqos_common;monitor_hang;mrdump;mt6369_accdet;mt6375_battery;mtk_aie;mtk_c2ps;mtk_cam_isp7sp;mtk_charger_framework;mtk_cmdq_drv_ext;mtk_dramc;mtk_fpsgo;mtk_gpufreq_wrapper;mtk_heap_debug;mtk_icc_core;mtk_imgsys_cmdq;mtk_imgsys_isp7sp;mtk_imgsys_v4l2;mtk_lpm_dbg_common_v2;mtk_lpm_dbg_mt6878;mtk_mbox;mtk_mbraink;mtk_perf_common;mtk_rpmsg_mbox;mtk_scpsys;mtk_sync;mtk_u_ether;mtk_usb_f_rndis;mtk_vcodec_common;mtk_vcodec_dec_v1;mtk_vcodec_enc_v1;mtk_vcu;mtu3;nfc;pidmap;pinctrl_mtk_v2;pmic_lbat_service;powerhal_cpu_ctrl;rfkill;scheduler;sec_rng;snd_soc_tfa98xx;spi_mt65xx;tcpc_class;thermal_interface;tipc;tkcore;touch_boost;uload_ind;usb_logger;wifi_cooling;wlan_drv_gen4m_6878;wmt_chrdev_wifi_connac2;wwan;yft_devinfo,91,91,0,1,1,0,1,1,1,1
strncasecmp,0x96b29254,KERNEL_OR_BUILTIN,,0,connfem;device_apc_common;met;wlan_drv_gen4m_6878,4,4,0,1,0,0,1,1,1,1
strncat,0x2e2b40d2,KERNEL_OR_BUILTIN,,0,connadp;conninfra;mediatek_drm;mtk_lpm_dbg_common_v2,4,4,0,1,0,0,1,1,1,1
strncmp,0x5a921311,KERNEL_OR_BUILTIN,,0,adsp;aee_aed;aee_rs;apusys;atf_logger;aw883xx_driver;blocktag;bluetooth;bt_drv_6878;camera_eeprom_v4l2;ccci_md_all;ccci_util_lib;clk_common;connadp;connfem;conninfra;device_apc_common;flashlight;fmradio_drv_connac2x;ged;gz_ipc_mod;imgsensor;leds_mtk;mali_kbase_mt6878_r44;mediatek_drm;met;mmprofile;mmqos_common;monitor_hang;mrdump;mtk_cam_isp7sp;mtk_cg_peak_power_throttling;mtk_dpc;mtk_fpsgo;mtk_gpu_hal;mtk_heap_debug;mtk_lpm_dbg_common_v2;mtk_mmdvfs;mtk_mmdvfs_v3;mtk_mminfra_debug;mtk_pmic_keys;mtk_printk_ctrl;mtk_scpsys;mtk_vcodec_dec_v1;mtu3;nfc;pinctrl_mtk_common_v2_debug;reboot_mode;scp;sec_rng;snd_soc_mt6878_afe;snd_soc_tfa98xx;spi_mt65xx;system_heap;teeperf;thermal_interface;thermal_trace;tmem_ffa;ufs_mediatek_mod;wlan_drv_gen4m_6878;yft_tpd_gesture,61,62,0,1,0,0,1,1,1,1
strncpy,0x9166fada,KERNEL_OR_BUILTIN,,0,aee_aed;apusys;blocktag;bt_drv_6878;ccci_md_all;ccd_rpmsg;charger_cooling;clk_common;connadp;connfem;conninfra;device_apc_common;emi;ged;gps_drv_dl_v051;gz_ipc_mod;gz_virtio_mod;imgsensor;last_bus;mac80211;mali_kbase_mt6878_r44;mdp_drv_mt6878;mediatek_drm;met;mmprofile;monitor_hang;mrdump;mt6375_battery;mtk_c2ps;mtk_cam_isp7sp;mtk_cg_peak_power_throttling;mtk_charger_framework;mtk_dvfsrc;mtk_fpsgo;mtk_gpu_hal;mtk_heap_debug;mtk_mbraink;mtk_swpm_dbg_v6878;mtk_vcu;mtk_vmm_isp71_regulator;pidmap;pmic_lbat_service;scheduler;sh366003_fg;thermal_interface;tipc;tkcore;usb_meta;wifi_cooling;wlan_drv_gen4m_6878;yft_devinfo,51,51,0,1,0,0,1,1,1,1
strncpy_from_user,0x0229f72d,KERNEL_OR_BUILTIN,,0,gz_ipc_mod;gz_main_mod;mdp_drv_mt6878,3,3,0,1,0,0,1,1,1,1
strnlen,0xa916b694,KERNEL_OR_BUILTIN,,0,8021q;adsp;aee_aed;apu_top;apusys;aw36515;aw883xx_driver;bluetooth;bt_drv_6878;can_bcm;ccci_md_all;ccci_util_lib;cfg80211;connadp;connfem;conninfra;device_apc_common;drm_display_helper;emi_mpu;flashlight;fmradio_drv_connac2x;gps_drv_dl_v051;gz_tz_system;hf_manager;hidp;imgsensor;leds_mtk;mac80211;mali_kbase_mt6878_r44;mddp;mdp_drv_mt6878;mediatek_drm;met;mmprofile;monitor_hang;mrdump;mt6369_accdet;mt6375_battery;mt6375_charger;mt6878_mt6369;mtk_aie;mtk_cam_isp7sp;mtk_dpc;mtk_fpsgo;mtk_imgsys_cmdq;mtk_imgsys_isp7sp;mtk_imgsys_v4l2;mtk_jpeg;mtk_lpm_dbg_common_v2;mtk_lpm_dbg_mt6878;mtk_mbraink;mtk_mml;mtk_u_ether;mtk_vcodec_common;mtk_vcodec_dec_v1;mtk_vcodec_enc_v1;mtk_vcu;powerhal_cpu_ctrl;r8152;scp;sec_rng;sensorhub;slcan;smpu;snd_soc_tfa98xx;spi_mt65xx;tcpc_class;thermal_interface;tipc;tkcore;uarthub_drv;uload_ind;usb_meta;usbnet;wlan_drv_gen4m_6878;xhci_mtk_hcd_v2;yft_devinfo;yft_tpd_gesture;zram,79,80,0,1,0,0,1,1,1,1
strnstr,0xc310b981,KERNEL_OR_BUILTIN,,0,aee_aed;conninfra;mali_kbase_mt6878_r44,3,3,0,1,0,0,1,1,1,1
strpbrk,0x9a1dfd65,KERNEL_OR_BUILTIN,,0,wlan_drv_gen4m_6878,1,1,0,1,0,0,1,1,1,1
strrchr,0x9f984513,KERNEL_OR_BUILTIN,,0,apusys;ccci_dpmaif;met;tipc,4,4,0,1,0,0,1,1,1,1
strscpy,0xdd64e639,KERNEL_OR_BUILTIN,,0,8021q;apu_top;apusys;aqc111;asix;aw36515;aw36518;aw36518_v2;aw883xx_driver;bluetooth;btbcm;camera_af_media;camera_dpe_isp7sp;cfg80211;hidp;leds_mtk;mac80211;mali_kbase_mt6878_r44;mrdump;mt6878_mt6369;mtk_aie;mtk_cam_isp7sp;mtk_imgsys_v4l2;mtk_jpeg;mtk_lpm_dbg_common_v2;mtk_u_ether;mtk_vcodec_common;mtk_vcodec_dec_v1;mtk_vcodec_enc_v1;r8152;rtl8150;sensorhub;tipc;uload_ind;usb_meta;usbnet;zram,37,38,0,1,0,0,1,1,1,1
strscpy_pad,0xfbb8a761,KERNEL_OR_BUILTIN,,0,8021q,1,1,0,1,0,0,0,0,1,1
strsep,0x85df9b6c,KERNEL_OR_BUILTIN,,0,adsp;aee_aed;apu_top;apusys;bt_drv_6878;clk_common;conninfra;device_apc_common;emi;extdev_io_class;flashlight;gps_drv_dl_v051;gz_ipc_mod;imgsensor;mali_kbase_mt6878_r44;mddp;mediatek_drm;met;mtk_cam_isp7sp;mtk_dpc;mtk_fpsgo;mtk_lpm_dbg_common_v2;mtk_vcodec_common;pmic_lbat_service;powerhal_cpu_ctrl;snd_soc_mt6369;snd_soc_mt6878_afe;snd_soc_mtk_common;tcpc_class;teeperf;uarthub_drv;usb_meta;wlan_drv_gen4m_6878,33,33,0,1,0,0,1,1,1,1
strspn,0xc29bf967,KERNEL_OR_BUILTIN,,0,wlan_drv_gen4m_6878,1,1,0,1,0,0,1,1,1,1
strstr,0x1e6d26a8,KERNEL_OR_BUILTIN,,0,aee_aed;bt_drv_6878;ccci_dpmaif;conninfra;fhctl;leds_mtk;mali_kbase_mt6878_r44;md_cooling_all;mediatek_drm;monitor_hang;mtk_c2ps;mtk_cam_isp7sp;mtk_charger_framework;mtk_fpsgo;mtk_iommu;mtk_sec_heap;mtk_vcu;mtu3;phy_mtk_xsphy;snd_soc_audiodsp_common;snd_soc_tfa98xx;tipc;usb_meta;wlan_drv_gen4m_6878;yft_devinfo,25,25,0,1,0,0,1,1,1,1
sugov_grp_awr_update_cpu_tar_util_hook,0x5ad089c6,STOCK_MODULE,cpufreq_sugov_ext,1,scheduler,1,1,0,0,0,0,0,0,0,0
support_svp_region,0x0e78b31d,STOCK_MODULE,mtk_vcodec_common,1,mtk_vcodec_dec_v1,1,1,0,0,0,0,0,0,0,0
support_wfd_region,0x6823520a,STOCK_MODULE,mtk_vcodec_common,1,mtk_vcodec_enc_v1,1,1,0,0,0,0,0,0,0,0
suspend_set_ops,0x1ab0c7e0,KERNEL_OR_BUILTIN,,0,clk_common,1,1,0,1,0,0,1,1,1,1
swpm_arm_ai_pmu_get,0x4aa4e33a,STOCK_MODULE,mtk_swpm_perf_arm_pmu,1,mtk_swpm_dbg_common_v1,1,1,0,0,0,0,0,0,0,0
swpm_arm_ai_pmu_set,0x5e22e91d,STOCK_MODULE,mtk_swpm_perf_arm_pmu,1,mtk_swpm_dbg_common_v1,1,1,0,0,0,0,0,0,0,0
swpm_arm_dsu_pmu_enable,0xc9c97632,STOCK_MODULE,mtk_swpm_perf_arm_pmu,1,mtk_swpm_dbg_common_v1,1,1,0,0,0,0,0,0,0,0
swpm_arm_dsu_pmu_get_status,0xd7104bff,STOCK_MODULE,mtk_swpm_perf_arm_pmu,1,mtk_swpm_dbg_common_v1,1,1,0,0,0,0,0,0,0,0
swpm_arm_dsu_pmu_get_type,0xbc350fd1,STOCK_MODULE,mtk_swpm_perf_arm_pmu,1,mtk_swpm_dbg_common_v1,1,1,0,0,0,0,0,0,0,0
swpm_arm_dsu_pmu_set_type,0x0e501568,STOCK_MODULE,mtk_swpm_perf_arm_pmu,1,mtk_swpm_dbg_common_v1,1,1,0,0,0,0,0,0,0,0
swpm_arm_pmu_enable_all,0xc5933b1d,STOCK_MODULE,mtk_swpm_perf_arm_pmu,1,mtk_swpm_dbg_common_v1,1,1,0,0,0,0,0,0,0,0
swpm_arm_pmu_get_idx,0x6262c539,STOCK_MODULE,mtk_swpm_perf_arm_pmu,1,mtk_swpm_dbg_common_v1,1,1,0,0,0,0,0,0,0,0
swpm_arm_pmu_get_status,0x5385ff08,STOCK_MODULE,mtk_swpm_perf_arm_pmu,1,mtk_swpm_dbg_common_v1,1,1,0,0,0,0,0,0,0,0
swpm_call_event_notifier,0xb0513a4c,STOCK_MODULE,mtk_swpm,1,mtk_swpm_dbg_v6878,1,1,0,0,0,0,0,0,0,0
swpm_dbg_common_fs_init,0x1fc071d0,STOCK_MODULE,mtk_swpm_dbg_common_v1,1,mtk_swpm_dbg_v6878,1,1,0,0,0,0,0,0,0,0
swpm_get_rec_addr,0xa3cdaa08,STOCK_MODULE,mtk_swpm,1,mtk_swpm_dbg_v6878,1,1,0,0,0,0,0,0,0,0
swpm_log_interval_ms,0xd1ae99a9,STOCK_MODULE,mtk_swpm,1,mtk_swpm_dbg_v6878,1,1,0,0,0,0,0,0,0,0
swpm_mutex,0x882b9955,STOCK_MODULE,mtk_swpm,1,mtk_swpm_dbg_v6878,1,1,0,0,0,0,0,0,0,0
swpm_register_event_notifier,0x55c5672c,STOCK_MODULE,mtk_swpm,1,mtk_swpm_cpu_dbg_v6878,1,1,0,0,0,0,0,0,0,0
swpm_set_and_get_cmd,0xa9681c38,STOCK_MODULE,mtk_swpm,1,mtk_swpm_cpu_dbg_v6878;mtk_swpm_dbg_v6878,2,2,0,0,0,0,0,0,0,0
swpm_set_only_cmd,0x6e1f98d7,STOCK_MODULE,mtk_swpm,1,mtk_swpm_cpu_dbg_v6878;mtk_swpm_dbg_v6878,2,2,0,0,0,0,0,0,0,0
swpm_status,0x513f892c,STOCK_MODULE,mtk_swpm_dbg_common_v1,1,mtk_swpm_dbg_v6878,1,1,0,0,0,0,0,0,0,0
swpm_timer,0xfbd56eea,STOCK_MODULE,mtk_swpm,1,mtk_swpm_dbg_v6878,1,1,0,0,0,0,0,0,0,0
swpm_unregister_event_notifier,0x71dfc42c,STOCK_MODULE,mtk_swpm,1,mtk_swpm_cpu_dbg_v6878,1,1,0,0,0,0,0,0,0,0
sync_blockdev,0x984592af,KERNEL_OR_BUILTIN,,0,zram,1,1,0,1,1,0,0,0,1,1
sync_file_create,0x0f1d3f85,KERNEL_OR_BUILTIN,,0,apusys;ged;mali_kbase_mt6878_r44;mdp_drv_mt6878;mtk_hcp;mtk_sync,6,6,0,1,0,0,1,1,1,1
sync_file_get_fence,0x4dca08ee,KERNEL_OR_BUILTIN,,0,apusys;ged;mali_kbase_mt6878_r44;mediatek_drm;mtk_imgsys_v4l2;mtk_mml,6,6,0,1,0,0,1,1,1,1
sync_latest_data,0xe8bd9c98,STOCK_MODULE,mtk_swpm,1,mtk_lpm_dbg_mt6878;mtk_mbraink;mtk_swpm_dbg_v6878,3,3,0,0,0,0,0,0,0,0
sync_ringbuf_readidx,0x8120c4d9,STOCK_MODULE,snd_soc_audiodsp_common,1,mtk_soc_offload_common,1,1,0,0,0,0,0,0,0,0
synchronize_irq,0xe523ad75,KERNEL_OR_BUILTIN,,0,mali_kbase_mt6878_r44;mtk_uart_apdma;mtu3;wlan_drv_gen4m_6878;xhci_mtk_hcd_v2,5,5,0,1,0,0,1,1,1,1
synchronize_net,0x609f1c7e,KERNEL_OR_BUILTIN,,0,6lowpan;can_dev;cfg80211;mac80211;mac802154;mddp;tipc;wlan_drv_gen4m_6878,8,8,0,1,0,0,1,1,1,1
synchronize_rcu,0x6091797f,KERNEL_OR_BUILTIN,,0,blocktag;bluetooth;can;can_bcm;cfg80211;cpufreq_sugov_ext;ieee802154;l2tp_core;mac80211;mac802154;mtk_core_ctl;ppp_generic;pptp;tipc;ufs_mediatek_dbg,15,16,0,1,0,0,1,1,1,1
synchronize_srcu,0x5ee82342,KERNEL_OR_BUILTIN,,0,gzvm;mtk_core_ctl;ufs_mediatek_dbg,3,3,0,1,0,0,0,0,1,1
sys_tz,0xfe5d4bb2,KERNEL_OR_BUILTIN,,0,aee_aed;aee_hangdet;ccci_dpmaif;ccci_md_all;ccci_util_lib;ged;mtk_charger_framework;mtk_lpm_plat_v1;sensorhub,9,9,0,1,0,0,1,1,1,1
syscon_node_to_regmap,0x9448b538,KERNEL_OR_BUILTIN,,0,clk_common;mtu3;phy_mtk_xsphy;reset_ti_syscon;syscon_reboot_mode;xhci_mtk_hcd_v2,6,6,0,1,0,0,1,1,1,1
syscon_regmap_lookup_by_compatible,0xee6b71c4,KERNEL_OR_BUILTIN,,0,mtk_iommu,1,1,0,1,0,0,1,1,1,1
syscon_regmap_lookup_by_phandle,0xac71bb09,KERNEL_OR_BUILTIN,,0,ccci_ccif;ccci_dpmaif;ccci_md_all;clk_common;mtk_btcvsd;mtk_pwm;mtk_scpsys;scp;snd_soc_mt6878_afe,9,9,0,1,0,0,1,1,1,1
sysctl_util_est,0x85d74a37,STOCK_MODULE,cpufreq_sugov_ext,1,mtk_core_ctl;scheduler;task_turbo,3,3,0,0,0,0,0,0,0,0
sysctl_vals,0xc8827b75,KERNEL_OR_BUILTIN,,0,tipc,1,1,0,1,0,0,0,0,1,1
sysfs_create_bin_file,0x3133d901,KERNEL_OR_BUILTIN,,0,apusys;emi;kheaders;mediatek_drm,4,4,0,1,0,0,1,1,1,1
sysfs_create_file_ns,0x8a1b623e,KERNEL_OR_BUILTIN,,0,apusys;ccci_md_all;connadp;focaltech_touch_spi_ft3680;ged;mali_kbase_mt6878_r44;met;mtk_c2ps;mtk_dcm;mtk_fpsgo;mtk_ssc_dbg_v2,11,11,0,1,0,0,1,1,1,1
sysfs_create_group,0xf43d4bfe,KERNEL_OR_BUILTIN,,0,apusys;aw883xx_driver;charger_cooling;clkbuf;cpuqos_v3;focaltech_touch_spi_ft3680;hynitron;mali_kbase_mt6878_r44;microarray_fp_tee;mmqos_common;mrdump;mt6375_battery;mtk_cg_peak_power_throttling;mtk_cm_mgr;mtk_core_ctl;mtk_dvfsrc_helper;mtk_perf_common;mtk_qos;mtu3;scheduler;st21nfc;thermal_interface;thermal_trace;ufs_mediatek_mod;usb_boost,25,25,0,1,0,0,1,1,1,1
sysfs_create_link,0x56591d01,KERNEL_OR_BUILTIN,,0,cfg80211;mtk_dvfsrc_helper,2,2,0,1,0,0,1,1,1,1
sysfs_emit,0xe783e261,KERNEL_OR_BUILTIN,,0,arm_dsu_pmu;mt6375_auxadc;ufs_mediatek_mod,3,3,0,1,0,0,1,1,1,1
sysfs_merge_group,0xe7fe0752,KERNEL_OR_BUILTIN,,0,frs,1,1,0,1,0,0,1,1,1,1
sysfs_remove_bin_file,0x9bd9a16d,KERNEL_OR_BUILTIN,,0,apusys;emi;kheaders;mediatek_drm,4,4,0,1,0,0,1,1,1,1
sysfs_remove_file_ns,0xfb705284,KERNEL_OR_BUILTIN,,0,apusys;connadp;focaltech_touch_spi_ft3680;ged;mali_kbase_mt6878_r44;met;mtk_c2ps;mtk_fpsgo;mtk_ssc_dbg_v2;st21nfc,10,10,0,1,0,0,1,1,1,1
sysfs_remove_group,0xf1d806db,KERNEL_OR_BUILTIN,,0,apusys;aw883xx_driver;cpuqos_v3;focaltech_touch_spi_ft3680;hynitron;mali_kbase_mt6878_r44;mmqos_common;mtk_cg_peak_power_throttling;mtk_dvfsrc_helper;mtk_perf_common;mtk_qos;mtu3;scheduler;st21nfc;thermal_interface;thermal_trace;ufs_mediatek_mod,17,17,0,1,0,0,1,1,1,1
sysfs_remove_link,0xdfb076f5,KERNEL_OR_BUILTIN,,0,cfg80211;mtk_dvfsrc_helper,2,2,0,1,0,0,1,1,1,1
sysfs_streq,0x222e7ce2,KERNEL_OR_BUILTIN,,0,gpueb;mali_kbase_mt6878_r44;mtk_gpufreq_wrapper;zram,4,4,0,1,0,0,1,1,1,1
sysrq_mask,0x4a17ed66,KERNEL_OR_BUILTIN,,0,monitor_hang,1,1,0,1,0,0,0,0,1,1
sysrq_toggle_support,0xc1086e0c,KERNEL_OR_BUILTIN,,0,monitor_hang,1,1,0,1,0,0,0,0,1,1
system_freezable_power_efficient_wq,0xd067d3c5,KERNEL_OR_BUILTIN,,0,mtk_pbm;thermal_trace,2,2,0,1,0,0,1,1,1,1
system_freezable_wq,0xd4034828,KERNEL_OR_BUILTIN,,0,mac80211;mt6375_charger,2,2,0,1,0,0,1,1,1,1
system_highpri_wq,0xcd91b127,KERNEL_OR_BUILTIN,,0,mtk_cam_isp7sp;scheduler,2,2,0,1,0,0,1,1,1,1
system_long_wq,0x131db64a,KERNEL_OR_BUILTIN,,0,drm_display_helper;mali_kbase_mt6878_r44;r8152,3,3,0,1,0,0,1,1,1,1
system_power_efficient_wq,0x47884890,KERNEL_OR_BUILTIN,,0,cfg80211;extcon_mtk_usb;mtk_core_ctl;mtk_perf_common;mtu3;rfkill,6,6,0,1,0,0,1,1,1,1
system_unbound_wq,0xd4c14632,KERNEL_OR_BUILTIN,,0,cfg80211;trace_mmstat,2,2,0,1,0,0,1,1,1,1
system_wq,0x2d3385d3,KERNEL_OR_BUILTIN,,0,adsp;aee_aed;apusys;bluetooth;bt_drv_6878;btsdio;bus_parity;c2k_usb;cache_parity;camera_dpe_isp7sp;can_dev;ccci_ccif;ccci_fsm_scp;ccci_md_all;cdc_acm;cfg80211;connadp;conninfra;connscp;dbg_error_flag;drm_display_helper;emi_mpu;ged;hci_uart;hidp;mac80211;mali_kbase_mt6878_r44;mddp;mediatek_drm;met;mmqos_common;mrdump;mt6363_regulator;mt6369_regulator;mt6375_auxadc;mt6375_battery;mtk_bp_thl;mtk_cam_isp7sp;mtk_cg_peak_power_throttling;mtk_cm_mgr;mtk_cm_mgr_mt6878;mtk_core_ctl;mtk_fpsgo;mtk_gpu_qos;mtk_jpeg;mtk_low_battery_throttling;mtk_mmc;mtk_peak_power_budget;mtk_u_ether;nfc;pd_dbg_info;r8152;rfkill;rtc_mt6685;sensorhub;sh366003_fg;slcan;smpu;spi_tiny_co5300_lcd;tcpc_class;tcpc_mt6375;tipc;ufs_mediatek_mod;usb_meta;usbnet;usbserial;wlan_drv_gen4m_6878;xhci_mtk_hcd_v2;yft_gpio_keys;zsmalloc,70,71,0,1,0,0,1,1,1,1
task_active_pid_ns,0xb113afdd,KERNEL_OR_BUILTIN,,0,aee_aed,1,1,0,1,0,0,1,1,1,1
task_cputime_adjusted,0xc2bb7316,KERNEL_OR_BUILTIN,,0,mtk_mbraink,1,1,0,1,0,0,0,0,1,1
task_rq_lock,0x244345e0,KERNEL_OR_BUILTIN,,0,mtk_c2ps,1,1,0,1,0,0,0,0,1,1
tasklet_init,0x2364c85a,KERNEL_OR_BUILTIN,,0,camera_dpe_isp7sp;ccci_dpmaif;hf_manager;wlan_drv_gen4m_6878,4,4,0,1,0,0,1,1,1,1
tasklet_kill,0x0ea3c74e,KERNEL_OR_BUILTIN,,0,camera_dpe_isp7sp;cdc_ncm;hf_manager;mac80211;mac802154;mtk_uart_apdma;r8152;rtl8150;usbnet;wlan_drv_gen4m_6878,10,10,0,1,0,0,1,1,1,1
tasklet_setup,0xa07d1b3c,KERNEL_OR_BUILTIN,,0,cdc_ncm;mac80211;mac802154;r8152;rtl8150;usbnet,6,6,0,1,0,0,1,1,1,1
tasklet_unlock_wait,0x350f6ce5,KERNEL_OR_BUILTIN,,0,mac80211;mac802154;r8152;vcp,4,4,0,1,0,0,0,0,1,1
tasklist_lock,0x673472ea,KERNEL_OR_BUILTIN,,0,mtk_mbraink;scheduler,2,2,0,1,0,0,0,0,1,1
tcpc_class,0xdeb57525,STOCK_MODULE,tcpc_class,1,tcpci_late_sync,1,1,0,0,0,0,0,0,0,0
tcpc_dev_get_by_name,0xa4a78f74,STOCK_MODULE,tcpc_class,1,extcon_mtk_usb;mt6375_charger;mtk_chg_type_det;mtk_pd_adapter;rt_pd_manager;tcpc_mt6375,6,6,0,0,0,0,0,0,0,0
tcpc_device_irq_enable,0x44229091,STOCK_MODULE,tcpc_class,1,tcpci_late_sync,1,1,0,0,0,0,0,0,0,0
tcpc_device_register,0xf0a933ca,STOCK_MODULE,tcpc_class,1,tcpc_mt6375,1,1,0,0,0,0,0,0,0,0
tcpc_device_unregister,0x126f9b9b,STOCK_MODULE,tcpc_class,1,tcpc_mt6375,1,1,0,0,0,0,0,0,0,0
tcpc_get_dev_data,0x30745b36,STOCK_MODULE,tcpc_class,1,tcpc_mt6375,1,1,0,0,0,0,0,0,0,0
tcpc_typec_handle_ctd,0xcbe57860,STOCK_MODULE,tcpc_class,1,tcpc_mt6375,1,1,0,0,0,0,0,0,0,0
tcpc_typec_handle_fod,0xcec4c0ab,STOCK_MODULE,tcpc_class,1,tcpc_mt6375,1,1,0,0,0,0,0,0,0,0
tcpc_typec_handle_otp,0x5bcd512c,STOCK_MODULE,tcpc_class,1,tcpc_mt6375,1,1,0,0,0,0,0,0,0,0
tcpc_typec_handle_wd,0x117b6a26,STOCK_MODULE,tcpc_class,1,tcpc_mt6375,1,1,0,0,0,0,0,0,0,0
tcpc_typec_is_act_as_sink_role,0xdad58a05,STOCK_MODULE,tcpc_class,1,rt_pd_manager;tcpc_mt6375,2,2,0,0,0,0,0,0,0,0
tcpci_alert,0x95642690,STOCK_MODULE,tcpc_class,1,tcpc_mt6375,1,1,0,0,0,0,0,0,0,0
tcpci_alert_wakeup,0x0ab94724,STOCK_MODULE,tcpc_class,1,tcpc_mt6375,1,1,0,0,0,0,0,0,0,0
tcpci_is_plugged_in,0xff65f0c0,STOCK_MODULE,tcpc_class,1,tcpc_mt6375,1,1,0,0,0,0,0,0,0,0
tcpci_lock_typec,0x16e9a06b,STOCK_MODULE,tcpc_class,1,tcpc_mt6375,1,1,0,0,0,0,0,0,0,0
tcpci_notify_cc_hi,0x6f2d399b,STOCK_MODULE,tcpc_class,1,tcpc_mt6375,1,1,0,0,0,0,0,0,0,0
tcpci_notify_vbus_short_cc_status,0x6536e1a8,STOCK_MODULE,tcpc_class,1,tcpc_mt6375,1,1,0,0,0,0,0,0,0,0
tcpci_notify_wd0_state,0x5f619089,STOCK_MODULE,tcpc_class,1,tcpc_mt6375,1,1,0,0,0,0,0,0,0,0
tcpci_unlock_typec,0x7a0d7b35,STOCK_MODULE,tcpc_class,1,tcpc_mt6375,1,1,0,0,0,0,0,0,0,0
tcpm_check_suspend_pending,0x446dd691,STOCK_MODULE,tcpc_class,1,tcpc_mt6375,1,1,0,0,0,0,0,0,0,0
tcpm_dpm_pd_data_swap,0x45a43826,STOCK_MODULE,tcpc_class,1,rt_pd_manager,1,1,0,0,0,0,0,0,0,0
tcpm_dpm_pd_get_pps_status,0xd1aab2d6,STOCK_MODULE,tcpc_class,1,mtk_pd_adapter,1,1,0,0,0,0,0,0,0,0
tcpm_dpm_pd_get_source_cap_ext,0xb6ec622c,STOCK_MODULE,tcpc_class,1,mtk_pd_adapter,1,1,0,0,0,0,0,0,0,0
tcpm_dpm_pd_get_status,0x7735d6d0,STOCK_MODULE,tcpc_class,1,mtk_pd_adapter,1,1,0,0,0,0,0,0,0,0
tcpm_dpm_pd_hard_reset,0x7f5ea3f3,STOCK_MODULE,tcpc_class,1,mtk_pd_adapter,1,1,0,0,0,0,0,0,0,0
tcpm_dpm_pd_power_swap,0x437928a2,STOCK_MODULE,tcpc_class,1,rt_pd_manager,1,1,0,0,0,0,0,0,0,0
tcpm_dpm_pd_request,0xa8b410ba,STOCK_MODULE,tcpc_class,1,mtk_pd_adapter,1,1,0,0,0,0,0,0,0,0
tcpm_dpm_pd_vconn_swap,0x4210d188,STOCK_MODULE,tcpc_class,1,rt_pd_manager,1,1,0,0,0,0,0,0,0,0
tcpm_get_remote_power_cap,0xcc419b11,STOCK_MODULE,tcpc_class,1,mtk_chg_type_det;mtk_pd_adapter,2,2,0,0,0,0,0,0,0,0
tcpm_inquire_pd_data_role,0xb1c5baba,STOCK_MODULE,tcpc_class,1,rt_pd_manager,1,1,0,0,0,0,0,0,0,0
tcpm_inquire_pd_partner_inform,0xdcd686b4,STOCK_MODULE,tcpc_class,1,rt_pd_manager,1,1,0,0,0,0,0,0,0,0
tcpm_inquire_pd_pe_ready,0xb71abcbe,STOCK_MODULE,tcpc_class,1,mtk_pd_adapter,1,1,0,0,0,0,0,0,0,0
tcpm_inquire_pd_power_role,0x24809e23,STOCK_MODULE,tcpc_class,1,rt_pd_manager,1,1,0,0,0,0,0,0,0,0
tcpm_inquire_pd_source_apdo,0x999c38ed,STOCK_MODULE,tcpc_class,1,mtk_pd_adapter,1,1,0,0,0,0,0,0,0,0
tcpm_inquire_pd_vconn_role,0x50ccdfef,STOCK_MODULE,tcpc_class,1,rt_pd_manager,1,1,0,0,0,0,0,0,0,0
tcpm_inquire_remote_cc,0x199e53c1,STOCK_MODULE,tcpc_class,1,extcon_mtk_usb,1,1,0,0,0,0,0,0,0,0
tcpm_inquire_typec_attach_state,0xcab3ee37,STOCK_MODULE,tcpc_class,1,mtk_chg_type_det;mtk_pd_adapter,2,2,0,0,0,0,0,0,0,0
tcpm_inquire_typec_remote_rp_curr,0x02babb98,STOCK_MODULE,tcpc_class,1,mtk_pd_adapter,1,1,0,0,0,0,0,0,0,0
tcpm_inquire_typec_role_def,0x9c8c96c1,STOCK_MODULE,tcpc_class,1,rt_pd_manager,1,1,0,0,0,0,0,0,0,0
tcpm_inquire_usb_comm,0x0f8d710f,STOCK_MODULE,tcpc_class,1,mtk_chg_type_det,1,1,0,0,0,0,0,0,0,0
tcpm_reset_pd_charging_policy,0x57923183,STOCK_MODULE,tcpc_class,1,mtk_pd_adapter,1,1,0,0,0,0,0,0,0,0
tcpm_resume,0xf7af27dd,STOCK_MODULE,tcpc_class,1,tcpc_mt6375,1,1,0,0,0,0,0,0,0,0
tcpm_set_apdo_charging_policy,0xe946efe4,STOCK_MODULE,tcpc_class,1,mtk_pd_adapter,1,1,0,0,0,0,0,0,0,0
tcpm_shutdown,0x3b13f1ba,STOCK_MODULE,tcpc_class,1,tcpc_mt6375,1,1,0,0,0,0,0,0,0,0
tcpm_suspend,0x1ccba3ae,STOCK_MODULE,tcpc_class,1,tcpc_mt6375,1,1,0,0,0,0,0,0,0,0
tcpm_typec_change_role,0xa3197555,STOCK_MODULE,tcpc_class,1,rt_pd_manager,1,1,0,0,0,0,0,0,0,0
tcpm_typec_change_role_postpone,0x6ab0f93c,STOCK_MODULE,tcpc_class,1,rt_pd_manager,1,1,0,0,0,0,0,0,0,0
tcpm_typec_role_swap,0x6b2df008,STOCK_MODULE,tcpc_class,1,rt_pd_manager,1,1,0,0,0,0,0,0,0,0
tee_clkmgr_handle,0x6913f6b2,STOCK_MODULE,tkcore,1,tkcore_drv,1,1,0,0,0,0,0,0,0,0
tee_core_add,0x74f0ee2b,STOCK_MODULE,tkcore,1,tkcore_drv,1,1,0,0,0,0,0,0,0,0
tee_core_alloc,0x68aaf1dc,STOCK_MODULE,tkcore,1,tkcore_drv,1,1,0,0,0,0,0,0,0,0
tee_core_del,0xf53dbff2,STOCK_MODULE,tkcore,1,tkcore_drv,1,1,0,0,0,0,0,0,0,0
tee_map_cached_shm,0x6a4e508b,STOCK_MODULE,tkcore,1,tkcore_drv,1,1,0,0,0,0,0,0,0,0
tee_spi_transfer,0x184ce7da,STOCK_MODULE,tkcore,1,microarray_fp_tee,1,1,0,0,0,0,0,0,0,0
tee_supp_cmd,0x6f7dfbee,STOCK_MODULE,tkcore,1,tkcore_drv,1,1,0,0,0,0,0,0,0,0
tee_wait_queue_exit,0xe773ba45,STOCK_MODULE,tkcore,1,tkcore_drv,1,1,0,0,0,0,0,0,0,0
tee_wait_queue_init,0x03c4c343,STOCK_MODULE,tkcore,1,tkcore_drv,1,1,0,0,0,0,0,0,0,0
tee_wait_queue_sleep,0xcca24950,STOCK_MODULE,tkcore,1,tkcore_drv,1,1,0,0,0,0,0,0,0,0
tee_wait_queue_wakeup,0xe2de5bad,STOCK_MODULE,tkcore,1,tkcore_drv,1,1,0,0,0,0,0,0,0,0
test_fstb_hrtimer_info_update_fp,0x81894e5e,STOCK_MODULE,mtk_fpsgo,1,fpsgo,1,1,0,0,0,0,0,0,0,0
thermal_apu_mbox_base,0xb36db42d,STOCK_MODULE,thermal_interface,1,thermal_trace,1,1,0,0,0,0,0,0,0,0
thermal_cooling_device_unregister,0xec93f466,KERNEL_OR_BUILTIN,,0,apu_top;aw36515;aw36518;aw36518_v2;backlight_cooling;charger_cooling;md_cooling_all;wifi_cooling,8,8,0,1,0,0,1,1,1,1
thermal_cputcm_base,0xca5670ee,STOCK_MODULE,thermal_interface,1,thermal_trace,1,1,0,0,0,0,0,0,0,0
thermal_csram_base,0x0fd08486,STOCK_MODULE,thermal_interface,1,thermal_trace,1,1,0,0,0,0,0,0,0,0
thermal_of_cooling_device_register,0xaaba57f7,KERNEL_OR_BUILTIN,,0,apu_top;aw36515;aw36518;aw36518_v2;backlight_cooling;charger_cooling;md_cooling_all;wifi_cooling,8,8,0,1,0,0,1,1,1,1
thermal_pressure,0xc407682f,KERNEL_OR_BUILTIN,,0,scheduler,1,1,0,1,0,0,1,1,1,1
thermal_zone_device_update,0xaa5479ac,KERNEL_OR_BUILTIN,,0,met,1,1,0,1,0,0,1,1,1,1
thermal_zone_get_zone_by_name,0xfbe82964,KERNEL_OR_BUILTIN,,0,mali_kbase_mt6878_r44;met;thermal_interface;vtskin_temp,4,4,0,1,0,0,1,1,1,1
thread_group_cputime_adjusted,0x3026e722,KERNEL_OR_BUILTIN,,0,mtk_mbraink,1,1,0,1,0,0,0,0,1,1
tick_nohz_get_sleep_length,0x1939cb0f,KERNEL_OR_BUILTIN,,0,lpm_gov_MHSP,1,1,0,1,0,0,0,0,1,1
timecounter_init,0x862258db,KERNEL_OR_BUILTIN,,0,adsp;gpueb;mcupm;sspm_v3,4,4,0,1,0,0,1,1,1,1
timecounter_read,0x6f9e763b,KERNEL_OR_BUILTIN,,0,adsp;gpueb;mcupm;sspm_v3,4,4,0,1,0,0,1,1,1,1
timer_of_init,0x3db6885f,KERNEL_OR_BUILTIN,,0,timer_mediatek,1,1,0,1,0,0,1,1,1,1
timer_unstable_counter_workaround,0x37220509,KERNEL_OR_BUILTIN,,0,mtk_cam_isp7sp,1,1,0,1,0,0,1,1,1,1
tiny_tp_gesture_contorl,0x4e4b7919,STOCK_MODULE,hynitron,1,spi_tiny_co5300_lcd,1,1,0,0,0,0,0,0,0,0
tiny_tp_power_contorl,0xfcc94fc7,STOCK_MODULE,hynitron,1,spi_tiny_co5300_lcd,1,1,0,0,0,0,0,0,0,0
tipc_dump_done,0xdc43d984,STOCK_MODULE,tipc,1,diag,1,1,0,0,0,0,0,0,0,0
tipc_dump_start,0x60da1d20,STOCK_MODULE,tipc,1,diag,1,1,0,0,0,0,0,0,0,0
tipc_k_connect,0x6d3e778c,STOCK_MODULE,gz_ipc_mod,1,gz_tz_system,1,1,0,0,0,0,0,0,0,0
tipc_k_disconnect,0x389e0025,STOCK_MODULE,gz_ipc_mod,1,gz_tz_system,1,1,0,0,0,0,0,0,0,0
tipc_k_read,0xe9bc90dd,STOCK_MODULE,gz_ipc_mod,1,gz_tz_system,1,1,0,0,0,0,0,0,0,0
tipc_k_write,0xd5b2fc22,STOCK_MODULE,gz_ipc_mod,1,gz_tz_system,1,1,0,0,0,0,0,0,0,0
tipc_nl_sk_walk,0xf6b650cc,STOCK_MODULE,tipc,1,diag,1,1,0,0,0,0,0,0,0,0
tipc_set_default_cpumask,0xdabdc7b5,STOCK_MODULE,gz_ipc_mod,1,gz_main_mod,1,1,0,0,0,0,0,0,0,0
tipc_sk_fill_sock_diag,0x2a0945d7,STOCK_MODULE,tipc,1,diag,1,1,0,0,0,0,0,0,0,0
topology_clear_scale_freq_source,0x03a20a41,KERNEL_OR_BUILTIN,,0,cpufreq_sugov_ext,1,1,0,1,0,0,1,1,1,1
touch_boost_get_cmd_fp,0xd62f7b8a,STOCK_MODULE,mtk_ioctl_touch_boost,1,touch_boost,1,1,0,0,0,0,0,0,0,0
touch_fw_version,0xd0815107,STOCK_MODULE,yft_devinfo,1,focaltech_touch_spi_ft3680,1,1,0,0,0,0,0,0,0,0
tpgesture_hander,0x8386526d,STOCK_MODULE,yft_tpd_gesture,1,focaltech_touch_spi_ft3680,1,1,0,0,0,0,0,0,0,0
tpgesture_status,0x30ac810a,STOCK_MODULE,yft_tpd_gesture,1,focaltech_touch_spi_ft3680,1,1,0,0,0,0,0,0,0,0
tpgesture_value,0x02f3ea4c,STOCK_MODULE,yft_tpd_gesture,1,focaltech_touch_spi_ft3680,1,1,0,0,0,0,0,0,0,0
trace_event_buffer_commit,0x816bb80d,KERNEL_OR_BUILTIN,,0,aee_aed;apu_top;apusys;blocktag;bt_drv_6878;cfg80211;cpufreq_sugov_ext;cpuqos_v3;ged;ieee802154;imgsensor;l2tp_core;lpm_gov_MHSP;mac80211;mac802154;mali_kbase_mt6878_r44;mediatek_drm;mmqos_common;mtk_c2ps;mtk_cam_isp7sp;mtk_cg_peak_power_throttling;mtk_cm_mgr_mt6878;mtk_core_ctl;mtk_cpu_power_throttling;mtk_dvfsrc;mtk_fpsgo;mtk_gpu_power_throttling;mtk_gpufreq_wrapper;mtk_icc_core;mtk_imgsys_cmdq;mtk_imgsys_v4l2;mtk_low_battery_throttling;mtk_lpm;mtk_mbox;mtk_mmdvfs_ftrace;mtk_mml;mtk_peak_power_budget;mtk_perf_common;mtk_swpm_dbg_v6878;mtk_vmm_isp71_regulator;mtu3;powerhal_cpu_ctrl;scheduler;snd_soc_audiodsp_common;task_turbo;thermal_trace;timer_mediatek;tipc;touch_boost;trace_mmstat;ufs_mediatek_mod;uload_ind;usb_logger;xhci_mtk_hcd_v2,54,54,0,1,0,0,1,1,1,1
trace_event_buffer_reserve,0x77909e8e,KERNEL_OR_BUILTIN,,0,aee_aed;apu_top;apusys;blocktag;bt_drv_6878;cfg80211;cpufreq_sugov_ext;cpuqos_v3;ged;ieee802154;imgsensor;l2tp_core;lpm_gov_MHSP;mac80211;mac802154;mali_kbase_mt6878_r44;mediatek_drm;mmqos_common;mtk_c2ps;mtk_cam_isp7sp;mtk_cg_peak_power_throttling;mtk_cm_mgr_mt6878;mtk_core_ctl;mtk_cpu_power_throttling;mtk_dvfsrc;mtk_fpsgo;mtk_gpu_power_throttling;mtk_gpufreq_wrapper;mtk_icc_core;mtk_imgsys_cmdq;mtk_imgsys_v4l2;mtk_low_battery_throttling;mtk_lpm;mtk_mbox;mtk_mmdvfs_ftrace;mtk_mml;mtk_peak_power_budget;mtk_perf_common;mtk_swpm_dbg_v6878;mtk_vmm_isp71_regulator;mtu3;powerhal_cpu_ctrl;scheduler;snd_soc_audiodsp_common;task_turbo;thermal_trace;timer_mediatek;tipc;touch_boost;trace_mmstat;ufs_mediatek_mod;uload_ind;usb_logger;xhci_mtk_hcd_v2,54,54,0,1,0,0,1,1,1,1
trace_event_printf,0xbfb5f86f,KERNEL_OR_BUILTIN,,0,aee_aed;apu_top;apusys;blocktag;bt_drv_6878;cfg80211;cpufreq_sugov_ext;cpuqos_v3;ged;ieee802154;imgsensor;l2tp_core;lpm_gov_MHSP;mac80211;mac802154;mali_kbase_mt6878_r44;mediatek_drm;mmqos_common;mtk_c2ps;mtk_cam_isp7sp;mtk_cg_peak_power_throttling;mtk_cm_mgr_mt6878;mtk_core_ctl;mtk_cpu_power_throttling;mtk_dvfsrc;mtk_fpsgo;mtk_gpu_power_throttling;mtk_gpufreq_wrapper;mtk_icc_core;mtk_imgsys_cmdq;mtk_imgsys_v4l2;mtk_low_battery_throttling;mtk_lpm;mtk_mbox;mtk_mmdvfs_ftrace;mtk_mml;mtk_peak_power_budget;mtk_perf_common;mtk_swpm_dbg_v6878;mtk_vmm_isp71_regulator;mtu3;powerhal_cpu_ctrl;scheduler;snd_soc_audiodsp_common;task_turbo;thermal_trace;timer_mediatek;tipc;touch_boost;trace_mmstat;ufs_mediatek_mod;uload_ind;usb_logger;xhci_mtk_hcd_v2,54,54,0,1,0,0,1,1,1,1
trace_event_raw_init,0xa7d84344,KERNEL_OR_BUILTIN,,0,aee_aed;apu_top;apusys;blocktag;bt_drv_6878;cfg80211;cpufreq_sugov_ext;cpuqos_v3;ged;ieee802154;imgsensor;l2tp_core;lpm_gov_MHSP;mac80211;mac802154;mali_kbase_mt6878_r44;mediatek_drm;mmqos_common;mtk_c2ps;mtk_cam_isp7sp;mtk_cg_peak_power_throttling;mtk_cm_mgr_mt6878;mtk_core_ctl;mtk_cpu_power_throttling;mtk_dvfsrc;mtk_fpsgo;mtk_gpu_power_throttling;mtk_gpufreq_wrapper;mtk_icc_core;mtk_imgsys_cmdq;mtk_imgsys_v4l2;mtk_low_battery_throttling;mtk_lpm;mtk_mbox;mtk_mmdvfs_ftrace;mtk_mml;mtk_peak_power_budget;mtk_perf_common;mtk_swpm_dbg_v6878;mtk_vmm_isp71_regulator;mtu3;powerhal_cpu_ctrl;scheduler;snd_soc_audiodsp_common;task_turbo;thermal_trace;timer_mediatek;tipc;touch_boost;trace_mmstat;ufs_mediatek_mod;uload_ind;usb_logger;xhci_mtk_hcd_v2,54,54,0,1,0,0,1,1,1,1
trace_event_reg,0x062e5727,KERNEL_OR_BUILTIN,,0,aee_aed;apu_top;apusys;blocktag;bt_drv_6878;cfg80211;cpufreq_sugov_ext;cpuqos_v3;ged;ieee802154;imgsensor;l2tp_core;lpm_gov_MHSP;mac80211;mac802154;mali_kbase_mt6878_r44;mediatek_drm;mmqos_common;mtk_c2ps;mtk_cam_isp7sp;mtk_cg_peak_power_throttling;mtk_cm_mgr_mt6878;mtk_core_ctl;mtk_cpu_power_throttling;mtk_dvfsrc;mtk_fpsgo;mtk_gpu_power_throttling;mtk_gpufreq_wrapper;mtk_icc_core;mtk_imgsys_cmdq;mtk_imgsys_v4l2;mtk_low_battery_throttling;mtk_lpm;mtk_mbox;mtk_mmdvfs_ftrace;mtk_mml;mtk_peak_power_budget;mtk_perf_common;mtk_swpm_dbg_v6878;mtk_vmm_isp71_regulator;mtu3;powerhal_cpu_ctrl;scheduler;snd_soc_audiodsp_common;task_turbo;thermal_trace;timer_mediatek;tipc;touch_boost;trace_mmstat;ufs_mediatek_mod;uload_ind;usb_logger;xhci_mtk_hcd_v2,54,54,0,1,0,0,1,1,1,1
trace_handle_return,0x7381287f,KERNEL_OR_BUILTIN,,0,aee_aed;apu_top;apusys;blocktag;bt_drv_6878;cfg80211;cpufreq_sugov_ext;cpuqos_v3;ged;ieee802154;imgsensor;l2tp_core;lpm_gov_MHSP;mac80211;mac802154;mali_kbase_mt6878_r44;mediatek_drm;mmqos_common;mtk_c2ps;mtk_cam_isp7sp;mtk_cg_peak_power_throttling;mtk_cm_mgr_mt6878;mtk_core_ctl;mtk_cpu_power_throttling;mtk_dvfsrc;mtk_fpsgo;mtk_gpu_power_throttling;mtk_gpufreq_wrapper;mtk_icc_core;mtk_imgsys_cmdq;mtk_imgsys_v4l2;mtk_low_battery_throttling;mtk_lpm;mtk_mbox;mtk_mmdvfs_ftrace;mtk_mml;mtk_peak_power_budget;mtk_perf_common;mtk_swpm_dbg_v6878;mtk_vmm_isp71_regulator;mtu3;powerhal_cpu_ctrl;scheduler;snd_soc_audiodsp_common;task_turbo;thermal_trace;timer_mediatek;tipc;touch_boost;trace_mmstat;ufs_mediatek_mod;uload_ind;usb_logger;xhci_mtk_hcd_v2,54,54,0,1,0,0,1,1,1,1
trace_output_call,0x5013ac7a,KERNEL_OR_BUILTIN,,0,ieee802154;mali_kbase_mt6878_r44;tipc,3,3,0,1,0,0,1,1,1,1
trace_print_array_seq,0xc3bc72ad,KERNEL_OR_BUILTIN,,0,cfg80211;mali_kbase_mt6878_r44;mtk_cam_isp7sp,3,3,0,1,0,0,1,1,1,1
trace_print_flags_seq,0x99078b39,KERNEL_OR_BUILTIN,,0,mali_kbase_mt6878_r44;mtk_cam_isp7sp,2,2,0,1,0,0,1,1,1,1
trace_print_symbols_seq,0xcc5c2df4,KERNEL_OR_BUILTIN,,0,l2tp_core;mali_kbase_mt6878_r44;thermal_trace;tipc;xhci_mtk_hcd_v2,5,5,0,1,0,0,1,1,1,1
trace_raw_output_prep,0xf3c8d647,KERNEL_OR_BUILTIN,,0,aee_aed;apu_top;apusys;blocktag;bt_drv_6878;cfg80211;cpufreq_sugov_ext;cpuqos_v3;ged;ieee802154;imgsensor;l2tp_core;lpm_gov_MHSP;mac80211;mac802154;mali_kbase_mt6878_r44;mediatek_drm;mmqos_common;mtk_c2ps;mtk_cam_isp7sp;mtk_cg_peak_power_throttling;mtk_cm_mgr_mt6878;mtk_core_ctl;mtk_cpu_power_throttling;mtk_dvfsrc;mtk_fpsgo;mtk_gpu_power_throttling;mtk_gpufreq_wrapper;mtk_icc_core;mtk_imgsys_cmdq;mtk_imgsys_v4l2;mtk_low_battery_throttling;mtk_lpm;mtk_mbox;mtk_mmdvfs_ftrace;mtk_mml;mtk_peak_power_budget;mtk_perf_common;mtk_swpm_dbg_v6878;mtk_vmm_isp71_regulator;mtu3;powerhal_cpu_ctrl;scheduler;snd_soc_audiodsp_common;task_turbo;thermal_trace;timer_mediatek;tipc;touch_boost;trace_mmstat;ufs_mediatek_mod;uload_ind;usb_logger;xhci_mtk_hcd_v2,54,54,0,1,0,0,1,1,1,1
trace_seq_printf,0x525d0aa3,KERNEL_OR_BUILTIN,,0,trace_mmstat,1,1,0,1,0,0,1,1,1,1
trace_seq_putc,0x1b5f4377,KERNEL_OR_BUILTIN,,0,trace_mmstat,1,1,0,1,0,0,1,1,1,1
trace_set_clr_event,0xd217e9e6,KERNEL_OR_BUILTIN,,0,ged,1,1,0,1,0,0,0,0,1,1
tracepoint_probe_register,0x95e102ab,KERNEL_OR_BUILTIN,,0,aee_aed;apusys;blocktag;bootprof;cpufreq_sugov_ext;cpuqos_v3;iommu_debug;lpm_gov_MHSP;met;mtk_cm_mgr;mtk_core_ctl;mtk_fpsgo;mtk_mbraink;mtk_mmc_dbg;mtk_pbm;mtk_perf_common;pidmap;scheduler;task_turbo;ufs_mediatek_dbg;ufs_mediatek_mod;usb_boost;usb_logger;usb_offload;xhci_mtk_hcd_v2,25,25,0,1,0,0,1,1,1,1
tracepoint_probe_register_prio,0x9b70c6ff,KERNEL_OR_BUILTIN,,0,lpm_gov_MHSP,1,1,0,1,0,0,0,0,1,1
tracepoint_probe_unregister,0xdbeeece6,KERNEL_OR_BUILTIN,,0,aee_aed;apusys;blocktag;bootprof;cpuqos_v3;lpm_gov_MHSP;met;mtk_cm_mgr;mtk_core_ctl;mtk_fpsgo;mtk_mbraink;mtk_mmc_dbg;mtk_pbm;mtk_perf_common;pidmap;scheduler;ufs_mediatek_dbg;ufs_mediatek_mod;xhci_mtk_hcd_v2,19,19,0,1,0,0,1,1,1,1
tracepoint_srcu,0xc8063a7e,KERNEL_OR_BUILTIN,,0,mtk_core_ctl;ufs_mediatek_dbg,2,2,0,1,0,0,1,1,1,1
tracing_off,0x7944e0fc,KERNEL_OR_BUILTIN,,0,ccci_md_all,1,1,0,1,0,0,1,1,1,1
trigger_vcp_halt,0xb70ba15d,STOCK_MODULE,vcp,1,mtk_vcodec_dec_v1;mtk_vcodec_enc_v1,2,2,0,0,0,0,0,0,0,0
trusted_mem_api_alloc,0x65e5c101,STOCK_MODULE,tmem_ffa,1,mtk_sec_heap,1,1,0,0,0,0,0,0,0,0
trusted_mem_api_get_region_info,0x4e506fde,STOCK_MODULE,tmem_ffa,1,mtk_sec_heap,1,1,0,0,0,0,0,0,0,0
trusted_mem_api_query_pa,0x9d856127,STOCK_MODULE,tmem_ffa,1,mtk_sec_heap,1,1,0,0,0,0,0,0,0,0
trusted_mem_api_unref,0x7be62965,STOCK_MODULE,tmem_ffa,1,mtk_sec_heap,1,1,0,0,0,0,0,0,0,0
trusted_mem_disable_high_freq,0x331d7047,STOCK_MODULE,tmem_ffa,1,mtk_sec_heap,1,1,0,0,0,0,0,0,0,0
trusted_mem_enable_high_freq,0xd389fafb,STOCK_MODULE,tmem_ffa,1,mtk_sec_heap,1,1,0,0,0,0,0,0,0,0
trusted_mem_ffa_query_pa,0x2f0213b6,STOCK_MODULE,tmem_ffa,1,mali_kbase_mt6878_r44;mtk_sec_heap,2,2,0,0,0,0,0,0,0,0
trusted_mem_is_ffa_enabled,0x41b7fbbb,STOCK_MODULE,tmem_ffa,1,mtk_sec_heap,1,1,0,0,0,0,0,0,0,0
trusted_mem_is_page_v2_enabled,0x03d3b7a5,STOCK_MODULE,tmem_ffa,1,mtk_sec_heap,1,1,0,0,0,0,0,0,0,0
trusted_mem_page_based_alloc,0x7830573a,STOCK_MODULE,tmem_ffa,1,mtk_sec_heap,1,1,0,0,0,0,0,0,0,0
trusted_mem_page_based_free,0x20d3a271,STOCK_MODULE,tmem_ffa,1,mtk_sec_heap,1,1,0,0,0,0,0,0,0,0
trusty_adjust_task_attr,0x756ff09a,STOCK_MODULE,gz_trusty_mod,1,gz_main_mod,1,1,0,0,0,0,0,0,0,0
trusty_call_notifier_register,0x5dfe70c3,STOCK_MODULE,gz_trusty_mod,1,gz_irq_mod;gz_log_mod;gz_virtio_mod,3,3,0,0,0,0,0,0,0,0
trusty_call_notifier_unregister,0xe471605a,STOCK_MODULE,gz_trusty_mod,1,gz_irq_mod;gz_log_mod;gz_virtio_mod,3,3,0,0,0,0,0,0,0,0
trusty_callback_notifier_register,0x74a6228c,STOCK_MODULE,gz_trusty_mod,1,gz_virtio_mod,1,1,0,0,0,0,0,0,0,0
trusty_callback_notifier_unregister,0x16f52a10,STOCK_MODULE,gz_trusty_mod,1,gz_virtio_mod,1,1,0,0,0,0,0,0,0,0
trusty_dequeue_nop,0xdd2a1d22,STOCK_MODULE,gz_trusty_mod,1,gz_virtio_mod,1,1,0,0,0,0,0,0,0,0
trusty_dump_systrace,0x1d65a617,STOCK_MODULE,gz_trusty_mod,1,gz_virtio_mod,1,1,0,0,0,0,0,0,0,0
trusty_enqueue_nop,0x0d91978b,STOCK_MODULE,gz_trusty_mod,1,gz_irq_mod;gz_tz_system;gz_virtio_mod,3,3,0,0,0,0,0,0,0,0
trusty_fast_call32,0x0c06e871,STOCK_MODULE,gz_trusty_mod,1,gz_ipc_mod;gz_irq_mod;gz_log_mod;gz_main_mod;gz_virtio_mod,5,5,0,0,0,0,0,0,0,0
trusty_get_api_version,0xbfe5cfb0,STOCK_MODULE,gz_trusty_mod,1,gz_ipc_mod;gz_virtio_mod,2,2,0,0,0,0,0,0,0,0
trusty_nop_set_switch_pri,0x124e8423,STOCK_MODULE,gz_trusty_mod,1,gz_main_mod,1,1,0,0,0,0,0,0,0,0
trusty_std_call32,0x1816bb67,STOCK_MODULE,gz_trusty_mod,1,gz_log_mod;gz_main_mod;gz_tz_system;gz_virtio_mod;sapu,5,5,0,0,0,0,0,0,0,0
trusty_version_str_get,0x4fa52631,STOCK_MODULE,gz_trusty_mod,1,gz_log_mod,1,1,0,0,0,0,0,0,0,0
try_module_get,0xda2e6300,KERNEL_OR_BUILTIN,,0,bluetooth;can;mali_kbase_mt6878_r44;met;mtk_hcp;nfc;ppp_generic;pppox;rfcomm;tkcore;usbserial,11,12,0,1,0,0,1,1,1,1
try_wait_for_completion,0x21ef374c,KERNEL_OR_BUILTIN,,0,mtk_cam_isp7sp;mtk_tinysys_ipi,2,2,0,1,0,0,1,1,1,1
tty_driver_flush_buffer,0xfdef445d,KERNEL_OR_BUILTIN,,0,hci_uart,1,1,0,1,0,0,1,1,1,1
tty_driver_kref_put,0x08bed42f,KERNEL_OR_BUILTIN,,0,cdc_acm;rfcomm;usbserial,3,3,0,1,0,0,0,0,1,1
tty_encode_baud_rate,0x0b36a876,KERNEL_OR_BUILTIN,,0,ftdi_sio,1,1,0,1,0,0,0,0,1,1
tty_flip_buffer_push,0xea734050,KERNEL_OR_BUILTIN,,0,8250_mtk;cdc_acm;ftdi_sio;rfcomm;usbserial,5,5,0,1,0,0,1,1,1,1
tty_get_char_size,0xf72a65ea,KERNEL_OR_BUILTIN,,0,cdc_acm,1,1,0,1,0,0,0,0,1,1
tty_hangup,0xc0c2117c,KERNEL_OR_BUILTIN,,0,usbserial,1,1,0,1,0,0,0,0,1,1
tty_insert_flip_string_fixed_flag,0x53d475f7,KERNEL_OR_BUILTIN,,0,8250_mtk;cdc_acm;ftdi_sio;rfcomm;usbserial,5,5,0,1,0,0,1,1,1,1
tty_kref_put,0x8c44482c,KERNEL_OR_BUILTIN,,0,cdc_acm;ftdi_sio;rfcomm;usbserial,4,4,0,1,0,0,0,0,1,1
tty_ldisc_deref,0x17bebe24,KERNEL_OR_BUILTIN,,0,usbserial,1,1,0,1,0,0,0,0,1,1
tty_ldisc_flush,0x4196ef00,KERNEL_OR_BUILTIN,,0,hci_uart,1,1,0,1,0,0,1,1,1,1
tty_ldisc_ref,0x3b4b7aaa,KERNEL_OR_BUILTIN,,0,usbserial,1,1,0,1,0,0,0,0,1,1
tty_mode_ioctl,0x1f4a18aa,KERNEL_OR_BUILTIN,,0,slcan,1,1,0,1,0,0,0,0,1,1
tty_port_close,0xba7460e7,KERNEL_OR_BUILTIN,,0,cdc_acm;rfcomm;usbserial,3,3,0,1,0,0,0,0,1,1
tty_port_destroy,0x6132a5be,KERNEL_OR_BUILTIN,,0,usbserial,1,1,0,1,0,0,0,0,1,1
tty_port_hangup,0x55daf509,KERNEL_OR_BUILTIN,,0,cdc_acm;rfcomm;usbserial,3,3,0,1,0,0,0,0,1,1
tty_port_init,0x6440e9cb,KERNEL_OR_BUILTIN,,0,cdc_acm;rfcomm;usbserial,3,3,0,1,0,0,0,0,1,1
tty_port_install,0x05b941b3,KERNEL_OR_BUILTIN,,0,rfcomm,1,1,0,1,0,0,0,0,1,1
tty_port_open,0x4fca46d4,KERNEL_OR_BUILTIN,,0,cdc_acm;rfcomm;usbserial,3,3,0,1,0,0,0,0,1,1
tty_port_put,0x533d0e0c,KERNEL_OR_BUILTIN,,0,cdc_acm;rfcomm,2,2,0,1,0,0,0,0,1,1
tty_port_register_device,0xa10677fe,KERNEL_OR_BUILTIN,,0,cdc_acm;rfcomm;usbserial,3,3,0,1,0,0,0,0,1,1
tty_port_tty_get,0xeb94855c,KERNEL_OR_BUILTIN,,0,cdc_acm;ftdi_sio;rfcomm;usbserial,4,4,0,1,0,0,0,0,1,1
tty_port_tty_hangup,0x1ad11bb0,KERNEL_OR_BUILTIN,,0,cdc_acm;rfcomm,2,2,0,1,0,0,0,0,1,1
tty_port_tty_wakeup,0x5e27ac00,KERNEL_OR_BUILTIN,,0,cdc_acm;rfcomm;usbserial,3,3,0,1,0,0,0,0,1,1
tty_register_driver,0x0299ecd8,KERNEL_OR_BUILTIN,,0,cdc_acm;rfcomm;usbserial,3,3,0,1,0,0,0,0,1,1
tty_register_ldisc,0xbe522d42,KERNEL_OR_BUILTIN,,0,hci_uart;slcan,2,2,0,1,0,0,1,1,1,1
tty_set_termios,0x87c1dc46,KERNEL_OR_BUILTIN,,0,hci_uart,1,1,0,1,0,0,1,1,1,1
tty_standard_install,0xa9960e4a,KERNEL_OR_BUILTIN,,0,cdc_acm;usbserial,2,2,0,1,0,0,0,0,1,1
tty_std_termios,0x67b27ec1,KERNEL_OR_BUILTIN,,0,cdc_acm;rfcomm;usbserial,3,3,0,1,0,0,0,0,1,1
tty_termios_baud_rate,0x0bd394d8,KERNEL_OR_BUILTIN,,0,8250_mtk;cdc_acm;ftdi_sio;rfcomm;usbserial,5,5,0,1,0,0,1,1,1,1
tty_termios_copy_hw,0xe816048f,KERNEL_OR_BUILTIN,,0,usbserial,1,1,0,1,0,0,0,0,1,1
tty_termios_encode_baud_rate,0x5641485b,KERNEL_OR_BUILTIN,,0,8250_mtk;hci_uart,2,2,0,1,0,0,1,1,1,1
tty_unregister_device,0xc1752ef0,KERNEL_OR_BUILTIN,,0,cdc_acm;rfcomm;usbserial,3,3,0,1,0,0,0,0,1,1
tty_unregister_driver,0x9c47392c,KERNEL_OR_BUILTIN,,0,cdc_acm;rfcomm;usbserial,3,3,0,1,0,0,0,0,1,1
tty_unregister_ldisc,0x79a3a968,KERNEL_OR_BUILTIN,,0,hci_uart;slcan,2,2,0,1,0,0,1,1,1,1
tty_unthrottle,0x8f2b0c63,KERNEL_OR_BUILTIN,,0,hci_uart,1,1,0,1,0,0,0,0,1,1
tty_vhangup,0x31c8c9b8,KERNEL_OR_BUILTIN,,0,cdc_acm;rfcomm;usbserial,3,3,0,1,0,0,0,0,1,1
tty_wakeup,0x73ae1a0c,KERNEL_OR_BUILTIN,,0,rfcomm,1,1,0,1,0,0,0,0,1,1
turn_off_vvip_balance_overutilized,0x8a5dbd76,STOCK_MODULE,scheduler,1,mtk_fpsgo,1,1,0,0,0,0,0,0,0,0
turn_on_vvip_balance_overutilized,0xde429bd0,STOCK_MODULE,scheduler,1,mtk_fpsgo,1,1,0,0,0,0,0,0,0,0
typec_get_drvdata,0xf97fc2d7,KERNEL_OR_BUILTIN,,0,rt_pd_manager,1,1,0,1,0,0,0,0,1,1
typec_mux_get_drvdata,0x15e08f8a,KERNEL_OR_BUILTIN,,0,mux_switch,1,1,0,1,0,0,1,1,1,1
typec_mux_put,0xfc8df340,KERNEL_OR_BUILTIN,,0,rt_pd_manager,1,1,0,1,0,0,0,0,1,1
typec_mux_register,0xb59ec8f6,KERNEL_OR_BUILTIN,,0,mux_switch,1,1,0,1,0,0,1,1,1,1
typec_mux_set,0x6b3d9465,KERNEL_OR_BUILTIN,,0,rt_pd_manager,1,1,0,1,0,0,1,1,1,1
typec_mux_unregister,0x56d4f794,KERNEL_OR_BUILTIN,,0,mux_switch,1,1,0,1,0,0,1,1,1,1
typec_partner_set_identity,0x273e101f,KERNEL_OR_BUILTIN,,0,rt_pd_manager,1,1,0,1,0,0,1,1,1,1
typec_partner_set_pd_revision,0x3d4ba090,KERNEL_OR_BUILTIN,,0,rt_pd_manager,1,1,0,1,0,0,0,0,1,1
typec_partner_set_svdm_version,0xb9d5c074,KERNEL_OR_BUILTIN,,0,rt_pd_manager,1,1,0,1,0,0,0,0,1,1
typec_register_partner,0xb6bd1071,KERNEL_OR_BUILTIN,,0,rt_pd_manager,1,1,0,1,0,0,1,1,1,1
typec_register_port,0xc278a2d2,KERNEL_OR_BUILTIN,,0,rt_pd_manager,1,1,0,1,0,0,1,1,1,1
typec_set_data_role,0x9c7b0769,KERNEL_OR_BUILTIN,,0,rt_pd_manager,1,1,0,1,0,0,1,1,1,1
typec_set_orientation,0x7d728b62,KERNEL_OR_BUILTIN,,0,rt_pd_manager,1,1,0,1,0,0,1,1,1,1
typec_set_pwr_opmode,0xff8dc427,KERNEL_OR_BUILTIN,,0,rt_pd_manager,1,1,0,1,0,0,1,1,1,1
typec_set_pwr_role,0x2ceb5865,KERNEL_OR_BUILTIN,,0,rt_pd_manager,1,1,0,1,0,0,1,1,1,1
typec_set_vconn_role,0x6d0ae7ae,KERNEL_OR_BUILTIN,,0,rt_pd_manager,1,1,0,1,0,0,1,1,1,1
typec_switch_get_drvdata,0x34867dd9,KERNEL_OR_BUILTIN,,0,mux_switch,1,1,0,1,0,0,1,1,1,1
typec_switch_register,0x9929df97,KERNEL_OR_BUILTIN,,0,mux_switch,1,1,0,1,0,0,1,1,1,1
typec_switch_unregister,0x3c4b6a63,KERNEL_OR_BUILTIN,,0,mux_switch,1,1,0,1,0,0,1,1,1,1
typec_unregister_partner,0xed5bd3c5,KERNEL_OR_BUILTIN,,0,rt_pd_manager,1,1,0,1,0,0,1,1,1,1
typec_unregister_port,0x2be254c6,KERNEL_OR_BUILTIN,,0,rt_pd_manager,1,1,0,1,0,0,1,1,1,1
tz_system_dev,0xebab6727,STOCK_MODULE,gz_tz_system,1,gz_main_mod,1,1,0,0,0,0,0,0,0,0
uart_get_baud_rate,0x82472299,KERNEL_OR_BUILTIN,,0,8250_mtk,1,1,0,1,0,0,1,1,1,1
uart_get_divisor,0xa9d1a146,KERNEL_OR_BUILTIN,,0,8250_mtk,1,1,0,1,0,0,1,1,1,1
uart_update_timeout,0xcea67f4d,KERNEL_OR_BUILTIN,,0,8250_mtk,1,1,0,1,0,0,1,1,1,1
uclamp_eff_value,0xb35eaea1,KERNEL_OR_BUILTIN,,0,mtk_fpsgo;scheduler,2,2,0,1,0,0,1,1,1,1
udp6_set_csum,0x2b6945b5,KERNEL_OR_BUILTIN,,0,l2tp_core,1,1,0,1,0,0,0,0,1,1
udp_set_csum,0xa61148a7,KERNEL_OR_BUILTIN,,0,l2tp_core,1,1,0,1,0,0,0,0,1,1
udp_sock_create4,0x37d2c34f,KERNEL_OR_BUILTIN,,0,l2tp_core;tipc,2,2,0,1,0,0,0,0,1,1
udp_sock_create6,0xec652a9e,KERNEL_OR_BUILTIN,,0,l2tp_core;tipc,2,2,0,1,0,0,0,0,1,1
udp_tunnel6_xmit_skb,0x5106a9d0,KERNEL_OR_BUILTIN,,0,tipc,1,1,0,1,0,0,0,0,1,1
udp_tunnel_sock_release,0x8d386e7d,KERNEL_OR_BUILTIN,,0,tipc,1,1,0,1,0,0,0,0,1,1
udp_tunnel_xmit_skb,0xb583abe2,KERNEL_OR_BUILTIN,,0,tipc,1,1,0,1,0,0,0,0,1,1
ufs_mtk_dbg_dump,0x4450d17e,STOCK_MODULE,ufs_mediatek_dbg,1,ufs_mediatek_mod,1,1,0,0,0,0,0,0,0,0
ufs_mtk_dbg_register,0xfdcf9afc,STOCK_MODULE,ufs_mediatek_dbg,1,ufs_mediatek_mod,1,1,0,0,0,0,0,0,0,0
ufs_mtk_dbg_tp_register,0xe8fd450b,STOCK_MODULE,ufs_mediatek_dbg,1,ufs_mediatek_mod,1,1,0,0,0,0,0,0,0,0
ufs_mtk_dbg_tp_unregister,0x53fce8fe,STOCK_MODULE,ufs_mediatek_dbg,1,ufs_mediatek_mod,1,1,0,0,0,0,0,0,0,0
ufs_mtk_eh_abort,0xa8788bdc,STOCK_MODULE,ufs_mediatek_dbg,1,ufs_mediatek_mod,1,1,0,0,0,0,0,0,0,0
ufs_mtk_eh_err_cnt,0x930b1259,STOCK_MODULE,ufs_mediatek_dbg,1,ufs_mediatek_mod,1,1,0,0,0,0,0,0,0,0
ufs_mtk_eh_unipro_set_lpm,0xa91dba3d,STOCK_MODULE,ufs_mediatek_dbg,1,ufs_mediatek_mod,1,1,0,0,0,0,0,0,0,0
ufs_mtk_rpmb_get_raw_dev,0x4dfeeb1d,STOCK_MODULE,ufs_mediatek_mod,1,rpmb_mtk,1,1,0,0,0,0,0,0,0,0
ufshcd_config_pwr_mode,0x7fea5f06,KERNEL_OR_BUILTIN,,0,ufs_mediatek_mod,1,1,0,1,0,0,0,0,1,1
ufshcd_delay_us,0x723b1abf,KERNEL_OR_BUILTIN,,0,ufs_mediatek_mod,1,1,0,1,0,0,1,1,1,1
ufshcd_dme_configure_adapt,0x4770f9b9,KERNEL_OR_BUILTIN,,0,ufs_mediatek_mod,1,1,0,1,0,0,1,1,1,1
ufshcd_dme_get_attr,0x8928b337,KERNEL_OR_BUILTIN,,0,ufs_mediatek_dbg;ufs_mediatek_mod,2,2,0,1,0,0,1,1,1,1
ufshcd_dme_set_attr,0x708a8a04,KERNEL_OR_BUILTIN,,0,ufs_mediatek_mod,1,1,0,1,0,0,1,1,1,1
ufshcd_dump_regs,0xb77e84b1,KERNEL_OR_BUILTIN,,0,ufs_mediatek_mod,1,1,0,1,0,0,1,1,1,1
ufshcd_fixup_dev_quirks,0xd8bf8388,KERNEL_OR_BUILTIN,,0,ufs_mediatek_mod,1,1,0,1,0,0,1,1,1,1
ufshcd_get_pwr_dev_param,0x7a0460ff,KERNEL_OR_BUILTIN,,0,ufs_mediatek_mod,1,1,0,1,0,0,1,1,1,1
ufshcd_hba_enable,0x8ee7b6fa,KERNEL_OR_BUILTIN,,0,ufs_mediatek_mod,1,1,0,1,0,0,1,1,1,1
ufshcd_hba_stop,0xcc8acc00,KERNEL_OR_BUILTIN,,0,ufs_mediatek_mod,1,1,0,1,0,0,1,1,1,1
ufshcd_hold,0xbde7219d,KERNEL_OR_BUILTIN,,0,ufs_mediatek_mod,1,1,0,1,0,0,0,0,1,1
ufshcd_init_pwr_dev_param,0x54c946de,KERNEL_OR_BUILTIN,,0,ufs_mediatek_mod,1,1,0,1,0,0,1,1,1,1
ufshcd_link_recovery,0x89f8ef66,KERNEL_OR_BUILTIN,,0,ufs_mediatek_mod,1,1,0,1,0,0,1,1,1,1
ufshcd_make_hba_operational,0x1168ff72,KERNEL_OR_BUILTIN,,0,ufs_mediatek_mod,1,1,0,1,0,0,1,1,1,1
ufshcd_mcq_config_mac,0xd1787215,KERNEL_OR_BUILTIN,,0,ufs_mediatek_mod,1,1,0,1,0,0,0,0,1,1
ufshcd_mcq_make_queues_operational,0x1d22bd73,KERNEL_OR_BUILTIN,,0,ufs_mediatek_mod,1,1,0,1,0,0,0,0,1,1
ufshcd_mcq_poll_cqe_lock,0x373bfb09,KERNEL_OR_BUILTIN,,0,ufs_mediatek_mod,1,1,0,1,0,0,0,0,1,1
ufshcd_mcq_read_cqis,0xeafc7b98,KERNEL_OR_BUILTIN,,0,ufs_mediatek_mod,1,1,0,1,0,0,0,0,1,1
ufshcd_mcq_write_cqis,0x35c6b5e8,KERNEL_OR_BUILTIN,,0,ufs_mediatek_mod,1,1,0,1,0,0,0,0,1,1
ufshcd_pltfrm_init,0xa4f65af3,KERNEL_OR_BUILTIN,,0,ufs_mediatek_mod,1,1,0,1,0,0,1,1,1,1
ufshcd_query_attr,0x9165ddde,KERNEL_OR_BUILTIN,,0,ufs_mediatek_mod,1,1,0,1,0,0,1,1,1,1
ufshcd_query_descriptor_retry,0x4483b314,KERNEL_OR_BUILTIN,,0,ufs_mediatek_mod,1,1,0,1,0,0,1,1,1,1
ufshcd_query_flag,0x5d5b119c,KERNEL_OR_BUILTIN,,0,ufs_mediatek_mod,1,1,0,1,0,0,1,1,1,1
ufshcd_read_desc_param,0x99742b4a,KERNEL_OR_BUILTIN,,0,ufs_mediatek_mod,1,1,0,1,0,0,1,1,1,1
ufshcd_release,0xc4600916,KERNEL_OR_BUILTIN,,0,ufs_mediatek_mod,1,1,0,1,0,0,0,0,1,1
ufshcd_remove,0x653ec2e0,KERNEL_OR_BUILTIN,,0,ufs_mediatek_mod,1,1,0,1,0,0,1,1,1,1
ufshcd_resume_complete,0x015f1ff6,KERNEL_OR_BUILTIN,,0,ufs_mediatek_mod,1,1,0,1,0,0,1,1,1,1
ufshcd_runtime_resume,0x0cc8115a,KERNEL_OR_BUILTIN,,0,ufs_mediatek_mod,1,1,0,1,0,0,1,1,1,1
ufshcd_runtime_suspend,0x32f7c29d,KERNEL_OR_BUILTIN,,0,ufs_mediatek_mod,1,1,0,1,0,0,1,1,1,1
ufshcd_suspend_prepare,0xf6bd39a3,KERNEL_OR_BUILTIN,,0,ufs_mediatek_mod,1,1,0,1,0,0,1,1,1,1
ufshcd_system_resume,0x7dd8e502,KERNEL_OR_BUILTIN,,0,ufs_mediatek_mod,1,1,0,1,0,0,1,1,1,1
ufshcd_system_suspend,0x57360baf,KERNEL_OR_BUILTIN,,0,ufs_mediatek_mod,1,1,0,1,0,0,1,1,1,1
ufshcd_uic_change_pwr_mode,0x40283b29,KERNEL_OR_BUILTIN,,0,ufs_mediatek_mod,1,1,0,1,0,0,1,1,1,1
ufshcd_uic_hibern8_exit,0xe7db6d8d,KERNEL_OR_BUILTIN,,0,ufs_mediatek_mod,1,1,0,1,0,0,1,1,1,1
ufshcd_update_evt_hist,0x2d615762,KERNEL_OR_BUILTIN,,0,ufs_mediatek_mod,1,1,0,1,0,0,1,1,1,1
ultra_set_dsp_afe,0xadff5b82,STOCK_MODULE,snd_soc_mtk_scp_ultra,1,snd_soc_mt6878_afe,1,1,0,0,0,0,0,0,0,0
unlock_page,0x196234a5,KERNEL_OR_BUILTIN,,0,mali_kbase_mt6878_r44;zsmalloc,2,2,0,1,1,0,1,1,1,1
unmap_mapping_range,0xc97d8bcd,KERNEL_OR_BUILTIN,,0,mali_kbase_mt6878_r44,1,1,0,1,0,0,1,1,1,1
unpin_user_page,0x2230a631,KERNEL_OR_BUILTIN,,0,mali_kbase_mt6878_r44,1,1,0,1,0,0,1,1,1,1
unpin_user_pages_dirty_lock,0xd1f9799d,KERNEL_OR_BUILTIN,,0,gzvm,1,1,0,1,0,0,0,0,1,1
unreg_loading_tracking_sp,0x9a17c2d9,STOCK_MODULE,load_track,1,uload_ind,1,1,0,0,0,0,0,0,0,0
unregister_3way_semaphore_notifier,0x05f5fa5d,STOCK_MODULE,mtk_afe_external,1,scp,1,1,0,0,0,0,0,0,0,0
unregister_afe_allocate_mem_notifier,0xfd129482,STOCK_MODULE,mtk_afe_external,1,mtk_scp_ultra;mtk_scp_vow,2,2,0,0,0,0,0,0,0,0
unregister_blkdev,0xb5a459dc,KERNEL_OR_BUILTIN,,0,zram,1,1,0,1,0,0,1,1,1,1
unregister_candev,0x9ae27a5a,STOCK_MODULE,can_dev,1,slcan,1,1,0,0,0,0,0,0,0,0
unregister_chrdev_region,0x6091b333,KERNEL_OR_BUILTIN,,0,apusys;bt_drv_6878;camera_dpe_isp7sp;camera_eeprom_v4l2;ccci_util_lib;connadp;connfem;conninfra;connscp;flashlight;fmradio_drv_connac2x;gps_drv_dl_v051;gps_pwr;gps_scp;gz_ipc_mod;mdp_drv_mt6878;mt6369_accdet;mtk_ccd_remoteproc;mtk_ccuv;mtk_hcp;mtk_mbraink;mtk_vcu;pda_drv_mt6878;rpmb_mtk;sec;teeperf;widevine_driver;wlan_drv_gen4m_6878;wmt_chrdev_wifi_connac2,29,29,0,1,0,0,1,1,1,1
unregister_die_notifier,0x121d958a,KERNEL_OR_BUILTIN,,0,mrdump,1,1,0,1,0,0,1,1,1,1
unregister_dvfsrc_debug_notifier,0x3d633d61,STOCK_MODULE,mtk_dvfsrc,1,mtk_dvfsrc_helper,1,1,0,0,0,0,0,0,0,0
unregister_get_fpsgo_is_boosting_fp,0xbb7a4c1d,STOCK_MODULE,powerhal_cpu_ctrl,1,mtk_fpsgo,1,1,0,0,0,0,0,0,0,0
unregister_hang_callback,0x6d63eda1,STOCK_MODULE,monitor_hang,1,mtk_heap_debug,1,1,0,0,0,0,0,0,0,0
unregister_inet6addr_notifier,0x2fe252cc,KERNEL_OR_BUILTIN,,0,mac80211,1,1,0,1,0,0,0,0,1,1
unregister_inetaddr_notifier,0xfe029963,KERNEL_OR_BUILTIN,,0,mac80211;wlan_drv_gen4m_6878,2,2,0,1,0,0,1,1,1,1
unregister_lpm_logger_mbrain_dbg_ops,0x116424dd,STOCK_MODULE,mtk_lpm_dbg_common_v2,1,mtk_lpm_dbg_mt6878,1,1,0,0,0,0,0,0,0,0
unregister_lpm_mbrain_dbg_ops,0x6ae9e1e8,STOCK_MODULE,mtk_lpm_dbg_common_v2,1,mtk_lpm_dbg_mt6878,1,1,0,0,0,0,0,0,0,0
unregister_lpm_sys_res_ops,0x93e66ee6,STOCK_MODULE,mtk_lpm_dbg_common_v2,1,mtk_lpm_dbg_mt6878,1,1,0,0,0,0,0,0,0,0
unregister_mmdvfs_notifier,0xf0ee8d51,STOCK_MODULE,mtk_mmdvfs,1,mmqos_common,1,1,0,0,0,0,0,0,0,0
unregister_module_notifier,0x6a5ecb18,KERNEL_OR_BUILTIN,,0,aee_aed;mrdump,2,2,0,1,0,0,1,1,1,1
unregister_net_sysctl_table,0xd53c67b3,KERNEL_OR_BUILTIN,,0,ieee802154_6lowpan;tipc,2,2,0,1,0,0,0,0,1,1
unregister_netdev,0x4ab68b33,KERNEL_OR_BUILTIN,,0,can_dev;ccmni;mtk_u_ether;r8152;rtl8150;usbnet;wlan_drv_gen4m_6878,7,7,0,1,0,0,1,1,1,1
unregister_netdevice_many,0x9fdecc31,KERNEL_OR_BUILTIN,,0,8021q;mac80211;ppp_generic;wwan,4,4,0,1,0,0,0,0,1,1
unregister_netdevice_notifier,0x9d0d6206,KERNEL_OR_BUILTIN,,0,6lowpan;8021q;can_bcm;can_gw;can_raw;cfg80211;ieee802154;ieee802154_6lowpan;mac80211;mac802154;mddp;tipc;wlan_drv_gen4m_6878,13,13,0,1,0,0,1,1,1,1
unregister_netdevice_queue,0xc7086c08,KERNEL_OR_BUILTIN,,0,6lowpan;8021q;cfg80211;mac80211;mac802154;ppp_generic;wwan,7,7,0,1,0,0,0,0,1,1
unregister_oom_notifier,0xc617f82c,KERNEL_OR_BUILTIN,,0,mali_kbase_mt6878_r44;mtk_heap_debug,2,2,0,1,0,0,1,1,1,1
unregister_pernet_device,0x35887880,KERNEL_OR_BUILTIN,,0,cfg80211;ieee802154;l2tp_core;l2tp_ppp;ppp_generic;tipc,6,6,0,1,0,0,0,0,1,1
unregister_pernet_subsys,0xa19edd2d,KERNEL_OR_BUILTIN,,0,8021q;can;can_bcm;can_gw;ieee802154_6lowpan;mddp;tipc,7,7,0,1,0,0,1,1,1,1
unregister_pm_notifier,0x7681946c,KERNEL_OR_BUILTIN,,0,aee_hangdet;bluetooth;bt_drv_6878;conninfra;log_store;mdp_drv_mt6878;mt6375_battery;mtk_cam_isp7sp;mtk_mbraink;r8152;rtc_mt6685;sensorhub;wlan_drv_gen4m_6878,13,14,0,1,0,0,1,1,1,1
unregister_pppox_proto,0xe0ff7a18,STOCK_MODULE,pppox,1,l2tp_ppp;pptp,2,2,0,0,0,0,0,0,0,0
unregister_reboot_notifier,0xac1a55be,KERNEL_OR_BUILTIN,,0,aee_hangdet;log_store;reboot_mode;sec,4,4,0,1,0,0,1,1,1,1
unregister_rpmsg_driver,0xeab85c26,KERNEL_OR_BUILTIN,,0,apu_top;apusys;ccd_rpmsg;sapu,4,4,0,1,0,0,1,1,1,1
unregister_shrinker,0x7f691249,KERNEL_OR_BUILTIN,,0,mali_kbase_mt6878_r44;mali_mgm_mt6878_r44;zsmalloc,3,3,0,1,0,0,1,1,1,1
unregister_sysctl_table,0xd691c6a9,KERNEL_OR_BUILTIN,,0,ccmni,1,1,0,1,0,0,1,1,1,1
unregister_tcp_dev_notifier,0x83986f60,STOCK_MODULE,tcpc_class,1,mtk_chg_type_det;mtk_pd_adapter;rt_pd_manager,3,3,0,0,0,0,0,0,0,0
unregister_ultra_afe_hw_free_notifier,0x750e084e,STOCK_MODULE,mtk_afe_external,1,snd_soc_mtk_scp_ultra,1,1,0,0,0,0,0,0,0,0
unregister_virtio_device,0xb9c34a5e,KERNEL_OR_BUILTIN,,0,gz_virtio_mod,1,1,0,1,0,0,1,1,1,1
unregister_virtio_driver,0x0b251408,KERNEL_OR_BUILTIN,,0,gz_ipc_mod,1,1,0,1,0,0,1,1,1,1
unregister_vow_ipi_send_notifier,0xcb82ff30,STOCK_MODULE,mtk_afe_external,1,mtk_scp_vow,1,1,0,0,0,0,0,0,0,0
unset_task_basic_vip,0x4f6827d2,STOCK_MODULE,scheduler,1,mtk_c2ps;mtk_fpsgo,2,2,0,0,0,0,0,0,0,0
unset_task_ls,0x31048bfd,STOCK_MODULE,scheduler,1,mtk_fpsgo,1,1,0,0,0,0,0,0,0,0
unset_task_ls_prefer_cpus,0x3e590506,STOCK_MODULE,scheduler,1,mtk_fpsgo,1,1,0,0,0,0,0,0,0,0
unset_task_vvip,0x645be3ff,STOCK_MODULE,scheduler,1,mtk_fpsgo,1,1,0,0,0,0,0,0,0,0
up,0xcf2a6966,KERNEL_OR_BUILTIN,,0,aee_aed;aee_rs;bt_drv_6878;conninfra;connscp;fmradio_drv_connac2x;gps_scp;mediatek_drm;mtk_vcodec_dec_v1;mtk_vcodec_enc_v1;mtk_vcu;sec;tcpc_class;tkcore;ufs_mediatek_mod;wlan_drv_gen4m_6878,16,16,0,1,0,0,1,1,1,1
up_read,0x6b50e951,KERNEL_OR_BUILTIN,,0,gz_tz_system;gzvm;hbt;hidp;mali_kbase_mt6878_r44;monitor_hang;mtk_heap_debug;ppp_generic;zram,9,9,0,1,1,0,1,1,1,1
up_write,0x20d81059,KERNEL_OR_BUILTIN,,0,ccci_md_all;cpudvfs;drm_dma_helper;hbt;hidp;mali_dmabuf_test_mt6878_r44;mali_kbase_mt6878_r44;mediatek_drm;monitor_hang;mtk_aie;ppp_generic;snd_soc_mtk_common;teeperf;tmem_ffa;zram,15,15,0,1,1,0,1,1,1,1
update_active_ratio_all,0xe9b09d13,STOCK_MODULE,cpufreq_sugov_ext,1,scheduler,1,1,0,0,0,0,0,0,0,0
update_devfreq,0x04e5f3e0,KERNEL_OR_BUILTIN,,0,apu_top,1,1,0,1,0,0,1,1,1,1
update_driver_l0_reset_status,0xcbaf7037,STOCK_MODULE,wmt_chrdev_wifi_connac2,1,wlan_drv_gen4m_6878,1,1,0,0,0,0,0,0,0,0
update_driver_loaded_status,0xca971b10,STOCK_MODULE,wmt_chrdev_wifi_connac2,1,wlan_drv_gen4m_6878,1,1,0,0,0,0,0,0,0,0
update_driver_reset_status,0xad15b09f,STOCK_MODULE,wmt_chrdev_wifi_connac2,1,wlan_drv_gen4m_6878,1,1,0,0,0,0,0,0,0,0
update_pelt_data,0x23544d9a,STOCK_MODULE,cpufreq_sugov_ext,1,scheduler,1,1,0,0,0,0,0,0,0,0
update_pre_cal_status,0xe5562d03,STOCK_MODULE,wmt_chrdev_wifi_connac2,1,wlan_drv_gen4m_6878,1,1,0,0,0,0,0,0,0,0
update_rq_clock,0x7ff431ed,KERNEL_OR_BUILTIN,,0,mtk_c2ps;scheduler;task_turbo,3,3,0,1,0,0,1,1,1,1
update_uartlog_status,0x5f2612a8,STOCK_MODULE,mtk_printk_ctrl,1,met_backlight_api,1,1,0,0,0,0,0,0,0,0
update_uartlog_status_symbol,0x4fa205f7,STOCK_MODULE,met,1,met_backlight_api,1,1,0,0,0,0,0,0,0,0
update_wl_tbl,0x7ca36604,STOCK_MODULE,cpufreq_sugov_ext,1,scheduler,1,1,0,0,0,0,0,0,0,0
usb_add_config,0x26f6d399,KERNEL_OR_BUILTIN,,0,usb_meta,1,1,0,1,0,0,1,1,1,1
usb_add_function,0xb4f1d050,KERNEL_OR_BUILTIN,,0,c2k_usb;usb_meta,2,2,0,1,0,0,1,1,1,1
usb_add_gadget_udc,0x18c96487,KERNEL_OR_BUILTIN,,0,mtu3,1,1,0,1,0,0,1,1,1,1
usb_add_hcd,0xa85ddb88,KERNEL_OR_BUILTIN,,0,xhci_mtk_hcd_v2,1,1,0,1,0,0,1,1,1,1
usb_alloc_coherent,0xbb455825,KERNEL_OR_BUILTIN,,0,cdc_acm,1,1,0,1,0,0,0,0,1,1
usb_alloc_urb,0xe5714f41,KERNEL_OR_BUILTIN,,0,cdc_acm;cdc_eem;r8152;rtl8150;usbnet;usbserial,6,6,0,1,0,0,0,0,1,1
usb_altnum_to_altsetting,0xffcd2f4e,KERNEL_OR_BUILTIN,,0,cdc_ncm;xhci_mtk_hcd_v2,2,2,0,1,0,0,0,0,1,1
usb_anchor_urb,0x50a30a2a,KERNEL_OR_BUILTIN,,0,cdc_acm;usbnet,2,2,0,1,0,0,0,0,1,1
usb_assign_descriptors,0x79921d0b,KERNEL_OR_BUILTIN,,0,mtk_usb_f_rndis,1,1,0,1,0,0,1,1,1,1
usb_autopm_get_interface,0x46d9f3e3,KERNEL_OR_BUILTIN,,0,aqc111;cdc_acm;ftdi_sio;r8152;usbnet;usbserial,6,6,0,1,0,0,0,0,1,1
usb_autopm_get_interface_async,0xd0f2ee17,KERNEL_OR_BUILTIN,,0,cdc_acm;r8152;usbnet,3,3,0,1,0,0,0,0,1,1
usb_autopm_get_interface_no_resume,0x1f929ea3,KERNEL_OR_BUILTIN,,0,cdc_acm;usbnet,2,2,0,1,0,0,0,0,1,1
usb_autopm_put_interface,0x073f3d9b,KERNEL_OR_BUILTIN,,0,aqc111;cdc_acm;ftdi_sio;r8152;usbnet;usbserial,6,6,0,1,0,0,0,0,1,1
usb_autopm_put_interface_async,0xe3eace12,KERNEL_OR_BUILTIN,,0,cdc_acm;r8152;usbnet,3,3,0,1,0,0,0,0,1,1
usb_boost_vcore_control,0x3baf1d95,STOCK_MODULE,usb_boost,1,usb_offload,1,1,0,0,0,0,0,0,0,0
usb_check_bulk_endpoints,0x7cd79799,KERNEL_OR_BUILTIN,,0,usbnet,1,1,0,1,0,0,0,0,1,1
usb_clear_halt,0x41337a4e,KERNEL_OR_BUILTIN,,0,cdc_acm;usbnet,2,2,0,1,0,0,0,0,1,1
usb_composite_probe,0xb3b3201b,KERNEL_OR_BUILTIN,,0,usb_meta,1,1,0,1,0,0,1,1,1,1
usb_composite_unregister,0x8fbf7e81,KERNEL_OR_BUILTIN,,0,usb_meta,1,1,0,1,0,0,1,1,1,1
usb_control_msg,0xd11cfb2a,KERNEL_OR_BUILTIN,,0,aqc111;cdc_acm;cdc_ether;ftdi_sio;r8152;usbnet,6,6,0,1,0,0,0,0,1,1
usb_control_msg_recv,0xa3dfc77c,KERNEL_OR_BUILTIN,,0,ftdi_sio;rtl8150,2,2,0,1,0,0,0,0,1,1
usb_control_msg_send,0xadf959d4,KERNEL_OR_BUILTIN,,0,rtl8150,1,1,0,1,0,0,0,0,1,1
usb_copy_descriptors,0x2e09263f,KERNEL_OR_BUILTIN,,0,c2k_usb,1,1,0,1,0,0,1,1,1,1
usb_create_hcd,0xb28c2fa9,KERNEL_OR_BUILTIN,,0,xhci_mtk_hcd_v2,1,1,0,1,0,0,1,1,1,1
usb_create_shared_hcd,0xdd54bd2d,KERNEL_OR_BUILTIN,,0,xhci_mtk_hcd_v2,1,1,0,1,0,0,1,1,1,1
usb_debug_root,0xfad7aa72,KERNEL_OR_BUILTIN,,0,mtu3;xhci_mtk_hcd_v2,2,2,0,1,0,0,1,1,1,1
usb_del_gadget_udc,0xf46f2300,KERNEL_OR_BUILTIN,,0,mtu3,1,1,0,1,0,0,1,1,1,1
usb_deregister,0x1c3c3cf8,KERNEL_OR_BUILTIN,,0,aqc111;asix;ax88179_178a;cdc_acm;cdc_eem;cdc_ether;cdc_ncm;r8152;r8153_ecm;rtl8150;usbserial,11,11,0,1,0,0,1,1,1,1
usb_deregister_device_driver,0xdadf653f,KERNEL_OR_BUILTIN,,0,r8152,1,1,0,0,0,0,0,0,0,0
usb_disabled,0x19a304ba,KERNEL_OR_BUILTIN,,0,usbserial;xhci_mtk_hcd_v2,2,2,0,1,0,0,1,1,1,1
usb_driver_claim_interface,0x38b6fa85,KERNEL_OR_BUILTIN,,0,cdc_acm;cdc_ether;cdc_ncm;usbserial,4,4,0,1,0,0,0,0,1,1
usb_driver_release_interface,0x3275b233,KERNEL_OR_BUILTIN,,0,cdc_acm;cdc_ether;cdc_ncm;usbserial,4,4,0,1,0,0,0,0,1,1
usb_driver_set_configuration,0x737cedcc,KERNEL_OR_BUILTIN,,0,aqc111,1,1,0,1,0,0,0,0,1,1
usb_enable_lpm,0x6be99a8a,KERNEL_OR_BUILTIN,,0,r8152,1,1,0,1,0,0,0,0,1,1
usb_ep_alloc_request,0x880d48e4,KERNEL_OR_BUILTIN,,0,c2k_usb;mtk_u_ether;mtk_usb_f_rndis,3,3,0,1,0,0,1,1,1,1
usb_ep_autoconfig,0x72aedefe,KERNEL_OR_BUILTIN,,0,c2k_usb;mtk_usb_f_rndis,2,2,0,1,0,0,1,1,1,1
usb_ep_dequeue,0xbadfaba7,KERNEL_OR_BUILTIN,,0,c2k_usb;usb_meta,2,2,0,1,0,0,1,1,1,1
usb_ep_disable,0x1aec8cdd,KERNEL_OR_BUILTIN,,0,c2k_usb;mtk_u_ether;mtk_usb_f_rndis,3,3,0,1,0,0,1,1,1,1
usb_ep_enable,0x2dbea237,KERNEL_OR_BUILTIN,,0,c2k_usb;mtk_u_ether;mtk_usb_f_rndis,3,3,0,1,0,0,1,1,1,1
usb_ep_free_request,0x1d6766db,KERNEL_OR_BUILTIN,,0,c2k_usb;mtk_u_ether;mtk_usb_f_rndis,3,3,0,1,0,0,1,1,1,1
usb_ep_queue,0xd4616fc7,KERNEL_OR_BUILTIN,,0,c2k_usb;mtk_u_ether;mtk_usb_f_rndis,3,3,0,1,0,0,1,1,1,1
usb_ep_set_halt,0x8310b89e,KERNEL_OR_BUILTIN,,0,mtu3,1,1,0,1,0,0,1,1,1,1
usb_ep_set_maxpacket_limit,0x77ec757b,KERNEL_OR_BUILTIN,,0,mtu3,1,1,0,1,0,0,1,1,1,1
usb_ep_type_string,0x1a146ec3,KERNEL_OR_BUILTIN,,0,mtu3,1,1,0,1,0,0,1,1,1,1
usb_find_common_endpoints,0x93c7edeb,KERNEL_OR_BUILTIN,,0,cdc_acm;r8152,2,2,0,1,0,0,0,0,1,1
usb_free_all_descriptors,0xddfc1c21,KERNEL_OR_BUILTIN,,0,mtk_usb_f_rndis,1,1,0,1,0,0,1,1,1,1
usb_free_coherent,0x10ead029,KERNEL_OR_BUILTIN,,0,cdc_acm,1,1,0,1,0,0,0,0,1,1
usb_free_urb,0x041b314a,KERNEL_OR_BUILTIN,,0,cdc_acm;cdc_eem;r8152;rtl8150;usbnet;usbserial,6,6,0,1,0,0,0,0,1,1
usb_function_register,0xed4379fe,KERNEL_OR_BUILTIN,,0,c2k_usb_f_via_atc;c2k_usb_f_via_ets;c2k_usb_f_via_modem;mtk_usb_f_rndis,4,4,0,1,0,0,1,1,1,1
usb_function_unregister,0x3de341e7,KERNEL_OR_BUILTIN,,0,c2k_usb_f_via_atc;c2k_usb_f_via_ets;c2k_usb_f_via_modem;mtk_usb_f_rndis,4,4,0,1,0,0,1,1,1,1
usb_gadget_connect,0x6600a5fe,KERNEL_OR_BUILTIN,,0,usb_meta,1,1,0,1,0,0,1,1,1,1
usb_gadget_disconnect,0xfbd2710e,KERNEL_OR_BUILTIN,,0,usb_meta,1,1,0,1,0,0,1,1,1,1
usb_gadget_giveback_request,0x3cfd9348,KERNEL_OR_BUILTIN,,0,mtu3,1,1,0,1,0,0,1,1,1,1
usb_gadget_map_request,0xeaddc31a,KERNEL_OR_BUILTIN,,0,mtu3,1,1,0,1,0,0,1,1,1,1
usb_gadget_register_driver_owner,0xe12088d0,KERNEL_OR_BUILTIN,,0,usb_meta,1,1,0,1,0,0,0,0,1,1
usb_gadget_set_selfpowered,0x5bf42f93,KERNEL_OR_BUILTIN,,0,usb_meta,1,1,0,1,0,0,1,1,1,1
usb_gadget_set_state,0xfb228107,KERNEL_OR_BUILTIN,,0,mtu3,1,1,0,1,0,0,1,1,1,1
usb_gadget_unmap_request,0xe0d4c188,KERNEL_OR_BUILTIN,,0,mtu3,1,1,0,1,0,0,1,1,1,1
usb_get_dev,0x5aff53a1,KERNEL_OR_BUILTIN,,0,usbserial,1,1,0,1,0,0,0,0,1,1
usb_get_dr_mode,0x1c6d0246,KERNEL_OR_BUILTIN,,0,mtu3,1,1,0,1,0,0,1,1,1,1
usb_get_from_anchor,0x5ec6dfcd,KERNEL_OR_BUILTIN,,0,cdc_acm;usbnet,2,2,0,1,0,0,0,0,1,1
usb_get_function,0x1fdad91c,KERNEL_OR_BUILTIN,,0,usb_meta,1,1,0,1,0,0,1,1,1,1
usb_get_function_instance,0xbb39a545,KERNEL_OR_BUILTIN,,0,usb_meta,1,1,0,1,0,0,1,1,1,1
usb_get_intf,0xab6a8303,KERNEL_OR_BUILTIN,,0,cdc_acm;usbserial,2,2,0,1,0,0,0,0,1,1
usb_get_maximum_speed,0x9301ed75,KERNEL_OR_BUILTIN,,0,mtu3,1,1,0,1,0,0,1,1,1,1
usb_get_role_switch_default_mode,0x533bc2cc,KERNEL_OR_BUILTIN,,0,mtu3,1,1,0,1,0,0,1,1,1,1
usb_get_urb,0x80335c11,KERNEL_OR_BUILTIN,,0,usbnet,1,1,0,1,0,0,0,0,1,1
usb_gstrings_attach,0x882a293f,KERNEL_OR_BUILTIN,,0,mtk_usb_f_rndis,1,1,0,1,0,0,1,1,1,1
usb_hc_died,0xcf36bf41,KERNEL_OR_BUILTIN,,0,xhci_mtk_hcd_v2,1,1,0,1,0,0,0,0,1,1
usb_hcd_check_unlink_urb,0x34c34625,KERNEL_OR_BUILTIN,,0,xhci_mtk_hcd_v2,1,1,0,1,0,0,0,0,1,1
usb_hcd_end_port_resume,0xa935cba4,KERNEL_OR_BUILTIN,,0,xhci_mtk_hcd_v2,1,1,0,1,0,0,1,1,1,1
usb_hcd_giveback_urb,0x0efbce6b,KERNEL_OR_BUILTIN,,0,xhci_mtk_hcd_v2,1,1,0,1,0,0,0,0,1,1
usb_hcd_irq,0x70cf032f,KERNEL_OR_BUILTIN,,0,xhci_mtk_hcd_v2,1,1,0,1,0,0,0,0,1,1
usb_hcd_is_primary_hcd,0x29906c2f,KERNEL_OR_BUILTIN,,0,usb_offload;xhci_mtk_hcd_v2,2,2,0,1,0,0,1,1,1,1
usb_hcd_link_urb_to_ep,0xdeb2c756,KERNEL_OR_BUILTIN,,0,xhci_mtk_hcd_v2,1,1,0,1,0,0,0,0,1,1
usb_hcd_map_urb_for_dma,0x9fc35a66,KERNEL_OR_BUILTIN,,0,xhci_mtk_hcd_v2,1,1,0,1,0,0,0,0,1,1
usb_hcd_poll_rh_status,0xc9c702e0,KERNEL_OR_BUILTIN,,0,xhci_mtk_hcd_v2,1,1,0,1,0,0,1,1,1,1
usb_hcd_resume_root_hub,0x18dfd09e,KERNEL_OR_BUILTIN,,0,xhci_mtk_hcd_v2,1,1,0,1,0,0,0,0,1,1
usb_hcd_start_port_resume,0x5bc576dd,KERNEL_OR_BUILTIN,,0,xhci_mtk_hcd_v2,1,1,0,1,0,0,1,1,1,1
usb_hcd_unlink_urb_from_ep,0x2146f0f8,KERNEL_OR_BUILTIN,,0,xhci_mtk_hcd_v2,1,1,0,1,0,0,0,0,1,1
usb_hcd_unmap_urb_for_dma,0x6ed65a4b,KERNEL_OR_BUILTIN,,0,xhci_mtk_hcd_v2,1,1,0,1,0,0,0,0,1,1
usb_hub_clear_tt_buffer,0xa8cdee93,KERNEL_OR_BUILTIN,,0,xhci_mtk_hcd_v2,1,1,0,1,0,0,1,1,1,1
usb_ifnum_to_if,0xc86c94d9,KERNEL_OR_BUILTIN,,0,cdc_acm;cdc_ether;cdc_ncm;usb_offload;xhci_mtk_hcd_v2,5,5,0,1,0,0,0,0,1,1
usb_interface_id,0x2d78741b,KERNEL_OR_BUILTIN,,0,c2k_usb;mtk_usb_f_rndis,2,2,0,1,0,0,1,1,1,1
usb_kill_urb,0xa3d91a1f,KERNEL_OR_BUILTIN,,0,cdc_acm;r8152;rtl8150;usbnet;usbserial,5,5,0,1,0,0,0,0,1,1
usb_match_id,0x799344e6,KERNEL_OR_BUILTIN,,0,usbserial,1,1,0,1,0,0,0,0,1,1
usb_match_one_id,0xe8d1aae9,KERNEL_OR_BUILTIN,,0,usbserial,1,1,0,1,0,0,0,0,1,1
usb_os_desc_prepare_interf_dir,0xd79f9939,KERNEL_OR_BUILTIN,,0,mtk_usb_f_rndis,1,1,0,1,0,0,1,1,1,1
usb_poison_urb,0xbbecda2e,KERNEL_OR_BUILTIN,,0,cdc_acm;usbserial,2,2,0,1,0,0,0,0,1,1
usb_put_dev,0xe4ba0187,KERNEL_OR_BUILTIN,,0,usbserial,1,1,0,1,0,0,0,0,1,1
usb_put_function,0xddc6e910,KERNEL_OR_BUILTIN,,0,usb_meta,1,1,0,1,0,0,1,1,1,1
usb_put_function_instance,0xadb03e1c,KERNEL_OR_BUILTIN,,0,c2k_usb;mtk_usb_f_rndis;usb_meta,3,3,0,1,0,0,1,1,1,1
usb_put_hcd,0x4174560b,KERNEL_OR_BUILTIN,,0,xhci_mtk_hcd_v2,1,1,0,1,0,0,1,1,1,1
usb_put_intf,0xe0d43b8e,KERNEL_OR_BUILTIN,,0,cdc_acm;usbserial,2,2,0,1,0,0,0,0,1,1
usb_queue_reset_device,0x23734d3f,KERNEL_OR_BUILTIN,,0,r8152,1,1,0,1,0,0,0,0,1,1
usb_register_device_driver,0xb4a30ad8,KERNEL_OR_BUILTIN,,0,r8152,1,1,0,0,0,0,0,0,0,0
usb_register_driver,0x99cfcf4a,KERNEL_OR_BUILTIN,,0,aqc111;asix;ax88179_178a;cdc_acm;cdc_eem;cdc_ether;cdc_ncm;r8152;r8153_ecm;rtl8150;usbserial,11,11,0,1,0,0,1,1,1,1
usb_remove_function,0x3fe9f497,KERNEL_OR_BUILTIN,,0,usb_meta,1,1,0,1,0,0,1,1,1,1
usb_remove_hcd,0x39effec3,KERNEL_OR_BUILTIN,,0,xhci_mtk_hcd_v2,1,1,0,1,0,0,1,1,1,1
usb_reset_configuration,0x389cb481,KERNEL_OR_BUILTIN,,0,aqc111,1,1,0,1,0,0,0,0,1,1
usb_reset_device,0x7fa4336f,KERNEL_OR_BUILTIN,,0,r8152,1,1,0,1,0,0,0,0,1,1
usb_role_string,0x39aa4888,KERNEL_OR_BUILTIN,,0,mtu3,1,1,0,1,0,0,1,1,1,1
usb_role_switch_get,0x8f4a6fa5,KERNEL_OR_BUILTIN,,0,extcon_mtk_usb,1,1,0,1,0,0,1,1,1,1
usb_role_switch_get_drvdata,0x1690b503,KERNEL_OR_BUILTIN,,0,mtu3,1,1,0,1,0,0,1,1,1,1
usb_role_switch_register,0x7724f469,KERNEL_OR_BUILTIN,,0,mtu3,1,1,0,1,0,0,1,1,1,1
usb_role_switch_set_role,0xd5474690,KERNEL_OR_BUILTIN,,0,extcon_mtk_usb,1,1,0,1,0,0,1,1,1,1
usb_role_switch_unregister,0x2882d40e,KERNEL_OR_BUILTIN,,0,mtu3,1,1,0,1,0,0,1,1,1,1
usb_root_hub_lost_power,0x0db2b181,KERNEL_OR_BUILTIN,,0,xhci_mtk_hcd_v2,1,1,0,1,0,0,0,0,1,1
usb_serial_deregister_drivers,0xdfd4095f,STOCK_MODULE,usbserial,1,ftdi_sio,1,1,0,0,0,0,0,0,0,0
usb_serial_generic_get_icount,0x74d1d966,STOCK_MODULE,usbserial,1,ftdi_sio,1,1,0,0,0,0,0,0,0,0
usb_serial_generic_open,0x3ee6671b,STOCK_MODULE,usbserial,1,ftdi_sio,1,1,0,0,0,0,0,0,0,0
usb_serial_generic_throttle,0x4d805469,STOCK_MODULE,usbserial,1,ftdi_sio,1,1,0,0,0,0,0,0,0,0
usb_serial_generic_tiocmiwait,0xfa18e2de,STOCK_MODULE,usbserial,1,ftdi_sio,1,1,0,0,0,0,0,0,0,0
usb_serial_generic_unthrottle,0x907bc480,STOCK_MODULE,usbserial,1,ftdi_sio,1,1,0,0,0,0,0,0,0,0
usb_serial_handle_dcd_change,0xd1a0a186,STOCK_MODULE,usbserial,1,ftdi_sio,1,1,0,0,0,0,0,0,0,0
usb_serial_register_drivers,0x0cdad411,STOCK_MODULE,usbserial,1,ftdi_sio,1,1,0,0,0,0,0,0,0,0
usb_set_configuration,0x58ece092,KERNEL_OR_BUILTIN,,0,r8152,1,1,0,0,0,0,0,0,0,0
usb_set_interface,0x77a03e36,KERNEL_OR_BUILTIN,,0,cdc_ncm;usbnet,2,2,0,1,0,0,0,0,1,1
usb_show_dynids,0xc17e9946,KERNEL_OR_BUILTIN,,0,usbserial,1,1,0,1,0,0,0,0,1,1
usb_speed_string,0x77ae495d,KERNEL_OR_BUILTIN,,0,mtu3,1,1,0,1,0,0,1,1,1,1
usb_store_new_id,0xe1fe3992,KERNEL_OR_BUILTIN,,0,usbserial,1,1,0,1,0,0,0,0,1,1
usb_string,0x15940f97,KERNEL_OR_BUILTIN,,0,usbnet,1,1,0,1,0,0,0,0,1,1
usb_string_id,0x46f8e09f,KERNEL_OR_BUILTIN,,0,c2k_usb;usb_meta,2,2,0,1,0,0,1,1,1,1
usb_submit_urb,0xd137f0b4,KERNEL_OR_BUILTIN,,0,cdc_acm;cdc_eem;r8152;rtl8150;usbnet;usbserial,6,6,0,1,0,0,0,0,1,1
usb_unlink_urb,0x52ed5635,KERNEL_OR_BUILTIN,,0,rtl8150;usbnet,2,2,0,1,0,0,0,0,1,1
usb_unpoison_urb,0x1fe59e6a,KERNEL_OR_BUILTIN,,0,cdc_acm;usbserial,2,2,0,1,0,0,0,0,1,1
usb_wakeup_notification,0x3fb23962,KERNEL_OR_BUILTIN,,0,xhci_mtk_hcd_v2,1,1,0,1,0,0,1,1,1,1
usbnet_cdc_bind,0x58bb6803,STOCK_MODULE,cdc_ether,1,r8153_ecm,1,1,0,0,0,0,0,0,0,0
usbnet_cdc_status,0x64358e1e,STOCK_MODULE,cdc_ether,1,r8153_ecm,1,1,0,0,0,0,0,0,0,0
usbnet_cdc_unbind,0x2e5cd3da,STOCK_MODULE,cdc_ether,1,r8153_ecm,1,1,0,0,0,0,0,0,0,0
usbnet_cdc_update_filter,0xcf94e72f,STOCK_MODULE,cdc_ether,1,cdc_ncm,1,1,0,0,0,0,0,0,0,0
usbnet_change_mtu,0xdf1db1f5,STOCK_MODULE,usbnet,1,asix,1,1,0,0,0,0,1,1,0,1
usbnet_defer_kevent,0x6e3c218b,STOCK_MODULE,usbnet,1,aqc111,1,1,0,0,0,0,0,0,0,0
usbnet_device_suggests_idle,0x4225b869,STOCK_MODULE,usbnet,1,cdc_eem,1,1,0,0,0,0,0,0,0,0
usbnet_disconnect,0xfe1e5ee6,STOCK_MODULE,usbnet,1,aqc111;asix;ax88179_178a;cdc_eem;cdc_ether;cdc_ncm;r8153_ecm,7,7,0,0,0,0,1,1,0,1
usbnet_get_drvinfo,0xa5701874,STOCK_MODULE,usbnet,1,aqc111;asix;cdc_ether;cdc_ncm,4,4,0,0,0,0,1,1,0,1
usbnet_get_endpoints,0xb30fc515,STOCK_MODULE,usbnet,1,aqc111;asix;ax88179_178a;cdc_eem;cdc_ether,5,5,0,0,0,0,1,1,0,1
usbnet_get_ethernet_addr,0x67d3b4c3,STOCK_MODULE,usbnet,1,cdc_ether;cdc_ncm,2,2,0,0,0,0,0,0,0,0
usbnet_get_link,0xa8e792b0,STOCK_MODULE,usbnet,1,asix;cdc_ether;cdc_ncm,3,3,0,0,0,0,1,1,0,1
usbnet_get_link_ksettings_internal,0xe3c529b7,STOCK_MODULE,usbnet,1,cdc_ether;cdc_ncm,2,2,0,0,0,0,0,0,0,0
usbnet_get_link_ksettings_mii,0x2d9393b2,STOCK_MODULE,usbnet,1,asix,1,1,0,0,0,0,1,1,0,1
usbnet_get_msglevel,0xaa53e6df,STOCK_MODULE,usbnet,1,aqc111;asix;ax88179_178a;cdc_ether;cdc_ncm,5,5,0,0,0,0,1,1,0,1
usbnet_link_change,0x8a855afb,STOCK_MODULE,usbnet,1,asix;ax88179_178a;cdc_ether;cdc_ncm,4,4,0,0,0,0,1,1,0,1
usbnet_manage_power,0x93c58c3a,STOCK_MODULE,usbnet,1,cdc_ether;cdc_ncm;r8153_ecm,3,3,0,0,0,0,0,0,0,0
usbnet_nway_reset,0x44c1d620,STOCK_MODULE,usbnet,1,asix;ax88179_178a;cdc_ether;cdc_ncm,4,4,0,0,0,0,1,1,0,1
usbnet_open,0x37e3dac8,STOCK_MODULE,usbnet,1,aqc111;asix;ax88179_178a;cdc_ncm,4,4,0,0,0,0,1,1,0,1
usbnet_probe,0xa6db5d48,STOCK_MODULE,usbnet,1,aqc111;asix;ax88179_178a;cdc_eem;cdc_ether;cdc_ncm;r8153_ecm,7,7,0,0,0,0,1,1,0,1
usbnet_read_cmd,0xa46394ea,STOCK_MODULE,usbnet,1,aqc111;asix;ax88179_178a;cdc_ncm;r8153_ecm,5,5,0,0,0,0,1,1,0,1
usbnet_read_cmd_nopm,0x721f340d,STOCK_MODULE,usbnet,1,aqc111;asix;ax88179_178a,3,3,0,0,0,0,1,1,0,1
usbnet_resume,0xb279d24c,STOCK_MODULE,usbnet,1,aqc111;asix;ax88179_178a;cdc_eem;cdc_ether;cdc_ncm;r8153_ecm,7,7,0,0,0,0,1,1,0,1
usbnet_set_link_ksettings_mii,0x3f50bb22,STOCK_MODULE,usbnet,1,asix,1,1,0,0,0,0,1,1,0,1
usbnet_set_msglevel,0xcbf61848,STOCK_MODULE,usbnet,1,aqc111;asix;ax88179_178a;cdc_ether;cdc_ncm,5,5,0,0,0,0,1,1,0,1
usbnet_set_rx_mode,0xb92478a6,STOCK_MODULE,usbnet,1,cdc_ncm,1,1,0,0,0,0,0,0,0,0
usbnet_skb_return,0x7602f70e,STOCK_MODULE,usbnet,1,aqc111;asix;ax88179_178a;cdc_eem;cdc_ncm,5,5,0,0,0,0,1,1,0,1
usbnet_start_xmit,0x64b56e3d,STOCK_MODULE,usbnet,1,aqc111;asix;ax88179_178a;cdc_ncm,4,4,0,0,0,0,1,1,0,1
usbnet_stop,0x1328858d,STOCK_MODULE,usbnet,1,aqc111;asix;ax88179_178a;cdc_ncm,4,4,0,0,0,0,1,1,0,1
usbnet_suspend,0xf5d2649e,STOCK_MODULE,usbnet,1,aqc111;asix;ax88179_178a;cdc_eem;cdc_ether;cdc_ncm;r8153_ecm,7,7,0,0,0,0,1,1,0,1
usbnet_tx_timeout,0x93fad802,STOCK_MODULE,usbnet,1,aqc111;asix;ax88179_178a;cdc_ncm,4,4,0,0,0,0,1,1,0,1
usbnet_unlink_rx_urbs,0xbc6ac02a,STOCK_MODULE,usbnet,1,asix;cdc_ncm,2,2,0,0,0,0,1,1,0,1
usbnet_update_max_qlen,0x8e4b4478,STOCK_MODULE,usbnet,1,asix;ax88179_178a;cdc_ncm,3,3,0,0,0,0,1,1,0,1
usbnet_write_cmd,0xf6bbc53f,STOCK_MODULE,usbnet,1,asix;ax88179_178a;cdc_ncm;r8153_ecm,4,4,0,0,0,0,1,1,0,1
usbnet_write_cmd_async,0x54bea6a3,STOCK_MODULE,usbnet,1,aqc111;asix;ax88179_178a,3,3,0,0,0,0,1,1,0,1
usbnet_write_cmd_nopm,0xee57cfe4,STOCK_MODULE,usbnet,1,asix;ax88179_178a,2,2,0,0,0,0,1,1,0,1
usleep_range_state,0xc3055d20,KERNEL_OR_BUILTIN,,0,8250_mtk;adsp;aee_hangdet;apusys;asix;audio_ipi;aw883xx_driver;bt_drv_6878;cdc_ncm;conninfra;custom_ldo_wl2868;drm_display_helper;dw9781c;focaltech_touch_spi_ft3680;gps_drv_dl_v051;gz_tz_system;hci_uart;main2_vcm;main3_vcm;main4_vcm;main_vcm;mediatek_cpufreq_hw;mediatek_drm;mt6315_regulator;mt6369_accdet;mt6375_adc;mt6375_auxadc;mt6375_battery;mt6375_charger;mt6685_audclk;mtk_cam_isp7sp;mtk_ccuv;mtk_dvfsrc;mtk_iommu;mtk_irtx_pwm;mtk_lpm_dbg_common_v2;mtk_mmc;mtk_mmdvfs_v3;mtk_mml;mtk_scp_audiocommon;mtk_scpsys;mtk_smi_dbg;mtk_spmi_pmic_adc;mtk_uart_apdma;mtk_vcodec_dec_v1;mtk_vcodec_enc_v1;mtk_vcu;mtu3;nvmem_mt635x_efuse;panel_ky_vtdr6115_dphy_cmd;pda_drv_mt6878;phy_mtk_xsphy;r8152;reset_ti_syscon;rt6160_regulator;sapu;sensorhub;snd_soc_mt6369;snd_soc_tfa98xx;soc_temp_lvts;st21nfc;sub_vcm;tcpc_class;tcpc_mt6375;tkcore_drv;uarthub_drv;ufs_mediatek_mod;vcp;wlan_drv_gen4m_6878;xhci_mtk_hcd_v2,70,70,0,1,0,0,1,1,1,1
uuid_null,0x6dcf857f,KERNEL_OR_BUILTIN,,0,ffa_v10,1,1,0,1,0,0,1,1,1,1
uuid_parse,0xb67fec0e,KERNEL_OR_BUILTIN,,0,ffa_v10,1,1,0,1,0,0,0,0,1,1
v4l2_async_nf_cleanup,0xdad12cba,KERNEL_OR_BUILTIN,,0,mtk_cam_isp7sp;mtk_composite,2,2,0,1,0,0,0,0,1,1
v4l2_async_nf_init,0xc88abf32,KERNEL_OR_BUILTIN,,0,camera_af_media;mtk_cam_isp7sp;mtk_composite,3,3,0,1,0,0,0,0,1,1
v4l2_async_nf_parse_fwnode_endpoints,0xde590e4b,KERNEL_OR_BUILTIN,,0,camera_af_media;mtk_cam_isp7sp;mtk_composite,3,3,0,1,0,0,0,0,1,1
v4l2_async_nf_register,0x8be566ca,KERNEL_OR_BUILTIN,,0,camera_af_media;mtk_cam_isp7sp;mtk_composite,3,3,0,1,0,0,0,0,1,1
v4l2_async_nf_unregister,0xc74894f9,KERNEL_OR_BUILTIN,,0,camera_af_media;mtk_cam_isp7sp;mtk_composite,3,3,0,1,0,0,0,0,1,1
v4l2_async_register_subdev,0x64ab86bc,KERNEL_OR_BUILTIN,,0,aw36515;aw36518;aw36518_v2;dw9781c;imgsensor;main2_vcm;main3_vcm;main4_vcm;main_vcm;sub_vcm,10,10,0,1,0,0,0,0,1,1
v4l2_async_unregister_subdev,0x2592ea78,KERNEL_OR_BUILTIN,,0,dw9781c;imgsensor;main2_vcm;main3_vcm;main4_vcm;main_vcm;sub_vcm,7,7,0,1,0,0,0,0,1,1
v4l2_ctrl_find,0x67d88e33,KERNEL_OR_BUILTIN,,0,mtk_cam_isp7sp,1,1,0,1,0,0,1,1,1,1
v4l2_ctrl_g_ctrl,0xc61a51b2,KERNEL_OR_BUILTIN,,0,mtk_cam_isp7sp,1,1,0,1,0,0,1,1,1,1
v4l2_ctrl_g_ctrl_int64,0x1ed85ebb,KERNEL_OR_BUILTIN,,0,mtk_cam_isp7sp,1,1,0,1,0,0,1,1,1,1
v4l2_ctrl_handler_free,0x2cac929d,KERNEL_OR_BUILTIN,,0,aw36515;aw36518;aw36518_v2;dw9781c;imgsensor;main2_vcm;main3_vcm;main4_vcm;main_vcm;mtk_cam_isp7sp;mtk_imgsys_v4l2;mtk_jpeg;mtk_vcodec_dec_v1;mtk_vcodec_enc_v1;sub_vcm,15,15,0,1,0,0,1,1,1,1
v4l2_ctrl_handler_init_class,0x699e1454,KERNEL_OR_BUILTIN,,0,aw36515;aw36518;aw36518_v2;dw9781c;imgsensor;main2_vcm;main3_vcm;main4_vcm;main_vcm;mtk_cam_isp7sp;mtk_imgsys_v4l2;mtk_jpeg;mtk_vcodec_dec_v1;mtk_vcodec_enc_v1;sub_vcm,15,15,0,1,0,0,1,1,1,1
v4l2_ctrl_handler_setup,0xe7627b8d,KERNEL_OR_BUILTIN,,0,mtk_jpeg;mtk_vcodec_dec_v1;mtk_vcodec_enc_v1,3,3,0,1,0,0,1,1,1,1
v4l2_ctrl_new_custom,0x16b78ed7,KERNEL_OR_BUILTIN,,0,imgsensor;mtk_cam_isp7sp;mtk_vcodec_dec_v1;mtk_vcodec_enc_v1,4,4,0,1,0,0,1,1,1,1
v4l2_ctrl_new_std,0x8e267b3b,KERNEL_OR_BUILTIN,,0,aw36515;aw36518;aw36518_v2;imgsensor;main2_vcm;main3_vcm;main4_vcm;main_vcm;mtk_imgsys_v4l2;mtk_jpeg;mtk_vcodec_dec_v1;mtk_vcodec_enc_v1;sub_vcm,13,13,0,1,0,0,1,1,1,1
v4l2_ctrl_new_std_menu,0x63b9ef43,KERNEL_OR_BUILTIN,,0,aw36515;aw36518;aw36518_v2;mtk_vcodec_enc_v1,4,4,0,1,0,0,1,1,1,1
v4l2_ctrl_new_std_menu_items,0x446596ec,KERNEL_OR_BUILTIN,,0,imgsensor;mtk_cam_isp7sp,2,2,0,1,0,0,1,1,1,1
v4l2_ctrl_request_complete,0xe15aaabf,KERNEL_OR_BUILTIN,,0,mtk_aie;mtk_cam_isp7sp;mtk_imgsys_v4l2,3,3,0,1,0,0,1,1,1,1
v4l2_ctrl_request_setup,0x8415ca25,KERNEL_OR_BUILTIN,,0,mtk_cam_isp7sp,1,1,0,1,0,0,1,1,1,1
v4l2_ctrl_subdev_subscribe_event,0x4aa4c9ea,KERNEL_OR_BUILTIN,,0,mtk_cam_isp7sp,1,1,0,1,0,0,1,1,1,1
v4l2_ctrl_subscribe_event,0x08390c25,KERNEL_OR_BUILTIN,,0,mtk_aie;mtk_cam_isp7sp;mtk_imgsys_v4l2;mtk_jpeg;mtk_vcodec_dec_v1;mtk_vcodec_enc_v1,6,6,0,1,0,0,1,1,1,1
v4l2_device_register,0x01e9e124,KERNEL_OR_BUILTIN,,0,camera_af_media;camera_dpe_isp7sp;mtk_aie;mtk_cam_isp7sp;mtk_composite;mtk_imgsys_v4l2;mtk_jpeg;mtk_vcodec_dec_v1;mtk_vcodec_enc_v1,9,9,0,1,0,0,1,1,1,1
v4l2_device_register_subdev,0xfad94f9a,KERNEL_OR_BUILTIN,,0,mtk_cam_isp7sp;mtk_imgsys_v4l2,2,2,0,1,0,0,1,1,1,1
v4l2_device_unregister,0xeae16906,KERNEL_OR_BUILTIN,,0,camera_af_media;camera_dpe_isp7sp;mtk_aie;mtk_cam_isp7sp;mtk_composite;mtk_imgsys_v4l2;mtk_jpeg;mtk_vcodec_dec_v1;mtk_vcodec_enc_v1,9,9,0,1,0,0,1,1,1,1
v4l2_device_unregister_subdev,0x833bc630,KERNEL_OR_BUILTIN,,0,aw36515;aw36518;aw36518_v2;mtk_cam_isp7sp;mtk_imgsys_v4l2,5,5,0,1,0,0,1,1,1,1
v4l2_event_queue,0x776d3a82,KERNEL_OR_BUILTIN,,0,mtk_cam_isp7sp;mtk_imgsys_v4l2,2,2,0,1,0,0,1,1,1,1
v4l2_event_queue_fh,0x367b05b1,KERNEL_OR_BUILTIN,,0,mtk_jpeg;mtk_vcodec_dec_v1;mtk_vcodec_enc_v1,3,3,0,1,0,0,1,1,1,1
v4l2_event_subdev_unsubscribe,0xb88cea22,KERNEL_OR_BUILTIN,,0,mtk_cam_isp7sp;mtk_imgsys_v4l2,2,2,0,1,0,0,1,1,1,1
v4l2_event_subscribe,0xc0908856,KERNEL_OR_BUILTIN,,0,mtk_cam_isp7sp;mtk_imgsys_v4l2;mtk_vcodec_dec_v1;mtk_vcodec_enc_v1,4,4,0,1,0,0,1,1,1,1
v4l2_event_unsubscribe,0x928a9ca7,KERNEL_OR_BUILTIN,,0,mtk_aie;mtk_cam_isp7sp;mtk_imgsys_v4l2;mtk_jpeg;mtk_vcodec_dec_v1;mtk_vcodec_enc_v1,6,6,0,1,0,0,1,1,1,1
v4l2_fh_add,0x47054090,KERNEL_OR_BUILTIN,,0,mtk_aie;mtk_jpeg;mtk_vcodec_dec_v1;mtk_vcodec_enc_v1,4,4,0,1,0,0,1,1,1,1
v4l2_fh_del,0x992b6dbe,KERNEL_OR_BUILTIN,,0,mtk_aie;mtk_jpeg;mtk_vcodec_dec_v1;mtk_vcodec_enc_v1,4,4,0,1,0,0,1,1,1,1
v4l2_fh_exit,0xabc41d67,KERNEL_OR_BUILTIN,,0,mtk_aie;mtk_jpeg;mtk_vcodec_dec_v1;mtk_vcodec_enc_v1,4,4,0,1,0,0,1,1,1,1
v4l2_fh_init,0x9acb357d,KERNEL_OR_BUILTIN,,0,mtk_aie;mtk_jpeg;mtk_vcodec_dec_v1;mtk_vcodec_enc_v1,4,4,0,1,0,0,1,1,1,1
v4l2_fh_is_singular,0x6a2d2791,KERNEL_OR_BUILTIN,,0,mtk_vcodec_dec_v1;mtk_vcodec_enc_v1,2,2,0,1,0,0,1,1,1,1
v4l2_fh_open,0xafe782ce,KERNEL_OR_BUILTIN,,0,mtk_cam_isp7sp;mtk_imgsys_v4l2,2,2,0,1,0,0,1,1,1,1
v4l2_format_info,0x28b12cc9,KERNEL_OR_BUILTIN,,0,mtk_cam_isp7sp,1,1,0,1,0,0,1,1,1,1
v4l2_fwnode_endpoint_parse,0x9dcd6cfe,KERNEL_OR_BUILTIN,,0,imgsensor,1,1,0,1,0,0,0,0,1,1
v4l2_i2c_subdev_init,0xd566efee,KERNEL_OR_BUILTIN,,0,dw9781c;imgsensor;main2_vcm;main3_vcm;main4_vcm;main_vcm;sub_vcm,7,7,0,1,0,0,1,1,1,1
v4l2_m2m_buf_copy_metadata,0xf39f6d21,KERNEL_OR_BUILTIN,,0,mtk_aie,1,1,0,1,0,0,1,1,1,1
v4l2_m2m_buf_queue,0xb1ca6c94,KERNEL_OR_BUILTIN,,0,mtk_aie;mtk_jpeg;mtk_vcodec_common,3,3,0,1,0,0,1,1,1,1
v4l2_m2m_buf_queue_check,0x31e2e02d,STOCK_MODULE,mtk_vcodec_common,1,mtk_vcodec_dec_v1;mtk_vcodec_enc_v1,2,2,0,0,0,0,0,0,0,0
v4l2_m2m_buf_remove,0xc34c3fbf,KERNEL_OR_BUILTIN,,0,mtk_aie;mtk_jpeg;mtk_vcodec_common;mtk_vcodec_dec_v1;mtk_vcodec_enc_v1,5,5,0,1,0,0,1,1,1,1
v4l2_m2m_ctx_init,0x80c11d51,KERNEL_OR_BUILTIN,,0,mtk_aie;mtk_jpeg;mtk_vcodec_dec_v1;mtk_vcodec_enc_v1,4,4,0,1,0,0,1,1,1,1
v4l2_m2m_ctx_release,0x18303dbd,KERNEL_OR_BUILTIN,,0,mtk_aie;mtk_jpeg;mtk_vcodec_dec_v1;mtk_vcodec_enc_v1,4,4,0,1,0,0,1,1,1,1
v4l2_m2m_dqbuf,0x6c9393f1,KERNEL_OR_BUILTIN,,0,mtk_vcodec_dec_v1;mtk_vcodec_enc_v1,2,2,0,1,0,0,1,1,1,1
v4l2_m2m_fop_mmap,0xd7abccb7,KERNEL_OR_BUILTIN,,0,mtk_aie;mtk_jpeg;mtk_vcodec_dec_v1;mtk_vcodec_enc_v1,4,4,0,1,0,0,1,1,1,1
v4l2_m2m_fop_poll,0x580f3b6e,KERNEL_OR_BUILTIN,,0,mtk_aie;mtk_jpeg;mtk_vcodec_dec_v1;mtk_vcodec_enc_v1,4,4,0,1,0,0,1,1,1,1
v4l2_m2m_get_curr_priv,0x459e133f,KERNEL_OR_BUILTIN,,0,mtk_aie;mtk_jpeg,2,2,0,1,0,0,1,1,1,1
v4l2_m2m_get_vq,0x3c0b508f,KERNEL_OR_BUILTIN,,0,mtk_aie;mtk_jpeg;mtk_vcodec_dec_v1;mtk_vcodec_enc_v1,4,4,0,1,0,0,1,1,1,1
v4l2_m2m_init,0x730f2eae,KERNEL_OR_BUILTIN,,0,mtk_aie;mtk_jpeg;mtk_vcodec_dec_v1;mtk_vcodec_enc_v1,4,4,0,1,0,0,1,1,1,1
v4l2_m2m_ioctl_create_bufs,0x1358fe47,KERNEL_OR_BUILTIN,,0,mtk_aie;mtk_jpeg;mtk_vcodec_dec_v1;mtk_vcodec_enc_v1,4,4,0,1,0,0,1,1,1,1
v4l2_m2m_ioctl_dqbuf,0x5d2f2f4b,KERNEL_OR_BUILTIN,,0,mtk_aie;mtk_jpeg,2,2,0,1,0,0,1,1,1,1
v4l2_m2m_ioctl_expbuf,0x4eb76570,KERNEL_OR_BUILTIN,,0,mtk_aie;mtk_jpeg;mtk_vcodec_dec_v1;mtk_vcodec_enc_v1,4,4,0,1,0,0,1,1,1,1
v4l2_m2m_ioctl_prepare_buf,0x810497e7,KERNEL_OR_BUILTIN,,0,mtk_aie;mtk_jpeg;mtk_vcodec_enc_v1,3,3,0,1,0,0,1,1,1,1
v4l2_m2m_ioctl_qbuf,0x33b403ac,KERNEL_OR_BUILTIN,,0,mtk_aie;mtk_jpeg,2,2,0,1,0,0,1,1,1,1
v4l2_m2m_ioctl_querybuf,0x0b98ac20,KERNEL_OR_BUILTIN,,0,mtk_aie;mtk_jpeg;mtk_vcodec_dec_v1;mtk_vcodec_enc_v1,4,4,0,1,0,0,1,1,1,1
v4l2_m2m_ioctl_reqbufs,0xf68c89b7,KERNEL_OR_BUILTIN,,0,mtk_aie;mtk_jpeg;mtk_vcodec_enc_v1,3,3,0,1,0,0,1,1,1,1
v4l2_m2m_ioctl_streamoff,0x0879d3aa,KERNEL_OR_BUILTIN,,0,mtk_aie;mtk_jpeg;mtk_vcodec_dec_v1;mtk_vcodec_enc_v1,4,4,0,1,0,0,1,1,1,1
v4l2_m2m_ioctl_streamon,0xca0644c6,KERNEL_OR_BUILTIN,,0,mtk_aie;mtk_jpeg;mtk_vcodec_dec_v1;mtk_vcodec_enc_v1,4,4,0,1,0,0,1,1,1,1
v4l2_m2m_job_finish,0xd4bc2c54,KERNEL_OR_BUILTIN,,0,mtk_aie;mtk_jpeg;mtk_vcodec_dec_v1;mtk_vcodec_enc_v1,4,4,0,1,0,0,1,1,1,1
v4l2_m2m_next_buf,0x81687266,KERNEL_OR_BUILTIN,,0,mtk_aie;mtk_jpeg;mtk_vcodec_common;mtk_vcodec_dec_v1;mtk_vcodec_enc_v1,5,5,0,1,0,0,1,1,1,1
v4l2_m2m_qbuf,0x3b8e59d9,KERNEL_OR_BUILTIN,,0,mtk_jpeg;mtk_vcodec_dec_v1;mtk_vcodec_enc_v1,3,3,0,1,0,0,1,1,1,1
v4l2_m2m_register_media_controller,0x18ff3315,KERNEL_OR_BUILTIN,,0,mtk_aie,1,1,0,1,0,0,1,1,1,1
v4l2_m2m_release,0xc6fca5ad,KERNEL_OR_BUILTIN,,0,mtk_aie;mtk_jpeg;mtk_vcodec_dec_v1;mtk_vcodec_enc_v1,4,4,0,1,0,0,1,1,1,1
v4l2_m2m_reqbufs,0x326723a4,KERNEL_OR_BUILTIN,,0,mtk_vcodec_dec_v1,1,1,0,0,0,0,0,0,0,0
v4l2_m2m_request_queue,0xf0c0176c,KERNEL_OR_BUILTIN,,0,mtk_aie,1,1,0,1,0,0,1,1,1,1
v4l2_m2m_streamoff,0xec027c7b,KERNEL_OR_BUILTIN,,0,mtk_vcodec_dec_v1;mtk_vcodec_enc_v1,2,2,0,1,0,0,1,1,1,1
v4l2_m2m_try_schedule,0xe6f6dff7,KERNEL_OR_BUILTIN,,0,mtk_vcodec_dec_v1;mtk_vcodec_enc_v1,2,2,0,1,0,0,1,1,1,1
v4l2_m2m_unregister_media_controller,0xf13ff84d,KERNEL_OR_BUILTIN,,0,mtk_aie,1,1,0,1,0,0,1,1,1,1
v4l2_pipeline_link_notify,0xa46f633d,KERNEL_OR_BUILTIN,,0,mtk_cam_isp7sp,1,1,0,1,0,0,1,1,1,1
v4l2_src_change_event_subscribe,0xa4ba5148,KERNEL_OR_BUILTIN,,0,mtk_jpeg;mtk_vcodec_dec_v1,2,2,0,1,0,0,1,1,1,1
v4l2_subdev_call_wrappers,0xb643b519,KERNEL_OR_BUILTIN,,0,mtk_cam_isp7sp;mtk_imgsys_v4l2,2,2,0,1,0,0,1,1,1,1
v4l2_subdev_init,0x44e14219,KERNEL_OR_BUILTIN,,0,aw36515;aw36518;aw36518_v2;mtk_cam_isp7sp;mtk_imgsys_v4l2,5,5,0,1,0,0,1,1,1,1
v4l2_subdev_link_validate,0xdb383d6e,KERNEL_OR_BUILTIN,,0,mtk_cam_isp7sp;mtk_imgsys_v4l2,2,2,0,1,0,0,1,1,1,1
v4l2_subdev_link_validate_default,0x9c2074dd,KERNEL_OR_BUILTIN,,0,mtk_imgsys_v4l2,1,1,0,1,0,0,1,1,1,1
v4l_bound_align_image,0xf5ef842e,KERNEL_OR_BUILTIN,,0,mtk_vcodec_dec_v1;mtk_vcodec_enc_v1,2,2,0,1,0,0,1,1,1,1
v4l_fill_mtk_fmtdesc,0x6ea2ae0a,STOCK_MODULE,mtk_vcodec_common,1,mtk_vcodec_dec_v1;mtk_vcodec_enc_v1,2,2,0,0,0,0,0,0,0,0
vb2_buffer_done,0xd1f609eb,KERNEL_OR_BUILTIN,,0,mtk_aie;mtk_cam_isp7sp;mtk_imgsys_v4l2;mtk_jpeg;mtk_vcodec_dec_v1;mtk_vcodec_enc_v1,6,6,0,1,0,0,1,1,1,1
vb2_common_vm_ops,0x374b58eb,KERNEL_OR_BUILTIN,,0,mtk_aie,1,1,0,1,0,0,1,1,1,1
vb2_create_framevec,0xa21fa765,KERNEL_OR_BUILTIN,,0,mtk_aie,1,1,0,1,0,0,1,1,1,1
vb2_destroy_framevec,0xccd197c7,KERNEL_OR_BUILTIN,,0,mtk_aie,1,1,0,1,0,0,1,1,1,1
vb2_dma_contig_memops,0xd8b7f4d8,KERNEL_OR_BUILTIN,,0,mtk_aie;mtk_jpeg;mtk_vcodec_dec_v1;mtk_vcodec_enc_v1;mtk_vcu,5,5,0,1,0,0,1,1,1,1
vb2_fop_mmap,0x4e3e534b,KERNEL_OR_BUILTIN,,0,mtk_cam_isp7sp;mtk_imgsys_v4l2,2,2,0,1,0,0,1,1,1,1
vb2_fop_poll,0x3eb09d10,KERNEL_OR_BUILTIN,,0,mtk_cam_isp7sp;mtk_imgsys_v4l2,2,2,0,1,0,0,1,1,1,1
vb2_fop_release,0xb5c9e85f,KERNEL_OR_BUILTIN,,0,mtk_cam_isp7sp;mtk_imgsys_v4l2,2,2,0,1,0,0,1,1,1,1
vb2_ioctl_create_bufs,0xfc78d061,KERNEL_OR_BUILTIN,,0,mtk_cam_isp7sp;mtk_imgsys_v4l2,2,2,0,1,0,0,1,1,1,1
vb2_ioctl_dqbuf,0x72a132c4,KERNEL_OR_BUILTIN,,0,mtk_cam_isp7sp;mtk_imgsys_v4l2,2,2,0,1,0,0,1,1,1,1
vb2_ioctl_expbuf,0x10fa8b33,KERNEL_OR_BUILTIN,,0,mtk_cam_isp7sp;mtk_imgsys_v4l2,2,2,0,1,0,0,1,1,1,1
vb2_ioctl_prepare_buf,0xc805a20c,KERNEL_OR_BUILTIN,,0,mtk_cam_isp7sp;mtk_imgsys_v4l2,2,2,0,1,0,0,1,1,1,1
vb2_ioctl_qbuf,0xd2d50b90,KERNEL_OR_BUILTIN,,0,mtk_imgsys_v4l2,1,1,0,1,0,0,1,1,1,1
vb2_ioctl_querybuf,0x149d3289,KERNEL_OR_BUILTIN,,0,mtk_cam_isp7sp;mtk_imgsys_v4l2,2,2,0,1,0,0,1,1,1,1
vb2_ioctl_reqbufs,0xff7cce3f,KERNEL_OR_BUILTIN,,0,mtk_cam_isp7sp;mtk_imgsys_v4l2,2,2,0,1,0,0,1,1,1,1
vb2_ioctl_streamoff,0xe10e3b37,KERNEL_OR_BUILTIN,,0,mtk_cam_isp7sp;mtk_imgsys_v4l2,2,2,0,1,0,0,1,1,1,1
vb2_ioctl_streamon,0xde4becc0,KERNEL_OR_BUILTIN,,0,mtk_cam_isp7sp;mtk_imgsys_v4l2,2,2,0,1,0,0,1,1,1,1
vb2_ops_wait_finish,0x45856120,KERNEL_OR_BUILTIN,,0,mtk_aie;mtk_cam_isp7sp;mtk_imgsys_v4l2;mtk_jpeg;mtk_vcodec_dec_v1;mtk_vcodec_enc_v1,6,6,0,1,0,0,1,1,1,1
vb2_ops_wait_prepare,0x0ab9fd3b,KERNEL_OR_BUILTIN,,0,mtk_aie;mtk_cam_isp7sp;mtk_imgsys_v4l2;mtk_jpeg;mtk_vcodec_dec_v1;mtk_vcodec_enc_v1,6,6,0,1,0,0,1,1,1,1
vb2_plane_cookie,0x5eda4e76,KERNEL_OR_BUILTIN,,0,mtk_aie;mtk_cam_isp7sp;mtk_imgsys_v4l2;mtk_jpeg;mtk_vcodec_common;mtk_vcodec_dec_v1;mtk_vcodec_enc_v1,7,7,0,1,0,0,1,1,1,1
vb2_plane_vaddr,0x428d647d,KERNEL_OR_BUILTIN,,0,mtk_aie;mtk_cam_isp7sp;mtk_imgsys_v4l2;mtk_jpeg;mtk_vcodec_common;mtk_vcodec_dec_v1;mtk_vcodec_enc_v1,7,7,0,1,0,0,1,1,1,1
vb2_qbuf,0x3c69bc9f,KERNEL_OR_BUILTIN,,0,mtk_cam_isp7sp,1,1,0,1,0,0,0,0,1,1
vb2_queue_init,0x777cb86f,KERNEL_OR_BUILTIN,,0,mtk_aie;mtk_cam_isp7sp;mtk_imgsys_v4l2;mtk_jpeg;mtk_vcodec_dec_v1;mtk_vcodec_enc_v1,6,6,0,1,0,0,1,1,1,1
vb2_queue_release,0xcaef93e1,KERNEL_OR_BUILTIN,,0,mtk_cam_isp7sp;mtk_imgsys_v4l2;mtk_vcodec_dec_v1,3,3,0,1,0,0,1,1,1,1
vb2_request_object_is_buffer,0x0cfcffa4,KERNEL_OR_BUILTIN,,0,mtk_cam_isp7sp;mtk_imgsys_v4l2,2,2,0,1,0,0,1,1,1,1
vb2_request_queue,0xb42af0f8,KERNEL_OR_BUILTIN,,0,mtk_cam_isp7sp;mtk_imgsys_v4l2,2,2,0,1,0,0,1,1,1,1
vb2_request_validate,0xefc81974,KERNEL_OR_BUILTIN,,0,mtk_aie;mtk_cam_isp7sp;mtk_imgsys_v4l2,3,3,0,1,0,0,1,1,1,1
vchan_dma_desc_free_list,0x524bef23,KERNEL_OR_BUILTIN,,0,mtk_uart_apdma,1,1,0,1,0,0,1,1,1,1
vchan_init,0x247c9c8e,KERNEL_OR_BUILTIN,,0,mtk_uart_apdma,1,1,0,1,0,0,1,1,1,1
vchan_tx_desc_free,0xea5d1fb7,KERNEL_OR_BUILTIN,,0,mtk_uart_apdma,1,1,0,1,0,0,1,1,1,1
vchan_tx_submit,0xa758289a,KERNEL_OR_BUILTIN,,0,mtk_uart_apdma,1,1,0,1,0,0,1,1,1,1
vcodec_trace,0x2e03c4c3,STOCK_MODULE,mtk_vcodec_common,1,mtk_vcodec_dec_v1;mtk_vcodec_enc_v1,2,2,0,0,0,0,0,0,0,0
vcorefs_get_num_opp,0x6e008147,STOCK_MODULE,mtk_dvfsrc_helper,1,met_vcore_api,1,1,0,0,0,0,0,0,0,0
vcorefs_get_num_opp_symbol,0xb93545c8,STOCK_MODULE,met,1,met_vcore_api,1,1,0,0,0,0,0,0,0,0
vcorefs_get_opp_info,0xfdc4df1d,STOCK_MODULE,mtk_dvfsrc_helper,1,met_vcore_api,1,1,0,0,0,0,0,0,0,0
vcorefs_get_opp_info_name,0xe228fd87,STOCK_MODULE,mtk_dvfsrc_helper,1,met_vcore_api,1,1,0,0,0,0,0,0,0,0
vcorefs_get_opp_info_name_symbol,0x50e4cbd9,STOCK_MODULE,met,1,met_vcore_api,1,1,0,0,0,0,0,0,0,0
vcorefs_get_opp_info_num,0xcc980630,STOCK_MODULE,mtk_dvfsrc_helper,1,met_vcore_api,1,1,0,0,0,0,0,0,0,0
vcorefs_get_opp_info_num_symbol,0xcf91e23c,STOCK_MODULE,met,1,met_vcore_api,1,1,0,0,0,0,0,0,0,0
vcorefs_get_opp_info_symbol,0x580a445f,STOCK_MODULE,met,1,met_vcore_api,1,1,0,0,0,0,0,0,0,0
vcorefs_get_src_req,0x9ddc3b88,STOCK_MODULE,mtk_dvfsrc_helper,1,met_vcore_api;mtk_mbraink,2,2,0,0,0,0,0,0,0,0
vcorefs_get_src_req_name,0xb1618a62,STOCK_MODULE,mtk_dvfsrc_helper,1,met_vcore_api,1,1,0,0,0,0,0,0,0,0
vcorefs_get_src_req_name_symbol,0x2dde83ec,STOCK_MODULE,met,1,met_vcore_api,1,1,0,0,0,0,0,0,0,0
vcorefs_get_src_req_num,0x67c99abe,STOCK_MODULE,mtk_dvfsrc_helper,1,met_vcore_api;mtk_mbraink,2,2,0,0,0,0,0,0,0,0
vcorefs_get_src_req_num_symbol,0x07c9111a,STOCK_MODULE,met,1,met_vcore_api,1,1,0,0,0,0,0,0,0,0
vcorefs_get_src_req_symbol,0x4fb045e6,STOCK_MODULE,met,1,met_vcore_api,1,1,0,0,0,0,0,0,0,0
vcp_A_register_notify,0xe964785f,STOCK_MODULE,vcp,1,mtk_vcodec_dec_v1;mtk_vcodec_enc_v1,2,2,0,0,0,0,0,0,0,0
vcp_A_register_notify_ex,0xf096d9cb,STOCK_MODULE,vcp_status,1,mmqos_common;mtk_mmdvfs_v3,2,2,0,0,0,0,0,0,0,0
vcp_ao,0x389bac37,STOCK_MODULE,vcp_status,1,mtk_vcodec_dec_v1;vcp,2,2,0,0,0,0,0,0,0,0
vcp_cmd_ex,0x43406bdf,STOCK_MODULE,vcp_status,1,mediatek_drm;mmqos_common;mtk_imgsys_cmdq;mtk_mmdvfs_v3,4,4,0,0,0,0,0,0,0,0
vcp_deregister_feature,0xd31c5f0e,STOCK_MODULE,vcp,1,mtk_vcodec_dec_v1;mtk_vcodec_enc_v1,2,2,0,0,0,0,0,0,0,0
vcp_deregister_feature_ex,0xf76e2c32,STOCK_MODULE,vcp_status,1,mmqos_common;mtk_cmdq_drv_ext;mtk_mmdvfs_v3,3,3,0,0,0,0,0,0,0,0
vcp_get_io_device,0xd929bfea,STOCK_MODULE,vcp,1,mtk_vcodec_dec_v1;mtk_vcodec_enc_v1;mtk_vcu,3,3,0,0,0,0,0,0,0,0
vcp_get_ipidev,0xe21b867b,STOCK_MODULE,vcp_status,1,mmqos_common;mtk_mmdvfs_v3,2,2,0,0,0,0,0,0,0,0
vcp_get_reserve_mem_phys,0x89d2cf8c,STOCK_MODULE,vcp,1,mtk_vcodec_dec_v1;mtk_vcodec_enc_v1,2,2,0,0,0,0,0,0,0,0
vcp_get_reserve_mem_phys_ex,0x5fad184b,STOCK_MODULE,vcp_status,1,mmqos_common;mtk_cmdq_drv_ext;mtk_mmdvfs_v3,3,3,0,0,0,0,0,0,0,0
vcp_get_reserve_mem_size,0xe7024b69,STOCK_MODULE,vcp,1,mtk_vcodec_dec_v1;mtk_vcodec_enc_v1,2,2,0,0,0,0,0,0,0,0
vcp_get_reserve_mem_virt,0x00068f6a,STOCK_MODULE,vcp,1,mtk_vcodec_dec_v1;mtk_vcodec_enc_v1,2,2,0,0,0,0,0,0,0,0
vcp_get_reserve_mem_virt_ex,0x8305ed18,STOCK_MODULE,vcp_status,1,mmqos_common;mtk_cmdq_drv_ext;mtk_mmdvfs_v3,3,3,0,0,0,0,0,0,0,0
vcp_ipidev,0x560025f9,STOCK_MODULE,vcp,1,mtk_vcodec_dec_v1;mtk_vcodec_enc_v1,2,2,0,0,0,0,0,0,0,0
vcp_register_feature,0xe56ce77d,STOCK_MODULE,vcp,1,mtk_vcodec_dec_v1;mtk_vcodec_enc_v1,2,2,0,0,0,0,0,0,0,0
vcp_register_feature_ex,0xddc0af81,STOCK_MODULE,vcp_status,1,mmqos_common;mtk_cmdq_drv_ext;mtk_mmdvfs_v3,3,3,0,0,0,0,0,0,0,0
vcp_register_mminfra_cb_ex,0xcf3fd141,STOCK_MODULE,vcp_status,1,mtk_mminfra_debug,1,1,0,0,0,0,0,0,0,0
vcp_set_fp,0xf64e3899,STOCK_MODULE,vcp_status,1,vcp,1,1,0,0,0,0,0,0,0,0
vcp_set_ipidev,0x95f5de9f,STOCK_MODULE,vcp_status,1,vcp,1,1,0,0,0,0,0,0,0,0
vcp_set_mminfra_cb,0xc79a4340,STOCK_MODULE,vcp_status,1,vcp,1,1,0,0,0,0,0,0,0,0
vcu_func,0x1208894a,STOCK_MODULE,mtk_vcodec_common,1,mtk_vcodec_dec_v1;mtk_vcodec_enc_v1;mtk_vcu,3,3,0,0,0,0,0,0,0,0
verify_pkcs7_signature,0xda0ee32f,KERNEL_OR_BUILTIN,,0,cfg80211,1,1,0,1,0,0,0,0,1,1
vfree,0x999e8297,KERNEL_OR_BUILTIN,,0,adsp;aee_aed;apusys;audio_ipi;aw883xx_driver;blocktag;bsd_comp;bt_drv_6878;btqca;camera_dpe_isp7sp;ccci_dpmaif;ccci_md_all;ccci_util_lib;clkbuf;conninfra;connscp;fmradio_drv_connac2x;focaltech_touch_spi_ft3680;ged;hci_uart;imgsensor;mali_kbase_mt6878_r44;mddp;mdp_drv_mt6878;mediatek_drm;mmprofile;mtk_aie;mtk_c2ps;mtk_cam_isp7sp;mtk_dramc;mtk_fpsgo;mtk_imgsys_cmdq;mtk_imgsys_v4l2;mtk_mbraink;mtk_mml;mtk_vcodec_dec_v1;mtk_vcodec_enc_v1;mtk_vow;ppp_deflate;pptp;rpmb_mtk;scp;sec;snd_soc_audiodsp_common;spi_tiny_co5300_lcd;system_heap;ufs_mediatek_dbg;vcp;wlan_drv_gen4m_6878;zram,50,50,0,1,0,0,1,1,1,1
vfs_llseek,0xc65bfeb8,KERNEL_OR_BUILTIN,,0,hbt,1,1,0,1,0,0,0,0,1,1
video_devdata,0x3a1e1bcc,KERNEL_OR_BUILTIN,,0,camera_dpe_isp7sp;mtk_aie;mtk_cam_isp7sp;mtk_imgsys_v4l2;mtk_jpeg;mtk_vcodec_dec_v1;mtk_vcodec_enc_v1,7,7,0,1,0,0,1,1,1,1
video_device_alloc,0x6ee6f973,KERNEL_OR_BUILTIN,,0,camera_af_media;mtk_composite;mtk_jpeg;mtk_vcodec_dec_v1;mtk_vcodec_enc_v1,5,5,0,1,0,0,1,1,1,1
video_device_release,0xbd706b3b,KERNEL_OR_BUILTIN,,0,mtk_aie;mtk_jpeg;mtk_vcodec_dec_v1;mtk_vcodec_enc_v1,4,4,0,1,0,0,1,1,1,1
video_device_release_empty,0x4e71abaf,KERNEL_OR_BUILTIN,,0,camera_dpe_isp7sp;mtk_cam_isp7sp;mtk_imgsys_v4l2,3,3,0,1,0,0,1,1,1,1
video_ioctl2,0x1e17a753,KERNEL_OR_BUILTIN,,0,camera_dpe_isp7sp;mtk_aie;mtk_cam_isp7sp;mtk_imgsys_v4l2;mtk_jpeg;mtk_vcodec_dec_v1;mtk_vcodec_enc_v1,7,7,0,1,0,0,1,1,1,1
video_unregister_device,0xee861199,KERNEL_OR_BUILTIN,,0,camera_dpe_isp7sp;mtk_aie;mtk_cam_isp7sp;mtk_imgsys_v4l2;mtk_jpeg;mtk_vcodec_dec_v1;mtk_vcodec_enc_v1,7,7,0,1,0,0,1,1,1,1
virtqueue_add_inbuf,0x3f947993,KERNEL_OR_BUILTIN,,0,gz_ipc_mod,1,1,0,1,0,0,1,1,1,1
virtqueue_add_outbuf,0x892cf77c,KERNEL_OR_BUILTIN,,0,gz_ipc_mod,1,1,0,1,0,0,1,1,1,1
virtqueue_detach_unused_buf,0x1b52ac7b,KERNEL_OR_BUILTIN,,0,gz_ipc_mod,1,1,0,1,0,0,1,1,1,1
virtqueue_get_buf,0xf0c121d6,KERNEL_OR_BUILTIN,,0,gz_ipc_mod,1,1,0,1,0,0,1,1,1,1
virtqueue_get_vring_size,0xd312bed7,KERNEL_OR_BUILTIN,,0,gz_ipc_mod,1,1,0,1,0,0,1,1,1,1
virtqueue_kick_prepare,0x69ca6e1b,KERNEL_OR_BUILTIN,,0,gz_ipc_mod,1,1,0,1,0,0,1,1,1,1
virtqueue_notify,0xaf7d45c1,KERNEL_OR_BUILTIN,,0,gz_ipc_mod,1,1,0,1,0,0,1,1,1,1
vlan_dev_vlan_id,0x00a8dcc6,KERNEL_OR_BUILTIN,,0,8021q,1,1,0,1,0,0,0,0,1,1
vlan_filter_drop_vids,0x79c47dfd,KERNEL_OR_BUILTIN,,0,8021q,1,1,0,1,0,0,0,0,1,1
vlan_filter_push_vids,0xd9d5c58f,KERNEL_OR_BUILTIN,,0,8021q,1,1,0,1,0,0,0,0,1,1
vlan_ioctl_set,0x2532dd75,KERNEL_OR_BUILTIN,,0,8021q,1,1,0,1,0,0,0,0,1,1
vlan_uses_dev,0xbe5060e0,KERNEL_OR_BUILTIN,,0,8021q,1,1,0,1,0,0,0,0,1,1
vlan_vid_add,0x8e8548fc,KERNEL_OR_BUILTIN,,0,8021q,1,1,0,1,0,0,0,0,1,1
vlan_vid_del,0x45315ff3,KERNEL_OR_BUILTIN,,0,8021q,1,1,0,1,0,0,0,0,1,1
vm_event_states,0xb6a88e0a,KERNEL_OR_BUILTIN,,0,blocktag;trace_mmstat,2,2,0,1,0,0,1,1,1,1
vm_get_page_prot,0x2c91e17c,KERNEL_OR_BUILTIN,,0,drm_dma_helper,1,1,0,1,0,0,0,0,1,1
vm_map_ram,0x29bfce6d,KERNEL_OR_BUILTIN,,0,mtk_aie,1,1,0,1,0,0,1,1,1,1
vm_node_stat,0x2fc505ec,KERNEL_OR_BUILTIN,,0,blocktag;trace_mmstat,2,2,0,1,0,0,1,1,1,1
vm_unmap_ram,0x03fd2571,KERNEL_OR_BUILTIN,,0,mtk_aie,1,1,0,1,0,0,1,1,1,1
vm_unmapped_area,0x064b9739,KERNEL_OR_BUILTIN,,0,mali_kbase_mt6878_r44,1,1,0,0,0,0,0,0,0,0
vm_zone_stat,0xba0676e2,KERNEL_OR_BUILTIN,,0,met;mtk_perf_common;trace_mmstat,3,3,0,1,1,0,1,1,1,1
vmalloc,0xd6ee688f,KERNEL_OR_BUILTIN,,0,adsp;aee_aed;audio_ipi;blocktag;bsd_comp;bt_drv_6878;btqca;camera_dpe_isp7sp;ccci_dpmaif;ccci_md_all;ccci_util_lib;clkbuf;conninfra;connscp;fmradio_drv_connac2x;focaltech_touch_spi_ft3680;ged;hci_uart;imgsensor;iommu_debug;mali_kbase_mt6878_r44;mddp;mediatek_drm;mmprofile;mt6375_battery;mtk_c2ps;mtk_cam_isp7sp;mtk_dramc;mtk_fpsgo;mtk_mbraink;mtk_mml;mtk_vow;ppp_deflate;scp;sec;snd_soc_audiodsp_common;spi_tiny_co5300_lcd;system_heap;vcp;wlan_drv_gen4m_6878,40,40,0,1,0,0,1,1,1,1
vmalloc_to_page,0xf354f462,KERNEL_OR_BUILTIN,,0,apusys;mtk_aie,2,2,0,1,0,0,1,1,1,1
vmalloc_to_pfn,0x3744cf36,KERNEL_OR_BUILTIN,,0,mmprofile,1,1,0,1,0,0,1,1,1,1
vmalloc_user,0x5635a60a,KERNEL_OR_BUILTIN,,0,aee_aed;mali_kbase_mt6878_r44;mtk_aie,3,3,0,1,0,0,1,1,1,1
vmap,0xad3f829d,KERNEL_OR_BUILTIN,,0,apusys;ccci_util_lib;log_store;mali_kbase_mt6878_r44;mediatek_drm;mrdump;system_heap,7,7,0,1,1,0,1,1,1,1
vmf_insert_pfn_prot,0xd24f0344,KERNEL_OR_BUILTIN,,0,mali_kbase_mt6878_r44;mali_mgm_mt6878_r44,2,2,0,1,0,0,1,1,1,1
vow_ipi_send,0xf6a1db9b,STOCK_MODULE,mtk_vow,1,mtk_scp_vow,1,1,0,0,0,0,0,0,0,0
vring_del_virtqueue,0xe5ea83d5,KERNEL_OR_BUILTIN,,0,gz_virtio_mod,1,1,0,1,0,0,1,1,1,1
vring_interrupt,0xff05fa13,KERNEL_OR_BUILTIN,,0,gz_virtio_mod,1,1,0,1,0,0,1,1,1,1
vring_new_virtqueue,0x9c8b8453,KERNEL_OR_BUILTIN,,0,gz_virtio_mod,1,1,0,1,0,0,1,1,1,1
vscnprintf,0xaa0c318b,KERNEL_OR_BUILTIN,,0,aee_hangdet;mediatek_drm;monitor_hang;mrdump;mtk_cam_isp7sp;mtk_heap_debug;tipc,7,7,0,1,0,0,1,1,1,1
vsnprintf,0x00148653,KERNEL_OR_BUILTIN,,0,aee_aed;apusys;bluetooth;ccci_util_lib;conninfra;ged;imgsensor;mali_kbase_mt6878_r44;mdp_drv_mt6878;mediatek_drm;mrdump;mtk_aie;mtk_c2ps;mtk_cam_isp7sp;mtk_cmdq_drv_ext;mtk_fpsgo;mtk_gpufreq_mt6878;mtk_imgsys_cmdq;mtk_imgsys_v4l2;mtk_mml;mtk_vcodec_common;mtu3;pd_dbg_info;powerhal_cpu_ctrl;touch_boost;usb_logger;wlan_drv_gen4m_6878;xhci_mtk_hcd_v2,28,29,0,1,0,0,1,1,1,1
vsprintf,0x78b887ed,KERNEL_OR_BUILTIN,,0,bluetooth;mediatek_drm;wlan_drv_gen4m_6878,3,4,0,1,0,0,1,1,1,1
vunmap,0x94961283,KERNEL_OR_BUILTIN,,0,apusys;mali_kbase_mt6878_r44;mediatek_drm;system_heap,4,4,0,1,1,0,1,1,1,1
vzalloc,0x40a9b349,KERNEL_OR_BUILTIN,,0,adsp;aee_aed;apusys;aw883xx_driver;gpueb;mali_kbase_mt6878_r44;mediatek_drm;mtk_cam_isp7sp;mtk_cmdq_drv_ext;mtk_fpsgo;mtk_imgsys_cmdq;mtk_imgsys_v4l2;mtk_vcodec_dec_v1;mtk_vcodec_enc_v1;pptp;rpmb_mtk;scp;vcp;zram,19,19,0,1,0,0,1,1,1,1
wait_for_completion,0x25974000,KERNEL_OR_BUILTIN,,0,bluetooth;camera_dpe_isp7sp;cmdq_sec_drv;fmradio_drv_connac2x;mali_kbase_mt6878_r44;mtk_cam_isp7sp;mtk_cmdq_drv_ext;mtk_imgsys_v4l2;mtk_mml;sensorhub;tkcore;tkcore_drv;wlan_drv_gen4m_6878;xhci_mtk_hcd_v2,14,15,0,1,0,0,1,1,1,1
wait_for_completion_interruptible,0x2e3bcce2,KERNEL_OR_BUILTIN,,0,bt_drv_6878;conninfra;gps_drv_dl_v051;gz_tz_system;mtk_tinysys_ipi;sensorhub;wlan_drv_gen4m_6878,7,7,0,1,0,0,1,1,1,1
wait_for_completion_interruptible_timeout,0xf02aa937,KERNEL_OR_BUILTIN,,0,aee_aed;apu_top;apusys;gz_ipc_mod;gz_trusty_mod;gz_virtio_mod;mali_kbase_mt6878_r44;mt6375_charger;scp;wlan_drv_gen4m_6878,10,10,0,1,0,0,1,1,1,1
wait_for_completion_killable,0x20463df4,KERNEL_OR_BUILTIN,,0,met,1,1,0,1,0,0,1,1,1,1
wait_for_completion_killable_timeout,0x726bc3c7,KERNEL_OR_BUILTIN,,0,met,1,1,0,1,0,0,1,1,1,1
wait_for_completion_state,0xb0617db4,KERNEL_OR_BUILTIN,,0,met,1,1,0,1,0,0,0,0,1,1
wait_for_completion_timeout,0x4a3ad70e,KERNEL_OR_BUILTIN,,0,adsp;apusys;bt_drv_6878;cmdq_sec_drv;cmdq_test;conninfra;connscp;gps_drv_dl_v051;gz_trusty_mod;gz_virtio_mod;hci_uart;i2c_mt65xx;mali_kbase_mt6878_r44;mddp;mtk_aie;mtk_cam_isp7sp;mtk_cmdq_drv_ext;mtk_imgsys_v4l2;mtk_tinysys_ipi;rtc_mt6685;sapu;scp;sensorhub;spi_mt65xx;ufs_mediatek_mod;wlan_drv_gen4m_6878;wmt_chrdev_wifi_connac2;xhci_mtk_hcd_v2,28,28,0,1,0,0,1,1,1,1
wait_woken,0xb308c97d,KERNEL_OR_BUILTIN,,0,bluetooth;gz_ipc_mod;hidp;rfcomm;tipc,5,6,0,1,0,0,1,1,1,1
wake_up_bit,0xa0fbac79,KERNEL_OR_BUILTIN,,0,bluetooth;ccd_rpmsg;hci_uart,3,4,0,1,0,0,0,0,1,1
wake_up_if_idle,0xf6abaae1,KERNEL_OR_BUILTIN,,0,lpm_gov_MHSP;mtk_lpm_plat_v1,2,2,0,1,0,0,0,0,1,1
wake_up_process,0x73e2bcf1,KERNEL_OR_BUILTIN,,0,aee_aed;aee_hangdet;apusys;audio_ipi;bt_drv_6878;ccci_dpmaif;ccci_md_all;cmdq_sec_drv;conninfra;connscp;cpufreq_sugov_ext;fmradio_drv_connac2x;ged;gps_drv_dl_v051;gz_main_mod;gz_trusty_mod;gz_tz_system;gz_virtio_mod;hidp;imgsensor;mali_kbase_mt6878_r44;mddp;mediatek_drm;met;mmqos_common;monitor_hang;mt6369_accdet;mt6375_battery;mtk_bp_thl;mtk_c2ps;mtk_cam_isp7sp;mtk_charger_framework;mtk_chg_type_det;mtk_cmdq_drv_ext;mtk_core_ctl;mtk_dpc;mtk_dynamic_loading_throttling;mtk_fpsgo;mtk_imgsys_cmdq;mtk_imgsys_v4l2;mtk_low_battery_throttling;mtk_lpm_dbg_common_v2;mtk_mmdvfs_debug;mtk_mmdvfs_v3;mtk_mmdvfs_v3_start;mtk_mml;mtk_pep50;mtk_smi;mtk_soc_offload_common;mtk_vcodec_dec_v1;mtk_vcodec_enc_v1;rfcomm;scheduler;sensorhub;snd_soc_mt6369;system_heap;tcpc_class;tkcore;tkcore_drv;touch_boost;wlan_drv_gen4m_6878;wmt_chrdev_wifi_connac2,62,62,0,1,0,0,1,1,1,1
wakeup_source_add,0x5cd4fa0b,KERNEL_OR_BUILTIN,,0,mediatek_drm,1,1,0,1,0,0,1,1,1,1
wakeup_source_create,0x1578c6f0,KERNEL_OR_BUILTIN,,0,mediatek_drm,1,1,0,1,0,0,1,1,1,1
wakeup_source_destroy,0x846d6029,KERNEL_OR_BUILTIN,,0,mtk_soc_offload_common,1,1,0,1,0,0,1,1,1,1
wakeup_source_register,0x8be45c3b,KERNEL_OR_BUILTIN,,0,adsp;apu_top;apusys;bt_drv_6878;c2k_usb;ccci_md_all;ccmni;conninfra;fmradio_drv_connac2x;focaltech_touch_spi_ft3680;gps_drv_dl_v051;gz_tz_system;imgsensor;leds_ln2403;mdp_drv_mt6878;microarray_fp_tee;mt6369_accdet;mt6375_auxadc;mt6375_battery;mtk_bp_thl;mtk_charger_framework;mtk_dynamic_loading_throttling;mtk_lpm;mtk_mml;mtk_pep;mtk_pep40;mtk_pmic_keys;mtk_soc_offload_common;mtk_vow;rtc_mt6685;scp;sensorhub;snd_soc_audiodsp_common;snd_soc_mtk_scp_ultra;spmi_mtk_pmif;st21nfc;ufs_mediatek_mod;usb_boost;vcp;wlan_drv_gen4m_6878,40,40,0,1,0,0,1,1,1,1
wakeup_source_remove,0x10a73976,KERNEL_OR_BUILTIN,,0,c2k_usb,1,1,0,1,0,0,1,1,1,1
wakeup_source_unregister,0xb511937b,KERNEL_OR_BUILTIN,,0,apu_top;apusys;bt_drv_6878;conninfra;fmradio_drv_connac2x;focaltech_touch_spi_ft3680;gps_drv_dl_v051;imgsensor;mdp_drv_mt6878;mtk_mml;mtk_vow;sensorhub;st21nfc;wlan_drv_gen4m_6878,14,14,0,1,0,0,1,1,1,1
wakeup_sources_read_lock,0xc2692173,KERNEL_OR_BUILTIN,,0,mtk_mbraink,1,1,0,1,0,0,0,0,1,1
wakeup_sources_read_unlock,0x24ad11db,KERNEL_OR_BUILTIN,,0,mtk_mbraink,1,1,0,1,0,0,0,0,1,1
wakeup_sources_walk_next,0x80718483,KERNEL_OR_BUILTIN,,0,mtk_mbraink,1,1,0,1,0,0,0,0,1,1
wakeup_sources_walk_start,0x0eec7cfb,KERNEL_OR_BUILTIN,,0,mtk_mbraink,1,1,0,1,0,0,0,0,1,1
watchdog_init_timeout,0x75865a3c,KERNEL_OR_BUILTIN,,0,mtk_wdt,1,1,0,1,0,0,1,1,1,1
watchdog_set_restart_priority,0xa73a0d9d,KERNEL_OR_BUILTIN,,0,mtk_wdt,1,1,0,1,0,0,1,1,1,1
wifi_reset_end,0x6f3bf319,STOCK_MODULE,wmt_chrdev_wifi_connac2,1,wlan_drv_gen4m_6878,1,1,0,0,0,0,0,0,0,0
wifi_reset_start,0xcf8cb5e3,STOCK_MODULE,wmt_chrdev_wifi_connac2,1,wlan_drv_gen4m_6878,1,1,0,0,0,0,0,0,0,0
will_ldo_en,0xdd9b9ea1,STOCK_MODULE,custom_ldo_wl2868,1,custom_ldo,1,1,0,0,0,0,0,0,0,0
will_ldo_vout,0x23ec3223,STOCK_MODULE,custom_ldo_wl2868,1,custom_ldo,1,1,0,0,0,0,0,0,0,0
wiphy_apply_custom_regulatory,0xac0cb2cb,STOCK_MODULE,cfg80211,1,wlan_drv_gen4m_6878,1,1,0,0,0,0,0,0,0,0
wiphy_delayed_work_cancel,0x84c28c31,STOCK_MODULE,cfg80211,1,mac80211,1,1,0,0,0,0,0,0,0,0
wiphy_delayed_work_flush,0xab3bb1fe,STOCK_MODULE,cfg80211,1,mac80211,1,1,0,0,0,0,0,0,0,0
wiphy_delayed_work_queue,0xeca5f2c6,STOCK_MODULE,cfg80211,1,mac80211,1,1,0,0,0,0,0,0,0,0
wiphy_delayed_work_timer,0x6daefd86,STOCK_MODULE,cfg80211,1,mac80211,1,1,0,0,0,0,0,0,0,0
wiphy_free,0x8dd5515b,STOCK_MODULE,cfg80211,1,mac80211;wlan_drv_gen4m_6878,2,2,0,0,0,0,0,0,0,0
wiphy_new_nm,0x801af4b3,STOCK_MODULE,cfg80211,1,mac80211;wlan_drv_gen4m_6878,2,2,0,0,0,0,0,0,0,0
wiphy_register,0x7cccb2db,STOCK_MODULE,cfg80211,1,mac80211;wlan_drv_gen4m_6878,2,2,0,0,0,0,0,0,0,0
wiphy_unregister,0xb2329766,STOCK_MODULE,cfg80211,1,mac80211;wlan_drv_gen4m_6878,2,2,0,0,0,0,0,0,0,0
wiphy_work_cancel,0x8e72abcd,STOCK_MODULE,cfg80211,1,mac80211,1,1,0,0,0,0,0,0,0,0
wiphy_work_flush,0xcf03ee6a,STOCK_MODULE,cfg80211,1,mac80211,1,1,0,0,0,0,0,0,0,0
wiphy_work_queue,0x23c23820,STOCK_MODULE,cfg80211,1,mac80211,1,1,0,0,0,0,0,0,0,0
wireless_nlevent_flush,0x1e8fac8e,KERNEL_OR_BUILTIN,,0,cfg80211,1,1,0,1,0,0,0,0,1,1
wireless_send_event,0xae6471d1,KERNEL_OR_BUILTIN,,0,wlan_drv_gen4m_6878,1,1,0,1,0,0,1,1,1,1
wmt_export_platform_bridge_register,0x20dacb95,STOCK_MODULE,connadp,1,conninfra,1,1,0,0,0,0,0,0,0,0
wmt_export_platform_dbg_bridge_register,0x5c0cccf3,STOCK_MODULE,connadp,1,conninfra,1,1,0,0,0,0,0,0,0,0
wmt_export_platform_dbg_bridge_unregister,0x958545cb,STOCK_MODULE,connadp,1,conninfra,1,1,0,0,0,0,0,0,0,0
woken_wake_function,0xd0654aba,KERNEL_OR_BUILTIN,,0,bluetooth;gz_ipc_mod;hidp;rfcomm;tipc,5,6,0,1,0,0,1,1,1,1
word_size_align,0x2d181b92,STOCK_MODULE,snd_soc_mtk_common,1,snd_soc_mt6878_afe,1,1,0,0,0,0,0,0,0,0
work_busy,0x86ab091d,KERNEL_OR_BUILTIN,,0,adsp;r8152,2,2,0,1,0,0,1,1,1,1
work_on_cpu,0xf82f3657,KERNEL_OR_BUILTIN,,0,mtk_lpm;mtk_lpm_dbg_common_v2,2,2,0,1,0,0,1,1,1,1
wpan_phy_free,0x70eca563,STOCK_MODULE,ieee802154,1,mac802154,1,1,0,0,0,0,0,0,0,0
wpan_phy_new,0xff230c07,STOCK_MODULE,ieee802154,1,mac802154,1,1,0,0,0,0,0,0,0,0
wpan_phy_register,0x267db43d,STOCK_MODULE,ieee802154,1,mac802154,1,1,0,0,0,0,0,0,0,0
wpan_phy_unregister,0x3bd3ad22,STOCK_MODULE,ieee802154,1,mac802154,1,1,0,0,0,0,0,0,0,0
ww_mutex_lock,0x6cf47cfc,KERNEL_OR_BUILTIN,,0,mali_dmabuf_test_mt6878_r44;mtk_vcodec_common,2,2,0,1,0,0,1,1,1,1
ww_mutex_trylock,0xd1154d24,KERNEL_OR_BUILTIN,,0,mtk_heap_debug;mtk_sec_heap;system_heap,3,3,0,1,0,0,0,0,1,1
ww_mutex_unlock,0x6616e157,KERNEL_OR_BUILTIN,,0,mali_dmabuf_test_mt6878_r44;mtk_heap_debug;mtk_sec_heap;mtk_vcodec_common;system_heap,5,5,0,1,0,0,1,1,1,1
xa_find,0x8fa25c24,KERNEL_OR_BUILTIN,,0,mtk_wp,1,1,0,0,0,0,0,0,0,0
xa_find_after,0xdf36914b,KERNEL_OR_BUILTIN,,0,mtk_wp,1,1,0,0,0,0,0,0,0,0
xgf_alloc,0x35811a9a,STOCK_MODULE,mtk_fpsgo,1,fpsgo,1,1,0,0,0,0,0,0,0,0
xgf_alloc_array,0xdf7b5a7c,STOCK_MODULE,mtk_fpsgo,1,fpsgo,1,1,0,0,0,0,0,0,0,0
xgf_atomic_read,0x88cbdd57,STOCK_MODULE,mtk_fpsgo,1,fpsgo,1,1,0,0,0,0,0,0,0,0
xgf_calculate_sqrt,0xc98bf530,STOCK_MODULE,mtk_fpsgo,1,fpsgo,1,1,0,0,0,0,0,0,0,0
xgf_check_main_sf_pid,0x639b337c,STOCK_MODULE,mtk_fpsgo,1,fpsgo,1,1,0,0,0,0,0,0,0,0
xgf_delete_render_info_fp,0xaa15f875,STOCK_MODULE,mtk_fpsgo,1,fpsgo,1,1,0,0,0,0,0,0,0,0
xgf_do_div,0xff73c32d,STOCK_MODULE,mtk_fpsgo,1,fpsgo,1,1,0,0,0,0,0,0,0,0
xgf_ema2_dump_info_frames,0xd3889168,STOCK_MODULE,mtk_fpsgo,1,fpsgo,1,1,0,0,0,0,0,0,0,0
xgf_ema2_dump_rho,0x618d13e8,STOCK_MODULE,mtk_fpsgo,1,fpsgo,1,1,0,0,0,0,0,0,0,0
xgf_ema2_systrace,0xcb74d57a,STOCK_MODULE,mtk_fpsgo,1,fpsgo,1,1,0,0,0,0,0,0,0,0
xgf_est_runtime_fp,0x1afa33b8,STOCK_MODULE,mtk_fpsgo,1,fpsgo,1,1,0,0,0,0,0,0,0,0
xgf_event_buffer,0x073314cd,STOCK_MODULE,mtk_fpsgo,1,fpsgo,1,1,0,0,0,0,0,0,0,0
xgf_event_buffer_size,0xed6418b1,STOCK_MODULE,mtk_fpsgo,1,fpsgo,1,1,0,0,0,0,0,0,0,0
xgf_free,0x134267d4,STOCK_MODULE,mtk_fpsgo,1,fpsgo,1,1,0,0,0,0,0,0,0,0
xgf_get_logical_tid,0x1c6b727a,STOCK_MODULE,mtk_fpsgo,1,fpsgo,1,1,0,0,0,0,0,0,0,0
xgf_get_process_id,0xb6006b29,STOCK_MODULE,mtk_fpsgo,1,fpsgo,1,1,0,0,0,0,0,0,0,0
xgf_get_runtime,0xfd706cc1,STOCK_MODULE,mtk_fpsgo,1,fpsgo,1,1,0,0,0,0,0,0,0,0
xgf_trace,0x46ea2c6b,STOCK_MODULE,mtk_fpsgo,1,fpsgo,1,1,0,0,0,0,0,0,0,0
xgff_frame_getdeplist_maxsize_fp,0x96a9dd8c,STOCK_MODULE,mtk_perf_ioctl,1,mtk_fpsgo,1,1,0,0,0,0,0,0,0,0
xgff_frame_min_cap_fp,0xd544ac4b,STOCK_MODULE,mtk_perf_ioctl,1,mtk_fpsgo,1,1,0,0,0,0,0,0,0,0
xgff_frame_startend_fp,0xa31907cb,STOCK_MODULE,mtk_perf_ioctl,1,mtk_fpsgo,1,1,0,0,0,0,0,0,0,0
xhci_check_bandwidth_,0x28d08aad,STOCK_MODULE,xhci_mtk_hcd_v2,1,usb_offload,1,1,0,0,0,0,0,0,0,0
xhci_get_endpoint_index_,0x6a250d3e,STOCK_MODULE,xhci_mtk_hcd_v2,1,usb_offload,1,1,0,0,0,0,0,0,0,0
xhci_get_ep_ctx__,0x050054be,STOCK_MODULE,xhci_mtk_hcd_v2,1,usb_offload,1,1,0,0,0,0,0,0,0,0
xhci_link_segments_,0x75fb4888,STOCK_MODULE,xhci_mtk_hcd_v2,1,usb_offload,1,1,0,0,0,0,0,0,0,0
xhci_ring_alloc_,0xfa98568e,STOCK_MODULE,xhci_mtk_hcd_v2,1,usb_offload,1,1,0,0,0,0,0,0,0,0
xhci_ring_free_,0xc9a40dc0,STOCK_MODULE,xhci_mtk_hcd_v2,1,usb_offload,1,1,0,0,0,0,0,0,0,0
yft_accsensor_device_add,0xaddbf462,STOCK_MODULE,yft_devinfo,1,hf_manager,1,1,0,0,0,0,0,0,0,0
yft_alspssensor_device_add,0xc83acfe5,STOCK_MODULE,yft_devinfo,1,hf_manager,1,1,0,0,0,0,0,0,0,0
yft_barosensor_device_add,0x8a9d5aaa,STOCK_MODULE,yft_devinfo,1,hf_manager,1,1,0,0,0,0,0,0,0,0
yft_cam_open_flag,0x8f10a053,STOCK_MODULE,mtk_charger_framework,1,charger_cooling;imgsensor,2,2,0,0,0,0,0,0,0,0
yft_camera_device_add,0x8cb1e87d,STOCK_MODULE,yft_devinfo,1,imgsensor,1,1,0,0,0,0,0,0,0,0
yft_finger_set_irq,0x6d125ec3,STOCK_MODULE,fingerprint,1,microarray_fp_tee,1,1,0,0,0,0,0,0,0,0
yft_finger_set_reset,0xcae83e02,STOCK_MODULE,fingerprint,1,microarray_fp_tee,1,1,0,0,0,0,0,0,0,0
yft_finger_set_spi_mode,0x0cf6e61a,STOCK_MODULE,fingerprint,1,microarray_fp_tee,1,1,0,0,0,0,0,0,0,0
yft_fuelgauge_device_add,0xf5752941,STOCK_MODULE,yft_devinfo,1,sh366003_fg,1,1,0,0,0,0,0,0,0,0
yft_long_charger_flag,0x1f29b716,STOCK_MODULE,mtk_charger_framework,1,charger_cooling,1,1,0,0,0,0,0,0,0,0
yft_msensor_device_add,0x605a1708,STOCK_MODULE,yft_devinfo,1,hf_manager,1,1,0,0,0,0,0,0,0,0
yft_sarsensor_device_add,0x4b0c07c5,STOCK_MODULE,yft_devinfo,1,hf_manager,1,1,0,0,0,0,0,0,0,0
yft_set_accsensor_device_used,0x306523b3,STOCK_MODULE,yft_devinfo,1,hf_manager,1,1,0,0,0,0,0,0,0,0
yft_set_alspssensor_device_used,0x1d2717e5,STOCK_MODULE,yft_devinfo,1,hf_manager,1,1,0,0,0,0,0,0,0,0
yft_set_barosensor_device_used,0x4af62c4f,STOCK_MODULE,yft_devinfo,1,hf_manager,1,1,0,0,0,0,0,0,0,0
yft_set_camera_device_used,0x8a60f3de,STOCK_MODULE,yft_devinfo,1,imgsensor,1,1,0,0,0,0,0,0,0,0
yft_set_fuelgauge_device_used,0x82093a2e,STOCK_MODULE,yft_devinfo,1,sh366003_fg,1,1,0,0,0,0,0,0,0,0
yft_set_msensor_device_used,0x8f1e4776,STOCK_MODULE,yft_devinfo,1,hf_manager,1,1,0,0,0,0,0,0,0,0
yft_set_sarsensor_device_used,0xbc6d2dd0,STOCK_MODULE,yft_devinfo,1,hf_manager,1,1,0,0,0,0,0,0,0,0
yft_set_tinylcd_device_used,0x25e94db4,STOCK_MODULE,yft_devinfo,1,spi_tiny_co5300_lcd,1,1,0,0,0,0,0,0,0,0
yft_set_touch_device_used,0x0a0f3b69,STOCK_MODULE,yft_devinfo,1,focaltech_touch_spi_ft3680;hynitron,2,2,0,0,0,0,0,0,0,0
yft_spitouchpanel_device_add,0xea3d7f0d,STOCK_MODULE,yft_devinfo,1,focaltech_touch_spi_ft3680,1,1,0,0,0,0,0,0,0,0
yft_tinylcd_device_add,0x9c6d85d0,STOCK_MODULE,yft_devinfo,1,spi_tiny_co5300_lcd,1,1,0,0,0,0,0,0,0,0
yft_touchpanel_device_add,0xf5ba4446,STOCK_MODULE,yft_devinfo,1,hynitron,1,1,0,0,0,0,0,0,0,0
yft_usb_flag,0x398e9c8b,STOCK_MODULE,mt6375_charger,1,extcon_mtk_usb;yft_tiny2c_usb,2,2,0,0,0,0,0,0,0,0
yft_waite_for_finger_dts_paser,0x4202702c,STOCK_MODULE,fingerprint,1,microarray_fp_tee,1,1,0,0,0,0,0,0,0,0
zlib_deflate,0xf2c43f3f,KERNEL_OR_BUILTIN,,0,mali_kbase_mt6878_r44;ppp_deflate,2,2,0,1,0,0,1,1,1,1
zlib_deflateEnd,0xc890c008,KERNEL_OR_BUILTIN,,0,mali_kbase_mt6878_r44;ppp_deflate,2,2,0,1,0,0,1,1,1,1
zlib_deflateInit2,0x5a0b73d0,KERNEL_OR_BUILTIN,,0,mali_kbase_mt6878_r44;ppp_deflate,2,2,0,1,0,0,1,1,1,1
zlib_deflateReset,0x6aeefac4,KERNEL_OR_BUILTIN,,0,ppp_deflate,1,1,0,1,0,0,1,1,1,1
zlib_deflate_workspacesize,0xe9f7149c,KERNEL_OR_BUILTIN,,0,mali_kbase_mt6878_r44;ppp_deflate,2,2,0,1,0,0,1,1,1,1
zlib_inflate,0x581f98da,KERNEL_OR_BUILTIN,,0,ppp_deflate,1,1,0,1,0,0,0,0,1,1
zlib_inflateIncomp,0x424d3620,KERNEL_OR_BUILTIN,,0,ppp_deflate,1,1,0,1,0,0,0,0,1,1
zlib_inflateInit2,0x35a88f28,KERNEL_OR_BUILTIN,,0,ppp_deflate,1,1,0,1,0,0,0,0,1,1
zlib_inflateReset,0xbb0540aa,KERNEL_OR_BUILTIN,,0,ppp_deflate,1,1,0,1,0,0,0,0,1,1
zlib_inflate_workspacesize,0xce5ac24f,KERNEL_OR_BUILTIN,,0,ppp_deflate,1,1,0,1,0,0,0,0,1,1
zs_compact,0x5da67adc,STOCK_MODULE,zsmalloc,1,zram,1,1,0,0,0,0,0,0,0,0
zs_create_pool,0xbcf1f0e6,STOCK_MODULE,zsmalloc,1,zram,1,1,0,0,0,0,0,0,0,0
zs_destroy_pool,0xc69b7ee5,STOCK_MODULE,zsmalloc,1,zram,1,1,0,0,0,0,0,0,0,0
zs_free,0x958df3ac,STOCK_MODULE,zsmalloc,1,zram,1,1,0,0,0,0,0,0,0,0
zs_get_total_pages,0xcbe56bc2,STOCK_MODULE,zsmalloc,1,zram,1,1,0,0,0,0,0,0,0,0
zs_huge_class_size,0x3d8baf3b,STOCK_MODULE,zsmalloc,1,zram,1,1,0,0,0,0,0,0,0,0
zs_malloc,0xb29533ee,STOCK_MODULE,zsmalloc,1,zram,1,1,0,0,0,0,0,0,0,0
zs_map_object,0xc341ae6d,STOCK_MODULE,zsmalloc,1,zram,1,1,0,0,0,0,0,0,0,0
zs_pool_stats,0x7cceaf92,STOCK_MODULE,zsmalloc,1,zram,1,1,0,0,0,0,0,0,0,0
zs_unmap_object,0x924c46f8,STOCK_MODULE,zsmalloc,1,zram,1,1,0,0,0,0,0,0,0,0
