symbol,crc,provider_kind,provider_modules,provider_module_count,consumer_modules,consumer_module_count,import_record_count,in_kernel_base,in_kernel_mtk,in_kernel_nothing,in_device_base,in_device_mtk,in_device_mtk_union,in_kernel_nothing_union,in_any_published_nothing_list
DAL_Clean,0x79809043,STOCK_MODULE,mediatek_drm,1,aee_rs,1,1,0,0,0,0,0,0,0,0
DAL_Printf,0xf977571c,STOCK_MODULE,mediatek_drm,1,aee_rs,1,1,0,0,0,0,0,0,0,0
DAL_SetColor,0x10839f69,STOCK_MODULE,mediatek_drm,1,aee_rs,1,1,0,0,0,0,0,0,0,0
DAL_SetScreenColor,0xd8ff81bb,STOCK_MODULE,mediatek_drm,1,aee_rs,1,1,0,0,0,0,0,0,0,0
KREE_AppendSecureMultichunkmem,0x9a19c31a,STOCK_MODULE,gz_tz_system,1,gz_main_mod;tmem_ffa,2,2,0,0,0,0,0,0,0,0
KREE_CloseSession,0x5878d629,STOCK_MODULE,gz_tz_system,1,cmdq_sec_drv;gz_main_mod;mtk_cam_isp7sp;sapu;tmem_ffa,5,5,0,0,0,0,0,0,0,0
KREE_ConfigSecureMultiChunkMemInfo,0xbdb6a34b,STOCK_MODULE,gz_tz_system,1,tmem_ffa,1,1,0,0,0,0,0,0,0,0
KREE_CreateSession,0x552d4efc,STOCK_MODULE,gz_tz_system,1,cmdq_sec_drv;gz_main_mod;mtk_cam_isp7sp;sapu;tmem_ffa,5,5,0,0,0,0,0,0,0,0
KREE_ION_AllocChunkmem,0x3d5d5254,STOCK_MODULE,gz_tz_system,1,gz_main_mod;tmem_ffa,2,2,0,0,0,0,0,0,0,0
KREE_ION_QueryChunkmem_TEST,0x14085470,STOCK_MODULE,gz_tz_system,1,gz_main_mod,1,1,0,0,0,0,0,0,0,0
KREE_ION_ReferenceChunkmem,0x5df7236c,STOCK_MODULE,gz_tz_system,1,gz_main_mod,1,1,0,0,0,0,0,0,0,0
KREE_ION_UnreferenceChunkmem,0x8dceb484,STOCK_MODULE,gz_tz_system,1,gz_main_mod;tmem_ffa,2,2,0,0,0,0,0,0,0,0
KREE_ION_ZallocChunkmem,0x0175c8da,STOCK_MODULE,gz_tz_system,1,gz_main_mod;tmem_ffa,2,2,0,0,0,0,0,0,0,0
KREE_RegisterSharedmem,0xfbdd82be,STOCK_MODULE,gz_tz_system,1,cmdq_sec_drv;gz_main_mod,2,2,0,0,0,0,0,0,0,0
KREE_ReleaseSecureMultichunkmem,0x44781e48,STOCK_MODULE,gz_tz_system,1,gz_main_mod;tmem_ffa,2,2,0,0,0,0,0,0,0,0
KREE_TeeServiceCall,0xec19e146,STOCK_MODULE,gz_tz_system,1,gz_main_mod;mtk_cam_isp7sp;sapu;tmem_ffa,4,4,0,0,0,0,0,0,0,0
KREE_TeeServiceCallPlus,0xf45addc2,STOCK_MODULE,gz_tz_system,1,cmdq_sec_drv;gz_main_mod,2,2,0,0,0,0,0,0,0,0
KREE_UnregisterSharedmem,0xd9a6d5ea,STOCK_MODULE,gz_tz_system,1,cmdq_sec_drv;gz_main_mod,2,2,0,0,0,0,0,0,0,0
MTKGPUQoS_mode,0x50d37958,STOCK_MODULE,mtk_gpu_qos,1,ged,1,1,0,0,0,0,0,0,0,0
MTKGPUQoS_setup,0x2cdce23b,STOCK_MODULE,mtk_gpu_qos,1,ged,1,1,0,0,0,0,0,0,0,0
RingBuf_Bridge_update_writeptr,0xe797699b,STOCK_MODULE,snd_soc_audiodsp_common,1,mtk_soc_offload_common,1,1,0,0,0,0,0,0,0,0
RingBuf_Reset,0x1470f6d6,STOCK_MODULE,snd_soc_audiodsp_common,1,mtk_soc_offload_common,1,1,0,0,0,0,0,0,0,0
RingBuf_copyFromUserLinear,0x2220af5a,STOCK_MODULE,snd_soc_audiodsp_common,1,mtk_soc_offload_common,1,1,0,0,0,0,0,0,0,0
RingBuf_getDataCount,0xfc41cedb,STOCK_MODULE,snd_soc_audiodsp_common,1,mtk_soc_offload_common,1,1,0,0,0,0,0,0,0,0
RingBuf_getFreeSpace,0xfddb6c8d,STOCK_MODULE,snd_soc_audiodsp_common,1,mtk_soc_offload_common,1,1,0,0,0,0,0,0,0,0
RingBuf_update_writeptr,0x1f13c252,STOCK_MODULE,snd_soc_audiodsp_common,1,mtk_soc_offload_common,1,1,0,0,0,0,0,0,0,0
TEEC_CloseSession,0xcb193c37,STOCK_MODULE,tkcore,1,tmem_ffa,1,1,0,0,0,0,0,0,0,0
TEEC_FinalizeContext,0x7b3bc43f,STOCK_MODULE,tkcore,1,tmem_ffa,1,1,0,0,0,0,0,0,0,0
TEEC_InitializeContext,0x89b94f9a,STOCK_MODULE,tkcore,1,tmem_ffa,1,1,0,0,0,0,0,0,0,0
TEEC_InvokeCommand,0x202b681e,STOCK_MODULE,tkcore,1,tmem_ffa,1,1,0,0,0,0,0,0,0,0
TEEC_OpenSession,0xe821e2a3,STOCK_MODULE,tkcore,1,tmem_ffa,1,1,0,0,0,0,0,0,0,0
TEEC_RegisterSharedMemory,0xa7bb0a46,STOCK_MODULE,tkcore,1,tmem_ffa,1,1,0,0,0,0,0,0,0,0
TEEC_ReleaseSharedMemory,0xc4d15e1c,STOCK_MODULE,tkcore,1,tmem_ffa,1,1,0,0,0,0,0,0,0,0
UARTHUB_assert_state_ctrl,0x19383ede,STOCK_MODULE,uarthub_drv,1,8250_mtk,1,1,0,0,0,0,0,0,0,0
UARTHUB_bypass_mode_ctrl,0xd052e99a,STOCK_MODULE,uarthub_drv,1,8250_mtk,1,1,0,0,0,0,0,0,0,0
UARTHUB_close,0x964a0a78,STOCK_MODULE,uarthub_drv,1,8250_mtk,1,1,0,0,0,0,0,0,0,0
UARTHUB_config_external_baud_rate,0xdaf110bb,STOCK_MODULE,uarthub_drv,1,8250_mtk,1,1,0,0,0,0,0,0,0,0
UARTHUB_config_internal_baud_rate,0x47ae886e,STOCK_MODULE,uarthub_drv,1,8250_mtk,1,1,0,0,0,0,0,0,0,0
UARTHUB_debug_dump_tx_rx_count,0xe0a2ae03,STOCK_MODULE,uarthub_drv,1,8250_mtk,1,1,0,0,0,0,0,0,0,0
UARTHUB_dev0_clear_rx_request,0x237c97de,STOCK_MODULE,uarthub_drv,1,8250_mtk,1,1,0,0,0,0,0,0,0,0
UARTHUB_dev0_clear_tx_request,0xa75f0a0b,STOCK_MODULE,uarthub_drv,1,8250_mtk,1,1,0,0,0,0,0,0,0,0
UARTHUB_dev0_clear_txrx_request,0xd358d67a,STOCK_MODULE,uarthub_drv,1,8250_mtk,1,1,0,0,0,0,0,0,0,0
UARTHUB_dev0_is_uarthub_ready,0x335a6bfa,STOCK_MODULE,uarthub_drv,1,8250_mtk,1,1,0,0,0,0,0,0,0,0
UARTHUB_dev0_set_rx_request,0xf8c23624,STOCK_MODULE,uarthub_drv,1,8250_mtk,1,1,0,0,0,0,0,0,0,0
UARTHUB_dev0_set_tx_request,0x7ce1abf1,STOCK_MODULE,uarthub_drv,1,8250_mtk,1,1,0,0,0,0,0,0,0,0
UARTHUB_dev0_set_txrx_request,0x9cda978d,STOCK_MODULE,uarthub_drv,1,8250_mtk,1,1,0,0,0,0,0,0,0,0
UARTHUB_dump_debug_info,0x95ee018e,STOCK_MODULE,uarthub_drv,1,8250_mtk,1,1,0,0,0,0,0,0,0,0
UARTHUB_dump_debug_info_with_tag,0x17351324,STOCK_MODULE,uarthub_drv,1,8250_mtk,1,1,0,0,0,0,0,0,0,0
UARTHUB_get_host_set_fw_own_status,0x15e361da,STOCK_MODULE,uarthub_drv,1,8250_mtk,1,1,0,0,0,0,0,0,0,0
UARTHUB_get_host_wakeup_status,0xf876842c,STOCK_MODULE,uarthub_drv,1,8250_mtk,1,1,0,0,0,0,0,0,0,0
UARTHUB_get_uart_cmm_rx_count,0x8c068ca1,STOCK_MODULE,uarthub_drv,1,8250_mtk,1,1,0,0,0,0,0,0,0,0
UARTHUB_irq_register_cb,0x32394bdc,STOCK_MODULE,uarthub_drv,1,8250_mtk,1,1,0,0,0,0,0,0,0,0
UARTHUB_is_assert_state,0xb4fb20eb,STOCK_MODULE,uarthub_drv,1,8250_mtk,1,1,0,0,0,0,0,0,0,0
UARTHUB_is_bypass_mode,0xdeb7012b,STOCK_MODULE,uarthub_drv,1,8250_mtk,1,1,0,0,0,0,0,0,0,0
UARTHUB_md_adsp_fifo_ctrl,0x6c636d5c,STOCK_MODULE,uarthub_drv,1,8250_mtk,1,1,0,0,0,0,0,0,0,0
UARTHUB_open,0x110098f6,STOCK_MODULE,uarthub_drv,1,8250_mtk,1,1,0,0,0,0,0,0,0,0
UARTHUB_reset_flow_control,0x35c4f1ce,STOCK_MODULE,uarthub_drv,1,8250_mtk,1,1,0,0,0,0,0,0,0,0
UARTHUB_sw_reset,0xe2b1b6a2,STOCK_MODULE,uarthub_drv,1,8250_mtk,1,1,0,0,0,0,0,0,0,0
__cfg80211_alloc_event_skb,0x8e689896,STOCK_MODULE,cfg80211,1,wlan_drv_gen4m_6878,1,1,0,0,0,0,0,0,0,0
__cfg80211_alloc_reply_skb,0xe132fa57,STOCK_MODULE,cfg80211,1,wlan_drv_gen4m_6878,1,1,0,0,0,0,0,0,0,0
__cfg80211_radar_event,0xd6dc92c1,STOCK_MODULE,cfg80211,1,mac80211,1,1,0,0,0,0,0,0,0,0
__cfg80211_send_event_skb,0xf70f52da,STOCK_MODULE,cfg80211,1,wlan_drv_gen4m_6878,1,1,0,0,0,0,0,0,0,0
__cpu_pause_mask,0x81a6d354,STOCK_MODULE,scheduler,1,mtk_core_ctl,1,1,0,0,0,0,0,0,0,0
__hci_cmd_send,0x33702bd1,STOCK_MODULE,bluetooth,1,btqca,1,1,0,0,0,0,0,0,0,0
__hci_cmd_sync,0xb54a31a9,STOCK_MODULE,bluetooth,1,btbcm;btqca;hci_uart,3,3,0,0,0,0,0,0,0,0
__hci_cmd_sync_ev,0xda29db0c,STOCK_MODULE,bluetooth,1,btqca,1,1,0,0,0,0,0,0,0,0
__tee_get,0xa4df7b8a,STOCK_MODULE,tkcore,1,tkcore_drv,1,1,0,0,0,0,0,0,0,0
__traceiter_SPM__resource_req_0,0xcbc42e90,STOCK_MODULE,mtk_lpm,1,mtk_lpm_dbg_common_v2,1,1,0,0,0,0,0,0,0,0
__traceiter_md_mutt_limit,0x3db381ad,STOCK_MODULE,thermal_trace,1,md_cooling_all,1,1,0,0,0,0,0,0,0,0
__traceiter_md_scg_off,0x77c70485,STOCK_MODULE,thermal_trace,1,md_cooling_all,1,1,0,0,0,0,0,0,0,0
__traceiter_md_tx_pwr_limit,0xd894c586,STOCK_MODULE,thermal_trace,1,md_cooling_all,1,1,0,0,0,0,0,0,0,0
__traceiter_mtk_pm_qos_update_request,0x90965b4c,STOCK_MODULE,mtk_dvfsrc,1,mtk_dvfsrc_regulator;mtk_emi,2,2,0,0,0,0,0,0,0,0
__tracepoint_SPM__resource_req_0,0xc4de8053,STOCK_MODULE,mtk_lpm,1,mtk_lpm_dbg_common_v2,1,1,0,0,0,0,0,0,0,0
__tracepoint_md_mutt_limit,0x1f99bde1,STOCK_MODULE,thermal_trace,1,md_cooling_all,1,1,0,0,0,0,0,0,0,0
__tracepoint_md_scg_off,0x7ed8583b,STOCK_MODULE,thermal_trace,1,md_cooling_all,1,1,0,0,0,0,0,0,0,0
__tracepoint_md_tx_pwr_limit,0xc09777c0,STOCK_MODULE,thermal_trace,1,md_cooling_all,1,1,0,0,0,0,0,0,0,0
__tracepoint_mtk_pm_qos_update_request,0x5b02c129,STOCK_MODULE,mtk_dvfsrc,1,mtk_dvfsrc_regulator;mtk_emi,2,2,0,0,0,0,0,0,0,0
__tracepoint_mtu3_gadget_ep_disable,0x3d4d3e40,STOCK_MODULE,mtu3,1,usb_boost,1,1,0,0,0,0,0,0,0,0
__tracepoint_mtu3_gadget_ep_enable,0xf4cc943f,STOCK_MODULE,mtu3,1,usb_boost,1,1,0,0,0,0,0,0,0,0
__tracepoint_mtu3_gadget_queue,0xda58430f,STOCK_MODULE,mtu3,1,usb_boost;usb_logger,2,2,0,0,0,0,0,0,0,0
__tracepoint_mtu3_req_complete,0x1eaa6b11,STOCK_MODULE,mtu3,1,usb_logger,1,1,0,0,0,0,0,0,0,0
__tracepoint_xhci_urb_enqueue_,0x123af5b0,STOCK_MODULE,xhci_mtk_hcd_v2,1,usb_logger,1,1,0,0,0,0,0,0,0,0
__tracepoint_xhci_urb_giveback_,0x095b184c,STOCK_MODULE,xhci_mtk_hcd_v2,1,usb_boost;usb_logger,2,2,0,0,0,0,0,0,0,0
_gate_ic_backlight_set,0x9c866d1d,STOCK_MODULE,rt4831a_drv,1,leds_mtk_disp,1,1,0,0,0,0,0,0,0,0
_map_user_pages,0x6e8b0474,STOCK_MODULE,gz_tz_system,1,gz_main_mod,1,1,0,0,0,0,0,0,0,0
adapter_dev_authentication,0x419787b9,STOCK_MODULE,adapter_class,1,mtk_pep50,1,1,0,0,0,0,0,0,0,0
adapter_dev_enable_wdt,0xfe199718,STOCK_MODULE,adapter_class,1,mtk_pep50,1,1,0,0,0,0,0,0,0,0
adapter_dev_exit_mode,0xf1b258cf,STOCK_MODULE,adapter_class,1,mtk_pep40,1,1,0,0,0,0,0,0,0,0
adapter_dev_get_cap,0xdf9a0438,STOCK_MODULE,adapter_class,1,mtk_pd_charging;mtk_pep40,2,2,0,0,0,0,0,0,0,0
adapter_dev_get_output,0xc6dd72b4,STOCK_MODULE,adapter_class,1,mtk_pep40;mtk_pep50,2,2,0,0,0,0,0,0,0,0
adapter_dev_get_property,0xadf1a147,STOCK_MODULE,adapter_class,1,mtk_charger_framework,1,1,0,0,0,0,0,0,0,0
adapter_dev_get_status,0xd308735e,STOCK_MODULE,adapter_class,1,mtk_pep40;mtk_pep50,2,2,0,0,0,0,0,0,0,0
adapter_dev_is_cc,0x865ed66a,STOCK_MODULE,adapter_class,1,mtk_pep50,1,1,0,0,0,0,0,0,0,0
adapter_dev_send_hardreset,0x27391bc0,STOCK_MODULE,adapter_class,1,mtk_pep50,1,1,0,0,0,0,0,0,0,0
adapter_dev_set_cap,0xc885b9b8,STOCK_MODULE,adapter_class,1,mtk_pd_charging;mtk_pep40;mtk_pep50,3,3,0,0,0,0,0,0,0,0
adapter_dev_set_wdt,0x4bd2e899,STOCK_MODULE,adapter_class,1,mtk_pep50,1,1,0,0,0,0,0,0,0,0
adapter_dev_sync_volt,0x64634971,STOCK_MODULE,adapter_class,1,mtk_pep50,1,1,0,0,0,0,0,0,0,0
adapter_device_register,0x0a0ea76c,STOCK_MODULE,adapter_class,1,mtk_pd_adapter,1,1,0,0,0,0,0,0,0,0
adapter_device_unregister,0xf6cff1b8,STOCK_MODULE,adapter_class,1,mtk_pd_adapter,1,1,0,0,0,0,0,0,0,0
adpf_register_callback,0x794e39e9,STOCK_MODULE,powerhal_cpu_ctrl,1,mtk_fpsgo;scheduler,2,2,0,0,0,0,0,0,0,0
adsp_deregister_feature,0xbaea5c8b,STOCK_MODULE,adsp,1,audio_ipi;snd_soc_audiodsp_common;snd_soc_mtk_common,3,3,0,0,0,0,0,0,0,0
adsp_get_reserve_mem_phys,0x48d32280,STOCK_MODULE,adsp,1,audio_ipi;snd_soc_audiodsp_common;usb_offload,3,3,0,0,0,0,0,0,0,0
adsp_get_reserve_mem_size,0x83a58a62,STOCK_MODULE,adsp,1,audio_ipi;mtk_scp_audiocommon;snd_soc_audiodsp_common;usb_offload,4,4,0,0,0,0,0,0,0,0
adsp_get_reserve_mem_virt,0x59aec388,STOCK_MODULE,adsp,1,audio_ipi;mtk_scp_audiocommon;snd_soc_audiodsp_common;usb_offload,4,4,0,0,0,0,0,0,0,0
adsp_ipi_registration,0x9bb959a8,STOCK_MODULE,adsp,1,audio_ipi,1,1,0,0,0,0,0,0,0,0
adsp_mem_device_probe,0x0cd0392d,STOCK_MODULE,adsp,1,mtk_scp_audiocommon,1,1,0,0,0,0,0,0,0,0
adsp_register_feature,0xc2283c34,STOCK_MODULE,adsp,1,audio_ipi;snd_soc_audiodsp_common;snd_soc_mtk_common,3,3,0,0,0,0,0,0,0,0
adsp_register_notify,0x8fdef678,STOCK_MODULE,adsp,1,audio_ipi;snd_soc_audiodsp_common;snd_soc_mtk_common;usb_offload,4,4,0,0,0,0,0,0,0,0
adsp_send_message,0x0bb113b6,STOCK_MODULE,adsp,1,audio_ipi,1,1,0,0,0,0,0,0,0,0
adsp_send_vp_irq,0xaf86099f,STOCK_MODULE,adsp,1,snd_soc_audiodsp_common,1,1,0,0,0,0,0,0,0,0
adsp_task_get_latency_support,0x01f2df8c,STOCK_MODULE,snd_soc_audiodsp_common,1,mtk_soc_offload_common,1,1,0,0,0,0,0,0,0,0
adsp_threaded_irq_registration,0x13f601eb,STOCK_MODULE,adsp,1,snd_soc_audiodsp_common,1,1,0,0,0,0,0,0,0,0
aed_common_exception_api,0x97680f44,STOCK_MODULE,aee_aed,1,adsp;conninfra;scp;vcp,4,4,0,0,0,0,0,0,0,0
aed_md_exception_api,0x6961e6ba,STOCK_MODULE,aee_aed,1,ccci_md_all;ccci_util_lib,2,2,0,0,0,0,0,0,0,0
aee_get_mode,0xa2aed337,STOCK_MODULE,aee_aed,1,adsp;aee_rs;scp,3,3,0,0,0,0,0,0,0,0
aee_is_printk_too_much,0x29c37d82,STOCK_MODULE,aee_aed,1,clk_common;iommu_debug;mdp_drv_mt6878;mediatek_drm;mmprofile;mtk_cam_isp7sp;mtk_ccuv;mtk_cmdq_drv_ext;mtk_mml;ufs_mediatek_dbg,10,10,0,0,0,0,0,0,0,0
aee_kernel_exception_api_func,0x45b60059,STOCK_MODULE,aee_aed,1,adsp;apu_top;apusys;bus_parity;cache_parity;conninfra;device_apc_common;emi_mpu;imgsensor;last_bus;mali_kbase_mt6878_r44;mtk_cam_isp7sp;mtk_cmdq_drv_ext;mtk_imgsys_cmdq;mtk_smi;mtk_ssc;smpu;snd_soc_audiodsp_common;snd_soc_mt6878_afe;snd_soc_mtk_common,20,20,0,0,0,0,0,0,0,0
aee_kernel_fatal_api_func,0xd2db42b8,STOCK_MODULE,aee_aed,1,mediatek_drm,1,1,0,0,0,0,0,0,0,0
aee_kernel_warning_api_func,0xdb976d85,STOCK_MODULE,aee_aed,1,apusys;clk_common;fhctl;iommu_debug;mdp_drv_mt6878;mediatek_drm;mmprofile;mt6375_battery;mtk_cam_isp7sp;mtk_ccuv;mtk_cmdq_drv_ext;mtk_dvfsrc_helper;mtk_mminfra_debug;mtk_mml;mtk_pmic_oc_debug;rtc_mt6685;spmi_mtk_pmif;ufs_mediatek_dbg;wlan_drv_gen4m_6878,19,19,0,0,0,0,0,0,0,0
aee_log_buf_addr_get,0x2dbfad07,STOCK_MODULE,mrdump,1,log_store,1,1,0,0,0,0,0,0,0,0
aee_rr_curr_gpu_dvfs_status,0x35806b02,STOCK_MODULE,mrdump,1,mali_kbase_mt6878_r44,1,1,0,0,0,0,0,0,0,0
aee_rr_rec_check,0x2ae9361a,STOCK_MODULE,mrdump,1,aee_hangdet,1,1,0,0,0,0,0,0,0,0
aee_rr_rec_gpu_dvfs_oppidx,0x871376ec,STOCK_MODULE,mrdump,1,mtk_gpufreq_mt6878,1,1,0,0,0,0,0,0,0,0
aee_rr_rec_gpu_dvfs_power_count,0xdb39008d,STOCK_MODULE,mrdump,1,mtk_gpufreq_mt6878,1,1,0,0,0,0,0,0,0,0
aee_rr_rec_gpu_dvfs_status,0xbc5ce545,STOCK_MODULE,mrdump,1,mali_kbase_mt6878_r44,1,1,0,0,0,0,0,0,0,0
aee_rr_rec_gpu_dvfs_vgpu,0x214dd646,STOCK_MODULE,mrdump,1,mtk_gpufreq_mt6878,1,1,0,0,0,0,0,0,0,0
aee_rr_rec_hang_detect_timeout_count,0xbe8c4b26,STOCK_MODULE,mrdump,1,monitor_hang,1,1,0,0,0,0,0,0,0,0
aee_rr_rec_kick,0xfdfa56a8,STOCK_MODULE,mrdump,1,aee_hangdet,1,1,0,0,0,0,0,0,0,0
aee_rr_rec_wdk_ktime,0x47fc61bb,STOCK_MODULE,mrdump,1,aee_hangdet,1,1,0,0,0,0,0,0,0,0
aee_rr_rec_wdk_systimer_cnt,0x1042fbe5,STOCK_MODULE,mrdump,1,aee_hangdet,1,1,0,0,0,0,0,0,0,0
aee_sram_fiq_log,0x17fa4179,STOCK_MODULE,mrdump,1,aee_hangdet,1,1,0,0,0,0,0,0,0,0
aee_sram_printk,0xc9dddfcd,STOCK_MODULE,mrdump,1,bus_parity;cache_parity;dbg_error_flag,3,3,0,0,0,0,0,0,0,0
afe_pcm_ipi_to_dsp,0xd47940be,STOCK_MODULE,snd_soc_audiodsp_common,1,snd_soc_mtk_common,1,1,0,0,0,0,0,0,0,0
after_md_sleep_status,0x632e9e90,STOCK_MODULE,mtk_lpm_dbg_common_v2,1,mtk_lpm_plat_v1,1,1,0,0,0,0,0,0,0,0
alloc_can_err_skb,0x6b6e2d02,STOCK_MODULE,can_dev,1,slcan,1,1,0,0,0,0,0,0,0,0
alloc_can_skb,0x2913955d,STOCK_MODULE,can_dev,1,slcan,1,1,0,0,0,0,0,0,0,0
alloc_candev_mqs,0x18246485,STOCK_MODULE,can_dev,1,slcan,1,1,0,0,0,0,0,0,0,0
alloc_inst_rawbulk,0xa3fde4a6,STOCK_MODULE,c2k_usb,1,c2k_usb_f_via_atc;c2k_usb_f_via_ets;c2k_usb_f_via_modem,3,3,0,0,0,0,0,0,0,0
ao_secure_dbg_switch_by_atf,0xcda97337,STOCK_MODULE,iommu_secure,1,mtk_iommu,1,1,0,0,0,0,0,0,0,0
apu_device_power_off,0x6f854dc3,STOCK_MODULE,apu_top,1,apusys,1,1,0,0,0,0,0,0,0,0
apu_device_power_on,0x7a1e534b,STOCK_MODULE,apu_top,1,apusys,1,1,0,0,0,0,0,0,0,0
apu_device_power_suspend,0x39c756a2,STOCK_MODULE,apu_top,1,apusys,1,1,0,0,0,0,0,0,0,0
apu_device_set_opp,0xa9e6aa24,STOCK_MODULE,apu_top,1,apusys,1,1,0,0,0,0,0,0,0,0
apu_get_power_on_status,0xd02e6b7e,STOCK_MODULE,apu_top,1,apusys,1,1,0,0,0,0,0,0,0,0
apu_power_callback_device_register,0x6cb39818,STOCK_MODULE,apu_top,1,apusys,1,1,0,0,0,0,0,0,0,0
apu_power_callback_device_unregister,0x4d9b7ec4,STOCK_MODULE,apu_top,1,apusys,1,1,0,0,0,0,0,0,0,0
apu_power_device_register,0x871c8dce,STOCK_MODULE,apu_top,1,apusys,1,1,0,0,0,0,0,0,0,0
apu_power_device_unregister,0x3e9a945d,STOCK_MODULE,apu_top,1,apusys,1,1,0,0,0,0,0,0,0,0
apu_power_drv_exit,0x09d24f53,STOCK_MODULE,apu_top,1,apusys,1,1,0,0,0,0,0,0,0,0
apu_power_drv_init,0x79690a63,STOCK_MODULE,apu_top,1,apusys,1,1,0,0,0,0,0,0,0,0
apu_qos_set_vcore,0xefd576f6,STOCK_MODULE,apu_top,1,apusys,1,1,0,0,0,0,0,0,0,0
apupw_get_tag,0x6193a516,STOCK_MODULE,apu_top,1,apusys,1,1,0,0,0,0,0,0,0,0
apusys_boost_value_to_opp,0xf96f8cfd,STOCK_MODULE,apu_top,1,apusys,1,1,0,0,0,0,0,0,0,0
apusys_power_check,0x239bc957,STOCK_MODULE,apu_top,1,apusys,1,1,0,0,0,0,0,0,0,0
arc4_crypt,0xcd47fcc4,STOCK_MODULE,libarc4,1,mac80211;ppp_mppe,2,2,0,0,0,0,0,0,0,0
arc4_setkey,0x2bb32ad1,STOCK_MODULE,libarc4,1,mac80211;ppp_mppe,2,2,0,0,0,0,0,0,0,0
audio_recv_ipi_buf_from_dsp,0xa8d0aa80,STOCK_MODULE,audio_ipi,1,mtk_sp_spk_amp,1,1,0,0,0,0,0,0,0,0
audio_send_ipi_buf_to_dsp,0xd04d732f,STOCK_MODULE,audio_ipi,1,mtk_sp_spk_amp,1,1,0,0,0,0,0,0,0,0
audio_send_ipi_msg,0x4862e694,STOCK_MODULE,audio_ipi,1,snd_soc_audiodsp_common;snd_soc_mtk_common;usb_offload,3,3,0,0,0,0,0,0,0,0
audio_set_dsp_afe,0x42e0c9eb,STOCK_MODULE,snd_soc_audiodsp_common,1,snd_soc_mt6878_afe,1,1,0,0,0,0,0,0,0,0
audio_task_register_callback,0x8fca6f04,STOCK_MODULE,audio_ipi,1,mtk_soc_offload_common;snd_soc_audiodsp_common,2,2,0,0,0,0,0,0,0,0
aw883xx_i2c_probe,0x713728fc,STOCK_MODULE,aw883xx_driver,1,mtk_sp_spk_amp,1,1,0,0,0,0,0,0,0,0
aw883xx_i2c_remove,0xb3e48038,STOCK_MODULE,aw883xx_driver,1,mtk_sp_spk_amp,1,1,0,0,0,0,0,0,0,0
baswap,0x7b5ce5c3,STOCK_MODULE,bluetooth,1,btbcm;btqca;hci_uart,3,3,0,0,0,0,0,0,0,0
before_md_sleep_status,0x256c3603,STOCK_MODULE,mtk_lpm_dbg_common_v2,1,mtk_lpm_plat_v1,1,1,0,0,0,0,0,0,0,0
boost_get_cmd_fp,0x68c9a56f,STOCK_MODULE,mtk_ioctl_powerhal,1,powerhal_cpu_ctrl,1,1,0,0,0,0,0,0,0,0
bootprof_log_boot,0xafc9bb32,STOCK_MODULE,bootprof,1,usb_meta,1,1,0,0,0,0,0,0,0,0
bridge_tunnel_header,0x1879fcbd,STOCK_MODULE,cfg80211,1,mac80211,1,1,0,0,0,0,0,0,0,0
bt_accept_dequeue,0xa0c2214c,STOCK_MODULE,bluetooth,1,rfcomm,1,1,0,0,0,0,0,0,0,0
bt_accept_enqueue,0xd1448dc5,STOCK_MODULE,bluetooth,1,rfcomm,1,1,0,0,0,0,0,0,0,0
bt_accept_unlink,0xec5c7e14,STOCK_MODULE,bluetooth,1,rfcomm,1,1,0,0,0,0,0,0,0,0
bt_debugfs,0xbb89b7e0,STOCK_MODULE,bluetooth,1,rfcomm,1,1,0,0,0,0,0,0,0,0
bt_err,0x7b8c32f1,STOCK_MODULE,bluetooth,1,btbcm;btqca;hci_uart;hidp;rfcomm,5,5,0,0,0,0,0,0,0,0
bt_info,0x0718b8b7,STOCK_MODULE,bluetooth,1,btbcm;btqca;hci_uart;hidp;rfcomm,5,5,0,0,0,0,0,0,0,0
bt_procfs_cleanup,0x17602ecb,STOCK_MODULE,bluetooth,1,hidp;rfcomm,2,2,0,0,0,0,0,0,0,0
bt_procfs_init,0xe1369968,STOCK_MODULE,bluetooth,1,hidp;rfcomm,2,2,0,0,0,0,0,0,0,0
bt_sock_alloc,0x7a1193d3,STOCK_MODULE,bluetooth,1,rfcomm,1,1,0,0,0,0,0,0,0,0
bt_sock_ioctl,0x66286463,STOCK_MODULE,bluetooth,1,rfcomm,1,1,0,0,0,0,0,0,0,0
bt_sock_link,0x3db15e11,STOCK_MODULE,bluetooth,1,hidp;rfcomm,2,2,0,0,0,0,0,0,0,0
bt_sock_poll,0xeb896aef,STOCK_MODULE,bluetooth,1,rfcomm,1,1,0,0,0,0,0,0,0,0
bt_sock_reclassify_lock,0x76a49bad,STOCK_MODULE,bluetooth,1,rfcomm,1,1,0,0,0,0,0,0,0,0
bt_sock_register,0x5ba40f91,STOCK_MODULE,bluetooth,1,hidp;rfcomm,2,2,0,0,0,0,0,0,0,0
bt_sock_stream_recvmsg,0x25c780fa,STOCK_MODULE,bluetooth,1,rfcomm,1,1,0,0,0,0,0,0,0,0
bt_sock_unlink,0x90793c60,STOCK_MODULE,bluetooth,1,hidp;rfcomm,2,2,0,0,0,0,0,0,0,0
bt_sock_unregister,0x8fea24bd,STOCK_MODULE,bluetooth,1,hidp;rfcomm,2,2,0,0,0,0,0,0,0,0
bt_sock_wait_ready,0x09c198d9,STOCK_MODULE,bluetooth,1,rfcomm,1,1,0,0,0,0,0,0,0,0
bt_sock_wait_state,0x93aa13a6,STOCK_MODULE,bluetooth,1,rfcomm,1,1,0,0,0,0,0,0,0,0
bt_warn,0x214e4265,STOCK_MODULE,bluetooth,1,hci_uart,1,1,0,0,0,0,0,0,0,0
btbcm_check_bdaddr,0x4ad61208,STOCK_MODULE,btbcm,1,hci_uart,1,1,0,0,0,0,0,0,0,0
btbcm_finalize,0xde741d81,STOCK_MODULE,btbcm,1,hci_uart,1,1,0,0,0,0,0,0,0,0
btbcm_initialize,0x6122bec3,STOCK_MODULE,btbcm,1,hci_uart,1,1,0,0,0,0,0,0,0,0
btbcm_read_pcm_int_params,0x9810f488,STOCK_MODULE,btbcm,1,hci_uart,1,1,0,0,0,0,0,0,0,0
btbcm_set_bdaddr,0xbc528922,STOCK_MODULE,btbcm,1,hci_uart,1,1,0,0,0,0,0,0,0,0
btbcm_write_pcm_int_params,0xba4441a0,STOCK_MODULE,btbcm,1,hci_uart,1,1,0,0,0,0,0,0,0,0
c2ps_notify_add_task_fp,0xd89863e4,STOCK_MODULE,c2ps_perf_ioctl,1,mtk_c2ps,1,1,0,0,0,0,0,0,0,0
c2ps_notify_camfps_fp,0x0c209f03,STOCK_MODULE,c2ps_perf_ioctl,1,mtk_c2ps,1,1,0,0,0,0,0,0,0,0
c2ps_notify_init_fp,0x051e7ae5,STOCK_MODULE,c2ps_perf_ioctl,1,mtk_c2ps,1,1,0,0,0,0,0,0,0,0
c2ps_notify_task_end_fp,0xc0a967df,STOCK_MODULE,c2ps_perf_ioctl,1,mtk_c2ps,1,1,0,0,0,0,0,0,0,0
c2ps_notify_task_scene_change_fp,0x3f47c802,STOCK_MODULE,c2ps_perf_ioctl,1,mtk_c2ps,1,1,0,0,0,0,0,0,0,0
c2ps_notify_task_single_shot_fp,0xeb6542f4,STOCK_MODULE,c2ps_perf_ioctl,1,mtk_c2ps,1,1,0,0,0,0,0,0,0,0
c2ps_notify_task_start_fp,0xa58c8cbe,STOCK_MODULE,c2ps_perf_ioctl,1,mtk_c2ps,1,1,0,0,0,0,0,0,0,0
c2ps_notify_uninit_fp,0xccd7bc4d,STOCK_MODULE,c2ps_perf_ioctl,1,mtk_c2ps,1,1,0,0,0,0,0,0,0,0
c2ps_notify_vsync_fp,0xd7478056,STOCK_MODULE,c2ps_perf_ioctl,1,mtk_c2ps,1,1,0,0,0,0,0,0,0,0
can_bus_off,0x8b0135b3,STOCK_MODULE,can_dev,1,slcan,1,1,0,0,0,0,0,0,0,0
can_change_mtu,0x99a240b0,STOCK_MODULE,can_dev,1,slcan,1,1,0,0,0,0,0,0,0,0
can_change_state,0xf30870d5,STOCK_MODULE,can_dev,1,slcan,1,1,0,0,0,0,0,0,0,0
can_dropped_invalid_skb,0xd5058dc1,STOCK_MODULE,can_dev,1,slcan;vcan,2,2,0,0,0,0,0,0,0,0
can_proto_register,0xcf3cfa9e,STOCK_MODULE,can,1,can_bcm;can_raw,2,2,0,0,0,0,0,0,0,0
can_proto_unregister,0x2f0640d2,STOCK_MODULE,can,1,can_bcm;can_raw,2,2,0,0,0,0,0,0,0,0
can_rx_register,0x79473a3e,STOCK_MODULE,can,1,can_bcm;can_gw;can_raw,3,3,0,0,0,0,0,0,0,0
can_rx_unregister,0xc6d395bb,STOCK_MODULE,can,1,can_bcm;can_gw;can_raw,3,3,0,0,0,0,0,0,0,0
can_send,0x9b9a1272,STOCK_MODULE,can,1,can_bcm;can_gw;can_raw,3,3,0,0,0,0,0,0,0,0
ccci_alloc_skb,0x58404b03,STOCK_MODULE,ccci_md_all,1,ccci_ccif;ccci_fsm_scp,2,2,0,0,0,0,0,0,0,0
ccci_c2k_buffer_push,0x3c3ef6ed,STOCK_MODULE,ccci_md_all,1,c2k_usb,1,1,0,0,0,0,0,0,0,0
ccci_c2k_rawbulk_intercept,0x9ba9b917,STOCK_MODULE,ccci_md_all,1,c2k_usb,1,1,0,0,0,0,0,0,0,0
ccci_c2k_set_usb_callback,0x1761953f,STOCK_MODULE,ccci_md_all,1,c2k_usb,1,1,0,0,0,0,0,0,0,0
ccci_dump_write,0xba637490,STOCK_MODULE,ccci_util_lib,1,ccci_auxadc;ccci_ccif;ccci_dpmaif;ccci_fsm_scp;ccci_md_all,5,5,0,0,0,0,0,0,0,0
ccci_event_log,0xe8837d03,STOCK_MODULE,ccci_util_lib,1,ccci_md_all,1,1,0,0,0,0,0,0,0,0
ccci_free_skb,0xa4b28c67,STOCK_MODULE,ccci_md_all,1,ccci_ccif;ccci_fsm_scp,2,2,0,0,0,0,0,0,0,0
ccci_fsm_get_md_state,0x3b31bb5b,STOCK_MODULE,ccci_md_all,1,ccci_ccif;ccci_fsm_scp,2,2,0,0,0,0,0,0,0,0
ccci_fsm_get_md_state_for_user,0xbf79e3c4,STOCK_MODULE,ccci_md_all,1,ccci_fsm_scp,1,1,0,0,0,0,0,0,0,0
ccci_get_adc_mV,0xa7eee324,STOCK_MODULE,ccci_auxadc,1,ccci_md_all,1,1,0,0,0,0,0,0,0,0
ccci_get_adc_num,0x37dd5de9,STOCK_MODULE,ccci_auxadc,1,ccci_md_all,1,1,0,0,0,0,0,0,0,0
ccci_get_adc_val,0x1749211d,STOCK_MODULE,ccci_auxadc,1,ccci_md_all,1,1,0,0,0,0,0,0,0,0
ccci_get_md_check_hdr_inf,0x7d606fd7,STOCK_MODULE,ccci_util_lib,1,ccci_md_all,1,1,0,0,0,0,0,0,0,0
ccci_get_md_info_str,0x4b922029,STOCK_MODULE,ccci_util_lib,1,ccci_md_all,1,1,0,0,0,0,0,0,0,0
ccci_get_per_md_data,0xa0e7e691,STOCK_MODULE,ccci_md_all,1,ccci_ccif;ccci_dpmaif;ccci_fsm_scp,3,3,0,0,0,0,0,0,0,0
ccci_hif_register,0xaa99b9a3,STOCK_MODULE,ccci_md_all,1,ccci_ccif;ccci_dpmaif,2,2,0,0,0,0,0,0,0,0
ccci_md_add_log_history,0xe1117e71,STOCK_MODULE,ccci_md_all,1,ccci_ccif,1,1,0,0,0,0,0,0,0,0
ccci_md_dump_log_history,0xc50a8c37,STOCK_MODULE,ccci_md_all,1,ccci_ccif,1,1,0,0,0,0,0,0,0,0
ccci_md_force_assert,0xf902f105,STOCK_MODULE,ccci_md_all,1,ccci_ccif;ccci_dpmaif,2,2,0,0,0,0,0,0,0,0
ccci_md_get_smem_by_user_id,0x1d3e9377,STOCK_MODULE,ccci_md_all,1,ccci_ccif;ccci_fsm_scp,2,2,0,0,0,0,0,0,0,0
ccci_port_dump_status,0x8bdc5822,STOCK_MODULE,ccci_md_all,1,ccci_ccif,1,1,0,0,0,0,0,0,0,0
ccci_port_get_dev_name,0xaa217d98,STOCK_MODULE,ccci_md_all,1,ccci_ccif,1,1,0,0,0,0,0,0,0,0
ccci_port_queue_status_notify,0x98264bb3,STOCK_MODULE,ccci_md_all,1,ccci_ccif;ccci_dpmaif,2,2,0,0,0,0,0,0,0,0
ccci_port_recv_skb,0x6381dcda,STOCK_MODULE,ccci_md_all,1,ccci_ccif;ccci_dpmaif,2,2,0,0,0,0,0,0,0,0
ccci_port_send_msg_to_md,0xa398699b,STOCK_MODULE,ccci_md_all,1,ccci_fsm_scp,1,1,0,0,0,0,0,0,0,0
ccci_register_md_state_receiver,0xac93498d,STOCK_MODULE,ccci_md_all,1,ccci_fsm_scp,1,1,0,0,0,0,0,0,0,0
ccci_set_dpmaif_debug_cb,0x6bbc67ef,STOCK_MODULE,ccci_md_all,1,ccci_dpmaif,1,1,0,0,0,0,0,0,0,0
ccci_skb_dequeue,0x8047453c,STOCK_MODULE,ccci_md_all,1,ccci_fsm_scp,1,1,0,0,0,0,0,0,0,0
ccci_skb_enqueue,0xac1534be,STOCK_MODULE,ccci_md_all,1,ccci_fsm_scp,1,1,0,0,0,0,0,0,0,0
ccci_skb_queue_init,0xd6f57578,STOCK_MODULE,ccci_md_all,1,ccci_fsm_scp,1,1,0,0,0,0,0,0,0,0
ccci_sysfs_add_modem,0xbe8f1358,STOCK_MODULE,ccci_util_lib,1,ccci_md_all,1,1,0,0,0,0,0,0,0,0
ccci_util_cmpt_mem_dump,0x8b76fae3,STOCK_MODULE,ccci_util_lib,1,ccci_md_all,1,1,0,0,0,0,0,0,0,0
ccci_util_mem_dump,0x1966c223,STOCK_MODULE,ccci_util_lib,1,ccci_ccif;ccci_dpmaif;ccci_md_all,3,3,0,0,0,0,0,0,0,0
ccd_ipi_register,0x2b7417b7,STOCK_MODULE,ccd_rpmsg,1,mtk_ccd_remoteproc,1,1,0,0,0,0,0,0,0,0
ccd_master_destroy,0x250f2b76,STOCK_MODULE,ccd_rpmsg,1,mtk_ccd_remoteproc,1,1,0,0,0,0,0,0,0,0
ccd_master_listen,0x63eb7924,STOCK_MODULE,ccd_rpmsg,1,mtk_ccd_remoteproc,1,1,0,0,0,0,0,0,0,0
ccd_worker_read,0xf998d96c,STOCK_MODULE,ccd_rpmsg,1,mtk_ccd_remoteproc,1,1,0,0,0,0,0,0,0,0
ccd_worker_write,0x682a4e2e,STOCK_MODULE,ccd_rpmsg,1,mtk_ccd_remoteproc,1,1,0,0,0,0,0,0,0,0
ccmni_clr_flush_timer,0xa34f01bc,STOCK_MODULE,ccmni,1,ccci_dpmaif,1,1,0,0,0,0,0,0,0,0
ccmni_ops,0xdde1aa48,STOCK_MODULE,ccmni,1,ccci_md_all,1,1,0,0,0,0,0,0,0,0
ccmni_set_cur_speed,0x5ccfc658,STOCK_MODULE,ccmni,1,ccci_dpmaif,1,1,0,0,0,0,0,0,0,0
ccmni_set_init_rps,0x4d768812,STOCK_MODULE,ccmni,1,ccci_dpmaif,1,1,0,0,0,0,0,0,0,0
cfg80211_any_usable_channels,0xc46d6acc,STOCK_MODULE,cfg80211,1,mac80211,1,1,0,0,0,0,0,0,0,0
cfg80211_assoc_comeback,0xf99f1059,STOCK_MODULE,cfg80211,1,mac80211,1,1,0,0,0,0,0,0,0,0
cfg80211_assoc_failure,0x0ab955ce,STOCK_MODULE,cfg80211,1,mac80211,1,1,0,0,0,0,0,0,0,0
cfg80211_auth_timeout,0x2ee5005d,STOCK_MODULE,cfg80211,1,mac80211,1,1,0,0,0,0,0,0,0,0
cfg80211_bss_color_notify,0x4e49293f,STOCK_MODULE,cfg80211,1,mac80211,1,1,0,0,0,0,0,0,0,0
cfg80211_cac_event,0x89d0de94,STOCK_MODULE,cfg80211,1,mac80211,1,1,0,0,0,0,0,0,0,0
cfg80211_calculate_bitrate,0x4d888bc1,STOCK_MODULE,cfg80211,1,mac80211,1,1,0,0,0,0,0,0,0,0
cfg80211_ch_switch_notify,0x81bac377,STOCK_MODULE,cfg80211,1,mac80211;wlan_drv_gen4m_6878,2,2,0,0,0,0,0,0,0,0
cfg80211_ch_switch_started_notify,0x34d0aade,STOCK_MODULE,cfg80211,1,mac80211;wlan_drv_gen4m_6878,2,2,0,0,0,0,0,0,0,0
cfg80211_chandef_compatible,0xd97eaad4,STOCK_MODULE,cfg80211,1,mac80211,1,1,0,0,0,0,0,0,0,0
cfg80211_chandef_create,0x06ca71fd,STOCK_MODULE,cfg80211,1,mac80211;wlan_drv_gen4m_6878,2,2,0,0,0,0,0,0,0,0
cfg80211_chandef_dfs_required,0x7426549d,STOCK_MODULE,cfg80211,1,mac80211,1,1,0,0,0,0,0,0,0,0
cfg80211_chandef_usable,0x3f9b28f0,STOCK_MODULE,cfg80211,1,mac80211,1,1,0,0,0,0,0,0,0,0
cfg80211_chandef_valid,0xc4b4fc27,STOCK_MODULE,cfg80211,1,mac80211,1,1,0,0,0,0,0,0,0,0
cfg80211_check_combinations,0x10621d3a,STOCK_MODULE,cfg80211,1,mac80211,1,1,0,0,0,0,0,0,0,0
cfg80211_check_station_change,0xe6ee6646,STOCK_MODULE,cfg80211,1,mac80211,1,1,0,0,0,0,0,0,0,0
cfg80211_classify8021d,0xaa1ac9ec,STOCK_MODULE,cfg80211,1,mac80211;wlan_drv_gen4m_6878,2,2,0,0,0,0,0,0,0,0
cfg80211_connect_done,0x6699ba8e,STOCK_MODULE,cfg80211,1,wlan_drv_gen4m_6878,1,1,0,0,0,0,0,0,0,0
cfg80211_control_port_tx_status,0x0337a746,STOCK_MODULE,cfg80211,1,mac80211,1,1,0,0,0,0,0,0,0,0
cfg80211_cqm_beacon_loss_notify,0xc8074c43,STOCK_MODULE,cfg80211,1,mac80211,1,1,0,0,0,0,0,0,0,0
cfg80211_cqm_pktloss_notify,0x879572c8,STOCK_MODULE,cfg80211,1,mac80211,1,1,0,0,0,0,0,0,0,0
cfg80211_cqm_rssi_notify,0x9d509cfd,STOCK_MODULE,cfg80211,1,mac80211,1,1,0,0,0,0,0,0,0,0
cfg80211_del_sta_sinfo,0xa8ac42ab,STOCK_MODULE,cfg80211,1,mac80211;wlan_drv_gen4m_6878,2,2,0,0,0,0,0,0,0,0
cfg80211_disconnected,0x439b708f,STOCK_MODULE,cfg80211,1,wlan_drv_gen4m_6878,1,1,0,0,0,0,0,0,0,0
cfg80211_external_auth_request,0xf66612c4,STOCK_MODULE,cfg80211,1,wlan_drv_gen4m_6878,1,1,0,0,0,0,0,0,0,0
cfg80211_find_elem_match,0x9d6cba30,STOCK_MODULE,cfg80211,1,mac80211;wlan_drv_gen4m_6878,2,2,0,0,0,0,0,0,0,0
cfg80211_free_nan_func,0xeadfe024,STOCK_MODULE,cfg80211,1,mac80211,1,1,0,0,0,0,0,0,0,0
cfg80211_ft_event,0x64a49a9c,STOCK_MODULE,cfg80211,1,wlan_drv_gen4m_6878,1,1,0,0,0,0,0,0,0,0
cfg80211_get_bss,0x50d3e705,STOCK_MODULE,cfg80211,1,mac80211;wlan_drv_gen4m_6878,2,2,0,0,0,0,0,0,0,0
cfg80211_get_drvinfo,0xa0031b40,STOCK_MODULE,cfg80211,1,mac80211,1,1,0,0,0,0,0,0,0,0
cfg80211_get_iftype_ext_capa,0x4368f1ab,STOCK_MODULE,cfg80211,1,mac80211,1,1,0,0,0,0,0,0,0,0
cfg80211_get_p2p_attr,0xf5596d89,STOCK_MODULE,cfg80211,1,mac80211,1,1,0,0,0,0,0,0,0,0
cfg80211_gtk_rekey_notify,0x1f0cb83d,STOCK_MODULE,cfg80211,1,mac80211,1,1,0,0,0,0,0,0,0,0
cfg80211_ibss_joined,0x8ac21d6b,STOCK_MODULE,cfg80211,1,mac80211,1,1,0,0,0,0,0,0,0,0
cfg80211_iftype_allowed,0x6305d23f,STOCK_MODULE,cfg80211,1,mac80211,1,1,0,0,0,0,0,0,0,0
cfg80211_inform_bss_data,0x8344afc1,STOCK_MODULE,cfg80211,1,wlan_drv_gen4m_6878,1,1,0,0,0,0,0,0,0,0
cfg80211_inform_bss_frame_data,0x08d47fd6,STOCK_MODULE,cfg80211,1,mac80211;wlan_drv_gen4m_6878,2,2,0,0,0,0,0,0,0,0
cfg80211_is_element_inherited,0xcc1a7c48,STOCK_MODULE,cfg80211,1,mac80211,1,1,0,0,0,0,0,0,0,0
cfg80211_iter_combinations,0x3e258d26,STOCK_MODULE,cfg80211,1,mac80211,1,1,0,0,0,0,0,0,0,0
cfg80211_merge_profile,0x117aca91,STOCK_MODULE,cfg80211,1,mac80211,1,1,0,0,0,0,0,0,0,0
cfg80211_mgmt_tx_status_ext,0xea7bacd0,STOCK_MODULE,cfg80211,1,mac80211;wlan_drv_gen4m_6878,2,2,0,0,0,0,0,0,0,0
cfg80211_michael_mic_failure,0x407cc01a,STOCK_MODULE,cfg80211,1,mac80211;wlan_drv_gen4m_6878,2,2,0,0,0,0,0,0,0,0
cfg80211_nan_func_terminated,0x986effbf,STOCK_MODULE,cfg80211,1,mac80211,1,1,0,0,0,0,0,0,0,0
cfg80211_nan_match,0xb477dac1,STOCK_MODULE,cfg80211,1,mac80211,1,1,0,0,0,0,0,0,0,0
cfg80211_new_sta,0x7e1ebe2a,STOCK_MODULE,cfg80211,1,mac80211;wlan_drv_gen4m_6878,2,2,0,0,0,0,0,0,0,0
cfg80211_pmksa_candidate_notify,0x1549e8e2,STOCK_MODULE,cfg80211,1,wlan_drv_gen4m_6878,1,1,0,0,0,0,0,0,0,0
cfg80211_port_authorized,0x2bff26a0,STOCK_MODULE,cfg80211,1,wlan_drv_gen4m_6878,1,1,0,0,0,0,0,0,0,0
cfg80211_probe_status,0xc8c81052,STOCK_MODULE,cfg80211,1,mac80211,1,1,0,0,0,0,0,0,0,0
cfg80211_put_bss,0x4877ff45,STOCK_MODULE,cfg80211,1,mac80211;wlan_drv_gen4m_6878,2,2,0,0,0,0,0,0,0,0
cfg80211_ready_on_channel,0xf49bcfda,STOCK_MODULE,cfg80211,1,mac80211;wlan_drv_gen4m_6878,2,2,0,0,0,0,0,0,0,0
cfg80211_ref_bss,0x90619014,STOCK_MODULE,cfg80211,1,mac80211,1,1,0,0,0,0,0,0,0,0
cfg80211_reg_can_beacon,0x5c9298ad,STOCK_MODULE,cfg80211,1,mac80211,1,1,0,0,0,0,0,0,0,0
cfg80211_reg_can_beacon_relax,0xe84b782e,STOCK_MODULE,cfg80211,1,mac80211,1,1,0,0,0,0,0,0,0,0
cfg80211_register_netdevice,0x6019337f,STOCK_MODULE,cfg80211,1,mac80211;wlan_drv_gen4m_6878,2,2,0,0,0,0,0,0,0,0
cfg80211_remain_on_channel_expired,0x150684d1,STOCK_MODULE,cfg80211,1,mac80211;wlan_drv_gen4m_6878,2,2,0,0,0,0,0,0,0,0
cfg80211_report_obss_beacon_khz,0x93bd86ce,STOCK_MODULE,cfg80211,1,mac80211,1,1,0,0,0,0,0,0,0,0
cfg80211_report_wowlan_wakeup,0x38c5846b,STOCK_MODULE,cfg80211,1,mac80211,1,1,0,0,0,0,0,0,0,0
cfg80211_roamed,0xce0b2258,STOCK_MODULE,cfg80211,1,wlan_drv_gen4m_6878,1,1,0,0,0,0,0,0,0,0
cfg80211_rx_assoc_resp,0x4401dc99,STOCK_MODULE,cfg80211,1,mac80211,1,1,0,0,0,0,0,0,0,0
cfg80211_rx_control_port,0x89f23712,STOCK_MODULE,cfg80211,1,mac80211,1,1,0,0,0,0,0,0,0,0
cfg80211_rx_mgmt_ext,0xfa3dd4ba,STOCK_MODULE,cfg80211,1,mac80211;wlan_drv_gen4m_6878,2,2,0,0,0,0,0,0,0,0
cfg80211_rx_mlme_mgmt,0x1e249bc3,STOCK_MODULE,cfg80211,1,mac80211,1,1,0,0,0,0,0,0,0,0
cfg80211_rx_spurious_frame,0xcd84177c,STOCK_MODULE,cfg80211,1,mac80211,1,1,0,0,0,0,0,0,0,0
cfg80211_rx_unexpected_4addr_frame,0xb95709c2,STOCK_MODULE,cfg80211,1,mac80211,1,1,0,0,0,0,0,0,0,0
cfg80211_rx_unprot_mlme_mgmt,0x3a22cdf2,STOCK_MODULE,cfg80211,1,mac80211,1,1,0,0,0,0,0,0,0,0
cfg80211_scan_done,0x73b6e47f,STOCK_MODULE,cfg80211,1,mac80211;wlan_drv_gen4m_6878,2,2,0,0,0,0,0,0,0,0
cfg80211_sched_scan_results,0x864bb0c7,STOCK_MODULE,cfg80211,1,mac80211;wlan_drv_gen4m_6878,2,2,0,0,0,0,0,0,0,0
cfg80211_sched_scan_stopped,0x39a1a566,STOCK_MODULE,cfg80211,1,wlan_drv_gen4m_6878,1,1,0,0,0,0,0,0,0,0
cfg80211_sched_scan_stopped_locked,0x5a4dc921,STOCK_MODULE,cfg80211,1,mac80211,1,1,0,0,0,0,0,0,0,0
cfg80211_send_layer2_update,0x38686211,STOCK_MODULE,cfg80211,1,mac80211,1,1,0,0,0,0,0,0,0,0
cfg80211_shutdown_all_interfaces,0xfa72450a,STOCK_MODULE,cfg80211,1,mac80211,1,1,0,0,0,0,0,0,0,0
cfg80211_sinfo_alloc_tid_stats,0xacb54ac5,STOCK_MODULE,cfg80211,1,mac80211,1,1,0,0,0,0,0,0,0,0
cfg80211_sta_opmode_change_notify,0xf15b6deb,STOCK_MODULE,cfg80211,1,mac80211,1,1,0,0,0,0,0,0,0,0
cfg80211_stop_iface,0x3203c472,STOCK_MODULE,cfg80211,1,mac80211;wlan_drv_gen4m_6878,2,2,0,0,0,0,0,0,0,0
cfg80211_tdls_oper_request,0x255df1ca,STOCK_MODULE,cfg80211,1,mac80211;wlan_drv_gen4m_6878,2,2,0,0,0,0,0,0,0,0
cfg80211_tx_mgmt_expired,0xefa93a46,STOCK_MODULE,cfg80211,1,mac80211,1,1,0,0,0,0,0,0,0,0
cfg80211_tx_mlme_mgmt,0x30de8c8e,STOCK_MODULE,cfg80211,1,mac80211,1,1,0,0,0,0,0,0,0,0
cfg80211_unlink_bss,0x30fac85a,STOCK_MODULE,cfg80211,1,mac80211;wlan_drv_gen4m_6878,2,2,0,0,0,0,0,0,0,0
cfg80211_unregister_wdev,0x84bac64d,STOCK_MODULE,cfg80211,1,mac80211;wlan_drv_gen4m_6878,2,2,0,0,0,0,0,0,0,0
cfg80211_vendor_cmd_reply,0x3523643d,STOCK_MODULE,cfg80211,1,wlan_drv_gen4m_6878,1,1,0,0,0,0,0,0,0,0
charger_dev_do_event,0xfa33b1df,STOCK_MODULE,charger_class,1,mtk_charger_framework,1,1,0,0,0,0,0,0,0,0
charger_dev_dump_registers,0xe683969d,STOCK_MODULE,charger_class,1,mtk_charger_framework;mtk_pep40,2,2,0,0,0,0,0,0,0,0
charger_dev_enable,0x30f0a568,STOCK_MODULE,charger_class,1,mtk_charger_framework;mtk_pd_charging;mtk_pep;mtk_pep40;mtk_pep50,5,5,0,0,0,0,0,0,0,0
charger_dev_enable_6pin_battery_charging,0x55864a91,STOCK_MODULE,charger_class,1,mtk_charger_framework;mtk_pd_charging;mtk_pep40,3,3,0,0,0,0,0,0,0,0
charger_dev_enable_cable_drop_comp,0x5368820d,STOCK_MODULE,charger_class,1,mtk_pep40,1,1,0,0,0,0,0,0,0,0
charger_dev_enable_chip,0xc79cf02e,STOCK_MODULE,charger_class,1,mtk_pd_charging;mtk_pep;mtk_pep40,3,3,0,0,0,0,0,0,0,0
charger_dev_enable_discharge,0xa163536d,STOCK_MODULE,charger_class,1,mtk_chg_type_det,1,1,0,0,0,0,0,0,0,0
charger_dev_enable_hz,0xf7820c10,STOCK_MODULE,charger_class,1,mtk_pep50,1,1,0,0,0,0,0,0,0,0
charger_dev_enable_powerpath,0x38ff0c31,STOCK_MODULE,charger_class,1,mtk_charger_framework;mtk_pep40,2,2,0,0,0,0,0,0,0,0
charger_dev_enable_safety_timer,0xe589c421,STOCK_MODULE,charger_class,1,mtk_charger_framework,1,1,0,0,0,0,0,0,0,0
charger_dev_enable_termination,0x4ef224f1,STOCK_MODULE,charger_class,1,mtk_pd_charging;mtk_pep40,2,2,0,0,0,0,0,0,0,0
charger_dev_get_adc,0x9982b04a,STOCK_MODULE,charger_class,1,mtk_charger_framework;mtk_pep50,2,2,0,0,0,0,0,0,0,0
charger_dev_get_adc_accuracy,0x397c881b,STOCK_MODULE,charger_class,1,mtk_pep50,1,1,0,0,0,0,0,0,0,0
charger_dev_get_charging_current,0x83f875c9,STOCK_MODULE,charger_class,1,mtk_charger_framework;mtk_pd_charging;mtk_pep;mtk_pep40;mtk_pep50,5,5,0,0,0,0,0,0,0,0
charger_dev_get_constant_voltage,0x519808d0,STOCK_MODULE,charger_class,1,mtk_charger_framework,1,1,0,0,0,0,0,0,0,0
charger_dev_get_ibat,0x5b3d2a6c,STOCK_MODULE,charger_class,1,mtk_charger_framework,1,1,0,0,0,0,0,0,0,0
charger_dev_get_ibus,0xd137f7e5,STOCK_MODULE,charger_class,1,mtk_charger_framework;mtk_pd_charging;mtk_pep40,3,3,0,0,0,0,0,0,0,0
charger_dev_get_input_current,0x14c5cf3a,STOCK_MODULE,charger_class,1,mtk_charger_framework;mtk_pd_charging;mtk_pep40;mtk_pep50,4,4,0,0,0,0,0,0,0,0
charger_dev_get_min_charging_current,0x56aa04f5,STOCK_MODULE,charger_class,1,mtk_charger_framework;mtk_pd_charging;mtk_pep40,3,3,0,0,0,0,0,0,0,0
charger_dev_get_min_input_current,0x18d0d07d,STOCK_MODULE,charger_class,1,mtk_charger_framework;mtk_pd_charging;mtk_pep40,3,3,0,0,0,0,0,0,0,0
charger_dev_get_mivr,0x2c7745f2,STOCK_MODULE,charger_class,1,mtk_pd_charging;mtk_pep40,2,2,0,0,0,0,0,0,0,0
charger_dev_get_mivr_state,0x66aa5b1c,STOCK_MODULE,charger_class,1,mtk_pd_charging;mtk_pep40,2,2,0,0,0,0,0,0,0,0
charger_dev_get_temperature,0xf04c17bf,STOCK_MODULE,charger_class,1,mtk_charger_framework,1,1,0,0,0,0,0,0,0,0
charger_dev_get_vbus,0x4c7b93c7,STOCK_MODULE,charger_class,1,mtk_charger_framework;mtk_pd_charging;mtk_pep;mtk_pep40,4,4,0,0,0,0,0,0,0,0
charger_dev_get_zcv,0x811b2170,STOCK_MODULE,charger_class,1,mtk_charger_framework,1,1,0,0,0,0,0,0,0,0
charger_dev_init_chip,0xf4d52ef8,STOCK_MODULE,charger_class,1,mtk_pep50,1,1,0,0,0,0,0,0,0,0
charger_dev_is_charging_done,0xe054553b,STOCK_MODULE,charger_class,1,mtk_charger_framework,1,1,0,0,0,0,0,0,0,0
charger_dev_is_chip_enabled,0xb5b1e481,STOCK_MODULE,charger_class,1,mtk_pd_charging;mtk_pep;mtk_pep40,3,3,0,0,0,0,0,0,0,0
charger_dev_is_enabled,0x83734472,STOCK_MODULE,charger_class,1,mtk_charger_framework;mtk_pd_charging;mtk_pep40,3,3,0,0,0,0,0,0,0,0
charger_dev_is_powerpath_enabled,0x69b96d90,STOCK_MODULE,charger_class,1,mtk_charger_framework,1,1,0,0,0,0,0,0,0,0
charger_dev_is_safety_timer_enabled,0x0bce9b49,STOCK_MODULE,charger_class,1,mtk_charger_framework,1,1,0,0,0,0,0,0,0,0
charger_dev_is_vbuslowerr,0x9f1a72b3,STOCK_MODULE,charger_class,1,mtk_pep50,1,1,0,0,0,0,0,0,0,0
charger_dev_kick_wdt,0x285a24b8,STOCK_MODULE,charger_class,1,mtk_charger_framework,1,1,0,0,0,0,0,0,0,0
charger_dev_notify,0x11061b4c,STOCK_MODULE,charger_class,1,mt6375_charger,1,1,0,0,0,0,0,0,0,0
charger_dev_plug_in,0x68d0b3f1,STOCK_MODULE,charger_class,1,mtk_charger_framework,1,1,0,0,0,0,0,0,0,0
charger_dev_plug_out,0x0ee593e7,STOCK_MODULE,charger_class,1,mtk_charger_framework,1,1,0,0,0,0,0,0,0,0
charger_dev_reset_eoc_state,0xf362e95e,STOCK_MODULE,charger_class,1,mtk_pep40,1,1,0,0,0,0,0,0,0,0
charger_dev_reset_ta,0xa8e49cd4,STOCK_MODULE,charger_class,1,mtk_pep;mtk_pep40,2,2,0,0,0,0,0,0,0,0
charger_dev_reset_vbatovp_alarm,0x87f95baf,STOCK_MODULE,charger_class,1,mtk_pep50,1,1,0,0,0,0,0,0,0,0
charger_dev_reset_vbusovp_alarm,0x13176af6,STOCK_MODULE,charger_class,1,mtk_pep50,1,1,0,0,0,0,0,0,0,0
charger_dev_run_aicl,0xfe14941f,STOCK_MODULE,charger_class,1,mtk_charger_framework,1,1,0,0,0,0,0,0,0,0
charger_dev_safety_check,0x418cf3f1,STOCK_MODULE,charger_class,1,mtk_pd_charging;mtk_pep40,2,2,0,0,0,0,0,0,0,0
charger_dev_send_ta_current_pattern,0x7f17ba39,STOCK_MODULE,charger_class,1,mtk_pep,1,1,0,0,0,0,0,0,0,0
charger_dev_set_boot_volt_times,0x8e92060b,STOCK_MODULE,charger_class,1,mtk_charger_framework,1,1,0,0,0,0,0,0,0,0
charger_dev_set_charging_current,0x38139a75,STOCK_MODULE,charger_class,1,mtk_charger_framework;mtk_pd_charging;mtk_pep;mtk_pep40;mtk_pep50,5,5,0,0,0,0,0,0,0,0
charger_dev_set_constant_voltage,0x1d135760,STOCK_MODULE,charger_class,1,mtk_charger_framework;mtk_pd_charging;mtk_pep;mtk_pep40,4,4,0,0,0,0,0,0,0,0
charger_dev_set_eoc_current,0xb2be25af,STOCK_MODULE,charger_class,1,mtk_pd_charging;mtk_pep40,2,2,0,0,0,0,0,0,0,0
charger_dev_set_ibatocp,0x78ff654c,STOCK_MODULE,charger_class,1,mtk_pep50,1,1,0,0,0,0,0,0,0,0
charger_dev_set_ibusocp,0xec115415,STOCK_MODULE,charger_class,1,mtk_pep50,1,1,0,0,0,0,0,0,0,0
charger_dev_set_input_current,0x73649ecd,STOCK_MODULE,charger_class,1,mtk_charger_framework;mtk_pd_charging;mtk_pep;mtk_pep40;mtk_pep50,5,5,0,0,0,0,0,0,0,0
charger_dev_set_mivr,0x705c85fa,STOCK_MODULE,charger_class,1,mtk_charger_framework;mtk_pd_charging;mtk_pep;mtk_pep40,4,4,0,0,0,0,0,0,0,0
charger_dev_set_vbatovp,0x7f732032,STOCK_MODULE,charger_class,1,mtk_pep50,1,1,0,0,0,0,0,0,0,0
charger_dev_set_vbatovp_alarm,0xefcb2590,STOCK_MODULE,charger_class,1,mtk_pep50,1,1,0,0,0,0,0,0,0,0
charger_dev_set_vbusovp,0xeb9d116b,STOCK_MODULE,charger_class,1,mtk_pep50,1,1,0,0,0,0,0,0,0,0
charger_dev_set_vbusovp_alarm,0x94b1cbbe,STOCK_MODULE,charger_class,1,mtk_pep50,1,1,0,0,0,0,0,0,0,0
charger_device_register,0x36325d38,STOCK_MODULE,charger_class,1,mt6375_charger;sc8571_charger,2,2,0,0,0,0,0,0,0,0
charger_device_unregister,0xd5fda38f,STOCK_MODULE,charger_class,1,mt6375_charger,1,1,0,0,0,0,0,0,0,0
check_rat_at_md_img,0x6cc60406,STOCK_MODULE,ccci_util_lib,1,ccci_md_all,1,1,0,0,0,0,0,0,0,0
check_rat_at_rt_setting,0xa4f4d318,STOCK_MODULE,ccci_util_lib,1,ccci_md_all,1,1,0,0,0,0,0,0,0,0
chg_alg_device_register,0xe0f3103b,STOCK_MODULE,mtk_charger_algorithm_class,1,mtk_pd_charging;mtk_pep;mtk_pep40;mtk_pep50,4,4,0,0,0,0,0,0,0,0
chg_alg_device_unregister,0x2859f481,STOCK_MODULE,mtk_charger_algorithm_class,1,mtk_pep50,1,1,0,0,0,0,0,0,0,0
chg_alg_get_prop,0x8d5c28a1,STOCK_MODULE,mtk_charger_algorithm_class,1,mtk_charger_framework,1,1,0,0,0,0,0,0,0,0
chg_alg_init_algo,0xa8dd4a7d,STOCK_MODULE,mtk_charger_algorithm_class,1,mtk_charger_framework,1,1,0,0,0,0,0,0,0,0
chg_alg_is_algo_ready,0x50b0eb79,STOCK_MODULE,mtk_charger_algorithm_class,1,mtk_charger_framework,1,1,0,0,0,0,0,0,0,0
chg_alg_is_algo_running,0x625e32f6,STOCK_MODULE,mtk_charger_algorithm_class,1,mtk_charger_framework,1,1,0,0,0,0,0,0,0,0
chg_alg_notifier_call,0xa0346f4c,STOCK_MODULE,mtk_charger_algorithm_class,1,mtk_charger_framework,1,1,0,0,0,0,0,0,0,0
chg_alg_notify_evt_tostring,0x1975ac1b,STOCK_MODULE,mtk_charger_algorithm_class,1,mtk_pep50,1,1,0,0,0,0,0,0,0,0
chg_alg_plugout_reset,0xc4c1052f,STOCK_MODULE,mtk_charger_algorithm_class,1,mtk_charger_framework,1,1,0,0,0,0,0,0,0,0
chg_alg_set_current_limit,0x9d607256,STOCK_MODULE,mtk_charger_algorithm_class,1,mtk_charger_framework,1,1,0,0,0,0,0,0,0,0
chg_alg_set_prop,0xb872d2c1,STOCK_MODULE,mtk_charger_algorithm_class,1,mtk_charger_framework,1,1,0,0,0,0,0,0,0,0
chg_alg_start_algo,0x3ea83126,STOCK_MODULE,mtk_charger_algorithm_class,1,mtk_charger_framework,1,1,0,0,0,0,0,0,0,0
chg_alg_state_to_str,0x9f0fef1e,STOCK_MODULE,mtk_charger_algorithm_class,1,mtk_charger_framework,1,1,0,0,0,0,0,0,0,0
chg_alg_stop_algo,0xdefde561,STOCK_MODULE,mtk_charger_algorithm_class,1,mtk_charger_framework,1,1,0,0,0,0,0,0,0,0
chr_get_debug_level,0x12f940e0,STOCK_MODULE,mtk_charger_framework,1,mtk_pep40,1,1,0,0,0,0,0,0,0,0
clear_audiobuffer_hw,0xec3754bc,STOCK_MODULE,snd_soc_audiodsp_common,1,mtk_soc_offload_common,1,1,0,0,0,0,0,0,0,0
clk_chk_dev_pm_ops,0xdf7b988c,STOCK_MODULE,clk_common,1,clk_chk_mt6878,1,1,0,0,0,0,0,0,0,0
clk_dbg_driver_register,0x8043ee81,STOCK_MODULE,clk_common,1,clk_dbg_mt6878,1,1,0,0,0,0,0,0,0,0
clkchk_hwv_irq_init,0xe8ae8f94,STOCK_MODULE,clk_common,1,clk_chk_mt6878,1,1,0,0,0,0,0,0,0,0
close_candev,0x75b20ea5,STOCK_MODULE,can_dev,1,slcan,1,1,0,0,0,0,0,0,0,0
cm_get_ipi_enable,0x6476afe4,STOCK_MODULE,mtk_cm_ipi,1,mtk_cm_mgr,1,1,0,0,0,0,0,0,0,0
cm_ipi_init,0xf69c8d34,STOCK_MODULE,mtk_cm_ipi,1,mtk_cm_mgr,1,1,0,0,0,0,0,0,0,0
cm_mgr_check_dts_setting,0xe2f639da,STOCK_MODULE,mtk_cm_mgr,1,mtk_cm_mgr_mt6878,1,1,0,0,0,0,0,0,0,0
cm_mgr_common_exit,0x42203369,STOCK_MODULE,mtk_cm_mgr,1,mtk_cm_mgr_mt6878,1,1,0,0,0,0,0,0,0,0
cm_mgr_common_init,0xd898679e,STOCK_MODULE,mtk_cm_mgr,1,mtk_cm_mgr_mt6878,1,1,0,0,0,0,0,0,0,0
cm_mgr_get_bw_path,0xbed136a3,STOCK_MODULE,mtk_cm_mgr,1,mtk_cm_mgr_mt6878,1,1,0,0,0,0,0,0,0,0
cm_mgr_get_dram_opp_base,0xd83bf87a,STOCK_MODULE,mtk_cm_mgr,1,mtk_cm_mgr_mt6878,1,1,0,0,0,0,0,0,0,0
cm_mgr_get_enable,0x191fb818,STOCK_MODULE,mtk_cm_mgr,1,mtk_cm_mgr_mt6878,1,1,0,0,0,0,0,0,0,0
cm_mgr_get_num_array,0x5db3cbd4,STOCK_MODULE,mtk_cm_mgr,1,mtk_cm_mgr_mt6878,1,1,0,0,0,0,0,0,0,0
cm_mgr_get_num_perf,0x240f5e9a,STOCK_MODULE,mtk_cm_mgr,1,mtk_cm_mgr_mt6878,1,1,0,0,0,0,0,0,0,0
cm_mgr_get_perf_enable,0xe0c0f71c,STOCK_MODULE,mtk_cm_mgr,1,mtk_cm_mgr_mt6878,1,1,0,0,0,0,0,0,0,0
cm_mgr_get_perf_mode_ceiling_opp,0x5cdccd2a,STOCK_MODULE,mtk_cm_mgr,1,mtk_cm_mgr_mt6878,1,1,0,0,0,0,0,0,0,0
cm_mgr_get_perf_mode_enable,0x45a4e0b4,STOCK_MODULE,mtk_cm_mgr,1,mtk_cm_mgr_mt6878,1,1,0,0,0,0,0,0,0,0
cm_mgr_get_perf_mode_thd,0x530a7832,STOCK_MODULE,mtk_cm_mgr,1,mtk_cm_mgr_mt6878,1,1,0,0,0,0,0,0,0,0
cm_mgr_get_sspm_version,0xc9a32c0e,STOCK_MODULE,mtk_cm_mgr,1,mtk_cm_mgr_mt6878,1,1,0,0,0,0,0,0,0,0
cm_mgr_judge_perfs_dram_opp,0x28fb73d3,STOCK_MODULE,mtk_cm_mgr,1,mtk_cm_mgr_mt6878,1,1,0,0,0,0,0,0,0,0
cm_mgr_perf_set_status,0x538ab51f,STOCK_MODULE,mtk_cm_mgr,1,mtk_fpsgo,1,1,0,0,0,0,0,0,0,0
cm_mgr_register_hook,0x1056ff25,STOCK_MODULE,mtk_cm_mgr,1,mtk_cm_mgr_mt6878,1,1,0,0,0,0,0,0,0,0
cm_mgr_set_bw_path,0x19b81f57,STOCK_MODULE,mtk_cm_mgr,1,mtk_cm_mgr_mt6878,1,1,0,0,0,0,0,0,0,0
cm_mgr_set_dram_opp_base,0x35ef043f,STOCK_MODULE,mtk_cm_mgr,1,mtk_cm_mgr_mt6878,1,1,0,0,0,0,0,0,0,0
cm_mgr_set_num_array,0x6b344e25,STOCK_MODULE,mtk_cm_mgr,1,mtk_cm_mgr_mt6878,1,1,0,0,0,0,0,0,0,0
cm_mgr_set_num_perf,0xfb3bd632,STOCK_MODULE,mtk_cm_mgr,1,mtk_cm_mgr_mt6878,1,1,0,0,0,0,0,0,0,0
cm_mgr_set_perf_mode_ceiling_opp,0x3872b1d3,STOCK_MODULE,mtk_cm_mgr,1,mtk_cm_mgr_mt6878,1,1,0,0,0,0,0,0,0,0
cm_mgr_set_perf_mode_enable,0x004eb2c6,STOCK_MODULE,mtk_cm_mgr,1,mtk_cm_mgr_mt6878,1,1,0,0,0,0,0,0,0,0
cm_mgr_set_perf_mode_thd,0xbad7a665,STOCK_MODULE,mtk_cm_mgr,1,mtk_cm_mgr_mt6878,1,1,0,0,0,0,0,0,0,0
cm_mgr_to_sspm_command,0x26509176,STOCK_MODULE,mtk_cm_ipi,1,mtk_cm_mgr;mtk_cm_mgr_mt6878,2,2,0,0,0,0,0,0,0,0
cm_mgr_unregister_hook,0x81fd7a45,STOCK_MODULE,mtk_cm_mgr,1,mtk_cm_mgr_mt6878,1,1,0,0,0,0,0,0,0,0
cm_mgr_update_dram_by_cpu_opp,0x634eb2cc,STOCK_MODULE,mtk_cm_mgr,1,mtk_cm_mgr_mt6878,1,1,0,0,0,0,0,0,0,0
cmdqCoreRegisterCB,0x8ee95e88,STOCK_MODULE,cmdq_helper_inf,1,mdp_drv_mt6878,1,1,0,0,0,0,0,0,0,0
cmdq_alloc_user_pool,0xab919b5c,STOCK_MODULE,mtk_cmdq_drv_ext,1,mdp_drv_mt6878,1,1,0,0,0,0,0,0,0,0
cmdq_check_thread_complete,0x953f7a93,STOCK_MODULE,mtk_cmdq_drv_ext,1,mtk_mml,1,1,0,0,0,0,0,0,0,0
cmdq_clear_event,0xc9cc8982,STOCK_MODULE,mtk_cmdq_drv_ext,1,cmdq_sec_drv;cmdq_test;mdp_drv_mt6878;mtk_aie;mtk_imgsys_cmdq;mtk_mml,6,6,0,0,0,0,0,0,0,0
cmdq_clients,0x32408ef3,STOCK_MODULE,cmdq_helper_inf,1,mdp_drv_mt6878,1,1,0,0,0,0,0,0,0,0
cmdq_core_save_first_dump,0xa54f61c8,STOCK_MODULE,cmdq_helper_inf,1,mdp_drv_mt6878,1,1,0,0,0,0,0,0,0,0
cmdq_core_should_print_msg,0x96065e86,STOCK_MODULE,cmdq_helper_inf,1,mdp_drv_mt6878,1,1,0,0,0,0,0,0,0,0
cmdq_ctx,0xdc252376,STOCK_MODULE,cmdq_helper_inf,1,mdp_drv_mt6878,1,1,0,0,0,0,0,0,0,0
cmdq_debug_cb,0x2c9e1211,STOCK_MODULE,cmdq_helper_inf,1,mdp_drv_mt6878,1,1,0,0,0,0,0,0,0,0
cmdq_dev_get_event,0xa31fac5f,STOCK_MODULE,mtk_cmdq_drv_ext,1,mediatek_drm;mtk_vcu,2,2,0,0,0,0,0,0,0,0
cmdq_dump_pkt,0xa496f56c,STOCK_MODULE,mtk_cmdq_drv_ext,1,camera_dpe_isp7sp;cmdq_sec_drv;cmdq_test;mdp_drv_mt6878;mediatek_drm,5,5,0,0,0,0,0,0,0,0
cmdq_dump_summary,0x1c050d17,STOCK_MODULE,mtk_cmdq_drv_ext,1,cmdq_sec_drv,1,1,0,0,0,0,0,0,0,0
cmdq_dump_usage,0x0dd32e2c,STOCK_MODULE,mtk_cmdq_drv_ext,1,mtk_mminfra_debug,1,1,0,0,0,0,0,0,0,0
cmdq_get_event,0x8bd20a76,STOCK_MODULE,mtk_cmdq_drv_ext,1,cmdq_test;mdp_drv_mt6878;mtk_imgsys_cmdq,3,3,0,0,0,0,0,0,0,0
cmdq_get_mminfra_cb,0xf1470828,STOCK_MODULE,mtk_cmdq_drv_ext,1,mtk_mminfra_debug,1,1,0,0,0,0,0,0,0,0
cmdq_get_mminfra_gce_cg_cb,0x1964de55,STOCK_MODULE,mtk_cmdq_drv_ext,1,mtk_mminfra_debug,1,1,0,0,0,0,0,0,0,0
cmdq_get_vcp_buf,0x85292f1d,STOCK_MODULE,mtk_cmdq_drv_ext,1,cmdq_test;mdp_drv_mt6878;mtk_mml,3,3,0,0,0,0,0,0,0,0
cmdq_group_cb,0xaabac5d6,STOCK_MODULE,cmdq_helper_inf,1,mdp_drv_mt6878,1,1,0,0,0,0,0,0,0,0
cmdq_mbox_buf_alloc,0x45985a50,STOCK_MODULE,mtk_cmdq_drv_ext,1,cmdq_test;mediatek_drm;mtk_imgsys_cmdq;mtk_mml;mtk_vcu,5,5,0,0,0,0,0,0,0,0
cmdq_mbox_buf_free,0xba6b2819,STOCK_MODULE,mtk_cmdq_drv_ext,1,cmdq_test;mtk_imgsys_cmdq;mtk_mml;mtk_vcu,4,4,0,0,0,0,0,0,0,0
cmdq_mbox_chan_id,0x6aa05c15,STOCK_MODULE,mtk_cmdq_drv_ext,1,cmdq_platform_mt6878;mdp_drv_mt6878,2,2,0,0,0,0,0,0,0,0
cmdq_mbox_channel_stop,0x39e0664b,STOCK_MODULE,mtk_cmdq_drv_ext,1,cmdq_test;mtk_mml,2,2,0,0,0,0,0,0,0,0
cmdq_mbox_create,0xadefc32d,STOCK_MODULE,mtk_cmdq_drv_ext,1,camera_dpe_isp7sp;cmdq_sec_drv;cmdq_test;mdp_drv_mt6878;mediatek_drm;mtk_aie;mtk_cam_isp7sp;mtk_disp_sec;mtk_dpc;mtk_imgsys_cmdq;mtk_mml;mtk_vcu,12,12,0,0,0,0,0,0,0,0
cmdq_mbox_destroy,0xb2980a46,STOCK_MODULE,mtk_cmdq_drv_ext,1,cmdq_test;mdp_drv_mt6878;mtk_imgsys_cmdq;mtk_mml,4,4,0,0,0,0,0,0,0,0
cmdq_mbox_disable,0xe1d5b76c,STOCK_MODULE,mtk_cmdq_drv_ext,1,camera_dpe_isp7sp;cmdq_sec_drv;cmdq_test;mdp_drv_mt6878;mediatek_drm;mtk_aie;mtk_cam_isp7sp;mtk_imgsys_cmdq;mtk_mml,9,9,0,0,0,0,0,0,0,0
cmdq_mbox_enable,0xfc102d94,STOCK_MODULE,mtk_cmdq_drv_ext,1,camera_dpe_isp7sp;cmdq_sec_drv;cmdq_test;mdp_drv_mt6878;mediatek_drm;mtk_aie;mtk_cam_isp7sp;mtk_dpc;mtk_imgsys_cmdq;mtk_mml,10,10,0,0,0,0,0,0,0,0
cmdq_mbox_get_base_pa,0x484e9ead,STOCK_MODULE,mtk_cmdq_drv_ext,1,cmdq_platform_mt6878;cmdq_test,2,2,0,0,0,0,0,0,0,0
cmdq_mbox_get_thread_timeout,0x14837105,STOCK_MODULE,mtk_cmdq_drv_ext,1,cmdq_sec_drv,1,1,0,0,0,0,0,0,0,0
cmdq_mbox_get_usage,0x00196e07,STOCK_MODULE,mtk_cmdq_drv_ext,1,mtk_mml,1,1,0,0,0,0,0,0,0,0
cmdq_mbox_pool_clear,0x00f4e685,STOCK_MODULE,mtk_cmdq_drv_ext,1,mdp_drv_mt6878,1,1,0,0,0,0,0,0,0,0
cmdq_mbox_pool_set_limit,0x0248f707,STOCK_MODULE,mtk_cmdq_drv_ext,1,mdp_drv_mt6878,1,1,0,0,0,0,0,0,0,0
cmdq_mbox_stop,0x573e9fac,STOCK_MODULE,mtk_cmdq_drv_ext,1,camera_dpe_isp7sp;cmdq_sec_drv;cmdq_test;mdp_drv_mt6878;mediatek_drm;mtk_aie;mtk_imgsys_cmdq,7,7,0,0,0,0,0,0,0,0
cmdq_mbox_thread_remove_task,0x804ac358,STOCK_MODULE,mtk_cmdq_drv_ext,1,mdp_drv_mt6878,1,1,0,0,0,0,0,0,0,0
cmdq_mbox_thread_suspend,0x4d9c7bda,STOCK_MODULE,mtk_cmdq_drv_ext,1,mdp_drv_mt6878,1,1,0,0,0,0,0,0,0,0
cmdq_pkt_acquire_event,0xf5f36f82,STOCK_MODULE,mtk_cmdq_drv_ext,1,mtk_imgsys_cmdq,1,1,0,0,0,0,0,0,0,0
cmdq_pkt_add_cmd_buffer,0xd0e67cf6,STOCK_MODULE,mtk_cmdq_drv_ext,1,mdp_drv_mt6878;mediatek_drm,2,2,0,0,0,0,0,0,0,0
cmdq_pkt_alloc_buf,0x38d911ed,STOCK_MODULE,mtk_cmdq_drv_ext,1,mdp_drv_mt6878,1,1,0,0,0,0,0,0,0,0
cmdq_pkt_append_command,0xa1314437,STOCK_MODULE,mtk_cmdq_drv_ext,1,cmdq_sec_drv,1,1,0,0,0,0,0,0,0,0
cmdq_pkt_assign_command,0x5850ae11,STOCK_MODULE,mtk_cmdq_drv_ext,1,cmdq_sec_drv;cmdq_test;mdp_drv_mt6878;mediatek_drm;mtk_imgsys_cmdq;mtk_mml,6,6,0,0,0,0,0,0,0,0
cmdq_pkt_assign_command_reuse,0xbda3ae5b,STOCK_MODULE,mtk_cmdq_drv_ext,1,mtk_mml,1,1,0,0,0,0,0,0,0,0
cmdq_pkt_clear_event,0x11b138a7,STOCK_MODULE,mtk_cmdq_drv_ext,1,cmdq_test;mdp_drv_mt6878;mediatek_drm;mtk_imgsys_cmdq;mtk_mml,5,5,0,0,0,0,0,0,0,0
cmdq_pkt_cond_jump,0x89c3716a,STOCK_MODULE,mtk_cmdq_drv_ext,1,cmdq_test,1,1,0,0,0,0,0,0,0,0
cmdq_pkt_cond_jump_abs,0x08ce1c7d,STOCK_MODULE,mtk_cmdq_drv_ext,1,mdp_drv_mt6878;mediatek_drm;mtk_imgsys_cmdq;mtk_mml,4,4,0,0,0,0,0,0,0,0
cmdq_pkt_copy,0x86347371,STOCK_MODULE,mtk_cmdq_drv_ext,1,cmdq_test;mtk_mml,2,2,0,0,0,0,0,0,0,0
cmdq_pkt_create,0x1fb5fc3d,STOCK_MODULE,mtk_cmdq_drv_ext,1,camera_dpe_isp7sp;cmdq_sec_drv;cmdq_test;mdp_drv_mt6878;mediatek_drm;mtk_aie;mtk_cam_isp7sp;mtk_disp_sec;mtk_dpc;mtk_imgsys_cmdq;mtk_mml;mtk_vcu,12,12,0,0,0,0,0,0,0,0
cmdq_pkt_destroy,0x321f1ffd,STOCK_MODULE,mtk_cmdq_drv_ext,1,camera_dpe_isp7sp;cmdq_test;mdp_drv_mt6878;mediatek_drm;mtk_aie;mtk_cam_isp7sp;mtk_disp_sec;mtk_imgsys_cmdq;mtk_mml;mtk_vcu,10,10,0,0,0,0,0,0,0,0
cmdq_pkt_dump_buf,0x0c16af61,STOCK_MODULE,mtk_cmdq_drv_ext,1,cmdq_test;mtk_imgsys_cmdq;mtk_mml,3,3,0,0,0,0,0,0,0,0
cmdq_pkt_eoc,0xe971acc0,STOCK_MODULE,mtk_cmdq_drv_ext,1,mtk_mml,1,1,0,0,0,0,0,0,0,0
cmdq_pkt_finalize,0x8df1c432,STOCK_MODULE,mtk_cmdq_drv_ext,1,cmdq_test;mdp_drv_mt6878,2,2,0,0,0,0,0,0,0,0
cmdq_pkt_finalize_loop,0xe411f02a,STOCK_MODULE,mtk_cmdq_drv_ext,1,cmdq_sec_drv;cmdq_test;mediatek_drm;mtk_aie;mtk_disp_sec;mtk_dpc;mtk_imgsys_cmdq,7,7,0,0,0,0,0,0,0,0
cmdq_pkt_flush,0x9423d265,STOCK_MODULE,mtk_cmdq_drv_ext,1,cmdq_test;mediatek_drm;mtk_cam_isp7sp;mtk_mml,4,4,0,0,0,0,0,0,0,0
cmdq_pkt_flush_async,0x99f32037,STOCK_MODULE,mtk_cmdq_drv_ext,1,camera_dpe_isp7sp;cmdq_sec_drv;cmdq_test;mdp_drv_mt6878;mediatek_drm;mtk_aie;mtk_imgsys_cmdq;mtk_mml,8,8,0,0,0,0,0,0,0,0
cmdq_pkt_flush_threaded,0x72ae921d,STOCK_MODULE,mtk_cmdq_drv_ext,1,cmdq_test;mediatek_drm;mtk_aie;mtk_disp_sec;mtk_dpc;mtk_imgsys_cmdq;mtk_mml;mtk_vcu,8,8,0,0,0,0,0,0,0,0
cmdq_pkt_get_curr_buf_pa,0x0f888984,STOCK_MODULE,mtk_cmdq_drv_ext,1,mdp_drv_mt6878,1,1,0,0,0,0,0,0,0,0
cmdq_pkt_get_curr_buf_va,0x6382f2eb,STOCK_MODULE,mtk_cmdq_drv_ext,1,cmdq_test,1,1,0,0,0,0,0,0,0,0
cmdq_pkt_get_pa_by_offset,0xab32b969,STOCK_MODULE,mtk_cmdq_drv_ext,1,mdp_drv_mt6878;mediatek_drm;mtk_imgsys_cmdq;mtk_mml,4,4,0,0,0,0,0,0,0,0
cmdq_pkt_get_perf_ret,0xefdad100,STOCK_MODULE,mtk_cmdq_drv_ext,1,mdp_drv_mt6878;mtk_mml,2,2,0,0,0,0,0,0,0,0
cmdq_pkt_get_va_by_offset,0x8cafe6f1,STOCK_MODULE,mtk_cmdq_drv_ext,1,cmdq_sec_drv;cmdq_test;mdp_drv_mt6878;mediatek_drm;mtk_imgsys_cmdq;mtk_mml,6,6,0,0,0,0,0,0,0,0
cmdq_pkt_handshake_event,0x1665c2d1,STOCK_MODULE,mtk_cmdq_drv_ext,1,cmdq_test,1,1,0,0,0,0,0,0,0,0
cmdq_pkt_jump,0xbce78e3c,STOCK_MODULE,mtk_cmdq_drv_ext,1,cmdq_test,1,1,0,0,0,0,0,0,0,0
cmdq_pkt_jump_addr,0x4a3088ae,STOCK_MODULE,mtk_cmdq_drv_ext,1,mdp_drv_mt6878;mediatek_drm;mtk_imgsys_cmdq,3,3,0,0,0,0,0,0,0,0
cmdq_pkt_logic_command,0x122e7ad9,STOCK_MODULE,mtk_cmdq_drv_ext,1,cmdq_sec_drv;cmdq_test;mdp_drv_mt6878;mediatek_drm;mtk_imgsys_cmdq;mtk_mml,6,6,0,0,0,0,0,0,0,0
cmdq_pkt_mem_move,0xa0bf1958,STOCK_MODULE,mtk_cmdq_drv_ext,1,cmdq_test;mdp_drv_mt6878;mediatek_drm;mtk_imgsys_cmdq;mtk_vcu,5,5,0,0,0,0,0,0,0,0
cmdq_pkt_move,0xd5e3e41b,STOCK_MODULE,mtk_cmdq_drv_ext,1,mdp_drv_mt6878,1,1,0,0,0,0,0,0,0,0
cmdq_pkt_perf_begin,0xc6da0ed9,STOCK_MODULE,mtk_cmdq_drv_ext,1,mdp_drv_mt6878,1,1,0,0,0,0,0,0,0,0
cmdq_pkt_poll,0x8f5345a1,STOCK_MODULE,mtk_cmdq_drv_ext,1,cmdq_test;mtk_mml,2,2,0,0,0,0,0,0,0,0
cmdq_pkt_poll_addr,0x2c6afef0,STOCK_MODULE,mtk_cmdq_drv_ext,1,mdp_drv_mt6878;mtk_mml;mtk_vcu,3,3,0,0,0,0,0,0,0,0
cmdq_pkt_poll_timeout,0x36efe6a3,STOCK_MODULE,mtk_cmdq_drv_ext,1,camera_dpe_isp7sp;cmdq_test;mediatek_drm;mtk_aie;mtk_dpc;mtk_imgsys_cmdq;mtk_vcu,7,7,0,0,0,0,0,0,0,0
cmdq_pkt_read,0x610a271b,STOCK_MODULE,mtk_cmdq_drv_ext,1,cmdq_sec_drv;cmdq_test;mediatek_drm;mtk_imgsys_cmdq,4,4,0,0,0,0,0,0,0,0
cmdq_pkt_read_addr,0x528c44b7,STOCK_MODULE,mtk_cmdq_drv_ext,1,cmdq_test;mdp_drv_mt6878;mediatek_drm;mtk_mml;mtk_vcu,5,5,0,0,0,0,0,0,0,0
cmdq_pkt_readback,0xd453bf45,STOCK_MODULE,mtk_cmdq_drv_ext,1,cmdq_test;mtk_mml,2,2,0,0,0,0,0,0,0,0
cmdq_pkt_refinalize,0x5f144cb1,STOCK_MODULE,mtk_cmdq_drv_ext,1,cmdq_test;mediatek_drm;mtk_mml,3,3,0,0,0,0,0,0,0,0
cmdq_pkt_reuse_buf_va,0x21a727cd,STOCK_MODULE,mtk_cmdq_drv_ext,1,cmdq_test;mtk_mml,2,2,0,0,0,0,0,0,0,0
cmdq_pkt_reuse_poll,0x2b9e28ac,STOCK_MODULE,mtk_cmdq_drv_ext,1,cmdq_test;mtk_mml,2,2,0,0,0,0,0,0,0,0
cmdq_pkt_reuse_value,0x850f2056,STOCK_MODULE,mtk_cmdq_drv_ext,1,mediatek_drm,1,1,0,0,0,0,0,0,0,0
cmdq_pkt_set_event,0x718e9ae5,STOCK_MODULE,mtk_cmdq_drv_ext,1,cmdq_sec_drv;cmdq_test;mdp_drv_mt6878;mediatek_drm;mtk_aie;mtk_disp_sec;mtk_imgsys_cmdq;mtk_mml,8,8,0,0,0,0,0,0,0,0
cmdq_pkt_sleep,0xf103af4b,STOCK_MODULE,mtk_cmdq_drv_ext,1,cmdq_test;mediatek_drm;mtk_mml,3,3,0,0,0,0,0,0,0,0
cmdq_pkt_vcp_reuse_val,0x470b446f,STOCK_MODULE,mtk_cmdq_drv_ext,1,cmdq_test;mtk_mml,2,2,0,0,0,0,0,0,0,0
cmdq_pkt_wait_complete,0x2037b2ea,STOCK_MODULE,mtk_cmdq_drv_ext,1,camera_dpe_isp7sp;cmdq_test;mdp_drv_mt6878;mediatek_drm;mtk_aie;mtk_imgsys_cmdq,6,6,0,0,0,0,0,0,0,0
cmdq_pkt_wait_no_clear,0x187568b4,STOCK_MODULE,mtk_cmdq_drv_ext,1,mdp_drv_mt6878;mediatek_drm;mtk_imgsys_cmdq;mtk_mml,4,4,0,0,0,0,0,0,0,0
cmdq_pkt_wfe,0x55b5fb5d,STOCK_MODULE,mtk_cmdq_drv_ext,1,cmdq_sec_drv;cmdq_test;mdp_drv_mt6878;mediatek_drm;mtk_aie;mtk_cam_isp7sp;mtk_disp_sec;mtk_dpc;mtk_imgsys_cmdq;mtk_mml;mtk_vcu,11,11,0,0,0,0,0,0,0,0
cmdq_pkt_write,0xa7509461,STOCK_MODULE,mtk_cmdq_drv_ext,1,camera_dpe_isp7sp;cmdq_test;mediatek_drm;mtk_aie;mtk_cam_isp7sp;mtk_disp_sec;mtk_dpc;mtk_imgsys_cmdq;mtk_imgsys_isp7sp;mtk_mml;mtk_vcu,11,11,0,0,0,0,0,0,0,0
cmdq_pkt_write_indriect,0x7c054543,STOCK_MODULE,mtk_cmdq_drv_ext,1,cmdq_sec_drv;cmdq_test;mediatek_drm;mtk_imgsys_cmdq,4,4,0,0,0,0,0,0,0,0
cmdq_pkt_write_reg_addr,0x18a8aa95,STOCK_MODULE,mtk_cmdq_drv_ext,1,cmdq_test;mdp_drv_mt6878;mediatek_drm;mtk_mml,4,4,0,0,0,0,0,0,0,0
cmdq_pkt_write_reg_indriect,0x884567d9,STOCK_MODULE,mtk_cmdq_drv_ext,1,cmdq_test;mdp_drv_mt6878;mtk_mml,3,3,0,0,0,0,0,0,0,0
cmdq_pkt_write_value_addr,0x4b5d28bc,STOCK_MODULE,mtk_cmdq_drv_ext,1,cmdq_test;mdp_drv_mt6878;mediatek_drm;mtk_mml,4,4,0,0,0,0,0,0,0,0
cmdq_pkt_write_value_addr_reuse,0xbf5170bc,STOCK_MODULE,mtk_cmdq_drv_ext,1,cmdq_test;mediatek_drm;mtk_mml,3,3,0,0,0,0,0,0,0,0
cmdq_print_trace,0x3375e996,STOCK_MODULE,mtk_cmdq_drv_ext,1,cmdq_sec_drv,1,1,0,0,0,0,0,0,0,0
cmdq_register_device,0xa18449ff,STOCK_MODULE,mtk_cmdq_drv_ext,1,mdp_drv_mt6878;mediatek_drm;mtk_mml;mtk_vcu,4,4,0,0,0,0,0,0,0,0
cmdq_reuse_refresh,0x02a30535,STOCK_MODULE,mtk_cmdq_drv_ext,1,mtk_mml,1,1,0,0,0,0,0,0,0,0
cmdq_sec_helper_set_fp,0xeedc15d6,STOCK_MODULE,mtk_cmdq_drv_ext,1,cmdq_sec_drv,1,1,0,0,0,0,0,0,0,0
cmdq_sec_mbox_disable,0xcfe411c7,STOCK_MODULE,cmdq_sec_drv,1,cmdq_test,1,1,0,0,0,0,0,0,0,0
cmdq_sec_mbox_enable,0x79bb07e9,STOCK_MODULE,cmdq_sec_drv,1,cmdq_test,1,1,0,0,0,0,0,0,0,0
cmdq_sec_mbox_stop,0x79b5065d,STOCK_MODULE,cmdq_sec_drv,1,cmdq_test;mtk_aie;mtk_disp_sec;mtk_imgsys_cmdq,4,4,0,0,0,0,0,0,0,0
cmdq_sec_pkt_set_data,0xeb3f5bfb,STOCK_MODULE,cmdq_sec_drv,1,cmdq_test;mtk_aie;mtk_disp_sec;mtk_imgsys_cmdq,4,4,0,0,0,0,0,0,0,0
cmdq_sec_pkt_set_mtee,0x72341ab4,STOCK_MODULE,cmdq_sec_drv,1,cmdq_test;mtk_aie;mtk_disp_sec;mtk_imgsys_cmdq,4,4,0,0,0,0,0,0,0,0
cmdq_set_event,0x239ca61d,STOCK_MODULE,mtk_cmdq_drv_ext,1,cmdq_test;mdp_drv_mt6878;mtk_imgsys_cmdq,3,3,0,0,0,0,0,0,0,0
cmdq_set_outpin_event,0x53744e0e,STOCK_MODULE,mtk_cmdq_drv_ext,1,mediatek_drm,1,1,0,0,0,0,0,0,0,0
cmdq_task_get_pkt_from_thread,0x28c56cba,STOCK_MODULE,mtk_cmdq_drv_ext,1,mdp_drv_mt6878,1,1,0,0,0,0,0,0,0,0
cmdq_task_get_thread_irq,0x8c5c0e6e,STOCK_MODULE,mtk_cmdq_drv_ext,1,mdp_drv_mt6878,1,1,0,0,0,0,0,0,0,0
cmdq_task_get_thread_pc,0x6c53de78,STOCK_MODULE,mtk_cmdq_drv_ext,1,mdp_drv_mt6878,1,1,0,0,0,0,0,0,0,0
cmdq_thread_dump,0xe38a8bd0,STOCK_MODULE,mtk_cmdq_drv_ext,1,cmdq_test;mediatek_drm;mtk_mml,3,3,0,0,0,0,0,0,0,0
cmdq_thread_dump_spr,0xb48c5f98,STOCK_MODULE,mtk_cmdq_drv_ext,1,mtk_imgsys_cmdq,1,1,0,0,0,0,0,0,0,0
cmdq_thread_set_spr,0x055aa6b5,STOCK_MODULE,mtk_cmdq_drv_ext,1,mtk_mml,1,1,0,0,0,0,0,0,0,0
cmdq_thread_timeout_backup,0x0c292e30,STOCK_MODULE,mtk_cmdq_drv_ext,1,cmdq_test,1,1,0,0,0,0,0,0,0,0
cmdq_thread_timeout_restore,0xecee2179,STOCK_MODULE,mtk_cmdq_drv_ext,1,cmdq_test,1,1,0,0,0,0,0,0,0,0
cmdq_util_disp_smc_cmd,0xa9410db2,STOCK_MODULE,mtk_cmdq_drv_ext,1,mediatek_drm,1,1,0,0,0,0,0,0,0,0
cmdq_util_dump_lock,0x3a724b9a,STOCK_MODULE,mtk_cmdq_drv_ext,1,cmdq_sec_drv,1,1,0,0,0,0,0,0,0,0
cmdq_util_dump_unlock,0xc56dae99,STOCK_MODULE,mtk_cmdq_drv_ext,1,cmdq_sec_drv,1,1,0,0,0,0,0,0,0,0
cmdq_util_enable_disp_va,0xd24e746d,STOCK_MODULE,mtk_cmdq_drv_ext,1,mediatek_drm,1,1,0,0,0,0,0,0,0,0
cmdq_util_error_disable,0xf36be3ca,STOCK_MODULE,mtk_cmdq_drv_ext,1,cmdq_sec_drv,1,1,0,0,0,0,0,0,0,0
cmdq_util_error_enable,0x1cf259a2,STOCK_MODULE,mtk_cmdq_drv_ext,1,cmdq_sec_drv,1,1,0,0,0,0,0,0,0,0
cmdq_util_error_save,0xf95cc9b1,STOCK_MODULE,mtk_cmdq_drv_ext,1,cmdq_sec_drv;mtk_mml;mtk_mml_mt6878,3,3,0,0,0,0,0,0,0,0
cmdq_util_error_save_lst,0xb15e0dca,STOCK_MODULE,mtk_cmdq_drv_ext,1,cmdq_helper_inf,1,1,0,0,0,0,0,0,0,0
cmdq_util_event_module_dispatch,0x02c72cd1,STOCK_MODULE,mtk_cmdq_drv_ext,1,mdp_drv_mt6878,1,1,0,0,0,0,0,0,0,0
cmdq_util_get_first_err_mod,0x86ce8797,STOCK_MODULE,mtk_cmdq_drv_ext,1,cmdq_helper_inf,1,1,0,0,0,0,0,0,0,0
cmdq_util_get_hw_id,0x8c874bc4,STOCK_MODULE,mtk_cmdq_drv_ext,1,cmdq_sec_drv,1,1,0,0,0,0,0,0,0,0
cmdq_util_hw_trace_dump,0x90396079,STOCK_MODULE,mtk_cmdq_drv_ext,1,mediatek_drm,1,1,0,0,0,0,0,0,0,0
cmdq_util_is_feature_en,0x9cddefee,STOCK_MODULE,mtk_cmdq_drv_ext,1,cmdq_sec_drv,1,1,0,0,0,0,0,0,0,0
cmdq_util_mminfra_cmd,0x6bd3152d,STOCK_MODULE,mtk_cmdq_drv_ext,1,mtk_mminfra_debug;mtk_mminfra_imax,2,2,0,0,0,0,0,0,0,0
cmdq_util_mmuen_devapc_disable,0xbaf3c9e9,STOCK_MODULE,mtk_cmdq_drv_ext,1,mtk_mminfra_debug,1,1,0,0,0,0,0,0,0,0
cmdq_util_prebuilt_dump,0x188e924c,STOCK_MODULE,mtk_cmdq_drv_ext,1,mdp_drv_mt6878;mtk_mml,2,2,0,0,0,0,0,0,0,0
cmdq_util_prebuilt_init,0x941a2387,STOCK_MODULE,mtk_cmdq_drv_ext,1,mdp_drv_mt6878;mtk_mml,2,2,0,0,0,0,0,0,0,0
cmdq_util_set_fp,0xf1cbf070,STOCK_MODULE,mtk_cmdq_drv_ext,1,cmdq_platform_mt6878,1,1,0,0,0,0,0,0,0,0
cmdq_util_set_mml_aid_selmode,0x515e661f,STOCK_MODULE,mtk_cmdq_drv_ext,1,mtk_mml,1,1,0,0,0,0,0,0,0,0
cmdq_util_test_get_subsys_list,0xe128e9df,STOCK_MODULE,mtk_cmdq_drv_ext,1,cmdq_test,1,1,0,0,0,0,0,0,0,0
cmdq_util_test_set_ostd,0x9905a4c2,STOCK_MODULE,mtk_cmdq_drv_ext,1,cmdq_test,1,1,0,0,0,0,0,0,0,0
cmdq_util_track_ctrl,0x5097a0a3,STOCK_MODULE,mtk_cmdq_drv_ext,1,cmdq_sec_drv,1,1,0,0,0,0,0,0,0,0
cmdq_vcp_enable,0x50309be5,STOCK_MODULE,mtk_cmdq_drv_ext,1,cmdq_test;mdp_drv_mt6878;mtk_mml,3,3,0,0,0,0,0,0,0,0
conap_scp_is_drv_ready,0x775b618a,STOCK_MODULE,connscp,1,gps_scp,1,1,0,0,0,0,0,0,0,0
conap_scp_is_ready,0x8d1e88ae,STOCK_MODULE,connscp,1,gps_scp,1,1,0,0,0,0,0,0,0,0
conap_scp_register_drv,0x6c8ff7c9,STOCK_MODULE,connscp,1,gps_scp,1,1,0,0,0,0,0,0,0,0
conap_scp_send_message,0x8a607195,STOCK_MODULE,connscp,1,gps_scp,1,1,0,0,0,0,0,0,0,0
conap_scp_unregister_drv,0xf18f6a20,STOCK_MODULE,connscp,1,gps_scp,1,1,0,0,0,0,0,0,0,0
conn_dbg_add_log,0xb14af7ad,STOCK_MODULE,connadp,1,conninfra;wlan_drv_gen4m_6878,2,2,0,0,0,0,0,0,0,0
conn_metlog_start,0x8f444297,STOCK_MODULE,conninfra,1,bt_drv_6878;gps_drv_dl_v051;wlan_drv_gen4m_6878,3,3,0,0,0,0,0,0,0,0
conn_metlog_stop,0x2115b592,STOCK_MODULE,conninfra,1,bt_drv_6878;gps_drv_dl_v051;wlan_drv_gen4m_6878,3,3,0,0,0,0,0,0,0,0
conn_pwr_deinit,0x9c2e1e8a,STOCK_MODULE,connadp,1,conninfra,1,1,0,0,0,0,0,0,0,0
conn_pwr_drv_post_off,0xa2b043f3,STOCK_MODULE,connadp,1,bt_drv_6878;gps_pwr;wlan_drv_gen4m_6878,3,3,0,0,0,0,0,0,0,0
conn_pwr_drv_pre_on,0x85b39412,STOCK_MODULE,connadp,1,bt_drv_6878;gps_pwr;wlan_drv_gen4m_6878,3,3,0,0,0,0,0,0,0,0
conn_pwr_init,0x29b5066b,STOCK_MODULE,connadp,1,conninfra,1,1,0,0,0,0,0,0,0,0
conn_pwr_register_event_cb,0xb72bd068,STOCK_MODULE,connadp,1,bt_drv_6878;gps_pwr;wlan_drv_gen4m_6878,3,3,0,0,0,0,0,0,0,0
conn_pwr_resume,0xa2ad960a,STOCK_MODULE,connadp,1,conninfra,1,1,0,0,0,0,0,0,0,0
conn_pwr_send_msg,0x5c1c9bbb,STOCK_MODULE,connadp,1,wlan_drv_gen4m_6878,1,1,0,0,0,0,0,0,0,0
conn_pwr_set_thermal_level,0xc24a6c8d,STOCK_MODULE,connadp,1,wifi_cooling,1,1,0,0,0,0,0,0,0,0
conn_pwr_suspend,0x8c95a4c3,STOCK_MODULE,connadp,1,conninfra,1,1,0,0,0,0,0,0,0,0
connectivity_export_conap_scp_deinit,0xc1b48621,STOCK_MODULE,connadp,1,conninfra,1,1,0,0,0,0,0,0,0,0
connectivity_export_conap_scp_init,0x25896616,STOCK_MODULE,connadp,1,conninfra,1,1,0,0,0,0,0,0,0,0
connectivity_export_conap_scp_state_change,0xaf33bdd1,STOCK_MODULE,connadp,1,conninfra,1,1,0,0,0,0,0,0,0,0
connectivity_export_conap_scp_trigger_cmd,0x1fdb76bd,STOCK_MODULE,connadp,1,conninfra,1,1,0,0,0,0,0,0,0,0
connectivity_export_show_stack,0x604f3a64,STOCK_MODULE,connadp,1,conninfra;wlan_drv_gen4m_6878,2,2,0,0,0,0,0,0,0,0
connectivity_register_dfd_handler,0x5c88ea49,STOCK_MODULE,connadp,1,connscp,1,1,0,0,0,0,0,0,0,0
connectivity_register_state_notifier,0xc40bee71,STOCK_MODULE,connadp,1,connscp,1,1,0,0,0,0,0,0,0,0
connectivity_unregister_dfd_handler,0x5e35749a,STOCK_MODULE,connadp,1,connscp,1,1,0,0,0,0,0,0,0,0
connectivity_unregister_state_notifier,0xe1c83e90,STOCK_MODULE,connadp,1,connscp,1,1,0,0,0,0,0,0,0,0
connfem_epaelna_get_fem_info,0x9b18ef54,STOCK_MODULE,connfem,1,bt_drv_6878;wlan_drv_gen4m_6878,2,2,0,0,0,0,0,0,0,0
connfem_epaelna_get_flags,0xd4bdcc28,STOCK_MODULE,connfem,1,bt_drv_6878,1,1,0,0,0,0,0,0,0,0
connfem_epaelna_get_pin_info,0x6ed29590,STOCK_MODULE,connfem,1,bt_drv_6878;wlan_drv_gen4m_6878,2,2,0,0,0,0,0,0,0,0
connfem_epaelna_laa_get_pin_info,0x76d6f438,STOCK_MODULE,connfem,1,wlan_drv_gen4m_6878,1,1,0,0,0,0,0,0,0,0
conninfra_adie_top_ck_en_off,0x2092986b,STOCK_MODULE,conninfra,1,fmradio_drv_connac2x,1,1,0,0,0,0,0,0,0,0
conninfra_adie_top_ck_en_on,0xd8c0988a,STOCK_MODULE,conninfra,1,fmradio_drv_connac2x,1,1,0,0,0,0,0,0,0,0
conninfra_bus_clock_ctrl,0xdce4558d,STOCK_MODULE,conninfra,1,gps_drv_dl_v051,1,1,0,0,0,0,0,0,0,0
conninfra_config_setup,0xb0a38877,STOCK_MODULE,conninfra,1,fmradio_drv_connac2x,1,1,0,0,0,0,0,0,0,0
conninfra_get_clock_schematic,0x4d805d95,STOCK_MODULE,conninfra,1,gps_drv_dl_v051,1,1,0,0,0,0,0,0,0,0
conninfra_get_ic_info,0xdd5113ba,STOCK_MODULE,conninfra,1,bt_drv_6878;fmradio_drv_connac2x;gps_drv_dl_v051,3,3,0,0,0,0,0,0,0,0
conninfra_get_phy_addr,0x8e3d4b82,STOCK_MODULE,conninfra,1,bt_drv_6878;wlan_drv_gen4m_6878,2,2,0,0,0,0,0,0,0,0
conninfra_is_bus_hang,0xb2f375f1,STOCK_MODULE,conninfra,1,bt_drv_6878;fmradio_drv_connac2x;gps_drv_dl_v051;wlan_drv_gen4m_6878,4,4,0,0,0,0,0,0,0,0
conninfra_pwr_off,0x9ae73c0b,STOCK_MODULE,conninfra,1,bt_drv_6878;fmradio_drv_connac2x;gps_drv_dl_v051;wlan_drv_gen4m_6878,4,4,0,0,0,0,0,0,0,0
conninfra_pwr_on,0xd59cba0e,STOCK_MODULE,conninfra,1,bt_drv_6878;fmradio_drv_connac2x;gps_drv_dl_v051;wlan_drv_gen4m_6878,4,4,0,0,0,0,0,0,0,0
conninfra_reg_readable,0x76c2e779,STOCK_MODULE,conninfra,1,bt_drv_6878;fmradio_drv_connac2x;gps_drv_dl_v051;wlan_drv_gen4m_6878,4,4,0,0,0,0,0,0,0,0
conninfra_reg_readable_for_coredump,0xf0063a3f,STOCK_MODULE,conninfra,1,bt_drv_6878;wlan_drv_gen4m_6878,2,2,0,0,0,0,0,0,0,0
conninfra_spi_1_read,0x2937b9fc,STOCK_MODULE,conninfra,1,gps_drv_dl_v051,1,1,0,0,0,0,0,0,0,0
conninfra_spi_1_write,0xcc4f1436,STOCK_MODULE,conninfra,1,gps_drv_dl_v051,1,1,0,0,0,0,0,0,0,0
conninfra_spi_clock_switch,0x74c765e6,STOCK_MODULE,conninfra,1,fmradio_drv_connac2x,1,1,0,0,0,0,0,0,0,0
conninfra_spi_read,0xf17f0074,STOCK_MODULE,conninfra,1,fmradio_drv_connac2x;gps_drv_dl_v051,2,2,0,0,0,0,0,0,0,0
conninfra_spi_update_bits,0x204a62a7,STOCK_MODULE,conninfra,1,gps_drv_dl_v051,1,1,0,0,0,0,0,0,0,0
conninfra_spi_write,0x89dd469e,STOCK_MODULE,conninfra,1,fmradio_drv_connac2x;gps_drv_dl_v051,2,2,0,0,0,0,0,0,0,0
conninfra_sub_drv_ops_register,0x84bfc4ad,STOCK_MODULE,conninfra,1,bt_drv_6878;fmradio_drv_connac2x;gps_drv_dl_v051;wlan_drv_gen4m_6878,4,4,0,0,0,0,0,0,0,0
conninfra_sub_drv_ops_unregister,0xe12022e0,STOCK_MODULE,conninfra,1,bt_drv_6878;gps_drv_dl_v051;wlan_drv_gen4m_6878,3,3,0,0,0,0,0,0,0,0
conninfra_trigger_whole_chip_rst,0xf91d14de,STOCK_MODULE,conninfra,1,bt_drv_6878;fmradio_drv_connac2x;gps_drv_dl_v051;wlan_drv_gen4m_6878,4,4,0,0,0,0,0,0,0,0
connsys_coredump_clean,0xde115802,STOCK_MODULE,conninfra,1,bt_drv_6878;wlan_drv_gen4m_6878,2,2,0,0,0,0,0,0,0,0
connsys_coredump_deinit,0x18b91b5a,STOCK_MODULE,conninfra,1,bt_drv_6878;wlan_drv_gen4m_6878,2,2,0,0,0,0,0,0,0,0
connsys_coredump_get_start_offset,0xb32d4055,STOCK_MODULE,conninfra,1,bt_drv_6878,1,1,0,0,0,0,0,0,0,0
connsys_coredump_init,0x4795e2e8,STOCK_MODULE,conninfra,1,bt_drv_6878;wlan_drv_gen4m_6878,2,2,0,0,0,0,0,0,0,0
connsys_coredump_setup_dump_region,0xb3149c9d,STOCK_MODULE,conninfra,1,bt_drv_6878,1,1,0,0,0,0,0,0,0,0
connsys_coredump_start,0xb7ae49fc,STOCK_MODULE,conninfra,1,bt_drv_6878;wlan_drv_gen4m_6878,2,2,0,0,0,0,0,0,0,0
connsys_log_deinit,0x5b5cc9fe,STOCK_MODULE,conninfra,1,bt_drv_6878;gps_drv_dl_v051;wlan_drv_gen4m_6878,3,3,0,0,0,0,0,0,0,0
connsys_log_get_buf_size,0x93eb7ab0,STOCK_MODULE,conninfra,1,bt_drv_6878;wlan_drv_gen4m_6878,2,2,0,0,0,0,0,0,0,0
connsys_log_get_utc_time,0x39d6f572,STOCK_MODULE,conninfra,1,bt_drv_6878,1,1,0,0,0,0,0,0,0,0
connsys_log_init,0x88db89e4,STOCK_MODULE,conninfra,1,bt_drv_6878;wlan_drv_gen4m_6878,2,2,0,0,0,0,0,0,0,0
connsys_log_irq_handler,0xdcd6eee2,STOCK_MODULE,conninfra,1,bt_drv_6878;wlan_drv_gen4m_6878,2,2,0,0,0,0,0,0,0,0
connsys_log_read_to_user,0x2f350e2e,STOCK_MODULE,conninfra,1,bt_drv_6878;wlan_drv_gen4m_6878,2,2,0,0,0,0,0,0,0,0
connsys_log_register_event_cb,0xc1ec710b,STOCK_MODULE,conninfra,1,bt_drv_6878;gps_drv_dl_v051;wlan_drv_gen4m_6878,3,3,0,0,0,0,0,0,0,0
cpr_not_support_cookie,0x619a6e0b,STOCK_MODULE,mtk_cmdq_drv_ext,1,cmdq_sec_drv,1,1,0,0,0,0,0,0,0,0
cpufreq_set_cci_mode,0x68465f38,STOCK_MODULE,cpudvfs,1,powerhal_cpu_ctrl,1,1,0,0,0,0,0,0,0,0
cqhci_deactivate,0x687dddfd,STOCK_MODULE,cqhci,1,mtk_mmc,1,1,0,0,0,0,0,0,0,0
cqhci_init,0x9dd69341,STOCK_MODULE,cqhci,1,mtk_mmc,1,1,0,0,0,0,0,0,0,0
cqhci_irq,0x64ce7399,STOCK_MODULE,cqhci,1,mtk_mmc,1,1,0,0,0,0,0,0,0,0
custom_ldo_en,0x239d3df2,STOCK_MODULE,custom_ldo,1,imgsensor,1,1,0,0,0,0,0,0,0,0
custom_ldo_vout,0xfda530e0,STOCK_MODULE,custom_ldo,1,imgsensor,1,1,0,0,0,0,0,0,0,0
dbg_error_flag_register_notify,0xfe1f4a12,STOCK_MODULE,dbg_error_flag,1,bus_parity;last_bus,2,2,0,0,0,0,0,0,0,0
ddic_dsi_send_cmd_for_fp,0x14818502,STOCK_MODULE,mediatek_drm,1,panel_ky_vtdr6115_dphy_cmd,1,1,0,0,0,0,0,0,0,0
debounce_times_perf_down_get,0x58d81146,STOCK_MODULE,mtk_cm_mgr,1,mtk_cm_mgr_mt6878,1,1,0,0,0,0,0,0,0,0
debounce_times_perf_down_local_get,0x4c71307f,STOCK_MODULE,mtk_cm_mgr,1,mtk_cm_mgr_mt6878,1,1,0,0,0,0,0,0,0,0
debounce_times_perf_down_local_set,0xdb9edfa7,STOCK_MODULE,mtk_cm_mgr,1,mtk_cm_mgr_mt6878,1,1,0,0,0,0,0,0,0,0
devapc_resume_noirq,0xb10baf5b,STOCK_MODULE,device_apc_common,1,device_apc_mt6878,1,1,0,0,0,0,0,0,0,0
devapc_suspend_noirq,0x67212abb,STOCK_MODULE,device_apc_common,1,device_apc_mt6878,1,1,0,0,0,0,0,0,0,0
devm_extdev_io_device_register,0x69f2448d,STOCK_MODULE,extdev_io_class,1,rt5133_regulator,1,1,0,0,0,0,0,0,0,0
devm_iio_triggered_buffer_setup_ext,0xe104d49f,STOCK_MODULE,industrialio_triggered_buffer,1,mt6375_adc,1,1,0,0,0,0,0,0,0,0
devm_reboot_mode_register,0x93dca974,STOCK_MODULE,reboot_mode,1,syscon_reboot_mode,1,1,0,0,0,0,0,0,0,0
dma_buf_get_gid,0xec7d1109,STOCK_MODULE,system_heap,1,mediatek_drm;mtk_vcodec_dec_v1,2,2,0,0,0,0,0,0,0,0
dma_heap_normal_total,0x34bdc674,STOCK_MODULE,system_heap,1,mtk_heap_debug,1,1,0,0,0,0,0,0,0,0
dmabuf_rbtree_dump_by_domain,0x121d1336,STOCK_MODULE,system_heap,1,mtk_heap_debug;mtk_sec_heap,2,2,0,0,0,0,0,0,0,0
dmabuf_to_secure_handle,0x59f9c814,STOCK_MODULE,mtk_sec_heap,1,gz_main_mod;mali_kbase_mt6878_r44;mtk_cam_isp7sp;sapu;widevine_driver,5,5,0,0,0,0,0,0,0,0
drm_dp_aux_init,0x35824d22,STOCK_MODULE,drm_display_helper,1,mediatek_drm,1,1,0,0,0,0,1,1,0,1
drm_dp_aux_register,0x7dbac15c,STOCK_MODULE,drm_display_helper,1,mediatek_drm,1,1,0,0,0,0,1,1,0,1
drm_dp_channel_eq_ok,0xedcf81ce,STOCK_MODULE,drm_display_helper,1,mediatek_drm,1,1,0,0,0,0,1,1,0,1
drm_dp_clock_recovery_ok,0x8d701329,STOCK_MODULE,drm_display_helper,1,mediatek_drm,1,1,0,0,0,0,1,1,0,1
drm_dp_dpcd_read,0xf20dc39d,STOCK_MODULE,drm_display_helper,1,mediatek_drm,1,1,0,0,0,0,1,1,0,1
drm_dp_dpcd_write,0x1ea81ab4,STOCK_MODULE,drm_display_helper,1,mediatek_drm,1,1,0,0,0,0,1,1,0,1
drm_dp_link_train_channel_eq_delay,0xb1e19450,STOCK_MODULE,drm_display_helper,1,mediatek_drm,1,1,0,0,0,0,1,1,0,1
drm_dp_link_train_clock_recovery_delay,0x8a1125b0,STOCK_MODULE,drm_display_helper,1,mediatek_drm,1,1,0,0,0,0,1,1,0,1
drm_gem_dma_vm_ops,0xff586cf8,STOCK_MODULE,drm_dma_helper,1,mediatek_drm,1,1,0,0,0,0,0,0,0,0
drm_register_fps_chg_callback,0xaab7da79,STOCK_MODULE,mediatek_drm,1,ged;mtk_fpsgo,2,2,0,0,0,0,0,0,0,0
drm_unregister_fps_chg_callback,0x59e44647,STOCK_MODULE,mediatek_drm,1,ged;mtk_fpsgo,2,2,0,0,0,0,0,0,0,0
dsu_get_freq_opp,0xc04dbdb3,STOCK_MODULE,cpufreq_sugov_ext,1,scheduler,1,1,0,0,0,0,0,0,0,0
dsu_get_opp_ps,0x170ed47b,STOCK_MODULE,cpufreq_sugov_ext,1,scheduler,1,1,0,0,0,0,0,0,0,0
dump_audio_dsp_dram,0x50b4b01b,STOCK_MODULE,snd_soc_audiodsp_common,1,mtk_soc_offload_common,1,1,0,0,0,0,0,0,0,0
dump_audio_hwbuffer,0x6786b1de,STOCK_MODULE,snd_soc_audiodsp_common,1,mtk_soc_offload_common,1,1,0,0,0,0,0,0,0,0
dump_rbuf_s,0x9bc5fa37,STOCK_MODULE,snd_soc_audiodsp_common,1,mtk_soc_offload_common,1,1,0,0,0,0,0,0,0,0
dvfsrc_get_data,0x5db7142b,STOCK_MODULE,mtk_dvfsrc_helper,1,mtk_mbraink,1,1,0,0,0,0,0,0,0,0
dvfsrc_get_required_opp_peak_bw,0x8d447eb6,STOCK_MODULE,mtk_dvfsrc,1,ccci_dpmaif;mmqos_common;mtk_cm_mgr_mt6878;mtk_dvfsrc_helper;mtk_fpsgo;usb_boost,6,6,0,0,0,0,0,0,0,0
eara2fbt_set_2nd_t2wnt,0x30219add,STOCK_MODULE,mtk_fpsgo,1,frs,1,1,0,0,0,0,0,0,0,0
eara2fstb_get_tfps,0x7e9ccb11,STOCK_MODULE,mtk_fpsgo,1,frs,1,1,0,0,0,0,0,0,0,0
eara2fstb_tfps_mdiff,0x1a04087a,STOCK_MODULE,mtk_fpsgo,1,frs,1,1,0,0,0,0,0,0,0,0
eara_pre_change_fp,0xbea93101,STOCK_MODULE,mtk_fpsgo,1,frs,1,1,0,0,0,0,0,0,0,0
eara_pre_change_single_fp,0x19b91226,STOCK_MODULE,mtk_fpsgo,1,frs,1,1,0,0,0,0,0,0,0,0
exec_ccci_kern_func,0xcdd61926,STOCK_MODULE,ccci_md_all,1,md_cooling_all;mddp;mtk_md_power_throttling;mtk_pmic_oc_debug,4,4,0,0,0,0,0,0,0,0
extdev_io_device_unregister,0x2448d0b7,STOCK_MODULE,extdev_io_class,1,rt5133_regulator,1,1,0,0,0,0,0,0,0,0
fbt_cal_target_time_fp,0x8589338c,STOCK_MODULE,mtk_fpsgo,1,fpsgo,1,1,0,0,0,0,0,0,0,0
feature_table,0xa18fff46,STOCK_MODULE,vcp,1,mtk_vcodec_dec_v1;mtk_vcodec_enc_v1,2,2,0,0,0,0,0,0,0,0
ffa_driver_register,0x0d53cde9,STOCK_MODULE,ffa_v10,1,gz_main_mod;tkcore_drv;tmem_ffa,3,3,0,0,0,0,0,0,0,0
ffa_driver_unregister,0x3c660e4c,STOCK_MODULE,ffa_v10,1,tkcore_drv,1,1,0,0,0,0,0,0,0,0
find_panel_ctx,0x5ba935bb,STOCK_MODULE,mtk_panel_ext,1,panel_ky_vtdr6115_dphy_cmd,1,1,0,0,0,0,0,0,0,0
find_panel_ext,0xaa9afc3e,STOCK_MODULE,mtk_panel_ext,1,mediatek_drm;mediatek_drm_panel_drv;panel_ky_vtdr6115_dphy_cmd,3,3,0,0,0,0,0,0,0,0
flashlight_dev_register_by_device_id,0xe8fd8896,STOCK_MODULE,flashlight,1,aw36515;aw36518;aw36518_v2,3,3,0,0,0,0,0,0,0,0
flashlight_drvctrl,0x2e13eeba,STOCK_MODULE,flashlight,1,imgsensor,1,1,0,0,0,0,0,0,0,0
flashlight_kicker_pbm,0x8287fd03,STOCK_MODULE,flashlight,1,aw36515;aw36518;aw36518_v2,3,3,0,0,0,0,0,0,0,0
flashlight_pt_is_low,0xe39abd31,STOCK_MODULE,flashlight,1,aw36515,1,1,0,0,0,0,0,0,0,0
flt_ctrl_force_get,0x7a555f61,STOCK_MODULE,scheduler,1,mtk_c2ps,1,1,0,0,0,0,0,0,0,0
flt_ctrl_force_set,0x376b16ab,STOCK_MODULE,scheduler,1,mtk_c2ps,1,1,0,0,0,0,0,0,0,0
flt_get_cpu_util_hook,0x1a2a5056,STOCK_MODULE,cpufreq_sugov_ext,1,scheduler,1,1,0,0,0,0,0,0,0,0
flt_get_fpsgo_boosting,0x92588a78,STOCK_MODULE,cpufreq_sugov_ext,1,scheduler,1,1,0,0,0,0,0,0,0,0
flt_sched_get_cpu_group_util_eas_hook,0xd90f43c8,STOCK_MODULE,cpufreq_sugov_ext,1,scheduler,1,1,0,0,0,0,0,0,0,0
fmeter_set_ops,0xaca276a3,STOCK_MODULE,clk_common,1,clk_fmeter_mt6878,1,1,0,0,0,0,0,0,0,0
fpsgo_get_cmd_fp,0xebd8412d,STOCK_MODULE,mtk_perf_ioctl,1,mtk_fpsgo,1,1,0,0,0,0,0,0,0,0
fpsgo_get_fps_fp,0x3410366d,STOCK_MODULE,mtk_perf_ioctl,1,mtk_fpsgo,1,1,0,0,0,0,0,0,0,0
fpsgo_get_fstb_active_fp,0xecb67d01,STOCK_MODULE,mtk_perf_ioctl,1,mtk_fpsgo;touch_boost,2,2,0,0,0,0,0,0,0,0
fpsgo_get_lr_pair_fp,0x03522510,STOCK_MODULE,mtk_perf_ioctl,1,mtk_fpsgo,1,1,0,0,0,0,0,0,0,0
fpsgo_get_pid_fp,0x65f4e8c4,STOCK_MODULE,mtk_perf_ioctl,1,mtk_fpsgo,1,1,0,0,0,0,0,0,0,0
fpsgo_main_trace,0x7c051004,STOCK_MODULE,mtk_fpsgo,1,fpsgo,1,1,0,0,0,0,0,0,0,0
fpsgo_notify_acquire_fp,0xf0f156b6,STOCK_MODULE,mtk_perf_ioctl,1,mtk_fpsgo,1,1,0,0,0,0,0,0,0,0
fpsgo_notify_bqid_fp,0xf7cb819f,STOCK_MODULE,mtk_perf_ioctl,1,mtk_fpsgo,1,1,0,0,0,0,0,0,0,0
fpsgo_notify_buffer_quota_fp,0x815612c6,STOCK_MODULE,mtk_perf_ioctl,1,mtk_fpsgo,1,1,0,0,0,0,0,0,0,0
fpsgo_notify_connect_fp,0xe5dbe114,STOCK_MODULE,mtk_perf_ioctl,1,mtk_fpsgo,1,1,0,0,0,0,0,0,0,0
fpsgo_notify_fbt_is_boost_fp,0x20ba2e0b,STOCK_MODULE,cpufreq_sugov_ext,1,mtk_fpsgo,1,1,0,0,0,0,0,0,0,0
fpsgo_notify_frame_hint_fp,0x2f67359f,STOCK_MODULE,mtk_perf_ioctl,1,mtk_fpsgo,1,1,0,0,0,0,0,0,0,0
fpsgo_notify_qudeq_fp,0xf11fcc52,STOCK_MODULE,mtk_perf_ioctl,1,mtk_fpsgo,1,1,0,0,0,0,0,0,0,0
fpsgo_notify_sbe_policy_fp,0xcd89a4fb,STOCK_MODULE,mtk_perf_ioctl,1,mtk_fpsgo,1,1,0,0,0,0,0,0,0,0
fpsgo_notify_sbe_rescue_fp,0xb4f5e14d,STOCK_MODULE,mtk_perf_ioctl,1,mtk_fpsgo,1,1,0,0,0,0,0,0,0,0
fpsgo_notify_swap_buffer_fp,0x1968478c,STOCK_MODULE,mtk_perf_ioctl,1,mtk_fpsgo,1,1,0,0,0,0,0,0,0,0
fpsgo_notify_vsync_fp,0x43fc37b1,STOCK_MODULE,mtk_perf_ioctl,1,mtk_fpsgo,1,1,0,0,0,0,0,0,0,0
fpsgo_notify_vsync_period_fp,0x2b8dcd34,STOCK_MODULE,mtk_perf_ioctl,1,mtk_fpsgo,1,1,0,0,0,0,0,0,0,0
fpsgo_other2fstb_register_info_callback,0x4feb06a7,STOCK_MODULE,mtk_fpsgo,1,mtk_mbraink,1,1,0,0,0,0,0,0,0,0
fpsgo_other2fstb_register_perf_callback,0xfef5f957,STOCK_MODULE,mtk_fpsgo,1,mtk_mbraink,1,1,0,0,0,0,0,0,0,0
fpsgo_other2fstb_unregister_info_callback,0x18635084,STOCK_MODULE,mtk_fpsgo,1,mtk_mbraink,1,1,0,0,0,0,0,0,0,0
fpsgo_other2fstb_unregister_perf_callback,0x89801245,STOCK_MODULE,mtk_fpsgo,1,mtk_mbraink,1,1,0,0,0,0,0,0,0,0
fpsgo_rl_create_render_in_list_fp,0x330f3deb,STOCK_MODULE,mtk_fpsgo,1,fpsgo,1,1,0,0,0,0,0,0,0,0
fpsgo_rl_delete_render_info_fp,0xb6ee5d1a,STOCK_MODULE,mtk_fpsgo,1,fpsgo,1,1,0,0,0,0,0,0,0,0
fpsgo_set_last_quota_fp,0x39ba5d91,STOCK_MODULE,mtk_fpsgo,1,fpsgo,1,1,0,0,0,0,0,0,0,0
fpsgo_set_last_quota_fps_ori_fp,0x8e3c9c0f,STOCK_MODULE,mtk_fpsgo,1,fpsgo,1,1,0,0,0,0,0,0,0,0
fpsgo_set_last_target_t_fp,0xf6309e9c,STOCK_MODULE,mtk_fpsgo,1,fpsgo,1,1,0,0,0,0,0,0,0,0
fpsgo_set_rl_expected_l2q_us_fp,0x79ae2eb0,STOCK_MODULE,mtk_perf_ioctl,1,mtk_fpsgo,1,1,0,0,0,0,0,0,0,0
fpsgo_set_rl_l2q_enable_fp,0xbfed9edc,STOCK_MODULE,mtk_perf_ioctl,1,mtk_fpsgo,1,1,0,0,0,0,0,0,0,0
fpsgo_wait_fstb_active_fp,0xe7a77b8c,STOCK_MODULE,mtk_perf_ioctl,1,mtk_fpsgo;touch_boost,2,2,0,0,0,0,0,0,0,0
free_candev,0x97d0a2dd,STOCK_MODULE,can_dev,1,slcan,1,1,0,0,0,0,0,0,0,0
freq_reg_info,0x69183dbc,STOCK_MODULE,cfg80211,1,mac80211,1,1,0,0,0,0,0,0,0,0
frs_data,0x03019bb0,STOCK_MODULE,thermal_interface,1,thermal_trace,1,1,0,0,0,0,0,0,0,0
fsm_get_entity,0xcfe6efed,STOCK_MODULE,ccci_md_all,1,ccci_fsm_scp,1,1,0,0,0,0,0,0,0,0
fstb_delete_render_info_fp,0xadbe369b,STOCK_MODULE,mtk_fpsgo,1,fpsgo,1,1,0,0,0,0,0,0,0,0
fstb_event_buffer,0xac462a67,STOCK_MODULE,mtk_fpsgo,1,fpsgo,1,1,0,0,0,0,0,0,0,0
fstb_event_buffer_size,0xf092ad6d,STOCK_MODULE,mtk_fpsgo,1,fpsgo,1,1,0,0,0,0,0,0,0,0
fstb_filter_poll_enable,0xbb20b869,STOCK_MODULE,mtk_fpsgo,1,fpsgo,1,1,0,0,0,0,0,0,0,0
fstb_get_logic_head_trace_event_fp,0x5ee98860,STOCK_MODULE,mtk_fpsgo,1,fpsgo,1,1,0,0,0,0,0,0,0,0
fstb_get_target_fps_fp,0xdb903082,STOCK_MODULE,mtk_fpsgo,1,fpsgo,1,1,0,0,0,0,0,0,0,0
fstb_no_r_timer_enable,0x7a113186,STOCK_MODULE,mtk_fpsgo,1,fpsgo,1,1,0,0,0,0,0,0,0,0
ftrace_pwr_opp_v3,0x6fe1b58d,STOCK_MODULE,mtk_mmdvfs_ftrace,1,mtk_mmdvfs_debug,1,1,0,0,0,0,0,0,0,0
ftrace_record_opp_v1,0x04b39dae,STOCK_MODULE,mtk_mmdvfs_ftrace,1,mtk_mmdvfs_debug,1,1,0,0,0,0,0,0,0,0
ftrace_user_opp_v3,0x4f4564b1,STOCK_MODULE,mtk_mmdvfs_ftrace,1,mtk_mmdvfs_debug,1,1,0,0,0,0,0,0,0,0
ftrace_user_opp_v3_vcore,0x8c00a168,STOCK_MODULE,mtk_mmdvfs_ftrace,1,mtk_mmdvfs_debug,1,1,0,0,0,0,0,0,0,0
ftrace_user_opp_v3_vmm,0xb76794fa,STOCK_MODULE,mtk_mmdvfs_ftrace,1,mtk_mmdvfs_debug,1,1,0,0,0,0,0,0,0,0
fuelgauge_fw_version,0x8c280260,STOCK_MODULE,yft_devinfo,1,sh366003_fg,1,1,0,0,0,0,0,0,0,0
g_detail_log,0x808d3c5d,STOCK_MODULE,mediatek_drm,1,mediatek_drm_gateic;mediatek_drm_panel_drv,2,2,0,0,0,0,0,0,0,0
g_mobile_log,0x95eacc30,STOCK_MODULE,mediatek_drm,1,mediatek_drm_gateic;mediatek_drm_panel_drv;mtk_disp_sec,3,3,0,0,0,0,0,0,0,0
gbe_get_cmd_fp,0xc6c86451,STOCK_MODULE,mtk_perf_ioctl,1,mtk_fpsgo,1,1,0,0,0,0,0,0,0,0
gce_mminfra,0x4e6eb722,STOCK_MODULE,mtk_cmdq_drv_ext,1,cmdq_sec_drv;cmdq_test;mdp_drv_mt6878;mediatek_drm;mtk_imgsys_cmdq;mtk_mml,6,6,0,0,0,0,0,0,0,0
gce_shift_bit,0x99fd4b53,STOCK_MODULE,mtk_cmdq_drv_ext,1,cmdq_sec_drv;cmdq_test;mdp_drv_mt6878;mediatek_drm;mtk_imgsys_cmdq;mtk_mml,6,6,0,0,0,0,0,0,0,0
ged_dvfs_cal_gpu_utilization_ex_fp,0x1f1724b1,STOCK_MODULE,ged,1,mali_kbase_mt6878_r44,1,1,0,0,0,0,0,0,0,0
ged_dvfs_get_last_commit_idx,0xf591cac9,STOCK_MODULE,ged,1,mali_kbase_mt6878_r44,1,1,0,0,0,0,0,0,0,0
ged_dvfs_get_last_commit_stack_idx,0xa454238c,STOCK_MODULE,ged,1,mali_kbase_mt6878_r44,1,1,0,0,0,0,0,0,0,0
ged_dvfs_get_last_commit_top_idx,0x0ab3f4a2,STOCK_MODULE,ged,1,mali_kbase_mt6878_r44,1,1,0,0,0,0,0,0,0,0
ged_dvfs_get_real_oppfreq_num,0x40e882c3,STOCK_MODULE,ged,1,mtk_mbraink,1,1,0,0,0,0,0,0,0,0
ged_dvfs_gpu_clock_switch_notify,0xcca965ad,STOCK_MODULE,ged,1,mali_kbase_mt6878_r44,1,1,0,0,0,0,0,0,0,0
ged_dvfs_gpu_freq_commit_fp,0xe4931974,STOCK_MODULE,ged,1,mali_kbase_mt6878_r44,1,1,0,0,0,0,0,0,0,0
ged_dvfs_gpu_freq_dual_commit_fp,0xc904191f,STOCK_MODULE,ged,1,mali_kbase_mt6878_r44,1,1,0,0,0,0,0,0,0,0
ged_dvfs_query_loading,0x5b5ad02a,STOCK_MODULE,ged,1,mtk_mbraink,1,1,0,0,0,0,0,0,0,0
ged_dvfs_query_opp_cost,0x50b65b91,STOCK_MODULE,ged,1,mtk_mbraink,1,1,0,0,0,0,0,0,0,0
ged_dvfs_query_power_state_time,0xc593883d,STOCK_MODULE,ged,1,mtk_mbraink,1,1,0,0,0,0,0,0,0,0
ged_dvfs_set_gpu_core_mask_fp,0xe76b433c,STOCK_MODULE,ged,1,mali_kbase_mt6878_r44,1,1,0,0,0,0,0,0,0,0
ged_dvfs_update_step_size,0x7cf81440,STOCK_MODULE,ged,1,mali_kbase_mt6878_r44,1,1,0,0,0,0,0,0,0,0
ged_dvfs_write_sysram_last_commit_dual,0x4938108a,STOCK_MODULE,ged,1,mali_kbase_mt6878_r44,1,1,0,0,0,0,0,0,0,0
ged_dvfs_write_sysram_last_commit_dual_test,0xf743f07c,STOCK_MODULE,ged,1,mali_kbase_mt6878_r44,1,1,0,0,0,0,0,0,0,0
ged_dvfs_write_sysram_last_commit_idx,0x71d75692,STOCK_MODULE,ged,1,mali_kbase_mt6878_r44,1,1,0,0,0,0,0,0,0,0
ged_dvfs_write_sysram_last_commit_idx_test,0xd9f56975,STOCK_MODULE,ged,1,mali_kbase_mt6878_r44,1,1,0,0,0,0,0,0,0,0
ged_dvfs_write_sysram_last_commit_stack_idx,0x8ea8a514,STOCK_MODULE,ged,1,mali_kbase_mt6878_r44,1,1,0,0,0,0,0,0,0,0
ged_dvfs_write_sysram_last_commit_stack_idx_test,0x23e0c7af,STOCK_MODULE,ged,1,mali_kbase_mt6878_r44,1,1,0,0,0,0,0,0,0,0
ged_dvfs_write_sysram_last_commit_top_idx,0xae40922f,STOCK_MODULE,ged,1,mali_kbase_mt6878_r44,1,1,0,0,0,0,0,0,0,0
ged_dvfs_write_sysram_last_commit_top_idx_test,0x88271236,STOCK_MODULE,ged,1,mali_kbase_mt6878_r44,1,1,0,0,0,0,0,0,0,0
ged_get_last_commit_idx_fp,0x1cf2dc32,STOCK_MODULE,mtk_gpufreq_wrapper,1,ged,1,1,0,0,0,0,0,0,0,0
ged_get_last_commit_stack_idx_fp,0x8cda41e8,STOCK_MODULE,mtk_gpufreq_wrapper,1,ged,1,1,0,0,0,0,0,0,0,0
ged_get_last_commit_top_idx_fp,0x6d43198f,STOCK_MODULE,mtk_gpufreq_wrapper,1,ged,1,1,0,0,0,0,0,0,0,0
ged_kpi_output_gfx_info2_fp,0xc2100112,STOCK_MODULE,ged,1,mtk_fpsgo,1,1,0,0,0,0,0,0,0,0
ged_kpi_set_target_FPS_margin,0x70c1cca8,STOCK_MODULE,ged,1,mtk_fpsgo,1,1,0,0,0,0,0,0,0,0
generic_mii_ioctl,0x47ee41ec,STOCK_MODULE,mii,1,asix;ax88179_178a,2,2,0,0,0,0,1,1,0,1
get_adapter_by_name,0x331d95da,STOCK_MODULE,adapter_class,1,mtk_charger_framework;mtk_pd_charging;mtk_pep40;mtk_pep50,4,4,0,0,0,0,0,0,0,0
get_adaptive_margin,0x26b142db,STOCK_MODULE,cpufreq_sugov_ext,1,mtk_c2ps;scheduler,2,2,0,0,0,0,0,0,0,0
get_adsp_core_total,0x1f1f4d4f,STOCK_MODULE,adsp,1,audio_ipi;snd_soc_audiodsp_common,2,2,0,0,0,0,0,0,0,0
get_adsp_semaphore,0x5f0ee176,STOCK_MODULE,adsp,1,snd_soc_audiodsp_common,1,1,0,0,0,0,0,0,0,0
get_adsp_type,0x03c6adfb,STOCK_MODULE,adsp,1,audio_ipi;snd_soc_audiodsp_common;snd_soc_mtk_common;usb_offload,4,4,0,0,0,0,0,0,0,0
get_am_ctrl,0x3a53be71,STOCK_MODULE,cpufreq_sugov_ext,1,scheduler,1,1,0,0,0,0,0,0,0,0
get_charger_by_name,0x899a2701,STOCK_MODULE,charger_class,1,mtk_charger_framework;mtk_chg_type_det;mtk_pd_charging;mtk_pep;mtk_pep40;mtk_pep50,6,6,0,0,0,0,0,0,0,0
get_chg_alg_by_name,0x9fe80663,STOCK_MODULE,mtk_charger_algorithm_class,1,mtk_charger_framework,1,1,0,0,0,0,0,0,0,0
get_clkg_sram_base_addr,0x26188cfb,STOCK_MODULE,cpufreq_sugov_ext,1,scheduler,1,1,0,0,0,0,0,0,0,0
get_cpu_ceiling_freq,0x55308b41,STOCK_MODULE,thermal_interface,1,scheduler,1,1,0,0,0,0,0,0,0,0
get_cpu_gear_uclamp_max_capacity,0x84cb39c0,STOCK_MODULE,cpufreq_sugov_ext,1,scheduler,1,1,0,0,0,0,0,0,0,0
get_cpu_temp,0x73a99429,STOCK_MODULE,thermal_interface,1,mtk_core_ctl;mtk_swpm_cpu_dbg_v6878;scheduler,3,3,0,0,0,0,0,0,0,0
get_cpu_type,0xde5ef734,STOCK_MODULE,cpufreq_sugov_ext,1,scheduler,1,1,0,0,0,0,0,0,0,0
get_cur_ddr_ratio,0x4eca130a,STOCK_MODULE,mtk_dvfsrc_helper,1,met_emi_api,1,1,0,0,0,0,0,0,0,0
get_cur_ddr_ratio_symbol,0xa3e39d8c,STOCK_MODULE,met,1,met_emi_api,1,1,0,0,0,0,0,0,0,0
get_curr_cap,0xa9fac2a5,STOCK_MODULE,cpufreq_sugov_ext,1,mtk_fpsgo,1,1,0,0,0,0,0,0,0,0
get_curr_wl,0x38399da9,STOCK_MODULE,cpufreq_sugov_ext,1,scheduler,1,1,0,0,0,0,0,0,0,0
get_dbg_error_flag_mask,0x849c5a72,STOCK_MODULE,dbg_error_flag,1,bus_parity;last_bus,2,2,0,0,0,0,0,0,0,0
get_ddr_act_times,0x8d761971,STOCK_MODULE,mtk_swpm,1,mtk_mbraink;mtk_swpm_dbg_v6878,2,2,0,0,0,0,0,0,0,0
get_ddr_data_ip_num,0xed76a15a,STOCK_MODULE,mtk_swpm,1,mtk_mbraink;mtk_swpm_dbg_v6878,2,2,0,0,0,0,0,0,0,0
get_ddr_freq_data_ip_stats,0xf06cafdf,STOCK_MODULE,mtk_swpm,1,mtk_mbraink;mtk_swpm_dbg_v6878,2,2,0,0,0,0,0,0,0,0
get_ddr_freq_num,0xc5b0f293,STOCK_MODULE,mtk_swpm,1,mtk_mbraink;mtk_swpm_dbg_v6878,2,2,0,0,0,0,0,0,0,0
get_ddr_sr_pd_times,0x7de0ce62,STOCK_MODULE,mtk_swpm,1,mtk_mbraink;mtk_swpm_dbg_v6878,2,2,0,0,0,0,0,0,0,0
get_detect_count,0xa5230607,STOCK_MODULE,mtk_printk_ctrl,1,mtk_cam_isp7sp,1,1,0,0,0,0,0,0,0,0
get_dsp_base,0xa3664331,STOCK_MODULE,snd_soc_audiodsp_common,1,mtk_soc_offload_common,1,1,0,0,0,0,0,0,0,0
get_dsp_task_attr,0x6b060912,STOCK_MODULE,snd_soc_audiodsp_common,1,snd_soc_mt6878_afe,1,1,0,0,0,0,0,0,0,0
get_dsp_task_id_from_str,0x35152e34,STOCK_MODULE,snd_soc_audiodsp_common,1,snd_soc_mt6878_afe,1,1,0,0,0,0,0,0,0,0
get_dspdaiid_by_dspscene,0x395d33f4,STOCK_MODULE,snd_soc_audiodsp_common,1,mtk_soc_offload_common,1,1,0,0,0,0,0,0,0,0
get_dspscene_by_dspdaiid,0xa1e07ba3,STOCK_MODULE,snd_soc_audiodsp_common,1,mtk_soc_offload_common,1,1,0,0,0,0,0,0,0,0
get_dsu_ceiling_freq,0x0d1360a0,STOCK_MODULE,thermal_interface,1,mtk_perf_common;scheduler,2,2,0,0,0,0,0,0,0,0
get_dsu_freq_state,0xace41a77,STOCK_MODULE,cpufreq_sugov_ext,1,mtk_perf_common,1,1,0,0,0,0,0,0,0,0
get_dsu_temp,0x11c68c40,STOCK_MODULE,thermal_interface,1,scheduler,1,1,0,0,0,0,0,0,0,0
get_eas_dsu_ctrl,0x55f0d26c,STOCK_MODULE,cpufreq_sugov_ext,1,scheduler,1,1,0,0,0,0,0,0,0,0
get_em_wl,0xc4019a1f,STOCK_MODULE,cpufreq_sugov_ext,1,scheduler,1,1,0,0,0,0,0,0,0,0
get_feature_register,0x7410fdaf,STOCK_MODULE,adsp,1,snd_soc_audiodsp_common,1,1,0,0,0,0,0,0,0,0
get_gear_cpumask,0x84e9f08e,STOCK_MODULE,cpufreq_sugov_ext,1,mtk_c2ps;scheduler,2,2,0,0,0,0,0,0,0,0
get_gear_max_active_ratio_cap,0x207516bc,STOCK_MODULE,cpufreq_sugov_ext,1,scheduler,1,1,0,0,0,0,0,0,0,0
get_gear_uclamp_max,0x3d84dd40,STOCK_MODULE,cpufreq_sugov_ext,1,mtk_c2ps,1,1,0,0,0,0,0,0,0,0
get_gpueb_ipidev,0x0fbee3af,STOCK_MODULE,gpueb,1,fhctl;ged;met_gpueb_api;mtk_gpufreq_wrapper,4,4,0,0,0,0,0,0,0,0
get_gpueb_ipidev_symbol,0x3638f99c,STOCK_MODULE,met,1,met_gpueb_api,1,1,0,0,0,0,0,0,0,0
get_grp_dvfs_ctrl,0x41750bf4,STOCK_MODULE,cpufreq_sugov_ext,1,mtk_c2ps;scheduler,2,2,0,0,0,0,0,0,0,0
get_grp_high_freq,0x8fed5478,STOCK_MODULE,cpufreq_sugov_ext,1,scheduler,1,1,0,0,0,0,0,0,0,0
get_ignore_idle_ctrl,0xd04fa292,STOCK_MODULE,cpufreq_sugov_ext,1,mtk_c2ps,1,1,0,0,0,0,0,0,0,0
get_ipi_recv_private,0x801f7a52,STOCK_MODULE,snd_soc_audiodsp_common,1,mtk_soc_offload_common,1,1,0,0,0,0,0,0,0,0
get_low_latency_mode,0xc60dde3d,STOCK_MODULE,wmt_chrdev_wifi_connac2,1,wlan_drv_gen4m_6878,1,1,0,0,0,0,0,0,0,0
get_lpm_logger_mbrain_dbg_ops,0xb9693023,STOCK_MODULE,mtk_lpm_dbg_common_v2,1,mtk_mbraink,1,1,0,0,0,0,0,0,0,0
get_lpm_mbrain_dbg_ops,0xcafc9149,STOCK_MODULE,mtk_lpm_dbg_common_v2,1,mtk_mbraink,1,1,0,0,0,0,0,0,0,0
get_lpm_sys_res_ops,0xc0cbbbd0,STOCK_MODULE,mtk_lpm_dbg_common_v2,1,mtk_lpm_dbg_mt6878,1,1,0,0,0,0,0,0,0,0
get_mcupm_ipidev,0x73e08ef8,STOCK_MODULE,mcupm,1,fhctl;met_mcupm_api,2,2,0,0,0,0,0,0,0,0
get_mcupm_ipidev_symbol,0x64ef3f19,STOCK_MODULE,met,1,met_mcupm_api,1,1,0,0,0,0,0,0,0,0
get_md1_power,0xd3af17a6,STOCK_MODULE,mtk_mdpm,1,mtk_pbm,1,1,0,0,0,0,0,0,0,0
get_md_bin_capability,0x5aa36892,STOCK_MODULE,ccci_util_lib,1,ccci_md_all,1,1,0,0,0,0,0,0,0,0
get_md_img_type,0x55714f75,STOCK_MODULE,ccci_util_lib,1,ccci_md_all,1,1,0,0,0,0,0,0,0,0
get_md_resv_csmem_info,0x53c6d267,STOCK_MODULE,ccci_util_lib,1,ccci_md_all,1,1,0,0,0,0,0,0,0,0
get_md_resv_mem_info,0xcab9bc76,STOCK_MODULE,ccci_util_lib,1,ccci_dpmaif;ccci_md_all;snd_soc_mtk_common,3,3,0,0,0,0,0,0,0,0
get_md_resv_phy_cap_size,0x26d966fd,STOCK_MODULE,ccci_util_lib,1,ccci_md_all,1,1,0,0,0,0,0,0,0,0
get_md_resv_sib_size,0x8bd51a07,STOCK_MODULE,ccci_util_lib,1,ccci_md_all,1,1,0,0,0,0,0,0,0,0
get_md_resv_udc_info,0x08eb1085,STOCK_MODULE,ccci_util_lib,1,ccci_md_all,1,1,0,0,0,0,0,0,0,0
get_md_sib_mem_info,0xdccf1550,STOCK_MODULE,ccci_util_lib,1,ccci_md_all,1,1,0,0,0,0,0,0,0,0
get_md_sleep_time,0x690f478a,STOCK_MODULE,mtk_lpm_dbg_common_v2,1,mtk_lpm_plat_v1;mtk_mbraink,2,2,0,0,0,0,0,0,0,0
get_md_smem_cachable_offset,0x18c331d7,STOCK_MODULE,ccci_util_lib,1,ccci_md_all,1,1,0,0,0,0,0,0,0,0
get_modem_is_enabled,0xa60386f1,STOCK_MODULE,ccci_util_lib,1,ccci_fsm_scp;ccci_md_all,2,2,0,0,0,0,0,0,0,0
get_mt6878_reg_value,0xd378e735,STOCK_MODULE,clk_chk_mt6878,1,pd_chk_mt6878,1,1,0,0,0,0,0,0,0,0
get_mtee_is_enabled,0x51939dcb,STOCK_MODULE,ccci_util_lib,1,ccci_md_all,1,1,0,0,0,0,0,0,0,0
get_nr_cpu_type,0x3c671f7b,STOCK_MODULE,cpufreq_sugov_ext,1,scheduler,1,1,0,0,0,0,0,0,0,0
get_nr_gears,0xef559a24,STOCK_MODULE,cpufreq_sugov_ext,1,mtk_c2ps;scheduler,2,2,0,0,0,0,0,0,0,0
get_nr_wl_type,0xf0aa4a06,STOCK_MODULE,cpufreq_sugov_ext,1,mtk_c2ps;scheduler,2,2,0,0,0,0,0,0,0,0
get_pelt_dsu_bw,0x80d9b4a5,STOCK_MODULE,cpufreq_sugov_ext,1,scheduler,1,1,0,0,0,0,0,0,0,0
get_pelt_emi_bw,0xcbe70f4f,STOCK_MODULE,cpufreq_sugov_ext,1,scheduler,1,1,0,0,0,0,0,0,0,0
get_qos_bound,0x7bf94eb3,STOCK_MODULE,mtk_qos,1,apusys,1,1,0,0,0,0,0,0,0,0
get_qos_bound_apubw_mon,0xcfca06ca,STOCK_MODULE,mtk_qos,1,apusys,1,1,0,0,0,0,0,0,0,0
get_qos_bound_idx,0xdb27589c,STOCK_MODULE,mtk_qos,1,apusys,1,1,0,0,0,0,0,0,0,0
get_res_sig_stats,0x9f083892,STOCK_MODULE,mtk_swpm,1,mtk_lpm_dbg_mt6878;mtk_swpm_dbg_v6878,2,2,0,0,0,0,0,0,0,0
get_sbb_active_ratio_gear,0x2d17e429,STOCK_MODULE,cpufreq_sugov_ext,1,scheduler,1,1,0,0,0,0,0,0,0,0
get_scmi_tinysys_info,0x3a3acda7,STOCK_MODULE,tinysys_scmi,1,mali_kbase_mt6878_r44;mediatek_drm;met_scmi_api;mtk_cm_ipi;mtk_mminfra_debug;mtk_mml;mtk_qos;mtk_ssc;sspm_v3,9,9,0,0,0,0,0,0,0,0
get_scmi_tinysys_info_symbol,0x1f8d81e4,STOCK_MODULE,met,1,met_scmi_api,1,1,0,0,0,0,0,0,0,0
get_scp_mbrain_dbg_ops,0x6fdc3f9a,STOCK_MODULE,scp,1,mtk_mbraink,1,1,0,0,0,0,0,0,0,0
get_scp_ultra_base,0x910340f0,STOCK_MODULE,mtk_scp_ultra,1,snd_soc_mtk_scp_ultra,1,1,0,0,0,0,0,0,0,0
get_smcnr_dev,0x5fdc32d1,STOCK_MODULE,gz_trusty_mod,1,gz_ipc_mod;gz_irq_mod;gz_log_mod;gz_main_mod;gz_virtio_mod;sapu,6,6,0,0,0,0,0,0,0,0
get_smem_amms_pos_size,0xb4196514,STOCK_MODULE,ccci_util_lib,1,ccci_md_all,1,1,0,0,0,0,0,0,0,0
get_smem_phy_start_addr,0x32c39494,STOCK_MODULE,ccci_md_all,1,conninfra;snd_soc_mtk_common,2,2,0,0,0,0,0,0,0,0
get_smem_start_addr,0x43a6434d,STOCK_MODULE,ccci_md_all,1,mddp;mtk_mbraink,2,2,0,0,0,0,0,0,0,0
get_soc_md_rt_rat,0xa0612e94,STOCK_MODULE,ccci_util_lib,1,ccci_md_all,1,1,0,0,0,0,0,0,0,0
get_soc_md_rt_rat_idx,0x023fc232,STOCK_MODULE,ccci_util_lib,1,ccci_md_all,1,1,0,0,0,0,0,0,0,0
get_subsys_reg_dump_mt6878,0x2cb0b033,STOCK_MODULE,clk_chk_mt6878,1,pd_chk_mt6878,1,1,0,0,0,0,0,0,0,0
get_target_margin,0xc1352602,STOCK_MODULE,cpufreq_sugov_ext,1,scheduler,1,1,0,0,0,0,0,0,0,0
get_target_margin_low,0x74937849,STOCK_MODULE,cpufreq_sugov_ext,1,scheduler,1,1,0,0,0,0,0,0,0,0
get_thermal_headroom,0x4f793f59,STOCK_MODULE,thermal_interface,1,scheduler,1,1,0,0,0,0,0,0,0,0
get_turn_point_freq,0x94a22efd,STOCK_MODULE,cpufreq_sugov_ext,1,scheduler,1,1,0,0,0,0,0,0,0,0
get_vcore_ip_num,0xa48af803,STOCK_MODULE,mtk_swpm,1,mtk_mbraink,1,1,0,0,0,0,0,0,0,0
get_vcore_ip_vol_stats,0xd8f4b92e,STOCK_MODULE,mtk_swpm,1,mtk_mbraink,1,1,0,0,0,0,0,0,0,0
get_vcore_vol_duration,0xecc3ae96,STOCK_MODULE,mtk_swpm,1,mtk_mbraink;mtk_swpm_dbg_v6878,2,2,0,0,0,0,0,0,0,0
get_vcore_vol_num,0x4b76f642,STOCK_MODULE,mtk_swpm,1,mtk_mbraink;mtk_swpm_dbg_v6878,2,2,0,0,0,0,0,0,0,0
get_vcp_generation,0x49f80a53,STOCK_MODULE,vcp,1,mtk_vcodec_dec_v1;mtk_vcodec_enc_v1,2,2,0,0,0,0,0,0,0,0
get_wifi_powered_status,0x4889ab88,STOCK_MODULE,wmt_chrdev_wifi_connac2,1,wlan_drv_gen4m_6878,1,1,0,0,0,0,0,0,0,0
get_wifi_process_status,0x747527f1,STOCK_MODULE,wmt_chrdev_wifi_connac2,1,wlan_drv_gen4m_6878,1,1,0,0,0,0,0,0,0,0
get_xpu_ip_num,0x6a7b383b,STOCK_MODULE,mtk_swpm,1,mtk_swpm_dbg_v6878,1,1,0,0,0,0,0,0,0,0
get_xpu_ip_stats,0x002411fb,STOCK_MODULE,mtk_swpm,1,mtk_swpm_dbg_v6878,1,1,0,0,0,0,0,0,0,0
gether_update_dl_max_xfer_size,0x7357555f,STOCK_MODULE,mtk_u_ether,1,mtk_usb_f_rndis,1,1,0,0,0,0,0,0,0,0
global_nsmpu,0xbb2a4980,STOCK_MODULE,smpu,1,smpu_hook_v1,1,1,0,0,0,0,0,0,0,0
global_ssmpu,0x046258c5,STOCK_MODULE,smpu,1,smpu_hook_v1,1,1,0,0,0,0,0,0,0,0
gpio_dump_regs,0x7ec58d17,STOCK_MODULE,pinctrl_mtk_common_v2_debug,1,mtk_lpm_dbg_common_v2,1,1,0,0,0,0,0,0,0,0
gpio_dump_regs_range,0x5d37f189,STOCK_MODULE,pinctrl_mtk_common_v2_debug,1,i2c_mt65xx;mtk_mmc,2,2,0,0,0,0,0,0,0,0
gpueb_dump_status,0x14501464,STOCK_MODULE,gpueb,1,mtk_gpufreq_wrapper,1,1,0,0,0,0,0,0,0,0
gpueb_get_gpr_addr,0x506b74a3,STOCK_MODULE,gpueb,1,mtk_gpufreq_wrapper,1,1,0,0,0,0,0,0,0,0
gpueb_get_recv_PIN_ID_by_name,0xa3c8b3eb,STOCK_MODULE,gpueb,1,ged;met_gpueb_api,2,2,0,0,0,0,0,0,0,0
gpueb_get_recv_PIN_ID_by_name_symbol,0x928bd60b,STOCK_MODULE,met,1,met_gpueb_api,1,1,0,0,0,0,0,0,0,0
gpueb_get_reserve_mem_phys,0x3a79b591,STOCK_MODULE,gpueb,1,met_gpueb_api,1,1,0,0,0,0,0,0,0,0
gpueb_get_reserve_mem_phys_symbol,0x490c2902,STOCK_MODULE,met,1,met_gpueb_api,1,1,0,0,0,0,0,0,0,0
gpueb_get_reserve_mem_size,0xbdece69c,STOCK_MODULE,gpueb,1,met_gpueb_api,1,1,0,0,0,0,0,0,0,0
gpueb_get_reserve_mem_size_symbol,0xddaf478b,STOCK_MODULE,met,1,met_gpueb_api,1,1,0,0,0,0,0,0,0,0
gpueb_get_reserve_mem_virt,0xaf1e7cbc,STOCK_MODULE,gpueb,1,met_gpueb_api,1,1,0,0,0,0,0,0,0,0
gpueb_get_reserve_mem_virt_symbol,0x5ce1e571,STOCK_MODULE,met,1,met_gpueb_api,1,1,0,0,0,0,0,0,0,0
gpueb_get_send_PIN_ID_by_name,0x2fae0e87,STOCK_MODULE,gpueb,1,fhctl;ged;met_gpueb_api;mtk_gpufreq_wrapper,4,4,0,0,0,0,0,0,0,0
gpueb_get_send_PIN_ID_by_name_symbol,0xe43bcab1,STOCK_MODULE,met,1,met_gpueb_api,1,1,0,0,0,0,0,0,0,0
gpufreq_bringup,0xfb01b4e5,STOCK_MODULE,mtk_gpufreq_wrapper,1,ged;mali_kbase_mt6878_r44,2,2,0,0,0,0,0,0,0,0
gpufreq_commit,0x83a878ce,STOCK_MODULE,mtk_gpufreq_wrapper,1,mali_kbase_mt6878_r44,1,1,0,0,0,0,0,0,0,0
gpufreq_dual_commit,0x1f6dcb06,STOCK_MODULE,mtk_gpufreq_wrapper,1,mali_kbase_mt6878_r44,1,1,0,0,0,0,0,0,0,0
gpufreq_dump_infra_status,0x665829f8,STOCK_MODULE,mtk_gpufreq_wrapper,1,mali_kbase_mt6878_r44,1,1,0,0,0,0,0,0,0,0
gpufreq_dump_infra_status_logbuffer,0x7d7da8d1,STOCK_MODULE,mtk_gpufreq_wrapper,1,mali_kbase_mt6878_r44,1,1,0,0,0,0,0,0,0,0
gpufreq_get_core_mask_table,0xb886d41f,STOCK_MODULE,mtk_gpufreq_wrapper,1,ged,1,1,0,0,0,0,0,0,0,0
gpufreq_get_core_num,0x3e1ed8a9,STOCK_MODULE,mtk_gpufreq_wrapper,1,ged,1,1,0,0,0,0,0,0,0,0
gpufreq_get_cur_freq,0x0bfda5a8,STOCK_MODULE,mtk_gpufreq_wrapper,1,ged;mali_kbase_mt6878_r44,2,2,0,0,0,0,0,0,0,0
gpufreq_get_cur_limit_idx,0xd3329da2,STOCK_MODULE,mtk_gpufreq_wrapper,1,ged,1,1,0,0,0,0,0,0,0,0
gpufreq_get_cur_limiter,0xde236815,STOCK_MODULE,mtk_gpufreq_wrapper,1,ged,1,1,0,0,0,0,0,0,0,0
gpufreq_get_cur_oppidx,0xc2fa1ae0,STOCK_MODULE,mtk_gpufreq_wrapper,1,ged;mali_kbase_mt6878_r44;mtk_gpu_qos,3,3,0,0,0,0,0,0,0,0
gpufreq_get_cur_volt,0xdffed6fb,STOCK_MODULE,mtk_gpufreq_wrapper,1,ged;mali_kbase_mt6878_r44,2,2,0,0,0,0,0,0,0,0
gpufreq_get_dvfs_state,0x608e0767,STOCK_MODULE,mtk_gpufreq_wrapper,1,ged,1,1,0,0,0,0,0,0,0,0
gpufreq_get_dynamic_power,0xd887beae,STOCK_MODULE,mtk_gpufreq_wrapper,1,ged;mali_kbase_mt6878_r44,2,2,0,0,0,0,0,0,0,0
gpufreq_get_freq_by_idx,0x686d006d,STOCK_MODULE,mtk_gpufreq_wrapper,1,ged;mali_kbase_mt6878_r44;mtk_mbraink;thermal_interface,4,4,0,0,0,0,0,0,0,0
gpufreq_get_leakage_power,0x1ce31752,STOCK_MODULE,mtk_gpufreq_wrapper,1,ged;mali_kbase_mt6878_r44,2,2,0,0,0,0,0,0,0,0
gpufreq_get_opp_num,0x484164d5,STOCK_MODULE,mtk_gpufreq_wrapper,1,ged;mtk_gpu_qos,2,2,0,0,0,0,0,0,0,0
gpufreq_get_oppidx_by_freq,0xfc97a9d7,STOCK_MODULE,mtk_gpufreq_wrapper,1,ged,1,1,0,0,0,0,0,0,0,0
gpufreq_get_power_by_idx,0x170611ee,STOCK_MODULE,mtk_gpufreq_wrapper,1,ged,1,1,0,0,0,0,0,0,0,0
gpufreq_get_power_state,0xdef472f1,STOCK_MODULE,mtk_gpufreq_wrapper,1,ged,1,1,0,0,0,0,0,0,0,0
gpufreq_get_shader_present,0x82667f4d,STOCK_MODULE,mtk_gpufreq_wrapper,1,mali_kbase_mt6878_r44,1,1,0,0,0,0,0,0,0,0
gpufreq_get_working_table,0xd11990b4,STOCK_MODULE,mtk_gpufreq_wrapper,1,ged,1,1,0,0,0,0,0,0,0,0
gpufreq_power_control,0xf43c8e9e,STOCK_MODULE,mtk_gpufreq_wrapper,1,mali_kbase_mt6878_r44,1,1,0,0,0,0,0,0,0,0
gpufreq_power_ctrl_enable,0xea926b14,STOCK_MODULE,mtk_gpufreq_wrapper,1,mali_kbase_mt6878_r44,1,1,0,0,0,0,0,0,0,0
gpufreq_register_gpufreq_fp,0x661e7e24,STOCK_MODULE,mtk_gpufreq_wrapper,1,mtk_gpufreq_mt6878,1,1,0,0,0,0,0,0,0,0
gpufreq_register_gpuppm_fp,0xe4186d65,STOCK_MODULE,mtk_gpufreq_wrapper,1,mtk_gpufreq_mt6878,1,1,0,0,0,0,0,0,0,0
gpufreq_set_limit,0xb7926eb8,STOCK_MODULE,mtk_gpufreq_wrapper,1,ged;mali_kbase_mt6878_r44;mtk_gpu_power_throttling,3,3,0,0,0,0,0,0,0,0
group_get_mode,0xca1ff334,STOCK_MODULE,scheduler,1,mtk_c2ps;mtk_vcodec_common,2,2,0,0,0,0,0,0,0,0
group_reset_threshold,0xba11750d,STOCK_MODULE,scheduler,1,touch_boost,1,1,0,0,0,0,0,0,0,0
group_set_mode,0xaea1526f,STOCK_MODULE,scheduler,1,mtk_c2ps,1,1,0,0,0,0,0,0,0,0
group_set_threshold,0x504aafea,STOCK_MODULE,scheduler,1,touch_boost,1,1,0,0,0,0,0,0,0,0
hang_dump_proc,0xe3207269,STOCK_MODULE,system_heap,1,mtk_heap_debug;mtk_sec_heap,2,2,0,0,0,0,0,0,0,0
hci_alloc_dev_priv,0x75e4ad4d,STOCK_MODULE,bluetooth,1,bt_drv_6878;btsdio;hci_uart,3,3,0,0,0,0,1,1,0,1
hci_conn_check_secure,0xc9c8c6fe,STOCK_MODULE,bluetooth,1,rfcomm,1,1,0,0,0,0,0,0,0,0
hci_conn_security,0x52e1a228,STOCK_MODULE,bluetooth,1,rfcomm,1,1,0,0,0,0,0,0,0,0
hci_conn_switch_role,0x78bdce3f,STOCK_MODULE,bluetooth,1,rfcomm,1,1,0,0,0,0,0,0,0,0
hci_free_dev,0x46b3e1b5,STOCK_MODULE,bluetooth,1,bt_drv_6878;btsdio;hci_uart,3,3,0,0,0,0,1,1,0,1
hci_get_route,0x8b6af8db,STOCK_MODULE,bluetooth,1,rfcomm,1,1,0,0,0,0,0,0,0,0
hci_recv_diag,0xac3e019a,STOCK_MODULE,bluetooth,1,hci_uart,1,1,0,0,0,0,0,0,0,0
hci_recv_frame,0x2f0004dc,STOCK_MODULE,bluetooth,1,bt_drv_6878;btqca;btsdio;hci_uart,4,4,0,0,0,0,1,1,0,1
hci_register_cb,0xc0fef9b8,STOCK_MODULE,bluetooth,1,rfcomm,1,1,0,0,0,0,0,0,0,0
hci_register_dev,0xeafcc152,STOCK_MODULE,bluetooth,1,bt_drv_6878;btsdio;hci_uart,3,3,0,0,0,0,1,1,0,1
hci_reset_dev,0xd0999dcb,STOCK_MODULE,bluetooth,1,hci_uart,1,1,0,0,0,0,0,0,0,0
hci_set_fw_info,0xb45bfbb5,STOCK_MODULE,bluetooth,1,btqca,1,1,0,0,0,0,0,0,0,0
hci_unregister_cb,0x8b90629a,STOCK_MODULE,bluetooth,1,rfcomm,1,1,0,0,0,0,0,0,0,0
hci_unregister_dev,0x6554264c,STOCK_MODULE,bluetooth,1,bt_drv_6878;btsdio;hci_uart,3,3,0,0,0,0,1,1,0,1
hf_device_register,0x22109056,STOCK_MODULE,hf_manager,1,sensorhub,1,1,0,0,0,0,0,0,0,0
hf_device_register_manager_create,0x4d0971f6,STOCK_MODULE,hf_manager,1,dw9781c,1,1,0,0,0,0,0,0,0,0
hf_device_unregister,0xb6a5238e,STOCK_MODULE,hf_manager,1,sensorhub,1,1,0,0,0,0,0,0,0,0
hf_device_unregister_manager_destroy,0x18ee6460,STOCK_MODULE,hf_manager,1,dw9781c,1,1,0,0,0,0,0,0,0,0
hf_manager_create,0x21559da2,STOCK_MODULE,hf_manager,1,sensorhub,1,1,0,0,0,0,0,0,0,0
hf_manager_destroy,0x27ed2087,STOCK_MODULE,hf_manager,1,sensorhub,1,1,0,0,0,0,0,0,0,0
hook_has_video_cb,0x186ae00c,STOCK_MODULE,snd_soc_audiodsp_common,1,mtk_soc_offload_common,1,1,0,0,0,0,0,0,0,0
hook_ipi_queue_recv_msg_hanlder,0xdebf52c0,STOCK_MODULE,adsp,1,audio_ipi,1,1,0,0,0,0,0,0,0,0
hook_ipi_queue_send_msg_handler,0x4ab79e90,STOCK_MODULE,adsp,1,audio_ipi,1,1,0,0,0,0,0,0,0,0
hook_scp_ipi_queue_recv_msg_handler,0x332a272d,STOCK_MODULE,mtk_scp_audiocommon,1,audio_ipi,1,1,0,0,0,0,0,0,0,0
hook_vp_sync_cb,0xcab20417,STOCK_MODULE,snd_soc_audiodsp_common,1,mtk_soc_offload_common,1,1,0,0,0,0,0,0,0,0
ieee80211_amsdu_to_8023s,0x53ce81d6,STOCK_MODULE,cfg80211,1,mac80211,1,1,0,0,0,0,0,0,0,0
ieee80211_bss_get_elem,0x549fdf4c,STOCK_MODULE,cfg80211,1,mac80211,1,1,0,0,0,0,0,0,0,0
ieee80211_chandef_to_operating_class,0x3643b80f,STOCK_MODULE,cfg80211,1,mac80211;wlan_drv_gen4m_6878,2,2,0,0,0,0,0,0,0,0
ieee80211_channel_to_freq_khz,0x5584448a,STOCK_MODULE,cfg80211,1,mac80211;wlan_drv_gen4m_6878,2,2,0,0,0,0,0,0,0,0
ieee80211_data_to_8023_exthdr,0x7ebf2090,STOCK_MODULE,cfg80211,1,mac80211,1,1,0,0,0,0,0,0,0,0
ieee80211_freq_khz_to_channel,0x6bedf402,STOCK_MODULE,cfg80211,1,mac80211;wlan_drv_gen4m_6878,2,2,0,0,0,0,0,0,0,0
ieee80211_get_channel_khz,0xb5eebca2,STOCK_MODULE,cfg80211,1,mac80211;wlan_drv_gen4m_6878,2,2,0,0,0,0,0,0,0,0
ieee80211_hdrlen,0x7ef39823,STOCK_MODULE,cfg80211,1,mac80211,1,1,0,0,0,0,0,0,0,0
ieee80211_ie_split_ric,0x275269b3,STOCK_MODULE,cfg80211,1,mac80211,1,1,0,0,0,0,0,0,0,0
ieee80211_is_valid_amsdu,0xbb56c2a6,STOCK_MODULE,cfg80211,1,mac80211,1,1,0,0,0,0,0,0,0,0
ieee80211_mandatory_rates,0x082835fc,STOCK_MODULE,cfg80211,1,mac80211,1,1,0,0,0,0,0,0,0,0
ieee80211_operating_class_to_band,0xf40bc2f5,STOCK_MODULE,cfg80211,1,mac80211,1,1,0,0,0,0,0,0,0,0
ieee80211_radiotap_iterator_init,0x43afadee,STOCK_MODULE,cfg80211,1,mac80211,1,1,0,0,0,0,0,0,0,0
ieee80211_radiotap_iterator_next,0x7acb86ed,STOCK_MODULE,cfg80211,1,mac80211,1,1,0,0,0,0,0,0,0,0
ieee80211_s1g_channel_width,0x0cc95bc2,STOCK_MODULE,cfg80211,1,mac80211,1,1,0,0,0,0,0,0,0,0
ieee802154_hdr_peek,0xe130fb3d,STOCK_MODULE,ieee802154,1,ieee802154_6lowpan;mac802154,2,2,0,0,0,0,0,0,0,0
ieee802154_hdr_peek_addrs,0xe67ef397,STOCK_MODULE,ieee802154,1,ieee802154_6lowpan;mac802154,2,2,0,0,0,0,0,0,0,0
ieee802154_hdr_pull,0xc5b881fe,STOCK_MODULE,ieee802154,1,ieee802154_socket;mac802154,2,2,0,0,0,0,0,0,0,0
ieee802154_hdr_push,0xcba810a5,STOCK_MODULE,ieee802154,1,mac802154,1,1,0,0,0,0,0,0,0,0
ieee802154_max_payload,0x87e2553b,STOCK_MODULE,ieee802154,1,ieee802154_6lowpan;mac802154,2,2,0,0,0,0,0,0,0,0
iio_kfifo_allocate,0xdba4f382,STOCK_MODULE,kfifo_buf,1,industrialio_triggered_buffer,1,1,0,0,0,0,0,0,0,0
iio_kfifo_free,0x2c555a0f,STOCK_MODULE,kfifo_buf,1,industrialio_triggered_buffer,1,1,0,0,0,0,0,0,0,0
imgsys_cmdq_clearevent,0x41060236,STOCK_MODULE,mtk_imgsys_cmdq,1,mtk_imgsys_v4l2,1,1,0,0,0,0,0,0,0,0
imgsys_cmdq_init,0x835504c8,STOCK_MODULE,mtk_imgsys_cmdq,1,mtk_imgsys_v4l2,1,1,0,0,0,0,0,0,0,0
imgsys_cmdq_release,0x1d94b6c4,STOCK_MODULE,mtk_imgsys_cmdq,1,mtk_imgsys_v4l2,1,1,0,0,0,0,0,0,0,0
imgsys_cmdq_sendtask,0x4145f12d,STOCK_MODULE,mtk_imgsys_cmdq,1,mtk_imgsys_v4l2,1,1,0,0,0,0,0,0,0,0
imgsys_cmdq_streamoff,0x59a9f7d1,STOCK_MODULE,mtk_imgsys_cmdq,1,mtk_imgsys_v4l2,1,1,0,0,0,0,0,0,0,0
imgsys_cmdq_streamon,0x242f05ce,STOCK_MODULE,mtk_imgsys_cmdq,1,mtk_imgsys_v4l2,1,1,0,0,0,0,0,0,0,0
imgsys_quick_onoff_enable,0xbc86e0e0,STOCK_MODULE,mtk_imgsys_cmdq,1,mtk_imgsys_v4l2,1,1,0,0,0,0,0,0,0,0
init_md_section_level,0x05668b68,STOCK_MODULE,mtk_mdpm,1,ccci_md_all,1,1,0,0,0,0,0,0,0,0
init_scp,0x185e2efd,STOCK_MODULE,mtk_scpsys,1,mtk_scpsys_mt6878,1,1,0,0,0,0,0,0,0,0
inject_md_status_event,0x145226de,STOCK_MODULE,ccci_util_lib,1,ccci_md_all,1,1,0,0,0,0,0,0,0,0
inject_pin_status_event,0xb472de60,STOCK_MODULE,ccci_util_lib,1,ccci_md_all,1,1,0,0,0,0,0,0,0,0
inst_spec_events,0xdde3c6c0,STOCK_MODULE,mtk_swpm_perf_arm_pmu,1,mtk_mbraink,1,1,0,0,0,0,0,0,0,0
ipesys_me_debug_dump,0x733db389,STOCK_MODULE,mtk_ipesys_me,1,mtk_imgsys_v4l2,1,1,0,0,0,0,0,0,0,0
ipesys_me_set_initial_value,0xd14260bd,STOCK_MODULE,mtk_ipesys_me,1,mtk_imgsys_v4l2,1,1,0,0,0,0,0,0,0,0
ipesys_me_uninit,0xa3b245f6,STOCK_MODULE,mtk_ipesys_me,1,mtk_imgsys_v4l2,1,1,0,0,0,0,0,0,0,0
ipi_monitor_dump,0xe9c9605c,STOCK_MODULE,mtk_tinysys_ipi,1,gpueb,1,1,0,0,0,0,0,0,0,0
is_adsp_genpool_addr_valid,0x82e34fd5,STOCK_MODULE,snd_soc_audiodsp_common,1,snd_soc_mtk_common,1,1,0,0,0,0,0,0,0,0
is_adsp_ready,0xd82032f9,STOCK_MODULE,adsp,1,audio_ipi;snd_soc_audiodsp_common,2,2,0,0,0,0,0,0,0,0
is_afe_need_triggered,0xb530b6bc,STOCK_MODULE,snd_soc_mtk_common,1,snd_soc_mt6878_afe,1,1,0,0,0,0,0,0,0,0
is_audio_scp_support,0x19621fd4,STOCK_MODULE,audio_ipi,1,snd_soc_mtk_common,1,1,0,0,0,0,0,0,0,0
is_audio_task_dsp_ready,0x25486d23,STOCK_MODULE,audio_ipi,1,snd_soc_audiodsp_common;snd_soc_mtk_common,2,2,0,0,0,0,0,0,0,0
is_gearless_support,0x49ff5efa,STOCK_MODULE,cpufreq_sugov_ext,1,mtk_perf_common,1,1,0,0,0,0,0,0,0,0
is_md_sleep_info_valid,0x5f4506c2,STOCK_MODULE,mtk_lpm_dbg_common_v2,1,mtk_mbraink,1,1,0,0,0,0,0,0,0,0
is_mtk_mm_heap_dmabuf,0x827f89e7,STOCK_MODULE,system_heap,1,mtk_heap_debug,1,1,0,0,0,0,0,0,0,0
is_mtk_sec_heap_dmabuf,0x3253554f,STOCK_MODULE,mtk_sec_heap,1,mtk_disp_sec;mtk_heap_debug,2,2,0,0,0,0,0,0,0,0
is_sbb_trigger,0x002b53be,STOCK_MODULE,cpufreq_sugov_ext,1,scheduler,1,1,0,0,0,0,0,0,0,0
is_scp_ready,0x2aeafb62,STOCK_MODULE,scp,1,audio_ipi;connscp;mtk_scp_audiocommon;mtk_vow;snd_soc_mtk_scp_ultra,5,5,0,0,0,0,0,0,0,0
is_support_secure_handle,0x0ad41394,STOCK_MODULE,mtk_sec_heap,1,mali_kbase_mt6878_r44,1,1,0,0,0,0,0,0,0,0
is_suspending,0xccdd187e,STOCK_MODULE,vcp_status,1,vcp,1,1,0,0,0,0,0,0,0,0
is_system_heap_dmabuf,0x133d6814,STOCK_MODULE,system_heap,1,mtk_heap_debug,1,1,0,0,0,0,0,0,0,0
is_task_latency_sensitive,0xc14a4e16,STOCK_MODULE,scheduler,1,mtk_fpsgo,1,1,0,0,0,0,0,0,0,0
is_ultra_reserved_dram_addr_valid,0xd3e16baa,STOCK_MODULE,mtk_scp_ultra,1,snd_soc_mtk_common,1,1,0,0,0,0,0,0,0,0
is_valid_reg,0xc39b2362,STOCK_MODULE,clk_common,1,clk_chk_mt6878,1,1,0,0,0,0,0,0,0,0
is_vcp_ready,0x081656ab,STOCK_MODULE,vcp,1,mtk_vcodec_dec_v1;mtk_vcodec_enc_v1,2,2,0,0,0,0,0,0,0,0
is_vcp_ready_ex,0xe843752f,STOCK_MODULE,vcp_status,1,mmqos_common;mtk_cmdq_drv_ext;mtk_mmdvfs_v3,3,3,0,0,0,0,0,0,0,0
is_vcp_suspending_ex,0x101529b7,STOCK_MODULE,vcp_status,1,mmqos_common;mtk_mmdvfs_v3,2,2,0,0,0,0,0,0,0,0
is_wl_support,0x334c0c6c,STOCK_MODULE,cpufreq_sugov_ext,1,mtk_perf_common;scheduler,2,2,0,0,0,0,0,0,0,0
is_yft_cts_board,0xad70697b,STOCK_MODULE,yft_devinfo,1,aw36518;imgsensor,2,2,0,0,0,0,0,0,0,0
kicker_pbm_by_flash,0x01a718fc,STOCK_MODULE,mtk_pbm,1,flashlight,1,1,0,0,0,0,0,0,0,0
kicker_pbm_by_md,0x37d20ffc,STOCK_MODULE,mtk_pbm,1,ccci_md_all,1,1,0,0,0,0,0,0,0,0
kicker_ppb_request_power,0xe025340d,STOCK_MODULE,mtk_peak_power_budget,1,apusys;flashlight;snd_soc_mt6878_afe,3,3,0,0,0,0,0,0,0,0
l2cap_conn_get,0xe4c0d4ae,STOCK_MODULE,bluetooth,1,hidp,1,1,0,0,0,0,0,0,0,0
l2cap_conn_put,0x611a22ca,STOCK_MODULE,bluetooth,1,hidp,1,1,0,0,0,0,0,0,0,0
l2cap_is_socket,0x31b3bf78,STOCK_MODULE,bluetooth,1,hidp,1,1,0,0,0,0,0,0,0,0
l2cap_register_user,0xd817a750,STOCK_MODULE,bluetooth,1,hidp,1,1,0,0,0,0,0,0,0,0
l2cap_unregister_user,0xb8a79e98,STOCK_MODULE,bluetooth,1,hidp,1,1,0,0,0,0,0,0,0,0
l2tp_session_create,0xa99e8f9e,STOCK_MODULE,l2tp_core,1,l2tp_ppp,1,1,0,0,0,0,0,0,0,0
l2tp_session_dec_refcount,0x044f87d8,STOCK_MODULE,l2tp_core,1,l2tp_ppp,1,1,0,0,0,0,0,0,0,0
l2tp_session_delete,0x329487cb,STOCK_MODULE,l2tp_core,1,l2tp_ppp,1,1,0,0,0,0,0,0,0,0
l2tp_session_get_nth,0xa334e0fd,STOCK_MODULE,l2tp_core,1,l2tp_ppp,1,1,0,0,0,0,0,0,0,0
l2tp_session_inc_refcount,0x1b7d2a94,STOCK_MODULE,l2tp_core,1,l2tp_ppp,1,1,0,0,0,0,0,0,0,0
l2tp_session_register,0x3e42889a,STOCK_MODULE,l2tp_core,1,l2tp_ppp,1,1,0,0,0,0,0,0,0,0
l2tp_session_set_header_len,0xd462b4a4,STOCK_MODULE,l2tp_core,1,l2tp_ppp,1,1,0,0,0,0,0,0,0,0
l2tp_tunnel_create,0x5699f3d2,STOCK_MODULE,l2tp_core,1,l2tp_ppp,1,1,0,0,0,0,0,0,0,0
l2tp_tunnel_dec_refcount,0xd559bd1d,STOCK_MODULE,l2tp_core,1,l2tp_ppp,1,1,0,0,0,0,0,0,0,0
l2tp_tunnel_delete,0x0e742a21,STOCK_MODULE,l2tp_core,1,l2tp_ppp,1,1,0,0,0,0,0,0,0,0
l2tp_tunnel_get,0xb94627a1,STOCK_MODULE,l2tp_core,1,l2tp_ppp,1,1,0,0,0,0,0,0,0,0
l2tp_tunnel_get_nth,0x2a196e15,STOCK_MODULE,l2tp_core,1,l2tp_ppp,1,1,0,0,0,0,0,0,0,0
l2tp_tunnel_get_session,0xb7d4c0d8,STOCK_MODULE,l2tp_core,1,l2tp_ppp,1,1,0,0,0,0,0,0,0,0
l2tp_tunnel_inc_refcount,0x3a672d09,STOCK_MODULE,l2tp_core,1,l2tp_ppp,1,1,0,0,0,0,0,0,0,0
l2tp_tunnel_register,0x2ef77e74,STOCK_MODULE,l2tp_core,1,l2tp_ppp,1,1,0,0,0,0,0,0,0,0
l2tp_udp_encap_recv,0x1167335b,STOCK_MODULE,l2tp_core,1,l2tp_ppp,1,1,0,0,0,0,0,0,0,0
l2tp_xmit_skb,0x9ddbf6c3,STOCK_MODULE,l2tp_core,1,l2tp_ppp,1,1,0,0,0,0,0,0,0,0
lbat_set_ppb_mode,0x2e6a3d66,STOCK_MODULE,mtk_low_battery_throttling,1,mtk_peak_power_budget,1,1,0,0,0,0,0,0,0,0
lbat_user_modify_thd_ext_locked,0x31fd0509,STOCK_MODULE,pmic_lbat_service,1,mtk_low_battery_throttling,1,1,0,0,0,0,0,0,0,0
lbat_user_register,0x2dd86642,STOCK_MODULE,pmic_lbat_service,1,mt6375_battery;wlan_drv_gen4m_6878,2,2,0,0,0,0,0,0,0,0
lbat_user_register_ext,0x3225e8d9,STOCK_MODULE,pmic_lbat_service,1,mtk_low_battery_throttling;mtk_md_power_throttling,2,2,0,0,0,0,0,0,0,0
lbat_user_set_debounce,0x79d1ae52,STOCK_MODULE,pmic_lbat_service,1,mt6375_battery,1,1,0,0,0,0,0,0,0,0
log_md_sleep_info,0x3af92941,STOCK_MODULE,mtk_lpm_dbg_common_v2,1,mtk_lpm_dbg_mt6878,1,1,0,0,0,0,0,0,0,0
lowpan_header_compress,0xad31bd5d,STOCK_MODULE,6lowpan,1,ieee802154_6lowpan,1,1,0,0,0,0,0,0,0,0
lowpan_header_decompress,0x8c56cba6,STOCK_MODULE,6lowpan,1,ieee802154_6lowpan,1,1,0,0,0,0,0,0,0,0
lowpan_nhc_add,0x9fd87e04,STOCK_MODULE,6lowpan,1,nhc_dest;nhc_fragment;nhc_hop;nhc_ipv6;nhc_mobility;nhc_routing;nhc_udp,7,7,0,0,0,0,0,0,0,0
lowpan_nhc_del,0xa20a9587,STOCK_MODULE,6lowpan,1,nhc_dest;nhc_fragment;nhc_hop;nhc_ipv6;nhc_mobility;nhc_routing;nhc_udp,7,7,0,0,0,0,0,0,0,0
lowpan_register_netdevice,0x9e24b052,STOCK_MODULE,6lowpan,1,ieee802154_6lowpan,1,1,0,0,0,0,0,0,0,0
lowpan_unregister_netdevice,0x71e189c1,STOCK_MODULE,6lowpan,1,ieee802154_6lowpan,1,1,0,0,0,0,0,0,0,0
lpm_dbg_plat_info_set,0x66922fa6,STOCK_MODULE,mtk_lpm_dbg_common_v2,1,mtk_lpm_dbg_mt6878,1,1,0,0,0,0,0,0,0,0
lpm_dbg_plat_ops_register,0x5e4aaffb,STOCK_MODULE,mtk_lpm_dbg_common_v2,1,mtk_lpm_dbg_mt6878,1,1,0,0,0,0,0,0,0,0
lpm_dbg_spm_rsc_req_check,0xaf78edf3,STOCK_MODULE,mtk_lpm_dbg_common_v2,1,mtk_lpm_dbg_mt6878,1,1,0,0,0,0,0,0,0,0
lpm_issuer_register,0xa6a6d090,STOCK_MODULE,mtk_lpm,1,mtk_lpm_dbg_common_v2,1,1,0,0,0,0,0,0,0,0
lpm_notifier_register,0x9b514203,STOCK_MODULE,mtk_lpm,1,mtk_lpm_dbg_common_v2,1,1,0,0,0,0,0,0,0,0
lpm_platform_trace_get,0x79b80d2c,STOCK_MODULE,mtk_lpm,1,mtk_lpm_dbg_common_v2,1,1,0,0,0,0,0,0,0,0
lpm_spm_base,0x42337187,STOCK_MODULE,mtk_lpm_dbg_common_v2,1,mtk_lpm_dbg_mt6878;mtk_mbraink,2,2,0,0,0,0,0,0,0,0
lpm_spm_fs_init,0xd819551c,STOCK_MODULE,mtk_lpm_dbg_common_v2,1,mtk_lpm_dbg_mt6878,1,1,0,0,0,0,0,0,0,0
lpm_suspend_registry,0xee638774,STOCK_MODULE,mtk_lpm,1,mtk_lpm_plat_v1,1,1,0,0,0,0,0,0,0,0
lpm_suspend_type_get,0x822c124d,STOCK_MODULE,mtk_lpm,1,mtk_lpm_dbg_common_v2;mtk_lpm_plat_v1,2,2,0,0,0,0,0,0,0,0
lpm_trace_event_deinit,0xe71f72e7,STOCK_MODULE,mtk_lpm_dbg_common_v2,1,mtk_lpm_dbg_mt6878,1,1,0,0,0,0,0,0,0,0
lpm_trace_event_init,0x86fa9be7,STOCK_MODULE,mtk_lpm_dbg_common_v2,1,mtk_lpm_dbg_mt6878,1,1,0,0,0,0,0,0,0,0
lvsys_register_notifier,0x64cde09e,STOCK_MODULE,pmic_lvsys_notify,1,mtk_low_battery_throttling,1,1,0,0,0,0,0,0,0,0
magt2fpsgo_notify_dep_list_fp,0xae5c65b7,STOCK_MODULE,mtk_perf_ioctl_magt,1,mtk_fpsgo,1,1,0,0,0,0,0,0,0,0
magt2fpsgo_notify_target_fps_fp,0x1d25fb52,STOCK_MODULE,mtk_perf_ioctl_magt,1,mtk_fpsgo,1,1,0,0,0,0,0,0,0,0
mcupm_reserve_mem_get_phys,0x2823696b,STOCK_MODULE,mcupm,1,met_mcupm_api,1,1,0,0,0,0,0,0,0,0
mcupm_reserve_mem_get_phys_symbol,0xd2dd163c,STOCK_MODULE,met,1,met_mcupm_api,1,1,0,0,0,0,0,0,0,0
mcupm_reserve_mem_get_size,0xafb63a66,STOCK_MODULE,mcupm,1,met_mcupm_api,1,1,0,0,0,0,0,0,0,0
mcupm_reserve_mem_get_size_symbol,0x467e78b5,STOCK_MODULE,met,1,met_mcupm_api,1,1,0,0,0,0,0,0,0,0
mcupm_reserve_mem_get_virt,0xbd44a046,STOCK_MODULE,mcupm,1,met_mcupm_api,1,1,0,0,0,0,0,0,0,0
mcupm_reserve_mem_get_virt_symbol,0xc730da4f,STOCK_MODULE,met,1,met_mcupm_api,1,1,0,0,0,0,0,0,0,0
md_fsm_exp_info,0x5d39d790,STOCK_MODULE,ccci_md_all,1,ccci_ccif,1,1,0,0,0,0,0,0,0,0
mddp_drv_attach,0x07a33d72,STOCK_MODULE,mddp,1,wlan_drv_gen4m_6878,1,1,0,0,0,0,0,0,0,0
mddp_drv_detach,0xc322cd97,STOCK_MODULE,mddp,1,wlan_drv_gen4m_6878,1,1,0,0,0,0,0,0,0,0
mdp_dpc_register,0x768f691e,STOCK_MODULE,mdp_drv_mt6878,1,mtk_dpc,1,1,0,0,0,0,0,0,0,0
mdp_funcs,0x9b73f7aa,STOCK_MODULE,cmdq_helper_inf,1,mdp_drv_mt6878,1,1,0,0,0,0,0,0,0,0
met_backlight_api_ready,0xfa02bc74,STOCK_MODULE,met,1,met_backlight_api,1,1,0,0,0,0,0,0,0,0
met_deregister,0xeecbe0a6,STOCK_MODULE,met,1,met_emi_api;met_scmi_api;met_sspm_api,3,3,0,0,0,0,0,0,0,0
met_emi_api_ready,0x2422b546,STOCK_MODULE,met,1,met_emi_api,1,1,0,0,0,0,0,0,0,0
met_gpu_adv_api_ready,0x2c5fa553,STOCK_MODULE,met,1,met_gpu_adv_api,1,1,0,0,0,0,0,0,0,0
met_gpu_api_ready,0x3f751732,STOCK_MODULE,met,1,met_gpu_api,1,1,0,0,0,0,0,0,0,0
met_gpueb_api_ready,0x8c74e5ad,STOCK_MODULE,met,1,met_gpueb_api,1,1,0,0,0,0,0,0,0,0
met_gpueb_log_init,0x83d036b9,STOCK_MODULE,met,1,met_gpueb_api;met_ipi_api,2,2,0,0,0,0,0,0,0,0
met_gpueb_log_uninit,0x599eadd5,STOCK_MODULE,met,1,met_gpueb_api;met_ipi_api,2,2,0,0,0,0,0,0,0,0
met_ipi_api_ready,0xfdfce2cf,STOCK_MODULE,met,1,met_ipi_api,1,1,0,0,0,0,0,0,0,0
met_mcupm_api_ready,0xf664200f,STOCK_MODULE,met,1,met_mcupm_api,1,1,0,0,0,0,0,0,0,0
met_mcupm_log_init,0x45299c91,STOCK_MODULE,met,1,met_ipi_api;met_mcupm_api,2,2,0,0,0,0,0,0,0,0
met_mcupm_log_uninit,0x32c08f70,STOCK_MODULE,met,1,met_ipi_api;met_mcupm_api,2,2,0,0,0,0,0,0,0,0
met_ondiemet_attr_init_gpueb,0x608ebfe3,STOCK_MODULE,met,1,met_gpueb_api;met_ipi_api,2,2,0,0,0,0,0,0,0,0
met_ondiemet_attr_init_mcupm,0x1a11b568,STOCK_MODULE,met,1,met_ipi_api;met_mcupm_api,2,2,0,0,0,0,0,0,0,0
met_ondiemet_attr_init_sspm,0xe5e6e517,STOCK_MODULE,met,1,met_scmi_api;met_sspm_api,2,2,0,0,0,0,0,0,0,0
met_ondiemet_attr_uninit_gpueb,0x44fe2b03,STOCK_MODULE,met,1,met_gpueb_api;met_ipi_api,2,2,0,0,0,0,0,0,0,0
met_ondiemet_attr_uninit_mcupm,0x3e612188,STOCK_MODULE,met,1,met_ipi_api;met_mcupm_api,2,2,0,0,0,0,0,0,0,0
met_ondiemet_attr_uninit_sspm,0x21d1a3e4,STOCK_MODULE,met,1,met_scmi_api;met_sspm_api,2,2,0,0,0,0,0,0,0,0
met_register,0xaff8b2ff,STOCK_MODULE,met,1,met_emi_api;met_scmi_api;met_sspm_api,3,3,0,0,0,0,0,0,0,0
met_scmi_api_ready,0x1c8820b5,STOCK_MODULE,met,1,met_scmi_api,1,1,0,0,0,0,0,0,0,0
met_sspm_api_ready,0x8a17e102,STOCK_MODULE,met,1,met_sspm_api,1,1,0,0,0,0,0,0,0,0
met_sspm_emi,0x68b6ad64,STOCK_MODULE,met,1,met_emi_api;met_scmi_api;met_sspm_api,3,3,0,0,0,0,0,0,0,0
met_sspm_log_init,0xbd7aea3b,STOCK_MODULE,met,1,met_scmi_api;met_sspm_api,2,2,0,0,0,0,0,0,0,0
met_sspm_log_uninit,0xdf4ef749,STOCK_MODULE,met,1,met_scmi_api;met_sspm_api,2,2,0,0,0,0,0,0,0,0
met_vcore_api_ready,0x984d106e,STOCK_MODULE,met,1,met_vcore_api,1,1,0,0,0,0,0,0,0,0
mii_check_media,0x0b839173,STOCK_MODULE,mii,1,asix,1,1,0,0,0,0,1,1,0,1
mii_ethtool_get_link_ksettings,0x9d480e3b,STOCK_MODULE,mii,1,ax88179_178a;r8152;usbnet,3,3,0,0,0,0,1,1,0,1
mii_ethtool_gset,0xc42b22b3,STOCK_MODULE,mii,1,asix;ax88179_178a,2,2,0,0,0,0,1,1,0,1
mii_ethtool_set_link_ksettings,0x14505b9c,STOCK_MODULE,mii,1,ax88179_178a;usbnet,2,2,0,0,0,0,1,1,0,1
mii_link_ok,0x957e09ab,STOCK_MODULE,mii,1,asix;usbnet,2,2,0,0,0,0,1,1,0,1
mii_nway_restart,0x82a00e5c,STOCK_MODULE,mii,1,asix;ax88179_178a;r8152;usbnet,4,4,0,0,0,0,1,1,0,1
mmc_dbg_register,0x94fb9500,STOCK_MODULE,mtk_mmc_dbg,1,mtk_mmc,1,1,0,0,0,0,0,0,0,0
mmc_mtk_biolog_check,0x91d3c9d6,STOCK_MODULE,blocktag,1,cqhci;mtk_mmc,2,2,0,0,0,0,0,0,0,0
mmc_mtk_biolog_exit,0xb917c850,STOCK_MODULE,blocktag,1,mtk_mmc,1,1,0,0,0,0,0,0,0,0
mmc_mtk_biolog_init,0xbdc88eea,STOCK_MODULE,blocktag,1,mtk_mmc_dbg,1,1,0,0,0,0,0,0,0,0
mmc_mtk_biolog_send_command,0xd1bd3672,STOCK_MODULE,blocktag,1,cqhci;mtk_mmc,2,2,0,0,0,0,0,0,0,0
mmc_mtk_biolog_transfer_req_compl,0xc1bb82dc,STOCK_MODULE,blocktag,1,cqhci;mtk_mmc,2,2,0,0,0,0,0,0,0,0
mmc_rpmb_register,0x5765d83f,STOCK_MODULE,rpmb_mtk,1,mtk_mmc,1,1,0,0,0,0,0,0,0,0
mmdvfs_debug_record_opp_set_fp,0x48b553fe,STOCK_MODULE,mtk_mmdvfs,1,mtk_mmdvfs_debug,1,1,0,0,0,0,0,0,0,0
mmdvfs_force_step_by_vcp,0x2b3e59fd,STOCK_MODULE,mtk_mmdvfs_v3,1,mtk_dpc,1,1,0,0,0,0,0,0,0,0
mmdvfs_get_vcp_base,0xb2c02e8d,STOCK_MODULE,mtk_mmdvfs_v3,1,mtk_dpc;mtk_mmdvfs_debug,2,2,0,0,0,0,0,0,0,0
mmdvfs_get_version,0xc56c09ba,STOCK_MODULE,mtk_mmdvfs_v3,1,mtk_cam_isp7sp;mtk_imgsys_cmdq;mtk_mmdvfs_debug,3,3,0,0,0,0,0,0,0,0
mmdvfs_is_init_done,0x5a812c96,STOCK_MODULE,mtk_mmdvfs_v3,1,mtk_mmdvfs_debug,1,1,0,0,0,0,0,0,0,0
mmdvfs_rc_enable_set_fp,0xdca51c76,STOCK_MODULE,mtk_mmdvfs_v3,1,mtk_dpc,1,1,0,0,0,0,0,0,0,0
mmdvfs_set_force_step,0xa8cd08ee,STOCK_MODULE,mtk_mmdvfs,1,mtk_mmdvfs_debug,1,1,0,0,0,0,0,0,0,0
mmdvfs_set_lp_mode,0x2df41765,STOCK_MODULE,mtk_mmdvfs,1,mediatek_drm,1,1,0,0,0,0,0,0,0,0
mmdvfs_set_vote_step,0x84175fc6,STOCK_MODULE,mtk_mmdvfs,1,mtk_mmdvfs_debug,1,1,0,0,0,0,0,0,0,0
mminfra_debug_dump,0x97ea9780,STOCK_MODULE,vcp_status,1,vcp,1,1,0,0,0,0,0,0,0,0
mminfra_gce_cg,0xeb836211,STOCK_MODULE,mtk_cmdq_drv_ext,1,cmdq_sec_drv,1,1,0,0,0,0,0,0,0,0
mminfra_power_cb,0xa9b58fb1,STOCK_MODULE,mtk_cmdq_drv_ext,1,cmdq_sec_drv,1,1,0,0,0,0,0,0,0,0
mml_cmdq_err,0x38e6f699,STOCK_MODULE,mtk_mml,1,mtk_mml_mt6878,1,1,0,0,0,0,0,0,0,0
mml_dev_get_comp_by_id,0x4af5824d,STOCK_MODULE,mtk_mml,1,mtk_mml_mt6878,1,1,0,0,0,0,0,0,0,0
mml_dpc_register,0xf0c16680,STOCK_MODULE,mtk_mml,1,mtk_dpc,1,1,0,0,0,0,0,0,0,0
mml_drm_ctx_idle,0x2fe050cb,STOCK_MODULE,mtk_mml,1,mediatek_drm,1,1,0,0,0,0,0,0,0,0
mml_drm_get_context,0xe14e3931,STOCK_MODULE,mtk_mml,1,mediatek_drm,1,1,0,0,0,0,0,0,0,0
mml_drm_put_context,0x01d6838d,STOCK_MODULE,mtk_mml,1,mediatek_drm,1,1,0,0,0,0,0,0,0,0
mml_drm_query_cap,0xb0ad912e,STOCK_MODULE,mtk_mml,1,mediatek_drm,1,1,0,0,0,0,0,0,0,0
mml_drm_racing_config_sync,0x5574d82a,STOCK_MODULE,mtk_mml,1,mediatek_drm,1,1,0,0,0,0,0,0,0,0
mml_drm_racing_stop_sync,0xec3d7995,STOCK_MODULE,mtk_mml,1,mediatek_drm,1,1,0,0,0,0,0,0,0,0
mml_drm_set_panel_pixel,0xbe87039d,STOCK_MODULE,mtk_mml,1,mediatek_drm,1,1,0,0,0,0,0,0,0,0
mml_drm_split_info,0x0c85a63e,STOCK_MODULE,mtk_mml,1,mediatek_drm,1,1,0,0,0,0,0,0,0,0
mml_drm_stop,0x2abc4b9a,STOCK_MODULE,mtk_mml,1,mediatek_drm,1,1,0,0,0,0,0,0,0,0
mml_drm_submit,0x817b2f23,STOCK_MODULE,mtk_mml,1,mediatek_drm,1,1,0,0,0,0,0,0,0,0
mml_drm_submit_timeout,0x33d74e27,STOCK_MODULE,mtk_mml,1,mediatek_drm,1,1,0,0,0,0,0,0,0,0
mml_get_plat_device,0xb480b2eb,STOCK_MODULE,mtk_mml,1,mediatek_drm,1,1,0,0,0,0,0,0,0,0
mml_log_rec,0x0360a9c1,STOCK_MODULE,mtk_mml,1,mtk_mml_mt6878,1,1,0,0,0,0,0,0,0,0
mml_save_log_record,0x8810d83a,STOCK_MODULE,mtk_mml,1,mtk_mml_mt6878,1,1,0,0,0,0,0,0,0,0
mml_topology_register_ip,0xb456c820,STOCK_MODULE,mtk_mml,1,mtk_mml_mt6878,1,1,0,0,0,0,0,0,0,0
mml_topology_unregister_ip,0x224d976d,STOCK_MODULE,mtk_mml,1,mtk_mml_mt6878,1,1,0,0,0,0,0,0,0,0
mmprofile_enable,0x899ea9dc,STOCK_MODULE,mmprofile,1,cmdq_sec_drv;mdp_drv_mt6878;mediatek_drm;mtk_cmdq_drv_ext;mtk_dpc;mtk_mmdvfs,6,6,0,0,0,0,0,0,0,0
mmprofile_enable_event_recursive,0x560a0e63,STOCK_MODULE,mmprofile,1,cmdq_sec_drv;mdp_drv_mt6878;mediatek_drm;mtk_cmdq_drv_ext;mtk_dpc;mtk_mmdvfs,6,6,0,0,0,0,0,0,0,0
mmprofile_log_ex,0xd77d7c9c,STOCK_MODULE,mmprofile,1,cmdq_sec_drv;mdp_drv_mt6878;mediatek_drm;mtk_cmdq_drv_ext;mtk_dpc;mtk_mmdvfs,6,6,0,0,0,0,0,0,0,0
mmprofile_log_meta,0x44480f47,STOCK_MODULE,mmprofile,1,mediatek_drm,1,1,0,0,0,0,0,0,0,0
mmprofile_log_meta_bitmap,0xd0c189d4,STOCK_MODULE,mmprofile,1,mediatek_drm,1,1,0,0,0,0,0,0,0,0
mmprofile_log_meta_yuv_bitmap,0xaa7dc2bb,STOCK_MODULE,mmprofile,1,mediatek_drm,1,1,0,0,0,0,0,0,0,0
mmprofile_register_event,0x7ffb1903,STOCK_MODULE,mmprofile,1,cmdq_sec_drv;mdp_drv_mt6878;mediatek_drm;mtk_cmdq_drv_ext;mtk_dpc;mtk_mmdvfs,6,6,0,0,0,0,0,0,0,0
mmprofile_start,0xda38583a,STOCK_MODULE,mmprofile,1,cmdq_sec_drv;mdp_drv_mt6878;mediatek_drm;mtk_cmdq_drv_ext;mtk_dpc;mtk_mmdvfs,6,6,0,0,0,0,0,0,0,0
mmup_enable_count,0x260c14c0,STOCK_MODULE,vcp_status,1,vcp,1,1,0,0,0,0,0,0,0,0
modem_dcd_state,0xd3504f48,STOCK_MODULE,ccci_md_all,1,c2k_usb,1,1,0,0,0,0,0,0,0,0
modem_dtr_set,0x1f1ae43b,STOCK_MODULE,ccci_md_all,1,c2k_usb,1,1,0,0,0,0,0,0,0,0
mrdump_common_die,0x36f2ab73,STOCK_MODULE,mrdump,1,aee_hangdet;monitor_hang,2,2,0,0,0,0,0,0,0,0
mrdump_mini_add_extra_file,0xdd115996,STOCK_MODULE,mrdump,1,aee_hangdet;apusys;ccci_dpmaif;ccci_md_all;ccci_util_lib;mediatek_drm;mmqos_common;mtk_heap_debug;mtk_mmdvfs_debug;spmi_mtk_pmif;vcp,11,11,0,0,0,0,0,0,0,0
mrdump_mini_add_hang_raw,0x31d32c64,STOCK_MODULE,mrdump,1,monitor_hang,1,1,0,0,0,0,0,0,0,0
mrdump_regist_hang_bt,0x6327e210,STOCK_MODULE,mrdump,1,monitor_hang,1,1,0,0,0,0,0,0,0,0
mrdump_set_extra_dump,0x5c8225c7,STOCK_MODULE,mrdump,1,adsp;blocktag;mtk_ccuv;mtk_mmc_dbg;ufs_mediatek_dbg,5,5,0,0,0,0,0,0,0,0
mt6369_accdet_init,0xb2b3828a,STOCK_MODULE,mt6369_accdet,1,mt6878_mt6369,1,1,0,0,0,0,0,0,0,0
mt6369_accdet_late_init,0x70ec7745,STOCK_MODULE,mt6369_accdet,1,snd_soc_mt6369,1,1,0,0,0,0,0,0,0,0
mt6369_accdet_modify_vref_volt,0x15b9ccab,STOCK_MODULE,mt6369_accdet,1,snd_soc_mt6369,1,1,0,0,0,0,0,0,0,0
mt6369_mtkaif_calibration_disable,0x919747dd,STOCK_MODULE,snd_soc_mt6369,1,mt6878_mt6369,1,1,0,0,0,0,0,0,0,0
mt6369_mtkaif_calibration_enable,0x26998edb,STOCK_MODULE,snd_soc_mt6369,1,mt6878_mt6369,1,1,0,0,0,0,0,0,0,0
mt6369_set_codec_ops,0x816df45b,STOCK_MODULE,snd_soc_mt6369,1,mt6878_mt6369,1,1,0,0,0,0,0,0,0,0
mt6369_set_mtkaif_calibration_phase,0x60d761b9,STOCK_MODULE,snd_soc_mt6369,1,mt6878_mt6369,1,1,0,0,0,0,0,0,0,0
mt6369_set_mtkaif_protocol,0x88115c97,STOCK_MODULE,snd_soc_mt6369,1,mt6878_mt6369,1,1,0,0,0,0,0,0,0,0
mt63xx_hw_set_value,0x2765f55c,STOCK_MODULE,pinctrl_mtk_v2,1,pinctrl_mtk_common_v2_debug,1,1,0,0,0,0,0,0,0,0
mt63xx_pinctrl_probe,0x6952d696,STOCK_MODULE,pinctrl_mtk_v2,1,pinctrl_mt6363,1,1,0,0,0,0,0,0,0,0
mt6685_set_dcxo,0xdb0ef5d8,STOCK_MODULE,mt6685_audclk,1,snd_soc_mt6369,1,1,0,0,0,0,0,0,0,0
mt6685_set_dcxo_mode,0xa6601e35,STOCK_MODULE,mt6685_audclk,1,snd_soc_mt6369,1,1,0,0,0,0,0,0,0,0
mt6878_adda_dl_gain_control,0xad107010,STOCK_MODULE,snd_soc_mt6878_afe,1,mt6878_mt6369,1,1,0,0,0,0,0,0,0,0
mt6878_afe_gpio_is_prepared,0xe713493a,STOCK_MODULE,snd_soc_mt6878_afe,1,mt6878_mt6369,1,1,0,0,0,0,0,0,0,0
mt6878_afe_gpio_request,0xd62ffdc3,STOCK_MODULE,snd_soc_mt6878_afe,1,mt6878_mt6369,1,1,0,0,0,0,0,0,0,0
mt6878_enable_dc_compensation,0x7675a694,STOCK_MODULE,snd_soc_mt6878_afe,1,mt6878_mt6369,1,1,0,0,0,0,0,0,0,0
mt6878_set_adda_predistortion,0x36318027,STOCK_MODULE,snd_soc_mt6878_afe,1,mt6878_mt6369,1,1,0,0,0,0,0,0,0,0
mt6878_set_lch_dc_compensation,0xa9c8888b,STOCK_MODULE,snd_soc_mt6878_afe,1,mt6878_mt6369,1,1,0,0,0,0,0,0,0,0
mt6878_set_rch_dc_compensation,0xba84bffd,STOCK_MODULE,snd_soc_mt6878_afe,1,mt6878_mt6369,1,1,0,0,0,0,0,0,0,0
mt_dcm_array_register,0x8d937c9f,STOCK_MODULE,mtk_dcm,1,mt6878_dcm,1,1,0,0,0,0,0,0,0,0
mt_dcm_common_init,0xb5052784,STOCK_MODULE,mtk_dcm,1,mt6878_dcm,1,1,0,0,0,0,0,0,0,0
mt_get_fmeter_clks,0x787d2638,STOCK_MODULE,clk_common,1,clk_chk_mt6878;clk_dbg_mt6878;pd_chk_mt6878,3,3,0,0,0,0,0,0,0,0
mt_get_fmeter_freq,0xda1529be,STOCK_MODULE,clk_common,1,adsp;clk_chk_mt6878;clk_dbg_mt6878;mediatek_drm;mtk_cam_isp7sp;mtk_mmdvfs_debug;mtk_mmdvfs_v3;pd_chk_mt6878;scp;vcp,10,10,0,0,0,0,0,0,0,0
mt_get_fmeter_id,0x88959eec,STOCK_MODULE,clk_common,1,scp,1,1,0,0,0,0,0,0,0,0
mt_irq_dump_status,0x14de1090,STOCK_MODULE,irq_dbg,1,adsp;ccci_ccif;ccci_dpmaif;ccci_md_all;mali_kbase_mt6878_r44;mtk_cmdq_drv_ext;ufs_mediatek_dbg;ufs_mediatek_mod;vcp,9,9,0,0,0,0,0,0,0,0
mt_leds_call_notifier,0x0f6d4527,STOCK_MODULE,leds_mtk,1,leds_mtk_disp,1,1,0,0,0,0,0,0,0,0
mt_leds_classdev_register,0x19d42229,STOCK_MODULE,leds_mtk,1,leds_mtk_disp,1,1,0,0,0,0,0,0,0,0
mt_leds_parse_dt,0xf7cf8858,STOCK_MODULE,leds_mtk,1,leds_mtk_disp,1,1,0,0,0,0,0,0,0,0
mt_pwm_disable,0xd602ce35,STOCK_MODULE,mtk_pwm,1,leds_ln2403;mtk_irtx_pwm,2,2,0,0,0,0,0,0,0,0
mt_spi_disable_master_clk,0xccc1e350,STOCK_MODULE,spi_mt65xx,1,microarray_fp_tee,1,1,0,0,0,0,0,0,0,0
mt_spi_enable_master_clk,0x1cc49782,STOCK_MODULE,spi_mt65xx,1,microarray_fp_tee,1,1,0,0,0,0,0,0,0,0
mtk_adsp_allocate_mem,0xc17262cb,STOCK_MODULE,snd_soc_audiodsp_common,1,snd_soc_mtk_common,1,1,0,0,0,0,0,0,0,0
mtk_adsp_free_mem,0xeeaecbe5,STOCK_MODULE,snd_soc_audiodsp_common,1,snd_soc_mtk_common,1,1,0,0,0,0,0,0,0,0
mtk_adsp_genpool_allocate_sharemem_ring,0xa2e37f26,STOCK_MODULE,snd_soc_audiodsp_common,1,mtk_soc_offload_common,1,1,0,0,0,0,0,0,0,0
mtk_adsp_genpool_free_sharemem_ring,0xed44c606,STOCK_MODULE,snd_soc_audiodsp_common,1,mtk_soc_offload_common,1,1,0,0,0,0,0,0,0,0
mtk_afe_add_sub_dai_control,0x0f6f093d,STOCK_MODULE,snd_soc_mtk_common,1,snd_soc_mt6878_afe,1,1,0,0,0,0,0,0,0,0
mtk_afe_combine_sub_dai,0xd76745ff,STOCK_MODULE,snd_soc_mtk_common,1,snd_soc_mt6878_afe,1,1,0,0,0,0,0,0,0,0
mtk_afe_debug_write_reg,0x3d7833d2,STOCK_MODULE,snd_soc_mtk_common,1,snd_soc_mt6878_afe,1,1,0,0,0,0,0,0,0,0
mtk_afe_debugfs_open,0x015fa10b,STOCK_MODULE,snd_soc_mtk_common,1,snd_soc_mt6878_afe,1,1,0,0,0,0,0,0,0,0
mtk_afe_debugfs_write,0x31575e51,STOCK_MODULE,snd_soc_mtk_common,1,snd_soc_mt6878_afe,1,1,0,0,0,0,0,0,0,0
mtk_afe_fe_hw_free,0x23e4bdb9,STOCK_MODULE,snd_soc_mtk_common,1,snd_soc_mt6878_afe,1,1,0,0,0,0,0,0,0,0
mtk_afe_fe_hw_params,0x6cea97d2,STOCK_MODULE,snd_soc_mtk_common,1,snd_soc_mt6878_afe,1,1,0,0,0,0,0,0,0,0
mtk_afe_fe_prepare,0xa80e8344,STOCK_MODULE,snd_soc_mtk_common,1,snd_soc_mt6878_afe,1,1,0,0,0,0,0,0,0,0
mtk_afe_pcm_copy_user,0xb7443d80,STOCK_MODULE,snd_soc_mtk_common,1,snd_soc_mt6878_afe,1,1,0,0,0,0,0,0,0,0
mtk_afe_pcm_free,0x8c6c918b,STOCK_MODULE,snd_soc_mtk_common,1,snd_soc_mt6878_afe,1,1,0,0,0,0,0,0,0,0
mtk_afe_pcm_new,0xa969dcba,STOCK_MODULE,snd_soc_mtk_common,1,snd_soc_mt6878_afe,1,1,0,0,0,0,0,0,0,0
mtk_afe_pcm_open,0x54cc1ca8,STOCK_MODULE,snd_soc_mtk_common,1,snd_soc_mt6878_afe,1,1,0,0,0,0,0,0,0,0
mtk_afe_pcm_pointer,0xaed0614f,STOCK_MODULE,snd_soc_mtk_common,1,snd_soc_mt6878_afe,1,1,0,0,0,0,0,0,0,0
mtk_afe_write_reg,0x8e203ec0,STOCK_MODULE,snd_soc_mtk_common,1,snd_soc_mt6878_afe,1,1,0,0,0,0,0,0,0,0
mtk_alloc_clk_data,0x8165f393,STOCK_MODULE,clk_common,1,clk_mt6878;mtk_mmdvfs_v3,2,2,0,0,0,0,0,0,0,0
mtk_audio_sram_get_size,0xdae98325,STOCK_MODULE,snd_soc_mtk_common,1,snd_soc_mt6878_afe,1,1,0,0,0,0,0,0,0,0
mtk_audio_sram_init,0x3e761d63,STOCK_MODULE,snd_soc_mtk_common,1,snd_soc_mt6878_afe,1,1,0,0,0,0,0,0,0,0
mtk_audio_usb_offload_afe_hook,0x698734e7,STOCK_MODULE,snd_soc_mtk_common,1,snd_soc_mt6878_afe,1,1,0,0,0,0,0,0,0,0
mtk_audio_usb_offload_register_ops,0x20047310,STOCK_MODULE,snd_soc_mtk_common,1,usb_offload,1,1,0,0,0,0,0,0,0,0
mtk_bandwidth_resource_init,0x3183b4d6,STOCK_MODULE,ged,1,mali_kbase_mt6878_r44,1,1,0,0,0,0,0,0,0,0
mtk_btag_mictx_enable,0x9f6b45e7,STOCK_MODULE,blocktag,1,mtk_perf_common,1,1,0,0,0,0,0,0,0,0
mtk_btag_mictx_get_data,0xdc08b3d3,STOCK_MODULE,blocktag,1,mtk_perf_common,1,1,0,0,0,0,0,0,0,0
mtk_btag_ufs_exit,0x8d9d662a,STOCK_MODULE,blocktag,1,ufs_mediatek_mod,1,1,0,0,0,0,0,0,0,0
mtk_btag_ufs_init,0xe79a7249,STOCK_MODULE,blocktag,1,ufs_mediatek_mod,1,1,0,0,0,0,0,0,0,0
mtk_btag_ufs_send_command,0x1bd55625,STOCK_MODULE,blocktag,1,ufs_mediatek_mod,1,1,0,0,0,0,0,0,0,0
mtk_btag_ufs_transfer_req_compl,0x711f1948,STOCK_MODULE,blocktag,1,ufs_mediatek_mod,1,1,0,0,0,0,0,0,0,0
mtk_ccci_get_md_c_smem_inf,0xf909b421,STOCK_MODULE,ccci_util_lib,1,ccci_md_all,1,1,0,0,0,0,0,0,0,0
mtk_ccci_get_md_nc_smem_inf,0x64957f22,STOCK_MODULE,ccci_util_lib,1,ccci_md_all,1,1,0,0,0,0,0,0,0,0
mtk_ccci_get_smem_by_id,0x710c1a71,STOCK_MODULE,ccci_util_lib,1,ccci_md_all,1,1,0,0,0,0,0,0,0,0
mtk_ccci_open_port,0xe3982125,STOCK_MODULE,ccci_md_all,1,mddp,1,1,0,0,0,0,0,0,0,0
mtk_ccci_read_data,0xb24ba354,STOCK_MODULE,ccci_md_all,1,mddp,1,1,0,0,0,0,0,0,0,0
mtk_ccci_register_md_state_cb,0x6b269f65,STOCK_MODULE,ccci_md_all,1,wlan_drv_gen4m_6878,1,1,0,0,0,0,0,0,0,0
mtk_ccci_release_port,0xd79924f3,STOCK_MODULE,ccci_md_all,1,mddp,1,1,0,0,0,0,0,0,0,0
mtk_ccci_request_port,0xad14b49d,STOCK_MODULE,ccci_md_all,1,mddp,1,1,0,0,0,0,0,0,0,0
mtk_ccci_send_data,0x3ba29c19,STOCK_MODULE,ccci_md_all,1,mddp,1,1,0,0,0,0,0,0,0,0
mtk_ccu_ipc_register,0xeb337b61,STOCK_MODULE,mtk_ccuv,1,mtk_vmm_isp71_regulator,1,1,0,0,0,0,0,0,0,0
mtk_ccu_rproc_ipc_send,0x30f71cfb,STOCK_MODULE,mtk_ccuv,1,imgsensor;mtk_cam_isp7sp;mtk_vmm_isp71_regulator,3,3,0,0,0,0,0,0,0,0
mtk_chg_enable_vbus_ovp,0xc0ca7489,STOCK_MODULE,mtk_charger_framework,1,mtk_pd_charging;mtk_pep;mtk_pep40;mtk_pep50,4,4,0,0,0,0,0,0,0,0
mtk_clear_md_violation,0xdc059dfd,STOCK_MODULE,emi_mpu,1,ccci_md_all,1,1,0,0,0,0,0,0,0,0
mtk_clear_smpu_log,0xe6a25566,STOCK_MODULE,emi_mpu,1,smpu,1,1,0,0,0,0,0,0,0,0
mtk_clk_gate_ops_hwv,0xccb82fb3,STOCK_MODULE,clk_common,1,clk_mt6878_mmsys,1,1,0,0,0,0,0,0,0,0
mtk_clk_gate_ops_no_setclr,0xda2ee276,STOCK_MODULE,clk_common,1,clk_mt6878;clk_mt6878_adsp;clk_mt6878_img,3,3,0,0,0,0,0,0,0,0
mtk_clk_gate_ops_no_setclr_inv,0x9599c171,STOCK_MODULE,clk_common,1,clk_mt6878_cam,1,1,0,0,0,0,0,0,0,0
mtk_clk_gate_ops_setclr,0x50f35cab,STOCK_MODULE,clk_common,1,clk_mt6878_bus;clk_mt6878_cam;clk_mt6878_ccu;clk_mt6878_img;clk_mt6878_mdpsys;clk_mt6878_mmsys;clk_mt6878_peri,7,7,0,0,0,0,0,0,0,0
mtk_clk_gate_ops_setclr_inv,0xb79ca243,STOCK_MODULE,clk_common,1,clk_mt6878_vcodec;clk_mt6878_vlp,2,2,0,0,0,0,0,0,0,0
mtk_clk_mminfra_hwv_power_ctrl_optional,0xe808d22f,STOCK_MODULE,clk_common,1,mtk_mminfra_debug;vcp,2,2,0,0,0,0,0,0,0,0
mtk_clk_mux_register_callback,0xc0e61bae,STOCK_MODULE,clk_common,1,mtk_mmdvfs_v3,1,1,0,0,0,0,0,0,0,0
mtk_clk_mux_register_user_clks,0xf530689c,STOCK_MODULE,clk_common,1,mtk_mmdvfs_v3,1,1,0,0,0,0,0,0,0,0
mtk_clk_notify,0x907021cb,STOCK_MODULE,clk_common,1,usb_offload,1,1,0,0,0,0,0,0,0,0
mtk_clk_register_composites,0xcc3a88be,STOCK_MODULE,clk_common,1,clk_mt6878,1,1,0,0,0,0,0,0,0,0
mtk_clk_register_factors,0xe875abe8,STOCK_MODULE,clk_common,1,clk_mt6878,1,1,0,0,0,0,0,0,0,0
mtk_clk_register_gates,0xf887c01b,STOCK_MODULE,clk_common,1,clk_mt6878,1,1,0,0,0,0,0,0,0,0
mtk_clk_register_ipi_callback,0x1a7acd2c,STOCK_MODULE,clk_common,1,mtk_mmdvfs_v3,1,1,0,0,0,0,0,0,0,0
mtk_clk_register_muxes,0x78fa5e83,STOCK_MODULE,clk_common,1,clk_mt6878,1,1,0,0,0,0,0,0,0,0
mtk_clk_register_plls,0x7c3f45ef,STOCK_MODULE,clk_common,1,clk_mt6878,1,1,0,0,0,0,0,0,0,0
mtk_clk_simple_probe,0x2a16c116,STOCK_MODULE,clk_common,1,clk_mt6878_adsp;clk_mt6878_bus;clk_mt6878_cam;clk_mt6878_ccu;clk_mt6878_img;clk_mt6878_mdpsys;clk_mt6878_mmsys;clk_mt6878_peri;clk_mt6878_vcodec;clk_mt6878_vlp,10,10,0,0,0,0,0,0,0,0
mtk_cmdq_log,0xde2fadca,STOCK_MODULE,mtk_cmdq_drv_ext,1,cmdq_platform_mt6878;cmdq_sec_drv;cmdq_test,3,3,0,0,0,0,0,0,0,0
mtk_cpu_util,0x2a76714f,STOCK_MODULE,cpufreq_sugov_ext,1,scheduler,1,1,0,0,0,0,0,0,0,0
mtk_cpuidle_sysfs_entry_node_add,0xa55169a3,STOCK_MODULE,mtk_lpm,1,mtk_lpm_dbg_common_v2,1,1,0,0,0,0,0,0,0,0
mtk_cpuidle_sysfs_root_entry_create,0xe93acd86,STOCK_MODULE,mtk_lpm,1,mtk_lpm_dbg_common_v2,1,1,0,0,0,0,0,0,0,0
mtk_cpuidle_sysfs_sub_entry_add,0x58cb358f,STOCK_MODULE,mtk_lpm,1,mtk_lpm_dbg_common_v2,1,1,0,0,0,0,0,0,0,0
mtk_cpuidle_sysfs_sub_entry_node_add,0xbd0884bb,STOCK_MODULE,mtk_lpm,1,mtk_lpm_dbg_common_v2,1,1,0,0,0,0,0,0,0,0
mtk_create_client_msgdevice,0x4bff76e8,STOCK_MODULE,ccd_rpmsg,1,mtk_ccd_remoteproc,1,1,0,0,0,0,0,0,0,0
mtk_custom_boost_gpu_freq,0xfcadd21b,STOCK_MODULE,mtk_gpu_hal,1,ged,1,1,0,0,0,0,0,0,0,0
mtk_custom_boost_gpu_freq_fp,0x6334feef,STOCK_MODULE,mtk_gpu_hal,1,ged,1,1,0,0,0,0,0,0,0,0
mtk_custom_get_gpu_freq_level_count,0xcb1598f4,STOCK_MODULE,mtk_gpu_hal,1,ged,1,1,0,0,0,0,0,0,0,0
mtk_custom_get_gpu_freq_level_count_fp,0xcbfd0482,STOCK_MODULE,mtk_gpu_hal,1,ged,1,1,0,0,0,0,0,0,0,0
mtk_custom_upbound_gpu_freq,0xdbc1789a,STOCK_MODULE,mtk_gpu_hal,1,ged,1,1,0,0,0,0,0,0,0,0
mtk_custom_upbound_gpu_freq_fp,0x6d9b18a1,STOCK_MODULE,mtk_gpu_hal,1,ged,1,1,0,0,0,0,0,0,0,0
mtk_destroy_client_msgdevice,0x93bda7e5,STOCK_MODULE,ccd_rpmsg,1,mtk_cam_isp7sp,1,1,0,0,0,0,0,0,0,0
mtk_devapc_probe,0x808fd5b7,STOCK_MODULE,device_apc_common,1,device_apc_mt6878,1,1,0,0,0,0,0,0,0,0
mtk_devapc_remove,0x7702fe86,STOCK_MODULE,device_apc_common,1,device_apc_mt6878,1,1,0,0,0,0,0,0,0,0
mtk_disp_mipi_ccci_callback,0xf41c01eb,STOCK_MODULE,mediatek_drm,1,ccci_md_all,1,1,0,0,0,0,0,0,0,0
mtk_disp_notifier_call_chain,0x4b7239d2,STOCK_MODULE,mtk_disp_notify,1,mediatek_drm,1,1,0,0,0,0,0,0,0,0
mtk_disp_notifier_register,0x4c353ac0,STOCK_MODULE,mtk_disp_notify,1,bt_drv_6878;conninfra;focaltech_touch_spi_ft3680;mtk_cm_mgr;mtk_pep50;sensorhub;uarthub_drv;wlan_drv_gen4m_6878,8,8,0,0,0,0,0,0,0,0
mtk_disp_notifier_unregister,0xa11ab00a,STOCK_MODULE,mtk_disp_notify,1,bt_drv_6878;conninfra;focaltech_touch_spi_ft3680;mtk_cm_mgr;uarthub_drv;wlan_drv_gen4m_6878,6,6,0,0,0,0,0,0,0,0
mtk_disp_osc_ccci_callback,0x738e21be,STOCK_MODULE,mediatek_drm,1,ccci_md_all,1,1,0,0,0,0,0,0,0,0
mtk_disp_sub_notifier_call_chain,0x00b8425f,STOCK_MODULE,mtk_disp_notify,1,mediatek_drm,1,1,0,0,0,0,0,0,0,0
mtk_dma_buf_set_name,0x0d1898d6,STOCK_MODULE,system_heap,1,ged;mdp_drv_mt6878;mtk_aie;mtk_cam_isp7sp;mtk_ccuv;mtk_hcp;mtk_mml;mtk_vcodec_common;mtk_vcodec_dec_v1;vcp,10,10,0,0,0,0,0,0,0,0
mtk_dma_heap_config_parse,0x5c8017bd,STOCK_MODULE,system_heap,1,mtk_sec_heap,1,1,0,0,0,0,0,0,0,0
mtk_dma_sync_sg_range,0xe931d396,STOCK_MODULE,mtk_vcodec_common,1,mtk_vcodec_dec_v1;mtk_vcodec_enc_v1,2,2,0,0,0,0,0,0,0,0
mtk_dmabuf_page_pool_size,0x5af2a617,STOCK_MODULE,system_heap,1,mtk_heap_debug,1,1,0,0,0,0,0,0,0,0
mtk_dprec_logger_pr,0x1beede31,STOCK_MODULE,mediatek_drm,1,mediatek_drm_gateic;mediatek_drm_panel_drv;mtk_disp_sec;mtk_dpc,4,4,0,0,0,0,0,0,0,0
mtk_dramc_get_data_rate,0x42f242bb,STOCK_MODULE,mtk_dramc,1,mediatek_drm;met_emi_api;mtk_dvfsrc_helper;thermal_interface,4,4,0,0,0,0,0,0,0,0
mtk_dramc_get_data_rate_symbol,0x26c72c2b,STOCK_MODULE,met,1,met_emi_api,1,1,0,0,0,0,0,0,0,0
mtk_dramc_get_ddr_type,0x82de2cf6,STOCK_MODULE,mtk_dramc,1,mediatek_drm;met_emi_api;mmqos_common;mtk_cm_mgr_mt6878,4,4,0,0,0,0,0,0,0,0
mtk_dramc_get_ddr_type_symbol,0xba2d8f7b,STOCK_MODULE,met,1,met_emi_api,1,1,0,0,0,0,0,0,0,0
mtk_dramc_get_steps_freq,0x458ec8f9,STOCK_MODULE,mtk_dramc,1,mmqos_common;mtk_cm_mgr_mt6878;mtk_qos,3,3,0,0,0,0,0,0,0,0
mtk_drm_disp_sec_cb_init,0xc911b66b,STOCK_MODULE,mediatek_drm,1,mtk_disp_sec,1,1,0,0,0,0,0,0,0,0
mtk_drm_gateic_power_off,0xbd8fa13a,STOCK_MODULE,mediatek_drm_gateic,1,mediatek_drm_panel_drv,1,1,0,0,0,0,0,0,0,0
mtk_drm_gateic_power_on,0xebdd85ed,STOCK_MODULE,mediatek_drm_gateic,1,mediatek_drm_panel_drv,1,1,0,0,0,0,0,0,0,0
mtk_drm_gateic_reset,0xc59178c6,STOCK_MODULE,mediatek_drm_gateic,1,mediatek_drm_panel_drv,1,1,0,0,0,0,0,0,0,0
mtk_drm_gateic_select,0x1580647f,STOCK_MODULE,mediatek_drm_gateic,1,mediatek_drm_panel_drv,1,1,0,0,0,0,0,0,0,0
mtk_drm_gateic_set_backlight,0x9f61238a,STOCK_MODULE,mediatek_drm_gateic,1,leds_mtk_disp,1,1,0,0,0,0,0,0,0,0
mtk_drm_gateic_set_voltage,0xb1bcf3c7,STOCK_MODULE,mediatek_drm_gateic,1,mediatek_drm_panel_drv,1,1,0,0,0,0,0,0,0,0
mtk_drm_get_conn_obj_id_from_idx,0xbbfcfd40,STOCK_MODULE,mediatek_drm,1,leds_mtk_disp;thermal_interface,2,2,0,0,0,0,0,0,0,0
mtk_drm_get_lcm_version,0xe009d8dc,STOCK_MODULE,mtk_panel_ext,1,leds_mtk_disp,1,1,0,0,0,0,0,0,0,0
mtk_drm_get_target_fps_fp,0x4c576a3b,STOCK_MODULE,mediatek_drm,1,msync2_frd,1,1,0,0,0,0,0,0,0,0
mtk_drm_set_conn_backlight_level,0x602ab713,STOCK_MODULE,mediatek_drm,1,leds_mtk_disp,1,1,0,0,0,0,0,0,0,0
mtk_dvfs_loading_mode,0xb1db2696,STOCK_MODULE,mtk_gpu_hal,1,ged,1,1,0,0,0,0,0,0,0,0
mtk_dvfs_loading_mode_fp,0x276fb9c7,STOCK_MODULE,mtk_gpu_hal,1,ged,1,1,0,0,0,0,0,0,0,0
mtk_dvfs_margin_value,0x8f2b1460,STOCK_MODULE,mtk_gpu_hal,1,ged,1,1,0,0,0,0,0,0,0,0
mtk_dvfs_margin_value_fp,0x4e3844bd,STOCK_MODULE,mtk_gpu_hal,1,ged,1,1,0,0,0,0,0,0,0,0
mtk_dvfs_workload_mode,0x01fffb8a,STOCK_MODULE,mtk_gpu_hal,1,ged,1,1,0,0,0,0,0,0,0,0
mtk_dvfs_workload_mode_fp,0xb59ead2f,STOCK_MODULE,mtk_gpu_hal,1,ged,1,1,0,0,0,0,0,0,0,0
mtk_dvfsrc_query_info,0xfb2bcaae,STOCK_MODULE,mtk_dvfsrc,1,mtk_dvfsrc_devfreq;mtk_dvfsrc_helper;mtk_dvfsrc_regulator,3,3,0,0,0,0,0,0,0,0
mtk_dvfsrc_query_opp_info,0xa440e0e3,STOCK_MODULE,mtk_dvfsrc_helper,1,mtk_perf_common,1,1,0,0,0,0,0,0,0,0
mtk_dvfsrc_send_request,0x22a98e56,STOCK_MODULE,mtk_dvfsrc,1,mtk_dvfsrc_devfreq;mtk_dvfsrc_helper;mtk_dvfsrc_regulator;mtk_emi,4,4,0,0,0,0,0,0,0,0
mtk_dvfsrc_set_vcore_avs,0x268aa368,STOCK_MODULE,mtk_dvfsrc_helper,1,usb_boost,1,1,0,0,0,0,0,0,0,0
mtk_dynamic_irq_acquire,0x10030630,STOCK_MODULE,snd_soc_mtk_common,1,snd_soc_mt6878_afe,1,1,0,0,0,0,0,0,0,0
mtk_dynamic_irq_release,0xd5f8b0a5,STOCK_MODULE,snd_soc_mtk_common,1,snd_soc_mt6878_afe,1,1,0,0,0,0,0,0,0,0
mtk_emicen_get_ch_cnt,0xd702d989,STOCK_MODULE,emi,1,mmqos_common;mtk_qos,2,2,0,0,0,0,0,0,0,0
mtk_emicen_get_rk_cnt,0x8e301cff,STOCK_MODULE,emi,1,mali_kbase_mt6878_r44;mali_mgm_mt6878_r44,2,2,0,0,0,0,0,0,0,0
mtk_emicen_get_rk_size,0x0a55c4ab,STOCK_MODULE,emi,1,mali_kbase_mt6878_r44;mali_mgm_mt6878_r44,2,2,0,0,0,0,0,0,0,0
mtk_emidbg_dump,0x51b8698f,STOCK_MODULE,emi,1,adsp;ccci_md_all;mtk_smi_dbg;mtk_vcodec_dec_v1;mtk_vcodec_enc_v1,5,5,0,0,0,0,0,0,0,0
mtk_emimpu_md_handling_register,0x8f1c7286,STOCK_MODULE,emi_mpu,1,ccci_md_all,1,1,0,0,0,0,0,0,0,0
mtk_exporter_init,0xae42ede7,STOCK_MODULE,snd_soc_mtk_common,1,snd_soc_mt6878_afe,1,1,0,0,0,0,0,0,0,0
mtk_free_clk_data,0xeeee608f,STOCK_MODULE,clk_common,1,mtk_mmdvfs_v3,1,1,0,0,0,0,0,0,0,0
mtk_get_adsp_dram_gen_pool,0x5fe7c438,STOCK_MODULE,snd_soc_audiodsp_common,1,mtk_soc_offload_common,1,1,0,0,0,0,0,0,0,0
mtk_get_bottom_gpu_freq,0x0530033f,STOCK_MODULE,mtk_gpu_hal,1,ged,1,1,0,0,0,0,0,0,0,0
mtk_get_bottom_gpu_freq_fp,0x89a3b84a,STOCK_MODULE,mtk_gpu_hal,1,ged,1,1,0,0,0,0,0,0,0,0
mtk_get_channel_value,0x0f2ea484,STOCK_MODULE,snd_soc_mtk_common,1,snd_soc_mt6878_afe,1,1,0,0,0,0,0,0,0,0
mtk_get_client_msgdevice,0xbc745754,STOCK_MODULE,ccd_rpmsg,1,mtk_cam_isp7sp,1,1,0,0,0,0,0,0,0,0
mtk_get_dsu_freq,0x93039d7a,STOCK_MODULE,cpufreq_sugov_ext,1,scheduler,1,1,0,0,0,0,0,0,0,0
mtk_get_dvfs_loading_mode,0x25f85cbd,STOCK_MODULE,mtk_gpu_hal,1,ged,1,1,0,0,0,0,0,0,0,0
mtk_get_dvfs_loading_mode_fp,0x89dde4cc,STOCK_MODULE,mtk_gpu_hal,1,ged,1,1,0,0,0,0,0,0,0,0
mtk_get_dvfs_margin_value,0xc1c7417f,STOCK_MODULE,mtk_gpu_hal,1,ged,1,1,0,0,0,0,0,0,0,0
mtk_get_dvfs_margin_value_fp,0x39642b13,STOCK_MODULE,mtk_gpu_hal,1,ged,1,1,0,0,0,0,0,0,0,0
mtk_get_dvfs_workload_mode,0x4661f44b,STOCK_MODULE,mtk_gpu_hal,1,ged,1,1,0,0,0,0,0,0,0,0
mtk_get_dvfs_workload_mode_fp,0x8bdb1b37,STOCK_MODULE,mtk_gpu_hal,1,ged,1,1,0,0,0,0,0,0,0,0
mtk_get_fastdvfs_mode_fp,0xa2101a76,STOCK_MODULE,mtk_gpu_hal,1,ged,1,1,0,0,0,0,0,0,0,0
mtk_get_gpu_block,0xac2fe36d,STOCK_MODULE,mtk_gpu_hal,1,ged;met_gpu_api,2,2,0,0,0,0,0,0,0,0
mtk_get_gpu_block_fp,0xf45a66ac,STOCK_MODULE,mtk_gpu_hal,1,ged,1,1,0,0,0,0,0,0,0,0
mtk_get_gpu_block_symbol,0x2c38f791,STOCK_MODULE,met,1,met_gpu_api,1,1,0,0,0,0,0,0,0,0
mtk_get_gpu_bottom_freq_fp,0x872e1854,STOCK_MODULE,mtk_gpu_hal,1,ged,1,1,0,0,0,0,0,0,0,0
mtk_get_gpu_ceiling_index,0xd9d37455,STOCK_MODULE,mtk_gpu_hal,1,met_gpu_api,1,1,0,0,0,0,0,0,0,0
mtk_get_gpu_ceiling_index_symbol,0xcf829ccb,STOCK_MODULE,met,1,met_gpu_api,1,1,0,0,0,0,0,0,0,0
mtk_get_gpu_ceiling_limiter,0x3c66bf5e,STOCK_MODULE,mtk_gpu_hal,1,met_gpu_api,1,1,0,0,0,0,0,0,0,0
mtk_get_gpu_ceiling_limiter_symbol,0x54c387db,STOCK_MODULE,met,1,met_gpu_api,1,1,0,0,0,0,0,0,0,0
mtk_get_gpu_cur_freq,0xab1939c2,STOCK_MODULE,mtk_gpu_hal,1,met_gpu_api,1,1,0,0,0,0,0,0,0,0
mtk_get_gpu_cur_freq_fp,0x494e8318,STOCK_MODULE,mtk_gpu_hal,1,mtk_gpufreq_wrapper,1,1,0,0,0,0,0,0,0,0
mtk_get_gpu_cur_freq_symbol,0xd05921a6,STOCK_MODULE,met,1,met_gpu_api,1,1,0,0,0,0,0,0,0,0
mtk_get_gpu_cur_oppidx,0xe687bb7c,STOCK_MODULE,mtk_gpu_hal,1,met_gpu_api,1,1,0,0,0,0,0,0,0,0
mtk_get_gpu_cur_oppidx_fp,0xd198fa9a,STOCK_MODULE,mtk_gpu_hal,1,mtk_gpufreq_wrapper,1,1,0,0,0,0,0,0,0,0
mtk_get_gpu_cur_oppidx_symbol,0x70b5d24c,STOCK_MODULE,met,1,met_gpu_api,1,1,0,0,0,0,0,0,0,0
mtk_get_gpu_floor_index,0x4b4a51fd,STOCK_MODULE,mtk_gpu_hal,1,met_gpu_api,1,1,0,0,0,0,0,0,0,0
mtk_get_gpu_floor_index_symbol,0x72aee08d,STOCK_MODULE,met,1,met_gpu_api,1,1,0,0,0,0,0,0,0,0
mtk_get_gpu_floor_limiter,0xd53f6b2e,STOCK_MODULE,mtk_gpu_hal,1,met_gpu_api,1,1,0,0,0,0,0,0,0,0
mtk_get_gpu_floor_limiter_symbol,0xaf7d83a0,STOCK_MODULE,met,1,met_gpu_api,1,1,0,0,0,0,0,0,0,0
mtk_get_gpu_idle,0xb004e4df,STOCK_MODULE,mtk_gpu_hal,1,ged;met_gpu_api,2,2,0,0,0,0,0,0,0,0
mtk_get_gpu_idle_fp,0x7ec8fead,STOCK_MODULE,mtk_gpu_hal,1,ged,1,1,0,0,0,0,0,0,0,0
mtk_get_gpu_idle_symbol,0xa8ebe0fb,STOCK_MODULE,met,1,met_gpu_api,1,1,0,0,0,0,0,0,0,0
mtk_get_gpu_limit_index_fp,0xbfe1810d,STOCK_MODULE,mtk_gpu_hal,1,mtk_gpufreq_wrapper,1,1,0,0,0,0,0,0,0,0
mtk_get_gpu_limiter_fp,0xae203d8c,STOCK_MODULE,mtk_gpu_hal,1,mtk_gpufreq_wrapper,1,1,0,0,0,0,0,0,0,0
mtk_get_gpu_loading,0x5bc52a09,STOCK_MODULE,mtk_gpu_hal,1,ged;mali_kbase_mt6878_r44;met_gpu_api;mtk_cg_peak_power_throttling;mtk_gpu_qos,5,5,0,0,0,0,0,0,0,0
mtk_get_gpu_loading_fp,0xc9568513,STOCK_MODULE,mtk_gpu_hal,1,ged,1,1,0,0,0,0,0,0,0,0
mtk_get_gpu_loading_symbol,0x72b028e3,STOCK_MODULE,met,1,met_gpu_api,1,1,0,0,0,0,0,0,0,0
mtk_get_gpu_memory_pool,0xeb6e0d35,STOCK_MODULE,mtk_gpu_hal,1,trace_mmstat,1,1,0,0,0,0,0,0,0,0
mtk_get_gpu_memory_pool_fp,0xd33ce470,STOCK_MODULE,mtk_gpu_hal,1,mali_kbase_mt6878_r44,1,1,0,0,0,0,0,0,0,0
mtk_get_gpu_memory_usage,0xdf1f2919,STOCK_MODULE,mtk_gpu_hal,1,trace_mmstat,1,1,0,0,0,0,0,0,0,0
mtk_get_gpu_memory_usage_fp,0x077ea4aa,STOCK_MODULE,mtk_gpu_hal,1,mali_kbase_mt6878_r44,1,1,0,0,0,0,0,0,0,0
mtk_get_gpu_pmu_deinit,0x2076be89,STOCK_MODULE,mtk_gpu_hal,1,met_gpu_adv_api,1,1,0,0,0,0,0,0,0,0
mtk_get_gpu_pmu_deinit_fp,0xd8d5d4a4,STOCK_MODULE,mtk_gpu_hal,1,mali_kbase_mt6878_r44,1,1,0,0,0,0,0,0,0,0
mtk_get_gpu_pmu_deinit_symbol,0x4ec40cd3,STOCK_MODULE,met,1,met_gpu_adv_api,1,1,0,0,0,0,0,0,0,0
mtk_get_gpu_pmu_init,0xedbcc342,STOCK_MODULE,mtk_gpu_hal,1,met_gpu_adv_api,1,1,0,0,0,0,0,0,0,0
mtk_get_gpu_pmu_init_fp,0x4f86ba0f,STOCK_MODULE,mtk_gpu_hal,1,mali_kbase_mt6878_r44,1,1,0,0,0,0,0,0,0,0
mtk_get_gpu_pmu_init_symbol,0x4c24332f,STOCK_MODULE,met,1,met_gpu_adv_api,1,1,0,0,0,0,0,0,0,0
mtk_get_gpu_pmu_swapnreset,0xbbd771ba,STOCK_MODULE,mtk_gpu_hal,1,met_gpu_adv_api,1,1,0,0,0,0,0,0,0,0
mtk_get_gpu_pmu_swapnreset_fp,0x48b99f36,STOCK_MODULE,mtk_gpu_hal,1,mali_kbase_mt6878_r44,1,1,0,0,0,0,0,0,0,0
mtk_get_gpu_pmu_swapnreset_stop,0xb0ecae0d,STOCK_MODULE,mtk_gpu_hal,1,met_gpu_adv_api,1,1,0,0,0,0,0,0,0,0
mtk_get_gpu_pmu_swapnreset_stop_fp,0x577190b7,STOCK_MODULE,mtk_gpu_hal,1,mali_kbase_mt6878_r44,1,1,0,0,0,0,0,0,0,0
mtk_get_gpu_pmu_swapnreset_stop_symbol,0xd59b63bf,STOCK_MODULE,met,1,met_gpu_adv_api,1,1,0,0,0,0,0,0,0,0
mtk_get_gpu_pmu_swapnreset_symbol,0xce385e13,STOCK_MODULE,met,1,met_gpu_adv_api,1,1,0,0,0,0,0,0,0,0
mtk_get_ipi_buf_scene_adsp,0x2418f7e9,STOCK_MODULE,snd_soc_audiodsp_common,1,mtk_sp_spk_amp,1,1,0,0,0,0,0,0,0,0
mtk_get_leakage,0x5875d7da,STOCK_MODULE,cpufreq_sugov_ext,1,mtk_core_ctl;scheduler,2,2,0,0,0,0,0,0,0,0
mtk_get_loading_base_dvfs_step,0xe56161ea,STOCK_MODULE,mtk_gpu_hal,1,ged,1,1,0,0,0,0,0,0,0,0
mtk_get_loading_base_dvfs_step_fp,0x4526daa5,STOCK_MODULE,mtk_gpu_hal,1,ged,1,1,0,0,0,0,0,0,0,0
mtk_get_mmap_dl_buffer,0x69389f2d,STOCK_MODULE,snd_soc_mtk_common,1,snd_soc_mt6878_afe,1,1,0,0,0,0,0,0,0,0
mtk_get_mmap_dl_fd,0x091c9fc8,STOCK_MODULE,snd_soc_mtk_common,1,snd_soc_mt6878_afe,1,1,0,0,0,0,0,0,0,0
mtk_get_mmap_ul_buffer,0xdbde3794,STOCK_MODULE,snd_soc_mtk_common,1,snd_soc_mt6878_afe,1,1,0,0,0,0,0,0,0,0
mtk_get_mmap_ul_fd,0xf485db6f,STOCK_MODULE,snd_soc_mtk_common,1,snd_soc_mt6878_afe,1,1,0,0,0,0,0,0,0,0
mtk_get_timer_base_dvfs_margin,0x0090a9e8,STOCK_MODULE,mtk_gpu_hal,1,ged,1,1,0,0,0,0,0,0,0,0
mtk_get_timer_base_dvfs_margin_fp,0xad5413dd,STOCK_MODULE,mtk_gpu_hal,1,ged,1,1,0,0,0,0,0,0,0,0
mtk_gether_cleanup,0x0a153013,STOCK_MODULE,mtk_u_ether,1,mtk_usb_f_rndis,1,1,0,0,0,0,0,0,0,0
mtk_gether_connect,0x5a13ef26,STOCK_MODULE,mtk_u_ether,1,mtk_usb_f_rndis,1,1,0,0,0,0,0,0,0,0
mtk_gether_disconnect,0x59fe2ca3,STOCK_MODULE,mtk_u_ether,1,mtk_usb_f_rndis,1,1,0,0,0,0,0,0,0,0
mtk_gether_get_dev_addr,0x24ca5a84,STOCK_MODULE,mtk_u_ether,1,mtk_usb_f_rndis,1,1,0,0,0,0,0,0,0,0
mtk_gether_get_host_addr,0xc523cda3,STOCK_MODULE,mtk_u_ether,1,mtk_usb_f_rndis,1,1,0,0,0,0,0,0,0,0
mtk_gether_get_host_addr_u8,0xf2fdc614,STOCK_MODULE,mtk_u_ether,1,mtk_usb_f_rndis,1,1,0,0,0,0,0,0,0,0
mtk_gether_get_ifname,0x6293e8bb,STOCK_MODULE,mtk_u_ether,1,mtk_usb_f_rndis,1,1,0,0,0,0,0,0,0,0
mtk_gether_get_qmult,0x6ad594e9,STOCK_MODULE,mtk_u_ether,1,mtk_usb_f_rndis,1,1,0,0,0,0,0,0,0,0
mtk_gether_register_netdev,0x733ef815,STOCK_MODULE,mtk_u_ether,1,mtk_usb_f_rndis,1,1,0,0,0,0,0,0,0,0
mtk_gether_set_dev_addr,0xdff74faa,STOCK_MODULE,mtk_u_ether,1,mtk_usb_f_rndis,1,1,0,0,0,0,0,0,0,0
mtk_gether_set_gadget,0xb2cb464e,STOCK_MODULE,mtk_u_ether,1,mtk_usb_f_rndis,1,1,0,0,0,0,0,0,0,0
mtk_gether_set_host_addr,0x1b5ab4b2,STOCK_MODULE,mtk_u_ether,1,mtk_usb_f_rndis,1,1,0,0,0,0,0,0,0,0
mtk_gether_set_qmult,0xcab31ca9,STOCK_MODULE,mtk_u_ether,1,mtk_usb_f_rndis,1,1,0,0,0,0,0,0,0,0
mtk_gether_setup_name_default,0xc08e6c80,STOCK_MODULE,mtk_u_ether,1,mtk_usb_f_rndis,1,1,0,0,0,0,0,0,0,0
mtk_gpu_fence_debug_dump,0x5c0ddd98,STOCK_MODULE,mtk_gpu_hal,1,ged,1,1,0,0,0,0,0,0,0,0
mtk_gpu_fence_debug_dump_fp,0xa158b102,STOCK_MODULE,mtk_gpu_hal,1,mali_kbase_mt6878_r44,1,1,0,0,0,0,0,0,0,0
mtk_gpueb_power_modle_cmd,0x7ac98637,STOCK_MODULE,ged,1,mtk_swpm_dbg_common_v1,1,1,0,0,0,0,0,0,0,0
mtk_hcp_allocate_working_buffer,0xafa0b058,STOCK_MODULE,mtk_hcp,1,mtk_imgsys_v4l2,1,1,0,0,0,0,0,0,0,0
mtk_hcp_get_dip_mem_cq_fd,0x6524732a,STOCK_MODULE,mtk_hcp,1,mtk_imgsys_isp7sp,1,1,0,0,0,0,0,0,0,0
mtk_hcp_get_dip_mem_tdr_fd,0x2afdabe8,STOCK_MODULE,mtk_hcp,1,mtk_imgsys_isp7sp,1,1,0,0,0,0,0,0,0,0
mtk_hcp_get_dip_mem_virt,0x6523dc45,STOCK_MODULE,mtk_hcp,1,mtk_imgsys_isp7sp,1,1,0,0,0,0,0,0,0,0
mtk_hcp_get_gce_buffer,0x9386a381,STOCK_MODULE,mtk_hcp,1,mtk_imgsys_v4l2,1,1,0,0,0,0,0,0,0,0
mtk_hcp_get_gce_mem_virt,0xa1721c62,STOCK_MODULE,mtk_hcp,1,mtk_imgsys_v4l2,1,1,0,0,0,0,0,0,0,0
mtk_hcp_get_gce_token_mem_virt,0x744d5694,STOCK_MODULE,mtk_hcp,1,mtk_imgsys_v4l2,1,1,0,0,0,0,0,0,0,0
mtk_hcp_get_hwid_mem_virt,0x89c0a7f8,STOCK_MODULE,mtk_hcp,1,mtk_imgsys_v4l2,1,1,0,0,0,0,0,0,0,0
mtk_hcp_get_init_info,0xd392e390,STOCK_MODULE,mtk_hcp,1,mtk_imgsys_v4l2,1,1,0,0,0,0,0,0,0,0
mtk_hcp_get_plat_device,0x81a99464,STOCK_MODULE,mtk_hcp,1,mtk_imgsys_v4l2,1,1,0,0,0,0,0,0,0,0
mtk_hcp_get_pqdip_mem_cq_fd,0xe970a81c,STOCK_MODULE,mtk_hcp,1,mtk_imgsys_isp7sp,1,1,0,0,0,0,0,0,0,0
mtk_hcp_get_pqdip_mem_tdr_fd,0xe5cb6aaa,STOCK_MODULE,mtk_hcp,1,mtk_imgsys_isp7sp,1,1,0,0,0,0,0,0,0,0
mtk_hcp_get_pqdip_mem_virt,0x68dc2b2e,STOCK_MODULE,mtk_hcp,1,mtk_imgsys_isp7sp,1,1,0,0,0,0,0,0,0,0
mtk_hcp_get_traw_mem_cq_fd,0x2352aa57,STOCK_MODULE,mtk_hcp,1,mtk_imgsys_isp7sp,1,1,0,0,0,0,0,0,0,0
mtk_hcp_get_traw_mem_tdr_fd,0x040fd0b0,STOCK_MODULE,mtk_hcp,1,mtk_imgsys_isp7sp,1,1,0,0,0,0,0,0,0,0
mtk_hcp_get_traw_mem_virt,0xd36ca51d,STOCK_MODULE,mtk_hcp,1,mtk_imgsys_isp7sp,1,1,0,0,0,0,0,0,0,0
mtk_hcp_get_wpe_mem_cq_fd,0x55d8bda5,STOCK_MODULE,mtk_hcp,1,mtk_imgsys_isp7sp,1,1,0,0,0,0,0,0,0,0
mtk_hcp_get_wpe_mem_tdr_fd,0x57cac997,STOCK_MODULE,mtk_hcp,1,mtk_imgsys_isp7sp,1,1,0,0,0,0,0,0,0,0
mtk_hcp_get_wpe_mem_virt,0x2c12baaa,STOCK_MODULE,mtk_hcp,1,mtk_imgsys_isp7sp,1,1,0,0,0,0,0,0,0,0
mtk_hcp_ioc_release_working_buffer,0xb9f229ae,STOCK_MODULE,mtk_hcp,1,mtk_imgsys_v4l2,1,1,0,0,0,0,0,0,0,0
mtk_hcp_partial_flush,0xe78c4046,STOCK_MODULE,mtk_hcp,1,mtk_imgsys_isp7sp,1,1,0,0,0,0,0,0,0,0
mtk_hcp_purge_msg,0x87806b8c,STOCK_MODULE,mtk_hcp,1,mtk_imgsys_v4l2,1,1,0,0,0,0,0,0,0,0
mtk_hcp_put_gce_buffer,0xc56fabf8,STOCK_MODULE,mtk_hcp,1,mtk_imgsys_v4l2,1,1,0,0,0,0,0,0,0,0
mtk_hcp_register,0x45ec00dc,STOCK_MODULE,mtk_hcp,1,mtk_imgsys_v4l2,1,1,0,0,0,0,0,0,0,0
mtk_hcp_release_gce_working_buffer,0x706dcc43,STOCK_MODULE,mtk_hcp,1,mtk_imgsys_v4l2,1,1,0,0,0,0,0,0,0,0
mtk_hcp_send,0xcf416754,STOCK_MODULE,mtk_hcp,1,mtk_imgsys_v4l2,1,1,0,0,0,0,0,0,0,0
mtk_hcp_send_async,0xd90e7945,STOCK_MODULE,mtk_hcp,1,mtk_imgsys_v4l2,1,1,0,0,0,0,0,0,0,0
mtk_hcp_set_KernelFence,0xba6882a1,STOCK_MODULE,mtk_hcp,1,mtk_imgsys_v4l2,1,1,0,0,0,0,0,0,0,0
mtk_hcp_set_apu_dc,0x03ed023b,STOCK_MODULE,mtk_hcp,1,mtk_imgsys_v4l2,1,1,0,0,0,0,0,0,0,0
mtk_hcp_unregister,0x4823183a,STOCK_MODULE,mtk_hcp,1,mtk_imgsys_v4l2,1,1,0,0,0,0,0,0,0,0
mtk_hw_get_value,0x36abcdc3,STOCK_MODULE,pinctrl_mtk_v2,1,pinctrl_mtk_common_v2_debug,1,1,0,0,0,0,0,0,0,0
mtk_hw_set_value,0x9a6a4c16,STOCK_MODULE,pinctrl_mtk_v2,1,pinctrl_mtk_common_v2_debug,1,1,0,0,0,0,0,0,0,0
mtk_hwv_mux_ops,0xdbdb6c8e,STOCK_MODULE,clk_common,1,clk_mt6878,1,1,0,0,0,0,0,0,0,0
mtk_icc_link_create,0x5fa0ae7c,STOCK_MODULE,mtk_icc_core,1,mmqos_common,1,1,0,0,0,0,0,0,0,0
mtk_icc_node_add,0x3a6a4921,STOCK_MODULE,mtk_icc_core,1,mmqos_common,1,1,0,0,0,0,0,0,0,0
mtk_icc_node_create,0x679cf96b,STOCK_MODULE,mtk_icc_core,1,mmqos_common,1,1,0,0,0,0,0,0,0,0
mtk_icc_node_del,0x292c5af7,STOCK_MODULE,mtk_icc_core,1,mmqos_common,1,1,0,0,0,0,0,0,0,0
mtk_icc_node_destroy,0xd6e12eba,STOCK_MODULE,mtk_icc_core,1,mmqos_common,1,1,0,0,0,0,0,0,0,0
mtk_icc_provider_add,0x2d83e6a5,STOCK_MODULE,mtk_icc_core,1,mmqos_common,1,1,0,0,0,0,0,0,0,0
mtk_icc_provider_del,0x3c05091c,STOCK_MODULE,mtk_icc_core,1,mmqos_common,1,1,0,0,0,0,0,0,0,0
mtk_icc_set_bw,0x6fd26304,STOCK_MODULE,mtk_icc_core,1,mdp_drv_mt6878;mediatek_drm;mtk_cam_isp7sp;mtk_ccuv;mtk_imgsys_cmdq;mtk_jpeg;mtk_mml;mtk_vcodec_dec_v1;mtk_vcodec_enc_v1;pda_drv_mt6878,10,10,0,0,0,0,0,0,0,0
mtk_imgsys_cmdq_get_plat_dev,0x7e851706,STOCK_MODULE,mtk_imgsys_cmdq,1,mtk_imgsys_v4l2,1,1,0,0,0,0,0,0,0,0
mtk_imgsys_mmdvfs_init,0x3cc76f66,STOCK_MODULE,mtk_imgsys_cmdq,1,mtk_imgsys_v4l2,1,1,0,0,0,0,0,0,0,0
mtk_imgsys_mmdvfs_uninit,0xfc351e44,STOCK_MODULE,mtk_imgsys_cmdq,1,mtk_imgsys_v4l2,1,1,0,0,0,0,0,0,0,0
mtk_imgsys_mmqos_init,0x4db2b32e,STOCK_MODULE,mtk_imgsys_cmdq,1,mtk_imgsys_v4l2,1,1,0,0,0,0,0,0,0,0
mtk_imgsys_mmqos_uninit,0x4bf034c3,STOCK_MODULE,mtk_imgsys_cmdq,1,mtk_imgsys_v4l2,1,1,0,0,0,0,0,0,0,0
mtk_imgsys_power_ctrl,0x1f74d120,STOCK_MODULE,mtk_imgsys_cmdq,1,mtk_imgsys_v4l2,1,1,0,0,0,0,0,0,0,0
mtk_imgsys_probe,0x3c1307d5,STOCK_MODULE,mtk_imgsys_v4l2,1,mtk_imgsys_isp7sp,1,1,0,0,0,0,0,0,0,0
mtk_imgsys_remove,0x0c9e9730,STOCK_MODULE,mtk_imgsys_v4l2,1,mtk_imgsys_isp7sp,1,1,0,0,0,0,0,0,0,0
mtk_imgsys_runtime_resume,0xb9ee0e71,STOCK_MODULE,mtk_imgsys_v4l2,1,mtk_imgsys_isp7sp,1,1,0,0,0,0,0,0,0,0
mtk_imgsys_runtime_suspend,0x205ebd26,STOCK_MODULE,mtk_imgsys_v4l2,1,mtk_imgsys_isp7sp,1,1,0,0,0,0,0,0,0,0
mtk_imgsys_shutdown,0x50b1d006,STOCK_MODULE,mtk_imgsys_v4l2,1,mtk_imgsys_isp7sp,1,1,0,0,0,0,0,0,0,0
mtk_iommu_debug_reset,0x3cb0e023,STOCK_MODULE,iommu_debug,1,mtk_iommu,1,1,0,0,0,0,0,0,0,0
mtk_iommu_get_mau_config,0x61bc7847,STOCK_MODULE,iommu_debug,1,mtk_iommu,1,1,0,0,0,0,0,0,0,0
mtk_iommu_get_port_name,0xfa5ae31f,STOCK_MODULE,iommu_debug,1,mtk_iommu,1,1,0,0,0,0,0,0,0,0
mtk_iommu_pm_trace,0xd16b9a0e,STOCK_MODULE,iommu_debug,1,mtk_iommu,1,1,0,0,0,0,0,0,0,0
mtk_iommu_register_fault_callback,0x79146c3e,STOCK_MODULE,iommu_debug,1,mdp_drv_mt6878;mediatek_drm;mtk_aie_debug_7sp_2;mtk_cam_isp7sp;mtk_cmdq_drv_ext;mtk_imgsys_v4l2;mtk_vcodec_dec_v1;mtk_vcodec_enc_v1,8,8,0,0,0,0,0,0,0,0
mtk_iommu_sec_bk_init_by_atf,0xfbe64611,STOCK_MODULE,iommu_secure,1,mtk_iommu,1,1,0,0,0,0,0,0,0,0
mtk_iommu_sec_bk_irq_en_by_atf,0xc41530a5,STOCK_MODULE,iommu_secure,1,mtk_iommu,1,1,0,0,0,0,0,0,0,0
mtk_iommu_secure_bk_backup_by_atf,0x41fd9201,STOCK_MODULE,iommu_secure,1,mtk_iommu,1,1,0,0,0,0,0,0,0,0
mtk_iommu_secure_bk_restore_by_atf,0xca1843ca,STOCK_MODULE,iommu_secure,1,mtk_iommu,1,1,0,0,0,0,0,0,0,0
mtk_iommu_secure_bk_tf_dump,0x64af7550,STOCK_MODULE,iommu_secure,1,mtk_iommu,1,1,0,0,0,0,0,0,0,0
mtk_iommu_set_ops,0x53d5fe78,STOCK_MODULE,iommu_debug,1,mtk_iommu,1,1,0,0,0,0,0,0,0,0
mtk_iommu_tlb_sync_trace,0x5f475efb,STOCK_MODULE,iommu_debug,1,mtk_iommu,1,1,0,0,0,0,0,0,0,0
mtk_iommu_update_pm_status,0x16af3b30,STOCK_MODULE,iommu_debug,1,apusys,1,1,0,0,0,0,0,0,0,0
mtk_iova_map,0xf843029e,STOCK_MODULE,iommu_debug,1,mtk_iommu,1,1,0,0,0,0,0,0,0,0
mtk_iova_map_dump,0x475a335d,STOCK_MODULE,iommu_debug,1,mtk_iommu,1,1,0,0,0,0,0,0,0,0
mtk_iova_unmap,0x4565a0fa,STOCK_MODULE,iommu_debug,1,mtk_iommu,1,1,0,0,0,0,0,0,0,0
mtk_ipi_device_register,0xbdb7a098,STOCK_MODULE,mtk_tinysys_ipi,1,gpueb;mcupm;scp;vcp,4,4,0,0,0,0,0,0,0,0
mtk_ipi_mux_ops,0xbfe0ef07,STOCK_MODULE,clk_common,1,clk_mt6878,1,1,0,0,0,0,0,0,0,0
mtk_ipi_recv_reply,0x35a6e1e2,STOCK_MODULE,mtk_tinysys_ipi,1,met_ipi_api;scp,2,2,0,0,0,0,0,0,0,0
mtk_ipi_recv_reply_symbol,0x3147ea9b,STOCK_MODULE,met,1,met_ipi_api,1,1,0,0,0,0,0,0,0,0
mtk_ipi_register,0x825ce65b,STOCK_MODULE,mtk_tinysys_ipi,1,ccci_fsm_scp;connscp;fhctl;ged;gpueb;mcupm;met_ipi_api;mtk_gpufreq_wrapper;mtk_vcodec_dec_v1;mtk_vcodec_enc_v1;mtk_vow;scp;sensorhub;snd_soc_audiodsp_common;snd_soc_mtk_scp_ultra;vcp,16,16,0,0,0,0,0,0,0,0
mtk_ipi_register_symbol,0x7170a7e4,STOCK_MODULE,met,1,met_ipi_api,1,1,0,0,0,0,0,0,0,0
mtk_ipi_send,0x19bb8852,STOCK_MODULE,mtk_tinysys_ipi,1,ccci_fsm_scp;connscp;met_ipi_api;mmqos_common;mtk_mmdvfs_v3;mtk_vcodec_dec_v1;mtk_vcodec_enc_v1;mtk_vow;scp;sensorhub;snd_soc_mtk_scp_ultra;vcp,12,12,0,0,0,0,0,0,0,0
mtk_ipi_send_compl,0x705006af,STOCK_MODULE,mtk_tinysys_ipi,1,fhctl;ged;gpueb;mcupm;met_ipi_api;mtk_gpufreq_wrapper;scp;vcp,8,8,0,0,0,0,0,0,0,0
mtk_ipi_send_compl_symbol,0x7a43f1a4,STOCK_MODULE,met,1,met_ipi_api,1,1,0,0,0,0,0,0,0,0
mtk_ipi_send_symbol,0xb6366201,STOCK_MODULE,met,1,met_ipi_api,1,1,0,0,0,0,0,0,0,0
mtk_ipi_unregister,0xa55a0ebf,STOCK_MODULE,mtk_tinysys_ipi,1,connscp;met_ipi_api;sensorhub,3,3,0,0,0,0,0,0,0,0
mtk_ipi_unregister_symbol,0x870c3bd2,STOCK_MODULE,met,1,met_ipi_api,1,1,0,0,0,0,0,0,0,0
mtk_irq_set_disable,0x690eb20a,STOCK_MODULE,snd_soc_mtk_common,1,snd_soc_mt6878_afe,1,1,0,0,0,0,0,0,0,0
mtk_irq_set_enable,0xa8278a54,STOCK_MODULE,snd_soc_mtk_common,1,snd_soc_mt6878_afe,1,1,0,0,0,0,0,0,0,0
mtk_is_mmdvfs_v3_debug_init_done,0x31979ff1,STOCK_MODULE,mtk_mmdvfs_debug,1,mtk_mmdvfs_v3_start,1,1,0,0,0,0,0,0,0,0
mtk_is_virt_gpio,0x04443143,STOCK_MODULE,pinctrl_mtk_v2,1,pinctrl_mtk_common_v2_debug,1,1,0,0,0,0,0,0,0,0
mtk_lcm_dsi_ddic_handler,0x0256dbb9,STOCK_MODULE,mediatek_drm,1,mediatek_drm_panel_drv,1,1,0,0,0,0,0,0,0,0
mtk_leds_brightness_set,0xb18f62f3,STOCK_MODULE,leds_mtk,1,mediatek_drm,1,1,0,0,0,0,0,0,0,0
mtk_leds_register_notifier,0x9d282f02,STOCK_MODULE,leds_mtk,1,mediatek_drm;mediatek_drm_gateic;met_backlight_api;rt4831a_drv;thermal_interface,5,5,0,0,0,0,0,0,0,0
mtk_leds_register_notifier_symbol,0x130d9316,STOCK_MODULE,met,1,met_backlight_api,1,1,0,0,0,0,0,0,0,0
mtk_leds_unregister_notifier,0xf79d16ab,STOCK_MODULE,leds_mtk,1,mediatek_drm;mediatek_drm_gateic;met_backlight_api;rt4831a_drv;thermal_interface,5,5,0,0,0,0,0,0,0,0
mtk_leds_unregister_notifier_symbol,0xa481015e,STOCK_MODULE,met,1,met_backlight_api,1,1,0,0,0,0,0,0,0,0
mtk_loading_base_dvfs_step,0x837aa15b,STOCK_MODULE,mtk_gpu_hal,1,ged,1,1,0,0,0,0,0,0,0,0
mtk_loading_base_dvfs_step_fp,0x62d513cd,STOCK_MODULE,mtk_gpu_hal,1,ged,1,1,0,0,0,0,0,0,0,0
mtk_lp_sysfs_entry_func_create,0x55067d21,STOCK_MODULE,mtk_lpm,1,mtk_lpm_dbg_common_v2,1,1,0,0,0,0,0,0,0,0
mtk_lp_sysfs_entry_func_node_add,0x7c5ba4c8,STOCK_MODULE,mtk_lpm,1,mtk_lpm_dbg_common_v2,1,1,0,0,0,0,0,0,0,0
mtk_lpm_sysfs_entry_node_remove,0x12d88946,STOCK_MODULE,mtk_lpm,1,mtk_lpm_dbg_common_v2,1,1,0,0,0,0,0,0,0,0
mtk_lpm_sysfs_root_entry_create,0xef93aa82,STOCK_MODULE,mtk_lpm,1,mtk_lpm_dbg_common_v2,1,1,0,0,0,0,0,0,0,0
mtk_lpm_sysfs_sub_entry_add,0x12c27859,STOCK_MODULE,mtk_lpm,1,mtk_lpm_dbg_common_v2,1,1,0,0,0,0,0,0,0,0
mtk_lpm_sysfs_sub_entry_node_add,0x09bd7da0,STOCK_MODULE,mtk_lpm,1,mtk_lpm_dbg_common_v2,1,1,0,0,0,0,0,0,0,0
mtk_ltr_gpu_pmu_start,0x5e214817,STOCK_MODULE,mtk_gpu_hal,1,mtk_perf_common,1,1,0,0,0,0,0,0,0,0
mtk_ltr_gpu_pmu_start_fp,0xa9ae58c9,STOCK_MODULE,mtk_gpu_hal,1,mali_kbase_mt6878_r44,1,1,0,0,0,0,0,0,0,0
mtk_ltr_gpu_pmu_stop,0xd5637474,STOCK_MODULE,mtk_gpu_hal,1,mtk_perf_common;mtk_swpm_dbg_common_v1,2,2,0,0,0,0,0,0,0,0
mtk_ltr_gpu_pmu_stop_fp,0x26dbd395,STOCK_MODULE,mtk_gpu_hal,1,mali_kbase_mt6878_r44,1,1,0,0,0,0,0,0,0,0
mtk_map_util_freq,0x0d604f97,STOCK_MODULE,cpufreq_sugov_ext,1,scheduler,1,1,0,0,0,0,0,0,0,0
mtk_mbox_check_send_irq,0x80bd521e,STOCK_MODULE,mtk_mbox,1,adsp;mcupm;mtk_rpmsg_mbox;mtk_scp_audiocommon,4,4,0,0,0,0,0,0,0,0
mtk_mbox_clr_index_record,0xa83c1d47,STOCK_MODULE,mtk_mbox,1,scp,1,1,0,0,0,0,0,0,0,0
mtk_mbox_dump_recv_pin,0xe5fbbdd9,STOCK_MODULE,mtk_mbox,1,adsp;mtk_tinysys_ipi,2,2,0,0,0,0,0,0,0,0
mtk_mbox_get_index_record,0x62943794,STOCK_MODULE,mtk_mbox,1,scp,1,1,0,0,0,0,0,0,0,0
mtk_mbox_polling,0x1208cd68,STOCK_MODULE,mtk_mbox,1,mtk_tinysys_ipi,1,1,0,0,0,0,0,0,0,0
mtk_mbox_probe,0x5c3b8200,STOCK_MODULE,mtk_mbox,1,adsp;gpueb;mcupm;mtk_scp_audiocommon;scp;vcp,6,6,0,0,0,0,0,0,0,0
mtk_mbox_read,0xf2910de5,STOCK_MODULE,mtk_mbox,1,mcupm;scp,2,2,0,0,0,0,0,0,0,0
mtk_mbox_read_recv_irq,0x4d87de50,STOCK_MODULE,mtk_mbox,1,scp,1,1,0,0,0,0,0,0,0,0
mtk_mbox_reset_record,0x4722108b,STOCK_MODULE,mtk_mbox,1,mtk_tinysys_ipi,1,1,0,0,0,0,0,0,0,0
mtk_mbox_trigger_irq,0x7170bb6f,STOCK_MODULE,mtk_mbox,1,adsp;mtk_rpmsg_mbox;mtk_scp_audiocommon,3,3,0,0,0,0,0,0,0,0
mtk_mbox_write,0xd60fa245,STOCK_MODULE,mtk_mbox,1,adsp;gpueb;mcupm;mtk_rpmsg_mbox,4,4,0,0,0,0,0,0,0,0
mtk_mbox_write_hd,0x987931e5,STOCK_MODULE,mtk_mbox,1,adsp;mtk_scp_audiocommon,2,2,0,0,0,0,0,0,0,0
mtk_memif_set_addr,0x3737a7b9,STOCK_MODULE,snd_soc_mtk_common,1,snd_soc_mt6878_afe,1,1,0,0,0,0,0,0,0,0
mtk_memif_set_disable,0x9e796ec8,STOCK_MODULE,snd_soc_mtk_common,1,snd_soc_mt6878_afe,1,1,0,0,0,0,0,0,0,0
mtk_memif_set_enable,0xb08186c7,STOCK_MODULE,snd_soc_mtk_common,1,snd_soc_mt6878_afe,1,1,0,0,0,0,0,0,0,0
mtk_memif_set_pbuf_size,0x315c0d4b,STOCK_MODULE,snd_soc_mtk_common,1,snd_soc_mt6878_afe,1,1,0,0,0,0,0,0,0,0
mtk_mmdvfs_camera_notify,0x87db6ab0,STOCK_MODULE,mtk_mmdvfs_v3,1,mtk_vmm_notifier,1,1,0,0,0,0,0,0,0,0
mtk_mmdvfs_camsv_dc_enable,0x9cddf013,STOCK_MODULE,mtk_mmdvfs_v3,1,mtk_cam_isp7sp,1,1,0,0,0,0,0,0,0,0
mtk_mmdvfs_debug_release_step0,0xd46d2158,STOCK_MODULE,mtk_mmdvfs_debug,1,mmqos_common,1,1,0,0,0,0,0,0,0,0
mtk_mmdvfs_enable_ccu,0xd5d833d2,STOCK_MODULE,mtk_mmdvfs_v3,1,mtk_imgsys_cmdq;mtk_imgsys_v4l2,2,2,0,0,0,0,0,0,0,0
mtk_mmdvfs_enable_vcp,0x7eb4d0e0,STOCK_MODULE,mtk_mmdvfs_v3,1,camera_dpe_isp7sp;mdp_drv_mt6878;mmqos_common;mtk_cam_isp7sp;mtk_dpc;mtk_imgsys_cmdq;mtk_imgsys_v4l2;mtk_jpeg;mtk_mmdvfs_v3_start;mtk_mml;mtk_vcodec_dec_v1;mtk_vcodec_enc_v1;pda_drv_mt6878,13,13,0,0,0,0,0,0,0,0
mtk_mmdvfs_fmeter_register_notifier,0x596a05ff,STOCK_MODULE,mtk_mmdvfs_v3,1,mtk_mmdvfs_debug,1,1,0,0,0,0,0,0,0,0
mtk_mmdvfs_genpd_notify,0xd3756b8e,STOCK_MODULE,mtk_mmdvfs_v3,1,mtk_vmm_notifier,1,1,0,0,0,0,0,0,0,0
mtk_mmdvfs_v3_get_force_step,0x57ced2d0,STOCK_MODULE,mtk_mmdvfs_v3,1,mtk_mmdvfs_debug,1,1,0,0,0,0,0,0,0,0
mtk_mmdvfs_v3_set_force_step,0xf68df9c6,STOCK_MODULE,mtk_mmdvfs_v3,1,mtk_mmdvfs_debug,1,1,0,0,0,0,0,0,0,0
mtk_mmdvfs_v3_set_vote_step,0xd5351405,STOCK_MODULE,mtk_mmdvfs_v3,1,mtk_mmdvfs_debug,1,1,0,0,0,0,0,0,0,0
mtk_mminfra_off_gipc,0x35812b3b,STOCK_MODULE,mtk_mminfra_debug,1,mediatek_drm,1,1,0,0,0,0,0,0,0,0
mtk_mml_msg,0x7148f48d,STOCK_MODULE,mtk_mml,1,mtk_mml_mt6878,1,1,0,0,0,0,0,0,0,0
mtk_mmqos_get_avail_hrt_bw,0x1526a3b5,STOCK_MODULE,mmqos_common,1,mediatek_drm,1,1,0,0,0,0,0,0,0,0
mtk_mmqos_get_cam_hrt,0x15bd5cb7,STOCK_MODULE,mmqos_common,1,mediatek_drm,1,1,0,0,0,0,0,0,0,0
mtk_mmqos_is_dualpipe_enable,0xb6c47456,STOCK_MODULE,mmqos_common,1,mediatek_drm,1,1,0,0,0,0,0,0,0,0
mtk_mmqos_register_bw_throttle_notifier,0xdb7ec430,STOCK_MODULE,mmqos_common,1,mediatek_drm,1,1,0,0,0,0,0,0,0,0
mtk_mmqos_remove,0xb067dc9a,STOCK_MODULE,mmqos_common,1,mmqos_mt6878,1,1,0,0,0,0,0,0,0,0
mtk_mmqos_v2_probe,0xf6f50fd6,STOCK_MODULE,mmqos_common,1,mmqos_mt6878,1,1,0,0,0,0,0,0,0,0
mtk_mmqos_wait_throttle_done,0x047c826f,STOCK_MODULE,mmqos_common,1,mtk_cam_isp7sp,1,1,0,0,0,0,0,0,0,0
mtk_mux_clr_set_ops,0x5c93ee15,STOCK_MODULE,clk_common,1,clk_mt6878,1,1,0,0,0,0,0,0,0,0
mtk_mux_clr_set_upd_ops,0x5dacac3b,STOCK_MODULE,clk_common,1,clk_mt6878,1,1,0,0,0,0,0,0,0,0
mtk_mux_gate_clr_set_upd_ops,0x70a586fb,STOCK_MODULE,clk_common,1,clk_mt6878,1,1,0,0,0,0,0,0,0,0
mtk_mux_user_ops,0x1612f10d,STOCK_MODULE,clk_common,1,mtk_mmdvfs_v3,1,1,0,0,0,0,0,0,0,0
mtk_notify_gpu_freq_change,0x0279e4f6,STOCK_MODULE,mtk_gpu_hal,1,ged,1,1,0,0,0,0,0,0,0,0
mtk_notify_gpu_freq_change_fp,0x3692d973,STOCK_MODULE,mtk_gpu_hal,1,mali_kbase_mt6878_r44,1,1,0,0,0,0,0,0,0,0
mtk_notify_gpu_power_change,0x06a043ba,STOCK_MODULE,mtk_gpu_hal,1,mali_kbase_mt6878_r44,1,1,0,0,0,0,0,0,0,0
mtk_panel_detach,0xdeb133c5,STOCK_MODULE,mtk_panel_ext,1,panel_ky_vtdr6115_dphy_cmd,1,1,0,0,0,0,0,0,0,0
mtk_panel_ext_create,0xea18945b,STOCK_MODULE,mtk_panel_ext,1,mediatek_drm_panel_drv;panel_ky_vtdr6115_dphy_cmd,2,2,0,0,0,0,0,0,0,0
mtk_panel_remove,0x5d406eb0,STOCK_MODULE,mtk_panel_ext,1,panel_ky_vtdr6115_dphy_cmd,1,1,0,0,0,0,0,0,0,0
mtk_panel_tch_handle_reg,0x5adffa30,STOCK_MODULE,mtk_panel_ext,1,mediatek_drm_panel_drv;panel_ky_vtdr6115_dphy_cmd,2,2,0,0,0,0,0,0,0,0
mtk_panel_tch_rst,0x61b60fd9,STOCK_MODULE,mtk_panel_ext,1,mediatek_drm_panel_drv,1,1,0,0,0,0,0,0,0,0
mtk_paris_pinctrl_pm_ops,0x717440da,STOCK_MODULE,pinctrl_mtk_v2,1,pinctrl_mt6878,1,1,0,0,0,0,0,0,0,0
mtk_paris_pinctrl_probe,0xf6aec8a7,STOCK_MODULE,pinctrl_mtk_v2,1,pinctrl_mt6878,1,1,0,0,0,0,0,0,0,0
mtk_pctrl_show_one_pin,0x2cebdc18,STOCK_MODULE,pinctrl_mtk_v2,1,pinctrl_mtk_common_v2_debug,1,1,0,0,0,0,0,0,0,0
mtk_pinconf_adv_drive_get,0x5823900c,STOCK_MODULE,pinctrl_mtk_v2,1,pinctrl_mt6878,1,1,0,0,0,0,0,0,0,0
mtk_pinconf_adv_drive_set,0x78aaf14e,STOCK_MODULE,pinctrl_mtk_v2,1,pinctrl_mt6878,1,1,0,0,0,0,0,0,0,0
mtk_pinconf_bias_get_combo,0x0028780d,STOCK_MODULE,pinctrl_mtk_v2,1,pinctrl_mt6878,1,1,0,0,0,0,0,0,0,0
mtk_pinconf_bias_set_combo,0xa6facbf8,STOCK_MODULE,pinctrl_mtk_v2,1,pinctrl_mt6878,1,1,0,0,0,0,0,0,0,0
mtk_register_gpu_power_change,0xd197876c,STOCK_MODULE,mtk_gpu_hal,1,ged;mtk_gpu_qos,2,2,0,0,0,0,0,0,0,0
mtk_register_power_domains,0xeb7f89da,STOCK_MODULE,mtk_scpsys,1,mtk_scpsys_mt6878,1,1,0,0,0,0,0,0,0,0
mtk_register_swpm_ops,0xec2a6a0f,STOCK_MODULE,mtk_swpm,1,mtk_swpm_dbg_v6878,1,1,0,0,0,0,0,0,0,0
mtk_regmap_update_bits,0x8681cb8c,STOCK_MODULE,snd_soc_mtk_common,1,snd_soc_mt6878_afe,1,1,0,0,0,0,0,0,0,0
mtk_rpmsg_create_channel,0xb1fef50a,STOCK_MODULE,mtk_rpmsg_mbox,1,mtk_tinysys_ipi,1,1,0,0,0,0,0,0,0,0
mtk_rpmsg_create_device,0x639753b0,STOCK_MODULE,mtk_rpmsg_mbox,1,mtk_tinysys_ipi,1,1,0,0,0,0,0,0,0,0
mtk_rpmsg_create_rproc_subdev,0xbcefcefe,STOCK_MODULE,ccd_rpmsg,1,mtk_ccd_remoteproc,1,1,0,0,0,0,0,0,0,0
mtk_rpmsg_destroy_rpmsgdev,0xc9e25960,STOCK_MODULE,ccd_rpmsg,1,mtk_ccd_remoteproc,1,1,0,0,0,0,0,0,0,0
mtk_rpmsg_destroy_rproc_subdev,0x86903274,STOCK_MODULE,ccd_rpmsg,1,mtk_ccd_remoteproc,1,1,0,0,0,0,0,0,0,0
mtk_save_uart_apdma_reg,0x220aab06,STOCK_MODULE,mtk_uart_apdma,1,8250_mtk,1,1,0,0,0,0,0,0,0,0
mtk_scp_ipi_send,0x61dba3b7,STOCK_MODULE,snd_soc_audiodsp_common,1,mtk_soc_offload_common,1,1,0,0,0,0,0,0,0,0
mtk_set_bottom_gpu_freq,0xa3723568,STOCK_MODULE,mtk_gpu_hal,1,ged,1,1,0,0,0,0,0,0,0,0
mtk_set_bottom_gpu_freq_fp,0x02adb4e4,STOCK_MODULE,mtk_gpu_hal,1,ged,1,1,0,0,0,0,0,0,0,0
mtk_set_fastdvfs_mode,0xe920b044,STOCK_MODULE,mtk_gpu_hal,1,ged,1,1,0,0,0,0,0,0,0,0
mtk_set_fastdvfs_mode_fp,0x3f8981d2,STOCK_MODULE,mtk_gpu_hal,1,ged,1,1,0,0,0,0,0,0,0,0
mtk_set_gpu_idle,0x086c39c4,STOCK_MODULE,mtk_gpu_hal,1,ged,1,1,0,0,0,0,0,0,0,0
mtk_set_gpu_idle_fp,0x3b0da3a7,STOCK_MODULE,mtk_gpu_hal,1,mali_kbase_mt6878_r44,1,1,0,0,0,0,0,0,0,0
mtk_smem_init,0x124493ab,STOCK_MODULE,mtk_mbox,1,gpueb;mcupm,2,2,0,0,0,0,0,0,0,0
mtk_smi_check_comm_ref_cnt,0xe6085c29,STOCK_MODULE,mtk_smi,1,mtk_smi_dbg,1,1,0,0,0,0,0,0,0,0
mtk_smi_check_larb_ref_cnt,0x78b4b1ff,STOCK_MODULE,mtk_smi,1,mtk_smi_dbg,1,1,0,0,0,0,0,0,0,0
mtk_smi_common_bw_set,0x0fb67c14,STOCK_MODULE,mtk_smi,1,mmqos_common,1,1,0,0,0,0,0,0,0,0
mtk_smi_common_ostdl_set,0x000578c1,STOCK_MODULE,mtk_smi,1,mmqos_common,1,1,0,0,0,0,0,0,0,0
mtk_smi_dbg_cg_status,0x18135df6,STOCK_MODULE,mtk_smi_dbg,1,mtk_mminfra_debug,1,1,0,0,0,0,0,0,0,0
mtk_smi_dbg_dump_for_disp,0x979fc78c,STOCK_MODULE,mtk_smi_dbg,1,mediatek_drm,1,1,0,0,0,0,0,0,0,0
mtk_smi_dbg_dump_for_isp_fast,0xff44cfe7,STOCK_MODULE,mtk_smi_dbg,1,mtk_imgsys_cmdq,1,1,0,0,0,0,0,0,0,0
mtk_smi_dbg_dump_for_mminfra,0x29c0975f,STOCK_MODULE,mtk_smi_dbg,1,mtk_mminfra_debug;vcp,2,2,0,0,0,0,0,0,0,0
mtk_smi_dbg_dump_for_mml,0xecbbce20,STOCK_MODULE,mtk_smi_dbg,1,mtk_mml,1,1,0,0,0,0,0,0,0,0
mtk_smi_dbg_dump_for_venc,0x2f5ac86e,STOCK_MODULE,mtk_smi_dbg,1,mtk_vcodec_enc_v1,1,1,0,0,0,0,0,0,0,0
mtk_smi_dbg_hang_detect,0x689f7bde,STOCK_MODULE,mtk_smi_dbg,1,mdp_drv_mt6878;mediatek_drm;mtk_cam_isp7sp;mtk_ccuv;mtk_cmdq_drv_ext;mtk_imgsys_cmdq;mtk_iommu;mtk_mminfra_debug;mtk_vcodec_enc_v1,9,9,0,0,0,0,0,0,0,0
mtk_smi_dbg_register_force_on_notifier,0x6f4e57a9,STOCK_MODULE,mtk_smi_dbg,1,mtk_mmdvfs_v3,1,1,0,0,0,0,0,0,0,0
mtk_smi_dbg_register_notifier,0x7eb4f7d7,STOCK_MODULE,mtk_smi_dbg,1,mmqos_common;mtk_cam_isp7sp;mtk_iommu;mtk_mmdvfs;mtk_mmdvfs_debug;mtk_mminfra_debug,6,6,0,0,0,0,0,0,0,0
mtk_smi_driver_register_notifier,0xd92031b9,STOCK_MODULE,mtk_smi,1,mtk_smi_dbg,1,1,0,0,0,0,0,0,0,0
mtk_smi_dump_last_flow_ctrl_dbg,0x102e973c,STOCK_MODULE,mtk_smi,1,mtk_smi_dbg,1,1,0,0,0,0,0,0,0,0
mtk_smi_dump_last_pd,0xdd9998f6,STOCK_MODULE,mtk_smi,1,mtk_smi_dbg,1,1,0,0,0,0,0,0,0,0
mtk_smi_init_power_off,0xec0dac4b,STOCK_MODULE,mtk_smi,1,mediatek_drm,1,1,0,0,0,0,0,0,0,0
mtk_smi_larb_bw_set,0xc6e55ebe,STOCK_MODULE,mtk_smi,1,mmqos_common,1,1,0,0,0,0,0,0,0,0
mtk_smi_larb_clamp_and_lock,0x0f38555d,STOCK_MODULE,mtk_smi,1,mtk_imgsys_isp7sp;mtk_imgsys_v4l2,2,2,0,0,0,0,0,0,0,0
mtk_smi_larb_ultra_dis,0x70a454d5,STOCK_MODULE,mtk_smi,1,mtk_cam_isp7sp,1,1,0,0,0,0,0,0,0,0
mtk_smi_status_check,0x47de384c,STOCK_MODULE,mtk_smi,1,mtk_cam_isp7sp,1,1,0,0,0,0,0,0,0,0
mtk_smi_sysram_set,0x4d00a486,STOCK_MODULE,mtk_smi,1,mtk_vcodec_enc_v1,1,1,0,0,0,0,0,0,0,0
mtk_smpu_isr_hook_register,0xa25d3aae,STOCK_MODULE,smpu,1,smpu_hook_v1,1,1,0,0,0,0,0,0,0,0
mtk_smpu_md_handling_register,0x47a8d9c2,STOCK_MODULE,smpu,1,ccci_md_all,1,1,0,0,0,0,0,0,0,0
mtk_sp_clean_written_buffer_ack,0x81a78de8,STOCK_MODULE,snd_soc_mtk_common,1,snd_soc_mt6878_afe,1,1,0,0,0,0,0,0,0,0
mtk_spk_get_i2s_in_type,0xcec4f420,STOCK_MODULE,mtk_sp_spk_amp,1,mt6878_mt6369,1,1,0,0,0,0,0,0,0,0
mtk_spk_get_i2s_out_type,0x4bd92e79,STOCK_MODULE,mtk_sp_spk_amp,1,mt6878_mt6369,1,1,0,0,0,0,0,0,0,0
mtk_spk_get_type,0x3c4989b8,STOCK_MODULE,mtk_sp_spk_amp,1,mt6878_mt6369,1,1,0,0,0,0,0,0,0,0
mtk_spk_set_reduceDb,0x1ca92b6c,STOCK_MODULE,mtk_sp_spk_amp,1,mt6878_mt6369,1,1,0,0,0,0,0,0,0,0
mtk_spk_update_info,0x0fbd32ed,STOCK_MODULE,mtk_sp_spk_amp,1,mt6878_mt6369,1,1,0,0,0,0,0,0,0,0
mtk_spm_sysfs_entry_node_add,0xda472c36,STOCK_MODULE,mtk_lpm,1,mtk_lpm_dbg_common_v2,1,1,0,0,0,0,0,0,0,0
mtk_spm_sysfs_root_entry_create,0x653b329e,STOCK_MODULE,mtk_lpm,1,mtk_lpm_dbg_common_v2,1,1,0,0,0,0,0,0,0,0
mtk_suspend_sysfs_entry_node_add,0xa5cd22db,STOCK_MODULE,mtk_lpm,1,mtk_lpm_dbg_common_v2,1,1,0,0,0,0,0,0,0,0
mtk_suspend_sysfs_root_entry_create,0x81ec4014,STOCK_MODULE,mtk_lpm,1,mtk_lpm_dbg_common_v2,1,1,0,0,0,0,0,0,0,0
mtk_swpm_gpu_pm_start,0x7fcb5eb0,STOCK_MODULE,mtk_gpu_hal,1,mtk_swpm_dbg_common_v1,1,1,0,0,0,0,0,0,0,0
mtk_swpm_gpu_pm_start_fp,0x4e1cc5c4,STOCK_MODULE,mtk_gpu_hal,1,mali_kbase_mt6878_r44,1,1,0,0,0,0,0,0,0,0
mtk_swpm_sysfs_entry_func_node_add,0x57132996,STOCK_MODULE,mtk_swpm,1,mtk_swpm_cpu_dbg_v6878;mtk_swpm_dbg_common_v1;mtk_swpm_dbg_v6878,3,3,0,0,0,0,0,0,0,0
mtk_sync_fence_create,0xa6b4f7d0,STOCK_MODULE,mtk_sync,1,mediatek_drm;mtk_mml,2,2,0,0,0,0,0,0,0,0
mtk_sync_share_fence_create,0xadd140bf,STOCK_MODULE,mtk_sync,1,mediatek_drm,1,1,0,0,0,0,0,0,0,0
mtk_sync_slow_descent_fp,0xe04f8261,STOCK_MODULE,mediatek_drm,1,msync2_frd,1,1,0,0,0,0,0,0,0,0
mtk_sync_te_level_decision_fp,0xc8c2dcfc,STOCK_MODULE,mediatek_drm,1,msync2_frd,1,1,0,0,0,0,0,0,0,0
mtk_sync_timeline_create,0xdec5777e,STOCK_MODULE,mtk_sync,1,mediatek_drm;mtk_mml,2,2,0,0,0,0,0,0,0,0
mtk_sync_timeline_destroy,0x39e54c23,STOCK_MODULE,mtk_sync,1,mtk_mml,1,1,0,0,0,0,0,0,0,0
mtk_sync_timeline_inc,0x669e62ec,STOCK_MODULE,mtk_sync,1,mediatek_drm,1,1,0,0,0,0,0,0,0,0
mtk_timer_base_dvfs_margin,0x41d6caa8,STOCK_MODULE,mtk_gpu_hal,1,ged,1,1,0,0,0,0,0,0,0,0
mtk_timer_base_dvfs_margin_fp,0xa8c8588a,STOCK_MODULE,mtk_gpu_hal,1,ged,1,1,0,0,0,0,0,0,0,0
mtk_uart_apdma_data_dump,0xe840192a,STOCK_MODULE,mtk_uart_apdma,1,8250_mtk,1,1,0,0,0,0,0,0,0,0
mtk_uart_apdma_enable_vff,0xfb65a99f,STOCK_MODULE,mtk_uart_apdma,1,8250_mtk,1,1,0,0,0,0,0,0,0,0
mtk_uart_apdma_end_record,0x8685180b,STOCK_MODULE,mtk_uart_apdma,1,8250_mtk,1,1,0,0,0,0,0,0,0,0
mtk_uart_apdma_polling_rx_finish,0x91bef507,STOCK_MODULE,mtk_uart_apdma,1,8250_mtk,1,1,0,0,0,0,0,0,0,0
mtk_uart_apdma_polling_tx_finish,0x698f3950,STOCK_MODULE,mtk_uart_apdma,1,8250_mtk,1,1,0,0,0,0,0,0,0,0
mtk_uart_apdma_start_record,0x900fc309,STOCK_MODULE,mtk_uart_apdma,1,8250_mtk,1,1,0,0,0,0,0,0,0,0
mtk_uart_get_apdma_handler_state,0x7c731ead,STOCK_MODULE,mtk_uart_apdma,1,8250_mtk,1,1,0,0,0,0,0,0,0,0
mtk_uart_get_apdma_rpt,0x8b2ba825,STOCK_MODULE,mtk_uart_apdma,1,8250_mtk,1,1,0,0,0,0,0,0,0,0
mtk_uart_get_apdma_rx_state,0x20ab4b65,STOCK_MODULE,mtk_uart_apdma,1,8250_mtk,1,1,0,0,0,0,0,0,0,0
mtk_uart_rx_setting,0xc50e5f09,STOCK_MODULE,mtk_uart_apdma,1,8250_mtk,1,1,0,0,0,0,0,0,0,0
mtk_uart_set_apdma_clk,0x45bb3e27,STOCK_MODULE,mtk_uart_apdma,1,8250_mtk,1,1,0,0,0,0,0,0,0,0
mtk_uart_set_apdma_rx_irq,0xd8a8b41e,STOCK_MODULE,mtk_uart_apdma,1,8250_mtk,1,1,0,0,0,0,0,0,0,0
mtk_uart_set_apdma_rx_state,0x8553dcc8,STOCK_MODULE,mtk_uart_apdma,1,8250_mtk,1,1,0,0,0,0,0,0,0,0
mtk_uart_set_rx_res_status,0x9b197b65,STOCK_MODULE,mtk_uart_apdma,1,8250_mtk,1,1,0,0,0,0,0,0,0,0
mtk_uart_set_tx_res_status,0xe9e821e5,STOCK_MODULE,mtk_uart_apdma,1,8250_mtk,1,1,0,0,0,0,0,0,0,0
mtk_unregister_gpu_power_change,0xf95d44ce,STOCK_MODULE,mtk_gpu_hal,1,ged,1,1,0,0,0,0,0,0,0,0
mtk_v4l2_dbg_level,0x313401e5,STOCK_MODULE,mtk_vcodec_common,1,mtk_vcodec_dec_v1;mtk_vcodec_enc_v1,2,2,0,0,0,0,0,0,0,0
mtk_vcodec_add_ctx_list,0xe2a28664,STOCK_MODULE,mtk_vcodec_common,1,mtk_vcodec_dec_v1;mtk_vcodec_enc_v1,2,2,0,0,0,0,0,0,0,0
mtk_vcodec_alloc_mem,0x3937cd70,STOCK_MODULE,mtk_vcodec_common,1,mtk_vcodec_dec_v1;mtk_vcodec_enc_v1,2,2,0,0,0,0,0,0,0,0
mtk_vcodec_check_alive,0x4f31871b,STOCK_MODULE,mtk_vcodec_common,1,mtk_vcodec_dec_v1;mtk_vcodec_enc_v1,2,2,0,0,0,0,0,0,0,0
mtk_vcodec_config_group_list,0x2b039b28,STOCK_MODULE,mtk_vcodec_common,1,mtk_vcodec_dec_v1;mtk_vcodec_enc_v1,2,2,0,0,0,0,0,0,0,0
mtk_vcodec_dbg,0x8de528fb,STOCK_MODULE,mtk_vcodec_common,1,mtk_vcodec_dec_v1;mtk_vcodec_enc_v1,2,2,0,0,0,0,0,0,0,0
mtk_vcodec_dec_irq_setup,0x506ea4ba,STOCK_MODULE,mtk_vcodec_common,1,mtk_vcodec_dec_v1,1,1,0,0,0,0,0,0,0,0
mtk_vcodec_del_ctx_list,0x9d2d0b97,STOCK_MODULE,mtk_vcodec_common,1,mtk_vcodec_dec_v1;mtk_vcodec_enc_v1,2,2,0,0,0,0,0,0,0,0
mtk_vcodec_dump_ctx_list,0x8b07d14c,STOCK_MODULE,mtk_vcodec_common,1,mtk_vcodec_dec_v1;mtk_vcodec_enc_v1,2,2,0,0,0,0,0,0,0,0
mtk_vcodec_enc_irq_setup,0xb35d48bc,STOCK_MODULE,mtk_vcodec_common,1,mtk_vcodec_enc_v1,1,1,0,0,0,0,0,0,0,0
mtk_vcodec_fence_signal,0x1ff18a33,STOCK_MODULE,mtk_vcodec_common,1,mtk_vcodec_dec_v1,1,1,0,0,0,0,0,0,0,0
mtk_vcodec_free_mem,0x793a34ef,STOCK_MODULE,mtk_vcodec_common,1,mtk_vcodec_dec_v1;mtk_vcodec_enc_v1,2,2,0,0,0,0,0,0,0,0
mtk_vcodec_gce_timeout_dump,0xc9ab4b6a,STOCK_MODULE,mtk_vcodec_common,1,mtk_vcodec_dec_v1;mtk_vcodec_enc_v1,2,2,0,0,0,0,0,0,0,0
mtk_vcodec_get_bs,0x722638fe,STOCK_MODULE,mtk_vcodec_common,1,mtk_vcodec_enc_v1,1,1,0,0,0,0,0,0,0,0
mtk_vcodec_get_curr_ctx,0x7efb19d5,STOCK_MODULE,mtk_vcodec_common,1,mtk_vcodec_dec_v1,1,1,0,0,0,0,0,0,0,0
mtk_vcodec_get_enc_reg_addr,0x1a09a655,STOCK_MODULE,mtk_vcodec_common,1,mtk_vcodec_enc_v1,1,1,0,0,0,0,0,0,0,0
mtk_vcodec_get_fb,0x94cff957,STOCK_MODULE,mtk_vcodec_common,1,mtk_vcodec_dec_v1,1,1,0,0,0,0,0,0,0,0
mtk_vcodec_get_log,0x8b5c437d,STOCK_MODULE,mtk_vcodec_common,1,mtk_vcodec_dec_v1;mtk_vcodec_enc_v1,2,2,0,0,0,0,0,0,0,0
mtk_vcodec_get_state,0x5d526689,STOCK_MODULE,mtk_vcodec_common,1,mtk_vcodec_dec_v1;mtk_vcodec_enc_v1,2,2,0,0,0,0,0,0,0,0
mtk_vcodec_init_group_list_lock,0xac397f13,STOCK_MODULE,mtk_vcodec_common,1,mtk_vcodec_dec_v1;mtk_vcodec_enc_v1,2,2,0,0,0,0,0,0,0,0
mtk_vcodec_init_slice_info,0x0f78ab8f,STOCK_MODULE,mtk_vcodec_common,1,mtk_vcodec_dec_v1,1,1,0,0,0,0,0,0,0,0
mtk_vcodec_is_state,0xe3810ce2,STOCK_MODULE,mtk_vcodec_common,1,mtk_vcodec_dec_v1;mtk_vcodec_enc_v1,2,2,0,0,0,0,0,0,0,0
mtk_vcodec_is_vcp,0x5e9ec63c,STOCK_MODULE,mtk_vcodec_common,1,mtk_vcodec_dec_v1;mtk_vcodec_enc_v1,2,2,0,0,0,0,0,0,0,0
mtk_vcodec_perf,0x77f7811a,STOCK_MODULE,mtk_vcodec_common,1,mtk_vcodec_dec_v1;mtk_vcodec_enc_v1,2,2,0,0,0,0,0,0,0,0
mtk_vcodec_set_cpu_hint,0xe804d4ea,STOCK_MODULE,mtk_vcodec_common,1,mtk_vcodec_dec_v1;mtk_vcodec_enc_v1,2,2,0,0,0,0,0,0,0,0
mtk_vcodec_set_curr_ctx,0x73af7820,STOCK_MODULE,mtk_vcodec_common,1,mtk_vcodec_dec_v1,1,1,0,0,0,0,0,0,0,0
mtk_vcodec_set_log,0x554138e8,STOCK_MODULE,mtk_vcodec_common,1,mtk_vcodec_dec_v1;mtk_vcodec_enc_v1,2,2,0,0,0,0,0,0,0,0
mtk_vcodec_set_state,0xe0402376,STOCK_MODULE,mtk_vcodec_common,1,mtk_vcodec_dec_v1;mtk_vcodec_enc_v1,2,2,0,0,0,0,0,0,0,0
mtk_vcodec_set_state_except,0x2ccd22b9,STOCK_MODULE,mtk_vcodec_common,1,mtk_vcodec_enc_v1,1,1,0,0,0,0,0,0,0,0
mtk_vcodec_set_state_from,0xdd74b260,STOCK_MODULE,mtk_vcodec_common,1,mtk_vcodec_dec_v1;mtk_vcodec_enc_v1,2,2,0,0,0,0,0,0,0,0
mtk_vcodec_state_in_range,0xdf7f3a08,STOCK_MODULE,mtk_vcodec_common,1,mtk_vcodec_dec_v1;mtk_vcodec_enc_v1,2,2,0,0,0,0,0,0,0,0
mtk_vcodec_vcp,0x7d817ffb,STOCK_MODULE,mtk_vcodec_common,1,mtk_vcodec_dec_v1;mtk_vcodec_enc_v1;mtk_vcu,3,3,0,0,0,0,0,0,0,0
mtk_vcodec_vp_mode_buf_prepare,0xbe495bab,STOCK_MODULE,mtk_vcodec_common,1,mtk_vcodec_dec_v1,1,1,0,0,0,0,0,0,0,0
mtk_vcodec_vp_mode_buf_unprepare,0xf09f9b2a,STOCK_MODULE,mtk_vcodec_common,1,mtk_vcodec_dec_v1,1,1,0,0,0,0,0,0,0,0
mtk_vcodec_wait_for_done_ctx,0xe9087cd4,STOCK_MODULE,mtk_vcodec_common,1,mtk_vcodec_dec_v1;mtk_vcodec_enc_v1,2,2,0,0,0,0,0,0,0,0
mtk_vdec_lpw_level,0xdb2ecddb,STOCK_MODULE,mtk_vcodec_common,1,mtk_vcodec_dec_v1,1,1,0,0,0,0,0,0,0,0
mtk_vdec_lpw_limit,0x12c79179,STOCK_MODULE,mtk_vcodec_common,1,mtk_vcodec_dec_v1,1,1,0,0,0,0,0,0,0,0
mtk_vdec_lpw_timeout,0xcfd00635,STOCK_MODULE,mtk_vcodec_common,1,mtk_vcodec_dec_v1,1,1,0,0,0,0,0,0,0,0
mtk_vdec_property,0x4144fca1,STOCK_MODULE,mtk_vcodec_common,1,mtk_vcodec_dec_v1,1,1,0,0,0,0,0,0,0,0
mtk_vdec_slc_enable,0xd51da8ca,STOCK_MODULE,mtk_vcodec_common,1,mtk_vcodec_dec_v1,1,1,0,0,0,0,0,0,0,0
mtk_vdec_trace_enable,0xeff1b03c,STOCK_MODULE,mtk_vcodec_common,1,mtk_vcodec_dec_v1;mtk_vcodec_enc_v1,2,2,0,0,0,0,0,0,0,0
mtk_vdec_vcp_log,0xe395f0a0,STOCK_MODULE,mtk_vcodec_common,1,mtk_vcodec_dec_v1,1,1,0,0,0,0,0,0,0,0
mtk_venc_property,0xed40812a,STOCK_MODULE,mtk_vcodec_common,1,mtk_vcodec_enc_v1,1,1,0,0,0,0,0,0,0,0
mtk_venc_slb_cb,0x3f26cfd6,STOCK_MODULE,mtk_vcodec_common,1,mtk_vcodec_enc_v1,1,1,0,0,0,0,0,0,0,0
mtk_venc_vcp_log,0x5b113b8b,STOCK_MODULE,mtk_vcodec_common,1,mtk_vcodec_enc_v1,1,1,0,0,0,0,0,0,0,0
mtk_vidle_register,0xcdbf394b,STOCK_MODULE,mediatek_drm,1,mtk_dpc,1,1,0,0,0,0,0,0,0,0
mtk_wcn_wlan_reg,0x5e10da3d,STOCK_MODULE,wmt_chrdev_wifi_connac2,1,wlan_drv_gen4m_6878,1,1,0,0,0,0,0,0,0,0
mtk_wcn_wlan_unreg,0x95c4c296,STOCK_MODULE,wmt_chrdev_wifi_connac2,1,wlan_drv_gen4m_6878,1,1,0,0,0,0,0,0,0,0
mtkfb_set_backlight_level,0xacddd9d2,STOCK_MODULE,mediatek_drm,1,leds_mtk_disp,1,1,0,0,0,0,0,0,0,0
notify_3way_semaphore_control,0x2f59a855,STOCK_MODULE,mtk_afe_external,1,snd_soc_mtk_common;snd_soc_mtk_scp_ultra,2,2,0,0,0,0,0,0,0,0
notify_allocate_mem,0xb8b94ae2,STOCK_MODULE,mtk_afe_external,1,snd_soc_mtk_common,1,1,0,0,0,0,0,0,0,0
notify_fpsgo_touch_latency_ko_ready,0x17cb0a23,STOCK_MODULE,mtk_fpsgo,1,fpsgo,1,1,0,0,0,0,0,0,0,0
notify_rl_ko_is_ready,0xe14b9a67,STOCK_MODULE,mtk_fpsgo,1,fpsgo,1,1,0,0,0,0,0,0,0,0
notify_ultra_afe_hw_free,0x256df0b4,STOCK_MODULE,mtk_afe_external,1,snd_soc_mtk_common,1,1,0,0,0,0,0,0,0,0
notify_vb_audio_control,0xd7e8fa89,STOCK_MODULE,mtk_afe_external,1,mediatek_drm;mtk_soc_offload_common,2,2,0,0,0,0,0,0,0,0
notify_vow_ipi_send,0x3fbeb482,STOCK_MODULE,mtk_afe_external,1,snd_soc_mtk_common,1,1,0,0,0,0,0,0,0,0
notify_xgf_ko_ready,0xf1f421d0,STOCK_MODULE,mtk_fpsgo,1,fpsgo,1,1,0,0,0,0,0,0,0,0
of_mtk_icc_get,0x850ba952,STOCK_MODULE,mtk_icc_core,1,mdp_drv_mt6878;mediatek_drm;mtk_cam_isp7sp;mtk_ccuv;mtk_imgsys_cmdq;mtk_jpeg;mtk_mml;mtk_vcodec_dec_v1;mtk_vcodec_enc_v1;pda_drv_mt6878,10,10,0,0,0,0,0,0,0,0
open_candev,0x0dd3afa3,STOCK_MODULE,can_dev,1,slcan,1,1,0,0,0,0,0,0,0,0
pd_X2Y,0x5b05464d,STOCK_MODULE,cpufreq_sugov_ext,1,mtk_fpsgo,1,1,0,0,0,0,0,0,0,0
pd_dbg_info,0x48fb7437,STOCK_MODULE,pd_dbg_info,1,tcpc_class;tcpc_mt6375,2,2,0,0,0,0,0,0,0,0
pd_get_cpu_opp,0x6bb5ca2c,STOCK_MODULE,cpufreq_sugov_ext,1,mtk_fpsgo,1,1,0,0,0,0,0,0,0,0
pd_get_dsu_weighting,0x87b1262a,STOCK_MODULE,cpufreq_sugov_ext,1,scheduler,1,1,0,0,0,0,0,0,0,0
pd_get_emi_weighting,0x5245a357,STOCK_MODULE,cpufreq_sugov_ext,1,scheduler,1,1,0,0,0,0,0,0,0,0
pd_get_freq_opp_legacy,0xa3825629,STOCK_MODULE,cpufreq_sugov_ext,1,scheduler,1,1,0,0,0,0,0,0,0,0
pd_get_freq_opp_legacy_type,0x1bf1fbe0,STOCK_MODULE,cpufreq_sugov_ext,1,scheduler,1,1,0,0,0,0,0,0,0,0
pd_get_freq_ps,0xb5cab487,STOCK_MODULE,cpufreq_sugov_ext,1,scheduler,1,1,0,0,0,0,0,0,0,0
pd_get_freq_util,0xb459aae8,STOCK_MODULE,cpufreq_sugov_ext,1,mtk_c2ps;scheduler,2,2,0,0,0,0,0,0,0,0
pd_get_opp_capacity,0xac073acf,STOCK_MODULE,cpufreq_sugov_ext,1,scheduler,1,1,0,0,0,0,0,0,0,0
pd_get_opp_capacity_legacy,0xd422dc84,STOCK_MODULE,cpufreq_sugov_ext,1,mtk_core_ctl;mtk_fpsgo,2,2,0,0,0,0,0,0,0,0
pd_get_opp_freq_legacy,0x836f0f34,STOCK_MODULE,cpufreq_sugov_ext,1,scheduler,1,1,0,0,0,0,0,0,0,0
pd_get_opp_leakage,0x0d5cb810,STOCK_MODULE,cpufreq_sugov_ext,1,scheduler,1,1,0,0,0,0,0,0,0,0
pd_get_opp_ps,0x382c521d,STOCK_MODULE,cpufreq_sugov_ext,1,scheduler,1,1,0,0,0,0,0,0,0,0
pd_get_util_freq,0xab4599f1,STOCK_MODULE,cpufreq_sugov_ext,1,mtk_c2ps,1,1,0,0,0,0,0,0,0,0
pd_get_util_ps,0x3cfedf08,STOCK_MODULE,cpufreq_sugov_ext,1,scheduler,1,1,0,0,0,0,0,0,0,0
pd_get_util_ps_legacy,0x83ee689b,STOCK_MODULE,cpufreq_sugov_ext,1,scheduler,1,1,0,0,0,0,0,0,0,0
pdchk_common_init,0x00433094,STOCK_MODULE,clk_common,1,pd_chk_mt6878,1,1,0,0,0,0,0,0,0,0
pdchk_debug_dump,0x4a3c8e94,STOCK_MODULE,clk_common,1,mtk_mminfra_debug,1,1,0,0,0,0,0,0,0,0
pdchk_dev_pm_ops,0x5eeeb7c8,STOCK_MODULE,clk_common,1,pd_chk_mt6878,1,1,0,0,0,0,0,0,0,0
pdchk_dump_trace_evt,0x4cb6bfbf,STOCK_MODULE,clk_common,1,clk_chk_mt6878,1,1,0,0,0,0,0,0,0,0
pdchk_hwv_irq_init,0x3659f14d,STOCK_MODULE,clk_common,1,pd_chk_mt6878,1,1,0,0,0,0,0,0,0,0
plat_vtskin_info,0x3e067ed0,STOCK_MODULE,thermal_interface,1,vtskin_temp,1,1,0,0,0,0,0,0,0,0
port_lookup_tid,0x141326e4,STOCK_MODULE,gz_ipc_mod,1,gz_tz_system,1,1,0,0,0,0,0,0,0,0
powerhal_adpf_close_fp,0xb33fa2f6,STOCK_MODULE,mtk_ioctl_powerhal,1,powerhal_cpu_ctrl,1,1,0,0,0,0,0,0,0,0
powerhal_adpf_create_session_hint_fp,0x5807438a,STOCK_MODULE,mtk_ioctl_powerhal,1,powerhal_cpu_ctrl,1,1,0,0,0,0,0,0,0,0
powerhal_adpf_get_hint_session_preferred_rate_fp,0xb1515988,STOCK_MODULE,mtk_ioctl_powerhal,1,powerhal_cpu_ctrl,1,1,0,0,0,0,0,0,0,0
powerhal_adpf_pause_fp,0x8dc0ef24,STOCK_MODULE,mtk_ioctl_powerhal,1,powerhal_cpu_ctrl,1,1,0,0,0,0,0,0,0,0
powerhal_adpf_report_actual_work_duration_fp,0x8800706c,STOCK_MODULE,mtk_ioctl_powerhal,1,powerhal_cpu_ctrl,1,1,0,0,0,0,0,0,0,0
powerhal_adpf_resume_fp,0xc0d1cb03,STOCK_MODULE,mtk_ioctl_powerhal,1,powerhal_cpu_ctrl,1,1,0,0,0,0,0,0,0,0
powerhal_adpf_sent_hint_fp,0xfd4fc39a,STOCK_MODULE,mtk_ioctl_powerhal,1,powerhal_cpu_ctrl,1,1,0,0,0,0,0,0,0,0
powerhal_adpf_set_threads_fp,0xa070e3c4,STOCK_MODULE,mtk_ioctl_powerhal,1,powerhal_cpu_ctrl,1,1,0,0,0,0,0,0,0,0
powerhal_adpf_update_work_duration_fp,0x34ee6a2f,STOCK_MODULE,mtk_ioctl_powerhal,1,powerhal_cpu_ctrl,1,1,0,0,0,0,0,0,0,0
powerhal_dsu_sport_mode_fp,0x493844a0,STOCK_MODULE,mtk_ioctl_powerhal,1,powerhal_cpu_ctrl,1,1,0,0,0,0,0,0,0,0
ppp_channel_index,0x327e4f33,STOCK_MODULE,ppp_generic,1,pppox,1,1,0,0,0,0,0,0,0,0
ppp_dev_name,0x2a0f447d,STOCK_MODULE,ppp_generic,1,l2tp_ppp,1,1,0,0,0,0,0,0,0,0
ppp_input,0x5718e0ba,STOCK_MODULE,ppp_generic,1,l2tp_ppp;pptp,2,2,0,0,0,0,0,0,0,0
ppp_register_channel,0x621da830,STOCK_MODULE,ppp_generic,1,pptp,1,1,0,0,0,0,0,0,0,0
ppp_register_compressor,0x8433847c,STOCK_MODULE,ppp_generic,1,bsd_comp;ppp_deflate;ppp_mppe,3,3,0,0,0,0,0,0,0,0
ppp_register_net_channel,0x2f4ffc7e,STOCK_MODULE,ppp_generic,1,l2tp_ppp,1,1,0,0,0,0,0,0,0,0
ppp_unregister_channel,0x5964a2a8,STOCK_MODULE,ppp_generic,1,pppox,1,1,0,0,0,0,0,0,0,0
ppp_unregister_compressor,0x6e8c0e61,STOCK_MODULE,ppp_generic,1,bsd_comp;ppp_deflate;ppp_mppe,3,3,0,0,0,0,0,0,0,0
pppox_compat_ioctl,0x96106b85,STOCK_MODULE,pppox,1,l2tp_ppp;pptp,2,2,0,0,0,0,0,0,0,0
pppox_ioctl,0xbe91e020,STOCK_MODULE,pppox,1,l2tp_ppp;pptp,2,2,0,0,0,0,0,0,0,0
pppox_unbind_sock,0x35a33ed7,STOCK_MODULE,pppox,1,l2tp_ppp;pptp,2,2,0,0,0,0,0,0,0,0
print_subsys_reg_mt6878,0xe5590bd7,STOCK_MODULE,clk_chk_mt6878,1,pd_chk_mt6878,1,1,0,0,0,0,0,0,0,0
pwclkcnt,0x208cad27,STOCK_MODULE,vcp_status,1,vcp,1,1,0,0,0,0,0,0,0,0
pwm_set_spec_config,0xa54c8591,STOCK_MODULE,mtk_pwm,1,leds_ln2403;mtk_irtx_pwm,2,2,0,0,0,0,0,0,0,0
pwr_hw_is_on,0x3d44e855,STOCK_MODULE,clk_common,1,clk_chk_mt6878,1,1,0,0,0,0,0,0,0,0
qca_read_soc_version,0x123214f3,STOCK_MODULE,btqca,1,hci_uart,1,1,0,0,0,0,0,0,0,0
qca_send_pre_shutdown_cmd,0xec434633,STOCK_MODULE,btqca,1,hci_uart,1,1,0,0,0,0,0,0,0,0
qca_set_bdaddr,0x2586a331,STOCK_MODULE,btqca,1,hci_uart,1,1,0,0,0,0,0,0,0,0
qca_set_bdaddr_rome,0x5284d1b3,STOCK_MODULE,btqca,1,hci_uart,1,1,0,0,0,0,0,0,0,0
qca_uart_setup,0x1cbf5582,STOCK_MODULE,btqca,1,hci_uart,1,1,0,0,0,0,0,0,0,0
qos_ipi_to_sspm_scmi_command,0xe9d29479,STOCK_MODULE,mtk_qos,1,mtk_gpu_qos;mtk_swpm;mtk_swpm_dbg_v6878,3,3,0,0,0,0,0,0,0,0
qos_rec_check_sram_ext,0x10145cb8,STOCK_MODULE,mtk_qos,1,mtk_perf_common,1,1,0,0,0,0,0,0,0,0
qos_rec_get_dramc_hist_bw,0xfe7434ba,STOCK_MODULE,mtk_qos,1,mtk_perf_common,1,1,0,0,0,0,0,0,0,0
qos_rec_get_hist_bw,0x10c6040e,STOCK_MODULE,mtk_qos,1,mtk_perf_common,1,1,0,0,0,0,0,0,0,0
qos_rec_get_hist_data_bw,0x95fc090a,STOCK_MODULE,mtk_qos,1,mtk_perf_common,1,1,0,0,0,0,0,0,0,0
qos_rec_get_hist_idx,0xccc0bcdb,STOCK_MODULE,mtk_qos,1,mtk_perf_common,1,1,0,0,0,0,0,0,0,0
qos_sram_read,0xdde97e81,STOCK_MODULE,mtk_qos,1,apusys;mtk_perf_common,2,2,0,0,0,0,0,0,0,0
qos_sram_write,0x371b73fa,STOCK_MODULE,mtk_qos,1,apusys,1,1,0,0,0,0,0,0,0,0
query_external_subdrv_entry,0x405eba84,STOCK_MODULE,imgsensor_glue,1,imgsensor,1,1,0,0,0,0,0,0,0,0
rawbulk_alloc,0x8cb52646,STOCK_MODULE,c2k_usb,1,c2k_usb_f_via_atc;c2k_usb_f_via_ets;c2k_usb_f_via_modem,3,3,0,0,0,0,0,0,0,0
reg_loading_tracking_sp,0x7a479b0a,STOCK_MODULE,load_track,1,uload_ind,1,1,0,0,0,0,0,0,0,0
register_3way_semaphore_notifier,0xdc27041d,STOCK_MODULE,mtk_afe_external,1,scp,1,1,0,0,0,0,0,0,0,0
register_adapter_device_notifier,0xa8c49a7b,STOCK_MODULE,adapter_class,1,mtk_charger_framework,1,1,0,0,0,0,0,0,0,0
register_afe_allocate_mem_notifier,0x576edd4e,STOCK_MODULE,mtk_afe_external,1,mtk_scp_ultra;mtk_scp_vow,2,2,0,0,0,0,0,0,0,0
register_battery_oc_notify,0xfcab3894,STOCK_MODULE,mtk_battery_oc_throttling,1,mtk_cpu_power_throttling;mtk_gpu_power_throttling;mtk_md_power_throttling,3,3,0,0,0,0,0,0,0,0
register_bp_thl_notify,0xf6735135,STOCK_MODULE,mtk_bp_thl,1,flashlight;leds_mtk;mt6878_mt6369;mtk_cpu_power_throttling;mtk_gpu_power_throttling;mtk_md_power_throttling,6,6,0,0,0,0,0,0,0,0
register_candev,0xbd0e584d,STOCK_MODULE,can_dev,1,slcan,1,1,0,0,0,0,0,0,0,0
register_ccci_sys_call_back,0xafa7d906,STOCK_MODULE,ccci_md_all,1,ccci_fsm_scp,1,1,0,0,0,0,0,0,0,0
register_charger_device_notifier,0xc95804ab,STOCK_MODULE,charger_class,1,mtk_charger_framework,1,1,0,0,0,0,0,0,0,0
register_chg_alg_notifier,0x4a386665,STOCK_MODULE,mtk_charger_algorithm_class,1,mtk_charger_framework,1,1,0,0,0,0,0,0,0,0
register_devapc_power_callback,0xbc63ee98,STOCK_MODULE,device_apc_common,1,adsp;mtk_gpufreq_wrapper;mtk_mminfra_debug;vcp,4,4,0,0,0,0,0,0,0,0
register_devapc_vio_callback,0x766260f3,STOCK_MODULE,device_apc_common,1,ccci_md_all;clk_chk_mt6878;conninfra;mtk_cmdq_drv_ext,4,4,0,0,0,0,0,0,0,0
register_dlpt_notify,0x67e404ca,STOCK_MODULE,mtk_dynamic_loading_throttling,1,mtk_pbm,1,1,0,0,0,0,0,0,0,0
register_dvfsrc_debug_notifier,0x42d9c1e7,STOCK_MODULE,mtk_dvfsrc,1,mtk_dvfsrc_helper,1,1,0,0,0,0,0,0,0,0
register_fh_set_rate,0xbc3d2513,STOCK_MODULE,clk_common,1,fhctl,1,1,0,0,0,0,0,0,0,0
register_file_buf_handler,0x4e79f242,STOCK_MODULE,wmt_chrdev_wifi_connac2,1,wlan_drv_gen4m_6878,1,1,0,0,0,0,0,0,0,0
register_get_fpsgo_is_boosting_fp,0x284009bc,STOCK_MODULE,powerhal_cpu_ctrl,1,mtk_fpsgo;touch_boost,2,2,0,0,0,0,0,0,0,0
register_hang_callback,0x6d684e61,STOCK_MODULE,monitor_hang,1,mtk_heap_debug,1,1,0,0,0,0,0,0,0,0
register_low_battery_notify,0x63e16604,STOCK_MODULE,mtk_low_battery_throttling,1,connadp;flashlight;mtk_cpu_power_throttling;mtk_dynamic_loading_throttling;mtk_gpu_power_throttling;mtk_md_power_throttling,6,6,0,0,0,0,0,0,0,0
register_lpm_logger_mbrain_dbg_ops,0x8944ee18,STOCK_MODULE,mtk_lpm_dbg_common_v2,1,mtk_lpm_dbg_mt6878,1,1,0,0,0,0,0,0,0,0
register_lpm_mbrain_dbg_ops,0x5008e1c4,STOCK_MODULE,mtk_lpm_dbg_common_v2,1,mtk_lpm_dbg_mt6878,1,1,0,0,0,0,0,0,0,0
register_lpm_sys_res_ops,0xb7ceb930,STOCK_MODULE,mtk_lpm_dbg_common_v2,1,mtk_lpm_dbg_mt6878,1,1,0,0,0,0,0,0,0,0
register_mmdvfs_notifier,0x69e3e0d1,STOCK_MODULE,mtk_mmdvfs,1,mmqos_common,1,1,0,0,0,0,0,0,0,0
register_mtk_aie_reg_tf_cb,0x02ad5d2f,STOCK_MODULE,mtk_aie,1,mtk_aie_debug_7sp_2,1,1,0,0,0,0,0,0,0,0
register_pbm_gpu_notify,0x8124dc40,STOCK_MODULE,mtk_pbm,1,mtk_gpufreq_wrapper,1,1,0,0,0,0,0,0,0,0
register_pppox_proto,0x72976f06,STOCK_MODULE,pppox,1,l2tp_ppp;pptp,2,2,0,0,0,0,0,0,0,0
register_scpsys_notifier,0x12d741e9,STOCK_MODULE,mtk_scpsys,1,mtk_dvfsrc,1,1,0,0,0,0,0,0,0,0
register_set_p2p_mode_handler,0xb022891d,STOCK_MODULE,wmt_chrdev_wifi_connac2,1,wlan_drv_gen4m_6878,1,1,0,0,0,0,0,0,0,0
register_tcp_dev_notifier,0x796a05c1,STOCK_MODULE,tcpc_class,1,extcon_mtk_usb;mt6375_charger;mtk_chg_type_det;mtk_pd_adapter;rt_pd_manager,5,5,0,0,0,0,0,0,0,0
register_ultra_afe_hw_free_notifier,0xe776fa9c,STOCK_MODULE,mtk_afe_external,1,snd_soc_mtk_scp_ultra,1,1,0,0,0,0,0,0,0,0
register_vow_ipi_send_notifier,0xb43803b6,STOCK_MODULE,mtk_afe_external,1,mtk_scp_vow,1,1,0,0,0,0,0,0,0,0
register_vp_audio_notifier,0x8612f6da,STOCK_MODULE,mtk_afe_external,1,snd_soc_audiodsp_common,1,1,0,0,0,0,0,0,0,0
regulatory_hint,0x6746b450,STOCK_MODULE,cfg80211,1,wlan_drv_gen4m_6878,1,1,0,0,0,0,0,0,0,0
regulatory_pre_cac_allowed,0x5ca8efa5,STOCK_MODULE,cfg80211,1,mac80211,1,1,0,0,0,0,0,0,0,0
release_adsp_semaphore,0xb3db4910,STOCK_MODULE,adsp,1,snd_soc_audiodsp_common,1,1,0,0,0,0,0,0,0,0
report_custom_iommu_fault,0xc68d99df,STOCK_MODULE,iommu_debug,1,mtk_iommu,1,1,0,0,0,0,0,0,0,0
reset_hal_feature_table,0x1a1da70b,STOCK_MODULE,adsp,1,audio_ipi,1,1,0,0,0,0,0,0,0,0
resume_cpus,0x7b491092,STOCK_MODULE,scheduler,1,mtk_core_ctl,1,1,0,0,0,0,0,0,0,0
rfc1042_header,0x69b18f43,STOCK_MODULE,cfg80211,1,mac80211,1,1,0,0,0,0,0,0,0,0
rfkill_alloc,0x6a3675f4,STOCK_MODULE,rfkill,1,bluetooth;cfg80211;nfc,3,4,0,0,0,0,0,0,0,0
rfkill_blocked,0xc0763484,STOCK_MODULE,rfkill,1,bluetooth;cfg80211;nfc,3,4,0,0,0,0,0,0,0,0
rfkill_destroy,0xdb68bbad,STOCK_MODULE,rfkill,1,bluetooth;cfg80211;nfc,3,4,0,0,0,0,0,0,0,0
rfkill_register,0xff282521,STOCK_MODULE,rfkill,1,bluetooth;cfg80211;nfc,3,4,0,0,0,0,0,0,0,0
rfkill_resume_polling,0xc781bd9f,STOCK_MODULE,rfkill,1,cfg80211,1,1,0,0,0,0,0,0,0,0
rfkill_set_hw_state_reason,0x0cdce87c,STOCK_MODULE,rfkill,1,cfg80211,1,1,0,0,0,0,0,0,0,0
rfkill_unregister,0x083eb21c,STOCK_MODULE,rfkill,1,bluetooth;cfg80211;nfc,3,4,0,0,0,0,0,0,0,0
rndis_test_last_msg_id,0x5855fc1d,STOCK_MODULE,mtk_u_ether,1,mtk_usb_f_rndis,1,1,0,0,0,0,0,0,0,0
rndis_test_reset_msg_cnt,0xc4e69a85,STOCK_MODULE,mtk_u_ether,1,mtk_usb_f_rndis,1,1,0,0,0,0,0,0,0,0
rpmb_cmd_req,0xf3eb1185,STOCK_MODULE,rpmb,1,rpmb_mtk,1,1,0,0,0,0,0,0,0,0
rpmb_dev_register,0xe9a359eb,STOCK_MODULE,rpmb,1,ufs_mediatek_mod,1,1,0,0,0,0,0,0,0,0
rpmb_get_rw_size,0xe97a74f2,STOCK_MODULE,rpmb,1,rpmb_mtk,1,1,0,0,0,0,0,0,0,0
rpmsg_ccd_ipi_send,0x0a960880,STOCK_MODULE,ccd_rpmsg,1,mtk_ccd_remoteproc,1,1,0,0,0,0,0,0,0,0
rtl8152_get_version,0xa7da34b3,STOCK_MODULE,r8152,1,r8153_ecm,1,1,0,0,0,0,0,0,0,0
sap_enabled,0xc77a6808,STOCK_MODULE,scp,1,sensorhub,1,1,0,0,0,0,0,0,0,0
sap_ipidev,0x23a25986,STOCK_MODULE,scp,1,sensorhub,1,1,0,0,0,0,0,0,0,0
sbb,0x3f322a95,STOCK_MODULE,cpufreq_sugov_ext,1,scheduler,1,1,0,0,0,0,0,0,0,0
sched_gear_hints_enable_get,0xd6d3e422,STOCK_MODULE,cpufreq_sugov_ext,1,scheduler,1,1,0,0,0,0,0,0,0,0
sched_pause_cpu,0xfeec946b,STOCK_MODULE,scheduler,1,mtk_core_ctl,1,1,0,0,0,0,0,0,0,0
sched_post_init_util_enable_get,0x714c1e53,STOCK_MODULE,cpufreq_sugov_ext,1,scheduler,1,1,0,0,0,0,0,0,0,0
sched_resume_cpu,0xd28b628b,STOCK_MODULE,scheduler,1,mtk_core_ctl,1,1,0,0,0,0,0,0,0,0
sched_rt_aggre_preempt_enable_get,0xa05d3c2b,STOCK_MODULE,cpufreq_sugov_ext,1,scheduler,1,1,0,0,0,0,0,0,0,0
sched_skip_hiIRQ_enable_get,0x999f4d73,STOCK_MODULE,cpufreq_sugov_ext,1,scheduler,1,1,0,0,0,0,0,0,0,0
sched_updown_migration_enable_get,0x86f62e66,STOCK_MODULE,cpufreq_sugov_ext,1,scheduler,1,1,0,0,0,0,0,0,0,0
sched_vip_enable_get,0xd2529767,STOCK_MODULE,cpufreq_sugov_ext,1,scheduler,1,1,0,0,0,0,0,0,0,0
scmi_tinysys_common_get,0x69601fbf,STOCK_MODULE,tinysys_scmi,1,mtk_cm_ipi;mtk_qos,2,2,0,0,0,0,0,0,0,0
scmi_tinysys_common_set,0x1cc7f053,STOCK_MODULE,tinysys_scmi,1,mali_kbase_mt6878_r44;mediatek_drm;met_scmi_api;mtk_cm_ipi;mtk_mminfra_debug;mtk_mml;mtk_qos;mtk_ssc;sspm_v3,9,9,0,0,0,0,0,0,0,0
scmi_tinysys_common_set_symbol,0xdc0928e8,STOCK_MODULE,met,1,met_scmi_api,1,1,0,0,0,0,0,0,0,0
scmi_tinysys_event_notify,0x4056037d,STOCK_MODULE,tinysys_scmi,1,met_scmi_api;mtk_qos;mtk_ssc,3,3,0,0,0,0,0,0,0,0
scmi_tinysys_event_notify_symbol,0x54f15b49,STOCK_MODULE,met,1,met_scmi_api,1,1,0,0,0,0,0,0,0,0
scmi_tinysys_register_event_notifier,0x1271fac9,STOCK_MODULE,tinysys_scmi,1,met_scmi_api;mtk_qos;mtk_ssc,3,3,0,0,0,0,0,0,0,0
scmi_tinysys_register_event_notifier_symbol,0x45db1b01,STOCK_MODULE,met,1,met_scmi_api,1,1,0,0,0,0,0,0,0,0
scp_A_register_notify,0xfb1e61d0,STOCK_MODULE,scp,1,audio_ipi;ccci_fsm_scp;connscp;mtk_scp_audiocommon;mtk_vow;sensorhub;snd_soc_audiodsp_common;snd_soc_mtk_common;snd_soc_mtk_scp_ultra;usb_offload,10,10,0,0,0,0,0,0,0,0
scp_A_unregister_notify,0xe159ebf1,STOCK_MODULE,scp,1,sensorhub,1,1,0,0,0,0,0,0,0,0
scp_audio_ipi_registration,0x69ee8c3a,STOCK_MODULE,mtk_scp_audiocommon,1,audio_ipi,1,1,0,0,0,0,0,0,0,0
scp_awake_lock,0xc4662108,STOCK_MODULE,scp,1,mtk_scp_audiocommon,1,1,0,0,0,0,0,0,0,0
scp_awake_unlock,0x4f509eed,STOCK_MODULE,scp,1,mtk_scp_audiocommon,1,1,0,0,0,0,0,0,0,0
scp_clr_spm_reg,0xc2285a53,STOCK_MODULE,scp,1,mtk_scp_audiocommon,1,1,0,0,0,0,0,0,0,0
scp_deregister_feature,0xaae67432,STOCK_MODULE,scp,1,mtk_vow;snd_soc_mtk_common;snd_soc_mtk_scp_ultra,3,3,0,0,0,0,0,0,0,0
scp_get_reserve_mem_phys,0x3cf86730,STOCK_MODULE,scp,1,audio_ipi;mtk_scp_vow;mtk_vow;sensorhub;snd_soc_mtk_scp_ultra,5,5,0,0,0,0,0,0,0,0
scp_get_reserve_mem_size,0xd6baab74,STOCK_MODULE,scp,1,audio_ipi;connscp;sensorhub;snd_soc_mtk_scp_ultra,4,4,0,0,0,0,0,0,0,0
scp_get_reserve_mem_virt,0x957f23d8,STOCK_MODULE,scp,1,audio_ipi;connscp;mtk_scp_vow;mtk_vow;sensorhub;snd_soc_mtk_scp_ultra,6,6,0,0,0,0,0,0,0,0
scp_get_semaphore_3way,0x67a94ad7,STOCK_MODULE,scp,1,snd_soc_audiodsp_common,1,1,0,0,0,0,0,0,0,0
scp_ipidev,0x275789bb,STOCK_MODULE,scp,1,ccci_fsm_scp;connscp;mtk_vow;sensorhub;snd_soc_audiodsp_common;snd_soc_mtk_scp_ultra,6,6,0,0,0,0,0,0,0,0
scp_register_feature,0x2a8dae7b,STOCK_MODULE,scp,1,mtk_vow;snd_soc_mtk_common;snd_soc_mtk_scp_ultra,3,3,0,0,0,0,0,0,0,0
scp_release_semaphore_3way,0xe0b2305f,STOCK_MODULE,scp,1,snd_soc_audiodsp_common,1,1,0,0,0,0,0,0,0,0
scp_send_message,0xb07d37cc,STOCK_MODULE,mtk_scp_audiocommon,1,audio_ipi,1,1,0,0,0,0,0,0,0,0
scp_wdt_reset,0xa837c196,STOCK_MODULE,scp,1,sensorhub,1,1,0,0,0,0,0,0,0,0
second_touch_fw_version,0x7198d58d,STOCK_MODULE,yft_devinfo,1,hynitron,1,1,0,0,0,0,0,0,0,0
sensor_control_scp,0x7e23cc99,STOCK_MODULE,scp,1,sensorhub,1,1,0,0,0,0,0,0,0,0
setMaxBrightness,0x7ac81130,STOCK_MODULE,leds_mtk,1,backlight_cooling,1,1,0,0,0,0,0,0,0,0
set_am_ctrl,0xe80265ab,STOCK_MODULE,cpufreq_sugov_ext,1,scheduler,1,1,0,0,0,0,0,0,0,0
set_audiobuffer_hw,0x1eff0e35,STOCK_MODULE,snd_soc_audiodsp_common,1,mtk_soc_offload_common,1,1,0,0,0,0,0,0,0,0
set_audiobuffer_memorytype,0x84326ec2,STOCK_MODULE,snd_soc_audiodsp_common,1,mtk_soc_offload_common,1,1,0,0,0,0,0,0,0,0
set_ccmni_rps,0xe357c0cc,STOCK_MODULE,ccmni,1,ccci_dpmaif,1,1,0,0,0,0,0,0,0,0
set_clkchk_notify,0x46f99cd0,STOCK_MODULE,clk_common,1,clk_chk_mt6878,1,1,0,0,0,0,0,0,0,0
set_clkchk_ops,0x5e27a92a,STOCK_MODULE,clk_common,1,clk_chk_mt6878,1,1,0,0,0,0,0,0,0,0
set_clkdbg_ops,0xdd8c58c9,STOCK_MODULE,clk_common,1,clk_dbg_mt6878,1,1,0,0,0,0,0,0,0,0
set_cold_interrupt_enable_addr,0x7867985a,STOCK_MODULE,thermal_interface,1,soc_temp_lvts,1,1,0,0,0,0,0,0,0,0
set_cpu_active_bitmask,0x5b1557ed,STOCK_MODULE,thermal_interface,1,scheduler,1,1,0,0,0,0,0,0,0,0
set_cpu_min_opp,0x08217b97,STOCK_MODULE,thermal_interface,1,cpufreq_sugov_ext,1,1,0,0,0,0,0,0,0,0
set_curr_uclamp_ctrl,0x595f69e7,STOCK_MODULE,cpufreq_sugov_ext,1,mtk_c2ps,1,1,0,0,0,0,0,0,0,0
set_curr_uclamp_hint,0xcb63ad00,STOCK_MODULE,cpufreq_sugov_ext,1,mtk_c2ps,1,1,0,0,0,0,0,0,0,0
set_detect_count,0xf796ca8a,STOCK_MODULE,mtk_printk_ctrl,1,mtk_cam_isp7sp,1,1,0,0,0,0,0,0,0,0
set_eas_dsu_ctrl,0x1d4a1606,STOCK_MODULE,cpufreq_sugov_ext,1,cpudvfs,1,1,0,0,0,0,0,0,0,0
set_gear_uclamp_ctrl,0xaa1ee350,STOCK_MODULE,cpufreq_sugov_ext,1,mtk_c2ps,1,1,0,0,0,0,0,0,0,0
set_gear_uclamp_max,0x64075b2a,STOCK_MODULE,cpufreq_sugov_ext,1,mtk_c2ps,1,1,0,0,0,0,0,0,0,0
set_group_pd,0x58e1853b,STOCK_MODULE,cpuqos_v3,1,scheduler,1,1,0,0,0,0,0,0,0,0
set_grp_awr_min_opp_margin,0x9f4a058d,STOCK_MODULE,scheduler,1,mtk_vcodec_common,1,1,0,0,0,0,0,0,0,0
set_grp_awr_thr,0x5942dabc,STOCK_MODULE,scheduler,1,mtk_vcodec_common,1,1,0,0,0,0,0,0,0,0
set_grp_dvfs_ctrl,0x850fc24b,STOCK_MODULE,cpufreq_sugov_ext,1,mtk_c2ps;scheduler,2,2,0,0,0,0,0,0,0,0
set_grp_high_freq,0x7f952eea,STOCK_MODULE,cpufreq_sugov_ext,1,scheduler,1,1,0,0,0,0,0,0,0,0
set_ignore_idle_ctrl,0x9aece762,STOCK_MODULE,cpufreq_sugov_ext,1,mtk_c2ps;scheduler,2,2,0,0,0,0,0,0,0,0
set_reboot_temperature,0x8cf38456,STOCK_MODULE,thermal_interface,1,soc_temp_lvts,1,1,0,0,0,0,0,0,0,0
set_rps_map,0x007d835c,STOCK_MODULE,rps_perf,1,ccmni;mtk_u_ether,2,2,0,0,0,0,0,0,0,0
set_sbb,0x7a160793,STOCK_MODULE,cpufreq_sugov_ext,1,scheduler,1,1,0,0,0,0,0,0,0,0
set_sbb_active_ratio,0x0623dd60,STOCK_MODULE,cpufreq_sugov_ext,1,scheduler,1,1,0,0,0,0,0,0,0,0
set_scp_ultra_base,0x3b5cb8a8,STOCK_MODULE,mtk_scp_ultra,1,snd_soc_mtk_scp_ultra,1,1,0,0,0,0,0,0,0,0
set_soc_md_rt_rat_by_idx,0xa0e55e02,STOCK_MODULE,ccci_util_lib,1,ccci_md_all,1,1,0,0,0,0,0,0,0,0
set_soc_md_rt_rat_str,0x6bfc0e5c,STOCK_MODULE,ccci_util_lib,1,ccci_md_all,1,1,0,0,0,0,0,0,0,0
set_subsys_reg_dump_mt6878,0x89bfc78b,STOCK_MODULE,clk_chk_mt6878,1,pd_chk_mt6878,1,1,0,0,0,0,0,0,0,0
set_target_margin,0x62d42e01,STOCK_MODULE,cpufreq_sugov_ext,1,scheduler,1,1,0,0,0,0,0,0,0,0
set_target_margin_low,0x353e0e35,STOCK_MODULE,cpufreq_sugov_ext,1,scheduler,1,1,0,0,0,0,0,0,0,0
set_task_basic_vip,0xdfb60db3,STOCK_MODULE,scheduler,1,mtk_c2ps;mtk_fpsgo,2,2,0,0,0,0,0,0,0,0
set_task_ls,0xcf9d5f01,STOCK_MODULE,scheduler,1,mtk_fpsgo,1,1,0,0,0,0,0,0,0,0
set_task_ls_prefer_cpus,0x38d4e40c,STOCK_MODULE,scheduler,1,mtk_fpsgo,1,1,0,0,0,0,0,0,0,0
set_task_pd,0xa77e7900,STOCK_MODULE,cpuqos_v3,1,scheduler,1,1,0,0,0,0,0,0,0,0
set_task_to_group,0x16eac427,STOCK_MODULE,scheduler,1,mtk_vcodec_common,1,1,0,0,0,0,0,0,0,0
set_task_vvip,0x5deca51a,STOCK_MODULE,scheduler,1,mtk_fpsgo,1,1,0,0,0,0,0,0,0,0
set_top_grp_aware,0xbdc3209b,STOCK_MODULE,scheduler,1,mtk_fpsgo;mtk_vcodec_common;touch_boost,3,3,0,0,0,0,0,0,0,0
set_turn_point_freq,0xaf8e1795,STOCK_MODULE,cpufreq_sugov_ext,1,scheduler,1,1,0,0,0,0,0,0,0,0
set_wl_type_manual,0x750b140e,STOCK_MODULE,cpufreq_sugov_ext,1,mtk_c2ps,1,1,0,0,0,0,0,0,0,0
slbc_gid_release,0xd93106b2,STOCK_MODULE,mtk_slbc,1,ccci_md_all;mediatek_drm;mtk_vcodec_dec_v1,3,3,0,0,0,0,0,0,0,0
slbc_gid_request,0x05a88eb7,STOCK_MODULE,mtk_slbc,1,ccci_md_all;mediatek_drm;mtk_vcodec_dec_v1,3,3,0,0,0,0,0,0,0,0
slbc_invalidate,0x83920592,STOCK_MODULE,mtk_slbc,1,ccci_md_all;mediatek_drm;mtk_vcodec_dec_v1,3,3,0,0,0,0,0,0,0,0
slbc_power_off,0x8877c8c0,STOCK_MODULE,mtk_slbc,1,adsp;mediatek_drm;mtk_mml;mtk_vcodec_enc_v1,4,4,0,0,0,0,0,0,0,0
slbc_power_on,0x2a66c694,STOCK_MODULE,mtk_slbc,1,adsp;mediatek_drm;mtk_mml;mtk_vcodec_enc_v1,4,4,0,0,0,0,0,0,0,0
slbc_read_invalidate,0x2a44e45a,STOCK_MODULE,mtk_slbc,1,mtk_vcodec_dec_v1,1,1,0,0,0,0,0,0,0,0
slbc_register_activate_ops,0x6f403924,STOCK_MODULE,mtk_slbc,1,mediatek_drm;mtk_vcodec_enc_v1,2,2,0,0,0,0,0,0,0,0
slbc_release,0x0e12e362,STOCK_MODULE,mtk_slbc,1,adsp;apusys;mediatek_drm;mtk_cam_isp7sp;mtk_hcp;mtk_mml;mtk_vcodec_enc_v1,7,7,0,0,0,0,0,0,0,0
slbc_request,0xa4234d01,STOCK_MODULE,mtk_slbc,1,adsp;apusys;mediatek_drm;mtk_cam_isp7sp;mtk_hcp;mtk_mminfra_imax;mtk_mml;mtk_vcodec_enc_v1,8,8,0,0,0,0,0,0,0,0
slbc_roi_update,0x5fe7bb9c,STOCK_MODULE,mtk_slbc,1,mtk_vcodec_dec_v1,1,1,0,0,0,0,0,0,0,0
slbc_sram_read,0x7b5d5538,STOCK_MODULE,mtk_slbc,1,cpuqos_v3,1,1,0,0,0,0,0,0,0,0
slbc_sram_write,0xd69df2e7,STOCK_MODULE,mtk_slbc,1,cpuqos_v3,1,1,0,0,0,0,0,0,0,0
slbc_status,0xc2ca87f0,STOCK_MODULE,mtk_slbc,1,apusys;mtk_cam_isp7sp,2,2,0,0,0,0,0,0,0,0
slbc_validate,0xf86b00db,STOCK_MODULE,mtk_slbc,1,ccci_md_all;mediatek_drm;mtk_vcodec_dec_v1,3,3,0,0,0,0,0,0,0,0
slhc_compress,0xdcdc0040,STOCK_MODULE,slhc,1,ppp_generic,1,1,0,0,0,0,0,0,0,0
slhc_free,0x2a928918,STOCK_MODULE,slhc,1,ppp_generic,1,1,0,0,0,0,0,0,0,0
slhc_init,0x15f90688,STOCK_MODULE,slhc,1,ppp_generic,1,1,0,0,0,0,0,0,0,0
slhc_remember,0x43f9ebc8,STOCK_MODULE,slhc,1,ppp_generic,1,1,0,0,0,0,0,0,0,0
slhc_toss,0x74b8e674,STOCK_MODULE,slhc,1,ppp_generic,1,1,0,0,0,0,0,0,0,0
slhc_uncompress,0xf36f42a9,STOCK_MODULE,slhc,1,ppp_generic,1,1,0,0,0,0,0,0,0,0
smi_lock,0xd36facd9,STOCK_MODULE,mtk_smi,1,mtk_smi_dbg,1,1,0,0,0,0,0,0,0,0
smi_monitor_start,0x8b325a54,STOCK_MODULE,mtk_smi_dbg,1,mtk_imgsys_cmdq;mtk_vcodec_enc_v1,2,2,0,0,0,0,0,0,0,0
smi_monitor_stop,0x7638e1da,STOCK_MODULE,mtk_smi_dbg,1,mtk_imgsys_cmdq;mtk_vcodec_enc_v1,2,2,0,0,0,0,0,0,0,0
smi_sysram_enable,0xcac8d719,STOCK_MODULE,mtk_smi,1,mtk_cam_isp7sp;mtk_vcodec_enc_v1,2,2,0,0,0,0,0,0,0,0
smpu_clear_md_violation,0x926c00e4,STOCK_MODULE,smpu,1,ccci_md_all,1,1,0,0,0,0,0,0,0,0
spmi_dump_pmif_record_reg,0x8eafae2a,STOCK_MODULE,spmi_mtk_pmif,1,ccci_md_all;clkbuf,2,2,0,0,0,0,0,0,0,0
ssc_enable,0x16d6506b,STOCK_MODULE,mtk_ssc,1,mtk_ssc_dbg_v2,1,1,0,0,0,0,0,0,0,0
ssc_kobj,0x6e5d94cd,STOCK_MODULE,mtk_ssc,1,mtk_ssc_dbg_v2,1,1,0,0,0,0,0,0,0,0
ssmr_offline,0x6ce41c25,STOCK_MODULE,tmem_ffa,1,gz_main_mod,1,1,0,0,0,0,0,0,0,0
ssmr_online,0xb8313cbf,STOCK_MODULE,tmem_ffa,1,gz_main_mod,1,1,0,0,0,0,0,0,0,0
sspm_reserve_mem_get_phys,0xb6ea4eb1,STOCK_MODULE,sspm_v3,1,ged;met_sspm_api;mtk_qos;mtk_swpm,4,4,0,0,0,0,0,0,0,0
sspm_reserve_mem_get_phys_symbol,0xe4ed75e0,STOCK_MODULE,met,1,met_sspm_api,1,1,0,0,0,0,0,0,0,0
sspm_reserve_mem_get_size,0x317f1dbc,STOCK_MODULE,sspm_v3,1,ged;met_sspm_api;mtk_qos;mtk_swpm,4,4,0,0,0,0,0,0,0,0
sspm_reserve_mem_get_size_symbol,0x704e1b69,STOCK_MODULE,met,1,met_sspm_api,1,1,0,0,0,0,0,0,0,0
sspm_reserve_mem_get_virt,0x238d879c,STOCK_MODULE,sspm_v3,1,ged;met_sspm_api;mtk_qos;mtk_swpm,4,4,0,0,0,0,0,0,0,0
sspm_reserve_mem_get_virt_symbol,0xf100b993,STOCK_MODULE,met,1,met_sspm_api,1,1,0,0,0,0,0,0,0,0
sspm_sbuf_get,0x720bd81e,STOCK_MODULE,sspm_v3,1,mtk_qos;mtk_swpm_cpu_dbg_v6878;mtk_swpm_dbg_v6878,3,3,0,0,0,0,0,0,0,0
ssusb_offload_register,0xa89deb10,STOCK_MODULE,mtu3,1,usb_offload,1,1,0,0,0,0,0,0,0,0
ssusb_offload_unregister,0x613b4402,STOCK_MODULE,mtu3,1,usb_offload,1,1,0,0,0,0,0,0,0,0
sugov_grp_awr_update_cpu_tar_util_hook,0x5ad089c6,STOCK_MODULE,cpufreq_sugov_ext,1,scheduler,1,1,0,0,0,0,0,0,0,0
support_svp_region,0x0e78b31d,STOCK_MODULE,mtk_vcodec_common,1,mtk_vcodec_dec_v1,1,1,0,0,0,0,0,0,0,0
support_wfd_region,0x6823520a,STOCK_MODULE,mtk_vcodec_common,1,mtk_vcodec_enc_v1,1,1,0,0,0,0,0,0,0,0
swpm_arm_ai_pmu_get,0x4aa4e33a,STOCK_MODULE,mtk_swpm_perf_arm_pmu,1,mtk_swpm_dbg_common_v1,1,1,0,0,0,0,0,0,0,0
swpm_arm_ai_pmu_set,0x5e22e91d,STOCK_MODULE,mtk_swpm_perf_arm_pmu,1,mtk_swpm_dbg_common_v1,1,1,0,0,0,0,0,0,0,0
swpm_arm_dsu_pmu_enable,0xc9c97632,STOCK_MODULE,mtk_swpm_perf_arm_pmu,1,mtk_swpm_dbg_common_v1,1,1,0,0,0,0,0,0,0,0
swpm_arm_dsu_pmu_get_status,0xd7104bff,STOCK_MODULE,mtk_swpm_perf_arm_pmu,1,mtk_swpm_dbg_common_v1,1,1,0,0,0,0,0,0,0,0
swpm_arm_dsu_pmu_get_type,0xbc350fd1,STOCK_MODULE,mtk_swpm_perf_arm_pmu,1,mtk_swpm_dbg_common_v1,1,1,0,0,0,0,0,0,0,0
swpm_arm_dsu_pmu_set_type,0x0e501568,STOCK_MODULE,mtk_swpm_perf_arm_pmu,1,mtk_swpm_dbg_common_v1,1,1,0,0,0,0,0,0,0,0
swpm_arm_pmu_enable_all,0xc5933b1d,STOCK_MODULE,mtk_swpm_perf_arm_pmu,1,mtk_swpm_dbg_common_v1,1,1,0,0,0,0,0,0,0,0
swpm_arm_pmu_get_idx,0x6262c539,STOCK_MODULE,mtk_swpm_perf_arm_pmu,1,mtk_swpm_dbg_common_v1,1,1,0,0,0,0,0,0,0,0
swpm_arm_pmu_get_status,0x5385ff08,STOCK_MODULE,mtk_swpm_perf_arm_pmu,1,mtk_swpm_dbg_common_v1,1,1,0,0,0,0,0,0,0,0
swpm_call_event_notifier,0xb0513a4c,STOCK_MODULE,mtk_swpm,1,mtk_swpm_dbg_v6878,1,1,0,0,0,0,0,0,0,0
swpm_dbg_common_fs_init,0x1fc071d0,STOCK_MODULE,mtk_swpm_dbg_common_v1,1,mtk_swpm_dbg_v6878,1,1,0,0,0,0,0,0,0,0
swpm_get_rec_addr,0xa3cdaa08,STOCK_MODULE,mtk_swpm,1,mtk_swpm_dbg_v6878,1,1,0,0,0,0,0,0,0,0
swpm_log_interval_ms,0xd1ae99a9,STOCK_MODULE,mtk_swpm,1,mtk_swpm_dbg_v6878,1,1,0,0,0,0,0,0,0,0
swpm_mutex,0x882b9955,STOCK_MODULE,mtk_swpm,1,mtk_swpm_dbg_v6878,1,1,0,0,0,0,0,0,0,0
swpm_register_event_notifier,0x55c5672c,STOCK_MODULE,mtk_swpm,1,mtk_swpm_cpu_dbg_v6878,1,1,0,0,0,0,0,0,0,0
swpm_set_and_get_cmd,0xa9681c38,STOCK_MODULE,mtk_swpm,1,mtk_swpm_cpu_dbg_v6878;mtk_swpm_dbg_v6878,2,2,0,0,0,0,0,0,0,0
swpm_set_only_cmd,0x6e1f98d7,STOCK_MODULE,mtk_swpm,1,mtk_swpm_cpu_dbg_v6878;mtk_swpm_dbg_v6878,2,2,0,0,0,0,0,0,0,0
swpm_status,0x513f892c,STOCK_MODULE,mtk_swpm_dbg_common_v1,1,mtk_swpm_dbg_v6878,1,1,0,0,0,0,0,0,0,0
swpm_timer,0xfbd56eea,STOCK_MODULE,mtk_swpm,1,mtk_swpm_dbg_v6878,1,1,0,0,0,0,0,0,0,0
swpm_unregister_event_notifier,0x71dfc42c,STOCK_MODULE,mtk_swpm,1,mtk_swpm_cpu_dbg_v6878,1,1,0,0,0,0,0,0,0,0
sync_latest_data,0xe8bd9c98,STOCK_MODULE,mtk_swpm,1,mtk_lpm_dbg_mt6878;mtk_mbraink;mtk_swpm_dbg_v6878,3,3,0,0,0,0,0,0,0,0
sync_ringbuf_readidx,0x8120c4d9,STOCK_MODULE,snd_soc_audiodsp_common,1,mtk_soc_offload_common,1,1,0,0,0,0,0,0,0,0
sysctl_util_est,0x85d74a37,STOCK_MODULE,cpufreq_sugov_ext,1,mtk_core_ctl;scheduler;task_turbo,3,3,0,0,0,0,0,0,0,0
tcpc_class,0xdeb57525,STOCK_MODULE,tcpc_class,1,tcpci_late_sync,1,1,0,0,0,0,0,0,0,0
tcpc_dev_get_by_name,0xa4a78f74,STOCK_MODULE,tcpc_class,1,extcon_mtk_usb;mt6375_charger;mtk_chg_type_det;mtk_pd_adapter;rt_pd_manager;tcpc_mt6375,6,6,0,0,0,0,0,0,0,0
tcpc_device_irq_enable,0x44229091,STOCK_MODULE,tcpc_class,1,tcpci_late_sync,1,1,0,0,0,0,0,0,0,0
tcpc_device_register,0xf0a933ca,STOCK_MODULE,tcpc_class,1,tcpc_mt6375,1,1,0,0,0,0,0,0,0,0
tcpc_device_unregister,0x126f9b9b,STOCK_MODULE,tcpc_class,1,tcpc_mt6375,1,1,0,0,0,0,0,0,0,0
tcpc_get_dev_data,0x30745b36,STOCK_MODULE,tcpc_class,1,tcpc_mt6375,1,1,0,0,0,0,0,0,0,0
tcpc_typec_handle_ctd,0xcbe57860,STOCK_MODULE,tcpc_class,1,tcpc_mt6375,1,1,0,0,0,0,0,0,0,0
tcpc_typec_handle_fod,0xcec4c0ab,STOCK_MODULE,tcpc_class,1,tcpc_mt6375,1,1,0,0,0,0,0,0,0,0
tcpc_typec_handle_otp,0x5bcd512c,STOCK_MODULE,tcpc_class,1,tcpc_mt6375,1,1,0,0,0,0,0,0,0,0
tcpc_typec_handle_wd,0x117b6a26,STOCK_MODULE,tcpc_class,1,tcpc_mt6375,1,1,0,0,0,0,0,0,0,0
tcpc_typec_is_act_as_sink_role,0xdad58a05,STOCK_MODULE,tcpc_class,1,rt_pd_manager;tcpc_mt6375,2,2,0,0,0,0,0,0,0,0
tcpci_alert,0x95642690,STOCK_MODULE,tcpc_class,1,tcpc_mt6375,1,1,0,0,0,0,0,0,0,0
tcpci_alert_wakeup,0x0ab94724,STOCK_MODULE,tcpc_class,1,tcpc_mt6375,1,1,0,0,0,0,0,0,0,0
tcpci_is_plugged_in,0xff65f0c0,STOCK_MODULE,tcpc_class,1,tcpc_mt6375,1,1,0,0,0,0,0,0,0,0
tcpci_lock_typec,0x16e9a06b,STOCK_MODULE,tcpc_class,1,tcpc_mt6375,1,1,0,0,0,0,0,0,0,0
tcpci_notify_cc_hi,0x6f2d399b,STOCK_MODULE,tcpc_class,1,tcpc_mt6375,1,1,0,0,0,0,0,0,0,0
tcpci_notify_vbus_short_cc_status,0x6536e1a8,STOCK_MODULE,tcpc_class,1,tcpc_mt6375,1,1,0,0,0,0,0,0,0,0
tcpci_notify_wd0_state,0x5f619089,STOCK_MODULE,tcpc_class,1,tcpc_mt6375,1,1,0,0,0,0,0,0,0,0
tcpci_unlock_typec,0x7a0d7b35,STOCK_MODULE,tcpc_class,1,tcpc_mt6375,1,1,0,0,0,0,0,0,0,0
tcpm_check_suspend_pending,0x446dd691,STOCK_MODULE,tcpc_class,1,tcpc_mt6375,1,1,0,0,0,0,0,0,0,0
tcpm_dpm_pd_data_swap,0x45a43826,STOCK_MODULE,tcpc_class,1,rt_pd_manager,1,1,0,0,0,0,0,0,0,0
tcpm_dpm_pd_get_pps_status,0xd1aab2d6,STOCK_MODULE,tcpc_class,1,mtk_pd_adapter,1,1,0,0,0,0,0,0,0,0
tcpm_dpm_pd_get_source_cap_ext,0xb6ec622c,STOCK_MODULE,tcpc_class,1,mtk_pd_adapter,1,1,0,0,0,0,0,0,0,0
tcpm_dpm_pd_get_status,0x7735d6d0,STOCK_MODULE,tcpc_class,1,mtk_pd_adapter,1,1,0,0,0,0,0,0,0,0
tcpm_dpm_pd_hard_reset,0x7f5ea3f3,STOCK_MODULE,tcpc_class,1,mtk_pd_adapter,1,1,0,0,0,0,0,0,0,0
tcpm_dpm_pd_power_swap,0x437928a2,STOCK_MODULE,tcpc_class,1,rt_pd_manager,1,1,0,0,0,0,0,0,0,0
tcpm_dpm_pd_request,0xa8b410ba,STOCK_MODULE,tcpc_class,1,mtk_pd_adapter,1,1,0,0,0,0,0,0,0,0
tcpm_dpm_pd_vconn_swap,0x4210d188,STOCK_MODULE,tcpc_class,1,rt_pd_manager,1,1,0,0,0,0,0,0,0,0
tcpm_get_remote_power_cap,0xcc419b11,STOCK_MODULE,tcpc_class,1,mtk_chg_type_det;mtk_pd_adapter,2,2,0,0,0,0,0,0,0,0
tcpm_inquire_pd_data_role,0xb1c5baba,STOCK_MODULE,tcpc_class,1,rt_pd_manager,1,1,0,0,0,0,0,0,0,0
tcpm_inquire_pd_partner_inform,0xdcd686b4,STOCK_MODULE,tcpc_class,1,rt_pd_manager,1,1,0,0,0,0,0,0,0,0
tcpm_inquire_pd_pe_ready,0xb71abcbe,STOCK_MODULE,tcpc_class,1,mtk_pd_adapter,1,1,0,0,0,0,0,0,0,0
tcpm_inquire_pd_power_role,0x24809e23,STOCK_MODULE,tcpc_class,1,rt_pd_manager,1,1,0,0,0,0,0,0,0,0
tcpm_inquire_pd_source_apdo,0x999c38ed,STOCK_MODULE,tcpc_class,1,mtk_pd_adapter,1,1,0,0,0,0,0,0,0,0
tcpm_inquire_pd_vconn_role,0x50ccdfef,STOCK_MODULE,tcpc_class,1,rt_pd_manager,1,1,0,0,0,0,0,0,0,0
tcpm_inquire_remote_cc,0x199e53c1,STOCK_MODULE,tcpc_class,1,extcon_mtk_usb,1,1,0,0,0,0,0,0,0,0
tcpm_inquire_typec_attach_state,0xcab3ee37,STOCK_MODULE,tcpc_class,1,mtk_chg_type_det;mtk_pd_adapter,2,2,0,0,0,0,0,0,0,0
tcpm_inquire_typec_remote_rp_curr,0x02babb98,STOCK_MODULE,tcpc_class,1,mtk_pd_adapter,1,1,0,0,0,0,0,0,0,0
tcpm_inquire_typec_role_def,0x9c8c96c1,STOCK_MODULE,tcpc_class,1,rt_pd_manager,1,1,0,0,0,0,0,0,0,0
tcpm_inquire_usb_comm,0x0f8d710f,STOCK_MODULE,tcpc_class,1,mtk_chg_type_det,1,1,0,0,0,0,0,0,0,0
tcpm_reset_pd_charging_policy,0x57923183,STOCK_MODULE,tcpc_class,1,mtk_pd_adapter,1,1,0,0,0,0,0,0,0,0
tcpm_resume,0xf7af27dd,STOCK_MODULE,tcpc_class,1,tcpc_mt6375,1,1,0,0,0,0,0,0,0,0
tcpm_set_apdo_charging_policy,0xe946efe4,STOCK_MODULE,tcpc_class,1,mtk_pd_adapter,1,1,0,0,0,0,0,0,0,0
tcpm_shutdown,0x3b13f1ba,STOCK_MODULE,tcpc_class,1,tcpc_mt6375,1,1,0,0,0,0,0,0,0,0
tcpm_suspend,0x1ccba3ae,STOCK_MODULE,tcpc_class,1,tcpc_mt6375,1,1,0,0,0,0,0,0,0,0
tcpm_typec_change_role,0xa3197555,STOCK_MODULE,tcpc_class,1,rt_pd_manager,1,1,0,0,0,0,0,0,0,0
tcpm_typec_change_role_postpone,0x6ab0f93c,STOCK_MODULE,tcpc_class,1,rt_pd_manager,1,1,0,0,0,0,0,0,0,0
tcpm_typec_role_swap,0x6b2df008,STOCK_MODULE,tcpc_class,1,rt_pd_manager,1,1,0,0,0,0,0,0,0,0
tee_clkmgr_handle,0x6913f6b2,STOCK_MODULE,tkcore,1,tkcore_drv,1,1,0,0,0,0,0,0,0,0
tee_core_add,0x74f0ee2b,STOCK_MODULE,tkcore,1,tkcore_drv,1,1,0,0,0,0,0,0,0,0
tee_core_alloc,0x68aaf1dc,STOCK_MODULE,tkcore,1,tkcore_drv,1,1,0,0,0,0,0,0,0,0
tee_core_del,0xf53dbff2,STOCK_MODULE,tkcore,1,tkcore_drv,1,1,0,0,0,0,0,0,0,0
tee_map_cached_shm,0x6a4e508b,STOCK_MODULE,tkcore,1,tkcore_drv,1,1,0,0,0,0,0,0,0,0
tee_spi_transfer,0x184ce7da,STOCK_MODULE,tkcore,1,microarray_fp_tee,1,1,0,0,0,0,0,0,0,0
tee_supp_cmd,0x6f7dfbee,STOCK_MODULE,tkcore,1,tkcore_drv,1,1,0,0,0,0,0,0,0,0
tee_wait_queue_exit,0xe773ba45,STOCK_MODULE,tkcore,1,tkcore_drv,1,1,0,0,0,0,0,0,0,0
tee_wait_queue_init,0x03c4c343,STOCK_MODULE,tkcore,1,tkcore_drv,1,1,0,0,0,0,0,0,0,0
tee_wait_queue_sleep,0xcca24950,STOCK_MODULE,tkcore,1,tkcore_drv,1,1,0,0,0,0,0,0,0,0
tee_wait_queue_wakeup,0xe2de5bad,STOCK_MODULE,tkcore,1,tkcore_drv,1,1,0,0,0,0,0,0,0,0
test_fstb_hrtimer_info_update_fp,0x81894e5e,STOCK_MODULE,mtk_fpsgo,1,fpsgo,1,1,0,0,0,0,0,0,0,0
thermal_apu_mbox_base,0xb36db42d,STOCK_MODULE,thermal_interface,1,thermal_trace,1,1,0,0,0,0,0,0,0,0
thermal_cputcm_base,0xca5670ee,STOCK_MODULE,thermal_interface,1,thermal_trace,1,1,0,0,0,0,0,0,0,0
thermal_csram_base,0x0fd08486,STOCK_MODULE,thermal_interface,1,thermal_trace,1,1,0,0,0,0,0,0,0,0
tiny_tp_gesture_contorl,0x4e4b7919,STOCK_MODULE,hynitron,1,spi_tiny_co5300_lcd,1,1,0,0,0,0,0,0,0,0
tiny_tp_power_contorl,0xfcc94fc7,STOCK_MODULE,hynitron,1,spi_tiny_co5300_lcd,1,1,0,0,0,0,0,0,0,0
tipc_dump_done,0xdc43d984,STOCK_MODULE,tipc,1,diag,1,1,0,0,0,0,0,0,0,0
tipc_dump_start,0x60da1d20,STOCK_MODULE,tipc,1,diag,1,1,0,0,0,0,0,0,0,0
tipc_k_connect,0x6d3e778c,STOCK_MODULE,gz_ipc_mod,1,gz_tz_system,1,1,0,0,0,0,0,0,0,0
tipc_k_disconnect,0x389e0025,STOCK_MODULE,gz_ipc_mod,1,gz_tz_system,1,1,0,0,0,0,0,0,0,0
tipc_k_read,0xe9bc90dd,STOCK_MODULE,gz_ipc_mod,1,gz_tz_system,1,1,0,0,0,0,0,0,0,0
tipc_k_write,0xd5b2fc22,STOCK_MODULE,gz_ipc_mod,1,gz_tz_system,1,1,0,0,0,0,0,0,0,0
tipc_nl_sk_walk,0xf6b650cc,STOCK_MODULE,tipc,1,diag,1,1,0,0,0,0,0,0,0,0
tipc_set_default_cpumask,0xdabdc7b5,STOCK_MODULE,gz_ipc_mod,1,gz_main_mod,1,1,0,0,0,0,0,0,0,0
tipc_sk_fill_sock_diag,0x2a0945d7,STOCK_MODULE,tipc,1,diag,1,1,0,0,0,0,0,0,0,0
touch_boost_get_cmd_fp,0xd62f7b8a,STOCK_MODULE,mtk_ioctl_touch_boost,1,touch_boost,1,1,0,0,0,0,0,0,0,0
touch_fw_version,0xd0815107,STOCK_MODULE,yft_devinfo,1,focaltech_touch_spi_ft3680,1,1,0,0,0,0,0,0,0,0
tpgesture_hander,0x8386526d,STOCK_MODULE,yft_tpd_gesture,1,focaltech_touch_spi_ft3680,1,1,0,0,0,0,0,0,0,0
tpgesture_status,0x30ac810a,STOCK_MODULE,yft_tpd_gesture,1,focaltech_touch_spi_ft3680,1,1,0,0,0,0,0,0,0,0
tpgesture_value,0x02f3ea4c,STOCK_MODULE,yft_tpd_gesture,1,focaltech_touch_spi_ft3680,1,1,0,0,0,0,0,0,0,0
trigger_vcp_halt,0xb70ba15d,STOCK_MODULE,vcp,1,mtk_vcodec_dec_v1;mtk_vcodec_enc_v1,2,2,0,0,0,0,0,0,0,0
trusted_mem_api_alloc,0x65e5c101,STOCK_MODULE,tmem_ffa,1,mtk_sec_heap,1,1,0,0,0,0,0,0,0,0
trusted_mem_api_get_region_info,0x4e506fde,STOCK_MODULE,tmem_ffa,1,mtk_sec_heap,1,1,0,0,0,0,0,0,0,0
trusted_mem_api_query_pa,0x9d856127,STOCK_MODULE,tmem_ffa,1,mtk_sec_heap,1,1,0,0,0,0,0,0,0,0
trusted_mem_api_unref,0x7be62965,STOCK_MODULE,tmem_ffa,1,mtk_sec_heap,1,1,0,0,0,0,0,0,0,0
trusted_mem_disable_high_freq,0x331d7047,STOCK_MODULE,tmem_ffa,1,mtk_sec_heap,1,1,0,0,0,0,0,0,0,0
trusted_mem_enable_high_freq,0xd389fafb,STOCK_MODULE,tmem_ffa,1,mtk_sec_heap,1,1,0,0,0,0,0,0,0,0
trusted_mem_ffa_query_pa,0x2f0213b6,STOCK_MODULE,tmem_ffa,1,mali_kbase_mt6878_r44;mtk_sec_heap,2,2,0,0,0,0,0,0,0,0
trusted_mem_is_ffa_enabled,0x41b7fbbb,STOCK_MODULE,tmem_ffa,1,mtk_sec_heap,1,1,0,0,0,0,0,0,0,0
trusted_mem_is_page_v2_enabled,0x03d3b7a5,STOCK_MODULE,tmem_ffa,1,mtk_sec_heap,1,1,0,0,0,0,0,0,0,0
trusted_mem_page_based_alloc,0x7830573a,STOCK_MODULE,tmem_ffa,1,mtk_sec_heap,1,1,0,0,0,0,0,0,0,0
trusted_mem_page_based_free,0x20d3a271,STOCK_MODULE,tmem_ffa,1,mtk_sec_heap,1,1,0,0,0,0,0,0,0,0
trusty_adjust_task_attr,0x756ff09a,STOCK_MODULE,gz_trusty_mod,1,gz_main_mod,1,1,0,0,0,0,0,0,0,0
trusty_call_notifier_register,0x5dfe70c3,STOCK_MODULE,gz_trusty_mod,1,gz_irq_mod;gz_log_mod;gz_virtio_mod,3,3,0,0,0,0,0,0,0,0
trusty_call_notifier_unregister,0xe471605a,STOCK_MODULE,gz_trusty_mod,1,gz_irq_mod;gz_log_mod;gz_virtio_mod,3,3,0,0,0,0,0,0,0,0
trusty_callback_notifier_register,0x74a6228c,STOCK_MODULE,gz_trusty_mod,1,gz_virtio_mod,1,1,0,0,0,0,0,0,0,0
trusty_callback_notifier_unregister,0x16f52a10,STOCK_MODULE,gz_trusty_mod,1,gz_virtio_mod,1,1,0,0,0,0,0,0,0,0
trusty_dequeue_nop,0xdd2a1d22,STOCK_MODULE,gz_trusty_mod,1,gz_virtio_mod,1,1,0,0,0,0,0,0,0,0
trusty_dump_systrace,0x1d65a617,STOCK_MODULE,gz_trusty_mod,1,gz_virtio_mod,1,1,0,0,0,0,0,0,0,0
trusty_enqueue_nop,0x0d91978b,STOCK_MODULE,gz_trusty_mod,1,gz_irq_mod;gz_tz_system;gz_virtio_mod,3,3,0,0,0,0,0,0,0,0
trusty_fast_call32,0x0c06e871,STOCK_MODULE,gz_trusty_mod,1,gz_ipc_mod;gz_irq_mod;gz_log_mod;gz_main_mod;gz_virtio_mod,5,5,0,0,0,0,0,0,0,0
trusty_get_api_version,0xbfe5cfb0,STOCK_MODULE,gz_trusty_mod,1,gz_ipc_mod;gz_virtio_mod,2,2,0,0,0,0,0,0,0,0
trusty_nop_set_switch_pri,0x124e8423,STOCK_MODULE,gz_trusty_mod,1,gz_main_mod,1,1,0,0,0,0,0,0,0,0
trusty_std_call32,0x1816bb67,STOCK_MODULE,gz_trusty_mod,1,gz_log_mod;gz_main_mod;gz_tz_system;gz_virtio_mod;sapu,5,5,0,0,0,0,0,0,0,0
trusty_version_str_get,0x4fa52631,STOCK_MODULE,gz_trusty_mod,1,gz_log_mod,1,1,0,0,0,0,0,0,0,0
turn_off_vvip_balance_overutilized,0x8a5dbd76,STOCK_MODULE,scheduler,1,mtk_fpsgo,1,1,0,0,0,0,0,0,0,0
turn_on_vvip_balance_overutilized,0xde429bd0,STOCK_MODULE,scheduler,1,mtk_fpsgo,1,1,0,0,0,0,0,0,0,0
tz_system_dev,0xebab6727,STOCK_MODULE,gz_tz_system,1,gz_main_mod,1,1,0,0,0,0,0,0,0,0
ufs_mtk_dbg_dump,0x4450d17e,STOCK_MODULE,ufs_mediatek_dbg,1,ufs_mediatek_mod,1,1,0,0,0,0,0,0,0,0
ufs_mtk_dbg_register,0xfdcf9afc,STOCK_MODULE,ufs_mediatek_dbg,1,ufs_mediatek_mod,1,1,0,0,0,0,0,0,0,0
ufs_mtk_dbg_tp_register,0xe8fd450b,STOCK_MODULE,ufs_mediatek_dbg,1,ufs_mediatek_mod,1,1,0,0,0,0,0,0,0,0
ufs_mtk_dbg_tp_unregister,0x53fce8fe,STOCK_MODULE,ufs_mediatek_dbg,1,ufs_mediatek_mod,1,1,0,0,0,0,0,0,0,0
ufs_mtk_eh_abort,0xa8788bdc,STOCK_MODULE,ufs_mediatek_dbg,1,ufs_mediatek_mod,1,1,0,0,0,0,0,0,0,0
ufs_mtk_eh_err_cnt,0x930b1259,STOCK_MODULE,ufs_mediatek_dbg,1,ufs_mediatek_mod,1,1,0,0,0,0,0,0,0,0
ufs_mtk_eh_unipro_set_lpm,0xa91dba3d,STOCK_MODULE,ufs_mediatek_dbg,1,ufs_mediatek_mod,1,1,0,0,0,0,0,0,0,0
ufs_mtk_rpmb_get_raw_dev,0x4dfeeb1d,STOCK_MODULE,ufs_mediatek_mod,1,rpmb_mtk,1,1,0,0,0,0,0,0,0,0
ultra_set_dsp_afe,0xadff5b82,STOCK_MODULE,snd_soc_mtk_scp_ultra,1,snd_soc_mt6878_afe,1,1,0,0,0,0,0,0,0,0
unreg_loading_tracking_sp,0x9a17c2d9,STOCK_MODULE,load_track,1,uload_ind,1,1,0,0,0,0,0,0,0,0
unregister_3way_semaphore_notifier,0x05f5fa5d,STOCK_MODULE,mtk_afe_external,1,scp,1,1,0,0,0,0,0,0,0,0
unregister_afe_allocate_mem_notifier,0xfd129482,STOCK_MODULE,mtk_afe_external,1,mtk_scp_ultra;mtk_scp_vow,2,2,0,0,0,0,0,0,0,0
unregister_candev,0x9ae27a5a,STOCK_MODULE,can_dev,1,slcan,1,1,0,0,0,0,0,0,0,0
unregister_dvfsrc_debug_notifier,0x3d633d61,STOCK_MODULE,mtk_dvfsrc,1,mtk_dvfsrc_helper,1,1,0,0,0,0,0,0,0,0
unregister_get_fpsgo_is_boosting_fp,0xbb7a4c1d,STOCK_MODULE,powerhal_cpu_ctrl,1,mtk_fpsgo,1,1,0,0,0,0,0,0,0,0
unregister_hang_callback,0x6d63eda1,STOCK_MODULE,monitor_hang,1,mtk_heap_debug,1,1,0,0,0,0,0,0,0,0
unregister_lpm_logger_mbrain_dbg_ops,0x116424dd,STOCK_MODULE,mtk_lpm_dbg_common_v2,1,mtk_lpm_dbg_mt6878,1,1,0,0,0,0,0,0,0,0
unregister_lpm_mbrain_dbg_ops,0x6ae9e1e8,STOCK_MODULE,mtk_lpm_dbg_common_v2,1,mtk_lpm_dbg_mt6878,1,1,0,0,0,0,0,0,0,0
unregister_lpm_sys_res_ops,0x93e66ee6,STOCK_MODULE,mtk_lpm_dbg_common_v2,1,mtk_lpm_dbg_mt6878,1,1,0,0,0,0,0,0,0,0
unregister_mmdvfs_notifier,0xf0ee8d51,STOCK_MODULE,mtk_mmdvfs,1,mmqos_common,1,1,0,0,0,0,0,0,0,0
unregister_pppox_proto,0xe0ff7a18,STOCK_MODULE,pppox,1,l2tp_ppp;pptp,2,2,0,0,0,0,0,0,0,0
unregister_tcp_dev_notifier,0x83986f60,STOCK_MODULE,tcpc_class,1,mtk_chg_type_det;mtk_pd_adapter;rt_pd_manager,3,3,0,0,0,0,0,0,0,0
unregister_ultra_afe_hw_free_notifier,0x750e084e,STOCK_MODULE,mtk_afe_external,1,snd_soc_mtk_scp_ultra,1,1,0,0,0,0,0,0,0,0
unregister_vow_ipi_send_notifier,0xcb82ff30,STOCK_MODULE,mtk_afe_external,1,mtk_scp_vow,1,1,0,0,0,0,0,0,0,0
unset_task_basic_vip,0x4f6827d2,STOCK_MODULE,scheduler,1,mtk_c2ps;mtk_fpsgo,2,2,0,0,0,0,0,0,0,0
unset_task_ls,0x31048bfd,STOCK_MODULE,scheduler,1,mtk_fpsgo,1,1,0,0,0,0,0,0,0,0
unset_task_ls_prefer_cpus,0x3e590506,STOCK_MODULE,scheduler,1,mtk_fpsgo,1,1,0,0,0,0,0,0,0,0
unset_task_vvip,0x645be3ff,STOCK_MODULE,scheduler,1,mtk_fpsgo,1,1,0,0,0,0,0,0,0,0
update_active_ratio_all,0xe9b09d13,STOCK_MODULE,cpufreq_sugov_ext,1,scheduler,1,1,0,0,0,0,0,0,0,0
update_driver_l0_reset_status,0xcbaf7037,STOCK_MODULE,wmt_chrdev_wifi_connac2,1,wlan_drv_gen4m_6878,1,1,0,0,0,0,0,0,0,0
update_driver_loaded_status,0xca971b10,STOCK_MODULE,wmt_chrdev_wifi_connac2,1,wlan_drv_gen4m_6878,1,1,0,0,0,0,0,0,0,0
update_driver_reset_status,0xad15b09f,STOCK_MODULE,wmt_chrdev_wifi_connac2,1,wlan_drv_gen4m_6878,1,1,0,0,0,0,0,0,0,0
update_pelt_data,0x23544d9a,STOCK_MODULE,cpufreq_sugov_ext,1,scheduler,1,1,0,0,0,0,0,0,0,0
update_pre_cal_status,0xe5562d03,STOCK_MODULE,wmt_chrdev_wifi_connac2,1,wlan_drv_gen4m_6878,1,1,0,0,0,0,0,0,0,0
update_uartlog_status,0x5f2612a8,STOCK_MODULE,mtk_printk_ctrl,1,met_backlight_api,1,1,0,0,0,0,0,0,0,0
update_uartlog_status_symbol,0x4fa205f7,STOCK_MODULE,met,1,met_backlight_api,1,1,0,0,0,0,0,0,0,0
update_wl_tbl,0x7ca36604,STOCK_MODULE,cpufreq_sugov_ext,1,scheduler,1,1,0,0,0,0,0,0,0,0
usb_boost_vcore_control,0x3baf1d95,STOCK_MODULE,usb_boost,1,usb_offload,1,1,0,0,0,0,0,0,0,0
usb_serial_deregister_drivers,0xdfd4095f,STOCK_MODULE,usbserial,1,ftdi_sio,1,1,0,0,0,0,0,0,0,0
usb_serial_generic_get_icount,0x74d1d966,STOCK_MODULE,usbserial,1,ftdi_sio,1,1,0,0,0,0,0,0,0,0
usb_serial_generic_open,0x3ee6671b,STOCK_MODULE,usbserial,1,ftdi_sio,1,1,0,0,0,0,0,0,0,0
usb_serial_generic_throttle,0x4d805469,STOCK_MODULE,usbserial,1,ftdi_sio,1,1,0,0,0,0,0,0,0,0
usb_serial_generic_tiocmiwait,0xfa18e2de,STOCK_MODULE,usbserial,1,ftdi_sio,1,1,0,0,0,0,0,0,0,0
usb_serial_generic_unthrottle,0x907bc480,STOCK_MODULE,usbserial,1,ftdi_sio,1,1,0,0,0,0,0,0,0,0
usb_serial_handle_dcd_change,0xd1a0a186,STOCK_MODULE,usbserial,1,ftdi_sio,1,1,0,0,0,0,0,0,0,0
usb_serial_register_drivers,0x0cdad411,STOCK_MODULE,usbserial,1,ftdi_sio,1,1,0,0,0,0,0,0,0,0
usbnet_cdc_bind,0x58bb6803,STOCK_MODULE,cdc_ether,1,r8153_ecm,1,1,0,0,0,0,0,0,0,0
usbnet_cdc_status,0x64358e1e,STOCK_MODULE,cdc_ether,1,r8153_ecm,1,1,0,0,0,0,0,0,0,0
usbnet_cdc_unbind,0x2e5cd3da,STOCK_MODULE,cdc_ether,1,r8153_ecm,1,1,0,0,0,0,0,0,0,0
usbnet_cdc_update_filter,0xcf94e72f,STOCK_MODULE,cdc_ether,1,cdc_ncm,1,1,0,0,0,0,0,0,0,0
usbnet_change_mtu,0xdf1db1f5,STOCK_MODULE,usbnet,1,asix,1,1,0,0,0,0,1,1,0,1
usbnet_defer_kevent,0x6e3c218b,STOCK_MODULE,usbnet,1,aqc111,1,1,0,0,0,0,0,0,0,0
usbnet_device_suggests_idle,0x4225b869,STOCK_MODULE,usbnet,1,cdc_eem,1,1,0,0,0,0,0,0,0,0
usbnet_disconnect,0xfe1e5ee6,STOCK_MODULE,usbnet,1,aqc111;asix;ax88179_178a;cdc_eem;cdc_ether;cdc_ncm;r8153_ecm,7,7,0,0,0,0,1,1,0,1
usbnet_get_drvinfo,0xa5701874,STOCK_MODULE,usbnet,1,aqc111;asix;cdc_ether;cdc_ncm,4,4,0,0,0,0,1,1,0,1
usbnet_get_endpoints,0xb30fc515,STOCK_MODULE,usbnet,1,aqc111;asix;ax88179_178a;cdc_eem;cdc_ether,5,5,0,0,0,0,1,1,0,1
usbnet_get_ethernet_addr,0x67d3b4c3,STOCK_MODULE,usbnet,1,cdc_ether;cdc_ncm,2,2,0,0,0,0,0,0,0,0
usbnet_get_link,0xa8e792b0,STOCK_MODULE,usbnet,1,asix;cdc_ether;cdc_ncm,3,3,0,0,0,0,1,1,0,1
usbnet_get_link_ksettings_internal,0xe3c529b7,STOCK_MODULE,usbnet,1,cdc_ether;cdc_ncm,2,2,0,0,0,0,0,0,0,0
usbnet_get_link_ksettings_mii,0x2d9393b2,STOCK_MODULE,usbnet,1,asix,1,1,0,0,0,0,1,1,0,1
usbnet_get_msglevel,0xaa53e6df,STOCK_MODULE,usbnet,1,aqc111;asix;ax88179_178a;cdc_ether;cdc_ncm,5,5,0,0,0,0,1,1,0,1
usbnet_link_change,0x8a855afb,STOCK_MODULE,usbnet,1,asix;ax88179_178a;cdc_ether;cdc_ncm,4,4,0,0,0,0,1,1,0,1
usbnet_manage_power,0x93c58c3a,STOCK_MODULE,usbnet,1,cdc_ether;cdc_ncm;r8153_ecm,3,3,0,0,0,0,0,0,0,0
usbnet_nway_reset,0x44c1d620,STOCK_MODULE,usbnet,1,asix;ax88179_178a;cdc_ether;cdc_ncm,4,4,0,0,0,0,1,1,0,1
usbnet_open,0x37e3dac8,STOCK_MODULE,usbnet,1,aqc111;asix;ax88179_178a;cdc_ncm,4,4,0,0,0,0,1,1,0,1
usbnet_probe,0xa6db5d48,STOCK_MODULE,usbnet,1,aqc111;asix;ax88179_178a;cdc_eem;cdc_ether;cdc_ncm;r8153_ecm,7,7,0,0,0,0,1,1,0,1
usbnet_read_cmd,0xa46394ea,STOCK_MODULE,usbnet,1,aqc111;asix;ax88179_178a;cdc_ncm;r8153_ecm,5,5,0,0,0,0,1,1,0,1
usbnet_read_cmd_nopm,0x721f340d,STOCK_MODULE,usbnet,1,aqc111;asix;ax88179_178a,3,3,0,0,0,0,1,1,0,1
usbnet_resume,0xb279d24c,STOCK_MODULE,usbnet,1,aqc111;asix;ax88179_178a;cdc_eem;cdc_ether;cdc_ncm;r8153_ecm,7,7,0,0,0,0,1,1,0,1
usbnet_set_link_ksettings_mii,0x3f50bb22,STOCK_MODULE,usbnet,1,asix,1,1,0,0,0,0,1,1,0,1
usbnet_set_msglevel,0xcbf61848,STOCK_MODULE,usbnet,1,aqc111;asix;ax88179_178a;cdc_ether;cdc_ncm,5,5,0,0,0,0,1,1,0,1
usbnet_set_rx_mode,0xb92478a6,STOCK_MODULE,usbnet,1,cdc_ncm,1,1,0,0,0,0,0,0,0,0
usbnet_skb_return,0x7602f70e,STOCK_MODULE,usbnet,1,aqc111;asix;ax88179_178a;cdc_eem;cdc_ncm,5,5,0,0,0,0,1,1,0,1
usbnet_start_xmit,0x64b56e3d,STOCK_MODULE,usbnet,1,aqc111;asix;ax88179_178a;cdc_ncm,4,4,0,0,0,0,1,1,0,1
usbnet_stop,0x1328858d,STOCK_MODULE,usbnet,1,aqc111;asix;ax88179_178a;cdc_ncm,4,4,0,0,0,0,1,1,0,1
usbnet_suspend,0xf5d2649e,STOCK_MODULE,usbnet,1,aqc111;asix;ax88179_178a;cdc_eem;cdc_ether;cdc_ncm;r8153_ecm,7,7,0,0,0,0,1,1,0,1
usbnet_tx_timeout,0x93fad802,STOCK_MODULE,usbnet,1,aqc111;asix;ax88179_178a;cdc_ncm,4,4,0,0,0,0,1,1,0,1
usbnet_unlink_rx_urbs,0xbc6ac02a,STOCK_MODULE,usbnet,1,asix;cdc_ncm,2,2,0,0,0,0,1,1,0,1
usbnet_update_max_qlen,0x8e4b4478,STOCK_MODULE,usbnet,1,asix;ax88179_178a;cdc_ncm,3,3,0,0,0,0,1,1,0,1
usbnet_write_cmd,0xf6bbc53f,STOCK_MODULE,usbnet,1,asix;ax88179_178a;cdc_ncm;r8153_ecm,4,4,0,0,0,0,1,1,0,1
usbnet_write_cmd_async,0x54bea6a3,STOCK_MODULE,usbnet,1,aqc111;asix;ax88179_178a,3,3,0,0,0,0,1,1,0,1
usbnet_write_cmd_nopm,0xee57cfe4,STOCK_MODULE,usbnet,1,asix;ax88179_178a,2,2,0,0,0,0,1,1,0,1
v4l2_m2m_buf_queue_check,0x31e2e02d,STOCK_MODULE,mtk_vcodec_common,1,mtk_vcodec_dec_v1;mtk_vcodec_enc_v1,2,2,0,0,0,0,0,0,0,0
v4l_fill_mtk_fmtdesc,0x6ea2ae0a,STOCK_MODULE,mtk_vcodec_common,1,mtk_vcodec_dec_v1;mtk_vcodec_enc_v1,2,2,0,0,0,0,0,0,0,0
vcodec_trace,0x2e03c4c3,STOCK_MODULE,mtk_vcodec_common,1,mtk_vcodec_dec_v1;mtk_vcodec_enc_v1,2,2,0,0,0,0,0,0,0,0
vcorefs_get_num_opp,0x6e008147,STOCK_MODULE,mtk_dvfsrc_helper,1,met_vcore_api,1,1,0,0,0,0,0,0,0,0
vcorefs_get_num_opp_symbol,0xb93545c8,STOCK_MODULE,met,1,met_vcore_api,1,1,0,0,0,0,0,0,0,0
vcorefs_get_opp_info,0xfdc4df1d,STOCK_MODULE,mtk_dvfsrc_helper,1,met_vcore_api,1,1,0,0,0,0,0,0,0,0
vcorefs_get_opp_info_name,0xe228fd87,STOCK_MODULE,mtk_dvfsrc_helper,1,met_vcore_api,1,1,0,0,0,0,0,0,0,0
vcorefs_get_opp_info_name_symbol,0x50e4cbd9,STOCK_MODULE,met,1,met_vcore_api,1,1,0,0,0,0,0,0,0,0
vcorefs_get_opp_info_num,0xcc980630,STOCK_MODULE,mtk_dvfsrc_helper,1,met_vcore_api,1,1,0,0,0,0,0,0,0,0
vcorefs_get_opp_info_num_symbol,0xcf91e23c,STOCK_MODULE,met,1,met_vcore_api,1,1,0,0,0,0,0,0,0,0
vcorefs_get_opp_info_symbol,0x580a445f,STOCK_MODULE,met,1,met_vcore_api,1,1,0,0,0,0,0,0,0,0
vcorefs_get_src_req,0x9ddc3b88,STOCK_MODULE,mtk_dvfsrc_helper,1,met_vcore_api;mtk_mbraink,2,2,0,0,0,0,0,0,0,0
vcorefs_get_src_req_name,0xb1618a62,STOCK_MODULE,mtk_dvfsrc_helper,1,met_vcore_api,1,1,0,0,0,0,0,0,0,0
vcorefs_get_src_req_name_symbol,0x2dde83ec,STOCK_MODULE,met,1,met_vcore_api,1,1,0,0,0,0,0,0,0,0
vcorefs_get_src_req_num,0x67c99abe,STOCK_MODULE,mtk_dvfsrc_helper,1,met_vcore_api;mtk_mbraink,2,2,0,0,0,0,0,0,0,0
vcorefs_get_src_req_num_symbol,0x07c9111a,STOCK_MODULE,met,1,met_vcore_api,1,1,0,0,0,0,0,0,0,0
vcorefs_get_src_req_symbol,0x4fb045e6,STOCK_MODULE,met,1,met_vcore_api,1,1,0,0,0,0,0,0,0,0
vcp_A_register_notify,0xe964785f,STOCK_MODULE,vcp,1,mtk_vcodec_dec_v1;mtk_vcodec_enc_v1,2,2,0,0,0,0,0,0,0,0
vcp_A_register_notify_ex,0xf096d9cb,STOCK_MODULE,vcp_status,1,mmqos_common;mtk_mmdvfs_v3,2,2,0,0,0,0,0,0,0,0
vcp_ao,0x389bac37,STOCK_MODULE,vcp_status,1,mtk_vcodec_dec_v1;vcp,2,2,0,0,0,0,0,0,0,0
vcp_cmd_ex,0x43406bdf,STOCK_MODULE,vcp_status,1,mediatek_drm;mmqos_common;mtk_imgsys_cmdq;mtk_mmdvfs_v3,4,4,0,0,0,0,0,0,0,0
vcp_deregister_feature,0xd31c5f0e,STOCK_MODULE,vcp,1,mtk_vcodec_dec_v1;mtk_vcodec_enc_v1,2,2,0,0,0,0,0,0,0,0
vcp_deregister_feature_ex,0xf76e2c32,STOCK_MODULE,vcp_status,1,mmqos_common;mtk_cmdq_drv_ext;mtk_mmdvfs_v3,3,3,0,0,0,0,0,0,0,0
vcp_get_io_device,0xd929bfea,STOCK_MODULE,vcp,1,mtk_vcodec_dec_v1;mtk_vcodec_enc_v1;mtk_vcu,3,3,0,0,0,0,0,0,0,0
vcp_get_ipidev,0xe21b867b,STOCK_MODULE,vcp_status,1,mmqos_common;mtk_mmdvfs_v3,2,2,0,0,0,0,0,0,0,0
vcp_get_reserve_mem_phys,0x89d2cf8c,STOCK_MODULE,vcp,1,mtk_vcodec_dec_v1;mtk_vcodec_enc_v1,2,2,0,0,0,0,0,0,0,0
vcp_get_reserve_mem_phys_ex,0x5fad184b,STOCK_MODULE,vcp_status,1,mmqos_common;mtk_cmdq_drv_ext;mtk_mmdvfs_v3,3,3,0,0,0,0,0,0,0,0
vcp_get_reserve_mem_size,0xe7024b69,STOCK_MODULE,vcp,1,mtk_vcodec_dec_v1;mtk_vcodec_enc_v1,2,2,0,0,0,0,0,0,0,0
vcp_get_reserve_mem_virt,0x00068f6a,STOCK_MODULE,vcp,1,mtk_vcodec_dec_v1;mtk_vcodec_enc_v1,2,2,0,0,0,0,0,0,0,0
vcp_get_reserve_mem_virt_ex,0x8305ed18,STOCK_MODULE,vcp_status,1,mmqos_common;mtk_cmdq_drv_ext;mtk_mmdvfs_v3,3,3,0,0,0,0,0,0,0,0
vcp_ipidev,0x560025f9,STOCK_MODULE,vcp,1,mtk_vcodec_dec_v1;mtk_vcodec_enc_v1,2,2,0,0,0,0,0,0,0,0
vcp_register_feature,0xe56ce77d,STOCK_MODULE,vcp,1,mtk_vcodec_dec_v1;mtk_vcodec_enc_v1,2,2,0,0,0,0,0,0,0,0
vcp_register_feature_ex,0xddc0af81,STOCK_MODULE,vcp_status,1,mmqos_common;mtk_cmdq_drv_ext;mtk_mmdvfs_v3,3,3,0,0,0,0,0,0,0,0
vcp_register_mminfra_cb_ex,0xcf3fd141,STOCK_MODULE,vcp_status,1,mtk_mminfra_debug,1,1,0,0,0,0,0,0,0,0
vcp_set_fp,0xf64e3899,STOCK_MODULE,vcp_status,1,vcp,1,1,0,0,0,0,0,0,0,0
vcp_set_ipidev,0x95f5de9f,STOCK_MODULE,vcp_status,1,vcp,1,1,0,0,0,0,0,0,0,0
vcp_set_mminfra_cb,0xc79a4340,STOCK_MODULE,vcp_status,1,vcp,1,1,0,0,0,0,0,0,0,0
vcu_func,0x1208894a,STOCK_MODULE,mtk_vcodec_common,1,mtk_vcodec_dec_v1;mtk_vcodec_enc_v1;mtk_vcu,3,3,0,0,0,0,0,0,0,0
vow_ipi_send,0xf6a1db9b,STOCK_MODULE,mtk_vow,1,mtk_scp_vow,1,1,0,0,0,0,0,0,0,0
wifi_reset_end,0x6f3bf319,STOCK_MODULE,wmt_chrdev_wifi_connac2,1,wlan_drv_gen4m_6878,1,1,0,0,0,0,0,0,0,0
wifi_reset_start,0xcf8cb5e3,STOCK_MODULE,wmt_chrdev_wifi_connac2,1,wlan_drv_gen4m_6878,1,1,0,0,0,0,0,0,0,0
will_ldo_en,0xdd9b9ea1,STOCK_MODULE,custom_ldo_wl2868,1,custom_ldo,1,1,0,0,0,0,0,0,0,0
will_ldo_vout,0x23ec3223,STOCK_MODULE,custom_ldo_wl2868,1,custom_ldo,1,1,0,0,0,0,0,0,0,0
wiphy_apply_custom_regulatory,0xac0cb2cb,STOCK_MODULE,cfg80211,1,wlan_drv_gen4m_6878,1,1,0,0,0,0,0,0,0,0
wiphy_delayed_work_cancel,0x84c28c31,STOCK_MODULE,cfg80211,1,mac80211,1,1,0,0,0,0,0,0,0,0
wiphy_delayed_work_flush,0xab3bb1fe,STOCK_MODULE,cfg80211,1,mac80211,1,1,0,0,0,0,0,0,0,0
wiphy_delayed_work_queue,0xeca5f2c6,STOCK_MODULE,cfg80211,1,mac80211,1,1,0,0,0,0,0,0,0,0
wiphy_delayed_work_timer,0x6daefd86,STOCK_MODULE,cfg80211,1,mac80211,1,1,0,0,0,0,0,0,0,0
wiphy_free,0x8dd5515b,STOCK_MODULE,cfg80211,1,mac80211;wlan_drv_gen4m_6878,2,2,0,0,0,0,0,0,0,0
wiphy_new_nm,0x801af4b3,STOCK_MODULE,cfg80211,1,mac80211;wlan_drv_gen4m_6878,2,2,0,0,0,0,0,0,0,0
wiphy_register,0x7cccb2db,STOCK_MODULE,cfg80211,1,mac80211;wlan_drv_gen4m_6878,2,2,0,0,0,0,0,0,0,0
wiphy_unregister,0xb2329766,STOCK_MODULE,cfg80211,1,mac80211;wlan_drv_gen4m_6878,2,2,0,0,0,0,0,0,0,0
wiphy_work_cancel,0x8e72abcd,STOCK_MODULE,cfg80211,1,mac80211,1,1,0,0,0,0,0,0,0,0
wiphy_work_flush,0xcf03ee6a,STOCK_MODULE,cfg80211,1,mac80211,1,1,0,0,0,0,0,0,0,0
wiphy_work_queue,0x23c23820,STOCK_MODULE,cfg80211,1,mac80211,1,1,0,0,0,0,0,0,0,0
wmt_export_platform_bridge_register,0x20dacb95,STOCK_MODULE,connadp,1,conninfra,1,1,0,0,0,0,0,0,0,0
wmt_export_platform_dbg_bridge_register,0x5c0cccf3,STOCK_MODULE,connadp,1,conninfra,1,1,0,0,0,0,0,0,0,0
wmt_export_platform_dbg_bridge_unregister,0x958545cb,STOCK_MODULE,connadp,1,conninfra,1,1,0,0,0,0,0,0,0,0
word_size_align,0x2d181b92,STOCK_MODULE,snd_soc_mtk_common,1,snd_soc_mt6878_afe,1,1,0,0,0,0,0,0,0,0
wpan_phy_free,0x70eca563,STOCK_MODULE,ieee802154,1,mac802154,1,1,0,0,0,0,0,0,0,0
wpan_phy_new,0xff230c07,STOCK_MODULE,ieee802154,1,mac802154,1,1,0,0,0,0,0,0,0,0
wpan_phy_register,0x267db43d,STOCK_MODULE,ieee802154,1,mac802154,1,1,0,0,0,0,0,0,0,0
wpan_phy_unregister,0x3bd3ad22,STOCK_MODULE,ieee802154,1,mac802154,1,1,0,0,0,0,0,0,0,0
xgf_alloc,0x35811a9a,STOCK_MODULE,mtk_fpsgo,1,fpsgo,1,1,0,0,0,0,0,0,0,0
xgf_alloc_array,0xdf7b5a7c,STOCK_MODULE,mtk_fpsgo,1,fpsgo,1,1,0,0,0,0,0,0,0,0
xgf_atomic_read,0x88cbdd57,STOCK_MODULE,mtk_fpsgo,1,fpsgo,1,1,0,0,0,0,0,0,0,0
xgf_calculate_sqrt,0xc98bf530,STOCK_MODULE,mtk_fpsgo,1,fpsgo,1,1,0,0,0,0,0,0,0,0
xgf_check_main_sf_pid,0x639b337c,STOCK_MODULE,mtk_fpsgo,1,fpsgo,1,1,0,0,0,0,0,0,0,0
xgf_delete_render_info_fp,0xaa15f875,STOCK_MODULE,mtk_fpsgo,1,fpsgo,1,1,0,0,0,0,0,0,0,0
xgf_do_div,0xff73c32d,STOCK_MODULE,mtk_fpsgo,1,fpsgo,1,1,0,0,0,0,0,0,0,0
xgf_ema2_dump_info_frames,0xd3889168,STOCK_MODULE,mtk_fpsgo,1,fpsgo,1,1,0,0,0,0,0,0,0,0
xgf_ema2_dump_rho,0x618d13e8,STOCK_MODULE,mtk_fpsgo,1,fpsgo,1,1,0,0,0,0,0,0,0,0
xgf_ema2_systrace,0xcb74d57a,STOCK_MODULE,mtk_fpsgo,1,fpsgo,1,1,0,0,0,0,0,0,0,0
xgf_est_runtime_fp,0x1afa33b8,STOCK_MODULE,mtk_fpsgo,1,fpsgo,1,1,0,0,0,0,0,0,0,0
xgf_event_buffer,0x073314cd,STOCK_MODULE,mtk_fpsgo,1,fpsgo,1,1,0,0,0,0,0,0,0,0
xgf_event_buffer_size,0xed6418b1,STOCK_MODULE,mtk_fpsgo,1,fpsgo,1,1,0,0,0,0,0,0,0,0
xgf_free,0x134267d4,STOCK_MODULE,mtk_fpsgo,1,fpsgo,1,1,0,0,0,0,0,0,0,0
xgf_get_logical_tid,0x1c6b727a,STOCK_MODULE,mtk_fpsgo,1,fpsgo,1,1,0,0,0,0,0,0,0,0
xgf_get_process_id,0xb6006b29,STOCK_MODULE,mtk_fpsgo,1,fpsgo,1,1,0,0,0,0,0,0,0,0
xgf_get_runtime,0xfd706cc1,STOCK_MODULE,mtk_fpsgo,1,fpsgo,1,1,0,0,0,0,0,0,0,0
xgf_trace,0x46ea2c6b,STOCK_MODULE,mtk_fpsgo,1,fpsgo,1,1,0,0,0,0,0,0,0,0
xgff_frame_getdeplist_maxsize_fp,0x96a9dd8c,STOCK_MODULE,mtk_perf_ioctl,1,mtk_fpsgo,1,1,0,0,0,0,0,0,0,0
xgff_frame_min_cap_fp,0xd544ac4b,STOCK_MODULE,mtk_perf_ioctl,1,mtk_fpsgo,1,1,0,0,0,0,0,0,0,0
xgff_frame_startend_fp,0xa31907cb,STOCK_MODULE,mtk_perf_ioctl,1,mtk_fpsgo,1,1,0,0,0,0,0,0,0,0
xhci_check_bandwidth_,0x28d08aad,STOCK_MODULE,xhci_mtk_hcd_v2,1,usb_offload,1,1,0,0,0,0,0,0,0,0
xhci_get_endpoint_index_,0x6a250d3e,STOCK_MODULE,xhci_mtk_hcd_v2,1,usb_offload,1,1,0,0,0,0,0,0,0,0
xhci_get_ep_ctx__,0x050054be,STOCK_MODULE,xhci_mtk_hcd_v2,1,usb_offload,1,1,0,0,0,0,0,0,0,0
xhci_link_segments_,0x75fb4888,STOCK_MODULE,xhci_mtk_hcd_v2,1,usb_offload,1,1,0,0,0,0,0,0,0,0
xhci_ring_alloc_,0xfa98568e,STOCK_MODULE,xhci_mtk_hcd_v2,1,usb_offload,1,1,0,0,0,0,0,0,0,0
xhci_ring_free_,0xc9a40dc0,STOCK_MODULE,xhci_mtk_hcd_v2,1,usb_offload,1,1,0,0,0,0,0,0,0,0
yft_accsensor_device_add,0xaddbf462,STOCK_MODULE,yft_devinfo,1,hf_manager,1,1,0,0,0,0,0,0,0,0
yft_alspssensor_device_add,0xc83acfe5,STOCK_MODULE,yft_devinfo,1,hf_manager,1,1,0,0,0,0,0,0,0,0
yft_barosensor_device_add,0x8a9d5aaa,STOCK_MODULE,yft_devinfo,1,hf_manager,1,1,0,0,0,0,0,0,0,0
yft_cam_open_flag,0x8f10a053,STOCK_MODULE,mtk_charger_framework,1,charger_cooling;imgsensor,2,2,0,0,0,0,0,0,0,0
yft_camera_device_add,0x8cb1e87d,STOCK_MODULE,yft_devinfo,1,imgsensor,1,1,0,0,0,0,0,0,0,0
yft_finger_set_irq,0x6d125ec3,STOCK_MODULE,fingerprint,1,microarray_fp_tee,1,1,0,0,0,0,0,0,0,0
yft_finger_set_reset,0xcae83e02,STOCK_MODULE,fingerprint,1,microarray_fp_tee,1,1,0,0,0,0,0,0,0,0
yft_finger_set_spi_mode,0x0cf6e61a,STOCK_MODULE,fingerprint,1,microarray_fp_tee,1,1,0,0,0,0,0,0,0,0
yft_fuelgauge_device_add,0xf5752941,STOCK_MODULE,yft_devinfo,1,sh366003_fg,1,1,0,0,0,0,0,0,0,0
yft_long_charger_flag,0x1f29b716,STOCK_MODULE,mtk_charger_framework,1,charger_cooling,1,1,0,0,0,0,0,0,0,0
yft_msensor_device_add,0x605a1708,STOCK_MODULE,yft_devinfo,1,hf_manager,1,1,0,0,0,0,0,0,0,0
yft_sarsensor_device_add,0x4b0c07c5,STOCK_MODULE,yft_devinfo,1,hf_manager,1,1,0,0,0,0,0,0,0,0
yft_set_accsensor_device_used,0x306523b3,STOCK_MODULE,yft_devinfo,1,hf_manager,1,1,0,0,0,0,0,0,0,0
yft_set_alspssensor_device_used,0x1d2717e5,STOCK_MODULE,yft_devinfo,1,hf_manager,1,1,0,0,0,0,0,0,0,0
yft_set_barosensor_device_used,0x4af62c4f,STOCK_MODULE,yft_devinfo,1,hf_manager,1,1,0,0,0,0,0,0,0,0
yft_set_camera_device_used,0x8a60f3de,STOCK_MODULE,yft_devinfo,1,imgsensor,1,1,0,0,0,0,0,0,0,0
yft_set_fuelgauge_device_used,0x82093a2e,STOCK_MODULE,yft_devinfo,1,sh366003_fg,1,1,0,0,0,0,0,0,0,0
yft_set_msensor_device_used,0x8f1e4776,STOCK_MODULE,yft_devinfo,1,hf_manager,1,1,0,0,0,0,0,0,0,0
yft_set_sarsensor_device_used,0xbc6d2dd0,STOCK_MODULE,yft_devinfo,1,hf_manager,1,1,0,0,0,0,0,0,0,0
yft_set_tinylcd_device_used,0x25e94db4,STOCK_MODULE,yft_devinfo,1,spi_tiny_co5300_lcd,1,1,0,0,0,0,0,0,0,0
yft_set_touch_device_used,0x0a0f3b69,STOCK_MODULE,yft_devinfo,1,focaltech_touch_spi_ft3680;hynitron,2,2,0,0,0,0,0,0,0,0
yft_spitouchpanel_device_add,0xea3d7f0d,STOCK_MODULE,yft_devinfo,1,focaltech_touch_spi_ft3680,1,1,0,0,0,0,0,0,0,0
yft_tinylcd_device_add,0x9c6d85d0,STOCK_MODULE,yft_devinfo,1,spi_tiny_co5300_lcd,1,1,0,0,0,0,0,0,0,0
yft_touchpanel_device_add,0xf5ba4446,STOCK_MODULE,yft_devinfo,1,hynitron,1,1,0,0,0,0,0,0,0,0
yft_usb_flag,0x398e9c8b,STOCK_MODULE,mt6375_charger,1,extcon_mtk_usb;yft_tiny2c_usb,2,2,0,0,0,0,0,0,0,0
yft_waite_for_finger_dts_paser,0x4202702c,STOCK_MODULE,fingerprint,1,microarray_fp_tee,1,1,0,0,0,0,0,0,0,0
zs_compact,0x5da67adc,STOCK_MODULE,zsmalloc,1,zram,1,1,0,0,0,0,0,0,0,0
zs_create_pool,0xbcf1f0e6,STOCK_MODULE,zsmalloc,1,zram,1,1,0,0,0,0,0,0,0,0
zs_destroy_pool,0xc69b7ee5,STOCK_MODULE,zsmalloc,1,zram,1,1,0,0,0,0,0,0,0,0
zs_free,0x958df3ac,STOCK_MODULE,zsmalloc,1,zram,1,1,0,0,0,0,0,0,0,0
zs_get_total_pages,0xcbe56bc2,STOCK_MODULE,zsmalloc,1,zram,1,1,0,0,0,0,0,0,0,0
zs_huge_class_size,0x3d8baf3b,STOCK_MODULE,zsmalloc,1,zram,1,1,0,0,0,0,0,0,0,0
zs_malloc,0xb29533ee,STOCK_MODULE,zsmalloc,1,zram,1,1,0,0,0,0,0,0,0,0
zs_map_object,0xc341ae6d,STOCK_MODULE,zsmalloc,1,zram,1,1,0,0,0,0,0,0,0,0
zs_pool_stats,0x7cceaf92,STOCK_MODULE,zsmalloc,1,zram,1,1,0,0,0,0,0,0,0,0
zs_unmap_object,0x924c46f8,STOCK_MODULE,zsmalloc,1,zram,1,1,0,0,0,0,0,0,0,0
