sha256	module_name	filename	locations	symbol
012154006ea26048afb958202d54744ff53889dd7b408d0c59ca681a3edcd004	pmic_lvsys_notify	pmic_lvsys_notify.ko	vendor_boot_platform	lvsys_register_notifier
012154006ea26048afb958202d54744ff53889dd7b408d0c59ca681a3edcd004	pmic_lvsys_notify	pmic_lvsys_notify.ko	vendor_boot_platform	lvsys_unregister_notifier
0136628a3419d3c7d02274cb4056c343bd463cba7115eb1f19625d524402cfa9	mt6685_audclk	mt6685-audclk.ko	vendor_boot_platform	mt6685_set_dcxo
0136628a3419d3c7d02274cb4056c343bd463cba7115eb1f19625d524402cfa9	mt6685_audclk	mt6685-audclk.ko	vendor_boot_platform	mt6685_set_dcxo_mode
037175478603983d5a333186c803bc2d9e424939ad87f8e8d088062400e25386	mtk_swpm_dbg_common_v1	mtk-swpm-dbg-common-v1.ko	vendor_dlkm	swpm_dbg_common_fs_exit
037175478603983d5a333186c803bc2d9e424939ad87f8e8d088062400e25386	mtk_swpm_dbg_common_v1	mtk-swpm-dbg-common-v1.ko	vendor_dlkm	swpm_dbg_common_fs_init
037175478603983d5a333186c803bc2d9e424939ad87f8e8d088062400e25386	mtk_swpm_dbg_common_v1	mtk-swpm-dbg-common-v1.ko	vendor_dlkm	swpm_gpu_debug
037175478603983d5a333186c803bc2d9e424939ad87f8e8d088062400e25386	mtk_swpm_dbg_common_v1	mtk-swpm-dbg-common-v1.ko	vendor_dlkm	swpm_status
03837d13863e3f6694918e2e049edbc3bd5ca5cb02e10d6f374620cca98ed226	tkcore	tkcore.ko	vendor_boot_platform	TEEC_AllocateSharedMemory
03837d13863e3f6694918e2e049edbc3bd5ca5cb02e10d6f374620cca98ed226	tkcore	tkcore.ko	vendor_boot_platform	TEEC_CloseSession
03837d13863e3f6694918e2e049edbc3bd5ca5cb02e10d6f374620cca98ed226	tkcore	tkcore.ko	vendor_boot_platform	TEEC_FinalizeContext
03837d13863e3f6694918e2e049edbc3bd5ca5cb02e10d6f374620cca98ed226	tkcore	tkcore.ko	vendor_boot_platform	TEEC_InitializeContext
03837d13863e3f6694918e2e049edbc3bd5ca5cb02e10d6f374620cca98ed226	tkcore	tkcore.ko	vendor_boot_platform	TEEC_InvokeCommand
03837d13863e3f6694918e2e049edbc3bd5ca5cb02e10d6f374620cca98ed226	tkcore	tkcore.ko	vendor_boot_platform	TEEC_OpenSession
03837d13863e3f6694918e2e049edbc3bd5ca5cb02e10d6f374620cca98ed226	tkcore	tkcore.ko	vendor_boot_platform	TEEC_RegisterSharedMemory
03837d13863e3f6694918e2e049edbc3bd5ca5cb02e10d6f374620cca98ed226	tkcore	tkcore.ko	vendor_boot_platform	TEEC_ReleaseSharedMemory
03837d13863e3f6694918e2e049edbc3bd5ca5cb02e10d6f374620cca98ed226	tkcore	tkcore.ko	vendor_boot_platform	__tee_get
03837d13863e3f6694918e2e049edbc3bd5ca5cb02e10d6f374620cca98ed226	tkcore	tkcore.ko	vendor_boot_platform	tee_clkmgr_handle
03837d13863e3f6694918e2e049edbc3bd5ca5cb02e10d6f374620cca98ed226	tkcore	tkcore.ko	vendor_boot_platform	tee_clkmgr_register
03837d13863e3f6694918e2e049edbc3bd5ca5cb02e10d6f374620cca98ed226	tkcore	tkcore.ko	vendor_boot_platform	tee_core_add
03837d13863e3f6694918e2e049edbc3bd5ca5cb02e10d6f374620cca98ed226	tkcore	tkcore.ko	vendor_boot_platform	tee_core_alloc
03837d13863e3f6694918e2e049edbc3bd5ca5cb02e10d6f374620cca98ed226	tkcore	tkcore.ko	vendor_boot_platform	tee_core_del
03837d13863e3f6694918e2e049edbc3bd5ca5cb02e10d6f374620cca98ed226	tkcore	tkcore.ko	vendor_boot_platform	tee_core_free
03837d13863e3f6694918e2e049edbc3bd5ca5cb02e10d6f374620cca98ed226	tkcore	tkcore.ko	vendor_boot_platform	tee_map_cached_shm
03837d13863e3f6694918e2e049edbc3bd5ca5cb02e10d6f374620cca98ed226	tkcore	tkcore.ko	vendor_boot_platform	tee_spi_cfg_padsel
03837d13863e3f6694918e2e049edbc3bd5ca5cb02e10d6f374620cca98ed226	tkcore	tkcore.ko	vendor_boot_platform	tee_spi_transfer
03837d13863e3f6694918e2e049edbc3bd5ca5cb02e10d6f374620cca98ed226	tkcore	tkcore.ko	vendor_boot_platform	tee_spi_transfer_disable
03837d13863e3f6694918e2e049edbc3bd5ca5cb02e10d6f374620cca98ed226	tkcore	tkcore.ko	vendor_boot_platform	tee_supp_cmd
03837d13863e3f6694918e2e049edbc3bd5ca5cb02e10d6f374620cca98ed226	tkcore	tkcore.ko	vendor_boot_platform	tee_unmap_cached_shm
03837d13863e3f6694918e2e049edbc3bd5ca5cb02e10d6f374620cca98ed226	tkcore	tkcore.ko	vendor_boot_platform	tee_wait_queue_exit
03837d13863e3f6694918e2e049edbc3bd5ca5cb02e10d6f374620cca98ed226	tkcore	tkcore.ko	vendor_boot_platform	tee_wait_queue_init
03837d13863e3f6694918e2e049edbc3bd5ca5cb02e10d6f374620cca98ed226	tkcore	tkcore.ko	vendor_boot_platform	tee_wait_queue_sleep
03837d13863e3f6694918e2e049edbc3bd5ca5cb02e10d6f374620cca98ed226	tkcore	tkcore.ko	vendor_boot_platform	tee_wait_queue_wakeup
0675b943ec9255c8ca4adf8506ea247ae25a2e9175607aa9b2001cc87ef5fbd1	snd_soc_mtk_common	snd-soc-mtk-common.ko	vendor_dlkm	is_afe_need_triggered
0675b943ec9255c8ca4adf8506ea247ae25a2e9175607aa9b2001cc87ef5fbd1	snd_soc_mtk_common	snd-soc-mtk-common.ko	vendor_dlkm	mtk_afe_add_sub_dai_control
0675b943ec9255c8ca4adf8506ea247ae25a2e9175607aa9b2001cc87ef5fbd1	snd_soc_mtk_common	snd-soc-mtk-common.ko	vendor_dlkm	mtk_afe_combine_sub_dai
0675b943ec9255c8ca4adf8506ea247ae25a2e9175607aa9b2001cc87ef5fbd1	snd_soc_mtk_common	snd-soc-mtk-common.ko	vendor_dlkm	mtk_afe_debug_write_reg
0675b943ec9255c8ca4adf8506ea247ae25a2e9175607aa9b2001cc87ef5fbd1	snd_soc_mtk_common	snd-soc-mtk-common.ko	vendor_dlkm	mtk_afe_debugfs_open
0675b943ec9255c8ca4adf8506ea247ae25a2e9175607aa9b2001cc87ef5fbd1	snd_soc_mtk_common	snd-soc-mtk-common.ko	vendor_dlkm	mtk_afe_debugfs_write
0675b943ec9255c8ca4adf8506ea247ae25a2e9175607aa9b2001cc87ef5fbd1	snd_soc_mtk_common	snd-soc-mtk-common.ko	vendor_dlkm	mtk_afe_fe_hw_free
0675b943ec9255c8ca4adf8506ea247ae25a2e9175607aa9b2001cc87ef5fbd1	snd_soc_mtk_common	snd-soc-mtk-common.ko	vendor_dlkm	mtk_afe_fe_hw_params
0675b943ec9255c8ca4adf8506ea247ae25a2e9175607aa9b2001cc87ef5fbd1	snd_soc_mtk_common	snd-soc-mtk-common.ko	vendor_dlkm	mtk_afe_fe_ops
0675b943ec9255c8ca4adf8506ea247ae25a2e9175607aa9b2001cc87ef5fbd1	snd_soc_mtk_common	snd-soc-mtk-common.ko	vendor_dlkm	mtk_afe_fe_prepare
0675b943ec9255c8ca4adf8506ea247ae25a2e9175607aa9b2001cc87ef5fbd1	snd_soc_mtk_common	snd-soc-mtk-common.ko	vendor_dlkm	mtk_afe_fe_shutdown
0675b943ec9255c8ca4adf8506ea247ae25a2e9175607aa9b2001cc87ef5fbd1	snd_soc_mtk_common	snd-soc-mtk-common.ko	vendor_dlkm	mtk_afe_fe_startup
0675b943ec9255c8ca4adf8506ea247ae25a2e9175607aa9b2001cc87ef5fbd1	snd_soc_mtk_common	snd-soc-mtk-common.ko	vendor_dlkm	mtk_afe_fe_trigger
0675b943ec9255c8ca4adf8506ea247ae25a2e9175607aa9b2001cc87ef5fbd1	snd_soc_mtk_common	snd-soc-mtk-common.ko	vendor_dlkm	mtk_afe_pcm_ack
0675b943ec9255c8ca4adf8506ea247ae25a2e9175607aa9b2001cc87ef5fbd1	snd_soc_mtk_common	snd-soc-mtk-common.ko	vendor_dlkm	mtk_afe_pcm_copy_user
0675b943ec9255c8ca4adf8506ea247ae25a2e9175607aa9b2001cc87ef5fbd1	snd_soc_mtk_common	snd-soc-mtk-common.ko	vendor_dlkm	mtk_afe_pcm_free
0675b943ec9255c8ca4adf8506ea247ae25a2e9175607aa9b2001cc87ef5fbd1	snd_soc_mtk_common	snd-soc-mtk-common.ko	vendor_dlkm	mtk_afe_pcm_new
0675b943ec9255c8ca4adf8506ea247ae25a2e9175607aa9b2001cc87ef5fbd1	snd_soc_mtk_common	snd-soc-mtk-common.ko	vendor_dlkm	mtk_afe_pcm_open
0675b943ec9255c8ca4adf8506ea247ae25a2e9175607aa9b2001cc87ef5fbd1	snd_soc_mtk_common	snd-soc-mtk-common.ko	vendor_dlkm	mtk_afe_pcm_platform
0675b943ec9255c8ca4adf8506ea247ae25a2e9175607aa9b2001cc87ef5fbd1	snd_soc_mtk_common	snd-soc-mtk-common.ko	vendor_dlkm	mtk_afe_pcm_pointer
0675b943ec9255c8ca4adf8506ea247ae25a2e9175607aa9b2001cc87ef5fbd1	snd_soc_mtk_common	snd-soc-mtk-common.ko	vendor_dlkm	mtk_afe_resume
0675b943ec9255c8ca4adf8506ea247ae25a2e9175607aa9b2001cc87ef5fbd1	snd_soc_mtk_common	snd-soc-mtk-common.ko	vendor_dlkm	mtk_afe_suspend
0675b943ec9255c8ca4adf8506ea247ae25a2e9175607aa9b2001cc87ef5fbd1	snd_soc_mtk_common	snd-soc-mtk-common.ko	vendor_dlkm	mtk_afe_write_reg
0675b943ec9255c8ca4adf8506ea247ae25a2e9175607aa9b2001cc87ef5fbd1	snd_soc_mtk_common	snd-soc-mtk-common.ko	vendor_dlkm	mtk_audio_sram_allocate
0675b943ec9255c8ca4adf8506ea247ae25a2e9175607aa9b2001cc87ef5fbd1	snd_soc_mtk_common	snd-soc-mtk-common.ko	vendor_dlkm	mtk_audio_sram_free
0675b943ec9255c8ca4adf8506ea247ae25a2e9175607aa9b2001cc87ef5fbd1	snd_soc_mtk_common	snd-soc-mtk-common.ko	vendor_dlkm	mtk_audio_sram_get_size
0675b943ec9255c8ca4adf8506ea247ae25a2e9175607aa9b2001cc87ef5fbd1	snd_soc_mtk_common	snd-soc-mtk-common.ko	vendor_dlkm	mtk_audio_sram_init
0675b943ec9255c8ca4adf8506ea247ae25a2e9175607aa9b2001cc87ef5fbd1	snd_soc_mtk_common	snd-soc-mtk-common.ko	vendor_dlkm	mtk_audio_usb_offload_afe_hook
0675b943ec9255c8ca4adf8506ea247ae25a2e9175607aa9b2001cc87ef5fbd1	snd_soc_mtk_common	snd-soc-mtk-common.ko	vendor_dlkm	mtk_audio_usb_offload_allocate_adsp_sram
0675b943ec9255c8ca4adf8506ea247ae25a2e9175607aa9b2001cc87ef5fbd1	snd_soc_mtk_common	snd-soc-mtk-common.ko	vendor_dlkm	mtk_audio_usb_offload_allocate_afe_sram
0675b943ec9255c8ca4adf8506ea247ae25a2e9175607aa9b2001cc87ef5fbd1	snd_soc_mtk_common	snd-soc-mtk-common.ko	vendor_dlkm	mtk_audio_usb_offload_allocate_sram
0675b943ec9255c8ca4adf8506ea247ae25a2e9175607aa9b2001cc87ef5fbd1	snd_soc_mtk_common	snd-soc-mtk-common.ko	vendor_dlkm	mtk_audio_usb_offload_get_basic_sram
0675b943ec9255c8ca4adf8506ea247ae25a2e9175607aa9b2001cc87ef5fbd1	snd_soc_mtk_common	snd-soc-mtk-common.ko	vendor_dlkm	mtk_audio_usb_offload_register_ops
0675b943ec9255c8ca4adf8506ea247ae25a2e9175607aa9b2001cc87ef5fbd1	snd_soc_mtk_common	snd-soc-mtk-common.ko	vendor_dlkm	mtk_dynamic_irq_acquire
0675b943ec9255c8ca4adf8506ea247ae25a2e9175607aa9b2001cc87ef5fbd1	snd_soc_mtk_common	snd-soc-mtk-common.ko	vendor_dlkm	mtk_dynamic_irq_release
0675b943ec9255c8ca4adf8506ea247ae25a2e9175607aa9b2001cc87ef5fbd1	snd_soc_mtk_common	snd-soc-mtk-common.ko	vendor_dlkm	mtk_exporter_init
0675b943ec9255c8ca4adf8506ea247ae25a2e9175607aa9b2001cc87ef5fbd1	snd_soc_mtk_common	snd-soc-mtk-common.ko	vendor_dlkm	mtk_get_channel_value
0675b943ec9255c8ca4adf8506ea247ae25a2e9175607aa9b2001cc87ef5fbd1	snd_soc_mtk_common	snd-soc-mtk-common.ko	vendor_dlkm	mtk_get_mmap_dl_buffer
0675b943ec9255c8ca4adf8506ea247ae25a2e9175607aa9b2001cc87ef5fbd1	snd_soc_mtk_common	snd-soc-mtk-common.ko	vendor_dlkm	mtk_get_mmap_dl_fd
0675b943ec9255c8ca4adf8506ea247ae25a2e9175607aa9b2001cc87ef5fbd1	snd_soc_mtk_common	snd-soc-mtk-common.ko	vendor_dlkm	mtk_get_mmap_ul_buffer
0675b943ec9255c8ca4adf8506ea247ae25a2e9175607aa9b2001cc87ef5fbd1	snd_soc_mtk_common	snd-soc-mtk-common.ko	vendor_dlkm	mtk_get_mmap_ul_fd
0675b943ec9255c8ca4adf8506ea247ae25a2e9175607aa9b2001cc87ef5fbd1	snd_soc_mtk_common	snd-soc-mtk-common.ko	vendor_dlkm	mtk_irq_set_disable
0675b943ec9255c8ca4adf8506ea247ae25a2e9175607aa9b2001cc87ef5fbd1	snd_soc_mtk_common	snd-soc-mtk-common.ko	vendor_dlkm	mtk_irq_set_enable
0675b943ec9255c8ca4adf8506ea247ae25a2e9175607aa9b2001cc87ef5fbd1	snd_soc_mtk_common	snd-soc-mtk-common.ko	vendor_dlkm	mtk_memif_set_addr
0675b943ec9255c8ca4adf8506ea247ae25a2e9175607aa9b2001cc87ef5fbd1	snd_soc_mtk_common	snd-soc-mtk-common.ko	vendor_dlkm	mtk_memif_set_channel
0675b943ec9255c8ca4adf8506ea247ae25a2e9175607aa9b2001cc87ef5fbd1	snd_soc_mtk_common	snd-soc-mtk-common.ko	vendor_dlkm	mtk_memif_set_disable
0675b943ec9255c8ca4adf8506ea247ae25a2e9175607aa9b2001cc87ef5fbd1	snd_soc_mtk_common	snd-soc-mtk-common.ko	vendor_dlkm	mtk_memif_set_enable
0675b943ec9255c8ca4adf8506ea247ae25a2e9175607aa9b2001cc87ef5fbd1	snd_soc_mtk_common	snd-soc-mtk-common.ko	vendor_dlkm	mtk_memif_set_format
0675b943ec9255c8ca4adf8506ea247ae25a2e9175607aa9b2001cc87ef5fbd1	snd_soc_mtk_common	snd-soc-mtk-common.ko	vendor_dlkm	mtk_memif_set_pbuf_size
0675b943ec9255c8ca4adf8506ea247ae25a2e9175607aa9b2001cc87ef5fbd1	snd_soc_mtk_common	snd-soc-mtk-common.ko	vendor_dlkm	mtk_memif_set_rate
0675b943ec9255c8ca4adf8506ea247ae25a2e9175607aa9b2001cc87ef5fbd1	snd_soc_mtk_common	snd-soc-mtk-common.ko	vendor_dlkm	mtk_memif_set_rate_substream
0675b943ec9255c8ca4adf8506ea247ae25a2e9175607aa9b2001cc87ef5fbd1	snd_soc_mtk_common	snd-soc-mtk-common.ko	vendor_dlkm	mtk_regmap_update_bits
0675b943ec9255c8ca4adf8506ea247ae25a2e9175607aa9b2001cc87ef5fbd1	snd_soc_mtk_common	snd-soc-mtk-common.ko	vendor_dlkm	mtk_regmap_write
0675b943ec9255c8ca4adf8506ea247ae25a2e9175607aa9b2001cc87ef5fbd1	snd_soc_mtk_common	snd-soc-mtk-common.ko	vendor_dlkm	mtk_sp_clean_written_buffer_ack
0675b943ec9255c8ca4adf8506ea247ae25a2e9175607aa9b2001cc87ef5fbd1	snd_soc_mtk_common	snd-soc-mtk-common.ko	vendor_dlkm	word_size_align
06c68f5df7b7b2b8adb3957ec8fdfac0b551c209fbdacb52cd147f2ac056fa8b	mtk_pwm	mtk-pwm.ko	vendor_dlkm	mt_pwm_clk_sel_hal
06c68f5df7b7b2b8adb3957ec8fdfac0b551c209fbdacb52cd147f2ac056fa8b	mtk_pwm	mtk-pwm.ko	vendor_dlkm	mt_pwm_disable
06c68f5df7b7b2b8adb3957ec8fdfac0b551c209fbdacb52cd147f2ac056fa8b	mtk_pwm	mtk-pwm.ko	vendor_dlkm	mt_pwm_dump_regs
06c68f5df7b7b2b8adb3957ec8fdfac0b551c209fbdacb52cd147f2ac056fa8b	mtk_pwm	mtk-pwm.ko	vendor_dlkm	pwm_set_easy_config
06c68f5df7b7b2b8adb3957ec8fdfac0b551c209fbdacb52cd147f2ac056fa8b	mtk_pwm	mtk-pwm.ko	vendor_dlkm	pwm_set_spec_config
06c8c4fabf89ac9711e8a06e79f7649889d37f28b5cb0dfb0c05ad8791f18441	usb_boost	usb_boost.ko	vendor_boot_platform	usb_boost_vcore_control
06e6707e84347053dcef95a744b98f16a4592c99c3ac88b5e9a1bb773759d371	mtk_imgsys_v4l2	mtk_imgsys_v4l2.ko	vendor_dlkm	mtk_imgsys_probe
06e6707e84347053dcef95a744b98f16a4592c99c3ac88b5e9a1bb773759d371	mtk_imgsys_v4l2	mtk_imgsys_v4l2.ko	vendor_dlkm	mtk_imgsys_remove
06e6707e84347053dcef95a744b98f16a4592c99c3ac88b5e9a1bb773759d371	mtk_imgsys_v4l2	mtk_imgsys_v4l2.ko	vendor_dlkm	mtk_imgsys_runtime_resume
06e6707e84347053dcef95a744b98f16a4592c99c3ac88b5e9a1bb773759d371	mtk_imgsys_v4l2	mtk_imgsys_v4l2.ko	vendor_dlkm	mtk_imgsys_runtime_suspend
06e6707e84347053dcef95a744b98f16a4592c99c3ac88b5e9a1bb773759d371	mtk_imgsys_v4l2	mtk_imgsys_v4l2.ko	vendor_dlkm	mtk_imgsys_shutdown
079a8b80c0f5d5ce376ef8f0ca00bad3d416961230e4cfdb48f6136671ce999c	rpmb	rpmb.ko	vendor_boot_platform	rpmb_class
079a8b80c0f5d5ce376ef8f0ca00bad3d416961230e4cfdb48f6136671ce999c	rpmb	rpmb.ko	vendor_boot_platform	rpmb_cmd_req
079a8b80c0f5d5ce376ef8f0ca00bad3d416961230e4cfdb48f6136671ce999c	rpmb	rpmb.ko	vendor_boot_platform	rpmb_cmd_seq
079a8b80c0f5d5ce376ef8f0ca00bad3d416961230e4cfdb48f6136671ce999c	rpmb	rpmb.ko	vendor_boot_platform	rpmb_dev_find_by_device
079a8b80c0f5d5ce376ef8f0ca00bad3d416961230e4cfdb48f6136671ce999c	rpmb	rpmb.ko	vendor_boot_platform	rpmb_dev_find_device
079a8b80c0f5d5ce376ef8f0ca00bad3d416961230e4cfdb48f6136671ce999c	rpmb	rpmb.ko	vendor_boot_platform	rpmb_dev_get
079a8b80c0f5d5ce376ef8f0ca00bad3d416961230e4cfdb48f6136671ce999c	rpmb	rpmb.ko	vendor_boot_platform	rpmb_dev_get_by_type
079a8b80c0f5d5ce376ef8f0ca00bad3d416961230e4cfdb48f6136671ce999c	rpmb	rpmb.ko	vendor_boot_platform	rpmb_dev_put
079a8b80c0f5d5ce376ef8f0ca00bad3d416961230e4cfdb48f6136671ce999c	rpmb	rpmb.ko	vendor_boot_platform	rpmb_dev_register
079a8b80c0f5d5ce376ef8f0ca00bad3d416961230e4cfdb48f6136671ce999c	rpmb	rpmb.ko	vendor_boot_platform	rpmb_dev_unregister
079a8b80c0f5d5ce376ef8f0ca00bad3d416961230e4cfdb48f6136671ce999c	rpmb	rpmb.ko	vendor_boot_platform	rpmb_get_rw_size
07a4e26461ed83abc0acded32803e964db88b5a4a594ffca923f9c593fb403e2	ccci_md_all	ccci_md_all.ko	vendor_dlkm	ccci_alloc_skb
07a4e26461ed83abc0acded32803e964db88b5a4a594ffca923f9c593fb403e2	ccci_md_all	ccci_md_all.ko	vendor_dlkm	ccci_c2k_buffer_push
07a4e26461ed83abc0acded32803e964db88b5a4a594ffca923f9c593fb403e2	ccci_md_all	ccci_md_all.ko	vendor_dlkm	ccci_c2k_rawbulk_intercept
07a4e26461ed83abc0acded32803e964db88b5a4a594ffca923f9c593fb403e2	ccci_md_all	ccci_md_all.ko	vendor_dlkm	ccci_c2k_set_usb_callback
07a4e26461ed83abc0acded32803e964db88b5a4a594ffca923f9c593fb403e2	ccci_md_all	ccci_md_all.ko	vendor_dlkm	ccci_dump_skb_pool_usage
07a4e26461ed83abc0acded32803e964db88b5a4a594ffca923f9c593fb403e2	ccci_md_all	ccci_md_all.ko	vendor_dlkm	ccci_free_skb
07a4e26461ed83abc0acded32803e964db88b5a4a594ffca923f9c593fb403e2	ccci_md_all	ccci_md_all.ko	vendor_dlkm	ccci_fsm_get_md_state
07a4e26461ed83abc0acded32803e964db88b5a4a594ffca923f9c593fb403e2	ccci_md_all	ccci_md_all.ko	vendor_dlkm	ccci_fsm_get_md_state_for_user
07a4e26461ed83abc0acded32803e964db88b5a4a594ffca923f9c593fb403e2	ccci_md_all	ccci_md_all.ko	vendor_dlkm	ccci_get_per_md_data
07a4e26461ed83abc0acded32803e964db88b5a4a594ffca923f9c593fb403e2	ccci_md_all	ccci_md_all.ko	vendor_dlkm	ccci_hif_register
07a4e26461ed83abc0acded32803e964db88b5a4a594ffca923f9c593fb403e2	ccci_md_all	ccci_md_all.ko	vendor_dlkm	ccci_md_add_log_history
07a4e26461ed83abc0acded32803e964db88b5a4a594ffca923f9c593fb403e2	ccci_md_all	ccci_md_all.ko	vendor_dlkm	ccci_md_dump_log_history
07a4e26461ed83abc0acded32803e964db88b5a4a594ffca923f9c593fb403e2	ccci_md_all	ccci_md_all.ko	vendor_dlkm	ccci_md_force_assert
07a4e26461ed83abc0acded32803e964db88b5a4a594ffca923f9c593fb403e2	ccci_md_all	ccci_md_all.ko	vendor_dlkm	ccci_md_get_smem_by_user_id
07a4e26461ed83abc0acded32803e964db88b5a4a594ffca923f9c593fb403e2	ccci_md_all	ccci_md_all.ko	vendor_dlkm	ccci_modem_init_common
07a4e26461ed83abc0acded32803e964db88b5a4a594ffca923f9c593fb403e2	ccci_md_all	ccci_md_all.ko	vendor_dlkm	ccci_port_dump_status
07a4e26461ed83abc0acded32803e964db88b5a4a594ffca923f9c593fb403e2	ccci_md_all	ccci_md_all.ko	vendor_dlkm	ccci_port_get_dev_name
07a4e26461ed83abc0acded32803e964db88b5a4a594ffca923f9c593fb403e2	ccci_md_all	ccci_md_all.ko	vendor_dlkm	ccci_port_queue_status_notify
07a4e26461ed83abc0acded32803e964db88b5a4a594ffca923f9c593fb403e2	ccci_md_all	ccci_md_all.ko	vendor_dlkm	ccci_port_recv_skb
07a4e26461ed83abc0acded32803e964db88b5a4a594ffca923f9c593fb403e2	ccci_md_all	ccci_md_all.ko	vendor_dlkm	ccci_port_send_msg_to_md
07a4e26461ed83abc0acded32803e964db88b5a4a594ffca923f9c593fb403e2	ccci_md_all	ccci_md_all.ko	vendor_dlkm	ccci_register_md_state_receiver
07a4e26461ed83abc0acded32803e964db88b5a4a594ffca923f9c593fb403e2	ccci_md_all	ccci_md_all.ko	vendor_dlkm	ccci_set_dpmaif_debug_cb
07a4e26461ed83abc0acded32803e964db88b5a4a594ffca923f9c593fb403e2	ccci_md_all	ccci_md_all.ko	vendor_dlkm	ccci_skb_dequeue
07a4e26461ed83abc0acded32803e964db88b5a4a594ffca923f9c593fb403e2	ccci_md_all	ccci_md_all.ko	vendor_dlkm	ccci_skb_enqueue
07a4e26461ed83abc0acded32803e964db88b5a4a594ffca923f9c593fb403e2	ccci_md_all	ccci_md_all.ko	vendor_dlkm	ccci_skb_queue_init
07a4e26461ed83abc0acded32803e964db88b5a4a594ffca923f9c593fb403e2	ccci_md_all	ccci_md_all.ko	vendor_dlkm	exec_ccci_kern_func
07a4e26461ed83abc0acded32803e964db88b5a4a594ffca923f9c593fb403e2	ccci_md_all	ccci_md_all.ko	vendor_dlkm	fsm_get_entity
07a4e26461ed83abc0acded32803e964db88b5a4a594ffca923f9c593fb403e2	ccci_md_all	ccci_md_all.ko	vendor_dlkm	get_smem_phy_start_addr
07a4e26461ed83abc0acded32803e964db88b5a4a594ffca923f9c593fb403e2	ccci_md_all	ccci_md_all.ko	vendor_dlkm	get_smem_start_addr
07a4e26461ed83abc0acded32803e964db88b5a4a594ffca923f9c593fb403e2	ccci_md_all	ccci_md_all.ko	vendor_dlkm	md_fsm_exp_info
07a4e26461ed83abc0acded32803e964db88b5a4a594ffca923f9c593fb403e2	ccci_md_all	ccci_md_all.ko	vendor_dlkm	modem_dcd_state
07a4e26461ed83abc0acded32803e964db88b5a4a594ffca923f9c593fb403e2	ccci_md_all	ccci_md_all.ko	vendor_dlkm	modem_dtr_set
07a4e26461ed83abc0acded32803e964db88b5a4a594ffca923f9c593fb403e2	ccci_md_all	ccci_md_all.ko	vendor_dlkm	mtk_ccci_open_port
07a4e26461ed83abc0acded32803e964db88b5a4a594ffca923f9c593fb403e2	ccci_md_all	ccci_md_all.ko	vendor_dlkm	mtk_ccci_read_data
07a4e26461ed83abc0acded32803e964db88b5a4a594ffca923f9c593fb403e2	ccci_md_all	ccci_md_all.ko	vendor_dlkm	mtk_ccci_register_md_state_cb
07a4e26461ed83abc0acded32803e964db88b5a4a594ffca923f9c593fb403e2	ccci_md_all	ccci_md_all.ko	vendor_dlkm	mtk_ccci_release_port
07a4e26461ed83abc0acded32803e964db88b5a4a594ffca923f9c593fb403e2	ccci_md_all	ccci_md_all.ko	vendor_dlkm	mtk_ccci_request_port
07a4e26461ed83abc0acded32803e964db88b5a4a594ffca923f9c593fb403e2	ccci_md_all	ccci_md_all.ko	vendor_dlkm	mtk_ccci_send_data
07a4e26461ed83abc0acded32803e964db88b5a4a594ffca923f9c593fb403e2	ccci_md_all	ccci_md_all.ko	vendor_dlkm	register_ccci_sys_call_back
07a4e26461ed83abc0acded32803e964db88b5a4a594ffca923f9c593fb403e2	ccci_md_all	ccci_md_all.ko	vendor_dlkm	register_udc_functions
07cd113e2a67905dde80c39b6f1245286c1a2f607b77a09242eca6c2fbf1e597	ccci_auxadc	ccci_auxadc.ko	vendor_dlkm	ccci_get_adc_mV
07cd113e2a67905dde80c39b6f1245286c1a2f607b77a09242eca6c2fbf1e597	ccci_auxadc	ccci_auxadc.ko	vendor_dlkm	ccci_get_adc_num
07cd113e2a67905dde80c39b6f1245286c1a2f607b77a09242eca6c2fbf1e597	ccci_auxadc	ccci_auxadc.ko	vendor_dlkm	ccci_get_adc_val
082d1964cb08f5a13672e32fba910a99f6e5f7195834293819c2439ad6126043	mtk_sp_spk_amp	mtk-sp-spk-amp.ko	vendor_dlkm	mtk_ext_spk_enable
082d1964cb08f5a13672e32fba910a99f6e5f7195834293819c2439ad6126043	mtk_sp_spk_amp	mtk-sp-spk-amp.ko	vendor_dlkm	mtk_ext_spk_get_status
082d1964cb08f5a13672e32fba910a99f6e5f7195834293819c2439ad6126043	mtk_sp_spk_amp	mtk-sp-spk-amp.ko	vendor_dlkm	mtk_spk_get_i2s_in_type
082d1964cb08f5a13672e32fba910a99f6e5f7195834293819c2439ad6126043	mtk_sp_spk_amp	mtk-sp-spk-amp.ko	vendor_dlkm	mtk_spk_get_i2s_out_type
082d1964cb08f5a13672e32fba910a99f6e5f7195834293819c2439ad6126043	mtk_sp_spk_amp	mtk-sp-spk-amp.ko	vendor_dlkm	mtk_spk_get_reduceDb
082d1964cb08f5a13672e32fba910a99f6e5f7195834293819c2439ad6126043	mtk_sp_spk_amp	mtk-sp-spk-amp.ko	vendor_dlkm	mtk_spk_get_type
082d1964cb08f5a13672e32fba910a99f6e5f7195834293819c2439ad6126043	mtk_sp_spk_amp	mtk-sp-spk-amp.ko	vendor_dlkm	mtk_spk_recv_ipi_buf_from_dsp
082d1964cb08f5a13672e32fba910a99f6e5f7195834293819c2439ad6126043	mtk_sp_spk_amp	mtk-sp-spk-amp.ko	vendor_dlkm	mtk_spk_send_ipi_buf_to_dsp
082d1964cb08f5a13672e32fba910a99f6e5f7195834293819c2439ad6126043	mtk_sp_spk_amp	mtk-sp-spk-amp.ko	vendor_dlkm	mtk_spk_set_reduceDb
082d1964cb08f5a13672e32fba910a99f6e5f7195834293819c2439ad6126043	mtk_sp_spk_amp	mtk-sp-spk-amp.ko	vendor_dlkm	mtk_spk_set_type
082d1964cb08f5a13672e32fba910a99f6e5f7195834293819c2439ad6126043	mtk_sp_spk_amp	mtk-sp-spk-amp.ko	vendor_dlkm	mtk_spk_update_info
08782b7c3b3bfeebee58b68e9055c08d36e5ecdb34d3c652a896f00fefde0186	mtk_bp_thl	mtk_bp_thl.ko	vendor_boot_platform	register_bp_thl_notify
08782b7c3b3bfeebee58b68e9055c08d36e5ecdb34d3c652a896f00fefde0186	mtk_bp_thl	mtk_bp_thl.ko	vendor_boot_platform	register_bp_thl_notify_ext
091a62dbda1dec46d4f818cccde053a34942559bbaed8397d7f266a47554e97c	wwan	wwan.ko	system_dlkm	wwan_create_port
091a62dbda1dec46d4f818cccde053a34942559bbaed8397d7f266a47554e97c	wwan	wwan.ko	system_dlkm	wwan_port_get_drvdata
091a62dbda1dec46d4f818cccde053a34942559bbaed8397d7f266a47554e97c	wwan	wwan.ko	system_dlkm	wwan_port_rx
091a62dbda1dec46d4f818cccde053a34942559bbaed8397d7f266a47554e97c	wwan	wwan.ko	system_dlkm	wwan_port_txoff
091a62dbda1dec46d4f818cccde053a34942559bbaed8397d7f266a47554e97c	wwan	wwan.ko	system_dlkm	wwan_port_txon
091a62dbda1dec46d4f818cccde053a34942559bbaed8397d7f266a47554e97c	wwan	wwan.ko	system_dlkm	wwan_register_ops
091a62dbda1dec46d4f818cccde053a34942559bbaed8397d7f266a47554e97c	wwan	wwan.ko	system_dlkm	wwan_remove_port
091a62dbda1dec46d4f818cccde053a34942559bbaed8397d7f266a47554e97c	wwan	wwan.ko	system_dlkm	wwan_unregister_ops
09570f1d7a46ddcc339cf09648373d0455e093c92f4d94d1286d744cfc27680e	mtk_vcodec_common	mtk-vcodec-common.ko	vendor_dlkm	mtk_dma_sync_sg_range
09570f1d7a46ddcc339cf09648373d0455e093c92f4d94d1286d744cfc27680e	mtk_vcodec_common	mtk-vcodec-common.ko	vendor_dlkm	mtk_v4l2_dbg_level
09570f1d7a46ddcc339cf09648373d0455e093c92f4d94d1286d744cfc27680e	mtk_vcodec_common	mtk-vcodec-common.ko	vendor_dlkm	mtk_vcodec_add_ctx_list
09570f1d7a46ddcc339cf09648373d0455e093c92f4d94d1286d744cfc27680e	mtk_vcodec_common	mtk-vcodec-common.ko	vendor_dlkm	mtk_vcodec_alloc_mem
09570f1d7a46ddcc339cf09648373d0455e093c92f4d94d1286d744cfc27680e	mtk_vcodec_common	mtk-vcodec-common.ko	vendor_dlkm	mtk_vcodec_c1_enc_irq_handler
09570f1d7a46ddcc339cf09648373d0455e093c92f4d94d1286d744cfc27680e	mtk_vcodec_common	mtk-vcodec-common.ko	vendor_dlkm	mtk_vcodec_check_alive
09570f1d7a46ddcc339cf09648373d0455e093c92f4d94d1286d744cfc27680e	mtk_vcodec_common	mtk-vcodec-common.ko	vendor_dlkm	mtk_vcodec_config_group_list
09570f1d7a46ddcc339cf09648373d0455e093c92f4d94d1286d744cfc27680e	mtk_vcodec_common	mtk-vcodec-common.ko	vendor_dlkm	mtk_vcodec_create_fence
09570f1d7a46ddcc339cf09648373d0455e093c92f4d94d1286d744cfc27680e	mtk_vcodec_common	mtk-vcodec-common.ko	vendor_dlkm	mtk_vcodec_dbg
09570f1d7a46ddcc339cf09648373d0455e093c92f4d94d1286d744cfc27680e	mtk_vcodec_common	mtk-vcodec-common.ko	vendor_dlkm	mtk_vcodec_dec_irq_handler
09570f1d7a46ddcc339cf09648373d0455e093c92f4d94d1286d744cfc27680e	mtk_vcodec_common	mtk-vcodec-common.ko	vendor_dlkm	mtk_vcodec_dec_irq_setup
09570f1d7a46ddcc339cf09648373d0455e093c92f4d94d1286d744cfc27680e	mtk_vcodec_common	mtk-vcodec-common.ko	vendor_dlkm	mtk_vcodec_del_ctx_list
09570f1d7a46ddcc339cf09648373d0455e093c92f4d94d1286d744cfc27680e	mtk_vcodec_common	mtk-vcodec-common.ko	vendor_dlkm	mtk_vcodec_dump_ctx_list
09570f1d7a46ddcc339cf09648373d0455e093c92f4d94d1286d744cfc27680e	mtk_vcodec_common	mtk-vcodec-common.ko	vendor_dlkm	mtk_vcodec_enc_irq_handler
09570f1d7a46ddcc339cf09648373d0455e093c92f4d94d1286d744cfc27680e	mtk_vcodec_common	mtk-vcodec-common.ko	vendor_dlkm	mtk_vcodec_enc_irq_setup
09570f1d7a46ddcc339cf09648373d0455e093c92f4d94d1286d744cfc27680e	mtk_vcodec_common	mtk-vcodec-common.ko	vendor_dlkm	mtk_vcodec_fence_signal
09570f1d7a46ddcc339cf09648373d0455e093c92f4d94d1286d744cfc27680e	mtk_vcodec_common	mtk-vcodec-common.ko	vendor_dlkm	mtk_vcodec_free_mem
09570f1d7a46ddcc339cf09648373d0455e093c92f4d94d1286d744cfc27680e	mtk_vcodec_common	mtk-vcodec-common.ko	vendor_dlkm	mtk_vcodec_gce_timeout_dump
09570f1d7a46ddcc339cf09648373d0455e093c92f4d94d1286d744cfc27680e	mtk_vcodec_common	mtk-vcodec-common.ko	vendor_dlkm	mtk_vcodec_get_bs
09570f1d7a46ddcc339cf09648373d0455e093c92f4d94d1286d744cfc27680e	mtk_vcodec_common	mtk-vcodec-common.ko	vendor_dlkm	mtk_vcodec_get_curr_ctx
09570f1d7a46ddcc339cf09648373d0455e093c92f4d94d1286d744cfc27680e	mtk_vcodec_common	mtk-vcodec-common.ko	vendor_dlkm	mtk_vcodec_get_dec_reg_addr
09570f1d7a46ddcc339cf09648373d0455e093c92f4d94d1286d744cfc27680e	mtk_vcodec_common	mtk-vcodec-common.ko	vendor_dlkm	mtk_vcodec_get_enc_reg_addr
09570f1d7a46ddcc339cf09648373d0455e093c92f4d94d1286d744cfc27680e	mtk_vcodec_common	mtk-vcodec-common.ko	vendor_dlkm	mtk_vcodec_get_fb
09570f1d7a46ddcc339cf09648373d0455e093c92f4d94d1286d744cfc27680e	mtk_vcodec_common	mtk-vcodec-common.ko	vendor_dlkm	mtk_vcodec_get_log
09570f1d7a46ddcc339cf09648373d0455e093c92f4d94d1286d744cfc27680e	mtk_vcodec_common	mtk-vcodec-common.ko	vendor_dlkm	mtk_vcodec_get_state
09570f1d7a46ddcc339cf09648373d0455e093c92f4d94d1286d744cfc27680e	mtk_vcodec_common	mtk-vcodec-common.ko	vendor_dlkm	mtk_vcodec_init_group_list_lock
09570f1d7a46ddcc339cf09648373d0455e093c92f4d94d1286d744cfc27680e	mtk_vcodec_common	mtk-vcodec-common.ko	vendor_dlkm	mtk_vcodec_init_slice_info
09570f1d7a46ddcc339cf09648373d0455e093c92f4d94d1286d744cfc27680e	mtk_vcodec_common	mtk-vcodec-common.ko	vendor_dlkm	mtk_vcodec_is_state
09570f1d7a46ddcc339cf09648373d0455e093c92f4d94d1286d744cfc27680e	mtk_vcodec_common	mtk-vcodec-common.ko	vendor_dlkm	mtk_vcodec_is_vcp
09570f1d7a46ddcc339cf09648373d0455e093c92f4d94d1286d744cfc27680e	mtk_vcodec_common	mtk-vcodec-common.ko	vendor_dlkm	mtk_vcodec_lat_dec_irq_handler
09570f1d7a46ddcc339cf09648373d0455e093c92f4d94d1286d744cfc27680e	mtk_vcodec_common	mtk-vcodec-common.ko	vendor_dlkm	mtk_vcodec_line_count_irq_handler
09570f1d7a46ddcc339cf09648373d0455e093c92f4d94d1286d744cfc27680e	mtk_vcodec_common	mtk-vcodec-common.ko	vendor_dlkm	mtk_vcodec_mem_alloc
09570f1d7a46ddcc339cf09648373d0455e093c92f4d94d1286d744cfc27680e	mtk_vcodec_common	mtk-vcodec-common.ko	vendor_dlkm	mtk_vcodec_mem_free
09570f1d7a46ddcc339cf09648373d0455e093c92f4d94d1286d744cfc27680e	mtk_vcodec_common	mtk-vcodec-common.ko	vendor_dlkm	mtk_vcodec_perf
09570f1d7a46ddcc339cf09648373d0455e093c92f4d94d1286d744cfc27680e	mtk_vcodec_common	mtk-vcodec-common.ko	vendor_dlkm	mtk_vcodec_set_cpu_hint
09570f1d7a46ddcc339cf09648373d0455e093c92f4d94d1286d744cfc27680e	mtk_vcodec_common	mtk-vcodec-common.ko	vendor_dlkm	mtk_vcodec_set_curr_ctx
09570f1d7a46ddcc339cf09648373d0455e093c92f4d94d1286d744cfc27680e	mtk_vcodec_common	mtk-vcodec-common.ko	vendor_dlkm	mtk_vcodec_set_log
09570f1d7a46ddcc339cf09648373d0455e093c92f4d94d1286d744cfc27680e	mtk_vcodec_common	mtk-vcodec-common.ko	vendor_dlkm	mtk_vcodec_set_state
09570f1d7a46ddcc339cf09648373d0455e093c92f4d94d1286d744cfc27680e	mtk_vcodec_common	mtk-vcodec-common.ko	vendor_dlkm	mtk_vcodec_set_state_except
09570f1d7a46ddcc339cf09648373d0455e093c92f4d94d1286d744cfc27680e	mtk_vcodec_common	mtk-vcodec-common.ko	vendor_dlkm	mtk_vcodec_set_state_from
09570f1d7a46ddcc339cf09648373d0455e093c92f4d94d1286d744cfc27680e	mtk_vcodec_common	mtk-vcodec-common.ko	vendor_dlkm	mtk_vcodec_state_in_range
09570f1d7a46ddcc339cf09648373d0455e093c92f4d94d1286d744cfc27680e	mtk_vcodec_common	mtk-vcodec-common.ko	vendor_dlkm	mtk_vcodec_vcp
09570f1d7a46ddcc339cf09648373d0455e093c92f4d94d1286d744cfc27680e	mtk_vcodec_common	mtk-vcodec-common.ko	vendor_dlkm	mtk_vcodec_vp_mode_buf_prepare
09570f1d7a46ddcc339cf09648373d0455e093c92f4d94d1286d744cfc27680e	mtk_vcodec_common	mtk-vcodec-common.ko	vendor_dlkm	mtk_vcodec_vp_mode_buf_unprepare
09570f1d7a46ddcc339cf09648373d0455e093c92f4d94d1286d744cfc27680e	mtk_vcodec_common	mtk-vcodec-common.ko	vendor_dlkm	mtk_vcodec_wait_for_done_ctx
09570f1d7a46ddcc339cf09648373d0455e093c92f4d94d1286d744cfc27680e	mtk_vcodec_common	mtk-vcodec-common.ko	vendor_dlkm	mtk_vdec_lpw_level
09570f1d7a46ddcc339cf09648373d0455e093c92f4d94d1286d744cfc27680e	mtk_vcodec_common	mtk-vcodec-common.ko	vendor_dlkm	mtk_vdec_lpw_limit
09570f1d7a46ddcc339cf09648373d0455e093c92f4d94d1286d744cfc27680e	mtk_vcodec_common	mtk-vcodec-common.ko	vendor_dlkm	mtk_vdec_lpw_timeout
09570f1d7a46ddcc339cf09648373d0455e093c92f4d94d1286d744cfc27680e	mtk_vcodec_common	mtk-vcodec-common.ko	vendor_dlkm	mtk_vdec_property
09570f1d7a46ddcc339cf09648373d0455e093c92f4d94d1286d744cfc27680e	mtk_vcodec_common	mtk-vcodec-common.ko	vendor_dlkm	mtk_vdec_slc_enable
09570f1d7a46ddcc339cf09648373d0455e093c92f4d94d1286d744cfc27680e	mtk_vcodec_common	mtk-vcodec-common.ko	vendor_dlkm	mtk_vdec_trace_enable
09570f1d7a46ddcc339cf09648373d0455e093c92f4d94d1286d744cfc27680e	mtk_vcodec_common	mtk-vcodec-common.ko	vendor_dlkm	mtk_vdec_vcp_log
09570f1d7a46ddcc339cf09648373d0455e093c92f4d94d1286d744cfc27680e	mtk_vcodec_common	mtk-vcodec-common.ko	vendor_dlkm	mtk_venc_property
09570f1d7a46ddcc339cf09648373d0455e093c92f4d94d1286d744cfc27680e	mtk_vcodec_common	mtk-vcodec-common.ko	vendor_dlkm	mtk_venc_slb_cb
09570f1d7a46ddcc339cf09648373d0455e093c92f4d94d1286d744cfc27680e	mtk_vcodec_common	mtk-vcodec-common.ko	vendor_dlkm	mtk_venc_vcp_log
09570f1d7a46ddcc339cf09648373d0455e093c92f4d94d1286d744cfc27680e	mtk_vcodec_common	mtk-vcodec-common.ko	vendor_dlkm	support_svp_region
09570f1d7a46ddcc339cf09648373d0455e093c92f4d94d1286d744cfc27680e	mtk_vcodec_common	mtk-vcodec-common.ko	vendor_dlkm	support_wfd_region
09570f1d7a46ddcc339cf09648373d0455e093c92f4d94d1286d744cfc27680e	mtk_vcodec_common	mtk-vcodec-common.ko	vendor_dlkm	v4l2_m2m_buf_queue_check
09570f1d7a46ddcc339cf09648373d0455e093c92f4d94d1286d744cfc27680e	mtk_vcodec_common	mtk-vcodec-common.ko	vendor_dlkm	v4l_fill_mtk_fmtdesc
09570f1d7a46ddcc339cf09648373d0455e093c92f4d94d1286d744cfc27680e	mtk_vcodec_common	mtk-vcodec-common.ko	vendor_dlkm	vcodec_trace
09570f1d7a46ddcc339cf09648373d0455e093c92f4d94d1286d744cfc27680e	mtk_vcodec_common	mtk-vcodec-common.ko	vendor_dlkm	vcu_func
0b799f67f1be90f733a0d90c4a5daff21102e47e77ac99ac6f4f1b55064bf306	uarthub_drv	uarthub_drv.ko	vendor_boot_platform	UARTHUB_assert_state_ctrl
0b799f67f1be90f733a0d90c4a5daff21102e47e77ac99ac6f4f1b55064bf306	uarthub_drv	uarthub_drv.ko	vendor_boot_platform	UARTHUB_bypass_mode_ctrl
0b799f67f1be90f733a0d90c4a5daff21102e47e77ac99ac6f4f1b55064bf306	uarthub_drv	uarthub_drv.ko	vendor_boot_platform	UARTHUB_clear_host_irq
0b799f67f1be90f733a0d90c4a5daff21102e47e77ac99ac6f4f1b55064bf306	uarthub_drv	uarthub_drv.ko	vendor_boot_platform	UARTHUB_clear_host_txrx_request
0b799f67f1be90f733a0d90c4a5daff21102e47e77ac99ac6f4f1b55064bf306	uarthub_drv	uarthub_drv.ko	vendor_boot_platform	UARTHUB_clear_inband_irq
0b799f67f1be90f733a0d90c4a5daff21102e47e77ac99ac6f4f1b55064bf306	uarthub_drv	uarthub_drv.ko	vendor_boot_platform	UARTHUB_clear_received_inband_sta
0b799f67f1be90f733a0d90c4a5daff21102e47e77ac99ac6f4f1b55064bf306	uarthub_drv	uarthub_drv.ko	vendor_boot_platform	UARTHUB_close
0b799f67f1be90f733a0d90c4a5daff21102e47e77ac99ac6f4f1b55064bf306	uarthub_drv	uarthub_drv.ko	vendor_boot_platform	UARTHUB_config_cmm_loopback
0b799f67f1be90f733a0d90c4a5daff21102e47e77ac99ac6f4f1b55064bf306	uarthub_drv	uarthub_drv.ko	vendor_boot_platform	UARTHUB_config_external_baud_rate
0b799f67f1be90f733a0d90c4a5daff21102e47e77ac99ac6f4f1b55064bf306	uarthub_drv	uarthub_drv.ko	vendor_boot_platform	UARTHUB_config_host_irq_ctrl
0b799f67f1be90f733a0d90c4a5daff21102e47e77ac99ac6f4f1b55064bf306	uarthub_drv	uarthub_drv.ko	vendor_boot_platform	UARTHUB_config_host_loopback
0b799f67f1be90f733a0d90c4a5daff21102e47e77ac99ac6f4f1b55064bf306	uarthub_drv	uarthub_drv.ko	vendor_boot_platform	UARTHUB_config_inband_enable_ctrl
0b799f67f1be90f733a0d90c4a5daff21102e47e77ac99ac6f4f1b55064bf306	uarthub_drv	uarthub_drv.ko	vendor_boot_platform	UARTHUB_config_inband_esc_char
0b799f67f1be90f733a0d90c4a5daff21102e47e77ac99ac6f4f1b55064bf306	uarthub_drv	uarthub_drv.ko	vendor_boot_platform	UARTHUB_config_inband_esc_sta
0b799f67f1be90f733a0d90c4a5daff21102e47e77ac99ac6f4f1b55064bf306	uarthub_drv	uarthub_drv.ko	vendor_boot_platform	UARTHUB_config_inband_irq_enable_ctrl
0b799f67f1be90f733a0d90c4a5daff21102e47e77ac99ac6f4f1b55064bf306	uarthub_drv	uarthub_drv.ko	vendor_boot_platform	UARTHUB_config_inband_trigger
0b799f67f1be90f733a0d90c4a5daff21102e47e77ac99ac6f4f1b55064bf306	uarthub_drv	uarthub_drv.ko	vendor_boot_platform	UARTHUB_config_internal_baud_rate
0b799f67f1be90f733a0d90c4a5daff21102e47e77ac99ac6f4f1b55064bf306	uarthub_drv	uarthub_drv.ko	vendor_boot_platform	UARTHUB_config_uartip_dma_en_ctrl
0b799f67f1be90f733a0d90c4a5daff21102e47e77ac99ac6f4f1b55064bf306	uarthub_drv	uarthub_drv.ko	vendor_boot_platform	UARTHUB_config_uartip_rx_fifo_trig_threshold
0b799f67f1be90f733a0d90c4a5daff21102e47e77ac99ac6f4f1b55064bf306	uarthub_drv	uarthub_drv.ko	vendor_boot_platform	UARTHUB_debug_byte_cnt_info
0b799f67f1be90f733a0d90c4a5daff21102e47e77ac99ac6f4f1b55064bf306	uarthub_drv	uarthub_drv.ko	vendor_boot_platform	UARTHUB_debug_dump_tx_rx_count
0b799f67f1be90f733a0d90c4a5daff21102e47e77ac99ac6f4f1b55064bf306	uarthub_drv	uarthub_drv.ko	vendor_boot_platform	UARTHUB_debug_monitor_clr
0b799f67f1be90f733a0d90c4a5daff21102e47e77ac99ac6f4f1b55064bf306	uarthub_drv	uarthub_drv.ko	vendor_boot_platform	UARTHUB_debug_monitor_stop
0b799f67f1be90f733a0d90c4a5daff21102e47e77ac99ac6f4f1b55064bf306	uarthub_drv	uarthub_drv.ko	vendor_boot_platform	UARTHUB_dev0_clear_rx_request
0b799f67f1be90f733a0d90c4a5daff21102e47e77ac99ac6f4f1b55064bf306	uarthub_drv	uarthub_drv.ko	vendor_boot_platform	UARTHUB_dev0_clear_tx_request
0b799f67f1be90f733a0d90c4a5daff21102e47e77ac99ac6f4f1b55064bf306	uarthub_drv	uarthub_drv.ko	vendor_boot_platform	UARTHUB_dev0_clear_txrx_request
0b799f67f1be90f733a0d90c4a5daff21102e47e77ac99ac6f4f1b55064bf306	uarthub_drv	uarthub_drv.ko	vendor_boot_platform	UARTHUB_dev0_is_txrx_idle
0b799f67f1be90f733a0d90c4a5daff21102e47e77ac99ac6f4f1b55064bf306	uarthub_drv	uarthub_drv.ko	vendor_boot_platform	UARTHUB_dev0_is_uarthub_ready
0b799f67f1be90f733a0d90c4a5daff21102e47e77ac99ac6f4f1b55064bf306	uarthub_drv	uarthub_drv.ko	vendor_boot_platform	UARTHUB_dev0_set_rx_request
0b799f67f1be90f733a0d90c4a5daff21102e47e77ac99ac6f4f1b55064bf306	uarthub_drv	uarthub_drv.ko	vendor_boot_platform	UARTHUB_dev0_set_tx_request
0b799f67f1be90f733a0d90c4a5daff21102e47e77ac99ac6f4f1b55064bf306	uarthub_drv	uarthub_drv.ko	vendor_boot_platform	UARTHUB_dev0_set_txrx_request
0b799f67f1be90f733a0d90c4a5daff21102e47e77ac99ac6f4f1b55064bf306	uarthub_drv	uarthub_drv.ko	vendor_boot_platform	UARTHUB_dump_debug_info
0b799f67f1be90f733a0d90c4a5daff21102e47e77ac99ac6f4f1b55064bf306	uarthub_drv	uarthub_drv.ko	vendor_boot_platform	UARTHUB_dump_debug_info_with_tag
0b799f67f1be90f733a0d90c4a5daff21102e47e77ac99ac6f4f1b55064bf306	uarthub_drv	uarthub_drv.ko	vendor_boot_platform	UARTHUB_get_cmm_rx_fifo_size
0b799f67f1be90f733a0d90c4a5daff21102e47e77ac99ac6f4f1b55064bf306	uarthub_drv	uarthub_drv.ko	vendor_boot_platform	UARTHUB_get_host_irq_sta
0b799f67f1be90f733a0d90c4a5daff21102e47e77ac99ac6f4f1b55064bf306	uarthub_drv	uarthub_drv.ko	vendor_boot_platform	UARTHUB_get_host_rx_fifo_size
0b799f67f1be90f733a0d90c4a5daff21102e47e77ac99ac6f4f1b55064bf306	uarthub_drv	uarthub_drv.ko	vendor_boot_platform	UARTHUB_get_host_set_fw_own_status
0b799f67f1be90f733a0d90c4a5daff21102e47e77ac99ac6f4f1b55064bf306	uarthub_drv	uarthub_drv.ko	vendor_boot_platform	UARTHUB_get_host_wakeup_status
0b799f67f1be90f733a0d90c4a5daff21102e47e77ac99ac6f4f1b55064bf306	uarthub_drv	uarthub_drv.ko	vendor_boot_platform	UARTHUB_get_inband_irq_sta
0b799f67f1be90f733a0d90c4a5daff21102e47e77ac99ac6f4f1b55064bf306	uarthub_drv	uarthub_drv.ko	vendor_boot_platform	UARTHUB_get_intfhub_active_sta
0b799f67f1be90f733a0d90c4a5daff21102e47e77ac99ac6f4f1b55064bf306	uarthub_drv	uarthub_drv.ko	vendor_boot_platform	UARTHUB_get_received_inband_sta
0b799f67f1be90f733a0d90c4a5daff21102e47e77ac99ac6f4f1b55064bf306	uarthub_drv	uarthub_drv.ko	vendor_boot_platform	UARTHUB_get_uart_cmm_rx_count
0b799f67f1be90f733a0d90c4a5daff21102e47e77ac99ac6f4f1b55064bf306	uarthub_drv	uarthub_drv.ko	vendor_boot_platform	UARTHUB_irq_register_cb
0b799f67f1be90f733a0d90c4a5daff21102e47e77ac99ac6f4f1b55064bf306	uarthub_drv	uarthub_drv.ko	vendor_boot_platform	UARTHUB_is_assert_state
0b799f67f1be90f733a0d90c4a5daff21102e47e77ac99ac6f4f1b55064bf306	uarthub_drv	uarthub_drv.ko	vendor_boot_platform	UARTHUB_is_bypass_mode
0b799f67f1be90f733a0d90c4a5daff21102e47e77ac99ac6f4f1b55064bf306	uarthub_drv	uarthub_drv.ko	vendor_boot_platform	UARTHUB_is_host_uarthub_ready_state
0b799f67f1be90f733a0d90c4a5daff21102e47e77ac99ac6f4f1b55064bf306	uarthub_drv	uarthub_drv.ko	vendor_boot_platform	UARTHUB_is_inband_tx_complete
0b799f67f1be90f733a0d90c4a5daff21102e47e77ac99ac6f4f1b55064bf306	uarthub_drv	uarthub_drv.ko	vendor_boot_platform	UARTHUB_is_uartip_rx_buf_ready_for_reading
0b799f67f1be90f733a0d90c4a5daff21102e47e77ac99ac6f4f1b55064bf306	uarthub_drv	uarthub_drv.ko	vendor_boot_platform	UARTHUB_is_uartip_throw_xoff
0b799f67f1be90f733a0d90c4a5daff21102e47e77ac99ac6f4f1b55064bf306	uarthub_drv	uarthub_drv.ko	vendor_boot_platform	UARTHUB_is_uartip_tx_buf_empty_for_writing
0b799f67f1be90f733a0d90c4a5daff21102e47e77ac99ac6f4f1b55064bf306	uarthub_drv	uarthub_drv.ko	vendor_boot_platform	UARTHUB_mask_host_irq
0b799f67f1be90f733a0d90c4a5daff21102e47e77ac99ac6f4f1b55064bf306	uarthub_drv	uarthub_drv.ko	vendor_boot_platform	UARTHUB_md_adsp_fifo_ctrl
0b799f67f1be90f733a0d90c4a5daff21102e47e77ac99ac6f4f1b55064bf306	uarthub_drv	uarthub_drv.ko	vendor_boot_platform	UARTHUB_open
0b799f67f1be90f733a0d90c4a5daff21102e47e77ac99ac6f4f1b55064bf306	uarthub_drv	uarthub_drv.ko	vendor_boot_platform	UARTHUB_reset_fifo_trx
0b799f67f1be90f733a0d90c4a5daff21102e47e77ac99ac6f4f1b55064bf306	uarthub_drv	uarthub_drv.ko	vendor_boot_platform	UARTHUB_reset_flow_control
0b799f67f1be90f733a0d90c4a5daff21102e47e77ac99ac6f4f1b55064bf306	uarthub_drv	uarthub_drv.ko	vendor_boot_platform	UARTHUB_set_host_txrx_request
0b799f67f1be90f733a0d90c4a5daff21102e47e77ac99ac6f4f1b55064bf306	uarthub_drv	uarthub_drv.ko	vendor_boot_platform	UARTHUB_sw_reset
0b799f67f1be90f733a0d90c4a5daff21102e47e77ac99ac6f4f1b55064bf306	uarthub_drv	uarthub_drv.ko	vendor_boot_platform	UARTHUB_uartip_read_data_from_rx_buf
0b799f67f1be90f733a0d90c4a5daff21102e47e77ac99ac6f4f1b55064bf306	uarthub_drv	uarthub_drv.ko	vendor_boot_platform	UARTHUB_uartip_write_data_to_tx_buf
0b799f67f1be90f733a0d90c4a5daff21102e47e77ac99ac6f4f1b55064bf306	uarthub_drv	uarthub_drv.ko	vendor_boot_platform	UARTHUB_ut_ip_verify_pkt_hdr_fmt
0b799f67f1be90f733a0d90c4a5daff21102e47e77ac99ac6f4f1b55064bf306	uarthub_drv	uarthub_drv.ko	vendor_boot_platform	UARTHUB_ut_ip_verify_trx_not_ready
0b7c125f10091e0beae5d9ba1e5659512b5866ce119d7192e6acb2abb791bb5f	mtk_swpm_perf_arm_pmu	mtk-swpm-perf-arm-pmu.ko	vendor_boot_platform	inst_spec_events
0b7c125f10091e0beae5d9ba1e5659512b5866ce119d7192e6acb2abb791bb5f	mtk_swpm_perf_arm_pmu	mtk-swpm-perf-arm-pmu.ko	vendor_boot_platform	swpm_arm_ai_pmu_get
0b7c125f10091e0beae5d9ba1e5659512b5866ce119d7192e6acb2abb791bb5f	mtk_swpm_perf_arm_pmu	mtk-swpm-perf-arm-pmu.ko	vendor_boot_platform	swpm_arm_ai_pmu_set
0b7c125f10091e0beae5d9ba1e5659512b5866ce119d7192e6acb2abb791bb5f	mtk_swpm_perf_arm_pmu	mtk-swpm-perf-arm-pmu.ko	vendor_boot_platform	swpm_arm_dsu_pmu_enable
0b7c125f10091e0beae5d9ba1e5659512b5866ce119d7192e6acb2abb791bb5f	mtk_swpm_perf_arm_pmu	mtk-swpm-perf-arm-pmu.ko	vendor_boot_platform	swpm_arm_dsu_pmu_get_status
0b7c125f10091e0beae5d9ba1e5659512b5866ce119d7192e6acb2abb791bb5f	mtk_swpm_perf_arm_pmu	mtk-swpm-perf-arm-pmu.ko	vendor_boot_platform	swpm_arm_dsu_pmu_get_type
0b7c125f10091e0beae5d9ba1e5659512b5866ce119d7192e6acb2abb791bb5f	mtk_swpm_perf_arm_pmu	mtk-swpm-perf-arm-pmu.ko	vendor_boot_platform	swpm_arm_dsu_pmu_set_type
0b7c125f10091e0beae5d9ba1e5659512b5866ce119d7192e6acb2abb791bb5f	mtk_swpm_perf_arm_pmu	mtk-swpm-perf-arm-pmu.ko	vendor_boot_platform	swpm_arm_pmu_enable_all
0b7c125f10091e0beae5d9ba1e5659512b5866ce119d7192e6acb2abb791bb5f	mtk_swpm_perf_arm_pmu	mtk-swpm-perf-arm-pmu.ko	vendor_boot_platform	swpm_arm_pmu_get_idx
0b7c125f10091e0beae5d9ba1e5659512b5866ce119d7192e6acb2abb791bb5f	mtk_swpm_perf_arm_pmu	mtk-swpm-perf-arm-pmu.ko	vendor_boot_platform	swpm_arm_pmu_get_status
0c05e34b95a6a1a67ea0a0a5850b03e0406fead2fd14273c8105b4fe92baeba6	mtk_mmdvfs	mtk-mmdvfs.ko	vendor_boot_platform	mmdvfs_debug_record_opp_set_fp
0c05e34b95a6a1a67ea0a0a5850b03e0406fead2fd14273c8105b4fe92baeba6	mtk_mmdvfs	mtk-mmdvfs.ko	vendor_boot_platform	mmdvfs_set_force_step
0c05e34b95a6a1a67ea0a0a5850b03e0406fead2fd14273c8105b4fe92baeba6	mtk_mmdvfs	mtk-mmdvfs.ko	vendor_boot_platform	mmdvfs_set_lp_mode
0c05e34b95a6a1a67ea0a0a5850b03e0406fead2fd14273c8105b4fe92baeba6	mtk_mmdvfs	mtk-mmdvfs.ko	vendor_boot_platform	mmdvfs_set_vote_step
0c05e34b95a6a1a67ea0a0a5850b03e0406fead2fd14273c8105b4fe92baeba6	mtk_mmdvfs	mtk-mmdvfs.ko	vendor_boot_platform	mtk_mmdvfs_aov_enable
0c05e34b95a6a1a67ea0a0a5850b03e0406fead2fd14273c8105b4fe92baeba6	mtk_mmdvfs	mtk-mmdvfs.ko	vendor_boot_platform	register_mmdvfs_notifier
0c05e34b95a6a1a67ea0a0a5850b03e0406fead2fd14273c8105b4fe92baeba6	mtk_mmdvfs	mtk-mmdvfs.ko	vendor_boot_platform	unregister_mmdvfs_notifier
0c5bd394088d109c569cf5803a82edd0f182bad53714c284f99a797c76cf4e94	charger_class	charger_class.ko	vendor_boot_platform	charger_dev_do_event
0c5bd394088d109c569cf5803a82edd0f182bad53714c284f99a797c76cf4e94	charger_class	charger_class.ko	vendor_boot_platform	charger_dev_dump_registers
0c5bd394088d109c569cf5803a82edd0f182bad53714c284f99a797c76cf4e94	charger_class	charger_class.ko	vendor_boot_platform	charger_dev_enable
0c5bd394088d109c569cf5803a82edd0f182bad53714c284f99a797c76cf4e94	charger_class	charger_class.ko	vendor_boot_platform	charger_dev_enable_6pin_battery_charging
0c5bd394088d109c569cf5803a82edd0f182bad53714c284f99a797c76cf4e94	charger_class	charger_class.ko	vendor_boot_platform	charger_dev_enable_auto_trans
0c5bd394088d109c569cf5803a82edd0f182bad53714c284f99a797c76cf4e94	charger_class	charger_class.ko	vendor_boot_platform	charger_dev_enable_cable_drop_comp
0c5bd394088d109c569cf5803a82edd0f182bad53714c284f99a797c76cf4e94	charger_class	charger_class.ko	vendor_boot_platform	charger_dev_enable_chg_type_det
0c5bd394088d109c569cf5803a82edd0f182bad53714c284f99a797c76cf4e94	charger_class	charger_class.ko	vendor_boot_platform	charger_dev_enable_chip
0c5bd394088d109c569cf5803a82edd0f182bad53714c284f99a797c76cf4e94	charger_class	charger_class.ko	vendor_boot_platform	charger_dev_enable_direct_charging
0c5bd394088d109c569cf5803a82edd0f182bad53714c284f99a797c76cf4e94	charger_class	charger_class.ko	vendor_boot_platform	charger_dev_enable_discharge
0c5bd394088d109c569cf5803a82edd0f182bad53714c284f99a797c76cf4e94	charger_class	charger_class.ko	vendor_boot_platform	charger_dev_enable_force_typec_otp
0c5bd394088d109c569cf5803a82edd0f182bad53714c284f99a797c76cf4e94	charger_class	charger_class.ko	vendor_boot_platform	charger_dev_enable_hidden_mode
0c5bd394088d109c569cf5803a82edd0f182bad53714c284f99a797c76cf4e94	charger_class	charger_class.ko	vendor_boot_platform	charger_dev_enable_hz
0c5bd394088d109c569cf5803a82edd0f182bad53714c284f99a797c76cf4e94	charger_class	charger_class.ko	vendor_boot_platform	charger_dev_enable_otg
0c5bd394088d109c569cf5803a82edd0f182bad53714c284f99a797c76cf4e94	charger_class	charger_class.ko	vendor_boot_platform	charger_dev_enable_powerpath
0c5bd394088d109c569cf5803a82edd0f182bad53714c284f99a797c76cf4e94	charger_class	charger_class.ko	vendor_boot_platform	charger_dev_enable_safety_timer
0c5bd394088d109c569cf5803a82edd0f182bad53714c284f99a797c76cf4e94	charger_class	charger_class.ko	vendor_boot_platform	charger_dev_enable_termination
0c5bd394088d109c569cf5803a82edd0f182bad53714c284f99a797c76cf4e94	charger_class	charger_class.ko	vendor_boot_platform	charger_dev_enable_usbid
0c5bd394088d109c569cf5803a82edd0f182bad53714c284f99a797c76cf4e94	charger_class	charger_class.ko	vendor_boot_platform	charger_dev_enable_usbid_floating
0c5bd394088d109c569cf5803a82edd0f182bad53714c284f99a797c76cf4e94	charger_class	charger_class.ko	vendor_boot_platform	charger_dev_enable_vbus_ovp
0c5bd394088d109c569cf5803a82edd0f182bad53714c284f99a797c76cf4e94	charger_class	charger_class.ko	vendor_boot_platform	charger_dev_get_adc
0c5bd394088d109c569cf5803a82edd0f182bad53714c284f99a797c76cf4e94	charger_class	charger_class.ko	vendor_boot_platform	charger_dev_get_adc_accuracy
0c5bd394088d109c569cf5803a82edd0f182bad53714c284f99a797c76cf4e94	charger_class	charger_class.ko	vendor_boot_platform	charger_dev_get_charging_current
0c5bd394088d109c569cf5803a82edd0f182bad53714c284f99a797c76cf4e94	charger_class	charger_class.ko	vendor_boot_platform	charger_dev_get_constant_voltage
0c5bd394088d109c569cf5803a82edd0f182bad53714c284f99a797c76cf4e94	charger_class	charger_class.ko	vendor_boot_platform	charger_dev_get_ctd_dischg_status
0c5bd394088d109c569cf5803a82edd0f182bad53714c284f99a797c76cf4e94	charger_class	charger_class.ko	vendor_boot_platform	charger_dev_get_eoc_current
0c5bd394088d109c569cf5803a82edd0f182bad53714c284f99a797c76cf4e94	charger_class	charger_class.ko	vendor_boot_platform	charger_dev_get_ibat
0c5bd394088d109c569cf5803a82edd0f182bad53714c284f99a797c76cf4e94	charger_class	charger_class.ko	vendor_boot_platform	charger_dev_get_ibus
0c5bd394088d109c569cf5803a82edd0f182bad53714c284f99a797c76cf4e94	charger_class	charger_class.ko	vendor_boot_platform	charger_dev_get_input_current
0c5bd394088d109c569cf5803a82edd0f182bad53714c284f99a797c76cf4e94	charger_class	charger_class.ko	vendor_boot_platform	charger_dev_get_min_charging_current
0c5bd394088d109c569cf5803a82edd0f182bad53714c284f99a797c76cf4e94	charger_class	charger_class.ko	vendor_boot_platform	charger_dev_get_min_input_current
0c5bd394088d109c569cf5803a82edd0f182bad53714c284f99a797c76cf4e94	charger_class	charger_class.ko	vendor_boot_platform	charger_dev_get_mivr
0c5bd394088d109c569cf5803a82edd0f182bad53714c284f99a797c76cf4e94	charger_class	charger_class.ko	vendor_boot_platform	charger_dev_get_mivr_state
0c5bd394088d109c569cf5803a82edd0f182bad53714c284f99a797c76cf4e94	charger_class	charger_class.ko	vendor_boot_platform	charger_dev_get_property
0c5bd394088d109c569cf5803a82edd0f182bad53714c284f99a797c76cf4e94	charger_class	charger_class.ko	vendor_boot_platform	charger_dev_get_temperature
0c5bd394088d109c569cf5803a82edd0f182bad53714c284f99a797c76cf4e94	charger_class	charger_class.ko	vendor_boot_platform	charger_dev_get_vbus
0c5bd394088d109c569cf5803a82edd0f182bad53714c284f99a797c76cf4e94	charger_class	charger_class.ko	vendor_boot_platform	charger_dev_get_zcv
0c5bd394088d109c569cf5803a82edd0f182bad53714c284f99a797c76cf4e94	charger_class	charger_class.ko	vendor_boot_platform	charger_dev_init_chip
0c5bd394088d109c569cf5803a82edd0f182bad53714c284f99a797c76cf4e94	charger_class	charger_class.ko	vendor_boot_platform	charger_dev_is_charging_done
0c5bd394088d109c569cf5803a82edd0f182bad53714c284f99a797c76cf4e94	charger_class	charger_class.ko	vendor_boot_platform	charger_dev_is_chip_enabled
0c5bd394088d109c569cf5803a82edd0f182bad53714c284f99a797c76cf4e94	charger_class	charger_class.ko	vendor_boot_platform	charger_dev_is_enabled
0c5bd394088d109c569cf5803a82edd0f182bad53714c284f99a797c76cf4e94	charger_class	charger_class.ko	vendor_boot_platform	charger_dev_is_otg_enabled
0c5bd394088d109c569cf5803a82edd0f182bad53714c284f99a797c76cf4e94	charger_class	charger_class.ko	vendor_boot_platform	charger_dev_is_powerpath_enabled
0c5bd394088d109c569cf5803a82edd0f182bad53714c284f99a797c76cf4e94	charger_class	charger_class.ko	vendor_boot_platform	charger_dev_is_safety_timer_enabled
0c5bd394088d109c569cf5803a82edd0f182bad53714c284f99a797c76cf4e94	charger_class	charger_class.ko	vendor_boot_platform	charger_dev_is_vbuslowerr
0c5bd394088d109c569cf5803a82edd0f182bad53714c284f99a797c76cf4e94	charger_class	charger_class.ko	vendor_boot_platform	charger_dev_kick_direct_charging_wdt
0c5bd394088d109c569cf5803a82edd0f182bad53714c284f99a797c76cf4e94	charger_class	charger_class.ko	vendor_boot_platform	charger_dev_kick_wdt
0c5bd394088d109c569cf5803a82edd0f182bad53714c284f99a797c76cf4e94	charger_class	charger_class.ko	vendor_boot_platform	charger_dev_notify
0c5bd394088d109c569cf5803a82edd0f182bad53714c284f99a797c76cf4e94	charger_class	charger_class.ko	vendor_boot_platform	charger_dev_plug_in
0c5bd394088d109c569cf5803a82edd0f182bad53714c284f99a797c76cf4e94	charger_class	charger_class.ko	vendor_boot_platform	charger_dev_plug_out
0c5bd394088d109c569cf5803a82edd0f182bad53714c284f99a797c76cf4e94	charger_class	charger_class.ko	vendor_boot_platform	charger_dev_reset_eoc_state
0c5bd394088d109c569cf5803a82edd0f182bad53714c284f99a797c76cf4e94	charger_class	charger_class.ko	vendor_boot_platform	charger_dev_reset_ta
0c5bd394088d109c569cf5803a82edd0f182bad53714c284f99a797c76cf4e94	charger_class	charger_class.ko	vendor_boot_platform	charger_dev_reset_vbatovp_alarm
0c5bd394088d109c569cf5803a82edd0f182bad53714c284f99a797c76cf4e94	charger_class	charger_class.ko	vendor_boot_platform	charger_dev_reset_vbusovp_alarm
0c5bd394088d109c569cf5803a82edd0f182bad53714c284f99a797c76cf4e94	charger_class	charger_class.ko	vendor_boot_platform	charger_dev_run_aicl
0c5bd394088d109c569cf5803a82edd0f182bad53714c284f99a797c76cf4e94	charger_class	charger_class.ko	vendor_boot_platform	charger_dev_safety_check
0c5bd394088d109c569cf5803a82edd0f182bad53714c284f99a797c76cf4e94	charger_class	charger_class.ko	vendor_boot_platform	charger_dev_send_ta20_current_pattern
0c5bd394088d109c569cf5803a82edd0f182bad53714c284f99a797c76cf4e94	charger_class	charger_class.ko	vendor_boot_platform	charger_dev_send_ta_current_pattern
0c5bd394088d109c569cf5803a82edd0f182bad53714c284f99a797c76cf4e94	charger_class	charger_class.ko	vendor_boot_platform	charger_dev_set_auto_trans
0c5bd394088d109c569cf5803a82edd0f182bad53714c284f99a797c76cf4e94	charger_class	charger_class.ko	vendor_boot_platform	charger_dev_set_boost_current_limit
0c5bd394088d109c569cf5803a82edd0f182bad53714c284f99a797c76cf4e94	charger_class	charger_class.ko	vendor_boot_platform	charger_dev_set_boot_volt_times
0c5bd394088d109c569cf5803a82edd0f182bad53714c284f99a797c76cf4e94	charger_class	charger_class.ko	vendor_boot_platform	charger_dev_set_charging_current
0c5bd394088d109c569cf5803a82edd0f182bad53714c284f99a797c76cf4e94	charger_class	charger_class.ko	vendor_boot_platform	charger_dev_set_constant_voltage
0c5bd394088d109c569cf5803a82edd0f182bad53714c284f99a797c76cf4e94	charger_class	charger_class.ko	vendor_boot_platform	charger_dev_set_direct_charging_ibusoc
0c5bd394088d109c569cf5803a82edd0f182bad53714c284f99a797c76cf4e94	charger_class	charger_class.ko	vendor_boot_platform	charger_dev_set_direct_charging_vbusov
0c5bd394088d109c569cf5803a82edd0f182bad53714c284f99a797c76cf4e94	charger_class	charger_class.ko	vendor_boot_platform	charger_dev_set_eoc_current
0c5bd394088d109c569cf5803a82edd0f182bad53714c284f99a797c76cf4e94	charger_class	charger_class.ko	vendor_boot_platform	charger_dev_set_ibatocp
0c5bd394088d109c569cf5803a82edd0f182bad53714c284f99a797c76cf4e94	charger_class	charger_class.ko	vendor_boot_platform	charger_dev_set_ibusocp
0c5bd394088d109c569cf5803a82edd0f182bad53714c284f99a797c76cf4e94	charger_class	charger_class.ko	vendor_boot_platform	charger_dev_set_input_current
0c5bd394088d109c569cf5803a82edd0f182bad53714c284f99a797c76cf4e94	charger_class	charger_class.ko	vendor_boot_platform	charger_dev_set_mivr
0c5bd394088d109c569cf5803a82edd0f182bad53714c284f99a797c76cf4e94	charger_class	charger_class.ko	vendor_boot_platform	charger_dev_set_operation_mode
0c5bd394088d109c569cf5803a82edd0f182bad53714c284f99a797c76cf4e94	charger_class	charger_class.ko	vendor_boot_platform	charger_dev_set_pe20_efficiency_table
0c5bd394088d109c569cf5803a82edd0f182bad53714c284f99a797c76cf4e94	charger_class	charger_class.ko	vendor_boot_platform	charger_dev_set_property
0c5bd394088d109c569cf5803a82edd0f182bad53714c284f99a797c76cf4e94	charger_class	charger_class.ko	vendor_boot_platform	charger_dev_set_usbid_rup
0c5bd394088d109c569cf5803a82edd0f182bad53714c284f99a797c76cf4e94	charger_class	charger_class.ko	vendor_boot_platform	charger_dev_set_usbid_src_ton
0c5bd394088d109c569cf5803a82edd0f182bad53714c284f99a797c76cf4e94	charger_class	charger_class.ko	vendor_boot_platform	charger_dev_set_vac_ovp
0c5bd394088d109c569cf5803a82edd0f182bad53714c284f99a797c76cf4e94	charger_class	charger_class.ko	vendor_boot_platform	charger_dev_set_vbatovp
0c5bd394088d109c569cf5803a82edd0f182bad53714c284f99a797c76cf4e94	charger_class	charger_class.ko	vendor_boot_platform	charger_dev_set_vbatovp_alarm
0c5bd394088d109c569cf5803a82edd0f182bad53714c284f99a797c76cf4e94	charger_class	charger_class.ko	vendor_boot_platform	charger_dev_set_vbusovp
0c5bd394088d109c569cf5803a82edd0f182bad53714c284f99a797c76cf4e94	charger_class	charger_class.ko	vendor_boot_platform	charger_dev_set_vbusovp_alarm
0c5bd394088d109c569cf5803a82edd0f182bad53714c284f99a797c76cf4e94	charger_class	charger_class.ko	vendor_boot_platform	charger_device_register
0c5bd394088d109c569cf5803a82edd0f182bad53714c284f99a797c76cf4e94	charger_class	charger_class.ko	vendor_boot_platform	charger_device_unregister
0c5bd394088d109c569cf5803a82edd0f182bad53714c284f99a797c76cf4e94	charger_class	charger_class.ko	vendor_boot_platform	get_charger_by_name
0c5bd394088d109c569cf5803a82edd0f182bad53714c284f99a797c76cf4e94	charger_class	charger_class.ko	vendor_boot_platform	register_charger_device_notifier
0c5bd394088d109c569cf5803a82edd0f182bad53714c284f99a797c76cf4e94	charger_class	charger_class.ko	vendor_boot_platform	unregister_charger_device_notifier
0c8290d6ed7599c7d36a5affb667b23731d2062fd08e6c2988e3b73fb643ce3e	mtk_afe_external	mtk-afe-external.ko	vendor_boot_platform	notify_3way_semaphore_control
0c8290d6ed7599c7d36a5affb667b23731d2062fd08e6c2988e3b73fb643ce3e	mtk_afe_external	mtk-afe-external.ko	vendor_boot_platform	notify_allocate_mem
0c8290d6ed7599c7d36a5affb667b23731d2062fd08e6c2988e3b73fb643ce3e	mtk_afe_external	mtk-afe-external.ko	vendor_boot_platform	notify_ultra_afe_hw_free
0c8290d6ed7599c7d36a5affb667b23731d2062fd08e6c2988e3b73fb643ce3e	mtk_afe_external	mtk-afe-external.ko	vendor_boot_platform	notify_vb_audio_control
0c8290d6ed7599c7d36a5affb667b23731d2062fd08e6c2988e3b73fb643ce3e	mtk_afe_external	mtk-afe-external.ko	vendor_boot_platform	notify_vow_ipi_send
0c8290d6ed7599c7d36a5affb667b23731d2062fd08e6c2988e3b73fb643ce3e	mtk_afe_external	mtk-afe-external.ko	vendor_boot_platform	register_3way_semaphore_notifier
0c8290d6ed7599c7d36a5affb667b23731d2062fd08e6c2988e3b73fb643ce3e	mtk_afe_external	mtk-afe-external.ko	vendor_boot_platform	register_afe_allocate_mem_notifier
0c8290d6ed7599c7d36a5affb667b23731d2062fd08e6c2988e3b73fb643ce3e	mtk_afe_external	mtk-afe-external.ko	vendor_boot_platform	register_ultra_afe_hw_free_notifier
0c8290d6ed7599c7d36a5affb667b23731d2062fd08e6c2988e3b73fb643ce3e	mtk_afe_external	mtk-afe-external.ko	vendor_boot_platform	register_vow_ipi_send_notifier
0c8290d6ed7599c7d36a5affb667b23731d2062fd08e6c2988e3b73fb643ce3e	mtk_afe_external	mtk-afe-external.ko	vendor_boot_platform	register_vp_audio_notifier
0c8290d6ed7599c7d36a5affb667b23731d2062fd08e6c2988e3b73fb643ce3e	mtk_afe_external	mtk-afe-external.ko	vendor_boot_platform	unregister_3way_semaphore_notifier
0c8290d6ed7599c7d36a5affb667b23731d2062fd08e6c2988e3b73fb643ce3e	mtk_afe_external	mtk-afe-external.ko	vendor_boot_platform	unregister_afe_allocate_mem_notifier
0c8290d6ed7599c7d36a5affb667b23731d2062fd08e6c2988e3b73fb643ce3e	mtk_afe_external	mtk-afe-external.ko	vendor_boot_platform	unregister_ultra_afe_hw_free_notifier
0c8290d6ed7599c7d36a5affb667b23731d2062fd08e6c2988e3b73fb643ce3e	mtk_afe_external	mtk-afe-external.ko	vendor_boot_platform	unregister_vow_ipi_send_notifier
0c8290d6ed7599c7d36a5affb667b23731d2062fd08e6c2988e3b73fb643ce3e	mtk_afe_external	mtk-afe-external.ko	vendor_boot_platform	unregister_vp_audio_notifier
0d5e547e3e6c313c88695b2c8f9aae04398e3c8822f16d57dff6aea011f821fe	yft_devinfo	yft_devinfo.ko	vendor_boot_platform;vendor_dlkm	fuelgauge_fw_version
0d5e547e3e6c313c88695b2c8f9aae04398e3c8822f16d57dff6aea011f821fe	yft_devinfo	yft_devinfo.ko	vendor_boot_platform;vendor_dlkm	is_yft_cts_board
0d5e547e3e6c313c88695b2c8f9aae04398e3c8822f16d57dff6aea011f821fe	yft_devinfo	yft_devinfo.ko	vendor_boot_platform;vendor_dlkm	second_touch_fw_version
0d5e547e3e6c313c88695b2c8f9aae04398e3c8822f16d57dff6aea011f821fe	yft_devinfo	yft_devinfo.ko	vendor_boot_platform;vendor_dlkm	tinylcd_fw_version
0d5e547e3e6c313c88695b2c8f9aae04398e3c8822f16d57dff6aea011f821fe	yft_devinfo	yft_devinfo.ko	vendor_boot_platform;vendor_dlkm	touch_fw_version
0d5e547e3e6c313c88695b2c8f9aae04398e3c8822f16d57dff6aea011f821fe	yft_devinfo	yft_devinfo.ko	vendor_boot_platform;vendor_dlkm	yft_accsensor_device_add
0d5e547e3e6c313c88695b2c8f9aae04398e3c8822f16d57dff6aea011f821fe	yft_devinfo	yft_devinfo.ko	vendor_boot_platform;vendor_dlkm	yft_alspssensor_device_add
0d5e547e3e6c313c88695b2c8f9aae04398e3c8822f16d57dff6aea011f821fe	yft_devinfo	yft_devinfo.ko	vendor_boot_platform;vendor_dlkm	yft_barosensor_device_add
0d5e547e3e6c313c88695b2c8f9aae04398e3c8822f16d57dff6aea011f821fe	yft_devinfo	yft_devinfo.ko	vendor_boot_platform;vendor_dlkm	yft_camera_device_add
0d5e547e3e6c313c88695b2c8f9aae04398e3c8822f16d57dff6aea011f821fe	yft_devinfo	yft_devinfo.ko	vendor_boot_platform;vendor_dlkm	yft_cts_dump
0d5e547e3e6c313c88695b2c8f9aae04398e3c8822f16d57dff6aea011f821fe	yft_devinfo	yft_devinfo.ko	vendor_boot_platform;vendor_dlkm	yft_device_dump
0d5e547e3e6c313c88695b2c8f9aae04398e3c8822f16d57dff6aea011f821fe	yft_devinfo	yft_devinfo.ko	vendor_boot_platform;vendor_dlkm	yft_fuelgauge_device_add
0d5e547e3e6c313c88695b2c8f9aae04398e3c8822f16d57dff6aea011f821fe	yft_devinfo	yft_devinfo.ko	vendor_boot_platform;vendor_dlkm	yft_memory_dump
0d5e547e3e6c313c88695b2c8f9aae04398e3c8822f16d57dff6aea011f821fe	yft_devinfo	yft_devinfo.ko	vendor_boot_platform;vendor_dlkm	yft_msensor_device_add
0d5e547e3e6c313c88695b2c8f9aae04398e3c8822f16d57dff6aea011f821fe	yft_devinfo	yft_devinfo.ko	vendor_boot_platform;vendor_dlkm	yft_sarsensor_device_add
0d5e547e3e6c313c88695b2c8f9aae04398e3c8822f16d57dff6aea011f821fe	yft_devinfo	yft_devinfo.ko	vendor_boot_platform;vendor_dlkm	yft_set_accsensor_device_used
0d5e547e3e6c313c88695b2c8f9aae04398e3c8822f16d57dff6aea011f821fe	yft_devinfo	yft_devinfo.ko	vendor_boot_platform;vendor_dlkm	yft_set_alspssensor_device_used
0d5e547e3e6c313c88695b2c8f9aae04398e3c8822f16d57dff6aea011f821fe	yft_devinfo	yft_devinfo.ko	vendor_boot_platform;vendor_dlkm	yft_set_barosensor_device_used
0d5e547e3e6c313c88695b2c8f9aae04398e3c8822f16d57dff6aea011f821fe	yft_devinfo	yft_devinfo.ko	vendor_boot_platform;vendor_dlkm	yft_set_camera_device_used
0d5e547e3e6c313c88695b2c8f9aae04398e3c8822f16d57dff6aea011f821fe	yft_devinfo	yft_devinfo.ko	vendor_boot_platform;vendor_dlkm	yft_set_fuelgauge_device_used
0d5e547e3e6c313c88695b2c8f9aae04398e3c8822f16d57dff6aea011f821fe	yft_devinfo	yft_devinfo.ko	vendor_boot_platform;vendor_dlkm	yft_set_msensor_device_used
0d5e547e3e6c313c88695b2c8f9aae04398e3c8822f16d57dff6aea011f821fe	yft_devinfo	yft_devinfo.ko	vendor_boot_platform;vendor_dlkm	yft_set_sarsensor_device_used
0d5e547e3e6c313c88695b2c8f9aae04398e3c8822f16d57dff6aea011f821fe	yft_devinfo	yft_devinfo.ko	vendor_boot_platform;vendor_dlkm	yft_set_tinylcd_device_used
0d5e547e3e6c313c88695b2c8f9aae04398e3c8822f16d57dff6aea011f821fe	yft_devinfo	yft_devinfo.ko	vendor_boot_platform;vendor_dlkm	yft_set_touch_device_used
0d5e547e3e6c313c88695b2c8f9aae04398e3c8822f16d57dff6aea011f821fe	yft_devinfo	yft_devinfo.ko	vendor_boot_platform;vendor_dlkm	yft_spitouchpanel_device_add
0d5e547e3e6c313c88695b2c8f9aae04398e3c8822f16d57dff6aea011f821fe	yft_devinfo	yft_devinfo.ko	vendor_boot_platform;vendor_dlkm	yft_tinylcd_device_add
0d5e547e3e6c313c88695b2c8f9aae04398e3c8822f16d57dff6aea011f821fe	yft_devinfo	yft_devinfo.ko	vendor_boot_platform;vendor_dlkm	yft_touchpanel_device_add
0e57b0c4a5c6f773730229ebf01a28929fa7abebe5ee104a699654cb2dd25f40	mtk_charger_algorithm_class	mtk_charger_algorithm_class.ko	vendor_boot_platform	chg_alg_device_register
0e57b0c4a5c6f773730229ebf01a28929fa7abebe5ee104a699654cb2dd25f40	mtk_charger_algorithm_class	mtk_charger_algorithm_class.ko	vendor_boot_platform	chg_alg_device_unregister
0e57b0c4a5c6f773730229ebf01a28929fa7abebe5ee104a699654cb2dd25f40	mtk_charger_algorithm_class	mtk_charger_algorithm_class.ko	vendor_boot_platform	chg_alg_get_prop
0e57b0c4a5c6f773730229ebf01a28929fa7abebe5ee104a699654cb2dd25f40	mtk_charger_algorithm_class	mtk_charger_algorithm_class.ko	vendor_boot_platform	chg_alg_init_algo
0e57b0c4a5c6f773730229ebf01a28929fa7abebe5ee104a699654cb2dd25f40	mtk_charger_algorithm_class	mtk_charger_algorithm_class.ko	vendor_boot_platform	chg_alg_is_algo_ready
0e57b0c4a5c6f773730229ebf01a28929fa7abebe5ee104a699654cb2dd25f40	mtk_charger_algorithm_class	mtk_charger_algorithm_class.ko	vendor_boot_platform	chg_alg_is_algo_running
0e57b0c4a5c6f773730229ebf01a28929fa7abebe5ee104a699654cb2dd25f40	mtk_charger_algorithm_class	mtk_charger_algorithm_class.ko	vendor_boot_platform	chg_alg_notifier_call
0e57b0c4a5c6f773730229ebf01a28929fa7abebe5ee104a699654cb2dd25f40	mtk_charger_algorithm_class	mtk_charger_algorithm_class.ko	vendor_boot_platform	chg_alg_notify_evt_tostring
0e57b0c4a5c6f773730229ebf01a28929fa7abebe5ee104a699654cb2dd25f40	mtk_charger_algorithm_class	mtk_charger_algorithm_class.ko	vendor_boot_platform	chg_alg_plugout_reset
0e57b0c4a5c6f773730229ebf01a28929fa7abebe5ee104a699654cb2dd25f40	mtk_charger_algorithm_class	mtk_charger_algorithm_class.ko	vendor_boot_platform	chg_alg_set_current_limit
0e57b0c4a5c6f773730229ebf01a28929fa7abebe5ee104a699654cb2dd25f40	mtk_charger_algorithm_class	mtk_charger_algorithm_class.ko	vendor_boot_platform	chg_alg_set_prop
0e57b0c4a5c6f773730229ebf01a28929fa7abebe5ee104a699654cb2dd25f40	mtk_charger_algorithm_class	mtk_charger_algorithm_class.ko	vendor_boot_platform	chg_alg_start_algo
0e57b0c4a5c6f773730229ebf01a28929fa7abebe5ee104a699654cb2dd25f40	mtk_charger_algorithm_class	mtk_charger_algorithm_class.ko	vendor_boot_platform	chg_alg_state_to_str
0e57b0c4a5c6f773730229ebf01a28929fa7abebe5ee104a699654cb2dd25f40	mtk_charger_algorithm_class	mtk_charger_algorithm_class.ko	vendor_boot_platform	chg_alg_stop_algo
0e57b0c4a5c6f773730229ebf01a28929fa7abebe5ee104a699654cb2dd25f40	mtk_charger_algorithm_class	mtk_charger_algorithm_class.ko	vendor_boot_platform	get_chg_alg_by_name
0e57b0c4a5c6f773730229ebf01a28929fa7abebe5ee104a699654cb2dd25f40	mtk_charger_algorithm_class	mtk_charger_algorithm_class.ko	vendor_boot_platform	register_chg_alg_notifier
0e57b0c4a5c6f773730229ebf01a28929fa7abebe5ee104a699654cb2dd25f40	mtk_charger_algorithm_class	mtk_charger_algorithm_class.ko	vendor_boot_platform	unregister_chg_alg_notifier
0fd7047d6f0c9936aee2ee7611648ddfcf5d2b852a71e1861c9a36589d3a7a95	ufs_mediatek_mod	ufs-mediatek-mod.ko	vendor_boot_platform	ufs_mtk_btag_compl_command
0fd7047d6f0c9936aee2ee7611648ddfcf5d2b852a71e1861c9a36589d3a7a95	ufs_mediatek_mod	ufs-mediatek-mod.ko	vendor_boot_platform	ufs_mtk_btag_exit
0fd7047d6f0c9936aee2ee7611648ddfcf5d2b852a71e1861c9a36589d3a7a95	ufs_mediatek_mod	ufs-mediatek-mod.ko	vendor_boot_platform	ufs_mtk_btag_init
0fd7047d6f0c9936aee2ee7611648ddfcf5d2b852a71e1861c9a36589d3a7a95	ufs_mediatek_mod	ufs-mediatek-mod.ko	vendor_boot_platform	ufs_mtk_btag_send_command
0fd7047d6f0c9936aee2ee7611648ddfcf5d2b852a71e1861c9a36589d3a7a95	ufs_mediatek_mod	ufs-mediatek-mod.ko	vendor_boot_platform	ufs_mtk_init_ioctl
0fd7047d6f0c9936aee2ee7611648ddfcf5d2b852a71e1861c9a36589d3a7a95	ufs_mediatek_mod	ufs-mediatek-mod.ko	vendor_boot_platform	ufs_mtk_init_sysfs
0fd7047d6f0c9936aee2ee7611648ddfcf5d2b852a71e1861c9a36589d3a7a95	ufs_mediatek_mod	ufs-mediatek-mod.ko	vendor_boot_platform	ufs_mtk_remove_sysfs
0fd7047d6f0c9936aee2ee7611648ddfcf5d2b852a71e1861c9a36589d3a7a95	ufs_mediatek_mod	ufs-mediatek-mod.ko	vendor_boot_platform	ufs_mtk_rpmb_get_raw_dev
0fd7047d6f0c9936aee2ee7611648ddfcf5d2b852a71e1861c9a36589d3a7a95	ufs_mediatek_mod	ufs-mediatek-mod.ko	vendor_boot_platform	ufs_mtk_rpmb_init
103ed855899266a08648875074ee58e8d8122132fc8a6bac4e93def2c90d7219	xhci_mtk_hcd_v2	xhci-mtk-hcd-v2.ko	vendor_boot_platform	__SCK__tp_func_xhci_dbg_quirks_
103ed855899266a08648875074ee58e8d8122132fc8a6bac4e93def2c90d7219	xhci_mtk_hcd_v2	xhci-mtk-hcd-v2.ko	vendor_boot_platform	__SCK__tp_func_xhci_handle_transfer_
103ed855899266a08648875074ee58e8d8122132fc8a6bac4e93def2c90d7219	xhci_mtk_hcd_v2	xhci-mtk-hcd-v2.ko	vendor_boot_platform	__SCK__tp_func_xhci_urb_enqueue_
103ed855899266a08648875074ee58e8d8122132fc8a6bac4e93def2c90d7219	xhci_mtk_hcd_v2	xhci-mtk-hcd-v2.ko	vendor_boot_platform	__SCK__tp_func_xhci_urb_giveback_
103ed855899266a08648875074ee58e8d8122132fc8a6bac4e93def2c90d7219	xhci_mtk_hcd_v2	xhci-mtk-hcd-v2.ko	vendor_boot_platform	__traceiter_xhci_dbg_quirks_
103ed855899266a08648875074ee58e8d8122132fc8a6bac4e93def2c90d7219	xhci_mtk_hcd_v2	xhci-mtk-hcd-v2.ko	vendor_boot_platform	__traceiter_xhci_handle_transfer_
103ed855899266a08648875074ee58e8d8122132fc8a6bac4e93def2c90d7219	xhci_mtk_hcd_v2	xhci-mtk-hcd-v2.ko	vendor_boot_platform	__traceiter_xhci_urb_enqueue_
103ed855899266a08648875074ee58e8d8122132fc8a6bac4e93def2c90d7219	xhci_mtk_hcd_v2	xhci-mtk-hcd-v2.ko	vendor_boot_platform	__traceiter_xhci_urb_giveback_
103ed855899266a08648875074ee58e8d8122132fc8a6bac4e93def2c90d7219	xhci_mtk_hcd_v2	xhci-mtk-hcd-v2.ko	vendor_boot_platform	__tracepoint_xhci_dbg_quirks_
103ed855899266a08648875074ee58e8d8122132fc8a6bac4e93def2c90d7219	xhci_mtk_hcd_v2	xhci-mtk-hcd-v2.ko	vendor_boot_platform	__tracepoint_xhci_handle_transfer_
103ed855899266a08648875074ee58e8d8122132fc8a6bac4e93def2c90d7219	xhci_mtk_hcd_v2	xhci-mtk-hcd-v2.ko	vendor_boot_platform	__tracepoint_xhci_urb_enqueue_
103ed855899266a08648875074ee58e8d8122132fc8a6bac4e93def2c90d7219	xhci_mtk_hcd_v2	xhci-mtk-hcd-v2.ko	vendor_boot_platform	__tracepoint_xhci_urb_giveback_
103ed855899266a08648875074ee58e8d8122132fc8a6bac4e93def2c90d7219	xhci_mtk_hcd_v2	xhci-mtk-hcd-v2.ko	vendor_boot_platform	xhci_add_endpoint_
103ed855899266a08648875074ee58e8d8122132fc8a6bac4e93def2c90d7219	xhci_mtk_hcd_v2	xhci-mtk-hcd-v2.ko	vendor_boot_platform	xhci_address_device_
103ed855899266a08648875074ee58e8d8122132fc8a6bac4e93def2c90d7219	xhci_mtk_hcd_v2	xhci-mtk-hcd-v2.ko	vendor_boot_platform	xhci_alloc_command_
103ed855899266a08648875074ee58e8d8122132fc8a6bac4e93def2c90d7219	xhci_mtk_hcd_v2	xhci-mtk-hcd-v2.ko	vendor_boot_platform	xhci_alloc_erst_
103ed855899266a08648875074ee58e8d8122132fc8a6bac4e93def2c90d7219	xhci_mtk_hcd_v2	xhci-mtk-hcd-v2.ko	vendor_boot_platform	xhci_bus_resume_
103ed855899266a08648875074ee58e8d8122132fc8a6bac4e93def2c90d7219	xhci_mtk_hcd_v2	xhci-mtk-hcd-v2.ko	vendor_boot_platform	xhci_bus_suspend_
103ed855899266a08648875074ee58e8d8122132fc8a6bac4e93def2c90d7219	xhci_mtk_hcd_v2	xhci-mtk-hcd-v2.ko	vendor_boot_platform	xhci_check_bandwidth_
103ed855899266a08648875074ee58e8d8122132fc8a6bac4e93def2c90d7219	xhci_mtk_hcd_v2	xhci-mtk-hcd-v2.ko	vendor_boot_platform	xhci_check_trb_in_td_math_
103ed855899266a08648875074ee58e8d8122132fc8a6bac4e93def2c90d7219	xhci_mtk_hcd_v2	xhci-mtk-hcd-v2.ko	vendor_boot_platform	xhci_dbg_trace_
103ed855899266a08648875074ee58e8d8122132fc8a6bac4e93def2c90d7219	xhci_mtk_hcd_v2	xhci-mtk-hcd-v2.ko	vendor_boot_platform	xhci_drop_endpoint_
103ed855899266a08648875074ee58e8d8122132fc8a6bac4e93def2c90d7219	xhci_mtk_hcd_v2	xhci-mtk-hcd-v2.ko	vendor_boot_platform	xhci_ext_cap_init_
103ed855899266a08648875074ee58e8d8122132fc8a6bac4e93def2c90d7219	xhci_mtk_hcd_v2	xhci-mtk-hcd-v2.ko	vendor_boot_platform	xhci_free_command_
103ed855899266a08648875074ee58e8d8122132fc8a6bac4e93def2c90d7219	xhci_mtk_hcd_v2	xhci-mtk-hcd-v2.ko	vendor_boot_platform	xhci_free_erst_
103ed855899266a08648875074ee58e8d8122132fc8a6bac4e93def2c90d7219	xhci_mtk_hcd_v2	xhci-mtk-hcd-v2.ko	vendor_boot_platform	xhci_gen_setup_
103ed855899266a08648875074ee58e8d8122132fc8a6bac4e93def2c90d7219	xhci_mtk_hcd_v2	xhci-mtk-hcd-v2.ko	vendor_boot_platform	xhci_get_endpoint_address_
103ed855899266a08648875074ee58e8d8122132fc8a6bac4e93def2c90d7219	xhci_mtk_hcd_v2	xhci-mtk-hcd-v2.ko	vendor_boot_platform	xhci_get_endpoint_index_
103ed855899266a08648875074ee58e8d8122132fc8a6bac4e93def2c90d7219	xhci_mtk_hcd_v2	xhci-mtk-hcd-v2.ko	vendor_boot_platform	xhci_get_ep_ctx__
103ed855899266a08648875074ee58e8d8122132fc8a6bac4e93def2c90d7219	xhci_mtk_hcd_v2	xhci-mtk-hcd-v2.ko	vendor_boot_platform	xhci_get_slot_ctx_
103ed855899266a08648875074ee58e8d8122132fc8a6bac4e93def2c90d7219	xhci_mtk_hcd_v2	xhci-mtk-hcd-v2.ko	vendor_boot_platform	xhci_init_driver_
103ed855899266a08648875074ee58e8d8122132fc8a6bac4e93def2c90d7219	xhci_mtk_hcd_v2	xhci-mtk-hcd-v2.ko	vendor_boot_platform	xhci_initialize_ring_info_
103ed855899266a08648875074ee58e8d8122132fc8a6bac4e93def2c90d7219	xhci_mtk_hcd_v2	xhci-mtk-hcd-v2.ko	vendor_boot_platform	xhci_link_segments_
103ed855899266a08648875074ee58e8d8122132fc8a6bac4e93def2c90d7219	xhci_mtk_hcd_v2	xhci-mtk-hcd-v2.ko	vendor_boot_platform	xhci_queue_stop_endpoint_
103ed855899266a08648875074ee58e8d8122132fc8a6bac4e93def2c90d7219	xhci_mtk_hcd_v2	xhci-mtk-hcd-v2.ko	vendor_boot_platform	xhci_remove_stream_mapping_
103ed855899266a08648875074ee58e8d8122132fc8a6bac4e93def2c90d7219	xhci_mtk_hcd_v2	xhci-mtk-hcd-v2.ko	vendor_boot_platform	xhci_reset_bandwidth_
103ed855899266a08648875074ee58e8d8122132fc8a6bac4e93def2c90d7219	xhci_mtk_hcd_v2	xhci-mtk-hcd-v2.ko	vendor_boot_platform	xhci_resume_
103ed855899266a08648875074ee58e8d8122132fc8a6bac4e93def2c90d7219	xhci_mtk_hcd_v2	xhci-mtk-hcd-v2.ko	vendor_boot_platform	xhci_ring_alloc_
103ed855899266a08648875074ee58e8d8122132fc8a6bac4e93def2c90d7219	xhci_mtk_hcd_v2	xhci-mtk-hcd-v2.ko	vendor_boot_platform	xhci_ring_cmd_db_
103ed855899266a08648875074ee58e8d8122132fc8a6bac4e93def2c90d7219	xhci_mtk_hcd_v2	xhci-mtk-hcd-v2.ko	vendor_boot_platform	xhci_ring_free_
103ed855899266a08648875074ee58e8d8122132fc8a6bac4e93def2c90d7219	xhci_mtk_hcd_v2	xhci-mtk-hcd-v2.ko	vendor_boot_platform	xhci_run_
103ed855899266a08648875074ee58e8d8122132fc8a6bac4e93def2c90d7219	xhci_mtk_hcd_v2	xhci-mtk-hcd-v2.ko	vendor_boot_platform	xhci_segment_free_
103ed855899266a08648875074ee58e8d8122132fc8a6bac4e93def2c90d7219	xhci_mtk_hcd_v2	xhci-mtk-hcd-v2.ko	vendor_boot_platform	xhci_shutdown_
103ed855899266a08648875074ee58e8d8122132fc8a6bac4e93def2c90d7219	xhci_mtk_hcd_v2	xhci-mtk-hcd-v2.ko	vendor_boot_platform	xhci_suspend_
103ed855899266a08648875074ee58e8d8122132fc8a6bac4e93def2c90d7219	xhci_mtk_hcd_v2	xhci-mtk-hcd-v2.ko	vendor_boot_platform	xhci_trb_virt_to_dma_
103ed855899266a08648875074ee58e8d8122132fc8a6bac4e93def2c90d7219	xhci_mtk_hcd_v2	xhci-mtk-hcd-v2.ko	vendor_boot_platform	xhci_update_hub_device_
103ed855899266a08648875074ee58e8d8122132fc8a6bac4e93def2c90d7219	xhci_mtk_hcd_v2	xhci-mtk-hcd-v2.ko	vendor_boot_platform	xhci_vendor_get_ops_
114382f9de42b1bf15dc0078f75cf0f1749224234d3005613bb23c027f1fcc53	6lowpan	6lowpan.ko	system_dlkm	lowpan_header_compress
114382f9de42b1bf15dc0078f75cf0f1749224234d3005613bb23c027f1fcc53	6lowpan	6lowpan.ko	system_dlkm	lowpan_header_decompress
114382f9de42b1bf15dc0078f75cf0f1749224234d3005613bb23c027f1fcc53	6lowpan	6lowpan.ko	system_dlkm	lowpan_nhc_add
114382f9de42b1bf15dc0078f75cf0f1749224234d3005613bb23c027f1fcc53	6lowpan	6lowpan.ko	system_dlkm	lowpan_nhc_del
114382f9de42b1bf15dc0078f75cf0f1749224234d3005613bb23c027f1fcc53	6lowpan	6lowpan.ko	system_dlkm	lowpan_register_netdev
114382f9de42b1bf15dc0078f75cf0f1749224234d3005613bb23c027f1fcc53	6lowpan	6lowpan.ko	system_dlkm	lowpan_register_netdevice
114382f9de42b1bf15dc0078f75cf0f1749224234d3005613bb23c027f1fcc53	6lowpan	6lowpan.ko	system_dlkm	lowpan_unregister_netdev
114382f9de42b1bf15dc0078f75cf0f1749224234d3005613bb23c027f1fcc53	6lowpan	6lowpan.ko	system_dlkm	lowpan_unregister_netdevice
127e2dd9f5d3d942c3898d14a7707f77ef56335d10c6be7d580559a82104813e	mediatek_drm	mediatek-drm.ko	vendor_boot_platform	DAL_Clean
127e2dd9f5d3d942c3898d14a7707f77ef56335d10c6be7d580559a82104813e	mediatek_drm	mediatek-drm.ko	vendor_boot_platform	DAL_Printf
127e2dd9f5d3d942c3898d14a7707f77ef56335d10c6be7d580559a82104813e	mediatek_drm	mediatek-drm.ko	vendor_boot_platform	DAL_SetColor
127e2dd9f5d3d942c3898d14a7707f77ef56335d10c6be7d580559a82104813e	mediatek_drm	mediatek-drm.ko	vendor_boot_platform	DAL_SetScreenColor
127e2dd9f5d3d942c3898d14a7707f77ef56335d10c6be7d580559a82104813e	mediatek_drm	mediatek-drm.ko	vendor_boot_platform	ddic_dsi_send_cmd_for_fp
127e2dd9f5d3d942c3898d14a7707f77ef56335d10c6be7d580559a82104813e	mediatek_drm	mediatek-drm.ko	vendor_boot_platform	disp_pq_notify_backlight_changed
127e2dd9f5d3d942c3898d14a7707f77ef56335d10c6be7d580559a82104813e	mediatek_drm	mediatek-drm.ko	vendor_boot_platform	disp_sec_cb
127e2dd9f5d3d942c3898d14a7707f77ef56335d10c6be7d580559a82104813e	mediatek_drm	mediatek-drm.ko	vendor_boot_platform	display_enter_tui
127e2dd9f5d3d942c3898d14a7707f77ef56335d10c6be7d580559a82104813e	mediatek_drm	mediatek-drm.ko	vendor_boot_platform	display_exit_tui
127e2dd9f5d3d942c3898d14a7707f77ef56335d10c6be7d580559a82104813e	mediatek_drm	mediatek-drm.ko	vendor_boot_platform	drm_register_fps_chg_callback
127e2dd9f5d3d942c3898d14a7707f77ef56335d10c6be7d580559a82104813e	mediatek_drm	mediatek-drm.ko	vendor_boot_platform	drm_unregister_fps_chg_callback
127e2dd9f5d3d942c3898d14a7707f77ef56335d10c6be7d580559a82104813e	mediatek_drm	mediatek-drm.ko	vendor_boot_platform	g_detail_log
127e2dd9f5d3d942c3898d14a7707f77ef56335d10c6be7d580559a82104813e	mediatek_drm	mediatek-drm.ko	vendor_boot_platform	g_gpuc_direct_push
127e2dd9f5d3d942c3898d14a7707f77ef56335d10c6be7d580559a82104813e	mediatek_drm	mediatek-drm.ko	vendor_boot_platform	g_mobile_log
127e2dd9f5d3d942c3898d14a7707f77ef56335d10c6be7d580559a82104813e	mediatek_drm	mediatek-drm.ko	vendor_boot_platform	g_msync_debug
127e2dd9f5d3d942c3898d14a7707f77ef56335d10c6be7d580559a82104813e	mediatek_drm	mediatek-drm.ko	vendor_boot_platform	g_ovl_bwm_debug
127e2dd9f5d3d942c3898d14a7707f77ef56335d10c6be7d580559a82104813e	mediatek_drm	mediatek-drm.ko	vendor_boot_platform	g_pf_time
127e2dd9f5d3d942c3898d14a7707f77ef56335d10c6be7d580559a82104813e	mediatek_drm	mediatek-drm.ko	vendor_boot_platform	g_vidle_apsrc_debug
127e2dd9f5d3d942c3898d14a7707f77ef56335d10c6be7d580559a82104813e	mediatek_drm	mediatek-drm.ko	vendor_boot_platform	mtk_aod_scp_ipi_init
127e2dd9f5d3d942c3898d14a7707f77ef56335d10c6be7d580559a82104813e	mediatek_drm	mediatek-drm.ko	vendor_boot_platform	mtk_disp_get_dsi_data_rate
127e2dd9f5d3d942c3898d14a7707f77ef56335d10c6be7d580559a82104813e	mediatek_drm	mediatek-drm.ko	vendor_boot_platform	mtk_disp_get_pq_data
127e2dd9f5d3d942c3898d14a7707f77ef56335d10c6be7d580559a82104813e	mediatek_drm	mediatek-drm.ko	vendor_boot_platform	mtk_disp_mipi_ccci_callback
127e2dd9f5d3d942c3898d14a7707f77ef56335d10c6be7d580559a82104813e	mediatek_drm	mediatek-drm.ko	vendor_boot_platform	mtk_disp_osc_ccci_callback
127e2dd9f5d3d942c3898d14a7707f77ef56335d10c6be7d580559a82104813e	mediatek_drm	mediatek-drm.ko	vendor_boot_platform	mtk_dp_SWInterruptSet
127e2dd9f5d3d942c3898d14a7707f77ef56335d10c6be7d580559a82104813e	mediatek_drm	mediatek-drm.ko	vendor_boot_platform	mtk_dp_aux_swap_enable
127e2dd9f5d3d942c3898d14a7707f77ef56335d10c6be7d580559a82104813e	mediatek_drm	mediatek-drm.ko	vendor_boot_platform	mtk_dp_set_pin_assign
127e2dd9f5d3d942c3898d14a7707f77ef56335d10c6be7d580559a82104813e	mediatek_drm	mediatek-drm.ko	vendor_boot_platform	mtk_dprec_logger_pr
127e2dd9f5d3d942c3898d14a7707f77ef56335d10c6be7d580559a82104813e	mediatek_drm	mediatek-drm.ko	vendor_boot_platform	mtk_drm_disp_sec_cb_init
127e2dd9f5d3d942c3898d14a7707f77ef56335d10c6be7d580559a82104813e	mediatek_drm	mediatek-drm.ko	vendor_boot_platform	mtk_drm_get_conn_obj_id_from_idx
127e2dd9f5d3d942c3898d14a7707f77ef56335d10c6be7d580559a82104813e	mediatek_drm	mediatek-drm.ko	vendor_boot_platform	mtk_drm_get_target_fps_fp
127e2dd9f5d3d942c3898d14a7707f77ef56335d10c6be7d580559a82104813e	mediatek_drm	mediatek-drm.ko	vendor_boot_platform	mtk_drm_set_conn_aod_backlight_level
127e2dd9f5d3d942c3898d14a7707f77ef56335d10c6be7d580559a82104813e	mediatek_drm	mediatek-drm.ko	vendor_boot_platform	mtk_drm_set_conn_backlight_level
127e2dd9f5d3d942c3898d14a7707f77ef56335d10c6be7d580559a82104813e	mediatek_drm	mediatek-drm.ko	vendor_boot_platform	mtk_dsc_default_setting
127e2dd9f5d3d942c3898d14a7707f77ef56335d10c6be7d580559a82104813e	mediatek_drm	mediatek-drm.ko	vendor_boot_platform	mtk_lcm_dsi_ddic_handler
127e2dd9f5d3d942c3898d14a7707f77ef56335d10c6be7d580559a82104813e	mediatek_drm	mediatek-drm.ko	vendor_boot_platform	mtk_oddmr_scp_status
127e2dd9f5d3d942c3898d14a7707f77ef56335d10c6be7d580559a82104813e	mediatek_drm	mediatek-drm.ko	vendor_boot_platform	mtk_sync_slow_descent_fp
127e2dd9f5d3d942c3898d14a7707f77ef56335d10c6be7d580559a82104813e	mediatek_drm	mediatek-drm.ko	vendor_boot_platform	mtk_sync_te_level_decision_fp
127e2dd9f5d3d942c3898d14a7707f77ef56335d10c6be7d580559a82104813e	mediatek_drm	mediatek-drm.ko	vendor_boot_platform	mtk_vdisp_register
127e2dd9f5d3d942c3898d14a7707f77ef56335d10c6be7d580559a82104813e	mediatek_drm	mediatek-drm.ko	vendor_boot_platform	mtk_vidle_register
127e2dd9f5d3d942c3898d14a7707f77ef56335d10c6be7d580559a82104813e	mediatek_drm	mediatek-drm.ko	vendor_boot_platform	mtkfb_force_partial_height
127e2dd9f5d3d942c3898d14a7707f77ef56335d10c6be7d580559a82104813e	mediatek_drm	mediatek-drm.ko	vendor_boot_platform	mtkfb_force_partial_y_offset
127e2dd9f5d3d942c3898d14a7707f77ef56335d10c6be7d580559a82104813e	mediatek_drm	mediatek-drm.ko	vendor_boot_platform	mtkfb_get_spr_type
127e2dd9f5d3d942c3898d14a7707f77ef56335d10c6be7d580559a82104813e	mediatek_drm	mediatek-drm.ko	vendor_boot_platform	mtkfb_is_force_partial_roi
127e2dd9f5d3d942c3898d14a7707f77ef56335d10c6be7d580559a82104813e	mediatek_drm	mediatek-drm.ko	vendor_boot_platform	mtkfb_is_partial_roi_highlight
127e2dd9f5d3d942c3898d14a7707f77ef56335d10c6be7d580559a82104813e	mediatek_drm	mediatek-drm.ko	vendor_boot_platform	mtkfb_set_aod_backlight_level
127e2dd9f5d3d942c3898d14a7707f77ef56335d10c6be7d580559a82104813e	mediatek_drm	mediatek-drm.ko	vendor_boot_platform	mtkfb_set_backlight_level
127e2dd9f5d3d942c3898d14a7707f77ef56335d10c6be7d580559a82104813e	mediatek_drm	mediatek-drm.ko	vendor_boot_platform	mtkfb_set_backlight_level_AOD
127e2dd9f5d3d942c3898d14a7707f77ef56335d10c6be7d580559a82104813e	mediatek_drm	mediatek-drm.ko	vendor_boot_platform	mtkfb_set_force_partial_roi
127e2dd9f5d3d942c3898d14a7707f77ef56335d10c6be7d580559a82104813e	mediatek_drm	mediatek-drm.ko	vendor_boot_platform	mtkfb_set_partial_roi_highlight
127e2dd9f5d3d942c3898d14a7707f77ef56335d10c6be7d580559a82104813e	mediatek_drm	mediatek-drm.ko	vendor_boot_platform	mtkfb_set_partial_update
127e2dd9f5d3d942c3898d14a7707f77ef56335d10c6be7d580559a82104813e	mediatek_drm	mediatek-drm.ko	vendor_boot_platform	mtkfb_set_spr_status
136d3e37869b64b9459e182473504c2389fcbbc681f7cd19364589f66fdce830	mtk_dvfsrc	mtk-dvfsrc.ko	vendor_boot_platform	__SCK__tp_func_mtk_pm_qos_update_request
136d3e37869b64b9459e182473504c2389fcbbc681f7cd19364589f66fdce830	mtk_dvfsrc	mtk-dvfsrc.ko	vendor_boot_platform	__traceiter_mtk_pm_qos_update_request
136d3e37869b64b9459e182473504c2389fcbbc681f7cd19364589f66fdce830	mtk_dvfsrc	mtk-dvfsrc.ko	vendor_boot_platform	__tracepoint_mtk_pm_qos_update_request
136d3e37869b64b9459e182473504c2389fcbbc681f7cd19364589f66fdce830	mtk_dvfsrc	mtk-dvfsrc.ko	vendor_boot_platform	dvfsrc_get_required_opp_peak_bw
136d3e37869b64b9459e182473504c2389fcbbc681f7cd19364589f66fdce830	mtk_dvfsrc	mtk-dvfsrc.ko	vendor_boot_platform	mtk_dvfsrc_query_info
136d3e37869b64b9459e182473504c2389fcbbc681f7cd19364589f66fdce830	mtk_dvfsrc	mtk-dvfsrc.ko	vendor_boot_platform	mtk_dvfsrc_send_request
136d3e37869b64b9459e182473504c2389fcbbc681f7cd19364589f66fdce830	mtk_dvfsrc	mtk-dvfsrc.ko	vendor_boot_platform	register_dvfsrc_debug_notifier
136d3e37869b64b9459e182473504c2389fcbbc681f7cd19364589f66fdce830	mtk_dvfsrc	mtk-dvfsrc.ko	vendor_boot_platform	unregister_dvfsrc_debug_notifier
162726e0ba83220a4b64b6d847738a3d98c39f834f3e97892760750a882a8ea2	mtk_u_ether	mtk_u_ether.ko	vendor_dlkm	gether_update_dl_max_xfer_size
162726e0ba83220a4b64b6d847738a3d98c39f834f3e97892760750a882a8ea2	mtk_u_ether	mtk_u_ether.ko	vendor_dlkm	mtk_gether_cleanup
162726e0ba83220a4b64b6d847738a3d98c39f834f3e97892760750a882a8ea2	mtk_u_ether	mtk_u_ether.ko	vendor_dlkm	mtk_gether_connect
162726e0ba83220a4b64b6d847738a3d98c39f834f3e97892760750a882a8ea2	mtk_u_ether	mtk_u_ether.ko	vendor_dlkm	mtk_gether_disconnect
162726e0ba83220a4b64b6d847738a3d98c39f834f3e97892760750a882a8ea2	mtk_u_ether	mtk_u_ether.ko	vendor_dlkm	mtk_gether_get_dev_addr
162726e0ba83220a4b64b6d847738a3d98c39f834f3e97892760750a882a8ea2	mtk_u_ether	mtk_u_ether.ko	vendor_dlkm	mtk_gether_get_host_addr
162726e0ba83220a4b64b6d847738a3d98c39f834f3e97892760750a882a8ea2	mtk_u_ether	mtk_u_ether.ko	vendor_dlkm	mtk_gether_get_host_addr_cdc
162726e0ba83220a4b64b6d847738a3d98c39f834f3e97892760750a882a8ea2	mtk_u_ether	mtk_u_ether.ko	vendor_dlkm	mtk_gether_get_host_addr_u8
162726e0ba83220a4b64b6d847738a3d98c39f834f3e97892760750a882a8ea2	mtk_u_ether	mtk_u_ether.ko	vendor_dlkm	mtk_gether_get_ifname
162726e0ba83220a4b64b6d847738a3d98c39f834f3e97892760750a882a8ea2	mtk_u_ether	mtk_u_ether.ko	vendor_dlkm	mtk_gether_get_qmult
162726e0ba83220a4b64b6d847738a3d98c39f834f3e97892760750a882a8ea2	mtk_u_ether	mtk_u_ether.ko	vendor_dlkm	mtk_gether_register_netdev
162726e0ba83220a4b64b6d847738a3d98c39f834f3e97892760750a882a8ea2	mtk_u_ether	mtk_u_ether.ko	vendor_dlkm	mtk_gether_set_dev_addr
162726e0ba83220a4b64b6d847738a3d98c39f834f3e97892760750a882a8ea2	mtk_u_ether	mtk_u_ether.ko	vendor_dlkm	mtk_gether_set_gadget
162726e0ba83220a4b64b6d847738a3d98c39f834f3e97892760750a882a8ea2	mtk_u_ether	mtk_u_ether.ko	vendor_dlkm	mtk_gether_set_host_addr
162726e0ba83220a4b64b6d847738a3d98c39f834f3e97892760750a882a8ea2	mtk_u_ether	mtk_u_ether.ko	vendor_dlkm	mtk_gether_set_qmult
162726e0ba83220a4b64b6d847738a3d98c39f834f3e97892760750a882a8ea2	mtk_u_ether	mtk_u_ether.ko	vendor_dlkm	mtk_gether_setup_name
162726e0ba83220a4b64b6d847738a3d98c39f834f3e97892760750a882a8ea2	mtk_u_ether	mtk_u_ether.ko	vendor_dlkm	mtk_gether_setup_name_default
162726e0ba83220a4b64b6d847738a3d98c39f834f3e97892760750a882a8ea2	mtk_u_ether	mtk_u_ether.ko	vendor_dlkm	rndis_test_last_msg_id
162726e0ba83220a4b64b6d847738a3d98c39f834f3e97892760750a882a8ea2	mtk_u_ether	mtk_u_ether.ko	vendor_dlkm	rndis_test_reset_msg_cnt
1633e3169242255a5714a4e3f4cfc525a5bbcc5393a3f7e7c6d8d76a1cf17092	mali_kbase_mt6878_r44	mali_kbase_mt6878_r44.ko	vendor_dlkm	MTK_LTR_gpu_pmu_resume
1633e3169242255a5714a4e3f4cfc525a5bbcc5393a3f7e7c6d8d76a1cf17092	mali_kbase_mt6878_r44	mali_kbase_mt6878_r44.ko	vendor_dlkm	MTK_LTR_gpu_pmu_start
1633e3169242255a5714a4e3f4cfc525a5bbcc5393a3f7e7c6d8d76a1cf17092	mali_kbase_mt6878_r44	mali_kbase_mt6878_r44.ko	vendor_dlkm	MTK_LTR_gpu_pmu_start_swpm
1633e3169242255a5714a4e3f4cfc525a5bbcc5393a3f7e7c6d8d76a1cf17092	mali_kbase_mt6878_r44	mali_kbase_mt6878_r44.ko	vendor_dlkm	MTK_LTR_gpu_pmu_stop
1633e3169242255a5714a4e3f4cfc525a5bbcc5393a3f7e7c6d8d76a1cf17092	mali_kbase_mt6878_r44	mali_kbase_mt6878_r44.ko	vendor_dlkm	MTK_LTR_gpu_pmu_suspend
1633e3169242255a5714a4e3f4cfc525a5bbcc5393a3f7e7c6d8d76a1cf17092	mali_kbase_mt6878_r44	mali_kbase_mt6878_r44.ko	vendor_dlkm	corestack_driver_control
1633e3169242255a5714a4e3f4cfc525a5bbcc5393a3f7e7c6d8d76a1cf17092	mali_kbase_mt6878_r44	mali_kbase_mt6878_r44.ko	vendor_dlkm	kbase_add_va_region
1633e3169242255a5714a4e3f4cfc525a5bbcc5393a3f7e7c6d8d76a1cf17092	mali_kbase_mt6878_r44	mali_kbase_mt6878_r44.ko	vendor_dlkm	kbase_alloc_free_region
1633e3169242255a5714a4e3f4cfc525a5bbcc5393a3f7e7c6d8d76a1cf17092	mali_kbase_mt6878_r44	mali_kbase_mt6878_r44.ko	vendor_dlkm	kbase_alloc_phy_pages
1633e3169242255a5714a4e3f4cfc525a5bbcc5393a3f7e7c6d8d76a1cf17092	mali_kbase_mt6878_r44	mali_kbase_mt6878_r44.ko	vendor_dlkm	kbase_clk_rate_trace_manager_notify_all
1633e3169242255a5714a4e3f4cfc525a5bbcc5393a3f7e7c6d8d76a1cf17092	mali_kbase_mt6878_r44	mali_kbase_mt6878_r44.ko	vendor_dlkm	kbase_context_debugfs_init
1633e3169242255a5714a4e3f4cfc525a5bbcc5393a3f7e7c6d8d76a1cf17092	mali_kbase_mt6878_r44	mali_kbase_mt6878_r44.ko	vendor_dlkm	kbase_context_debugfs_term
1633e3169242255a5714a4e3f4cfc525a5bbcc5393a3f7e7c6d8d76a1cf17092	mali_kbase_mt6878_r44	mali_kbase_mt6878_r44.ko	vendor_dlkm	kbase_context_mmap
1633e3169242255a5714a4e3f4cfc525a5bbcc5393a3f7e7c6d8d76a1cf17092	mali_kbase_mt6878_r44	mali_kbase_mt6878_r44.ko	vendor_dlkm	kbase_create_context
1633e3169242255a5714a4e3f4cfc525a5bbcc5393a3f7e7c6d8d76a1cf17092	mali_kbase_mt6878_r44	mali_kbase_mt6878_r44.ko	vendor_dlkm	kbase_csf_alloc_command_stream_user_pages
1633e3169242255a5714a4e3f4cfc525a5bbcc5393a3f7e7c6d8d76a1cf17092	mali_kbase_mt6878_r44	mali_kbase_mt6878_r44.ko	vendor_dlkm	kbase_csf_find_queue_group
1633e3169242255a5714a4e3f4cfc525a5bbcc5393a3f7e7c6d8d76a1cf17092	mali_kbase_mt6878_r44	mali_kbase_mt6878_r44.ko	vendor_dlkm	kbase_csf_firmware_csg_output
1633e3169242255a5714a4e3f4cfc525a5bbcc5393a3f7e7c6d8d76a1cf17092	mali_kbase_mt6878_r44	mali_kbase_mt6878_r44.ko	vendor_dlkm	kbase_csf_firmware_get_trace_buffer
1633e3169242255a5714a4e3f4cfc525a5bbcc5393a3f7e7c6d8d76a1cf17092	mali_kbase_mt6878_r44	mali_kbase_mt6878_r44.ko	vendor_dlkm	kbase_csf_firmware_global_input
1633e3169242255a5714a4e3f4cfc525a5bbcc5393a3f7e7c6d8d76a1cf17092	mali_kbase_mt6878_r44	mali_kbase_mt6878_r44.ko	vendor_dlkm	kbase_csf_firmware_global_input_mask
1633e3169242255a5714a4e3f4cfc525a5bbcc5393a3f7e7c6d8d76a1cf17092	mali_kbase_mt6878_r44	mali_kbase_mt6878_r44.ko	vendor_dlkm	kbase_csf_firmware_global_output
1633e3169242255a5714a4e3f4cfc525a5bbcc5393a3f7e7c6d8d76a1cf17092	mali_kbase_mt6878_r44	mali_kbase_mt6878_r44.ko	vendor_dlkm	kbase_csf_firmware_trace_buffer_discard
1633e3169242255a5714a4e3f4cfc525a5bbcc5393a3f7e7c6d8d76a1cf17092	mali_kbase_mt6878_r44	mali_kbase_mt6878_r44.ko	vendor_dlkm	kbase_csf_firmware_trace_buffer_get_trace_enable_bits_count
1633e3169242255a5714a4e3f4cfc525a5bbcc5393a3f7e7c6d8d76a1cf17092	mali_kbase_mt6878_r44	mali_kbase_mt6878_r44.ko	vendor_dlkm	kbase_csf_firmware_trace_buffer_is_empty
1633e3169242255a5714a4e3f4cfc525a5bbcc5393a3f7e7c6d8d76a1cf17092	mali_kbase_mt6878_r44	mali_kbase_mt6878_r44.ko	vendor_dlkm	kbase_csf_firmware_trace_buffer_read_data
1633e3169242255a5714a4e3f4cfc525a5bbcc5393a3f7e7c6d8d76a1cf17092	mali_kbase_mt6878_r44	mali_kbase_mt6878_r44.ko	vendor_dlkm	kbase_csf_firmware_trace_buffer_update_trace_enable_bit
1633e3169242255a5714a4e3f4cfc525a5bbcc5393a3f7e7c6d8d76a1cf17092	mali_kbase_mt6878_r44	mali_kbase_mt6878_r44.ko	vendor_dlkm	kbase_csf_free_command_stream_user_pages
1633e3169242255a5714a4e3f4cfc525a5bbcc5393a3f7e7c6d8d76a1cf17092	mali_kbase_mt6878_r44	mali_kbase_mt6878_r44.ko	vendor_dlkm	kbase_csf_kcpu_queue_context_term
1633e3169242255a5714a4e3f4cfc525a5bbcc5393a3f7e7c6d8d76a1cf17092	mali_kbase_mt6878_r44	mali_kbase_mt6878_r44.ko	vendor_dlkm	kbase_csf_kcpu_queue_new
1633e3169242255a5714a4e3f4cfc525a5bbcc5393a3f7e7c6d8d76a1cf17092	mali_kbase_mt6878_r44	mali_kbase_mt6878_r44.ko	vendor_dlkm	kbase_csf_queue_group_terminate
1633e3169242255a5714a4e3f4cfc525a5bbcc5393a3f7e7c6d8d76a1cf17092	mali_kbase_mt6878_r44	mali_kbase_mt6878_r44.ko	vendor_dlkm	kbase_csf_ring_doorbell
1633e3169242255a5714a4e3f4cfc525a5bbcc5393a3f7e7c6d8d76a1cf17092	mali_kbase_mt6878_r44	mali_kbase_mt6878_r44.ko	vendor_dlkm	kbase_csf_scheduler_group_copy_suspend_buf
1633e3169242255a5714a4e3f4cfc525a5bbcc5393a3f7e7c6d8d76a1cf17092	mali_kbase_mt6878_r44	mali_kbase_mt6878_r44.ko	vendor_dlkm	kbase_csf_scheduler_pm_active
1633e3169242255a5714a4e3f4cfc525a5bbcc5393a3f7e7c6d8d76a1cf17092	mali_kbase_mt6878_r44	mali_kbase_mt6878_r44.ko	vendor_dlkm	kbase_csf_scheduler_pm_idle
1633e3169242255a5714a4e3f4cfc525a5bbcc5393a3f7e7c6d8d76a1cf17092	mali_kbase_mt6878_r44	mali_kbase_mt6878_r44.ko	vendor_dlkm	kbase_csf_scheduler_pm_resume
1633e3169242255a5714a4e3f4cfc525a5bbcc5393a3f7e7c6d8d76a1cf17092	mali_kbase_mt6878_r44	mali_kbase_mt6878_r44.ko	vendor_dlkm	kbase_csf_scheduler_pm_suspend
1633e3169242255a5714a4e3f4cfc525a5bbcc5393a3f7e7c6d8d76a1cf17092	mali_kbase_mt6878_r44	mali_kbase_mt6878_r44.ko	vendor_dlkm	kbase_csf_scheduler_wait_mcu_active
1633e3169242255a5714a4e3f4cfc525a5bbcc5393a3f7e7c6d8d76a1cf17092	mali_kbase_mt6878_r44	mali_kbase_mt6878_r44.ko	vendor_dlkm	kbase_debug_csf_fault_wait_completion
1633e3169242255a5714a4e3f4cfc525a5bbcc5393a3f7e7c6d8d76a1cf17092	mali_kbase_mt6878_r44	mali_kbase_mt6878_r44.ko	vendor_dlkm	kbase_destroy_context
1633e3169242255a5714a4e3f4cfc525a5bbcc5393a3f7e7c6d8d76a1cf17092	mali_kbase_mt6878_r44	mali_kbase_mt6878_r44.ko	vendor_dlkm	kbase_devfreq_set_core_mask
1633e3169242255a5714a4e3f4cfc525a5bbcc5393a3f7e7c6d8d76a1cf17092	mali_kbase_mt6878_r44	mali_kbase_mt6878_r44.ko	vendor_dlkm	kbase_device_firmware_init_once
1633e3169242255a5714a4e3f4cfc525a5bbcc5393a3f7e7c6d8d76a1cf17092	mali_kbase_mt6878_r44	mali_kbase_mt6878_r44.ko	vendor_dlkm	kbase_device_get_list
1633e3169242255a5714a4e3f4cfc525a5bbcc5393a3f7e7c6d8d76a1cf17092	mali_kbase_mt6878_r44	mali_kbase_mt6878_r44.ko	vendor_dlkm	kbase_device_put_list
1633e3169242255a5714a4e3f4cfc525a5bbcc5393a3f7e7c6d8d76a1cf17092	mali_kbase_mt6878_r44	mali_kbase_mt6878_r44.ko	vendor_dlkm	kbase_disjoint_event_get
1633e3169242255a5714a4e3f4cfc525a5bbcc5393a3f7e7c6d8d76a1cf17092	mali_kbase_mt6878_r44	mali_kbase_mt6878_r44.ko	vendor_dlkm	kbase_event_pending
1633e3169242255a5714a4e3f4cfc525a5bbcc5393a3f7e7c6d8d76a1cf17092	mali_kbase_mt6878_r44	mali_kbase_mt6878_r44.ko	vendor_dlkm	kbase_event_wakeup
1633e3169242255a5714a4e3f4cfc525a5bbcc5393a3f7e7c6d8d76a1cf17092	mali_kbase_mt6878_r44	mali_kbase_mt6878_r44.ko	vendor_dlkm	kbase_fence_ops
1633e3169242255a5714a4e3f4cfc525a5bbcc5393a3f7e7c6d8d76a1cf17092	mali_kbase_mt6878_r44	mali_kbase_mt6878_r44.ko	vendor_dlkm	kbase_find_device
1633e3169242255a5714a4e3f4cfc525a5bbcc5393a3f7e7c6d8d76a1cf17092	mali_kbase_mt6878_r44	mali_kbase_mt6878_r44.ko	vendor_dlkm	kbase_free_alloced_region
1633e3169242255a5714a4e3f4cfc525a5bbcc5393a3f7e7c6d8d76a1cf17092	mali_kbase_mt6878_r44	mali_kbase_mt6878_r44.ko	vendor_dlkm	kbase_free_phy_pages_helper_locked
1633e3169242255a5714a4e3f4cfc525a5bbcc5393a3f7e7c6d8d76a1cf17092	mali_kbase_mt6878_r44	mali_kbase_mt6878_r44.ko	vendor_dlkm	kbase_gator_hwcnt_init
1633e3169242255a5714a4e3f4cfc525a5bbcc5393a3f7e7c6d8d76a1cf17092	mali_kbase_mt6878_r44	mali_kbase_mt6878_r44.ko	vendor_dlkm	kbase_gator_hwcnt_init_names
1633e3169242255a5714a4e3f4cfc525a5bbcc5393a3f7e7c6d8d76a1cf17092	mali_kbase_mt6878_r44	mali_kbase_mt6878_r44.ko	vendor_dlkm	kbase_gator_hwcnt_term
1633e3169242255a5714a4e3f4cfc525a5bbcc5393a3f7e7c6d8d76a1cf17092	mali_kbase_mt6878_r44	mali_kbase_mt6878_r44.ko	vendor_dlkm	kbase_gator_hwcnt_term_names
1633e3169242255a5714a4e3f4cfc525a5bbcc5393a3f7e7c6d8d76a1cf17092	mali_kbase_mt6878_r44	mali_kbase_mt6878_r44.ko	vendor_dlkm	kbase_gator_instr_hwcnt_dump_complete
1633e3169242255a5714a4e3f4cfc525a5bbcc5393a3f7e7c6d8d76a1cf17092	mali_kbase_mt6878_r44	mali_kbase_mt6878_r44.ko	vendor_dlkm	kbase_gator_instr_hwcnt_dump_irq
1633e3169242255a5714a4e3f4cfc525a5bbcc5393a3f7e7c6d8d76a1cf17092	mali_kbase_mt6878_r44	mali_kbase_mt6878_r44.ko	vendor_dlkm	kbase_get_real_power
1633e3169242255a5714a4e3f4cfc525a5bbcc5393a3f7e7c6d8d76a1cf17092	mali_kbase_mt6878_r44	mali_kbase_mt6878_r44.ko	vendor_dlkm	kbase_get_real_power_locked
1633e3169242255a5714a4e3f4cfc525a5bbcc5393a3f7e7c6d8d76a1cf17092	mali_kbase_mt6878_r44	mali_kbase_mt6878_r44.ko	vendor_dlkm	kbase_get_timeout_ms
1633e3169242255a5714a4e3f4cfc525a5bbcc5393a3f7e7c6d8d76a1cf17092	mali_kbase_mt6878_r44	mali_kbase_mt6878_r44.ko	vendor_dlkm	kbase_gpu_mmap
1633e3169242255a5714a4e3f4cfc525a5bbcc5393a3f7e7c6d8d76a1cf17092	mali_kbase_mt6878_r44	mali_kbase_mt6878_r44.ko	vendor_dlkm	kbase_gpu_vm_lock
1633e3169242255a5714a4e3f4cfc525a5bbcc5393a3f7e7c6d8d76a1cf17092	mali_kbase_mt6878_r44	mali_kbase_mt6878_r44.ko	vendor_dlkm	kbase_gpu_vm_unlock
1633e3169242255a5714a4e3f4cfc525a5bbcc5393a3f7e7c6d8d76a1cf17092	mali_kbase_mt6878_r44	mali_kbase_mt6878_r44.ko	vendor_dlkm	kbase_hwaccess_pm_halt
1633e3169242255a5714a4e3f4cfc525a5bbcc5393a3f7e7c6d8d76a1cf17092	mali_kbase_mt6878_r44	mali_kbase_mt6878_r44.ko	vendor_dlkm	kbase_ipa_control_handle_gpu_reset_post
1633e3169242255a5714a4e3f4cfc525a5bbcc5393a3f7e7c6d8d76a1cf17092	mali_kbase_mt6878_r44	mali_kbase_mt6878_r44.ko	vendor_dlkm	kbase_ipa_control_handle_gpu_reset_pre
1633e3169242255a5714a4e3f4cfc525a5bbcc5393a3f7e7c6d8d76a1cf17092	mali_kbase_mt6878_r44	mali_kbase_mt6878_r44.ko	vendor_dlkm	kbase_ipa_control_handle_gpu_sleep_enter
1633e3169242255a5714a4e3f4cfc525a5bbcc5393a3f7e7c6d8d76a1cf17092	mali_kbase_mt6878_r44	mali_kbase_mt6878_r44.ko	vendor_dlkm	kbase_ipa_control_handle_gpu_sleep_exit
1633e3169242255a5714a4e3f4cfc525a5bbcc5393a3f7e7c6d8d76a1cf17092	mali_kbase_mt6878_r44	mali_kbase_mt6878_r44.ko	vendor_dlkm	kbase_ipa_control_init
1633e3169242255a5714a4e3f4cfc525a5bbcc5393a3f7e7c6d8d76a1cf17092	mali_kbase_mt6878_r44	mali_kbase_mt6878_r44.ko	vendor_dlkm	kbase_ipa_control_query
1633e3169242255a5714a4e3f4cfc525a5bbcc5393a3f7e7c6d8d76a1cf17092	mali_kbase_mt6878_r44	mali_kbase_mt6878_r44.ko	vendor_dlkm	kbase_ipa_control_rate_change_notify_test
1633e3169242255a5714a4e3f4cfc525a5bbcc5393a3f7e7c6d8d76a1cf17092	mali_kbase_mt6878_r44	mali_kbase_mt6878_r44.ko	vendor_dlkm	kbase_ipa_control_register
1633e3169242255a5714a4e3f4cfc525a5bbcc5393a3f7e7c6d8d76a1cf17092	mali_kbase_mt6878_r44	mali_kbase_mt6878_r44.ko	vendor_dlkm	kbase_ipa_control_term
1633e3169242255a5714a4e3f4cfc525a5bbcc5393a3f7e7c6d8d76a1cf17092	mali_kbase_mt6878_r44	mali_kbase_mt6878_r44.ko	vendor_dlkm	kbase_ipa_control_unregister
1633e3169242255a5714a4e3f4cfc525a5bbcc5393a3f7e7c6d8d76a1cf17092	mali_kbase_mt6878_r44	mali_kbase_mt6878_r44.ko	vendor_dlkm	kbase_ipa_init
1633e3169242255a5714a4e3f4cfc525a5bbcc5393a3f7e7c6d8d76a1cf17092	mali_kbase_mt6878_r44	mali_kbase_mt6878_r44.ko	vendor_dlkm	kbase_ipa_init_model
1633e3169242255a5714a4e3f4cfc525a5bbcc5393a3f7e7c6d8d76a1cf17092	mali_kbase_mt6878_r44	mali_kbase_mt6878_r44.ko	vendor_dlkm	kbase_ipa_model_name_from_id
1633e3169242255a5714a4e3f4cfc525a5bbcc5393a3f7e7c6d8d76a1cf17092	mali_kbase_mt6878_r44	mali_kbase_mt6878_r44.ko	vendor_dlkm	kbase_ipa_model_ops_find
1633e3169242255a5714a4e3f4cfc525a5bbcc5393a3f7e7c6d8d76a1cf17092	mali_kbase_mt6878_r44	mali_kbase_mt6878_r44.ko	vendor_dlkm	kbase_ipa_model_param_set_s32
1633e3169242255a5714a4e3f4cfc525a5bbcc5393a3f7e7c6d8d76a1cf17092	mali_kbase_mt6878_r44	mali_kbase_mt6878_r44.ko	vendor_dlkm	kbase_ipa_power_model_ops
1633e3169242255a5714a4e3f4cfc525a5bbcc5393a3f7e7c6d8d76a1cf17092	mali_kbase_mt6878_r44	mali_kbase_mt6878_r44.ko	vendor_dlkm	kbase_ipa_term
1633e3169242255a5714a4e3f4cfc525a5bbcc5393a3f7e7c6d8d76a1cf17092	mali_kbase_mt6878_r44	mali_kbase_mt6878_r44.ko	vendor_dlkm	kbase_ipa_term_model
1633e3169242255a5714a4e3f4cfc525a5bbcc5393a3f7e7c6d8d76a1cf17092	mali_kbase_mt6878_r44	mali_kbase_mt6878_r44.ko	vendor_dlkm	kbase_is_page_migration_enabled
1633e3169242255a5714a4e3f4cfc525a5bbcc5393a3f7e7c6d8d76a1cf17092	mali_kbase_mt6878_r44	mali_kbase_mt6878_r44.ko	vendor_dlkm	kbase_kcpu_fence_signal_init
1633e3169242255a5714a4e3f4cfc525a5bbcc5393a3f7e7c6d8d76a1cf17092	mali_kbase_mt6878_r44	mali_kbase_mt6878_r44.ko	vendor_dlkm	kbase_kcpu_fence_signal_process
1633e3169242255a5714a4e3f4cfc525a5bbcc5393a3f7e7c6d8d76a1cf17092	mali_kbase_mt6878_r44	mali_kbase_mt6878_r44.ko	vendor_dlkm	kbase_lodx_ipa_model_ops
1633e3169242255a5714a4e3f4cfc525a5bbcc5393a3f7e7c6d8d76a1cf17092	mali_kbase_mt6878_r44	mali_kbase_mt6878_r44.ko	vendor_dlkm	kbase_ltix_ipa_model_ops
1633e3169242255a5714a4e3f4cfc525a5bbcc5393a3f7e7c6d8d76a1cf17092	mali_kbase_mt6878_r44	mali_kbase_mt6878_r44.ko	vendor_dlkm	kbase_ltux_ipa_model_ops
1633e3169242255a5714a4e3f4cfc525a5bbcc5393a3f7e7c6d8d76a1cf17092	mali_kbase_mt6878_r44	mali_kbase_mt6878_r44.ko	vendor_dlkm	kbase_mem_alloc
1633e3169242255a5714a4e3f4cfc525a5bbcc5393a3f7e7c6d8d76a1cf17092	mali_kbase_mt6878_r44	mali_kbase_mt6878_r44.ko	vendor_dlkm	kbase_mem_free
1633e3169242255a5714a4e3f4cfc525a5bbcc5393a3f7e7c6d8d76a1cf17092	mali_kbase_mt6878_r44	mali_kbase_mt6878_r44.ko	vendor_dlkm	kbase_mem_free_region
1633e3169242255a5714a4e3f4cfc525a5bbcc5393a3f7e7c6d8d76a1cf17092	mali_kbase_mt6878_r44	mali_kbase_mt6878_r44.ko	vendor_dlkm	kbase_mem_kref_free
1633e3169242255a5714a4e3f4cfc525a5bbcc5393a3f7e7c6d8d76a1cf17092	mali_kbase_mt6878_r44	mali_kbase_mt6878_r44.ko	vendor_dlkm	kbase_mem_pool_grow
1633e3169242255a5714a4e3f4cfc525a5bbcc5393a3f7e7c6d8d76a1cf17092	mali_kbase_mt6878_r44	mali_kbase_mt6878_r44.ko	vendor_dlkm	kbase_mem_pool_init
1633e3169242255a5714a4e3f4cfc525a5bbcc5393a3f7e7c6d8d76a1cf17092	mali_kbase_mt6878_r44	mali_kbase_mt6878_r44.ko	vendor_dlkm	kbase_mem_pool_set_max_size
1633e3169242255a5714a4e3f4cfc525a5bbcc5393a3f7e7c6d8d76a1cf17092	mali_kbase_mt6878_r44	mali_kbase_mt6878_r44.ko	vendor_dlkm	kbase_mem_pool_term
1633e3169242255a5714a4e3f4cfc525a5bbcc5393a3f7e7c6d8d76a1cf17092	mali_kbase_mt6878_r44	mali_kbase_mt6878_r44.ko	vendor_dlkm	kbase_mem_term
1633e3169242255a5714a4e3f4cfc525a5bbcc5393a3f7e7c6d8d76a1cf17092	mali_kbase_mt6878_r44	mali_kbase_mt6878_r44.ko	vendor_dlkm	kbase_migrate_page_allocated_mapped
1633e3169242255a5714a4e3f4cfc525a5bbcc5393a3f7e7c6d8d76a1cf17092	mali_kbase_mt6878_r44	mali_kbase_mt6878_r44.ko	vendor_dlkm	kbase_mmu_disable
1633e3169242255a5714a4e3f4cfc525a5bbcc5393a3f7e7c6d8d76a1cf17092	mali_kbase_mt6878_r44	mali_kbase_mt6878_r44.ko	vendor_dlkm	kbase_mmu_gpu_fault_interrupt
1633e3169242255a5714a4e3f4cfc525a5bbcc5393a3f7e7c6d8d76a1cf17092	mali_kbase_mt6878_r44	mali_kbase_mt6878_r44.ko	vendor_dlkm	kbase_mmu_insert_pages
1633e3169242255a5714a4e3f4cfc525a5bbcc5393a3f7e7c6d8d76a1cf17092	mali_kbase_mt6878_r44	mali_kbase_mt6878_r44.ko	vendor_dlkm	kbase_mmu_report_mcu_as_fault_and_reset
1633e3169242255a5714a4e3f4cfc525a5bbcc5393a3f7e7c6d8d76a1cf17092	mali_kbase_mt6878_r44	mali_kbase_mt6878_r44.ko	vendor_dlkm	kbase_mmu_update
1633e3169242255a5714a4e3f4cfc525a5bbcc5393a3f7e7c6d8d76a1cf17092	mali_kbase_mt6878_r44	mali_kbase_mt6878_r44.ko	vendor_dlkm	kbase_page_migration_enabled
1633e3169242255a5714a4e3f4cfc525a5bbcc5393a3f7e7c6d8d76a1cf17092	mali_kbase_mt6878_r44	mali_kbase_mt6878_r44.ko	vendor_dlkm	kbase_pm_always_on_policy_ops
1633e3169242255a5714a4e3f4cfc525a5bbcc5393a3f7e7c6d8d76a1cf17092	mali_kbase_mt6878_r44	mali_kbase_mt6878_r44.ko	vendor_dlkm	kbase_pm_ca_get_core_mask
1633e3169242255a5714a4e3f4cfc525a5bbcc5393a3f7e7c6d8d76a1cf17092	mali_kbase_mt6878_r44	mali_kbase_mt6878_r44.ko	vendor_dlkm	kbase_pm_clock_off
1633e3169242255a5714a4e3f4cfc525a5bbcc5393a3f7e7c6d8d76a1cf17092	mali_kbase_mt6878_r44	mali_kbase_mt6878_r44.ko	vendor_dlkm	kbase_pm_clock_on
1633e3169242255a5714a4e3f4cfc525a5bbcc5393a3f7e7c6d8d76a1cf17092	mali_kbase_mt6878_r44	mali_kbase_mt6878_r44.ko	vendor_dlkm	kbase_pm_coarse_demand_policy_ops
1633e3169242255a5714a4e3f4cfc525a5bbcc5393a3f7e7c6d8d76a1cf17092	mali_kbase_mt6878_r44	mali_kbase_mt6878_r44.ko	vendor_dlkm	kbase_pm_context_active
1633e3169242255a5714a4e3f4cfc525a5bbcc5393a3f7e7c6d8d76a1cf17092	mali_kbase_mt6878_r44	mali_kbase_mt6878_r44.ko	vendor_dlkm	kbase_pm_context_idle
1633e3169242255a5714a4e3f4cfc525a5bbcc5393a3f7e7c6d8d76a1cf17092	mali_kbase_mt6878_r44	mali_kbase_mt6878_r44.ko	vendor_dlkm	kbase_pm_disable_interrupts
1633e3169242255a5714a4e3f4cfc525a5bbcc5393a3f7e7c6d8d76a1cf17092	mali_kbase_mt6878_r44	mali_kbase_mt6878_r44.ko	vendor_dlkm	kbase_pm_enable_interrupts
1633e3169242255a5714a4e3f4cfc525a5bbcc5393a3f7e7c6d8d76a1cf17092	mali_kbase_mt6878_r44	mali_kbase_mt6878_r44.ko	vendor_dlkm	kbase_pm_get_active_cores
1633e3169242255a5714a4e3f4cfc525a5bbcc5393a3f7e7c6d8d76a1cf17092	mali_kbase_mt6878_r44	mali_kbase_mt6878_r44.ko	vendor_dlkm	kbase_pm_get_dvfs_metrics
1633e3169242255a5714a4e3f4cfc525a5bbcc5393a3f7e7c6d8d76a1cf17092	mali_kbase_mt6878_r44	mali_kbase_mt6878_r44.ko	vendor_dlkm	kbase_pm_get_policy
1633e3169242255a5714a4e3f4cfc525a5bbcc5393a3f7e7c6d8d76a1cf17092	mali_kbase_mt6878_r44	mali_kbase_mt6878_r44.ko	vendor_dlkm	kbase_pm_get_present_cores
1633e3169242255a5714a4e3f4cfc525a5bbcc5393a3f7e7c6d8d76a1cf17092	mali_kbase_mt6878_r44	mali_kbase_mt6878_r44.ko	vendor_dlkm	kbase_pm_get_ready_cores
1633e3169242255a5714a4e3f4cfc525a5bbcc5393a3f7e7c6d8d76a1cf17092	mali_kbase_mt6878_r44	mali_kbase_mt6878_r44.ko	vendor_dlkm	kbase_pm_get_trans_cores
1633e3169242255a5714a4e3f4cfc525a5bbcc5393a3f7e7c6d8d76a1cf17092	mali_kbase_mt6878_r44	mali_kbase_mt6878_r44.ko	vendor_dlkm	kbase_pm_list_policies
1633e3169242255a5714a4e3f4cfc525a5bbcc5393a3f7e7c6d8d76a1cf17092	mali_kbase_mt6878_r44	mali_kbase_mt6878_r44.ko	vendor_dlkm	kbase_pm_metrics_is_active
1633e3169242255a5714a4e3f4cfc525a5bbcc5393a3f7e7c6d8d76a1cf17092	mali_kbase_mt6878_r44	mali_kbase_mt6878_r44.ko	vendor_dlkm	kbase_pm_release_gpu_cycle_counter
1633e3169242255a5714a4e3f4cfc525a5bbcc5393a3f7e7c6d8d76a1cf17092	mali_kbase_mt6878_r44	mali_kbase_mt6878_r44.ko	vendor_dlkm	kbase_pm_request_gpu_cycle_counter
1633e3169242255a5714a4e3f4cfc525a5bbcc5393a3f7e7c6d8d76a1cf17092	mali_kbase_mt6878_r44	mali_kbase_mt6878_r44.ko	vendor_dlkm	kbase_pm_request_gpu_cycle_counter_l2_is_on
1633e3169242255a5714a4e3f4cfc525a5bbcc5393a3f7e7c6d8d76a1cf17092	mali_kbase_mt6878_r44	mali_kbase_mt6878_r44.ko	vendor_dlkm	kbase_pm_reset_done
1633e3169242255a5714a4e3f4cfc525a5bbcc5393a3f7e7c6d8d76a1cf17092	mali_kbase_mt6878_r44	mali_kbase_mt6878_r44.ko	vendor_dlkm	kbase_pm_set_debug_core_mask
1633e3169242255a5714a4e3f4cfc525a5bbcc5393a3f7e7c6d8d76a1cf17092	mali_kbase_mt6878_r44	mali_kbase_mt6878_r44.ko	vendor_dlkm	kbase_pm_set_policy
1633e3169242255a5714a4e3f4cfc525a5bbcc5393a3f7e7c6d8d76a1cf17092	mali_kbase_mt6878_r44	mali_kbase_mt6878_r44.ko	vendor_dlkm	kbase_pm_wait_for_desired_state
1633e3169242255a5714a4e3f4cfc525a5bbcc5393a3f7e7c6d8d76a1cf17092	mali_kbase_mt6878_r44	mali_kbase_mt6878_r44.ko	vendor_dlkm	kbase_pm_wait_for_gpu_power_down
1633e3169242255a5714a4e3f4cfc525a5bbcc5393a3f7e7c6d8d76a1cf17092	mali_kbase_mt6878_r44	mali_kbase_mt6878_r44.ko	vendor_dlkm	kbase_pm_wait_for_poweroff_work_complete
1633e3169242255a5714a4e3f4cfc525a5bbcc5393a3f7e7c6d8d76a1cf17092	mali_kbase_mt6878_r44	mali_kbase_mt6878_r44.ko	vendor_dlkm	kbase_prepare_to_reset_gpu
1633e3169242255a5714a4e3f4cfc525a5bbcc5393a3f7e7c6d8d76a1cf17092	mali_kbase_mt6878_r44	mali_kbase_mt6878_r44.ko	vendor_dlkm	kbase_reg_read
1633e3169242255a5714a4e3f4cfc525a5bbcc5393a3f7e7c6d8d76a1cf17092	mali_kbase_mt6878_r44	mali_kbase_mt6878_r44.ko	vendor_dlkm	kbase_reg_write
1633e3169242255a5714a4e3f4cfc525a5bbcc5393a3f7e7c6d8d76a1cf17092	mali_kbase_mt6878_r44	mali_kbase_mt6878_r44.ko	vendor_dlkm	kbase_region_tracker_find_region_base_address
1633e3169242255a5714a4e3f4cfc525a5bbcc5393a3f7e7c6d8d76a1cf17092	mali_kbase_mt6878_r44	mali_kbase_mt6878_r44.ko	vendor_dlkm	kbase_region_tracker_find_region_enclosing_address
1633e3169242255a5714a4e3f4cfc525a5bbcc5393a3f7e7c6d8d76a1cf17092	mali_kbase_mt6878_r44	mali_kbase_mt6878_r44.ko	vendor_dlkm	kbase_release_device
1633e3169242255a5714a4e3f4cfc525a5bbcc5393a3f7e7c6d8d76a1cf17092	mali_kbase_mt6878_r44	mali_kbase_mt6878_r44.ko	vendor_dlkm	kbase_remove_va_region
1633e3169242255a5714a4e3f4cfc525a5bbcc5393a3f7e7c6d8d76a1cf17092	mali_kbase_mt6878_r44	mali_kbase_mt6878_r44.ko	vendor_dlkm	kbase_reset_gpu
1633e3169242255a5714a4e3f4cfc525a5bbcc5393a3f7e7c6d8d76a1cf17092	mali_kbase_mt6878_r44	mali_kbase_mt6878_r44.ko	vendor_dlkm	kbase_reset_gpu_allow
1633e3169242255a5714a4e3f4cfc525a5bbcc5393a3f7e7c6d8d76a1cf17092	mali_kbase_mt6878_r44	mali_kbase_mt6878_r44.ko	vendor_dlkm	kbase_reset_gpu_prevent_and_wait
1633e3169242255a5714a4e3f4cfc525a5bbcc5393a3f7e7c6d8d76a1cf17092	mali_kbase_mt6878_r44	mali_kbase_mt6878_r44.ko	vendor_dlkm	kbase_reset_gpu_silent
1633e3169242255a5714a4e3f4cfc525a5bbcc5393a3f7e7c6d8d76a1cf17092	mali_kbase_mt6878_r44	mali_kbase_mt6878_r44.ko	vendor_dlkm	kbase_reset_gpu_wait
1633e3169242255a5714a4e3f4cfc525a5bbcc5393a3f7e7c6d8d76a1cf17092	mali_kbase_mt6878_r44	mali_kbase_mt6878_r44.ko	vendor_dlkm	kbase_simple_ipa_model_ops
1633e3169242255a5714a4e3f4cfc525a5bbcc5393a3f7e7c6d8d76a1cf17092	mali_kbase_mt6878_r44	mali_kbase_mt6878_r44.ko	vendor_dlkm	kbase_simple_power_model_set_dummy_temp
1633e3169242255a5714a4e3f4cfc525a5bbcc5393a3f7e7c6d8d76a1cf17092	mali_kbase_mt6878_r44	mali_kbase_mt6878_r44.ko	vendor_dlkm	kbase_sync_now
1633e3169242255a5714a4e3f4cfc525a5bbcc5393a3f7e7c6d8d76a1cf17092	mali_kbase_mt6878_r44	mali_kbase_mt6878_r44.ko	vendor_dlkm	kbase_sync_single_for_cpu
1633e3169242255a5714a4e3f4cfc525a5bbcc5393a3f7e7c6d8d76a1cf17092	mali_kbase_mt6878_r44	mali_kbase_mt6878_r44.ko	vendor_dlkm	kbase_sync_single_for_device
1633e3169242255a5714a4e3f4cfc525a5bbcc5393a3f7e7c6d8d76a1cf17092	mali_kbase_mt6878_r44	mali_kbase_mt6878_r44.ko	vendor_dlkm	kbase_synchronize_irqs
1633e3169242255a5714a4e3f4cfc525a5bbcc5393a3f7e7c6d8d76a1cf17092	mali_kbase_mt6878_r44	mali_kbase_mt6878_r44.ko	vendor_dlkm	kbase_tgrx_ipa_model_ops
1633e3169242255a5714a4e3f4cfc525a5bbcc5393a3f7e7c6d8d76a1cf17092	mali_kbase_mt6878_r44	mali_kbase_mt6878_r44.ko	vendor_dlkm	kbase_todx_ipa_model_ops
1633e3169242255a5714a4e3f4cfc525a5bbcc5393a3f7e7c6d8d76a1cf17092	mali_kbase_mt6878_r44	mali_kbase_mt6878_r44.ko	vendor_dlkm	kbase_ttix_ipa_model_ops
1633e3169242255a5714a4e3f4cfc525a5bbcc5393a3f7e7c6d8d76a1cf17092	mali_kbase_mt6878_r44	mali_kbase_mt6878_r44.ko	vendor_dlkm	kbase_ttux_ipa_model_ops
1633e3169242255a5714a4e3f4cfc525a5bbcc5393a3f7e7c6d8d76a1cf17092	mali_kbase_mt6878_r44	mali_kbase_mt6878_r44.ko	vendor_dlkm	kbase_tvax_ipa_model_ops
1633e3169242255a5714a4e3f4cfc525a5bbcc5393a3f7e7c6d8d76a1cf17092	mali_kbase_mt6878_r44	mali_kbase_mt6878_r44.ko	vendor_dlkm	kbase_vmap
1633e3169242255a5714a4e3f4cfc525a5bbcc5393a3f7e7c6d8d76a1cf17092	mali_kbase_mt6878_r44	mali_kbase_mt6878_r44.ko	vendor_dlkm	kbase_vunmap
1633e3169242255a5714a4e3f4cfc525a5bbcc5393a3f7e7c6d8d76a1cf17092	mali_kbase_mt6878_r44	mali_kbase_mt6878_r44.ko	vendor_dlkm	kbasep_debug_assert_call_hook
1633e3169242255a5714a4e3f4cfc525a5bbcc5393a3f7e7c6d8d76a1cf17092	mali_kbase_mt6878_r44	mali_kbase_mt6878_r44.ko	vendor_dlkm	kbasep_find_enclosing_cpu_mapping_offset
1633e3169242255a5714a4e3f4cfc525a5bbcc5393a3f7e7c6d8d76a1cf17092	mali_kbase_mt6878_r44	mali_kbase_mt6878_r44.ko	vendor_dlkm	kbasep_find_enclosing_gpu_mapping_start_and_offset
1633e3169242255a5714a4e3f4cfc525a5bbcc5393a3f7e7c6d8d76a1cf17092	mali_kbase_mt6878_r44	mali_kbase_mt6878_r44.ko	vendor_dlkm	kbasep_pm_metrics_init
1633e3169242255a5714a4e3f4cfc525a5bbcc5393a3f7e7c6d8d76a1cf17092	mali_kbase_mt6878_r44	mali_kbase_mt6878_r44.ko	vendor_dlkm	kbasep_pm_metrics_term
1633e3169242255a5714a4e3f4cfc525a5bbcc5393a3f7e7c6d8d76a1cf17092	mali_kbase_mt6878_r44	mali_kbase_mt6878_r44.ko	vendor_dlkm	mtk_common_rate_change_notify_fp
1633e3169242255a5714a4e3f4cfc525a5bbcc5393a3f7e7c6d8d76a1cf17092	mali_kbase_mt6878_r44	mali_kbase_mt6878_r44.ko	vendor_dlkm	mtk_kbase_csf_firmware_ke_dump_fwlog
174d067296d66ad733ebb62e7cdea1e0798e12ac053900862b801ee7ed6211d3	ged	ged.ko	vendor_dlkm	dcs_enable
174d067296d66ad733ebb62e7cdea1e0798e12ac053900862b801ee7ed6211d3	ged	ged.ko	vendor_dlkm	dcs_get_adjust_fr_cnt
174d067296d66ad733ebb62e7cdea1e0798e12ac053900862b801ee7ed6211d3	ged	ged.ko	vendor_dlkm	dcs_get_adjust_non_dcs_th
174d067296d66ad733ebb62e7cdea1e0798e12ac053900862b801ee7ed6211d3	ged	ged.ko	vendor_dlkm	dcs_get_adjust_ratio_th
174d067296d66ad733ebb62e7cdea1e0798e12ac053900862b801ee7ed6211d3	ged	ged.ko	vendor_dlkm	dcs_get_adjust_support
174d067296d66ad733ebb62e7cdea1e0798e12ac053900862b801ee7ed6211d3	ged	ged.ko	vendor_dlkm	dcs_get_cur_core_num
174d067296d66ad733ebb62e7cdea1e0798e12ac053900862b801ee7ed6211d3	ged	ged.ko	vendor_dlkm	dcs_set_adjust_fr_cnt
174d067296d66ad733ebb62e7cdea1e0798e12ac053900862b801ee7ed6211d3	ged	ged.ko	vendor_dlkm	dcs_set_adjust_non_dcs_th
174d067296d66ad733ebb62e7cdea1e0798e12ac053900862b801ee7ed6211d3	ged	ged.ko	vendor_dlkm	dcs_set_adjust_ratio_th
174d067296d66ad733ebb62e7cdea1e0798e12ac053900862b801ee7ed6211d3	ged	ged.ko	vendor_dlkm	dcs_set_adjust_support
174d067296d66ad733ebb62e7cdea1e0798e12ac053900862b801ee7ed6211d3	ged	ged.ko	vendor_dlkm	ged_check_power_duration
174d067296d66ad733ebb62e7cdea1e0798e12ac053900862b801ee7ed6211d3	ged	ged.ko	vendor_dlkm	ged_check_predict_power_duration
174d067296d66ad733ebb62e7cdea1e0798e12ac053900862b801ee7ed6211d3	ged	ged.ko	vendor_dlkm	ged_dvfs_cal_gpu_utilization_ex_fp
174d067296d66ad733ebb62e7cdea1e0798e12ac053900862b801ee7ed6211d3	ged	ged.ko	vendor_dlkm	ged_dvfs_get_last_commit_dual_idx
174d067296d66ad733ebb62e7cdea1e0798e12ac053900862b801ee7ed6211d3	ged	ged.ko	vendor_dlkm	ged_dvfs_get_last_commit_idx
174d067296d66ad733ebb62e7cdea1e0798e12ac053900862b801ee7ed6211d3	ged	ged.ko	vendor_dlkm	ged_dvfs_get_last_commit_stack_idx
174d067296d66ad733ebb62e7cdea1e0798e12ac053900862b801ee7ed6211d3	ged	ged.ko	vendor_dlkm	ged_dvfs_get_last_commit_top_idx
174d067296d66ad733ebb62e7cdea1e0798e12ac053900862b801ee7ed6211d3	ged	ged.ko	vendor_dlkm	ged_dvfs_get_real_oppfreq_num
174d067296d66ad733ebb62e7cdea1e0798e12ac053900862b801ee7ed6211d3	ged	ged.ko	vendor_dlkm	ged_dvfs_gpu_clock_switch_notify
174d067296d66ad733ebb62e7cdea1e0798e12ac053900862b801ee7ed6211d3	ged	ged.ko	vendor_dlkm	ged_dvfs_gpu_freq_commit_fp
174d067296d66ad733ebb62e7cdea1e0798e12ac053900862b801ee7ed6211d3	ged	ged.ko	vendor_dlkm	ged_dvfs_gpu_freq_dual_commit_fp
174d067296d66ad733ebb62e7cdea1e0798e12ac053900862b801ee7ed6211d3	ged	ged.ko	vendor_dlkm	ged_dvfs_query_loading
174d067296d66ad733ebb62e7cdea1e0798e12ac053900862b801ee7ed6211d3	ged	ged.ko	vendor_dlkm	ged_dvfs_query_opp_cost
174d067296d66ad733ebb62e7cdea1e0798e12ac053900862b801ee7ed6211d3	ged	ged.ko	vendor_dlkm	ged_dvfs_query_power_state_time
174d067296d66ad733ebb62e7cdea1e0798e12ac053900862b801ee7ed6211d3	ged	ged.ko	vendor_dlkm	ged_dvfs_set_gpu_core_mask_fp
174d067296d66ad733ebb62e7cdea1e0798e12ac053900862b801ee7ed6211d3	ged	ged.ko	vendor_dlkm	ged_dvfs_set_sysram_last_commit_dual_idx
174d067296d66ad733ebb62e7cdea1e0798e12ac053900862b801ee7ed6211d3	ged	ged.ko	vendor_dlkm	ged_dvfs_set_sysram_last_commit_stack_idx
174d067296d66ad733ebb62e7cdea1e0798e12ac053900862b801ee7ed6211d3	ged	ged.ko	vendor_dlkm	ged_dvfs_set_sysram_last_commit_top_idx
174d067296d66ad733ebb62e7cdea1e0798e12ac053900862b801ee7ed6211d3	ged	ged.ko	vendor_dlkm	ged_dvfs_update_step_size
174d067296d66ad733ebb62e7cdea1e0798e12ac053900862b801ee7ed6211d3	ged	ged.ko	vendor_dlkm	ged_dvfs_write_sysram_last_commit_dual
174d067296d66ad733ebb62e7cdea1e0798e12ac053900862b801ee7ed6211d3	ged	ged.ko	vendor_dlkm	ged_dvfs_write_sysram_last_commit_dual_test
174d067296d66ad733ebb62e7cdea1e0798e12ac053900862b801ee7ed6211d3	ged	ged.ko	vendor_dlkm	ged_dvfs_write_sysram_last_commit_idx
174d067296d66ad733ebb62e7cdea1e0798e12ac053900862b801ee7ed6211d3	ged	ged.ko	vendor_dlkm	ged_dvfs_write_sysram_last_commit_idx_test
174d067296d66ad733ebb62e7cdea1e0798e12ac053900862b801ee7ed6211d3	ged	ged.ko	vendor_dlkm	ged_dvfs_write_sysram_last_commit_stack_idx
174d067296d66ad733ebb62e7cdea1e0798e12ac053900862b801ee7ed6211d3	ged	ged.ko	vendor_dlkm	ged_dvfs_write_sysram_last_commit_stack_idx_test
174d067296d66ad733ebb62e7cdea1e0798e12ac053900862b801ee7ed6211d3	ged	ged.ko	vendor_dlkm	ged_dvfs_write_sysram_last_commit_top_idx
174d067296d66ad733ebb62e7cdea1e0798e12ac053900862b801ee7ed6211d3	ged	ged.ko	vendor_dlkm	ged_dvfs_write_sysram_last_commit_top_idx_test
174d067296d66ad733ebb62e7cdea1e0798e12ac053900862b801ee7ed6211d3	ged	ged.ko	vendor_dlkm	ged_get_active_time
174d067296d66ad733ebb62e7cdea1e0798e12ac053900862b801ee7ed6211d3	ged	ged.ko	vendor_dlkm	ged_get_apo_force_hint
174d067296d66ad733ebb62e7cdea1e0798e12ac053900862b801ee7ed6211d3	ged	ged.ko	vendor_dlkm	ged_get_apo_hint
174d067296d66ad733ebb62e7cdea1e0798e12ac053900862b801ee7ed6211d3	ged	ged.ko	vendor_dlkm	ged_get_apo_lp_threshold_us
174d067296d66ad733ebb62e7cdea1e0798e12ac053900862b801ee7ed6211d3	ged	ged.ko	vendor_dlkm	ged_get_apo_threshold_us
174d067296d66ad733ebb62e7cdea1e0798e12ac053900862b801ee7ed6211d3	ged	ged.ko	vendor_dlkm	ged_get_apo_wakeup_us
174d067296d66ad733ebb62e7cdea1e0798e12ac053900862b801ee7ed6211d3	ged	ged.ko	vendor_dlkm	ged_get_idle_time
174d067296d66ad733ebb62e7cdea1e0798e12ac053900862b801ee7ed6211d3	ged	ged.ko	vendor_dlkm	ged_get_power_duration
174d067296d66ad733ebb62e7cdea1e0798e12ac053900862b801ee7ed6211d3	ged	ged.ko	vendor_dlkm	ged_get_predict_active_time
174d067296d66ad733ebb62e7cdea1e0798e12ac053900862b801ee7ed6211d3	ged	ged.ko	vendor_dlkm	ged_get_predict_idle_time
174d067296d66ad733ebb62e7cdea1e0798e12ac053900862b801ee7ed6211d3	ged	ged.ko	vendor_dlkm	ged_get_predict_power_duration
174d067296d66ad733ebb62e7cdea1e0798e12ac053900862b801ee7ed6211d3	ged	ged.ko	vendor_dlkm	ged_get_segment_id
174d067296d66ad733ebb62e7cdea1e0798e12ac053900862b801ee7ed6211d3	ged	ged.ko	vendor_dlkm	ged_gpu_apo_notify
174d067296d66ad733ebb62e7cdea1e0798e12ac053900862b801ee7ed6211d3	ged	ged.ko	vendor_dlkm	ged_gpu_apo_reset
174d067296d66ad733ebb62e7cdea1e0798e12ac053900862b801ee7ed6211d3	ged	ged.ko	vendor_dlkm	ged_gpu_apo_support
174d067296d66ad733ebb62e7cdea1e0798e12ac053900862b801ee7ed6211d3	ged	ged.ko	vendor_dlkm	ged_gpu_is_heavy
174d067296d66ad733ebb62e7cdea1e0798e12ac053900862b801ee7ed6211d3	ged	ged.ko	vendor_dlkm	ged_gpu_predict_apo_notify
174d067296d66ad733ebb62e7cdea1e0798e12ac053900862b801ee7ed6211d3	ged	ged.ko	vendor_dlkm	ged_gpu_predict_apo_reset
174d067296d66ad733ebb62e7cdea1e0798e12ac053900862b801ee7ed6211d3	ged	ged.ko	vendor_dlkm	ged_is_fdvfs_support
174d067296d66ad733ebb62e7cdea1e0798e12ac053900862b801ee7ed6211d3	ged	ged.ko	vendor_dlkm	ged_kpi_check_if_fallback_mode_fp
174d067296d66ad733ebb62e7cdea1e0798e12ac053900862b801ee7ed6211d3	ged	ged.ko	vendor_dlkm	ged_kpi_enable_fw_idle_policy
174d067296d66ad733ebb62e7cdea1e0798e12ac053900862b801ee7ed6211d3	ged	ged.ko	vendor_dlkm	ged_kpi_fastdvfs_update_dcs_fp
174d067296d66ad733ebb62e7cdea1e0798e12ac053900862b801ee7ed6211d3	ged	ged.ko	vendor_dlkm	ged_kpi_get_panel_refresh_rate
174d067296d66ad733ebb62e7cdea1e0798e12ac053900862b801ee7ed6211d3	ged	ged.ko	vendor_dlkm	ged_kpi_get_target_fps
174d067296d66ad733ebb62e7cdea1e0798e12ac053900862b801ee7ed6211d3	ged	ged.ko	vendor_dlkm	ged_kpi_gpu_dvfs_fp
174d067296d66ad733ebb62e7cdea1e0798e12ac053900862b801ee7ed6211d3	ged	ged.ko	vendor_dlkm	ged_kpi_output_gfx_info2_fp
174d067296d66ad733ebb62e7cdea1e0798e12ac053900862b801ee7ed6211d3	ged	ged.ko	vendor_dlkm	ged_kpi_query_dvfs_freq_pred
174d067296d66ad733ebb62e7cdea1e0798e12ac053900862b801ee7ed6211d3	ged	ged.ko	vendor_dlkm	ged_kpi_query_gpu_dvfs_info
174d067296d66ad733ebb62e7cdea1e0798e12ac053900862b801ee7ed6211d3	ged	ged.ko	vendor_dlkm	ged_kpi_set_cpu_remained_time_fp
174d067296d66ad733ebb62e7cdea1e0798e12ac053900862b801ee7ed6211d3	ged	ged.ko	vendor_dlkm	ged_kpi_set_fw_idle_mode
174d067296d66ad733ebb62e7cdea1e0798e12ac053900862b801ee7ed6211d3	ged	ged.ko	vendor_dlkm	ged_kpi_set_gift_status
174d067296d66ad733ebb62e7cdea1e0798e12ac053900862b801ee7ed6211d3	ged	ged.ko	vendor_dlkm	ged_kpi_set_gift_target_pid
174d067296d66ad733ebb62e7cdea1e0798e12ac053900862b801ee7ed6211d3	ged	ged.ko	vendor_dlkm	ged_kpi_set_gpu_dvfs_hint_fp
174d067296d66ad733ebb62e7cdea1e0798e12ac053900862b801ee7ed6211d3	ged	ged.ko	vendor_dlkm	ged_kpi_set_target_FPS_margin
174d067296d66ad733ebb62e7cdea1e0798e12ac053900862b801ee7ed6211d3	ged	ged.ko	vendor_dlkm	ged_kpi_trigger_fb_dvfs_fp
174d067296d66ad733ebb62e7cdea1e0798e12ac053900862b801ee7ed6211d3	ged	ged.ko	vendor_dlkm	ged_log_buf_alloc
174d067296d66ad733ebb62e7cdea1e0798e12ac053900862b801ee7ed6211d3	ged	ged.ko	vendor_dlkm	ged_log_buf_free
174d067296d66ad733ebb62e7cdea1e0798e12ac053900862b801ee7ed6211d3	ged	ged.ko	vendor_dlkm	ged_log_buf_get
174d067296d66ad733ebb62e7cdea1e0798e12ac053900862b801ee7ed6211d3	ged	ged.ko	vendor_dlkm	ged_log_buf_get_early
174d067296d66ad733ebb62e7cdea1e0798e12ac053900862b801ee7ed6211d3	ged	ged.ko	vendor_dlkm	ged_log_buf_print
174d067296d66ad733ebb62e7cdea1e0798e12ac053900862b801ee7ed6211d3	ged	ged.ko	vendor_dlkm	ged_log_buf_print2
174d067296d66ad733ebb62e7cdea1e0798e12ac053900862b801ee7ed6211d3	ged	ged.ko	vendor_dlkm	ged_log_buf_reset
174d067296d66ad733ebb62e7cdea1e0798e12ac053900862b801ee7ed6211d3	ged	ged.ko	vendor_dlkm	ged_log_dump
174d067296d66ad733ebb62e7cdea1e0798e12ac053900862b801ee7ed6211d3	ged	ged.ko	vendor_dlkm	ged_notification
174d067296d66ad733ebb62e7cdea1e0798e12ac053900862b801ee7ed6211d3	ged	ged.ko	vendor_dlkm	ged_query_info
174d067296d66ad733ebb62e7cdea1e0798e12ac053900862b801ee7ed6211d3	ged	ged.ko	vendor_dlkm	ged_set_apo_force_hint
174d067296d66ad733ebb62e7cdea1e0798e12ac053900862b801ee7ed6211d3	ged	ged.ko	vendor_dlkm	ged_set_apo_lp_threshold_us
174d067296d66ad733ebb62e7cdea1e0798e12ac053900862b801ee7ed6211d3	ged	ged.ko	vendor_dlkm	ged_set_apo_threshold_us
174d067296d66ad733ebb62e7cdea1e0798e12ac053900862b801ee7ed6211d3	ged	ged.ko	vendor_dlkm	ged_set_apo_wakeup_ns
174d067296d66ad733ebb62e7cdea1e0798e12ac053900862b801ee7ed6211d3	ged	ged.ko	vendor_dlkm	ged_set_apo_wakeup_ns_nolock
174d067296d66ad733ebb62e7cdea1e0798e12ac053900862b801ee7ed6211d3	ged	ged.ko	vendor_dlkm	ged_set_apo_wakeup_us
174d067296d66ad733ebb62e7cdea1e0798e12ac053900862b801ee7ed6211d3	ged	ged.ko	vendor_dlkm	ged_set_target_fps
174d067296d66ad733ebb62e7cdea1e0798e12ac053900862b801ee7ed6211d3	ged	ged.ko	vendor_dlkm	ged_sw_vsync_event_fp
174d067296d66ad733ebb62e7cdea1e0798e12ac053900862b801ee7ed6211d3	ged	ged.ko	vendor_dlkm	ged_vsync_notifier_fp
174d067296d66ad733ebb62e7cdea1e0798e12ac053900862b801ee7ed6211d3	ged	ged.ko	vendor_dlkm	ged_write_sysram_pwr_hint
174d067296d66ad733ebb62e7cdea1e0798e12ac053900862b801ee7ed6211d3	ged	ged.ko	vendor_dlkm	is_gpu_ged_log_enable
174d067296d66ad733ebb62e7cdea1e0798e12ac053900862b801ee7ed6211d3	ged	ged.ko	vendor_dlkm	mtk_bandwidth_resource_init
174d067296d66ad733ebb62e7cdea1e0798e12ac053900862b801ee7ed6211d3	ged	ged.ko	vendor_dlkm	mtk_gpueb_dvfs_commit
174d067296d66ad733ebb62e7cdea1e0798e12ac053900862b801ee7ed6211d3	ged	ged.ko	vendor_dlkm	mtk_gpueb_dvfs_dcs_commit
174d067296d66ad733ebb62e7cdea1e0798e12ac053900862b801ee7ed6211d3	ged	ged.ko	vendor_dlkm	mtk_gpueb_dvfs_get_cur_freq
174d067296d66ad733ebb62e7cdea1e0798e12ac053900862b801ee7ed6211d3	ged	ged.ko	vendor_dlkm	mtk_gpueb_dvfs_get_desire_freq
174d067296d66ad733ebb62e7cdea1e0798e12ac053900862b801ee7ed6211d3	ged	ged.ko	vendor_dlkm	mtk_gpueb_dvfs_get_desire_freq_dual
174d067296d66ad733ebb62e7cdea1e0798e12ac053900862b801ee7ed6211d3	ged	ged.ko	vendor_dlkm	mtk_gpueb_dvfs_get_frame_loading
174d067296d66ad733ebb62e7cdea1e0798e12ac053900862b801ee7ed6211d3	ged	ged.ko	vendor_dlkm	mtk_gpueb_dvfs_get_mode
174d067296d66ad733ebb62e7cdea1e0798e12ac053900862b801ee7ed6211d3	ged	ged.ko	vendor_dlkm	mtk_gpueb_dvfs_set_feedback_info
174d067296d66ad733ebb62e7cdea1e0798e12ac053900862b801ee7ed6211d3	ged	ged.ko	vendor_dlkm	mtk_gpueb_dvfs_set_frame_base_dvfs
174d067296d66ad733ebb62e7cdea1e0798e12ac053900862b801ee7ed6211d3	ged	ged.ko	vendor_dlkm	mtk_gpueb_dvfs_set_frame_done
174d067296d66ad733ebb62e7cdea1e0798e12ac053900862b801ee7ed6211d3	ged	ged.ko	vendor_dlkm	mtk_gpueb_dvfs_set_mode
174d067296d66ad733ebb62e7cdea1e0798e12ac053900862b801ee7ed6211d3	ged	ged.ko	vendor_dlkm	mtk_gpueb_dvfs_set_taget_frame_time
174d067296d66ad733ebb62e7cdea1e0798e12ac053900862b801ee7ed6211d3	ged	ged.ko	vendor_dlkm	mtk_gpueb_power_modle_cmd
174d067296d66ad733ebb62e7cdea1e0798e12ac053900862b801ee7ed6211d3	ged	ged.ko	vendor_dlkm	mtk_gpueb_set_fallback_mode
174d067296d66ad733ebb62e7cdea1e0798e12ac053900862b801ee7ed6211d3	ged	ged.ko	vendor_dlkm	mtk_gpueb_set_power_state
174d067296d66ad733ebb62e7cdea1e0798e12ac053900862b801ee7ed6211d3	ged	ged.ko	vendor_dlkm	mtk_gpueb_set_stability_mode
174d067296d66ad733ebb62e7cdea1e0798e12ac053900862b801ee7ed6211d3	ged	ged.ko	vendor_dlkm	mtk_gpueb_sysram_batch_read
174d067296d66ad733ebb62e7cdea1e0798e12ac053900862b801ee7ed6211d3	ged	ged.ko	vendor_dlkm	mtk_gpueb_sysram_read
174d067296d66ad733ebb62e7cdea1e0798e12ac053900862b801ee7ed6211d3	ged	ged.ko	vendor_dlkm	mtk_gpueb_sysram_write
1774ec78577b70e04118d3a1c110946db551adbc9830489fb4e79025188c1637	connscp	connscp.ko	vendor_dlkm	conap_scp_is_drv_ready
1774ec78577b70e04118d3a1c110946db551adbc9830489fb4e79025188c1637	connscp	connscp.ko	vendor_dlkm	conap_scp_is_ready
1774ec78577b70e04118d3a1c110946db551adbc9830489fb4e79025188c1637	connscp	connscp.ko	vendor_dlkm	conap_scp_register_drv
1774ec78577b70e04118d3a1c110946db551adbc9830489fb4e79025188c1637	connscp	connscp.ko	vendor_dlkm	conap_scp_send_message
1774ec78577b70e04118d3a1c110946db551adbc9830489fb4e79025188c1637	connscp	connscp.ko	vendor_dlkm	conap_scp_unregister_drv
194d1bd14a2cb5fd0b1af3400d0a64e9cced28f2de26842bd88e3f6c6469fc40	gz_log_mod	gz_log_mod.ko	vendor_dlkm	get_gz_log_buffer
1a98df6a9e2f8a004ca3cf6cd373b650e26c2c3383ceb2c59467ba993028f11a	mtk_peak_power_budget	mtk_peak_power_budget.ko	vendor_dlkm	kicker_ppb_request_power
1bb1b4d9e911be31afb66f5633cb60e3ea15629de08cf37cb2f35670c5b2ebbb	usbserial	usbserial.ko	system_dlkm	usb_serial_claim_interface
1bb1b4d9e911be31afb66f5633cb60e3ea15629de08cf37cb2f35670c5b2ebbb	usbserial	usbserial.ko	system_dlkm	usb_serial_deregister_drivers
1bb1b4d9e911be31afb66f5633cb60e3ea15629de08cf37cb2f35670c5b2ebbb	usbserial	usbserial.ko	system_dlkm	usb_serial_generic_chars_in_buffer
1bb1b4d9e911be31afb66f5633cb60e3ea15629de08cf37cb2f35670c5b2ebbb	usbserial	usbserial.ko	system_dlkm	usb_serial_generic_close
1bb1b4d9e911be31afb66f5633cb60e3ea15629de08cf37cb2f35670c5b2ebbb	usbserial	usbserial.ko	system_dlkm	usb_serial_generic_get_icount
1bb1b4d9e911be31afb66f5633cb60e3ea15629de08cf37cb2f35670c5b2ebbb	usbserial	usbserial.ko	system_dlkm	usb_serial_generic_open
1bb1b4d9e911be31afb66f5633cb60e3ea15629de08cf37cb2f35670c5b2ebbb	usbserial	usbserial.ko	system_dlkm	usb_serial_generic_process_read_urb
1bb1b4d9e911be31afb66f5633cb60e3ea15629de08cf37cb2f35670c5b2ebbb	usbserial	usbserial.ko	system_dlkm	usb_serial_generic_read_bulk_callback
1bb1b4d9e911be31afb66f5633cb60e3ea15629de08cf37cb2f35670c5b2ebbb	usbserial	usbserial.ko	system_dlkm	usb_serial_generic_resume
1bb1b4d9e911be31afb66f5633cb60e3ea15629de08cf37cb2f35670c5b2ebbb	usbserial	usbserial.ko	system_dlkm	usb_serial_generic_submit_read_urbs
1bb1b4d9e911be31afb66f5633cb60e3ea15629de08cf37cb2f35670c5b2ebbb	usbserial	usbserial.ko	system_dlkm	usb_serial_generic_throttle
1bb1b4d9e911be31afb66f5633cb60e3ea15629de08cf37cb2f35670c5b2ebbb	usbserial	usbserial.ko	system_dlkm	usb_serial_generic_tiocmiwait
1bb1b4d9e911be31afb66f5633cb60e3ea15629de08cf37cb2f35670c5b2ebbb	usbserial	usbserial.ko	system_dlkm	usb_serial_generic_unthrottle
1bb1b4d9e911be31afb66f5633cb60e3ea15629de08cf37cb2f35670c5b2ebbb	usbserial	usbserial.ko	system_dlkm	usb_serial_generic_wait_until_sent
1bb1b4d9e911be31afb66f5633cb60e3ea15629de08cf37cb2f35670c5b2ebbb	usbserial	usbserial.ko	system_dlkm	usb_serial_generic_write
1bb1b4d9e911be31afb66f5633cb60e3ea15629de08cf37cb2f35670c5b2ebbb	usbserial	usbserial.ko	system_dlkm	usb_serial_generic_write_bulk_callback
1bb1b4d9e911be31afb66f5633cb60e3ea15629de08cf37cb2f35670c5b2ebbb	usbserial	usbserial.ko	system_dlkm	usb_serial_generic_write_start
1bb1b4d9e911be31afb66f5633cb60e3ea15629de08cf37cb2f35670c5b2ebbb	usbserial	usbserial.ko	system_dlkm	usb_serial_handle_dcd_change
1bb1b4d9e911be31afb66f5633cb60e3ea15629de08cf37cb2f35670c5b2ebbb	usbserial	usbserial.ko	system_dlkm	usb_serial_port_softint
1bb1b4d9e911be31afb66f5633cb60e3ea15629de08cf37cb2f35670c5b2ebbb	usbserial	usbserial.ko	system_dlkm	usb_serial_register_drivers
1bb1b4d9e911be31afb66f5633cb60e3ea15629de08cf37cb2f35670c5b2ebbb	usbserial	usbserial.ko	system_dlkm	usb_serial_resume
1bb1b4d9e911be31afb66f5633cb60e3ea15629de08cf37cb2f35670c5b2ebbb	usbserial	usbserial.ko	system_dlkm	usb_serial_suspend
1d050f59ac0e31630921ae249ddf49382ccba0ecadcccdbe4485b90df3886b32	mtk_dynamic_loading_throttling	mtk_dynamic_loading_throttling.ko	vendor_boot_platform;vendor_dlkm	register_dlpt_notify
201628cd5b5aff2129901fcf555049afa7fdc3ce80f7ff1502b6b095806384d4	mt6375_charger	mt6375-charger.ko	vendor_boot_platform	yft_usb_flag
2145f1938cfb2f534c685a3abfe112539459d3086dcb8a8836cba4fcddbcf0a1	ccmni	ccmni.ko	vendor_dlkm	ccmni_clr_flush_timer
2145f1938cfb2f534c685a3abfe112539459d3086dcb8a8836cba4fcddbcf0a1	ccmni	ccmni.ko	vendor_dlkm	ccmni_ops
2145f1938cfb2f534c685a3abfe112539459d3086dcb8a8836cba4fcddbcf0a1	ccmni	ccmni.ko	vendor_dlkm	ccmni_set_cur_speed
2145f1938cfb2f534c685a3abfe112539459d3086dcb8a8836cba4fcddbcf0a1	ccmni	ccmni.ko	vendor_dlkm	ccmni_set_init_rps
2145f1938cfb2f534c685a3abfe112539459d3086dcb8a8836cba4fcddbcf0a1	ccmni	ccmni.ko	vendor_dlkm	set_ccmni_rps
241827fc5faafc7bb47ca7d43fe1f318d4aec2d71793a0c3b365dcfa1f30145c	drm_dma_helper	drm_dma_helper.ko	vendor_boot_platform	drm_fb_dma_get_gem_addr
241827fc5faafc7bb47ca7d43fe1f318d4aec2d71793a0c3b365dcfa1f30145c	drm_dma_helper	drm_dma_helper.ko	vendor_boot_platform	drm_fb_dma_get_gem_obj
241827fc5faafc7bb47ca7d43fe1f318d4aec2d71793a0c3b365dcfa1f30145c	drm_dma_helper	drm_dma_helper.ko	vendor_boot_platform	drm_fb_dma_sync_non_coherent
241827fc5faafc7bb47ca7d43fe1f318d4aec2d71793a0c3b365dcfa1f30145c	drm_dma_helper	drm_dma_helper.ko	vendor_boot_platform	drm_gem_dma_create
241827fc5faafc7bb47ca7d43fe1f318d4aec2d71793a0c3b365dcfa1f30145c	drm_dma_helper	drm_dma_helper.ko	vendor_boot_platform	drm_gem_dma_dumb_create
241827fc5faafc7bb47ca7d43fe1f318d4aec2d71793a0c3b365dcfa1f30145c	drm_dma_helper	drm_dma_helper.ko	vendor_boot_platform	drm_gem_dma_dumb_create_internal
241827fc5faafc7bb47ca7d43fe1f318d4aec2d71793a0c3b365dcfa1f30145c	drm_dma_helper	drm_dma_helper.ko	vendor_boot_platform	drm_gem_dma_free
241827fc5faafc7bb47ca7d43fe1f318d4aec2d71793a0c3b365dcfa1f30145c	drm_dma_helper	drm_dma_helper.ko	vendor_boot_platform	drm_gem_dma_get_sg_table
241827fc5faafc7bb47ca7d43fe1f318d4aec2d71793a0c3b365dcfa1f30145c	drm_dma_helper	drm_dma_helper.ko	vendor_boot_platform	drm_gem_dma_mmap
241827fc5faafc7bb47ca7d43fe1f318d4aec2d71793a0c3b365dcfa1f30145c	drm_dma_helper	drm_dma_helper.ko	vendor_boot_platform	drm_gem_dma_prime_import_sg_table
241827fc5faafc7bb47ca7d43fe1f318d4aec2d71793a0c3b365dcfa1f30145c	drm_dma_helper	drm_dma_helper.ko	vendor_boot_platform	drm_gem_dma_prime_import_sg_table_vmap
241827fc5faafc7bb47ca7d43fe1f318d4aec2d71793a0c3b365dcfa1f30145c	drm_dma_helper	drm_dma_helper.ko	vendor_boot_platform	drm_gem_dma_print_info
241827fc5faafc7bb47ca7d43fe1f318d4aec2d71793a0c3b365dcfa1f30145c	drm_dma_helper	drm_dma_helper.ko	vendor_boot_platform	drm_gem_dma_vm_ops
241827fc5faafc7bb47ca7d43fe1f318d4aec2d71793a0c3b365dcfa1f30145c	drm_dma_helper	drm_dma_helper.ko	vendor_boot_platform	drm_gem_dma_vmap
2426edb571f5f8c2c1317b618fe6c10a095a59cf17acdd4d17ef583f63b5b5c5	tcpc_class	tcpc_class.ko	vendor_boot_platform	register_tcp_dev_notifier
2426edb571f5f8c2c1317b618fe6c10a095a59cf17acdd4d17ef583f63b5b5c5	tcpc_class	tcpc_class.ko	vendor_boot_platform	rt_asyn_regmap_block_write
2426edb571f5f8c2c1317b618fe6c10a095a59cf17acdd4d17ef583f63b5b5c5	tcpc_class	tcpc_class.ko	vendor_boot_platform	rt_asyn_regmap_reg_write
2426edb571f5f8c2c1317b618fe6c10a095a59cf17acdd4d17ef583f63b5b5c5	tcpc_class	tcpc_class.ko	vendor_boot_platform	rt_cache_clrlasterror
2426edb571f5f8c2c1317b618fe6c10a095a59cf17acdd4d17ef583f63b5b5c5	tcpc_class	tcpc_class.ko	vendor_boot_platform	rt_cache_getlasterror
2426edb571f5f8c2c1317b618fe6c10a095a59cf17acdd4d17ef583f63b5b5c5	tcpc_class	tcpc_class.ko	vendor_boot_platform	rt_get_regsize
2426edb571f5f8c2c1317b618fe6c10a095a59cf17acdd4d17ef583f63b5b5c5	tcpc_class	tcpc_class.ko	vendor_boot_platform	rt_is_reg_volatile
2426edb571f5f8c2c1317b618fe6c10a095a59cf17acdd4d17ef583f63b5b5c5	tcpc_class	tcpc_class.ko	vendor_boot_platform	rt_regmap_add_debugfs
2426edb571f5f8c2c1317b618fe6c10a095a59cf17acdd4d17ef583f63b5b5c5	tcpc_class	tcpc_class.ko	vendor_boot_platform	rt_regmap_block_read
2426edb571f5f8c2c1317b618fe6c10a095a59cf17acdd4d17ef583f63b5b5c5	tcpc_class	tcpc_class.ko	vendor_boot_platform	rt_regmap_block_write
2426edb571f5f8c2c1317b618fe6c10a095a59cf17acdd4d17ef583f63b5b5c5	tcpc_class	tcpc_class.ko	vendor_boot_platform	rt_regmap_cache_reload
2426edb571f5f8c2c1317b618fe6c10a095a59cf17acdd4d17ef583f63b5b5c5	tcpc_class	tcpc_class.ko	vendor_boot_platform	rt_regmap_cache_sync
2426edb571f5f8c2c1317b618fe6c10a095a59cf17acdd4d17ef583f63b5b5c5	tcpc_class	tcpc_class.ko	vendor_boot_platform	rt_regmap_cache_write_back
2426edb571f5f8c2c1317b618fe6c10a095a59cf17acdd4d17ef583f63b5b5c5	tcpc_class	tcpc_class.ko	vendor_boot_platform	rt_regmap_device_register_ex
2426edb571f5f8c2c1317b618fe6c10a095a59cf17acdd4d17ef583f63b5b5c5	tcpc_class	tcpc_class.ko	vendor_boot_platform	rt_regmap_device_unregister
2426edb571f5f8c2c1317b618fe6c10a095a59cf17acdd4d17ef583f63b5b5c5	tcpc_class	tcpc_class.ko	vendor_boot_platform	rt_regmap_reg_read
2426edb571f5f8c2c1317b618fe6c10a095a59cf17acdd4d17ef583f63b5b5c5	tcpc_class	tcpc_class.ko	vendor_boot_platform	rt_regmap_reg_write
2426edb571f5f8c2c1317b618fe6c10a095a59cf17acdd4d17ef583f63b5b5c5	tcpc_class	tcpc_class.ko	vendor_boot_platform	rt_regmap_update_bits
2426edb571f5f8c2c1317b618fe6c10a095a59cf17acdd4d17ef583f63b5b5c5	tcpc_class	tcpc_class.ko	vendor_boot_platform	tcpc_class
2426edb571f5f8c2c1317b618fe6c10a095a59cf17acdd4d17ef583f63b5b5c5	tcpc_class	tcpc_class.ko	vendor_boot_platform	tcpc_dev_get_by_name
2426edb571f5f8c2c1317b618fe6c10a095a59cf17acdd4d17ef583f63b5b5c5	tcpc_class	tcpc_class.ko	vendor_boot_platform	tcpc_device_irq_enable
2426edb571f5f8c2c1317b618fe6c10a095a59cf17acdd4d17ef583f63b5b5c5	tcpc_class	tcpc_class.ko	vendor_boot_platform	tcpc_device_register
2426edb571f5f8c2c1317b618fe6c10a095a59cf17acdd4d17ef583f63b5b5c5	tcpc_class	tcpc_class.ko	vendor_boot_platform	tcpc_device_unregister
2426edb571f5f8c2c1317b618fe6c10a095a59cf17acdd4d17ef583f63b5b5c5	tcpc_class	tcpc_class.ko	vendor_boot_platform	tcpc_get_dev_data
2426edb571f5f8c2c1317b618fe6c10a095a59cf17acdd4d17ef583f63b5b5c5	tcpc_class	tcpc_class.ko	vendor_boot_platform	tcpc_typec_error_recovery
2426edb571f5f8c2c1317b618fe6c10a095a59cf17acdd4d17ef583f63b5b5c5	tcpc_class	tcpc_class.ko	vendor_boot_platform	tcpc_typec_handle_ctd
2426edb571f5f8c2c1317b618fe6c10a095a59cf17acdd4d17ef583f63b5b5c5	tcpc_class	tcpc_class.ko	vendor_boot_platform	tcpc_typec_handle_fod
2426edb571f5f8c2c1317b618fe6c10a095a59cf17acdd4d17ef583f63b5b5c5	tcpc_class	tcpc_class.ko	vendor_boot_platform	tcpc_typec_handle_otp
2426edb571f5f8c2c1317b618fe6c10a095a59cf17acdd4d17ef583f63b5b5c5	tcpc_class	tcpc_class.ko	vendor_boot_platform	tcpc_typec_handle_wd
2426edb571f5f8c2c1317b618fe6c10a095a59cf17acdd4d17ef583f63b5b5c5	tcpc_class	tcpc_class.ko	vendor_boot_platform	tcpc_typec_is_act_as_sink_role
2426edb571f5f8c2c1317b618fe6c10a095a59cf17acdd4d17ef583f63b5b5c5	tcpc_class	tcpc_class.ko	vendor_boot_platform	tcpci_alert
2426edb571f5f8c2c1317b618fe6c10a095a59cf17acdd4d17ef583f63b5b5c5	tcpc_class	tcpc_class.ko	vendor_boot_platform	tcpci_alert_status_clear
2426edb571f5f8c2c1317b618fe6c10a095a59cf17acdd4d17ef583f63b5b5c5	tcpc_class	tcpc_class.ko	vendor_boot_platform	tcpci_alert_vendor_defined_handler
2426edb571f5f8c2c1317b618fe6c10a095a59cf17acdd4d17ef583f63b5b5c5	tcpc_class	tcpc_class.ko	vendor_boot_platform	tcpci_alert_wakeup
2426edb571f5f8c2c1317b618fe6c10a095a59cf17acdd4d17ef583f63b5b5c5	tcpc_class	tcpc_class.ko	vendor_boot_platform	tcpci_check_vbus_valid_from_ic
2426edb571f5f8c2c1317b618fe6c10a095a59cf17acdd4d17ef583f63b5b5c5	tcpc_class	tcpc_class.ko	vendor_boot_platform	tcpci_check_vsafe0v
2426edb571f5f8c2c1317b618fe6c10a095a59cf17acdd4d17ef583f63b5b5c5	tcpc_class	tcpc_class.ko	vendor_boot_platform	tcpci_disable_vbus_control
2426edb571f5f8c2c1317b618fe6c10a095a59cf17acdd4d17ef583f63b5b5c5	tcpc_class	tcpc_class.ko	vendor_boot_platform	tcpci_dp_attention
2426edb571f5f8c2c1317b618fe6c10a095a59cf17acdd4d17ef583f63b5b5c5	tcpc_class	tcpc_class.ko	vendor_boot_platform	tcpci_dp_configure
2426edb571f5f8c2c1317b618fe6c10a095a59cf17acdd4d17ef583f63b5b5c5	tcpc_class	tcpc_class.ko	vendor_boot_platform	tcpci_dp_notify_config_done
2426edb571f5f8c2c1317b618fe6c10a095a59cf17acdd4d17ef583f63b5b5c5	tcpc_class	tcpc_class.ko	vendor_boot_platform	tcpci_dp_notify_config_start
2426edb571f5f8c2c1317b618fe6c10a095a59cf17acdd4d17ef583f63b5b5c5	tcpc_class	tcpc_class.ko	vendor_boot_platform	tcpci_dp_notify_status_update_done
2426edb571f5f8c2c1317b618fe6c10a095a59cf17acdd4d17ef583f63b5b5c5	tcpc_class	tcpc_class.ko	vendor_boot_platform	tcpci_dp_status_update
2426edb571f5f8c2c1317b618fe6c10a095a59cf17acdd4d17ef583f63b5b5c5	tcpc_class	tcpc_class.ko	vendor_boot_platform	tcpci_enter_mode
2426edb571f5f8c2c1317b618fe6c10a095a59cf17acdd4d17ef583f63b5b5c5	tcpc_class	tcpc_class.ko	vendor_boot_platform	tcpci_exit_mode
2426edb571f5f8c2c1317b618fe6c10a095a59cf17acdd4d17ef583f63b5b5c5	tcpc_class	tcpc_class.ko	vendor_boot_platform	tcpci_fault_status_clear
2426edb571f5f8c2c1317b618fe6c10a095a59cf17acdd4d17ef583f63b5b5c5	tcpc_class	tcpc_class.ko	vendor_boot_platform	tcpci_get_alert_mask
2426edb571f5f8c2c1317b618fe6c10a095a59cf17acdd4d17ef583f63b5b5c5	tcpc_class	tcpc_class.ko	vendor_boot_platform	tcpci_get_alert_status_and_mask
2426edb571f5f8c2c1317b618fe6c10a095a59cf17acdd4d17ef583f63b5b5c5	tcpc_class	tcpc_class.ko	vendor_boot_platform	tcpci_get_cc
2426edb571f5f8c2c1317b618fe6c10a095a59cf17acdd4d17ef583f63b5b5c5	tcpc_class	tcpc_class.ko	vendor_boot_platform	tcpci_get_fault_status
2426edb571f5f8c2c1317b618fe6c10a095a59cf17acdd4d17ef583f63b5b5c5	tcpc_class	tcpc_class.ko	vendor_boot_platform	tcpci_get_message
2426edb571f5f8c2c1317b618fe6c10a095a59cf17acdd4d17ef583f63b5b5c5	tcpc_class	tcpc_class.ko	vendor_boot_platform	tcpci_get_power_status
2426edb571f5f8c2c1317b618fe6c10a095a59cf17acdd4d17ef583f63b5b5c5	tcpc_class	tcpc_class.ko	vendor_boot_platform	tcpci_get_vbus_voltage
2426edb571f5f8c2c1317b618fe6c10a095a59cf17acdd4d17ef583f63b5b5c5	tcpc_class	tcpc_class.ko	vendor_boot_platform	tcpci_init
2426edb571f5f8c2c1317b618fe6c10a095a59cf17acdd4d17ef583f63b5b5c5	tcpc_class	tcpc_class.ko	vendor_boot_platform	tcpci_init_alert_mask
2426edb571f5f8c2c1317b618fe6c10a095a59cf17acdd4d17ef583f63b5b5c5	tcpc_class	tcpc_class.ko	vendor_boot_platform	tcpci_is_plugged_in
2426edb571f5f8c2c1317b618fe6c10a095a59cf17acdd4d17ef583f63b5b5c5	tcpc_class	tcpc_class.ko	vendor_boot_platform	tcpci_lock_typec
2426edb571f5f8c2c1317b618fe6c10a095a59cf17acdd4d17ef583f63b5b5c5	tcpc_class	tcpc_class.ko	vendor_boot_platform	tcpci_notify_alert
2426edb571f5f8c2c1317b618fe6c10a095a59cf17acdd4d17ef583f63b5b5c5	tcpc_class	tcpc_class.ko	vendor_boot_platform	tcpci_notify_attachwait_state
2426edb571f5f8c2c1317b618fe6c10a095a59cf17acdd4d17ef583f63b5b5c5	tcpc_class	tcpc_class.ko	vendor_boot_platform	tcpci_notify_cable_type
2426edb571f5f8c2c1317b618fe6c10a095a59cf17acdd4d17ef583f63b5b5c5	tcpc_class	tcpc_class.ko	vendor_boot_platform	tcpci_notify_cc_hi
2426edb571f5f8c2c1317b618fe6c10a095a59cf17acdd4d17ef583f63b5b5c5	tcpc_class	tcpc_class.ko	vendor_boot_platform	tcpci_notify_cvdm
2426edb571f5f8c2c1317b618fe6c10a095a59cf17acdd4d17ef583f63b5b5c5	tcpc_class	tcpc_class.ko	vendor_boot_platform	tcpci_notify_fod_status
2426edb571f5f8c2c1317b618fe6c10a095a59cf17acdd4d17ef583f63b5b5c5	tcpc_class	tcpc_class.ko	vendor_boot_platform	tcpci_notify_hard_reset_state
2426edb571f5f8c2c1317b618fe6c10a095a59cf17acdd4d17ef583f63b5b5c5	tcpc_class	tcpc_class.ko	vendor_boot_platform	tcpci_notify_pd_mode
2426edb571f5f8c2c1317b618fe6c10a095a59cf17acdd4d17ef583f63b5b5c5	tcpc_class	tcpc_class.ko	vendor_boot_platform	tcpci_notify_pd_state
2426edb571f5f8c2c1317b618fe6c10a095a59cf17acdd4d17ef583f63b5b5c5	tcpc_class	tcpc_class.ko	vendor_boot_platform	tcpci_notify_ps_change
2426edb571f5f8c2c1317b618fe6c10a095a59cf17acdd4d17ef583f63b5b5c5	tcpc_class	tcpc_class.ko	vendor_boot_platform	tcpci_notify_request_bat_info
2426edb571f5f8c2c1317b618fe6c10a095a59cf17acdd4d17ef583f63b5b5c5	tcpc_class	tcpc_class.ko	vendor_boot_platform	tcpci_notify_role_swap
2426edb571f5f8c2c1317b618fe6c10a095a59cf17acdd4d17ef583f63b5b5c5	tcpc_class	tcpc_class.ko	vendor_boot_platform	tcpci_notify_status
2426edb571f5f8c2c1317b618fe6c10a095a59cf17acdd4d17ef583f63b5b5c5	tcpc_class	tcpc_class.ko	vendor_boot_platform	tcpci_notify_typec_otp
2426edb571f5f8c2c1317b618fe6c10a095a59cf17acdd4d17ef583f63b5b5c5	tcpc_class	tcpc_class.ko	vendor_boot_platform	tcpci_notify_typec_state
2426edb571f5f8c2c1317b618fe6c10a095a59cf17acdd4d17ef583f63b5b5c5	tcpc_class	tcpc_class.ko	vendor_boot_platform	tcpci_notify_vbus_short_cc_status
2426edb571f5f8c2c1317b618fe6c10a095a59cf17acdd4d17ef583f63b5b5c5	tcpc_class	tcpc_class.ko	vendor_boot_platform	tcpci_notify_wait_new_cap
2426edb571f5f8c2c1317b618fe6c10a095a59cf17acdd4d17ef583f63b5b5c5	tcpc_class	tcpc_class.ko	vendor_boot_platform	tcpci_notify_wd0_state
2426edb571f5f8c2c1317b618fe6c10a095a59cf17acdd4d17ef583f63b5b5c5	tcpc_class	tcpc_class.ko	vendor_boot_platform	tcpci_notify_wd_status
2426edb571f5f8c2c1317b618fe6c10a095a59cf17acdd4d17ef583f63b5b5c5	tcpc_class	tcpc_class.ko	vendor_boot_platform	tcpci_protocol_reset
2426edb571f5f8c2c1317b618fe6c10a095a59cf17acdd4d17ef583f63b5b5c5	tcpc_class	tcpc_class.ko	vendor_boot_platform	tcpci_report_hpd_state
2426edb571f5f8c2c1317b618fe6c10a095a59cf17acdd4d17ef583f63b5b5c5	tcpc_class	tcpc_class.ko	vendor_boot_platform	tcpci_retransmit
2426edb571f5f8c2c1317b618fe6c10a095a59cf17acdd4d17ef583f63b5b5c5	tcpc_class	tcpc_class.ko	vendor_boot_platform	tcpci_set_alert_mask
2426edb571f5f8c2c1317b618fe6c10a095a59cf17acdd4d17ef583f63b5b5c5	tcpc_class	tcpc_class.ko	vendor_boot_platform	tcpci_set_auto_dischg_discnt
2426edb571f5f8c2c1317b618fe6c10a095a59cf17acdd4d17ef583f63b5b5c5	tcpc_class	tcpc_class.ko	vendor_boot_platform	tcpci_set_bist_test_mode
2426edb571f5f8c2c1317b618fe6c10a095a59cf17acdd4d17ef583f63b5b5c5	tcpc_class	tcpc_class.ko	vendor_boot_platform	tcpci_set_cc
2426edb571f5f8c2c1317b618fe6c10a095a59cf17acdd4d17ef583f63b5b5c5	tcpc_class	tcpc_class.ko	vendor_boot_platform	tcpci_set_cc_hidet
2426edb571f5f8c2c1317b618fe6c10a095a59cf17acdd4d17ef583f63b5b5c5	tcpc_class	tcpc_class.ko	vendor_boot_platform	tcpci_set_low_power_mode
2426edb571f5f8c2c1317b618fe6c10a095a59cf17acdd4d17ef583f63b5b5c5	tcpc_class	tcpc_class.ko	vendor_boot_platform	tcpci_set_msg_header
2426edb571f5f8c2c1317b618fe6c10a095a59cf17acdd4d17ef583f63b5b5c5	tcpc_class	tcpc_class.ko	vendor_boot_platform	tcpci_set_polarity
2426edb571f5f8c2c1317b618fe6c10a095a59cf17acdd4d17ef583f63b5b5c5	tcpc_class	tcpc_class.ko	vendor_boot_platform	tcpci_set_rx_enable
2426edb571f5f8c2c1317b618fe6c10a095a59cf17acdd4d17ef583f63b5b5c5	tcpc_class	tcpc_class.ko	vendor_boot_platform	tcpci_set_vbus_short_cc
2426edb571f5f8c2c1317b618fe6c10a095a59cf17acdd4d17ef583f63b5b5c5	tcpc_class	tcpc_class.ko	vendor_boot_platform	tcpci_set_vconn
2426edb571f5f8c2c1317b618fe6c10a095a59cf17acdd4d17ef583f63b5b5c5	tcpc_class	tcpc_class.ko	vendor_boot_platform	tcpci_set_water_protection
2426edb571f5f8c2c1317b618fe6c10a095a59cf17acdd4d17ef583f63b5b5c5	tcpc_class	tcpc_class.ko	vendor_boot_platform	tcpci_sink_vbus
2426edb571f5f8c2c1317b618fe6c10a095a59cf17acdd4d17ef583f63b5b5c5	tcpc_class	tcpc_class.ko	vendor_boot_platform	tcpci_source_vbus
2426edb571f5f8c2c1317b618fe6c10a095a59cf17acdd4d17ef583f63b5b5c5	tcpc_class	tcpc_class.ko	vendor_boot_platform	tcpci_transmit
2426edb571f5f8c2c1317b618fe6c10a095a59cf17acdd4d17ef583f63b5b5c5	tcpc_class	tcpc_class.ko	vendor_boot_platform	tcpci_unlock_typec
2426edb571f5f8c2c1317b618fe6c10a095a59cf17acdd4d17ef583f63b5b5c5	tcpc_class	tcpc_class.ko	vendor_boot_platform	tcpm_check_pd_attached
2426edb571f5f8c2c1317b618fe6c10a095a59cf17acdd4d17ef583f63b5b5c5	tcpc_class	tcpc_class.ko	vendor_boot_platform	tcpm_check_suspend_pending
2426edb571f5f8c2c1317b618fe6c10a095a59cf17acdd4d17ef583f63b5b5c5	tcpc_class	tcpc_class.ko	vendor_boot_platform	tcpm_dpm_bk_event_cb
2426edb571f5f8c2c1317b618fe6c10a095a59cf17acdd4d17ef583f63b5b5c5	tcpc_class	tcpc_class.ko	vendor_boot_platform	tcpm_dpm_dp_attention
2426edb571f5f8c2c1317b618fe6c10a095a59cf17acdd4d17ef583f63b5b5c5	tcpc_class	tcpc_class.ko	vendor_boot_platform	tcpm_dpm_dp_config
2426edb571f5f8c2c1317b618fe6c10a095a59cf17acdd4d17ef583f63b5b5c5	tcpc_class	tcpc_class.ko	vendor_boot_platform	tcpm_dpm_dp_status_update
2426edb571f5f8c2c1317b618fe6c10a095a59cf17acdd4d17ef583f63b5b5c5	tcpc_class	tcpc_class.ko	vendor_boot_platform	tcpm_dpm_pd_alert
2426edb571f5f8c2c1317b618fe6c10a095a59cf17acdd4d17ef583f63b5b5c5	tcpc_class	tcpc_class.ko	vendor_boot_platform	tcpm_dpm_pd_bist_cm2
2426edb571f5f8c2c1317b618fe6c10a095a59cf17acdd4d17ef583f63b5b5c5	tcpc_class	tcpc_class.ko	vendor_boot_platform	tcpm_dpm_pd_cable_soft_reset
2426edb571f5f8c2c1317b618fe6c10a095a59cf17acdd4d17ef583f63b5b5c5	tcpc_class	tcpc_class.ko	vendor_boot_platform	tcpm_dpm_pd_data_swap
2426edb571f5f8c2c1317b618fe6c10a095a59cf17acdd4d17ef583f63b5b5c5	tcpc_class	tcpc_class.ko	vendor_boot_platform	tcpm_dpm_pd_error_recovery
2426edb571f5f8c2c1317b618fe6c10a095a59cf17acdd4d17ef583f63b5b5c5	tcpc_class	tcpc_class.ko	vendor_boot_platform	tcpm_dpm_pd_fast_swap
2426edb571f5f8c2c1317b618fe6c10a095a59cf17acdd4d17ef583f63b5b5c5	tcpc_class	tcpc_class.ko	vendor_boot_platform	tcpm_dpm_pd_get_bat_cap
2426edb571f5f8c2c1317b618fe6c10a095a59cf17acdd4d17ef583f63b5b5c5	tcpc_class	tcpc_class.ko	vendor_boot_platform	tcpm_dpm_pd_get_bat_status
2426edb571f5f8c2c1317b618fe6c10a095a59cf17acdd4d17ef583f63b5b5c5	tcpc_class	tcpc_class.ko	vendor_boot_platform	tcpm_dpm_pd_get_country_code
2426edb571f5f8c2c1317b618fe6c10a095a59cf17acdd4d17ef583f63b5b5c5	tcpc_class	tcpc_class.ko	vendor_boot_platform	tcpm_dpm_pd_get_country_info
2426edb571f5f8c2c1317b618fe6c10a095a59cf17acdd4d17ef583f63b5b5c5	tcpc_class	tcpc_class.ko	vendor_boot_platform	tcpm_dpm_pd_get_mfrs_info
2426edb571f5f8c2c1317b618fe6c10a095a59cf17acdd4d17ef583f63b5b5c5	tcpc_class	tcpc_class.ko	vendor_boot_platform	tcpm_dpm_pd_get_pps_status
2426edb571f5f8c2c1317b618fe6c10a095a59cf17acdd4d17ef583f63b5b5c5	tcpc_class	tcpc_class.ko	vendor_boot_platform	tcpm_dpm_pd_get_pps_status_raw
2426edb571f5f8c2c1317b618fe6c10a095a59cf17acdd4d17ef583f63b5b5c5	tcpc_class	tcpc_class.ko	vendor_boot_platform	tcpm_dpm_pd_get_revision
2426edb571f5f8c2c1317b618fe6c10a095a59cf17acdd4d17ef583f63b5b5c5	tcpc_class	tcpc_class.ko	vendor_boot_platform	tcpm_dpm_pd_get_sink_cap
2426edb571f5f8c2c1317b618fe6c10a095a59cf17acdd4d17ef583f63b5b5c5	tcpc_class	tcpc_class.ko	vendor_boot_platform	tcpm_dpm_pd_get_sink_cap_ext
2426edb571f5f8c2c1317b618fe6c10a095a59cf17acdd4d17ef583f63b5b5c5	tcpc_class	tcpc_class.ko	vendor_boot_platform	tcpm_dpm_pd_get_source_cap
2426edb571f5f8c2c1317b618fe6c10a095a59cf17acdd4d17ef583f63b5b5c5	tcpc_class	tcpc_class.ko	vendor_boot_platform	tcpm_dpm_pd_get_source_cap_ext
2426edb571f5f8c2c1317b618fe6c10a095a59cf17acdd4d17ef583f63b5b5c5	tcpc_class	tcpc_class.ko	vendor_boot_platform	tcpm_dpm_pd_get_status
2426edb571f5f8c2c1317b618fe6c10a095a59cf17acdd4d17ef583f63b5b5c5	tcpc_class	tcpc_class.ko	vendor_boot_platform	tcpm_dpm_pd_goto_min
2426edb571f5f8c2c1317b618fe6c10a095a59cf17acdd4d17ef583f63b5b5c5	tcpc_class	tcpc_class.ko	vendor_boot_platform	tcpm_dpm_pd_hard_reset
2426edb571f5f8c2c1317b618fe6c10a095a59cf17acdd4d17ef583f63b5b5c5	tcpc_class	tcpc_class.ko	vendor_boot_platform	tcpm_dpm_pd_power_swap
2426edb571f5f8c2c1317b618fe6c10a095a59cf17acdd4d17ef583f63b5b5c5	tcpc_class	tcpc_class.ko	vendor_boot_platform	tcpm_dpm_pd_request
2426edb571f5f8c2c1317b618fe6c10a095a59cf17acdd4d17ef583f63b5b5c5	tcpc_class	tcpc_class.ko	vendor_boot_platform	tcpm_dpm_pd_request_ex
2426edb571f5f8c2c1317b618fe6c10a095a59cf17acdd4d17ef583f63b5b5c5	tcpc_class	tcpc_class.ko	vendor_boot_platform	tcpm_dpm_pd_soft_reset
2426edb571f5f8c2c1317b618fe6c10a095a59cf17acdd4d17ef583f63b5b5c5	tcpc_class	tcpc_class.ko	vendor_boot_platform	tcpm_dpm_pd_source_cap
2426edb571f5f8c2c1317b618fe6c10a095a59cf17acdd4d17ef583f63b5b5c5	tcpc_class	tcpc_class.ko	vendor_boot_platform	tcpm_dpm_pd_vconn_swap
2426edb571f5f8c2c1317b618fe6c10a095a59cf17acdd4d17ef583f63b5b5c5	tcpc_class	tcpc_class.ko	vendor_boot_platform	tcpm_dpm_send_custom_vdm
2426edb571f5f8c2c1317b618fe6c10a095a59cf17acdd4d17ef583f63b5b5c5	tcpc_class	tcpc_class.ko	vendor_boot_platform	tcpm_dpm_set_vconn_supply_mode
2426edb571f5f8c2c1317b618fe6c10a095a59cf17acdd4d17ef583f63b5b5c5	tcpc_class	tcpc_class.ko	vendor_boot_platform	tcpm_dpm_vdm_attention
2426edb571f5f8c2c1317b618fe6c10a095a59cf17acdd4d17ef583f63b5b5c5	tcpc_class	tcpc_class.ko	vendor_boot_platform	tcpm_dpm_vdm_discover_cable_id
2426edb571f5f8c2c1317b618fe6c10a095a59cf17acdd4d17ef583f63b5b5c5	tcpc_class	tcpc_class.ko	vendor_boot_platform	tcpm_dpm_vdm_discover_id
2426edb571f5f8c2c1317b618fe6c10a095a59cf17acdd4d17ef583f63b5b5c5	tcpc_class	tcpc_class.ko	vendor_boot_platform	tcpm_dpm_vdm_discover_modes
2426edb571f5f8c2c1317b618fe6c10a095a59cf17acdd4d17ef583f63b5b5c5	tcpc_class	tcpc_class.ko	vendor_boot_platform	tcpm_dpm_vdm_discover_svids
2426edb571f5f8c2c1317b618fe6c10a095a59cf17acdd4d17ef583f63b5b5c5	tcpc_class	tcpc_class.ko	vendor_boot_platform	tcpm_dpm_vdm_enter_mode
2426edb571f5f8c2c1317b618fe6c10a095a59cf17acdd4d17ef583f63b5b5c5	tcpc_class	tcpc_class.ko	vendor_boot_platform	tcpm_dpm_vdm_exit_mode
2426edb571f5f8c2c1317b618fe6c10a095a59cf17acdd4d17ef583f63b5b5c5	tcpc_class	tcpc_class.ko	vendor_boot_platform	tcpm_extract_power_cap_val
2426edb571f5f8c2c1317b618fe6c10a095a59cf17acdd4d17ef583f63b5b5c5	tcpc_class	tcpc_class.ko	vendor_boot_platform	tcpm_get_remote_power_cap
2426edb571f5f8c2c1317b618fe6c10a095a59cf17acdd4d17ef583f63b5b5c5	tcpc_class	tcpc_class.ko	vendor_boot_platform	tcpm_inquire_cable_current
2426edb571f5f8c2c1317b618fe6c10a095a59cf17acdd4d17ef583f63b5b5c5	tcpc_class	tcpc_class.ko	vendor_boot_platform	tcpm_inquire_cable_inform
2426edb571f5f8c2c1317b618fe6c10a095a59cf17acdd4d17ef583f63b5b5c5	tcpc_class	tcpc_class.ko	vendor_boot_platform	tcpm_inquire_cc_high
2426edb571f5f8c2c1317b618fe6c10a095a59cf17acdd4d17ef583f63b5b5c5	tcpc_class	tcpc_class.ko	vendor_boot_platform	tcpm_inquire_cc_polarity
2426edb571f5f8c2c1317b618fe6c10a095a59cf17acdd4d17ef583f63b5b5c5	tcpc_class	tcpc_class.ko	vendor_boot_platform	tcpm_inquire_dp_dfp_u_state
2426edb571f5f8c2c1317b618fe6c10a095a59cf17acdd4d17ef583f63b5b5c5	tcpc_class	tcpc_class.ko	vendor_boot_platform	tcpm_inquire_dp_ufp_u_state
2426edb571f5f8c2c1317b618fe6c10a095a59cf17acdd4d17ef583f63b5b5c5	tcpc_class	tcpc_class.ko	vendor_boot_platform	tcpm_inquire_dpm_caps
2426edb571f5f8c2c1317b618fe6c10a095a59cf17acdd4d17ef583f63b5b5c5	tcpc_class	tcpc_class.ko	vendor_boot_platform	tcpm_inquire_dpm_flags
2426edb571f5f8c2c1317b618fe6c10a095a59cf17acdd4d17ef583f63b5b5c5	tcpc_class	tcpc_class.ko	vendor_boot_platform	tcpm_inquire_during_direct_charge
2426edb571f5f8c2c1317b618fe6c10a095a59cf17acdd4d17ef583f63b5b5c5	tcpc_class	tcpc_class.ko	vendor_boot_platform	tcpm_inquire_during_pps_charge
2426edb571f5f8c2c1317b618fe6c10a095a59cf17acdd4d17ef583f63b5b5c5	tcpc_class	tcpc_class.ko	vendor_boot_platform	tcpm_inquire_exit_attached_snk_via_cc
2426edb571f5f8c2c1317b618fe6c10a095a59cf17acdd4d17ef583f63b5b5c5	tcpc_class	tcpc_class.ko	vendor_boot_platform	tcpm_inquire_floating_ground
2426edb571f5f8c2c1317b618fe6c10a095a59cf17acdd4d17ef583f63b5b5c5	tcpc_class	tcpc_class.ko	vendor_boot_platform	tcpm_inquire_pd_charging_policy
2426edb571f5f8c2c1317b618fe6c10a095a59cf17acdd4d17ef583f63b5b5c5	tcpc_class	tcpc_class.ko	vendor_boot_platform	tcpm_inquire_pd_charging_policy_default
2426edb571f5f8c2c1317b618fe6c10a095a59cf17acdd4d17ef583f63b5b5c5	tcpc_class	tcpc_class.ko	vendor_boot_platform	tcpm_inquire_pd_connected
2426edb571f5f8c2c1317b618fe6c10a095a59cf17acdd4d17ef583f63b5b5c5	tcpc_class	tcpc_class.ko	vendor_boot_platform	tcpm_inquire_pd_contract
2426edb571f5f8c2c1317b618fe6c10a095a59cf17acdd4d17ef583f63b5b5c5	tcpc_class	tcpc_class.ko	vendor_boot_platform	tcpm_inquire_pd_data_role
2426edb571f5f8c2c1317b618fe6c10a095a59cf17acdd4d17ef583f63b5b5c5	tcpc_class	tcpc_class.ko	vendor_boot_platform	tcpm_inquire_pd_local_source_cap
2426edb571f5f8c2c1317b618fe6c10a095a59cf17acdd4d17ef583f63b5b5c5	tcpc_class	tcpc_class.ko	vendor_boot_platform	tcpm_inquire_pd_partner_inform
2426edb571f5f8c2c1317b618fe6c10a095a59cf17acdd4d17ef583f63b5b5c5	tcpc_class	tcpc_class.ko	vendor_boot_platform	tcpm_inquire_pd_partner_modes
2426edb571f5f8c2c1317b618fe6c10a095a59cf17acdd4d17ef583f63b5b5c5	tcpc_class	tcpc_class.ko	vendor_boot_platform	tcpm_inquire_pd_partner_svids
2426edb571f5f8c2c1317b618fe6c10a095a59cf17acdd4d17ef583f63b5b5c5	tcpc_class	tcpc_class.ko	vendor_boot_platform	tcpm_inquire_pd_pe_ready
2426edb571f5f8c2c1317b618fe6c10a095a59cf17acdd4d17ef583f63b5b5c5	tcpc_class	tcpc_class.ko	vendor_boot_platform	tcpm_inquire_pd_power_role
2426edb571f5f8c2c1317b618fe6c10a095a59cf17acdd4d17ef583f63b5b5c5	tcpc_class	tcpc_class.ko	vendor_boot_platform	tcpm_inquire_pd_prev_connected
2426edb571f5f8c2c1317b618fe6c10a095a59cf17acdd4d17ef583f63b5b5c5	tcpc_class	tcpc_class.ko	vendor_boot_platform	tcpm_inquire_pd_sink_cap
2426edb571f5f8c2c1317b618fe6c10a095a59cf17acdd4d17ef583f63b5b5c5	tcpc_class	tcpc_class.ko	vendor_boot_platform	tcpm_inquire_pd_source_apdo
2426edb571f5f8c2c1317b618fe6c10a095a59cf17acdd4d17ef583f63b5b5c5	tcpc_class	tcpc_class.ko	vendor_boot_platform	tcpm_inquire_pd_source_cap
2426edb571f5f8c2c1317b618fe6c10a095a59cf17acdd4d17ef583f63b5b5c5	tcpc_class	tcpc_class.ko	vendor_boot_platform	tcpm_inquire_pd_vconn_role
2426edb571f5f8c2c1317b618fe6c10a095a59cf17acdd4d17ef583f63b5b5c5	tcpc_class	tcpc_class.ko	vendor_boot_platform	tcpm_inquire_remote_cc
2426edb571f5f8c2c1317b618fe6c10a095a59cf17acdd4d17ef583f63b5b5c5	tcpc_class	tcpc_class.ko	vendor_boot_platform	tcpm_inquire_select_source_cap
2426edb571f5f8c2c1317b618fe6c10a095a59cf17acdd4d17ef583f63b5b5c5	tcpc_class	tcpc_class.ko	vendor_boot_platform	tcpm_inquire_sink_vbus
2426edb571f5f8c2c1317b618fe6c10a095a59cf17acdd4d17ef583f63b5b5c5	tcpc_class	tcpc_class.ko	vendor_boot_platform	tcpm_inquire_typec_attach_state
2426edb571f5f8c2c1317b618fe6c10a095a59cf17acdd4d17ef583f63b5b5c5	tcpc_class	tcpc_class.ko	vendor_boot_platform	tcpm_inquire_typec_local_rp
2426edb571f5f8c2c1317b618fe6c10a095a59cf17acdd4d17ef583f63b5b5c5	tcpc_class	tcpc_class.ko	vendor_boot_platform	tcpm_inquire_typec_remote_rp_curr
2426edb571f5f8c2c1317b618fe6c10a095a59cf17acdd4d17ef583f63b5b5c5	tcpc_class	tcpc_class.ko	vendor_boot_platform	tcpm_inquire_typec_role
2426edb571f5f8c2c1317b618fe6c10a095a59cf17acdd4d17ef583f63b5b5c5	tcpc_class	tcpc_class.ko	vendor_boot_platform	tcpm_inquire_typec_role_def
2426edb571f5f8c2c1317b618fe6c10a095a59cf17acdd4d17ef583f63b5b5c5	tcpc_class	tcpc_class.ko	vendor_boot_platform	tcpm_inquire_usb_comm
2426edb571f5f8c2c1317b618fe6c10a095a59cf17acdd4d17ef583f63b5b5c5	tcpc_class	tcpc_class.ko	vendor_boot_platform	tcpm_inquire_vbus_level
2426edb571f5f8c2c1317b618fe6c10a095a59cf17acdd4d17ef583f63b5b5c5	tcpc_class	tcpc_class.ko	vendor_boot_platform	tcpm_notify_vbus_stable
2426edb571f5f8c2c1317b618fe6c10a095a59cf17acdd4d17ef583f63b5b5c5	tcpc_class	tcpc_class.ko	vendor_boot_platform	tcpm_reset_pd_charging_policy
2426edb571f5f8c2c1317b618fe6c10a095a59cf17acdd4d17ef583f63b5b5c5	tcpc_class	tcpc_class.ko	vendor_boot_platform	tcpm_resume
2426edb571f5f8c2c1317b618fe6c10a095a59cf17acdd4d17ef583f63b5b5c5	tcpc_class	tcpc_class.ko	vendor_boot_platform	tcpm_set_apdo_charging_policy
2426edb571f5f8c2c1317b618fe6c10a095a59cf17acdd4d17ef583f63b5b5c5	tcpc_class	tcpc_class.ko	vendor_boot_platform	tcpm_set_direct_charge_en
2426edb571f5f8c2c1317b618fe6c10a095a59cf17acdd4d17ef583f63b5b5c5	tcpc_class	tcpc_class.ko	vendor_boot_platform	tcpm_set_dpm_caps
2426edb571f5f8c2c1317b618fe6c10a095a59cf17acdd4d17ef583f63b5b5c5	tcpc_class	tcpc_class.ko	vendor_boot_platform	tcpm_set_exit_attached_snk_via_cc
2426edb571f5f8c2c1317b618fe6c10a095a59cf17acdd4d17ef583f63b5b5c5	tcpc_class	tcpc_class.ko	vendor_boot_platform	tcpm_set_pd_charging_policy
2426edb571f5f8c2c1317b618fe6c10a095a59cf17acdd4d17ef583f63b5b5c5	tcpc_class	tcpc_class.ko	vendor_boot_platform	tcpm_set_pd_charging_policy_default
2426edb571f5f8c2c1317b618fe6c10a095a59cf17acdd4d17ef583f63b5b5c5	tcpc_class	tcpc_class.ko	vendor_boot_platform	tcpm_set_pd_local_source_cap
2426edb571f5f8c2c1317b618fe6c10a095a59cf17acdd4d17ef583f63b5b5c5	tcpc_class	tcpc_class.ko	vendor_boot_platform	tcpm_shutdown
2426edb571f5f8c2c1317b618fe6c10a095a59cf17acdd4d17ef583f63b5b5c5	tcpc_class	tcpc_class.ko	vendor_boot_platform	tcpm_suspend
2426edb571f5f8c2c1317b618fe6c10a095a59cf17acdd4d17ef583f63b5b5c5	tcpc_class	tcpc_class.ko	vendor_boot_platform	tcpm_typec_change_role
2426edb571f5f8c2c1317b618fe6c10a095a59cf17acdd4d17ef583f63b5b5c5	tcpc_class	tcpc_class.ko	vendor_boot_platform	tcpm_typec_change_role_postpone
2426edb571f5f8c2c1317b618fe6c10a095a59cf17acdd4d17ef583f63b5b5c5	tcpc_class	tcpc_class.ko	vendor_boot_platform	tcpm_typec_disable_function
2426edb571f5f8c2c1317b618fe6c10a095a59cf17acdd4d17ef583f63b5b5c5	tcpc_class	tcpc_class.ko	vendor_boot_platform	tcpm_typec_error_recovery
2426edb571f5f8c2c1317b618fe6c10a095a59cf17acdd4d17ef583f63b5b5c5	tcpc_class	tcpc_class.ko	vendor_boot_platform	tcpm_typec_role_swap
2426edb571f5f8c2c1317b618fe6c10a095a59cf17acdd4d17ef583f63b5b5c5	tcpc_class	tcpc_class.ko	vendor_boot_platform	tcpm_typec_set_rp_level
2426edb571f5f8c2c1317b618fe6c10a095a59cf17acdd4d17ef583f63b5b5c5	tcpc_class	tcpc_class.ko	vendor_boot_platform	tcpm_typec_set_usb_sink_curr
2426edb571f5f8c2c1317b618fe6c10a095a59cf17acdd4d17ef583f63b5b5c5	tcpc_class	tcpc_class.ko	vendor_boot_platform	tcpm_update_bat_last_full
2426edb571f5f8c2c1317b618fe6c10a095a59cf17acdd4d17ef583f63b5b5c5	tcpc_class	tcpc_class.ko	vendor_boot_platform	tcpm_update_bat_status_soc
2426edb571f5f8c2c1317b618fe6c10a095a59cf17acdd4d17ef583f63b5b5c5	tcpc_class	tcpc_class.ko	vendor_boot_platform	tcpm_update_bat_status_wh
2426edb571f5f8c2c1317b618fe6c10a095a59cf17acdd4d17ef583f63b5b5c5	tcpc_class	tcpc_class.ko	vendor_boot_platform	tcpm_update_pd_status_bat_input
2426edb571f5f8c2c1317b618fe6c10a095a59cf17acdd4d17ef583f63b5b5c5	tcpc_class	tcpc_class.ko	vendor_boot_platform	tcpm_update_pd_status_event
2426edb571f5f8c2c1317b618fe6c10a095a59cf17acdd4d17ef583f63b5b5c5	tcpc_class	tcpc_class.ko	vendor_boot_platform	tcpm_update_pd_status_input
2426edb571f5f8c2c1317b618fe6c10a095a59cf17acdd4d17ef583f63b5b5c5	tcpc_class	tcpc_class.ko	vendor_boot_platform	tcpm_update_pd_status_temp
2426edb571f5f8c2c1317b618fe6c10a095a59cf17acdd4d17ef583f63b5b5c5	tcpc_class	tcpc_class.ko	vendor_boot_platform	unregister_tcp_dev_notifier
25a1735dacd0601c5462440de58629b675e31cb6858ff354df43045cd83c4727	can_dev	can-dev.ko	system_dlkm	alloc_can_err_skb
25a1735dacd0601c5462440de58629b675e31cb6858ff354df43045cd83c4727	can_dev	can-dev.ko	system_dlkm	alloc_can_skb
25a1735dacd0601c5462440de58629b675e31cb6858ff354df43045cd83c4727	can_dev	can-dev.ko	system_dlkm	alloc_candev_mqs
25a1735dacd0601c5462440de58629b675e31cb6858ff354df43045cd83c4727	can_dev	can-dev.ko	system_dlkm	alloc_canfd_skb
25a1735dacd0601c5462440de58629b675e31cb6858ff354df43045cd83c4727	can_dev	can-dev.ko	system_dlkm	alloc_canxl_skb
25a1735dacd0601c5462440de58629b675e31cb6858ff354df43045cd83c4727	can_dev	can-dev.ko	system_dlkm	can_bus_off
25a1735dacd0601c5462440de58629b675e31cb6858ff354df43045cd83c4727	can_dev	can-dev.ko	system_dlkm	can_change_mtu
25a1735dacd0601c5462440de58629b675e31cb6858ff354df43045cd83c4727	can_dev	can-dev.ko	system_dlkm	can_change_state
25a1735dacd0601c5462440de58629b675e31cb6858ff354df43045cd83c4727	can_dev	can-dev.ko	system_dlkm	can_dropped_invalid_skb
25a1735dacd0601c5462440de58629b675e31cb6858ff354df43045cd83c4727	can_dev	can-dev.ko	system_dlkm	can_eth_ioctl_hwts
25a1735dacd0601c5462440de58629b675e31cb6858ff354df43045cd83c4727	can_dev	can-dev.ko	system_dlkm	can_ethtool_op_get_ts_info_hwts
25a1735dacd0601c5462440de58629b675e31cb6858ff354df43045cd83c4727	can_dev	can-dev.ko	system_dlkm	can_fd_dlc2len
25a1735dacd0601c5462440de58629b675e31cb6858ff354df43045cd83c4727	can_dev	can-dev.ko	system_dlkm	can_fd_len2dlc
25a1735dacd0601c5462440de58629b675e31cb6858ff354df43045cd83c4727	can_dev	can-dev.ko	system_dlkm	can_free_echo_skb
25a1735dacd0601c5462440de58629b675e31cb6858ff354df43045cd83c4727	can_dev	can-dev.ko	system_dlkm	can_get_echo_skb
25a1735dacd0601c5462440de58629b675e31cb6858ff354df43045cd83c4727	can_dev	can-dev.ko	system_dlkm	can_get_state_str
25a1735dacd0601c5462440de58629b675e31cb6858ff354df43045cd83c4727	can_dev	can-dev.ko	system_dlkm	can_put_echo_skb
25a1735dacd0601c5462440de58629b675e31cb6858ff354df43045cd83c4727	can_dev	can-dev.ko	system_dlkm	can_rx_offload_add_fifo
25a1735dacd0601c5462440de58629b675e31cb6858ff354df43045cd83c4727	can_dev	can-dev.ko	system_dlkm	can_rx_offload_add_manual
25a1735dacd0601c5462440de58629b675e31cb6858ff354df43045cd83c4727	can_dev	can-dev.ko	system_dlkm	can_rx_offload_add_timestamp
25a1735dacd0601c5462440de58629b675e31cb6858ff354df43045cd83c4727	can_dev	can-dev.ko	system_dlkm	can_rx_offload_del
25a1735dacd0601c5462440de58629b675e31cb6858ff354df43045cd83c4727	can_dev	can-dev.ko	system_dlkm	can_rx_offload_enable
25a1735dacd0601c5462440de58629b675e31cb6858ff354df43045cd83c4727	can_dev	can-dev.ko	system_dlkm	can_rx_offload_get_echo_skb
25a1735dacd0601c5462440de58629b675e31cb6858ff354df43045cd83c4727	can_dev	can-dev.ko	system_dlkm	can_rx_offload_irq_finish
25a1735dacd0601c5462440de58629b675e31cb6858ff354df43045cd83c4727	can_dev	can-dev.ko	system_dlkm	can_rx_offload_irq_offload_fifo
25a1735dacd0601c5462440de58629b675e31cb6858ff354df43045cd83c4727	can_dev	can-dev.ko	system_dlkm	can_rx_offload_irq_offload_timestamp
25a1735dacd0601c5462440de58629b675e31cb6858ff354df43045cd83c4727	can_dev	can-dev.ko	system_dlkm	can_rx_offload_queue_tail
25a1735dacd0601c5462440de58629b675e31cb6858ff354df43045cd83c4727	can_dev	can-dev.ko	system_dlkm	can_rx_offload_queue_timestamp
25a1735dacd0601c5462440de58629b675e31cb6858ff354df43045cd83c4727	can_dev	can-dev.ko	system_dlkm	can_rx_offload_threaded_irq_finish
25a1735dacd0601c5462440de58629b675e31cb6858ff354df43045cd83c4727	can_dev	can-dev.ko	system_dlkm	can_skb_get_frame_len
25a1735dacd0601c5462440de58629b675e31cb6858ff354df43045cd83c4727	can_dev	can-dev.ko	system_dlkm	close_candev
25a1735dacd0601c5462440de58629b675e31cb6858ff354df43045cd83c4727	can_dev	can-dev.ko	system_dlkm	free_candev
25a1735dacd0601c5462440de58629b675e31cb6858ff354df43045cd83c4727	can_dev	can-dev.ko	system_dlkm	of_can_transceiver
25a1735dacd0601c5462440de58629b675e31cb6858ff354df43045cd83c4727	can_dev	can-dev.ko	system_dlkm	open_candev
25a1735dacd0601c5462440de58629b675e31cb6858ff354df43045cd83c4727	can_dev	can-dev.ko	system_dlkm	register_candev
25a1735dacd0601c5462440de58629b675e31cb6858ff354df43045cd83c4727	can_dev	can-dev.ko	system_dlkm	safe_candev_priv
25a1735dacd0601c5462440de58629b675e31cb6858ff354df43045cd83c4727	can_dev	can-dev.ko	system_dlkm	unregister_candev
260543bfa2e5ade98efd0dae151a4738be4a58adaddc674ba6cdfedfd7f103bd	gpueb	gpueb.ko	vendor_dlkm	get_gpueb_ipidev
260543bfa2e5ade98efd0dae151a4738be4a58adaddc674ba6cdfedfd7f103bd	gpueb	gpueb.ko	vendor_dlkm	gpueb_clr_mbox1_irq
260543bfa2e5ade98efd0dae151a4738be4a58adaddc674ba6cdfedfd7f103bd	gpueb	gpueb.ko	vendor_dlkm	gpueb_dump_status
260543bfa2e5ade98efd0dae151a4738be4a58adaddc674ba6cdfedfd7f103bd	gpueb	gpueb.ko	vendor_dlkm	gpueb_get_gpr_addr
260543bfa2e5ade98efd0dae151a4738be4a58adaddc674ba6cdfedfd7f103bd	gpueb	gpueb.ko	vendor_dlkm	gpueb_get_mbox1_irq
260543bfa2e5ade98efd0dae151a4738be4a58adaddc674ba6cdfedfd7f103bd	gpueb	gpueb.ko	vendor_dlkm	gpueb_get_recv_PIN_ID_by_name
260543bfa2e5ade98efd0dae151a4738be4a58adaddc674ba6cdfedfd7f103bd	gpueb	gpueb.ko	vendor_dlkm	gpueb_get_reserve_mem_phys
260543bfa2e5ade98efd0dae151a4738be4a58adaddc674ba6cdfedfd7f103bd	gpueb	gpueb.ko	vendor_dlkm	gpueb_get_reserve_mem_phys_by_name
260543bfa2e5ade98efd0dae151a4738be4a58adaddc674ba6cdfedfd7f103bd	gpueb	gpueb.ko	vendor_dlkm	gpueb_get_reserve_mem_size
260543bfa2e5ade98efd0dae151a4738be4a58adaddc674ba6cdfedfd7f103bd	gpueb	gpueb.ko	vendor_dlkm	gpueb_get_reserve_mem_size_by_name
260543bfa2e5ade98efd0dae151a4738be4a58adaddc674ba6cdfedfd7f103bd	gpueb	gpueb.ko	vendor_dlkm	gpueb_get_reserve_mem_virt
260543bfa2e5ade98efd0dae151a4738be4a58adaddc674ba6cdfedfd7f103bd	gpueb	gpueb.ko	vendor_dlkm	gpueb_get_reserve_mem_virt_by_name
260543bfa2e5ade98efd0dae151a4738be4a58adaddc674ba6cdfedfd7f103bd	gpueb	gpueb.ko	vendor_dlkm	gpueb_get_send_PIN_ID_by_name
260543bfa2e5ade98efd0dae151a4738be4a58adaddc674ba6cdfedfd7f103bd	gpueb	gpueb.ko	vendor_dlkm	gpueb_trigger_wdt
260d2bba5e481bae3228398aa85018c14b09dda795962b379a772daa05758469	apu_top	apu_top.ko	vendor_dlkm	apu_boot_host
260d2bba5e481bae3228398aa85018c14b09dda795962b379a772daa05758469	apu_top	apu_top.ko	vendor_dlkm	apu_device_power_off
260d2bba5e481bae3228398aa85018c14b09dda795962b379a772daa05758469	apu_top	apu_top.ko	vendor_dlkm	apu_device_power_on
260d2bba5e481bae3228398aa85018c14b09dda795962b379a772daa05758469	apu_top	apu_top.ko	vendor_dlkm	apu_device_power_suspend
260d2bba5e481bae3228398aa85018c14b09dda795962b379a772daa05758469	apu_top	apu_top.ko	vendor_dlkm	apu_device_set_opp
260d2bba5e481bae3228398aa85018c14b09dda795962b379a772daa05758469	apu_top	apu_top.ko	vendor_dlkm	apu_get_power_info
260d2bba5e481bae3228398aa85018c14b09dda795962b379a772daa05758469	apu_top	apu_top.ko	vendor_dlkm	apu_get_power_on_status
260d2bba5e481bae3228398aa85018c14b09dda795962b379a772daa05758469	apu_top	apu_top.ko	vendor_dlkm	apu_power_callback_device_register
260d2bba5e481bae3228398aa85018c14b09dda795962b379a772daa05758469	apu_top	apu_top.ko	vendor_dlkm	apu_power_callback_device_unregister
260d2bba5e481bae3228398aa85018c14b09dda795962b379a772daa05758469	apu_top	apu_top.ko	vendor_dlkm	apu_power_device_register
260d2bba5e481bae3228398aa85018c14b09dda795962b379a772daa05758469	apu_top	apu_top.ko	vendor_dlkm	apu_power_device_unregister
260d2bba5e481bae3228398aa85018c14b09dda795962b379a772daa05758469	apu_top	apu_top.ko	vendor_dlkm	apu_power_drv_exit
260d2bba5e481bae3228398aa85018c14b09dda795962b379a772daa05758469	apu_top	apu_top.ko	vendor_dlkm	apu_power_drv_init
260d2bba5e481bae3228398aa85018c14b09dda795962b379a772daa05758469	apu_top	apu_top.ko	vendor_dlkm	apu_power_reg_dump
260d2bba5e481bae3228398aa85018c14b09dda795962b379a772daa05758469	apu_top	apu_top.ko	vendor_dlkm	apu_qos_set_vcore
260d2bba5e481bae3228398aa85018c14b09dda795962b379a772daa05758469	apu_top	apu_top.ko	vendor_dlkm	apupw_get_tag
260d2bba5e481bae3228398aa85018c14b09dda795962b379a772daa05758469	apu_top	apu_top.ko	vendor_dlkm	apusys_boost_value_to_opp
260d2bba5e481bae3228398aa85018c14b09dda795962b379a772daa05758469	apu_top	apu_top.ko	vendor_dlkm	apusys_get_ceiling_opp
260d2bba5e481bae3228398aa85018c14b09dda795962b379a772daa05758469	apu_top	apu_top.ko	vendor_dlkm	apusys_get_opp
260d2bba5e481bae3228398aa85018c14b09dda795962b379a772daa05758469	apu_top	apu_top.ko	vendor_dlkm	apusys_opp_to_freq
260d2bba5e481bae3228398aa85018c14b09dda795962b379a772daa05758469	apu_top	apu_top.ko	vendor_dlkm	apusys_power_check
26a5f7b50bc4a2e85d84584ace88b97a94b7d4c16c47a758d9b6a7b624a8a925	rfkill	rfkill.ko	system_dlkm	rfkill_alloc
26a5f7b50bc4a2e85d84584ace88b97a94b7d4c16c47a758d9b6a7b624a8a925	rfkill	rfkill.ko	system_dlkm	rfkill_blocked
26a5f7b50bc4a2e85d84584ace88b97a94b7d4c16c47a758d9b6a7b624a8a925	rfkill	rfkill.ko	system_dlkm	rfkill_destroy
26a5f7b50bc4a2e85d84584ace88b97a94b7d4c16c47a758d9b6a7b624a8a925	rfkill	rfkill.ko	system_dlkm	rfkill_find_type
26a5f7b50bc4a2e85d84584ace88b97a94b7d4c16c47a758d9b6a7b624a8a925	rfkill	rfkill.ko	system_dlkm	rfkill_get_led_trigger_name
26a5f7b50bc4a2e85d84584ace88b97a94b7d4c16c47a758d9b6a7b624a8a925	rfkill	rfkill.ko	system_dlkm	rfkill_init_sw_state
26a5f7b50bc4a2e85d84584ace88b97a94b7d4c16c47a758d9b6a7b624a8a925	rfkill	rfkill.ko	system_dlkm	rfkill_pause_polling
26a5f7b50bc4a2e85d84584ace88b97a94b7d4c16c47a758d9b6a7b624a8a925	rfkill	rfkill.ko	system_dlkm	rfkill_register
26a5f7b50bc4a2e85d84584ace88b97a94b7d4c16c47a758d9b6a7b624a8a925	rfkill	rfkill.ko	system_dlkm	rfkill_resume_polling
26a5f7b50bc4a2e85d84584ace88b97a94b7d4c16c47a758d9b6a7b624a8a925	rfkill	rfkill.ko	system_dlkm	rfkill_set_hw_state_reason
26a5f7b50bc4a2e85d84584ace88b97a94b7d4c16c47a758d9b6a7b624a8a925	rfkill	rfkill.ko	system_dlkm	rfkill_set_led_trigger_name
26a5f7b50bc4a2e85d84584ace88b97a94b7d4c16c47a758d9b6a7b624a8a925	rfkill	rfkill.ko	system_dlkm	rfkill_set_states
26a5f7b50bc4a2e85d84584ace88b97a94b7d4c16c47a758d9b6a7b624a8a925	rfkill	rfkill.ko	system_dlkm	rfkill_set_sw_state
26a5f7b50bc4a2e85d84584ace88b97a94b7d4c16c47a758d9b6a7b624a8a925	rfkill	rfkill.ko	system_dlkm	rfkill_soft_blocked
26a5f7b50bc4a2e85d84584ace88b97a94b7d4c16c47a758d9b6a7b624a8a925	rfkill	rfkill.ko	system_dlkm	rfkill_unregister
26ad313b4497c36ce9775a3d3fde6b9ba40e3afe52aa68f7532dd08d5cdb2118	l2tp_core	l2tp_core.ko	system_dlkm	l2tp_recv_common
26ad313b4497c36ce9775a3d3fde6b9ba40e3afe52aa68f7532dd08d5cdb2118	l2tp_core	l2tp_core.ko	system_dlkm	l2tp_session_create
26ad313b4497c36ce9775a3d3fde6b9ba40e3afe52aa68f7532dd08d5cdb2118	l2tp_core	l2tp_core.ko	system_dlkm	l2tp_session_dec_refcount
26ad313b4497c36ce9775a3d3fde6b9ba40e3afe52aa68f7532dd08d5cdb2118	l2tp_core	l2tp_core.ko	system_dlkm	l2tp_session_delete
26ad313b4497c36ce9775a3d3fde6b9ba40e3afe52aa68f7532dd08d5cdb2118	l2tp_core	l2tp_core.ko	system_dlkm	l2tp_session_get
26ad313b4497c36ce9775a3d3fde6b9ba40e3afe52aa68f7532dd08d5cdb2118	l2tp_core	l2tp_core.ko	system_dlkm	l2tp_session_get_by_ifname
26ad313b4497c36ce9775a3d3fde6b9ba40e3afe52aa68f7532dd08d5cdb2118	l2tp_core	l2tp_core.ko	system_dlkm	l2tp_session_get_nth
26ad313b4497c36ce9775a3d3fde6b9ba40e3afe52aa68f7532dd08d5cdb2118	l2tp_core	l2tp_core.ko	system_dlkm	l2tp_session_inc_refcount
26ad313b4497c36ce9775a3d3fde6b9ba40e3afe52aa68f7532dd08d5cdb2118	l2tp_core	l2tp_core.ko	system_dlkm	l2tp_session_register
26ad313b4497c36ce9775a3d3fde6b9ba40e3afe52aa68f7532dd08d5cdb2118	l2tp_core	l2tp_core.ko	system_dlkm	l2tp_session_set_header_len
26ad313b4497c36ce9775a3d3fde6b9ba40e3afe52aa68f7532dd08d5cdb2118	l2tp_core	l2tp_core.ko	system_dlkm	l2tp_sk_to_tunnel
26ad313b4497c36ce9775a3d3fde6b9ba40e3afe52aa68f7532dd08d5cdb2118	l2tp_core	l2tp_core.ko	system_dlkm	l2tp_tunnel_create
26ad313b4497c36ce9775a3d3fde6b9ba40e3afe52aa68f7532dd08d5cdb2118	l2tp_core	l2tp_core.ko	system_dlkm	l2tp_tunnel_dec_refcount
26ad313b4497c36ce9775a3d3fde6b9ba40e3afe52aa68f7532dd08d5cdb2118	l2tp_core	l2tp_core.ko	system_dlkm	l2tp_tunnel_delete
26ad313b4497c36ce9775a3d3fde6b9ba40e3afe52aa68f7532dd08d5cdb2118	l2tp_core	l2tp_core.ko	system_dlkm	l2tp_tunnel_get
26ad313b4497c36ce9775a3d3fde6b9ba40e3afe52aa68f7532dd08d5cdb2118	l2tp_core	l2tp_core.ko	system_dlkm	l2tp_tunnel_get_nth
26ad313b4497c36ce9775a3d3fde6b9ba40e3afe52aa68f7532dd08d5cdb2118	l2tp_core	l2tp_core.ko	system_dlkm	l2tp_tunnel_get_session
26ad313b4497c36ce9775a3d3fde6b9ba40e3afe52aa68f7532dd08d5cdb2118	l2tp_core	l2tp_core.ko	system_dlkm	l2tp_tunnel_inc_refcount
26ad313b4497c36ce9775a3d3fde6b9ba40e3afe52aa68f7532dd08d5cdb2118	l2tp_core	l2tp_core.ko	system_dlkm	l2tp_tunnel_register
26ad313b4497c36ce9775a3d3fde6b9ba40e3afe52aa68f7532dd08d5cdb2118	l2tp_core	l2tp_core.ko	system_dlkm	l2tp_udp_encap_recv
26ad313b4497c36ce9775a3d3fde6b9ba40e3afe52aa68f7532dd08d5cdb2118	l2tp_core	l2tp_core.ko	system_dlkm	l2tp_xmit_skb
275b65d6694371b0019024d844b205112af4ed1d7ad7afee507111ed878decb0	mtk_lpm	mtk-lpm.ko	vendor_dlkm	__SCK__tp_func_SPM__resource_req_0
275b65d6694371b0019024d844b205112af4ed1d7ad7afee507111ed878decb0	mtk_lpm	mtk-lpm.ko	vendor_dlkm	__SCK__tp_func_lpm_trace
275b65d6694371b0019024d844b205112af4ed1d7ad7afee507111ed878decb0	mtk_lpm	mtk-lpm.ko	vendor_dlkm	__traceiter_SPM__resource_req_0
275b65d6694371b0019024d844b205112af4ed1d7ad7afee507111ed878decb0	mtk_lpm	mtk-lpm.ko	vendor_dlkm	__traceiter_lpm_trace
275b65d6694371b0019024d844b205112af4ed1d7ad7afee507111ed878decb0	mtk_lpm	mtk-lpm.ko	vendor_dlkm	__tracepoint_SPM__resource_req_0
275b65d6694371b0019024d844b205112af4ed1d7ad7afee507111ed878decb0	mtk_lpm	mtk-lpm.ko	vendor_dlkm	__tracepoint_lpm_trace
275b65d6694371b0019024d844b205112af4ed1d7ad7afee507111ed878decb0	mtk_lpm	mtk-lpm.ko	vendor_dlkm	lpm_callee_get_impl
275b65d6694371b0019024d844b205112af4ed1d7ad7afee507111ed878decb0	mtk_lpm	mtk-lpm.ko	vendor_dlkm	lpm_callee_put_impl
275b65d6694371b0019024d844b205112af4ed1d7ad7afee507111ed878decb0	mtk_lpm	mtk-lpm.ko	vendor_dlkm	lpm_callee_registry
275b65d6694371b0019024d844b205112af4ed1d7ad7afee507111ed878decb0	mtk_lpm	mtk-lpm.ko	vendor_dlkm	lpm_callee_unregistry
275b65d6694371b0019024d844b205112af4ed1d7ad7afee507111ed878decb0	mtk_lpm	mtk-lpm.ko	vendor_dlkm	lpm_irqremain_get
275b65d6694371b0019024d844b205112af4ed1d7ad7afee507111ed878decb0	mtk_lpm	mtk-lpm.ko	vendor_dlkm	lpm_irqremain_list_release
275b65d6694371b0019024d844b205112af4ed1d7ad7afee507111ed878decb0	mtk_lpm	mtk-lpm.ko	vendor_dlkm	lpm_irqremain_put
275b65d6694371b0019024d844b205112af4ed1d7ad7afee507111ed878decb0	mtk_lpm	mtk-lpm.ko	vendor_dlkm	lpm_issuer_register
275b65d6694371b0019024d844b205112af4ed1d7ad7afee507111ed878decb0	mtk_lpm	mtk-lpm.ko	vendor_dlkm	lpm_issuer_unregister
275b65d6694371b0019024d844b205112af4ed1d7ad7afee507111ed878decb0	mtk_lpm	mtk-lpm.ko	vendor_dlkm	lpm_model_register
275b65d6694371b0019024d844b205112af4ed1d7ad7afee507111ed878decb0	mtk_lpm	mtk-lpm.ko	vendor_dlkm	lpm_model_unregister
275b65d6694371b0019024d844b205112af4ed1d7ad7afee507111ed878decb0	mtk_lpm	mtk-lpm.ko	vendor_dlkm	lpm_notifier_register
275b65d6694371b0019024d844b205112af4ed1d7ad7afee507111ed878decb0	mtk_lpm	mtk-lpm.ko	vendor_dlkm	lpm_notifier_unregister
275b65d6694371b0019024d844b205112af4ed1d7ad7afee507111ed878decb0	mtk_lpm	mtk-lpm.ko	vendor_dlkm	lpm_platform_trace_get
275b65d6694371b0019024d844b205112af4ed1d7ad7afee507111ed878decb0	mtk_lpm	mtk-lpm.ko	vendor_dlkm	lpm_suspend_registry
275b65d6694371b0019024d844b205112af4ed1d7ad7afee507111ed878decb0	mtk_lpm	mtk-lpm.ko	vendor_dlkm	lpm_suspend_type_get
275b65d6694371b0019024d844b205112af4ed1d7ad7afee507111ed878decb0	mtk_lpm	mtk-lpm.ko	vendor_dlkm	mtk_cpuidle_sysfs_entry_node_add
275b65d6694371b0019024d844b205112af4ed1d7ad7afee507111ed878decb0	mtk_lpm	mtk-lpm.ko	vendor_dlkm	mtk_cpuidle_sysfs_entry_node_remove
275b65d6694371b0019024d844b205112af4ed1d7ad7afee507111ed878decb0	mtk_lpm	mtk-lpm.ko	vendor_dlkm	mtk_cpuidle_sysfs_entry_root_get
275b65d6694371b0019024d844b205112af4ed1d7ad7afee507111ed878decb0	mtk_lpm	mtk-lpm.ko	vendor_dlkm	mtk_cpuidle_sysfs_remove
275b65d6694371b0019024d844b205112af4ed1d7ad7afee507111ed878decb0	mtk_lpm	mtk-lpm.ko	vendor_dlkm	mtk_cpuidle_sysfs_root_entry_create
275b65d6694371b0019024d844b205112af4ed1d7ad7afee507111ed878decb0	mtk_lpm	mtk-lpm.ko	vendor_dlkm	mtk_cpuidle_sysfs_sub_entry_add
275b65d6694371b0019024d844b205112af4ed1d7ad7afee507111ed878decb0	mtk_lpm	mtk-lpm.ko	vendor_dlkm	mtk_cpuidle_sysfs_sub_entry_node_add
275b65d6694371b0019024d844b205112af4ed1d7ad7afee507111ed878decb0	mtk_lpm	mtk-lpm.ko	vendor_dlkm	mtk_lp_sysfs_entry_func_create
275b65d6694371b0019024d844b205112af4ed1d7ad7afee507111ed878decb0	mtk_lpm	mtk-lpm.ko	vendor_dlkm	mtk_lp_sysfs_entry_func_group_create
275b65d6694371b0019024d844b205112af4ed1d7ad7afee507111ed878decb0	mtk_lpm	mtk-lpm.ko	vendor_dlkm	mtk_lp_sysfs_entry_func_node_add
275b65d6694371b0019024d844b205112af4ed1d7ad7afee507111ed878decb0	mtk_lpm	mtk-lpm.ko	vendor_dlkm	mtk_lp_sysfs_entry_func_node_remove
275b65d6694371b0019024d844b205112af4ed1d7ad7afee507111ed878decb0	mtk_lpm	mtk-lpm.ko	vendor_dlkm	mtk_lpm_sysfs_entry_node_add
275b65d6694371b0019024d844b205112af4ed1d7ad7afee507111ed878decb0	mtk_lpm	mtk-lpm.ko	vendor_dlkm	mtk_lpm_sysfs_entry_node_remove
275b65d6694371b0019024d844b205112af4ed1d7ad7afee507111ed878decb0	mtk_lpm	mtk-lpm.ko	vendor_dlkm	mtk_lpm_sysfs_entry_root_get
275b65d6694371b0019024d844b205112af4ed1d7ad7afee507111ed878decb0	mtk_lpm	mtk-lpm.ko	vendor_dlkm	mtk_lpm_sysfs_remove
275b65d6694371b0019024d844b205112af4ed1d7ad7afee507111ed878decb0	mtk_lpm	mtk-lpm.ko	vendor_dlkm	mtk_lpm_sysfs_root_entry_create
275b65d6694371b0019024d844b205112af4ed1d7ad7afee507111ed878decb0	mtk_lpm	mtk-lpm.ko	vendor_dlkm	mtk_lpm_sysfs_sub_entry_add
275b65d6694371b0019024d844b205112af4ed1d7ad7afee507111ed878decb0	mtk_lpm	mtk-lpm.ko	vendor_dlkm	mtk_lpm_sysfs_sub_entry_node_add
275b65d6694371b0019024d844b205112af4ed1d7ad7afee507111ed878decb0	mtk_lpm	mtk-lpm.ko	vendor_dlkm	mtk_spm_sysfs_entry_node_add
275b65d6694371b0019024d844b205112af4ed1d7ad7afee507111ed878decb0	mtk_lpm	mtk-lpm.ko	vendor_dlkm	mtk_spm_sysfs_entry_node_remove
275b65d6694371b0019024d844b205112af4ed1d7ad7afee507111ed878decb0	mtk_lpm	mtk-lpm.ko	vendor_dlkm	mtk_spm_sysfs_entry_root_get
275b65d6694371b0019024d844b205112af4ed1d7ad7afee507111ed878decb0	mtk_lpm	mtk-lpm.ko	vendor_dlkm	mtk_spm_sysfs_root_entry_create
275b65d6694371b0019024d844b205112af4ed1d7ad7afee507111ed878decb0	mtk_lpm	mtk-lpm.ko	vendor_dlkm	mtk_suspend_sysfs_entry_node_add
275b65d6694371b0019024d844b205112af4ed1d7ad7afee507111ed878decb0	mtk_lpm	mtk-lpm.ko	vendor_dlkm	mtk_suspend_sysfs_entry_node_remove
275b65d6694371b0019024d844b205112af4ed1d7ad7afee507111ed878decb0	mtk_lpm	mtk-lpm.ko	vendor_dlkm	mtk_suspend_sysfs_entry_root_get
275b65d6694371b0019024d844b205112af4ed1d7ad7afee507111ed878decb0	mtk_lpm	mtk-lpm.ko	vendor_dlkm	mtk_suspend_sysfs_root_entry_create
27b4eb51f483c27af58f2a154fe8b063609da56a16ae80ff66a25a21887faee8	mtk_ioctl_powerhal	mtk_ioctl_powerhal.ko	vendor_dlkm	boost_get_cmd_fp
27b4eb51f483c27af58f2a154fe8b063609da56a16ae80ff66a25a21887faee8	mtk_ioctl_powerhal	mtk_ioctl_powerhal.ko	vendor_dlkm	powerhal_adpf_close_fp
27b4eb51f483c27af58f2a154fe8b063609da56a16ae80ff66a25a21887faee8	mtk_ioctl_powerhal	mtk_ioctl_powerhal.ko	vendor_dlkm	powerhal_adpf_create_session_hint_fp
27b4eb51f483c27af58f2a154fe8b063609da56a16ae80ff66a25a21887faee8	mtk_ioctl_powerhal	mtk_ioctl_powerhal.ko	vendor_dlkm	powerhal_adpf_get_hint_session_preferred_rate_fp
27b4eb51f483c27af58f2a154fe8b063609da56a16ae80ff66a25a21887faee8	mtk_ioctl_powerhal	mtk_ioctl_powerhal.ko	vendor_dlkm	powerhal_adpf_pause_fp
27b4eb51f483c27af58f2a154fe8b063609da56a16ae80ff66a25a21887faee8	mtk_ioctl_powerhal	mtk_ioctl_powerhal.ko	vendor_dlkm	powerhal_adpf_report_actual_work_duration_fp
27b4eb51f483c27af58f2a154fe8b063609da56a16ae80ff66a25a21887faee8	mtk_ioctl_powerhal	mtk_ioctl_powerhal.ko	vendor_dlkm	powerhal_adpf_resume_fp
27b4eb51f483c27af58f2a154fe8b063609da56a16ae80ff66a25a21887faee8	mtk_ioctl_powerhal	mtk_ioctl_powerhal.ko	vendor_dlkm	powerhal_adpf_sent_hint_fp
27b4eb51f483c27af58f2a154fe8b063609da56a16ae80ff66a25a21887faee8	mtk_ioctl_powerhal	mtk_ioctl_powerhal.ko	vendor_dlkm	powerhal_adpf_set_threads_fp
27b4eb51f483c27af58f2a154fe8b063609da56a16ae80ff66a25a21887faee8	mtk_ioctl_powerhal	mtk_ioctl_powerhal.ko	vendor_dlkm	powerhal_adpf_update_work_duration_fp
27b4eb51f483c27af58f2a154fe8b063609da56a16ae80ff66a25a21887faee8	mtk_ioctl_powerhal	mtk_ioctl_powerhal.ko	vendor_dlkm	powerhal_dsu_sport_mode_fp
2869b6e3917b17d6b30ff7a83ec9fe27fed4d1ede3c7ba79c3ae0fb37bb4af91	mii	mii.ko	system_dlkm	generic_mii_ioctl
2869b6e3917b17d6b30ff7a83ec9fe27fed4d1ede3c7ba79c3ae0fb37bb4af91	mii	mii.ko	system_dlkm	mii_check_gmii_support
2869b6e3917b17d6b30ff7a83ec9fe27fed4d1ede3c7ba79c3ae0fb37bb4af91	mii	mii.ko	system_dlkm	mii_check_link
2869b6e3917b17d6b30ff7a83ec9fe27fed4d1ede3c7ba79c3ae0fb37bb4af91	mii	mii.ko	system_dlkm	mii_check_media
2869b6e3917b17d6b30ff7a83ec9fe27fed4d1ede3c7ba79c3ae0fb37bb4af91	mii	mii.ko	system_dlkm	mii_ethtool_get_link_ksettings
2869b6e3917b17d6b30ff7a83ec9fe27fed4d1ede3c7ba79c3ae0fb37bb4af91	mii	mii.ko	system_dlkm	mii_ethtool_gset
2869b6e3917b17d6b30ff7a83ec9fe27fed4d1ede3c7ba79c3ae0fb37bb4af91	mii	mii.ko	system_dlkm	mii_ethtool_set_link_ksettings
2869b6e3917b17d6b30ff7a83ec9fe27fed4d1ede3c7ba79c3ae0fb37bb4af91	mii	mii.ko	system_dlkm	mii_ethtool_sset
2869b6e3917b17d6b30ff7a83ec9fe27fed4d1ede3c7ba79c3ae0fb37bb4af91	mii	mii.ko	system_dlkm	mii_link_ok
2869b6e3917b17d6b30ff7a83ec9fe27fed4d1ede3c7ba79c3ae0fb37bb4af91	mii	mii.ko	system_dlkm	mii_nway_restart
28fb6a324e432547b98f618d7981a4940dc3e5bf9b319b0181b339d3e8bd062b	mtk_disp_notify	mtk_disp_notify.ko	vendor_boot_platform	mtk_disp_notifier_call_chain
28fb6a324e432547b98f618d7981a4940dc3e5bf9b319b0181b339d3e8bd062b	mtk_disp_notify	mtk_disp_notify.ko	vendor_boot_platform	mtk_disp_notifier_register
28fb6a324e432547b98f618d7981a4940dc3e5bf9b319b0181b339d3e8bd062b	mtk_disp_notify	mtk_disp_notify.ko	vendor_boot_platform	mtk_disp_notifier_unregister
28fb6a324e432547b98f618d7981a4940dc3e5bf9b319b0181b339d3e8bd062b	mtk_disp_notify	mtk_disp_notify.ko	vendor_boot_platform	mtk_disp_sub_notifier_call_chain
28fb6a324e432547b98f618d7981a4940dc3e5bf9b319b0181b339d3e8bd062b	mtk_disp_notify	mtk_disp_notify.ko	vendor_boot_platform	mtk_disp_sub_notifier_register
28fb6a324e432547b98f618d7981a4940dc3e5bf9b319b0181b339d3e8bd062b	mtk_disp_notify	mtk_disp_notify.ko	vendor_boot_platform	mtk_disp_sub_notifier_unregister
2cc97aac6e3cb0823de2f21f23f082f22fa8df747a4c64e855e413063adb710e	hci_uart	hci_uart.ko	system_dlkm	h4_recv_buf
2cc97aac6e3cb0823de2f21f23f082f22fa8df747a4c64e855e413063adb710e	hci_uart	hci_uart.ko	system_dlkm	hci_uart_register_device
2cc97aac6e3cb0823de2f21f23f082f22fa8df747a4c64e855e413063adb710e	hci_uart	hci_uart.ko	system_dlkm	hci_uart_tx_wakeup
2cc97aac6e3cb0823de2f21f23f082f22fa8df747a4c64e855e413063adb710e	hci_uart	hci_uart.ko	system_dlkm	hci_uart_unregister_device
2cf061df48245d484e5f05a06c1e764627e05b4525e872efc9016454a127f0f9	mtk_fpsgo	mtk_fpsgo.ko	vendor_dlkm	Test_fake_trace_event
2cf061df48245d484e5f05a06c1e764627e05b4525e872efc9016454a127f0f9	mtk_fpsgo	mtk_fpsgo.ko	vendor_dlkm	Test_fbt_get_loading_exp
2cf061df48245d484e5f05a06c1e764627e05b4525e872efc9016454a127f0f9	mtk_fpsgo	mtk_fpsgo.ko	vendor_dlkm	Test_fbt_get_separatecap
2cf061df48245d484e5f05a06c1e764627e05b4525e872efc9016454a127f0f9	mtk_fpsgo	mtk_fpsgo.ko	vendor_dlkm	eara2fbt_set_2nd_t2wnt
2cf061df48245d484e5f05a06c1e764627e05b4525e872efc9016454a127f0f9	mtk_fpsgo	mtk_fpsgo.ko	vendor_dlkm	eara2fstb_get_tfps
2cf061df48245d484e5f05a06c1e764627e05b4525e872efc9016454a127f0f9	mtk_fpsgo	mtk_fpsgo.ko	vendor_dlkm	eara2fstb_tfps_mdiff
2cf061df48245d484e5f05a06c1e764627e05b4525e872efc9016454a127f0f9	mtk_fpsgo	mtk_fpsgo.ko	vendor_dlkm	eara_pre_change_fp
2cf061df48245d484e5f05a06c1e764627e05b4525e872efc9016454a127f0f9	mtk_fpsgo	mtk_fpsgo.ko	vendor_dlkm	eara_pre_change_single_fp
2cf061df48245d484e5f05a06c1e764627e05b4525e872efc9016454a127f0f9	mtk_fpsgo	mtk_fpsgo.ko	vendor_dlkm	fbt_cal_target_time_fp
2cf061df48245d484e5f05a06c1e764627e05b4525e872efc9016454a127f0f9	mtk_fpsgo	mtk_fpsgo.ko	vendor_dlkm	fbt_cal_target_time_ns
2cf061df48245d484e5f05a06c1e764627e05b4525e872efc9016454a127f0f9	mtk_fpsgo	mtk_fpsgo.ko	vendor_dlkm	fbt_cpufreq_cb_cap_fp
2cf061df48245d484e5f05a06c1e764627e05b4525e872efc9016454a127f0f9	mtk_fpsgo	mtk_fpsgo.ko	vendor_dlkm	fpsgo2msync_hint_frameinfo_fp
2cf061df48245d484e5f05a06c1e764627e05b4525e872efc9016454a127f0f9	mtk_fpsgo	mtk_fpsgo.ko	vendor_dlkm	fpsgo_ktf2comp_test_check_BQ_type
2cf061df48245d484e5f05a06c1e764627e05b4525e872efc9016454a127f0f9	mtk_fpsgo	mtk_fpsgo.ko	vendor_dlkm	fpsgo_ktf2fstb_test_fstb_hrtimer_info_update
2cf061df48245d484e5f05a06c1e764627e05b4525e872efc9016454a127f0f9	mtk_fpsgo	mtk_fpsgo.ko	vendor_dlkm	fpsgo_ktf2xgf_atomic_set
2cf061df48245d484e5f05a06c1e764627e05b4525e872efc9016454a127f0f9	mtk_fpsgo	mtk_fpsgo.ko	vendor_dlkm	fpsgo_main_trace
2cf061df48245d484e5f05a06c1e764627e05b4525e872efc9016454a127f0f9	mtk_fpsgo	mtk_fpsgo.ko	vendor_dlkm	fpsgo_other2fstb_get_fps
2cf061df48245d484e5f05a06c1e764627e05b4525e872efc9016454a127f0f9	mtk_fpsgo	mtk_fpsgo.ko	vendor_dlkm	fpsgo_other2fstb_register_info_callback
2cf061df48245d484e5f05a06c1e764627e05b4525e872efc9016454a127f0f9	mtk_fpsgo	mtk_fpsgo.ko	vendor_dlkm	fpsgo_other2fstb_register_perf_callback
2cf061df48245d484e5f05a06c1e764627e05b4525e872efc9016454a127f0f9	mtk_fpsgo	mtk_fpsgo.ko	vendor_dlkm	fpsgo_other2fstb_unregister_info_callback
2cf061df48245d484e5f05a06c1e764627e05b4525e872efc9016454a127f0f9	mtk_fpsgo	mtk_fpsgo.ko	vendor_dlkm	fpsgo_other2fstb_unregister_perf_callback
2cf061df48245d484e5f05a06c1e764627e05b4525e872efc9016454a127f0f9	mtk_fpsgo	mtk_fpsgo.ko	vendor_dlkm	fpsgo_render_tree_lock
2cf061df48245d484e5f05a06c1e764627e05b4525e872efc9016454a127f0f9	mtk_fpsgo	mtk_fpsgo.ko	vendor_dlkm	fpsgo_render_tree_unlock
2cf061df48245d484e5f05a06c1e764627e05b4525e872efc9016454a127f0f9	mtk_fpsgo	mtk_fpsgo.ko	vendor_dlkm	fpsgo_rl_create_render_in_list_fp
2cf061df48245d484e5f05a06c1e764627e05b4525e872efc9016454a127f0f9	mtk_fpsgo	mtk_fpsgo.ko	vendor_dlkm	fpsgo_rl_delete_render_info_fp
2cf061df48245d484e5f05a06c1e764627e05b4525e872efc9016454a127f0f9	mtk_fpsgo	mtk_fpsgo.ko	vendor_dlkm	fpsgo_set_last_quota_fp
2cf061df48245d484e5f05a06c1e764627e05b4525e872efc9016454a127f0f9	mtk_fpsgo	mtk_fpsgo.ko	vendor_dlkm	fpsgo_set_last_quota_fps_ori_fp
2cf061df48245d484e5f05a06c1e764627e05b4525e872efc9016454a127f0f9	mtk_fpsgo	mtk_fpsgo.ko	vendor_dlkm	fpsgo_set_last_target_t_fp
2cf061df48245d484e5f05a06c1e764627e05b4525e872efc9016454a127f0f9	mtk_fpsgo	mtk_fpsgo.ko	vendor_dlkm	fstb_delete_render_info_fp
2cf061df48245d484e5f05a06c1e764627e05b4525e872efc9016454a127f0f9	mtk_fpsgo	mtk_fpsgo.ko	vendor_dlkm	fstb_event_buffer
2cf061df48245d484e5f05a06c1e764627e05b4525e872efc9016454a127f0f9	mtk_fpsgo	mtk_fpsgo.ko	vendor_dlkm	fstb_event_buffer_size
2cf061df48245d484e5f05a06c1e764627e05b4525e872efc9016454a127f0f9	mtk_fpsgo	mtk_fpsgo.ko	vendor_dlkm	fstb_filter_poll_enable
2cf061df48245d484e5f05a06c1e764627e05b4525e872efc9016454a127f0f9	mtk_fpsgo	mtk_fpsgo.ko	vendor_dlkm	fstb_get_logic_head_trace_event_fp
2cf061df48245d484e5f05a06c1e764627e05b4525e872efc9016454a127f0f9	mtk_fpsgo	mtk_fpsgo.ko	vendor_dlkm	fstb_get_target_fps_fp
2cf061df48245d484e5f05a06c1e764627e05b4525e872efc9016454a127f0f9	mtk_fpsgo	mtk_fpsgo.ko	vendor_dlkm	fstb_no_r_timer_enable
2cf061df48245d484e5f05a06c1e764627e05b4525e872efc9016454a127f0f9	mtk_fpsgo	mtk_fpsgo.ko	vendor_dlkm	game_engine_cooler_set_last_sleep_duration_fp
2cf061df48245d484e5f05a06c1e764627e05b4525e872efc9016454a127f0f9	mtk_fpsgo	mtk_fpsgo.ko	vendor_dlkm	game_set_fps_fp
2cf061df48245d484e5f05a06c1e764627e05b4525e872efc9016454a127f0f9	mtk_fpsgo	mtk_fpsgo.ko	vendor_dlkm	game_set_heaviest_pid_fp
2cf061df48245d484e5f05a06c1e764627e05b4525e872efc9016454a127f0f9	mtk_fpsgo	mtk_fpsgo.ko	vendor_dlkm	is_fstb_active
2cf061df48245d484e5f05a06c1e764627e05b4525e872efc9016454a127f0f9	mtk_fpsgo	mtk_fpsgo.ko	vendor_dlkm	jatm_notify_fp
2cf061df48245d484e5f05a06c1e764627e05b4525e872efc9016454a127f0f9	mtk_fpsgo	mtk_fpsgo.ko	vendor_dlkm	notify_fpsgo_touch_latency_ko_ready
2cf061df48245d484e5f05a06c1e764627e05b4525e872efc9016454a127f0f9	mtk_fpsgo	mtk_fpsgo.ko	vendor_dlkm	notify_rl_ko_is_ready
2cf061df48245d484e5f05a06c1e764627e05b4525e872efc9016454a127f0f9	mtk_fpsgo	mtk_fpsgo.ko	vendor_dlkm	notify_xgf_ko_ready
2cf061df48245d484e5f05a06c1e764627e05b4525e872efc9016454a127f0f9	mtk_fpsgo	mtk_fpsgo.ko	vendor_dlkm	test_fstb_hrtimer_info_update_fp
2cf061df48245d484e5f05a06c1e764627e05b4525e872efc9016454a127f0f9	mtk_fpsgo	mtk_fpsgo.ko	vendor_dlkm	xgf_alloc
2cf061df48245d484e5f05a06c1e764627e05b4525e872efc9016454a127f0f9	mtk_fpsgo	mtk_fpsgo.ko	vendor_dlkm	xgf_alloc_array
2cf061df48245d484e5f05a06c1e764627e05b4525e872efc9016454a127f0f9	mtk_fpsgo	mtk_fpsgo.ko	vendor_dlkm	xgf_atomic_read
2cf061df48245d484e5f05a06c1e764627e05b4525e872efc9016454a127f0f9	mtk_fpsgo	mtk_fpsgo.ko	vendor_dlkm	xgf_calculate_sqrt
2cf061df48245d484e5f05a06c1e764627e05b4525e872efc9016454a127f0f9	mtk_fpsgo	mtk_fpsgo.ko	vendor_dlkm	xgf_check_main_sf_pid
2cf061df48245d484e5f05a06c1e764627e05b4525e872efc9016454a127f0f9	mtk_fpsgo	mtk_fpsgo.ko	vendor_dlkm	xgf_check_specific_pid
2cf061df48245d484e5f05a06c1e764627e05b4525e872efc9016454a127f0f9	mtk_fpsgo	mtk_fpsgo.ko	vendor_dlkm	xgf_delete_render_info_fp
2cf061df48245d484e5f05a06c1e764627e05b4525e872efc9016454a127f0f9	mtk_fpsgo	mtk_fpsgo.ko	vendor_dlkm	xgf_do_div
2cf061df48245d484e5f05a06c1e764627e05b4525e872efc9016454a127f0f9	mtk_fpsgo	mtk_fpsgo.ko	vendor_dlkm	xgf_ema2_dump_info_frames
2cf061df48245d484e5f05a06c1e764627e05b4525e872efc9016454a127f0f9	mtk_fpsgo	mtk_fpsgo.ko	vendor_dlkm	xgf_ema2_dump_rho
2cf061df48245d484e5f05a06c1e764627e05b4525e872efc9016454a127f0f9	mtk_fpsgo	mtk_fpsgo.ko	vendor_dlkm	xgf_ema2_systrace
2cf061df48245d484e5f05a06c1e764627e05b4525e872efc9016454a127f0f9	mtk_fpsgo	mtk_fpsgo.ko	vendor_dlkm	xgf_est_runtime_fp
2cf061df48245d484e5f05a06c1e764627e05b4525e872efc9016454a127f0f9	mtk_fpsgo	mtk_fpsgo.ko	vendor_dlkm	xgf_event_buffer
2cf061df48245d484e5f05a06c1e764627e05b4525e872efc9016454a127f0f9	mtk_fpsgo	mtk_fpsgo.ko	vendor_dlkm	xgf_event_buffer_size
2cf061df48245d484e5f05a06c1e764627e05b4525e872efc9016454a127f0f9	mtk_fpsgo	mtk_fpsgo.ko	vendor_dlkm	xgf_free
2cf061df48245d484e5f05a06c1e764627e05b4525e872efc9016454a127f0f9	mtk_fpsgo	mtk_fpsgo.ko	vendor_dlkm	xgf_get_logical_tid
2cf061df48245d484e5f05a06c1e764627e05b4525e872efc9016454a127f0f9	mtk_fpsgo	mtk_fpsgo.ko	vendor_dlkm	xgf_get_process_id
2cf061df48245d484e5f05a06c1e764627e05b4525e872efc9016454a127f0f9	mtk_fpsgo	mtk_fpsgo.ko	vendor_dlkm	xgf_get_runtime
2cf061df48245d484e5f05a06c1e764627e05b4525e872efc9016454a127f0f9	mtk_fpsgo	mtk_fpsgo.ko	vendor_dlkm	xgf_trace
2d54781fdc41f76dfdc0ae56dff4322df24e92793512e03456ffef1fbbb116d4	mtk_vcu	mtk-vcu.ko	vendor_dlkm	vcu_clear_codec_ctx
2d54781fdc41f76dfdc0ae56dff4322df24e92793512e03456ffef1fbbb116d4	mtk_vcu	mtk-vcu.ko	vendor_dlkm	vcu_compare_version
2d54781fdc41f76dfdc0ae56dff4322df24e92793512e03456ffef1fbbb116d4	mtk_vcu	mtk-vcu.ko	vendor_dlkm	vcu_get_ctx_ipi_binding_lock
2d54781fdc41f76dfdc0ae56dff4322df24e92793512e03456ffef1fbbb116d4	mtk_vcu	mtk-vcu.ko	vendor_dlkm	vcu_get_log
2d54781fdc41f76dfdc0ae56dff4322df24e92793512e03456ffef1fbbb116d4	mtk_vcu	mtk-vcu.ko	vendor_dlkm	vcu_get_plat_device
2d54781fdc41f76dfdc0ae56dff4322df24e92793512e03456ffef1fbbb116d4	mtk_vcu	mtk-vcu.ko	vendor_dlkm	vcu_get_task
2d54781fdc41f76dfdc0ae56dff4322df24e92793512e03456ffef1fbbb116d4	mtk_vcu	mtk-vcu.ko	vendor_dlkm	vcu_ipi_register
2d54781fdc41f76dfdc0ae56dff4322df24e92793512e03456ffef1fbbb116d4	mtk_vcu	mtk-vcu.ko	vendor_dlkm	vcu_ipi_send
2d54781fdc41f76dfdc0ae56dff4322df24e92793512e03456ffef1fbbb116d4	mtk_vcu	mtk-vcu.ko	vendor_dlkm	vcu_load_firmware
2d54781fdc41f76dfdc0ae56dff4322df24e92793512e03456ffef1fbbb116d4	mtk_vcu	mtk-vcu.ko	vendor_dlkm	vcu_mapping_dm_addr
2d54781fdc41f76dfdc0ae56dff4322df24e92793512e03456ffef1fbbb116d4	mtk_vcu	mtk-vcu.ko	vendor_dlkm	vcu_put_task
2d54781fdc41f76dfdc0ae56dff4322df24e92793512e03456ffef1fbbb116d4	mtk_vcu	mtk-vcu.ko	vendor_dlkm	vcu_set_codec_ctx
2d54781fdc41f76dfdc0ae56dff4322df24e92793512e03456ffef1fbbb116d4	mtk_vcu	mtk-vcu.ko	vendor_dlkm	vcu_set_log
2d54781fdc41f76dfdc0ae56dff4322df24e92793512e03456ffef1fbbb116d4	mtk_vcu	mtk-vcu.ko	vendor_dlkm	vcu_set_v4l2_callback
2d58b9802107c82af95adb7dbec1b038db802b27f643ddf6c3264a3871437e9b	mtk_hcp	mtk_hcp.ko	vendor_dlkm	allocate_working_buffer_helper
2d58b9802107c82af95adb7dbec1b038db802b27f643ddf6c3264a3871437e9b	mtk_hcp	mtk_hcp.ko	vendor_dlkm	isp71_allocate_working_buffer
2d58b9802107c82af95adb7dbec1b038db802b27f643ddf6c3264a3871437e9b	mtk_hcp	mtk_hcp.ko	vendor_dlkm	isp71_get_dip_cq_fd
2d58b9802107c82af95adb7dbec1b038db802b27f643ddf6c3264a3871437e9b	mtk_hcp	mtk_hcp.ko	vendor_dlkm	isp71_get_dip_tdr_fd
2d58b9802107c82af95adb7dbec1b038db802b27f643ddf6c3264a3871437e9b	mtk_hcp	mtk_hcp.ko	vendor_dlkm	isp71_get_dip_virt
2d58b9802107c82af95adb7dbec1b038db802b27f643ddf6c3264a3871437e9b	mtk_hcp	mtk_hcp.ko	vendor_dlkm	isp71_get_gce_virt
2d58b9802107c82af95adb7dbec1b038db802b27f643ddf6c3264a3871437e9b	mtk_hcp	mtk_hcp.ko	vendor_dlkm	isp71_get_hwid_virt
2d58b9802107c82af95adb7dbec1b038db802b27f643ddf6c3264a3871437e9b	mtk_hcp	mtk_hcp.ko	vendor_dlkm	isp71_get_pqdip_cq_fd
2d58b9802107c82af95adb7dbec1b038db802b27f643ddf6c3264a3871437e9b	mtk_hcp	mtk_hcp.ko	vendor_dlkm	isp71_get_pqdip_tdr_fd
2d58b9802107c82af95adb7dbec1b038db802b27f643ddf6c3264a3871437e9b	mtk_hcp	mtk_hcp.ko	vendor_dlkm	isp71_get_pqdip_virt
2d58b9802107c82af95adb7dbec1b038db802b27f643ddf6c3264a3871437e9b	mtk_hcp	mtk_hcp.ko	vendor_dlkm	isp71_get_reserve_mem_dma
2d58b9802107c82af95adb7dbec1b038db802b27f643ddf6c3264a3871437e9b	mtk_hcp	mtk_hcp.ko	vendor_dlkm	isp71_get_reserve_mem_fd
2d58b9802107c82af95adb7dbec1b038db802b27f643ddf6c3264a3871437e9b	mtk_hcp	mtk_hcp.ko	vendor_dlkm	isp71_get_reserve_mem_phys
2d58b9802107c82af95adb7dbec1b038db802b27f643ddf6c3264a3871437e9b	mtk_hcp	mtk_hcp.ko	vendor_dlkm	isp71_get_reserve_mem_size
2d58b9802107c82af95adb7dbec1b038db802b27f643ddf6c3264a3871437e9b	mtk_hcp	mtk_hcp.ko	vendor_dlkm	isp71_get_reserve_mem_virt
2d58b9802107c82af95adb7dbec1b038db802b27f643ddf6c3264a3871437e9b	mtk_hcp	mtk_hcp.ko	vendor_dlkm	isp71_get_traw_cq_fd
2d58b9802107c82af95adb7dbec1b038db802b27f643ddf6c3264a3871437e9b	mtk_hcp	mtk_hcp.ko	vendor_dlkm	isp71_get_traw_tdr_fd
2d58b9802107c82af95adb7dbec1b038db802b27f643ddf6c3264a3871437e9b	mtk_hcp	mtk_hcp.ko	vendor_dlkm	isp71_get_traw_virt
2d58b9802107c82af95adb7dbec1b038db802b27f643ddf6c3264a3871437e9b	mtk_hcp	mtk_hcp.ko	vendor_dlkm	isp71_get_wpe_cq_fd
2d58b9802107c82af95adb7dbec1b038db802b27f643ddf6c3264a3871437e9b	mtk_hcp	mtk_hcp.ko	vendor_dlkm	isp71_get_wpe_tdr_fd
2d58b9802107c82af95adb7dbec1b038db802b27f643ddf6c3264a3871437e9b	mtk_hcp	mtk_hcp.ko	vendor_dlkm	isp71_get_wpe_virt
2d58b9802107c82af95adb7dbec1b038db802b27f643ddf6c3264a3871437e9b	mtk_hcp	mtk_hcp.ko	vendor_dlkm	isp71_release_working_buffer
2d58b9802107c82af95adb7dbec1b038db802b27f643ddf6c3264a3871437e9b	mtk_hcp	mtk_hcp.ko	vendor_dlkm	isp7s_allocate_working_buffer
2d58b9802107c82af95adb7dbec1b038db802b27f643ddf6c3264a3871437e9b	mtk_hcp	mtk_hcp.ko	vendor_dlkm	isp7s_get_dip_cq_fd
2d58b9802107c82af95adb7dbec1b038db802b27f643ddf6c3264a3871437e9b	mtk_hcp	mtk_hcp.ko	vendor_dlkm	isp7s_get_dip_tdr_fd
2d58b9802107c82af95adb7dbec1b038db802b27f643ddf6c3264a3871437e9b	mtk_hcp	mtk_hcp.ko	vendor_dlkm	isp7s_get_dip_virt
2d58b9802107c82af95adb7dbec1b038db802b27f643ddf6c3264a3871437e9b	mtk_hcp	mtk_hcp.ko	vendor_dlkm	isp7s_get_gce_token_virt
2d58b9802107c82af95adb7dbec1b038db802b27f643ddf6c3264a3871437e9b	mtk_hcp	mtk_hcp.ko	vendor_dlkm	isp7s_get_gce_virt
2d58b9802107c82af95adb7dbec1b038db802b27f643ddf6c3264a3871437e9b	mtk_hcp	mtk_hcp.ko	vendor_dlkm	isp7s_get_hwid_virt
2d58b9802107c82af95adb7dbec1b038db802b27f643ddf6c3264a3871437e9b	mtk_hcp	mtk_hcp.ko	vendor_dlkm	isp7s_get_pqdip_cq_fd
2d58b9802107c82af95adb7dbec1b038db802b27f643ddf6c3264a3871437e9b	mtk_hcp	mtk_hcp.ko	vendor_dlkm	isp7s_get_pqdip_tdr_fd
2d58b9802107c82af95adb7dbec1b038db802b27f643ddf6c3264a3871437e9b	mtk_hcp	mtk_hcp.ko	vendor_dlkm	isp7s_get_pqdip_virt
2d58b9802107c82af95adb7dbec1b038db802b27f643ddf6c3264a3871437e9b	mtk_hcp	mtk_hcp.ko	vendor_dlkm	isp7s_get_reserve_mem_dma
2d58b9802107c82af95adb7dbec1b038db802b27f643ddf6c3264a3871437e9b	mtk_hcp	mtk_hcp.ko	vendor_dlkm	isp7s_get_reserve_mem_fd
2d58b9802107c82af95adb7dbec1b038db802b27f643ddf6c3264a3871437e9b	mtk_hcp	mtk_hcp.ko	vendor_dlkm	isp7s_get_reserve_mem_phys
2d58b9802107c82af95adb7dbec1b038db802b27f643ddf6c3264a3871437e9b	mtk_hcp	mtk_hcp.ko	vendor_dlkm	isp7s_get_reserve_mem_size
2d58b9802107c82af95adb7dbec1b038db802b27f643ddf6c3264a3871437e9b	mtk_hcp	mtk_hcp.ko	vendor_dlkm	isp7s_get_reserve_mem_virt
2d58b9802107c82af95adb7dbec1b038db802b27f643ddf6c3264a3871437e9b	mtk_hcp	mtk_hcp.ko	vendor_dlkm	isp7s_get_traw_cq_fd
2d58b9802107c82af95adb7dbec1b038db802b27f643ddf6c3264a3871437e9b	mtk_hcp	mtk_hcp.ko	vendor_dlkm	isp7s_get_traw_tdr_fd
2d58b9802107c82af95adb7dbec1b038db802b27f643ddf6c3264a3871437e9b	mtk_hcp	mtk_hcp.ko	vendor_dlkm	isp7s_get_traw_virt
2d58b9802107c82af95adb7dbec1b038db802b27f643ddf6c3264a3871437e9b	mtk_hcp	mtk_hcp.ko	vendor_dlkm	isp7s_get_wpe_cq_fd
2d58b9802107c82af95adb7dbec1b038db802b27f643ddf6c3264a3871437e9b	mtk_hcp	mtk_hcp.ko	vendor_dlkm	isp7s_get_wpe_tdr_fd
2d58b9802107c82af95adb7dbec1b038db802b27f643ddf6c3264a3871437e9b	mtk_hcp	mtk_hcp.ko	vendor_dlkm	isp7s_get_wpe_virt
2d58b9802107c82af95adb7dbec1b038db802b27f643ddf6c3264a3871437e9b	mtk_hcp	mtk_hcp.ko	vendor_dlkm	isp7s_release_gce_working_buffer
2d58b9802107c82af95adb7dbec1b038db802b27f643ddf6c3264a3871437e9b	mtk_hcp	mtk_hcp.ko	vendor_dlkm	isp7s_release_working_buffer
2d58b9802107c82af95adb7dbec1b038db802b27f643ddf6c3264a3871437e9b	mtk_hcp	mtk_hcp.ko	vendor_dlkm	isp7sp_allocate_working_buffer
2d58b9802107c82af95adb7dbec1b038db802b27f643ddf6c3264a3871437e9b	mtk_hcp	mtk_hcp.ko	vendor_dlkm	isp7sp_get_dip_cq_fd
2d58b9802107c82af95adb7dbec1b038db802b27f643ddf6c3264a3871437e9b	mtk_hcp	mtk_hcp.ko	vendor_dlkm	isp7sp_get_dip_tdr_fd
2d58b9802107c82af95adb7dbec1b038db802b27f643ddf6c3264a3871437e9b	mtk_hcp	mtk_hcp.ko	vendor_dlkm	isp7sp_get_dip_virt
2d58b9802107c82af95adb7dbec1b038db802b27f643ddf6c3264a3871437e9b	mtk_hcp	mtk_hcp.ko	vendor_dlkm	isp7sp_get_gce_token_virt
2d58b9802107c82af95adb7dbec1b038db802b27f643ddf6c3264a3871437e9b	mtk_hcp	mtk_hcp.ko	vendor_dlkm	isp7sp_get_gce_virt
2d58b9802107c82af95adb7dbec1b038db802b27f643ddf6c3264a3871437e9b	mtk_hcp	mtk_hcp.ko	vendor_dlkm	isp7sp_get_hwid_virt
2d58b9802107c82af95adb7dbec1b038db802b27f643ddf6c3264a3871437e9b	mtk_hcp	mtk_hcp.ko	vendor_dlkm	isp7sp_get_pqdip_cq_fd
2d58b9802107c82af95adb7dbec1b038db802b27f643ddf6c3264a3871437e9b	mtk_hcp	mtk_hcp.ko	vendor_dlkm	isp7sp_get_pqdip_tdr_fd
2d58b9802107c82af95adb7dbec1b038db802b27f643ddf6c3264a3871437e9b	mtk_hcp	mtk_hcp.ko	vendor_dlkm	isp7sp_get_pqdip_virt
2d58b9802107c82af95adb7dbec1b038db802b27f643ddf6c3264a3871437e9b	mtk_hcp	mtk_hcp.ko	vendor_dlkm	isp7sp_get_reserve_mem_dma
2d58b9802107c82af95adb7dbec1b038db802b27f643ddf6c3264a3871437e9b	mtk_hcp	mtk_hcp.ko	vendor_dlkm	isp7sp_get_reserve_mem_fd
2d58b9802107c82af95adb7dbec1b038db802b27f643ddf6c3264a3871437e9b	mtk_hcp	mtk_hcp.ko	vendor_dlkm	isp7sp_get_reserve_mem_phys
2d58b9802107c82af95adb7dbec1b038db802b27f643ddf6c3264a3871437e9b	mtk_hcp	mtk_hcp.ko	vendor_dlkm	isp7sp_get_reserve_mem_size
2d58b9802107c82af95adb7dbec1b038db802b27f643ddf6c3264a3871437e9b	mtk_hcp	mtk_hcp.ko	vendor_dlkm	isp7sp_get_reserve_mem_virt
2d58b9802107c82af95adb7dbec1b038db802b27f643ddf6c3264a3871437e9b	mtk_hcp	mtk_hcp.ko	vendor_dlkm	isp7sp_get_traw_cq_fd
2d58b9802107c82af95adb7dbec1b038db802b27f643ddf6c3264a3871437e9b	mtk_hcp	mtk_hcp.ko	vendor_dlkm	isp7sp_get_traw_tdr_fd
2d58b9802107c82af95adb7dbec1b038db802b27f643ddf6c3264a3871437e9b	mtk_hcp	mtk_hcp.ko	vendor_dlkm	isp7sp_get_traw_virt
2d58b9802107c82af95adb7dbec1b038db802b27f643ddf6c3264a3871437e9b	mtk_hcp	mtk_hcp.ko	vendor_dlkm	isp7sp_get_wpe_cq_fd
2d58b9802107c82af95adb7dbec1b038db802b27f643ddf6c3264a3871437e9b	mtk_hcp	mtk_hcp.ko	vendor_dlkm	isp7sp_get_wpe_tdr_fd
2d58b9802107c82af95adb7dbec1b038db802b27f643ddf6c3264a3871437e9b	mtk_hcp	mtk_hcp.ko	vendor_dlkm	isp7sp_get_wpe_virt
2d58b9802107c82af95adb7dbec1b038db802b27f643ddf6c3264a3871437e9b	mtk_hcp	mtk_hcp.ko	vendor_dlkm	isp7sp_release_gce_working_buffer
2d58b9802107c82af95adb7dbec1b038db802b27f643ddf6c3264a3871437e9b	mtk_hcp	mtk_hcp.ko	vendor_dlkm	isp7sp_release_working_buffer
2d58b9802107c82af95adb7dbec1b038db802b27f643ddf6c3264a3871437e9b	mtk_hcp	mtk_hcp.ko	vendor_dlkm	mtk_hcp_allocate_working_buffer
2d58b9802107c82af95adb7dbec1b038db802b27f643ddf6c3264a3871437e9b	mtk_hcp	mtk_hcp.ko	vendor_dlkm	mtk_hcp_get_current_task
2d58b9802107c82af95adb7dbec1b038db802b27f643ddf6c3264a3871437e9b	mtk_hcp	mtk_hcp.ko	vendor_dlkm	mtk_hcp_get_dip_mem_cq_fd
2d58b9802107c82af95adb7dbec1b038db802b27f643ddf6c3264a3871437e9b	mtk_hcp	mtk_hcp.ko	vendor_dlkm	mtk_hcp_get_dip_mem_tdr_fd
2d58b9802107c82af95adb7dbec1b038db802b27f643ddf6c3264a3871437e9b	mtk_hcp	mtk_hcp.ko	vendor_dlkm	mtk_hcp_get_dip_mem_virt
2d58b9802107c82af95adb7dbec1b038db802b27f643ddf6c3264a3871437e9b	mtk_hcp	mtk_hcp.ko	vendor_dlkm	mtk_hcp_get_gce_buffer
2d58b9802107c82af95adb7dbec1b038db802b27f643ddf6c3264a3871437e9b	mtk_hcp	mtk_hcp.ko	vendor_dlkm	mtk_hcp_get_gce_mem_virt
2d58b9802107c82af95adb7dbec1b038db802b27f643ddf6c3264a3871437e9b	mtk_hcp	mtk_hcp.ko	vendor_dlkm	mtk_hcp_get_gce_token_mem_virt
2d58b9802107c82af95adb7dbec1b038db802b27f643ddf6c3264a3871437e9b	mtk_hcp	mtk_hcp.ko	vendor_dlkm	mtk_hcp_get_hwid_mem_virt
2d58b9802107c82af95adb7dbec1b038db802b27f643ddf6c3264a3871437e9b	mtk_hcp	mtk_hcp.ko	vendor_dlkm	mtk_hcp_get_init_info
2d58b9802107c82af95adb7dbec1b038db802b27f643ddf6c3264a3871437e9b	mtk_hcp	mtk_hcp.ko	vendor_dlkm	mtk_hcp_get_mem_info
2d58b9802107c82af95adb7dbec1b038db802b27f643ddf6c3264a3871437e9b	mtk_hcp	mtk_hcp.ko	vendor_dlkm	mtk_hcp_get_plat_device
2d58b9802107c82af95adb7dbec1b038db802b27f643ddf6c3264a3871437e9b	mtk_hcp	mtk_hcp.ko	vendor_dlkm	mtk_hcp_get_pqdip_mem_cq_fd
2d58b9802107c82af95adb7dbec1b038db802b27f643ddf6c3264a3871437e9b	mtk_hcp	mtk_hcp.ko	vendor_dlkm	mtk_hcp_get_pqdip_mem_tdr_fd
2d58b9802107c82af95adb7dbec1b038db802b27f643ddf6c3264a3871437e9b	mtk_hcp	mtk_hcp.ko	vendor_dlkm	mtk_hcp_get_pqdip_mem_virt
2d58b9802107c82af95adb7dbec1b038db802b27f643ddf6c3264a3871437e9b	mtk_hcp	mtk_hcp.ko	vendor_dlkm	mtk_hcp_get_reserve_mem_dma
2d58b9802107c82af95adb7dbec1b038db802b27f643ddf6c3264a3871437e9b	mtk_hcp	mtk_hcp.ko	vendor_dlkm	mtk_hcp_get_reserve_mem_fd
2d58b9802107c82af95adb7dbec1b038db802b27f643ddf6c3264a3871437e9b	mtk_hcp	mtk_hcp.ko	vendor_dlkm	mtk_hcp_get_reserve_mem_phys
2d58b9802107c82af95adb7dbec1b038db802b27f643ddf6c3264a3871437e9b	mtk_hcp	mtk_hcp.ko	vendor_dlkm	mtk_hcp_get_reserve_mem_size
2d58b9802107c82af95adb7dbec1b038db802b27f643ddf6c3264a3871437e9b	mtk_hcp	mtk_hcp.ko	vendor_dlkm	mtk_hcp_get_reserve_mem_virt
2d58b9802107c82af95adb7dbec1b038db802b27f643ddf6c3264a3871437e9b	mtk_hcp	mtk_hcp.ko	vendor_dlkm	mtk_hcp_get_traw_mem_cq_fd
2d58b9802107c82af95adb7dbec1b038db802b27f643ddf6c3264a3871437e9b	mtk_hcp	mtk_hcp.ko	vendor_dlkm	mtk_hcp_get_traw_mem_tdr_fd
2d58b9802107c82af95adb7dbec1b038db802b27f643ddf6c3264a3871437e9b	mtk_hcp	mtk_hcp.ko	vendor_dlkm	mtk_hcp_get_traw_mem_virt
2d58b9802107c82af95adb7dbec1b038db802b27f643ddf6c3264a3871437e9b	mtk_hcp	mtk_hcp.ko	vendor_dlkm	mtk_hcp_get_wpe_mem_cq_fd
2d58b9802107c82af95adb7dbec1b038db802b27f643ddf6c3264a3871437e9b	mtk_hcp	mtk_hcp.ko	vendor_dlkm	mtk_hcp_get_wpe_mem_tdr_fd
2d58b9802107c82af95adb7dbec1b038db802b27f643ddf6c3264a3871437e9b	mtk_hcp	mtk_hcp.ko	vendor_dlkm	mtk_hcp_get_wpe_mem_virt
2d58b9802107c82af95adb7dbec1b038db802b27f643ddf6c3264a3871437e9b	mtk_hcp	mtk_hcp.ko	vendor_dlkm	mtk_hcp_init_KernelFence
2d58b9802107c82af95adb7dbec1b038db802b27f643ddf6c3264a3871437e9b	mtk_hcp	mtk_hcp.ko	vendor_dlkm	mtk_hcp_ioc_release_working_buffer
2d58b9802107c82af95adb7dbec1b038db802b27f643ddf6c3264a3871437e9b	mtk_hcp	mtk_hcp.ko	vendor_dlkm	mtk_hcp_kernel_db_write
2d58b9802107c82af95adb7dbec1b038db802b27f643ddf6c3264a3871437e9b	mtk_hcp	mtk_hcp.ko	vendor_dlkm	mtk_hcp_partial_flush
2d58b9802107c82af95adb7dbec1b038db802b27f643ddf6c3264a3871437e9b	mtk_hcp	mtk_hcp.ko	vendor_dlkm	mtk_hcp_purge_msg
2d58b9802107c82af95adb7dbec1b038db802b27f643ddf6c3264a3871437e9b	mtk_hcp	mtk_hcp.ko	vendor_dlkm	mtk_hcp_put_gce_buffer
2d58b9802107c82af95adb7dbec1b038db802b27f643ddf6c3264a3871437e9b	mtk_hcp	mtk_hcp.ko	vendor_dlkm	mtk_hcp_register
2d58b9802107c82af95adb7dbec1b038db802b27f643ddf6c3264a3871437e9b	mtk_hcp	mtk_hcp.ko	vendor_dlkm	mtk_hcp_release_gce_working_buffer
2d58b9802107c82af95adb7dbec1b038db802b27f643ddf6c3264a3871437e9b	mtk_hcp	mtk_hcp.ko	vendor_dlkm	mtk_hcp_release_working_buffer
2d58b9802107c82af95adb7dbec1b038db802b27f643ddf6c3264a3871437e9b	mtk_hcp	mtk_hcp.ko	vendor_dlkm	mtk_hcp_send
2d58b9802107c82af95adb7dbec1b038db802b27f643ddf6c3264a3871437e9b	mtk_hcp	mtk_hcp.ko	vendor_dlkm	mtk_hcp_send_async
2d58b9802107c82af95adb7dbec1b038db802b27f643ddf6c3264a3871437e9b	mtk_hcp	mtk_hcp.ko	vendor_dlkm	mtk_hcp_set_KernelFence
2d58b9802107c82af95adb7dbec1b038db802b27f643ddf6c3264a3871437e9b	mtk_hcp	mtk_hcp.ko	vendor_dlkm	mtk_hcp_set_apu_dc
2d58b9802107c82af95adb7dbec1b038db802b27f643ddf6c3264a3871437e9b	mtk_hcp	mtk_hcp.ko	vendor_dlkm	mtk_hcp_set_reserve_mem_fd
2d58b9802107c82af95adb7dbec1b038db802b27f643ddf6c3264a3871437e9b	mtk_hcp	mtk_hcp.ko	vendor_dlkm	mtk_hcp_set_reserve_mem_virt
2d58b9802107c82af95adb7dbec1b038db802b27f643ddf6c3264a3871437e9b	mtk_hcp	mtk_hcp.ko	vendor_dlkm	mtk_hcp_uninit_KernelFence
2d58b9802107c82af95adb7dbec1b038db802b27f643ddf6c3264a3871437e9b	mtk_hcp	mtk_hcp.ko	vendor_dlkm	mtk_hcp_unregister
2d58b9802107c82af95adb7dbec1b038db802b27f643ddf6c3264a3871437e9b	mtk_hcp	mtk_hcp.ko	vendor_dlkm	release_working_buffer_helper
2df021ea9d5b0563ad21029a8cab1ba43d392b12af460ff3f0f7c36372b282fa	bluetooth	bluetooth.ko	vendor_dlkm	__hci_cmd_send
2df021ea9d5b0563ad21029a8cab1ba43d392b12af460ff3f0f7c36372b282fa	bluetooth	bluetooth.ko	vendor_dlkm	__hci_cmd_sync
2df021ea9d5b0563ad21029a8cab1ba43d392b12af460ff3f0f7c36372b282fa	bluetooth	bluetooth.ko	vendor_dlkm	__hci_cmd_sync_ev
2df021ea9d5b0563ad21029a8cab1ba43d392b12af460ff3f0f7c36372b282fa	bluetooth	bluetooth.ko	vendor_dlkm	__hci_cmd_sync_sk
2df021ea9d5b0563ad21029a8cab1ba43d392b12af460ff3f0f7c36372b282fa	bluetooth	bluetooth.ko	vendor_dlkm	__hci_cmd_sync_status
2df021ea9d5b0563ad21029a8cab1ba43d392b12af460ff3f0f7c36372b282fa	bluetooth	bluetooth.ko	vendor_dlkm	__hci_cmd_sync_status_sk
2df021ea9d5b0563ad21029a8cab1ba43d392b12af460ff3f0f7c36372b282fa	bluetooth	bluetooth.ko	vendor_dlkm	baswap
2df021ea9d5b0563ad21029a8cab1ba43d392b12af460ff3f0f7c36372b282fa	bluetooth	bluetooth.ko	vendor_dlkm	bt_accept_dequeue
2df021ea9d5b0563ad21029a8cab1ba43d392b12af460ff3f0f7c36372b282fa	bluetooth	bluetooth.ko	vendor_dlkm	bt_accept_enqueue
2df021ea9d5b0563ad21029a8cab1ba43d392b12af460ff3f0f7c36372b282fa	bluetooth	bluetooth.ko	vendor_dlkm	bt_accept_unlink
2df021ea9d5b0563ad21029a8cab1ba43d392b12af460ff3f0f7c36372b282fa	bluetooth	bluetooth.ko	vendor_dlkm	bt_debugfs
2df021ea9d5b0563ad21029a8cab1ba43d392b12af460ff3f0f7c36372b282fa	bluetooth	bluetooth.ko	vendor_dlkm	bt_err
2df021ea9d5b0563ad21029a8cab1ba43d392b12af460ff3f0f7c36372b282fa	bluetooth	bluetooth.ko	vendor_dlkm	bt_err_ratelimited
2df021ea9d5b0563ad21029a8cab1ba43d392b12af460ff3f0f7c36372b282fa	bluetooth	bluetooth.ko	vendor_dlkm	bt_info
2df021ea9d5b0563ad21029a8cab1ba43d392b12af460ff3f0f7c36372b282fa	bluetooth	bluetooth.ko	vendor_dlkm	bt_procfs_cleanup
2df021ea9d5b0563ad21029a8cab1ba43d392b12af460ff3f0f7c36372b282fa	bluetooth	bluetooth.ko	vendor_dlkm	bt_procfs_init
2df021ea9d5b0563ad21029a8cab1ba43d392b12af460ff3f0f7c36372b282fa	bluetooth	bluetooth.ko	vendor_dlkm	bt_sock_alloc
2df021ea9d5b0563ad21029a8cab1ba43d392b12af460ff3f0f7c36372b282fa	bluetooth	bluetooth.ko	vendor_dlkm	bt_sock_ioctl
2df021ea9d5b0563ad21029a8cab1ba43d392b12af460ff3f0f7c36372b282fa	bluetooth	bluetooth.ko	vendor_dlkm	bt_sock_link
2df021ea9d5b0563ad21029a8cab1ba43d392b12af460ff3f0f7c36372b282fa	bluetooth	bluetooth.ko	vendor_dlkm	bt_sock_linked
2df021ea9d5b0563ad21029a8cab1ba43d392b12af460ff3f0f7c36372b282fa	bluetooth	bluetooth.ko	vendor_dlkm	bt_sock_poll
2df021ea9d5b0563ad21029a8cab1ba43d392b12af460ff3f0f7c36372b282fa	bluetooth	bluetooth.ko	vendor_dlkm	bt_sock_reclassify_lock
2df021ea9d5b0563ad21029a8cab1ba43d392b12af460ff3f0f7c36372b282fa	bluetooth	bluetooth.ko	vendor_dlkm	bt_sock_recvmsg
2df021ea9d5b0563ad21029a8cab1ba43d392b12af460ff3f0f7c36372b282fa	bluetooth	bluetooth.ko	vendor_dlkm	bt_sock_register
2df021ea9d5b0563ad21029a8cab1ba43d392b12af460ff3f0f7c36372b282fa	bluetooth	bluetooth.ko	vendor_dlkm	bt_sock_stream_recvmsg
2df021ea9d5b0563ad21029a8cab1ba43d392b12af460ff3f0f7c36372b282fa	bluetooth	bluetooth.ko	vendor_dlkm	bt_sock_unlink
2df021ea9d5b0563ad21029a8cab1ba43d392b12af460ff3f0f7c36372b282fa	bluetooth	bluetooth.ko	vendor_dlkm	bt_sock_unregister
2df021ea9d5b0563ad21029a8cab1ba43d392b12af460ff3f0f7c36372b282fa	bluetooth	bluetooth.ko	vendor_dlkm	bt_sock_wait_ready
2df021ea9d5b0563ad21029a8cab1ba43d392b12af460ff3f0f7c36372b282fa	bluetooth	bluetooth.ko	vendor_dlkm	bt_sock_wait_state
2df021ea9d5b0563ad21029a8cab1ba43d392b12af460ff3f0f7c36372b282fa	bluetooth	bluetooth.ko	vendor_dlkm	bt_status
2df021ea9d5b0563ad21029a8cab1ba43d392b12af460ff3f0f7c36372b282fa	bluetooth	bluetooth.ko	vendor_dlkm	bt_to_errno
2df021ea9d5b0563ad21029a8cab1ba43d392b12af460ff3f0f7c36372b282fa	bluetooth	bluetooth.ko	vendor_dlkm	bt_warn
2df021ea9d5b0563ad21029a8cab1ba43d392b12af460ff3f0f7c36372b282fa	bluetooth	bluetooth.ko	vendor_dlkm	bt_warn_ratelimited
2df021ea9d5b0563ad21029a8cab1ba43d392b12af460ff3f0f7c36372b282fa	bluetooth	bluetooth.ko	vendor_dlkm	hci_alloc_dev_priv
2df021ea9d5b0563ad21029a8cab1ba43d392b12af460ff3f0f7c36372b282fa	bluetooth	bluetooth.ko	vendor_dlkm	hci_cmd_sync
2df021ea9d5b0563ad21029a8cab1ba43d392b12af460ff3f0f7c36372b282fa	bluetooth	bluetooth.ko	vendor_dlkm	hci_cmd_sync_cancel
2df021ea9d5b0563ad21029a8cab1ba43d392b12af460ff3f0f7c36372b282fa	bluetooth	bluetooth.ko	vendor_dlkm	hci_cmd_sync_queue
2df021ea9d5b0563ad21029a8cab1ba43d392b12af460ff3f0f7c36372b282fa	bluetooth	bluetooth.ko	vendor_dlkm	hci_cmd_sync_status
2df021ea9d5b0563ad21029a8cab1ba43d392b12af460ff3f0f7c36372b282fa	bluetooth	bluetooth.ko	vendor_dlkm	hci_cmd_sync_submit
2df021ea9d5b0563ad21029a8cab1ba43d392b12af460ff3f0f7c36372b282fa	bluetooth	bluetooth.ko	vendor_dlkm	hci_conn_check_secure
2df021ea9d5b0563ad21029a8cab1ba43d392b12af460ff3f0f7c36372b282fa	bluetooth	bluetooth.ko	vendor_dlkm	hci_conn_security
2df021ea9d5b0563ad21029a8cab1ba43d392b12af460ff3f0f7c36372b282fa	bluetooth	bluetooth.ko	vendor_dlkm	hci_conn_switch_role
2df021ea9d5b0563ad21029a8cab1ba43d392b12af460ff3f0f7c36372b282fa	bluetooth	bluetooth.ko	vendor_dlkm	hci_free_dev
2df021ea9d5b0563ad21029a8cab1ba43d392b12af460ff3f0f7c36372b282fa	bluetooth	bluetooth.ko	vendor_dlkm	hci_get_route
2df021ea9d5b0563ad21029a8cab1ba43d392b12af460ff3f0f7c36372b282fa	bluetooth	bluetooth.ko	vendor_dlkm	hci_mgmt_chan_register
2df021ea9d5b0563ad21029a8cab1ba43d392b12af460ff3f0f7c36372b282fa	bluetooth	bluetooth.ko	vendor_dlkm	hci_mgmt_chan_unregister
2df021ea9d5b0563ad21029a8cab1ba43d392b12af460ff3f0f7c36372b282fa	bluetooth	bluetooth.ko	vendor_dlkm	hci_recv_diag
2df021ea9d5b0563ad21029a8cab1ba43d392b12af460ff3f0f7c36372b282fa	bluetooth	bluetooth.ko	vendor_dlkm	hci_recv_frame
2df021ea9d5b0563ad21029a8cab1ba43d392b12af460ff3f0f7c36372b282fa	bluetooth	bluetooth.ko	vendor_dlkm	hci_register_cb
2df021ea9d5b0563ad21029a8cab1ba43d392b12af460ff3f0f7c36372b282fa	bluetooth	bluetooth.ko	vendor_dlkm	hci_register_dev
2df021ea9d5b0563ad21029a8cab1ba43d392b12af460ff3f0f7c36372b282fa	bluetooth	bluetooth.ko	vendor_dlkm	hci_release_dev
2df021ea9d5b0563ad21029a8cab1ba43d392b12af460ff3f0f7c36372b282fa	bluetooth	bluetooth.ko	vendor_dlkm	hci_reset_dev
2df021ea9d5b0563ad21029a8cab1ba43d392b12af460ff3f0f7c36372b282fa	bluetooth	bluetooth.ko	vendor_dlkm	hci_resume_dev
2df021ea9d5b0563ad21029a8cab1ba43d392b12af460ff3f0f7c36372b282fa	bluetooth	bluetooth.ko	vendor_dlkm	hci_set_fw_info
2df021ea9d5b0563ad21029a8cab1ba43d392b12af460ff3f0f7c36372b282fa	bluetooth	bluetooth.ko	vendor_dlkm	hci_set_hw_info
2df021ea9d5b0563ad21029a8cab1ba43d392b12af460ff3f0f7c36372b282fa	bluetooth	bluetooth.ko	vendor_dlkm	hci_suspend_dev
2df021ea9d5b0563ad21029a8cab1ba43d392b12af460ff3f0f7c36372b282fa	bluetooth	bluetooth.ko	vendor_dlkm	hci_unregister_cb
2df021ea9d5b0563ad21029a8cab1ba43d392b12af460ff3f0f7c36372b282fa	bluetooth	bluetooth.ko	vendor_dlkm	hci_unregister_dev
2df021ea9d5b0563ad21029a8cab1ba43d392b12af460ff3f0f7c36372b282fa	bluetooth	bluetooth.ko	vendor_dlkm	l2cap_add_psm
2df021ea9d5b0563ad21029a8cab1ba43d392b12af460ff3f0f7c36372b282fa	bluetooth	bluetooth.ko	vendor_dlkm	l2cap_chan_close
2df021ea9d5b0563ad21029a8cab1ba43d392b12af460ff3f0f7c36372b282fa	bluetooth	bluetooth.ko	vendor_dlkm	l2cap_chan_connect
2df021ea9d5b0563ad21029a8cab1ba43d392b12af460ff3f0f7c36372b282fa	bluetooth	bluetooth.ko	vendor_dlkm	l2cap_chan_create
2df021ea9d5b0563ad21029a8cab1ba43d392b12af460ff3f0f7c36372b282fa	bluetooth	bluetooth.ko	vendor_dlkm	l2cap_chan_del
2df021ea9d5b0563ad21029a8cab1ba43d392b12af460ff3f0f7c36372b282fa	bluetooth	bluetooth.ko	vendor_dlkm	l2cap_chan_list
2df021ea9d5b0563ad21029a8cab1ba43d392b12af460ff3f0f7c36372b282fa	bluetooth	bluetooth.ko	vendor_dlkm	l2cap_chan_put
2df021ea9d5b0563ad21029a8cab1ba43d392b12af460ff3f0f7c36372b282fa	bluetooth	bluetooth.ko	vendor_dlkm	l2cap_chan_send
2df021ea9d5b0563ad21029a8cab1ba43d392b12af460ff3f0f7c36372b282fa	bluetooth	bluetooth.ko	vendor_dlkm	l2cap_chan_set_defaults
2df021ea9d5b0563ad21029a8cab1ba43d392b12af460ff3f0f7c36372b282fa	bluetooth	bluetooth.ko	vendor_dlkm	l2cap_conn_get
2df021ea9d5b0563ad21029a8cab1ba43d392b12af460ff3f0f7c36372b282fa	bluetooth	bluetooth.ko	vendor_dlkm	l2cap_conn_put
2df021ea9d5b0563ad21029a8cab1ba43d392b12af460ff3f0f7c36372b282fa	bluetooth	bluetooth.ko	vendor_dlkm	l2cap_is_socket
2df021ea9d5b0563ad21029a8cab1ba43d392b12af460ff3f0f7c36372b282fa	bluetooth	bluetooth.ko	vendor_dlkm	l2cap_register_user
2df021ea9d5b0563ad21029a8cab1ba43d392b12af460ff3f0f7c36372b282fa	bluetooth	bluetooth.ko	vendor_dlkm	l2cap_unregister_user
2f8341d3f920418f3d9f4b8f64299acf97e591ad232a6bbbf6298b63231eebde	ffa_v10	ffa_v10.ko	vendor_boot_platform	ffa_bus_type
2f8341d3f920418f3d9f4b8f64299acf97e591ad232a6bbbf6298b63231eebde	ffa_v10	ffa_v10.ko	vendor_boot_platform	ffa_device_register
2f8341d3f920418f3d9f4b8f64299acf97e591ad232a6bbbf6298b63231eebde	ffa_v10	ffa_v10.ko	vendor_boot_platform	ffa_device_unregister
2f8341d3f920418f3d9f4b8f64299acf97e591ad232a6bbbf6298b63231eebde	ffa_v10	ffa_v10.ko	vendor_boot_platform	ffa_driver_register
2f8341d3f920418f3d9f4b8f64299acf97e591ad232a6bbbf6298b63231eebde	ffa_v10	ffa_v10.ko	vendor_boot_platform	ffa_driver_unregister
313dc3182a1806334923562ca01dd1d6c43ebcc5a4fb38953f04ddf23b477883	reboot_mode	reboot-mode.ko	vendor_boot_platform;vendor_dlkm	devm_reboot_mode_register
313dc3182a1806334923562ca01dd1d6c43ebcc5a4fb38953f04ddf23b477883	reboot_mode	reboot-mode.ko	vendor_boot_platform;vendor_dlkm	devm_reboot_mode_unregister
313dc3182a1806334923562ca01dd1d6c43ebcc5a4fb38953f04ddf23b477883	reboot_mode	reboot-mode.ko	vendor_boot_platform;vendor_dlkm	reboot_mode_register
313dc3182a1806334923562ca01dd1d6c43ebcc5a4fb38953f04ddf23b477883	reboot_mode	reboot-mode.ko	vendor_boot_platform;vendor_dlkm	reboot_mode_unregister
3259f9dd2cd03fa1ec73c97934c415ca51fa695f505421a8b7d6166473c7113d	monitor_hang	monitor_hang.ko	vendor_boot_platform	monitor_hang_regist_ldt
3259f9dd2cd03fa1ec73c97934c415ca51fa695f505421a8b7d6166473c7113d	monitor_hang	monitor_hang.ko	vendor_boot_platform	register_hang_callback
3259f9dd2cd03fa1ec73c97934c415ca51fa695f505421a8b7d6166473c7113d	monitor_hang	monitor_hang.ko	vendor_boot_platform	unregister_hang_callback
3378d4cb04e7b1a49ddac6a00f024d31bff9ba07681c086b63d075cbd3966670	log_store	log_store.ko	vendor_boot_platform	disable_early_log
3378d4cb04e7b1a49ddac6a00f024d31bff9ba07681c086b63d075cbd3966670	log_store	log_store.ko	vendor_boot_platform	dt_get_log_store
3378d4cb04e7b1a49ddac6a00f024d31bff9ba07681c086b63d075cbd3966670	log_store	log_store.ko	vendor_boot_platform	get_last_boot_phase
3378d4cb04e7b1a49ddac6a00f024d31bff9ba07681c086b63d075cbd3966670	log_store	log_store.ko	vendor_boot_platform	get_pmic_boot_phase
3378d4cb04e7b1a49ddac6a00f024d31bff9ba07681c086b63d075cbd3966670	log_store	log_store.ko	vendor_boot_platform	get_pmic_interface
3378d4cb04e7b1a49ddac6a00f024d31bff9ba07681c086b63d075cbd3966670	log_store	log_store.ko	vendor_boot_platform	get_sram_header
3378d4cb04e7b1a49ddac6a00f024d31bff9ba07681c086b63d075cbd3966670	log_store	log_store.ko	vendor_boot_platform	log_store_bootup
3378d4cb04e7b1a49ddac6a00f024d31bff9ba07681c086b63d075cbd3966670	log_store	log_store.ko	vendor_boot_platform	set_boot_phase
3378d4cb04e7b1a49ddac6a00f024d31bff9ba07681c086b63d075cbd3966670	log_store	log_store.ko	vendor_boot_platform	set_pmic_boot_phase
3378d4cb04e7b1a49ddac6a00f024d31bff9ba07681c086b63d075cbd3966670	log_store	log_store.ko	vendor_boot_platform	store_log_to_emmc_enable
3378d4cb04e7b1a49ddac6a00f024d31bff9ba07681c086b63d075cbd3966670	log_store	log_store.ko	vendor_boot_platform	store_printk_buff
3723acfb3f7cc98bfe46d53bf5be36443d777aa3594c06afd4aa20a26757016c	iommu_debug	iommu_debug.ko	vendor_boot_platform	get_peri_iommu_id
3723acfb3f7cc98bfe46d53bf5be36443d777aa3594c06afd4aa20a26757016c	iommu_debug	iommu_debug.ko	vendor_boot_platform	mtk_iommu_debug_reset
3723acfb3f7cc98bfe46d53bf5be36443d777aa3594c06afd4aa20a26757016c	iommu_debug	iommu_debug.ko	vendor_boot_platform	mtk_iommu_get_mau_config
3723acfb3f7cc98bfe46d53bf5be36443d777aa3594c06afd4aa20a26757016c	iommu_debug	iommu_debug.ko	vendor_boot_platform	mtk_iommu_get_port_name
3723acfb3f7cc98bfe46d53bf5be36443d777aa3594c06afd4aa20a26757016c	iommu_debug	iommu_debug.ko	vendor_boot_platform	mtk_iommu_pm_trace
3723acfb3f7cc98bfe46d53bf5be36443d777aa3594c06afd4aa20a26757016c	iommu_debug	iommu_debug.ko	vendor_boot_platform	mtk_iommu_register_fault_callback
3723acfb3f7cc98bfe46d53bf5be36443d777aa3594c06afd4aa20a26757016c	iommu_debug	iommu_debug.ko	vendor_boot_platform	mtk_iommu_set_ops
3723acfb3f7cc98bfe46d53bf5be36443d777aa3594c06afd4aa20a26757016c	iommu_debug	iommu_debug.ko	vendor_boot_platform	mtk_iommu_tlb_sync_trace
3723acfb3f7cc98bfe46d53bf5be36443d777aa3594c06afd4aa20a26757016c	iommu_debug	iommu_debug.ko	vendor_boot_platform	mtk_iommu_unregister_fault_callback
3723acfb3f7cc98bfe46d53bf5be36443d777aa3594c06afd4aa20a26757016c	iommu_debug	iommu_debug.ko	vendor_boot_platform	mtk_iommu_update_pm_status
3723acfb3f7cc98bfe46d53bf5be36443d777aa3594c06afd4aa20a26757016c	iommu_debug	iommu_debug.ko	vendor_boot_platform	mtk_iova_dump
3723acfb3f7cc98bfe46d53bf5be36443d777aa3594c06afd4aa20a26757016c	iommu_debug	iommu_debug.ko	vendor_boot_platform	mtk_iova_map
3723acfb3f7cc98bfe46d53bf5be36443d777aa3594c06afd4aa20a26757016c	iommu_debug	iommu_debug.ko	vendor_boot_platform	mtk_iova_map_dump
3723acfb3f7cc98bfe46d53bf5be36443d777aa3594c06afd4aa20a26757016c	iommu_debug	iommu_debug.ko	vendor_boot_platform	mtk_iova_trace_dump
3723acfb3f7cc98bfe46d53bf5be36443d777aa3594c06afd4aa20a26757016c	iommu_debug	iommu_debug.ko	vendor_boot_platform	mtk_iova_unmap
3723acfb3f7cc98bfe46d53bf5be36443d777aa3594c06afd4aa20a26757016c	iommu_debug	iommu_debug.ko	vendor_boot_platform	mtk_smmu_iova_to_iopte
3723acfb3f7cc98bfe46d53bf5be36443d777aa3594c06afd4aa20a26757016c	iommu_debug	iommu_debug.ko	vendor_boot_platform	mtk_smmu_pgtable_dump
3723acfb3f7cc98bfe46d53bf5be36443d777aa3594c06afd4aa20a26757016c	iommu_debug	iommu_debug.ko	vendor_boot_platform	mtk_smmu_pgtable_ops_dump
3723acfb3f7cc98bfe46d53bf5be36443d777aa3594c06afd4aa20a26757016c	iommu_debug	iommu_debug.ko	vendor_boot_platform	mtk_smmu_set_ops
3723acfb3f7cc98bfe46d53bf5be36443d777aa3594c06afd4aa20a26757016c	iommu_debug	iommu_debug.ko	vendor_boot_platform	mtk_smmu_ste_cd_dump
3723acfb3f7cc98bfe46d53bf5be36443d777aa3594c06afd4aa20a26757016c	iommu_debug	iommu_debug.ko	vendor_boot_platform	mtk_smmu_ste_cd_info_dump
3723acfb3f7cc98bfe46d53bf5be36443d777aa3594c06afd4aa20a26757016c	iommu_debug	iommu_debug.ko	vendor_boot_platform	mtk_smmu_wpreg_dump
3723acfb3f7cc98bfe46d53bf5be36443d777aa3594c06afd4aa20a26757016c	iommu_debug	iommu_debug.ko	vendor_boot_platform	peri_tf_analyse
3723acfb3f7cc98bfe46d53bf5be36443d777aa3594c06afd4aa20a26757016c	iommu_debug	iommu_debug.ko	vendor_boot_platform	report_custom_iommu_fault
3723acfb3f7cc98bfe46d53bf5be36443d777aa3594c06afd4aa20a26757016c	iommu_debug	iommu_debug.ko	vendor_boot_platform	report_custom_smmu_fault
3723acfb3f7cc98bfe46d53bf5be36443d777aa3594c06afd4aa20a26757016c	iommu_debug	iommu_debug.ko	vendor_boot_platform	report_iommu_mau_fault
3ac1eab54f0e9d9455cb3d184bc07edd2fb02924a6db408b2b1db323105e0ae3	cmdq_sec_drv	cmdq-sec-drv.ko	vendor_dlkm	cmdq_sec_dump_notify_loop
3ac1eab54f0e9d9455cb3d184bc07edd2fb02924a6db408b2b1db323105e0ae3	cmdq_sec_drv	cmdq-sec-drv.ko	vendor_dlkm	cmdq_sec_dump_operation
3ac1eab54f0e9d9455cb3d184bc07edd2fb02924a6db408b2b1db323105e0ae3	cmdq_sec_drv	cmdq-sec-drv.ko	vendor_dlkm	cmdq_sec_dump_response
3ac1eab54f0e9d9455cb3d184bc07edd2fb02924a6db408b2b1db323105e0ae3	cmdq_sec_drv	cmdq-sec-drv.ko	vendor_dlkm	cmdq_sec_dump_secure_data
3ac1eab54f0e9d9455cb3d184bc07edd2fb02924a6db408b2b1db323105e0ae3	cmdq_sec_drv	cmdq-sec-drv.ko	vendor_dlkm	cmdq_sec_dump_secure_thread_cookie
3ac1eab54f0e9d9455cb3d184bc07edd2fb02924a6db408b2b1db323105e0ae3	cmdq_sec_drv	cmdq-sec-drv.ko	vendor_dlkm	cmdq_sec_err_dump
3ac1eab54f0e9d9455cb3d184bc07edd2fb02924a6db408b2b1db323105e0ae3	cmdq_sec_drv	cmdq-sec-drv.ko	vendor_dlkm	cmdq_sec_insert_backup_cookie
3ac1eab54f0e9d9455cb3d184bc07edd2fb02924a6db408b2b1db323105e0ae3	cmdq_sec_drv	cmdq-sec-drv.ko	vendor_dlkm	cmdq_sec_mbox_chan_id
3ac1eab54f0e9d9455cb3d184bc07edd2fb02924a6db408b2b1db323105e0ae3	cmdq_sec_drv	cmdq-sec-drv.ko	vendor_dlkm	cmdq_sec_mbox_disable
3ac1eab54f0e9d9455cb3d184bc07edd2fb02924a6db408b2b1db323105e0ae3	cmdq_sec_drv	cmdq-sec-drv.ko	vendor_dlkm	cmdq_sec_mbox_enable
3ac1eab54f0e9d9455cb3d184bc07edd2fb02924a6db408b2b1db323105e0ae3	cmdq_sec_drv	cmdq-sec-drv.ko	vendor_dlkm	cmdq_sec_mbox_stop
3ac1eab54f0e9d9455cb3d184bc07edd2fb02924a6db408b2b1db323105e0ae3	cmdq_sec_drv	cmdq-sec-drv.ko	vendor_dlkm	cmdq_sec_mbox_switch_normal
3ac1eab54f0e9d9455cb3d184bc07edd2fb02924a6db408b2b1db323105e0ae3	cmdq_sec_drv	cmdq-sec-drv.ko	vendor_dlkm	cmdq_sec_mmp_wait
3ac1eab54f0e9d9455cb3d184bc07edd2fb02924a6db408b2b1db323105e0ae3	cmdq_sec_drv	cmdq-sec-drv.ko	vendor_dlkm	cmdq_sec_mmp_wait_done
3ac1eab54f0e9d9455cb3d184bc07edd2fb02924a6db408b2b1db323105e0ae3	cmdq_sec_drv	cmdq-sec-drv.ko	vendor_dlkm	cmdq_sec_pkt_assign_metadata
3ac1eab54f0e9d9455cb3d184bc07edd2fb02924a6db408b2b1db323105e0ae3	cmdq_sec_drv	cmdq-sec-drv.ko	vendor_dlkm	cmdq_sec_pkt_free_data
3ac1eab54f0e9d9455cb3d184bc07edd2fb02924a6db408b2b1db323105e0ae3	cmdq_sec_drv	cmdq-sec-drv.ko	vendor_dlkm	cmdq_sec_pkt_set_data
3ac1eab54f0e9d9455cb3d184bc07edd2fb02924a6db408b2b1db323105e0ae3	cmdq_sec_drv	cmdq-sec-drv.ko	vendor_dlkm	cmdq_sec_pkt_set_mtee
3ac1eab54f0e9d9455cb3d184bc07edd2fb02924a6db408b2b1db323105e0ae3	cmdq_sec_drv	cmdq-sec-drv.ko	vendor_dlkm	cmdq_sec_pkt_set_payload
3ac1eab54f0e9d9455cb3d184bc07edd2fb02924a6db408b2b1db323105e0ae3	cmdq_sec_drv	cmdq-sec-drv.ko	vendor_dlkm	cmdq_sec_pkt_wait_complete
3ac1eab54f0e9d9455cb3d184bc07edd2fb02924a6db408b2b1db323105e0ae3	cmdq_sec_drv	cmdq-sec-drv.ko	vendor_dlkm	cmdq_sec_pkt_write_reg
3b3553cfee8269a075ac30646301f45b7ee923820676bb286b561b31dc9d217c	pd_dbg_info	pd_dbg_info.ko	vendor_boot_platform	pd_dbg_info
3bb38591e3fd143dd151f4db9f146b1b555e73ebe191db1f3cf474ceddb0cbd8	device_apc_common	device-apc-common.ko	vendor_boot_platform	devapc_resume_noirq
3bb38591e3fd143dd151f4db9f146b1b555e73ebe191db1f3cf474ceddb0cbd8	device_apc_common	device-apc-common.ko	vendor_boot_platform	devapc_suspend_noirq
3bb38591e3fd143dd151f4db9f146b1b555e73ebe191db1f3cf474ceddb0cbd8	device_apc_common	device-apc-common.ko	vendor_boot_platform	mtk_devapc_probe
3bb38591e3fd143dd151f4db9f146b1b555e73ebe191db1f3cf474ceddb0cbd8	device_apc_common	device-apc-common.ko	vendor_boot_platform	mtk_devapc_remove
3bb38591e3fd143dd151f4db9f146b1b555e73ebe191db1f3cf474ceddb0cbd8	device_apc_common	device-apc-common.ko	vendor_boot_platform	register_devapc_power_callback
3bb38591e3fd143dd151f4db9f146b1b555e73ebe191db1f3cf474ceddb0cbd8	device_apc_common	device-apc-common.ko	vendor_boot_platform	register_devapc_vio_callback
3bc4722c6550abb9cfd75d06602c2a1bff8d0b6af58708324479ef6a0d22c9b4	aw883xx_driver	aw883xx_driver.ko	vendor_dlkm	aw883xx_i2c_probe
3bc4722c6550abb9cfd75d06602c2a1bff8d0b6af58708324479ef6a0d22c9b4	aw883xx_driver	aw883xx_driver.ko	vendor_dlkm	aw883xx_i2c_remove
401796a258e5c4fbbc42272db2dc18d43bbedf8fd352cb3e100d5e4b9b265a1e	kfifo_buf	kfifo_buf.ko	vendor_boot_platform	devm_iio_kfifo_buffer_setup_ext
401796a258e5c4fbbc42272db2dc18d43bbedf8fd352cb3e100d5e4b9b265a1e	kfifo_buf	kfifo_buf.ko	vendor_boot_platform	iio_kfifo_allocate
401796a258e5c4fbbc42272db2dc18d43bbedf8fd352cb3e100d5e4b9b265a1e	kfifo_buf	kfifo_buf.ko	vendor_boot_platform	iio_kfifo_free
41ccfd77c9ed5877b976ba432f29b9f005005792c05269a7260e341131a45def	pppox	pppox.ko	system_dlkm	pppox_compat_ioctl
41ccfd77c9ed5877b976ba432f29b9f005005792c05269a7260e341131a45def	pppox	pppox.ko	system_dlkm	pppox_ioctl
41ccfd77c9ed5877b976ba432f29b9f005005792c05269a7260e341131a45def	pppox	pppox.ko	system_dlkm	pppox_unbind_sock
41ccfd77c9ed5877b976ba432f29b9f005005792c05269a7260e341131a45def	pppox	pppox.ko	system_dlkm	register_pppox_proto
41ccfd77c9ed5877b976ba432f29b9f005005792c05269a7260e341131a45def	pppox	pppox.ko	system_dlkm	unregister_pppox_proto
430d7b0cfe560de3296e117f93b68f15d9d0e9f491c38960eff62448c53bb806	mtk_ccuv	mtk_ccuv.ko	vendor_dlkm	mtk_ccu_da_to_va
430d7b0cfe560de3296e117f93b68f15d9d0e9f491c38960eff62448c53bb806	mtk_ccuv	mtk_ccuv.ko	vendor_dlkm	mtk_ccu_get_pdev
430d7b0cfe560de3296e117f93b68f15d9d0e9f491c38960eff62448c53bb806	mtk_ccuv	mtk_ccuv.ko	vendor_dlkm	mtk_ccu_ipc_register
430d7b0cfe560de3296e117f93b68f15d9d0e9f491c38960eff62448c53bb806	mtk_ccuv	mtk_ccuv.ko	vendor_dlkm	mtk_ccu_ipc_unregister
430d7b0cfe560de3296e117f93b68f15d9d0e9f491c38960eff62448c53bb806	mtk_ccuv	mtk_ccuv.ko	vendor_dlkm	mtk_ccu_rproc_get_inforeg
430d7b0cfe560de3296e117f93b68f15d9d0e9f491c38960eff62448c53bb806	mtk_ccuv	mtk_ccuv.ko	vendor_dlkm	mtk_ccu_rproc_ipc_send
43e34c4502ef9f5c7243e3bfc7cb64c2692d9d222f8eaa2b033dd4ef74f08b4d	mtk_sec_heap	mtk_sec_heap.ko	vendor_dlkm	dmabuf_to_secure_handle
43e34c4502ef9f5c7243e3bfc7cb64c2692d9d222f8eaa2b033dd4ef74f08b4d	mtk_sec_heap	mtk_sec_heap.ko	vendor_dlkm	is_mtk_sec_heap_dmabuf
43e34c4502ef9f5c7243e3bfc7cb64c2692d9d222f8eaa2b033dd4ef74f08b4d	mtk_sec_heap	mtk_sec_heap.ko	vendor_dlkm	is_support_secure_handle
447ae8199bd3ad10647dfbbeaab0846b72002894dad4a72818d879d934bc5066	mtk_gpu_hal	mtk_gpu_hal.ko	vendor_dlkm	mtk_adaptive_power_notify
447ae8199bd3ad10647dfbbeaab0846b72002894dad4a72818d879d934bc5066	mtk_gpu_hal	mtk_gpu_hal.ko	vendor_dlkm	mtk_adaptive_power_notify_fp
447ae8199bd3ad10647dfbbeaab0846b72002894dad4a72818d879d934bc5066	mtk_gpu_hal	mtk_gpu_hal.ko	vendor_dlkm	mtk_custom_boost_gpu_freq
447ae8199bd3ad10647dfbbeaab0846b72002894dad4a72818d879d934bc5066	mtk_gpu_hal	mtk_gpu_hal.ko	vendor_dlkm	mtk_custom_boost_gpu_freq_fp
447ae8199bd3ad10647dfbbeaab0846b72002894dad4a72818d879d934bc5066	mtk_gpu_hal	mtk_gpu_hal.ko	vendor_dlkm	mtk_custom_get_gpu_freq_level_count
447ae8199bd3ad10647dfbbeaab0846b72002894dad4a72818d879d934bc5066	mtk_gpu_hal	mtk_gpu_hal.ko	vendor_dlkm	mtk_custom_get_gpu_freq_level_count_fp
447ae8199bd3ad10647dfbbeaab0846b72002894dad4a72818d879d934bc5066	mtk_gpu_hal	mtk_gpu_hal.ko	vendor_dlkm	mtk_custom_upbound_gpu_freq
447ae8199bd3ad10647dfbbeaab0846b72002894dad4a72818d879d934bc5066	mtk_gpu_hal	mtk_gpu_hal.ko	vendor_dlkm	mtk_custom_upbound_gpu_freq_fp
447ae8199bd3ad10647dfbbeaab0846b72002894dad4a72818d879d934bc5066	mtk_gpu_hal	mtk_gpu_hal.ko	vendor_dlkm	mtk_dump_gpu_memory_usage
447ae8199bd3ad10647dfbbeaab0846b72002894dad4a72818d879d934bc5066	mtk_gpu_hal	mtk_gpu_hal.ko	vendor_dlkm	mtk_dump_gpu_memory_usage_fp
447ae8199bd3ad10647dfbbeaab0846b72002894dad4a72818d879d934bc5066	mtk_gpu_hal	mtk_gpu_hal.ko	vendor_dlkm	mtk_dvfs_loading_mode
447ae8199bd3ad10647dfbbeaab0846b72002894dad4a72818d879d934bc5066	mtk_gpu_hal	mtk_gpu_hal.ko	vendor_dlkm	mtk_dvfs_loading_mode_fp
447ae8199bd3ad10647dfbbeaab0846b72002894dad4a72818d879d934bc5066	mtk_gpu_hal	mtk_gpu_hal.ko	vendor_dlkm	mtk_dvfs_margin_value
447ae8199bd3ad10647dfbbeaab0846b72002894dad4a72818d879d934bc5066	mtk_gpu_hal	mtk_gpu_hal.ko	vendor_dlkm	mtk_dvfs_margin_value_fp
447ae8199bd3ad10647dfbbeaab0846b72002894dad4a72818d879d934bc5066	mtk_gpu_hal	mtk_gpu_hal.ko	vendor_dlkm	mtk_dvfs_workload_mode
447ae8199bd3ad10647dfbbeaab0846b72002894dad4a72818d879d934bc5066	mtk_gpu_hal	mtk_gpu_hal.ko	vendor_dlkm	mtk_dvfs_workload_mode_fp
447ae8199bd3ad10647dfbbeaab0846b72002894dad4a72818d879d934bc5066	mtk_gpu_hal	mtk_gpu_hal.ko	vendor_dlkm	mtk_get_bottom_gpu_freq
447ae8199bd3ad10647dfbbeaab0846b72002894dad4a72818d879d934bc5066	mtk_gpu_hal	mtk_gpu_hal.ko	vendor_dlkm	mtk_get_bottom_gpu_freq_fp
447ae8199bd3ad10647dfbbeaab0846b72002894dad4a72818d879d934bc5066	mtk_gpu_hal	mtk_gpu_hal.ko	vendor_dlkm	mtk_get_dvfs_loading_mode
447ae8199bd3ad10647dfbbeaab0846b72002894dad4a72818d879d934bc5066	mtk_gpu_hal	mtk_gpu_hal.ko	vendor_dlkm	mtk_get_dvfs_loading_mode_fp
447ae8199bd3ad10647dfbbeaab0846b72002894dad4a72818d879d934bc5066	mtk_gpu_hal	mtk_gpu_hal.ko	vendor_dlkm	mtk_get_dvfs_margin_value
447ae8199bd3ad10647dfbbeaab0846b72002894dad4a72818d879d934bc5066	mtk_gpu_hal	mtk_gpu_hal.ko	vendor_dlkm	mtk_get_dvfs_margin_value_fp
447ae8199bd3ad10647dfbbeaab0846b72002894dad4a72818d879d934bc5066	mtk_gpu_hal	mtk_gpu_hal.ko	vendor_dlkm	mtk_get_dvfs_workload_mode
447ae8199bd3ad10647dfbbeaab0846b72002894dad4a72818d879d934bc5066	mtk_gpu_hal	mtk_gpu_hal.ko	vendor_dlkm	mtk_get_dvfs_workload_mode_fp
447ae8199bd3ad10647dfbbeaab0846b72002894dad4a72818d879d934bc5066	mtk_gpu_hal	mtk_gpu_hal.ko	vendor_dlkm	mtk_get_fastdvfs_mode
447ae8199bd3ad10647dfbbeaab0846b72002894dad4a72818d879d934bc5066	mtk_gpu_hal	mtk_gpu_hal.ko	vendor_dlkm	mtk_get_fastdvfs_mode_fp
447ae8199bd3ad10647dfbbeaab0846b72002894dad4a72818d879d934bc5066	mtk_gpu_hal	mtk_gpu_hal.ko	vendor_dlkm	mtk_get_gpu_block
447ae8199bd3ad10647dfbbeaab0846b72002894dad4a72818d879d934bc5066	mtk_gpu_hal	mtk_gpu_hal.ko	vendor_dlkm	mtk_get_gpu_block_fp
447ae8199bd3ad10647dfbbeaab0846b72002894dad4a72818d879d934bc5066	mtk_gpu_hal	mtk_gpu_hal.ko	vendor_dlkm	mtk_get_gpu_bottom_freq
447ae8199bd3ad10647dfbbeaab0846b72002894dad4a72818d879d934bc5066	mtk_gpu_hal	mtk_gpu_hal.ko	vendor_dlkm	mtk_get_gpu_bottom_freq_fp
447ae8199bd3ad10647dfbbeaab0846b72002894dad4a72818d879d934bc5066	mtk_gpu_hal	mtk_gpu_hal.ko	vendor_dlkm	mtk_get_gpu_ceiling_index
447ae8199bd3ad10647dfbbeaab0846b72002894dad4a72818d879d934bc5066	mtk_gpu_hal	mtk_gpu_hal.ko	vendor_dlkm	mtk_get_gpu_ceiling_limiter
447ae8199bd3ad10647dfbbeaab0846b72002894dad4a72818d879d934bc5066	mtk_gpu_hal	mtk_gpu_hal.ko	vendor_dlkm	mtk_get_gpu_cur_freq
447ae8199bd3ad10647dfbbeaab0846b72002894dad4a72818d879d934bc5066	mtk_gpu_hal	mtk_gpu_hal.ko	vendor_dlkm	mtk_get_gpu_cur_freq_fp
447ae8199bd3ad10647dfbbeaab0846b72002894dad4a72818d879d934bc5066	mtk_gpu_hal	mtk_gpu_hal.ko	vendor_dlkm	mtk_get_gpu_cur_oppidx
447ae8199bd3ad10647dfbbeaab0846b72002894dad4a72818d879d934bc5066	mtk_gpu_hal	mtk_gpu_hal.ko	vendor_dlkm	mtk_get_gpu_cur_oppidx_fp
447ae8199bd3ad10647dfbbeaab0846b72002894dad4a72818d879d934bc5066	mtk_gpu_hal	mtk_gpu_hal.ko	vendor_dlkm	mtk_get_gpu_floor_index
447ae8199bd3ad10647dfbbeaab0846b72002894dad4a72818d879d934bc5066	mtk_gpu_hal	mtk_gpu_hal.ko	vendor_dlkm	mtk_get_gpu_floor_limiter
447ae8199bd3ad10647dfbbeaab0846b72002894dad4a72818d879d934bc5066	mtk_gpu_hal	mtk_gpu_hal.ko	vendor_dlkm	mtk_get_gpu_idle
447ae8199bd3ad10647dfbbeaab0846b72002894dad4a72818d879d934bc5066	mtk_gpu_hal	mtk_gpu_hal.ko	vendor_dlkm	mtk_get_gpu_idle_fp
447ae8199bd3ad10647dfbbeaab0846b72002894dad4a72818d879d934bc5066	mtk_gpu_hal	mtk_gpu_hal.ko	vendor_dlkm	mtk_get_gpu_limit_index_fp
447ae8199bd3ad10647dfbbeaab0846b72002894dad4a72818d879d934bc5066	mtk_gpu_hal	mtk_gpu_hal.ko	vendor_dlkm	mtk_get_gpu_limiter_fp
447ae8199bd3ad10647dfbbeaab0846b72002894dad4a72818d879d934bc5066	mtk_gpu_hal	mtk_gpu_hal.ko	vendor_dlkm	mtk_get_gpu_loading
447ae8199bd3ad10647dfbbeaab0846b72002894dad4a72818d879d934bc5066	mtk_gpu_hal	mtk_gpu_hal.ko	vendor_dlkm	mtk_get_gpu_loading_fp
447ae8199bd3ad10647dfbbeaab0846b72002894dad4a72818d879d934bc5066	mtk_gpu_hal	mtk_gpu_hal.ko	vendor_dlkm	mtk_get_gpu_memory_pool
447ae8199bd3ad10647dfbbeaab0846b72002894dad4a72818d879d934bc5066	mtk_gpu_hal	mtk_gpu_hal.ko	vendor_dlkm	mtk_get_gpu_memory_pool_fp
447ae8199bd3ad10647dfbbeaab0846b72002894dad4a72818d879d934bc5066	mtk_gpu_hal	mtk_gpu_hal.ko	vendor_dlkm	mtk_get_gpu_memory_usage
447ae8199bd3ad10647dfbbeaab0846b72002894dad4a72818d879d934bc5066	mtk_gpu_hal	mtk_gpu_hal.ko	vendor_dlkm	mtk_get_gpu_memory_usage_fp
447ae8199bd3ad10647dfbbeaab0846b72002894dad4a72818d879d934bc5066	mtk_gpu_hal	mtk_gpu_hal.ko	vendor_dlkm	mtk_get_gpu_pmu_deinit
447ae8199bd3ad10647dfbbeaab0846b72002894dad4a72818d879d934bc5066	mtk_gpu_hal	mtk_gpu_hal.ko	vendor_dlkm	mtk_get_gpu_pmu_deinit_fp
447ae8199bd3ad10647dfbbeaab0846b72002894dad4a72818d879d934bc5066	mtk_gpu_hal	mtk_gpu_hal.ko	vendor_dlkm	mtk_get_gpu_pmu_init
447ae8199bd3ad10647dfbbeaab0846b72002894dad4a72818d879d934bc5066	mtk_gpu_hal	mtk_gpu_hal.ko	vendor_dlkm	mtk_get_gpu_pmu_init_fp
447ae8199bd3ad10647dfbbeaab0846b72002894dad4a72818d879d934bc5066	mtk_gpu_hal	mtk_gpu_hal.ko	vendor_dlkm	mtk_get_gpu_pmu_swapnreset
447ae8199bd3ad10647dfbbeaab0846b72002894dad4a72818d879d934bc5066	mtk_gpu_hal	mtk_gpu_hal.ko	vendor_dlkm	mtk_get_gpu_pmu_swapnreset_fp
447ae8199bd3ad10647dfbbeaab0846b72002894dad4a72818d879d934bc5066	mtk_gpu_hal	mtk_gpu_hal.ko	vendor_dlkm	mtk_get_gpu_pmu_swapnreset_stop
447ae8199bd3ad10647dfbbeaab0846b72002894dad4a72818d879d934bc5066	mtk_gpu_hal	mtk_gpu_hal.ko	vendor_dlkm	mtk_get_gpu_pmu_swapnreset_stop_fp
447ae8199bd3ad10647dfbbeaab0846b72002894dad4a72818d879d934bc5066	mtk_gpu_hal	mtk_gpu_hal.ko	vendor_dlkm	mtk_get_loading_base_dvfs_step
447ae8199bd3ad10647dfbbeaab0846b72002894dad4a72818d879d934bc5066	mtk_gpu_hal	mtk_gpu_hal.ko	vendor_dlkm	mtk_get_loading_base_dvfs_step_fp
447ae8199bd3ad10647dfbbeaab0846b72002894dad4a72818d879d934bc5066	mtk_gpu_hal	mtk_gpu_hal.ko	vendor_dlkm	mtk_get_timer_base_dvfs_margin
447ae8199bd3ad10647dfbbeaab0846b72002894dad4a72818d879d934bc5066	mtk_gpu_hal	mtk_gpu_hal.ko	vendor_dlkm	mtk_get_timer_base_dvfs_margin_fp
447ae8199bd3ad10647dfbbeaab0846b72002894dad4a72818d879d934bc5066	mtk_gpu_hal	mtk_gpu_hal.ko	vendor_dlkm	mtk_gpu_fence_debug_dump
447ae8199bd3ad10647dfbbeaab0846b72002894dad4a72818d879d934bc5066	mtk_gpu_hal	mtk_gpu_hal.ko	vendor_dlkm	mtk_gpu_fence_debug_dump_fp
447ae8199bd3ad10647dfbbeaab0846b72002894dad4a72818d879d934bc5066	mtk_gpu_hal	mtk_gpu_hal.ko	vendor_dlkm	mtk_loading_base_dvfs_step
447ae8199bd3ad10647dfbbeaab0846b72002894dad4a72818d879d934bc5066	mtk_gpu_hal	mtk_gpu_hal.ko	vendor_dlkm	mtk_loading_base_dvfs_step_fp
447ae8199bd3ad10647dfbbeaab0846b72002894dad4a72818d879d934bc5066	mtk_gpu_hal	mtk_gpu_hal.ko	vendor_dlkm	mtk_ltr_gpu_pmu_start
447ae8199bd3ad10647dfbbeaab0846b72002894dad4a72818d879d934bc5066	mtk_gpu_hal	mtk_gpu_hal.ko	vendor_dlkm	mtk_ltr_gpu_pmu_start_fp
447ae8199bd3ad10647dfbbeaab0846b72002894dad4a72818d879d934bc5066	mtk_gpu_hal	mtk_gpu_hal.ko	vendor_dlkm	mtk_ltr_gpu_pmu_stop
447ae8199bd3ad10647dfbbeaab0846b72002894dad4a72818d879d934bc5066	mtk_gpu_hal	mtk_gpu_hal.ko	vendor_dlkm	mtk_ltr_gpu_pmu_stop_fp
447ae8199bd3ad10647dfbbeaab0846b72002894dad4a72818d879d934bc5066	mtk_gpu_hal	mtk_gpu_hal.ko	vendor_dlkm	mtk_notify_gpu_freq_change
447ae8199bd3ad10647dfbbeaab0846b72002894dad4a72818d879d934bc5066	mtk_gpu_hal	mtk_gpu_hal.ko	vendor_dlkm	mtk_notify_gpu_freq_change_fp
447ae8199bd3ad10647dfbbeaab0846b72002894dad4a72818d879d934bc5066	mtk_gpu_hal	mtk_gpu_hal.ko	vendor_dlkm	mtk_notify_gpu_power_change
447ae8199bd3ad10647dfbbeaab0846b72002894dad4a72818d879d934bc5066	mtk_gpu_hal	mtk_gpu_hal.ko	vendor_dlkm	mtk_register_gpu_power_change
447ae8199bd3ad10647dfbbeaab0846b72002894dad4a72818d879d934bc5066	mtk_gpu_hal	mtk_gpu_hal.ko	vendor_dlkm	mtk_set_bottom_gpu_freq
447ae8199bd3ad10647dfbbeaab0846b72002894dad4a72818d879d934bc5066	mtk_gpu_hal	mtk_gpu_hal.ko	vendor_dlkm	mtk_set_bottom_gpu_freq_fp
447ae8199bd3ad10647dfbbeaab0846b72002894dad4a72818d879d934bc5066	mtk_gpu_hal	mtk_gpu_hal.ko	vendor_dlkm	mtk_set_fastdvfs_mode
447ae8199bd3ad10647dfbbeaab0846b72002894dad4a72818d879d934bc5066	mtk_gpu_hal	mtk_gpu_hal.ko	vendor_dlkm	mtk_set_fastdvfs_mode_fp
447ae8199bd3ad10647dfbbeaab0846b72002894dad4a72818d879d934bc5066	mtk_gpu_hal	mtk_gpu_hal.ko	vendor_dlkm	mtk_set_gpu_idle
447ae8199bd3ad10647dfbbeaab0846b72002894dad4a72818d879d934bc5066	mtk_gpu_hal	mtk_gpu_hal.ko	vendor_dlkm	mtk_set_gpu_idle_fp
447ae8199bd3ad10647dfbbeaab0846b72002894dad4a72818d879d934bc5066	mtk_gpu_hal	mtk_gpu_hal.ko	vendor_dlkm	mtk_swpm_gpu_pm_start
447ae8199bd3ad10647dfbbeaab0846b72002894dad4a72818d879d934bc5066	mtk_gpu_hal	mtk_gpu_hal.ko	vendor_dlkm	mtk_swpm_gpu_pm_start_fp
447ae8199bd3ad10647dfbbeaab0846b72002894dad4a72818d879d934bc5066	mtk_gpu_hal	mtk_gpu_hal.ko	vendor_dlkm	mtk_timer_base_dvfs_margin
447ae8199bd3ad10647dfbbeaab0846b72002894dad4a72818d879d934bc5066	mtk_gpu_hal	mtk_gpu_hal.ko	vendor_dlkm	mtk_timer_base_dvfs_margin_fp
447ae8199bd3ad10647dfbbeaab0846b72002894dad4a72818d879d934bc5066	mtk_gpu_hal	mtk_gpu_hal.ko	vendor_dlkm	mtk_unregister_gpu_power_change
44ec0fd9a49be4e7e19ef01f125ba3406aa792183031268b488f9a8126e76098	mtk_perf_ioctl	mtk_perf_ioctl.ko	vendor_dlkm	fpsgo_get_cmd_fp
44ec0fd9a49be4e7e19ef01f125ba3406aa792183031268b488f9a8126e76098	mtk_perf_ioctl	mtk_perf_ioctl.ko	vendor_dlkm	fpsgo_get_fps_fp
44ec0fd9a49be4e7e19ef01f125ba3406aa792183031268b488f9a8126e76098	mtk_perf_ioctl	mtk_perf_ioctl.ko	vendor_dlkm	fpsgo_get_fstb_active_fp
44ec0fd9a49be4e7e19ef01f125ba3406aa792183031268b488f9a8126e76098	mtk_perf_ioctl	mtk_perf_ioctl.ko	vendor_dlkm	fpsgo_get_lr_pair_fp
44ec0fd9a49be4e7e19ef01f125ba3406aa792183031268b488f9a8126e76098	mtk_perf_ioctl	mtk_perf_ioctl.ko	vendor_dlkm	fpsgo_get_pid_fp
44ec0fd9a49be4e7e19ef01f125ba3406aa792183031268b488f9a8126e76098	mtk_perf_ioctl	mtk_perf_ioctl.ko	vendor_dlkm	fpsgo_notify_acquire_fp
44ec0fd9a49be4e7e19ef01f125ba3406aa792183031268b488f9a8126e76098	mtk_perf_ioctl	mtk_perf_ioctl.ko	vendor_dlkm	fpsgo_notify_bqid_fp
44ec0fd9a49be4e7e19ef01f125ba3406aa792183031268b488f9a8126e76098	mtk_perf_ioctl	mtk_perf_ioctl.ko	vendor_dlkm	fpsgo_notify_buffer_quota_fp
44ec0fd9a49be4e7e19ef01f125ba3406aa792183031268b488f9a8126e76098	mtk_perf_ioctl	mtk_perf_ioctl.ko	vendor_dlkm	fpsgo_notify_connect_fp
44ec0fd9a49be4e7e19ef01f125ba3406aa792183031268b488f9a8126e76098	mtk_perf_ioctl	mtk_perf_ioctl.ko	vendor_dlkm	fpsgo_notify_frame_hint_fp
44ec0fd9a49be4e7e19ef01f125ba3406aa792183031268b488f9a8126e76098	mtk_perf_ioctl	mtk_perf_ioctl.ko	vendor_dlkm	fpsgo_notify_qudeq_fp
44ec0fd9a49be4e7e19ef01f125ba3406aa792183031268b488f9a8126e76098	mtk_perf_ioctl	mtk_perf_ioctl.ko	vendor_dlkm	fpsgo_notify_sbe_policy_fp
44ec0fd9a49be4e7e19ef01f125ba3406aa792183031268b488f9a8126e76098	mtk_perf_ioctl	mtk_perf_ioctl.ko	vendor_dlkm	fpsgo_notify_sbe_rescue_fp
44ec0fd9a49be4e7e19ef01f125ba3406aa792183031268b488f9a8126e76098	mtk_perf_ioctl	mtk_perf_ioctl.ko	vendor_dlkm	fpsgo_notify_swap_buffer_fp
44ec0fd9a49be4e7e19ef01f125ba3406aa792183031268b488f9a8126e76098	mtk_perf_ioctl	mtk_perf_ioctl.ko	vendor_dlkm	fpsgo_notify_vsync_fp
44ec0fd9a49be4e7e19ef01f125ba3406aa792183031268b488f9a8126e76098	mtk_perf_ioctl	mtk_perf_ioctl.ko	vendor_dlkm	fpsgo_notify_vsync_period_fp
44ec0fd9a49be4e7e19ef01f125ba3406aa792183031268b488f9a8126e76098	mtk_perf_ioctl	mtk_perf_ioctl.ko	vendor_dlkm	fpsgo_set_rl_expected_l2q_us_fp
44ec0fd9a49be4e7e19ef01f125ba3406aa792183031268b488f9a8126e76098	mtk_perf_ioctl	mtk_perf_ioctl.ko	vendor_dlkm	fpsgo_set_rl_l2q_enable_fp
44ec0fd9a49be4e7e19ef01f125ba3406aa792183031268b488f9a8126e76098	mtk_perf_ioctl	mtk_perf_ioctl.ko	vendor_dlkm	fpsgo_wait_fstb_active_fp
44ec0fd9a49be4e7e19ef01f125ba3406aa792183031268b488f9a8126e76098	mtk_perf_ioctl	mtk_perf_ioctl.ko	vendor_dlkm	gbe_get_cmd_fp
44ec0fd9a49be4e7e19ef01f125ba3406aa792183031268b488f9a8126e76098	mtk_perf_ioctl	mtk_perf_ioctl.ko	vendor_dlkm	perfmgr_root
44ec0fd9a49be4e7e19ef01f125ba3406aa792183031268b488f9a8126e76098	mtk_perf_ioctl	mtk_perf_ioctl.ko	vendor_dlkm	xgff_boost_startend_fp
44ec0fd9a49be4e7e19ef01f125ba3406aa792183031268b488f9a8126e76098	mtk_perf_ioctl	mtk_perf_ioctl.ko	vendor_dlkm	xgff_frame_getdeplist_maxsize_fp
44ec0fd9a49be4e7e19ef01f125ba3406aa792183031268b488f9a8126e76098	mtk_perf_ioctl	mtk_perf_ioctl.ko	vendor_dlkm	xgff_frame_min_cap_fp
44ec0fd9a49be4e7e19ef01f125ba3406aa792183031268b488f9a8126e76098	mtk_perf_ioctl	mtk_perf_ioctl.ko	vendor_dlkm	xgff_frame_startend_fp
44eccbec74f4b4f59ad3090811ee9b71eb5efac5a0cbbe0a17505c7315c7afb4	ieee802154	ieee802154.ko	system_dlkm	ieee802154_hdr_peek
44eccbec74f4b4f59ad3090811ee9b71eb5efac5a0cbbe0a17505c7315c7afb4	ieee802154	ieee802154.ko	system_dlkm	ieee802154_hdr_peek_addrs
44eccbec74f4b4f59ad3090811ee9b71eb5efac5a0cbbe0a17505c7315c7afb4	ieee802154	ieee802154.ko	system_dlkm	ieee802154_hdr_pull
44eccbec74f4b4f59ad3090811ee9b71eb5efac5a0cbbe0a17505c7315c7afb4	ieee802154	ieee802154.ko	system_dlkm	ieee802154_hdr_push
44eccbec74f4b4f59ad3090811ee9b71eb5efac5a0cbbe0a17505c7315c7afb4	ieee802154	ieee802154.ko	system_dlkm	ieee802154_max_payload
44eccbec74f4b4f59ad3090811ee9b71eb5efac5a0cbbe0a17505c7315c7afb4	ieee802154	ieee802154.ko	system_dlkm	wpan_phy_find
44eccbec74f4b4f59ad3090811ee9b71eb5efac5a0cbbe0a17505c7315c7afb4	ieee802154	ieee802154.ko	system_dlkm	wpan_phy_for_each
44eccbec74f4b4f59ad3090811ee9b71eb5efac5a0cbbe0a17505c7315c7afb4	ieee802154	ieee802154.ko	system_dlkm	wpan_phy_free
44eccbec74f4b4f59ad3090811ee9b71eb5efac5a0cbbe0a17505c7315c7afb4	ieee802154	ieee802154.ko	system_dlkm	wpan_phy_new
44eccbec74f4b4f59ad3090811ee9b71eb5efac5a0cbbe0a17505c7315c7afb4	ieee802154	ieee802154.ko	system_dlkm	wpan_phy_register
44eccbec74f4b4f59ad3090811ee9b71eb5efac5a0cbbe0a17505c7315c7afb4	ieee802154	ieee802154.ko	system_dlkm	wpan_phy_unregister
44f71bdc995c2dee4f80559e3b1e9e65113648af9e0cf684957ec0da0b04fb6e	mtk_vmm_isp71_regulator	mtk-vmm-isp71-regulator.ko	vendor_dlkm	mtk_ispdvfs_dbg_level
44f71bdc995c2dee4f80559e3b1e9e65113648af9e0cf684957ec0da0b04fb6e	mtk_vmm_isp71_regulator	mtk-vmm-isp71-regulator.ko	vendor_dlkm	mtk_ispdvfs_fix_dvfs
4507afb9c2a59edffb8fcee902e99be1d979ec0afefc5e2ab91a8c774f124869	cdc_ncm	cdc_ncm.ko	system_dlkm	cdc_ncm_bind_common
4507afb9c2a59edffb8fcee902e99be1d979ec0afefc5e2ab91a8c774f124869	cdc_ncm	cdc_ncm.ko	system_dlkm	cdc_ncm_change_mtu
4507afb9c2a59edffb8fcee902e99be1d979ec0afefc5e2ab91a8c774f124869	cdc_ncm	cdc_ncm.ko	system_dlkm	cdc_ncm_fill_tx_frame
4507afb9c2a59edffb8fcee902e99be1d979ec0afefc5e2ab91a8c774f124869	cdc_ncm	cdc_ncm.ko	system_dlkm	cdc_ncm_rx_fixup
4507afb9c2a59edffb8fcee902e99be1d979ec0afefc5e2ab91a8c774f124869	cdc_ncm	cdc_ncm.ko	system_dlkm	cdc_ncm_rx_verify_ndp16
4507afb9c2a59edffb8fcee902e99be1d979ec0afefc5e2ab91a8c774f124869	cdc_ncm	cdc_ncm.ko	system_dlkm	cdc_ncm_rx_verify_ndp32
4507afb9c2a59edffb8fcee902e99be1d979ec0afefc5e2ab91a8c774f124869	cdc_ncm	cdc_ncm.ko	system_dlkm	cdc_ncm_rx_verify_nth16
4507afb9c2a59edffb8fcee902e99be1d979ec0afefc5e2ab91a8c774f124869	cdc_ncm	cdc_ncm.ko	system_dlkm	cdc_ncm_rx_verify_nth32
4507afb9c2a59edffb8fcee902e99be1d979ec0afefc5e2ab91a8c774f124869	cdc_ncm	cdc_ncm.ko	system_dlkm	cdc_ncm_select_altsetting
4507afb9c2a59edffb8fcee902e99be1d979ec0afefc5e2ab91a8c774f124869	cdc_ncm	cdc_ncm.ko	system_dlkm	cdc_ncm_tx_fixup
4507afb9c2a59edffb8fcee902e99be1d979ec0afefc5e2ab91a8c774f124869	cdc_ncm	cdc_ncm.ko	system_dlkm	cdc_ncm_unbind
469355a7943e2dbf5becc8ed6d4c5b82a9448ba88f33516de2ad8bf30b4ba097	c2k_usb	c2k_usb.ko	vendor_dlkm	alloc_inst_rawbulk
469355a7943e2dbf5becc8ed6d4c5b82a9448ba88f33516de2ad8bf30b4ba097	c2k_usb	c2k_usb.ko	vendor_dlkm	rawbulk_alloc
469355a7943e2dbf5becc8ed6d4c5b82a9448ba88f33516de2ad8bf30b4ba097	c2k_usb	c2k_usb.ko	vendor_dlkm	rawbulk_bind_function
469355a7943e2dbf5becc8ed6d4c5b82a9448ba88f33516de2ad8bf30b4ba097	c2k_usb	c2k_usb.ko	vendor_dlkm	rawbulk_bind_sdio_channel
469355a7943e2dbf5becc8ed6d4c5b82a9448ba88f33516de2ad8bf30b4ba097	c2k_usb	c2k_usb.ko	vendor_dlkm	rawbulk_check_enable
469355a7943e2dbf5becc8ed6d4c5b82a9448ba88f33516de2ad8bf30b4ba097	c2k_usb	c2k_usb.ko	vendor_dlkm	rawbulk_disable_function
469355a7943e2dbf5becc8ed6d4c5b82a9448ba88f33516de2ad8bf30b4ba097	c2k_usb	c2k_usb.ko	vendor_dlkm	rawbulk_lookup_function
469355a7943e2dbf5becc8ed6d4c5b82a9448ba88f33516de2ad8bf30b4ba097	c2k_usb	c2k_usb.ko	vendor_dlkm	rawbulk_push_upstream_buffer
469355a7943e2dbf5becc8ed6d4c5b82a9448ba88f33516de2ad8bf30b4ba097	c2k_usb	c2k_usb.ko	vendor_dlkm	rawbulk_start_transactions
469355a7943e2dbf5becc8ed6d4c5b82a9448ba88f33516de2ad8bf30b4ba097	c2k_usb	c2k_usb.ko	vendor_dlkm	rawbulk_stop_transactions
469355a7943e2dbf5becc8ed6d4c5b82a9448ba88f33516de2ad8bf30b4ba097	c2k_usb	c2k_usb.ko	vendor_dlkm	rawbulk_transfer_exit
469355a7943e2dbf5becc8ed6d4c5b82a9448ba88f33516de2ad8bf30b4ba097	c2k_usb	c2k_usb.ko	vendor_dlkm	rawbulk_transfer_init
469355a7943e2dbf5becc8ed6d4c5b82a9448ba88f33516de2ad8bf30b4ba097	c2k_usb	c2k_usb.ko	vendor_dlkm	rawbulk_transfer_statistics
469355a7943e2dbf5becc8ed6d4c5b82a9448ba88f33516de2ad8bf30b4ba097	c2k_usb	c2k_usb.ko	vendor_dlkm	rawbulk_unbind_function
469355a7943e2dbf5becc8ed6d4c5b82a9448ba88f33516de2ad8bf30b4ba097	c2k_usb	c2k_usb.ko	vendor_dlkm	rawbulk_unbind_sdio_channel
469355a7943e2dbf5becc8ed6d4c5b82a9448ba88f33516de2ad8bf30b4ba097	c2k_usb	c2k_usb.ko	vendor_dlkm	rawbulk_usb_state_check
46dc950c2566b6a7a6b7dfafd34609ec240da46bb463aa7f89b26ea1e60a164d	mtk_cm_mgr	mtk_cm_mgr.ko	vendor_dlkm	cm_mgr_check_dts_setting
46dc950c2566b6a7a6b7dfafd34609ec240da46bb463aa7f89b26ea1e60a164d	mtk_cm_mgr	mtk_cm_mgr.ko	vendor_dlkm	cm_mgr_common_exit
46dc950c2566b6a7a6b7dfafd34609ec240da46bb463aa7f89b26ea1e60a164d	mtk_cm_mgr	mtk_cm_mgr.ko	vendor_dlkm	cm_mgr_common_init
46dc950c2566b6a7a6b7dfafd34609ec240da46bb463aa7f89b26ea1e60a164d	mtk_cm_mgr	mtk_cm_mgr.ko	vendor_dlkm	cm_mgr_get_blank_status
46dc950c2566b6a7a6b7dfafd34609ec240da46bb463aa7f89b26ea1e60a164d	mtk_cm_mgr	mtk_cm_mgr.ko	vendor_dlkm	cm_mgr_get_bw_path
46dc950c2566b6a7a6b7dfafd34609ec240da46bb463aa7f89b26ea1e60a164d	mtk_cm_mgr	mtk_cm_mgr.ko	vendor_dlkm	cm_mgr_get_disable_fb
46dc950c2566b6a7a6b7dfafd34609ec240da46bb463aa7f89b26ea1e60a164d	mtk_cm_mgr	mtk_cm_mgr.ko	vendor_dlkm	cm_mgr_get_dram_opp_base
46dc950c2566b6a7a6b7dfafd34609ec240da46bb463aa7f89b26ea1e60a164d	mtk_cm_mgr	mtk_cm_mgr.ko	vendor_dlkm	cm_mgr_get_enable
46dc950c2566b6a7a6b7dfafd34609ec240da46bb463aa7f89b26ea1e60a164d	mtk_cm_mgr	mtk_cm_mgr.ko	vendor_dlkm	cm_mgr_get_latency_awareness_model_info
46dc950c2566b6a7a6b7dfafd34609ec240da46bb463aa7f89b26ea1e60a164d	mtk_cm_mgr	mtk_cm_mgr.ko	vendor_dlkm	cm_mgr_get_num_array
46dc950c2566b6a7a6b7dfafd34609ec240da46bb463aa7f89b26ea1e60a164d	mtk_cm_mgr	mtk_cm_mgr.ko	vendor_dlkm	cm_mgr_get_num_perf
46dc950c2566b6a7a6b7dfafd34609ec240da46bb463aa7f89b26ea1e60a164d	mtk_cm_mgr	mtk_cm_mgr.ko	vendor_dlkm	cm_mgr_get_perf_enable
46dc950c2566b6a7a6b7dfafd34609ec240da46bb463aa7f89b26ea1e60a164d	mtk_cm_mgr	mtk_cm_mgr.ko	vendor_dlkm	cm_mgr_get_perf_force_enable
46dc950c2566b6a7a6b7dfafd34609ec240da46bb463aa7f89b26ea1e60a164d	mtk_cm_mgr	mtk_cm_mgr.ko	vendor_dlkm	cm_mgr_get_perf_mode_ceiling_opp
46dc950c2566b6a7a6b7dfafd34609ec240da46bb463aa7f89b26ea1e60a164d	mtk_cm_mgr	mtk_cm_mgr.ko	vendor_dlkm	cm_mgr_get_perf_mode_enable
46dc950c2566b6a7a6b7dfafd34609ec240da46bb463aa7f89b26ea1e60a164d	mtk_cm_mgr	mtk_cm_mgr.ko	vendor_dlkm	cm_mgr_get_perf_mode_thd
46dc950c2566b6a7a6b7dfafd34609ec240da46bb463aa7f89b26ea1e60a164d	mtk_cm_mgr	mtk_cm_mgr.ko	vendor_dlkm	cm_mgr_get_sspm_version
46dc950c2566b6a7a6b7dfafd34609ec240da46bb463aa7f89b26ea1e60a164d	mtk_cm_mgr	mtk_cm_mgr.ko	vendor_dlkm	cm_mgr_judge_perfs_dram_opp
46dc950c2566b6a7a6b7dfafd34609ec240da46bb463aa7f89b26ea1e60a164d	mtk_cm_mgr	mtk_cm_mgr.ko	vendor_dlkm	cm_mgr_perf_set_status
46dc950c2566b6a7a6b7dfafd34609ec240da46bb463aa7f89b26ea1e60a164d	mtk_cm_mgr	mtk_cm_mgr.ko	vendor_dlkm	cm_mgr_process
46dc950c2566b6a7a6b7dfafd34609ec240da46bb463aa7f89b26ea1e60a164d	mtk_cm_mgr	mtk_cm_mgr.ko	vendor_dlkm	cm_mgr_register_hook
46dc950c2566b6a7a6b7dfafd34609ec240da46bb463aa7f89b26ea1e60a164d	mtk_cm_mgr	mtk_cm_mgr.ko	vendor_dlkm	cm_mgr_set_bw_path
46dc950c2566b6a7a6b7dfafd34609ec240da46bb463aa7f89b26ea1e60a164d	mtk_cm_mgr	mtk_cm_mgr.ko	vendor_dlkm	cm_mgr_set_disable_fb
46dc950c2566b6a7a6b7dfafd34609ec240da46bb463aa7f89b26ea1e60a164d	mtk_cm_mgr	mtk_cm_mgr.ko	vendor_dlkm	cm_mgr_set_dram_opp_base
46dc950c2566b6a7a6b7dfafd34609ec240da46bb463aa7f89b26ea1e60a164d	mtk_cm_mgr	mtk_cm_mgr.ko	vendor_dlkm	cm_mgr_set_dram_opp_ceiling
46dc950c2566b6a7a6b7dfafd34609ec240da46bb463aa7f89b26ea1e60a164d	mtk_cm_mgr	mtk_cm_mgr.ko	vendor_dlkm	cm_mgr_set_dram_opp_floor
46dc950c2566b6a7a6b7dfafd34609ec240da46bb463aa7f89b26ea1e60a164d	mtk_cm_mgr	mtk_cm_mgr.ko	vendor_dlkm	cm_mgr_set_num_array
46dc950c2566b6a7a6b7dfafd34609ec240da46bb463aa7f89b26ea1e60a164d	mtk_cm_mgr	mtk_cm_mgr.ko	vendor_dlkm	cm_mgr_set_num_perf
46dc950c2566b6a7a6b7dfafd34609ec240da46bb463aa7f89b26ea1e60a164d	mtk_cm_mgr	mtk_cm_mgr.ko	vendor_dlkm	cm_mgr_set_pdev
46dc950c2566b6a7a6b7dfafd34609ec240da46bb463aa7f89b26ea1e60a164d	mtk_cm_mgr	mtk_cm_mgr.ko	vendor_dlkm	cm_mgr_set_perf_force_enable
46dc950c2566b6a7a6b7dfafd34609ec240da46bb463aa7f89b26ea1e60a164d	mtk_cm_mgr	mtk_cm_mgr.ko	vendor_dlkm	cm_mgr_set_perf_mode_ceiling_opp
46dc950c2566b6a7a6b7dfafd34609ec240da46bb463aa7f89b26ea1e60a164d	mtk_cm_mgr	mtk_cm_mgr.ko	vendor_dlkm	cm_mgr_set_perf_mode_enable
46dc950c2566b6a7a6b7dfafd34609ec240da46bb463aa7f89b26ea1e60a164d	mtk_cm_mgr	mtk_cm_mgr.ko	vendor_dlkm	cm_mgr_set_perf_mode_thd
46dc950c2566b6a7a6b7dfafd34609ec240da46bb463aa7f89b26ea1e60a164d	mtk_cm_mgr	mtk_cm_mgr.ko	vendor_dlkm	cm_mgr_unregister_hook
46dc950c2566b6a7a6b7dfafd34609ec240da46bb463aa7f89b26ea1e60a164d	mtk_cm_mgr	mtk_cm_mgr.ko	vendor_dlkm	cm_mgr_update_dram_by_cpu_opp
46dc950c2566b6a7a6b7dfafd34609ec240da46bb463aa7f89b26ea1e60a164d	mtk_cm_mgr	mtk_cm_mgr.ko	vendor_dlkm	debounce_times_perf_down_force_local_get
46dc950c2566b6a7a6b7dfafd34609ec240da46bb463aa7f89b26ea1e60a164d	mtk_cm_mgr	mtk_cm_mgr.ko	vendor_dlkm	debounce_times_perf_down_force_local_set
46dc950c2566b6a7a6b7dfafd34609ec240da46bb463aa7f89b26ea1e60a164d	mtk_cm_mgr	mtk_cm_mgr.ko	vendor_dlkm	debounce_times_perf_down_get
46dc950c2566b6a7a6b7dfafd34609ec240da46bb463aa7f89b26ea1e60a164d	mtk_cm_mgr	mtk_cm_mgr.ko	vendor_dlkm	debounce_times_perf_down_local_get
46dc950c2566b6a7a6b7dfafd34609ec240da46bb463aa7f89b26ea1e60a164d	mtk_cm_mgr	mtk_cm_mgr.ko	vendor_dlkm	debounce_times_perf_down_local_set
46dc950c2566b6a7a6b7dfafd34609ec240da46bb463aa7f89b26ea1e60a164d	mtk_cm_mgr	mtk_cm_mgr.ko	vendor_dlkm	debounce_times_perf_force_down_get
46dc950c2566b6a7a6b7dfafd34609ec240da46bb463aa7f89b26ea1e60a164d	mtk_cm_mgr	mtk_cm_mgr.ko	vendor_dlkm	get_cm_step_num
47f48dc56094b3fabe829ec3ccfc665d167353ceb37ea9ac23fe9683108b26fa	vcp_status	vcp_status.ko	vendor_boot_platform	is_suspending
47f48dc56094b3fabe829ec3ccfc665d167353ceb37ea9ac23fe9683108b26fa	vcp_status	vcp_status.ko	vendor_boot_platform	is_vcp_ready_ex
47f48dc56094b3fabe829ec3ccfc665d167353ceb37ea9ac23fe9683108b26fa	vcp_status	vcp_status.ko	vendor_boot_platform	is_vcp_suspending_ex
47f48dc56094b3fabe829ec3ccfc665d167353ceb37ea9ac23fe9683108b26fa	vcp_status	vcp_status.ko	vendor_boot_platform	mminfra_debug_dump
47f48dc56094b3fabe829ec3ccfc665d167353ceb37ea9ac23fe9683108b26fa	vcp_status	vcp_status.ko	vendor_boot_platform	mmup_enable_count
47f48dc56094b3fabe829ec3ccfc665d167353ceb37ea9ac23fe9683108b26fa	vcp_status	vcp_status.ko	vendor_boot_platform	pwclkcnt
47f48dc56094b3fabe829ec3ccfc665d167353ceb37ea9ac23fe9683108b26fa	vcp_status	vcp_status.ko	vendor_boot_platform	vcp_A_register_notify_ex
47f48dc56094b3fabe829ec3ccfc665d167353ceb37ea9ac23fe9683108b26fa	vcp_status	vcp_status.ko	vendor_boot_platform	vcp_A_unregister_notify_ex
47f48dc56094b3fabe829ec3ccfc665d167353ceb37ea9ac23fe9683108b26fa	vcp_status	vcp_status.ko	vendor_boot_platform	vcp_ao
47f48dc56094b3fabe829ec3ccfc665d167353ceb37ea9ac23fe9683108b26fa	vcp_status	vcp_status.ko	vendor_boot_platform	vcp_cmd_ex
47f48dc56094b3fabe829ec3ccfc665d167353ceb37ea9ac23fe9683108b26fa	vcp_status	vcp_status.ko	vendor_boot_platform	vcp_deregister_feature_ex
47f48dc56094b3fabe829ec3ccfc665d167353ceb37ea9ac23fe9683108b26fa	vcp_status	vcp_status.ko	vendor_boot_platform	vcp_get_ipidev
47f48dc56094b3fabe829ec3ccfc665d167353ceb37ea9ac23fe9683108b26fa	vcp_status	vcp_status.ko	vendor_boot_platform	vcp_get_reserve_mem_phys_ex
47f48dc56094b3fabe829ec3ccfc665d167353ceb37ea9ac23fe9683108b26fa	vcp_status	vcp_status.ko	vendor_boot_platform	vcp_get_reserve_mem_virt_ex
47f48dc56094b3fabe829ec3ccfc665d167353ceb37ea9ac23fe9683108b26fa	vcp_status	vcp_status.ko	vendor_boot_platform	vcp_register_feature_ex
47f48dc56094b3fabe829ec3ccfc665d167353ceb37ea9ac23fe9683108b26fa	vcp_status	vcp_status.ko	vendor_boot_platform	vcp_register_mminfra_cb_ex
47f48dc56094b3fabe829ec3ccfc665d167353ceb37ea9ac23fe9683108b26fa	vcp_status	vcp_status.ko	vendor_boot_platform	vcp_set_fp
47f48dc56094b3fabe829ec3ccfc665d167353ceb37ea9ac23fe9683108b26fa	vcp_status	vcp_status.ko	vendor_boot_platform	vcp_set_ipidev
47f48dc56094b3fabe829ec3ccfc665d167353ceb37ea9ac23fe9683108b26fa	vcp_status	vcp_status.ko	vendor_boot_platform	vcp_set_mminfra_cb
49ae5014444a3109cef26d2b21bb22ac9c2501d18f3aaf11b16a21a92ab4cf6f	pmic_lbat_service	pmic_lbat_service.ko	vendor_boot_platform	lbat_read_raw
49ae5014444a3109cef26d2b21bb22ac9c2501d18f3aaf11b16a21a92ab4cf6f	pmic_lbat_service	pmic_lbat_service.ko	vendor_boot_platform	lbat_read_volt
49ae5014444a3109cef26d2b21bb22ac9c2501d18f3aaf11b16a21a92ab4cf6f	pmic_lbat_service	pmic_lbat_service.ko	vendor_boot_platform	lbat_user_modify_thd
49ae5014444a3109cef26d2b21bb22ac9c2501d18f3aaf11b16a21a92ab4cf6f	pmic_lbat_service	pmic_lbat_service.ko	vendor_boot_platform	lbat_user_modify_thd_ext
49ae5014444a3109cef26d2b21bb22ac9c2501d18f3aaf11b16a21a92ab4cf6f	pmic_lbat_service	pmic_lbat_service.ko	vendor_boot_platform	lbat_user_modify_thd_ext_locked
49ae5014444a3109cef26d2b21bb22ac9c2501d18f3aaf11b16a21a92ab4cf6f	pmic_lbat_service	pmic_lbat_service.ko	vendor_boot_platform	lbat_user_modify_thd_locked
49ae5014444a3109cef26d2b21bb22ac9c2501d18f3aaf11b16a21a92ab4cf6f	pmic_lbat_service	pmic_lbat_service.ko	vendor_boot_platform	lbat_user_register
49ae5014444a3109cef26d2b21bb22ac9c2501d18f3aaf11b16a21a92ab4cf6f	pmic_lbat_service	pmic_lbat_service.ko	vendor_boot_platform	lbat_user_register_ext
49ae5014444a3109cef26d2b21bb22ac9c2501d18f3aaf11b16a21a92ab4cf6f	pmic_lbat_service	pmic_lbat_service.ko	vendor_boot_platform	lbat_user_set_debounce
4b29f9b401c43fe98373d17c0360340c0c58f2cc15e2dfbfd536a60bb9484e38	gz_tz_system	gz_tz_system.ko	vendor_dlkm	KREE_AllocSecuremem
4b29f9b401c43fe98373d17c0360340c0c58f2cc15e2dfbfd536a60bb9484e38	gz_tz_system	gz_tz_system.ko	vendor_dlkm	KREE_AllocSecurememWithTag
4b29f9b401c43fe98373d17c0360340c0c58f2cc15e2dfbfd536a60bb9484e38	gz_tz_system	gz_tz_system.ko	vendor_dlkm	KREE_AppendSecureMultichunkmem
4b29f9b401c43fe98373d17c0360340c0c58f2cc15e2dfbfd536a60bb9484e38	gz_tz_system	gz_tz_system.ko	vendor_dlkm	KREE_CloseSession
4b29f9b401c43fe98373d17c0360340c0c58f2cc15e2dfbfd536a60bb9484e38	gz_tz_system	gz_tz_system.ko	vendor_dlkm	KREE_ConfigSecureMultiChunkMemInfo
4b29f9b401c43fe98373d17c0360340c0c58f2cc15e2dfbfd536a60bb9484e38	gz_tz_system	gz_tz_system.ko	vendor_dlkm	KREE_CreateSession
4b29f9b401c43fe98373d17c0360340c0c58f2cc15e2dfbfd536a60bb9484e38	gz_tz_system	gz_tz_system.ko	vendor_dlkm	KREE_GetSystemCnt
4b29f9b401c43fe98373d17c0360340c0c58f2cc15e2dfbfd536a60bb9484e38	gz_tz_system	gz_tz_system.ko	vendor_dlkm	KREE_GetSystemCntFrq
4b29f9b401c43fe98373d17c0360340c0c58f2cc15e2dfbfd536a60bb9484e38	gz_tz_system	gz_tz_system.ko	vendor_dlkm	KREE_ION_AllocChunkmem
4b29f9b401c43fe98373d17c0360340c0c58f2cc15e2dfbfd536a60bb9484e38	gz_tz_system	gz_tz_system.ko	vendor_dlkm	KREE_ION_QueryChunkmem_TEST
4b29f9b401c43fe98373d17c0360340c0c58f2cc15e2dfbfd536a60bb9484e38	gz_tz_system	gz_tz_system.ko	vendor_dlkm	KREE_ION_ReferenceChunkmem
4b29f9b401c43fe98373d17c0360340c0c58f2cc15e2dfbfd536a60bb9484e38	gz_tz_system	gz_tz_system.ko	vendor_dlkm	KREE_ION_UnreferenceChunkmem
4b29f9b401c43fe98373d17c0360340c0c58f2cc15e2dfbfd536a60bb9484e38	gz_tz_system	gz_tz_system.ko	vendor_dlkm	KREE_ION_ZallocChunkmem
4b29f9b401c43fe98373d17c0360340c0c58f2cc15e2dfbfd536a60bb9484e38	gz_tz_system	gz_tz_system.ko	vendor_dlkm	KREE_QueryChunkmem_TEST
4b29f9b401c43fe98373d17c0360340c0c58f2cc15e2dfbfd536a60bb9484e38	gz_tz_system	gz_tz_system.ko	vendor_dlkm	KREE_ReferenceSecureMultichunkmem
4b29f9b401c43fe98373d17c0360340c0c58f2cc15e2dfbfd536a60bb9484e38	gz_tz_system	gz_tz_system.ko	vendor_dlkm	KREE_ReferenceSecuremem
4b29f9b401c43fe98373d17c0360340c0c58f2cc15e2dfbfd536a60bb9484e38	gz_tz_system	gz_tz_system.ko	vendor_dlkm	KREE_RegisterSharedmem
4b29f9b401c43fe98373d17c0360340c0c58f2cc15e2dfbfd536a60bb9484e38	gz_tz_system	gz_tz_system.ko	vendor_dlkm	KREE_ReleaseSecureMultichunkmem
4b29f9b401c43fe98373d17c0360340c0c58f2cc15e2dfbfd536a60bb9484e38	gz_tz_system	gz_tz_system.ko	vendor_dlkm	KREE_SessionToTID
4b29f9b401c43fe98373d17c0360340c0c58f2cc15e2dfbfd536a60bb9484e38	gz_tz_system	gz_tz_system.ko	vendor_dlkm	KREE_TeeServiceCall
4b29f9b401c43fe98373d17c0360340c0c58f2cc15e2dfbfd536a60bb9484e38	gz_tz_system	gz_tz_system.ko	vendor_dlkm	KREE_TeeServiceCallPlus
4b29f9b401c43fe98373d17c0360340c0c58f2cc15e2dfbfd536a60bb9484e38	gz_tz_system	gz_tz_system.ko	vendor_dlkm	KREE_UnreferenceSecuremem
4b29f9b401c43fe98373d17c0360340c0c58f2cc15e2dfbfd536a60bb9484e38	gz_tz_system	gz_tz_system.ko	vendor_dlkm	KREE_UnregisterSharedmem
4b29f9b401c43fe98373d17c0360340c0c58f2cc15e2dfbfd536a60bb9484e38	gz_tz_system	gz_tz_system.ko	vendor_dlkm	KREE_ZallocSecuremem
4b29f9b401c43fe98373d17c0360340c0c58f2cc15e2dfbfd536a60bb9484e38	gz_tz_system	gz_tz_system.ko	vendor_dlkm	KREE_ZallocSecurememWithTag
4b29f9b401c43fe98373d17c0360340c0c58f2cc15e2dfbfd536a60bb9484e38	gz_tz_system	gz_tz_system.ko	vendor_dlkm	_map_user_pages
4b29f9b401c43fe98373d17c0360340c0c58f2cc15e2dfbfd536a60bb9484e38	gz_tz_system	gz_tz_system.ko	vendor_dlkm	tz_system_dev
4d90f4a189867df7e9e958d0e6568f01402cb6120993a7c780fd94a2a11891a1	emi	emi.ko	vendor_boot_platform	mtk_emicen_addr2dram
4d90f4a189867df7e9e958d0e6568f01402cb6120993a7c780fd94a2a11891a1	emi	emi.ko	vendor_boot_platform	mtk_emicen_get_ch_cnt
4d90f4a189867df7e9e958d0e6568f01402cb6120993a7c780fd94a2a11891a1	emi	emi.ko	vendor_boot_platform	mtk_emicen_get_rk_cnt
4d90f4a189867df7e9e958d0e6568f01402cb6120993a7c780fd94a2a11891a1	emi	emi.ko	vendor_boot_platform	mtk_emicen_get_rk_size
4d90f4a189867df7e9e958d0e6568f01402cb6120993a7c780fd94a2a11891a1	emi	emi.ko	vendor_boot_platform	mtk_emidbg_dump
4e6acf9af2959cd4f81695edc1e1ec10b26b808b2e47b92ef32aab1d9d0e68e3	bt_drv_6878	bt_drv_6878.ko	vendor_dlkm	btmtk_set_country_code_from_wifi
509a78cb69a7ec64547919908783532416c51c1bc3b0da14ff8057ff9bc6e906	sspm_v3	sspm_v3.ko	vendor_dlkm	sspm_reserve_mem_get_phys
509a78cb69a7ec64547919908783532416c51c1bc3b0da14ff8057ff9bc6e906	sspm_v3	sspm_v3.ko	vendor_dlkm	sspm_reserve_mem_get_size
509a78cb69a7ec64547919908783532416c51c1bc3b0da14ff8057ff9bc6e906	sspm_v3	sspm_v3.ko	vendor_dlkm	sspm_reserve_mem_get_virt
509a78cb69a7ec64547919908783532416c51c1bc3b0da14ff8057ff9bc6e906	sspm_v3	sspm_v3.ko	vendor_dlkm	sspm_sbuf_get
523e43835638432a64b5b62a1aa65c9c9d431ad97078ac45f7c250a069ba7603	snd_soc_mt6369	snd-soc-mt6369.ko	vendor_dlkm	mt6369_mtkaif_calibration_disable
523e43835638432a64b5b62a1aa65c9c9d431ad97078ac45f7c250a069ba7603	snd_soc_mt6369	snd-soc-mt6369.ko	vendor_dlkm	mt6369_mtkaif_calibration_enable
523e43835638432a64b5b62a1aa65c9c9d431ad97078ac45f7c250a069ba7603	snd_soc_mt6369	snd-soc-mt6369.ko	vendor_dlkm	mt6369_set_codec_ops
523e43835638432a64b5b62a1aa65c9c9d431ad97078ac45f7c250a069ba7603	snd_soc_mt6369	snd-soc-mt6369.ko	vendor_dlkm	mt6369_set_mtkaif_calibration_phase
523e43835638432a64b5b62a1aa65c9c9d431ad97078ac45f7c250a069ba7603	snd_soc_mt6369	snd-soc-mt6369.ko	vendor_dlkm	mt6369_set_mtkaif_protocol
52d32ecc1033e3458a0dfcca07353a8540a01667ac89648b60da218d63e17520	slhc	slhc.ko	system_dlkm	slhc_compress
52d32ecc1033e3458a0dfcca07353a8540a01667ac89648b60da218d63e17520	slhc	slhc.ko	system_dlkm	slhc_free
52d32ecc1033e3458a0dfcca07353a8540a01667ac89648b60da218d63e17520	slhc	slhc.ko	system_dlkm	slhc_init
52d32ecc1033e3458a0dfcca07353a8540a01667ac89648b60da218d63e17520	slhc	slhc.ko	system_dlkm	slhc_remember
52d32ecc1033e3458a0dfcca07353a8540a01667ac89648b60da218d63e17520	slhc	slhc.ko	system_dlkm	slhc_toss
52d32ecc1033e3458a0dfcca07353a8540a01667ac89648b60da218d63e17520	slhc	slhc.ko	system_dlkm	slhc_uncompress
5342aa278f8d4783d5b39c5c7992c6d87f8db6a10e611a81d1db0783cfea3d0c	bootprof	bootprof.ko	vendor_boot_platform	bootprof_log_boot
5342aa278f8d4783d5b39c5c7992c6d87f8db6a10e611a81d1db0783cfea3d0c	bootprof	bootprof.ko	vendor_boot_platform	mt_boot_finish
5368b53e0a277fbc24eecb4f8b42badcb70c37dba147b9e71be3cd9054cd5baf	i2c_mt65xx	i2c-mt65xx.ko	vendor_boot_platform	mtk_i2c_clock_disable_ex
5368b53e0a277fbc24eecb4f8b42badcb70c37dba147b9e71be3cd9054cd5baf	i2c_mt65xx	i2c-mt65xx.ko	vendor_boot_platform	mtk_i2c_clock_enable_ex
5368b53e0a277fbc24eecb4f8b42badcb70c37dba147b9e71be3cd9054cd5baf	i2c_mt65xx	i2c-mt65xx.ko	vendor_boot_platform	scp_wake_release
5368b53e0a277fbc24eecb4f8b42badcb70c37dba147b9e71be3cd9054cd5baf	i2c_mt65xx	i2c-mt65xx.ko	vendor_boot_platform	scp_wake_request
5463e06c205623e4b1b713416836e3b5235dc246c7d536595f6613ba3492d712	spi_mt65xx	spi-mt65xx.ko	vendor_boot_platform	mt_spi_disable_master_clk
5463e06c205623e4b1b713416836e3b5235dc246c7d536595f6613ba3492d712	spi_mt65xx	spi-mt65xx.ko	vendor_boot_platform	mt_spi_enable_master_clk
5463e06c205623e4b1b713416836e3b5235dc246c7d536595f6613ba3492d712	spi_mt65xx	spi-mt65xx.ko	vendor_boot_platform	mtk_spi_set_autosuspend_delay
54b28c83c8f20cba2ce4b7c770fc4534120eba6aaddd1eff11e09bee22b61ef6	pinctrl_mtk_v2	pinctrl-mtk-v2.ko	vendor_boot_platform	dump_eint_pin_status
54b28c83c8f20cba2ce4b7c770fc4534120eba6aaddd1eff11e09bee22b61ef6	pinctrl_mtk_v2	pinctrl-mtk-v2.ko	vendor_boot_platform	mt63xx_hw_set_value
54b28c83c8f20cba2ce4b7c770fc4534120eba6aaddd1eff11e09bee22b61ef6	pinctrl_mtk_v2	pinctrl-mtk-v2.ko	vendor_boot_platform	mt63xx_pinctrl_probe
54b28c83c8f20cba2ce4b7c770fc4534120eba6aaddd1eff11e09bee22b61ef6	pinctrl_mtk_v2	pinctrl-mtk-v2.ko	vendor_boot_platform	mtk_build_eint
54b28c83c8f20cba2ce4b7c770fc4534120eba6aaddd1eff11e09bee22b61ef6	pinctrl_mtk_v2	pinctrl-mtk-v2.ko	vendor_boot_platform	mtk_eh_ctrl
54b28c83c8f20cba2ce4b7c770fc4534120eba6aaddd1eff11e09bee22b61ef6	pinctrl_mtk_v2	pinctrl-mtk-v2.ko	vendor_boot_platform	mtk_eint_do_init
54b28c83c8f20cba2ce4b7c770fc4534120eba6aaddd1eff11e09bee22b61ef6	pinctrl_mtk_v2	pinctrl-mtk-v2.ko	vendor_boot_platform	mtk_eint_do_resume
54b28c83c8f20cba2ce4b7c770fc4534120eba6aaddd1eff11e09bee22b61ef6	pinctrl_mtk_v2	pinctrl-mtk-v2.ko	vendor_boot_platform	mtk_eint_do_suspend
54b28c83c8f20cba2ce4b7c770fc4534120eba6aaddd1eff11e09bee22b61ef6	pinctrl_mtk_v2	pinctrl-mtk-v2.ko	vendor_boot_platform	mtk_eint_find_irq
54b28c83c8f20cba2ce4b7c770fc4534120eba6aaddd1eff11e09bee22b61ef6	pinctrl_mtk_v2	pinctrl-mtk-v2.ko	vendor_boot_platform	mtk_eint_set_debounce
54b28c83c8f20cba2ce4b7c770fc4534120eba6aaddd1eff11e09bee22b61ef6	pinctrl_mtk_v2	pinctrl-mtk-v2.ko	vendor_boot_platform	mtk_hw_get_value
54b28c83c8f20cba2ce4b7c770fc4534120eba6aaddd1eff11e09bee22b61ef6	pinctrl_mtk_v2	pinctrl-mtk-v2.ko	vendor_boot_platform	mtk_hw_set_value
54b28c83c8f20cba2ce4b7c770fc4534120eba6aaddd1eff11e09bee22b61ef6	pinctrl_mtk_v2	pinctrl-mtk-v2.ko	vendor_boot_platform	mtk_is_virt_gpio
54b28c83c8f20cba2ce4b7c770fc4534120eba6aaddd1eff11e09bee22b61ef6	pinctrl_mtk_v2	pinctrl-mtk-v2.ko	vendor_boot_platform	mtk_paris_pinctrl_pm_ops
54b28c83c8f20cba2ce4b7c770fc4534120eba6aaddd1eff11e09bee22b61ef6	pinctrl_mtk_v2	pinctrl-mtk-v2.ko	vendor_boot_platform	mtk_paris_pinctrl_probe
54b28c83c8f20cba2ce4b7c770fc4534120eba6aaddd1eff11e09bee22b61ef6	pinctrl_mtk_v2	pinctrl-mtk-v2.ko	vendor_boot_platform	mtk_pctrl_show_one_pin
54b28c83c8f20cba2ce4b7c770fc4534120eba6aaddd1eff11e09bee22b61ef6	pinctrl_mtk_v2	pinctrl-mtk-v2.ko	vendor_boot_platform	mtk_pinconf_adv_drive_get
54b28c83c8f20cba2ce4b7c770fc4534120eba6aaddd1eff11e09bee22b61ef6	pinctrl_mtk_v2	pinctrl-mtk-v2.ko	vendor_boot_platform	mtk_pinconf_adv_drive_get_raw
54b28c83c8f20cba2ce4b7c770fc4534120eba6aaddd1eff11e09bee22b61ef6	pinctrl_mtk_v2	pinctrl-mtk-v2.ko	vendor_boot_platform	mtk_pinconf_adv_drive_set
54b28c83c8f20cba2ce4b7c770fc4534120eba6aaddd1eff11e09bee22b61ef6	pinctrl_mtk_v2	pinctrl-mtk-v2.ko	vendor_boot_platform	mtk_pinconf_adv_drive_set_raw
54b28c83c8f20cba2ce4b7c770fc4534120eba6aaddd1eff11e09bee22b61ef6	pinctrl_mtk_v2	pinctrl-mtk-v2.ko	vendor_boot_platform	mtk_pinconf_adv_pull_get
54b28c83c8f20cba2ce4b7c770fc4534120eba6aaddd1eff11e09bee22b61ef6	pinctrl_mtk_v2	pinctrl-mtk-v2.ko	vendor_boot_platform	mtk_pinconf_adv_pull_set
54b28c83c8f20cba2ce4b7c770fc4534120eba6aaddd1eff11e09bee22b61ef6	pinctrl_mtk_v2	pinctrl-mtk-v2.ko	vendor_boot_platform	mtk_pinconf_bias_disable_get
54b28c83c8f20cba2ce4b7c770fc4534120eba6aaddd1eff11e09bee22b61ef6	pinctrl_mtk_v2	pinctrl-mtk-v2.ko	vendor_boot_platform	mtk_pinconf_bias_disable_get_rev1
54b28c83c8f20cba2ce4b7c770fc4534120eba6aaddd1eff11e09bee22b61ef6	pinctrl_mtk_v2	pinctrl-mtk-v2.ko	vendor_boot_platform	mtk_pinconf_bias_disable_set
54b28c83c8f20cba2ce4b7c770fc4534120eba6aaddd1eff11e09bee22b61ef6	pinctrl_mtk_v2	pinctrl-mtk-v2.ko	vendor_boot_platform	mtk_pinconf_bias_disable_set_rev1
54b28c83c8f20cba2ce4b7c770fc4534120eba6aaddd1eff11e09bee22b61ef6	pinctrl_mtk_v2	pinctrl-mtk-v2.ko	vendor_boot_platform	mtk_pinconf_bias_get
54b28c83c8f20cba2ce4b7c770fc4534120eba6aaddd1eff11e09bee22b61ef6	pinctrl_mtk_v2	pinctrl-mtk-v2.ko	vendor_boot_platform	mtk_pinconf_bias_get_combo
54b28c83c8f20cba2ce4b7c770fc4534120eba6aaddd1eff11e09bee22b61ef6	pinctrl_mtk_v2	pinctrl-mtk-v2.ko	vendor_boot_platform	mtk_pinconf_bias_get_rev1
54b28c83c8f20cba2ce4b7c770fc4534120eba6aaddd1eff11e09bee22b61ef6	pinctrl_mtk_v2	pinctrl-mtk-v2.ko	vendor_boot_platform	mtk_pinconf_bias_set
54b28c83c8f20cba2ce4b7c770fc4534120eba6aaddd1eff11e09bee22b61ef6	pinctrl_mtk_v2	pinctrl-mtk-v2.ko	vendor_boot_platform	mtk_pinconf_bias_set_combo
54b28c83c8f20cba2ce4b7c770fc4534120eba6aaddd1eff11e09bee22b61ef6	pinctrl_mtk_v2	pinctrl-mtk-v2.ko	vendor_boot_platform	mtk_pinconf_bias_set_rev1
54b28c83c8f20cba2ce4b7c770fc4534120eba6aaddd1eff11e09bee22b61ef6	pinctrl_mtk_v2	pinctrl-mtk-v2.ko	vendor_boot_platform	mtk_pinconf_drive_get
54b28c83c8f20cba2ce4b7c770fc4534120eba6aaddd1eff11e09bee22b61ef6	pinctrl_mtk_v2	pinctrl-mtk-v2.ko	vendor_boot_platform	mtk_pinconf_drive_get_raw
54b28c83c8f20cba2ce4b7c770fc4534120eba6aaddd1eff11e09bee22b61ef6	pinctrl_mtk_v2	pinctrl-mtk-v2.ko	vendor_boot_platform	mtk_pinconf_drive_get_rev1
54b28c83c8f20cba2ce4b7c770fc4534120eba6aaddd1eff11e09bee22b61ef6	pinctrl_mtk_v2	pinctrl-mtk-v2.ko	vendor_boot_platform	mtk_pinconf_drive_set
54b28c83c8f20cba2ce4b7c770fc4534120eba6aaddd1eff11e09bee22b61ef6	pinctrl_mtk_v2	pinctrl-mtk-v2.ko	vendor_boot_platform	mtk_pinconf_drive_set_raw
54b28c83c8f20cba2ce4b7c770fc4534120eba6aaddd1eff11e09bee22b61ef6	pinctrl_mtk_v2	pinctrl-mtk-v2.ko	vendor_boot_platform	mtk_pinconf_drive_set_rev1
54c83bbf52b87113b79892522a2c7427f81c5bac8bb29b768931ba7e6d5d39ca	load_track	load_track.ko	vendor_dlkm	reg_loading_tracking_sp
54c83bbf52b87113b79892522a2c7427f81c5bac8bb29b768931ba7e6d5d39ca	load_track	load_track.ko	vendor_dlkm	unreg_loading_tracking_sp
56c1d502ace3ad4ab677dd63639df9df651d0418033071b640ed3075fa1118c1	mtk_ioctl_touch_boost	mtk_ioctl_touch_boost.ko	vendor_dlkm	touch_boost_get_cmd_fp
56c3c867cf83d5a242065b7b44c07eae0629d8b9a539f2a98e7a65f4d14fe225	8250_mtk	8250_mtk.ko	vendor_boot_platform	mtk8250_uart_dump
56c3c867cf83d5a242065b7b44c07eae0629d8b9a539f2a98e7a65f4d14fe225	8250_mtk	8250_mtk.ko	vendor_boot_platform	mtk8250_uart_end_record
56c3c867cf83d5a242065b7b44c07eae0629d8b9a539f2a98e7a65f4d14fe225	8250_mtk	8250_mtk.ko	vendor_boot_platform	mtk8250_uart_hub_assert_bit_ctrl
56c3c867cf83d5a242065b7b44c07eae0629d8b9a539f2a98e7a65f4d14fe225	8250_mtk	8250_mtk.ko	vendor_boot_platform	mtk8250_uart_hub_bt_on_count_inc
56c3c867cf83d5a242065b7b44c07eae0629d8b9a539f2a98e7a65f4d14fe225	8250_mtk	8250_mtk.ko	vendor_boot_platform	mtk8250_uart_hub_clear_host_awake_sta
56c3c867cf83d5a242065b7b44c07eae0629d8b9a539f2a98e7a65f4d14fe225	8250_mtk	8250_mtk.ko	vendor_boot_platform	mtk8250_uart_hub_clear_request
56c3c867cf83d5a242065b7b44c07eae0629d8b9a539f2a98e7a65f4d14fe225	8250_mtk	8250_mtk.ko	vendor_boot_platform	mtk8250_uart_hub_dev0_clear_rx_request
56c3c867cf83d5a242065b7b44c07eae0629d8b9a539f2a98e7a65f4d14fe225	8250_mtk	8250_mtk.ko	vendor_boot_platform	mtk8250_uart_hub_dev0_clear_tx_request
56c3c867cf83d5a242065b7b44c07eae0629d8b9a539f2a98e7a65f4d14fe225	8250_mtk	8250_mtk.ko	vendor_boot_platform	mtk8250_uart_hub_dev0_set_rx_request
56c3c867cf83d5a242065b7b44c07eae0629d8b9a539f2a98e7a65f4d14fe225	8250_mtk	8250_mtk.ko	vendor_boot_platform	mtk8250_uart_hub_dev0_set_tx_request
56c3c867cf83d5a242065b7b44c07eae0629d8b9a539f2a98e7a65f4d14fe225	8250_mtk	8250_mtk.ko	vendor_boot_platform	mtk8250_uart_hub_dump
56c3c867cf83d5a242065b7b44c07eae0629d8b9a539f2a98e7a65f4d14fe225	8250_mtk	8250_mtk.ko	vendor_boot_platform	mtk8250_uart_hub_dump_with_tag
56c3c867cf83d5a242065b7b44c07eae0629d8b9a539f2a98e7a65f4d14fe225	8250_mtk	8250_mtk.ko	vendor_boot_platform	mtk8250_uart_hub_enable_bypass_mode
56c3c867cf83d5a242065b7b44c07eae0629d8b9a539f2a98e7a65f4d14fe225	8250_mtk	8250_mtk.ko	vendor_boot_platform	mtk8250_uart_hub_fifo_ctrl
56c3c867cf83d5a242065b7b44c07eae0629d8b9a539f2a98e7a65f4d14fe225	8250_mtk	8250_mtk.ko	vendor_boot_platform	mtk8250_uart_hub_get_bt_awake_sta
56c3c867cf83d5a242065b7b44c07eae0629d8b9a539f2a98e7a65f4d14fe225	8250_mtk	8250_mtk.ko	vendor_boot_platform	mtk8250_uart_hub_get_bt_sleep_flow_hw_mech_en
56c3c867cf83d5a242065b7b44c07eae0629d8b9a539f2a98e7a65f4d14fe225	8250_mtk	8250_mtk.ko	vendor_boot_platform	mtk8250_uart_hub_get_cmm_bt_awake_sta
56c3c867cf83d5a242065b7b44c07eae0629d8b9a539f2a98e7a65f4d14fe225	8250_mtk	8250_mtk.ko	vendor_boot_platform	mtk8250_uart_hub_get_host_awake_sta
56c3c867cf83d5a242065b7b44c07eae0629d8b9a539f2a98e7a65f4d14fe225	8250_mtk	8250_mtk.ko	vendor_boot_platform	mtk8250_uart_hub_get_host_bt_awake_sta
56c3c867cf83d5a242065b7b44c07eae0629d8b9a539f2a98e7a65f4d14fe225	8250_mtk	8250_mtk.ko	vendor_boot_platform	mtk8250_uart_hub_get_host_fw_own_status
56c3c867cf83d5a242065b7b44c07eae0629d8b9a539f2a98e7a65f4d14fe225	8250_mtk	8250_mtk.ko	vendor_boot_platform	mtk8250_uart_hub_get_host_wakeup_status
56c3c867cf83d5a242065b7b44c07eae0629d8b9a539f2a98e7a65f4d14fe225	8250_mtk	8250_mtk.ko	vendor_boot_platform	mtk8250_uart_hub_get_uart_cmm_rx_count
56c3c867cf83d5a242065b7b44c07eae0629d8b9a539f2a98e7a65f4d14fe225	8250_mtk	8250_mtk.ko	vendor_boot_platform	mtk8250_uart_hub_is_assert
56c3c867cf83d5a242065b7b44c07eae0629d8b9a539f2a98e7a65f4d14fe225	8250_mtk	8250_mtk.ko	vendor_boot_platform	mtk8250_uart_hub_is_ready
56c3c867cf83d5a242065b7b44c07eae0629d8b9a539f2a98e7a65f4d14fe225	8250_mtk	8250_mtk.ko	vendor_boot_platform	mtk8250_uart_hub_register_cb
56c3c867cf83d5a242065b7b44c07eae0629d8b9a539f2a98e7a65f4d14fe225	8250_mtk	8250_mtk.ko	vendor_boot_platform	mtk8250_uart_hub_reset
56c3c867cf83d5a242065b7b44c07eae0629d8b9a539f2a98e7a65f4d14fe225	8250_mtk	8250_mtk.ko	vendor_boot_platform	mtk8250_uart_hub_reset_flow_ctrl
56c3c867cf83d5a242065b7b44c07eae0629d8b9a539f2a98e7a65f4d14fe225	8250_mtk	8250_mtk.ko	vendor_boot_platform	mtk8250_uart_hub_set_bt_sleep_flow_hw_mech_en
56c3c867cf83d5a242065b7b44c07eae0629d8b9a539f2a98e7a65f4d14fe225	8250_mtk	8250_mtk.ko	vendor_boot_platform	mtk8250_uart_hub_set_host_awake_sta
56c3c867cf83d5a242065b7b44c07eae0629d8b9a539f2a98e7a65f4d14fe225	8250_mtk	8250_mtk.ko	vendor_boot_platform	mtk8250_uart_hub_set_request
56c3c867cf83d5a242065b7b44c07eae0629d8b9a539f2a98e7a65f4d14fe225	8250_mtk	8250_mtk.ko	vendor_boot_platform	mtk8250_uart_start_record
56c3c867cf83d5a242065b7b44c07eae0629d8b9a539f2a98e7a65f4d14fe225	8250_mtk	8250_mtk.ko	vendor_boot_platform	mtk8250_wakeup_callback_register
5925bf498b1807cf6f24003a965d675c693ce11e5dc7cea29ae3769c44775889	mtk_mmc_dbg	mtk-mmc-dbg.ko	vendor_boot_platform	mmc_dbg_register
5925bf498b1807cf6f24003a965d675c693ce11e5dc7cea29ae3769c44775889	mtk_mmc_dbg	mtk-mmc-dbg.ko	vendor_boot_platform	mmc_mtk_dbg_get_aee_buffer
5925bf498b1807cf6f24003a965d675c693ce11e5dc7cea29ae3769c44775889	mtk_mmc_dbg	mtk-mmc-dbg.ko	vendor_boot_platform	msdc_dump_info
5925bf498b1807cf6f24003a965d675c693ce11e5dc7cea29ae3769c44775889	mtk_mmc_dbg	mtk-mmc-dbg.ko	vendor_boot_platform	msdc_dump_ldo_sts
5abc061d76bd3120f94d8c94811714765590a57a1a129672672bb6c3948f5ccf	drm_display_helper	drm_display_helper.ko	vendor_boot_platform	drm_atomic_get_mst_payload_state
5abc061d76bd3120f94d8c94811714765590a57a1a129672672bb6c3948f5ccf	drm_display_helper	drm_display_helper.ko	vendor_boot_platform	drm_atomic_get_mst_topology_state
5abc061d76bd3120f94d8c94811714765590a57a1a129672672bb6c3948f5ccf	drm_display_helper	drm_display_helper.ko	vendor_boot_platform	drm_atomic_get_new_mst_topology_state
5abc061d76bd3120f94d8c94811714765590a57a1a129672672bb6c3948f5ccf	drm_display_helper	drm_display_helper.ko	vendor_boot_platform	drm_atomic_get_old_mst_topology_state
5abc061d76bd3120f94d8c94811714765590a57a1a129672672bb6c3948f5ccf	drm_display_helper	drm_display_helper.ko	vendor_boot_platform	drm_dp_128b132b_cds_interlane_align_done
5abc061d76bd3120f94d8c94811714765590a57a1a129672672bb6c3948f5ccf	drm_display_helper	drm_display_helper.ko	vendor_boot_platform	drm_dp_128b132b_eq_interlane_align_done
5abc061d76bd3120f94d8c94811714765590a57a1a129672672bb6c3948f5ccf	drm_display_helper	drm_display_helper.ko	vendor_boot_platform	drm_dp_128b132b_lane_channel_eq_done
5abc061d76bd3120f94d8c94811714765590a57a1a129672672bb6c3948f5ccf	drm_display_helper	drm_display_helper.ko	vendor_boot_platform	drm_dp_128b132b_lane_symbol_locked
5abc061d76bd3120f94d8c94811714765590a57a1a129672672bb6c3948f5ccf	drm_display_helper	drm_display_helper.ko	vendor_boot_platform	drm_dp_128b132b_link_training_failed
5abc061d76bd3120f94d8c94811714765590a57a1a129672672bb6c3948f5ccf	drm_display_helper	drm_display_helper.ko	vendor_boot_platform	drm_dp_128b132b_read_aux_rd_interval
5abc061d76bd3120f94d8c94811714765590a57a1a129672672bb6c3948f5ccf	drm_display_helper	drm_display_helper.ko	vendor_boot_platform	drm_dp_add_payload_part1
5abc061d76bd3120f94d8c94811714765590a57a1a129672672bb6c3948f5ccf	drm_display_helper	drm_display_helper.ko	vendor_boot_platform	drm_dp_add_payload_part2
5abc061d76bd3120f94d8c94811714765590a57a1a129672672bb6c3948f5ccf	drm_display_helper	drm_display_helper.ko	vendor_boot_platform	drm_dp_atomic_find_time_slots
5abc061d76bd3120f94d8c94811714765590a57a1a129672672bb6c3948f5ccf	drm_display_helper	drm_display_helper.ko	vendor_boot_platform	drm_dp_atomic_release_time_slots
5abc061d76bd3120f94d8c94811714765590a57a1a129672672bb6c3948f5ccf	drm_display_helper	drm_display_helper.ko	vendor_boot_platform	drm_dp_aux_init
5abc061d76bd3120f94d8c94811714765590a57a1a129672672bb6c3948f5ccf	drm_display_helper	drm_display_helper.ko	vendor_boot_platform	drm_dp_aux_register
5abc061d76bd3120f94d8c94811714765590a57a1a129672672bb6c3948f5ccf	drm_display_helper	drm_display_helper.ko	vendor_boot_platform	drm_dp_aux_unregister
5abc061d76bd3120f94d8c94811714765590a57a1a129672672bb6c3948f5ccf	drm_display_helper	drm_display_helper.ko	vendor_boot_platform	drm_dp_bw_code_to_link_rate
5abc061d76bd3120f94d8c94811714765590a57a1a129672672bb6c3948f5ccf	drm_display_helper	drm_display_helper.ko	vendor_boot_platform	drm_dp_calc_pbn_mode
5abc061d76bd3120f94d8c94811714765590a57a1a129672672bb6c3948f5ccf	drm_display_helper	drm_display_helper.ko	vendor_boot_platform	drm_dp_channel_eq_ok
5abc061d76bd3120f94d8c94811714765590a57a1a129672672bb6c3948f5ccf	drm_display_helper	drm_display_helper.ko	vendor_boot_platform	drm_dp_check_act_status
5abc061d76bd3120f94d8c94811714765590a57a1a129672672bb6c3948f5ccf	drm_display_helper	drm_display_helper.ko	vendor_boot_platform	drm_dp_clock_recovery_ok
5abc061d76bd3120f94d8c94811714765590a57a1a129672672bb6c3948f5ccf	drm_display_helper	drm_display_helper.ko	vendor_boot_platform	drm_dp_downstream_420_passthrough
5abc061d76bd3120f94d8c94811714765590a57a1a129672672bb6c3948f5ccf	drm_display_helper	drm_display_helper.ko	vendor_boot_platform	drm_dp_downstream_444_to_420_conversion
5abc061d76bd3120f94d8c94811714765590a57a1a129672672bb6c3948f5ccf	drm_display_helper	drm_display_helper.ko	vendor_boot_platform	drm_dp_downstream_debug
5abc061d76bd3120f94d8c94811714765590a57a1a129672672bb6c3948f5ccf	drm_display_helper	drm_display_helper.ko	vendor_boot_platform	drm_dp_downstream_id
5abc061d76bd3120f94d8c94811714765590a57a1a129672672bb6c3948f5ccf	drm_display_helper	drm_display_helper.ko	vendor_boot_platform	drm_dp_downstream_is_tmds
5abc061d76bd3120f94d8c94811714765590a57a1a129672672bb6c3948f5ccf	drm_display_helper	drm_display_helper.ko	vendor_boot_platform	drm_dp_downstream_is_type
5abc061d76bd3120f94d8c94811714765590a57a1a129672672bb6c3948f5ccf	drm_display_helper	drm_display_helper.ko	vendor_boot_platform	drm_dp_downstream_max_bpc
5abc061d76bd3120f94d8c94811714765590a57a1a129672672bb6c3948f5ccf	drm_display_helper	drm_display_helper.ko	vendor_boot_platform	drm_dp_downstream_max_dotclock
5abc061d76bd3120f94d8c94811714765590a57a1a129672672bb6c3948f5ccf	drm_display_helper	drm_display_helper.ko	vendor_boot_platform	drm_dp_downstream_max_tmds_clock
5abc061d76bd3120f94d8c94811714765590a57a1a129672672bb6c3948f5ccf	drm_display_helper	drm_display_helper.ko	vendor_boot_platform	drm_dp_downstream_min_tmds_clock
5abc061d76bd3120f94d8c94811714765590a57a1a129672672bb6c3948f5ccf	drm_display_helper	drm_display_helper.ko	vendor_boot_platform	drm_dp_downstream_mode
5abc061d76bd3120f94d8c94811714765590a57a1a129672672bb6c3948f5ccf	drm_display_helper	drm_display_helper.ko	vendor_boot_platform	drm_dp_downstream_rgb_to_ycbcr_conversion
5abc061d76bd3120f94d8c94811714765590a57a1a129672672bb6c3948f5ccf	drm_display_helper	drm_display_helper.ko	vendor_boot_platform	drm_dp_dpcd_probe
5abc061d76bd3120f94d8c94811714765590a57a1a129672672bb6c3948f5ccf	drm_display_helper	drm_display_helper.ko	vendor_boot_platform	drm_dp_dpcd_read
5abc061d76bd3120f94d8c94811714765590a57a1a129672672bb6c3948f5ccf	drm_display_helper	drm_display_helper.ko	vendor_boot_platform	drm_dp_dpcd_read_link_status
5abc061d76bd3120f94d8c94811714765590a57a1a129672672bb6c3948f5ccf	drm_display_helper	drm_display_helper.ko	vendor_boot_platform	drm_dp_dpcd_read_phy_link_status
5abc061d76bd3120f94d8c94811714765590a57a1a129672672bb6c3948f5ccf	drm_display_helper	drm_display_helper.ko	vendor_boot_platform	drm_dp_dpcd_set_powered
5abc061d76bd3120f94d8c94811714765590a57a1a129672672bb6c3948f5ccf	drm_display_helper	drm_display_helper.ko	vendor_boot_platform	drm_dp_dpcd_write
5abc061d76bd3120f94d8c94811714765590a57a1a129672672bb6c3948f5ccf	drm_display_helper	drm_display_helper.ko	vendor_boot_platform	drm_dp_dsc_sink_line_buf_depth
5abc061d76bd3120f94d8c94811714765590a57a1a129672672bb6c3948f5ccf	drm_display_helper	drm_display_helper.ko	vendor_boot_platform	drm_dp_dsc_sink_max_slice_count
5abc061d76bd3120f94d8c94811714765590a57a1a129672672bb6c3948f5ccf	drm_display_helper	drm_display_helper.ko	vendor_boot_platform	drm_dp_dsc_sink_supported_input_bpcs
5abc061d76bd3120f94d8c94811714765590a57a1a129672672bb6c3948f5ccf	drm_display_helper	drm_display_helper.ko	vendor_boot_platform	drm_dp_dual_mode_detect
5abc061d76bd3120f94d8c94811714765590a57a1a129672672bb6c3948f5ccf	drm_display_helper	drm_display_helper.ko	vendor_boot_platform	drm_dp_dual_mode_get_tmds_output
5abc061d76bd3120f94d8c94811714765590a57a1a129672672bb6c3948f5ccf	drm_display_helper	drm_display_helper.ko	vendor_boot_platform	drm_dp_dual_mode_max_tmds_clock
5abc061d76bd3120f94d8c94811714765590a57a1a129672672bb6c3948f5ccf	drm_display_helper	drm_display_helper.ko	vendor_boot_platform	drm_dp_dual_mode_read
5abc061d76bd3120f94d8c94811714765590a57a1a129672672bb6c3948f5ccf	drm_display_helper	drm_display_helper.ko	vendor_boot_platform	drm_dp_dual_mode_set_tmds_output
5abc061d76bd3120f94d8c94811714765590a57a1a129672672bb6c3948f5ccf	drm_display_helper	drm_display_helper.ko	vendor_boot_platform	drm_dp_dual_mode_write
5abc061d76bd3120f94d8c94811714765590a57a1a129672672bb6c3948f5ccf	drm_display_helper	drm_display_helper.ko	vendor_boot_platform	drm_dp_get_adjust_request_pre_emphasis
5abc061d76bd3120f94d8c94811714765590a57a1a129672672bb6c3948f5ccf	drm_display_helper	drm_display_helper.ko	vendor_boot_platform	drm_dp_get_adjust_request_voltage
5abc061d76bd3120f94d8c94811714765590a57a1a129672672bb6c3948f5ccf	drm_display_helper	drm_display_helper.ko	vendor_boot_platform	drm_dp_get_adjust_tx_ffe_preset
5abc061d76bd3120f94d8c94811714765590a57a1a129672672bb6c3948f5ccf	drm_display_helper	drm_display_helper.ko	vendor_boot_platform	drm_dp_get_dual_mode_type_name
5abc061d76bd3120f94d8c94811714765590a57a1a129672672bb6c3948f5ccf	drm_display_helper	drm_display_helper.ko	vendor_boot_platform	drm_dp_get_pcon_max_frl_bw
5abc061d76bd3120f94d8c94811714765590a57a1a129672672bb6c3948f5ccf	drm_display_helper	drm_display_helper.ko	vendor_boot_platform	drm_dp_get_phy_test_pattern
5abc061d76bd3120f94d8c94811714765590a57a1a129672672bb6c3948f5ccf	drm_display_helper	drm_display_helper.ko	vendor_boot_platform	drm_dp_get_vc_payload_bw
5abc061d76bd3120f94d8c94811714765590a57a1a129672672bb6c3948f5ccf	drm_display_helper	drm_display_helper.ko	vendor_boot_platform	drm_dp_link_rate_to_bw_code
5abc061d76bd3120f94d8c94811714765590a57a1a129672672bb6c3948f5ccf	drm_display_helper	drm_display_helper.ko	vendor_boot_platform	drm_dp_link_train_channel_eq_delay
5abc061d76bd3120f94d8c94811714765590a57a1a129672672bb6c3948f5ccf	drm_display_helper	drm_display_helper.ko	vendor_boot_platform	drm_dp_link_train_clock_recovery_delay
5abc061d76bd3120f94d8c94811714765590a57a1a129672672bb6c3948f5ccf	drm_display_helper	drm_display_helper.ko	vendor_boot_platform	drm_dp_lttpr_count
5abc061d76bd3120f94d8c94811714765590a57a1a129672672bb6c3948f5ccf	drm_display_helper	drm_display_helper.ko	vendor_boot_platform	drm_dp_lttpr_link_train_channel_eq_delay
5abc061d76bd3120f94d8c94811714765590a57a1a129672672bb6c3948f5ccf	drm_display_helper	drm_display_helper.ko	vendor_boot_platform	drm_dp_lttpr_link_train_clock_recovery_delay
5abc061d76bd3120f94d8c94811714765590a57a1a129672672bb6c3948f5ccf	drm_display_helper	drm_display_helper.ko	vendor_boot_platform	drm_dp_lttpr_max_lane_count
5abc061d76bd3120f94d8c94811714765590a57a1a129672672bb6c3948f5ccf	drm_display_helper	drm_display_helper.ko	vendor_boot_platform	drm_dp_lttpr_max_link_rate
5abc061d76bd3120f94d8c94811714765590a57a1a129672672bb6c3948f5ccf	drm_display_helper	drm_display_helper.ko	vendor_boot_platform	drm_dp_lttpr_pre_emphasis_level_3_supported
5abc061d76bd3120f94d8c94811714765590a57a1a129672672bb6c3948f5ccf	drm_display_helper	drm_display_helper.ko	vendor_boot_platform	drm_dp_lttpr_voltage_swing_level_3_supported
5abc061d76bd3120f94d8c94811714765590a57a1a129672672bb6c3948f5ccf	drm_display_helper	drm_display_helper.ko	vendor_boot_platform	drm_dp_mst_add_affected_dsc_crtcs
5abc061d76bd3120f94d8c94811714765590a57a1a129672672bb6c3948f5ccf	drm_display_helper	drm_display_helper.ko	vendor_boot_platform	drm_dp_mst_atomic_check
5abc061d76bd3120f94d8c94811714765590a57a1a129672672bb6c3948f5ccf	drm_display_helper	drm_display_helper.ko	vendor_boot_platform	drm_dp_mst_atomic_enable_dsc
5abc061d76bd3120f94d8c94811714765590a57a1a129672672bb6c3948f5ccf	drm_display_helper	drm_display_helper.ko	vendor_boot_platform	drm_dp_mst_atomic_setup_commit
5abc061d76bd3120f94d8c94811714765590a57a1a129672672bb6c3948f5ccf	drm_display_helper	drm_display_helper.ko	vendor_boot_platform	drm_dp_mst_atomic_wait_for_dependencies
5abc061d76bd3120f94d8c94811714765590a57a1a129672672bb6c3948f5ccf	drm_display_helper	drm_display_helper.ko	vendor_boot_platform	drm_dp_mst_connector_early_unregister
5abc061d76bd3120f94d8c94811714765590a57a1a129672672bb6c3948f5ccf	drm_display_helper	drm_display_helper.ko	vendor_boot_platform	drm_dp_mst_connector_late_register
5abc061d76bd3120f94d8c94811714765590a57a1a129672672bb6c3948f5ccf	drm_display_helper	drm_display_helper.ko	vendor_boot_platform	drm_dp_mst_detect_port
5abc061d76bd3120f94d8c94811714765590a57a1a129672672bb6c3948f5ccf	drm_display_helper	drm_display_helper.ko	vendor_boot_platform	drm_dp_mst_dsc_aux_for_port
5abc061d76bd3120f94d8c94811714765590a57a1a129672672bb6c3948f5ccf	drm_display_helper	drm_display_helper.ko	vendor_boot_platform	drm_dp_mst_dump_topology
5abc061d76bd3120f94d8c94811714765590a57a1a129672672bb6c3948f5ccf	drm_display_helper	drm_display_helper.ko	vendor_boot_platform	drm_dp_mst_get_edid
5abc061d76bd3120f94d8c94811714765590a57a1a129672672bb6c3948f5ccf	drm_display_helper	drm_display_helper.ko	vendor_boot_platform	drm_dp_mst_get_port_malloc
5abc061d76bd3120f94d8c94811714765590a57a1a129672672bb6c3948f5ccf	drm_display_helper	drm_display_helper.ko	vendor_boot_platform	drm_dp_mst_hpd_irq_handle_event
5abc061d76bd3120f94d8c94811714765590a57a1a129672672bb6c3948f5ccf	drm_display_helper	drm_display_helper.ko	vendor_boot_platform	drm_dp_mst_hpd_irq_send_new_request
5abc061d76bd3120f94d8c94811714765590a57a1a129672672bb6c3948f5ccf	drm_display_helper	drm_display_helper.ko	vendor_boot_platform	drm_dp_mst_put_port_malloc
5abc061d76bd3120f94d8c94811714765590a57a1a129672672bb6c3948f5ccf	drm_display_helper	drm_display_helper.ko	vendor_boot_platform	drm_dp_mst_root_conn_atomic_check
5abc061d76bd3120f94d8c94811714765590a57a1a129672672bb6c3948f5ccf	drm_display_helper	drm_display_helper.ko	vendor_boot_platform	drm_dp_mst_topology_mgr_destroy
5abc061d76bd3120f94d8c94811714765590a57a1a129672672bb6c3948f5ccf	drm_display_helper	drm_display_helper.ko	vendor_boot_platform	drm_dp_mst_topology_mgr_init
5abc061d76bd3120f94d8c94811714765590a57a1a129672672bb6c3948f5ccf	drm_display_helper	drm_display_helper.ko	vendor_boot_platform	drm_dp_mst_topology_mgr_resume
5abc061d76bd3120f94d8c94811714765590a57a1a129672672bb6c3948f5ccf	drm_display_helper	drm_display_helper.ko	vendor_boot_platform	drm_dp_mst_topology_mgr_set_mst
5abc061d76bd3120f94d8c94811714765590a57a1a129672672bb6c3948f5ccf	drm_display_helper	drm_display_helper.ko	vendor_boot_platform	drm_dp_mst_topology_mgr_suspend
5abc061d76bd3120f94d8c94811714765590a57a1a129672672bb6c3948f5ccf	drm_display_helper	drm_display_helper.ko	vendor_boot_platform	drm_dp_mst_topology_state_funcs
5abc061d76bd3120f94d8c94811714765590a57a1a129672672bb6c3948f5ccf	drm_display_helper	drm_display_helper.ko	vendor_boot_platform	drm_dp_mst_update_slots
5abc061d76bd3120f94d8c94811714765590a57a1a129672672bb6c3948f5ccf	drm_display_helper	drm_display_helper.ko	vendor_boot_platform	drm_dp_pcon_convert_rgb_to_ycbcr
5abc061d76bd3120f94d8c94811714765590a57a1a129672672bb6c3948f5ccf	drm_display_helper	drm_display_helper.ko	vendor_boot_platform	drm_dp_pcon_dsc_bpp_incr
5abc061d76bd3120f94d8c94811714765590a57a1a129672672bb6c3948f5ccf	drm_display_helper	drm_display_helper.ko	vendor_boot_platform	drm_dp_pcon_dsc_max_slice_width
5abc061d76bd3120f94d8c94811714765590a57a1a129672672bb6c3948f5ccf	drm_display_helper	drm_display_helper.ko	vendor_boot_platform	drm_dp_pcon_dsc_max_slices
5abc061d76bd3120f94d8c94811714765590a57a1a129672672bb6c3948f5ccf	drm_display_helper	drm_display_helper.ko	vendor_boot_platform	drm_dp_pcon_enc_is_dsc_1_2
5abc061d76bd3120f94d8c94811714765590a57a1a129672672bb6c3948f5ccf	drm_display_helper	drm_display_helper.ko	vendor_boot_platform	drm_dp_pcon_frl_configure_1
5abc061d76bd3120f94d8c94811714765590a57a1a129672672bb6c3948f5ccf	drm_display_helper	drm_display_helper.ko	vendor_boot_platform	drm_dp_pcon_frl_configure_2
5abc061d76bd3120f94d8c94811714765590a57a1a129672672bb6c3948f5ccf	drm_display_helper	drm_display_helper.ko	vendor_boot_platform	drm_dp_pcon_frl_enable
5abc061d76bd3120f94d8c94811714765590a57a1a129672672bb6c3948f5ccf	drm_display_helper	drm_display_helper.ko	vendor_boot_platform	drm_dp_pcon_frl_prepare
5abc061d76bd3120f94d8c94811714765590a57a1a129672672bb6c3948f5ccf	drm_display_helper	drm_display_helper.ko	vendor_boot_platform	drm_dp_pcon_hdmi_frl_link_error_count
5abc061d76bd3120f94d8c94811714765590a57a1a129672672bb6c3948f5ccf	drm_display_helper	drm_display_helper.ko	vendor_boot_platform	drm_dp_pcon_hdmi_link_active
5abc061d76bd3120f94d8c94811714765590a57a1a129672672bb6c3948f5ccf	drm_display_helper	drm_display_helper.ko	vendor_boot_platform	drm_dp_pcon_hdmi_link_mode
5abc061d76bd3120f94d8c94811714765590a57a1a129672672bb6c3948f5ccf	drm_display_helper	drm_display_helper.ko	vendor_boot_platform	drm_dp_pcon_is_frl_ready
5abc061d76bd3120f94d8c94811714765590a57a1a129672672bb6c3948f5ccf	drm_display_helper	drm_display_helper.ko	vendor_boot_platform	drm_dp_pcon_pps_default
5abc061d76bd3120f94d8c94811714765590a57a1a129672672bb6c3948f5ccf	drm_display_helper	drm_display_helper.ko	vendor_boot_platform	drm_dp_pcon_pps_override_buf
5abc061d76bd3120f94d8c94811714765590a57a1a129672672bb6c3948f5ccf	drm_display_helper	drm_display_helper.ko	vendor_boot_platform	drm_dp_pcon_pps_override_param
5abc061d76bd3120f94d8c94811714765590a57a1a129672672bb6c3948f5ccf	drm_display_helper	drm_display_helper.ko	vendor_boot_platform	drm_dp_pcon_reset_frl_config
5abc061d76bd3120f94d8c94811714765590a57a1a129672672bb6c3948f5ccf	drm_display_helper	drm_display_helper.ko	vendor_boot_platform	drm_dp_phy_name
5abc061d76bd3120f94d8c94811714765590a57a1a129672672bb6c3948f5ccf	drm_display_helper	drm_display_helper.ko	vendor_boot_platform	drm_dp_psr_setup_time
5abc061d76bd3120f94d8c94811714765590a57a1a129672672bb6c3948f5ccf	drm_display_helper	drm_display_helper.ko	vendor_boot_platform	drm_dp_read_channel_eq_delay
5abc061d76bd3120f94d8c94811714765590a57a1a129672672bb6c3948f5ccf	drm_display_helper	drm_display_helper.ko	vendor_boot_platform	drm_dp_read_clock_recovery_delay
5abc061d76bd3120f94d8c94811714765590a57a1a129672672bb6c3948f5ccf	drm_display_helper	drm_display_helper.ko	vendor_boot_platform	drm_dp_read_desc
5abc061d76bd3120f94d8c94811714765590a57a1a129672672bb6c3948f5ccf	drm_display_helper	drm_display_helper.ko	vendor_boot_platform	drm_dp_read_downstream_info
5abc061d76bd3120f94d8c94811714765590a57a1a129672672bb6c3948f5ccf	drm_display_helper	drm_display_helper.ko	vendor_boot_platform	drm_dp_read_dpcd_caps
5abc061d76bd3120f94d8c94811714765590a57a1a129672672bb6c3948f5ccf	drm_display_helper	drm_display_helper.ko	vendor_boot_platform	drm_dp_read_lttpr_common_caps
5abc061d76bd3120f94d8c94811714765590a57a1a129672672bb6c3948f5ccf	drm_display_helper	drm_display_helper.ko	vendor_boot_platform	drm_dp_read_lttpr_phy_caps
5abc061d76bd3120f94d8c94811714765590a57a1a129672672bb6c3948f5ccf	drm_display_helper	drm_display_helper.ko	vendor_boot_platform	drm_dp_read_mst_cap
5abc061d76bd3120f94d8c94811714765590a57a1a129672672bb6c3948f5ccf	drm_display_helper	drm_display_helper.ko	vendor_boot_platform	drm_dp_read_sink_count
5abc061d76bd3120f94d8c94811714765590a57a1a129672672bb6c3948f5ccf	drm_display_helper	drm_display_helper.ko	vendor_boot_platform	drm_dp_read_sink_count_cap
5abc061d76bd3120f94d8c94811714765590a57a1a129672672bb6c3948f5ccf	drm_display_helper	drm_display_helper.ko	vendor_boot_platform	drm_dp_remote_aux_init
5abc061d76bd3120f94d8c94811714765590a57a1a129672672bb6c3948f5ccf	drm_display_helper	drm_display_helper.ko	vendor_boot_platform	drm_dp_remove_payload
5abc061d76bd3120f94d8c94811714765590a57a1a129672672bb6c3948f5ccf	drm_display_helper	drm_display_helper.ko	vendor_boot_platform	drm_dp_send_power_updown_phy
5abc061d76bd3120f94d8c94811714765590a57a1a129672672bb6c3948f5ccf	drm_display_helper	drm_display_helper.ko	vendor_boot_platform	drm_dp_send_query_stream_enc_status
5abc061d76bd3120f94d8c94811714765590a57a1a129672672bb6c3948f5ccf	drm_display_helper	drm_display_helper.ko	vendor_boot_platform	drm_dp_send_real_edid_checksum
5abc061d76bd3120f94d8c94811714765590a57a1a129672672bb6c3948f5ccf	drm_display_helper	drm_display_helper.ko	vendor_boot_platform	drm_dp_set_phy_test_pattern
5abc061d76bd3120f94d8c94811714765590a57a1a129672672bb6c3948f5ccf	drm_display_helper	drm_display_helper.ko	vendor_boot_platform	drm_dp_set_subconnector_property
5abc061d76bd3120f94d8c94811714765590a57a1a129672672bb6c3948f5ccf	drm_display_helper	drm_display_helper.ko	vendor_boot_platform	drm_dp_start_crc
5abc061d76bd3120f94d8c94811714765590a57a1a129672672bb6c3948f5ccf	drm_display_helper	drm_display_helper.ko	vendor_boot_platform	drm_dp_stop_crc
5abc061d76bd3120f94d8c94811714765590a57a1a129672672bb6c3948f5ccf	drm_display_helper	drm_display_helper.ko	vendor_boot_platform	drm_dp_subconnector_type
5abc061d76bd3120f94d8c94811714765590a57a1a129672672bb6c3948f5ccf	drm_display_helper	drm_display_helper.ko	vendor_boot_platform	drm_dp_vsc_sdp_log
5abc061d76bd3120f94d8c94811714765590a57a1a129672672bb6c3948f5ccf	drm_display_helper	drm_display_helper.ko	vendor_boot_platform	drm_dsc_compute_rc_parameters
5abc061d76bd3120f94d8c94811714765590a57a1a129672672bb6c3948f5ccf	drm_display_helper	drm_display_helper.ko	vendor_boot_platform	drm_dsc_dp_pps_header_init
5abc061d76bd3120f94d8c94811714765590a57a1a129672672bb6c3948f5ccf	drm_display_helper	drm_display_helper.ko	vendor_boot_platform	drm_dsc_dp_rc_buffer_size
5abc061d76bd3120f94d8c94811714765590a57a1a129672672bb6c3948f5ccf	drm_display_helper	drm_display_helper.ko	vendor_boot_platform	drm_dsc_pps_payload_pack
5abc061d76bd3120f94d8c94811714765590a57a1a129672672bb6c3948f5ccf	drm_display_helper	drm_display_helper.ko	vendor_boot_platform	drm_edp_backlight_disable
5abc061d76bd3120f94d8c94811714765590a57a1a129672672bb6c3948f5ccf	drm_display_helper	drm_display_helper.ko	vendor_boot_platform	drm_edp_backlight_enable
5abc061d76bd3120f94d8c94811714765590a57a1a129672672bb6c3948f5ccf	drm_display_helper	drm_display_helper.ko	vendor_boot_platform	drm_edp_backlight_init
5abc061d76bd3120f94d8c94811714765590a57a1a129672672bb6c3948f5ccf	drm_display_helper	drm_display_helper.ko	vendor_boot_platform	drm_edp_backlight_set_level
5abc061d76bd3120f94d8c94811714765590a57a1a129672672bb6c3948f5ccf	drm_display_helper	drm_display_helper.ko	vendor_boot_platform	drm_lspcon_get_mode
5abc061d76bd3120f94d8c94811714765590a57a1a129672672bb6c3948f5ccf	drm_display_helper	drm_display_helper.ko	vendor_boot_platform	drm_lspcon_set_mode
5abc061d76bd3120f94d8c94811714765590a57a1a129672672bb6c3948f5ccf	drm_display_helper	drm_display_helper.ko	vendor_boot_platform	drm_panel_dp_aux_backlight
5ad6963756019a3c9a2915e5cdc5eaa00532d7cf022506d27b4fa966a48117d9	mtu3	mtu3.ko	vendor_boot_platform	__SCK__tp_func_mtu3_gadget_ep_disable
5ad6963756019a3c9a2915e5cdc5eaa00532d7cf022506d27b4fa966a48117d9	mtu3	mtu3.ko	vendor_boot_platform	__SCK__tp_func_mtu3_gadget_ep_enable
5ad6963756019a3c9a2915e5cdc5eaa00532d7cf022506d27b4fa966a48117d9	mtu3	mtu3.ko	vendor_boot_platform	__SCK__tp_func_mtu3_gadget_queue
5ad6963756019a3c9a2915e5cdc5eaa00532d7cf022506d27b4fa966a48117d9	mtu3	mtu3.ko	vendor_boot_platform	__SCK__tp_func_mtu3_req_complete
5ad6963756019a3c9a2915e5cdc5eaa00532d7cf022506d27b4fa966a48117d9	mtu3	mtu3.ko	vendor_boot_platform	__traceiter_mtu3_gadget_ep_disable
5ad6963756019a3c9a2915e5cdc5eaa00532d7cf022506d27b4fa966a48117d9	mtu3	mtu3.ko	vendor_boot_platform	__traceiter_mtu3_gadget_ep_enable
5ad6963756019a3c9a2915e5cdc5eaa00532d7cf022506d27b4fa966a48117d9	mtu3	mtu3.ko	vendor_boot_platform	__traceiter_mtu3_gadget_queue
5ad6963756019a3c9a2915e5cdc5eaa00532d7cf022506d27b4fa966a48117d9	mtu3	mtu3.ko	vendor_boot_platform	__traceiter_mtu3_req_complete
5ad6963756019a3c9a2915e5cdc5eaa00532d7cf022506d27b4fa966a48117d9	mtu3	mtu3.ko	vendor_boot_platform	__tracepoint_mtu3_gadget_ep_disable
5ad6963756019a3c9a2915e5cdc5eaa00532d7cf022506d27b4fa966a48117d9	mtu3	mtu3.ko	vendor_boot_platform	__tracepoint_mtu3_gadget_ep_enable
5ad6963756019a3c9a2915e5cdc5eaa00532d7cf022506d27b4fa966a48117d9	mtu3	mtu3.ko	vendor_boot_platform	__tracepoint_mtu3_gadget_queue
5ad6963756019a3c9a2915e5cdc5eaa00532d7cf022506d27b4fa966a48117d9	mtu3	mtu3.ko	vendor_boot_platform	__tracepoint_mtu3_req_complete
5ad6963756019a3c9a2915e5cdc5eaa00532d7cf022506d27b4fa966a48117d9	mtu3	mtu3.ko	vendor_boot_platform	ssusb_offload_register
5ad6963756019a3c9a2915e5cdc5eaa00532d7cf022506d27b4fa966a48117d9	mtu3	mtu3.ko	vendor_boot_platform	ssusb_offload_unregister
5d74d10d0e3fbbc8e426fa20f6af13c04ff0755afdfc58efa09b9675d5b96d14	mtk_aie	mtk_aie.ko	vendor_dlkm	aie_vb2_common_vm_ops
5d74d10d0e3fbbc8e426fa20f6af13c04ff0755afdfc58efa09b9675d5b96d14	mtk_aie	mtk_aie.ko	vendor_dlkm	aie_vb2_create_framevec
5d74d10d0e3fbbc8e426fa20f6af13c04ff0755afdfc58efa09b9675d5b96d14	mtk_aie	mtk_aie.ko	vendor_dlkm	aie_vb2_dc_get_contiguous_size
5d74d10d0e3fbbc8e426fa20f6af13c04ff0755afdfc58efa09b9675d5b96d14	mtk_aie	mtk_aie.ko	vendor_dlkm	aie_vb2_destroy_framevec
5d74d10d0e3fbbc8e426fa20f6af13c04ff0755afdfc58efa09b9675d5b96d14	mtk_aie	mtk_aie.ko	vendor_dlkm	aie_vb2_dma_contig_memops
5d74d10d0e3fbbc8e426fa20f6af13c04ff0755afdfc58efa09b9675d5b96d14	mtk_aie	mtk_aie.ko	vendor_dlkm	aie_vb2_dma_contig_set_max_seg_size
5d74d10d0e3fbbc8e426fa20f6af13c04ff0755afdfc58efa09b9675d5b96d14	mtk_aie	mtk_aie.ko	vendor_dlkm	aie_vb2_vmalloc_memops
5d74d10d0e3fbbc8e426fa20f6af13c04ff0755afdfc58efa09b9675d5b96d14	mtk_aie	mtk_aie.ko	vendor_dlkm	aov_notify_register
5d74d10d0e3fbbc8e426fa20f6af13c04ff0755afdfc58efa09b9675d5b96d14	mtk_aie	mtk_aie.ko	vendor_dlkm	register_mtk_aie_reg_tf_cb
5ed7c81da9e2fcb9db0c591d36c97fb4a7c59dbbb42c8b14e1fe725590ed56a1	zsmalloc	zsmalloc.ko	system_dlkm	zs_compact
5ed7c81da9e2fcb9db0c591d36c97fb4a7c59dbbb42c8b14e1fe725590ed56a1	zsmalloc	zsmalloc.ko	system_dlkm	zs_create_pool
5ed7c81da9e2fcb9db0c591d36c97fb4a7c59dbbb42c8b14e1fe725590ed56a1	zsmalloc	zsmalloc.ko	system_dlkm	zs_destroy_pool
5ed7c81da9e2fcb9db0c591d36c97fb4a7c59dbbb42c8b14e1fe725590ed56a1	zsmalloc	zsmalloc.ko	system_dlkm	zs_free
5ed7c81da9e2fcb9db0c591d36c97fb4a7c59dbbb42c8b14e1fe725590ed56a1	zsmalloc	zsmalloc.ko	system_dlkm	zs_get_total_pages
5ed7c81da9e2fcb9db0c591d36c97fb4a7c59dbbb42c8b14e1fe725590ed56a1	zsmalloc	zsmalloc.ko	system_dlkm	zs_huge_class_size
5ed7c81da9e2fcb9db0c591d36c97fb4a7c59dbbb42c8b14e1fe725590ed56a1	zsmalloc	zsmalloc.ko	system_dlkm	zs_malloc
5ed7c81da9e2fcb9db0c591d36c97fb4a7c59dbbb42c8b14e1fe725590ed56a1	zsmalloc	zsmalloc.ko	system_dlkm	zs_map_object
5ed7c81da9e2fcb9db0c591d36c97fb4a7c59dbbb42c8b14e1fe725590ed56a1	zsmalloc	zsmalloc.ko	system_dlkm	zs_pool_stats
5ed7c81da9e2fcb9db0c591d36c97fb4a7c59dbbb42c8b14e1fe725590ed56a1	zsmalloc	zsmalloc.ko	system_dlkm	zs_unmap_object
5fc9592bea31c17bb627bb854c3fd17ba341550f6be3bcfedc01093c8f5f066c	mt6338_core	mt6338-core.ko	vendor_boot_platform	mt6338_probe_done
609e1855b7dca8b2f21d320ffcaa1ab480ecda6f378a9ac9e390316cad5e18b0	adapter_class	adapter_class.ko	vendor_boot_platform	adapter_dev_authentication
609e1855b7dca8b2f21d320ffcaa1ab480ecda6f378a9ac9e390316cad5e18b0	adapter_class	adapter_class.ko	vendor_boot_platform	adapter_dev_enable_wdt
609e1855b7dca8b2f21d320ffcaa1ab480ecda6f378a9ac9e390316cad5e18b0	adapter_class	adapter_class.ko	vendor_boot_platform	adapter_dev_exit_mode
609e1855b7dca8b2f21d320ffcaa1ab480ecda6f378a9ac9e390316cad5e18b0	adapter_class	adapter_class.ko	vendor_boot_platform	adapter_dev_get_cap
609e1855b7dca8b2f21d320ffcaa1ab480ecda6f378a9ac9e390316cad5e18b0	adapter_class	adapter_class.ko	vendor_boot_platform	adapter_dev_get_output
609e1855b7dca8b2f21d320ffcaa1ab480ecda6f378a9ac9e390316cad5e18b0	adapter_class	adapter_class.ko	vendor_boot_platform	adapter_dev_get_property
609e1855b7dca8b2f21d320ffcaa1ab480ecda6f378a9ac9e390316cad5e18b0	adapter_class	adapter_class.ko	vendor_boot_platform	adapter_dev_get_status
609e1855b7dca8b2f21d320ffcaa1ab480ecda6f378a9ac9e390316cad5e18b0	adapter_class	adapter_class.ko	vendor_boot_platform	adapter_dev_is_cc
609e1855b7dca8b2f21d320ffcaa1ab480ecda6f378a9ac9e390316cad5e18b0	adapter_class	adapter_class.ko	vendor_boot_platform	adapter_dev_send_hardreset
609e1855b7dca8b2f21d320ffcaa1ab480ecda6f378a9ac9e390316cad5e18b0	adapter_class	adapter_class.ko	vendor_boot_platform	adapter_dev_set_cap
609e1855b7dca8b2f21d320ffcaa1ab480ecda6f378a9ac9e390316cad5e18b0	adapter_class	adapter_class.ko	vendor_boot_platform	adapter_dev_set_wdt
609e1855b7dca8b2f21d320ffcaa1ab480ecda6f378a9ac9e390316cad5e18b0	adapter_class	adapter_class.ko	vendor_boot_platform	adapter_dev_sync_volt
609e1855b7dca8b2f21d320ffcaa1ab480ecda6f378a9ac9e390316cad5e18b0	adapter_class	adapter_class.ko	vendor_boot_platform	adapter_device_register
609e1855b7dca8b2f21d320ffcaa1ab480ecda6f378a9ac9e390316cad5e18b0	adapter_class	adapter_class.ko	vendor_boot_platform	adapter_device_unregister
609e1855b7dca8b2f21d320ffcaa1ab480ecda6f378a9ac9e390316cad5e18b0	adapter_class	adapter_class.ko	vendor_boot_platform	get_adapter_by_name
609e1855b7dca8b2f21d320ffcaa1ab480ecda6f378a9ac9e390316cad5e18b0	adapter_class	adapter_class.ko	vendor_boot_platform	register_adapter_device_notifier
609e1855b7dca8b2f21d320ffcaa1ab480ecda6f378a9ac9e390316cad5e18b0	adapter_class	adapter_class.ko	vendor_boot_platform	unregister_adapter_device_notifier
60f520e3b7f2a0dda95b8844ead106430ec63ebf350b591a0da5db01fce3d2b4	extdev_io_class	extdev_io_class.ko	vendor_boot_platform	devm_extdev_io_device_general_create
60f520e3b7f2a0dda95b8844ead106430ec63ebf350b591a0da5db01fce3d2b4	extdev_io_class	extdev_io_class.ko	vendor_boot_platform	devm_extdev_io_device_register
60f520e3b7f2a0dda95b8844ead106430ec63ebf350b591a0da5db01fce3d2b4	extdev_io_class	extdev_io_class.ko	vendor_boot_platform	extdev_io_device_register
60f520e3b7f2a0dda95b8844ead106430ec63ebf350b591a0da5db01fce3d2b4	extdev_io_class	extdev_io_class.ko	vendor_boot_platform	extdev_io_device_unregister
6348174ce2b4c9f5aeac6f77a624aff7f0894624671e51ef74e4510bc02054c5	mtk_swpm	mtk-swpm.ko	vendor_dlkm	get_ddr_act_times
6348174ce2b4c9f5aeac6f77a624aff7f0894624671e51ef74e4510bc02054c5	mtk_swpm	mtk-swpm.ko	vendor_dlkm	get_ddr_data_ip_num
6348174ce2b4c9f5aeac6f77a624aff7f0894624671e51ef74e4510bc02054c5	mtk_swpm	mtk-swpm.ko	vendor_dlkm	get_ddr_freq_data_ip_stats
6348174ce2b4c9f5aeac6f77a624aff7f0894624671e51ef74e4510bc02054c5	mtk_swpm	mtk-swpm.ko	vendor_dlkm	get_ddr_freq_num
6348174ce2b4c9f5aeac6f77a624aff7f0894624671e51ef74e4510bc02054c5	mtk_swpm	mtk-swpm.ko	vendor_dlkm	get_ddr_sr_pd_times
6348174ce2b4c9f5aeac6f77a624aff7f0894624671e51ef74e4510bc02054c5	mtk_swpm	mtk-swpm.ko	vendor_dlkm	get_res_sig_stats
6348174ce2b4c9f5aeac6f77a624aff7f0894624671e51ef74e4510bc02054c5	mtk_swpm	mtk-swpm.ko	vendor_dlkm	get_vcore_ip_num
6348174ce2b4c9f5aeac6f77a624aff7f0894624671e51ef74e4510bc02054c5	mtk_swpm	mtk-swpm.ko	vendor_dlkm	get_vcore_ip_vol_stats
6348174ce2b4c9f5aeac6f77a624aff7f0894624671e51ef74e4510bc02054c5	mtk_swpm	mtk-swpm.ko	vendor_dlkm	get_vcore_vol_duration
6348174ce2b4c9f5aeac6f77a624aff7f0894624671e51ef74e4510bc02054c5	mtk_swpm	mtk-swpm.ko	vendor_dlkm	get_vcore_vol_num
6348174ce2b4c9f5aeac6f77a624aff7f0894624671e51ef74e4510bc02054c5	mtk_swpm	mtk-swpm.ko	vendor_dlkm	get_xpu_ip_num
6348174ce2b4c9f5aeac6f77a624aff7f0894624671e51ef74e4510bc02054c5	mtk_swpm	mtk-swpm.ko	vendor_dlkm	get_xpu_ip_stats
6348174ce2b4c9f5aeac6f77a624aff7f0894624671e51ef74e4510bc02054c5	mtk_swpm	mtk-swpm.ko	vendor_dlkm	mtk_register_swpm_ops
6348174ce2b4c9f5aeac6f77a624aff7f0894624671e51ef74e4510bc02054c5	mtk_swpm	mtk-swpm.ko	vendor_dlkm	mtk_swpm_sysfs_entry_func_create
6348174ce2b4c9f5aeac6f77a624aff7f0894624671e51ef74e4510bc02054c5	mtk_swpm	mtk-swpm.ko	vendor_dlkm	mtk_swpm_sysfs_entry_func_group_create
6348174ce2b4c9f5aeac6f77a624aff7f0894624671e51ef74e4510bc02054c5	mtk_swpm	mtk-swpm.ko	vendor_dlkm	mtk_swpm_sysfs_entry_func_node_add
6348174ce2b4c9f5aeac6f77a624aff7f0894624671e51ef74e4510bc02054c5	mtk_swpm	mtk-swpm.ko	vendor_dlkm	mtk_swpm_sysfs_entry_func_node_remove
6348174ce2b4c9f5aeac6f77a624aff7f0894624671e51ef74e4510bc02054c5	mtk_swpm	mtk-swpm.ko	vendor_dlkm	swpm_call_event_notifier
6348174ce2b4c9f5aeac6f77a624aff7f0894624671e51ef74e4510bc02054c5	mtk_swpm	mtk-swpm.ko	vendor_dlkm	swpm_common_wq
6348174ce2b4c9f5aeac6f77a624aff7f0894624671e51ef74e4510bc02054c5	mtk_swpm	mtk-swpm.ko	vendor_dlkm	swpm_core_ops_register
6348174ce2b4c9f5aeac6f77a624aff7f0894624671e51ef74e4510bc02054c5	mtk_swpm	mtk-swpm.ko	vendor_dlkm	swpm_get_rec_addr
6348174ce2b4c9f5aeac6f77a624aff7f0894624671e51ef74e4510bc02054c5	mtk_swpm	mtk-swpm.ko	vendor_dlkm	swpm_interface_manager_init
6348174ce2b4c9f5aeac6f77a624aff7f0894624671e51ef74e4510bc02054c5	mtk_swpm	mtk-swpm.ko	vendor_dlkm	swpm_log_interval_ms
6348174ce2b4c9f5aeac6f77a624aff7f0894624671e51ef74e4510bc02054c5	mtk_swpm	mtk-swpm.ko	vendor_dlkm	swpm_mem_addr_request
6348174ce2b4c9f5aeac6f77a624aff7f0894624671e51ef74e4510bc02054c5	mtk_swpm	mtk-swpm.ko	vendor_dlkm	swpm_mutex
6348174ce2b4c9f5aeac6f77a624aff7f0894624671e51ef74e4510bc02054c5	mtk_swpm	mtk-swpm.ko	vendor_dlkm	swpm_pmu_enable
6348174ce2b4c9f5aeac6f77a624aff7f0894624671e51ef74e4510bc02054c5	mtk_swpm	mtk-swpm.ko	vendor_dlkm	swpm_register_event_notifier
6348174ce2b4c9f5aeac6f77a624aff7f0894624671e51ef74e4510bc02054c5	mtk_swpm	mtk-swpm.ko	vendor_dlkm	swpm_reserve_mem_init
6348174ce2b4c9f5aeac6f77a624aff7f0894624671e51ef74e4510bc02054c5	mtk_swpm	mtk-swpm.ko	vendor_dlkm	swpm_set_and_get_cmd
6348174ce2b4c9f5aeac6f77a624aff7f0894624671e51ef74e4510bc02054c5	mtk_swpm	mtk-swpm.ko	vendor_dlkm	swpm_set_cmd
6348174ce2b4c9f5aeac6f77a624aff7f0894624671e51ef74e4510bc02054c5	mtk_swpm	mtk-swpm.ko	vendor_dlkm	swpm_set_only_cmd
6348174ce2b4c9f5aeac6f77a624aff7f0894624671e51ef74e4510bc02054c5	mtk_swpm	mtk-swpm.ko	vendor_dlkm	swpm_timer
6348174ce2b4c9f5aeac6f77a624aff7f0894624671e51ef74e4510bc02054c5	mtk_swpm	mtk-swpm.ko	vendor_dlkm	swpm_unregister_event_notifier
6348174ce2b4c9f5aeac6f77a624aff7f0894624671e51ef74e4510bc02054c5	mtk_swpm	mtk-swpm.ko	vendor_dlkm	sync_latest_data
6373afa19d09289400c8a1ae3ab8bf1edb1ba354fa92d16003285e4b79771710	connfem	connfem.ko	vendor_dlkm	connfem_epaelna_get_bt_fem_info
6373afa19d09289400c8a1ae3ab8bf1edb1ba354fa92d16003285e4b79771710	connfem	connfem.ko	vendor_dlkm	connfem_epaelna_get_fem_info
6373afa19d09289400c8a1ae3ab8bf1edb1ba354fa92d16003285e4b79771710	connfem	connfem.ko	vendor_dlkm	connfem_epaelna_get_flags
6373afa19d09289400c8a1ae3ab8bf1edb1ba354fa92d16003285e4b79771710	connfem	connfem.ko	vendor_dlkm	connfem_epaelna_get_pin_info
6373afa19d09289400c8a1ae3ab8bf1edb1ba354fa92d16003285e4b79771710	connfem	connfem.ko	vendor_dlkm	connfem_epaelna_laa_get_pin_info
6373afa19d09289400c8a1ae3ab8bf1edb1ba354fa92d16003285e4b79771710	connfem	connfem.ko	vendor_dlkm	connfem_is_available
6373afa19d09289400c8a1ae3ab8bf1edb1ba354fa92d16003285e4b79771710	connfem	connfem.ko	vendor_dlkm	connfem_sku_data
6373afa19d09289400c8a1ae3ab8bf1edb1ba354fa92d16003285e4b79771710	connfem	connfem.ko	vendor_dlkm	connfem_sku_flag_u8
65282e4fca3867482de11c6f6e9d309cf757ec5ee57f72cfd5cedc25b059815c	mmqos_common	mmqos-common.ko	vendor_boot_platform	check_chnn_bw
65282e4fca3867482de11c6f6e9d309cf757ec5ee57f72cfd5cedc25b059815c	mmqos_common	mmqos-common.ko	vendor_boot_platform	check_disp_chnn_bw
65282e4fca3867482de11c6f6e9d309cf757ec5ee57f72cfd5cedc25b059815c	mmqos_common	mmqos-common.ko	vendor_boot_platform	clear_chnn_bw
65282e4fca3867482de11c6f6e9d309cf757ec5ee57f72cfd5cedc25b059815c	mmqos_common	mmqos-common.ko	vendor_boot_platform	create_fake_comm_port_node
65282e4fca3867482de11c6f6e9d309cf757ec5ee57f72cfd5cedc25b059815c	mmqos_common	mmqos-common.ko	vendor_boot_platform	get_mmqos_state
65282e4fca3867482de11c6f6e9d309cf757ec5ee57f72cfd5cedc25b059815c	mmqos_common	mmqos-common.ko	vendor_boot_platform	mmqos_get_vcp_base
65282e4fca3867482de11c6f6e9d309cf757ec5ee57f72cfd5cedc25b059815c	mmqos_common	mmqos-common.ko	vendor_boot_platform	mmqos_is_init_done
65282e4fca3867482de11c6f6e9d309cf757ec5ee57f72cfd5cedc25b059815c	mmqos_common	mmqos-common.ko	vendor_boot_platform	mmqos_kernel_test
65282e4fca3867482de11c6f6e9d309cf757ec5ee57f72cfd5cedc25b059815c	mmqos_common	mmqos-common.ko	vendor_boot_platform	mmqos_vcp_init_thread
65282e4fca3867482de11c6f6e9d309cf757ec5ee57f72cfd5cedc25b059815c	mmqos_common	mmqos-common.ko	vendor_boot_platform	mmqos_vcp_ipi_send
65282e4fca3867482de11c6f6e9d309cf757ec5ee57f72cfd5cedc25b059815c	mmqos_common	mmqos-common.ko	vendor_boot_platform	mtk_mmqos_enable_vcp
65282e4fca3867482de11c6f6e9d309cf757ec5ee57f72cfd5cedc25b059815c	mmqos_common	mmqos-common.ko	vendor_boot_platform	mtk_mmqos_get_avail_hrt_bw
65282e4fca3867482de11c6f6e9d309cf757ec5ee57f72cfd5cedc25b059815c	mmqos_common	mmqos-common.ko	vendor_boot_platform	mtk_mmqos_get_cam_hrt
65282e4fca3867482de11c6f6e9d309cf757ec5ee57f72cfd5cedc25b059815c	mmqos_common	mmqos-common.ko	vendor_boot_platform	mtk_mmqos_get_hrt_ratio
65282e4fca3867482de11c6f6e9d309cf757ec5ee57f72cfd5cedc25b059815c	mmqos_common	mmqos-common.ko	vendor_boot_platform	mtk_mmqos_hrt_scen
65282e4fca3867482de11c6f6e9d309cf757ec5ee57f72cfd5cedc25b059815c	mmqos_common	mmqos-common.ko	vendor_boot_platform	mtk_mmqos_init_hrt
65282e4fca3867482de11c6f6e9d309cf757ec5ee57f72cfd5cedc25b059815c	mmqos_common	mmqos-common.ko	vendor_boot_platform	mtk_mmqos_is_dualpipe_enable
65282e4fca3867482de11c6f6e9d309cf757ec5ee57f72cfd5cedc25b059815c	mmqos_common	mmqos-common.ko	vendor_boot_platform	mtk_mmqos_probe
65282e4fca3867482de11c6f6e9d309cf757ec5ee57f72cfd5cedc25b059815c	mmqos_common	mmqos-common.ko	vendor_boot_platform	mtk_mmqos_register_bw_throttle_notifier
65282e4fca3867482de11c6f6e9d309cf757ec5ee57f72cfd5cedc25b059815c	mmqos_common	mmqos-common.ko	vendor_boot_platform	mtk_mmqos_register_hrt_sysfs
65282e4fca3867482de11c6f6e9d309cf757ec5ee57f72cfd5cedc25b059815c	mmqos_common	mmqos-common.ko	vendor_boot_platform	mtk_mmqos_remove
65282e4fca3867482de11c6f6e9d309cf757ec5ee57f72cfd5cedc25b059815c	mmqos_common	mmqos-common.ko	vendor_boot_platform	mtk_mmqos_set_hrt_bw
65282e4fca3867482de11c6f6e9d309cf757ec5ee57f72cfd5cedc25b059815c	mmqos_common	mmqos-common.ko	vendor_boot_platform	mtk_mmqos_set_md_type
65282e4fca3867482de11c6f6e9d309cf757ec5ee57f72cfd5cedc25b059815c	mmqos_common	mmqos-common.ko	vendor_boot_platform	mtk_mmqos_system_qos_update
65282e4fca3867482de11c6f6e9d309cf757ec5ee57f72cfd5cedc25b059815c	mmqos_common	mmqos-common.ko	vendor_boot_platform	mtk_mmqos_unregister_bw_throttle_notifier
65282e4fca3867482de11c6f6e9d309cf757ec5ee57f72cfd5cedc25b059815c	mmqos_common	mmqos-common.ko	vendor_boot_platform	mtk_mmqos_unregister_hrt_sysfs
65282e4fca3867482de11c6f6e9d309cf757ec5ee57f72cfd5cedc25b059815c	mmqos_common	mmqos-common.ko	vendor_boot_platform	mtk_mmqos_v2_probe
65282e4fca3867482de11c6f6e9d309cf757ec5ee57f72cfd5cedc25b059815c	mmqos_common	mmqos-common.ko	vendor_boot_platform	mtk_mmqos_wait_throttle_done
65282e4fca3867482de11c6f6e9d309cf757ec5ee57f72cfd5cedc25b059815c	mmqos_common	mmqos-common.ko	vendor_boot_platform	set_mmqos_state
65282e4fca3867482de11c6f6e9d309cf757ec5ee57f72cfd5cedc25b059815c	mmqos_common	mmqos-common.ko	vendor_boot_platform	update_channel_bw
65f597addaf23e24ba69b388acd888b9602845f9da07e897749ed58e63bb2955	smpu	smpu.ko	vendor_boot_platform	global_nsmpu
65f597addaf23e24ba69b388acd888b9602845f9da07e897749ed58e63bb2955	smpu	smpu.ko	vendor_boot_platform	global_ssmpu
65f597addaf23e24ba69b388acd888b9602845f9da07e897749ed58e63bb2955	smpu	smpu.ko	vendor_boot_platform	mtk_smpu_isr_hook_register
65f597addaf23e24ba69b388acd888b9602845f9da07e897749ed58e63bb2955	smpu	smpu.ko	vendor_boot_platform	mtk_smpu_md_handling_register
65f597addaf23e24ba69b388acd888b9602845f9da07e897749ed58e63bb2955	smpu	smpu.ko	vendor_boot_platform	smpu_clear_md_violation
67db13b28401c8089bb27bf25b220aa743413d49a8943b8d3cd2c8e94f4371f5	mtk_dvfsrc_helper	mtk-dvfsrc-helper.ko	vendor_boot_platform	dvfsrc_get_data
67db13b28401c8089bb27bf25b220aa743413d49a8943b8d3cd2c8e94f4371f5	mtk_dvfsrc_helper	mtk-dvfsrc-helper.ko	vendor_boot_platform	get_cur_ddr_ratio
67db13b28401c8089bb27bf25b220aa743413d49a8943b8d3cd2c8e94f4371f5	mtk_dvfsrc_helper	mtk-dvfsrc-helper.ko	vendor_boot_platform	get_sw_req_vcore_opp
67db13b28401c8089bb27bf25b220aa743413d49a8943b8d3cd2c8e94f4371f5	mtk_dvfsrc_helper	mtk-dvfsrc-helper.ko	vendor_boot_platform	mtk_dvfsrc_query_debug_info
67db13b28401c8089bb27bf25b220aa743413d49a8943b8d3cd2c8e94f4371f5	mtk_dvfsrc_helper	mtk-dvfsrc-helper.ko	vendor_boot_platform	mtk_dvfsrc_query_opp_info
67db13b28401c8089bb27bf25b220aa743413d49a8943b8d3cd2c8e94f4371f5	mtk_dvfsrc_helper	mtk-dvfsrc-helper.ko	vendor_boot_platform	mtk_dvfsrc_set_vcore_avs
67db13b28401c8089bb27bf25b220aa743413d49a8943b8d3cd2c8e94f4371f5	mtk_dvfsrc_helper	mtk-dvfsrc-helper.ko	vendor_boot_platform	mtk_dvfsrc_vcore_uv_table
67db13b28401c8089bb27bf25b220aa743413d49a8943b8d3cd2c8e94f4371f5	mtk_dvfsrc_helper	mtk-dvfsrc-helper.ko	vendor_boot_platform	register_dvfsrc_debug_handler
67db13b28401c8089bb27bf25b220aa743413d49a8943b8d3cd2c8e94f4371f5	mtk_dvfsrc_helper	mtk-dvfsrc-helper.ko	vendor_boot_platform	vcorefs_get_num_opp
67db13b28401c8089bb27bf25b220aa743413d49a8943b8d3cd2c8e94f4371f5	mtk_dvfsrc_helper	mtk-dvfsrc-helper.ko	vendor_boot_platform	vcorefs_get_opp_info
67db13b28401c8089bb27bf25b220aa743413d49a8943b8d3cd2c8e94f4371f5	mtk_dvfsrc_helper	mtk-dvfsrc-helper.ko	vendor_boot_platform	vcorefs_get_opp_info_name
67db13b28401c8089bb27bf25b220aa743413d49a8943b8d3cd2c8e94f4371f5	mtk_dvfsrc_helper	mtk-dvfsrc-helper.ko	vendor_boot_platform	vcorefs_get_opp_info_num
67db13b28401c8089bb27bf25b220aa743413d49a8943b8d3cd2c8e94f4371f5	mtk_dvfsrc_helper	mtk-dvfsrc-helper.ko	vendor_boot_platform	vcorefs_get_src_req
67db13b28401c8089bb27bf25b220aa743413d49a8943b8d3cd2c8e94f4371f5	mtk_dvfsrc_helper	mtk-dvfsrc-helper.ko	vendor_boot_platform	vcorefs_get_src_req_name
67db13b28401c8089bb27bf25b220aa743413d49a8943b8d3cd2c8e94f4371f5	mtk_dvfsrc_helper	mtk-dvfsrc-helper.ko	vendor_boot_platform	vcorefs_get_src_req_num
686700a9209f9ab9a18d8e1e2fda84f65b11548c8b1a48ff59f2073d75f13230	cdc_ether	cdc_ether.ko	system_dlkm	usbnet_cdc_bind
686700a9209f9ab9a18d8e1e2fda84f65b11548c8b1a48ff59f2073d75f13230	cdc_ether	cdc_ether.ko	system_dlkm	usbnet_cdc_status
686700a9209f9ab9a18d8e1e2fda84f65b11548c8b1a48ff59f2073d75f13230	cdc_ether	cdc_ether.ko	system_dlkm	usbnet_cdc_unbind
686700a9209f9ab9a18d8e1e2fda84f65b11548c8b1a48ff59f2073d75f13230	cdc_ether	cdc_ether.ko	system_dlkm	usbnet_cdc_update_filter
686700a9209f9ab9a18d8e1e2fda84f65b11548c8b1a48ff59f2073d75f13230	cdc_ether	cdc_ether.ko	system_dlkm	usbnet_cdc_zte_rx_fixup
686700a9209f9ab9a18d8e1e2fda84f65b11548c8b1a48ff59f2073d75f13230	cdc_ether	cdc_ether.ko	system_dlkm	usbnet_ether_cdc_bind
686700a9209f9ab9a18d8e1e2fda84f65b11548c8b1a48ff59f2073d75f13230	cdc_ether	cdc_ether.ko	system_dlkm	usbnet_generic_cdc_bind
69f2dd5e88afc0f1dc1aeda925274572eb069f43230ff49f46fe468d19ccf9b8	emi_mpu	emi-mpu.ko	vendor_boot_platform	global_emi_mpu
69f2dd5e88afc0f1dc1aeda925274572eb069f43230ff49f46fe468d19ccf9b8	emi_mpu	emi-mpu.ko	vendor_boot_platform	mtk_clear_md_violation
69f2dd5e88afc0f1dc1aeda925274572eb069f43230ff49f46fe468d19ccf9b8	emi_mpu	emi-mpu.ko	vendor_boot_platform	mtk_clear_smpu_log
69f2dd5e88afc0f1dc1aeda925274572eb069f43230ff49f46fe468d19ccf9b8	emi_mpu	emi-mpu.ko	vendor_boot_platform	mtk_emimpu_md_handling_register
6a72d98b0d514b922ed2a1a141468ce77230395c7e5fcda915a95a652ea72fe1	clk_common	clk-common.ko	vendor_boot_platform	clk_chk_dev_pm_ops
6a72d98b0d514b922ed2a1a141468ce77230395c7e5fcda915a95a652ea72fe1	clk_common	clk-common.ko	vendor_boot_platform	clk_chk_lookup
6a72d98b0d514b922ed2a1a141468ce77230395c7e5fcda915a95a652ea72fe1	clk_common	clk-common.ko	vendor_boot_platform	clk_dbg_driver_register
6a72d98b0d514b922ed2a1a141468ce77230395c7e5fcda915a95a652ea72fe1	clk_common	clk-common.ko	vendor_boot_platform	clkchk_devapc_dump
6a72d98b0d514b922ed2a1a141468ce77230395c7e5fcda915a95a652ea72fe1	clk_common	clk-common.ko	vendor_boot_platform	clkchk_hwv_irq_init
6a72d98b0d514b922ed2a1a141468ce77230395c7e5fcda915a95a652ea72fe1	clk_common	clk-common.ko	vendor_boot_platform	clkchk_pvdck_is_enabled
6a72d98b0d514b922ed2a1a141468ce77230395c7e5fcda915a95a652ea72fe1	clk_common	clk-common.ko	vendor_boot_platform	clkchk_pvdck_is_on
6a72d98b0d514b922ed2a1a141468ce77230395c7e5fcda915a95a652ea72fe1	clk_common	clk-common.ko	vendor_boot_platform	clkchk_pvdck_is_prepared
6a72d98b0d514b922ed2a1a141468ce77230395c7e5fcda915a95a652ea72fe1	clk_common	clk-common.ko	vendor_boot_platform	clkdbg_get_power_domain_status
6a72d98b0d514b922ed2a1a141468ce77230395c7e5fcda915a95a652ea72fe1	clk_common	clk-common.ko	vendor_boot_platform	fmeter_set_ops
6a72d98b0d514b922ed2a1a141468ce77230395c7e5fcda915a95a652ea72fe1	clk_common	clk-common.ko	vendor_boot_platform	get_all_provider_clks
6a72d98b0d514b922ed2a1a141468ce77230395c7e5fcda915a95a652ea72fe1	clk_common	clk-common.ko	vendor_boot_platform	get_all_regnames
6a72d98b0d514b922ed2a1a141468ce77230395c7e5fcda915a95a652ea72fe1	clk_common	clk-common.ko	vendor_boot_platform	is_valid_reg
6a72d98b0d514b922ed2a1a141468ce77230395c7e5fcda915a95a652ea72fe1	clk_common	clk-common.ko	vendor_boot_platform	mt_get_abist2_freq
6a72d98b0d514b922ed2a1a141468ce77230395c7e5fcda915a95a652ea72fe1	clk_common	clk-common.ko	vendor_boot_platform	mt_get_abist_freq
6a72d98b0d514b922ed2a1a141468ce77230395c7e5fcda915a95a652ea72fe1	clk_common	clk-common.ko	vendor_boot_platform	mt_get_ckgen_freq
6a72d98b0d514b922ed2a1a141468ce77230395c7e5fcda915a95a652ea72fe1	clk_common	clk-common.ko	vendor_boot_platform	mt_get_fmeter_clks
6a72d98b0d514b922ed2a1a141468ce77230395c7e5fcda915a95a652ea72fe1	clk_common	clk-common.ko	vendor_boot_platform	mt_get_fmeter_freq
6a72d98b0d514b922ed2a1a141468ce77230395c7e5fcda915a95a652ea72fe1	clk_common	clk-common.ko	vendor_boot_platform	mt_get_fmeter_id
6a72d98b0d514b922ed2a1a141468ce77230395c7e5fcda915a95a652ea72fe1	clk_common	clk-common.ko	vendor_boot_platform	mt_get_subsys_freq
6a72d98b0d514b922ed2a1a141468ce77230395c7e5fcda915a95a652ea72fe1	clk_common	clk-common.ko	vendor_boot_platform	mt_get_vlpck_freq
6a72d98b0d514b922ed2a1a141468ce77230395c7e5fcda915a95a652ea72fe1	clk_common	clk-common.ko	vendor_boot_platform	mt_subsys_freq_register
6a72d98b0d514b922ed2a1a141468ce77230395c7e5fcda915a95a652ea72fe1	clk_common	clk-common.ko	vendor_boot_platform	mtk_alloc_clk_data
6a72d98b0d514b922ed2a1a141468ce77230395c7e5fcda915a95a652ea72fe1	clk_common	clk-common.ko	vendor_boot_platform	mtk_clk_check_muxes
6a72d98b0d514b922ed2a1a141468ce77230395c7e5fcda915a95a652ea72fe1	clk_common	clk-common.ko	vendor_boot_platform	mtk_clk_gate_ops_hwv
6a72d98b0d514b922ed2a1a141468ce77230395c7e5fcda915a95a652ea72fe1	clk_common	clk-common.ko	vendor_boot_platform	mtk_clk_gate_ops_hwv_dummy
6a72d98b0d514b922ed2a1a141468ce77230395c7e5fcda915a95a652ea72fe1	clk_common	clk-common.ko	vendor_boot_platform	mtk_clk_gate_ops_hwv_inv
6a72d98b0d514b922ed2a1a141468ce77230395c7e5fcda915a95a652ea72fe1	clk_common	clk-common.ko	vendor_boot_platform	mtk_clk_gate_ops_no_setclr
6a72d98b0d514b922ed2a1a141468ce77230395c7e5fcda915a95a652ea72fe1	clk_common	clk-common.ko	vendor_boot_platform	mtk_clk_gate_ops_no_setclr_inv
6a72d98b0d514b922ed2a1a141468ce77230395c7e5fcda915a95a652ea72fe1	clk_common	clk-common.ko	vendor_boot_platform	mtk_clk_gate_ops_setclr
6a72d98b0d514b922ed2a1a141468ce77230395c7e5fcda915a95a652ea72fe1	clk_common	clk-common.ko	vendor_boot_platform	mtk_clk_gate_ops_setclr_dummy
6a72d98b0d514b922ed2a1a141468ce77230395c7e5fcda915a95a652ea72fe1	clk_common	clk-common.ko	vendor_boot_platform	mtk_clk_gate_ops_setclr_dummys
6a72d98b0d514b922ed2a1a141468ce77230395c7e5fcda915a95a652ea72fe1	clk_common	clk-common.ko	vendor_boot_platform	mtk_clk_gate_ops_setclr_inv
6a72d98b0d514b922ed2a1a141468ce77230395c7e5fcda915a95a652ea72fe1	clk_common	clk-common.ko	vendor_boot_platform	mtk_clk_gate_ops_setclr_inv_dummy
6a72d98b0d514b922ed2a1a141468ce77230395c7e5fcda915a95a652ea72fe1	clk_common	clk-common.ko	vendor_boot_platform	mtk_clk_get_ipi_cb
6a72d98b0d514b922ed2a1a141468ce77230395c7e5fcda915a95a652ea72fe1	clk_common	clk-common.ko	vendor_boot_platform	mtk_clk_mminfra_hwv_power_ctrl
6a72d98b0d514b922ed2a1a141468ce77230395c7e5fcda915a95a652ea72fe1	clk_common	clk-common.ko	vendor_boot_platform	mtk_clk_mminfra_hwv_power_ctrl_optional
6a72d98b0d514b922ed2a1a141468ce77230395c7e5fcda915a95a652ea72fe1	clk_common	clk-common.ko	vendor_boot_platform	mtk_clk_mux_register_callback
6a72d98b0d514b922ed2a1a141468ce77230395c7e5fcda915a95a652ea72fe1	clk_common	clk-common.ko	vendor_boot_platform	mtk_clk_mux_register_user_clks
6a72d98b0d514b922ed2a1a141468ce77230395c7e5fcda915a95a652ea72fe1	clk_common	clk-common.ko	vendor_boot_platform	mtk_clk_notify
6a72d98b0d514b922ed2a1a141468ce77230395c7e5fcda915a95a652ea72fe1	clk_common	clk-common.ko	vendor_boot_platform	mtk_clk_register_composite
6a72d98b0d514b922ed2a1a141468ce77230395c7e5fcda915a95a652ea72fe1	clk_common	clk-common.ko	vendor_boot_platform	mtk_clk_register_composites
6a72d98b0d514b922ed2a1a141468ce77230395c7e5fcda915a95a652ea72fe1	clk_common	clk-common.ko	vendor_boot_platform	mtk_clk_register_dividers
6a72d98b0d514b922ed2a1a141468ce77230395c7e5fcda915a95a652ea72fe1	clk_common	clk-common.ko	vendor_boot_platform	mtk_clk_register_factors
6a72d98b0d514b922ed2a1a141468ce77230395c7e5fcda915a95a652ea72fe1	clk_common	clk-common.ko	vendor_boot_platform	mtk_clk_register_fixed_clks
6a72d98b0d514b922ed2a1a141468ce77230395c7e5fcda915a95a652ea72fe1	clk_common	clk-common.ko	vendor_boot_platform	mtk_clk_register_gate
6a72d98b0d514b922ed2a1a141468ce77230395c7e5fcda915a95a652ea72fe1	clk_common	clk-common.ko	vendor_boot_platform	mtk_clk_register_gate_hwv
6a72d98b0d514b922ed2a1a141468ce77230395c7e5fcda915a95a652ea72fe1	clk_common	clk-common.ko	vendor_boot_platform	mtk_clk_register_gates
6a72d98b0d514b922ed2a1a141468ce77230395c7e5fcda915a95a652ea72fe1	clk_common	clk-common.ko	vendor_boot_platform	mtk_clk_register_gates_with_dev
6a72d98b0d514b922ed2a1a141468ce77230395c7e5fcda915a95a652ea72fe1	clk_common	clk-common.ko	vendor_boot_platform	mtk_clk_register_ipi_callback
6a72d98b0d514b922ed2a1a141468ce77230395c7e5fcda915a95a652ea72fe1	clk_common	clk-common.ko	vendor_boot_platform	mtk_clk_register_mminfra_hwv_data
6a72d98b0d514b922ed2a1a141468ce77230395c7e5fcda915a95a652ea72fe1	clk_common	clk-common.ko	vendor_boot_platform	mtk_clk_register_muxes
6a72d98b0d514b922ed2a1a141468ce77230395c7e5fcda915a95a652ea72fe1	clk_common	clk-common.ko	vendor_boot_platform	mtk_clk_register_plls
6a72d98b0d514b922ed2a1a141468ce77230395c7e5fcda915a95a652ea72fe1	clk_common	clk-common.ko	vendor_boot_platform	mtk_clk_simple_probe
6a72d98b0d514b922ed2a1a141468ce77230395c7e5fcda915a95a652ea72fe1	clk_common	clk-common.ko	vendor_boot_platform	mtk_free_clk_data
6a72d98b0d514b922ed2a1a141468ce77230395c7e5fcda915a95a652ea72fe1	clk_common	clk-common.ko	vendor_boot_platform	mtk_hwv_dfs_mux_dummy_ops
6a72d98b0d514b922ed2a1a141468ce77230395c7e5fcda915a95a652ea72fe1	clk_common	clk-common.ko	vendor_boot_platform	mtk_hwv_dfs_mux_ops
6a72d98b0d514b922ed2a1a141468ce77230395c7e5fcda915a95a652ea72fe1	clk_common	clk-common.ko	vendor_boot_platform	mtk_hwv_mux_ops
6a72d98b0d514b922ed2a1a141468ce77230395c7e5fcda915a95a652ea72fe1	clk_common	clk-common.ko	vendor_boot_platform	mtk_hwv_pll_is_on
6a72d98b0d514b922ed2a1a141468ce77230395c7e5fcda915a95a652ea72fe1	clk_common	clk-common.ko	vendor_boot_platform	mtk_hwv_pll_off
6a72d98b0d514b922ed2a1a141468ce77230395c7e5fcda915a95a652ea72fe1	clk_common	clk-common.ko	vendor_boot_platform	mtk_hwv_pll_on
6a72d98b0d514b922ed2a1a141468ce77230395c7e5fcda915a95a652ea72fe1	clk_common	clk-common.ko	vendor_boot_platform	mtk_ipi_mux_ops
6a72d98b0d514b922ed2a1a141468ce77230395c7e5fcda915a95a652ea72fe1	clk_common	clk-common.ko	vendor_boot_platform	mtk_mux_clr_set_ops
6a72d98b0d514b922ed2a1a141468ce77230395c7e5fcda915a95a652ea72fe1	clk_common	clk-common.ko	vendor_boot_platform	mtk_mux_clr_set_upd_ops
6a72d98b0d514b922ed2a1a141468ce77230395c7e5fcda915a95a652ea72fe1	clk_common	clk-common.ko	vendor_boot_platform	mtk_mux_gate_clr_set_upd_2_ops
6a72d98b0d514b922ed2a1a141468ce77230395c7e5fcda915a95a652ea72fe1	clk_common	clk-common.ko	vendor_boot_platform	mtk_mux_gate_clr_set_upd_ops
6a72d98b0d514b922ed2a1a141468ce77230395c7e5fcda915a95a652ea72fe1	clk_common	clk-common.ko	vendor_boot_platform	mtk_mux_gate_ops
6a72d98b0d514b922ed2a1a141468ce77230395c7e5fcda915a95a652ea72fe1	clk_common	clk-common.ko	vendor_boot_platform	mtk_mux_ops
6a72d98b0d514b922ed2a1a141468ce77230395c7e5fcda915a95a652ea72fe1	clk_common	clk-common.ko	vendor_boot_platform	mtk_mux_user_ops
6a72d98b0d514b922ed2a1a141468ce77230395c7e5fcda915a95a652ea72fe1	clk_common	clk-common.ko	vendor_boot_platform	mtk_register_reset_controller
6a72d98b0d514b922ed2a1a141468ce77230395c7e5fcda915a95a652ea72fe1	clk_common	clk-common.ko	vendor_boot_platform	mtk_register_reset_controller_set_clr
6a72d98b0d514b922ed2a1a141468ce77230395c7e5fcda915a95a652ea72fe1	clk_common	clk-common.ko	vendor_boot_platform	pdchk_common_init
6a72d98b0d514b922ed2a1a141468ce77230395c7e5fcda915a95a652ea72fe1	clk_common	clk-common.ko	vendor_boot_platform	pdchk_debug_dump
6a72d98b0d514b922ed2a1a141468ce77230395c7e5fcda915a95a652ea72fe1	clk_common	clk-common.ko	vendor_boot_platform	pdchk_dev_pm_ops
6a72d98b0d514b922ed2a1a141468ce77230395c7e5fcda915a95a652ea72fe1	clk_common	clk-common.ko	vendor_boot_platform	pdchk_dump_trace_evt
6a72d98b0d514b922ed2a1a141468ce77230395c7e5fcda915a95a652ea72fe1	clk_common	clk-common.ko	vendor_boot_platform	pdchk_get_bug_on_stat
6a72d98b0d514b922ed2a1a141468ce77230395c7e5fcda915a95a652ea72fe1	clk_common	clk-common.ko	vendor_boot_platform	pdchk_hwv_irq_init
6a72d98b0d514b922ed2a1a141468ce77230395c7e5fcda915a95a652ea72fe1	clk_common	clk-common.ko	vendor_boot_platform	pwr_hw_is_on
6a72d98b0d514b922ed2a1a141468ce77230395c7e5fcda915a95a652ea72fe1	clk_common	clk-common.ko	vendor_boot_platform	register_fh_set_rate
6a72d98b0d514b922ed2a1a141468ce77230395c7e5fcda915a95a652ea72fe1	clk_common	clk-common.ko	vendor_boot_platform	register_mtk_clk_notifier
6a72d98b0d514b922ed2a1a141468ce77230395c7e5fcda915a95a652ea72fe1	clk_common	clk-common.ko	vendor_boot_platform	set_clkchk_notify
6a72d98b0d514b922ed2a1a141468ce77230395c7e5fcda915a95a652ea72fe1	clk_common	clk-common.ko	vendor_boot_platform	set_clkchk_ops
6a72d98b0d514b922ed2a1a141468ce77230395c7e5fcda915a95a652ea72fe1	clk_common	clk-common.ko	vendor_boot_platform	set_clkdbg_ops
6a72d98b0d514b922ed2a1a141468ce77230395c7e5fcda915a95a652ea72fe1	clk_common	clk-common.ko	vendor_boot_platform	set_sp_clk_ops
6a72d98b0d514b922ed2a1a141468ce77230395c7e5fcda915a95a652ea72fe1	clk_common	clk-common.ko	vendor_boot_platform	sp_merge_clk_control
6a72d98b0d514b922ed2a1a141468ce77230395c7e5fcda915a95a652ea72fe1	clk_common	clk-common.ko	vendor_boot_platform	unregister_mtk_clk_notifier
6a72d98b0d514b922ed2a1a141468ce77230395c7e5fcda915a95a652ea72fe1	clk_common	clk-common.ko	vendor_boot_platform	unset_clkdbg_ops
6a8607ee93fabd244bfe269c5c9c3c94915a6db9b5e9e4f8d7419860b46adae6	mtk_icc_core	mtk-icc-core.ko	vendor_boot_platform	mtk_icc_get
6a8607ee93fabd244bfe269c5c9c3c94915a6db9b5e9e4f8d7419860b46adae6	mtk_icc_core	mtk-icc-core.ko	vendor_boot_platform	mtk_icc_link_create
6a8607ee93fabd244bfe269c5c9c3c94915a6db9b5e9e4f8d7419860b46adae6	mtk_icc_core	mtk-icc-core.ko	vendor_boot_platform	mtk_icc_link_destroy
6a8607ee93fabd244bfe269c5c9c3c94915a6db9b5e9e4f8d7419860b46adae6	mtk_icc_core	mtk-icc-core.ko	vendor_boot_platform	mtk_icc_node_add
6a8607ee93fabd244bfe269c5c9c3c94915a6db9b5e9e4f8d7419860b46adae6	mtk_icc_core	mtk-icc-core.ko	vendor_boot_platform	mtk_icc_node_create
6a8607ee93fabd244bfe269c5c9c3c94915a6db9b5e9e4f8d7419860b46adae6	mtk_icc_core	mtk-icc-core.ko	vendor_boot_platform	mtk_icc_node_del
6a8607ee93fabd244bfe269c5c9c3c94915a6db9b5e9e4f8d7419860b46adae6	mtk_icc_core	mtk-icc-core.ko	vendor_boot_platform	mtk_icc_node_destroy
6a8607ee93fabd244bfe269c5c9c3c94915a6db9b5e9e4f8d7419860b46adae6	mtk_icc_core	mtk-icc-core.ko	vendor_boot_platform	mtk_icc_provider_add
6a8607ee93fabd244bfe269c5c9c3c94915a6db9b5e9e4f8d7419860b46adae6	mtk_icc_core	mtk-icc-core.ko	vendor_boot_platform	mtk_icc_provider_del
6a8607ee93fabd244bfe269c5c9c3c94915a6db9b5e9e4f8d7419860b46adae6	mtk_icc_core	mtk-icc-core.ko	vendor_boot_platform	mtk_icc_put
6a8607ee93fabd244bfe269c5c9c3c94915a6db9b5e9e4f8d7419860b46adae6	mtk_icc_core	mtk-icc-core.ko	vendor_boot_platform	mtk_icc_set_bw
6a8607ee93fabd244bfe269c5c9c3c94915a6db9b5e9e4f8d7419860b46adae6	mtk_icc_core	mtk-icc-core.ko	vendor_boot_platform	mtk_icc_set_bw_not_update
6a8607ee93fabd244bfe269c5c9c3c94915a6db9b5e9e4f8d7419860b46adae6	mtk_icc_core	mtk-icc-core.ko	vendor_boot_platform	mtk_icc_set_tag
6a8607ee93fabd244bfe269c5c9c3c94915a6db9b5e9e4f8d7419860b46adae6	mtk_icc_core	mtk-icc-core.ko	vendor_boot_platform	of_mtk_icc_get
6a8607ee93fabd244bfe269c5c9c3c94915a6db9b5e9e4f8d7419860b46adae6	mtk_icc_core	mtk-icc-core.ko	vendor_boot_platform	of_mtk_icc_xlate_onecell
6c8179394907c6487a63171136e3a057ad61a3090ec67195d22cd8a400f7a86f	dbgtop_drm	dbgtop-drm.ko	vendor_boot_platform	mtk_dbgtop_dfd_timeout
6c8179394907c6487a63171136e3a057ad61a3090ec67195d22cd8a400f7a86f	dbgtop_drm	dbgtop-drm.ko	vendor_boot_platform	mtk_dbgtop_mfg_pwr_en
6c8179394907c6487a63171136e3a057ad61a3090ec67195d22cd8a400f7a86f	dbgtop_drm	dbgtop-drm.ko	vendor_boot_platform	mtk_dbgtop_mfg_pwr_on
6d7733c1cb95fb46235f7b12527b992a2833c891124f74d73765b7fbb3e93b02	scheduler	scheduler.ko	vendor_dlkm	__cpu_pause_mask
6d7733c1cb95fb46235f7b12527b992a2833c891124f74d73765b7fbb3e93b02	scheduler	scheduler.ko	vendor_dlkm	check_and_get_grp_id
6d7733c1cb95fb46235f7b12527b992a2833c891124f74d73765b7fbb3e93b02	scheduler	scheduler.ko	vendor_dlkm	flt_ctl
6d7733c1cb95fb46235f7b12527b992a2833c891124f74d73765b7fbb3e93b02	scheduler	scheduler.ko	vendor_dlkm	flt_ctl_api
6d7733c1cb95fb46235f7b12527b992a2833c891124f74d73765b7fbb3e93b02	scheduler	scheduler.ko	vendor_dlkm	flt_ctrl_force_get
6d7733c1cb95fb46235f7b12527b992a2833c891124f74d73765b7fbb3e93b02	scheduler	scheduler.ko	vendor_dlkm	flt_ctrl_force_set
6d7733c1cb95fb46235f7b12527b992a2833c891124f74d73765b7fbb3e93b02	scheduler	scheduler.ko	vendor_dlkm	flt_get_cpu
6d7733c1cb95fb46235f7b12527b992a2833c891124f74d73765b7fbb3e93b02	scheduler	scheduler.ko	vendor_dlkm	flt_get_cpu_by_wp
6d7733c1cb95fb46235f7b12527b992a2833c891124f74d73765b7fbb3e93b02	scheduler	scheduler.ko	vendor_dlkm	flt_get_cpu_by_wp_api
6d7733c1cb95fb46235f7b12527b992a2833c891124f74d73765b7fbb3e93b02	scheduler	scheduler.ko	vendor_dlkm	flt_get_cpu_o
6d7733c1cb95fb46235f7b12527b992a2833c891124f74d73765b7fbb3e93b02	scheduler	scheduler.ko	vendor_dlkm	flt_get_cpu_o_eas_api
6d7733c1cb95fb46235f7b12527b992a2833c891124f74d73765b7fbb3e93b02	scheduler	scheduler.ko	vendor_dlkm	flt_get_cpu_r
6d7733c1cb95fb46235f7b12527b992a2833c891124f74d73765b7fbb3e93b02	scheduler	scheduler.ko	vendor_dlkm	flt_get_cpu_r_api
6d7733c1cb95fb46235f7b12527b992a2833c891124f74d73765b7fbb3e93b02	scheduler	scheduler.ko	vendor_dlkm	flt_get_gear_max_pelt_group
6d7733c1cb95fb46235f7b12527b992a2833c891124f74d73765b7fbb3e93b02	scheduler	scheduler.ko	vendor_dlkm	flt_get_gear_max_pelt_group_api
6d7733c1cb95fb46235f7b12527b992a2833c891124f74d73765b7fbb3e93b02	scheduler	scheduler.ko	vendor_dlkm	flt_get_gear_max_pelt_group_cnt
6d7733c1cb95fb46235f7b12527b992a2833c891124f74d73765b7fbb3e93b02	scheduler	scheduler.ko	vendor_dlkm	flt_get_gear_max_pelt_group_cnt_api
6d7733c1cb95fb46235f7b12527b992a2833c891124f74d73765b7fbb3e93b02	scheduler	scheduler.ko	vendor_dlkm	flt_get_gear_sum_pelt_group
6d7733c1cb95fb46235f7b12527b992a2833c891124f74d73765b7fbb3e93b02	scheduler	scheduler.ko	vendor_dlkm	flt_get_gear_sum_pelt_group_api
6d7733c1cb95fb46235f7b12527b992a2833c891124f74d73765b7fbb3e93b02	scheduler	scheduler.ko	vendor_dlkm	flt_get_gear_sum_pelt_group_cnt
6d7733c1cb95fb46235f7b12527b992a2833c891124f74d73765b7fbb3e93b02	scheduler	scheduler.ko	vendor_dlkm	flt_get_gear_sum_pelt_group_cnt_api
6d7733c1cb95fb46235f7b12527b992a2833c891124f74d73765b7fbb3e93b02	scheduler	scheduler.ko	vendor_dlkm	flt_get_gp_hint
6d7733c1cb95fb46235f7b12527b992a2833c891124f74d73765b7fbb3e93b02	scheduler	scheduler.ko	vendor_dlkm	flt_get_gp_r
6d7733c1cb95fb46235f7b12527b992a2833c891124f74d73765b7fbb3e93b02	scheduler	scheduler.ko	vendor_dlkm	flt_get_grp_h_eas_api
6d7733c1cb95fb46235f7b12527b992a2833c891124f74d73765b7fbb3e93b02	scheduler	scheduler.ko	vendor_dlkm	flt_get_grp_r_eas_api
6d7733c1cb95fb46235f7b12527b992a2833c891124f74d73765b7fbb3e93b02	scheduler	scheduler.ko	vendor_dlkm	flt_get_max_group
6d7733c1cb95fb46235f7b12527b992a2833c891124f74d73765b7fbb3e93b02	scheduler	scheduler.ko	vendor_dlkm	flt_get_max_group_api
6d7733c1cb95fb46235f7b12527b992a2833c891124f74d73765b7fbb3e93b02	scheduler	scheduler.ko	vendor_dlkm	flt_get_mode
6d7733c1cb95fb46235f7b12527b992a2833c891124f74d73765b7fbb3e93b02	scheduler	scheduler.ko	vendor_dlkm	flt_get_pm_status
6d7733c1cb95fb46235f7b12527b992a2833c891124f74d73765b7fbb3e93b02	scheduler	scheduler.ko	vendor_dlkm	flt_get_sum_group
6d7733c1cb95fb46235f7b12527b992a2833c891124f74d73765b7fbb3e93b02	scheduler	scheduler.ko	vendor_dlkm	flt_get_sum_group_api
6d7733c1cb95fb46235f7b12527b992a2833c891124f74d73765b7fbb3e93b02	scheduler	scheduler.ko	vendor_dlkm	flt_get_task_by_wp
6d7733c1cb95fb46235f7b12527b992a2833c891124f74d73765b7fbb3e93b02	scheduler	scheduler.ko	vendor_dlkm	flt_get_task_by_wp_api
6d7733c1cb95fb46235f7b12527b992a2833c891124f74d73765b7fbb3e93b02	scheduler	scheduler.ko	vendor_dlkm	flt_get_total_gp
6d7733c1cb95fb46235f7b12527b992a2833c891124f74d73765b7fbb3e93b02	scheduler	scheduler.ko	vendor_dlkm	flt_get_total_gp_api
6d7733c1cb95fb46235f7b12527b992a2833c891124f74d73765b7fbb3e93b02	scheduler	scheduler.ko	vendor_dlkm	flt_get_ws_api
6d7733c1cb95fb46235f7b12527b992a2833c891124f74d73765b7fbb3e93b02	scheduler	scheduler.ko	vendor_dlkm	flt_getnid
6d7733c1cb95fb46235f7b12527b992a2833c891124f74d73765b7fbb3e93b02	scheduler	scheduler.ko	vendor_dlkm	flt_sched_get_cpu_group
6d7733c1cb95fb46235f7b12527b992a2833c891124f74d73765b7fbb3e93b02	scheduler	scheduler.ko	vendor_dlkm	flt_sched_get_cpu_group_eas
6d7733c1cb95fb46235f7b12527b992a2833c891124f74d73765b7fbb3e93b02	scheduler	scheduler.ko	vendor_dlkm	flt_sched_get_cpu_group_eas_api
6d7733c1cb95fb46235f7b12527b992a2833c891124f74d73765b7fbb3e93b02	scheduler	scheduler.ko	vendor_dlkm	flt_sched_get_cpu_policy_eas_api
6d7733c1cb95fb46235f7b12527b992a2833c891124f74d73765b7fbb3e93b02	scheduler	scheduler.ko	vendor_dlkm	flt_sched_get_gear_max_group_eas
6d7733c1cb95fb46235f7b12527b992a2833c891124f74d73765b7fbb3e93b02	scheduler	scheduler.ko	vendor_dlkm	flt_sched_get_gear_max_group_eas_api
6d7733c1cb95fb46235f7b12527b992a2833c891124f74d73765b7fbb3e93b02	scheduler	scheduler.ko	vendor_dlkm	flt_sched_get_gear_sum_group_eas
6d7733c1cb95fb46235f7b12527b992a2833c891124f74d73765b7fbb3e93b02	scheduler	scheduler.ko	vendor_dlkm	flt_sched_get_gear_sum_group_eas_api
6d7733c1cb95fb46235f7b12527b992a2833c891124f74d73765b7fbb3e93b02	scheduler	scheduler.ko	vendor_dlkm	flt_sched_get_group_policy_eas_api
6d7733c1cb95fb46235f7b12527b992a2833c891124f74d73765b7fbb3e93b02	scheduler	scheduler.ko	vendor_dlkm	flt_sched_set_cpu_policy_eas_api
6d7733c1cb95fb46235f7b12527b992a2833c891124f74d73765b7fbb3e93b02	scheduler	scheduler.ko	vendor_dlkm	flt_sched_set_group_policy_eas_api
6d7733c1cb95fb46235f7b12527b992a2833c891124f74d73765b7fbb3e93b02	scheduler	scheduler.ko	vendor_dlkm	flt_set_mode
6d7733c1cb95fb46235f7b12527b992a2833c891124f74d73765b7fbb3e93b02	scheduler	scheduler.ko	vendor_dlkm	flt_set_ws_api
6d7733c1cb95fb46235f7b12527b992a2833c891124f74d73765b7fbb3e93b02	scheduler	scheduler.ko	vendor_dlkm	flt_setnid
6d7733c1cb95fb46235f7b12527b992a2833c891124f74d73765b7fbb3e93b02	scheduler	scheduler.ko	vendor_dlkm	get_background_cpumask
6d7733c1cb95fb46235f7b12527b992a2833c891124f74d73765b7fbb3e93b02	scheduler	scheduler.ko	vendor_dlkm	get_cpu_irqRatio_threshold
6d7733c1cb95fb46235f7b12527b992a2833c891124f74d73765b7fbb3e93b02	scheduler	scheduler.ko	vendor_dlkm	get_cpu_irqUtil_threshold
6d7733c1cb95fb46235f7b12527b992a2833c891124f74d73765b7fbb3e93b02	scheduler	scheduler.ko	vendor_dlkm	get_eas_adpf_enable
6d7733c1cb95fb46235f7b12527b992a2833c891124f74d73765b7fbb3e93b02	scheduler	scheduler.ko	vendor_dlkm	get_flt_xrg
6d7733c1cb95fb46235f7b12527b992a2833c891124f74d73765b7fbb3e93b02	scheduler	scheduler.ko	vendor_dlkm	get_flt_xrg_size
6d7733c1cb95fb46235f7b12527b992a2833c891124f74d73765b7fbb3e93b02	scheduler	scheduler.ko	vendor_dlkm	get_foreground_cpumask
6d7733c1cb95fb46235f7b12527b992a2833c891124f74d73765b7fbb3e93b02	scheduler	scheduler.ko	vendor_dlkm	get_gear_indices
6d7733c1cb95fb46235f7b12527b992a2833c891124f74d73765b7fbb3e93b02	scheduler	scheduler.ko	vendor_dlkm	get_group_prefer_cpus
6d7733c1cb95fb46235f7b12527b992a2833c891124f74d73765b7fbb3e93b02	scheduler	scheduler.ko	vendor_dlkm	get_grp_awr_marg_ctrl
6d7733c1cb95fb46235f7b12527b992a2833c891124f74d73765b7fbb3e93b02	scheduler	scheduler.ko	vendor_dlkm	get_grp_awr_min_opp_margin
6d7733c1cb95fb46235f7b12527b992a2833c891124f74d73765b7fbb3e93b02	scheduler	scheduler.ko	vendor_dlkm	get_grp_awr_thr
6d7733c1cb95fb46235f7b12527b992a2833c891124f74d73765b7fbb3e93b02	scheduler	scheduler.ko	vendor_dlkm	get_grp_awr_thr_freq
6d7733c1cb95fb46235f7b12527b992a2833c891124f74d73765b7fbb3e93b02	scheduler	scheduler.ko	vendor_dlkm	get_grp_id
6d7733c1cb95fb46235f7b12527b992a2833c891124f74d73765b7fbb3e93b02	scheduler	scheduler.ko	vendor_dlkm	get_newly_idle_balance_interval_us
6d7733c1cb95fb46235f7b12527b992a2833c891124f74d73765b7fbb3e93b02	scheduler	scheduler.ko	vendor_dlkm	get_share_buck
6d7733c1cb95fb46235f7b12527b992a2833c891124f74d73765b7fbb3e93b02	scheduler	scheduler.ko	vendor_dlkm	get_thermal_headroom_interval_tick
6d7733c1cb95fb46235f7b12527b992a2833c891124f74d73765b7fbb3e93b02	scheduler	scheduler.ko	vendor_dlkm	get_top_app_cpumask
6d7733c1cb95fb46235f7b12527b992a2833c891124f74d73765b7fbb3e93b02	scheduler	scheduler.ko	vendor_dlkm	get_top_grp_aware
6d7733c1cb95fb46235f7b12527b992a2833c891124f74d73765b7fbb3e93b02	scheduler	scheduler.ko	vendor_dlkm	get_top_grp_aware_refcnt
6d7733c1cb95fb46235f7b12527b992a2833c891124f74d73765b7fbb3e93b02	scheduler	scheduler.ko	vendor_dlkm	get_uclamp_min_ls
6d7733c1cb95fb46235f7b12527b992a2833c891124f74d73765b7fbb3e93b02	scheduler	scheduler.ko	vendor_dlkm	get_updown_migration_pct
6d7733c1cb95fb46235f7b12527b992a2833c891124f74d73765b7fbb3e93b02	scheduler	scheduler.ko	vendor_dlkm	get_wake_sync
6d7733c1cb95fb46235f7b12527b992a2833c891124f74d73765b7fbb3e93b02	scheduler	scheduler.ko	vendor_dlkm	group_get_mode
6d7733c1cb95fb46235f7b12527b992a2833c891124f74d73765b7fbb3e93b02	scheduler	scheduler.ko	vendor_dlkm	group_get_threshold
6d7733c1cb95fb46235f7b12527b992a2833c891124f74d73765b7fbb3e93b02	scheduler	scheduler.ko	vendor_dlkm	group_get_threshold_util
6d7733c1cb95fb46235f7b12527b992a2833c891124f74d73765b7fbb3e93b02	scheduler	scheduler.ko	vendor_dlkm	group_reset_threshold
6d7733c1cb95fb46235f7b12527b992a2833c891124f74d73765b7fbb3e93b02	scheduler	scheduler.ko	vendor_dlkm	group_set_mode
6d7733c1cb95fb46235f7b12527b992a2833c891124f74d73765b7fbb3e93b02	scheduler	scheduler.ko	vendor_dlkm	group_set_threshold
6d7733c1cb95fb46235f7b12527b992a2833c891124f74d73765b7fbb3e93b02	scheduler	scheduler.ko	vendor_dlkm	grp_awr_update_cpu_tar_util_hook
6d7733c1cb95fb46235f7b12527b992a2833c891124f74d73765b7fbb3e93b02	scheduler	scheduler.ko	vendor_dlkm	grp_awr_update_group_util_hook
6d7733c1cb95fb46235f7b12527b992a2833c891124f74d73765b7fbb3e93b02	scheduler	scheduler.ko	vendor_dlkm	grp_cal_rat
6d7733c1cb95fb46235f7b12527b992a2833c891124f74d73765b7fbb3e93b02	scheduler	scheduler.ko	vendor_dlkm	grp_cal_tra
6d7733c1cb95fb46235f7b12527b992a2833c891124f74d73765b7fbb3e93b02	scheduler	scheduler.ko	vendor_dlkm	is_task_latency_sensitive
6d7733c1cb95fb46235f7b12527b992a2833c891124f74d73765b7fbb3e93b02	scheduler	scheduler.ko	vendor_dlkm	lookup_grp
6d7733c1cb95fb46235f7b12527b992a2833c891124f74d73765b7fbb3e93b02	scheduler	scheduler.ko	vendor_dlkm	reset_grp_awr_margin
6d7733c1cb95fb46235f7b12527b992a2833c891124f74d73765b7fbb3e93b02	scheduler	scheduler.ko	vendor_dlkm	resume_cpus
6d7733c1cb95fb46235f7b12527b992a2833c891124f74d73765b7fbb3e93b02	scheduler	scheduler.ko	vendor_dlkm	sched_adpf_callback
6d7733c1cb95fb46235f7b12527b992a2833c891124f74d73765b7fbb3e93b02	scheduler	scheduler.ko	vendor_dlkm	sched_pause_cpu
6d7733c1cb95fb46235f7b12527b992a2833c891124f74d73765b7fbb3e93b02	scheduler	scheduler.ko	vendor_dlkm	sched_resume_cpu
6d7733c1cb95fb46235f7b12527b992a2833c891124f74d73765b7fbb3e93b02	scheduler	scheduler.ko	vendor_dlkm	sched_window_nr_ticks_change
6d7733c1cb95fb46235f7b12527b992a2833c891124f74d73765b7fbb3e93b02	scheduler	scheduler.ko	vendor_dlkm	set_background_cpumask
6d7733c1cb95fb46235f7b12527b992a2833c891124f74d73765b7fbb3e93b02	scheduler	scheduler.ko	vendor_dlkm	set_background_vip
6d7733c1cb95fb46235f7b12527b992a2833c891124f74d73765b7fbb3e93b02	scheduler	scheduler.ko	vendor_dlkm	set_big_task_rotation
6d7733c1cb95fb46235f7b12527b992a2833c891124f74d73765b7fbb3e93b02	scheduler	scheduler.ko	vendor_dlkm	set_cpu_group_active_ratio_cap
6d7733c1cb95fb46235f7b12527b992a2833c891124f74d73765b7fbb3e93b02	scheduler	scheduler.ko	vendor_dlkm	set_cpu_group_active_ratio_pct
6d7733c1cb95fb46235f7b12527b992a2833c891124f74d73765b7fbb3e93b02	scheduler	scheduler.ko	vendor_dlkm	set_cpu_irqRatio_threshold
6d7733c1cb95fb46235f7b12527b992a2833c891124f74d73765b7fbb3e93b02	scheduler	scheduler.ko	vendor_dlkm	set_cpu_irqUtil_threshold
6d7733c1cb95fb46235f7b12527b992a2833c891124f74d73765b7fbb3e93b02	scheduler	scheduler.ko	vendor_dlkm	set_eas_adpf_enable
6d7733c1cb95fb46235f7b12527b992a2833c891124f74d73765b7fbb3e93b02	scheduler	scheduler.ko	vendor_dlkm	set_foreground_cpumask
6d7733c1cb95fb46235f7b12527b992a2833c891124f74d73765b7fbb3e93b02	scheduler	scheduler.ko	vendor_dlkm	set_foreground_vip
6d7733c1cb95fb46235f7b12527b992a2833c891124f74d73765b7fbb3e93b02	scheduler	scheduler.ko	vendor_dlkm	set_gear_indices
6d7733c1cb95fb46235f7b12527b992a2833c891124f74d73765b7fbb3e93b02	scheduler	scheduler.ko	vendor_dlkm	set_get_thermal_headroom_interval_tick
6d7733c1cb95fb46235f7b12527b992a2833c891124f74d73765b7fbb3e93b02	scheduler	scheduler.ko	vendor_dlkm	set_group_active_ratio_cap
6d7733c1cb95fb46235f7b12527b992a2833c891124f74d73765b7fbb3e93b02	scheduler	scheduler.ko	vendor_dlkm	set_group_active_ratio_pct
6d7733c1cb95fb46235f7b12527b992a2833c891124f74d73765b7fbb3e93b02	scheduler	scheduler.ko	vendor_dlkm	set_group_prefer_cpus
6d7733c1cb95fb46235f7b12527b992a2833c891124f74d73765b7fbb3e93b02	scheduler	scheduler.ko	vendor_dlkm	set_group_target_active_ratio_cap
6d7733c1cb95fb46235f7b12527b992a2833c891124f74d73765b7fbb3e93b02	scheduler	scheduler.ko	vendor_dlkm	set_group_target_active_ratio_pct
6d7733c1cb95fb46235f7b12527b992a2833c891124f74d73765b7fbb3e93b02	scheduler	scheduler.ko	vendor_dlkm	set_group_vip_prio
6d7733c1cb95fb46235f7b12527b992a2833c891124f74d73765b7fbb3e93b02	scheduler	scheduler.ko	vendor_dlkm	set_grp_awr_marg_ctrl
6d7733c1cb95fb46235f7b12527b992a2833c891124f74d73765b7fbb3e93b02	scheduler	scheduler.ko	vendor_dlkm	set_grp_awr_min_opp_margin
6d7733c1cb95fb46235f7b12527b992a2833c891124f74d73765b7fbb3e93b02	scheduler	scheduler.ko	vendor_dlkm	set_grp_awr_thr
6d7733c1cb95fb46235f7b12527b992a2833c891124f74d73765b7fbb3e93b02	scheduler	scheduler.ko	vendor_dlkm	set_ls_task_vip
6d7733c1cb95fb46235f7b12527b992a2833c891124f74d73765b7fbb3e93b02	scheduler	scheduler.ko	vendor_dlkm	set_newly_idle_balance_interval_us
6d7733c1cb95fb46235f7b12527b992a2833c891124f74d73765b7fbb3e93b02	scheduler	scheduler.ko	vendor_dlkm	set_rt_aggre_preempt
6d7733c1cb95fb46235f7b12527b992a2833c891124f74d73765b7fbb3e93b02	scheduler	scheduler.ko	vendor_dlkm	set_task_basic_vip
6d7733c1cb95fb46235f7b12527b992a2833c891124f74d73765b7fbb3e93b02	scheduler	scheduler.ko	vendor_dlkm	set_task_ls
6d7733c1cb95fb46235f7b12527b992a2833c891124f74d73765b7fbb3e93b02	scheduler	scheduler.ko	vendor_dlkm	set_task_ls_prefer_cpus
6d7733c1cb95fb46235f7b12527b992a2833c891124f74d73765b7fbb3e93b02	scheduler	scheduler.ko	vendor_dlkm	set_task_to_group
6d7733c1cb95fb46235f7b12527b992a2833c891124f74d73765b7fbb3e93b02	scheduler	scheduler.ko	vendor_dlkm	set_task_vvip
6d7733c1cb95fb46235f7b12527b992a2833c891124f74d73765b7fbb3e93b02	scheduler	scheduler.ko	vendor_dlkm	set_top_app_cpumask
6d7733c1cb95fb46235f7b12527b992a2833c891124f74d73765b7fbb3e93b02	scheduler	scheduler.ko	vendor_dlkm	set_top_app_vip
6d7733c1cb95fb46235f7b12527b992a2833c891124f74d73765b7fbb3e93b02	scheduler	scheduler.ko	vendor_dlkm	set_top_grp_aware
6d7733c1cb95fb46235f7b12527b992a2833c891124f74d73765b7fbb3e93b02	scheduler	scheduler.ko	vendor_dlkm	set_uclamp_min_ls
6d7733c1cb95fb46235f7b12527b992a2833c891124f74d73765b7fbb3e93b02	scheduler	scheduler.ko	vendor_dlkm	set_updown_migration_pct
6d7733c1cb95fb46235f7b12527b992a2833c891124f74d73765b7fbb3e93b02	scheduler	scheduler.ko	vendor_dlkm	set_wake_sync
6d7733c1cb95fb46235f7b12527b992a2833c891124f74d73765b7fbb3e93b02	scheduler	scheduler.ko	vendor_dlkm	sysctl_sched_init_task_load_pct
6d7733c1cb95fb46235f7b12527b992a2833c891124f74d73765b7fbb3e93b02	scheduler	scheduler.ko	vendor_dlkm	sysctl_sched_ravg_window_nr_ticks
6d7733c1cb95fb46235f7b12527b992a2833c891124f74d73765b7fbb3e93b02	scheduler	scheduler.ko	vendor_dlkm	sysctl_task_sched_window_stats_policy
6d7733c1cb95fb46235f7b12527b992a2833c891124f74d73765b7fbb3e93b02	scheduler	scheduler.ko	vendor_dlkm	turn_off_vvip_balance_overutilized
6d7733c1cb95fb46235f7b12527b992a2833c891124f74d73765b7fbb3e93b02	scheduler	scheduler.ko	vendor_dlkm	turn_on_vvip_balance_overutilized
6d7733c1cb95fb46235f7b12527b992a2833c891124f74d73765b7fbb3e93b02	scheduler	scheduler.ko	vendor_dlkm	unset_background_vip
6d7733c1cb95fb46235f7b12527b992a2833c891124f74d73765b7fbb3e93b02	scheduler	scheduler.ko	vendor_dlkm	unset_cpu_irqRatio_threshold
6d7733c1cb95fb46235f7b12527b992a2833c891124f74d73765b7fbb3e93b02	scheduler	scheduler.ko	vendor_dlkm	unset_cpu_irqUtil_threshold
6d7733c1cb95fb46235f7b12527b992a2833c891124f74d73765b7fbb3e93b02	scheduler	scheduler.ko	vendor_dlkm	unset_foreground_vip
6d7733c1cb95fb46235f7b12527b992a2833c891124f74d73765b7fbb3e93b02	scheduler	scheduler.ko	vendor_dlkm	unset_gear_indices
6d7733c1cb95fb46235f7b12527b992a2833c891124f74d73765b7fbb3e93b02	scheduler	scheduler.ko	vendor_dlkm	unset_group_vip_prio
6d7733c1cb95fb46235f7b12527b992a2833c891124f74d73765b7fbb3e93b02	scheduler	scheduler.ko	vendor_dlkm	unset_ls_task_vip
6d7733c1cb95fb46235f7b12527b992a2833c891124f74d73765b7fbb3e93b02	scheduler	scheduler.ko	vendor_dlkm	unset_task_basic_vip
6d7733c1cb95fb46235f7b12527b992a2833c891124f74d73765b7fbb3e93b02	scheduler	scheduler.ko	vendor_dlkm	unset_task_ls
6d7733c1cb95fb46235f7b12527b992a2833c891124f74d73765b7fbb3e93b02	scheduler	scheduler.ko	vendor_dlkm	unset_task_ls_prefer_cpus
6d7733c1cb95fb46235f7b12527b992a2833c891124f74d73765b7fbb3e93b02	scheduler	scheduler.ko	vendor_dlkm	unset_task_vvip
6d7733c1cb95fb46235f7b12527b992a2833c891124f74d73765b7fbb3e93b02	scheduler	scheduler.ko	vendor_dlkm	unset_top_app_vip
6d7733c1cb95fb46235f7b12527b992a2833c891124f74d73765b7fbb3e93b02	scheduler	scheduler.ko	vendor_dlkm	unset_updown_migration_pct
6db0fdd4ae91ada777d36eccbb1b52ec2602a3474a645774546f3565bdcd84ea	mediatek_drm_gateic	mediatek-drm-gateic.ko	vendor_boot_platform	mtk_drm_gateic_enable_backlight
6db0fdd4ae91ada777d36eccbb1b52ec2602a3474a645774546f3565bdcd84ea	mediatek_drm_gateic	mediatek-drm-gateic.ko	vendor_boot_platform	mtk_drm_gateic_get
6db0fdd4ae91ada777d36eccbb1b52ec2602a3474a645774546f3565bdcd84ea	mediatek_drm_gateic	mediatek-drm-gateic.ko	vendor_boot_platform	mtk_drm_gateic_power_off
6db0fdd4ae91ada777d36eccbb1b52ec2602a3474a645774546f3565bdcd84ea	mediatek_drm_gateic	mediatek-drm-gateic.ko	vendor_boot_platform	mtk_drm_gateic_power_on
6db0fdd4ae91ada777d36eccbb1b52ec2602a3474a645774546f3565bdcd84ea	mediatek_drm_gateic	mediatek-drm-gateic.ko	vendor_boot_platform	mtk_drm_gateic_register
6db0fdd4ae91ada777d36eccbb1b52ec2602a3474a645774546f3565bdcd84ea	mediatek_drm_gateic	mediatek-drm-gateic.ko	vendor_boot_platform	mtk_drm_gateic_reset
6db0fdd4ae91ada777d36eccbb1b52ec2602a3474a645774546f3565bdcd84ea	mediatek_drm_gateic	mediatek-drm-gateic.ko	vendor_boot_platform	mtk_drm_gateic_select
6db0fdd4ae91ada777d36eccbb1b52ec2602a3474a645774546f3565bdcd84ea	mediatek_drm_gateic	mediatek-drm-gateic.ko	vendor_boot_platform	mtk_drm_gateic_set_backlight
6db0fdd4ae91ada777d36eccbb1b52ec2602a3474a645774546f3565bdcd84ea	mediatek_drm_gateic	mediatek-drm-gateic.ko	vendor_boot_platform	mtk_drm_gateic_set_voltage
6db0fdd4ae91ada777d36eccbb1b52ec2602a3474a645774546f3565bdcd84ea	mediatek_drm_gateic	mediatek-drm-gateic.ko	vendor_boot_platform	mtk_panel_i2c_read_bytes
6db0fdd4ae91ada777d36eccbb1b52ec2602a3474a645774546f3565bdcd84ea	mediatek_drm_gateic	mediatek-drm-gateic.ko	vendor_boot_platform	mtk_panel_i2c_write_bytes
6db0fdd4ae91ada777d36eccbb1b52ec2602a3474a645774546f3565bdcd84ea	mediatek_drm_gateic	mediatek-drm-gateic.ko	vendor_boot_platform	mtk_panel_i2c_write_multiple_bytes
6db23fd3648d22273ced735258773ba91c63e737972e4b83ec71a17608b5a6a3	aee_aed	aee_aed.ko	vendor_boot_platform	aed_combo_exception_api
6db23fd3648d22273ced735258773ba91c63e737972e4b83ec71a17608b5a6a3	aee_aed	aee_aed.ko	vendor_boot_platform	aed_common_exception_api
6db23fd3648d22273ced735258773ba91c63e737972e4b83ec71a17608b5a6a3	aee_aed	aee_aed.ko	vendor_boot_platform	aed_get_status
6db23fd3648d22273ced735258773ba91c63e737972e4b83ec71a17608b5a6a3	aee_aed	aee_aed.ko	vendor_boot_platform	aed_md32_exception_api
6db23fd3648d22273ced735258773ba91c63e737972e4b83ec71a17608b5a6a3	aee_aed	aee_aed.ko	vendor_boot_platform	aed_md_exception_api
6db23fd3648d22273ced735258773ba91c63e737972e4b83ec71a17608b5a6a3	aee_aed	aee_aed.ko	vendor_boot_platform	aed_scp_exception_api
6db23fd3648d22273ced735258773ba91c63e737972e4b83ec71a17608b5a6a3	aee_aed	aee_aed.ko	vendor_boot_platform	aee_get_mode
6db23fd3648d22273ced735258773ba91c63e737972e4b83ec71a17608b5a6a3	aee_aed	aee_aed.ko	vendor_boot_platform	aee_is_printk_too_much
6db23fd3648d22273ced735258773ba91c63e737972e4b83ec71a17608b5a6a3	aee_aed	aee_aed.ko	vendor_boot_platform	aee_kernel_exception_api_func
6db23fd3648d22273ced735258773ba91c63e737972e4b83ec71a17608b5a6a3	aee_aed	aee_aed.ko	vendor_boot_platform	aee_kernel_fatal_api_func
6db23fd3648d22273ced735258773ba91c63e737972e4b83ec71a17608b5a6a3	aee_aed	aee_aed.ko	vendor_boot_platform	aee_kernel_reminding_api
6db23fd3648d22273ced735258773ba91c63e737972e4b83ec71a17608b5a6a3	aee_aed	aee_aed.ko	vendor_boot_platform	aee_kernel_warning_api_func
707e26674abbe7f9c695bb949d74fd5de04972d4bbb991cddc3a2ea9ab45f01b	tmem_ffa	tmem_ffa.ko	vendor_dlkm	ssmr_offline
707e26674abbe7f9c695bb949d74fd5de04972d4bbb991cddc3a2ea9ab45f01b	tmem_ffa	tmem_ffa.ko	vendor_dlkm	ssmr_online
707e26674abbe7f9c695bb949d74fd5de04972d4bbb991cddc3a2ea9ab45f01b	tmem_ffa	tmem_ffa.ko	vendor_dlkm	trusted_mem_api_alloc
707e26674abbe7f9c695bb949d74fd5de04972d4bbb991cddc3a2ea9ab45f01b	tmem_ffa	tmem_ffa.ko	vendor_dlkm	trusted_mem_api_alloc_zero
707e26674abbe7f9c695bb949d74fd5de04972d4bbb991cddc3a2ea9ab45f01b	tmem_ffa	tmem_ffa.ko	vendor_dlkm	trusted_mem_api_get_page_replace
707e26674abbe7f9c695bb949d74fd5de04972d4bbb991cddc3a2ea9ab45f01b	tmem_ffa	tmem_ffa.ko	vendor_dlkm	trusted_mem_api_get_region_info
707e26674abbe7f9c695bb949d74fd5de04972d4bbb991cddc3a2ea9ab45f01b	tmem_ffa	tmem_ffa.ko	vendor_dlkm	trusted_mem_api_query_pa
707e26674abbe7f9c695bb949d74fd5de04972d4bbb991cddc3a2ea9ab45f01b	tmem_ffa	tmem_ffa.ko	vendor_dlkm	trusted_mem_api_unref
707e26674abbe7f9c695bb949d74fd5de04972d4bbb991cddc3a2ea9ab45f01b	tmem_ffa	tmem_ffa.ko	vendor_dlkm	trusted_mem_disable_high_freq
707e26674abbe7f9c695bb949d74fd5de04972d4bbb991cddc3a2ea9ab45f01b	tmem_ffa	tmem_ffa.ko	vendor_dlkm	trusted_mem_enable_high_freq
707e26674abbe7f9c695bb949d74fd5de04972d4bbb991cddc3a2ea9ab45f01b	tmem_ffa	tmem_ffa.ko	vendor_dlkm	trusted_mem_ffa_query_pa
707e26674abbe7f9c695bb949d74fd5de04972d4bbb991cddc3a2ea9ab45f01b	tmem_ffa	tmem_ffa.ko	vendor_dlkm	trusted_mem_is_ffa_enabled
707e26674abbe7f9c695bb949d74fd5de04972d4bbb991cddc3a2ea9ab45f01b	tmem_ffa	tmem_ffa.ko	vendor_dlkm	trusted_mem_is_page_v2_enabled
707e26674abbe7f9c695bb949d74fd5de04972d4bbb991cddc3a2ea9ab45f01b	tmem_ffa	tmem_ffa.ko	vendor_dlkm	trusted_mem_page_based_alloc
707e26674abbe7f9c695bb949d74fd5de04972d4bbb991cddc3a2ea9ab45f01b	tmem_ffa	tmem_ffa.ko	vendor_dlkm	trusted_mem_page_based_free
70ba37e851d8aae29b5b6b9786ec5cd77ce79c2a996857409424091a504b8c7f	mediatek_cpufreq_hw	mediatek-cpufreq-hw.ko	vendor_boot_platform	cpufreq_fdvfs_cci_switch
70ba37e851d8aae29b5b6b9786ec5cd77ce79c2a996857409424091a504b8c7f	mediatek_cpufreq_hw	mediatek-cpufreq-hw.ko	vendor_boot_platform	is_fdvfs_support
70ba37e851d8aae29b5b6b9786ec5cd77ce79c2a996857409424091a504b8c7f	mediatek_cpufreq_hw	mediatek-cpufreq-hw.ko	vendor_boot_platform	stop_dvfs_log
70bf1a211faf36e1ccf7def2e40b80773d913790dd2d5f126a4e495a467ea629	clkbuf	clkbuf.ko	vendor_boot_platform	clkbuf_srclken_ctrl
70bf1a211faf36e1ccf7def2e40b80773d913790dd2d5f126a4e495a467ea629	clkbuf	clkbuf.ko	vendor_boot_platform	clkbuf_xo_ctrl
71f619915a7a95a505c0962a7baf4247133d73155f3a64ce52960494c336569f	irq_dbg	irq-dbg.ko	vendor_boot_platform	mt_irq_dump_status
7300dce02e58e68ccf5134ba32a8fde0f3a650cc0e2e528be0c57f75e090edb0	mac802154	mac802154.ko	system_dlkm	ieee802154_alloc_hw
7300dce02e58e68ccf5134ba32a8fde0f3a650cc0e2e528be0c57f75e090edb0	mac802154	mac802154.ko	system_dlkm	ieee802154_configure_durations
7300dce02e58e68ccf5134ba32a8fde0f3a650cc0e2e528be0c57f75e090edb0	mac802154	mac802154.ko	system_dlkm	ieee802154_free_hw
7300dce02e58e68ccf5134ba32a8fde0f3a650cc0e2e528be0c57f75e090edb0	mac802154	mac802154.ko	system_dlkm	ieee802154_register_hw
7300dce02e58e68ccf5134ba32a8fde0f3a650cc0e2e528be0c57f75e090edb0	mac802154	mac802154.ko	system_dlkm	ieee802154_rx_irqsafe
7300dce02e58e68ccf5134ba32a8fde0f3a650cc0e2e528be0c57f75e090edb0	mac802154	mac802154.ko	system_dlkm	ieee802154_stop_queue
7300dce02e58e68ccf5134ba32a8fde0f3a650cc0e2e528be0c57f75e090edb0	mac802154	mac802154.ko	system_dlkm	ieee802154_unregister_hw
7300dce02e58e68ccf5134ba32a8fde0f3a650cc0e2e528be0c57f75e090edb0	mac802154	mac802154.ko	system_dlkm	ieee802154_wake_queue
7300dce02e58e68ccf5134ba32a8fde0f3a650cc0e2e528be0c57f75e090edb0	mac802154	mac802154.ko	system_dlkm	ieee802154_xmit_complete
7300dce02e58e68ccf5134ba32a8fde0f3a650cc0e2e528be0c57f75e090edb0	mac802154	mac802154.ko	system_dlkm	ieee802154_xmit_error
7300dce02e58e68ccf5134ba32a8fde0f3a650cc0e2e528be0c57f75e090edb0	mac802154	mac802154.ko	system_dlkm	ieee802154_xmit_hw_error
7363bd0fb4421573b256ffdf06fb15f47fa39913c66f91e0a3eeb2118b7491f9	mtk_cg_peak_power_throttling	mtk_cg_peak_power_throttling.ko	vendor_dlkm	cgppt_set_mo_multiscene
739dee896c60143b9c8e4092761ad8d217bcb0af24a848e31c60a9540a3e16d9	mtk_ssc	mtk-ssc.ko	vendor_dlkm	ssc_disable_vlogic_bound
739dee896c60143b9c8e4092761ad8d217bcb0af24a848e31c60a9540a3e16d9	mtk_ssc	mtk-ssc.ko	vendor_dlkm	ssc_enable
739dee896c60143b9c8e4092761ad8d217bcb0af24a848e31c60a9540a3e16d9	mtk_ssc	mtk-ssc.ko	vendor_dlkm	ssc_enable_vlogic_bound
739dee896c60143b9c8e4092761ad8d217bcb0af24a848e31c60a9540a3e16d9	mtk_ssc	mtk-ssc.ko	vendor_dlkm	ssc_kobj
739dee896c60143b9c8e4092761ad8d217bcb0af24a848e31c60a9540a3e16d9	mtk_ssc	mtk-ssc.ko	vendor_dlkm	ssc_vlogic_bound_register_notifier
739dee896c60143b9c8e4092761ad8d217bcb0af24a848e31c60a9540a3e16d9	mtk_ssc	mtk-ssc.ko	vendor_dlkm	ssc_vlogic_bound_unregister_notifier
7491b08703d2af7eeec5fd43bea721222617c87679b0fc9cbf86eb16ce75766a	cpuqos_v3	cpuqos_v3.ko	vendor_dlkm	mtk_cpuqos_css_map
7491b08703d2af7eeec5fd43bea721222617c87679b0fc9cbf86eb16ce75766a	cpuqos_v3	cpuqos_v3.ko	vendor_dlkm	mtk_cpuqos_set
7491b08703d2af7eeec5fd43bea721222617c87679b0fc9cbf86eb16ce75766a	cpuqos_v3	cpuqos_v3.ko	vendor_dlkm	set_cpuqos_mode
7491b08703d2af7eeec5fd43bea721222617c87679b0fc9cbf86eb16ce75766a	cpuqos_v3	cpuqos_v3.ko	vendor_dlkm	set_ct_group
7491b08703d2af7eeec5fd43bea721222617c87679b0fc9cbf86eb16ce75766a	cpuqos_v3	cpuqos_v3.ko	vendor_dlkm	set_ct_task
7491b08703d2af7eeec5fd43bea721222617c87679b0fc9cbf86eb16ce75766a	cpuqos_v3	cpuqos_v3.ko	vendor_dlkm	set_group_pd
7491b08703d2af7eeec5fd43bea721222617c87679b0fc9cbf86eb16ce75766a	cpuqos_v3	cpuqos_v3.ko	vendor_dlkm	set_task_pd
7496ce42c408268b91dacf7a1114edda761902d6f620633f48753bddfc53aced	mac80211	mac80211.ko	vendor_dlkm	__ieee80211_schedule_txq
7496ce42c408268b91dacf7a1114edda761902d6f620633f48753bddfc53aced	mac80211	mac80211.ko	vendor_dlkm	ieee80211_alloc_hw_nm
7496ce42c408268b91dacf7a1114edda761902d6f620633f48753bddfc53aced	mac80211	mac80211.ko	vendor_dlkm	ieee80211_ap_probereq_get
7496ce42c408268b91dacf7a1114edda761902d6f620633f48753bddfc53aced	mac80211	mac80211.ko	vendor_dlkm	ieee80211_ave_rssi
7496ce42c408268b91dacf7a1114edda761902d6f620633f48753bddfc53aced	mac80211	mac80211.ko	vendor_dlkm	ieee80211_beacon_cntdwn_is_complete
7496ce42c408268b91dacf7a1114edda761902d6f620633f48753bddfc53aced	mac80211	mac80211.ko	vendor_dlkm	ieee80211_beacon_get_template
7496ce42c408268b91dacf7a1114edda761902d6f620633f48753bddfc53aced	mac80211	mac80211.ko	vendor_dlkm	ieee80211_beacon_get_tim
7496ce42c408268b91dacf7a1114edda761902d6f620633f48753bddfc53aced	mac80211	mac80211.ko	vendor_dlkm	ieee80211_beacon_loss
7496ce42c408268b91dacf7a1114edda761902d6f620633f48753bddfc53aced	mac80211	mac80211.ko	vendor_dlkm	ieee80211_beacon_set_cntdwn
7496ce42c408268b91dacf7a1114edda761902d6f620633f48753bddfc53aced	mac80211	mac80211.ko	vendor_dlkm	ieee80211_beacon_update_cntdwn
7496ce42c408268b91dacf7a1114edda761902d6f620633f48753bddfc53aced	mac80211	mac80211.ko	vendor_dlkm	ieee80211_calc_rx_airtime
7496ce42c408268b91dacf7a1114edda761902d6f620633f48753bddfc53aced	mac80211	mac80211.ko	vendor_dlkm	ieee80211_calc_tx_airtime
7496ce42c408268b91dacf7a1114edda761902d6f620633f48753bddfc53aced	mac80211	mac80211.ko	vendor_dlkm	ieee80211_channel_switch_disconnect
7496ce42c408268b91dacf7a1114edda761902d6f620633f48753bddfc53aced	mac80211	mac80211.ko	vendor_dlkm	ieee80211_chswitch_done
7496ce42c408268b91dacf7a1114edda761902d6f620633f48753bddfc53aced	mac80211	mac80211.ko	vendor_dlkm	ieee80211_color_change_finish
7496ce42c408268b91dacf7a1114edda761902d6f620633f48753bddfc53aced	mac80211	mac80211.ko	vendor_dlkm	ieee80211_connection_loss
7496ce42c408268b91dacf7a1114edda761902d6f620633f48753bddfc53aced	mac80211	mac80211.ko	vendor_dlkm	ieee80211_cqm_beacon_loss_notify
7496ce42c408268b91dacf7a1114edda761902d6f620633f48753bddfc53aced	mac80211	mac80211.ko	vendor_dlkm	ieee80211_cqm_rssi_notify
7496ce42c408268b91dacf7a1114edda761902d6f620633f48753bddfc53aced	mac80211	mac80211.ko	vendor_dlkm	ieee80211_csa_finish
7496ce42c408268b91dacf7a1114edda761902d6f620633f48753bddfc53aced	mac80211	mac80211.ko	vendor_dlkm	ieee80211_ctstoself_duration
7496ce42c408268b91dacf7a1114edda761902d6f620633f48753bddfc53aced	mac80211	mac80211.ko	vendor_dlkm	ieee80211_ctstoself_get
7496ce42c408268b91dacf7a1114edda761902d6f620633f48753bddfc53aced	mac80211	mac80211.ko	vendor_dlkm	ieee80211_disable_rssi_reports
7496ce42c408268b91dacf7a1114edda761902d6f620633f48753bddfc53aced	mac80211	mac80211.ko	vendor_dlkm	ieee80211_disconnect
7496ce42c408268b91dacf7a1114edda761902d6f620633f48753bddfc53aced	mac80211	mac80211.ko	vendor_dlkm	ieee80211_enable_rssi_reports
7496ce42c408268b91dacf7a1114edda761902d6f620633f48753bddfc53aced	mac80211	mac80211.ko	vendor_dlkm	ieee80211_find_sta
7496ce42c408268b91dacf7a1114edda761902d6f620633f48753bddfc53aced	mac80211	mac80211.ko	vendor_dlkm	ieee80211_find_sta_by_ifaddr
7496ce42c408268b91dacf7a1114edda761902d6f620633f48753bddfc53aced	mac80211	mac80211.ko	vendor_dlkm	ieee80211_find_sta_by_link_addrs
7496ce42c408268b91dacf7a1114edda761902d6f620633f48753bddfc53aced	mac80211	mac80211.ko	vendor_dlkm	ieee80211_free_hw
7496ce42c408268b91dacf7a1114edda761902d6f620633f48753bddfc53aced	mac80211	mac80211.ko	vendor_dlkm	ieee80211_free_txskb
7496ce42c408268b91dacf7a1114edda761902d6f620633f48753bddfc53aced	mac80211	mac80211.ko	vendor_dlkm	ieee80211_generic_frame_duration
7496ce42c408268b91dacf7a1114edda761902d6f620633f48753bddfc53aced	mac80211	mac80211.ko	vendor_dlkm	ieee80211_get_bssid
7496ce42c408268b91dacf7a1114edda761902d6f620633f48753bddfc53aced	mac80211	mac80211.ko	vendor_dlkm	ieee80211_get_buffered_bc
7496ce42c408268b91dacf7a1114edda761902d6f620633f48753bddfc53aced	mac80211	mac80211.ko	vendor_dlkm	ieee80211_get_fils_discovery_tmpl
7496ce42c408268b91dacf7a1114edda761902d6f620633f48753bddfc53aced	mac80211	mac80211.ko	vendor_dlkm	ieee80211_get_key_rx_seq
7496ce42c408268b91dacf7a1114edda761902d6f620633f48753bddfc53aced	mac80211	mac80211.ko	vendor_dlkm	ieee80211_get_tkip_p1k_iv
7496ce42c408268b91dacf7a1114edda761902d6f620633f48753bddfc53aced	mac80211	mac80211.ko	vendor_dlkm	ieee80211_get_tkip_p2k
7496ce42c408268b91dacf7a1114edda761902d6f620633f48753bddfc53aced	mac80211	mac80211.ko	vendor_dlkm	ieee80211_get_tkip_rx_p1k
7496ce42c408268b91dacf7a1114edda761902d6f620633f48753bddfc53aced	mac80211	mac80211.ko	vendor_dlkm	ieee80211_get_tx_rates
7496ce42c408268b91dacf7a1114edda761902d6f620633f48753bddfc53aced	mac80211	mac80211.ko	vendor_dlkm	ieee80211_get_unsol_bcast_probe_resp_tmpl
7496ce42c408268b91dacf7a1114edda761902d6f620633f48753bddfc53aced	mac80211	mac80211.ko	vendor_dlkm	ieee80211_gtk_rekey_add
7496ce42c408268b91dacf7a1114edda761902d6f620633f48753bddfc53aced	mac80211	mac80211.ko	vendor_dlkm	ieee80211_gtk_rekey_notify
7496ce42c408268b91dacf7a1114edda761902d6f620633f48753bddfc53aced	mac80211	mac80211.ko	vendor_dlkm	ieee80211_hw_restart_disconnect
7496ce42c408268b91dacf7a1114edda761902d6f620633f48753bddfc53aced	mac80211	mac80211.ko	vendor_dlkm	ieee80211_iter_chan_contexts_atomic
7496ce42c408268b91dacf7a1114edda761902d6f620633f48753bddfc53aced	mac80211	mac80211.ko	vendor_dlkm	ieee80211_iter_keys
7496ce42c408268b91dacf7a1114edda761902d6f620633f48753bddfc53aced	mac80211	mac80211.ko	vendor_dlkm	ieee80211_iter_keys_rcu
7496ce42c408268b91dacf7a1114edda761902d6f620633f48753bddfc53aced	mac80211	mac80211.ko	vendor_dlkm	ieee80211_iterate_active_interfaces_atomic
7496ce42c408268b91dacf7a1114edda761902d6f620633f48753bddfc53aced	mac80211	mac80211.ko	vendor_dlkm	ieee80211_iterate_active_interfaces_mtx
7496ce42c408268b91dacf7a1114edda761902d6f620633f48753bddfc53aced	mac80211	mac80211.ko	vendor_dlkm	ieee80211_iterate_interfaces
7496ce42c408268b91dacf7a1114edda761902d6f620633f48753bddfc53aced	mac80211	mac80211.ko	vendor_dlkm	ieee80211_iterate_stations
7496ce42c408268b91dacf7a1114edda761902d6f620633f48753bddfc53aced	mac80211	mac80211.ko	vendor_dlkm	ieee80211_iterate_stations_atomic
7496ce42c408268b91dacf7a1114edda761902d6f620633f48753bddfc53aced	mac80211	mac80211.ko	vendor_dlkm	ieee80211_key_mic_failure
7496ce42c408268b91dacf7a1114edda761902d6f620633f48753bddfc53aced	mac80211	mac80211.ko	vendor_dlkm	ieee80211_key_replay
7496ce42c408268b91dacf7a1114edda761902d6f620633f48753bddfc53aced	mac80211	mac80211.ko	vendor_dlkm	ieee80211_manage_rx_ba_offl
7496ce42c408268b91dacf7a1114edda761902d6f620633f48753bddfc53aced	mac80211	mac80211.ko	vendor_dlkm	ieee80211_mark_rx_ba_filtered_frames
7496ce42c408268b91dacf7a1114edda761902d6f620633f48753bddfc53aced	mac80211	mac80211.ko	vendor_dlkm	ieee80211_nan_func_match
7496ce42c408268b91dacf7a1114edda761902d6f620633f48753bddfc53aced	mac80211	mac80211.ko	vendor_dlkm	ieee80211_nan_func_terminated
7496ce42c408268b91dacf7a1114edda761902d6f620633f48753bddfc53aced	mac80211	mac80211.ko	vendor_dlkm	ieee80211_next_txq
7496ce42c408268b91dacf7a1114edda761902d6f620633f48753bddfc53aced	mac80211	mac80211.ko	vendor_dlkm	ieee80211_nullfunc_get
7496ce42c408268b91dacf7a1114edda761902d6f620633f48753bddfc53aced	mac80211	mac80211.ko	vendor_dlkm	ieee80211_parse_p2p_noa
7496ce42c408268b91dacf7a1114edda761902d6f620633f48753bddfc53aced	mac80211	mac80211.ko	vendor_dlkm	ieee80211_probereq_get
7496ce42c408268b91dacf7a1114edda761902d6f620633f48753bddfc53aced	mac80211	mac80211.ko	vendor_dlkm	ieee80211_proberesp_get
7496ce42c408268b91dacf7a1114edda761902d6f620633f48753bddfc53aced	mac80211	mac80211.ko	vendor_dlkm	ieee80211_pspoll_get
7496ce42c408268b91dacf7a1114edda761902d6f620633f48753bddfc53aced	mac80211	mac80211.ko	vendor_dlkm	ieee80211_queue_delayed_work
7496ce42c408268b91dacf7a1114edda761902d6f620633f48753bddfc53aced	mac80211	mac80211.ko	vendor_dlkm	ieee80211_queue_stopped
7496ce42c408268b91dacf7a1114edda761902d6f620633f48753bddfc53aced	mac80211	mac80211.ko	vendor_dlkm	ieee80211_queue_work
7496ce42c408268b91dacf7a1114edda761902d6f620633f48753bddfc53aced	mac80211	mac80211.ko	vendor_dlkm	ieee80211_radar_detected
7496ce42c408268b91dacf7a1114edda761902d6f620633f48753bddfc53aced	mac80211	mac80211.ko	vendor_dlkm	ieee80211_rate_control_register
7496ce42c408268b91dacf7a1114edda761902d6f620633f48753bddfc53aced	mac80211	mac80211.ko	vendor_dlkm	ieee80211_rate_control_unregister
7496ce42c408268b91dacf7a1114edda761902d6f620633f48753bddfc53aced	mac80211	mac80211.ko	vendor_dlkm	ieee80211_ready_on_channel
7496ce42c408268b91dacf7a1114edda761902d6f620633f48753bddfc53aced	mac80211	mac80211.ko	vendor_dlkm	ieee80211_register_hw
7496ce42c408268b91dacf7a1114edda761902d6f620633f48753bddfc53aced	mac80211	mac80211.ko	vendor_dlkm	ieee80211_remain_on_channel_expired
7496ce42c408268b91dacf7a1114edda761902d6f620633f48753bddfc53aced	mac80211	mac80211.ko	vendor_dlkm	ieee80211_remove_key
7496ce42c408268b91dacf7a1114edda761902d6f620633f48753bddfc53aced	mac80211	mac80211.ko	vendor_dlkm	ieee80211_report_low_ack
7496ce42c408268b91dacf7a1114edda761902d6f620633f48753bddfc53aced	mac80211	mac80211.ko	vendor_dlkm	ieee80211_report_wowlan_wakeup
7496ce42c408268b91dacf7a1114edda761902d6f620633f48753bddfc53aced	mac80211	mac80211.ko	vendor_dlkm	ieee80211_request_smps
7496ce42c408268b91dacf7a1114edda761902d6f620633f48753bddfc53aced	mac80211	mac80211.ko	vendor_dlkm	ieee80211_reserve_tid
7496ce42c408268b91dacf7a1114edda761902d6f620633f48753bddfc53aced	mac80211	mac80211.ko	vendor_dlkm	ieee80211_restart_hw
7496ce42c408268b91dacf7a1114edda761902d6f620633f48753bddfc53aced	mac80211	mac80211.ko	vendor_dlkm	ieee80211_resume_disconnect
7496ce42c408268b91dacf7a1114edda761902d6f620633f48753bddfc53aced	mac80211	mac80211.ko	vendor_dlkm	ieee80211_rts_duration
7496ce42c408268b91dacf7a1114edda761902d6f620633f48753bddfc53aced	mac80211	mac80211.ko	vendor_dlkm	ieee80211_rts_get
7496ce42c408268b91dacf7a1114edda761902d6f620633f48753bddfc53aced	mac80211	mac80211.ko	vendor_dlkm	ieee80211_rx_ba_timer_expired
7496ce42c408268b91dacf7a1114edda761902d6f620633f48753bddfc53aced	mac80211	mac80211.ko	vendor_dlkm	ieee80211_rx_irqsafe
7496ce42c408268b91dacf7a1114edda761902d6f620633f48753bddfc53aced	mac80211	mac80211.ko	vendor_dlkm	ieee80211_rx_list
7496ce42c408268b91dacf7a1114edda761902d6f620633f48753bddfc53aced	mac80211	mac80211.ko	vendor_dlkm	ieee80211_rx_napi
7496ce42c408268b91dacf7a1114edda761902d6f620633f48753bddfc53aced	mac80211	mac80211.ko	vendor_dlkm	ieee80211_scan_completed
7496ce42c408268b91dacf7a1114edda761902d6f620633f48753bddfc53aced	mac80211	mac80211.ko	vendor_dlkm	ieee80211_sched_scan_results
7496ce42c408268b91dacf7a1114edda761902d6f620633f48753bddfc53aced	mac80211	mac80211.ko	vendor_dlkm	ieee80211_sched_scan_stopped
7496ce42c408268b91dacf7a1114edda761902d6f620633f48753bddfc53aced	mac80211	mac80211.ko	vendor_dlkm	ieee80211_send_bar
7496ce42c408268b91dacf7a1114edda761902d6f620633f48753bddfc53aced	mac80211	mac80211.ko	vendor_dlkm	ieee80211_send_eosp_nullfunc
7496ce42c408268b91dacf7a1114edda761902d6f620633f48753bddfc53aced	mac80211	mac80211.ko	vendor_dlkm	ieee80211_set_active_links
7496ce42c408268b91dacf7a1114edda761902d6f620633f48753bddfc53aced	mac80211	mac80211.ko	vendor_dlkm	ieee80211_set_active_links_async
7496ce42c408268b91dacf7a1114edda761902d6f620633f48753bddfc53aced	mac80211	mac80211.ko	vendor_dlkm	ieee80211_set_key_rx_seq
7496ce42c408268b91dacf7a1114edda761902d6f620633f48753bddfc53aced	mac80211	mac80211.ko	vendor_dlkm	ieee80211_sta_block_awake
7496ce42c408268b91dacf7a1114edda761902d6f620633f48753bddfc53aced	mac80211	mac80211.ko	vendor_dlkm	ieee80211_sta_eosp
7496ce42c408268b91dacf7a1114edda761902d6f620633f48753bddfc53aced	mac80211	mac80211.ko	vendor_dlkm	ieee80211_sta_ps_transition
7496ce42c408268b91dacf7a1114edda761902d6f620633f48753bddfc53aced	mac80211	mac80211.ko	vendor_dlkm	ieee80211_sta_pspoll
7496ce42c408268b91dacf7a1114edda761902d6f620633f48753bddfc53aced	mac80211	mac80211.ko	vendor_dlkm	ieee80211_sta_recalc_aggregates
7496ce42c408268b91dacf7a1114edda761902d6f620633f48753bddfc53aced	mac80211	mac80211.ko	vendor_dlkm	ieee80211_sta_register_airtime
7496ce42c408268b91dacf7a1114edda761902d6f620633f48753bddfc53aced	mac80211	mac80211.ko	vendor_dlkm	ieee80211_sta_set_buffered
7496ce42c408268b91dacf7a1114edda761902d6f620633f48753bddfc53aced	mac80211	mac80211.ko	vendor_dlkm	ieee80211_sta_uapsd_trigger
7496ce42c408268b91dacf7a1114edda761902d6f620633f48753bddfc53aced	mac80211	mac80211.ko	vendor_dlkm	ieee80211_start_tx_ba_cb_irqsafe
7496ce42c408268b91dacf7a1114edda761902d6f620633f48753bddfc53aced	mac80211	mac80211.ko	vendor_dlkm	ieee80211_start_tx_ba_session
7496ce42c408268b91dacf7a1114edda761902d6f620633f48753bddfc53aced	mac80211	mac80211.ko	vendor_dlkm	ieee80211_stop_queue
7496ce42c408268b91dacf7a1114edda761902d6f620633f48753bddfc53aced	mac80211	mac80211.ko	vendor_dlkm	ieee80211_stop_queues
7496ce42c408268b91dacf7a1114edda761902d6f620633f48753bddfc53aced	mac80211	mac80211.ko	vendor_dlkm	ieee80211_stop_rx_ba_session
7496ce42c408268b91dacf7a1114edda761902d6f620633f48753bddfc53aced	mac80211	mac80211.ko	vendor_dlkm	ieee80211_stop_tx_ba_cb_irqsafe
7496ce42c408268b91dacf7a1114edda761902d6f620633f48753bddfc53aced	mac80211	mac80211.ko	vendor_dlkm	ieee80211_stop_tx_ba_session
7496ce42c408268b91dacf7a1114edda761902d6f620633f48753bddfc53aced	mac80211	mac80211.ko	vendor_dlkm	ieee80211_tdls_oper_request
7496ce42c408268b91dacf7a1114edda761902d6f620633f48753bddfc53aced	mac80211	mac80211.ko	vendor_dlkm	ieee80211_tkip_add_iv
7496ce42c408268b91dacf7a1114edda761902d6f620633f48753bddfc53aced	mac80211	mac80211.ko	vendor_dlkm	ieee80211_tx_dequeue
7496ce42c408268b91dacf7a1114edda761902d6f620633f48753bddfc53aced	mac80211	mac80211.ko	vendor_dlkm	ieee80211_tx_prepare_skb
7496ce42c408268b91dacf7a1114edda761902d6f620633f48753bddfc53aced	mac80211	mac80211.ko	vendor_dlkm	ieee80211_tx_rate_update
7496ce42c408268b91dacf7a1114edda761902d6f620633f48753bddfc53aced	mac80211	mac80211.ko	vendor_dlkm	ieee80211_tx_status
7496ce42c408268b91dacf7a1114edda761902d6f620633f48753bddfc53aced	mac80211	mac80211.ko	vendor_dlkm	ieee80211_tx_status_8023
7496ce42c408268b91dacf7a1114edda761902d6f620633f48753bddfc53aced	mac80211	mac80211.ko	vendor_dlkm	ieee80211_tx_status_ext
7496ce42c408268b91dacf7a1114edda761902d6f620633f48753bddfc53aced	mac80211	mac80211.ko	vendor_dlkm	ieee80211_tx_status_irqsafe
7496ce42c408268b91dacf7a1114edda761902d6f620633f48753bddfc53aced	mac80211	mac80211.ko	vendor_dlkm	ieee80211_txq_airtime_check
7496ce42c408268b91dacf7a1114edda761902d6f620633f48753bddfc53aced	mac80211	mac80211.ko	vendor_dlkm	ieee80211_txq_get_depth
7496ce42c408268b91dacf7a1114edda761902d6f620633f48753bddfc53aced	mac80211	mac80211.ko	vendor_dlkm	ieee80211_txq_may_transmit
7496ce42c408268b91dacf7a1114edda761902d6f620633f48753bddfc53aced	mac80211	mac80211.ko	vendor_dlkm	ieee80211_txq_schedule_start
7496ce42c408268b91dacf7a1114edda761902d6f620633f48753bddfc53aced	mac80211	mac80211.ko	vendor_dlkm	ieee80211_unregister_hw
7496ce42c408268b91dacf7a1114edda761902d6f620633f48753bddfc53aced	mac80211	mac80211.ko	vendor_dlkm	ieee80211_unreserve_tid
7496ce42c408268b91dacf7a1114edda761902d6f620633f48753bddfc53aced	mac80211	mac80211.ko	vendor_dlkm	ieee80211_update_mu_groups
7496ce42c408268b91dacf7a1114edda761902d6f620633f48753bddfc53aced	mac80211	mac80211.ko	vendor_dlkm	ieee80211_update_p2p_noa
7496ce42c408268b91dacf7a1114edda761902d6f620633f48753bddfc53aced	mac80211	mac80211.ko	vendor_dlkm	ieee80211_vif_to_wdev
7496ce42c408268b91dacf7a1114edda761902d6f620633f48753bddfc53aced	mac80211	mac80211.ko	vendor_dlkm	ieee80211_wake_queue
7496ce42c408268b91dacf7a1114edda761902d6f620633f48753bddfc53aced	mac80211	mac80211.ko	vendor_dlkm	ieee80211_wake_queues
7496ce42c408268b91dacf7a1114edda761902d6f620633f48753bddfc53aced	mac80211	mac80211.ko	vendor_dlkm	ieeee80211_obss_color_collision_notify
7496ce42c408268b91dacf7a1114edda761902d6f620633f48753bddfc53aced	mac80211	mac80211.ko	vendor_dlkm	rate_control_set_rates
7496ce42c408268b91dacf7a1114edda761902d6f620633f48753bddfc53aced	mac80211	mac80211.ko	vendor_dlkm	wdev_to_ieee80211_vif
7496ce42c408268b91dacf7a1114edda761902d6f620633f48753bddfc53aced	mac80211	mac80211.ko	vendor_dlkm	wiphy_to_ieee80211_hw
74aeea4077df4a052a8c90657ea4a1b4e5241f4876543a808f306a6adc2ffa4b	hf_manager	hf_manager.ko	vendor_dlkm	coordinate_map
74aeea4077df4a052a8c90657ea4a1b4e5241f4876543a808f306a6adc2ffa4b	hf_manager	hf_manager.ko	vendor_dlkm	hf_client_control_sensor
74aeea4077df4a052a8c90657ea4a1b4e5241f4876543a808f306a6adc2ffa4b	hf_manager	hf_manager.ko	vendor_dlkm	hf_client_create
74aeea4077df4a052a8c90657ea4a1b4e5241f4876543a808f306a6adc2ffa4b	hf_manager	hf_manager.ko	vendor_dlkm	hf_client_custom_cmd
74aeea4077df4a052a8c90657ea4a1b4e5241f4876543a808f306a6adc2ffa4b	hf_manager	hf_manager.ko	vendor_dlkm	hf_client_destroy
74aeea4077df4a052a8c90657ea4a1b4e5241f4876543a808f306a6adc2ffa4b	hf_manager	hf_manager.ko	vendor_dlkm	hf_client_find_sensor
74aeea4077df4a052a8c90657ea4a1b4e5241f4876543a808f306a6adc2ffa4b	hf_manager	hf_manager.ko	vendor_dlkm	hf_client_get_sensor_info
74aeea4077df4a052a8c90657ea4a1b4e5241f4876543a808f306a6adc2ffa4b	hf_manager	hf_manager.ko	vendor_dlkm	hf_client_poll_sensor_timeout
74aeea4077df4a052a8c90657ea4a1b4e5241f4876543a808f306a6adc2ffa4b	hf_manager	hf_manager.ko	vendor_dlkm	hf_client_request_sensor_cali
74aeea4077df4a052a8c90657ea4a1b4e5241f4876543a808f306a6adc2ffa4b	hf_manager	hf_manager.ko	vendor_dlkm	hf_device_register
74aeea4077df4a052a8c90657ea4a1b4e5241f4876543a808f306a6adc2ffa4b	hf_manager	hf_manager.ko	vendor_dlkm	hf_device_register_manager_create
74aeea4077df4a052a8c90657ea4a1b4e5241f4876543a808f306a6adc2ffa4b	hf_manager	hf_manager.ko	vendor_dlkm	hf_device_unregister
74aeea4077df4a052a8c90657ea4a1b4e5241f4876543a808f306a6adc2ffa4b	hf_manager	hf_manager.ko	vendor_dlkm	hf_device_unregister_manager_destroy
74aeea4077df4a052a8c90657ea4a1b4e5241f4876543a808f306a6adc2ffa4b	hf_manager	hf_manager.ko	vendor_dlkm	hf_manager_create
74aeea4077df4a052a8c90657ea4a1b4e5241f4876543a808f306a6adc2ffa4b	hf_manager	hf_manager.ko	vendor_dlkm	hf_manager_destroy
7542d26898970e6d770922f109d1093c549ec9aa6c391ff5c868cd6b00e45f3e	industrialio_triggered_buffer	industrialio-triggered-buffer.ko	vendor_boot_platform	devm_iio_triggered_buffer_setup_ext
7542d26898970e6d770922f109d1093c549ec9aa6c391ff5c868cd6b00e45f3e	industrialio_triggered_buffer	industrialio-triggered-buffer.ko	vendor_boot_platform	iio_triggered_buffer_cleanup
7542d26898970e6d770922f109d1093c549ec9aa6c391ff5c868cd6b00e45f3e	industrialio_triggered_buffer	industrialio-triggered-buffer.ko	vendor_boot_platform	iio_triggered_buffer_setup_ext
7556b3a6ae04812f6c71cc5578e1c810e16b18471182e969820d44776d9954a5	mtk_scpsys	mtk-scpsys.ko	vendor_boot_platform	__mminfra_hwv_power_ctrl
7556b3a6ae04812f6c71cc5578e1c810e16b18471182e969820d44776d9954a5	mtk_scpsys	mtk-scpsys.ko	vendor_boot_platform	init_scp
7556b3a6ae04812f6c71cc5578e1c810e16b18471182e969820d44776d9954a5	mtk_scpsys	mtk-scpsys.ko	vendor_boot_platform	mtk_register_power_domains
7556b3a6ae04812f6c71cc5578e1c810e16b18471182e969820d44776d9954a5	mtk_scpsys	mtk-scpsys.ko	vendor_boot_platform	register_apu_callback
7556b3a6ae04812f6c71cc5578e1c810e16b18471182e969820d44776d9954a5	mtk_scpsys	mtk-scpsys.ko	vendor_boot_platform	register_scpsys_notifier
7556b3a6ae04812f6c71cc5578e1c810e16b18471182e969820d44776d9954a5	mtk_scpsys	mtk-scpsys.ko	vendor_boot_platform	unregister_scpsys_notifier
755ba5aa3027da1ab4d3c447106733c84c8b825d5fdaec6b811b8fcc01cee3c3	mtk_mmdvfs_ftrace	mtk-mmdvfs-ftrace.ko	vendor_boot_platform	ftrace_pwr_opp_v3
755ba5aa3027da1ab4d3c447106733c84c8b825d5fdaec6b811b8fcc01cee3c3	mtk_mmdvfs_ftrace	mtk-mmdvfs-ftrace.ko	vendor_boot_platform	ftrace_record_opp_v1
755ba5aa3027da1ab4d3c447106733c84c8b825d5fdaec6b811b8fcc01cee3c3	mtk_mmdvfs_ftrace	mtk-mmdvfs-ftrace.ko	vendor_boot_platform	ftrace_user_opp_v3
755ba5aa3027da1ab4d3c447106733c84c8b825d5fdaec6b811b8fcc01cee3c3	mtk_mmdvfs_ftrace	mtk-mmdvfs-ftrace.ko	vendor_boot_platform	ftrace_user_opp_v3_vcore
755ba5aa3027da1ab4d3c447106733c84c8b825d5fdaec6b811b8fcc01cee3c3	mtk_mmdvfs_ftrace	mtk-mmdvfs-ftrace.ko	vendor_boot_platform	ftrace_user_opp_v3_vmm
7602f04ae2d5912093d2f5f82163af7e95bdd5c6cfa811ef41bbf424e8743952	hidp	hidp.ko	system_dlkm	hidp_hid_driver
767ad56f225051b1081800f02d5b98adc6f1c4c3bb29416742f95c2d07c8724c	usbnet	usbnet.ko	system_dlkm	usbnet_change_mtu
767ad56f225051b1081800f02d5b98adc6f1c4c3bb29416742f95c2d07c8724c	usbnet	usbnet.ko	system_dlkm	usbnet_defer_kevent
767ad56f225051b1081800f02d5b98adc6f1c4c3bb29416742f95c2d07c8724c	usbnet	usbnet.ko	system_dlkm	usbnet_device_suggests_idle
767ad56f225051b1081800f02d5b98adc6f1c4c3bb29416742f95c2d07c8724c	usbnet	usbnet.ko	system_dlkm	usbnet_disconnect
767ad56f225051b1081800f02d5b98adc6f1c4c3bb29416742f95c2d07c8724c	usbnet	usbnet.ko	system_dlkm	usbnet_get_drvinfo
767ad56f225051b1081800f02d5b98adc6f1c4c3bb29416742f95c2d07c8724c	usbnet	usbnet.ko	system_dlkm	usbnet_get_endpoints
767ad56f225051b1081800f02d5b98adc6f1c4c3bb29416742f95c2d07c8724c	usbnet	usbnet.ko	system_dlkm	usbnet_get_ethernet_addr
767ad56f225051b1081800f02d5b98adc6f1c4c3bb29416742f95c2d07c8724c	usbnet	usbnet.ko	system_dlkm	usbnet_get_link
767ad56f225051b1081800f02d5b98adc6f1c4c3bb29416742f95c2d07c8724c	usbnet	usbnet.ko	system_dlkm	usbnet_get_link_ksettings_internal
767ad56f225051b1081800f02d5b98adc6f1c4c3bb29416742f95c2d07c8724c	usbnet	usbnet.ko	system_dlkm	usbnet_get_link_ksettings_mii
767ad56f225051b1081800f02d5b98adc6f1c4c3bb29416742f95c2d07c8724c	usbnet	usbnet.ko	system_dlkm	usbnet_get_msglevel
767ad56f225051b1081800f02d5b98adc6f1c4c3bb29416742f95c2d07c8724c	usbnet	usbnet.ko	system_dlkm	usbnet_link_change
767ad56f225051b1081800f02d5b98adc6f1c4c3bb29416742f95c2d07c8724c	usbnet	usbnet.ko	system_dlkm	usbnet_manage_power
767ad56f225051b1081800f02d5b98adc6f1c4c3bb29416742f95c2d07c8724c	usbnet	usbnet.ko	system_dlkm	usbnet_nway_reset
767ad56f225051b1081800f02d5b98adc6f1c4c3bb29416742f95c2d07c8724c	usbnet	usbnet.ko	system_dlkm	usbnet_open
767ad56f225051b1081800f02d5b98adc6f1c4c3bb29416742f95c2d07c8724c	usbnet	usbnet.ko	system_dlkm	usbnet_pause_rx
767ad56f225051b1081800f02d5b98adc6f1c4c3bb29416742f95c2d07c8724c	usbnet	usbnet.ko	system_dlkm	usbnet_probe
767ad56f225051b1081800f02d5b98adc6f1c4c3bb29416742f95c2d07c8724c	usbnet	usbnet.ko	system_dlkm	usbnet_purge_paused_rxq
767ad56f225051b1081800f02d5b98adc6f1c4c3bb29416742f95c2d07c8724c	usbnet	usbnet.ko	system_dlkm	usbnet_read_cmd
767ad56f225051b1081800f02d5b98adc6f1c4c3bb29416742f95c2d07c8724c	usbnet	usbnet.ko	system_dlkm	usbnet_read_cmd_nopm
767ad56f225051b1081800f02d5b98adc6f1c4c3bb29416742f95c2d07c8724c	usbnet	usbnet.ko	system_dlkm	usbnet_resume
767ad56f225051b1081800f02d5b98adc6f1c4c3bb29416742f95c2d07c8724c	usbnet	usbnet.ko	system_dlkm	usbnet_resume_rx
767ad56f225051b1081800f02d5b98adc6f1c4c3bb29416742f95c2d07c8724c	usbnet	usbnet.ko	system_dlkm	usbnet_set_link_ksettings_mii
767ad56f225051b1081800f02d5b98adc6f1c4c3bb29416742f95c2d07c8724c	usbnet	usbnet.ko	system_dlkm	usbnet_set_msglevel
767ad56f225051b1081800f02d5b98adc6f1c4c3bb29416742f95c2d07c8724c	usbnet	usbnet.ko	system_dlkm	usbnet_set_rx_mode
767ad56f225051b1081800f02d5b98adc6f1c4c3bb29416742f95c2d07c8724c	usbnet	usbnet.ko	system_dlkm	usbnet_skb_return
767ad56f225051b1081800f02d5b98adc6f1c4c3bb29416742f95c2d07c8724c	usbnet	usbnet.ko	system_dlkm	usbnet_start_xmit
767ad56f225051b1081800f02d5b98adc6f1c4c3bb29416742f95c2d07c8724c	usbnet	usbnet.ko	system_dlkm	usbnet_status_start
767ad56f225051b1081800f02d5b98adc6f1c4c3bb29416742f95c2d07c8724c	usbnet	usbnet.ko	system_dlkm	usbnet_status_stop
767ad56f225051b1081800f02d5b98adc6f1c4c3bb29416742f95c2d07c8724c	usbnet	usbnet.ko	system_dlkm	usbnet_stop
767ad56f225051b1081800f02d5b98adc6f1c4c3bb29416742f95c2d07c8724c	usbnet	usbnet.ko	system_dlkm	usbnet_suspend
767ad56f225051b1081800f02d5b98adc6f1c4c3bb29416742f95c2d07c8724c	usbnet	usbnet.ko	system_dlkm	usbnet_tx_timeout
767ad56f225051b1081800f02d5b98adc6f1c4c3bb29416742f95c2d07c8724c	usbnet	usbnet.ko	system_dlkm	usbnet_unlink_rx_urbs
767ad56f225051b1081800f02d5b98adc6f1c4c3bb29416742f95c2d07c8724c	usbnet	usbnet.ko	system_dlkm	usbnet_update_max_qlen
767ad56f225051b1081800f02d5b98adc6f1c4c3bb29416742f95c2d07c8724c	usbnet	usbnet.ko	system_dlkm	usbnet_write_cmd
767ad56f225051b1081800f02d5b98adc6f1c4c3bb29416742f95c2d07c8724c	usbnet	usbnet.ko	system_dlkm	usbnet_write_cmd_async
767ad56f225051b1081800f02d5b98adc6f1c4c3bb29416742f95c2d07c8724c	usbnet	usbnet.ko	system_dlkm	usbnet_write_cmd_nopm
76c6ac7ed99045cf0550347e03a21112b6da38258669875bd18e0a31b3ac011e	mtk_perf_ioctl_magt	mtk_perf_ioctl_magt.ko	vendor_dlkm	get_cpu_loading
76c6ac7ed99045cf0550347e03a21112b6da38258669875bd18e0a31b3ac011e	mtk_perf_ioctl_magt	mtk_perf_ioctl_magt.ko	vendor_dlkm	get_perf_index
76c6ac7ed99045cf0550347e03a21112b6da38258669875bd18e0a31b3ac011e	mtk_perf_ioctl_magt	mtk_perf_ioctl_magt.ko	vendor_dlkm	magt2fpsgo_notify_dep_list_fp
76c6ac7ed99045cf0550347e03a21112b6da38258669875bd18e0a31b3ac011e	mtk_perf_ioctl_magt	mtk_perf_ioctl_magt.ko	vendor_dlkm	magt2fpsgo_notify_target_fps_fp
78f0a5f0a15acc2669ea9b0432e1342f8c79bc2ee37c9cb6c0b41e931730267e	camera_dpe_isp7sp	camera_dpe_isp7sp.ko	vendor_dlkm	dpe_deque_request_isp7s
78f0a5f0a15acc2669ea9b0432e1342f8c79bc2ee37c9cb6c0b41e931730267e	camera_dpe_isp7sp	camera_dpe_isp7sp.ko	vendor_dlkm	dpe_enque_request_isp7s
78f0a5f0a15acc2669ea9b0432e1342f8c79bc2ee37c9cb6c0b41e931730267e	camera_dpe_isp7sp	camera_dpe_isp7sp.ko	vendor_dlkm	dpe_register_requests_isp7s
78f0a5f0a15acc2669ea9b0432e1342f8c79bc2ee37c9cb6c0b41e931730267e	camera_dpe_isp7sp	camera_dpe_isp7sp.ko	vendor_dlkm	dpe_request_dump_isp7s
78f0a5f0a15acc2669ea9b0432e1342f8c79bc2ee37c9cb6c0b41e931730267e	camera_dpe_isp7sp	camera_dpe_isp7sp.ko	vendor_dlkm	dpe_request_handler_isp7s
78f0a5f0a15acc2669ea9b0432e1342f8c79bc2ee37c9cb6c0b41e931730267e	camera_dpe_isp7sp	camera_dpe_isp7sp.ko	vendor_dlkm	dpe_request_running_isp7s
78f0a5f0a15acc2669ea9b0432e1342f8c79bc2ee37c9cb6c0b41e931730267e	camera_dpe_isp7sp	camera_dpe_isp7sp.ko	vendor_dlkm	dpe_set_engine_ops_isp7s
78f0a5f0a15acc2669ea9b0432e1342f8c79bc2ee37c9cb6c0b41e931730267e	camera_dpe_isp7sp	camera_dpe_isp7sp.ko	vendor_dlkm	dpe_unregister_requests_isp7s
78f0a5f0a15acc2669ea9b0432e1342f8c79bc2ee37c9cb6c0b41e931730267e	camera_dpe_isp7sp	camera_dpe_isp7sp.ko	vendor_dlkm	dpe_update_request_isp7s
78f0a5f0a15acc2669ea9b0432e1342f8c79bc2ee37c9cb6c0b41e931730267e	camera_dpe_isp7sp	camera_dpe_isp7sp.ko	vendor_dlkm	vb2_dpe_dma_contig_clear_max_seg_size_isp7s
78f0a5f0a15acc2669ea9b0432e1342f8c79bc2ee37c9cb6c0b41e931730267e	camera_dpe_isp7sp	camera_dpe_isp7sp.ko	vendor_dlkm	vb2_dpe_dma_contig_memops_isp7s
793b985a3b132e326e0668ba593ee22dd6bf57178687981d4be68f8037d60434	can	can.ko	system_dlkm	can_proto_register
793b985a3b132e326e0668ba593ee22dd6bf57178687981d4be68f8037d60434	can	can.ko	system_dlkm	can_proto_unregister
793b985a3b132e326e0668ba593ee22dd6bf57178687981d4be68f8037d60434	can	can.ko	system_dlkm	can_rx_register
793b985a3b132e326e0668ba593ee22dd6bf57178687981d4be68f8037d60434	can	can.ko	system_dlkm	can_rx_unregister
793b985a3b132e326e0668ba593ee22dd6bf57178687981d4be68f8037d60434	can	can.ko	system_dlkm	can_send
793b985a3b132e326e0668ba593ee22dd6bf57178687981d4be68f8037d60434	can	can.ko	system_dlkm	can_sock_destruct
7af21b468ac9f49578b1553cb435033cf701ea1e690144fa93bd24a2b1458f42	mtk_smi_dbg	mtk-smi-dbg.ko	vendor_boot_platform	mtk_smi_dbg_cg_status
7af21b468ac9f49578b1553cb435033cf701ea1e690144fa93bd24a2b1458f42	mtk_smi_dbg	mtk-smi-dbg.ko	vendor_boot_platform	mtk_smi_dbg_dump_for_disp
7af21b468ac9f49578b1553cb435033cf701ea1e690144fa93bd24a2b1458f42	mtk_smi_dbg	mtk-smi-dbg.ko	vendor_boot_platform	mtk_smi_dbg_dump_for_isp_fast
7af21b468ac9f49578b1553cb435033cf701ea1e690144fa93bd24a2b1458f42	mtk_smi_dbg	mtk-smi-dbg.ko	vendor_boot_platform	mtk_smi_dbg_dump_for_mminfra
7af21b468ac9f49578b1553cb435033cf701ea1e690144fa93bd24a2b1458f42	mtk_smi_dbg	mtk-smi-dbg.ko	vendor_boot_platform	mtk_smi_dbg_dump_for_mml
7af21b468ac9f49578b1553cb435033cf701ea1e690144fa93bd24a2b1458f42	mtk_smi_dbg	mtk-smi-dbg.ko	vendor_boot_platform	mtk_smi_dbg_dump_for_vdec
7af21b468ac9f49578b1553cb435033cf701ea1e690144fa93bd24a2b1458f42	mtk_smi_dbg	mtk-smi-dbg.ko	vendor_boot_platform	mtk_smi_dbg_dump_for_venc
7af21b468ac9f49578b1553cb435033cf701ea1e690144fa93bd24a2b1458f42	mtk_smi_dbg	mtk-smi-dbg.ko	vendor_boot_platform	mtk_smi_dbg_hang_detect
7af21b468ac9f49578b1553cb435033cf701ea1e690144fa93bd24a2b1458f42	mtk_smi_dbg	mtk-smi-dbg.ko	vendor_boot_platform	mtk_smi_dbg_hang_detect_force_dump
7af21b468ac9f49578b1553cb435033cf701ea1e690144fa93bd24a2b1458f42	mtk_smi_dbg	mtk-smi-dbg.ko	vendor_boot_platform	mtk_smi_dbg_register_force_on_notifier
7af21b468ac9f49578b1553cb435033cf701ea1e690144fa93bd24a2b1458f42	mtk_smi_dbg	mtk-smi-dbg.ko	vendor_boot_platform	mtk_smi_dbg_register_notifier
7af21b468ac9f49578b1553cb435033cf701ea1e690144fa93bd24a2b1458f42	mtk_smi_dbg	mtk-smi-dbg.ko	vendor_boot_platform	mtk_smi_dbg_unregister_force_on_notifier
7af21b468ac9f49578b1553cb435033cf701ea1e690144fa93bd24a2b1458f42	mtk_smi_dbg	mtk-smi-dbg.ko	vendor_boot_platform	mtk_smi_dbg_unregister_notifier
7af21b468ac9f49578b1553cb435033cf701ea1e690144fa93bd24a2b1458f42	mtk_smi_dbg	mtk-smi-dbg.ko	vendor_boot_platform	mtk_smi_golden_set
7af21b468ac9f49578b1553cb435033cf701ea1e690144fa93bd24a2b1458f42	mtk_smi_dbg	mtk-smi-dbg.ko	vendor_boot_platform	mtk_smi_set_disp_ops
7af21b468ac9f49578b1553cb435033cf701ea1e690144fa93bd24a2b1458f42	mtk_smi_dbg	mtk-smi-dbg.ko	vendor_boot_platform	smi_monitor_start
7af21b468ac9f49578b1553cb435033cf701ea1e690144fa93bd24a2b1458f42	mtk_smi_dbg	mtk-smi-dbg.ko	vendor_boot_platform	smi_monitor_stop
7b008d08c83c0ebb6c10e34bcec19b798920481c57c2c78312a5a25aab70c374	mtk_smi	mtk-smi.ko	vendor_boot_platform	mtk_smi_check_comm_ref_cnt
7b008d08c83c0ebb6c10e34bcec19b798920481c57c2c78312a5a25aab70c374	mtk_smi	mtk-smi.ko	vendor_boot_platform	mtk_smi_check_larb_ref_cnt
7b008d08c83c0ebb6c10e34bcec19b798920481c57c2c78312a5a25aab70c374	mtk_smi	mtk-smi.ko	vendor_boot_platform	mtk_smi_common_bw_set
7b008d08c83c0ebb6c10e34bcec19b798920481c57c2c78312a5a25aab70c374	mtk_smi	mtk-smi.ko	vendor_boot_platform	mtk_smi_common_ostdl_set
7b008d08c83c0ebb6c10e34bcec19b798920481c57c2c78312a5a25aab70c374	mtk_smi	mtk-smi.ko	vendor_boot_platform	mtk_smi_driver_register_notifier
7b008d08c83c0ebb6c10e34bcec19b798920481c57c2c78312a5a25aab70c374	mtk_smi	mtk-smi.ko	vendor_boot_platform	mtk_smi_driver_unregister_notifier
7b008d08c83c0ebb6c10e34bcec19b798920481c57c2c78312a5a25aab70c374	mtk_smi	mtk-smi.ko	vendor_boot_platform	mtk_smi_dump_last_flow_ctrl_dbg
7b008d08c83c0ebb6c10e34bcec19b798920481c57c2c78312a5a25aab70c374	mtk_smi	mtk-smi.ko	vendor_boot_platform	mtk_smi_dump_last_pd
7b008d08c83c0ebb6c10e34bcec19b798920481c57c2c78312a5a25aab70c374	mtk_smi	mtk-smi.ko	vendor_boot_platform	mtk_smi_init_power_off
7b008d08c83c0ebb6c10e34bcec19b798920481c57c2c78312a5a25aab70c374	mtk_smi	mtk-smi.ko	vendor_boot_platform	mtk_smi_larb_bw_set
7b008d08c83c0ebb6c10e34bcec19b798920481c57c2c78312a5a25aab70c374	mtk_smi	mtk-smi.ko	vendor_boot_platform	mtk_smi_larb_clamp_and_lock
7b008d08c83c0ebb6c10e34bcec19b798920481c57c2c78312a5a25aab70c374	mtk_smi	mtk-smi.ko	vendor_boot_platform	mtk_smi_larb_ultra_dis
7b008d08c83c0ebb6c10e34bcec19b798920481c57c2c78312a5a25aab70c374	mtk_smi	mtk-smi.ko	vendor_boot_platform	mtk_smi_status_check
7b008d08c83c0ebb6c10e34bcec19b798920481c57c2c78312a5a25aab70c374	mtk_smi	mtk-smi.ko	vendor_boot_platform	mtk_smi_sysram_set
7b008d08c83c0ebb6c10e34bcec19b798920481c57c2c78312a5a25aab70c374	mtk_smi	mtk-smi.ko	vendor_boot_platform	smi_lock
7b008d08c83c0ebb6c10e34bcec19b798920481c57c2c78312a5a25aab70c374	mtk_smi	mtk-smi.ko	vendor_boot_platform	smi_sysram_enable
7b047caf1a491693376d3b0f1f67240a202e5522c2211626d8857a6aaafc3139	mtk_gpufreq_wrapper	mtk_gpufreq_wrapper.ko	vendor_dlkm	ged_get_last_commit_idx_fp
7b047caf1a491693376d3b0f1f67240a202e5522c2211626d8857a6aaafc3139	mtk_gpufreq_wrapper	mtk_gpufreq_wrapper.ko	vendor_dlkm	ged_get_last_commit_stack_idx_fp
7b047caf1a491693376d3b0f1f67240a202e5522c2211626d8857a6aaafc3139	mtk_gpufreq_wrapper	mtk_gpufreq_wrapper.ko	vendor_dlkm	ged_get_last_commit_top_idx_fp
7b047caf1a491693376d3b0f1f67240a202e5522c2211626d8857a6aaafc3139	mtk_gpufreq_wrapper	mtk_gpufreq_wrapper.ko	vendor_dlkm	gpufreq_active_sleep_control
7b047caf1a491693376d3b0f1f67240a202e5522c2211626d8857a6aaafc3139	mtk_gpufreq_wrapper	mtk_gpufreq_wrapper.ko	vendor_dlkm	gpufreq_active_sleep_ctrl_enable
7b047caf1a491693376d3b0f1f67240a202e5522c2211626d8857a6aaafc3139	mtk_gpufreq_wrapper	mtk_gpufreq_wrapper.ko	vendor_dlkm	gpufreq_bringup
7b047caf1a491693376d3b0f1f67240a202e5522c2211626d8857a6aaafc3139	mtk_gpufreq_wrapper	mtk_gpufreq_wrapper.ko	vendor_dlkm	gpufreq_commit
7b047caf1a491693376d3b0f1f67240a202e5522c2211626d8857a6aaafc3139	mtk_gpufreq_wrapper	mtk_gpufreq_wrapper.ko	vendor_dlkm	gpufreq_dual_commit
7b047caf1a491693376d3b0f1f67240a202e5522c2211626d8857a6aaafc3139	mtk_gpufreq_wrapper	mtk_gpufreq_wrapper.ko	vendor_dlkm	gpufreq_dump_infra_status
7b047caf1a491693376d3b0f1f67240a202e5522c2211626d8857a6aaafc3139	mtk_gpufreq_wrapper	mtk_gpufreq_wrapper.ko	vendor_dlkm	gpufreq_dump_infra_status_logbuffer
7b047caf1a491693376d3b0f1f67240a202e5522c2211626d8857a6aaafc3139	mtk_gpufreq_wrapper	mtk_gpufreq_wrapper.ko	vendor_dlkm	gpufreq_fake_mtcmos_control
7b047caf1a491693376d3b0f1f67240a202e5522c2211626d8857a6aaafc3139	mtk_gpufreq_wrapper	mtk_gpufreq_wrapper.ko	vendor_dlkm	gpufreq_get_core_mask_table
7b047caf1a491693376d3b0f1f67240a202e5522c2211626d8857a6aaafc3139	mtk_gpufreq_wrapper	mtk_gpufreq_wrapper.ko	vendor_dlkm	gpufreq_get_core_num
7b047caf1a491693376d3b0f1f67240a202e5522c2211626d8857a6aaafc3139	mtk_gpufreq_wrapper	mtk_gpufreq_wrapper.ko	vendor_dlkm	gpufreq_get_cur_freq
7b047caf1a491693376d3b0f1f67240a202e5522c2211626d8857a6aaafc3139	mtk_gpufreq_wrapper	mtk_gpufreq_wrapper.ko	vendor_dlkm	gpufreq_get_cur_limit_idx
7b047caf1a491693376d3b0f1f67240a202e5522c2211626d8857a6aaafc3139	mtk_gpufreq_wrapper	mtk_gpufreq_wrapper.ko	vendor_dlkm	gpufreq_get_cur_limiter
7b047caf1a491693376d3b0f1f67240a202e5522c2211626d8857a6aaafc3139	mtk_gpufreq_wrapper	mtk_gpufreq_wrapper.ko	vendor_dlkm	gpufreq_get_cur_oppidx
7b047caf1a491693376d3b0f1f67240a202e5522c2211626d8857a6aaafc3139	mtk_gpufreq_wrapper	mtk_gpufreq_wrapper.ko	vendor_dlkm	gpufreq_get_cur_power
7b047caf1a491693376d3b0f1f67240a202e5522c2211626d8857a6aaafc3139	mtk_gpufreq_wrapper	mtk_gpufreq_wrapper.ko	vendor_dlkm	gpufreq_get_cur_temperature
7b047caf1a491693376d3b0f1f67240a202e5522c2211626d8857a6aaafc3139	mtk_gpufreq_wrapper	mtk_gpufreq_wrapper.ko	vendor_dlkm	gpufreq_get_cur_volt
7b047caf1a491693376d3b0f1f67240a202e5522c2211626d8857a6aaafc3139	mtk_gpufreq_wrapper	mtk_gpufreq_wrapper.ko	vendor_dlkm	gpufreq_get_cur_vsram
7b047caf1a491693376d3b0f1f67240a202e5522c2211626d8857a6aaafc3139	mtk_gpufreq_wrapper	mtk_gpufreq_wrapper.ko	vendor_dlkm	gpufreq_get_dvfs_state
7b047caf1a491693376d3b0f1f67240a202e5522c2211626d8857a6aaafc3139	mtk_gpufreq_wrapper	mtk_gpufreq_wrapper.ko	vendor_dlkm	gpufreq_get_dynamic_power
7b047caf1a491693376d3b0f1f67240a202e5522c2211626d8857a6aaafc3139	mtk_gpufreq_wrapper	mtk_gpufreq_wrapper.ko	vendor_dlkm	gpufreq_get_freq_by_idx
7b047caf1a491693376d3b0f1f67240a202e5522c2211626d8857a6aaafc3139	mtk_gpufreq_wrapper	mtk_gpufreq_wrapper.ko	vendor_dlkm	gpufreq_get_leakage_power
7b047caf1a491693376d3b0f1f67240a202e5522c2211626d8857a6aaafc3139	mtk_gpufreq_wrapper	mtk_gpufreq_wrapper.ko	vendor_dlkm	gpufreq_get_max_power
7b047caf1a491693376d3b0f1f67240a202e5522c2211626d8857a6aaafc3139	mtk_gpufreq_wrapper	mtk_gpufreq_wrapper.ko	vendor_dlkm	gpufreq_get_min_power
7b047caf1a491693376d3b0f1f67240a202e5522c2211626d8857a6aaafc3139	mtk_gpufreq_wrapper	mtk_gpufreq_wrapper.ko	vendor_dlkm	gpufreq_get_opp_num
7b047caf1a491693376d3b0f1f67240a202e5522c2211626d8857a6aaafc3139	mtk_gpufreq_wrapper	mtk_gpufreq_wrapper.ko	vendor_dlkm	gpufreq_get_oppidx_by_freq
7b047caf1a491693376d3b0f1f67240a202e5522c2211626d8857a6aaafc3139	mtk_gpufreq_wrapper	mtk_gpufreq_wrapper.ko	vendor_dlkm	gpufreq_get_power_by_idx
7b047caf1a491693376d3b0f1f67240a202e5522c2211626d8857a6aaafc3139	mtk_gpufreq_wrapper	mtk_gpufreq_wrapper.ko	vendor_dlkm	gpufreq_get_power_state
7b047caf1a491693376d3b0f1f67240a202e5522c2211626d8857a6aaafc3139	mtk_gpufreq_wrapper	mtk_gpufreq_wrapper.ko	vendor_dlkm	gpufreq_get_segment_id
7b047caf1a491693376d3b0f1f67240a202e5522c2211626d8857a6aaafc3139	mtk_gpufreq_wrapper	mtk_gpufreq_wrapper.ko	vendor_dlkm	gpufreq_get_shader_present
7b047caf1a491693376d3b0f1f67240a202e5522c2211626d8857a6aaafc3139	mtk_gpufreq_wrapper	mtk_gpufreq_wrapper.ko	vendor_dlkm	gpufreq_get_working_table
7b047caf1a491693376d3b0f1f67240a202e5522c2211626d8857a6aaafc3139	mtk_gpufreq_wrapper	mtk_gpufreq_wrapper.ko	vendor_dlkm	gpufreq_hardstop_dump_slog
7b047caf1a491693376d3b0f1f67240a202e5522c2211626d8857a6aaafc3139	mtk_gpufreq_wrapper	mtk_gpufreq_wrapper.ko	vendor_dlkm	gpufreq_pdca_config
7b047caf1a491693376d3b0f1f67240a202e5522c2211626d8857a6aaafc3139	mtk_gpufreq_wrapper	mtk_gpufreq_wrapper.ko	vendor_dlkm	gpufreq_pdca_polling_ack
7b047caf1a491693376d3b0f1f67240a202e5522c2211626d8857a6aaafc3139	mtk_gpufreq_wrapper	mtk_gpufreq_wrapper.ko	vendor_dlkm	gpufreq_power_control
7b047caf1a491693376d3b0f1f67240a202e5522c2211626d8857a6aaafc3139	mtk_gpufreq_wrapper	mtk_gpufreq_wrapper.ko	vendor_dlkm	gpufreq_power_ctrl_enable
7b047caf1a491693376d3b0f1f67240a202e5522c2211626d8857a6aaafc3139	mtk_gpufreq_wrapper	mtk_gpufreq_wrapper.ko	vendor_dlkm	gpufreq_register_gpufreq_fp
7b047caf1a491693376d3b0f1f67240a202e5522c2211626d8857a6aaafc3139	mtk_gpufreq_wrapper	mtk_gpufreq_wrapper.ko	vendor_dlkm	gpufreq_register_gpuppm_fp
7b047caf1a491693376d3b0f1f67240a202e5522c2211626d8857a6aaafc3139	mtk_gpufreq_wrapper	mtk_gpufreq_wrapper.ko	vendor_dlkm	gpufreq_set_limit
7b047caf1a491693376d3b0f1f67240a202e5522c2211626d8857a6aaafc3139	mtk_gpufreq_wrapper	mtk_gpufreq_wrapper.ko	vendor_dlkm	gpufreq_set_mfgsys_config
7e6330051d462a09605638f69032fa94697589ca5c36573217931193e51964a2	mddp	mddp.ko	vendor_dlkm	mddp_drv_attach
7e6330051d462a09605638f69032fa94697589ca5c36573217931193e51964a2	mddp	mddp.ko	vendor_dlkm	mddp_drv_detach
80533a946fbf75109888bf47a3e0ac6a575fdcf06a425fa4b783faad57679f5a	audio_ipi	audio_ipi.ko	vendor_dlkm	audio_get_dsp_id
80533a946fbf75109888bf47a3e0ac6a575fdcf06a425fa4b783faad57679f5a	audio_ipi	audio_ipi.ko	vendor_dlkm	audio_recv_ipi_buf_from_dsp
80533a946fbf75109888bf47a3e0ac6a575fdcf06a425fa4b783faad57679f5a	audio_ipi	audio_ipi.ko	vendor_dlkm	audio_send_ipi_buf_to_dsp
80533a946fbf75109888bf47a3e0ac6a575fdcf06a425fa4b783faad57679f5a	audio_ipi	audio_ipi.ko	vendor_dlkm	audio_send_ipi_msg
80533a946fbf75109888bf47a3e0ac6a575fdcf06a425fa4b783faad57679f5a	audio_ipi	audio_ipi.ko	vendor_dlkm	audio_task_register_callback
80533a946fbf75109888bf47a3e0ac6a575fdcf06a425fa4b783faad57679f5a	audio_ipi	audio_ipi.ko	vendor_dlkm	dsp_dispatch_ipi_hanlder_to_queue
80533a946fbf75109888bf47a3e0ac6a575fdcf06a425fa4b783faad57679f5a	audio_ipi	audio_ipi.ko	vendor_dlkm	dsp_send_msg_to_queue
80533a946fbf75109888bf47a3e0ac6a575fdcf06a425fa4b783faad57679f5a	audio_ipi	audio_ipi.ko	vendor_dlkm	is_audio_scp_support
80533a946fbf75109888bf47a3e0ac6a575fdcf06a425fa4b783faad57679f5a	audio_ipi	audio_ipi.ko	vendor_dlkm	is_audio_task_dsp_ready
8086e2deaa6c55b032bd74a70b0c4677118dfb9b63e050ac178fc1891fd58b95	mtk_mmdvfs_v3	mtk-mmdvfs-v3.ko	vendor_boot_platform	mmdvfs_call_ccu_set_fp
8086e2deaa6c55b032bd74a70b0c4677118dfb9b63e050ac178fc1891fd58b95	mtk_mmdvfs_v3	mtk-mmdvfs-v3.ko	vendor_boot_platform	mmdvfs_force_rc_clock_by_vcp
8086e2deaa6c55b032bd74a70b0c4677118dfb9b63e050ac178fc1891fd58b95	mtk_mmdvfs_v3	mtk-mmdvfs-v3.ko	vendor_boot_platform	mmdvfs_force_single_clock_by_vcp
8086e2deaa6c55b032bd74a70b0c4677118dfb9b63e050ac178fc1891fd58b95	mtk_mmdvfs_v3	mtk-mmdvfs-v3.ko	vendor_boot_platform	mmdvfs_force_step_by_vcp
8086e2deaa6c55b032bd74a70b0c4677118dfb9b63e050ac178fc1891fd58b95	mtk_mmdvfs_v3	mtk-mmdvfs-v3.ko	vendor_boot_platform	mmdvfs_force_voltage_by_vcp
8086e2deaa6c55b032bd74a70b0c4677118dfb9b63e050ac178fc1891fd58b95	mtk_mmdvfs_v3	mtk-mmdvfs-v3.ko	vendor_boot_platform	mmdvfs_get_vcp_base
8086e2deaa6c55b032bd74a70b0c4677118dfb9b63e050ac178fc1891fd58b95	mtk_mmdvfs_v3	mtk-mmdvfs-v3.ko	vendor_boot_platform	mmdvfs_get_version
8086e2deaa6c55b032bd74a70b0c4677118dfb9b63e050ac178fc1891fd58b95	mtk_mmdvfs_v3	mtk-mmdvfs-v3.ko	vendor_boot_platform	mmdvfs_is_init_done
8086e2deaa6c55b032bd74a70b0c4677118dfb9b63e050ac178fc1891fd58b95	mtk_mmdvfs_v3	mtk-mmdvfs-v3.ko	vendor_boot_platform	mmdvfs_mux_set_opp
8086e2deaa6c55b032bd74a70b0c4677118dfb9b63e050ac178fc1891fd58b95	mtk_mmdvfs_v3	mtk-mmdvfs-v3.ko	vendor_boot_platform	mmdvfs_rc_enable_set_fp
8086e2deaa6c55b032bd74a70b0c4677118dfb9b63e050ac178fc1891fd58b95	mtk_mmdvfs_v3	mtk-mmdvfs-v3.ko	vendor_boot_platform	mmdvfs_set_lp_mode_by_vcp
8086e2deaa6c55b032bd74a70b0c4677118dfb9b63e050ac178fc1891fd58b95	mtk_mmdvfs_v3	mtk-mmdvfs-v3.ko	vendor_boot_platform	mmdvfs_vote_step_by_vcp
8086e2deaa6c55b032bd74a70b0c4677118dfb9b63e050ac178fc1891fd58b95	mtk_mmdvfs_v3	mtk-mmdvfs-v3.ko	vendor_boot_platform	mtk_mmdvfs_camera_notify
8086e2deaa6c55b032bd74a70b0c4677118dfb9b63e050ac178fc1891fd58b95	mtk_mmdvfs_v3	mtk-mmdvfs-v3.ko	vendor_boot_platform	mtk_mmdvfs_camsv_dc_enable
8086e2deaa6c55b032bd74a70b0c4677118dfb9b63e050ac178fc1891fd58b95	mtk_mmdvfs_v3	mtk-mmdvfs-v3.ko	vendor_boot_platform	mtk_mmdvfs_enable_ccu
8086e2deaa6c55b032bd74a70b0c4677118dfb9b63e050ac178fc1891fd58b95	mtk_mmdvfs_v3	mtk-mmdvfs-v3.ko	vendor_boot_platform	mtk_mmdvfs_enable_vcp
8086e2deaa6c55b032bd74a70b0c4677118dfb9b63e050ac178fc1891fd58b95	mtk_mmdvfs_v3	mtk-mmdvfs-v3.ko	vendor_boot_platform	mtk_mmdvfs_fmeter_register_notifier
8086e2deaa6c55b032bd74a70b0c4677118dfb9b63e050ac178fc1891fd58b95	mtk_mmdvfs_v3	mtk-mmdvfs-v3.ko	vendor_boot_platform	mtk_mmdvfs_genpd_notify
8086e2deaa6c55b032bd74a70b0c4677118dfb9b63e050ac178fc1891fd58b95	mtk_mmdvfs_v3	mtk-mmdvfs-v3.ko	vendor_boot_platform	mtk_mmdvfs_get_ipi_status
8086e2deaa6c55b032bd74a70b0c4677118dfb9b63e050ac178fc1891fd58b95	mtk_mmdvfs_v3	mtk-mmdvfs-v3.ko	vendor_boot_platform	mtk_mmdvfs_set_avs
8086e2deaa6c55b032bd74a70b0c4677118dfb9b63e050ac178fc1891fd58b95	mtk_mmdvfs_v3	mtk-mmdvfs-v3.ko	vendor_boot_platform	mtk_mmdvfs_v3_get_force_step
8086e2deaa6c55b032bd74a70b0c4677118dfb9b63e050ac178fc1891fd58b95	mtk_mmdvfs_v3	mtk-mmdvfs-v3.ko	vendor_boot_platform	mtk_mmdvfs_v3_set_force_step
8086e2deaa6c55b032bd74a70b0c4677118dfb9b63e050ac178fc1891fd58b95	mtk_mmdvfs_v3	mtk-mmdvfs-v3.ko	vendor_boot_platform	mtk_mmdvfs_v3_set_vote_step
83213ec4765fe3c88e6bc68ab56ee435845b6e72c51041f53d1a020cf98000bc	mtk_perf_common	mtk_perf_common.ko	vendor_dlkm	get_cpu_pmu
83213ec4765fe3c88e6bc68ab56ee435845b6e72c51041f53d1a020cf98000bc	mtk_perf_common	mtk_perf_common.ko	vendor_dlkm	perf_tracker_enable
8398de841de67529967c09b144292faa88ca86685df110e05f46b4fb1d8b75c5	mtk_iommu	mtk_iommu.ko	vendor_boot_platform	mtee_iova_to_phys
8398de841de67529967c09b144292faa88ca86685df110e05f46b4fb1d8b75c5	mtk_iommu	mtk_iommu.ko	vendor_boot_platform	mtk_iommu_dbg_hang_detect
83bdf842efe73fd60e224e330ac0f165a0a9980048e65c60ea069580469d6f75	mtk_uart_apdma	mtk-uart-apdma.ko	vendor_boot_platform	mtk_save_uart_apdma_reg
83bdf842efe73fd60e224e330ac0f165a0a9980048e65c60ea069580469d6f75	mtk_uart_apdma	mtk-uart-apdma.ko	vendor_boot_platform	mtk_uart_apdma_data_dump
83bdf842efe73fd60e224e330ac0f165a0a9980048e65c60ea069580469d6f75	mtk_uart_apdma	mtk-uart-apdma.ko	vendor_boot_platform	mtk_uart_apdma_enable_vff
83bdf842efe73fd60e224e330ac0f165a0a9980048e65c60ea069580469d6f75	mtk_uart_apdma	mtk-uart-apdma.ko	vendor_boot_platform	mtk_uart_apdma_end_record
83bdf842efe73fd60e224e330ac0f165a0a9980048e65c60ea069580469d6f75	mtk_uart_apdma	mtk-uart-apdma.ko	vendor_boot_platform	mtk_uart_apdma_polling_rx_finish
83bdf842efe73fd60e224e330ac0f165a0a9980048e65c60ea069580469d6f75	mtk_uart_apdma	mtk-uart-apdma.ko	vendor_boot_platform	mtk_uart_apdma_polling_tx_finish
83bdf842efe73fd60e224e330ac0f165a0a9980048e65c60ea069580469d6f75	mtk_uart_apdma	mtk-uart-apdma.ko	vendor_boot_platform	mtk_uart_apdma_start_record
83bdf842efe73fd60e224e330ac0f165a0a9980048e65c60ea069580469d6f75	mtk_uart_apdma	mtk-uart-apdma.ko	vendor_boot_platform	mtk_uart_get_apdma_handler_state
83bdf842efe73fd60e224e330ac0f165a0a9980048e65c60ea069580469d6f75	mtk_uart_apdma	mtk-uart-apdma.ko	vendor_boot_platform	mtk_uart_get_apdma_rpt
83bdf842efe73fd60e224e330ac0f165a0a9980048e65c60ea069580469d6f75	mtk_uart_apdma	mtk-uart-apdma.ko	vendor_boot_platform	mtk_uart_get_apdma_rx_state
83bdf842efe73fd60e224e330ac0f165a0a9980048e65c60ea069580469d6f75	mtk_uart_apdma	mtk-uart-apdma.ko	vendor_boot_platform	mtk_uart_get_rx_res_status
83bdf842efe73fd60e224e330ac0f165a0a9980048e65c60ea069580469d6f75	mtk_uart_apdma	mtk-uart-apdma.ko	vendor_boot_platform	mtk_uart_get_tx_res_status
83bdf842efe73fd60e224e330ac0f165a0a9980048e65c60ea069580469d6f75	mtk_uart_apdma	mtk-uart-apdma.ko	vendor_boot_platform	mtk_uart_rx_setting
83bdf842efe73fd60e224e330ac0f165a0a9980048e65c60ea069580469d6f75	mtk_uart_apdma	mtk-uart-apdma.ko	vendor_boot_platform	mtk_uart_set_apdma_clk
83bdf842efe73fd60e224e330ac0f165a0a9980048e65c60ea069580469d6f75	mtk_uart_apdma	mtk-uart-apdma.ko	vendor_boot_platform	mtk_uart_set_apdma_rx_irq
83bdf842efe73fd60e224e330ac0f165a0a9980048e65c60ea069580469d6f75	mtk_uart_apdma	mtk-uart-apdma.ko	vendor_boot_platform	mtk_uart_set_apdma_rx_state
83bdf842efe73fd60e224e330ac0f165a0a9980048e65c60ea069580469d6f75	mtk_uart_apdma	mtk-uart-apdma.ko	vendor_boot_platform	mtk_uart_set_rx_res_status
83bdf842efe73fd60e224e330ac0f165a0a9980048e65c60ea069580469d6f75	mtk_uart_apdma	mtk-uart-apdma.ko	vendor_boot_platform	mtk_uart_set_tx_res_status
83d0e322a9098aaf20a5edf192ada4284e5c3af29fb4b2e09575873e85fe5487	mtk_pmic_keys	mtk-pmic-keys.ko	vendor_boot_platform	ktf_mtk_pmic_kpd_test
83e7e3d89b192ea6258db2cb6e5071492caf3badc289e03575661a03341bb5eb	gz_trusty_mod	gz_trusty_mod.ko	vendor_dlkm	get_smcnr_dev
83e7e3d89b192ea6258db2cb6e5071492caf3badc289e03575661a03341bb5eb	gz_trusty_mod	gz_trusty_mod.ko	vendor_dlkm	trusty_adjust_task_attr
83e7e3d89b192ea6258db2cb6e5071492caf3badc289e03575661a03341bb5eb	gz_trusty_mod	gz_trusty_mod.ko	vendor_dlkm	trusty_call_notifier_register
83e7e3d89b192ea6258db2cb6e5071492caf3badc289e03575661a03341bb5eb	gz_trusty_mod	gz_trusty_mod.ko	vendor_dlkm	trusty_call_notifier_unregister
83e7e3d89b192ea6258db2cb6e5071492caf3badc289e03575661a03341bb5eb	gz_trusty_mod	gz_trusty_mod.ko	vendor_dlkm	trusty_callback_notifier_register
83e7e3d89b192ea6258db2cb6e5071492caf3badc289e03575661a03341bb5eb	gz_trusty_mod	gz_trusty_mod.ko	vendor_dlkm	trusty_callback_notifier_unregister
83e7e3d89b192ea6258db2cb6e5071492caf3badc289e03575661a03341bb5eb	gz_trusty_mod	gz_trusty_mod.ko	vendor_dlkm	trusty_dequeue_nop
83e7e3d89b192ea6258db2cb6e5071492caf3badc289e03575661a03341bb5eb	gz_trusty_mod	gz_trusty_mod.ko	vendor_dlkm	trusty_dump_systrace
83e7e3d89b192ea6258db2cb6e5071492caf3badc289e03575661a03341bb5eb	gz_trusty_mod	gz_trusty_mod.ko	vendor_dlkm	trusty_enqueue_nop
83e7e3d89b192ea6258db2cb6e5071492caf3badc289e03575661a03341bb5eb	gz_trusty_mod	gz_trusty_mod.ko	vendor_dlkm	trusty_fast_call32
83e7e3d89b192ea6258db2cb6e5071492caf3badc289e03575661a03341bb5eb	gz_trusty_mod	gz_trusty_mod.ko	vendor_dlkm	trusty_get_api_version
83e7e3d89b192ea6258db2cb6e5071492caf3badc289e03575661a03341bb5eb	gz_trusty_mod	gz_trusty_mod.ko	vendor_dlkm	trusty_nop_set_switch_pri
83e7e3d89b192ea6258db2cb6e5071492caf3badc289e03575661a03341bb5eb	gz_trusty_mod	gz_trusty_mod.ko	vendor_dlkm	trusty_std_call32
83e7e3d89b192ea6258db2cb6e5071492caf3badc289e03575661a03341bb5eb	gz_trusty_mod	gz_trusty_mod.ko	vendor_dlkm	trusty_version_str_get
84cc83dfbdb43095d3f4090fc734127cc2a71c024518bc8a5d46ed6260871c87	connadp	connadp.ko	vendor_dlkm	conn_dbg_add_log
84cc83dfbdb43095d3f4090fc734127cc2a71c024518bc8a5d46ed6260871c87	connadp	connadp.ko	vendor_dlkm	conn_pwr_deinit
84cc83dfbdb43095d3f4090fc734127cc2a71c024518bc8a5d46ed6260871c87	connadp	connadp.ko	vendor_dlkm	conn_pwr_drv_post_off
84cc83dfbdb43095d3f4090fc734127cc2a71c024518bc8a5d46ed6260871c87	connadp	connadp.ko	vendor_dlkm	conn_pwr_drv_pre_on
84cc83dfbdb43095d3f4090fc734127cc2a71c024518bc8a5d46ed6260871c87	connadp	connadp.ko	vendor_dlkm	conn_pwr_enable
84cc83dfbdb43095d3f4090fc734127cc2a71c024518bc8a5d46ed6260871c87	connadp	connadp.ko	vendor_dlkm	conn_pwr_get_drv_level
84cc83dfbdb43095d3f4090fc734127cc2a71c024518bc8a5d46ed6260871c87	connadp	connadp.ko	vendor_dlkm	conn_pwr_get_platform_level
84cc83dfbdb43095d3f4090fc734127cc2a71c024518bc8a5d46ed6260871c87	connadp	connadp.ko	vendor_dlkm	conn_pwr_get_thermal
84cc83dfbdb43095d3f4090fc734127cc2a71c024518bc8a5d46ed6260871c87	connadp	connadp.ko	vendor_dlkm	conn_pwr_init
84cc83dfbdb43095d3f4090fc734127cc2a71c024518bc8a5d46ed6260871c87	connadp	connadp.ko	vendor_dlkm	conn_pwr_register_event_cb
84cc83dfbdb43095d3f4090fc734127cc2a71c024518bc8a5d46ed6260871c87	connadp	connadp.ko	vendor_dlkm	conn_pwr_report_level_required
84cc83dfbdb43095d3f4090fc734127cc2a71c024518bc8a5d46ed6260871c87	connadp	connadp.ko	vendor_dlkm	conn_pwr_resume
84cc83dfbdb43095d3f4090fc734127cc2a71c024518bc8a5d46ed6260871c87	connadp	connadp.ko	vendor_dlkm	conn_pwr_send_msg
84cc83dfbdb43095d3f4090fc734127cc2a71c024518bc8a5d46ed6260871c87	connadp	connadp.ko	vendor_dlkm	conn_pwr_set_customer_level
84cc83dfbdb43095d3f4090fc734127cc2a71c024518bc8a5d46ed6260871c87	connadp	connadp.ko	vendor_dlkm	conn_pwr_set_thermal_level
84cc83dfbdb43095d3f4090fc734127cc2a71c024518bc8a5d46ed6260871c87	connadp	connadp.ko	vendor_dlkm	conn_pwr_suspend
84cc83dfbdb43095d3f4090fc734127cc2a71c024518bc8a5d46ed6260871c87	connadp	connadp.ko	vendor_dlkm	connectivity_export_conap_get_dfd_value_info
84cc83dfbdb43095d3f4090fc734127cc2a71c024518bc8a5d46ed6260871c87	connadp	connadp.ko	vendor_dlkm	connectivity_export_conap_scp_clr_dfd_buffer
84cc83dfbdb43095d3f4090fc734127cc2a71c024518bc8a5d46ed6260871c87	connadp	connadp.ko	vendor_dlkm	connectivity_export_conap_scp_deinit
84cc83dfbdb43095d3f4090fc734127cc2a71c024518bc8a5d46ed6260871c87	connadp	connadp.ko	vendor_dlkm	connectivity_export_conap_scp_init
84cc83dfbdb43095d3f4090fc734127cc2a71c024518bc8a5d46ed6260871c87	connadp	connadp.ko	vendor_dlkm	connectivity_export_conap_scp_state_change
84cc83dfbdb43095d3f4090fc734127cc2a71c024518bc8a5d46ed6260871c87	connadp	connadp.ko	vendor_dlkm	connectivity_export_conap_scp_trigger_cmd
84cc83dfbdb43095d3f4090fc734127cc2a71c024518bc8a5d46ed6260871c87	connadp	connadp.ko	vendor_dlkm	connectivity_export_conap_scp_trigger_dfd_cmd
84cc83dfbdb43095d3f4090fc734127cc2a71c024518bc8a5d46ed6260871c87	connadp	connadp.ko	vendor_dlkm	connectivity_export_dump_gpio_info
84cc83dfbdb43095d3f4090fc734127cc2a71c024518bc8a5d46ed6260871c87	connadp	connadp.ko	vendor_dlkm	connectivity_export_dump_thread_state
84cc83dfbdb43095d3f4090fc734127cc2a71c024518bc8a5d46ed6260871c87	connadp	connadp.ko	vendor_dlkm	connectivity_export_gpio_get_tristate_input
84cc83dfbdb43095d3f4090fc734127cc2a71c024518bc8a5d46ed6260871c87	connadp	connadp.ko	vendor_dlkm	connectivity_export_mmc_io_rw_direct
84cc83dfbdb43095d3f4090fc734127cc2a71c024518bc8a5d46ed6260871c87	connadp	connadp.ko	vendor_dlkm	connectivity_export_show_stack
84cc83dfbdb43095d3f4090fc734127cc2a71c024518bc8a5d46ed6260871c87	connadp	connadp.ko	vendor_dlkm	connectivity_export_tracing_record_cmdline
84cc83dfbdb43095d3f4090fc734127cc2a71c024518bc8a5d46ed6260871c87	connadp	connadp.ko	vendor_dlkm	connectivity_register_cmd_handler
84cc83dfbdb43095d3f4090fc734127cc2a71c024518bc8a5d46ed6260871c87	connadp	connadp.ko	vendor_dlkm	connectivity_register_dfd_handler
84cc83dfbdb43095d3f4090fc734127cc2a71c024518bc8a5d46ed6260871c87	connadp	connadp.ko	vendor_dlkm	connectivity_register_state_notifier
84cc83dfbdb43095d3f4090fc734127cc2a71c024518bc8a5d46ed6260871c87	connadp	connadp.ko	vendor_dlkm	connectivity_unregister_cmd_handler
84cc83dfbdb43095d3f4090fc734127cc2a71c024518bc8a5d46ed6260871c87	connadp	connadp.ko	vendor_dlkm	connectivity_unregister_dfd_handler
84cc83dfbdb43095d3f4090fc734127cc2a71c024518bc8a5d46ed6260871c87	connadp	connadp.ko	vendor_dlkm	connectivity_unregister_state_notifier
84cc83dfbdb43095d3f4090fc734127cc2a71c024518bc8a5d46ed6260871c87	connadp	connadp.ko	vendor_dlkm	mtk_wcn_cmb_sdio_pm_cb
84cc83dfbdb43095d3f4090fc734127cc2a71c024518bc8a5d46ed6260871c87	connadp	connadp.ko	vendor_dlkm	mtk_wcn_cmb_sdio_pm_data
84cc83dfbdb43095d3f4090fc734127cc2a71c024518bc8a5d46ed6260871c87	connadp	connadp.ko	vendor_dlkm	wifi_irq
84cc83dfbdb43095d3f4090fc734127cc2a71c024518bc8a5d46ed6260871c87	connadp	connadp.ko	vendor_dlkm	wmt_export_mtk_wcn_cmb_sdio_disable_eirq
84cc83dfbdb43095d3f4090fc734127cc2a71c024518bc8a5d46ed6260871c87	connadp	connadp.ko	vendor_dlkm	wmt_export_mtk_wcn_sdio_irq_flag_set
84cc83dfbdb43095d3f4090fc734127cc2a71c024518bc8a5d46ed6260871c87	connadp	connadp.ko	vendor_dlkm	wmt_export_platform_bridge_register
84cc83dfbdb43095d3f4090fc734127cc2a71c024518bc8a5d46ed6260871c87	connadp	connadp.ko	vendor_dlkm	wmt_export_platform_bridge_unregister
84cc83dfbdb43095d3f4090fc734127cc2a71c024518bc8a5d46ed6260871c87	connadp	connadp.ko	vendor_dlkm	wmt_export_platform_dbg_bridge_register
84cc83dfbdb43095d3f4090fc734127cc2a71c024518bc8a5d46ed6260871c87	connadp	connadp.ko	vendor_dlkm	wmt_export_platform_dbg_bridge_unregister
860f28409fdd59458640cd067fec6eb83f3e5ec00ca12782c0e152323a351fb6	hynitron	hynitron.ko	vendor_dlkm	tiny_tp_gesture_contorl
860f28409fdd59458640cd067fec6eb83f3e5ec00ca12782c0e152323a351fb6	hynitron	hynitron.ko	vendor_dlkm	tiny_tp_power_contorl
87728684e86598e79c2152d1c4c80c9f1e43a9b9360cc0581fe960bf0b88c719	ccd_rpmsg	ccd_rpmsg.ko	vendor_dlkm	ccd_ipi_register
87728684e86598e79c2152d1c4c80c9f1e43a9b9360cc0581fe960bf0b88c719	ccd_rpmsg	ccd_rpmsg.ko	vendor_dlkm	ccd_ipi_unregister
87728684e86598e79c2152d1c4c80c9f1e43a9b9360cc0581fe960bf0b88c719	ccd_rpmsg	ccd_rpmsg.ko	vendor_dlkm	ccd_master_destroy
87728684e86598e79c2152d1c4c80c9f1e43a9b9360cc0581fe960bf0b88c719	ccd_rpmsg	ccd_rpmsg.ko	vendor_dlkm	ccd_master_listen
87728684e86598e79c2152d1c4c80c9f1e43a9b9360cc0581fe960bf0b88c719	ccd_rpmsg	ccd_rpmsg.ko	vendor_dlkm	ccd_worker_read
87728684e86598e79c2152d1c4c80c9f1e43a9b9360cc0581fe960bf0b88c719	ccd_rpmsg	ccd_rpmsg.ko	vendor_dlkm	ccd_worker_write
87728684e86598e79c2152d1c4c80c9f1e43a9b9360cc0581fe960bf0b88c719	ccd_rpmsg	ccd_rpmsg.ko	vendor_dlkm	mtk_create_client_msgdevice
87728684e86598e79c2152d1c4c80c9f1e43a9b9360cc0581fe960bf0b88c719	ccd_rpmsg	ccd_rpmsg.ko	vendor_dlkm	mtk_destroy_client_msgdevice
87728684e86598e79c2152d1c4c80c9f1e43a9b9360cc0581fe960bf0b88c719	ccd_rpmsg	ccd_rpmsg.ko	vendor_dlkm	mtk_get_client_msgdevice
87728684e86598e79c2152d1c4c80c9f1e43a9b9360cc0581fe960bf0b88c719	ccd_rpmsg	ccd_rpmsg.ko	vendor_dlkm	mtk_rpmsg_create_rproc_subdev
87728684e86598e79c2152d1c4c80c9f1e43a9b9360cc0581fe960bf0b88c719	ccd_rpmsg	ccd_rpmsg.ko	vendor_dlkm	mtk_rpmsg_destroy_rpmsgdev
87728684e86598e79c2152d1c4c80c9f1e43a9b9360cc0581fe960bf0b88c719	ccd_rpmsg	ccd_rpmsg.ko	vendor_dlkm	mtk_rpmsg_destroy_rproc_subdev
87728684e86598e79c2152d1c4c80c9f1e43a9b9360cc0581fe960bf0b88c719	ccd_rpmsg	ccd_rpmsg.ko	vendor_dlkm	rpmsg_ccd_ipi_send
878aa15128051972047732a2c051a74c6d04c5f223bbff870b01ed58b9bf69be	pinctrl_mtk_common_v2_debug	pinctrl-mtk-common-v2_debug.ko	vendor_boot_platform	gpio_dump_regs
878aa15128051972047732a2c051a74c6d04c5f223bbff870b01ed58b9bf69be	pinctrl_mtk_common_v2_debug	pinctrl-mtk-common-v2_debug.ko	vendor_boot_platform	gpio_dump_regs_range
87b18cde1f47c857689602c3232f14874e84fb65b445e4308e80f04728bdefae	flashlight	flashlight.ko	vendor_dlkm	flashlight_dev_register
87b18cde1f47c857689602c3232f14874e84fb65b445e4308e80f04728bdefae	flashlight	flashlight.ko	vendor_dlkm	flashlight_dev_register_by_device_id
87b18cde1f47c857689602c3232f14874e84fb65b445e4308e80f04728bdefae	flashlight	flashlight.ko	vendor_dlkm	flashlight_dev_unregister
87b18cde1f47c857689602c3232f14874e84fb65b445e4308e80f04728bdefae	flashlight	flashlight.ko	vendor_dlkm	flashlight_dev_unregister_by_device_id
87b18cde1f47c857689602c3232f14874e84fb65b445e4308e80f04728bdefae	flashlight	flashlight.ko	vendor_dlkm	flashlight_drvctrl
87b18cde1f47c857689602c3232f14874e84fb65b445e4308e80f04728bdefae	flashlight	flashlight.ko	vendor_dlkm	flashlight_get_ct_id
87b18cde1f47c857689602c3232f14874e84fb65b445e4308e80f04728bdefae	flashlight	flashlight.ko	vendor_dlkm	flashlight_get_ct_index
87b18cde1f47c857689602c3232f14874e84fb65b445e4308e80f04728bdefae	flashlight	flashlight.ko	vendor_dlkm	flashlight_get_part_id
87b18cde1f47c857689602c3232f14874e84fb65b445e4308e80f04728bdefae	flashlight	flashlight.ko	vendor_dlkm	flashlight_get_part_index
87b18cde1f47c857689602c3232f14874e84fb65b445e4308e80f04728bdefae	flashlight	flashlight.ko	vendor_dlkm	flashlight_get_type_id
87b18cde1f47c857689602c3232f14874e84fb65b445e4308e80f04728bdefae	flashlight	flashlight.ko	vendor_dlkm	flashlight_get_type_index
87b18cde1f47c857689602c3232f14874e84fb65b445e4308e80f04728bdefae	flashlight	flashlight.ko	vendor_dlkm	flashlight_kicker_pbm
87b18cde1f47c857689602c3232f14874e84fb65b445e4308e80f04728bdefae	flashlight	flashlight.ko	vendor_dlkm	flashlight_kicker_pbm_by_device_id
87b18cde1f47c857689602c3232f14874e84fb65b445e4308e80f04728bdefae	flashlight	flashlight.ko	vendor_dlkm	flashlight_pt_is_low
87b18cde1f47c857689602c3232f14874e84fb65b445e4308e80f04728bdefae	flashlight	flashlight.ko	vendor_dlkm	flashlight_verify_ct_index
87b18cde1f47c857689602c3232f14874e84fb65b445e4308e80f04728bdefae	flashlight	flashlight.ko	vendor_dlkm	flashlight_verify_index
87b18cde1f47c857689602c3232f14874e84fb65b445e4308e80f04728bdefae	flashlight	flashlight.ko	vendor_dlkm	flashlight_verify_part_index
87b18cde1f47c857689602c3232f14874e84fb65b445e4308e80f04728bdefae	flashlight	flashlight.ko	vendor_dlkm	flashlight_verify_type_index
87b18cde1f47c857689602c3232f14874e84fb65b445e4308e80f04728bdefae	flashlight	flashlight.ko	vendor_dlkm	strobe_VDIrq
87d8a2a1eb8cb55bbf3bd372fc76e59fecfa8d8479bd931f714252cac60b6a19	gz_ipc_mod	gz_ipc_mod.ko	vendor_dlkm	port_lookup_tid
87d8a2a1eb8cb55bbf3bd372fc76e59fecfa8d8479bd931f714252cac60b6a19	gz_ipc_mod	gz_ipc_mod.ko	vendor_dlkm	tipc_chan_connect
87d8a2a1eb8cb55bbf3bd372fc76e59fecfa8d8479bd931f714252cac60b6a19	gz_ipc_mod	gz_ipc_mod.ko	vendor_dlkm	tipc_chan_destroy
87d8a2a1eb8cb55bbf3bd372fc76e59fecfa8d8479bd931f714252cac60b6a19	gz_ipc_mod	gz_ipc_mod.ko	vendor_dlkm	tipc_chan_get_rxbuf
87d8a2a1eb8cb55bbf3bd372fc76e59fecfa8d8479bd931f714252cac60b6a19	gz_ipc_mod	gz_ipc_mod.ko	vendor_dlkm	tipc_chan_get_txbuf_timeout
87d8a2a1eb8cb55bbf3bd372fc76e59fecfa8d8479bd931f714252cac60b6a19	gz_ipc_mod	gz_ipc_mod.ko	vendor_dlkm	tipc_chan_put_rxbuf
87d8a2a1eb8cb55bbf3bd372fc76e59fecfa8d8479bd931f714252cac60b6a19	gz_ipc_mod	gz_ipc_mod.ko	vendor_dlkm	tipc_chan_put_txbuf
87d8a2a1eb8cb55bbf3bd372fc76e59fecfa8d8479bd931f714252cac60b6a19	gz_ipc_mod	gz_ipc_mod.ko	vendor_dlkm	tipc_chan_queue_msg
87d8a2a1eb8cb55bbf3bd372fc76e59fecfa8d8479bd931f714252cac60b6a19	gz_ipc_mod	gz_ipc_mod.ko	vendor_dlkm	tipc_chan_shutdown
87d8a2a1eb8cb55bbf3bd372fc76e59fecfa8d8479bd931f714252cac60b6a19	gz_ipc_mod	gz_ipc_mod.ko	vendor_dlkm	tipc_create_channel
87d8a2a1eb8cb55bbf3bd372fc76e59fecfa8d8479bd931f714252cac60b6a19	gz_ipc_mod	gz_ipc_mod.ko	vendor_dlkm	tipc_k_connect
87d8a2a1eb8cb55bbf3bd372fc76e59fecfa8d8479bd931f714252cac60b6a19	gz_ipc_mod	gz_ipc_mod.ko	vendor_dlkm	tipc_k_disconnect
87d8a2a1eb8cb55bbf3bd372fc76e59fecfa8d8479bd931f714252cac60b6a19	gz_ipc_mod	gz_ipc_mod.ko	vendor_dlkm	tipc_k_read
87d8a2a1eb8cb55bbf3bd372fc76e59fecfa8d8479bd931f714252cac60b6a19	gz_ipc_mod	gz_ipc_mod.ko	vendor_dlkm	tipc_k_write
87d8a2a1eb8cb55bbf3bd372fc76e59fecfa8d8479bd931f714252cac60b6a19	gz_ipc_mod	gz_ipc_mod.ko	vendor_dlkm	tipc_set_default_cpumask
89280de5d6002d1d708df033b7c77cd40e399120c965771edd49343d04bdd61b	scp	scp.ko	vendor_dlkm	get_scp_dram_region_manage
89280de5d6002d1d708df033b7c77cd40e399120c965771edd49343d04bdd61b	scp	scp.ko	vendor_dlkm	get_scp_mbrain_dbg_ops
89280de5d6002d1d708df033b7c77cd40e399120c965771edd49343d04bdd61b	scp	scp.ko	vendor_dlkm	get_scp_semaphore
89280de5d6002d1d708df033b7c77cd40e399120c965771edd49343d04bdd61b	scp	scp.ko	vendor_dlkm	is_scp_ready
89280de5d6002d1d708df033b7c77cd40e399120c965771edd49343d04bdd61b	scp	scp.ko	vendor_dlkm	register_scp_mbrain_dbg_ops
89280de5d6002d1d708df033b7c77cd40e399120c965771edd49343d04bdd61b	scp	scp.ko	vendor_dlkm	release_scp_semaphore
89280de5d6002d1d708df033b7c77cd40e399120c965771edd49343d04bdd61b	scp	scp.ko	vendor_dlkm	sap_enabled
89280de5d6002d1d708df033b7c77cd40e399120c965771edd49343d04bdd61b	scp	scp.ko	vendor_dlkm	sap_ipidev
89280de5d6002d1d708df033b7c77cd40e399120c965771edd49343d04bdd61b	scp	scp.ko	vendor_dlkm	scp_A_register_notify
89280de5d6002d1d708df033b7c77cd40e399120c965771edd49343d04bdd61b	scp	scp.ko	vendor_dlkm	scp_A_unregister_notify
89280de5d6002d1d708df033b7c77cd40e399120c965771edd49343d04bdd61b	scp	scp.ko	vendor_dlkm	scp_awake_lock
89280de5d6002d1d708df033b7c77cd40e399120c965771edd49343d04bdd61b	scp	scp.ko	vendor_dlkm	scp_awake_unlock
89280de5d6002d1d708df033b7c77cd40e399120c965771edd49343d04bdd61b	scp	scp.ko	vendor_dlkm	scp_clr_spm_reg
89280de5d6002d1d708df033b7c77cd40e399120c965771edd49343d04bdd61b	scp	scp.ko	vendor_dlkm	scp_deregister_feature
89280de5d6002d1d708df033b7c77cd40e399120c965771edd49343d04bdd61b	scp	scp.ko	vendor_dlkm	scp_get_reserve_mem_phys
89280de5d6002d1d708df033b7c77cd40e399120c965771edd49343d04bdd61b	scp	scp.ko	vendor_dlkm	scp_get_reserve_mem_size
89280de5d6002d1d708df033b7c77cd40e399120c965771edd49343d04bdd61b	scp	scp.ko	vendor_dlkm	scp_get_reserve_mem_virt
89280de5d6002d1d708df033b7c77cd40e399120c965771edd49343d04bdd61b	scp	scp.ko	vendor_dlkm	scp_get_semaphore_3way
89280de5d6002d1d708df033b7c77cd40e399120c965771edd49343d04bdd61b	scp	scp.ko	vendor_dlkm	scp_ipi_registration
89280de5d6002d1d708df033b7c77cd40e399120c965771edd49343d04bdd61b	scp	scp.ko	vendor_dlkm	scp_ipi_send
89280de5d6002d1d708df033b7c77cd40e399120c965771edd49343d04bdd61b	scp	scp.ko	vendor_dlkm	scp_ipi_unregistration
89280de5d6002d1d708df033b7c77cd40e399120c965771edd49343d04bdd61b	scp	scp.ko	vendor_dlkm	scp_ipidev
89280de5d6002d1d708df033b7c77cd40e399120c965771edd49343d04bdd61b	scp	scp.ko	vendor_dlkm	scp_register_feature
89280de5d6002d1d708df033b7c77cd40e399120c965771edd49343d04bdd61b	scp	scp.ko	vendor_dlkm	scp_release_semaphore_3way
89280de5d6002d1d708df033b7c77cd40e399120c965771edd49343d04bdd61b	scp	scp.ko	vendor_dlkm	scp_wdt_reset
89280de5d6002d1d708df033b7c77cd40e399120c965771edd49343d04bdd61b	scp	scp.ko	vendor_dlkm	sensor_control_scp
89280de5d6002d1d708df033b7c77cd40e399120c965771edd49343d04bdd61b	scp	scp.ko	vendor_dlkm	unregister_scp_mbrain_dbg_ops
8a0044f1603aded6716050321c9e321a8fe1e2945b9637c36ea48528c5c69340	cpufreq_sugov_ext	cpufreq_sugov_ext.ko	vendor_dlkm	Adaptive_module_bypass
8a0044f1603aded6716050321c9e321a8fe1e2945b9637c36ea48528c5c69340	cpufreq_sugov_ext	cpufreq_sugov_ext.ko	vendor_dlkm	dsu_get_freq_opp
8a0044f1603aded6716050321c9e321a8fe1e2945b9637c36ea48528c5c69340	cpufreq_sugov_ext	cpufreq_sugov_ext.ko	vendor_dlkm	dsu_get_opp_ps
8a0044f1603aded6716050321c9e321a8fe1e2945b9637c36ea48528c5c69340	cpufreq_sugov_ext	cpufreq_sugov_ext.ko	vendor_dlkm	flt_get_cpu_util_hook
8a0044f1603aded6716050321c9e321a8fe1e2945b9637c36ea48528c5c69340	cpufreq_sugov_ext	cpufreq_sugov_ext.ko	vendor_dlkm	flt_get_fpsgo_boosting
8a0044f1603aded6716050321c9e321a8fe1e2945b9637c36ea48528c5c69340	cpufreq_sugov_ext	cpufreq_sugov_ext.ko	vendor_dlkm	flt_sched_get_cpu_group_util_eas_hook
8a0044f1603aded6716050321c9e321a8fe1e2945b9637c36ea48528c5c69340	cpufreq_sugov_ext	cpufreq_sugov_ext.ko	vendor_dlkm	fpsgo_notify_fbt_is_boost_fp
8a0044f1603aded6716050321c9e321a8fe1e2945b9637c36ea48528c5c69340	cpufreq_sugov_ext	cpufreq_sugov_ext.ko	vendor_dlkm	get_adaptive_margin
8a0044f1603aded6716050321c9e321a8fe1e2945b9637c36ea48528c5c69340	cpufreq_sugov_ext	cpufreq_sugov_ext.ko	vendor_dlkm	get_am_ceiling
8a0044f1603aded6716050321c9e321a8fe1e2945b9637c36ea48528c5c69340	cpufreq_sugov_ext	cpufreq_sugov_ext.ko	vendor_dlkm	get_am_ctrl
8a0044f1603aded6716050321c9e321a8fe1e2945b9637c36ea48528c5c69340	cpufreq_sugov_ext	cpufreq_sugov_ext.ko	vendor_dlkm	get_classify_wl
8a0044f1603aded6716050321c9e321a8fe1e2945b9637c36ea48528c5c69340	cpufreq_sugov_ext	cpufreq_sugov_ext.ko	vendor_dlkm	get_clkg_sram_base_addr
8a0044f1603aded6716050321c9e321a8fe1e2945b9637c36ea48528c5c69340	cpufreq_sugov_ext	cpufreq_sugov_ext.ko	vendor_dlkm	get_cpu_active_ratio_cap
8a0044f1603aded6716050321c9e321a8fe1e2945b9637c36ea48528c5c69340	cpufreq_sugov_ext	cpufreq_sugov_ext.ko	vendor_dlkm	get_cpu_gear_uclamp_max
8a0044f1603aded6716050321c9e321a8fe1e2945b9637c36ea48528c5c69340	cpufreq_sugov_ext	cpufreq_sugov_ext.ko	vendor_dlkm	get_cpu_gear_uclamp_max_capacity
8a0044f1603aded6716050321c9e321a8fe1e2945b9637c36ea48528c5c69340	cpufreq_sugov_ext	cpufreq_sugov_ext.ko	vendor_dlkm	get_cpu_type
8a0044f1603aded6716050321c9e321a8fe1e2945b9637c36ea48528c5c69340	cpufreq_sugov_ext	cpufreq_sugov_ext.ko	vendor_dlkm	get_curr_cap
8a0044f1603aded6716050321c9e321a8fe1e2945b9637c36ea48528c5c69340	cpufreq_sugov_ext	cpufreq_sugov_ext.ko	vendor_dlkm	get_curr_uclamp_ctrl
8a0044f1603aded6716050321c9e321a8fe1e2945b9637c36ea48528c5c69340	cpufreq_sugov_ext	cpufreq_sugov_ext.ko	vendor_dlkm	get_curr_uclamp_hint
8a0044f1603aded6716050321c9e321a8fe1e2945b9637c36ea48528c5c69340	cpufreq_sugov_ext	cpufreq_sugov_ext.ko	vendor_dlkm	get_curr_wl
8a0044f1603aded6716050321c9e321a8fe1e2945b9637c36ea48528c5c69340	cpufreq_sugov_ext	cpufreq_sugov_ext.ko	vendor_dlkm	get_dsu_freq_state
8a0044f1603aded6716050321c9e321a8fe1e2945b9637c36ea48528c5c69340	cpufreq_sugov_ext	cpufreq_sugov_ext.ko	vendor_dlkm	get_eas_dsu_ctrl
8a0044f1603aded6716050321c9e321a8fe1e2945b9637c36ea48528c5c69340	cpufreq_sugov_ext	cpufreq_sugov_ext.ko	vendor_dlkm	get_em_wl
8a0044f1603aded6716050321c9e321a8fe1e2945b9637c36ea48528c5c69340	cpufreq_sugov_ext	cpufreq_sugov_ext.ko	vendor_dlkm	get_fpsgo_bypass_flag
8a0044f1603aded6716050321c9e321a8fe1e2945b9637c36ea48528c5c69340	cpufreq_sugov_ext	cpufreq_sugov_ext.ko	vendor_dlkm	get_gear_cpumask
8a0044f1603aded6716050321c9e321a8fe1e2945b9637c36ea48528c5c69340	cpufreq_sugov_ext	cpufreq_sugov_ext.ko	vendor_dlkm	get_gear_max_active_ratio_cap
8a0044f1603aded6716050321c9e321a8fe1e2945b9637c36ea48528c5c69340	cpufreq_sugov_ext	cpufreq_sugov_ext.ko	vendor_dlkm	get_gear_uclamp_ctrl
8a0044f1603aded6716050321c9e321a8fe1e2945b9637c36ea48528c5c69340	cpufreq_sugov_ext	cpufreq_sugov_ext.ko	vendor_dlkm	get_gear_uclamp_max
8a0044f1603aded6716050321c9e321a8fe1e2945b9637c36ea48528c5c69340	cpufreq_sugov_ext	cpufreq_sugov_ext.ko	vendor_dlkm	get_group_hint_hook
8a0044f1603aded6716050321c9e321a8fe1e2945b9637c36ea48528c5c69340	cpufreq_sugov_ext	cpufreq_sugov_ext.ko	vendor_dlkm	get_grp_dvfs_ctrl
8a0044f1603aded6716050321c9e321a8fe1e2945b9637c36ea48528c5c69340	cpufreq_sugov_ext	cpufreq_sugov_ext.ko	vendor_dlkm	get_grp_high_freq
8a0044f1603aded6716050321c9e321a8fe1e2945b9637c36ea48528c5c69340	cpufreq_sugov_ext	cpufreq_sugov_ext.ko	vendor_dlkm	get_ignore_idle_ctrl
8a0044f1603aded6716050321c9e321a8fe1e2945b9637c36ea48528c5c69340	cpufreq_sugov_ext	cpufreq_sugov_ext.ko	vendor_dlkm	get_l3ctl_sram_base_addr
8a0044f1603aded6716050321c9e321a8fe1e2945b9637c36ea48528c5c69340	cpufreq_sugov_ext	cpufreq_sugov_ext.ko	vendor_dlkm	get_nr_cpu_type
8a0044f1603aded6716050321c9e321a8fe1e2945b9637c36ea48528c5c69340	cpufreq_sugov_ext	cpufreq_sugov_ext.ko	vendor_dlkm	get_nr_gears
8a0044f1603aded6716050321c9e321a8fe1e2945b9637c36ea48528c5c69340	cpufreq_sugov_ext	cpufreq_sugov_ext.ko	vendor_dlkm	get_nr_wl_type
8a0044f1603aded6716050321c9e321a8fe1e2945b9637c36ea48528c5c69340	cpufreq_sugov_ext	cpufreq_sugov_ext.ko	vendor_dlkm	get_pelt_dsu_bw
8a0044f1603aded6716050321c9e321a8fe1e2945b9637c36ea48528c5c69340	cpufreq_sugov_ext	cpufreq_sugov_ext.ko	vendor_dlkm	get_pelt_emi_bw
8a0044f1603aded6716050321c9e321a8fe1e2945b9637c36ea48528c5c69340	cpufreq_sugov_ext	cpufreq_sugov_ext.ko	vendor_dlkm	get_sbb_active_ratio_gear
8a0044f1603aded6716050321c9e321a8fe1e2945b9637c36ea48528c5c69340	cpufreq_sugov_ext	cpufreq_sugov_ext.ko	vendor_dlkm	get_sched_capacity_margin_dvfs
8a0044f1603aded6716050321c9e321a8fe1e2945b9637c36ea48528c5c69340	cpufreq_sugov_ext	cpufreq_sugov_ext.ko	vendor_dlkm	get_system_sbb
8a0044f1603aded6716050321c9e321a8fe1e2945b9637c36ea48528c5c69340	cpufreq_sugov_ext	cpufreq_sugov_ext.ko	vendor_dlkm	get_target_margin
8a0044f1603aded6716050321c9e321a8fe1e2945b9637c36ea48528c5c69340	cpufreq_sugov_ext	cpufreq_sugov_ext.ko	vendor_dlkm	get_target_margin_low
8a0044f1603aded6716050321c9e321a8fe1e2945b9637c36ea48528c5c69340	cpufreq_sugov_ext	cpufreq_sugov_ext.ko	vendor_dlkm	get_turn_point_freq
8a0044f1603aded6716050321c9e321a8fe1e2945b9637c36ea48528c5c69340	cpufreq_sugov_ext	cpufreq_sugov_ext.ko	vendor_dlkm	get_wl_type_manual
8a0044f1603aded6716050321c9e321a8fe1e2945b9637c36ea48528c5c69340	cpufreq_sugov_ext	cpufreq_sugov_ext.ko	vendor_dlkm	init_sbb_cpu_data
8a0044f1603aded6716050321c9e321a8fe1e2945b9637c36ea48528c5c69340	cpufreq_sugov_ext	cpufreq_sugov_ext.ko	vendor_dlkm	is_gearless_support
8a0044f1603aded6716050321c9e321a8fe1e2945b9637c36ea48528c5c69340	cpufreq_sugov_ext	cpufreq_sugov_ext.ko	vendor_dlkm	is_sbb_trigger
8a0044f1603aded6716050321c9e321a8fe1e2945b9637c36ea48528c5c69340	cpufreq_sugov_ext	cpufreq_sugov_ext.ko	vendor_dlkm	is_wl_support
8a0044f1603aded6716050321c9e321a8fe1e2945b9637c36ea48528c5c69340	cpufreq_sugov_ext	cpufreq_sugov_ext.ko	vendor_dlkm	mtk_cpu_util
8a0044f1603aded6716050321c9e321a8fe1e2945b9637c36ea48528c5c69340	cpufreq_sugov_ext	cpufreq_sugov_ext.ko	vendor_dlkm	mtk_get_dsu_freq
8a0044f1603aded6716050321c9e321a8fe1e2945b9637c36ea48528c5c69340	cpufreq_sugov_ext	cpufreq_sugov_ext.ko	vendor_dlkm	mtk_get_leakage
8a0044f1603aded6716050321c9e321a8fe1e2945b9637c36ea48528c5c69340	cpufreq_sugov_ext	cpufreq_sugov_ext.ko	vendor_dlkm	mtk_map_util_freq
8a0044f1603aded6716050321c9e321a8fe1e2945b9637c36ea48528c5c69340	cpufreq_sugov_ext	cpufreq_sugov_ext.ko	vendor_dlkm	mtk_update_wl_table
8a0044f1603aded6716050321c9e321a8fe1e2945b9637c36ea48528c5c69340	cpufreq_sugov_ext	cpufreq_sugov_ext.ko	vendor_dlkm	pd_X2Y
8a0044f1603aded6716050321c9e321a8fe1e2945b9637c36ea48528c5c69340	cpufreq_sugov_ext	cpufreq_sugov_ext.ko	vendor_dlkm	pd_get_cpu_opp
8a0044f1603aded6716050321c9e321a8fe1e2945b9637c36ea48528c5c69340	cpufreq_sugov_ext	cpufreq_sugov_ext.ko	vendor_dlkm	pd_get_dsu_weighting
8a0044f1603aded6716050321c9e321a8fe1e2945b9637c36ea48528c5c69340	cpufreq_sugov_ext	cpufreq_sugov_ext.ko	vendor_dlkm	pd_get_emi_weighting
8a0044f1603aded6716050321c9e321a8fe1e2945b9637c36ea48528c5c69340	cpufreq_sugov_ext	cpufreq_sugov_ext.ko	vendor_dlkm	pd_get_freq_opp
8a0044f1603aded6716050321c9e321a8fe1e2945b9637c36ea48528c5c69340	cpufreq_sugov_ext	cpufreq_sugov_ext.ko	vendor_dlkm	pd_get_freq_opp_legacy
8a0044f1603aded6716050321c9e321a8fe1e2945b9637c36ea48528c5c69340	cpufreq_sugov_ext	cpufreq_sugov_ext.ko	vendor_dlkm	pd_get_freq_opp_legacy_type
8a0044f1603aded6716050321c9e321a8fe1e2945b9637c36ea48528c5c69340	cpufreq_sugov_ext	cpufreq_sugov_ext.ko	vendor_dlkm	pd_get_freq_ps
8a0044f1603aded6716050321c9e321a8fe1e2945b9637c36ea48528c5c69340	cpufreq_sugov_ext	cpufreq_sugov_ext.ko	vendor_dlkm	pd_get_freq_pwr_eff
8a0044f1603aded6716050321c9e321a8fe1e2945b9637c36ea48528c5c69340	cpufreq_sugov_ext	cpufreq_sugov_ext.ko	vendor_dlkm	pd_get_freq_util
8a0044f1603aded6716050321c9e321a8fe1e2945b9637c36ea48528c5c69340	cpufreq_sugov_ext	cpufreq_sugov_ext.ko	vendor_dlkm	pd_get_opp_capacity
8a0044f1603aded6716050321c9e321a8fe1e2945b9637c36ea48528c5c69340	cpufreq_sugov_ext	cpufreq_sugov_ext.ko	vendor_dlkm	pd_get_opp_capacity_legacy
8a0044f1603aded6716050321c9e321a8fe1e2945b9637c36ea48528c5c69340	cpufreq_sugov_ext	cpufreq_sugov_ext.ko	vendor_dlkm	pd_get_opp_freq
8a0044f1603aded6716050321c9e321a8fe1e2945b9637c36ea48528c5c69340	cpufreq_sugov_ext	cpufreq_sugov_ext.ko	vendor_dlkm	pd_get_opp_freq_legacy
8a0044f1603aded6716050321c9e321a8fe1e2945b9637c36ea48528c5c69340	cpufreq_sugov_ext	cpufreq_sugov_ext.ko	vendor_dlkm	pd_get_opp_leakage
8a0044f1603aded6716050321c9e321a8fe1e2945b9637c36ea48528c5c69340	cpufreq_sugov_ext	cpufreq_sugov_ext.ko	vendor_dlkm	pd_get_opp_ps
8a0044f1603aded6716050321c9e321a8fe1e2945b9637c36ea48528c5c69340	cpufreq_sugov_ext	cpufreq_sugov_ext.ko	vendor_dlkm	pd_get_opp_pwr_eff
8a0044f1603aded6716050321c9e321a8fe1e2945b9637c36ea48528c5c69340	cpufreq_sugov_ext	cpufreq_sugov_ext.ko	vendor_dlkm	pd_get_util_freq
8a0044f1603aded6716050321c9e321a8fe1e2945b9637c36ea48528c5c69340	cpufreq_sugov_ext	cpufreq_sugov_ext.ko	vendor_dlkm	pd_get_util_opp
8a0044f1603aded6716050321c9e321a8fe1e2945b9637c36ea48528c5c69340	cpufreq_sugov_ext	cpufreq_sugov_ext.ko	vendor_dlkm	pd_get_util_opp_legacy
8a0044f1603aded6716050321c9e321a8fe1e2945b9637c36ea48528c5c69340	cpufreq_sugov_ext	cpufreq_sugov_ext.ko	vendor_dlkm	pd_get_util_ps
8a0044f1603aded6716050321c9e321a8fe1e2945b9637c36ea48528c5c69340	cpufreq_sugov_ext	cpufreq_sugov_ext.ko	vendor_dlkm	pd_get_util_ps_legacy
8a0044f1603aded6716050321c9e321a8fe1e2945b9637c36ea48528c5c69340	cpufreq_sugov_ext	cpufreq_sugov_ext.ko	vendor_dlkm	pd_get_util_pwr_eff
8a0044f1603aded6716050321c9e321a8fe1e2945b9637c36ea48528c5c69340	cpufreq_sugov_ext	cpufreq_sugov_ext.ko	vendor_dlkm	sbb
8a0044f1603aded6716050321c9e321a8fe1e2945b9637c36ea48528c5c69340	cpufreq_sugov_ext	cpufreq_sugov_ext.ko	vendor_dlkm	sched_gear_hints_enable_get
8a0044f1603aded6716050321c9e321a8fe1e2945b9637c36ea48528c5c69340	cpufreq_sugov_ext	cpufreq_sugov_ext.ko	vendor_dlkm	sched_post_init_util_enable_get
8a0044f1603aded6716050321c9e321a8fe1e2945b9637c36ea48528c5c69340	cpufreq_sugov_ext	cpufreq_sugov_ext.ko	vendor_dlkm	sched_post_init_util_set
8a0044f1603aded6716050321c9e321a8fe1e2945b9637c36ea48528c5c69340	cpufreq_sugov_ext	cpufreq_sugov_ext.ko	vendor_dlkm	sched_rt_aggre_preempt_enable_get
8a0044f1603aded6716050321c9e321a8fe1e2945b9637c36ea48528c5c69340	cpufreq_sugov_ext	cpufreq_sugov_ext.ko	vendor_dlkm	sched_skip_hiIRQ_enable_get
8a0044f1603aded6716050321c9e321a8fe1e2945b9637c36ea48528c5c69340	cpufreq_sugov_ext	cpufreq_sugov_ext.ko	vendor_dlkm	sched_updown_migration_enable_get
8a0044f1603aded6716050321c9e321a8fe1e2945b9637c36ea48528c5c69340	cpufreq_sugov_ext	cpufreq_sugov_ext.ko	vendor_dlkm	sched_vip_enable_get
8a0044f1603aded6716050321c9e321a8fe1e2945b9637c36ea48528c5c69340	cpufreq_sugov_ext	cpufreq_sugov_ext.ko	vendor_dlkm	set_am_ceiling
8a0044f1603aded6716050321c9e321a8fe1e2945b9637c36ea48528c5c69340	cpufreq_sugov_ext	cpufreq_sugov_ext.ko	vendor_dlkm	set_am_ctrl
8a0044f1603aded6716050321c9e321a8fe1e2945b9637c36ea48528c5c69340	cpufreq_sugov_ext	cpufreq_sugov_ext.ko	vendor_dlkm	set_curr_uclamp_ctrl
8a0044f1603aded6716050321c9e321a8fe1e2945b9637c36ea48528c5c69340	cpufreq_sugov_ext	cpufreq_sugov_ext.ko	vendor_dlkm	set_curr_uclamp_hint
8a0044f1603aded6716050321c9e321a8fe1e2945b9637c36ea48528c5c69340	cpufreq_sugov_ext	cpufreq_sugov_ext.ko	vendor_dlkm	set_dsu_ctrl
8a0044f1603aded6716050321c9e321a8fe1e2945b9637c36ea48528c5c69340	cpufreq_sugov_ext	cpufreq_sugov_ext.ko	vendor_dlkm	set_eas_dsu_ctrl
8a0044f1603aded6716050321c9e321a8fe1e2945b9637c36ea48528c5c69340	cpufreq_sugov_ext	cpufreq_sugov_ext.ko	vendor_dlkm	set_gear_uclamp_ctrl
8a0044f1603aded6716050321c9e321a8fe1e2945b9637c36ea48528c5c69340	cpufreq_sugov_ext	cpufreq_sugov_ext.ko	vendor_dlkm	set_gear_uclamp_max
8a0044f1603aded6716050321c9e321a8fe1e2945b9637c36ea48528c5c69340	cpufreq_sugov_ext	cpufreq_sugov_ext.ko	vendor_dlkm	set_grp_dvfs_ctrl
8a0044f1603aded6716050321c9e321a8fe1e2945b9637c36ea48528c5c69340	cpufreq_sugov_ext	cpufreq_sugov_ext.ko	vendor_dlkm	set_grp_high_freq
8a0044f1603aded6716050321c9e321a8fe1e2945b9637c36ea48528c5c69340	cpufreq_sugov_ext	cpufreq_sugov_ext.ko	vendor_dlkm	set_ignore_idle_ctrl
8a0044f1603aded6716050321c9e321a8fe1e2945b9637c36ea48528c5c69340	cpufreq_sugov_ext	cpufreq_sugov_ext.ko	vendor_dlkm	set_sbb
8a0044f1603aded6716050321c9e321a8fe1e2945b9637c36ea48528c5c69340	cpufreq_sugov_ext	cpufreq_sugov_ext.ko	vendor_dlkm	set_sbb_active_ratio
8a0044f1603aded6716050321c9e321a8fe1e2945b9637c36ea48528c5c69340	cpufreq_sugov_ext	cpufreq_sugov_ext.ko	vendor_dlkm	set_sbb_active_ratio_gear
8a0044f1603aded6716050321c9e321a8fe1e2945b9637c36ea48528c5c69340	cpufreq_sugov_ext	cpufreq_sugov_ext.ko	vendor_dlkm	set_sched_capacity_margin_dvfs
8a0044f1603aded6716050321c9e321a8fe1e2945b9637c36ea48528c5c69340	cpufreq_sugov_ext	cpufreq_sugov_ext.ko	vendor_dlkm	set_system_sbb
8a0044f1603aded6716050321c9e321a8fe1e2945b9637c36ea48528c5c69340	cpufreq_sugov_ext	cpufreq_sugov_ext.ko	vendor_dlkm	set_target_active_ratio_cap
8a0044f1603aded6716050321c9e321a8fe1e2945b9637c36ea48528c5c69340	cpufreq_sugov_ext	cpufreq_sugov_ext.ko	vendor_dlkm	set_target_active_ratio_pct
8a0044f1603aded6716050321c9e321a8fe1e2945b9637c36ea48528c5c69340	cpufreq_sugov_ext	cpufreq_sugov_ext.ko	vendor_dlkm	set_target_margin
8a0044f1603aded6716050321c9e321a8fe1e2945b9637c36ea48528c5c69340	cpufreq_sugov_ext	cpufreq_sugov_ext.ko	vendor_dlkm	set_target_margin_low
8a0044f1603aded6716050321c9e321a8fe1e2945b9637c36ea48528c5c69340	cpufreq_sugov_ext	cpufreq_sugov_ext.ko	vendor_dlkm	set_turn_point_freq
8a0044f1603aded6716050321c9e321a8fe1e2945b9637c36ea48528c5c69340	cpufreq_sugov_ext	cpufreq_sugov_ext.ko	vendor_dlkm	set_wl_type_manual
8a0044f1603aded6716050321c9e321a8fe1e2945b9637c36ea48528c5c69340	cpufreq_sugov_ext	cpufreq_sugov_ext.ko	vendor_dlkm	sugov_grp_awr_update_cpu_tar_util_hook
8a0044f1603aded6716050321c9e321a8fe1e2945b9637c36ea48528c5c69340	cpufreq_sugov_ext	cpufreq_sugov_ext.ko	vendor_dlkm	sysctl_util_est
8a0044f1603aded6716050321c9e321a8fe1e2945b9637c36ea48528c5c69340	cpufreq_sugov_ext	cpufreq_sugov_ext.ko	vendor_dlkm	update_active_ratio_all
8a0044f1603aded6716050321c9e321a8fe1e2945b9637c36ea48528c5c69340	cpufreq_sugov_ext	cpufreq_sugov_ext.ko	vendor_dlkm	update_pelt_data
8a0044f1603aded6716050321c9e321a8fe1e2945b9637c36ea48528c5c69340	cpufreq_sugov_ext	cpufreq_sugov_ext.ko	vendor_dlkm	update_wl_tbl
8a44c50e7a0ff171f81938d311458e233be010f78517fa0e899fe3b9f7e35d4c	mtk_core_ctl	mtk_core_ctl.ko	vendor_dlkm	arch_get_cluster_cpus
8a44c50e7a0ff171f81938d311458e233be010f78517fa0e899fe3b9f7e35d4c	mtk_core_ctl	mtk_core_ctl.ko	vendor_dlkm	arch_get_cluster_id
8a44c50e7a0ff171f81938d311458e233be010f78517fa0e899fe3b9f7e35d4c	mtk_core_ctl	mtk_core_ctl.ko	vendor_dlkm	arch_get_nr_clusters
8a44c50e7a0ff171f81938d311458e233be010f78517fa0e899fe3b9f7e35d4c	mtk_core_ctl	mtk_core_ctl.ko	vendor_dlkm	core_ctl_enable_policy
8a44c50e7a0ff171f81938d311458e233be010f78517fa0e899fe3b9f7e35d4c	mtk_core_ctl	mtk_core_ctl.ko	vendor_dlkm	core_ctl_force_pause_cpu
8a44c50e7a0ff171f81938d311458e233be010f78517fa0e899fe3b9f7e35d4c	mtk_core_ctl	mtk_core_ctl.ko	vendor_dlkm	core_ctl_set_boost
8a44c50e7a0ff171f81938d311458e233be010f78517fa0e899fe3b9f7e35d4c	mtk_core_ctl	mtk_core_ctl.ko	vendor_dlkm	core_ctl_set_cpu_busy_thres
8a44c50e7a0ff171f81938d311458e233be010f78517fa0e899fe3b9f7e35d4c	mtk_core_ctl	mtk_core_ctl.ko	vendor_dlkm	core_ctl_set_limit_cpus
8a44c50e7a0ff171f81938d311458e233be010f78517fa0e899fe3b9f7e35d4c	mtk_core_ctl	mtk_core_ctl.ko	vendor_dlkm	core_ctl_set_max_cpus
8a44c50e7a0ff171f81938d311458e233be010f78517fa0e899fe3b9f7e35d4c	mtk_core_ctl	mtk_core_ctl.ko	vendor_dlkm	core_ctl_set_min_cpus
8a44c50e7a0ff171f81938d311458e233be010f78517fa0e899fe3b9f7e35d4c	mtk_core_ctl	mtk_core_ctl.ko	vendor_dlkm	core_ctl_set_not_preferred
8a44c50e7a0ff171f81938d311458e233be010f78517fa0e899fe3b9f7e35d4c	mtk_core_ctl	mtk_core_ctl.ko	vendor_dlkm	core_ctl_set_offline_throttle_ms
8a44c50e7a0ff171f81938d311458e233be010f78517fa0e899fe3b9f7e35d4c	mtk_core_ctl	mtk_core_ctl.ko	vendor_dlkm	core_ctl_set_up_thres
8a44c50e7a0ff171f81938d311458e233be010f78517fa0e899fe3b9f7e35d4c	mtk_core_ctl	mtk_core_ctl.ko	vendor_dlkm	core_ctl_update_active_cpu
8a44c50e7a0ff171f81938d311458e233be010f78517fa0e899fe3b9f7e35d4c	mtk_core_ctl	mtk_core_ctl.ko	vendor_dlkm	get_cpu_util_pct
8a44c50e7a0ff171f81938d311458e233be010f78517fa0e899fe3b9f7e35d4c	mtk_core_ctl	mtk_core_ctl.ko	vendor_dlkm	get_max_capacity
8a44c50e7a0ff171f81938d311458e233be010f78517fa0e899fe3b9f7e35d4c	mtk_core_ctl	mtk_core_ctl.ko	vendor_dlkm	get_max_nr_running
8a44c50e7a0ff171f81938d311458e233be010f78517fa0e899fe3b9f7e35d4c	mtk_core_ctl	mtk_core_ctl.ko	vendor_dlkm	get_over_threshold
8a44c50e7a0ff171f81938d311458e233be010f78517fa0e899fe3b9f7e35d4c	mtk_core_ctl	mtk_core_ctl.ko	vendor_dlkm	sched_get_nr_over_thres_avg
8a44c50e7a0ff171f81938d311458e233be010f78517fa0e899fe3b9f7e35d4c	mtk_core_ctl	mtk_core_ctl.ko	vendor_dlkm	sched_max_util_task
8a44c50e7a0ff171f81938d311458e233be010f78517fa0e899fe3b9f7e35d4c	mtk_core_ctl	mtk_core_ctl.ko	vendor_dlkm	set_over_threshold
8ba14226b2badbbe6538b3d7395cf6656749919360cc7770f7b5e4384ac82acb	mtk_ccd_remoteproc	mtk_ccd_remoteproc.ko	vendor_dlkm	ccd_get_pdev
8ba14226b2badbbe6538b3d7395cf6656749919360cc7770f7b5e4384ac82acb	mtk_ccd_remoteproc	mtk_ccd_remoteproc.ko	vendor_dlkm	ccd_mapping_dm_addr
8ba14226b2badbbe6538b3d7395cf6656749919360cc7770f7b5e4384ac82acb	mtk_ccd_remoteproc	mtk_ccd_remoteproc.ko	vendor_dlkm	mtk_ccd_get_buffer
8ba14226b2badbbe6538b3d7395cf6656749919360cc7770f7b5e4384ac82acb	mtk_ccd_remoteproc	mtk_ccd_remoteproc.ko	vendor_dlkm	mtk_ccd_get_buffer_dmabuf
8ba14226b2badbbe6538b3d7395cf6656749919360cc7770f7b5e4384ac82acb	mtk_ccd_remoteproc	mtk_ccd_remoteproc.ko	vendor_dlkm	mtk_ccd_get_buffer_fd
8ba14226b2badbbe6538b3d7395cf6656749919360cc7770f7b5e4384ac82acb	mtk_ccd_remoteproc	mtk_ccd_remoteproc.ko	vendor_dlkm	mtk_ccd_mem_init
8ba14226b2badbbe6538b3d7395cf6656749919360cc7770f7b5e4384ac82acb	mtk_ccd_remoteproc	mtk_ccd_remoteproc.ko	vendor_dlkm	mtk_ccd_mem_release
8ba14226b2badbbe6538b3d7395cf6656749919360cc7770f7b5e4384ac82acb	mtk_ccd_remoteproc	mtk_ccd_remoteproc.ko	vendor_dlkm	mtk_ccd_put_buffer
90dd661cb9502dd4a17daa43d3e23e2a869ab461b4b58fa6a8cf28a429a0ea2d	mtk_sync	mtk_sync.ko	vendor_boot_platform	mtk_sync_fence_create
90dd661cb9502dd4a17daa43d3e23e2a869ab461b4b58fa6a8cf28a429a0ea2d	mtk_sync	mtk_sync.ko	vendor_boot_platform	mtk_sync_share_fence_create
90dd661cb9502dd4a17daa43d3e23e2a869ab461b4b58fa6a8cf28a429a0ea2d	mtk_sync	mtk_sync.ko	vendor_boot_platform	mtk_sync_timeline_create
90dd661cb9502dd4a17daa43d3e23e2a869ab461b4b58fa6a8cf28a429a0ea2d	mtk_sync	mtk_sync.ko	vendor_boot_platform	mtk_sync_timeline_destroy
90dd661cb9502dd4a17daa43d3e23e2a869ab461b4b58fa6a8cf28a429a0ea2d	mtk_sync	mtk_sync.ko	vendor_boot_platform	mtk_sync_timeline_inc
918cf48b4e37ea860d8b5d6e82a263437dd383ed8c86ff3e9482e73697982e18	mtk_low_battery_throttling	mtk_low_battery_throttling.ko	vendor_boot_platform;vendor_dlkm	lbat_set_hpt_mode
918cf48b4e37ea860d8b5d6e82a263437dd383ed8c86ff3e9482e73697982e18	mtk_low_battery_throttling	mtk_low_battery_throttling.ko	vendor_boot_platform;vendor_dlkm	lbat_set_ppb_mode
918cf48b4e37ea860d8b5d6e82a263437dd383ed8c86ff3e9482e73697982e18	mtk_low_battery_throttling	mtk_low_battery_throttling.ko	vendor_boot_platform;vendor_dlkm	register_low_battery_mbrain_cb
918cf48b4e37ea860d8b5d6e82a263437dd383ed8c86ff3e9482e73697982e18	mtk_low_battery_throttling	mtk_low_battery_throttling.ko	vendor_boot_platform;vendor_dlkm	register_low_battery_notify
9243061cec77e96e3072b19f14a4d0f893e768586585830fa86f0a5129ce3558	imgsensor	imgsensor.ko	vendor_dlkm	fs_sync_frame
92a0d91b3223f4f5786b100e4998de08ebd5e9ad76a30f212c90712ed8abbcdf	mtk_cm_ipi	mtk_cm_ipi.ko	vendor_dlkm	cm_get_ipi_enable
92a0d91b3223f4f5786b100e4998de08ebd5e9ad76a30f212c90712ed8abbcdf	mtk_cm_ipi	mtk_cm_ipi.ko	vendor_dlkm	cm_ipi_init
92a0d91b3223f4f5786b100e4998de08ebd5e9ad76a30f212c90712ed8abbcdf	mtk_cm_ipi	mtk_cm_ipi.ko	vendor_dlkm	cm_mgr_to_sspm_command
92a0d91b3223f4f5786b100e4998de08ebd5e9ad76a30f212c90712ed8abbcdf	mtk_cm_ipi	mtk_cm_ipi.ko	vendor_dlkm	cm_set_ipi_enable
95616547e69d9b1d04bfbad63ee477e0a31b000f7e13544dc797e1e7ebf6f5ad	mtk_pbm	mtk_pbm.ko	vendor_boot_platform;vendor_dlkm	kicker_pbm_by_flash
95616547e69d9b1d04bfbad63ee477e0a31b000f7e13544dc797e1e7ebf6f5ad	mtk_pbm	mtk_pbm.ko	vendor_boot_platform;vendor_dlkm	kicker_pbm_by_md
95616547e69d9b1d04bfbad63ee477e0a31b000f7e13544dc797e1e7ebf6f5ad	mtk_pbm	mtk_pbm.ko	vendor_boot_platform;vendor_dlkm	register_pbm_gpu_notify
95616547e69d9b1d04bfbad63ee477e0a31b000f7e13544dc797e1e7ebf6f5ad	mtk_pbm	mtk_pbm.ko	vendor_boot_platform;vendor_dlkm	register_pbm_notify
959cebf1f02c7b60812054ec7065d48ff4641f27f7cdf22d8e63d96ea44a8f83	nfc	nfc.ko	system_dlkm	__nfc_alloc_vendor_cmd_reply_skb
959cebf1f02c7b60812054ec7065d48ff4641f27f7cdf22d8e63d96ea44a8f83	nfc	nfc.ko	system_dlkm	nfc_add_se
959cebf1f02c7b60812054ec7065d48ff4641f27f7cdf22d8e63d96ea44a8f83	nfc	nfc.ko	system_dlkm	nfc_alloc_recv_skb
959cebf1f02c7b60812054ec7065d48ff4641f27f7cdf22d8e63d96ea44a8f83	nfc	nfc.ko	system_dlkm	nfc_allocate_device
959cebf1f02c7b60812054ec7065d48ff4641f27f7cdf22d8e63d96ea44a8f83	nfc	nfc.ko	system_dlkm	nfc_class
959cebf1f02c7b60812054ec7065d48ff4641f27f7cdf22d8e63d96ea44a8f83	nfc	nfc.ko	system_dlkm	nfc_dep_link_is_up
959cebf1f02c7b60812054ec7065d48ff4641f27f7cdf22d8e63d96ea44a8f83	nfc	nfc.ko	system_dlkm	nfc_driver_failure
959cebf1f02c7b60812054ec7065d48ff4641f27f7cdf22d8e63d96ea44a8f83	nfc	nfc.ko	system_dlkm	nfc_find_se
959cebf1f02c7b60812054ec7065d48ff4641f27f7cdf22d8e63d96ea44a8f83	nfc	nfc.ko	system_dlkm	nfc_fw_download_done
959cebf1f02c7b60812054ec7065d48ff4641f27f7cdf22d8e63d96ea44a8f83	nfc	nfc.ko	system_dlkm	nfc_get_local_general_bytes
959cebf1f02c7b60812054ec7065d48ff4641f27f7cdf22d8e63d96ea44a8f83	nfc	nfc.ko	system_dlkm	nfc_proto_register
959cebf1f02c7b60812054ec7065d48ff4641f27f7cdf22d8e63d96ea44a8f83	nfc	nfc.ko	system_dlkm	nfc_proto_unregister
959cebf1f02c7b60812054ec7065d48ff4641f27f7cdf22d8e63d96ea44a8f83	nfc	nfc.ko	system_dlkm	nfc_register_device
959cebf1f02c7b60812054ec7065d48ff4641f27f7cdf22d8e63d96ea44a8f83	nfc	nfc.ko	system_dlkm	nfc_remove_se
959cebf1f02c7b60812054ec7065d48ff4641f27f7cdf22d8e63d96ea44a8f83	nfc	nfc.ko	system_dlkm	nfc_se_connectivity
959cebf1f02c7b60812054ec7065d48ff4641f27f7cdf22d8e63d96ea44a8f83	nfc	nfc.ko	system_dlkm	nfc_se_transaction
959cebf1f02c7b60812054ec7065d48ff4641f27f7cdf22d8e63d96ea44a8f83	nfc	nfc.ko	system_dlkm	nfc_send_to_raw_sock
959cebf1f02c7b60812054ec7065d48ff4641f27f7cdf22d8e63d96ea44a8f83	nfc	nfc.ko	system_dlkm	nfc_set_remote_general_bytes
959cebf1f02c7b60812054ec7065d48ff4641f27f7cdf22d8e63d96ea44a8f83	nfc	nfc.ko	system_dlkm	nfc_target_lost
959cebf1f02c7b60812054ec7065d48ff4641f27f7cdf22d8e63d96ea44a8f83	nfc	nfc.ko	system_dlkm	nfc_targets_found
959cebf1f02c7b60812054ec7065d48ff4641f27f7cdf22d8e63d96ea44a8f83	nfc	nfc.ko	system_dlkm	nfc_tm_activated
959cebf1f02c7b60812054ec7065d48ff4641f27f7cdf22d8e63d96ea44a8f83	nfc	nfc.ko	system_dlkm	nfc_tm_data_received
959cebf1f02c7b60812054ec7065d48ff4641f27f7cdf22d8e63d96ea44a8f83	nfc	nfc.ko	system_dlkm	nfc_tm_deactivated
959cebf1f02c7b60812054ec7065d48ff4641f27f7cdf22d8e63d96ea44a8f83	nfc	nfc.ko	system_dlkm	nfc_unregister_device
959cebf1f02c7b60812054ec7065d48ff4641f27f7cdf22d8e63d96ea44a8f83	nfc	nfc.ko	system_dlkm	nfc_vendor_cmd_reply
95e3aa8d68b69504ae273bbd1979ea6d8b9c958b57a97b423cc696218ebfbe7c	mtk_mbox	mtk-mbox.ko	vendor_boot_platform;vendor_dlkm	mtk_mbox_cb_register
95e3aa8d68b69504ae273bbd1979ea6d8b9c958b57a97b423cc696218ebfbe7c	mtk_mbox	mtk-mbox.ko	vendor_boot_platform;vendor_dlkm	mtk_mbox_check_send_irq
95e3aa8d68b69504ae273bbd1979ea6d8b9c958b57a97b423cc696218ebfbe7c	mtk_mbox	mtk-mbox.ko	vendor_boot_platform;vendor_dlkm	mtk_mbox_clr_index_record
95e3aa8d68b69504ae273bbd1979ea6d8b9c958b57a97b423cc696218ebfbe7c	mtk_mbox	mtk-mbox.ko	vendor_boot_platform;vendor_dlkm	mtk_mbox_clr_irq
95e3aa8d68b69504ae273bbd1979ea6d8b9c958b57a97b423cc696218ebfbe7c	mtk_mbox	mtk-mbox.ko	vendor_boot_platform;vendor_dlkm	mtk_mbox_dump
95e3aa8d68b69504ae273bbd1979ea6d8b9c958b57a97b423cc696218ebfbe7c	mtk_mbox	mtk-mbox.ko	vendor_boot_platform;vendor_dlkm	mtk_mbox_dump_all
95e3aa8d68b69504ae273bbd1979ea6d8b9c958b57a97b423cc696218ebfbe7c	mtk_mbox	mtk-mbox.ko	vendor_boot_platform;vendor_dlkm	mtk_mbox_dump_recv
95e3aa8d68b69504ae273bbd1979ea6d8b9c958b57a97b423cc696218ebfbe7c	mtk_mbox	mtk-mbox.ko	vendor_boot_platform;vendor_dlkm	mtk_mbox_dump_recv_pin
95e3aa8d68b69504ae273bbd1979ea6d8b9c958b57a97b423cc696218ebfbe7c	mtk_mbox	mtk-mbox.ko	vendor_boot_platform;vendor_dlkm	mtk_mbox_dump_send
95e3aa8d68b69504ae273bbd1979ea6d8b9c958b57a97b423cc696218ebfbe7c	mtk_mbox	mtk-mbox.ko	vendor_boot_platform;vendor_dlkm	mtk_mbox_get_index_record
95e3aa8d68b69504ae273bbd1979ea6d8b9c958b57a97b423cc696218ebfbe7c	mtk_mbox	mtk-mbox.ko	vendor_boot_platform;vendor_dlkm	mtk_mbox_log_enable
95e3aa8d68b69504ae273bbd1979ea6d8b9c958b57a97b423cc696218ebfbe7c	mtk_mbox	mtk-mbox.ko	vendor_boot_platform;vendor_dlkm	mtk_mbox_polling
95e3aa8d68b69504ae273bbd1979ea6d8b9c958b57a97b423cc696218ebfbe7c	mtk_mbox	mtk-mbox.ko	vendor_boot_platform;vendor_dlkm	mtk_mbox_print_minfo
95e3aa8d68b69504ae273bbd1979ea6d8b9c958b57a97b423cc696218ebfbe7c	mtk_mbox	mtk-mbox.ko	vendor_boot_platform;vendor_dlkm	mtk_mbox_print_recv
95e3aa8d68b69504ae273bbd1979ea6d8b9c958b57a97b423cc696218ebfbe7c	mtk_mbox	mtk-mbox.ko	vendor_boot_platform;vendor_dlkm	mtk_mbox_print_send
95e3aa8d68b69504ae273bbd1979ea6d8b9c958b57a97b423cc696218ebfbe7c	mtk_mbox	mtk-mbox.ko	vendor_boot_platform;vendor_dlkm	mtk_mbox_probe
95e3aa8d68b69504ae273bbd1979ea6d8b9c958b57a97b423cc696218ebfbe7c	mtk_mbox	mtk-mbox.ko	vendor_boot_platform;vendor_dlkm	mtk_mbox_read
95e3aa8d68b69504ae273bbd1979ea6d8b9c958b57a97b423cc696218ebfbe7c	mtk_mbox	mtk-mbox.ko	vendor_boot_platform;vendor_dlkm	mtk_mbox_read_hd
95e3aa8d68b69504ae273bbd1979ea6d8b9c958b57a97b423cc696218ebfbe7c	mtk_mbox	mtk-mbox.ko	vendor_boot_platform;vendor_dlkm	mtk_mbox_read_recv_irq
95e3aa8d68b69504ae273bbd1979ea6d8b9c958b57a97b423cc696218ebfbe7c	mtk_mbox	mtk-mbox.ko	vendor_boot_platform;vendor_dlkm	mtk_mbox_reset_record
95e3aa8d68b69504ae273bbd1979ea6d8b9c958b57a97b423cc696218ebfbe7c	mtk_mbox	mtk-mbox.ko	vendor_boot_platform;vendor_dlkm	mtk_mbox_set_base_addr
95e3aa8d68b69504ae273bbd1979ea6d8b9c958b57a97b423cc696218ebfbe7c	mtk_mbox	mtk-mbox.ko	vendor_boot_platform;vendor_dlkm	mtk_mbox_set_base_reg
95e3aa8d68b69504ae273bbd1979ea6d8b9c958b57a97b423cc696218ebfbe7c	mtk_mbox	mtk-mbox.ko	vendor_boot_platform;vendor_dlkm	mtk_mbox_trigger_irq
95e3aa8d68b69504ae273bbd1979ea6d8b9c958b57a97b423cc696218ebfbe7c	mtk_mbox	mtk-mbox.ko	vendor_boot_platform;vendor_dlkm	mtk_mbox_write
95e3aa8d68b69504ae273bbd1979ea6d8b9c958b57a97b423cc696218ebfbe7c	mtk_mbox	mtk-mbox.ko	vendor_boot_platform;vendor_dlkm	mtk_mbox_write_hd
95e3aa8d68b69504ae273bbd1979ea6d8b9c958b57a97b423cc696218ebfbe7c	mtk_mbox	mtk-mbox.ko	vendor_boot_platform;vendor_dlkm	mtk_smem_init
969f9a68833b3d1ac5ae7f3366690a93f5ff59d81917c83f15c7dbf7bb33a124	mtk_mdpm	mtk_mdpm.ko	vendor_boot_platform;vendor_dlkm	get_md1_power
969f9a68833b3d1ac5ae7f3366690a93f5ff59d81917c83f15c7dbf7bb33a124	mtk_mdpm	mtk_mdpm.ko	vendor_boot_platform;vendor_dlkm	init_md_section_level
96fbaf6bd3040f69ffd4a954722bb03b18666f8f221344562e1fcd74da6bf191	system_heap	system_heap.ko	vendor_boot_platform	dma_buf_get_gid
96fbaf6bd3040f69ffd4a954722bb03b18666f8f221344562e1fcd74da6bf191	system_heap	system_heap.ko	vendor_boot_platform	dma_buf_set_gid
96fbaf6bd3040f69ffd4a954722bb03b18666f8f221344562e1fcd74da6bf191	system_heap	system_heap.ko	vendor_boot_platform	dma_heap_normal_total
96fbaf6bd3040f69ffd4a954722bb03b18666f8f221344562e1fcd74da6bf191	system_heap	system_heap.ko	vendor_boot_platform	dma_heap_pool_prefill
96fbaf6bd3040f69ffd4a954722bb03b18666f8f221344562e1fcd74da6bf191	system_heap	system_heap.ko	vendor_boot_platform	dmabuf_log_recycle
96fbaf6bd3040f69ffd4a954722bb03b18666f8f221344562e1fcd74da6bf191	system_heap	system_heap.ko	vendor_boot_platform	dmabuf_log_refill
96fbaf6bd3040f69ffd4a954722bb03b18666f8f221344562e1fcd74da6bf191	system_heap	system_heap.ko	vendor_boot_platform	dmabuf_rbtree_dump_by_domain
96fbaf6bd3040f69ffd4a954722bb03b18666f8f221344562e1fcd74da6bf191	system_heap	system_heap.ko	vendor_boot_platform	hang_dump_proc
96fbaf6bd3040f69ffd4a954722bb03b18666f8f221344562e1fcd74da6bf191	system_heap	system_heap.ko	vendor_boot_platform	is_mtk_mm_heap_dmabuf
96fbaf6bd3040f69ffd4a954722bb03b18666f8f221344562e1fcd74da6bf191	system_heap	system_heap.ko	vendor_boot_platform	is_system_heap_dmabuf
96fbaf6bd3040f69ffd4a954722bb03b18666f8f221344562e1fcd74da6bf191	system_heap	system_heap.ko	vendor_boot_platform	mtk_dma_buf_set_name
96fbaf6bd3040f69ffd4a954722bb03b18666f8f221344562e1fcd74da6bf191	system_heap	system_heap.ko	vendor_boot_platform	mtk_dma_heap_config_parse
96fbaf6bd3040f69ffd4a954722bb03b18666f8f221344562e1fcd74da6bf191	system_heap	system_heap.ko	vendor_boot_platform	mtk_dmabuf_page_pool_add
96fbaf6bd3040f69ffd4a954722bb03b18666f8f221344562e1fcd74da6bf191	system_heap	system_heap.ko	vendor_boot_platform	mtk_dmabuf_page_pool_fetch
96fbaf6bd3040f69ffd4a954722bb03b18666f8f221344562e1fcd74da6bf191	system_heap	system_heap.ko	vendor_boot_platform	mtk_dmabuf_page_pool_size
96fbaf6bd3040f69ffd4a954722bb03b18666f8f221344562e1fcd74da6bf191	system_heap	system_heap.ko	vendor_boot_platform	mtk_dmabuf_page_pool_total
96fbaf6bd3040f69ffd4a954722bb03b18666f8f221344562e1fcd74da6bf191	system_heap	system_heap.ko	vendor_boot_platform	mtk_dmaheap_register_slc_callback
96fbaf6bd3040f69ffd4a954722bb03b18666f8f221344562e1fcd74da6bf191	system_heap	system_heap.ko	vendor_boot_platform	mtk_dmaheap_unregister_slc_callback
96fbaf6bd3040f69ffd4a954722bb03b18666f8f221344562e1fcd74da6bf191	system_heap	system_heap.ko	vendor_boot_platform	mtk_refill_heap_names
97214cadc479e3767c0bef66438dfd4a6504894d602b7f1234fc5a5a806ed266	btbcm	btbcm.ko	system_dlkm	btbcm_check_bdaddr
97214cadc479e3767c0bef66438dfd4a6504894d602b7f1234fc5a5a806ed266	btbcm	btbcm.ko	system_dlkm	btbcm_finalize
97214cadc479e3767c0bef66438dfd4a6504894d602b7f1234fc5a5a806ed266	btbcm	btbcm.ko	system_dlkm	btbcm_initialize
97214cadc479e3767c0bef66438dfd4a6504894d602b7f1234fc5a5a806ed266	btbcm	btbcm.ko	system_dlkm	btbcm_patchram
97214cadc479e3767c0bef66438dfd4a6504894d602b7f1234fc5a5a806ed266	btbcm	btbcm.ko	system_dlkm	btbcm_read_pcm_int_params
97214cadc479e3767c0bef66438dfd4a6504894d602b7f1234fc5a5a806ed266	btbcm	btbcm.ko	system_dlkm	btbcm_set_bdaddr
97214cadc479e3767c0bef66438dfd4a6504894d602b7f1234fc5a5a806ed266	btbcm	btbcm.ko	system_dlkm	btbcm_setup_apple
97214cadc479e3767c0bef66438dfd4a6504894d602b7f1234fc5a5a806ed266	btbcm	btbcm.ko	system_dlkm	btbcm_setup_patchram
97214cadc479e3767c0bef66438dfd4a6504894d602b7f1234fc5a5a806ed266	btbcm	btbcm.ko	system_dlkm	btbcm_write_pcm_int_params
979f3acc78564ac06dd7b51c0e0f4dc4460c5411b5b504031e8d46ec8b787430	adsp	adsp.ko	vendor_boot_platform	adsp_after_bootup
979f3acc78564ac06dd7b51c0e0f4dc4460c5411b5b504031e8d46ec8b787430	adsp	adsp.ko	vendor_boot_platform	adsp_bus_monitor_dump
979f3acc78564ac06dd7b51c0e0f4dc4460c5411b5b504031e8d46ec8b787430	adsp	adsp.ko	vendor_boot_platform	adsp_check_adsppll_freq
979f3acc78564ac06dd7b51c0e0f4dc4460c5411b5b504031e8d46ec8b787430	adsp	adsp.ko	vendor_boot_platform	adsp_copy_from_sharedmem
979f3acc78564ac06dd7b51c0e0f4dc4460c5411b5b504031e8d46ec8b787430	adsp	adsp.ko	vendor_boot_platform	adsp_copy_to_sharedmem
979f3acc78564ac06dd7b51c0e0f4dc4460c5411b5b504031e8d46ec8b787430	adsp	adsp.ko	vendor_boot_platform	adsp_core0_init
979f3acc78564ac06dd7b51c0e0f4dc4460c5411b5b504031e8d46ec8b787430	adsp	adsp.ko	vendor_boot_platform	adsp_core1_init
979f3acc78564ac06dd7b51c0e0f4dc4460c5411b5b504031e8d46ec8b787430	adsp	adsp.ko	vendor_boot_platform	adsp_dbg_dump_init
979f3acc78564ac06dd7b51c0e0f4dc4460c5411b5b504031e8d46ec8b787430	adsp	adsp.ko	vendor_boot_platform	adsp_deregister_feature
979f3acc78564ac06dd7b51c0e0f4dc4460c5411b5b504031e8d46ec8b787430	adsp	adsp.ko	vendor_boot_platform	adsp_get_reserve_mem_phys
979f3acc78564ac06dd7b51c0e0f4dc4460c5411b5b504031e8d46ec8b787430	adsp	adsp.ko	vendor_boot_platform	adsp_get_reserve_mem_size
979f3acc78564ac06dd7b51c0e0f4dc4460c5411b5b504031e8d46ec8b787430	adsp	adsp.ko	vendor_boot_platform	adsp_get_reserve_mem_virt
979f3acc78564ac06dd7b51c0e0f4dc4460c5411b5b504031e8d46ec8b787430	adsp	adsp.ko	vendor_boot_platform	adsp_icc_bw_req
979f3acc78564ac06dd7b51c0e0f4dc4460c5411b5b504031e8d46ec8b787430	adsp	adsp.ko	vendor_boot_platform	adsp_ipi_registration
979f3acc78564ac06dd7b51c0e0f4dc4460c5411b5b504031e8d46ec8b787430	adsp	adsp.ko	vendor_boot_platform	adsp_ipi_unregistration
979f3acc78564ac06dd7b51c0e0f4dc4460c5411b5b504031e8d46ec8b787430	adsp	adsp.ko	vendor_boot_platform	adsp_ipic_probe
979f3acc78564ac06dd7b51c0e0f4dc4460c5411b5b504031e8d46ec8b787430	adsp	adsp.ko	vendor_boot_platform	adsp_mbox_probe
979f3acc78564ac06dd7b51c0e0f4dc4460c5411b5b504031e8d46ec8b787430	adsp	adsp.ko	vendor_boot_platform	adsp_mem_device_probe
979f3acc78564ac06dd7b51c0e0f4dc4460c5411b5b504031e8d46ec8b787430	adsp	adsp.ko	vendor_boot_platform	adsp_mt_clr_auidoirq
979f3acc78564ac06dd7b51c0e0f4dc4460c5411b5b504031e8d46ec8b787430	adsp	adsp.ko	vendor_boot_platform	adsp_mt_clr_sysirq
979f3acc78564ac06dd7b51c0e0f4dc4460c5411b5b504031e8d46ec8b787430	adsp	adsp.ko	vendor_boot_platform	adsp_mt_disable_wdt
979f3acc78564ac06dd7b51c0e0f4dc4460c5411b5b504031e8d46ec8b787430	adsp	adsp.ko	vendor_boot_platform	adsp_push_message
979f3acc78564ac06dd7b51c0e0f4dc4460c5411b5b504031e8d46ec8b787430	adsp	adsp.ko	vendor_boot_platform	adsp_qos_probe
979f3acc78564ac06dd7b51c0e0f4dc4460c5411b5b504031e8d46ec8b787430	adsp	adsp.ko	vendor_boot_platform	adsp_register_feature
979f3acc78564ac06dd7b51c0e0f4dc4460c5411b5b504031e8d46ec8b787430	adsp	adsp.ko	vendor_boot_platform	adsp_register_notify
979f3acc78564ac06dd7b51c0e0f4dc4460c5411b5b504031e8d46ec8b787430	adsp	adsp.ko	vendor_boot_platform	adsp_send_message
979f3acc78564ac06dd7b51c0e0f4dc4460c5411b5b504031e8d46ec8b787430	adsp	adsp.ko	vendor_boot_platform	adsp_send_vp_irq
979f3acc78564ac06dd7b51c0e0f4dc4460c5411b5b504031e8d46ec8b787430	adsp	adsp.ko	vendor_boot_platform	adsp_set_scene_bw
979f3acc78564ac06dd7b51c0e0f4dc4460c5411b5b504031e8d46ec8b787430	adsp	adsp.ko	vendor_boot_platform	adsp_system_bootup
979f3acc78564ac06dd7b51c0e0f4dc4460c5411b5b504031e8d46ec8b787430	adsp	adsp.ko	vendor_boot_platform	adsp_threaded_irq_registration
979f3acc78564ac06dd7b51c0e0f4dc4460c5411b5b504031e8d46ec8b787430	adsp	adsp.ko	vendor_boot_platform	adsp_unregister_notify
979f3acc78564ac06dd7b51c0e0f4dc4460c5411b5b504031e8d46ec8b787430	adsp	adsp.ko	vendor_boot_platform	clear_adsp_icc_bw
979f3acc78564ac06dd7b51c0e0f4dc4460c5411b5b504031e8d46ec8b787430	adsp	adsp.ko	vendor_boot_platform	get_adsp_aee_buffer
979f3acc78564ac06dd7b51c0e0f4dc4460c5411b5b504031e8d46ec8b787430	adsp	adsp.ko	vendor_boot_platform	get_adsp_core_total
979f3acc78564ac06dd7b51c0e0f4dc4460c5411b5b504031e8d46ec8b787430	adsp	adsp.ko	vendor_boot_platform	get_adsp_mbox_pin_recv
979f3acc78564ac06dd7b51c0e0f4dc4460c5411b5b504031e8d46ec8b787430	adsp	adsp.ko	vendor_boot_platform	get_adsp_mbox_pin_send
979f3acc78564ac06dd7b51c0e0f4dc4460c5411b5b504031e8d46ec8b787430	adsp	adsp.ko	vendor_boot_platform	get_adsp_misc_buffer
979f3acc78564ac06dd7b51c0e0f4dc4460c5411b5b504031e8d46ec8b787430	adsp	adsp.ko	vendor_boot_platform	get_adsp_semaphore
979f3acc78564ac06dd7b51c0e0f4dc4460c5411b5b504031e8d46ec8b787430	adsp	adsp.ko	vendor_boot_platform	get_adsp_state
979f3acc78564ac06dd7b51c0e0f4dc4460c5411b5b504031e8d46ec8b787430	adsp	adsp.ko	vendor_boot_platform	get_adsp_type
979f3acc78564ac06dd7b51c0e0f4dc4460c5411b5b504031e8d46ec8b787430	adsp	adsp.ko	vendor_boot_platform	get_feature_register
979f3acc78564ac06dd7b51c0e0f4dc4460c5411b5b504031e8d46ec8b787430	adsp	adsp.ko	vendor_boot_platform	hook_ipi_queue_recv_msg_hanlder
979f3acc78564ac06dd7b51c0e0f4dc4460c5411b5b504031e8d46ec8b787430	adsp	adsp.ko	vendor_boot_platform	hook_ipi_queue_send_msg_handler
979f3acc78564ac06dd7b51c0e0f4dc4460c5411b5b504031e8d46ec8b787430	adsp	adsp.ko	vendor_boot_platform	is_adsp_feature_in_active
979f3acc78564ac06dd7b51c0e0f4dc4460c5411b5b504031e8d46ec8b787430	adsp	adsp.ko	vendor_boot_platform	is_adsp_ready
979f3acc78564ac06dd7b51c0e0f4dc4460c5411b5b504031e8d46ec8b787430	adsp	adsp.ko	vendor_boot_platform	register_adsp_core
979f3acc78564ac06dd7b51c0e0f4dc4460c5411b5b504031e8d46ec8b787430	adsp	adsp.ko	vendor_boot_platform	register_adspsys
979f3acc78564ac06dd7b51c0e0f4dc4460c5411b5b504031e8d46ec8b787430	adsp	adsp.ko	vendor_boot_platform	release_adsp_semaphore
979f3acc78564ac06dd7b51c0e0f4dc4460c5411b5b504031e8d46ec8b787430	adsp	adsp.ko	vendor_boot_platform	reset_hal_feature_table
979f3acc78564ac06dd7b51c0e0f4dc4460c5411b5b504031e8d46ec8b787430	adsp	adsp.ko	vendor_boot_platform	set_adsp_icc_bw
979f3acc78564ac06dd7b51c0e0f4dc4460c5411b5b504031e8d46ec8b787430	adsp	adsp.ko	vendor_boot_platform	set_adsp_state
979f3acc78564ac06dd7b51c0e0f4dc4460c5411b5b504031e8d46ec8b787430	adsp	adsp.ko	vendor_boot_platform	switch_adsp_power
979f3acc78564ac06dd7b51c0e0f4dc4460c5411b5b504031e8d46ec8b787430	adsp	adsp.ko	vendor_boot_platform	unhook_ipi_queue_recv_msg_hanlder
979f3acc78564ac06dd7b51c0e0f4dc4460c5411b5b504031e8d46ec8b787430	adsp	adsp.ko	vendor_boot_platform	unhook_ipi_queue_send_msg_handler
983f3c7b953a7fc929c1d9380297c25c1afe2ccbb236b394d6b83fda11fb94cb	mtk_printk_ctrl	mtk_printk_ctrl.ko	vendor_boot_platform	get_detect_count
983f3c7b953a7fc929c1d9380297c25c1afe2ccbb236b394d6b83fda11fb94cb	mtk_printk_ctrl	mtk_printk_ctrl.ko	vendor_boot_platform	get_logtoomuch_status
983f3c7b953a7fc929c1d9380297c25c1afe2ccbb236b394d6b83fda11fb94cb	mtk_printk_ctrl	mtk_printk_ctrl.ko	vendor_boot_platform	mt_get_uartlog_status
983f3c7b953a7fc929c1d9380297c25c1afe2ccbb236b394d6b83fda11fb94cb	mtk_printk_ctrl	mtk_printk_ctrl.ko	vendor_boot_platform	set_detect_count
983f3c7b953a7fc929c1d9380297c25c1afe2ccbb236b394d6b83fda11fb94cb	mtk_printk_ctrl	mtk_printk_ctrl.ko	vendor_boot_platform	set_logtoomuch_disable
983f3c7b953a7fc929c1d9380297c25c1afe2ccbb236b394d6b83fda11fb94cb	mtk_printk_ctrl	mtk_printk_ctrl.ko	vendor_boot_platform	set_logtoomuch_enable
983f3c7b953a7fc929c1d9380297c25c1afe2ccbb236b394d6b83fda11fb94cb	mtk_printk_ctrl	mtk_printk_ctrl.ko	vendor_boot_platform	update_uartlog_status
9b43496b8220052b6ac602be1b21bec981300bdf496d378cb71409dd5a2e1261	snd_soc_mt6878_afe	snd-soc-mt6878-afe.ko	vendor_dlkm	mt6878_adda_dl_gain_control
9b43496b8220052b6ac602be1b21bec981300bdf496d378cb71409dd5a2e1261	snd_soc_mt6878_afe	snd-soc-mt6878-afe.ko	vendor_dlkm	mt6878_afe_gpio_is_prepared
9b43496b8220052b6ac602be1b21bec981300bdf496d378cb71409dd5a2e1261	snd_soc_mt6878_afe	snd-soc-mt6878-afe.ko	vendor_dlkm	mt6878_afe_gpio_request
9b43496b8220052b6ac602be1b21bec981300bdf496d378cb71409dd5a2e1261	snd_soc_mt6878_afe	snd-soc-mt6878-afe.ko	vendor_dlkm	mt6878_aud_get_power_scenario
9b43496b8220052b6ac602be1b21bec981300bdf496d378cb71409dd5a2e1261	snd_soc_mt6878_afe	snd-soc-mt6878-afe.ko	vendor_dlkm	mt6878_enable_cm
9b43496b8220052b6ac602be1b21bec981300bdf496d378cb71409dd5a2e1261	snd_soc_mt6878_afe	snd-soc-mt6878-afe.ko	vendor_dlkm	mt6878_enable_cm_bypass
9b43496b8220052b6ac602be1b21bec981300bdf496d378cb71409dd5a2e1261	snd_soc_mt6878_afe	snd-soc-mt6878-afe.ko	vendor_dlkm	mt6878_enable_dc_compensation
9b43496b8220052b6ac602be1b21bec981300bdf496d378cb71409dd5a2e1261	snd_soc_mt6878_afe	snd-soc-mt6878-afe.ko	vendor_dlkm	mt6878_is_need_enable_cm
9b43496b8220052b6ac602be1b21bec981300bdf496d378cb71409dd5a2e1261	snd_soc_mt6878_afe	snd-soc-mt6878-afe.ko	vendor_dlkm	mt6878_set_adda_predistortion
9b43496b8220052b6ac602be1b21bec981300bdf496d378cb71409dd5a2e1261	snd_soc_mt6878_afe	snd-soc-mt6878-afe.ko	vendor_dlkm	mt6878_set_cm
9b43496b8220052b6ac602be1b21bec981300bdf496d378cb71409dd5a2e1261	snd_soc_mt6878_afe	snd-soc-mt6878-afe.ko	vendor_dlkm	mt6878_set_cm_rate
9b43496b8220052b6ac602be1b21bec981300bdf496d378cb71409dd5a2e1261	snd_soc_mt6878_afe	snd-soc-mt6878-afe.ko	vendor_dlkm	mt6878_set_lch_dc_compensation
9b43496b8220052b6ac602be1b21bec981300bdf496d378cb71409dd5a2e1261	snd_soc_mt6878_afe	snd-soc-mt6878-afe.ko	vendor_dlkm	mt6878_set_rch_dc_compensation
9b439e061afdb8f821e3642bb615c299630f49374fac8b2d4205a375e83123ec	pidmap	pidmap.ko	vendor_boot_platform	get_pidmap_aee_buffer
9d3d4a3786dd71af4fdee07e4bc332526816b62143925f4e5923f286c9d91556	custom_ldo	custom-ldo.ko	vendor_dlkm	custom_ldo_en
9d3d4a3786dd71af4fdee07e4bc332526816b62143925f4e5923f286c9d91556	custom_ldo	custom-ldo.ko	vendor_dlkm	custom_ldo_vout
9d969562ba9f3bb406bc47d0eb2291938a50b5584c6ac9041c666a21441bec4a	mux_switch	mux_switch.ko	vendor_boot_platform	mtk_typec_mux_register
9d969562ba9f3bb406bc47d0eb2291938a50b5584c6ac9041c666a21441bec4a	mux_switch	mux_switch.ko	vendor_boot_platform	mtk_typec_mux_unregister
9d969562ba9f3bb406bc47d0eb2291938a50b5584c6ac9041c666a21441bec4a	mux_switch	mux_switch.ko	vendor_boot_platform	mtk_typec_switch_register
9d969562ba9f3bb406bc47d0eb2291938a50b5584c6ac9041c666a21441bec4a	mux_switch	mux_switch.ko	vendor_boot_platform	mtk_typec_switch_unregister
a3c294ecfa816346abcea4d3c0f1b662eb52643acbd1a3f9a7f0a2c0211f0bbb	mrdump	mrdump.ko	vendor_boot_platform	aee_get_etext
a3c294ecfa816346abcea4d3c0f1b662eb52643acbd1a3f9a7f0a2c0211f0bbb	mrdump	mrdump.ko	vendor_boot_platform	aee_get_init_begin
a3c294ecfa816346abcea4d3c0f1b662eb52643acbd1a3f9a7f0a2c0211f0bbb	mrdump	mrdump.ko	vendor_boot_platform	aee_get_stext
a3c294ecfa816346abcea4d3c0f1b662eb52643acbd1a3f9a7f0a2c0211f0bbb	mrdump	mrdump.ko	vendor_boot_platform	aee_log_buf_addr_get
a3c294ecfa816346abcea4d3c0f1b662eb52643acbd1a3f9a7f0a2c0211f0bbb	mrdump	mrdump.ko	vendor_boot_platform	aee_rr_curr_gpu_dvfs_status
a3c294ecfa816346abcea4d3c0f1b662eb52643acbd1a3f9a7f0a2c0211f0bbb	mrdump	mrdump.ko	vendor_boot_platform	aee_rr_curr_gpu_dvfs_vgpu
a3c294ecfa816346abcea4d3c0f1b662eb52643acbd1a3f9a7f0a2c0211f0bbb	mrdump	mrdump.ko	vendor_boot_platform	aee_rr_curr_ptp_gpu_volt
a3c294ecfa816346abcea4d3c0f1b662eb52643acbd1a3f9a7f0a2c0211f0bbb	mrdump	mrdump.ko	vendor_boot_platform	aee_rr_curr_ptp_gpu_volt_1
a3c294ecfa816346abcea4d3c0f1b662eb52643acbd1a3f9a7f0a2c0211f0bbb	mrdump	mrdump.ko	vendor_boot_platform	aee_rr_curr_ptp_gpu_volt_2
a3c294ecfa816346abcea4d3c0f1b662eb52643acbd1a3f9a7f0a2c0211f0bbb	mrdump	mrdump.ko	vendor_boot_platform	aee_rr_curr_ptp_gpu_volt_3
a3c294ecfa816346abcea4d3c0f1b662eb52643acbd1a3f9a7f0a2c0211f0bbb	mrdump	mrdump.ko	vendor_boot_platform	aee_rr_curr_ptp_status
a3c294ecfa816346abcea4d3c0f1b662eb52643acbd1a3f9a7f0a2c0211f0bbb	mrdump	mrdump.ko	vendor_boot_platform	aee_rr_curr_ptp_temp
a3c294ecfa816346abcea4d3c0f1b662eb52643acbd1a3f9a7f0a2c0211f0bbb	mrdump	mrdump.ko	vendor_boot_platform	aee_rr_rec_check
a3c294ecfa816346abcea4d3c0f1b662eb52643acbd1a3f9a7f0a2c0211f0bbb	mrdump	mrdump.ko	vendor_boot_platform	aee_rr_rec_gpu_dvfs_oppidx
a3c294ecfa816346abcea4d3c0f1b662eb52643acbd1a3f9a7f0a2c0211f0bbb	mrdump	mrdump.ko	vendor_boot_platform	aee_rr_rec_gpu_dvfs_power_count
a3c294ecfa816346abcea4d3c0f1b662eb52643acbd1a3f9a7f0a2c0211f0bbb	mrdump	mrdump.ko	vendor_boot_platform	aee_rr_rec_gpu_dvfs_status
a3c294ecfa816346abcea4d3c0f1b662eb52643acbd1a3f9a7f0a2c0211f0bbb	mrdump	mrdump.ko	vendor_boot_platform	aee_rr_rec_gpu_dvfs_vgpu
a3c294ecfa816346abcea4d3c0f1b662eb52643acbd1a3f9a7f0a2c0211f0bbb	mrdump	mrdump.ko	vendor_boot_platform	aee_rr_rec_hang_detect_timeout_count
a3c294ecfa816346abcea4d3c0f1b662eb52643acbd1a3f9a7f0a2c0211f0bbb	mrdump	mrdump.ko	vendor_boot_platform	aee_rr_rec_kick
a3c294ecfa816346abcea4d3c0f1b662eb52643acbd1a3f9a7f0a2c0211f0bbb	mrdump	mrdump.ko	vendor_boot_platform	aee_rr_rec_ptp_gpu_volt
a3c294ecfa816346abcea4d3c0f1b662eb52643acbd1a3f9a7f0a2c0211f0bbb	mrdump	mrdump.ko	vendor_boot_platform	aee_rr_rec_ptp_gpu_volt_1
a3c294ecfa816346abcea4d3c0f1b662eb52643acbd1a3f9a7f0a2c0211f0bbb	mrdump	mrdump.ko	vendor_boot_platform	aee_rr_rec_ptp_gpu_volt_2
a3c294ecfa816346abcea4d3c0f1b662eb52643acbd1a3f9a7f0a2c0211f0bbb	mrdump	mrdump.ko	vendor_boot_platform	aee_rr_rec_ptp_gpu_volt_3
a3c294ecfa816346abcea4d3c0f1b662eb52643acbd1a3f9a7f0a2c0211f0bbb	mrdump	mrdump.ko	vendor_boot_platform	aee_rr_rec_ptp_status
a3c294ecfa816346abcea4d3c0f1b662eb52643acbd1a3f9a7f0a2c0211f0bbb	mrdump	mrdump.ko	vendor_boot_platform	aee_rr_rec_ptp_temp
a3c294ecfa816346abcea4d3c0f1b662eb52643acbd1a3f9a7f0a2c0211f0bbb	mrdump	mrdump.ko	vendor_boot_platform	aee_rr_rec_ptp_vboot
a3c294ecfa816346abcea4d3c0f1b662eb52643acbd1a3f9a7f0a2c0211f0bbb	mrdump	mrdump.ko	vendor_boot_platform	aee_rr_rec_wdk_ktime
a3c294ecfa816346abcea4d3c0f1b662eb52643acbd1a3f9a7f0a2c0211f0bbb	mrdump	mrdump.ko	vendor_boot_platform	aee_rr_rec_wdk_systimer_cnt
a3c294ecfa816346abcea4d3c0f1b662eb52643acbd1a3f9a7f0a2c0211f0bbb	mrdump	mrdump.ko	vendor_boot_platform	aee_sram_fiq_log
a3c294ecfa816346abcea4d3c0f1b662eb52643acbd1a3f9a7f0a2c0211f0bbb	mrdump	mrdump.ko	vendor_boot_platform	aee_sram_printk
a3c294ecfa816346abcea4d3c0f1b662eb52643acbd1a3f9a7f0a2c0211f0bbb	mrdump	mrdump.ko	vendor_boot_platform	mrdump_common_die
a3c294ecfa816346abcea4d3c0f1b662eb52643acbd1a3f9a7f0a2c0211f0bbb	mrdump	mrdump.ko	vendor_boot_platform	mrdump_mini_add_extra_file
a3c294ecfa816346abcea4d3c0f1b662eb52643acbd1a3f9a7f0a2c0211f0bbb	mrdump	mrdump.ko	vendor_boot_platform	mrdump_mini_add_extra_misc
a3c294ecfa816346abcea4d3c0f1b662eb52643acbd1a3f9a7f0a2c0211f0bbb	mrdump	mrdump.ko	vendor_boot_platform	mrdump_mini_add_hang_raw
a3c294ecfa816346abcea4d3c0f1b662eb52643acbd1a3f9a7f0a2c0211f0bbb	mrdump	mrdump.ko	vendor_boot_platform	mrdump_regist_hang_bt
a3c294ecfa816346abcea4d3c0f1b662eb52643acbd1a3f9a7f0a2c0211f0bbb	mrdump	mrdump.ko	vendor_boot_platform	mrdump_set_extra_dump
a64d819e0fde04f5c508c603d805838381550ca8012b899c5b91f8b4d7479834	mtk_tinysys_ipi	mtk_tinysys_ipi.ko	vendor_boot_platform;vendor_dlkm	ipi_monitor_dump
a64d819e0fde04f5c508c603d805838381550ca8012b899c5b91f8b4d7479834	mtk_tinysys_ipi	mtk_tinysys_ipi.ko	vendor_boot_platform;vendor_dlkm	mtk_ipi_device_register
a64d819e0fde04f5c508c603d805838381550ca8012b899c5b91f8b4d7479834	mtk_tinysys_ipi	mtk_tinysys_ipi.ko	vendor_boot_platform;vendor_dlkm	mtk_ipi_device_reset
a64d819e0fde04f5c508c603d805838381550ca8012b899c5b91f8b4d7479834	mtk_tinysys_ipi	mtk_tinysys_ipi.ko	vendor_boot_platform;vendor_dlkm	mtk_ipi_recv
a64d819e0fde04f5c508c603d805838381550ca8012b899c5b91f8b4d7479834	mtk_tinysys_ipi	mtk_tinysys_ipi.ko	vendor_boot_platform;vendor_dlkm	mtk_ipi_recv_reply
a64d819e0fde04f5c508c603d805838381550ca8012b899c5b91f8b4d7479834	mtk_tinysys_ipi	mtk_tinysys_ipi.ko	vendor_boot_platform;vendor_dlkm	mtk_ipi_register
a64d819e0fde04f5c508c603d805838381550ca8012b899c5b91f8b4d7479834	mtk_tinysys_ipi	mtk_tinysys_ipi.ko	vendor_boot_platform;vendor_dlkm	mtk_ipi_send
a64d819e0fde04f5c508c603d805838381550ca8012b899c5b91f8b4d7479834	mtk_tinysys_ipi	mtk_tinysys_ipi.ko	vendor_boot_platform;vendor_dlkm	mtk_ipi_send_compl
a64d819e0fde04f5c508c603d805838381550ca8012b899c5b91f8b4d7479834	mtk_tinysys_ipi	mtk_tinysys_ipi.ko	vendor_boot_platform;vendor_dlkm	mtk_ipi_tracking
a64d819e0fde04f5c508c603d805838381550ca8012b899c5b91f8b4d7479834	mtk_tinysys_ipi	mtk_tinysys_ipi.ko	vendor_boot_platform;vendor_dlkm	mtk_ipi_unregister
a94ab48614628ae58bdff72a24b554c80566d84f9efd54c2b21d755d0bb76baa	spmi_mtk_pmif	spmi-mtk-pmif.ko	vendor_boot_platform	spmi_dump_pmic_acc_vio_reg
a94ab48614628ae58bdff72a24b554c80566d84f9efd54c2b21d755d0bb76baa	spmi_mtk_pmif	spmi-mtk-pmif.ko	vendor_boot_platform	spmi_dump_pmif_acc_vio_reg
a94ab48614628ae58bdff72a24b554c80566d84f9efd54c2b21d755d0bb76baa	spmi_mtk_pmif	spmi-mtk-pmif.ko	vendor_boot_platform	spmi_dump_pmif_all_reg
a94ab48614628ae58bdff72a24b554c80566d84f9efd54c2b21d755d0bb76baa	spmi_mtk_pmif	spmi-mtk-pmif.ko	vendor_boot_platform	spmi_dump_pmif_busy_reg
a94ab48614628ae58bdff72a24b554c80566d84f9efd54c2b21d755d0bb76baa	spmi_mtk_pmif	spmi-mtk-pmif.ko	vendor_boot_platform	spmi_dump_pmif_record_reg
a94ab48614628ae58bdff72a24b554c80566d84f9efd54c2b21d755d0bb76baa	spmi_mtk_pmif	spmi-mtk-pmif.ko	vendor_boot_platform	spmi_dump_pmif_swinf_reg
a94ab48614628ae58bdff72a24b554c80566d84f9efd54c2b21d755d0bb76baa	spmi_mtk_pmif	spmi-mtk-pmif.ko	vendor_boot_platform	spmi_dump_spmimst_all_reg
a94ab48614628ae58bdff72a24b554c80566d84f9efd54c2b21d755d0bb76baa	spmi_mtk_pmif	spmi-mtk-pmif.ko	vendor_boot_platform	spmi_dump_wdt_reg
a94ab48614628ae58bdff72a24b554c80566d84f9efd54c2b21d755d0bb76baa	spmi_mtk_pmif	spmi-mtk-pmif.ko	vendor_boot_platform	spmi_pmif_create_attr
a94ab48614628ae58bdff72a24b554c80566d84f9efd54c2b21d755d0bb76baa	spmi_mtk_pmif	spmi-mtk-pmif.ko	vendor_boot_platform	spmi_pmif_dbg_init
ab54fba1c0aba74665e93369c2f1506b6ff53172267a6a3de0b01a42c373bff8	usb_offload	usb_offload.ko	vendor_dlkm	is_sram
ab54fba1c0aba74665e93369c2f1506b6ff53172267a6a3de0b01a42c373bff8	usb_offload	usb_offload.ko	vendor_dlkm	mtk_offload_deinit_rsv_sram
ab54fba1c0aba74665e93369c2f1506b6ff53172267a6a3de0b01a42c373bff8	usb_offload	usb_offload.ko	vendor_dlkm	mtk_offload_free_mem
ab54fba1c0aba74665e93369c2f1506b6ff53172267a6a3de0b01a42c373bff8	usb_offload	usb_offload.ko	vendor_dlkm	mtk_offload_get_rsv_mem_info
ab54fba1c0aba74665e93369c2f1506b6ff53172267a6a3de0b01a42c373bff8	usb_offload	usb_offload.ko	vendor_dlkm	mtk_offload_init_rsv_dram
ab54fba1c0aba74665e93369c2f1506b6ff53172267a6a3de0b01a42c373bff8	usb_offload	usb_offload.ko	vendor_dlkm	mtk_offload_init_rsv_sram
ab54fba1c0aba74665e93369c2f1506b6ff53172267a6a3de0b01a42c373bff8	usb_offload	usb_offload.ko	vendor_dlkm	mtk_offload_is_advlowpwr
ab54fba1c0aba74665e93369c2f1506b6ff53172267a6a3de0b01a42c373bff8	usb_offload	usb_offload.ko	vendor_dlkm	soc_init_aud_intf
ab595026ae7e05e44c54407df2f31062ed6a3bdaaf020f2cdcff18fe072db9b4	mtk_dcm	mtk_dcm.ko	vendor_boot_platform	dcm_dump_state
ab595026ae7e05e44c54407df2f31062ed6a3bdaaf020f2cdcff18fe072db9b4	mtk_dcm	mtk_dcm.ko	vendor_boot_platform	is_dcm_initialized
ab595026ae7e05e44c54407df2f31062ed6a3bdaaf020f2cdcff18fe072db9b4	mtk_dcm	mtk_dcm.ko	vendor_boot_platform	mt_dcm_array_register
ab595026ae7e05e44c54407df2f31062ed6a3bdaaf020f2cdcff18fe072db9b4	mtk_dcm	mtk_dcm.ko	vendor_boot_platform	mt_dcm_common_init
abcbc74e4055ba566777449cbb157898a35b0b765e9a3fa58a786f9614a9c9ed	iommu_secure	iommu_secure.ko	vendor_boot_platform	ao_secure_dbg_switch_by_atf
abcbc74e4055ba566777449cbb157898a35b0b765e9a3fa58a786f9614a9c9ed	iommu_secure	iommu_secure.ko	vendor_boot_platform	mtk_iommu_sec_bk_init_by_atf
abcbc74e4055ba566777449cbb157898a35b0b765e9a3fa58a786f9614a9c9ed	iommu_secure	iommu_secure.ko	vendor_boot_platform	mtk_iommu_sec_bk_irq_en_by_atf
abcbc74e4055ba566777449cbb157898a35b0b765e9a3fa58a786f9614a9c9ed	iommu_secure	iommu_secure.ko	vendor_boot_platform	mtk_iommu_secure_bk_backup_by_atf
abcbc74e4055ba566777449cbb157898a35b0b765e9a3fa58a786f9614a9c9ed	iommu_secure	iommu_secure.ko	vendor_boot_platform	mtk_iommu_secure_bk_restore_by_atf
abcbc74e4055ba566777449cbb157898a35b0b765e9a3fa58a786f9614a9c9ed	iommu_secure	iommu_secure.ko	vendor_boot_platform	mtk_iommu_secure_bk_tf_dump
ac1e2c5203ab29e041e9dbfa8f2c6049d3774f2a9a78739713a4869f202e996b	mtk_usb_f_rndis	mtk_usb_f_rndis.ko	vendor_dlkm	mtk_rndis_add_hdr
ac1e2c5203ab29e041e9dbfa8f2c6049d3774f2a9a78739713a4869f202e996b	mtk_usb_f_rndis	mtk_usb_f_rndis.ko	vendor_dlkm	mtk_rndis_borrow_net
ac1e2c5203ab29e041e9dbfa8f2c6049d3774f2a9a78739713a4869f202e996b	mtk_usb_f_rndis	mtk_usb_f_rndis.ko	vendor_dlkm	mtk_rndis_deregister
ac1e2c5203ab29e041e9dbfa8f2c6049d3774f2a9a78739713a4869f202e996b	mtk_usb_f_rndis	mtk_usb_f_rndis.ko	vendor_dlkm	mtk_rndis_free_response
ac1e2c5203ab29e041e9dbfa8f2c6049d3774f2a9a78739713a4869f202e996b	mtk_usb_f_rndis	mtk_usb_f_rndis.ko	vendor_dlkm	mtk_rndis_get_next_response
ac1e2c5203ab29e041e9dbfa8f2c6049d3774f2a9a78739713a4869f202e996b	mtk_usb_f_rndis	mtk_usb_f_rndis.ko	vendor_dlkm	mtk_rndis_msg_parser
ac1e2c5203ab29e041e9dbfa8f2c6049d3774f2a9a78739713a4869f202e996b	mtk_usb_f_rndis	mtk_usb_f_rndis.ko	vendor_dlkm	mtk_rndis_register
ac1e2c5203ab29e041e9dbfa8f2c6049d3774f2a9a78739713a4869f202e996b	mtk_usb_f_rndis	mtk_usb_f_rndis.ko	vendor_dlkm	mtk_rndis_rm_hdr
ac1e2c5203ab29e041e9dbfa8f2c6049d3774f2a9a78739713a4869f202e996b	mtk_usb_f_rndis	mtk_usb_f_rndis.ko	vendor_dlkm	mtk_rndis_set_host_mac
ac1e2c5203ab29e041e9dbfa8f2c6049d3774f2a9a78739713a4869f202e996b	mtk_usb_f_rndis	mtk_usb_f_rndis.ko	vendor_dlkm	mtk_rndis_set_param_dev
ac1e2c5203ab29e041e9dbfa8f2c6049d3774f2a9a78739713a4869f202e996b	mtk_usb_f_rndis	mtk_usb_f_rndis.ko	vendor_dlkm	mtk_rndis_set_param_medium
ac1e2c5203ab29e041e9dbfa8f2c6049d3774f2a9a78739713a4869f202e996b	mtk_usb_f_rndis	mtk_usb_f_rndis.ko	vendor_dlkm	mtk_rndis_set_param_vendor
ac1e2c5203ab29e041e9dbfa8f2c6049d3774f2a9a78739713a4869f202e996b	mtk_usb_f_rndis	mtk_usb_f_rndis.ko	vendor_dlkm	mtk_rndis_signal_connect
ac1e2c5203ab29e041e9dbfa8f2c6049d3774f2a9a78739713a4869f202e996b	mtk_usb_f_rndis	mtk_usb_f_rndis.ko	vendor_dlkm	mtk_rndis_signal_disconnect
ac1e2c5203ab29e041e9dbfa8f2c6049d3774f2a9a78739713a4869f202e996b	mtk_usb_f_rndis	mtk_usb_f_rndis.ko	vendor_dlkm	mtk_rndis_uninit
b23648bcd8e09e4eff391e59eee17a7400896fb040967a83908dd95691542a49	mtk_cmdq_drv_ext	mtk-cmdq-drv-ext.ko	vendor_boot_platform	append_by_event
b23648bcd8e09e4eff391e59eee17a7400896fb040967a83908dd95691542a49	mtk_cmdq_drv_ext	mtk-cmdq-drv-ext.ko	vendor_boot_platform	cmdq_alloc_user_pool
b23648bcd8e09e4eff391e59eee17a7400896fb040967a83908dd95691542a49	mtk_cmdq_drv_ext	mtk-cmdq-drv-ext.ko	vendor_boot_platform	cmdq_buf_cmd_parse
b23648bcd8e09e4eff391e59eee17a7400896fb040967a83908dd95691542a49	mtk_cmdq_drv_ext	mtk-cmdq-drv-ext.ko	vendor_boot_platform	cmdq_buf_cmd_parse_buf
b23648bcd8e09e4eff391e59eee17a7400896fb040967a83908dd95691542a49	mtk_cmdq_drv_ext	mtk-cmdq-drv-ext.ko	vendor_boot_platform	cmdq_chan_dump_dbg
b23648bcd8e09e4eff391e59eee17a7400896fb040967a83908dd95691542a49	mtk_cmdq_drv_ext	mtk-cmdq-drv-ext.ko	vendor_boot_platform	cmdq_check_thread_complete
b23648bcd8e09e4eff391e59eee17a7400896fb040967a83908dd95691542a49	mtk_cmdq_drv_ext	mtk-cmdq-drv-ext.ko	vendor_boot_platform	cmdq_clear_event
b23648bcd8e09e4eff391e59eee17a7400896fb040967a83908dd95691542a49	mtk_cmdq_drv_ext	mtk-cmdq-drv-ext.ko	vendor_boot_platform	cmdq_client_get_thread
b23648bcd8e09e4eff391e59eee17a7400896fb040967a83908dd95691542a49	mtk_cmdq_drv_ext	mtk-cmdq-drv-ext.ko	vendor_boot_platform	cmdq_controller_set_fp
b23648bcd8e09e4eff391e59eee17a7400896fb040967a83908dd95691542a49	mtk_cmdq_drv_ext	mtk-cmdq-drv-ext.ko	vendor_boot_platform	cmdq_dev_get_base_pa
b23648bcd8e09e4eff391e59eee17a7400896fb040967a83908dd95691542a49	mtk_cmdq_drv_ext	mtk-cmdq-drv-ext.ko	vendor_boot_platform	cmdq_dev_get_event
b23648bcd8e09e4eff391e59eee17a7400896fb040967a83908dd95691542a49	mtk_cmdq_drv_ext	mtk-cmdq-drv-ext.ko	vendor_boot_platform	cmdq_dump_buf_size
b23648bcd8e09e4eff391e59eee17a7400896fb040967a83908dd95691542a49	mtk_cmdq_drv_ext	mtk-cmdq-drv-ext.ko	vendor_boot_platform	cmdq_dump_buffer_size
b23648bcd8e09e4eff391e59eee17a7400896fb040967a83908dd95691542a49	mtk_cmdq_drv_ext	mtk-cmdq-drv-ext.ko	vendor_boot_platform	cmdq_dump_buffer_size_seq
b23648bcd8e09e4eff391e59eee17a7400896fb040967a83908dd95691542a49	mtk_cmdq_drv_ext	mtk-cmdq-drv-ext.ko	vendor_boot_platform	cmdq_dump_core
b23648bcd8e09e4eff391e59eee17a7400896fb040967a83908dd95691542a49	mtk_cmdq_drv_ext	mtk-cmdq-drv-ext.ko	vendor_boot_platform	cmdq_dump_event
b23648bcd8e09e4eff391e59eee17a7400896fb040967a83908dd95691542a49	mtk_cmdq_drv_ext	mtk-cmdq-drv-ext.ko	vendor_boot_platform	cmdq_dump_pkt
b23648bcd8e09e4eff391e59eee17a7400896fb040967a83908dd95691542a49	mtk_cmdq_drv_ext	mtk-cmdq-drv-ext.ko	vendor_boot_platform	cmdq_dump_pkt_usage
b23648bcd8e09e4eff391e59eee17a7400896fb040967a83908dd95691542a49	mtk_cmdq_drv_ext	mtk-cmdq-drv-ext.ko	vendor_boot_platform	cmdq_dump_summary
b23648bcd8e09e4eff391e59eee17a7400896fb040967a83908dd95691542a49	mtk_cmdq_drv_ext	mtk-cmdq-drv-ext.ko	vendor_boot_platform	cmdq_dump_usage
b23648bcd8e09e4eff391e59eee17a7400896fb040967a83908dd95691542a49	mtk_cmdq_drv_ext	mtk-cmdq-drv-ext.ko	vendor_boot_platform	cmdq_event_dump_and_clr
b23648bcd8e09e4eff391e59eee17a7400896fb040967a83908dd95691542a49	mtk_cmdq_drv_ext	mtk-cmdq-drv-ext.ko	vendor_boot_platform	cmdq_event_verify
b23648bcd8e09e4eff391e59eee17a7400896fb040967a83908dd95691542a49	mtk_cmdq_drv_ext	mtk-cmdq-drv-ext.ko	vendor_boot_platform	cmdq_ftrace_ena
b23648bcd8e09e4eff391e59eee17a7400896fb040967a83908dd95691542a49	mtk_cmdq_drv_ext	mtk-cmdq-drv-ext.ko	vendor_boot_platform	cmdq_get_event
b23648bcd8e09e4eff391e59eee17a7400896fb040967a83908dd95691542a49	mtk_cmdq_drv_ext	mtk-cmdq-drv-ext.ko	vendor_boot_platform	cmdq_get_irq_long_times
b23648bcd8e09e4eff391e59eee17a7400896fb040967a83908dd95691542a49	mtk_cmdq_drv_ext	mtk-cmdq-drv-ext.ko	vendor_boot_platform	cmdq_get_mminfra_cb
b23648bcd8e09e4eff391e59eee17a7400896fb040967a83908dd95691542a49	mtk_cmdq_drv_ext	mtk-cmdq-drv-ext.ko	vendor_boot_platform	cmdq_get_mminfra_gce_cg_cb
b23648bcd8e09e4eff391e59eee17a7400896fb040967a83908dd95691542a49	mtk_cmdq_drv_ext	mtk-cmdq-drv-ext.ko	vendor_boot_platform	cmdq_get_thread
b23648bcd8e09e4eff391e59eee17a7400896fb040967a83908dd95691542a49	mtk_cmdq_drv_ext	mtk-cmdq-drv-ext.ko	vendor_boot_platform	cmdq_get_usage_cb
b23648bcd8e09e4eff391e59eee17a7400896fb040967a83908dd95691542a49	mtk_cmdq_drv_ext	mtk-cmdq-drv-ext.ko	vendor_boot_platform	cmdq_get_vcp_buf
b23648bcd8e09e4eff391e59eee17a7400896fb040967a83908dd95691542a49	mtk_cmdq_drv_ext	mtk-cmdq-drv-ext.ko	vendor_boot_platform	cmdq_helper_init
b23648bcd8e09e4eff391e59eee17a7400896fb040967a83908dd95691542a49	mtk_cmdq_drv_ext	mtk-cmdq-drv-ext.ko	vendor_boot_platform	cmdq_helper_set_fp
b23648bcd8e09e4eff391e59eee17a7400896fb040967a83908dd95691542a49	mtk_cmdq_drv_ext	mtk-cmdq-drv-ext.ko	vendor_boot_platform	cmdq_hw_trace
b23648bcd8e09e4eff391e59eee17a7400896fb040967a83908dd95691542a49	mtk_cmdq_drv_ext	mtk-cmdq-drv-ext.ko	vendor_boot_platform	cmdq_hw_trace_check_inst
b23648bcd8e09e4eff391e59eee17a7400896fb040967a83908dd95691542a49	mtk_cmdq_drv_ext	mtk-cmdq-drv-ext.ko	vendor_boot_platform	cmdq_hw_trace_dump
b23648bcd8e09e4eff391e59eee17a7400896fb040967a83908dd95691542a49	mtk_cmdq_drv_ext	mtk-cmdq-drv-ext.ko	vendor_boot_platform	cmdq_mbox_buf_alloc
b23648bcd8e09e4eff391e59eee17a7400896fb040967a83908dd95691542a49	mtk_cmdq_drv_ext	mtk-cmdq-drv-ext.ko	vendor_boot_platform	cmdq_mbox_buf_free
b23648bcd8e09e4eff391e59eee17a7400896fb040967a83908dd95691542a49	mtk_cmdq_drv_ext	mtk-cmdq-drv-ext.ko	vendor_boot_platform	cmdq_mbox_chan_id
b23648bcd8e09e4eff391e59eee17a7400896fb040967a83908dd95691542a49	mtk_cmdq_drv_ext	mtk-cmdq-drv-ext.ko	vendor_boot_platform	cmdq_mbox_channel_stop
b23648bcd8e09e4eff391e59eee17a7400896fb040967a83908dd95691542a49	mtk_cmdq_drv_ext	mtk-cmdq-drv-ext.ko	vendor_boot_platform	cmdq_mbox_check_buffer
b23648bcd8e09e4eff391e59eee17a7400896fb040967a83908dd95691542a49	mtk_cmdq_drv_ext	mtk-cmdq-drv-ext.ko	vendor_boot_platform	cmdq_mbox_create
b23648bcd8e09e4eff391e59eee17a7400896fb040967a83908dd95691542a49	mtk_cmdq_drv_ext	mtk-cmdq-drv-ext.ko	vendor_boot_platform	cmdq_mbox_destroy
b23648bcd8e09e4eff391e59eee17a7400896fb040967a83908dd95691542a49	mtk_cmdq_drv_ext	mtk-cmdq-drv-ext.ko	vendor_boot_platform	cmdq_mbox_disable
b23648bcd8e09e4eff391e59eee17a7400896fb040967a83908dd95691542a49	mtk_cmdq_drv_ext	mtk-cmdq-drv-ext.ko	vendor_boot_platform	cmdq_mbox_dump_dbg
b23648bcd8e09e4eff391e59eee17a7400896fb040967a83908dd95691542a49	mtk_cmdq_drv_ext	mtk-cmdq-drv-ext.ko	vendor_boot_platform	cmdq_mbox_dump_fast_mtcmos
b23648bcd8e09e4eff391e59eee17a7400896fb040967a83908dd95691542a49	mtk_cmdq_drv_ext	mtk-cmdq-drv-ext.ko	vendor_boot_platform	cmdq_mbox_dump_gce_req
b23648bcd8e09e4eff391e59eee17a7400896fb040967a83908dd95691542a49	mtk_cmdq_drv_ext	mtk-cmdq-drv-ext.ko	vendor_boot_platform	cmdq_mbox_enable
b23648bcd8e09e4eff391e59eee17a7400896fb040967a83908dd95691542a49	mtk_cmdq_drv_ext	mtk-cmdq-drv-ext.ko	vendor_boot_platform	cmdq_mbox_get_base
b23648bcd8e09e4eff391e59eee17a7400896fb040967a83908dd95691542a49	mtk_cmdq_drv_ext	mtk-cmdq-drv-ext.ko	vendor_boot_platform	cmdq_mbox_get_base_pa
b23648bcd8e09e4eff391e59eee17a7400896fb040967a83908dd95691542a49	mtk_cmdq_drv_ext	mtk-cmdq-drv-ext.ko	vendor_boot_platform	cmdq_mbox_get_dev
b23648bcd8e09e4eff391e59eee17a7400896fb040967a83908dd95691542a49	mtk_cmdq_drv_ext	mtk-cmdq-drv-ext.ko	vendor_boot_platform	cmdq_mbox_get_dummy_reg
b23648bcd8e09e4eff391e59eee17a7400896fb040967a83908dd95691542a49	mtk_cmdq_drv_ext	mtk-cmdq-drv-ext.ko	vendor_boot_platform	cmdq_mbox_get_spr_pa
b23648bcd8e09e4eff391e59eee17a7400896fb040967a83908dd95691542a49	mtk_cmdq_drv_ext	mtk-cmdq-drv-ext.ko	vendor_boot_platform	cmdq_mbox_get_thread_timeout
b23648bcd8e09e4eff391e59eee17a7400896fb040967a83908dd95691542a49	mtk_cmdq_drv_ext	mtk-cmdq-drv-ext.ko	vendor_boot_platform	cmdq_mbox_get_usage
b23648bcd8e09e4eff391e59eee17a7400896fb040967a83908dd95691542a49	mtk_cmdq_drv_ext	mtk-cmdq-drv-ext.ko	vendor_boot_platform	cmdq_mbox_mtcmos_by_fast
b23648bcd8e09e4eff391e59eee17a7400896fb040967a83908dd95691542a49	mtk_cmdq_drv_ext	mtk-cmdq-drv-ext.ko	vendor_boot_platform	cmdq_mbox_pool_clear
b23648bcd8e09e4eff391e59eee17a7400896fb040967a83908dd95691542a49	mtk_cmdq_drv_ext	mtk-cmdq-drv-ext.ko	vendor_boot_platform	cmdq_mbox_pool_create
b23648bcd8e09e4eff391e59eee17a7400896fb040967a83908dd95691542a49	mtk_cmdq_drv_ext	mtk-cmdq-drv-ext.ko	vendor_boot_platform	cmdq_mbox_pool_set_limit
b23648bcd8e09e4eff391e59eee17a7400896fb040967a83908dd95691542a49	mtk_cmdq_drv_ext	mtk-cmdq-drv-ext.ko	vendor_boot_platform	cmdq_mbox_set_thread_timeout
b23648bcd8e09e4eff391e59eee17a7400896fb040967a83908dd95691542a49	mtk_cmdq_drv_ext	mtk-cmdq-drv-ext.ko	vendor_boot_platform	cmdq_mbox_stop
b23648bcd8e09e4eff391e59eee17a7400896fb040967a83908dd95691542a49	mtk_cmdq_drv_ext	mtk-cmdq-drv-ext.ko	vendor_boot_platform	cmdq_mbox_thread_disable
b23648bcd8e09e4eff391e59eee17a7400896fb040967a83908dd95691542a49	mtk_cmdq_drv_ext	mtk-cmdq-drv-ext.ko	vendor_boot_platform	cmdq_mbox_thread_remove_task
b23648bcd8e09e4eff391e59eee17a7400896fb040967a83908dd95691542a49	mtk_cmdq_drv_ext	mtk-cmdq-drv-ext.ko	vendor_boot_platform	cmdq_mbox_thread_reset
b23648bcd8e09e4eff391e59eee17a7400896fb040967a83908dd95691542a49	mtk_cmdq_drv_ext	mtk-cmdq-drv-ext.ko	vendor_boot_platform	cmdq_mbox_thread_suspend
b23648bcd8e09e4eff391e59eee17a7400896fb040967a83908dd95691542a49	mtk_cmdq_drv_ext	mtk-cmdq-drv-ext.ko	vendor_boot_platform	cmdq_mmp_wait
b23648bcd8e09e4eff391e59eee17a7400896fb040967a83908dd95691542a49	mtk_cmdq_drv_ext	mtk-cmdq-drv-ext.ko	vendor_boot_platform	cmdq_pkt_acquire_event
b23648bcd8e09e4eff391e59eee17a7400896fb040967a83908dd95691542a49	mtk_cmdq_drv_ext	mtk-cmdq-drv-ext.ko	vendor_boot_platform	cmdq_pkt_add_cmd_buffer
b23648bcd8e09e4eff391e59eee17a7400896fb040967a83908dd95691542a49	mtk_cmdq_drv_ext	mtk-cmdq-drv-ext.ko	vendor_boot_platform	cmdq_pkt_alloc_buf
b23648bcd8e09e4eff391e59eee17a7400896fb040967a83908dd95691542a49	mtk_cmdq_drv_ext	mtk-cmdq-drv-ext.ko	vendor_boot_platform	cmdq_pkt_append_command
b23648bcd8e09e4eff391e59eee17a7400896fb040967a83908dd95691542a49	mtk_cmdq_drv_ext	mtk-cmdq-drv-ext.ko	vendor_boot_platform	cmdq_pkt_assign_command
b23648bcd8e09e4eff391e59eee17a7400896fb040967a83908dd95691542a49	mtk_cmdq_drv_ext	mtk-cmdq-drv-ext.ko	vendor_boot_platform	cmdq_pkt_assign_command_reuse
b23648bcd8e09e4eff391e59eee17a7400896fb040967a83908dd95691542a49	mtk_cmdq_drv_ext	mtk-cmdq-drv-ext.ko	vendor_boot_platform	cmdq_pkt_clear_event
b23648bcd8e09e4eff391e59eee17a7400896fb040967a83908dd95691542a49	mtk_cmdq_drv_ext	mtk-cmdq-drv-ext.ko	vendor_boot_platform	cmdq_pkt_cond_jump
b23648bcd8e09e4eff391e59eee17a7400896fb040967a83908dd95691542a49	mtk_cmdq_drv_ext	mtk-cmdq-drv-ext.ko	vendor_boot_platform	cmdq_pkt_cond_jump_abs
b23648bcd8e09e4eff391e59eee17a7400896fb040967a83908dd95691542a49	mtk_cmdq_drv_ext	mtk-cmdq-drv-ext.ko	vendor_boot_platform	cmdq_pkt_copy
b23648bcd8e09e4eff391e59eee17a7400896fb040967a83908dd95691542a49	mtk_cmdq_drv_ext	mtk-cmdq-drv-ext.ko	vendor_boot_platform	cmdq_pkt_create
b23648bcd8e09e4eff391e59eee17a7400896fb040967a83908dd95691542a49	mtk_cmdq_drv_ext	mtk-cmdq-drv-ext.ko	vendor_boot_platform	cmdq_pkt_create_with_id
b23648bcd8e09e4eff391e59eee17a7400896fb040967a83908dd95691542a49	mtk_cmdq_drv_ext	mtk-cmdq-drv-ext.ko	vendor_boot_platform	cmdq_pkt_destroy
b23648bcd8e09e4eff391e59eee17a7400896fb040967a83908dd95691542a49	mtk_cmdq_drv_ext	mtk-cmdq-drv-ext.ko	vendor_boot_platform	cmdq_pkt_destroy_no_wq
b23648bcd8e09e4eff391e59eee17a7400896fb040967a83908dd95691542a49	mtk_cmdq_drv_ext	mtk-cmdq-drv-ext.ko	vendor_boot_platform	cmdq_pkt_dump_buf
b23648bcd8e09e4eff391e59eee17a7400896fb040967a83908dd95691542a49	mtk_cmdq_drv_ext	mtk-cmdq-drv-ext.ko	vendor_boot_platform	cmdq_pkt_eoc
b23648bcd8e09e4eff391e59eee17a7400896fb040967a83908dd95691542a49	mtk_cmdq_drv_ext	mtk-cmdq-drv-ext.ko	vendor_boot_platform	cmdq_pkt_finalize
b23648bcd8e09e4eff391e59eee17a7400896fb040967a83908dd95691542a49	mtk_cmdq_drv_ext	mtk-cmdq-drv-ext.ko	vendor_boot_platform	cmdq_pkt_finalize_loop
b23648bcd8e09e4eff391e59eee17a7400896fb040967a83908dd95691542a49	mtk_cmdq_drv_ext	mtk-cmdq-drv-ext.ko	vendor_boot_platform	cmdq_pkt_flush
b23648bcd8e09e4eff391e59eee17a7400896fb040967a83908dd95691542a49	mtk_cmdq_drv_ext	mtk-cmdq-drv-ext.ko	vendor_boot_platform	cmdq_pkt_flush_async
b23648bcd8e09e4eff391e59eee17a7400896fb040967a83908dd95691542a49	mtk_cmdq_drv_ext	mtk-cmdq-drv-ext.ko	vendor_boot_platform	cmdq_pkt_flush_threaded
b23648bcd8e09e4eff391e59eee17a7400896fb040967a83908dd95691542a49	mtk_cmdq_drv_ext	mtk-cmdq-drv-ext.ko	vendor_boot_platform	cmdq_pkt_get_curr_buf_pa
b23648bcd8e09e4eff391e59eee17a7400896fb040967a83908dd95691542a49	mtk_cmdq_drv_ext	mtk-cmdq-drv-ext.ko	vendor_boot_platform	cmdq_pkt_get_curr_buf_va
b23648bcd8e09e4eff391e59eee17a7400896fb040967a83908dd95691542a49	mtk_cmdq_drv_ext	mtk-cmdq-drv-ext.ko	vendor_boot_platform	cmdq_pkt_get_curr_offset
b23648bcd8e09e4eff391e59eee17a7400896fb040967a83908dd95691542a49	mtk_cmdq_drv_ext	mtk-cmdq-drv-ext.ko	vendor_boot_platform	cmdq_pkt_get_pa_by_offset
b23648bcd8e09e4eff391e59eee17a7400896fb040967a83908dd95691542a49	mtk_cmdq_drv_ext	mtk-cmdq-drv-ext.ko	vendor_boot_platform	cmdq_pkt_get_perf_ret
b23648bcd8e09e4eff391e59eee17a7400896fb040967a83908dd95691542a49	mtk_cmdq_drv_ext	mtk-cmdq-drv-ext.ko	vendor_boot_platform	cmdq_pkt_get_va_by_offset
b23648bcd8e09e4eff391e59eee17a7400896fb040967a83908dd95691542a49	mtk_cmdq_drv_ext	mtk-cmdq-drv-ext.ko	vendor_boot_platform	cmdq_pkt_handshake_event
b23648bcd8e09e4eff391e59eee17a7400896fb040967a83908dd95691542a49	mtk_cmdq_drv_ext	mtk-cmdq-drv-ext.ko	vendor_boot_platform	cmdq_pkt_hw_trace
b23648bcd8e09e4eff391e59eee17a7400896fb040967a83908dd95691542a49	mtk_cmdq_drv_ext	mtk-cmdq-drv-ext.ko	vendor_boot_platform	cmdq_pkt_jump
b23648bcd8e09e4eff391e59eee17a7400896fb040967a83908dd95691542a49	mtk_cmdq_drv_ext	mtk-cmdq-drv-ext.ko	vendor_boot_platform	cmdq_pkt_jump_addr
b23648bcd8e09e4eff391e59eee17a7400896fb040967a83908dd95691542a49	mtk_cmdq_drv_ext	mtk-cmdq-drv-ext.ko	vendor_boot_platform	cmdq_pkt_logic_command
b23648bcd8e09e4eff391e59eee17a7400896fb040967a83908dd95691542a49	mtk_cmdq_drv_ext	mtk-cmdq-drv-ext.ko	vendor_boot_platform	cmdq_pkt_mem_move
b23648bcd8e09e4eff391e59eee17a7400896fb040967a83908dd95691542a49	mtk_cmdq_drv_ext	mtk-cmdq-drv-ext.ko	vendor_boot_platform	cmdq_pkt_move
b23648bcd8e09e4eff391e59eee17a7400896fb040967a83908dd95691542a49	mtk_cmdq_drv_ext	mtk-cmdq-drv-ext.ko	vendor_boot_platform	cmdq_pkt_parse_buf
b23648bcd8e09e4eff391e59eee17a7400896fb040967a83908dd95691542a49	mtk_cmdq_drv_ext	mtk-cmdq-drv-ext.ko	vendor_boot_platform	cmdq_pkt_perf_begin
b23648bcd8e09e4eff391e59eee17a7400896fb040967a83908dd95691542a49	mtk_cmdq_drv_ext	mtk-cmdq-drv-ext.ko	vendor_boot_platform	cmdq_pkt_perf_end
b23648bcd8e09e4eff391e59eee17a7400896fb040967a83908dd95691542a49	mtk_cmdq_drv_ext	mtk-cmdq-drv-ext.ko	vendor_boot_platform	cmdq_pkt_poll
b23648bcd8e09e4eff391e59eee17a7400896fb040967a83908dd95691542a49	mtk_cmdq_drv_ext	mtk-cmdq-drv-ext.ko	vendor_boot_platform	cmdq_pkt_poll_addr
b23648bcd8e09e4eff391e59eee17a7400896fb040967a83908dd95691542a49	mtk_cmdq_drv_ext	mtk-cmdq-drv-ext.ko	vendor_boot_platform	cmdq_pkt_poll_reg
b23648bcd8e09e4eff391e59eee17a7400896fb040967a83908dd95691542a49	mtk_cmdq_drv_ext	mtk-cmdq-drv-ext.ko	vendor_boot_platform	cmdq_pkt_poll_timeout
b23648bcd8e09e4eff391e59eee17a7400896fb040967a83908dd95691542a49	mtk_cmdq_drv_ext	mtk-cmdq-drv-ext.ko	vendor_boot_platform	cmdq_pkt_poll_timeout_reuse
b23648bcd8e09e4eff391e59eee17a7400896fb040967a83908dd95691542a49	mtk_cmdq_drv_ext	mtk-cmdq-drv-ext.ko	vendor_boot_platform	cmdq_pkt_read
b23648bcd8e09e4eff391e59eee17a7400896fb040967a83908dd95691542a49	mtk_cmdq_drv_ext	mtk-cmdq-drv-ext.ko	vendor_boot_platform	cmdq_pkt_read_addr
b23648bcd8e09e4eff391e59eee17a7400896fb040967a83908dd95691542a49	mtk_cmdq_drv_ext	mtk-cmdq-drv-ext.ko	vendor_boot_platform	cmdq_pkt_read_reg
b23648bcd8e09e4eff391e59eee17a7400896fb040967a83908dd95691542a49	mtk_cmdq_drv_ext	mtk-cmdq-drv-ext.ko	vendor_boot_platform	cmdq_pkt_readback
b23648bcd8e09e4eff391e59eee17a7400896fb040967a83908dd95691542a49	mtk_cmdq_drv_ext	mtk-cmdq-drv-ext.ko	vendor_boot_platform	cmdq_pkt_realloc_cmd_buffer
b23648bcd8e09e4eff391e59eee17a7400896fb040967a83908dd95691542a49	mtk_cmdq_drv_ext	mtk-cmdq-drv-ext.ko	vendor_boot_platform	cmdq_pkt_refinalize
b23648bcd8e09e4eff391e59eee17a7400896fb040967a83908dd95691542a49	mtk_cmdq_drv_ext	mtk-cmdq-drv-ext.ko	vendor_boot_platform	cmdq_pkt_reuse_buf_va
b23648bcd8e09e4eff391e59eee17a7400896fb040967a83908dd95691542a49	mtk_cmdq_drv_ext	mtk-cmdq-drv-ext.ko	vendor_boot_platform	cmdq_pkt_reuse_poll
b23648bcd8e09e4eff391e59eee17a7400896fb040967a83908dd95691542a49	mtk_cmdq_drv_ext	mtk-cmdq-drv-ext.ko	vendor_boot_platform	cmdq_pkt_reuse_value
b23648bcd8e09e4eff391e59eee17a7400896fb040967a83908dd95691542a49	mtk_cmdq_drv_ext	mtk-cmdq-drv-ext.ko	vendor_boot_platform	cmdq_pkt_set_err_cb
b23648bcd8e09e4eff391e59eee17a7400896fb040967a83908dd95691542a49	mtk_cmdq_drv_ext	mtk-cmdq-drv-ext.ko	vendor_boot_platform	cmdq_pkt_set_event
b23648bcd8e09e4eff391e59eee17a7400896fb040967a83908dd95691542a49	mtk_cmdq_drv_ext	mtk-cmdq-drv-ext.ko	vendor_boot_platform	cmdq_pkt_set_noirq
b23648bcd8e09e4eff391e59eee17a7400896fb040967a83908dd95691542a49	mtk_cmdq_drv_ext	mtk-cmdq-drv-ext.ko	vendor_boot_platform	cmdq_pkt_sleep
b23648bcd8e09e4eff391e59eee17a7400896fb040967a83908dd95691542a49	mtk_cmdq_drv_ext	mtk-cmdq-drv-ext.ko	vendor_boot_platform	cmdq_pkt_sleep_reuse
b23648bcd8e09e4eff391e59eee17a7400896fb040967a83908dd95691542a49	mtk_cmdq_drv_ext	mtk-cmdq-drv-ext.ko	vendor_boot_platform	cmdq_pkt_store64_value_reg
b23648bcd8e09e4eff391e59eee17a7400896fb040967a83908dd95691542a49	mtk_cmdq_drv_ext	mtk-cmdq-drv-ext.ko	vendor_boot_platform	cmdq_pkt_store_value
b23648bcd8e09e4eff391e59eee17a7400896fb040967a83908dd95691542a49	mtk_cmdq_drv_ext	mtk-cmdq-drv-ext.ko	vendor_boot_platform	cmdq_pkt_store_value_reg
b23648bcd8e09e4eff391e59eee17a7400896fb040967a83908dd95691542a49	mtk_cmdq_drv_ext	mtk-cmdq-drv-ext.ko	vendor_boot_platform	cmdq_pkt_timer_en
b23648bcd8e09e4eff391e59eee17a7400896fb040967a83908dd95691542a49	mtk_cmdq_drv_ext	mtk-cmdq-drv-ext.ko	vendor_boot_platform	cmdq_pkt_vcp_reuse_val
b23648bcd8e09e4eff391e59eee17a7400896fb040967a83908dd95691542a49	mtk_cmdq_drv_ext	mtk-cmdq-drv-ext.ko	vendor_boot_platform	cmdq_pkt_wait_complete
b23648bcd8e09e4eff391e59eee17a7400896fb040967a83908dd95691542a49	mtk_cmdq_drv_ext	mtk-cmdq-drv-ext.ko	vendor_boot_platform	cmdq_pkt_wait_no_clear
b23648bcd8e09e4eff391e59eee17a7400896fb040967a83908dd95691542a49	mtk_cmdq_drv_ext	mtk-cmdq-drv-ext.ko	vendor_boot_platform	cmdq_pkt_wfe
b23648bcd8e09e4eff391e59eee17a7400896fb040967a83908dd95691542a49	mtk_cmdq_drv_ext	mtk-cmdq-drv-ext.ko	vendor_boot_platform	cmdq_pkt_write
b23648bcd8e09e4eff391e59eee17a7400896fb040967a83908dd95691542a49	mtk_cmdq_drv_ext	mtk-cmdq-drv-ext.ko	vendor_boot_platform	cmdq_pkt_write_dummy
b23648bcd8e09e4eff391e59eee17a7400896fb040967a83908dd95691542a49	mtk_cmdq_drv_ext	mtk-cmdq-drv-ext.ko	vendor_boot_platform	cmdq_pkt_write_indriect
b23648bcd8e09e4eff391e59eee17a7400896fb040967a83908dd95691542a49	mtk_cmdq_drv_ext	mtk-cmdq-drv-ext.ko	vendor_boot_platform	cmdq_pkt_write_reg
b23648bcd8e09e4eff391e59eee17a7400896fb040967a83908dd95691542a49	mtk_cmdq_drv_ext	mtk-cmdq-drv-ext.ko	vendor_boot_platform	cmdq_pkt_write_reg_addr
b23648bcd8e09e4eff391e59eee17a7400896fb040967a83908dd95691542a49	mtk_cmdq_drv_ext	mtk-cmdq-drv-ext.ko	vendor_boot_platform	cmdq_pkt_write_reg_addr_reuse
b23648bcd8e09e4eff391e59eee17a7400896fb040967a83908dd95691542a49	mtk_cmdq_drv_ext	mtk-cmdq-drv-ext.ko	vendor_boot_platform	cmdq_pkt_write_reg_indriect
b23648bcd8e09e4eff391e59eee17a7400896fb040967a83908dd95691542a49	mtk_cmdq_drv_ext	mtk-cmdq-drv-ext.ko	vendor_boot_platform	cmdq_pkt_write_value
b23648bcd8e09e4eff391e59eee17a7400896fb040967a83908dd95691542a49	mtk_cmdq_drv_ext	mtk-cmdq-drv-ext.ko	vendor_boot_platform	cmdq_pkt_write_value_addr
b23648bcd8e09e4eff391e59eee17a7400896fb040967a83908dd95691542a49	mtk_cmdq_drv_ext	mtk-cmdq-drv-ext.ko	vendor_boot_platform	cmdq_pkt_write_value_addr_reuse
b23648bcd8e09e4eff391e59eee17a7400896fb040967a83908dd95691542a49	mtk_cmdq_drv_ext	mtk-cmdq-drv-ext.ko	vendor_boot_platform	cmdq_print_trace
b23648bcd8e09e4eff391e59eee17a7400896fb040967a83908dd95691542a49	mtk_cmdq_drv_ext	mtk-cmdq-drv-ext.ko	vendor_boot_platform	cmdq_proc_create
b23648bcd8e09e4eff391e59eee17a7400896fb040967a83908dd95691542a49	mtk_cmdq_drv_ext	mtk-cmdq-drv-ext.ko	vendor_boot_platform	cmdq_proc_debug_off
b23648bcd8e09e4eff391e59eee17a7400896fb040967a83908dd95691542a49	mtk_cmdq_drv_ext	mtk-cmdq-drv-ext.ko	vendor_boot_platform	cmdq_pwr_log
b23648bcd8e09e4eff391e59eee17a7400896fb040967a83908dd95691542a49	mtk_cmdq_drv_ext	mtk-cmdq-drv-ext.ko	vendor_boot_platform	cmdq_register_device
b23648bcd8e09e4eff391e59eee17a7400896fb040967a83908dd95691542a49	mtk_cmdq_drv_ext	mtk-cmdq-drv-ext.ko	vendor_boot_platform	cmdq_reuse_refresh
b23648bcd8e09e4eff391e59eee17a7400896fb040967a83908dd95691542a49	mtk_cmdq_drv_ext	mtk-cmdq-drv-ext.ko	vendor_boot_platform	cmdq_sec_helper_set_fp
b23648bcd8e09e4eff391e59eee17a7400896fb040967a83908dd95691542a49	mtk_cmdq_drv_ext	mtk-cmdq-drv-ext.ko	vendor_boot_platform	cmdq_set_alldump
b23648bcd8e09e4eff391e59eee17a7400896fb040967a83908dd95691542a49	mtk_cmdq_drv_ext	mtk-cmdq-drv-ext.ko	vendor_boot_platform	cmdq_set_event
b23648bcd8e09e4eff391e59eee17a7400896fb040967a83908dd95691542a49	mtk_cmdq_drv_ext	mtk-cmdq-drv-ext.ko	vendor_boot_platform	cmdq_set_outpin_event
b23648bcd8e09e4eff391e59eee17a7400896fb040967a83908dd95691542a49	mtk_cmdq_drv_ext	mtk-cmdq-drv-ext.ko	vendor_boot_platform	cmdq_subsys_id_to_base
b23648bcd8e09e4eff391e59eee17a7400896fb040967a83908dd95691542a49	mtk_cmdq_drv_ext	mtk-cmdq-drv-ext.ko	vendor_boot_platform	cmdq_task_current_offset
b23648bcd8e09e4eff391e59eee17a7400896fb040967a83908dd95691542a49	mtk_cmdq_drv_ext	mtk-cmdq-drv-ext.ko	vendor_boot_platform	cmdq_task_get_pkt_from_thread
b23648bcd8e09e4eff391e59eee17a7400896fb040967a83908dd95691542a49	mtk_cmdq_drv_ext	mtk-cmdq-drv-ext.ko	vendor_boot_platform	cmdq_task_get_thread_irq
b23648bcd8e09e4eff391e59eee17a7400896fb040967a83908dd95691542a49	mtk_cmdq_drv_ext	mtk-cmdq-drv-ext.ko	vendor_boot_platform	cmdq_task_get_thread_pc
b23648bcd8e09e4eff391e59eee17a7400896fb040967a83908dd95691542a49	mtk_cmdq_drv_ext	mtk-cmdq-drv-ext.ko	vendor_boot_platform	cmdq_tfa_read_dbg
b23648bcd8e09e4eff391e59eee17a7400896fb040967a83908dd95691542a49	mtk_cmdq_drv_ext	mtk-cmdq-drv-ext.ko	vendor_boot_platform	cmdq_thread_dump
b23648bcd8e09e4eff391e59eee17a7400896fb040967a83908dd95691542a49	mtk_cmdq_drv_ext	mtk-cmdq-drv-ext.ko	vendor_boot_platform	cmdq_thread_dump_all
b23648bcd8e09e4eff391e59eee17a7400896fb040967a83908dd95691542a49	mtk_cmdq_drv_ext	mtk-cmdq-drv-ext.ko	vendor_boot_platform	cmdq_thread_dump_all_seq
b23648bcd8e09e4eff391e59eee17a7400896fb040967a83908dd95691542a49	mtk_cmdq_drv_ext	mtk-cmdq-drv-ext.ko	vendor_boot_platform	cmdq_thread_dump_spr
b23648bcd8e09e4eff391e59eee17a7400896fb040967a83908dd95691542a49	mtk_cmdq_drv_ext	mtk-cmdq-drv-ext.ko	vendor_boot_platform	cmdq_thread_set_spr
b23648bcd8e09e4eff391e59eee17a7400896fb040967a83908dd95691542a49	mtk_cmdq_drv_ext	mtk-cmdq-drv-ext.ko	vendor_boot_platform	cmdq_thread_timeout_backup
b23648bcd8e09e4eff391e59eee17a7400896fb040967a83908dd95691542a49	mtk_cmdq_drv_ext	mtk-cmdq-drv-ext.ko	vendor_boot_platform	cmdq_thread_timeout_restore
b23648bcd8e09e4eff391e59eee17a7400896fb040967a83908dd95691542a49	mtk_cmdq_drv_ext	mtk-cmdq-drv-ext.ko	vendor_boot_platform	cmdq_trace
b23648bcd8e09e4eff391e59eee17a7400896fb040967a83908dd95691542a49	mtk_cmdq_drv_ext	mtk-cmdq-drv-ext.ko	vendor_boot_platform	cmdq_util_buff_track
b23648bcd8e09e4eff391e59eee17a7400896fb040967a83908dd95691542a49	mtk_cmdq_drv_ext	mtk-cmdq-drv-ext.ko	vendor_boot_platform	cmdq_util_check_hw_trace_work
b23648bcd8e09e4eff391e59eee17a7400896fb040967a83908dd95691542a49	mtk_cmdq_drv_ext	mtk-cmdq-drv-ext.ko	vendor_boot_platform	cmdq_util_devapc_dump
b23648bcd8e09e4eff391e59eee17a7400896fb040967a83908dd95691542a49	mtk_cmdq_drv_ext	mtk-cmdq-drv-ext.ko	vendor_boot_platform	cmdq_util_disp_smc_cmd
b23648bcd8e09e4eff391e59eee17a7400896fb040967a83908dd95691542a49	mtk_cmdq_drv_ext	mtk-cmdq-drv-ext.ko	vendor_boot_platform	cmdq_util_dump_fast_mtcmos
b23648bcd8e09e4eff391e59eee17a7400896fb040967a83908dd95691542a49	mtk_cmdq_drv_ext	mtk-cmdq-drv-ext.ko	vendor_boot_platform	cmdq_util_dump_lock
b23648bcd8e09e4eff391e59eee17a7400896fb040967a83908dd95691542a49	mtk_cmdq_drv_ext	mtk-cmdq-drv-ext.ko	vendor_boot_platform	cmdq_util_dump_smi
b23648bcd8e09e4eff391e59eee17a7400896fb040967a83908dd95691542a49	mtk_cmdq_drv_ext	mtk-cmdq-drv-ext.ko	vendor_boot_platform	cmdq_util_dump_unlock
b23648bcd8e09e4eff391e59eee17a7400896fb040967a83908dd95691542a49	mtk_cmdq_drv_ext	mtk-cmdq-drv-ext.ko	vendor_boot_platform	cmdq_util_enable_dbg
b23648bcd8e09e4eff391e59eee17a7400896fb040967a83908dd95691542a49	mtk_cmdq_drv_ext	mtk-cmdq-drv-ext.ko	vendor_boot_platform	cmdq_util_enable_disp_va
b23648bcd8e09e4eff391e59eee17a7400896fb040967a83908dd95691542a49	mtk_cmdq_drv_ext	mtk-cmdq-drv-ext.ko	vendor_boot_platform	cmdq_util_error_disable
b23648bcd8e09e4eff391e59eee17a7400896fb040967a83908dd95691542a49	mtk_cmdq_drv_ext	mtk-cmdq-drv-ext.ko	vendor_boot_platform	cmdq_util_error_enable
b23648bcd8e09e4eff391e59eee17a7400896fb040967a83908dd95691542a49	mtk_cmdq_drv_ext	mtk-cmdq-drv-ext.ko	vendor_boot_platform	cmdq_util_error_save
b23648bcd8e09e4eff391e59eee17a7400896fb040967a83908dd95691542a49	mtk_cmdq_drv_ext	mtk-cmdq-drv-ext.ko	vendor_boot_platform	cmdq_util_error_save_lst
b23648bcd8e09e4eff391e59eee17a7400896fb040967a83908dd95691542a49	mtk_cmdq_drv_ext	mtk-cmdq-drv-ext.ko	vendor_boot_platform	cmdq_util_event_module_dispatch
b23648bcd8e09e4eff391e59eee17a7400896fb040967a83908dd95691542a49	mtk_cmdq_drv_ext	mtk-cmdq-drv-ext.ko	vendor_boot_platform	cmdq_util_get_bit_feature
b23648bcd8e09e4eff391e59eee17a7400896fb040967a83908dd95691542a49	mtk_cmdq_drv_ext	mtk-cmdq-drv-ext.ko	vendor_boot_platform	cmdq_util_get_first_err_mod
b23648bcd8e09e4eff391e59eee17a7400896fb040967a83908dd95691542a49	mtk_cmdq_drv_ext	mtk-cmdq-drv-ext.ko	vendor_boot_platform	cmdq_util_get_hw_id
b23648bcd8e09e4eff391e59eee17a7400896fb040967a83908dd95691542a49	mtk_cmdq_drv_ext	mtk-cmdq-drv-ext.ko	vendor_boot_platform	cmdq_util_hw_trace_disable
b23648bcd8e09e4eff391e59eee17a7400896fb040967a83908dd95691542a49	mtk_cmdq_drv_ext	mtk-cmdq-drv-ext.ko	vendor_boot_platform	cmdq_util_hw_trace_dump
b23648bcd8e09e4eff391e59eee17a7400896fb040967a83908dd95691542a49	mtk_cmdq_drv_ext	mtk-cmdq-drv-ext.ko	vendor_boot_platform	cmdq_util_hw_trace_enable
b23648bcd8e09e4eff391e59eee17a7400896fb040967a83908dd95691542a49	mtk_cmdq_drv_ext	mtk-cmdq-drv-ext.ko	vendor_boot_platform	cmdq_util_hw_trace_mode_update
b23648bcd8e09e4eff391e59eee17a7400896fb040967a83908dd95691542a49	mtk_cmdq_drv_ext	mtk-cmdq-drv-ext.ko	vendor_boot_platform	cmdq_util_hw_trace_set_client
b23648bcd8e09e4eff391e59eee17a7400896fb040967a83908dd95691542a49	mtk_cmdq_drv_ext	mtk-cmdq-drv-ext.ko	vendor_boot_platform	cmdq_util_init
b23648bcd8e09e4eff391e59eee17a7400896fb040967a83908dd95691542a49	mtk_cmdq_drv_ext	mtk-cmdq-drv-ext.ko	vendor_boot_platform	cmdq_util_is_feature_en
b23648bcd8e09e4eff391e59eee17a7400896fb040967a83908dd95691542a49	mtk_cmdq_drv_ext	mtk-cmdq-drv-ext.ko	vendor_boot_platform	cmdq_util_is_prebuilt_client
b23648bcd8e09e4eff391e59eee17a7400896fb040967a83908dd95691542a49	mtk_cmdq_drv_ext	mtk-cmdq-drv-ext.ko	vendor_boot_platform	cmdq_util_is_secure_client
b23648bcd8e09e4eff391e59eee17a7400896fb040967a83908dd95691542a49	mtk_cmdq_drv_ext	mtk-cmdq-drv-ext.ko	vendor_boot_platform	cmdq_util_log_feature_set
b23648bcd8e09e4eff391e59eee17a7400896fb040967a83908dd95691542a49	mtk_cmdq_drv_ext	mtk-cmdq-drv-ext.ko	vendor_boot_platform	cmdq_util_mminfra_cmd
b23648bcd8e09e4eff391e59eee17a7400896fb040967a83908dd95691542a49	mtk_cmdq_drv_ext	mtk-cmdq-drv-ext.ko	vendor_boot_platform	cmdq_util_mmuen_devapc_disable
b23648bcd8e09e4eff391e59eee17a7400896fb040967a83908dd95691542a49	mtk_cmdq_drv_ext	mtk-cmdq-drv-ext.ko	vendor_boot_platform	cmdq_util_prebuilt_disable
b23648bcd8e09e4eff391e59eee17a7400896fb040967a83908dd95691542a49	mtk_cmdq_drv_ext	mtk-cmdq-drv-ext.ko	vendor_boot_platform	cmdq_util_prebuilt_dump
b23648bcd8e09e4eff391e59eee17a7400896fb040967a83908dd95691542a49	mtk_cmdq_drv_ext	mtk-cmdq-drv-ext.ko	vendor_boot_platform	cmdq_util_prebuilt_dump_cpr
b23648bcd8e09e4eff391e59eee17a7400896fb040967a83908dd95691542a49	mtk_cmdq_drv_ext	mtk-cmdq-drv-ext.ko	vendor_boot_platform	cmdq_util_prebuilt_enable
b23648bcd8e09e4eff391e59eee17a7400896fb040967a83908dd95691542a49	mtk_cmdq_drv_ext	mtk-cmdq-drv-ext.ko	vendor_boot_platform	cmdq_util_prebuilt_init
b23648bcd8e09e4eff391e59eee17a7400896fb040967a83908dd95691542a49	mtk_cmdq_drv_ext	mtk-cmdq-drv-ext.ko	vendor_boot_platform	cmdq_util_prebuilt_set_client
b23648bcd8e09e4eff391e59eee17a7400896fb040967a83908dd95691542a49	mtk_cmdq_drv_ext	mtk-cmdq-drv-ext.ko	vendor_boot_platform	cmdq_util_return_dbg
b23648bcd8e09e4eff391e59eee17a7400896fb040967a83908dd95691542a49	mtk_cmdq_drv_ext	mtk-cmdq-drv-ext.ko	vendor_boot_platform	cmdq_util_set_first_err_mod
b23648bcd8e09e4eff391e59eee17a7400896fb040967a83908dd95691542a49	mtk_cmdq_drv_ext	mtk-cmdq-drv-ext.ko	vendor_boot_platform	cmdq_util_set_fp
b23648bcd8e09e4eff391e59eee17a7400896fb040967a83908dd95691542a49	mtk_cmdq_drv_ext	mtk-cmdq-drv-ext.ko	vendor_boot_platform	cmdq_util_set_mml_aid_selmode
b23648bcd8e09e4eff391e59eee17a7400896fb040967a83908dd95691542a49	mtk_cmdq_drv_ext	mtk-cmdq-drv-ext.ko	vendor_boot_platform	cmdq_util_test_get_subsys_list
b23648bcd8e09e4eff391e59eee17a7400896fb040967a83908dd95691542a49	mtk_cmdq_drv_ext	mtk-cmdq-drv-ext.ko	vendor_boot_platform	cmdq_util_test_set_ostd
b23648bcd8e09e4eff391e59eee17a7400896fb040967a83908dd95691542a49	mtk_cmdq_drv_ext	mtk-cmdq-drv-ext.ko	vendor_boot_platform	cmdq_util_thread_module_dispatch
b23648bcd8e09e4eff391e59eee17a7400896fb040967a83908dd95691542a49	mtk_cmdq_drv_ext	mtk-cmdq-drv-ext.ko	vendor_boot_platform	cmdq_util_track
b23648bcd8e09e4eff391e59eee17a7400896fb040967a83908dd95691542a49	mtk_cmdq_drv_ext	mtk-cmdq-drv-ext.ko	vendor_boot_platform	cmdq_util_track_ctrl
b23648bcd8e09e4eff391e59eee17a7400896fb040967a83908dd95691542a49	mtk_cmdq_drv_ext	mtk-cmdq-drv-ext.ko	vendor_boot_platform	cmdq_vcp_enable
b23648bcd8e09e4eff391e59eee17a7400896fb040967a83908dd95691542a49	mtk_cmdq_drv_ext	mtk-cmdq-drv-ext.ko	vendor_boot_platform	cpr_not_support_cookie
b23648bcd8e09e4eff391e59eee17a7400896fb040967a83908dd95691542a49	mtk_cmdq_drv_ext	mtk-cmdq-drv-ext.ko	vendor_boot_platform	error_irq_bug_on
b23648bcd8e09e4eff391e59eee17a7400896fb040967a83908dd95691542a49	mtk_cmdq_drv_ext	mtk-cmdq-drv-ext.ko	vendor_boot_platform	gce_in_vcp
b23648bcd8e09e4eff391e59eee17a7400896fb040967a83908dd95691542a49	mtk_cmdq_drv_ext	mtk-cmdq-drv-ext.ko	vendor_boot_platform	gce_mminfra
b23648bcd8e09e4eff391e59eee17a7400896fb040967a83908dd95691542a49	mtk_cmdq_drv_ext	mtk-cmdq-drv-ext.ko	vendor_boot_platform	gce_shift_bit
b23648bcd8e09e4eff391e59eee17a7400896fb040967a83908dd95691542a49	mtk_cmdq_drv_ext	mtk-cmdq-drv-ext.ko	vendor_boot_platform	hw_trace_built_in
b23648bcd8e09e4eff391e59eee17a7400896fb040967a83908dd95691542a49	mtk_cmdq_drv_ext	mtk-cmdq-drv-ext.ko	vendor_boot_platform	mminfra_gce_cg
b23648bcd8e09e4eff391e59eee17a7400896fb040967a83908dd95691542a49	mtk_cmdq_drv_ext	mtk-cmdq-drv-ext.ko	vendor_boot_platform	mminfra_power_cb
b23648bcd8e09e4eff391e59eee17a7400896fb040967a83908dd95691542a49	mtk_cmdq_drv_ext	mtk-cmdq-drv-ext.ko	vendor_boot_platform	mtk_cmdq_err
b23648bcd8e09e4eff391e59eee17a7400896fb040967a83908dd95691542a49	mtk_cmdq_drv_ext	mtk-cmdq-drv-ext.ko	vendor_boot_platform	mtk_cmdq_log
b23648bcd8e09e4eff391e59eee17a7400896fb040967a83908dd95691542a49	mtk_cmdq_drv_ext	mtk-cmdq-drv-ext.ko	vendor_boot_platform	mtk_cmdq_msg
b23648bcd8e09e4eff391e59eee17a7400896fb040967a83908dd95691542a49	mtk_cmdq_drv_ext	mtk-cmdq-drv-ext.ko	vendor_boot_platform	skip_poll_sleep
b40e5c77c3b121a448ee910519995407e464e413221df9baf63dcad958c42e38	mmprofile	mmprofile.ko	vendor_boot_platform	mmprofile_enable
b40e5c77c3b121a448ee910519995407e464e413221df9baf63dcad958c42e38	mmprofile	mmprofile.ko	vendor_boot_platform	mmprofile_enable_event
b40e5c77c3b121a448ee910519995407e464e413221df9baf63dcad958c42e38	mmprofile	mmprofile.ko	vendor_boot_platform	mmprofile_enable_event_recursive
b40e5c77c3b121a448ee910519995407e464e413221df9baf63dcad958c42e38	mmprofile	mmprofile.ko	vendor_boot_platform	mmprofile_enable_ftrace_event
b40e5c77c3b121a448ee910519995407e464e413221df9baf63dcad958c42e38	mmprofile	mmprofile.ko	vendor_boot_platform	mmprofile_enable_ftrace_event_recursive
b40e5c77c3b121a448ee910519995407e464e413221df9baf63dcad958c42e38	mmprofile	mmprofile.ko	vendor_boot_platform	mmprofile_find_event
b40e5c77c3b121a448ee910519995407e464e413221df9baf63dcad958c42e38	mmprofile	mmprofile.ko	vendor_boot_platform	mmprofile_log
b40e5c77c3b121a448ee910519995407e464e413221df9baf63dcad958c42e38	mmprofile	mmprofile.ko	vendor_boot_platform	mmprofile_log_ex
b40e5c77c3b121a448ee910519995407e464e413221df9baf63dcad958c42e38	mmprofile	mmprofile.ko	vendor_boot_platform	mmprofile_log_meta
b40e5c77c3b121a448ee910519995407e464e413221df9baf63dcad958c42e38	mmprofile	mmprofile.ko	vendor_boot_platform	mmprofile_log_meta_bitmap
b40e5c77c3b121a448ee910519995407e464e413221df9baf63dcad958c42e38	mmprofile	mmprofile.ko	vendor_boot_platform	mmprofile_log_meta_string
b40e5c77c3b121a448ee910519995407e464e413221df9baf63dcad958c42e38	mmprofile	mmprofile.ko	vendor_boot_platform	mmprofile_log_meta_string_ex
b40e5c77c3b121a448ee910519995407e464e413221df9baf63dcad958c42e38	mmprofile	mmprofile.ko	vendor_boot_platform	mmprofile_log_meta_structure
b40e5c77c3b121a448ee910519995407e464e413221df9baf63dcad958c42e38	mmprofile	mmprofile.ko	vendor_boot_platform	mmprofile_log_meta_yuv_bitmap
b40e5c77c3b121a448ee910519995407e464e413221df9baf63dcad958c42e38	mmprofile	mmprofile.ko	vendor_boot_platform	mmprofile_query_enable
b40e5c77c3b121a448ee910519995407e464e413221df9baf63dcad958c42e38	mmprofile	mmprofile.ko	vendor_boot_platform	mmprofile_register_event
b40e5c77c3b121a448ee910519995407e464e413221df9baf63dcad958c42e38	mmprofile	mmprofile.ko	vendor_boot_platform	mmprofile_start
b416d0b22a4728661ea44e9c9dedf2a2ec075afa21c712fa8e38b6f0896fb64c	wmt_chrdev_wifi_connac2	wmt_chrdev_wifi_connac2.ko	vendor_dlkm	get_low_latency_mode
b416d0b22a4728661ea44e9c9dedf2a2ec075afa21c712fa8e38b6f0896fb64c	wmt_chrdev_wifi_connac2	wmt_chrdev_wifi_connac2.ko	vendor_dlkm	get_pre_cal_status
b416d0b22a4728661ea44e9c9dedf2a2ec075afa21c712fa8e38b6f0896fb64c	wmt_chrdev_wifi_connac2	wmt_chrdev_wifi_connac2.ko	vendor_dlkm	get_wifi_powered_status
b416d0b22a4728661ea44e9c9dedf2a2ec075afa21c712fa8e38b6f0896fb64c	wmt_chrdev_wifi_connac2	wmt_chrdev_wifi_connac2.ko	vendor_dlkm	get_wifi_process_status
b416d0b22a4728661ea44e9c9dedf2a2ec075afa21c712fa8e38b6f0896fb64c	wmt_chrdev_wifi_connac2	wmt_chrdev_wifi_connac2.ko	vendor_dlkm	get_wifi_standalone_log_mode
b416d0b22a4728661ea44e9c9dedf2a2ec075afa21c712fa8e38b6f0896fb64c	wmt_chrdev_wifi_connac2	wmt_chrdev_wifi_connac2.ko	vendor_dlkm	mtk_wcn_wlan_func_ctrl
b416d0b22a4728661ea44e9c9dedf2a2ec075afa21c712fa8e38b6f0896fb64c	wmt_chrdev_wifi_connac2	wmt_chrdev_wifi_connac2.ko	vendor_dlkm	mtk_wcn_wlan_reg
b416d0b22a4728661ea44e9c9dedf2a2ec075afa21c712fa8e38b6f0896fb64c	wmt_chrdev_wifi_connac2	wmt_chrdev_wifi_connac2.ko	vendor_dlkm	mtk_wcn_wlan_unreg
b416d0b22a4728661ea44e9c9dedf2a2ec075afa21c712fa8e38b6f0896fb64c	wmt_chrdev_wifi_connac2	wmt_chrdev_wifi_connac2.ko	vendor_dlkm	register_file_buf_handler
b416d0b22a4728661ea44e9c9dedf2a2ec075afa21c712fa8e38b6f0896fb64c	wmt_chrdev_wifi_connac2	wmt_chrdev_wifi_connac2.ko	vendor_dlkm	register_set_p2p_mode_handler
b416d0b22a4728661ea44e9c9dedf2a2ec075afa21c712fa8e38b6f0896fb64c	wmt_chrdev_wifi_connac2	wmt_chrdev_wifi_connac2.ko	vendor_dlkm	update_driver_l0_reset_status
b416d0b22a4728661ea44e9c9dedf2a2ec075afa21c712fa8e38b6f0896fb64c	wmt_chrdev_wifi_connac2	wmt_chrdev_wifi_connac2.ko	vendor_dlkm	update_driver_loaded_status
b416d0b22a4728661ea44e9c9dedf2a2ec075afa21c712fa8e38b6f0896fb64c	wmt_chrdev_wifi_connac2	wmt_chrdev_wifi_connac2.ko	vendor_dlkm	update_driver_reset_status
b416d0b22a4728661ea44e9c9dedf2a2ec075afa21c712fa8e38b6f0896fb64c	wmt_chrdev_wifi_connac2	wmt_chrdev_wifi_connac2.ko	vendor_dlkm	update_pre_cal_status
b416d0b22a4728661ea44e9c9dedf2a2ec075afa21c712fa8e38b6f0896fb64c	wmt_chrdev_wifi_connac2	wmt_chrdev_wifi_connac2.ko	vendor_dlkm	wifi_pwr_on_deinit
b416d0b22a4728661ea44e9c9dedf2a2ec075afa21c712fa8e38b6f0896fb64c	wmt_chrdev_wifi_connac2	wmt_chrdev_wifi_connac2.ko	vendor_dlkm	wifi_pwr_on_init
b416d0b22a4728661ea44e9c9dedf2a2ec075afa21c712fa8e38b6f0896fb64c	wmt_chrdev_wifi_connac2	wmt_chrdev_wifi_connac2.ko	vendor_dlkm	wifi_reset_end
b416d0b22a4728661ea44e9c9dedf2a2ec075afa21c712fa8e38b6f0896fb64c	wmt_chrdev_wifi_connac2	wmt_chrdev_wifi_connac2.ko	vendor_dlkm	wifi_reset_start
b5b6677cd34af02e0c9c868b2ee6281b2f52a6b8418c0147f88b1a9dd5025525	btqca	btqca.ko	system_dlkm	qca_read_soc_version
b5b6677cd34af02e0c9c868b2ee6281b2f52a6b8418c0147f88b1a9dd5025525	btqca	btqca.ko	system_dlkm	qca_send_pre_shutdown_cmd
b5b6677cd34af02e0c9c868b2ee6281b2f52a6b8418c0147f88b1a9dd5025525	btqca	btqca.ko	system_dlkm	qca_set_bdaddr
b5b6677cd34af02e0c9c868b2ee6281b2f52a6b8418c0147f88b1a9dd5025525	btqca	btqca.ko	system_dlkm	qca_set_bdaddr_rome
b5b6677cd34af02e0c9c868b2ee6281b2f52a6b8418c0147f88b1a9dd5025525	btqca	btqca.ko	system_dlkm	qca_uart_setup
b5cd837c26e7d356ee5b35b7a030e269e8f6120db2c478e7530e2e9d35473c20	mtk_panel_ext	mtk_panel_ext.ko	vendor_boot_platform	find_panel_ctx
b5cd837c26e7d356ee5b35b7a030e269e8f6120db2c478e7530e2e9d35473c20	mtk_panel_ext	mtk_panel_ext.ko	vendor_boot_platform	find_panel_ext
b5cd837c26e7d356ee5b35b7a030e269e8f6120db2c478e7530e2e9d35473c20	mtk_panel_ext	mtk_panel_ext.ko	vendor_boot_platform	mtk_drm_get_lcm_version
b5cd837c26e7d356ee5b35b7a030e269e8f6120db2c478e7530e2e9d35473c20	mtk_panel_ext	mtk_panel_ext.ko	vendor_boot_platform	mtk_panel_detach
b5cd837c26e7d356ee5b35b7a030e269e8f6120db2c478e7530e2e9d35473c20	mtk_panel_ext	mtk_panel_ext.ko	vendor_boot_platform	mtk_panel_ext_create
b5cd837c26e7d356ee5b35b7a030e269e8f6120db2c478e7530e2e9d35473c20	mtk_panel_ext	mtk_panel_ext.ko	vendor_boot_platform	mtk_panel_remove
b5cd837c26e7d356ee5b35b7a030e269e8f6120db2c478e7530e2e9d35473c20	mtk_panel_ext	mtk_panel_ext.ko	vendor_boot_platform	mtk_panel_tch_handle_init
b5cd837c26e7d356ee5b35b7a030e269e8f6120db2c478e7530e2e9d35473c20	mtk_panel_ext	mtk_panel_ext.ko	vendor_boot_platform	mtk_panel_tch_handle_reg
b5cd837c26e7d356ee5b35b7a030e269e8f6120db2c478e7530e2e9d35473c20	mtk_panel_ext	mtk_panel_ext.ko	vendor_boot_platform	mtk_panel_tch_rst
b7cf44b7609c215f2fb772e3c6e55b6de04ea311ccb5a8a0e9fde0b8ba20eeb6	thermal_interface	thermal_interface.ko	vendor_dlkm	frs_data
b7cf44b7609c215f2fb772e3c6e55b6de04ea311ccb5a8a0e9fde0b8ba20eeb6	thermal_interface	thermal_interface.ko	vendor_dlkm	get_catm_min_ttj
b7cf44b7609c215f2fb772e3c6e55b6de04ea311ccb5a8a0e9fde0b8ba20eeb6	thermal_interface	thermal_interface.ko	vendor_dlkm	get_catm_ttj
b7cf44b7609c215f2fb772e3c6e55b6de04ea311ccb5a8a0e9fde0b8ba20eeb6	thermal_interface	thermal_interface.ko	vendor_dlkm	get_cpu_ceiling_freq
b7cf44b7609c215f2fb772e3c6e55b6de04ea311ccb5a8a0e9fde0b8ba20eeb6	thermal_interface	thermal_interface.ko	vendor_dlkm	get_cpu_temp
b7cf44b7609c215f2fb772e3c6e55b6de04ea311ccb5a8a0e9fde0b8ba20eeb6	thermal_interface	thermal_interface.ko	vendor_dlkm	get_dsu_ceiling_freq
b7cf44b7609c215f2fb772e3c6e55b6de04ea311ccb5a8a0e9fde0b8ba20eeb6	thermal_interface	thermal_interface.ko	vendor_dlkm	get_dsu_temp
b7cf44b7609c215f2fb772e3c6e55b6de04ea311ccb5a8a0e9fde0b8ba20eeb6	thermal_interface	thermal_interface.ko	vendor_dlkm	get_jatm_suspend
b7cf44b7609c215f2fb772e3c6e55b6de04ea311ccb5a8a0e9fde0b8ba20eeb6	thermal_interface	thermal_interface.ko	vendor_dlkm	get_thermal_headroom
b7cf44b7609c215f2fb772e3c6e55b6de04ea311ccb5a8a0e9fde0b8ba20eeb6	thermal_interface	thermal_interface.ko	vendor_dlkm	get_u_vsensor0_info
b7cf44b7609c215f2fb772e3c6e55b6de04ea311ccb5a8a0e9fde0b8ba20eeb6	thermal_interface	thermal_interface.ko	vendor_dlkm	get_u_vsensor1_info
b7cf44b7609c215f2fb772e3c6e55b6de04ea311ccb5a8a0e9fde0b8ba20eeb6	thermal_interface	thermal_interface.ko	vendor_dlkm	get_u_vsensor2_info
b7cf44b7609c215f2fb772e3c6e55b6de04ea311ccb5a8a0e9fde0b8ba20eeb6	thermal_interface	thermal_interface.ko	vendor_dlkm	get_u_vsensor3_info
b7cf44b7609c215f2fb772e3c6e55b6de04ea311ccb5a8a0e9fde0b8ba20eeb6	thermal_interface	thermal_interface.ko	vendor_dlkm	get_u_vsensor4_info
b7cf44b7609c215f2fb772e3c6e55b6de04ea311ccb5a8a0e9fde0b8ba20eeb6	thermal_interface	thermal_interface.ko	vendor_dlkm	get_u_vsensor5_info
b7cf44b7609c215f2fb772e3c6e55b6de04ea311ccb5a8a0e9fde0b8ba20eeb6	thermal_interface	thermal_interface.ko	vendor_dlkm	plat_vtskin_info
b7cf44b7609c215f2fb772e3c6e55b6de04ea311ccb5a8a0e9fde0b8ba20eeb6	thermal_interface	thermal_interface.ko	vendor_dlkm	set_cold_interrupt_enable_addr
b7cf44b7609c215f2fb772e3c6e55b6de04ea311ccb5a8a0e9fde0b8ba20eeb6	thermal_interface	thermal_interface.ko	vendor_dlkm	set_cpu_active_bitmask
b7cf44b7609c215f2fb772e3c6e55b6de04ea311ccb5a8a0e9fde0b8ba20eeb6	thermal_interface	thermal_interface.ko	vendor_dlkm	set_cpu_min_opp
b7cf44b7609c215f2fb772e3c6e55b6de04ea311ccb5a8a0e9fde0b8ba20eeb6	thermal_interface	thermal_interface.ko	vendor_dlkm	set_reboot_temperature
b7cf44b7609c215f2fb772e3c6e55b6de04ea311ccb5a8a0e9fde0b8ba20eeb6	thermal_interface	thermal_interface.ko	vendor_dlkm	set_ttj
b7cf44b7609c215f2fb772e3c6e55b6de04ea311ccb5a8a0e9fde0b8ba20eeb6	thermal_interface	thermal_interface.ko	vendor_dlkm	thermal_apu_mbox_base
b7cf44b7609c215f2fb772e3c6e55b6de04ea311ccb5a8a0e9fde0b8ba20eeb6	thermal_interface	thermal_interface.ko	vendor_dlkm	thermal_cputcm_base
b7cf44b7609c215f2fb772e3c6e55b6de04ea311ccb5a8a0e9fde0b8ba20eeb6	thermal_interface	thermal_interface.ko	vendor_dlkm	thermal_csram_base
b7cf44b7609c215f2fb772e3c6e55b6de04ea311ccb5a8a0e9fde0b8ba20eeb6	thermal_interface	thermal_interface.ko	vendor_dlkm	write_jatm_suspend
b7e09b0600c38d67fb8bc233327503c7e3be1d7dc5820c43d5eb775c45d75495	thermal_trace	thermal_trace.ko	vendor_dlkm	__SCK__tp_func_cpu_hr_info_0
b7e09b0600c38d67fb8bc233327503c7e3be1d7dc5820c43d5eb775c45d75495	thermal_trace	thermal_trace.ko	vendor_dlkm	__SCK__tp_func_cpu_hr_info_1
b7e09b0600c38d67fb8bc233327503c7e3be1d7dc5820c43d5eb775c45d75495	thermal_trace	thermal_trace.ko	vendor_dlkm	__SCK__tp_func_md_mutt_limit
b7e09b0600c38d67fb8bc233327503c7e3be1d7dc5820c43d5eb775c45d75495	thermal_trace	thermal_trace.ko	vendor_dlkm	__SCK__tp_func_md_scg_off
b7e09b0600c38d67fb8bc233327503c7e3be1d7dc5820c43d5eb775c45d75495	thermal_trace	thermal_trace.ko	vendor_dlkm	__SCK__tp_func_md_tx_pwr_limit
b7e09b0600c38d67fb8bc233327503c7e3be1d7dc5820c43d5eb775c45d75495	thermal_trace	thermal_trace.ko	vendor_dlkm	__SCK__tp_func_network_tput
b7e09b0600c38d67fb8bc233327503c7e3be1d7dc5820c43d5eb775c45d75495	thermal_trace	thermal_trace.ko	vendor_dlkm	__traceiter_cpu_hr_info_0
b7e09b0600c38d67fb8bc233327503c7e3be1d7dc5820c43d5eb775c45d75495	thermal_trace	thermal_trace.ko	vendor_dlkm	__traceiter_cpu_hr_info_1
b7e09b0600c38d67fb8bc233327503c7e3be1d7dc5820c43d5eb775c45d75495	thermal_trace	thermal_trace.ko	vendor_dlkm	__traceiter_md_mutt_limit
b7e09b0600c38d67fb8bc233327503c7e3be1d7dc5820c43d5eb775c45d75495	thermal_trace	thermal_trace.ko	vendor_dlkm	__traceiter_md_scg_off
b7e09b0600c38d67fb8bc233327503c7e3be1d7dc5820c43d5eb775c45d75495	thermal_trace	thermal_trace.ko	vendor_dlkm	__traceiter_md_tx_pwr_limit
b7e09b0600c38d67fb8bc233327503c7e3be1d7dc5820c43d5eb775c45d75495	thermal_trace	thermal_trace.ko	vendor_dlkm	__traceiter_network_tput
b7e09b0600c38d67fb8bc233327503c7e3be1d7dc5820c43d5eb775c45d75495	thermal_trace	thermal_trace.ko	vendor_dlkm	__tracepoint_cpu_hr_info_0
b7e09b0600c38d67fb8bc233327503c7e3be1d7dc5820c43d5eb775c45d75495	thermal_trace	thermal_trace.ko	vendor_dlkm	__tracepoint_cpu_hr_info_1
b7e09b0600c38d67fb8bc233327503c7e3be1d7dc5820c43d5eb775c45d75495	thermal_trace	thermal_trace.ko	vendor_dlkm	__tracepoint_md_mutt_limit
b7e09b0600c38d67fb8bc233327503c7e3be1d7dc5820c43d5eb775c45d75495	thermal_trace	thermal_trace.ko	vendor_dlkm	__tracepoint_md_scg_off
b7e09b0600c38d67fb8bc233327503c7e3be1d7dc5820c43d5eb775c45d75495	thermal_trace	thermal_trace.ko	vendor_dlkm	__tracepoint_md_tx_pwr_limit
b7e09b0600c38d67fb8bc233327503c7e3be1d7dc5820c43d5eb775c45d75495	thermal_trace	thermal_trace.ko	vendor_dlkm	__tracepoint_network_tput
bacfccf1eda2f6c2fd3165872ad09f8709a97f2df4a65ce2649a7eb568634ee4	snd_soc_audiodsp_common	snd-soc-audiodsp-common.ko	vendor_dlkm	RingBuf_Bridge_update_writeptr
bacfccf1eda2f6c2fd3165872ad09f8709a97f2df4a65ce2649a7eb568634ee4	snd_soc_audiodsp_common	snd-soc-audiodsp-common.ko	vendor_dlkm	RingBuf_Clear
bacfccf1eda2f6c2fd3165872ad09f8709a97f2df4a65ce2649a7eb568634ee4	snd_soc_audiodsp_common	snd-soc-audiodsp-common.ko	vendor_dlkm	RingBuf_Reset
bacfccf1eda2f6c2fd3165872ad09f8709a97f2df4a65ce2649a7eb568634ee4	snd_soc_audiodsp_common	snd-soc-audiodsp-common.ko	vendor_dlkm	RingBuf_copyFromUserLinear
bacfccf1eda2f6c2fd3165872ad09f8709a97f2df4a65ce2649a7eb568634ee4	snd_soc_audiodsp_common	snd-soc-audiodsp-common.ko	vendor_dlkm	RingBuf_getDataCount
bacfccf1eda2f6c2fd3165872ad09f8709a97f2df4a65ce2649a7eb568634ee4	snd_soc_audiodsp_common	snd-soc-audiodsp-common.ko	vendor_dlkm	RingBuf_getFreeSpace
bacfccf1eda2f6c2fd3165872ad09f8709a97f2df4a65ce2649a7eb568634ee4	snd_soc_audiodsp_common	snd-soc-audiodsp-common.ko	vendor_dlkm	RingBuf_update_writeptr
bacfccf1eda2f6c2fd3165872ad09f8709a97f2df4a65ce2649a7eb568634ee4	snd_soc_audiodsp_common	snd-soc-audiodsp-common.ko	vendor_dlkm	adsp_task_get_latency_support
bacfccf1eda2f6c2fd3165872ad09f8709a97f2df4a65ce2649a7eb568634ee4	snd_soc_audiodsp_common	snd-soc-audiodsp-common.ko	vendor_dlkm	afe_pcm_ipi_to_dsp
bacfccf1eda2f6c2fd3165872ad09f8709a97f2df4a65ce2649a7eb568634ee4	snd_soc_audiodsp_common	snd-soc-audiodsp-common.ko	vendor_dlkm	audio_set_dsp_afe
bacfccf1eda2f6c2fd3165872ad09f8709a97f2df4a65ce2649a7eb568634ee4	snd_soc_audiodsp_common	snd-soc-audiodsp-common.ko	vendor_dlkm	clear_audiobuffer_hw
bacfccf1eda2f6c2fd3165872ad09f8709a97f2df4a65ce2649a7eb568634ee4	snd_soc_audiodsp_common	snd-soc-audiodsp-common.ko	vendor_dlkm	dump_audio_dsp_dram
bacfccf1eda2f6c2fd3165872ad09f8709a97f2df4a65ce2649a7eb568634ee4	snd_soc_audiodsp_common	snd-soc-audiodsp-common.ko	vendor_dlkm	dump_audio_hwbuffer
bacfccf1eda2f6c2fd3165872ad09f8709a97f2df4a65ce2649a7eb568634ee4	snd_soc_audiodsp_common	snd-soc-audiodsp-common.ko	vendor_dlkm	dump_rbuf_s
bacfccf1eda2f6c2fd3165872ad09f8709a97f2df4a65ce2649a7eb568634ee4	snd_soc_audiodsp_common	snd-soc-audiodsp-common.ko	vendor_dlkm	get_dsp_base
bacfccf1eda2f6c2fd3165872ad09f8709a97f2df4a65ce2649a7eb568634ee4	snd_soc_audiodsp_common	snd-soc-audiodsp-common.ko	vendor_dlkm	get_dsp_task_attr
bacfccf1eda2f6c2fd3165872ad09f8709a97f2df4a65ce2649a7eb568634ee4	snd_soc_audiodsp_common	snd-soc-audiodsp-common.ko	vendor_dlkm	get_dsp_task_id_from_str
bacfccf1eda2f6c2fd3165872ad09f8709a97f2df4a65ce2649a7eb568634ee4	snd_soc_audiodsp_common	snd-soc-audiodsp-common.ko	vendor_dlkm	get_dspdaiid_by_dspscene
bacfccf1eda2f6c2fd3165872ad09f8709a97f2df4a65ce2649a7eb568634ee4	snd_soc_audiodsp_common	snd-soc-audiodsp-common.ko	vendor_dlkm	get_dspscene_by_dspdaiid
bacfccf1eda2f6c2fd3165872ad09f8709a97f2df4a65ce2649a7eb568634ee4	snd_soc_audiodsp_common	snd-soc-audiodsp-common.ko	vendor_dlkm	get_ipi_recv_private
bacfccf1eda2f6c2fd3165872ad09f8709a97f2df4a65ce2649a7eb568634ee4	snd_soc_audiodsp_common	snd-soc-audiodsp-common.ko	vendor_dlkm	get_str_by_dsp_dai_id
bacfccf1eda2f6c2fd3165872ad09f8709a97f2df4a65ce2649a7eb568634ee4	snd_soc_audiodsp_common	snd-soc-audiodsp-common.ko	vendor_dlkm	get_task_attr
bacfccf1eda2f6c2fd3165872ad09f8709a97f2df4a65ce2649a7eb568634ee4	snd_soc_audiodsp_common	snd-soc-audiodsp-common.ko	vendor_dlkm	hook_has_video_cb
bacfccf1eda2f6c2fd3165872ad09f8709a97f2df4a65ce2649a7eb568634ee4	snd_soc_audiodsp_common	snd-soc-audiodsp-common.ko	vendor_dlkm	hook_vp_sync_cb
bacfccf1eda2f6c2fd3165872ad09f8709a97f2df4a65ce2649a7eb568634ee4	snd_soc_audiodsp_common	snd-soc-audiodsp-common.ko	vendor_dlkm	is_adsp_genpool_addr_valid
bacfccf1eda2f6c2fd3165872ad09f8709a97f2df4a65ce2649a7eb568634ee4	snd_soc_audiodsp_common	snd-soc-audiodsp-common.ko	vendor_dlkm	mtk_adsp_allocate_mem
bacfccf1eda2f6c2fd3165872ad09f8709a97f2df4a65ce2649a7eb568634ee4	snd_soc_audiodsp_common	snd-soc-audiodsp-common.ko	vendor_dlkm	mtk_adsp_free_mem
bacfccf1eda2f6c2fd3165872ad09f8709a97f2df4a65ce2649a7eb568634ee4	snd_soc_audiodsp_common	snd-soc-audiodsp-common.ko	vendor_dlkm	mtk_adsp_genpool_allocate_sharemem_ring
bacfccf1eda2f6c2fd3165872ad09f8709a97f2df4a65ce2649a7eb568634ee4	snd_soc_audiodsp_common	snd-soc-audiodsp-common.ko	vendor_dlkm	mtk_adsp_genpool_free_sharemem_ring
bacfccf1eda2f6c2fd3165872ad09f8709a97f2df4a65ce2649a7eb568634ee4	snd_soc_audiodsp_common	snd-soc-audiodsp-common.ko	vendor_dlkm	mtk_dsp_pcm_platform
bacfccf1eda2f6c2fd3165872ad09f8709a97f2df4a65ce2649a7eb568634ee4	snd_soc_audiodsp_common	snd-soc-audiodsp-common.ko	vendor_dlkm	mtk_get_adsp_dram_gen_pool
bacfccf1eda2f6c2fd3165872ad09f8709a97f2df4a65ce2649a7eb568634ee4	snd_soc_audiodsp_common	snd-soc-audiodsp-common.ko	vendor_dlkm	mtk_get_ipi_buf_scene_adsp
bacfccf1eda2f6c2fd3165872ad09f8709a97f2df4a65ce2649a7eb568634ee4	snd_soc_audiodsp_common	snd-soc-audiodsp-common.ko	vendor_dlkm	mtk_scp_ipi_send
bacfccf1eda2f6c2fd3165872ad09f8709a97f2df4a65ce2649a7eb568634ee4	snd_soc_audiodsp_common	snd-soc-audiodsp-common.ko	vendor_dlkm	set_audiobuffer_hw
bacfccf1eda2f6c2fd3165872ad09f8709a97f2df4a65ce2649a7eb568634ee4	snd_soc_audiodsp_common	snd-soc-audiodsp-common.ko	vendor_dlkm	set_audiobuffer_memorytype
bacfccf1eda2f6c2fd3165872ad09f8709a97f2df4a65ce2649a7eb568634ee4	snd_soc_audiodsp_common	snd-soc-audiodsp-common.ko	vendor_dlkm	sync_ringbuf_readidx
bb4a48a1685dff388f5dfe1dd9f8ef1951588f1ce7bfdb3042fbe1c00381a61c	cmdq_helper_inf	cmdq_helper_inf.ko	vendor_boot_platform	cmdqCoreRegisterCB
bb4a48a1685dff388f5dfe1dd9f8ef1951588f1ce7bfdb3042fbe1c00381a61c	cmdq_helper_inf	cmdq_helper_inf.ko	vendor_boot_platform	cmdqCoreRegisterDebugRegDumpCB
bb4a48a1685dff388f5dfe1dd9f8ef1951588f1ce7bfdb3042fbe1c00381a61c	cmdq_helper_inf	cmdq_helper_inf.ko	vendor_boot_platform	cmdq_clients
bb4a48a1685dff388f5dfe1dd9f8ef1951588f1ce7bfdb3042fbe1c00381a61c	cmdq_helper_inf	cmdq_helper_inf.ko	vendor_boot_platform	cmdq_core_query_first_err_mod
bb4a48a1685dff388f5dfe1dd9f8ef1951588f1ce7bfdb3042fbe1c00381a61c	cmdq_helper_inf	cmdq_helper_inf.ko	vendor_boot_platform	cmdq_core_save_first_dump
bb4a48a1685dff388f5dfe1dd9f8ef1951588f1ce7bfdb3042fbe1c00381a61c	cmdq_helper_inf	cmdq_helper_inf.ko	vendor_boot_platform	cmdq_core_should_print_msg
bb4a48a1685dff388f5dfe1dd9f8ef1951588f1ce7bfdb3042fbe1c00381a61c	cmdq_helper_inf	cmdq_helper_inf.ko	vendor_boot_platform	cmdq_ctx
bb4a48a1685dff388f5dfe1dd9f8ef1951588f1ce7bfdb3042fbe1c00381a61c	cmdq_helper_inf	cmdq_helper_inf.ko	vendor_boot_platform	cmdq_debug_cb
bb4a48a1685dff388f5dfe1dd9f8ef1951588f1ce7bfdb3042fbe1c00381a61c	cmdq_helper_inf	cmdq_helper_inf.ko	vendor_boot_platform	cmdq_group_cb
bb4a48a1685dff388f5dfe1dd9f8ef1951588f1ce7bfdb3042fbe1c00381a61c	cmdq_helper_inf	cmdq_helper_inf.ko	vendor_boot_platform	mdp_funcs
bb4a48a1685dff388f5dfe1dd9f8ef1951588f1ce7bfdb3042fbe1c00381a61c	cmdq_helper_inf	cmdq_helper_inf.ko	vendor_boot_platform	mdp_get_group_isp
bb4a48a1685dff388f5dfe1dd9f8ef1951588f1ce7bfdb3042fbe1c00381a61c	cmdq_helper_inf	cmdq_helper_inf.ko	vendor_boot_platform	mdp_get_group_wpe
bb63d614894cd8b605f6bb1f2304aa90e9c5848d235e30522414b7eb45dcce4f	mtk_qos	mtk_qos.ko	vendor_dlkm	get_qos_bound
bb63d614894cd8b605f6bb1f2304aa90e9c5848d235e30522414b7eb45dcce4f	mtk_qos	mtk_qos.ko	vendor_dlkm	get_qos_bound_apubw_mon
bb63d614894cd8b605f6bb1f2304aa90e9c5848d235e30522414b7eb45dcce4f	mtk_qos	mtk_qos.ko	vendor_dlkm	get_qos_bound_apulat_mon
bb63d614894cd8b605f6bb1f2304aa90e9c5848d235e30522414b7eb45dcce4f	mtk_qos	mtk_qos.ko	vendor_dlkm	get_qos_bound_buf
bb63d614894cd8b605f6bb1f2304aa90e9c5848d235e30522414b7eb45dcce4f	mtk_qos	mtk_qos.ko	vendor_dlkm	get_qos_bound_bw_threshold
bb63d614894cd8b605f6bb1f2304aa90e9c5848d235e30522414b7eb45dcce4f	mtk_qos	mtk_qos.ko	vendor_dlkm	get_qos_bound_count
bb63d614894cd8b605f6bb1f2304aa90e9c5848d235e30522414b7eb45dcce4f	mtk_qos	mtk_qos.ko	vendor_dlkm	get_qos_bound_emibw_mon
bb63d614894cd8b605f6bb1f2304aa90e9c5848d235e30522414b7eb45dcce4f	mtk_qos	mtk_qos.ko	vendor_dlkm	get_qos_bound_idx
bb63d614894cd8b605f6bb1f2304aa90e9c5848d235e30522414b7eb45dcce4f	mtk_qos	mtk_qos.ko	vendor_dlkm	get_qos_bound_smibw_mon
bb63d614894cd8b605f6bb1f2304aa90e9c5848d235e30522414b7eb45dcce4f	mtk_qos	mtk_qos.ko	vendor_dlkm	qos_get_ipi_cmd
bb63d614894cd8b605f6bb1f2304aa90e9c5848d235e30522414b7eb45dcce4f	mtk_qos	mtk_qos.ko	vendor_dlkm	qos_init_rec_share
bb63d614894cd8b605f6bb1f2304aa90e9c5848d235e30522414b7eb45dcce4f	mtk_qos	mtk_qos.ko	vendor_dlkm	qos_ipi_init
bb63d614894cd8b605f6bb1f2304aa90e9c5848d235e30522414b7eb45dcce4f	mtk_qos	mtk_qos.ko	vendor_dlkm	qos_ipi_recv_init
bb63d614894cd8b605f6bb1f2304aa90e9c5848d235e30522414b7eb45dcce4f	mtk_qos	mtk_qos.ko	vendor_dlkm	qos_ipi_to_sspm_scmi_command
bb63d614894cd8b605f6bb1f2304aa90e9c5848d235e30522414b7eb45dcce4f	mtk_qos	mtk_qos.ko	vendor_dlkm	qos_rec_check_sram_ext
bb63d614894cd8b605f6bb1f2304aa90e9c5848d235e30522414b7eb45dcce4f	mtk_qos	mtk_qos.ko	vendor_dlkm	qos_rec_get_dramc_hist_bw
bb63d614894cd8b605f6bb1f2304aa90e9c5848d235e30522414b7eb45dcce4f	mtk_qos	mtk_qos.ko	vendor_dlkm	qos_rec_get_hist_bw
bb63d614894cd8b605f6bb1f2304aa90e9c5848d235e30522414b7eb45dcce4f	mtk_qos	mtk_qos.ko	vendor_dlkm	qos_rec_get_hist_data_bw
bb63d614894cd8b605f6bb1f2304aa90e9c5848d235e30522414b7eb45dcce4f	mtk_qos	mtk_qos.ko	vendor_dlkm	qos_rec_get_hist_idx
bb63d614894cd8b605f6bb1f2304aa90e9c5848d235e30522414b7eb45dcce4f	mtk_qos	mtk_qos.ko	vendor_dlkm	qos_share_init_sram
bb63d614894cd8b605f6bb1f2304aa90e9c5848d235e30522414b7eb45dcce4f	mtk_qos	mtk_qos.ko	vendor_dlkm	qos_share_init_sram_ext
bb63d614894cd8b605f6bb1f2304aa90e9c5848d235e30522414b7eb45dcce4f	mtk_qos	mtk_qos.ko	vendor_dlkm	qos_share_sram_read
bb63d614894cd8b605f6bb1f2304aa90e9c5848d235e30522414b7eb45dcce4f	mtk_qos	mtk_qos.ko	vendor_dlkm	qos_share_sram_read_ext
bb63d614894cd8b605f6bb1f2304aa90e9c5848d235e30522414b7eb45dcce4f	mtk_qos	mtk_qos.ko	vendor_dlkm	qos_sram_read
bb63d614894cd8b605f6bb1f2304aa90e9c5848d235e30522414b7eb45dcce4f	mtk_qos	mtk_qos.ko	vendor_dlkm	qos_sram_write
bb63d614894cd8b605f6bb1f2304aa90e9c5848d235e30522414b7eb45dcce4f	mtk_qos	mtk_qos.ko	vendor_dlkm	register_qos_notifier
bb63d614894cd8b605f6bb1f2304aa90e9c5848d235e30522414b7eb45dcce4f	mtk_qos	mtk_qos.ko	vendor_dlkm	unregister_qos_notifier
bc03ecf9402ba4313b23bf18f55e696d0d09f0197e0d21091a50d9bd5fbd5314	vcp	vcp.ko	vendor_dlkm	driver_init_done
bc03ecf9402ba4313b23bf18f55e696d0d09f0197e0d21091a50d9bd5fbd5314	vcp	vcp.ko	vendor_dlkm	dump_vcp_irq_status
bc03ecf9402ba4313b23bf18f55e696d0d09f0197e0d21091a50d9bd5fbd5314	vcp	vcp.ko	vendor_dlkm	feature_table
bc03ecf9402ba4313b23bf18f55e696d0d09f0197e0d21091a50d9bd5fbd5314	vcp	vcp.ko	vendor_dlkm	get_vcp_generation
bc03ecf9402ba4313b23bf18f55e696d0d09f0197e0d21091a50d9bd5fbd5314	vcp	vcp.ko	vendor_dlkm	get_vcp_semaphore
bc03ecf9402ba4313b23bf18f55e696d0d09f0197e0d21091a50d9bd5fbd5314	vcp	vcp.ko	vendor_dlkm	is_vcp_ready
bc03ecf9402ba4313b23bf18f55e696d0d09f0197e0d21091a50d9bd5fbd5314	vcp	vcp.ko	vendor_dlkm	is_vcp_suspending
bc03ecf9402ba4313b23bf18f55e696d0d09f0197e0d21091a50d9bd5fbd5314	vcp	vcp.ko	vendor_dlkm	release_vcp_semaphore
bc03ecf9402ba4313b23bf18f55e696d0d09f0197e0d21091a50d9bd5fbd5314	vcp	vcp.ko	vendor_dlkm	trigger_vcp_disp_sync
bc03ecf9402ba4313b23bf18f55e696d0d09f0197e0d21091a50d9bd5fbd5314	vcp	vcp.ko	vendor_dlkm	trigger_vcp_halt
bc03ecf9402ba4313b23bf18f55e696d0d09f0197e0d21091a50d9bd5fbd5314	vcp	vcp.ko	vendor_dlkm	vcp_A_register_notify
bc03ecf9402ba4313b23bf18f55e696d0d09f0197e0d21091a50d9bd5fbd5314	vcp	vcp.ko	vendor_dlkm	vcp_A_unregister_notify
bc03ecf9402ba4313b23bf18f55e696d0d09f0197e0d21091a50d9bd5fbd5314	vcp	vcp.ko	vendor_dlkm	vcp_awake_lock
bc03ecf9402ba4313b23bf18f55e696d0d09f0197e0d21091a50d9bd5fbd5314	vcp	vcp.ko	vendor_dlkm	vcp_awake_unlock
bc03ecf9402ba4313b23bf18f55e696d0d09f0197e0d21091a50d9bd5fbd5314	vcp	vcp.ko	vendor_dlkm	vcp_clr_spm_reg
bc03ecf9402ba4313b23bf18f55e696d0d09f0197e0d21091a50d9bd5fbd5314	vcp	vcp.ko	vendor_dlkm	vcp_deregister_feature
bc03ecf9402ba4313b23bf18f55e696d0d09f0197e0d21091a50d9bd5fbd5314	vcp	vcp.ko	vendor_dlkm	vcp_disable_pm_clk
bc03ecf9402ba4313b23bf18f55e696d0d09f0197e0d21091a50d9bd5fbd5314	vcp	vcp.ko	vendor_dlkm	vcp_enable_pm_clk
bc03ecf9402ba4313b23bf18f55e696d0d09f0197e0d21091a50d9bd5fbd5314	vcp	vcp.ko	vendor_dlkm	vcp_get_io_device
bc03ecf9402ba4313b23bf18f55e696d0d09f0197e0d21091a50d9bd5fbd5314	vcp	vcp.ko	vendor_dlkm	vcp_get_reserve_mem_phys
bc03ecf9402ba4313b23bf18f55e696d0d09f0197e0d21091a50d9bd5fbd5314	vcp	vcp.ko	vendor_dlkm	vcp_get_reserve_mem_size
bc03ecf9402ba4313b23bf18f55e696d0d09f0197e0d21091a50d9bd5fbd5314	vcp	vcp.ko	vendor_dlkm	vcp_get_reserve_mem_virt
bc03ecf9402ba4313b23bf18f55e696d0d09f0197e0d21091a50d9bd5fbd5314	vcp	vcp.ko	vendor_dlkm	vcp_ipidev
bc03ecf9402ba4313b23bf18f55e696d0d09f0197e0d21091a50d9bd5fbd5314	vcp	vcp.ko	vendor_dlkm	vcp_mboxdev
bc03ecf9402ba4313b23bf18f55e696d0d09f0197e0d21091a50d9bd5fbd5314	vcp	vcp.ko	vendor_dlkm	vcp_register_feature
bc03ecf9402ba4313b23bf18f55e696d0d09f0197e0d21091a50d9bd5fbd5314	vcp	vcp.ko	vendor_dlkm	vcp_wdt_reset
bc03ecf9402ba4313b23bf18f55e696d0d09f0197e0d21091a50d9bd5fbd5314	vcp	vcp.ko	vendor_dlkm	wait_vcp_ready_to_reboot
bc99873254826f5370b211b69e19a4b454ba9808a894ae20dc921ae28444632f	c2ps_perf_ioctl	c2ps_perf_ioctl.ko	vendor_dlkm	c2ps_ioctl_root
bc99873254826f5370b211b69e19a4b454ba9808a894ae20dc921ae28444632f	c2ps_perf_ioctl	c2ps_perf_ioctl.ko	vendor_dlkm	c2ps_notify_add_task_fp
bc99873254826f5370b211b69e19a4b454ba9808a894ae20dc921ae28444632f	c2ps_perf_ioctl	c2ps_perf_ioctl.ko	vendor_dlkm	c2ps_notify_camfps_fp
bc99873254826f5370b211b69e19a4b454ba9808a894ae20dc921ae28444632f	c2ps_perf_ioctl	c2ps_perf_ioctl.ko	vendor_dlkm	c2ps_notify_init_fp
bc99873254826f5370b211b69e19a4b454ba9808a894ae20dc921ae28444632f	c2ps_perf_ioctl	c2ps_perf_ioctl.ko	vendor_dlkm	c2ps_notify_task_end_fp
bc99873254826f5370b211b69e19a4b454ba9808a894ae20dc921ae28444632f	c2ps_perf_ioctl	c2ps_perf_ioctl.ko	vendor_dlkm	c2ps_notify_task_scene_change_fp
bc99873254826f5370b211b69e19a4b454ba9808a894ae20dc921ae28444632f	c2ps_perf_ioctl	c2ps_perf_ioctl.ko	vendor_dlkm	c2ps_notify_task_single_shot_fp
bc99873254826f5370b211b69e19a4b454ba9808a894ae20dc921ae28444632f	c2ps_perf_ioctl	c2ps_perf_ioctl.ko	vendor_dlkm	c2ps_notify_task_start_fp
bc99873254826f5370b211b69e19a4b454ba9808a894ae20dc921ae28444632f	c2ps_perf_ioctl	c2ps_perf_ioctl.ko	vendor_dlkm	c2ps_notify_uninit_fp
bc99873254826f5370b211b69e19a4b454ba9808a894ae20dc921ae28444632f	c2ps_perf_ioctl	c2ps_perf_ioctl.ko	vendor_dlkm	c2ps_notify_vsync_fp
bd23d2a5e901fe0698e4809c0a0623184bf506d417cbe41b237bd3225a292ed0	ccci_util_lib	ccci_util_lib.ko	vendor_dlkm	ccci_dump_write
bd23d2a5e901fe0698e4809c0a0623184bf506d417cbe41b237bd3225a292ed0	ccci_util_lib	ccci_util_lib.ko	vendor_dlkm	ccci_event_log
bd23d2a5e901fe0698e4809c0a0623184bf506d417cbe41b237bd3225a292ed0	ccci_util_lib	ccci_util_lib.ko	vendor_dlkm	ccci_get_md_check_hdr_inf
bd23d2a5e901fe0698e4809c0a0623184bf506d417cbe41b237bd3225a292ed0	ccci_util_lib	ccci_util_lib.ko	vendor_dlkm	ccci_get_md_info_str
bd23d2a5e901fe0698e4809c0a0623184bf506d417cbe41b237bd3225a292ed0	ccci_util_lib	ccci_util_lib.ko	vendor_dlkm	ccci_map_phy_addr
bd23d2a5e901fe0698e4809c0a0623184bf506d417cbe41b237bd3225a292ed0	ccci_util_lib	ccci_util_lib.ko	vendor_dlkm	ccci_sysfs_add_modem
bd23d2a5e901fe0698e4809c0a0623184bf506d417cbe41b237bd3225a292ed0	ccci_util_lib	ccci_util_lib.ko	vendor_dlkm	ccci_util_cmpt_mem_dump
bd23d2a5e901fe0698e4809c0a0623184bf506d417cbe41b237bd3225a292ed0	ccci_util_lib	ccci_util_lib.ko	vendor_dlkm	ccci_util_mem_dump
bd23d2a5e901fe0698e4809c0a0623184bf506d417cbe41b237bd3225a292ed0	ccci_util_lib	ccci_util_lib.ko	vendor_dlkm	check_rat_at_md_img
bd23d2a5e901fe0698e4809c0a0623184bf506d417cbe41b237bd3225a292ed0	ccci_util_lib	ccci_util_lib.ko	vendor_dlkm	check_rat_at_rt_setting
bd23d2a5e901fe0698e4809c0a0623184bf506d417cbe41b237bd3225a292ed0	ccci_util_lib	ccci_util_lib.ko	vendor_dlkm	free_reserved_memory
bd23d2a5e901fe0698e4809c0a0623184bf506d417cbe41b237bd3225a292ed0	ccci_util_lib	ccci_util_lib.ko	vendor_dlkm	get_md_bin_capability
bd23d2a5e901fe0698e4809c0a0623184bf506d417cbe41b237bd3225a292ed0	ccci_util_lib	ccci_util_lib.ko	vendor_dlkm	get_md_cache_region_info
bd23d2a5e901fe0698e4809c0a0623184bf506d417cbe41b237bd3225a292ed0	ccci_util_lib	ccci_util_lib.ko	vendor_dlkm	get_md_img_type
bd23d2a5e901fe0698e4809c0a0623184bf506d417cbe41b237bd3225a292ed0	ccci_util_lib	ccci_util_lib.ko	vendor_dlkm	get_md_resv_ccb_info
bd23d2a5e901fe0698e4809c0a0623184bf506d417cbe41b237bd3225a292ed0	ccci_util_lib	ccci_util_lib.ko	vendor_dlkm	get_md_resv_csmem_info
bd23d2a5e901fe0698e4809c0a0623184bf506d417cbe41b237bd3225a292ed0	ccci_util_lib	ccci_util_lib.ko	vendor_dlkm	get_md_resv_mem_info
bd23d2a5e901fe0698e4809c0a0623184bf506d417cbe41b237bd3225a292ed0	ccci_util_lib	ccci_util_lib.ko	vendor_dlkm	get_md_resv_phy_cap_size
bd23d2a5e901fe0698e4809c0a0623184bf506d417cbe41b237bd3225a292ed0	ccci_util_lib	ccci_util_lib.ko	vendor_dlkm	get_md_resv_sib_size
bd23d2a5e901fe0698e4809c0a0623184bf506d417cbe41b237bd3225a292ed0	ccci_util_lib	ccci_util_lib.ko	vendor_dlkm	get_md_resv_udc_info
bd23d2a5e901fe0698e4809c0a0623184bf506d417cbe41b237bd3225a292ed0	ccci_util_lib	ccci_util_lib.ko	vendor_dlkm	get_md_sib_mem_info
bd23d2a5e901fe0698e4809c0a0623184bf506d417cbe41b237bd3225a292ed0	ccci_util_lib	ccci_util_lib.ko	vendor_dlkm	get_md_smem_cachable_offset
bd23d2a5e901fe0698e4809c0a0623184bf506d417cbe41b237bd3225a292ed0	ccci_util_lib	ccci_util_lib.ko	vendor_dlkm	get_md_smem_dfd_size
bd23d2a5e901fe0698e4809c0a0623184bf506d417cbe41b237bd3225a292ed0	ccci_util_lib	ccci_util_lib.ko	vendor_dlkm	get_modem_is_enabled
bd23d2a5e901fe0698e4809c0a0623184bf506d417cbe41b237bd3225a292ed0	ccci_util_lib	ccci_util_lib.ko	vendor_dlkm	get_mtee_is_enabled
bd23d2a5e901fe0698e4809c0a0623184bf506d417cbe41b237bd3225a292ed0	ccci_util_lib	ccci_util_lib.ko	vendor_dlkm	get_nc_smem_region_info
bd23d2a5e901fe0698e4809c0a0623184bf506d417cbe41b237bd3225a292ed0	ccci_util_lib	ccci_util_lib.ko	vendor_dlkm	get_smem_align_padding_size
bd23d2a5e901fe0698e4809c0a0623184bf506d417cbe41b237bd3225a292ed0	ccci_util_lib	ccci_util_lib.ko	vendor_dlkm	get_smem_amms_pos_size
bd23d2a5e901fe0698e4809c0a0623184bf506d417cbe41b237bd3225a292ed0	ccci_util_lib	ccci_util_lib.ko	vendor_dlkm	get_soc_md_rt_rat
bd23d2a5e901fe0698e4809c0a0623184bf506d417cbe41b237bd3225a292ed0	ccci_util_lib	ccci_util_lib.ko	vendor_dlkm	get_soc_md_rt_rat_idx
bd23d2a5e901fe0698e4809c0a0623184bf506d417cbe41b237bd3225a292ed0	ccci_util_lib	ccci_util_lib.ko	vendor_dlkm	inject_md_status_event
bd23d2a5e901fe0698e4809c0a0623184bf506d417cbe41b237bd3225a292ed0	ccci_util_lib	ccci_util_lib.ko	vendor_dlkm	inject_pin_status_event
bd23d2a5e901fe0698e4809c0a0623184bf506d417cbe41b237bd3225a292ed0	ccci_util_lib	ccci_util_lib.ko	vendor_dlkm	mtk_ccci_add_new_args
bd23d2a5e901fe0698e4809c0a0623184bf506d417cbe41b237bd3225a292ed0	ccci_util_lib	ccci_util_lib.ko	vendor_dlkm	mtk_ccci_find_args_val
bd23d2a5e901fe0698e4809c0a0623184bf506d417cbe41b237bd3225a292ed0	ccci_util_lib	ccci_util_lib.ko	vendor_dlkm	mtk_ccci_get_md_c_smem_inf
bd23d2a5e901fe0698e4809c0a0623184bf506d417cbe41b237bd3225a292ed0	ccci_util_lib	ccci_util_lib.ko	vendor_dlkm	mtk_ccci_get_md_img_cap
bd23d2a5e901fe0698e4809c0a0623184bf506d417cbe41b237bd3225a292ed0	ccci_util_lib	ccci_util_lib.ko	vendor_dlkm	mtk_ccci_get_md_nc_smem_inf
bd23d2a5e901fe0698e4809c0a0623184bf506d417cbe41b237bd3225a292ed0	ccci_util_lib	ccci_util_lib.ko	vendor_dlkm	mtk_ccci_get_smem_by_id
bd23d2a5e901fe0698e4809c0a0623184bf506d417cbe41b237bd3225a292ed0	ccci_util_lib	ccci_util_lib.ko	vendor_dlkm	mtk_ccci_get_smem_phy_start_addr
bd23d2a5e901fe0698e4809c0a0623184bf506d417cbe41b237bd3225a292ed0	ccci_util_lib	ccci_util_lib.ko	vendor_dlkm	mtk_ccci_get_smem_start_addr
bd23d2a5e901fe0698e4809c0a0623184bf506d417cbe41b237bd3225a292ed0	ccci_util_lib	ccci_util_lib.ko	vendor_dlkm	set_soc_md_rt_rat
bd23d2a5e901fe0698e4809c0a0623184bf506d417cbe41b237bd3225a292ed0	ccci_util_lib	ccci_util_lib.ko	vendor_dlkm	set_soc_md_rt_rat_by_idx
bd23d2a5e901fe0698e4809c0a0623184bf506d417cbe41b237bd3225a292ed0	ccci_util_lib	ccci_util_lib.ko	vendor_dlkm	set_soc_md_rt_rat_str
bd23d2a5e901fe0698e4809c0a0623184bf506d417cbe41b237bd3225a292ed0	ccci_util_lib	ccci_util_lib.ko	vendor_dlkm	vmap_reserved_mem
bd3d7ff1050d6cbb38857a173a56471e5c6a1a70b04903f74b28106c56be78c1	mtk_dramc	mtk_dramc.ko	vendor_boot_platform	mtk_dramc_get_data_rate
bd3d7ff1050d6cbb38857a173a56471e5c6a1a70b04903f74b28106c56be78c1	mtk_dramc	mtk_dramc.ko	vendor_boot_platform	mtk_dramc_get_ddr_type
bd3d7ff1050d6cbb38857a173a56471e5c6a1a70b04903f74b28106c56be78c1	mtk_dramc	mtk_dramc.ko	vendor_boot_platform	mtk_dramc_get_mr4
bd3d7ff1050d6cbb38857a173a56471e5c6a1a70b04903f74b28106c56be78c1	mtk_dramc	mtk_dramc.ko	vendor_boot_platform	mtk_dramc_get_steps_freq
bd73206abe478aa8c944cd37163df48ffd439eb69e3e866f91f0eecd08030775	mtk_gpu_qos	mtk_gpu_qos.ko	vendor_dlkm	MTKGPUQoS_getBW
bd73206abe478aa8c944cd37163df48ffd439eb69e3e866f91f0eecd08030775	mtk_gpu_qos	mtk_gpu_qos.ko	vendor_dlkm	MTKGPUQoS_is_inited
bd73206abe478aa8c944cd37163df48ffd439eb69e3e866f91f0eecd08030775	mtk_gpu_qos	mtk_gpu_qos.ko	vendor_dlkm	MTKGPUQoS_mode
bd73206abe478aa8c944cd37163df48ffd439eb69e3e866f91f0eecd08030775	mtk_gpu_qos	mtk_gpu_qos.ko	vendor_dlkm	MTKGPUQoS_setup
bd8ca23d52b6b0be01a269c7038f5ca9be7cf96939cab97bf15593ec7b27f6b5	ppp_generic	ppp_generic.ko	system_dlkm	ppp_channel_index
bd8ca23d52b6b0be01a269c7038f5ca9be7cf96939cab97bf15593ec7b27f6b5	ppp_generic	ppp_generic.ko	system_dlkm	ppp_dev_name
bd8ca23d52b6b0be01a269c7038f5ca9be7cf96939cab97bf15593ec7b27f6b5	ppp_generic	ppp_generic.ko	system_dlkm	ppp_input
bd8ca23d52b6b0be01a269c7038f5ca9be7cf96939cab97bf15593ec7b27f6b5	ppp_generic	ppp_generic.ko	system_dlkm	ppp_input_error
bd8ca23d52b6b0be01a269c7038f5ca9be7cf96939cab97bf15593ec7b27f6b5	ppp_generic	ppp_generic.ko	system_dlkm	ppp_output_wakeup
bd8ca23d52b6b0be01a269c7038f5ca9be7cf96939cab97bf15593ec7b27f6b5	ppp_generic	ppp_generic.ko	system_dlkm	ppp_register_channel
bd8ca23d52b6b0be01a269c7038f5ca9be7cf96939cab97bf15593ec7b27f6b5	ppp_generic	ppp_generic.ko	system_dlkm	ppp_register_compressor
bd8ca23d52b6b0be01a269c7038f5ca9be7cf96939cab97bf15593ec7b27f6b5	ppp_generic	ppp_generic.ko	system_dlkm	ppp_register_net_channel
bd8ca23d52b6b0be01a269c7038f5ca9be7cf96939cab97bf15593ec7b27f6b5	ppp_generic	ppp_generic.ko	system_dlkm	ppp_unit_number
bd8ca23d52b6b0be01a269c7038f5ca9be7cf96939cab97bf15593ec7b27f6b5	ppp_generic	ppp_generic.ko	system_dlkm	ppp_unregister_channel
bd8ca23d52b6b0be01a269c7038f5ca9be7cf96939cab97bf15593ec7b27f6b5	ppp_generic	ppp_generic.ko	system_dlkm	ppp_unregister_compressor
be99ac4480fc568fbbdda6e9c7237fb9234326c21069c9e46cf5a3c57348eb88	r8152	r8152.ko	system_dlkm	rtl8152_get_version
bf1313d489288a3df2ff5fcf6570a817270911a50ef6be6fb4cc72b27c75ea7e	tipc	tipc.ko	system_dlkm	tipc_dump_done
bf1313d489288a3df2ff5fcf6570a817270911a50ef6be6fb4cc72b27c75ea7e	tipc	tipc.ko	system_dlkm	tipc_dump_start
bf1313d489288a3df2ff5fcf6570a817270911a50ef6be6fb4cc72b27c75ea7e	tipc	tipc.ko	system_dlkm	tipc_nl_sk_walk
bf1313d489288a3df2ff5fcf6570a817270911a50ef6be6fb4cc72b27c75ea7e	tipc	tipc.ko	system_dlkm	tipc_sk_fill_sock_diag
bf8b1efdffba13a91e67d9bd9047eb0805decbe06713fe3ce05531c89782515e	mtk_dpc	mtk_dpc.ko	vendor_boot_platform	dpc_config
bf8b1efdffba13a91e67d9bd9047eb0805decbe06713fe3ce05531c89782515e	mtk_dpc	mtk_dpc.ko	vendor_boot_platform	dpc_dc_force_enable
bf8b1efdffba13a91e67d9bd9047eb0805decbe06713fe3ce05531c89782515e	mtk_dpc	mtk_dpc.ko	vendor_boot_platform	dpc_ddr_force_enable
bf8b1efdffba13a91e67d9bd9047eb0805decbe06713fe3ce05531c89782515e	mtk_dpc	mtk_dpc.ko	vendor_boot_platform	dpc_dvfs_both_set
bf8b1efdffba13a91e67d9bd9047eb0805decbe06713fe3ce05531c89782515e	mtk_dpc	mtk_dpc.ko	vendor_boot_platform	dpc_dvfs_bw_set
bf8b1efdffba13a91e67d9bd9047eb0805decbe06713fe3ce05531c89782515e	mtk_dpc	mtk_dpc.ko	vendor_boot_platform	dpc_dvfs_set
bf8b1efdffba13a91e67d9bd9047eb0805decbe06713fe3ce05531c89782515e	mtk_dpc	mtk_dpc.ko	vendor_boot_platform	dpc_enable
bf8b1efdffba13a91e67d9bd9047eb0805decbe06713fe3ce05531c89782515e	mtk_dpc	mtk_dpc.ko	vendor_boot_platform	dpc_group_enable
bf8b1efdffba13a91e67d9bd9047eb0805decbe06713fe3ce05531c89782515e	mtk_dpc	mtk_dpc.ko	vendor_boot_platform	dpc_hrt_bw_set
bf8b1efdffba13a91e67d9bd9047eb0805decbe06713fe3ce05531c89782515e	mtk_dpc	mtk_dpc.ko	vendor_boot_platform	dpc_infra_force_enable
bf8b1efdffba13a91e67d9bd9047eb0805decbe06713fe3ce05531c89782515e	mtk_dpc	mtk_dpc.ko	vendor_boot_platform	dpc_init_panel_type
bf8b1efdffba13a91e67d9bd9047eb0805decbe06713fe3ce05531c89782515e	mtk_dpc	mtk_dpc.ko	vendor_boot_platform	dpc_mtcmos_vote
bf8b1efdffba13a91e67d9bd9047eb0805decbe06713fe3ce05531c89782515e	mtk_dpc	mtk_dpc.ko	vendor_boot_platform	dpc_pause
bf8b1efdffba13a91e67d9bd9047eb0805decbe06713fe3ce05531c89782515e	mtk_dpc	mtk_dpc.ko	vendor_boot_platform	dpc_srt_bw_set
bf8b1efdffba13a91e67d9bd9047eb0805decbe06713fe3ce05531c89782515e	mtk_dpc	mtk_dpc.ko	vendor_boot_platform	dpc_vidle_power_keep
bf8b1efdffba13a91e67d9bd9047eb0805decbe06713fe3ce05531c89782515e	mtk_dpc	mtk_dpc.ko	vendor_boot_platform	dpc_vidle_power_keep_by_gce
bf8b1efdffba13a91e67d9bd9047eb0805decbe06713fe3ce05531c89782515e	mtk_dpc	mtk_dpc.ko	vendor_boot_platform	dpc_vidle_power_release
bf8b1efdffba13a91e67d9bd9047eb0805decbe06713fe3ce05531c89782515e	mtk_dpc	mtk_dpc.ko	vendor_boot_platform	dpc_vidle_power_release_by_gce
c0e656b107f3b56aecec7b97300945563a293ccd4c6294d68abfcb15df691c0b	mtk_mminfra_debug	mtk-mminfra-debug.ko	vendor_boot_platform	mtk_mminfra_off_gipc
c1f02c92e450fab8c0a68e2e637701df730c7a86a526d382cce5f9034e753384	tui_common	tui-common.ko	vendor_dlkm	register_tpd_tui_request
c1f02c92e450fab8c0a68e2e637701df730c7a86a526d382cce5f9034e753384	tui_common	tui-common.ko	vendor_dlkm	tpd_enter_tui
c1f02c92e450fab8c0a68e2e637701df730c7a86a526d382cce5f9034e753384	tui_common	tui-common.ko	vendor_dlkm	tpd_exit_tui
c25b2d66b69dc16855fa2c0e20beffb8a2915f9d57a82aa1127c33465f9b6ac5	mtk_cam_isp7sp	mtk-cam-isp7sp.ko	vendor_dlkm	mtk_cam_seninf_aov_reset_sensor
c25b2d66b69dc16855fa2c0e20beffb8a2915f9d57a82aa1127c33465f9b6ac5	mtk_cam_isp7sp	mtk-cam-isp7sp.ko	vendor_dlkm	mtk_cam_seninf_aov_runtime_resume
c25b2d66b69dc16855fa2c0e20beffb8a2915f9d57a82aa1127c33465f9b6ac5	mtk_cam_isp7sp	mtk-cam-isp7sp.ko	vendor_dlkm	mtk_cam_seninf_aov_runtime_suspend
c25b2d66b69dc16855fa2c0e20beffb8a2915f9d57a82aa1127c33465f9b6ac5	mtk_cam_isp7sp	mtk-cam-isp7sp.ko	vendor_dlkm	mtk_cam_seninf_aov_sensor_set_mclk
c25b2d66b69dc16855fa2c0e20beffb8a2915f9d57a82aa1127c33465f9b6ac5	mtk_cam_isp7sp	mtk-cam-isp7sp.ko	vendor_dlkm	mtk_cam_seninf_s_aov_param
c2e2913908ee919dae1009aa1f483ced08fb8e1b85d64d34c58d2dd64b0f2a7f	libarc4	libarc4.ko	system_dlkm	arc4_crypt
c2e2913908ee919dae1009aa1f483ced08fb8e1b85d64d34c58d2dd64b0f2a7f	libarc4	libarc4.ko	system_dlkm	arc4_setkey
c3308bb74dffce8a580374661aaf70b8c9d1a232c7a51b04ce12cd868ddd79c0	clk_mt6878	clk-mt6878.ko	vendor_boot_platform	mt6878_pll_force_off
c4f3cc9f4d4542be924bb151cebfa9704785188f0e2754e0d67a4bcf2be18f15	mtk_charger_framework	mtk_charger_framework.ko	vendor_boot_platform	chr_get_debug_level
c4f3cc9f4d4542be924bb151cebfa9704785188f0e2754e0d67a4bcf2be18f15	mtk_charger_framework	mtk_charger_framework.ko	vendor_boot_platform	mtk_chg_enable_vbus_ovp
c4f3cc9f4d4542be924bb151cebfa9704785188f0e2754e0d67a4bcf2be18f15	mtk_charger_framework	mtk_charger_framework.ko	vendor_boot_platform	yft_cam_open_flag
c4f3cc9f4d4542be924bb151cebfa9704785188f0e2754e0d67a4bcf2be18f15	mtk_charger_framework	mtk_charger_framework.ko	vendor_boot_platform	yft_long_charger_flag
c4fde329f57f4736593968c6eafd05be66377162efa11b94fe49cea1d0e35b2d	clk_chk_mt6878	clk-chk-mt6878.ko	vendor_boot_platform	dump_clk_event
c4fde329f57f4736593968c6eafd05be66377162efa11b94fe49cea1d0e35b2d	clk_chk_mt6878	clk-chk-mt6878.ko	vendor_boot_platform	get_mt6878_reg_value
c4fde329f57f4736593968c6eafd05be66377162efa11b94fe49cea1d0e35b2d	clk_chk_mt6878	clk-chk-mt6878.ko	vendor_boot_platform	get_subsys_reg_dump_mt6878
c4fde329f57f4736593968c6eafd05be66377162efa11b94fe49cea1d0e35b2d	clk_chk_mt6878	clk-chk-mt6878.ko	vendor_boot_platform	print_subsys_reg_mt6878
c4fde329f57f4736593968c6eafd05be66377162efa11b94fe49cea1d0e35b2d	clk_chk_mt6878	clk-chk-mt6878.ko	vendor_boot_platform	set_subsys_reg_dump_mt6878
c51a910a3df3db3d56f93d60e13c6b08f3263087f67c693dec1923a0bea96e37	mtk_vmm_notifier	mtk-vmm-notifier.ko	vendor_dlkm	vmm_isp_ctrl_notify
c610fd72394b57c049aab933433126ac1a9d6eb362d8f1e3e26c156e9d793f8e	mtk_battery_oc_throttling	mtk_battery_oc_throttling.ko	vendor_boot_platform;vendor_dlkm	bat_oc_set_ppb_mode
c610fd72394b57c049aab933433126ac1a9d6eb362d8f1e3e26c156e9d793f8e	mtk_battery_oc_throttling	mtk_battery_oc_throttling.ko	vendor_boot_platform;vendor_dlkm	register_battery_oc_notify
c672dd1ba09ab5b730ad11be96eb4403aa412d974b0f3b7f499de0d69476d1ec	mtk_scp_audiocommon	mtk-scp-audiocommon.ko	vendor_dlkm	hook_scp_ipi_queue_recv_msg_handler
c672dd1ba09ab5b730ad11be96eb4403aa412d974b0f3b7f499de0d69476d1ec	mtk_scp_audiocommon	mtk-scp-audiocommon.ko	vendor_dlkm	is_audio_mbox_init_done
c672dd1ba09ab5b730ad11be96eb4403aa412d974b0f3b7f499de0d69476d1ec	mtk_scp_audiocommon	mtk-scp-audiocommon.ko	vendor_dlkm	is_scp_audio_ready
c672dd1ba09ab5b730ad11be96eb4403aa412d974b0f3b7f499de0d69476d1ec	mtk_scp_audiocommon	mtk-scp-audiocommon.ko	vendor_dlkm	scp_audio_ipi_registration
c672dd1ba09ab5b730ad11be96eb4403aa412d974b0f3b7f499de0d69476d1ec	mtk_scp_audiocommon	mtk-scp-audiocommon.ko	vendor_dlkm	scp_audio_ipi_unregistration
c672dd1ba09ab5b730ad11be96eb4403aa412d974b0f3b7f499de0d69476d1ec	mtk_scp_audiocommon	mtk-scp-audiocommon.ko	vendor_dlkm	scp_send_message
c672dd1ba09ab5b730ad11be96eb4403aa412d974b0f3b7f499de0d69476d1ec	mtk_scp_audiocommon	mtk-scp-audiocommon.ko	vendor_dlkm	unhook_scp_ipi_queue_recv_msg_handler
c9d769756514fdc11a445ab2cd050ae58d76a915eeae4da644665d0248d80d33	ufs_mediatek_dbg	ufs-mediatek-dbg.ko	vendor_boot_platform	ufs_mtk_dbg_cmd_hist_disable
c9d769756514fdc11a445ab2cd050ae58d76a915eeae4da644665d0248d80d33	ufs_mediatek_dbg	ufs-mediatek-dbg.ko	vendor_boot_platform	ufs_mtk_dbg_cmd_hist_enable
c9d769756514fdc11a445ab2cd050ae58d76a915eeae4da644665d0248d80d33	ufs_mediatek_dbg	ufs-mediatek-dbg.ko	vendor_boot_platform	ufs_mtk_dbg_dump
c9d769756514fdc11a445ab2cd050ae58d76a915eeae4da644665d0248d80d33	ufs_mediatek_dbg	ufs-mediatek-dbg.ko	vendor_boot_platform	ufs_mtk_dbg_get_aee_buffer
c9d769756514fdc11a445ab2cd050ae58d76a915eeae4da644665d0248d80d33	ufs_mediatek_dbg	ufs-mediatek-dbg.ko	vendor_boot_platform	ufs_mtk_dbg_register
c9d769756514fdc11a445ab2cd050ae58d76a915eeae4da644665d0248d80d33	ufs_mediatek_dbg	ufs-mediatek-dbg.ko	vendor_boot_platform	ufs_mtk_dbg_tp_register
c9d769756514fdc11a445ab2cd050ae58d76a915eeae4da644665d0248d80d33	ufs_mediatek_dbg	ufs-mediatek-dbg.ko	vendor_boot_platform	ufs_mtk_dbg_tp_unregister
c9d769756514fdc11a445ab2cd050ae58d76a915eeae4da644665d0248d80d33	ufs_mediatek_dbg	ufs-mediatek-dbg.ko	vendor_boot_platform	ufs_mtk_eh_abort
c9d769756514fdc11a445ab2cd050ae58d76a915eeae4da644665d0248d80d33	ufs_mediatek_dbg	ufs-mediatek-dbg.ko	vendor_boot_platform	ufs_mtk_eh_err_cnt
c9d769756514fdc11a445ab2cd050ae58d76a915eeae4da644665d0248d80d33	ufs_mediatek_dbg	ufs-mediatek-dbg.ko	vendor_boot_platform	ufs_mtk_eh_unipro_set_lpm
cb214010dffb3975f5330d9c263b955e353f25f69f6a083922f0de326b179851	cfg80211	cfg80211.ko	vendor_dlkm	__cfg80211_alloc_event_skb
cb214010dffb3975f5330d9c263b955e353f25f69f6a083922f0de326b179851	cfg80211	cfg80211.ko	vendor_dlkm	__cfg80211_alloc_reply_skb
cb214010dffb3975f5330d9c263b955e353f25f69f6a083922f0de326b179851	cfg80211	cfg80211.ko	vendor_dlkm	__cfg80211_radar_event
cb214010dffb3975f5330d9c263b955e353f25f69f6a083922f0de326b179851	cfg80211	cfg80211.ko	vendor_dlkm	__cfg80211_send_event_skb
cb214010dffb3975f5330d9c263b955e353f25f69f6a083922f0de326b179851	cfg80211	cfg80211.ko	vendor_dlkm	bridge_tunnel_header
cb214010dffb3975f5330d9c263b955e353f25f69f6a083922f0de326b179851	cfg80211	cfg80211.ko	vendor_dlkm	cfg80211_any_usable_channels
cb214010dffb3975f5330d9c263b955e353f25f69f6a083922f0de326b179851	cfg80211	cfg80211.ko	vendor_dlkm	cfg80211_assoc_comeback
cb214010dffb3975f5330d9c263b955e353f25f69f6a083922f0de326b179851	cfg80211	cfg80211.ko	vendor_dlkm	cfg80211_assoc_failure
cb214010dffb3975f5330d9c263b955e353f25f69f6a083922f0de326b179851	cfg80211	cfg80211.ko	vendor_dlkm	cfg80211_auth_timeout
cb214010dffb3975f5330d9c263b955e353f25f69f6a083922f0de326b179851	cfg80211	cfg80211.ko	vendor_dlkm	cfg80211_background_cac_abort
cb214010dffb3975f5330d9c263b955e353f25f69f6a083922f0de326b179851	cfg80211	cfg80211.ko	vendor_dlkm	cfg80211_bss_color_notify
cb214010dffb3975f5330d9c263b955e353f25f69f6a083922f0de326b179851	cfg80211	cfg80211.ko	vendor_dlkm	cfg80211_bss_flush
cb214010dffb3975f5330d9c263b955e353f25f69f6a083922f0de326b179851	cfg80211	cfg80211.ko	vendor_dlkm	cfg80211_bss_iter
cb214010dffb3975f5330d9c263b955e353f25f69f6a083922f0de326b179851	cfg80211	cfg80211.ko	vendor_dlkm	cfg80211_cac_event
cb214010dffb3975f5330d9c263b955e353f25f69f6a083922f0de326b179851	cfg80211	cfg80211.ko	vendor_dlkm	cfg80211_calculate_bitrate
cb214010dffb3975f5330d9c263b955e353f25f69f6a083922f0de326b179851	cfg80211	cfg80211.ko	vendor_dlkm	cfg80211_ch_switch_notify
cb214010dffb3975f5330d9c263b955e353f25f69f6a083922f0de326b179851	cfg80211	cfg80211.ko	vendor_dlkm	cfg80211_ch_switch_started_notify
cb214010dffb3975f5330d9c263b955e353f25f69f6a083922f0de326b179851	cfg80211	cfg80211.ko	vendor_dlkm	cfg80211_chandef_compatible
cb214010dffb3975f5330d9c263b955e353f25f69f6a083922f0de326b179851	cfg80211	cfg80211.ko	vendor_dlkm	cfg80211_chandef_create
cb214010dffb3975f5330d9c263b955e353f25f69f6a083922f0de326b179851	cfg80211	cfg80211.ko	vendor_dlkm	cfg80211_chandef_dfs_required
cb214010dffb3975f5330d9c263b955e353f25f69f6a083922f0de326b179851	cfg80211	cfg80211.ko	vendor_dlkm	cfg80211_chandef_usable
cb214010dffb3975f5330d9c263b955e353f25f69f6a083922f0de326b179851	cfg80211	cfg80211.ko	vendor_dlkm	cfg80211_chandef_valid
cb214010dffb3975f5330d9c263b955e353f25f69f6a083922f0de326b179851	cfg80211	cfg80211.ko	vendor_dlkm	cfg80211_check_combinations
cb214010dffb3975f5330d9c263b955e353f25f69f6a083922f0de326b179851	cfg80211	cfg80211.ko	vendor_dlkm	cfg80211_check_station_change
cb214010dffb3975f5330d9c263b955e353f25f69f6a083922f0de326b179851	cfg80211	cfg80211.ko	vendor_dlkm	cfg80211_classify8021d
cb214010dffb3975f5330d9c263b955e353f25f69f6a083922f0de326b179851	cfg80211	cfg80211.ko	vendor_dlkm	cfg80211_conn_failed
cb214010dffb3975f5330d9c263b955e353f25f69f6a083922f0de326b179851	cfg80211	cfg80211.ko	vendor_dlkm	cfg80211_connect_done
cb214010dffb3975f5330d9c263b955e353f25f69f6a083922f0de326b179851	cfg80211	cfg80211.ko	vendor_dlkm	cfg80211_control_port_tx_status
cb214010dffb3975f5330d9c263b955e353f25f69f6a083922f0de326b179851	cfg80211	cfg80211.ko	vendor_dlkm	cfg80211_cqm_beacon_loss_notify
cb214010dffb3975f5330d9c263b955e353f25f69f6a083922f0de326b179851	cfg80211	cfg80211.ko	vendor_dlkm	cfg80211_cqm_pktloss_notify
cb214010dffb3975f5330d9c263b955e353f25f69f6a083922f0de326b179851	cfg80211	cfg80211.ko	vendor_dlkm	cfg80211_cqm_rssi_notify
cb214010dffb3975f5330d9c263b955e353f25f69f6a083922f0de326b179851	cfg80211	cfg80211.ko	vendor_dlkm	cfg80211_cqm_txe_notify
cb214010dffb3975f5330d9c263b955e353f25f69f6a083922f0de326b179851	cfg80211	cfg80211.ko	vendor_dlkm	cfg80211_crit_proto_stopped
cb214010dffb3975f5330d9c263b955e353f25f69f6a083922f0de326b179851	cfg80211	cfg80211.ko	vendor_dlkm	cfg80211_del_sta_sinfo
cb214010dffb3975f5330d9c263b955e353f25f69f6a083922f0de326b179851	cfg80211	cfg80211.ko	vendor_dlkm	cfg80211_disconnected
cb214010dffb3975f5330d9c263b955e353f25f69f6a083922f0de326b179851	cfg80211	cfg80211.ko	vendor_dlkm	cfg80211_external_auth_request
cb214010dffb3975f5330d9c263b955e353f25f69f6a083922f0de326b179851	cfg80211	cfg80211.ko	vendor_dlkm	cfg80211_find_elem_match
cb214010dffb3975f5330d9c263b955e353f25f69f6a083922f0de326b179851	cfg80211	cfg80211.ko	vendor_dlkm	cfg80211_find_vendor_elem
cb214010dffb3975f5330d9c263b955e353f25f69f6a083922f0de326b179851	cfg80211	cfg80211.ko	vendor_dlkm	cfg80211_free_nan_func
cb214010dffb3975f5330d9c263b955e353f25f69f6a083922f0de326b179851	cfg80211	cfg80211.ko	vendor_dlkm	cfg80211_ft_event
cb214010dffb3975f5330d9c263b955e353f25f69f6a083922f0de326b179851	cfg80211	cfg80211.ko	vendor_dlkm	cfg80211_get_bss
cb214010dffb3975f5330d9c263b955e353f25f69f6a083922f0de326b179851	cfg80211	cfg80211.ko	vendor_dlkm	cfg80211_get_drvinfo
cb214010dffb3975f5330d9c263b955e353f25f69f6a083922f0de326b179851	cfg80211	cfg80211.ko	vendor_dlkm	cfg80211_get_ies_channel_number
cb214010dffb3975f5330d9c263b955e353f25f69f6a083922f0de326b179851	cfg80211	cfg80211.ko	vendor_dlkm	cfg80211_get_iftype_ext_capa
cb214010dffb3975f5330d9c263b955e353f25f69f6a083922f0de326b179851	cfg80211	cfg80211.ko	vendor_dlkm	cfg80211_get_p2p_attr
cb214010dffb3975f5330d9c263b955e353f25f69f6a083922f0de326b179851	cfg80211	cfg80211.ko	vendor_dlkm	cfg80211_get_station
cb214010dffb3975f5330d9c263b955e353f25f69f6a083922f0de326b179851	cfg80211	cfg80211.ko	vendor_dlkm	cfg80211_gtk_rekey_notify
cb214010dffb3975f5330d9c263b955e353f25f69f6a083922f0de326b179851	cfg80211	cfg80211.ko	vendor_dlkm	cfg80211_ibss_joined
cb214010dffb3975f5330d9c263b955e353f25f69f6a083922f0de326b179851	cfg80211	cfg80211.ko	vendor_dlkm	cfg80211_iftype_allowed
cb214010dffb3975f5330d9c263b955e353f25f69f6a083922f0de326b179851	cfg80211	cfg80211.ko	vendor_dlkm	cfg80211_inform_bss_data
cb214010dffb3975f5330d9c263b955e353f25f69f6a083922f0de326b179851	cfg80211	cfg80211.ko	vendor_dlkm	cfg80211_inform_bss_frame_data
cb214010dffb3975f5330d9c263b955e353f25f69f6a083922f0de326b179851	cfg80211	cfg80211.ko	vendor_dlkm	cfg80211_is_element_inherited
cb214010dffb3975f5330d9c263b955e353f25f69f6a083922f0de326b179851	cfg80211	cfg80211.ko	vendor_dlkm	cfg80211_iter_combinations
cb214010dffb3975f5330d9c263b955e353f25f69f6a083922f0de326b179851	cfg80211	cfg80211.ko	vendor_dlkm	cfg80211_merge_profile
cb214010dffb3975f5330d9c263b955e353f25f69f6a083922f0de326b179851	cfg80211	cfg80211.ko	vendor_dlkm	cfg80211_mgmt_tx_status_ext
cb214010dffb3975f5330d9c263b955e353f25f69f6a083922f0de326b179851	cfg80211	cfg80211.ko	vendor_dlkm	cfg80211_michael_mic_failure
cb214010dffb3975f5330d9c263b955e353f25f69f6a083922f0de326b179851	cfg80211	cfg80211.ko	vendor_dlkm	cfg80211_nan_func_terminated
cb214010dffb3975f5330d9c263b955e353f25f69f6a083922f0de326b179851	cfg80211	cfg80211.ko	vendor_dlkm	cfg80211_nan_match
cb214010dffb3975f5330d9c263b955e353f25f69f6a083922f0de326b179851	cfg80211	cfg80211.ko	vendor_dlkm	cfg80211_new_sta
cb214010dffb3975f5330d9c263b955e353f25f69f6a083922f0de326b179851	cfg80211	cfg80211.ko	vendor_dlkm	cfg80211_notify_new_peer_candidate
cb214010dffb3975f5330d9c263b955e353f25f69f6a083922f0de326b179851	cfg80211	cfg80211.ko	vendor_dlkm	cfg80211_pmksa_candidate_notify
cb214010dffb3975f5330d9c263b955e353f25f69f6a083922f0de326b179851	cfg80211	cfg80211.ko	vendor_dlkm	cfg80211_pmsr_complete
cb214010dffb3975f5330d9c263b955e353f25f69f6a083922f0de326b179851	cfg80211	cfg80211.ko	vendor_dlkm	cfg80211_pmsr_report
cb214010dffb3975f5330d9c263b955e353f25f69f6a083922f0de326b179851	cfg80211	cfg80211.ko	vendor_dlkm	cfg80211_port_authorized
cb214010dffb3975f5330d9c263b955e353f25f69f6a083922f0de326b179851	cfg80211	cfg80211.ko	vendor_dlkm	cfg80211_probe_status
cb214010dffb3975f5330d9c263b955e353f25f69f6a083922f0de326b179851	cfg80211	cfg80211.ko	vendor_dlkm	cfg80211_put_bss
cb214010dffb3975f5330d9c263b955e353f25f69f6a083922f0de326b179851	cfg80211	cfg80211.ko	vendor_dlkm	cfg80211_ready_on_channel
cb214010dffb3975f5330d9c263b955e353f25f69f6a083922f0de326b179851	cfg80211	cfg80211.ko	vendor_dlkm	cfg80211_ref_bss
cb214010dffb3975f5330d9c263b955e353f25f69f6a083922f0de326b179851	cfg80211	cfg80211.ko	vendor_dlkm	cfg80211_reg_can_beacon
cb214010dffb3975f5330d9c263b955e353f25f69f6a083922f0de326b179851	cfg80211	cfg80211.ko	vendor_dlkm	cfg80211_reg_can_beacon_relax
cb214010dffb3975f5330d9c263b955e353f25f69f6a083922f0de326b179851	cfg80211	cfg80211.ko	vendor_dlkm	cfg80211_register_netdevice
cb214010dffb3975f5330d9c263b955e353f25f69f6a083922f0de326b179851	cfg80211	cfg80211.ko	vendor_dlkm	cfg80211_remain_on_channel_expired
cb214010dffb3975f5330d9c263b955e353f25f69f6a083922f0de326b179851	cfg80211	cfg80211.ko	vendor_dlkm	cfg80211_report_obss_beacon_khz
cb214010dffb3975f5330d9c263b955e353f25f69f6a083922f0de326b179851	cfg80211	cfg80211.ko	vendor_dlkm	cfg80211_report_wowlan_wakeup
cb214010dffb3975f5330d9c263b955e353f25f69f6a083922f0de326b179851	cfg80211	cfg80211.ko	vendor_dlkm	cfg80211_roamed
cb214010dffb3975f5330d9c263b955e353f25f69f6a083922f0de326b179851	cfg80211	cfg80211.ko	vendor_dlkm	cfg80211_rx_assoc_resp
cb214010dffb3975f5330d9c263b955e353f25f69f6a083922f0de326b179851	cfg80211	cfg80211.ko	vendor_dlkm	cfg80211_rx_control_port
cb214010dffb3975f5330d9c263b955e353f25f69f6a083922f0de326b179851	cfg80211	cfg80211.ko	vendor_dlkm	cfg80211_rx_mgmt_ext
cb214010dffb3975f5330d9c263b955e353f25f69f6a083922f0de326b179851	cfg80211	cfg80211.ko	vendor_dlkm	cfg80211_rx_mlme_mgmt
cb214010dffb3975f5330d9c263b955e353f25f69f6a083922f0de326b179851	cfg80211	cfg80211.ko	vendor_dlkm	cfg80211_rx_spurious_frame
cb214010dffb3975f5330d9c263b955e353f25f69f6a083922f0de326b179851	cfg80211	cfg80211.ko	vendor_dlkm	cfg80211_rx_unexpected_4addr_frame
cb214010dffb3975f5330d9c263b955e353f25f69f6a083922f0de326b179851	cfg80211	cfg80211.ko	vendor_dlkm	cfg80211_rx_unprot_mlme_mgmt
cb214010dffb3975f5330d9c263b955e353f25f69f6a083922f0de326b179851	cfg80211	cfg80211.ko	vendor_dlkm	cfg80211_scan_done
cb214010dffb3975f5330d9c263b955e353f25f69f6a083922f0de326b179851	cfg80211	cfg80211.ko	vendor_dlkm	cfg80211_sched_scan_results
cb214010dffb3975f5330d9c263b955e353f25f69f6a083922f0de326b179851	cfg80211	cfg80211.ko	vendor_dlkm	cfg80211_sched_scan_stopped
cb214010dffb3975f5330d9c263b955e353f25f69f6a083922f0de326b179851	cfg80211	cfg80211.ko	vendor_dlkm	cfg80211_sched_scan_stopped_locked
cb214010dffb3975f5330d9c263b955e353f25f69f6a083922f0de326b179851	cfg80211	cfg80211.ko	vendor_dlkm	cfg80211_send_layer2_update
cb214010dffb3975f5330d9c263b955e353f25f69f6a083922f0de326b179851	cfg80211	cfg80211.ko	vendor_dlkm	cfg80211_shutdown_all_interfaces
cb214010dffb3975f5330d9c263b955e353f25f69f6a083922f0de326b179851	cfg80211	cfg80211.ko	vendor_dlkm	cfg80211_sinfo_alloc_tid_stats
cb214010dffb3975f5330d9c263b955e353f25f69f6a083922f0de326b179851	cfg80211	cfg80211.ko	vendor_dlkm	cfg80211_sta_opmode_change_notify
cb214010dffb3975f5330d9c263b955e353f25f69f6a083922f0de326b179851	cfg80211	cfg80211.ko	vendor_dlkm	cfg80211_stop_iface
cb214010dffb3975f5330d9c263b955e353f25f69f6a083922f0de326b179851	cfg80211	cfg80211.ko	vendor_dlkm	cfg80211_tdls_oper_request
cb214010dffb3975f5330d9c263b955e353f25f69f6a083922f0de326b179851	cfg80211	cfg80211.ko	vendor_dlkm	cfg80211_tx_mgmt_expired
cb214010dffb3975f5330d9c263b955e353f25f69f6a083922f0de326b179851	cfg80211	cfg80211.ko	vendor_dlkm	cfg80211_tx_mlme_mgmt
cb214010dffb3975f5330d9c263b955e353f25f69f6a083922f0de326b179851	cfg80211	cfg80211.ko	vendor_dlkm	cfg80211_unlink_bss
cb214010dffb3975f5330d9c263b955e353f25f69f6a083922f0de326b179851	cfg80211	cfg80211.ko	vendor_dlkm	cfg80211_unregister_wdev
cb214010dffb3975f5330d9c263b955e353f25f69f6a083922f0de326b179851	cfg80211	cfg80211.ko	vendor_dlkm	cfg80211_update_owe_info_event
cb214010dffb3975f5330d9c263b955e353f25f69f6a083922f0de326b179851	cfg80211	cfg80211.ko	vendor_dlkm	cfg80211_valid_disable_subchannel_bitmap
cb214010dffb3975f5330d9c263b955e353f25f69f6a083922f0de326b179851	cfg80211	cfg80211.ko	vendor_dlkm	cfg80211_vendor_cmd_get_sender
cb214010dffb3975f5330d9c263b955e353f25f69f6a083922f0de326b179851	cfg80211	cfg80211.ko	vendor_dlkm	cfg80211_vendor_cmd_reply
cb214010dffb3975f5330d9c263b955e353f25f69f6a083922f0de326b179851	cfg80211	cfg80211.ko	vendor_dlkm	freq_reg_info
cb214010dffb3975f5330d9c263b955e353f25f69f6a083922f0de326b179851	cfg80211	cfg80211.ko	vendor_dlkm	get_wiphy_regdom
cb214010dffb3975f5330d9c263b955e353f25f69f6a083922f0de326b179851	cfg80211	cfg80211.ko	vendor_dlkm	ieee80211_amsdu_to_8023s
cb214010dffb3975f5330d9c263b955e353f25f69f6a083922f0de326b179851	cfg80211	cfg80211.ko	vendor_dlkm	ieee80211_bss_get_elem
cb214010dffb3975f5330d9c263b955e353f25f69f6a083922f0de326b179851	cfg80211	cfg80211.ko	vendor_dlkm	ieee80211_chandef_to_operating_class
cb214010dffb3975f5330d9c263b955e353f25f69f6a083922f0de326b179851	cfg80211	cfg80211.ko	vendor_dlkm	ieee80211_channel_to_freq_khz
cb214010dffb3975f5330d9c263b955e353f25f69f6a083922f0de326b179851	cfg80211	cfg80211.ko	vendor_dlkm	ieee80211_data_to_8023_exthdr
cb214010dffb3975f5330d9c263b955e353f25f69f6a083922f0de326b179851	cfg80211	cfg80211.ko	vendor_dlkm	ieee80211_freq_khz_to_channel
cb214010dffb3975f5330d9c263b955e353f25f69f6a083922f0de326b179851	cfg80211	cfg80211.ko	vendor_dlkm	ieee80211_get_8023_tunnel_proto
cb214010dffb3975f5330d9c263b955e353f25f69f6a083922f0de326b179851	cfg80211	cfg80211.ko	vendor_dlkm	ieee80211_get_channel_khz
cb214010dffb3975f5330d9c263b955e353f25f69f6a083922f0de326b179851	cfg80211	cfg80211.ko	vendor_dlkm	ieee80211_get_hdrlen_from_skb
cb214010dffb3975f5330d9c263b955e353f25f69f6a083922f0de326b179851	cfg80211	cfg80211.ko	vendor_dlkm	ieee80211_get_mesh_hdrlen
cb214010dffb3975f5330d9c263b955e353f25f69f6a083922f0de326b179851	cfg80211	cfg80211.ko	vendor_dlkm	ieee80211_get_num_supported_channels
cb214010dffb3975f5330d9c263b955e353f25f69f6a083922f0de326b179851	cfg80211	cfg80211.ko	vendor_dlkm	ieee80211_get_response_rate
cb214010dffb3975f5330d9c263b955e353f25f69f6a083922f0de326b179851	cfg80211	cfg80211.ko	vendor_dlkm	ieee80211_get_vht_max_nss
cb214010dffb3975f5330d9c263b955e353f25f69f6a083922f0de326b179851	cfg80211	cfg80211.ko	vendor_dlkm	ieee80211_hdrlen
cb214010dffb3975f5330d9c263b955e353f25f69f6a083922f0de326b179851	cfg80211	cfg80211.ko	vendor_dlkm	ieee80211_ie_split_ric
cb214010dffb3975f5330d9c263b955e353f25f69f6a083922f0de326b179851	cfg80211	cfg80211.ko	vendor_dlkm	ieee80211_is_valid_amsdu
cb214010dffb3975f5330d9c263b955e353f25f69f6a083922f0de326b179851	cfg80211	cfg80211.ko	vendor_dlkm	ieee80211_mandatory_rates
cb214010dffb3975f5330d9c263b955e353f25f69f6a083922f0de326b179851	cfg80211	cfg80211.ko	vendor_dlkm	ieee80211_operating_class_to_band
cb214010dffb3975f5330d9c263b955e353f25f69f6a083922f0de326b179851	cfg80211	cfg80211.ko	vendor_dlkm	ieee80211_radiotap_iterator_init
cb214010dffb3975f5330d9c263b955e353f25f69f6a083922f0de326b179851	cfg80211	cfg80211.ko	vendor_dlkm	ieee80211_radiotap_iterator_next
cb214010dffb3975f5330d9c263b955e353f25f69f6a083922f0de326b179851	cfg80211	cfg80211.ko	vendor_dlkm	ieee80211_s1g_channel_width
cb214010dffb3975f5330d9c263b955e353f25f69f6a083922f0de326b179851	cfg80211	cfg80211.ko	vendor_dlkm	ieee80211_strip_8023_mesh_hdr
cb214010dffb3975f5330d9c263b955e353f25f69f6a083922f0de326b179851	cfg80211	cfg80211.ko	vendor_dlkm	reg_initiator_name
cb214010dffb3975f5330d9c263b955e353f25f69f6a083922f0de326b179851	cfg80211	cfg80211.ko	vendor_dlkm	reg_query_regdb_wmm
cb214010dffb3975f5330d9c263b955e353f25f69f6a083922f0de326b179851	cfg80211	cfg80211.ko	vendor_dlkm	regulatory_hint
cb214010dffb3975f5330d9c263b955e353f25f69f6a083922f0de326b179851	cfg80211	cfg80211.ko	vendor_dlkm	regulatory_pre_cac_allowed
cb214010dffb3975f5330d9c263b955e353f25f69f6a083922f0de326b179851	cfg80211	cfg80211.ko	vendor_dlkm	regulatory_set_wiphy_regd
cb214010dffb3975f5330d9c263b955e353f25f69f6a083922f0de326b179851	cfg80211	cfg80211.ko	vendor_dlkm	regulatory_set_wiphy_regd_sync
cb214010dffb3975f5330d9c263b955e353f25f69f6a083922f0de326b179851	cfg80211	cfg80211.ko	vendor_dlkm	rfc1042_header
cb214010dffb3975f5330d9c263b955e353f25f69f6a083922f0de326b179851	cfg80211	cfg80211.ko	vendor_dlkm	wdev_chandef
cb214010dffb3975f5330d9c263b955e353f25f69f6a083922f0de326b179851	cfg80211	cfg80211.ko	vendor_dlkm	wiphy_apply_custom_regulatory
cb214010dffb3975f5330d9c263b955e353f25f69f6a083922f0de326b179851	cfg80211	cfg80211.ko	vendor_dlkm	wiphy_delayed_work_cancel
cb214010dffb3975f5330d9c263b955e353f25f69f6a083922f0de326b179851	cfg80211	cfg80211.ko	vendor_dlkm	wiphy_delayed_work_flush
cb214010dffb3975f5330d9c263b955e353f25f69f6a083922f0de326b179851	cfg80211	cfg80211.ko	vendor_dlkm	wiphy_delayed_work_queue
cb214010dffb3975f5330d9c263b955e353f25f69f6a083922f0de326b179851	cfg80211	cfg80211.ko	vendor_dlkm	wiphy_delayed_work_timer
cb214010dffb3975f5330d9c263b955e353f25f69f6a083922f0de326b179851	cfg80211	cfg80211.ko	vendor_dlkm	wiphy_free
cb214010dffb3975f5330d9c263b955e353f25f69f6a083922f0de326b179851	cfg80211	cfg80211.ko	vendor_dlkm	wiphy_new_nm
cb214010dffb3975f5330d9c263b955e353f25f69f6a083922f0de326b179851	cfg80211	cfg80211.ko	vendor_dlkm	wiphy_read_of_freq_limits
cb214010dffb3975f5330d9c263b955e353f25f69f6a083922f0de326b179851	cfg80211	cfg80211.ko	vendor_dlkm	wiphy_register
cb214010dffb3975f5330d9c263b955e353f25f69f6a083922f0de326b179851	cfg80211	cfg80211.ko	vendor_dlkm	wiphy_rfkill_set_hw_state_reason
cb214010dffb3975f5330d9c263b955e353f25f69f6a083922f0de326b179851	cfg80211	cfg80211.ko	vendor_dlkm	wiphy_rfkill_start_polling
cb214010dffb3975f5330d9c263b955e353f25f69f6a083922f0de326b179851	cfg80211	cfg80211.ko	vendor_dlkm	wiphy_unregister
cb214010dffb3975f5330d9c263b955e353f25f69f6a083922f0de326b179851	cfg80211	cfg80211.ko	vendor_dlkm	wiphy_work_cancel
cb214010dffb3975f5330d9c263b955e353f25f69f6a083922f0de326b179851	cfg80211	cfg80211.ko	vendor_dlkm	wiphy_work_flush
cb214010dffb3975f5330d9c263b955e353f25f69f6a083922f0de326b179851	cfg80211	cfg80211.ko	vendor_dlkm	wiphy_work_queue
cb3a3fb932684a551e218fed6725f6bd98d75e80b922288c7711b791f065e15c	mtk_ipesys_me	mtk-ipesys-me.ko	vendor_dlkm	ipesys_me_debug_dump
cb3a3fb932684a551e218fed6725f6bd98d75e80b922288c7711b791f065e15c	mtk_ipesys_me	mtk-ipesys-me.ko	vendor_dlkm	ipesys_me_debug_dump_local
cb3a3fb932684a551e218fed6725f6bd98d75e80b922288c7711b791f065e15c	mtk_ipesys_me	mtk-ipesys-me.ko	vendor_dlkm	ipesys_me_set_initial_value
cb3a3fb932684a551e218fed6725f6bd98d75e80b922288c7711b791f065e15c	mtk_ipesys_me	mtk-ipesys-me.ko	vendor_dlkm	ipesys_me_uninit
cc2c852907b94c27da4d4478e315fd823fc7fab6849b71a76893e7087a513814	mtk_rpmsg_mbox	mtk_rpmsg_mbox.ko	vendor_boot_platform;vendor_dlkm	mtk_mbox_send
cc2c852907b94c27da4d4478e315fd823fc7fab6849b71a76893e7087a513814	mtk_rpmsg_mbox	mtk_rpmsg_mbox.ko	vendor_boot_platform;vendor_dlkm	mtk_rpmsg_create_channel
cc2c852907b94c27da4d4478e315fd823fc7fab6849b71a76893e7087a513814	mtk_rpmsg_mbox	mtk_rpmsg_mbox.ko	vendor_boot_platform;vendor_dlkm	mtk_rpmsg_create_device
cf615930c1a615dd386e2a120da791fcc63de854e126de94bc0fa93cc799de06	mtk_mmdvfs_debug	mtk-mmdvfs-debug.ko	vendor_boot_platform	mmdvfs_debug_status_dump
cf615930c1a615dd386e2a120da791fcc63de854e126de94bc0fa93cc799de06	mtk_mmdvfs_debug	mtk-mmdvfs-debug.ko	vendor_boot_platform	mtk_is_mmdvfs_v3_debug_init_done
cf615930c1a615dd386e2a120da791fcc63de854e126de94bc0fa93cc799de06	mtk_mmdvfs_debug	mtk-mmdvfs-debug.ko	vendor_boot_platform	mtk_mmdvfs_debug_release_step0
d0c3107dac0ee8a3f2b09006a19234e51f13711eb42f4459cb6d60d1c9194286	rps_perf	rps_perf.ko	vendor_dlkm	set_rps_map
d2659fb37cd1d08469eac25bff927efb54390fdaf598532c0a9ddfa219b22555	bluetooth	bluetooth.ko	system_dlkm	__hci_cmd_send
d2659fb37cd1d08469eac25bff927efb54390fdaf598532c0a9ddfa219b22555	bluetooth	bluetooth.ko	system_dlkm	__hci_cmd_sync
d2659fb37cd1d08469eac25bff927efb54390fdaf598532c0a9ddfa219b22555	bluetooth	bluetooth.ko	system_dlkm	__hci_cmd_sync_ev
d2659fb37cd1d08469eac25bff927efb54390fdaf598532c0a9ddfa219b22555	bluetooth	bluetooth.ko	system_dlkm	__hci_cmd_sync_sk
d2659fb37cd1d08469eac25bff927efb54390fdaf598532c0a9ddfa219b22555	bluetooth	bluetooth.ko	system_dlkm	__hci_cmd_sync_status
d2659fb37cd1d08469eac25bff927efb54390fdaf598532c0a9ddfa219b22555	bluetooth	bluetooth.ko	system_dlkm	__hci_cmd_sync_status_sk
d2659fb37cd1d08469eac25bff927efb54390fdaf598532c0a9ddfa219b22555	bluetooth	bluetooth.ko	system_dlkm	baswap
d2659fb37cd1d08469eac25bff927efb54390fdaf598532c0a9ddfa219b22555	bluetooth	bluetooth.ko	system_dlkm	bt_accept_dequeue
d2659fb37cd1d08469eac25bff927efb54390fdaf598532c0a9ddfa219b22555	bluetooth	bluetooth.ko	system_dlkm	bt_accept_enqueue
d2659fb37cd1d08469eac25bff927efb54390fdaf598532c0a9ddfa219b22555	bluetooth	bluetooth.ko	system_dlkm	bt_accept_unlink
d2659fb37cd1d08469eac25bff927efb54390fdaf598532c0a9ddfa219b22555	bluetooth	bluetooth.ko	system_dlkm	bt_debugfs
d2659fb37cd1d08469eac25bff927efb54390fdaf598532c0a9ddfa219b22555	bluetooth	bluetooth.ko	system_dlkm	bt_err
d2659fb37cd1d08469eac25bff927efb54390fdaf598532c0a9ddfa219b22555	bluetooth	bluetooth.ko	system_dlkm	bt_err_ratelimited
d2659fb37cd1d08469eac25bff927efb54390fdaf598532c0a9ddfa219b22555	bluetooth	bluetooth.ko	system_dlkm	bt_info
d2659fb37cd1d08469eac25bff927efb54390fdaf598532c0a9ddfa219b22555	bluetooth	bluetooth.ko	system_dlkm	bt_procfs_cleanup
d2659fb37cd1d08469eac25bff927efb54390fdaf598532c0a9ddfa219b22555	bluetooth	bluetooth.ko	system_dlkm	bt_procfs_init
d2659fb37cd1d08469eac25bff927efb54390fdaf598532c0a9ddfa219b22555	bluetooth	bluetooth.ko	system_dlkm	bt_sock_alloc
d2659fb37cd1d08469eac25bff927efb54390fdaf598532c0a9ddfa219b22555	bluetooth	bluetooth.ko	system_dlkm	bt_sock_ioctl
d2659fb37cd1d08469eac25bff927efb54390fdaf598532c0a9ddfa219b22555	bluetooth	bluetooth.ko	system_dlkm	bt_sock_link
d2659fb37cd1d08469eac25bff927efb54390fdaf598532c0a9ddfa219b22555	bluetooth	bluetooth.ko	system_dlkm	bt_sock_linked
d2659fb37cd1d08469eac25bff927efb54390fdaf598532c0a9ddfa219b22555	bluetooth	bluetooth.ko	system_dlkm	bt_sock_poll
d2659fb37cd1d08469eac25bff927efb54390fdaf598532c0a9ddfa219b22555	bluetooth	bluetooth.ko	system_dlkm	bt_sock_reclassify_lock
d2659fb37cd1d08469eac25bff927efb54390fdaf598532c0a9ddfa219b22555	bluetooth	bluetooth.ko	system_dlkm	bt_sock_recvmsg
d2659fb37cd1d08469eac25bff927efb54390fdaf598532c0a9ddfa219b22555	bluetooth	bluetooth.ko	system_dlkm	bt_sock_register
d2659fb37cd1d08469eac25bff927efb54390fdaf598532c0a9ddfa219b22555	bluetooth	bluetooth.ko	system_dlkm	bt_sock_stream_recvmsg
d2659fb37cd1d08469eac25bff927efb54390fdaf598532c0a9ddfa219b22555	bluetooth	bluetooth.ko	system_dlkm	bt_sock_unlink
d2659fb37cd1d08469eac25bff927efb54390fdaf598532c0a9ddfa219b22555	bluetooth	bluetooth.ko	system_dlkm	bt_sock_unregister
d2659fb37cd1d08469eac25bff927efb54390fdaf598532c0a9ddfa219b22555	bluetooth	bluetooth.ko	system_dlkm	bt_sock_wait_ready
d2659fb37cd1d08469eac25bff927efb54390fdaf598532c0a9ddfa219b22555	bluetooth	bluetooth.ko	system_dlkm	bt_sock_wait_state
d2659fb37cd1d08469eac25bff927efb54390fdaf598532c0a9ddfa219b22555	bluetooth	bluetooth.ko	system_dlkm	bt_status
d2659fb37cd1d08469eac25bff927efb54390fdaf598532c0a9ddfa219b22555	bluetooth	bluetooth.ko	system_dlkm	bt_to_errno
d2659fb37cd1d08469eac25bff927efb54390fdaf598532c0a9ddfa219b22555	bluetooth	bluetooth.ko	system_dlkm	bt_warn
d2659fb37cd1d08469eac25bff927efb54390fdaf598532c0a9ddfa219b22555	bluetooth	bluetooth.ko	system_dlkm	bt_warn_ratelimited
d2659fb37cd1d08469eac25bff927efb54390fdaf598532c0a9ddfa219b22555	bluetooth	bluetooth.ko	system_dlkm	hci_alloc_dev_priv
d2659fb37cd1d08469eac25bff927efb54390fdaf598532c0a9ddfa219b22555	bluetooth	bluetooth.ko	system_dlkm	hci_cmd_sync
d2659fb37cd1d08469eac25bff927efb54390fdaf598532c0a9ddfa219b22555	bluetooth	bluetooth.ko	system_dlkm	hci_cmd_sync_cancel
d2659fb37cd1d08469eac25bff927efb54390fdaf598532c0a9ddfa219b22555	bluetooth	bluetooth.ko	system_dlkm	hci_cmd_sync_queue
d2659fb37cd1d08469eac25bff927efb54390fdaf598532c0a9ddfa219b22555	bluetooth	bluetooth.ko	system_dlkm	hci_cmd_sync_status
d2659fb37cd1d08469eac25bff927efb54390fdaf598532c0a9ddfa219b22555	bluetooth	bluetooth.ko	system_dlkm	hci_cmd_sync_submit
d2659fb37cd1d08469eac25bff927efb54390fdaf598532c0a9ddfa219b22555	bluetooth	bluetooth.ko	system_dlkm	hci_conn_check_secure
d2659fb37cd1d08469eac25bff927efb54390fdaf598532c0a9ddfa219b22555	bluetooth	bluetooth.ko	system_dlkm	hci_conn_security
d2659fb37cd1d08469eac25bff927efb54390fdaf598532c0a9ddfa219b22555	bluetooth	bluetooth.ko	system_dlkm	hci_conn_switch_role
d2659fb37cd1d08469eac25bff927efb54390fdaf598532c0a9ddfa219b22555	bluetooth	bluetooth.ko	system_dlkm	hci_free_dev
d2659fb37cd1d08469eac25bff927efb54390fdaf598532c0a9ddfa219b22555	bluetooth	bluetooth.ko	system_dlkm	hci_get_route
d2659fb37cd1d08469eac25bff927efb54390fdaf598532c0a9ddfa219b22555	bluetooth	bluetooth.ko	system_dlkm	hci_mgmt_chan_register
d2659fb37cd1d08469eac25bff927efb54390fdaf598532c0a9ddfa219b22555	bluetooth	bluetooth.ko	system_dlkm	hci_mgmt_chan_unregister
d2659fb37cd1d08469eac25bff927efb54390fdaf598532c0a9ddfa219b22555	bluetooth	bluetooth.ko	system_dlkm	hci_recv_diag
d2659fb37cd1d08469eac25bff927efb54390fdaf598532c0a9ddfa219b22555	bluetooth	bluetooth.ko	system_dlkm	hci_recv_frame
d2659fb37cd1d08469eac25bff927efb54390fdaf598532c0a9ddfa219b22555	bluetooth	bluetooth.ko	system_dlkm	hci_register_cb
d2659fb37cd1d08469eac25bff927efb54390fdaf598532c0a9ddfa219b22555	bluetooth	bluetooth.ko	system_dlkm	hci_register_dev
d2659fb37cd1d08469eac25bff927efb54390fdaf598532c0a9ddfa219b22555	bluetooth	bluetooth.ko	system_dlkm	hci_release_dev
d2659fb37cd1d08469eac25bff927efb54390fdaf598532c0a9ddfa219b22555	bluetooth	bluetooth.ko	system_dlkm	hci_reset_dev
d2659fb37cd1d08469eac25bff927efb54390fdaf598532c0a9ddfa219b22555	bluetooth	bluetooth.ko	system_dlkm	hci_resume_dev
d2659fb37cd1d08469eac25bff927efb54390fdaf598532c0a9ddfa219b22555	bluetooth	bluetooth.ko	system_dlkm	hci_set_fw_info
d2659fb37cd1d08469eac25bff927efb54390fdaf598532c0a9ddfa219b22555	bluetooth	bluetooth.ko	system_dlkm	hci_set_hw_info
d2659fb37cd1d08469eac25bff927efb54390fdaf598532c0a9ddfa219b22555	bluetooth	bluetooth.ko	system_dlkm	hci_suspend_dev
d2659fb37cd1d08469eac25bff927efb54390fdaf598532c0a9ddfa219b22555	bluetooth	bluetooth.ko	system_dlkm	hci_unregister_cb
d2659fb37cd1d08469eac25bff927efb54390fdaf598532c0a9ddfa219b22555	bluetooth	bluetooth.ko	system_dlkm	hci_unregister_dev
d2659fb37cd1d08469eac25bff927efb54390fdaf598532c0a9ddfa219b22555	bluetooth	bluetooth.ko	system_dlkm	l2cap_add_psm
d2659fb37cd1d08469eac25bff927efb54390fdaf598532c0a9ddfa219b22555	bluetooth	bluetooth.ko	system_dlkm	l2cap_chan_close
d2659fb37cd1d08469eac25bff927efb54390fdaf598532c0a9ddfa219b22555	bluetooth	bluetooth.ko	system_dlkm	l2cap_chan_connect
d2659fb37cd1d08469eac25bff927efb54390fdaf598532c0a9ddfa219b22555	bluetooth	bluetooth.ko	system_dlkm	l2cap_chan_create
d2659fb37cd1d08469eac25bff927efb54390fdaf598532c0a9ddfa219b22555	bluetooth	bluetooth.ko	system_dlkm	l2cap_chan_del
d2659fb37cd1d08469eac25bff927efb54390fdaf598532c0a9ddfa219b22555	bluetooth	bluetooth.ko	system_dlkm	l2cap_chan_list
d2659fb37cd1d08469eac25bff927efb54390fdaf598532c0a9ddfa219b22555	bluetooth	bluetooth.ko	system_dlkm	l2cap_chan_put
d2659fb37cd1d08469eac25bff927efb54390fdaf598532c0a9ddfa219b22555	bluetooth	bluetooth.ko	system_dlkm	l2cap_chan_send
d2659fb37cd1d08469eac25bff927efb54390fdaf598532c0a9ddfa219b22555	bluetooth	bluetooth.ko	system_dlkm	l2cap_chan_set_defaults
d2659fb37cd1d08469eac25bff927efb54390fdaf598532c0a9ddfa219b22555	bluetooth	bluetooth.ko	system_dlkm	l2cap_conn_get
d2659fb37cd1d08469eac25bff927efb54390fdaf598532c0a9ddfa219b22555	bluetooth	bluetooth.ko	system_dlkm	l2cap_conn_put
d2659fb37cd1d08469eac25bff927efb54390fdaf598532c0a9ddfa219b22555	bluetooth	bluetooth.ko	system_dlkm	l2cap_is_socket
d2659fb37cd1d08469eac25bff927efb54390fdaf598532c0a9ddfa219b22555	bluetooth	bluetooth.ko	system_dlkm	l2cap_register_user
d2659fb37cd1d08469eac25bff927efb54390fdaf598532c0a9ddfa219b22555	bluetooth	bluetooth.ko	system_dlkm	l2cap_unregister_user
d382f5702aa114bd1edb79db57eec867b304af48e7cb31ecc113564c04442c21	mtk_mbraink	mtk_mbraink.ko	vendor_dlkm	mbraink_netlink_send_msg
d418a73d920fe96f994b2d048117cf778d20b79d5f762d0fc1fa34dbc97f5758	blocktag	blocktag.ko	vendor_boot_platform	mmc_mtk_biolog_check
d418a73d920fe96f994b2d048117cf778d20b79d5f762d0fc1fa34dbc97f5758	blocktag	blocktag.ko	vendor_boot_platform	mmc_mtk_biolog_exit
d418a73d920fe96f994b2d048117cf778d20b79d5f762d0fc1fa34dbc97f5758	blocktag	blocktag.ko	vendor_boot_platform	mmc_mtk_biolog_init
d418a73d920fe96f994b2d048117cf778d20b79d5f762d0fc1fa34dbc97f5758	blocktag	blocktag.ko	vendor_boot_platform	mmc_mtk_biolog_send_command
d418a73d920fe96f994b2d048117cf778d20b79d5f762d0fc1fa34dbc97f5758	blocktag	blocktag.ko	vendor_boot_platform	mmc_mtk_biolog_transfer_req_compl
d418a73d920fe96f994b2d048117cf778d20b79d5f762d0fc1fa34dbc97f5758	blocktag	blocktag.ko	vendor_boot_platform	mtk_btag_get_aee_buffer
d418a73d920fe96f994b2d048117cf778d20b79d5f762d0fc1fa34dbc97f5758	blocktag	blocktag.ko	vendor_boot_platform	mtk_btag_mictx_enable
d418a73d920fe96f994b2d048117cf778d20b79d5f762d0fc1fa34dbc97f5758	blocktag	blocktag.ko	vendor_boot_platform	mtk_btag_mictx_get_data
d418a73d920fe96f994b2d048117cf778d20b79d5f762d0fc1fa34dbc97f5758	blocktag	blocktag.ko	vendor_boot_platform	mtk_btag_ufs_exit
d418a73d920fe96f994b2d048117cf778d20b79d5f762d0fc1fa34dbc97f5758	blocktag	blocktag.ko	vendor_boot_platform	mtk_btag_ufs_init
d418a73d920fe96f994b2d048117cf778d20b79d5f762d0fc1fa34dbc97f5758	blocktag	blocktag.ko	vendor_boot_platform	mtk_btag_ufs_send_command
d418a73d920fe96f994b2d048117cf778d20b79d5f762d0fc1fa34dbc97f5758	blocktag	blocktag.ko	vendor_boot_platform	mtk_btag_ufs_transfer_req_compl
d4e6e06b70a08f59e52e33bdfb2824815b97750b37ea0237483d509ab17ac49a	leds_mtk	leds-mtk.ko	vendor_boot_platform	mt_leds_call_notifier
d4e6e06b70a08f59e52e33bdfb2824815b97750b37ea0237483d509ab17ac49a	leds_mtk	leds-mtk.ko	vendor_boot_platform	mt_leds_classdev_register
d4e6e06b70a08f59e52e33bdfb2824815b97750b37ea0237483d509ab17ac49a	leds_mtk	leds-mtk.ko	vendor_boot_platform	mt_leds_classdev_unregister
d4e6e06b70a08f59e52e33bdfb2824815b97750b37ea0237483d509ab17ac49a	leds_mtk	leds-mtk.ko	vendor_boot_platform	mt_leds_notify_brightness_hw_changed
d4e6e06b70a08f59e52e33bdfb2824815b97750b37ea0237483d509ab17ac49a	leds_mtk	leds-mtk.ko	vendor_boot_platform	mt_leds_parse_dt
d4e6e06b70a08f59e52e33bdfb2824815b97750b37ea0237483d509ab17ac49a	leds_mtk	leds-mtk.ko	vendor_boot_platform	mtk_leds_brightness_set
d4e6e06b70a08f59e52e33bdfb2824815b97750b37ea0237483d509ab17ac49a	leds_mtk	leds-mtk.ko	vendor_boot_platform	mtk_leds_register_notifier
d4e6e06b70a08f59e52e33bdfb2824815b97750b37ea0237483d509ab17ac49a	leds_mtk	leds-mtk.ko	vendor_boot_platform	mtk_leds_unregister_notifier
d4e6e06b70a08f59e52e33bdfb2824815b97750b37ea0237483d509ab17ac49a	leds_mtk	leds-mtk.ko	vendor_boot_platform	setMaxBrightness
d6e3a55e3e1174a75445f61e2e9ec4165331e2f47732736dad516709b46f9d56	snd_soc_mtk_scp_ultra	snd-soc-mtk-scp-ultra.ko	vendor_dlkm	mtk_scp_ultra_pcm_platform
d6e3a55e3e1174a75445f61e2e9ec4165331e2f47732736dad516709b46f9d56	snd_soc_mtk_scp_ultra	snd-soc-mtk-scp-ultra.ko	vendor_dlkm	ultra_set_dsp_afe
d74f1d4bddef24cea1cbeb36aba906632f3dbede51e8e3957287b7c35d78d8b6	apusys	apusys.ko	vendor_dlkm	aov_recovery_cb
d74f1d4bddef24cea1cbeb36aba906632f3dbede51e8e3957287b7c35d78d8b6	apusys	apusys.ko	vendor_dlkm	apu_cmd_qos_end
d74f1d4bddef24cea1cbeb36aba906632f3dbede51e8e3957287b7c35d78d8b6	apusys	apusys.ko	vendor_dlkm	apu_cmd_qos_start
d74f1d4bddef24cea1cbeb36aba906632f3dbede51e8e3957287b7c35d78d8b6	apusys	apusys.ko	vendor_dlkm	apu_cmd_qos_suspend
d74f1d4bddef24cea1cbeb36aba906632f3dbede51e8e3957287b7c35d78d8b6	apusys	apusys.ko	vendor_dlkm	apummu_set_init_info
d74f1d4bddef24cea1cbeb36aba906632f3dbede51e8e3957287b7c35d78d8b6	apusys	apusys.ko	vendor_dlkm	get_apu_iommu_tfrp
d74f1d4bddef24cea1cbeb36aba906632f3dbede51e8e3957287b7c35d78d8b6	apusys	apusys.ko	vendor_dlkm	hw_logger_config_init
d74f1d4bddef24cea1cbeb36aba906632f3dbede51e8e3957287b7c35d78d8b6	apusys	apusys.ko	vendor_dlkm	reviser_set_init_info
d74f1d4bddef24cea1cbeb36aba906632f3dbede51e8e3957287b7c35d78d8b6	apusys	apusys.ko	vendor_dlkm	sw_logger_config_init
d74f1d4bddef24cea1cbeb36aba906632f3dbede51e8e3957287b7c35d78d8b6	apusys	apusys.ko	vendor_dlkm	vpu_init_info_remove
d74f1d4bddef24cea1cbeb36aba906632f3dbede51e8e3957287b7c35d78d8b6	apusys	apusys.ko	vendor_dlkm	vpu_set_init_info
d7a023ba4413e9366166a30a55331e74fa5c06d5cd78303571f1611474960f25	mtk_scp_ultra	mtk-scp-ultra.ko	vendor_dlkm	get_scp_ultra_base
d7a023ba4413e9366166a30a55331e74fa5c06d5cd78303571f1611474960f25	mtk_scp_ultra	mtk-scp-ultra.ko	vendor_dlkm	is_ultra_reserved_dram_addr_valid
d7a023ba4413e9366166a30a55331e74fa5c06d5cd78303571f1611474960f25	mtk_scp_ultra	mtk-scp-ultra.ko	vendor_dlkm	mtk_scp_ultra_allocate_mem
d7a023ba4413e9366166a30a55331e74fa5c06d5cd78303571f1611474960f25	mtk_scp_ultra	mtk-scp-ultra.ko	vendor_dlkm	set_scp_ultra_base
d9996b3feaa090ee2dff49f7f9a8f1d6edc1b4732ca93a2a8636a753f95dfb59	rt4831a_drv	rt4831a_drv.ko	vendor_boot_platform	_gate_ic_Power_off
d9996b3feaa090ee2dff49f7f9a8f1d6edc1b4732ca93a2a8636a753f95dfb59	rt4831a_drv	rt4831a_drv.ko	vendor_boot_platform	_gate_ic_Power_on
d9996b3feaa090ee2dff49f7f9a8f1d6edc1b4732ca93a2a8636a753f95dfb59	rt4831a_drv	rt4831a_drv.ko	vendor_boot_platform	_gate_ic_backlight_set
d9996b3feaa090ee2dff49f7f9a8f1d6edc1b4732ca93a2a8636a753f95dfb59	rt4831a_drv	rt4831a_drv.ko	vendor_boot_platform	_gate_ic_i2c_panel_bias_enable
d9996b3feaa090ee2dff49f7f9a8f1d6edc1b4732ca93a2a8636a753f95dfb59	rt4831a_drv	rt4831a_drv.ko	vendor_boot_platform	_gate_ic_i2c_read_bytes
d9996b3feaa090ee2dff49f7f9a8f1d6edc1b4732ca93a2a8636a753f95dfb59	rt4831a_drv	rt4831a_drv.ko	vendor_boot_platform	_gate_ic_i2c_write_bytes
d9d25d84fa99dd16223d6aa24d2016b5210ee9d8fa930ec394125366c925b1a4	cpudvfs	cpudvfs.ko	vendor_dlkm	cpufreq_set_cci_mode
d9d25d84fa99dd16223d6aa24d2016b5210ee9d8fa930ec394125366c925b1a4	cpudvfs	cpudvfs.ko	vendor_dlkm	set_dsu_ctrl_debug
dab36e3d2593546d72b4fa7257b4a303c65c0ad4c507bbd1fbb50e1578111d48	custom_ldo_wl2868	custom-ldo-wl2868.ko	vendor_dlkm	will_ldo_en
dab36e3d2593546d72b4fa7257b4a303c65c0ad4c507bbd1fbb50e1578111d48	custom_ldo_wl2868	custom-ldo-wl2868.ko	vendor_dlkm	will_ldo_vout
daefc888c27639800e1a8435d9d63a25b5f71a60d3ad73f403348a5b8ad5f6cc	mtk_imgsys_cmdq	mtk_imgsys_cmdq.ko	vendor_dlkm	imgsys_cmdq_clearevent
daefc888c27639800e1a8435d9d63a25b5f71a60d3ad73f403348a5b8ad5f6cc	mtk_imgsys_cmdq	mtk_imgsys_cmdq.ko	vendor_dlkm	imgsys_cmdq_init
daefc888c27639800e1a8435d9d63a25b5f71a60d3ad73f403348a5b8ad5f6cc	mtk_imgsys_cmdq	mtk_imgsys_cmdq.ko	vendor_dlkm	imgsys_cmdq_release
daefc888c27639800e1a8435d9d63a25b5f71a60d3ad73f403348a5b8ad5f6cc	mtk_imgsys_cmdq	mtk_imgsys_cmdq.ko	vendor_dlkm	imgsys_cmdq_sendtask
daefc888c27639800e1a8435d9d63a25b5f71a60d3ad73f403348a5b8ad5f6cc	mtk_imgsys_cmdq	mtk_imgsys_cmdq.ko	vendor_dlkm	imgsys_cmdq_streamoff
daefc888c27639800e1a8435d9d63a25b5f71a60d3ad73f403348a5b8ad5f6cc	mtk_imgsys_cmdq	mtk_imgsys_cmdq.ko	vendor_dlkm	imgsys_cmdq_streamon
daefc888c27639800e1a8435d9d63a25b5f71a60d3ad73f403348a5b8ad5f6cc	mtk_imgsys_cmdq	mtk_imgsys_cmdq.ko	vendor_dlkm	imgsys_quick_onoff_enable
daefc888c27639800e1a8435d9d63a25b5f71a60d3ad73f403348a5b8ad5f6cc	mtk_imgsys_cmdq	mtk_imgsys_cmdq.ko	vendor_dlkm	mtk_imgsys_cmdq_get_plat_dev
daefc888c27639800e1a8435d9d63a25b5f71a60d3ad73f403348a5b8ad5f6cc	mtk_imgsys_cmdq	mtk_imgsys_cmdq.ko	vendor_dlkm	mtk_imgsys_main_power_ctrl
daefc888c27639800e1a8435d9d63a25b5f71a60d3ad73f403348a5b8ad5f6cc	mtk_imgsys_cmdq	mtk_imgsys_cmdq.ko	vendor_dlkm	mtk_imgsys_mmdvfs_init
daefc888c27639800e1a8435d9d63a25b5f71a60d3ad73f403348a5b8ad5f6cc	mtk_imgsys_cmdq	mtk_imgsys_cmdq.ko	vendor_dlkm	mtk_imgsys_mmdvfs_uninit
daefc888c27639800e1a8435d9d63a25b5f71a60d3ad73f403348a5b8ad5f6cc	mtk_imgsys_cmdq	mtk_imgsys_cmdq.ko	vendor_dlkm	mtk_imgsys_mmqos_init
daefc888c27639800e1a8435d9d63a25b5f71a60d3ad73f403348a5b8ad5f6cc	mtk_imgsys_cmdq	mtk_imgsys_cmdq.ko	vendor_dlkm	mtk_imgsys_mmqos_uninit
daefc888c27639800e1a8435d9d63a25b5f71a60d3ad73f403348a5b8ad5f6cc	mtk_imgsys_cmdq	mtk_imgsys_cmdq.ko	vendor_dlkm	mtk_imgsys_power_ctrl
dbb3bbef82c51be7170bb04fc10884f4e527920dcfdf5deab38b6f2c79188b68	mtk_aie_debug_7sp_2	mtk_aie_debug_7sp_2.ko	vendor_dlkm	mtk_aie_register_tf_cb_7sp_2
de1454186c08033d2ca56b6e28ee3528c65aaa362bc3ce56717f848bcccf0db3	cqhci	cqhci.ko	vendor_boot_platform	cqhci_deactivate
de1454186c08033d2ca56b6e28ee3528c65aaa362bc3ce56717f848bcccf0db3	cqhci	cqhci.ko	vendor_boot_platform	cqhci_init
de1454186c08033d2ca56b6e28ee3528c65aaa362bc3ce56717f848bcccf0db3	cqhci	cqhci.ko	vendor_boot_platform	cqhci_irq
de1454186c08033d2ca56b6e28ee3528c65aaa362bc3ce56717f848bcccf0db3	cqhci	cqhci.ko	vendor_boot_platform	cqhci_pltfm_init
de1454186c08033d2ca56b6e28ee3528c65aaa362bc3ce56717f848bcccf0db3	cqhci	cqhci.ko	vendor_boot_platform	cqhci_resume
e0c8627006d10d4d5352544ac8d7cd7e15037f54ba410d9d2eb87d80757298d7	mtk_slbc	mtk_slbc.ko	vendor_boot_platform	popcount
e0c8627006d10d4d5352544ac8d7cd7e15037f54ba410d9d2eb87d80757298d7	mtk_slbc	mtk_slbc.ko	vendor_boot_platform	slbc_activate_status
e0c8627006d10d4d5352544ac8d7cd7e15037f54ba410d9d2eb87d80757298d7	mtk_slbc	mtk_slbc.ko	vendor_boot_platform	slbc_all_cache_mode
e0c8627006d10d4d5352544ac8d7cd7e15037f54ba410d9d2eb87d80757298d7	mtk_slbc	mtk_slbc.ko	vendor_boot_platform	slbc_ceil
e0c8627006d10d4d5352544ac8d7cd7e15037f54ba410d9d2eb87d80757298d7	mtk_slbc	mtk_slbc.ko	vendor_boot_platform	slbc_enable
e0c8627006d10d4d5352544ac8d7cd7e15037f54ba410d9d2eb87d80757298d7	mtk_slbc	mtk_slbc.ko	vendor_boot_platform	slbc_force_cache
e0c8627006d10d4d5352544ac8d7cd7e15037f54ba410d9d2eb87d80757298d7	mtk_slbc	mtk_slbc.ko	vendor_boot_platform	slbc_get_cache_hit_bw
e0c8627006d10d4d5352544ac8d7cd7e15037f54ba410d9d2eb87d80757298d7	mtk_slbc	mtk_slbc.ko	vendor_boot_platform	slbc_get_cache_hit_rate
e0c8627006d10d4d5352544ac8d7cd7e15037f54ba410d9d2eb87d80757298d7	mtk_slbc	mtk_slbc.ko	vendor_boot_platform	slbc_get_cache_size
e0c8627006d10d4d5352544ac8d7cd7e15037f54ba410d9d2eb87d80757298d7	mtk_slbc	mtk_slbc.ko	vendor_boot_platform	slbc_get_cache_usage
e0c8627006d10d4d5352544ac8d7cd7e15037f54ba410d9d2eb87d80757298d7	mtk_slbc	mtk_slbc.ko	vendor_boot_platform	slbc_gid_release
e0c8627006d10d4d5352544ac8d7cd7e15037f54ba410d9d2eb87d80757298d7	mtk_slbc	mtk_slbc.ko	vendor_boot_platform	slbc_gid_request
e0c8627006d10d4d5352544ac8d7cd7e15037f54ba410d9d2eb87d80757298d7	mtk_slbc	mtk_slbc.ko	vendor_boot_platform	slbc_gid_val
e0c8627006d10d4d5352544ac8d7cd7e15037f54ba410d9d2eb87d80757298d7	mtk_slbc	mtk_slbc.ko	vendor_boot_platform	slbc_invalidate
e0c8627006d10d4d5352544ac8d7cd7e15037f54ba410d9d2eb87d80757298d7	mtk_slbc	mtk_slbc.ko	vendor_boot_platform	slbc_power_off
e0c8627006d10d4d5352544ac8d7cd7e15037f54ba410d9d2eb87d80757298d7	mtk_slbc	mtk_slbc.ko	vendor_boot_platform	slbc_power_on
e0c8627006d10d4d5352544ac8d7cd7e15037f54ba410d9d2eb87d80757298d7	mtk_slbc	mtk_slbc.ko	vendor_boot_platform	slbc_read_invalidate
e0c8627006d10d4d5352544ac8d7cd7e15037f54ba410d9d2eb87d80757298d7	mtk_slbc	mtk_slbc.ko	vendor_boot_platform	slbc_register_activate_ops
e0c8627006d10d4d5352544ac8d7cd7e15037f54ba410d9d2eb87d80757298d7	mtk_slbc	mtk_slbc.ko	vendor_boot_platform	slbc_register_common_ops
e0c8627006d10d4d5352544ac8d7cd7e15037f54ba410d9d2eb87d80757298d7	mtk_slbc	mtk_slbc.ko	vendor_boot_platform	slbc_release
e0c8627006d10d4d5352544ac8d7cd7e15037f54ba410d9d2eb87d80757298d7	mtk_slbc	mtk_slbc.ko	vendor_boot_platform	slbc_request
e0c8627006d10d4d5352544ac8d7cd7e15037f54ba410d9d2eb87d80757298d7	mtk_slbc	mtk_slbc.ko	vendor_boot_platform	slbc_roi_update
e0c8627006d10d4d5352544ac8d7cd7e15037f54ba410d9d2eb87d80757298d7	mtk_slbc	mtk_slbc.ko	vendor_boot_platform	slbc_secure_off
e0c8627006d10d4d5352544ac8d7cd7e15037f54ba410d9d2eb87d80757298d7	mtk_slbc	mtk_slbc.ko	vendor_boot_platform	slbc_secure_on
e0c8627006d10d4d5352544ac8d7cd7e15037f54ba410d9d2eb87d80757298d7	mtk_slbc	mtk_slbc.ko	vendor_boot_platform	slbc_sram_read
e0c8627006d10d4d5352544ac8d7cd7e15037f54ba410d9d2eb87d80757298d7	mtk_slbc	mtk_slbc.ko	vendor_boot_platform	slbc_sram_write
e0c8627006d10d4d5352544ac8d7cd7e15037f54ba410d9d2eb87d80757298d7	mtk_slbc	mtk_slbc.ko	vendor_boot_platform	slbc_status
e0c8627006d10d4d5352544ac8d7cd7e15037f54ba410d9d2eb87d80757298d7	mtk_slbc	mtk_slbc.ko	vendor_boot_platform	slbc_uid_str
e0c8627006d10d4d5352544ac8d7cd7e15037f54ba410d9d2eb87d80757298d7	mtk_slbc	mtk_slbc.ko	vendor_boot_platform	slbc_unregister_common_ops
e0c8627006d10d4d5352544ac8d7cd7e15037f54ba410d9d2eb87d80757298d7	mtk_slbc	mtk_slbc.ko	vendor_boot_platform	slbc_update_mic_num
e0c8627006d10d4d5352544ac8d7cd7e15037f54ba410d9d2eb87d80757298d7	mtk_slbc	mtk_slbc.ko	vendor_boot_platform	slbc_update_mm_bw
e0c8627006d10d4d5352544ac8d7cd7e15037f54ba410d9d2eb87d80757298d7	mtk_slbc	mtk_slbc.ko	vendor_boot_platform	slbc_validate
e0c8627006d10d4d5352544ac8d7cd7e15037f54ba410d9d2eb87d80757298d7	mtk_slbc	mtk_slbc.ko	vendor_boot_platform	slbc_window
e0c8627006d10d4d5352544ac8d7cd7e15037f54ba410d9d2eb87d80757298d7	mtk_slbc	mtk_slbc.ko	vendor_boot_platform	slc_ach_uid_str
e21d8e0074f8440dcbb58b9558c3724ed0d45f3f6471c92f51aa86f8c01a04b9	imgsensor_glue	imgsensor-glue.ko	vendor_dlkm	add_external_subdrv_entry
e21d8e0074f8440dcbb58b9558c3724ed0d45f3f6471c92f51aa86f8c01a04b9	imgsensor_glue	imgsensor-glue.ko	vendor_dlkm	query_external_subdrv_entry
e371ac6b3ff9b8ed3a8d25fdef4650b1a37fd607e955b946377e4a817a3e4fc6	powerhal_cpu_ctrl	powerhal_cpu_ctrl.ko	vendor_dlkm	adpf_register_callback
e371ac6b3ff9b8ed3a8d25fdef4650b1a37fd607e955b946377e4a817a3e4fc6	powerhal_cpu_ctrl	powerhal_cpu_ctrl.ko	vendor_dlkm	adpf_unregister_callback
e371ac6b3ff9b8ed3a8d25fdef4650b1a37fd607e955b946377e4a817a3e4fc6	powerhal_cpu_ctrl	powerhal_cpu_ctrl.ko	vendor_dlkm	register_get_fpsgo_is_boosting_fp
e371ac6b3ff9b8ed3a8d25fdef4650b1a37fd607e955b946377e4a817a3e4fc6	powerhal_cpu_ctrl	powerhal_cpu_ctrl.ko	vendor_dlkm	unregister_get_fpsgo_is_boosting_fp
e4506346dc3c21048936c3123cc0c85b80882242d1f5a19f280db808e2650d95	aee_hangdet	aee_hangdet.ko	vendor_boot_platform	kwdt_regist_irq_info
e4a9fd980e92c05185bb724d244146cd5c8792daafb83af1fd81f2688537a0c5	mt6369_accdet	mt6369-accdet.ko	vendor_dlkm	mt6369_accdet_init
e4a9fd980e92c05185bb724d244146cd5c8792daafb83af1fd81f2688537a0c5	mt6369_accdet	mt6369-accdet.ko	vendor_dlkm	mt6369_accdet_late_init
e4a9fd980e92c05185bb724d244146cd5c8792daafb83af1fd81f2688537a0c5	mt6369_accdet	mt6369-accdet.ko	vendor_dlkm	mt6369_accdet_modify_vref_volt
e4a9fd980e92c05185bb724d244146cd5c8792daafb83af1fd81f2688537a0c5	mt6369_accdet	mt6369-accdet.ko	vendor_dlkm	mt6369_accdet_read_audio_res
e4b80645e2c966a2b059c39485ce9dcfdc6285c8686bf69c89705ea70f0e8488	dbg_error_flag	dbg_error_flag.ko	vendor_boot_platform	dbg_error_flag_register_notify
e4b80645e2c966a2b059c39485ce9dcfdc6285c8686bf69c89705ea70f0e8488	dbg_error_flag	dbg_error_flag.ko	vendor_boot_platform	get_dbg_error_flag_mask
e5d836ccb048680676ad4b0b318446738d3f4749e5d642de3f62abc625f3e1b5	mediatek_drm_panel_drv	mediatek-drm-panel-drv.ko	vendor_boot_platform	dump_lcm_dsi_fps_settings
e5d836ccb048680676ad4b0b318446738d3f4749e5d642de3f62abc625f3e1b5	mediatek_drm_panel_drv	mediatek-drm-panel-drv.ko	vendor_boot_platform	dump_lcm_ops_dbi
e5d836ccb048680676ad4b0b318446738d3f4749e5d642de3f62abc625f3e1b5	mediatek_drm_panel_drv	mediatek-drm-panel-drv.ko	vendor_boot_platform	dump_lcm_ops_dpi
e5d836ccb048680676ad4b0b318446738d3f4749e5d642de3f62abc625f3e1b5	mediatek_drm_panel_drv	mediatek-drm-panel-drv.ko	vendor_boot_platform	dump_lcm_ops_dsi
e5d836ccb048680676ad4b0b318446738d3f4749e5d642de3f62abc625f3e1b5	mediatek_drm_panel_drv	mediatek-drm-panel-drv.ko	vendor_boot_platform	dump_lcm_ops_func
e5d836ccb048680676ad4b0b318446738d3f4749e5d642de3f62abc625f3e1b5	mediatek_drm_panel_drv	mediatek-drm-panel-drv.ko	vendor_boot_platform	dump_lcm_ops_table
e5d836ccb048680676ad4b0b318446738d3f4749e5d642de3f62abc625f3e1b5	mediatek_drm_panel_drv	mediatek-drm-panel-drv.ko	vendor_boot_platform	dump_lcm_params_dbi
e5d836ccb048680676ad4b0b318446738d3f4749e5d642de3f62abc625f3e1b5	mediatek_drm_panel_drv	mediatek-drm-panel-drv.ko	vendor_boot_platform	dump_lcm_params_dpi
e5d836ccb048680676ad4b0b318446738d3f4749e5d642de3f62abc625f3e1b5	mediatek_drm_panel_drv	mediatek-drm-panel-drv.ko	vendor_boot_platform	dump_lcm_params_dsi
e5d836ccb048680676ad4b0b318446738d3f4749e5d642de3f62abc625f3e1b5	mediatek_drm_panel_drv	mediatek-drm-panel-drv.ko	vendor_boot_platform	free_lcm_ops_dbi
e5d836ccb048680676ad4b0b318446738d3f4749e5d642de3f62abc625f3e1b5	mediatek_drm_panel_drv	mediatek-drm-panel-drv.ko	vendor_boot_platform	free_lcm_ops_dpi
e5d836ccb048680676ad4b0b318446738d3f4749e5d642de3f62abc625f3e1b5	mediatek_drm_panel_drv	mediatek-drm-panel-drv.ko	vendor_boot_platform	free_lcm_ops_dsi
e5d836ccb048680676ad4b0b318446738d3f4749e5d642de3f62abc625f3e1b5	mediatek_drm_panel_drv	mediatek-drm-panel-drv.ko	vendor_boot_platform	free_lcm_ops_table
e5d836ccb048680676ad4b0b318446738d3f4749e5d642de3f62abc625f3e1b5	mediatek_drm_panel_drv	mediatek-drm-panel-drv.ko	vendor_boot_platform	free_lcm_params_dbi
e5d836ccb048680676ad4b0b318446738d3f4749e5d642de3f62abc625f3e1b5	mediatek_drm_panel_drv	mediatek-drm-panel-drv.ko	vendor_boot_platform	free_lcm_params_dpi
e5d836ccb048680676ad4b0b318446738d3f4749e5d642de3f62abc625f3e1b5	mediatek_drm_panel_drv	mediatek-drm-panel-drv.ko	vendor_boot_platform	free_lcm_params_dsi
e5d836ccb048680676ad4b0b318446738d3f4749e5d642de3f62abc625f3e1b5	mediatek_drm_panel_drv	mediatek-drm-panel-drv.ko	vendor_boot_platform	load_panel_resource_from_dts
e5d836ccb048680676ad4b0b318446738d3f4749e5d642de3f62abc625f3e1b5	mediatek_drm_panel_drv	mediatek-drm-panel-drv.ko	vendor_boot_platform	mtk_is_lcm_read_ops
e5d836ccb048680676ad4b0b318446738d3f4749e5d642de3f62abc625f3e1b5	mediatek_drm_panel_drv	mediatek-drm-panel-drv.ko	vendor_boot_platform	mtk_lcm_create_input
e5d836ccb048680676ad4b0b318446738d3f4749e5d642de3f62abc625f3e1b5	mediatek_drm_panel_drv	mediatek-drm-panel-drv.ko	vendor_boot_platform	mtk_lcm_create_input_packet
e5d836ccb048680676ad4b0b318446738d3f4749e5d642de3f62abc625f3e1b5	mediatek_drm_panel_drv	mediatek-drm-panel-drv.ko	vendor_boot_platform	mtk_lcm_destroy_ddic_packet
e5d836ccb048680676ad4b0b318446738d3f4749e5d642de3f62abc625f3e1b5	mediatek_drm_panel_drv	mediatek-drm-panel-drv.ko	vendor_boot_platform	mtk_lcm_destroy_input
e5d836ccb048680676ad4b0b318446738d3f4749e5d642de3f62abc625f3e1b5	mediatek_drm_panel_drv	mediatek-drm-panel-drv.ko	vendor_boot_platform	mtk_lcm_destroy_input_packet
e5d836ccb048680676ad4b0b318446738d3f4749e5d642de3f62abc625f3e1b5	mediatek_drm_panel_drv	mediatek-drm-panel-drv.ko	vendor_boot_platform	mtk_lcm_dts_read_u32
e5d836ccb048680676ad4b0b318446738d3f4749e5d642de3f62abc625f3e1b5	mediatek_drm_panel_drv	mediatek-drm-panel-drv.ko	vendor_boot_platform	mtk_lcm_dts_read_u32_array
e5d836ccb048680676ad4b0b318446738d3f4749e5d642de3f62abc625f3e1b5	mediatek_drm_panel_drv	mediatek-drm-panel-drv.ko	vendor_boot_platform	mtk_lcm_dts_read_u32_pointer
e5d836ccb048680676ad4b0b318446738d3f4749e5d642de3f62abc625f3e1b5	mediatek_drm_panel_drv	mediatek-drm-panel-drv.ko	vendor_boot_platform	mtk_lcm_dts_read_u8
e5d836ccb048680676ad4b0b318446738d3f4749e5d642de3f62abc625f3e1b5	mediatek_drm_panel_drv	mediatek-drm-panel-drv.ko	vendor_boot_platform	mtk_lcm_dts_read_u8_array
e5d836ccb048680676ad4b0b318446738d3f4749e5d642de3f62abc625f3e1b5	mediatek_drm_panel_drv	mediatek-drm-panel-drv.ko	vendor_boot_platform	mtk_lcm_dts_read_u8_array_from_u32
e5d836ccb048680676ad4b0b318446738d3f4749e5d642de3f62abc625f3e1b5	mediatek_drm_panel_drv	mediatek-drm-panel-drv.ko	vendor_boot_platform	mtk_lcm_dts_read_u8_pointer
e5d836ccb048680676ad4b0b318446738d3f4749e5d642de3f62abc625f3e1b5	mediatek_drm_panel_drv	mediatek-drm-panel-drv.ko	vendor_boot_platform	mtk_lcm_dump_u32_array
e5d836ccb048680676ad4b0b318446738d3f4749e5d642de3f62abc625f3e1b5	mediatek_drm_panel_drv	mediatek-drm-panel-drv.ko	vendor_boot_platform	mtk_lcm_dump_u8_array
e5d836ccb048680676ad4b0b318446738d3f4749e5d642de3f62abc625f3e1b5	mediatek_drm_panel_drv	mediatek-drm-panel-drv.ko	vendor_boot_platform	mtk_panel_deregister_drv_customization_funcs
e5d836ccb048680676ad4b0b318446738d3f4749e5d642de3f62abc625f3e1b5	mediatek_drm_panel_drv	mediatek-drm-panel-drv.ko	vendor_boot_platform	mtk_panel_deregister_dsi_customization_funcs
e5d836ccb048680676ad4b0b318446738d3f4749e5d642de3f62abc625f3e1b5	mediatek_drm_panel_drv	mediatek-drm-panel-drv.ko	vendor_boot_platform	mtk_panel_dsi_dcs_read
e5d836ccb048680676ad4b0b318446738d3f4749e5d642de3f62abc625f3e1b5	mediatek_drm_panel_drv	mediatek-drm-panel-drv.ko	vendor_boot_platform	mtk_panel_dsi_dcs_read_buffer
e5d836ccb048680676ad4b0b318446738d3f4749e5d642de3f62abc625f3e1b5	mediatek_drm_panel_drv	mediatek-drm-panel-drv.ko	vendor_boot_platform	mtk_panel_dsi_dcs_write
e5d836ccb048680676ad4b0b318446738d3f4749e5d642de3f62abc625f3e1b5	mediatek_drm_panel_drv	mediatek-drm-panel-drv.ko	vendor_boot_platform	mtk_panel_dsi_dcs_write_buffer
e5d836ccb048680676ad4b0b318446738d3f4749e5d642de3f62abc625f3e1b5	mediatek_drm_panel_drv	mediatek-drm-panel-drv.ko	vendor_boot_platform	mtk_panel_execute_callback
e5d836ccb048680676ad4b0b318446738d3f4749e5d642de3f62abc625f3e1b5	mediatek_drm_panel_drv	mediatek-drm-panel-drv.ko	vendor_boot_platform	mtk_panel_execute_callback_group
e5d836ccb048680676ad4b0b318446738d3f4749e5d642de3f62abc625f3e1b5	mediatek_drm_panel_drv	mediatek-drm-panel-drv.ko	vendor_boot_platform	mtk_panel_execute_operation
e5d836ccb048680676ad4b0b318446738d3f4749e5d642de3f62abc625f3e1b5	mediatek_drm_panel_drv	mediatek-drm-panel-drv.ko	vendor_boot_platform	mtk_panel_register_drv_customization_funcs
e5d836ccb048680676ad4b0b318446738d3f4749e5d642de3f62abc625f3e1b5	mediatek_drm_panel_drv	mediatek-drm-panel-drv.ko	vendor_boot_platform	mtk_panel_register_dsi_customization_funcs
e5d836ccb048680676ad4b0b318446738d3f4749e5d642de3f62abc625f3e1b5	mediatek_drm_panel_drv	mediatek-drm-panel-drv.ko	vendor_boot_platform	panel_to_lcm
e5d836ccb048680676ad4b0b318446738d3f4749e5d642de3f62abc625f3e1b5	mediatek_drm_panel_drv	mediatek-drm-panel-drv.ko	vendor_boot_platform	parse_lcm_common_ops_func_u32
e5d836ccb048680676ad4b0b318446738d3f4749e5d642de3f62abc625f3e1b5	mediatek_drm_panel_drv	mediatek-drm-panel-drv.ko	vendor_boot_platform	parse_lcm_common_ops_func_u8
e5d836ccb048680676ad4b0b318446738d3f4749e5d642de3f62abc625f3e1b5	mediatek_drm_panel_drv	mediatek-drm-panel-drv.ko	vendor_boot_platform	parse_lcm_ops_dbi
e5d836ccb048680676ad4b0b318446738d3f4749e5d642de3f62abc625f3e1b5	mediatek_drm_panel_drv	mediatek-drm-panel-drv.ko	vendor_boot_platform	parse_lcm_ops_dpi
e5d836ccb048680676ad4b0b318446738d3f4749e5d642de3f62abc625f3e1b5	mediatek_drm_panel_drv	mediatek-drm-panel-drv.ko	vendor_boot_platform	parse_lcm_ops_dsi
e5d836ccb048680676ad4b0b318446738d3f4749e5d642de3f62abc625f3e1b5	mediatek_drm_panel_drv	mediatek-drm-panel-drv.ko	vendor_boot_platform	parse_lcm_ops_func
e5d836ccb048680676ad4b0b318446738d3f4749e5d642de3f62abc625f3e1b5	mediatek_drm_panel_drv	mediatek-drm-panel-drv.ko	vendor_boot_platform	parse_lcm_params_dbi
e5d836ccb048680676ad4b0b318446738d3f4749e5d642de3f62abc625f3e1b5	mediatek_drm_panel_drv	mediatek-drm-panel-drv.ko	vendor_boot_platform	parse_lcm_params_dpi
e5d836ccb048680676ad4b0b318446738d3f4749e5d642de3f62abc625f3e1b5	mediatek_drm_panel_drv	mediatek-drm-panel-drv.ko	vendor_boot_platform	parse_lcm_params_dsi
e7d4e7cfe4defdd69ff0e1be50c7a3de173b5c717e47e969cf0f9dec13baf9bc	yft_tpd_gesture	yft_tpd_gesture.ko	vendor_boot_platform	tpgesture_hander
e7d4e7cfe4defdd69ff0e1be50c7a3de173b5c717e47e969cf0f9dec13baf9bc	yft_tpd_gesture	yft_tpd_gesture.ko	vendor_boot_platform	tpgesture_status
e7d4e7cfe4defdd69ff0e1be50c7a3de173b5c717e47e969cf0f9dec13baf9bc	yft_tpd_gesture	yft_tpd_gesture.ko	vendor_boot_platform	tpgesture_value
eb3cc083ac2539a6b8eda36198fb977ed08fda5aa6b348c92805aeff48862169	mcupm	mcupm.ko	vendor_dlkm	get_mcupm_ipidev
eb3cc083ac2539a6b8eda36198fb977ed08fda5aa6b348c92805aeff48862169	mcupm	mcupm.ko	vendor_dlkm	mcupm_mbox_read
eb3cc083ac2539a6b8eda36198fb977ed08fda5aa6b348c92805aeff48862169	mcupm	mcupm.ko	vendor_dlkm	mcupm_mbox_write
eb3cc083ac2539a6b8eda36198fb977ed08fda5aa6b348c92805aeff48862169	mcupm	mcupm.ko	vendor_dlkm	mcupm_reserve_mem_get_phys
eb3cc083ac2539a6b8eda36198fb977ed08fda5aa6b348c92805aeff48862169	mcupm	mcupm.ko	vendor_dlkm	mcupm_reserve_mem_get_size
eb3cc083ac2539a6b8eda36198fb977ed08fda5aa6b348c92805aeff48862169	mcupm	mcupm.ko	vendor_dlkm	mcupm_reserve_mem_get_virt
eb664657a8cf3811b2acb49bcf5e8b5b98e6f9b45298791a5d74d1e1b08a421d	met	met.ko	vendor_dlkm	BaseAddrAPMIXEDSYS
eb664657a8cf3811b2acb49bcf5e8b5b98e6f9b45298791a5d74d1e1b08a421d	met	met.ko	vendor_dlkm	BaseAddrCHN_EMI
eb664657a8cf3811b2acb49bcf5e8b5b98e6f9b45298791a5d74d1e1b08a421d	met	met.ko	vendor_dlkm	BaseAddrDDRPHY_AO
eb664657a8cf3811b2acb49bcf5e8b5b98e6f9b45298791a5d74d1e1b08a421d	met	met.ko	vendor_dlkm	BaseAddrDRAMC
eb664657a8cf3811b2acb49bcf5e8b5b98e6f9b45298791a5d74d1e1b08a421d	met	met.ko	vendor_dlkm	BaseAddrEMI
eb664657a8cf3811b2acb49bcf5e8b5b98e6f9b45298791a5d74d1e1b08a421d	met	met.ko	vendor_dlkm	BaseAddrSLC_PMU
eb664657a8cf3811b2acb49bcf5e8b5b98e6f9b45298791a5d74d1e1b08a421d	met	met.ko	vendor_dlkm	DRAM_CH_NUM_PER_EMI
eb664657a8cf3811b2acb49bcf5e8b5b98e6f9b45298791a5d74d1e1b08a421d	met	met.ko	vendor_dlkm	DRAM_TYPE
eb664657a8cf3811b2acb49bcf5e8b5b98e6f9b45298791a5d74d1e1b08a421d	met	met.ko	vendor_dlkm	EMI_NUM
eb664657a8cf3811b2acb49bcf5e8b5b98e6f9b45298791a5d74d1e1b08a421d	met	met.ko	vendor_dlkm	MET_BM_Init
eb664657a8cf3811b2acb49bcf5e8b5b98e6f9b45298791a5d74d1e1b08a421d	met	met.ko	vendor_dlkm	MET_EMI_GetDramChannNum
eb664657a8cf3811b2acb49bcf5e8b5b98e6f9b45298791a5d74d1e1b08a421d	met	met.ko	vendor_dlkm	MET_EMI_Get_BaseClock_Rate
eb664657a8cf3811b2acb49bcf5e8b5b98e6f9b45298791a5d74d1e1b08a421d	met	met.ko	vendor_dlkm	MET_EMI_support_list
eb664657a8cf3811b2acb49bcf5e8b5b98e6f9b45298791a5d74d1e1b08a421d	met	met.ko	vendor_dlkm	MET_GET_DRAM_TYPE
eb664657a8cf3811b2acb49bcf5e8b5b98e6f9b45298791a5d74d1e1b08a421d	met	met.ko	vendor_dlkm	check_sspm_support
eb664657a8cf3811b2acb49bcf5e8b5b98e6f9b45298791a5d74d1e1b08a421d	met	met.ko	vendor_dlkm	ddrphy_ao_misc_cg_ctrl0
eb664657a8cf3811b2acb49bcf5e8b5b98e6f9b45298791a5d74d1e1b08a421d	met	met.ko	vendor_dlkm	ddrphy_ao_misc_cg_ctrl2
eb664657a8cf3811b2acb49bcf5e8b5b98e6f9b45298791a5d74d1e1b08a421d	met	met.ko	vendor_dlkm	deregister_mcupm_print_header
eb664657a8cf3811b2acb49bcf5e8b5b98e6f9b45298791a5d74d1e1b08a421d	met	met.ko	vendor_dlkm	deregister_mcupm_process_argument
eb664657a8cf3811b2acb49bcf5e8b5b98e6f9b45298791a5d74d1e1b08a421d	met	met.ko	vendor_dlkm	do_emi
eb664657a8cf3811b2acb49bcf5e8b5b98e6f9b45298791a5d74d1e1b08a421d	met	met.ko	vendor_dlkm	dram_chann_num
eb664657a8cf3811b2acb49bcf5e8b5b98e6f9b45298791a5d74d1e1b08a421d	met	met.ko	vendor_dlkm	dramc_pdir_enable
eb664657a8cf3811b2acb49bcf5e8b5b98e6f9b45298791a5d74d1e1b08a421d	met	met.ko	vendor_dlkm	emi_create_header
eb664657a8cf3811b2acb49bcf5e8b5b98e6f9b45298791a5d74d1e1b08a421d	met	met.ko	vendor_dlkm	emi_init
eb664657a8cf3811b2acb49bcf5e8b5b98e6f9b45298791a5d74d1e1b08a421d	met	met.ko	vendor_dlkm	emi_inited
eb664657a8cf3811b2acb49bcf5e8b5b98e6f9b45298791a5d74d1e1b08a421d	met	met.ko	vendor_dlkm	emi_mdct_enable
eb664657a8cf3811b2acb49bcf5e8b5b98e6f9b45298791a5d74d1e1b08a421d	met	met.ko	vendor_dlkm	emi_print_header_basic
eb664657a8cf3811b2acb49bcf5e8b5b98e6f9b45298791a5d74d1e1b08a421d	met	met.ko	vendor_dlkm	emi_tsct_enable
eb664657a8cf3811b2acb49bcf5e8b5b98e6f9b45298791a5d74d1e1b08a421d	met	met.ko	vendor_dlkm	emi_uninit
eb664657a8cf3811b2acb49bcf5e8b5b98e6f9b45298791a5d74d1e1b08a421d	met	met.ko	vendor_dlkm	emi_use_ondiemet
eb664657a8cf3811b2acb49bcf5e8b5b98e6f9b45298791a5d74d1e1b08a421d	met	met.ko	vendor_dlkm	get_cur_ddr_ratio_symbol
eb664657a8cf3811b2acb49bcf5e8b5b98e6f9b45298791a5d74d1e1b08a421d	met	met.ko	vendor_dlkm	get_gpueb_ipidev_symbol
eb664657a8cf3811b2acb49bcf5e8b5b98e6f9b45298791a5d74d1e1b08a421d	met	met.ko	vendor_dlkm	get_mcupm_ipidev_symbol
eb664657a8cf3811b2acb49bcf5e8b5b98e6f9b45298791a5d74d1e1b08a421d	met	met.ko	vendor_dlkm	get_scmi_tinysys_info_symbol
eb664657a8cf3811b2acb49bcf5e8b5b98e6f9b45298791a5d74d1e1b08a421d	met	met.ko	vendor_dlkm	gpueb_get_recv_PIN_ID_by_name_symbol
eb664657a8cf3811b2acb49bcf5e8b5b98e6f9b45298791a5d74d1e1b08a421d	met	met.ko	vendor_dlkm	gpueb_get_reserve_mem_phys_symbol
eb664657a8cf3811b2acb49bcf5e8b5b98e6f9b45298791a5d74d1e1b08a421d	met	met.ko	vendor_dlkm	gpueb_get_reserve_mem_size_symbol
eb664657a8cf3811b2acb49bcf5e8b5b98e6f9b45298791a5d74d1e1b08a421d	met	met.ko	vendor_dlkm	gpueb_get_reserve_mem_virt_symbol
eb664657a8cf3811b2acb49bcf5e8b5b98e6f9b45298791a5d74d1e1b08a421d	met	met.ko	vendor_dlkm	gpueb_get_send_PIN_ID_by_name_symbol
eb664657a8cf3811b2acb49bcf5e8b5b98e6f9b45298791a5d74d1e1b08a421d	met	met.ko	vendor_dlkm	header_str
eb664657a8cf3811b2acb49bcf5e8b5b98e6f9b45298791a5d74d1e1b08a421d	met	met.ko	vendor_dlkm	kobj_emi
eb664657a8cf3811b2acb49bcf5e8b5b98e6f9b45298791a5d74d1e1b08a421d	met	met.ko	vendor_dlkm	mcupm_reserve_mem_get_phys_symbol
eb664657a8cf3811b2acb49bcf5e8b5b98e6f9b45298791a5d74d1e1b08a421d	met	met.ko	vendor_dlkm	mcupm_reserve_mem_get_size_symbol
eb664657a8cf3811b2acb49bcf5e8b5b98e6f9b45298791a5d74d1e1b08a421d	met	met.ko	vendor_dlkm	mcupm_reserve_mem_get_virt_symbol
eb664657a8cf3811b2acb49bcf5e8b5b98e6f9b45298791a5d74d1e1b08a421d	met	met.ko	vendor_dlkm	mdmcu_sel_enable
eb664657a8cf3811b2acb49bcf5e8b5b98e6f9b45298791a5d74d1e1b08a421d	met	met.ko	vendor_dlkm	met_apu_smmu_lmu
eb664657a8cf3811b2acb49bcf5e8b5b98e6f9b45298791a5d74d1e1b08a421d	met	met.ko	vendor_dlkm	met_backlight
eb664657a8cf3811b2acb49bcf5e8b5b98e6f9b45298791a5d74d1e1b08a421d	met	met.ko	vendor_dlkm	met_backlight_api_ready
eb664657a8cf3811b2acb49bcf5e8b5b98e6f9b45298791a5d74d1e1b08a421d	met	met.ko	vendor_dlkm	met_boot_msg_tmp
eb664657a8cf3811b2acb49bcf5e8b5b98e6f9b45298791a5d74d1e1b08a421d	met	met.ko	vendor_dlkm	met_config_list
eb664657a8cf3811b2acb49bcf5e8b5b98e6f9b45298791a5d74d1e1b08a421d	met	met.ko	vendor_dlkm	met_deregister
eb664657a8cf3811b2acb49bcf5e8b5b98e6f9b45298791a5d74d1e1b08a421d	met	met.ko	vendor_dlkm	met_device
eb664657a8cf3811b2acb49bcf5e8b5b98e6f9b45298791a5d74d1e1b08a421d	met	met.ko	vendor_dlkm	met_emi_api_ready
eb664657a8cf3811b2acb49bcf5e8b5b98e6f9b45298791a5d74d1e1b08a421d	met	met.ko	vendor_dlkm	met_emi_create_basic
eb664657a8cf3811b2acb49bcf5e8b5b98e6f9b45298791a5d74d1e1b08a421d	met	met.ko	vendor_dlkm	met_emi_delete_basic
eb664657a8cf3811b2acb49bcf5e8b5b98e6f9b45298791a5d74d1e1b08a421d	met	met.ko	vendor_dlkm	met_emi_regdump
eb664657a8cf3811b2acb49bcf5e8b5b98e6f9b45298791a5d74d1e1b08a421d	met	met.ko	vendor_dlkm	met_get_chip_id
eb664657a8cf3811b2acb49bcf5e8b5b98e6f9b45298791a5d74d1e1b08a421d	met	met.ko	vendor_dlkm	met_get_dram_data_rate
eb664657a8cf3811b2acb49bcf5e8b5b98e6f9b45298791a5d74d1e1b08a421d	met	met.ko	vendor_dlkm	met_get_platform
eb664657a8cf3811b2acb49bcf5e8b5b98e6f9b45298791a5d74d1e1b08a421d	met	met.ko	vendor_dlkm	met_gpu_adv_api_ready
eb664657a8cf3811b2acb49bcf5e8b5b98e6f9b45298791a5d74d1e1b08a421d	met	met.ko	vendor_dlkm	met_gpu_api_ready
eb664657a8cf3811b2acb49bcf5e8b5b98e6f9b45298791a5d74d1e1b08a421d	met	met.ko	vendor_dlkm	met_gpu_smmu_lmu
eb664657a8cf3811b2acb49bcf5e8b5b98e6f9b45298791a5d74d1e1b08a421d	met	met.ko	vendor_dlkm	met_gpueb
eb664657a8cf3811b2acb49bcf5e8b5b98e6f9b45298791a5d74d1e1b08a421d	met	met.ko	vendor_dlkm	met_gpueb_api_ready
eb664657a8cf3811b2acb49bcf5e8b5b98e6f9b45298791a5d74d1e1b08a421d	met	met.ko	vendor_dlkm	met_gpueb_common
eb664657a8cf3811b2acb49bcf5e8b5b98e6f9b45298791a5d74d1e1b08a421d	met	met.ko	vendor_dlkm	met_gpueb_log_init
eb664657a8cf3811b2acb49bcf5e8b5b98e6f9b45298791a5d74d1e1b08a421d	met	met.ko	vendor_dlkm	met_gpueb_log_uninit
eb664657a8cf3811b2acb49bcf5e8b5b98e6f9b45298791a5d74d1e1b08a421d	met	met.ko	vendor_dlkm	met_ipi_api_ready
eb664657a8cf3811b2acb49bcf5e8b5b98e6f9b45298791a5d74d1e1b08a421d	met	met.ko	vendor_dlkm	met_ipi_to_gpueb_command
eb664657a8cf3811b2acb49bcf5e8b5b98e6f9b45298791a5d74d1e1b08a421d	met	met.ko	vendor_dlkm	met_ipi_to_gpueb_command_async
eb664657a8cf3811b2acb49bcf5e8b5b98e6f9b45298791a5d74d1e1b08a421d	met	met.ko	vendor_dlkm	met_ipi_to_mcupm_command
eb664657a8cf3811b2acb49bcf5e8b5b98e6f9b45298791a5d74d1e1b08a421d	met	met.ko	vendor_dlkm	met_ipi_to_mcupm_command_async
eb664657a8cf3811b2acb49bcf5e8b5b98e6f9b45298791a5d74d1e1b08a421d	met	met.ko	vendor_dlkm	met_mcupm
eb664657a8cf3811b2acb49bcf5e8b5b98e6f9b45298791a5d74d1e1b08a421d	met	met.ko	vendor_dlkm	met_mcupm_api_ready
eb664657a8cf3811b2acb49bcf5e8b5b98e6f9b45298791a5d74d1e1b08a421d	met	met.ko	vendor_dlkm	met_mcupm_common
eb664657a8cf3811b2acb49bcf5e8b5b98e6f9b45298791a5d74d1e1b08a421d	met	met.ko	vendor_dlkm	met_mcupm_log_init
eb664657a8cf3811b2acb49bcf5e8b5b98e6f9b45298791a5d74d1e1b08a421d	met	met.ko	vendor_dlkm	met_mcupm_log_uninit
eb664657a8cf3811b2acb49bcf5e8b5b98e6f9b45298791a5d74d1e1b08a421d	met	met.ko	vendor_dlkm	met_mm_smmu_lmu
eb664657a8cf3811b2acb49bcf5e8b5b98e6f9b45298791a5d74d1e1b08a421d	met	met.ko	vendor_dlkm	met_mode
eb664657a8cf3811b2acb49bcf5e8b5b98e6f9b45298791a5d74d1e1b08a421d	met	met.ko	vendor_dlkm	met_ondiemet_attr_init_gpueb
eb664657a8cf3811b2acb49bcf5e8b5b98e6f9b45298791a5d74d1e1b08a421d	met	met.ko	vendor_dlkm	met_ondiemet_attr_init_mcupm
eb664657a8cf3811b2acb49bcf5e8b5b98e6f9b45298791a5d74d1e1b08a421d	met	met.ko	vendor_dlkm	met_ondiemet_attr_init_sspm
eb664657a8cf3811b2acb49bcf5e8b5b98e6f9b45298791a5d74d1e1b08a421d	met	met.ko	vendor_dlkm	met_ondiemet_attr_uninit_gpueb
eb664657a8cf3811b2acb49bcf5e8b5b98e6f9b45298791a5d74d1e1b08a421d	met	met.ko	vendor_dlkm	met_ondiemet_attr_uninit_mcupm
eb664657a8cf3811b2acb49bcf5e8b5b98e6f9b45298791a5d74d1e1b08a421d	met	met.ko	vendor_dlkm	met_ondiemet_attr_uninit_sspm
eb664657a8cf3811b2acb49bcf5e8b5b98e6f9b45298791a5d74d1e1b08a421d	met	met.ko	vendor_dlkm	met_ptpod
eb664657a8cf3811b2acb49bcf5e8b5b98e6f9b45298791a5d74d1e1b08a421d	met	met.ko	vendor_dlkm	met_register
eb664657a8cf3811b2acb49bcf5e8b5b98e6f9b45298791a5d74d1e1b08a421d	met	met.ko	vendor_dlkm	met_scmi_api_ready
eb664657a8cf3811b2acb49bcf5e8b5b98e6f9b45298791a5d74d1e1b08a421d	met	met.ko	vendor_dlkm	met_scmi_to_sspm_command
eb664657a8cf3811b2acb49bcf5e8b5b98e6f9b45298791a5d74d1e1b08a421d	met	met.ko	vendor_dlkm	met_scmi_to_sspm_command_async
eb664657a8cf3811b2acb49bcf5e8b5b98e6f9b45298791a5d74d1e1b08a421d	met	met.ko	vendor_dlkm	met_scmi_to_sspm_resrc_request
eb664657a8cf3811b2acb49bcf5e8b5b98e6f9b45298791a5d74d1e1b08a421d	met	met.ko	vendor_dlkm	met_set_chip_id
eb664657a8cf3811b2acb49bcf5e8b5b98e6f9b45298791a5d74d1e1b08a421d	met	met.ko	vendor_dlkm	met_set_platform
eb664657a8cf3811b2acb49bcf5e8b5b98e6f9b45298791a5d74d1e1b08a421d	met	met.ko	vendor_dlkm	met_set_topology
eb664657a8cf3811b2acb49bcf5e8b5b98e6f9b45298791a5d74d1e1b08a421d	met	met.ko	vendor_dlkm	met_soc_smmu_lmu
eb664657a8cf3811b2acb49bcf5e8b5b98e6f9b45298791a5d74d1e1b08a421d	met	met.ko	vendor_dlkm	met_sspm_api_ready
eb664657a8cf3811b2acb49bcf5e8b5b98e6f9b45298791a5d74d1e1b08a421d	met	met.ko	vendor_dlkm	met_sspm_common
eb664657a8cf3811b2acb49bcf5e8b5b98e6f9b45298791a5d74d1e1b08a421d	met	met.ko	vendor_dlkm	met_sspm_emi
eb664657a8cf3811b2acb49bcf5e8b5b98e6f9b45298791a5d74d1e1b08a421d	met	met.ko	vendor_dlkm	met_sspm_log_init
eb664657a8cf3811b2acb49bcf5e8b5b98e6f9b45298791a5d74d1e1b08a421d	met	met.ko	vendor_dlkm	met_sspm_log_uninit
eb664657a8cf3811b2acb49bcf5e8b5b98e6f9b45298791a5d74d1e1b08a421d	met	met.ko	vendor_dlkm	met_sspm_smi
eb664657a8cf3811b2acb49bcf5e8b5b98e6f9b45298791a5d74d1e1b08a421d	met	met.ko	vendor_dlkm	met_tag_end_real
eb664657a8cf3811b2acb49bcf5e8b5b98e6f9b45298791a5d74d1e1b08a421d	met	met.ko	vendor_dlkm	met_tag_oneshot_real
eb664657a8cf3811b2acb49bcf5e8b5b98e6f9b45298791a5d74d1e1b08a421d	met	met.ko	vendor_dlkm	met_tag_start_real
eb664657a8cf3811b2acb49bcf5e8b5b98e6f9b45298791a5d74d1e1b08a421d	met	met.ko	vendor_dlkm	met_vcore_api_ready
eb664657a8cf3811b2acb49bcf5e8b5b98e6f9b45298791a5d74d1e1b08a421d	met	met.ko	vendor_dlkm	met_wall_time
eb664657a8cf3811b2acb49bcf5e8b5b98e6f9b45298791a5d74d1e1b08a421d	met	met.ko	vendor_dlkm	metemi_func_opt
eb664657a8cf3811b2acb49bcf5e8b5b98e6f9b45298791a5d74d1e1b08a421d	met	met.ko	vendor_dlkm	ms_formatD
eb664657a8cf3811b2acb49bcf5e8b5b98e6f9b45298791a5d74d1e1b08a421d	met	met.ko	vendor_dlkm	ms_formatD_EOL
eb664657a8cf3811b2acb49bcf5e8b5b98e6f9b45298791a5d74d1e1b08a421d	met	met.ko	vendor_dlkm	ms_formatD_ulong
eb664657a8cf3811b2acb49bcf5e8b5b98e6f9b45298791a5d74d1e1b08a421d	met	met.ko	vendor_dlkm	ms_formatH
eb664657a8cf3811b2acb49bcf5e8b5b98e6f9b45298791a5d74d1e1b08a421d	met	met.ko	vendor_dlkm	ms_formatH_EOL
eb664657a8cf3811b2acb49bcf5e8b5b98e6f9b45298791a5d74d1e1b08a421d	met	met.ko	vendor_dlkm	ms_formatH_ulong
eb664657a8cf3811b2acb49bcf5e8b5b98e6f9b45298791a5d74d1e1b08a421d	met	met.ko	vendor_dlkm	ms_formatH_ulonglong_EOL
eb664657a8cf3811b2acb49bcf5e8b5b98e6f9b45298791a5d74d1e1b08a421d	met	met.ko	vendor_dlkm	mtk_dramc_get_data_rate_symbol
eb664657a8cf3811b2acb49bcf5e8b5b98e6f9b45298791a5d74d1e1b08a421d	met	met.ko	vendor_dlkm	mtk_dramc_get_ddr_type_symbol
eb664657a8cf3811b2acb49bcf5e8b5b98e6f9b45298791a5d74d1e1b08a421d	met	met.ko	vendor_dlkm	mtk_get_gpu_block_symbol
eb664657a8cf3811b2acb49bcf5e8b5b98e6f9b45298791a5d74d1e1b08a421d	met	met.ko	vendor_dlkm	mtk_get_gpu_ceiling_index_symbol
eb664657a8cf3811b2acb49bcf5e8b5b98e6f9b45298791a5d74d1e1b08a421d	met	met.ko	vendor_dlkm	mtk_get_gpu_ceiling_limiter_symbol
eb664657a8cf3811b2acb49bcf5e8b5b98e6f9b45298791a5d74d1e1b08a421d	met	met.ko	vendor_dlkm	mtk_get_gpu_cur_freq_symbol
eb664657a8cf3811b2acb49bcf5e8b5b98e6f9b45298791a5d74d1e1b08a421d	met	met.ko	vendor_dlkm	mtk_get_gpu_cur_oppidx_symbol
eb664657a8cf3811b2acb49bcf5e8b5b98e6f9b45298791a5d74d1e1b08a421d	met	met.ko	vendor_dlkm	mtk_get_gpu_floor_index_symbol
eb664657a8cf3811b2acb49bcf5e8b5b98e6f9b45298791a5d74d1e1b08a421d	met	met.ko	vendor_dlkm	mtk_get_gpu_floor_limiter_symbol
eb664657a8cf3811b2acb49bcf5e8b5b98e6f9b45298791a5d74d1e1b08a421d	met	met.ko	vendor_dlkm	mtk_get_gpu_idle_symbol
eb664657a8cf3811b2acb49bcf5e8b5b98e6f9b45298791a5d74d1e1b08a421d	met	met.ko	vendor_dlkm	mtk_get_gpu_loading_symbol
eb664657a8cf3811b2acb49bcf5e8b5b98e6f9b45298791a5d74d1e1b08a421d	met	met.ko	vendor_dlkm	mtk_get_gpu_pmu_deinit_symbol
eb664657a8cf3811b2acb49bcf5e8b5b98e6f9b45298791a5d74d1e1b08a421d	met	met.ko	vendor_dlkm	mtk_get_gpu_pmu_init_symbol
eb664657a8cf3811b2acb49bcf5e8b5b98e6f9b45298791a5d74d1e1b08a421d	met	met.ko	vendor_dlkm	mtk_get_gpu_pmu_swapnreset_stop_symbol
eb664657a8cf3811b2acb49bcf5e8b5b98e6f9b45298791a5d74d1e1b08a421d	met	met.ko	vendor_dlkm	mtk_get_gpu_pmu_swapnreset_symbol
eb664657a8cf3811b2acb49bcf5e8b5b98e6f9b45298791a5d74d1e1b08a421d	met	met.ko	vendor_dlkm	mtk_ipi_recv_reply_symbol
eb664657a8cf3811b2acb49bcf5e8b5b98e6f9b45298791a5d74d1e1b08a421d	met	met.ko	vendor_dlkm	mtk_ipi_register_symbol
eb664657a8cf3811b2acb49bcf5e8b5b98e6f9b45298791a5d74d1e1b08a421d	met	met.ko	vendor_dlkm	mtk_ipi_send_compl_symbol
eb664657a8cf3811b2acb49bcf5e8b5b98e6f9b45298791a5d74d1e1b08a421d	met	met.ko	vendor_dlkm	mtk_ipi_send_symbol
eb664657a8cf3811b2acb49bcf5e8b5b98e6f9b45298791a5d74d1e1b08a421d	met	met.ko	vendor_dlkm	mtk_ipi_unregister_symbol
eb664657a8cf3811b2acb49bcf5e8b5b98e6f9b45298791a5d74d1e1b08a421d	met	met.ko	vendor_dlkm	mtk_leds_register_notifier_symbol
eb664657a8cf3811b2acb49bcf5e8b5b98e6f9b45298791a5d74d1e1b08a421d	met	met.ko	vendor_dlkm	mtk_leds_unregister_notifier_symbol
eb664657a8cf3811b2acb49bcf5e8b5b98e6f9b45298791a5d74d1e1b08a421d	met	met.ko	vendor_dlkm	ondiemet_emi_start_basic
eb664657a8cf3811b2acb49bcf5e8b5b98e6f9b45298791a5d74d1e1b08a421d	met	met.ko	vendor_dlkm	ondiemet_module
eb664657a8cf3811b2acb49bcf5e8b5b98e6f9b45298791a5d74d1e1b08a421d	met	met.ko	vendor_dlkm	ondiemet_record_check
eb664657a8cf3811b2acb49bcf5e8b5b98e6f9b45298791a5d74d1e1b08a421d	met	met.ko	vendor_dlkm	ondiemet_recording
eb664657a8cf3811b2acb49bcf5e8b5b98e6f9b45298791a5d74d1e1b08a421d	met	met.ko	vendor_dlkm	output_header_len
eb664657a8cf3811b2acb49bcf5e8b5b98e6f9b45298791a5d74d1e1b08a421d	met	met.ko	vendor_dlkm	output_str_len
eb664657a8cf3811b2acb49bcf5e8b5b98e6f9b45298791a5d74d1e1b08a421d	met	met.ko	vendor_dlkm	p_met_strbuf
eb664657a8cf3811b2acb49bcf5e8b5b98e6f9b45298791a5d74d1e1b08a421d	met	met.ko	vendor_dlkm	pr_bootmsg
eb664657a8cf3811b2acb49bcf5e8b5b98e6f9b45298791a5d74d1e1b08a421d	met	met.ko	vendor_dlkm	rd_mdmcu_rsv_num
eb664657a8cf3811b2acb49bcf5e8b5b98e6f9b45298791a5d74d1e1b08a421d	met	met.ko	vendor_dlkm	register_mcupm_print_header
eb664657a8cf3811b2acb49bcf5e8b5b98e6f9b45298791a5d74d1e1b08a421d	met	met.ko	vendor_dlkm	register_mcupm_process_argument
eb664657a8cf3811b2acb49bcf5e8b5b98e6f9b45298791a5d74d1e1b08a421d	met	met.ko	vendor_dlkm	scmi_tinysys_common_set_symbol
eb664657a8cf3811b2acb49bcf5e8b5b98e6f9b45298791a5d74d1e1b08a421d	met	met.ko	vendor_dlkm	scmi_tinysys_event_notify_symbol
eb664657a8cf3811b2acb49bcf5e8b5b98e6f9b45298791a5d74d1e1b08a421d	met	met.ko	vendor_dlkm	scmi_tinysys_register_event_notifier_symbol
eb664657a8cf3811b2acb49bcf5e8b5b98e6f9b45298791a5d74d1e1b08a421d	met	met.ko	vendor_dlkm	slc_pmu_cnt_setting_enable_val_
eb664657a8cf3811b2acb49bcf5e8b5b98e6f9b45298791a5d74d1e1b08a421d	met	met.ko	vendor_dlkm	sspm_buf_available
eb664657a8cf3811b2acb49bcf5e8b5b98e6f9b45298791a5d74d1e1b08a421d	met	met.ko	vendor_dlkm	sspm_reserve_mem_get_phys_symbol
eb664657a8cf3811b2acb49bcf5e8b5b98e6f9b45298791a5d74d1e1b08a421d	met	met.ko	vendor_dlkm	sspm_reserve_mem_get_size_symbol
eb664657a8cf3811b2acb49bcf5e8b5b98e6f9b45298791a5d74d1e1b08a421d	met	met.ko	vendor_dlkm	sspm_reserve_mem_get_virt_symbol
eb664657a8cf3811b2acb49bcf5e8b5b98e6f9b45298791a5d74d1e1b08a421d	met	met.ko	vendor_dlkm	ttype17_21_en
eb664657a8cf3811b2acb49bcf5e8b5b98e6f9b45298791a5d74d1e1b08a421d	met	met.ko	vendor_dlkm	ttype1_16_en
eb664657a8cf3811b2acb49bcf5e8b5b98e6f9b45298791a5d74d1e1b08a421d	met	met.ko	vendor_dlkm	update_uartlog_status_symbol
eb664657a8cf3811b2acb49bcf5e8b5b98e6f9b45298791a5d74d1e1b08a421d	met	met.ko	vendor_dlkm	vcorefs_get_num_opp_symbol
eb664657a8cf3811b2acb49bcf5e8b5b98e6f9b45298791a5d74d1e1b08a421d	met	met.ko	vendor_dlkm	vcorefs_get_opp_info_name_symbol
eb664657a8cf3811b2acb49bcf5e8b5b98e6f9b45298791a5d74d1e1b08a421d	met	met.ko	vendor_dlkm	vcorefs_get_opp_info_num_symbol
eb664657a8cf3811b2acb49bcf5e8b5b98e6f9b45298791a5d74d1e1b08a421d	met	met.ko	vendor_dlkm	vcorefs_get_opp_info_symbol
eb664657a8cf3811b2acb49bcf5e8b5b98e6f9b45298791a5d74d1e1b08a421d	met	met.ko	vendor_dlkm	vcorefs_get_src_req_name_symbol
eb664657a8cf3811b2acb49bcf5e8b5b98e6f9b45298791a5d74d1e1b08a421d	met	met.ko	vendor_dlkm	vcorefs_get_src_req_num_symbol
eb664657a8cf3811b2acb49bcf5e8b5b98e6f9b45298791a5d74d1e1b08a421d	met	met.ko	vendor_dlkm	vcorefs_get_src_req_symbol
ebdc8aa588e93210ac99b5959033165709242c52e38b6066a6b28090685c2d2c	tinysys_scmi	tinysys-scmi.ko	vendor_boot_platform	get_scmi_tinysys_info
ebdc8aa588e93210ac99b5959033165709242c52e38b6066a6b28090685c2d2c	tinysys_scmi	tinysys-scmi.ko	vendor_boot_platform	scmi_tinysys_common_get
ebdc8aa588e93210ac99b5959033165709242c52e38b6066a6b28090685c2d2c	tinysys_scmi	tinysys-scmi.ko	vendor_boot_platform	scmi_tinysys_common_set
ebdc8aa588e93210ac99b5959033165709242c52e38b6066a6b28090685c2d2c	tinysys_scmi	tinysys-scmi.ko	vendor_boot_platform	scmi_tinysys_event_notify
ebdc8aa588e93210ac99b5959033165709242c52e38b6066a6b28090685c2d2c	tinysys_scmi	tinysys-scmi.ko	vendor_boot_platform	scmi_tinysys_register_event_notifier
ec0aa807803912a5747aa64ebedd76204de5f4042c8b404fa96578057f97a32b	mdp_drv_mt6878	mdp_drv_mt6878.ko	vendor_boot_platform	mdp_dpc_register
f1f0893e808ceec57c244a0efa3f1cccd9923814244d0c5438cd75728e36f0d9	mtk_lpm_dbg_common_v2	mtk-lpm-dbg-common-v2.ko	vendor_dlkm	after_md_sleep_status
f1f0893e808ceec57c244a0efa3f1cccd9923814244d0c5438cd75728e36f0d9	mtk_lpm_dbg_common_v2	mtk-lpm-dbg-common-v2.ko	vendor_dlkm	before_md_sleep_status
f1f0893e808ceec57c244a0efa3f1cccd9923814244d0c5438cd75728e36f0d9	mtk_lpm_dbg_common_v2	mtk-lpm-dbg-common-v2.ko	vendor_dlkm	cur_md_sleep_status
f1f0893e808ceec57c244a0efa3f1cccd9923814244d0c5438cd75728e36f0d9	mtk_lpm_dbg_common_v2	mtk-lpm-dbg-common-v2.ko	vendor_dlkm	get_lpm_logger_mbrain_dbg_ops
f1f0893e808ceec57c244a0efa3f1cccd9923814244d0c5438cd75728e36f0d9	mtk_lpm_dbg_common_v2	mtk-lpm-dbg-common-v2.ko	vendor_dlkm	get_lpm_mbrain_dbg_ops
f1f0893e808ceec57c244a0efa3f1cccd9923814244d0c5438cd75728e36f0d9	mtk_lpm_dbg_common_v2	mtk-lpm-dbg-common-v2.ko	vendor_dlkm	get_lpm_sys_res_ops
f1f0893e808ceec57c244a0efa3f1cccd9923814244d0c5438cd75728e36f0d9	mtk_lpm_dbg_common_v2	mtk-lpm-dbg-common-v2.ko	vendor_dlkm	get_md_sleep_time
f1f0893e808ceec57c244a0efa3f1cccd9923814244d0c5438cd75728e36f0d9	mtk_lpm_dbg_common_v2	mtk-lpm-dbg-common-v2.ko	vendor_dlkm	is_md_sleep_info_valid
f1f0893e808ceec57c244a0efa3f1cccd9923814244d0c5438cd75728e36f0d9	mtk_lpm_dbg_common_v2	mtk-lpm-dbg-common-v2.ko	vendor_dlkm	log_md_sleep_info
f1f0893e808ceec57c244a0efa3f1cccd9923814244d0c5438cd75728e36f0d9	mtk_lpm_dbg_common_v2	mtk-lpm-dbg-common-v2.ko	vendor_dlkm	lpm_cpuidle_fs_deinit
f1f0893e808ceec57c244a0efa3f1cccd9923814244d0c5438cd75728e36f0d9	mtk_lpm_dbg_common_v2	mtk-lpm-dbg-common-v2.ko	vendor_dlkm	lpm_cpuidle_fs_init
f1f0893e808ceec57c244a0efa3f1cccd9923814244d0c5438cd75728e36f0d9	mtk_lpm_dbg_common_v2	mtk-lpm-dbg-common-v2.ko	vendor_dlkm	lpm_dbg_common_fs_exit
f1f0893e808ceec57c244a0efa3f1cccd9923814244d0c5438cd75728e36f0d9	mtk_lpm_dbg_common_v2	mtk-lpm-dbg-common-v2.ko	vendor_dlkm	lpm_dbg_common_fs_init
f1f0893e808ceec57c244a0efa3f1cccd9923814244d0c5438cd75728e36f0d9	mtk_lpm_dbg_common_v2	mtk-lpm-dbg-common-v2.ko	vendor_dlkm	lpm_dbg_fs_exit
f1f0893e808ceec57c244a0efa3f1cccd9923814244d0c5438cd75728e36f0d9	mtk_lpm_dbg_common_v2	mtk-lpm-dbg-common-v2.ko	vendor_dlkm	lpm_dbg_fs_init
f1f0893e808ceec57c244a0efa3f1cccd9923814244d0c5438cd75728e36f0d9	mtk_lpm_dbg_common_v2	mtk-lpm-dbg-common-v2.ko	vendor_dlkm	lpm_dbg_plat_info_set
f1f0893e808ceec57c244a0efa3f1cccd9923814244d0c5438cd75728e36f0d9	mtk_lpm_dbg_common_v2	mtk-lpm-dbg-common-v2.ko	vendor_dlkm	lpm_dbg_plat_ops_register
f1f0893e808ceec57c244a0efa3f1cccd9923814244d0c5438cd75728e36f0d9	mtk_lpm_dbg_common_v2	mtk-lpm-dbg-common-v2.ko	vendor_dlkm	lpm_dbg_pm_exit
f1f0893e808ceec57c244a0efa3f1cccd9923814244d0c5438cd75728e36f0d9	mtk_lpm_dbg_common_v2	mtk-lpm-dbg-common-v2.ko	vendor_dlkm	lpm_dbg_pm_init
f1f0893e808ceec57c244a0efa3f1cccd9923814244d0c5438cd75728e36f0d9	mtk_lpm_dbg_common_v2	mtk-lpm-dbg-common-v2.ko	vendor_dlkm	lpm_dbg_spm_rsc_req_check
f1f0893e808ceec57c244a0efa3f1cccd9923814244d0c5438cd75728e36f0d9	mtk_lpm_dbg_common_v2	mtk-lpm-dbg-common-v2.ko	vendor_dlkm	lpm_get_lp_blocked_threshold
f1f0893e808ceec57c244a0efa3f1cccd9923814244d0c5438cd75728e36f0d9	mtk_lpm_dbg_common_v2	mtk-lpm-dbg-common-v2.ko	vendor_dlkm	lpm_hwreq_fs_deinit
f1f0893e808ceec57c244a0efa3f1cccd9923814244d0c5438cd75728e36f0d9	mtk_lpm_dbg_common_v2	mtk-lpm-dbg-common-v2.ko	vendor_dlkm	lpm_hwreq_fs_init
f1f0893e808ceec57c244a0efa3f1cccd9923814244d0c5438cd75728e36f0d9	mtk_lpm_dbg_common_v2	mtk-lpm-dbg-common-v2.ko	vendor_dlkm	lpm_logger_deinit
f1f0893e808ceec57c244a0efa3f1cccd9923814244d0c5438cd75728e36f0d9	mtk_lpm_dbg_common_v2	mtk-lpm-dbg-common-v2.ko	vendor_dlkm	lpm_logger_init
f1f0893e808ceec57c244a0efa3f1cccd9923814244d0c5438cd75728e36f0d9	mtk_lpm_dbg_common_v2	mtk-lpm-dbg-common-v2.ko	vendor_dlkm	lpm_rc_fs_deinit
f1f0893e808ceec57c244a0efa3f1cccd9923814244d0c5438cd75728e36f0d9	mtk_lpm_dbg_common_v2	mtk-lpm-dbg-common-v2.ko	vendor_dlkm	lpm_rc_fs_init
f1f0893e808ceec57c244a0efa3f1cccd9923814244d0c5438cd75728e36f0d9	mtk_lpm_dbg_common_v2	mtk-lpm-dbg-common-v2.ko	vendor_dlkm	lpm_spm_base
f1f0893e808ceec57c244a0efa3f1cccd9923814244d0c5438cd75728e36f0d9	mtk_lpm_dbg_common_v2	mtk-lpm-dbg-common-v2.ko	vendor_dlkm	lpm_spm_fs_deinit
f1f0893e808ceec57c244a0efa3f1cccd9923814244d0c5438cd75728e36f0d9	mtk_lpm_dbg_common_v2	mtk-lpm-dbg-common-v2.ko	vendor_dlkm	lpm_spm_fs_init
f1f0893e808ceec57c244a0efa3f1cccd9923814244d0c5438cd75728e36f0d9	mtk_lpm_dbg_common_v2	mtk-lpm-dbg-common-v2.ko	vendor_dlkm	lpm_sys_res_exit
f1f0893e808ceec57c244a0efa3f1cccd9923814244d0c5438cd75728e36f0d9	mtk_lpm_dbg_common_v2	mtk-lpm-dbg-common-v2.ko	vendor_dlkm	lpm_sys_res_fs_deinit
f1f0893e808ceec57c244a0efa3f1cccd9923814244d0c5438cd75728e36f0d9	mtk_lpm_dbg_common_v2	mtk-lpm-dbg-common-v2.ko	vendor_dlkm	lpm_sys_res_fs_init
f1f0893e808ceec57c244a0efa3f1cccd9923814244d0c5438cd75728e36f0d9	mtk_lpm_dbg_common_v2	mtk-lpm-dbg-common-v2.ko	vendor_dlkm	lpm_sys_res_init
f1f0893e808ceec57c244a0efa3f1cccd9923814244d0c5438cd75728e36f0d9	mtk_lpm_dbg_common_v2	mtk-lpm-dbg-common-v2.ko	vendor_dlkm	lpm_trace_event_deinit
f1f0893e808ceec57c244a0efa3f1cccd9923814244d0c5438cd75728e36f0d9	mtk_lpm_dbg_common_v2	mtk-lpm-dbg-common-v2.ko	vendor_dlkm	lpm_trace_event_init
f1f0893e808ceec57c244a0efa3f1cccd9923814244d0c5438cd75728e36f0d9	mtk_lpm_dbg_common_v2	mtk-lpm-dbg-common-v2.ko	vendor_dlkm	lpm_trace_fs_deinit
f1f0893e808ceec57c244a0efa3f1cccd9923814244d0c5438cd75728e36f0d9	mtk_lpm_dbg_common_v2	mtk-lpm-dbg-common-v2.ko	vendor_dlkm	lpm_trace_fs_init
f1f0893e808ceec57c244a0efa3f1cccd9923814244d0c5438cd75728e36f0d9	mtk_lpm_dbg_common_v2	mtk-lpm-dbg-common-v2.ko	vendor_dlkm	mtk_cpuidle_status_exit
f1f0893e808ceec57c244a0efa3f1cccd9923814244d0c5438cd75728e36f0d9	mtk_lpm_dbg_common_v2	mtk-lpm-dbg-common-v2.ko	vendor_dlkm	mtk_cpuidle_status_init
f1f0893e808ceec57c244a0efa3f1cccd9923814244d0c5438cd75728e36f0d9	mtk_lpm_dbg_common_v2	mtk-lpm-dbg-common-v2.ko	vendor_dlkm	mtk_cpupm_dbg_exit
f1f0893e808ceec57c244a0efa3f1cccd9923814244d0c5438cd75728e36f0d9	mtk_lpm_dbg_common_v2	mtk-lpm-dbg-common-v2.ko	vendor_dlkm	mtk_cpupm_dbg_init
f1f0893e808ceec57c244a0efa3f1cccd9923814244d0c5438cd75728e36f0d9	mtk_lpm_dbg_common_v2	mtk-lpm-dbg-common-v2.ko	vendor_dlkm	register_lpm_logger_mbrain_dbg_ops
f1f0893e808ceec57c244a0efa3f1cccd9923814244d0c5438cd75728e36f0d9	mtk_lpm_dbg_common_v2	mtk-lpm-dbg-common-v2.ko	vendor_dlkm	register_lpm_mbrain_dbg_ops
f1f0893e808ceec57c244a0efa3f1cccd9923814244d0c5438cd75728e36f0d9	mtk_lpm_dbg_common_v2	mtk-lpm-dbg-common-v2.ko	vendor_dlkm	register_lpm_sys_res_ops
f1f0893e808ceec57c244a0efa3f1cccd9923814244d0c5438cd75728e36f0d9	mtk_lpm_dbg_common_v2	mtk-lpm-dbg-common-v2.ko	vendor_dlkm	spm_cond_deinit
f1f0893e808ceec57c244a0efa3f1cccd9923814244d0c5438cd75728e36f0d9	mtk_lpm_dbg_common_v2	mtk-lpm-dbg-common-v2.ko	vendor_dlkm	spm_cond_init
f1f0893e808ceec57c244a0efa3f1cccd9923814244d0c5438cd75728e36f0d9	mtk_lpm_dbg_common_v2	mtk-lpm-dbg-common-v2.ko	vendor_dlkm	unregister_lpm_logger_mbrain_dbg_ops
f1f0893e808ceec57c244a0efa3f1cccd9923814244d0c5438cd75728e36f0d9	mtk_lpm_dbg_common_v2	mtk-lpm-dbg-common-v2.ko	vendor_dlkm	unregister_lpm_mbrain_dbg_ops
f1f0893e808ceec57c244a0efa3f1cccd9923814244d0c5438cd75728e36f0d9	mtk_lpm_dbg_common_v2	mtk-lpm-dbg-common-v2.ko	vendor_dlkm	unregister_lpm_sys_res_ops
f25211901030075c0314bf414fe127f13b54f7ef757e6f725ff82bd0eca50eab	conninfra	conninfra.ko	vendor_dlkm	conn_metlog_start
f25211901030075c0314bf414fe127f13b54f7ef757e6f725ff82bd0eca50eab	conninfra	conninfra.ko	vendor_dlkm	conn_metlog_stop
f25211901030075c0314bf414fe127f13b54f7ef757e6f725ff82bd0eca50eab	conninfra	conninfra.ko	vendor_dlkm	conninfra_adie_top_ck_en_off
f25211901030075c0314bf414fe127f13b54f7ef757e6f725ff82bd0eca50eab	conninfra	conninfra.ko	vendor_dlkm	conninfra_adie_top_ck_en_on
f25211901030075c0314bf414fe127f13b54f7ef757e6f725ff82bd0eca50eab	conninfra	conninfra.ko	vendor_dlkm	conninfra_bus_clock_ctrl
f25211901030075c0314bf414fe127f13b54f7ef757e6f725ff82bd0eca50eab	conninfra	conninfra.ko	vendor_dlkm	conninfra_config_setup
f25211901030075c0314bf414fe127f13b54f7ef757e6f725ff82bd0eca50eab	conninfra	conninfra.ko	vendor_dlkm	conninfra_get_clock_schematic
f25211901030075c0314bf414fe127f13b54f7ef757e6f725ff82bd0eca50eab	conninfra	conninfra.ko	vendor_dlkm	conninfra_get_emi_phy_addr
f25211901030075c0314bf414fe127f13b54f7ef757e6f725ff82bd0eca50eab	conninfra	conninfra.ko	vendor_dlkm	conninfra_get_ic_info
f25211901030075c0314bf414fe127f13b54f7ef757e6f725ff82bd0eca50eab	conninfra	conninfra.ko	vendor_dlkm	conninfra_get_phy_addr
f25211901030075c0314bf414fe127f13b54f7ef757e6f725ff82bd0eca50eab	conninfra	conninfra.ko	vendor_dlkm	conninfra_is_bus_hang
f25211901030075c0314bf414fe127f13b54f7ef757e6f725ff82bd0eca50eab	conninfra	conninfra.ko	vendor_dlkm	conninfra_pwr_off
f25211901030075c0314bf414fe127f13b54f7ef757e6f725ff82bd0eca50eab	conninfra	conninfra.ko	vendor_dlkm	conninfra_pwr_on
f25211901030075c0314bf414fe127f13b54f7ef757e6f725ff82bd0eca50eab	conninfra	conninfra.ko	vendor_dlkm	conninfra_reg_readable
f25211901030075c0314bf414fe127f13b54f7ef757e6f725ff82bd0eca50eab	conninfra	conninfra.ko	vendor_dlkm	conninfra_reg_readable_for_coredump
f25211901030075c0314bf414fe127f13b54f7ef757e6f725ff82bd0eca50eab	conninfra	conninfra.ko	vendor_dlkm	conninfra_reg_readable_no_lock
f25211901030075c0314bf414fe127f13b54f7ef757e6f725ff82bd0eca50eab	conninfra	conninfra.ko	vendor_dlkm	conninfra_spi_1_read
f25211901030075c0314bf414fe127f13b54f7ef757e6f725ff82bd0eca50eab	conninfra	conninfra.ko	vendor_dlkm	conninfra_spi_1_update_bits
f25211901030075c0314bf414fe127f13b54f7ef757e6f725ff82bd0eca50eab	conninfra	conninfra.ko	vendor_dlkm	conninfra_spi_1_write
f25211901030075c0314bf414fe127f13b54f7ef757e6f725ff82bd0eca50eab	conninfra	conninfra.ko	vendor_dlkm	conninfra_spi_clock_switch
f25211901030075c0314bf414fe127f13b54f7ef757e6f725ff82bd0eca50eab	conninfra	conninfra.ko	vendor_dlkm	conninfra_spi_read
f25211901030075c0314bf414fe127f13b54f7ef757e6f725ff82bd0eca50eab	conninfra	conninfra.ko	vendor_dlkm	conninfra_spi_update_bits
f25211901030075c0314bf414fe127f13b54f7ef757e6f725ff82bd0eca50eab	conninfra	conninfra.ko	vendor_dlkm	conninfra_spi_write
f25211901030075c0314bf414fe127f13b54f7ef757e6f725ff82bd0eca50eab	conninfra	conninfra.ko	vendor_dlkm	conninfra_sub_drv_ops_register
f25211901030075c0314bf414fe127f13b54f7ef757e6f725ff82bd0eca50eab	conninfra	conninfra.ko	vendor_dlkm	conninfra_sub_drv_ops_unregister
f25211901030075c0314bf414fe127f13b54f7ef757e6f725ff82bd0eca50eab	conninfra	conninfra.ko	vendor_dlkm	conninfra_trigger_whole_chip_rst
f25211901030075c0314bf414fe127f13b54f7ef757e6f725ff82bd0eca50eab	conninfra	conninfra.ko	vendor_dlkm	connsys_coredump_clean
f25211901030075c0314bf414fe127f13b54f7ef757e6f725ff82bd0eca50eab	conninfra	conninfra.ko	vendor_dlkm	connsys_coredump_deinit
f25211901030075c0314bf414fe127f13b54f7ef757e6f725ff82bd0eca50eab	conninfra	conninfra.ko	vendor_dlkm	connsys_coredump_get_mode
f25211901030075c0314bf414fe127f13b54f7ef757e6f725ff82bd0eca50eab	conninfra	conninfra.ko	vendor_dlkm	connsys_coredump_get_start_offset
f25211901030075c0314bf414fe127f13b54f7ef757e6f725ff82bd0eca50eab	conninfra	conninfra.ko	vendor_dlkm	connsys_coredump_init
f25211901030075c0314bf414fe127f13b54f7ef757e6f725ff82bd0eca50eab	conninfra	conninfra.ko	vendor_dlkm	connsys_coredump_set_dump_mode
f25211901030075c0314bf414fe127f13b54f7ef757e6f725ff82bd0eca50eab	conninfra	conninfra.ko	vendor_dlkm	connsys_coredump_setup_dump_region
f25211901030075c0314bf414fe127f13b54f7ef757e6f725ff82bd0eca50eab	conninfra	conninfra.ko	vendor_dlkm	connsys_coredump_start
f25211901030075c0314bf414fe127f13b54f7ef757e6f725ff82bd0eca50eab	conninfra	conninfra.ko	vendor_dlkm	connsys_dedicated_log_get_log_mode
f25211901030075c0314bf414fe127f13b54f7ef757e6f725ff82bd0eca50eab	conninfra	conninfra.ko	vendor_dlkm	connsys_dedicated_log_path_alarm_disable
f25211901030075c0314bf414fe127f13b54f7ef757e6f725ff82bd0eca50eab	conninfra	conninfra.ko	vendor_dlkm	connsys_dedicated_log_path_alarm_enable
f25211901030075c0314bf414fe127f13b54f7ef757e6f725ff82bd0eca50eab	conninfra	conninfra.ko	vendor_dlkm	connsys_dedicated_log_path_apsoc_deinit
f25211901030075c0314bf414fe127f13b54f7ef757e6f725ff82bd0eca50eab	conninfra	conninfra.ko	vendor_dlkm	connsys_dedicated_log_path_apsoc_init
f25211901030075c0314bf414fe127f13b54f7ef757e6f725ff82bd0eca50eab	conninfra	conninfra.ko	vendor_dlkm	connsys_dedicated_log_path_blank_state_changed
f25211901030075c0314bf414fe127f13b54f7ef757e6f725ff82bd0eca50eab	conninfra	conninfra.ko	vendor_dlkm	connsys_dedicated_log_set_log_mode
f25211901030075c0314bf414fe127f13b54f7ef757e6f725ff82bd0eca50eab	conninfra	conninfra.ko	vendor_dlkm	connsys_log_deinit
f25211901030075c0314bf414fe127f13b54f7ef757e6f725ff82bd0eca50eab	conninfra	conninfra.ko	vendor_dlkm	connsys_log_dump_buf
f25211901030075c0314bf414fe127f13b54f7ef757e6f725ff82bd0eca50eab	conninfra	conninfra.ko	vendor_dlkm	connsys_log_get_buf_size
f25211901030075c0314bf414fe127f13b54f7ef757e6f725ff82bd0eca50eab	conninfra	conninfra.ko	vendor_dlkm	connsys_log_get_utc_time
f25211901030075c0314bf414fe127f13b54f7ef757e6f725ff82bd0eca50eab	conninfra	conninfra.ko	vendor_dlkm	connsys_log_init
f25211901030075c0314bf414fe127f13b54f7ef757e6f725ff82bd0eca50eab	conninfra	conninfra.ko	vendor_dlkm	connsys_log_irq_handler
f25211901030075c0314bf414fe127f13b54f7ef757e6f725ff82bd0eca50eab	conninfra	conninfra.ko	vendor_dlkm	connsys_log_read
f25211901030075c0314bf414fe127f13b54f7ef757e6f725ff82bd0eca50eab	conninfra	conninfra.ko	vendor_dlkm	connsys_log_read_to_user
f25211901030075c0314bf414fe127f13b54f7ef757e6f725ff82bd0eca50eab	conninfra	conninfra.ko	vendor_dlkm	connsys_log_register_event_cb
f25211901030075c0314bf414fe127f13b54f7ef757e6f725ff82bd0eca50eab	conninfra	conninfra.ko	vendor_dlkm	connv3_conninfra_bus_dump
f25211901030075c0314bf414fe127f13b54f7ef757e6f725ff82bd0eca50eab	conninfra	conninfra.ko	vendor_dlkm	connv3_coredump_deinit
f25211901030075c0314bf414fe127f13b54f7ef757e6f725ff82bd0eca50eab	conninfra	conninfra.ko	vendor_dlkm	connv3_coredump_end
f25211901030075c0314bf414fe127f13b54f7ef757e6f725ff82bd0eca50eab	conninfra	conninfra.ko	vendor_dlkm	connv3_coredump_get_issue_info
f25211901030075c0314bf414fe127f13b54f7ef757e6f725ff82bd0eca50eab	conninfra	conninfra.ko	vendor_dlkm	connv3_coredump_init
f25211901030075c0314bf414fe127f13b54f7ef757e6f725ff82bd0eca50eab	conninfra	conninfra.ko	vendor_dlkm	connv3_coredump_send
f25211901030075c0314bf414fe127f13b54f7ef757e6f725ff82bd0eca50eab	conninfra	conninfra.ko	vendor_dlkm	connv3_coredump_start
f25211901030075c0314bf414fe127f13b54f7ef757e6f725ff82bd0eca50eab	conninfra	conninfra.ko	vendor_dlkm	connv3_ext_32k_on
f25211901030075c0314bf414fe127f13b54f7ef757e6f725ff82bd0eca50eab	conninfra	conninfra.ko	vendor_dlkm	connv3_hif_dbg_end
f25211901030075c0314bf414fe127f13b54f7ef757e6f725ff82bd0eca50eab	conninfra	conninfra.ko	vendor_dlkm	connv3_hif_dbg_read
f25211901030075c0314bf414fe127f13b54f7ef757e6f725ff82bd0eca50eab	conninfra	conninfra.ko	vendor_dlkm	connv3_hif_dbg_start
f25211901030075c0314bf414fe127f13b54f7ef757e6f725ff82bd0eca50eab	conninfra	conninfra.ko	vendor_dlkm	connv3_hif_dbg_write
f25211901030075c0314bf414fe127f13b54f7ef757e6f725ff82bd0eca50eab	conninfra	conninfra.ko	vendor_dlkm	connv3_hif_dbg_write_mask
f25211901030075c0314bf414fe127f13b54f7ef757e6f725ff82bd0eca50eab	conninfra	conninfra.ko	vendor_dlkm	connv3_log_deinit
f25211901030075c0314bf414fe127f13b54f7ef757e6f725ff82bd0eca50eab	conninfra	conninfra.ko	vendor_dlkm	connv3_log_get_buf_size
f25211901030075c0314bf414fe127f13b54f7ef757e6f725ff82bd0eca50eab	conninfra	conninfra.ko	vendor_dlkm	connv3_log_get_log_mode
f25211901030075c0314bf414fe127f13b54f7ef757e6f725ff82bd0eca50eab	conninfra	conninfra.ko	vendor_dlkm	connv3_log_handler
f25211901030075c0314bf414fe127f13b54f7ef757e6f725ff82bd0eca50eab	conninfra	conninfra.ko	vendor_dlkm	connv3_log_init
f25211901030075c0314bf414fe127f13b54f7ef757e6f725ff82bd0eca50eab	conninfra	conninfra.ko	vendor_dlkm	connv3_log_read
f25211901030075c0314bf414fe127f13b54f7ef757e6f725ff82bd0eca50eab	conninfra	conninfra.ko	vendor_dlkm	connv3_log_read_to_user
f25211901030075c0314bf414fe127f13b54f7ef757e6f725ff82bd0eca50eab	conninfra	conninfra.ko	vendor_dlkm	connv3_log_register_event_cb
f25211901030075c0314bf414fe127f13b54f7ef757e6f725ff82bd0eca50eab	conninfra	conninfra.ko	vendor_dlkm	connv3_log_set_log_mode
f25211901030075c0314bf414fe127f13b54f7ef757e6f725ff82bd0eca50eab	conninfra	conninfra.ko	vendor_dlkm	connv3_pwr_off
f25211901030075c0314bf414fe127f13b54f7ef757e6f725ff82bd0eca50eab	conninfra	conninfra.ko	vendor_dlkm	connv3_pwr_on
f25211901030075c0314bf414fe127f13b54f7ef757e6f725ff82bd0eca50eab	conninfra	conninfra.ko	vendor_dlkm	connv3_pwr_on_done
f25211901030075c0314bf414fe127f13b54f7ef757e6f725ff82bd0eca50eab	conninfra	conninfra.ko	vendor_dlkm	connv3_sub_drv_ops_register
f25211901030075c0314bf414fe127f13b54f7ef757e6f725ff82bd0eca50eab	conninfra	conninfra.ko	vendor_dlkm	connv3_sub_drv_ops_unregister
f25211901030075c0314bf414fe127f13b54f7ef757e6f725ff82bd0eca50eab	conninfra	conninfra.ko	vendor_dlkm	connv3_trigger_whole_chip_rst
f25211901030075c0314bf414fe127f13b54f7ef757e6f725ff82bd0eca50eab	conninfra	conninfra.ko	vendor_dlkm	connv3_update_pmic_state
f25211901030075c0314bf414fe127f13b54f7ef757e6f725ff82bd0eca50eab	conninfra	conninfra.ko	vendor_dlkm	fw_log_mcu_deinit
f25211901030075c0314bf414fe127f13b54f7ef757e6f725ff82bd0eca50eab	conninfra	conninfra.ko	vendor_dlkm	fw_log_mcu_init
f364acc5a5198facb456295c1503927c75ca7f97b8f735164be19c90120235b7	mtk_vow	mtk-vow.ko	vendor_dlkm	vow_ipi_send
f5d4dde1f09ac1d67877c66dddf2839de1f496bb2b6b74f50fbe3cd1693b60dc	fingerprint	fingerprint.ko	vendor_boot_platform	yft_finger_get_irq_gpio
f5d4dde1f09ac1d67877c66dddf2839de1f496bb2b6b74f50fbe3cd1693b60dc	fingerprint	fingerprint.ko	vendor_boot_platform	yft_finger_get_irqnum
f5d4dde1f09ac1d67877c66dddf2839de1f496bb2b6b74f50fbe3cd1693b60dc	fingerprint	fingerprint.ko	vendor_boot_platform	yft_finger_get_reset_gpio
f5d4dde1f09ac1d67877c66dddf2839de1f496bb2b6b74f50fbe3cd1693b60dc	fingerprint	fingerprint.ko	vendor_boot_platform	yft_finger_power_deinit
f5d4dde1f09ac1d67877c66dddf2839de1f496bb2b6b74f50fbe3cd1693b60dc	fingerprint	fingerprint.ko	vendor_boot_platform	yft_finger_probe_isok
f5d4dde1f09ac1d67877c66dddf2839de1f496bb2b6b74f50fbe3cd1693b60dc	fingerprint	fingerprint.ko	vendor_boot_platform	yft_finger_set_irq
f5d4dde1f09ac1d67877c66dddf2839de1f496bb2b6b74f50fbe3cd1693b60dc	fingerprint	fingerprint.ko	vendor_boot_platform	yft_finger_set_power
f5d4dde1f09ac1d67877c66dddf2839de1f496bb2b6b74f50fbe3cd1693b60dc	fingerprint	fingerprint.ko	vendor_boot_platform	yft_finger_set_reset
f5d4dde1f09ac1d67877c66dddf2839de1f496bb2b6b74f50fbe3cd1693b60dc	fingerprint	fingerprint.ko	vendor_boot_platform	yft_finger_set_spi_mode
f5d4dde1f09ac1d67877c66dddf2839de1f496bb2b6b74f50fbe3cd1693b60dc	fingerprint	fingerprint.ko	vendor_boot_platform	yft_waite_for_finger_dts_paser
f8df5633787d34d2a355f941f0039a04023069f81eb3da240ce52d2129629847	rpmb_mtk	rpmb-mtk.ko	vendor_boot_platform	mmc_rpmb_register
f8f7c2c72d2feec9884a754fc5d08db93daac3b0425c5388cbe83991319dfe76	mtk_mml	mtk-mml.ko	vendor_boot_platform	mml_cmdq_err
f8f7c2c72d2feec9884a754fc5d08db93daac3b0425c5388cbe83991319dfe76	mtk_mml	mtk-mml.ko	vendor_boot_platform	mml_comp_init
f8f7c2c72d2feec9884a754fc5d08db93daac3b0425c5388cbe83991319dfe76	mtk_mml	mtk-mml.ko	vendor_boot_platform	mml_dev_get_comp_by_id
f8f7c2c72d2feec9884a754fc5d08db93daac3b0425c5388cbe83991319dfe76	mtk_mml	mtk-mml.ko	vendor_boot_platform	mml_dl_enable
f8f7c2c72d2feec9884a754fc5d08db93daac3b0425c5388cbe83991319dfe76	mtk_mml	mtk-mml.ko	vendor_boot_platform	mml_dl_vdo
f8f7c2c72d2feec9884a754fc5d08db93daac3b0425c5388cbe83991319dfe76	mtk_mml	mtk-mml.ko	vendor_boot_platform	mml_dpc_disable
f8f7c2c72d2feec9884a754fc5d08db93daac3b0425c5388cbe83991319dfe76	mtk_mml	mtk-mml.ko	vendor_boot_platform	mml_dpc_register
f8f7c2c72d2feec9884a754fc5d08db93daac3b0425c5388cbe83991319dfe76	mtk_mml	mtk-mml.ko	vendor_boot_platform	mml_drm_config_rdone
f8f7c2c72d2feec9884a754fc5d08db93daac3b0425c5388cbe83991319dfe76	mtk_mml	mtk-mml.ko	vendor_boot_platform	mml_drm_ctx_idle
f8f7c2c72d2feec9884a754fc5d08db93daac3b0425c5388cbe83991319dfe76	mtk_mml	mtk-mml.ko	vendor_boot_platform	mml_drm_dump
f8f7c2c72d2feec9884a754fc5d08db93daac3b0425c5388cbe83991319dfe76	mtk_mml	mtk-mml.ko	vendor_boot_platform	mml_drm_get_context
f8f7c2c72d2feec9884a754fc5d08db93daac3b0425c5388cbe83991319dfe76	mtk_mml	mtk-mml.ko	vendor_boot_platform	mml_drm_put_context
f8f7c2c72d2feec9884a754fc5d08db93daac3b0425c5388cbe83991319dfe76	mtk_mml	mtk-mml.ko	vendor_boot_platform	mml_drm_query_cap
f8f7c2c72d2feec9884a754fc5d08db93daac3b0425c5388cbe83991319dfe76	mtk_mml	mtk-mml.ko	vendor_boot_platform	mml_drm_racing_config_sync
f8f7c2c72d2feec9884a754fc5d08db93daac3b0425c5388cbe83991319dfe76	mtk_mml	mtk-mml.ko	vendor_boot_platform	mml_drm_racing_stop_sync
f8f7c2c72d2feec9884a754fc5d08db93daac3b0425c5388cbe83991319dfe76	mtk_mml	mtk-mml.ko	vendor_boot_platform	mml_drm_set_panel_pixel
f8f7c2c72d2feec9884a754fc5d08db93daac3b0425c5388cbe83991319dfe76	mtk_mml	mtk-mml.ko	vendor_boot_platform	mml_drm_split_info
f8f7c2c72d2feec9884a754fc5d08db93daac3b0425c5388cbe83991319dfe76	mtk_mml	mtk-mml.ko	vendor_boot_platform	mml_drm_stop
f8f7c2c72d2feec9884a754fc5d08db93daac3b0425c5388cbe83991319dfe76	mtk_mml	mtk-mml.ko	vendor_boot_platform	mml_drm_submit
f8f7c2c72d2feec9884a754fc5d08db93daac3b0425c5388cbe83991319dfe76	mtk_mml	mtk-mml.ko	vendor_boot_platform	mml_drm_submit_timeout
f8f7c2c72d2feec9884a754fc5d08db93daac3b0425c5388cbe83991319dfe76	mtk_mml	mtk-mml.ko	vendor_boot_platform	mml_drm_try_frame
f8f7c2c72d2feec9884a754fc5d08db93daac3b0425c5388cbe83991319dfe76	mtk_mml	mtk-mml.ko	vendor_boot_platform	mml_get_mmu_dev
f8f7c2c72d2feec9884a754fc5d08db93daac3b0425c5388cbe83991319dfe76	mtk_mml	mtk-mml.ko	vendor_boot_platform	mml_get_plat_device
f8f7c2c72d2feec9884a754fc5d08db93daac3b0425c5388cbe83991319dfe76	mtk_mml	mtk-mml.ko	vendor_boot_platform	mml_get_swpm_func
f8f7c2c72d2feec9884a754fc5d08db93daac3b0425c5388cbe83991319dfe76	mtk_mml	mtk-mml.ko	vendor_boot_platform	mml_log_rec
f8f7c2c72d2feec9884a754fc5d08db93daac3b0425c5388cbe83991319dfe76	mtk_mml	mtk-mml.ko	vendor_boot_platform	mml_racing_enable
f8f7c2c72d2feec9884a754fc5d08db93daac3b0425c5388cbe83991319dfe76	mtk_mml	mtk-mml.ko	vendor_boot_platform	mml_register_comp
f8f7c2c72d2feec9884a754fc5d08db93daac3b0425c5388cbe83991319dfe76	mtk_mml	mtk-mml.ko	vendor_boot_platform	mml_save_log_record
f8f7c2c72d2feec9884a754fc5d08db93daac3b0425c5388cbe83991319dfe76	mtk_mml	mtk-mml.ko	vendor_boot_platform	mml_subcomp_init
f8f7c2c72d2feec9884a754fc5d08db93daac3b0425c5388cbe83991319dfe76	mtk_mml	mtk-mml.ko	vendor_boot_platform	mml_tablet_ext
f8f7c2c72d2feec9884a754fc5d08db93daac3b0425c5388cbe83991319dfe76	mtk_mml	mtk-mml.ko	vendor_boot_platform	mml_topology_get_cache
f8f7c2c72d2feec9884a754fc5d08db93daac3b0425c5388cbe83991319dfe76	mtk_mml	mtk-mml.ko	vendor_boot_platform	mml_topology_register_ip
f8f7c2c72d2feec9884a754fc5d08db93daac3b0425c5388cbe83991319dfe76	mtk_mml	mtk-mml.ko	vendor_boot_platform	mml_topology_unregister_ip
f8f7c2c72d2feec9884a754fc5d08db93daac3b0425c5388cbe83991319dfe76	mtk_mml	mtk-mml.ko	vendor_boot_platform	mml_unregister_comp
f8f7c2c72d2feec9884a754fc5d08db93daac3b0425c5388cbe83991319dfe76	mtk_mml	mtk-mml.ko	vendor_boot_platform	mtk_mml_hrt_mode
f8f7c2c72d2feec9884a754fc5d08db93daac3b0425c5388cbe83991319dfe76	mtk_mml	mtk-mml.ko	vendor_boot_platform	mtk_mml_msg
fbbbbd36edd9ac9020593de35e6daa8c0a7b99a15cfc8c2030caff2e1d4bf095	sec	sec.ko	vendor_boot_platform	osal_assert
fbbbbd36edd9ac9020593de35e6daa8c0a7b99a15cfc8c2030caff2e1d4bf095	sec	sec.ko	vendor_boot_platform	osal_copy_from_user
fbbbbd36edd9ac9020593de35e6daa8c0a7b99a15cfc8c2030caff2e1d4bf095	sec	sec.ko	vendor_boot_platform	osal_copy_to_user
fbbbbd36edd9ac9020593de35e6daa8c0a7b99a15cfc8c2030caff2e1d4bf095	sec	sec.ko	vendor_boot_platform	osal_filp_pos
fbbbbd36edd9ac9020593de35e6daa8c0a7b99a15cfc8c2030caff2e1d4bf095	sec	sec.ko	vendor_boot_platform	osal_filp_read
fbbbbd36edd9ac9020593de35e6daa8c0a7b99a15cfc8c2030caff2e1d4bf095	sec	sec.ko	vendor_boot_platform	osal_filp_seek_end
fbbbbd36edd9ac9020593de35e6daa8c0a7b99a15cfc8c2030caff2e1d4bf095	sec	sec.ko	vendor_boot_platform	osal_filp_seek_set
fbbbbd36edd9ac9020593de35e6daa8c0a7b99a15cfc8c2030caff2e1d4bf095	sec	sec.ko	vendor_boot_platform	osal_get_filp_struct
fbbbbd36edd9ac9020593de35e6daa8c0a7b99a15cfc8c2030caff2e1d4bf095	sec	sec.ko	vendor_boot_platform	osal_is_err
fbbbbd36edd9ac9020593de35e6daa8c0a7b99a15cfc8c2030caff2e1d4bf095	sec	sec.ko	vendor_boot_platform	osal_kfree
fbbbbd36edd9ac9020593de35e6daa8c0a7b99a15cfc8c2030caff2e1d4bf095	sec	sec.ko	vendor_boot_platform	osal_kmalloc
fbbbbd36edd9ac9020593de35e6daa8c0a7b99a15cfc8c2030caff2e1d4bf095	sec	sec.ko	vendor_boot_platform	osal_msleep
fbbbbd36edd9ac9020593de35e6daa8c0a7b99a15cfc8c2030caff2e1d4bf095	sec	sec.ko	vendor_boot_platform	osal_mtd_lock
fbbbbd36edd9ac9020593de35e6daa8c0a7b99a15cfc8c2030caff2e1d4bf095	sec	sec.ko	vendor_boot_platform	osal_mtd_unlock
fbbbbd36edd9ac9020593de35e6daa8c0a7b99a15cfc8c2030caff2e1d4bf095	sec	sec.ko	vendor_boot_platform	osal_restore_fs
fbbbbd36edd9ac9020593de35e6daa8c0a7b99a15cfc8c2030caff2e1d4bf095	sec	sec.ko	vendor_boot_platform	osal_rid_lock
fbbbbd36edd9ac9020593de35e6daa8c0a7b99a15cfc8c2030caff2e1d4bf095	sec	sec.ko	vendor_boot_platform	osal_rid_unlock
fbbbbd36edd9ac9020593de35e6daa8c0a7b99a15cfc8c2030caff2e1d4bf095	sec	sec.ko	vendor_boot_platform	osal_secro_lock
fbbbbd36edd9ac9020593de35e6daa8c0a7b99a15cfc8c2030caff2e1d4bf095	sec	sec.ko	vendor_boot_platform	osal_secro_unlock
fbbbbd36edd9ac9020593de35e6daa8c0a7b99a15cfc8c2030caff2e1d4bf095	sec	sec.ko	vendor_boot_platform	osal_secro_v5_lock
fbbbbd36edd9ac9020593de35e6daa8c0a7b99a15cfc8c2030caff2e1d4bf095	sec	sec.ko	vendor_boot_platform	osal_secro_v5_unlock
fbbbbd36edd9ac9020593de35e6daa8c0a7b99a15cfc8c2030caff2e1d4bf095	sec	sec.ko	vendor_boot_platform	osal_set_kernel_fs
fbbbbd36edd9ac9020593de35e6daa8c0a7b99a15cfc8c2030caff2e1d4bf095	sec	sec.ko	vendor_boot_platform	osal_verify_lock
fbbbbd36edd9ac9020593de35e6daa8c0a7b99a15cfc8c2030caff2e1d4bf095	sec	sec.ko	vendor_boot_platform	osal_verify_unlock
fbbbbd36edd9ac9020593de35e6daa8c0a7b99a15cfc8c2030caff2e1d4bf095	sec	sec.ko	vendor_boot_platform	sec_get_random_id
fcf8b27b90b18b7172956566751d80cd102d058627fbffebe1d88886d455f410	fmradio_drv_connac2x	fmradio_drv_connac2x.ko	vendor_dlkm	g_dbg_level
