partition,filename,relative_path,sha256,size_bytes,module_name,vermagic,depends,aliases,softdeps,license,description,srcversion,retpoline,elf_machine,imported_symbol_count,exported_symbol_count,has___versions
system_dlkm,6lowpan.ko,system_dlkm/lib/modules/6lowpan.ko,114382f9de42b1bf15dc0078f75cf0f1749224234d3005613bb23c027f1fcc53,59329,6lowpan,6.1.115-android14-11-g6b18f0b574ab-ab12901745 SMP preempt mod_unload modversions aarch64,,,,GPL,,,,AArch64,28,8,yes
system_dlkm,8021q.ko,system_dlkm/lib/modules/8021q.ko,cfb646ad2a9b14491e375da49018869fab13473946e8d0ecea5b9ffb95c6ceb8,113841,8021q,6.1.115-android14-11-g6b18f0b574ab-ab12901745 SMP preempt mod_unload modversions aarch64,,rtnl-link-vlan,,GPL,,32531D968F821C0BEB640D1,,AArch64,96,0,yes
system_dlkm,aqc111.ko,system_dlkm/lib/modules/aqc111.ko,0477a6535f4da8a5881b9d9699940983317263dcf7e7e865685d377cd82a2fb2,91201,aqc111,6.1.115-android14-11-g6b18f0b574ab-ab12901745 SMP preempt mod_unload modversions aarch64,usbnet,usb:v2ECApC101d*dc*dsc*dp*icFFisc*ip*in*;usb:v2ECApC101d*dc*dsc*dp*ic02isc06ip00in*;usb:v0B95p2790d*dc*dsc*dp*icFFisc*ip*in*;usb:v0B95p2790d*dc*dsc*dp*ic02isc06ip00in*;usb:v0B95p2791d*dc*dsc*dp*icFFisc*ip*in*;usb:v0B95p2791d*dc*dsc*dp*ic02isc06ip00in*;usb:v20F4pE05Ad*dc*dsc*dp*icFFisc*ip*in*;usb:v20F4pE05Ad*dc*dsc*dp*ic02isc06ip00in*;usb:v1C04p0015d*dc*dsc*dp*icFFisc*ip*in*;usb:v1C04p0015d*dc*dsc*dp*ic02isc06ip00in*,,GPL,Aquantia AQtion USB to 5/2.5GbE Controllers,,,AArch64,52,0,yes
system_dlkm,asix.ko,system_dlkm/lib/modules/asix.ko,2bc60655e40bc7cef194d9eb4fd2546874ac33e8a18f7c85ac3073bede9a73a8,126937,asix,6.1.115-android14-11-g6b18f0b574ab-ab12901745 SMP preempt mod_unload modversions aarch64,"usbnet,mii",usb:v077Bp2226d*dc*dsc*dp*ic*isc*ip*in*;usb:v0846p1040d*dc*dsc*dp*ic*isc*ip*in*;usb:v2001p1A00d*dc*dsc*dp*ic*isc*ip*in*;usb:v0B95p1720d*dc*dsc*dp*ic*isc*ip*in*;usb:v07B8p420Ad*dc*dsc*dp*ic*isc*ip*in*;usb:v08DDp90FFd*dc*dsc*dp*ic*isc*ip*in*;usb:v08DDp0114d*dc*dsc*dp*ic*isc*ip*in*;usb:v0557p2009d*dc*dsc*dp*ic*isc*ip*in*;usb:v0411p003Dd*dc*dsc*dp*ic*isc*ip*in*;usb:v0411p006Ed*dc*dsc*dp*ic*isc*ip*in*;usb:v6189p182Dd*dc*dsc*dp*ic*isc*ip*in*;usb:v0DF6p0056d*dc*dsc*dp*ic*isc*ip*in*;usb:v0DF6p061Cd*dc*dsc*dp*ic*isc*ip*in*;usb:v07AAp0017d*dc*dsc*dp*ic*isc*ip*in*;usb:v1189p0893d*dc*dsc*dp*ic*isc*ip*in*;usb:v1631p6200d*dc*dsc*dp*ic*isc*ip*in*;usb:v04F1p3008d*dc*dsc*dp*ic*isc*ip*in*;usb:v17EFp7203d*dc*dsc*dp*ic*isc*ip*in*;usb:v0B95p772Bd*dc*dsc*dp*ic*isc*ip*in*;usb:v0B95p7720d*dc*dsc*dp*ic*isc*ip*in*;usb:v0B95p1780d*dc*dsc*dp*ic*isc*ip*in*;usb:v0789p0160d*dc*dsc*dp*ic*isc*ip*in*;usb:v13B1p0018d*dc*dsc*dp*ic*isc*ip*in*;usb:v1557p7720d*dc*dsc*dp*ic*isc*ip*in*;usb:v07D1p3C05d*dc*dsc*dp*ic*isc*ip*in*;usb:v2001p3C05d*dc*dsc*dp*ic*isc*ip*in*;usb:v2001p1A02d*dc*dsc*dp*ic*isc*ip*in*;usb:v1737p0039d*dc*dsc*dp*ic*isc*ip*in*;usb:v04BBp0930d*dc*dsc*dp*ic*isc*ip*in*;usb:v050Dp5055d*dc*dsc*dp*ic*isc*ip*in*;usb:v05ACp1402d*dc*dsc*dp*ic*isc*ip*in*;usb:v0B95p772Ad*dc*dsc*dp*ic*isc*ip*in*;usb:v14EApAB11d*dc*dsc*dp*ic*isc*ip*in*;usb:v0DB0pA877d*dc*dsc*dp*ic*isc*ip*in*;usb:v0B95p7E2Bd*dc*dsc*dp*ic*isc*ip*in*;usb:v0B95p172Ad*dc*dsc*dp*ic*isc*ip*in*;usb:v066Bp20F9d*dc*dsc*dp*ic*isc*ip*in*,,GPL,ASIX AX8817X based USB 2.0 Ethernet Devices,22903A700AA18DF7B39B238,,AArch64,97,0,yes
system_dlkm,ax88179_178a.ko,system_dlkm/lib/modules/ax88179_178a.ko,aa4ce68ca8a1a6b062305f9dc92e41a0731706d5d5c0d1e132d7281e8924a358,103737,ax88179_178a,6.1.115-android14-11-g6b18f0b574ab-ab12901745 SMP preempt mod_unload modversions aarch64,"usbnet,mii",usb:v0B95p1790d*dc*dsc*dp*icFFiscFFip00in*;usb:v0B95p178Ad*dc*dsc*dp*icFFiscFFip00in*;usb:v04B4p3610d*dc*dsc*dp*icFFiscFFip00in*;usb:v2001p4A00d*dc*dsc*dp*icFFiscFFip00in*;usb:v0DF6p0072d*dc*dsc*dp*icFFiscFFip00in*;usb:v04E8pA100d*dc*dsc*dp*icFFiscFFip00in*;usb:v17EFp304Bd*dc*dsc*dp*icFFiscFFip00in*;usb:v050Dp0128d*dc*dsc*dp*icFFiscFFip00in*;usb:v0930p0A13d*dc*dsc*dp*icFFiscFFip00in*;usb:v0711p0179d*dc*dsc*dp*icFFiscFFip00in*;usb:v07C9p000Ed*dc*dsc*dp*icFFiscFFip00in*;usb:v07C9p000Fd*dc*dsc*dp*icFFiscFFip00in*;usb:v07C9p0010d*dc*dsc*dp*icFFiscFFip00in*,,GPL,ASIX AX88179/178A based USB 3.0/2.0 Gigabit Ethernet Devices,,,AArch64,56,0,yes
system_dlkm,bluetooth.ko,system_dlkm/lib/modules/bluetooth.ko,d2659fb37cd1d08469eac25bff927efb54390fdaf598532c0a9ddfa219b22555,1404417,bluetooth,6.1.115-android14-11-g6b18f0b574ab-ab12901745 SMP preempt mod_unload modversions aarch64,rfkill,net-pf-31,,GPL,Bluetooth Core ver 2.22,9E17CAE916EF8C636C6E105,,AArch64,218,72,yes
system_dlkm,bsd_comp.ko,system_dlkm/lib/modules/bsd_comp.ko,e155bc4b6e55e233cfeef6f11462011c9c31df6c0e17cc31f40a4985f2fb239d,21465,bsd_comp,6.1.115-android14-11-g6b18f0b574ab-ab12901745 SMP preempt mod_unload modversions aarch64,ppp_generic,ppp-compress-21,,Dual BSD/GPL,,,,AArch64,8,0,yes
system_dlkm,btbcm.ko,system_dlkm/lib/modules/btbcm.ko,97214cadc479e3767c0bef66438dfd4a6504894d602b7f1234fc5a5a806ed266,51129,btbcm,6.1.115-android14-11-g6b18f0b574ab-ab12901745 SMP preempt mod_unload modversions aarch64,bluetooth,,,GPL,Bluetooth support for Broadcom devices ver 0.1,AB4AD4986925484D817AA4E,,AArch64,20,9,yes
system_dlkm,btqca.ko,system_dlkm/lib/modules/btqca.ko,b5b6677cd34af02e0c9c868b2ee6281b2f52a6b8418c0147f88b1a9dd5025525,45689,btqca,6.1.115-android14-11-g6b18f0b574ab-ab12901745 SMP preempt mod_unload modversions aarch64,bluetooth,,,GPL,Bluetooth support for Qualcomm Atheros family ver 0.1,583E8309B6197B175B82288,,AArch64,23,5,yes
system_dlkm,btsdio.ko,system_dlkm/lib/modules/btsdio.ko,bc34a4408d1ab4390239148f65e6934d56e3d9dd03fce1cb15022a68d86eca5c,60617,btsdio,6.1.115-android14-11-g6b18f0b574ab-ab12901745 SMP preempt mod_unload modversions aarch64,bluetooth,sdio:c02v*d*;sdio:c03v*d*;sdio:c09v*d*,,GPL,Generic Bluetooth SDIO driver ver 0.1,7211B71BB546DBF6F603C7D,,AArch64,32,0,yes
system_dlkm,can-bcm.ko,system_dlkm/lib/modules/can-bcm.ko,100f2e4f5afd9e58468d715a480d9bb79c3793d697d4f52989b2d4472ee243e6,95897,can_bcm,6.1.115-android14-11-g6b18f0b574ab-ab12901745 SMP preempt mod_unload modversions aarch64,can,can-proto-2,,Dual BSD/GPL,PF_CAN broadcast manager protocol,,,AArch64,74,0,yes
system_dlkm,can-dev.ko,system_dlkm/lib/modules/can-dev.ko,25a1735dacd0601c5462440de58629b675e31cb6858ff354df43045cd83c4727,98761,can_dev,6.1.115-android14-11-g6b18f0b574ab-ab12901745 SMP preempt mod_unload modversions aarch64,,rtnl-link-can,,GPL v2,CAN device driver interface,,,AArch64,60,37,yes
system_dlkm,can-gw.ko,system_dlkm/lib/modules/can-gw.ko,70791ad902e31633227f8869b59e338f1a744895231e2434edd2c3b18a2c2318,82993,can_gw,6.1.115-android14-11-g6b18f0b574ab-ab12901745 SMP preempt mod_unload modversions aarch64,can,can-gw,,Dual BSD/GPL,PF_CAN netlink gateway,,,AArch64,40,0,yes
system_dlkm,can-raw.ko,system_dlkm/lib/modules/can-raw.ko,76ebbac99b0a748601216bf51bada84761504a875962f66d6fe090ab1bdba156,84129,can_raw,6.1.115-android14-11-g6b18f0b574ab-ab12901745 SMP preempt mod_unload modversions aarch64,can,can-proto-1,,Dual BSD/GPL,PF_CAN raw protocol,,,AArch64,60,0,yes
system_dlkm,can.ko,system_dlkm/lib/modules/can.ko,793b985a3b132e326e0668ba593ee22dd6bf57178687981d4be68f8037d60434,91161,can,6.1.115-android14-11-g6b18f0b574ab-ab12901745 SMP preempt mod_unload modversions aarch64,,net-pf-29,,Dual BSD/GPL,Controller Area Network PF_CAN core,,,AArch64,56,6,yes
system_dlkm,cdc-acm.ko,system_dlkm/lib/modules/cdc-acm.ko,19eb9ffedc83178fd867e3cf2bc0a7d6243c0748ad14898b793b822f196e2222,77873,cdc_acm,6.1.115-android14-11-g6b18f0b574ab-ab12901745 SMP preempt mod_unload modversions aarch64,,char-major-166-*;usb:v0424p274Ed*dc*dsc*dp*ic*isc*ip*in*;usb:v076Dp0006d*dc*dsc*dp*ic*isc*ip*in*;usb:v17EFp7000d*dc*dsc*dp*ic*isc*ip*in*;usb:v0870p0001d*dc*dsc*dp*ic*isc*ip*in*;usb:v045Bp023Cd*dc*dsc*dp*ic*isc*ip*in*;usb:v045Bp0248d*dc*dsc*dp*ic*isc*ip*in*;usb:v045Bp024Dd*dc*dsc*dp*ic*isc*ip*in*;usb:v0E8Dp0003d*dc*dsc*dp*ic*isc*ip*in*;usb:v0E8Dp2000d*dc*dsc*dp*ic*isc*ip*in*;usb:v0E8Dp3329d*dc*dsc*dp*ic*isc*ip*in*;usb:v0482p0203d*dc*dsc*dp*ic*isc*ip*in*;usb:v079Bp000Fd*dc*dsc*dp*ic*isc*ip*in*;usb:v0ACEp1602d*dc*dsc*dp*ic*isc*ip*in*;usb:v0ACEp1608d*dc*dsc*dp*ic*isc*ip*in*;usb:v0ACEp1611d*dc*dsc*dp*ic*isc*ip*in*;usb:v11CAp0201d*dc*dsc*dp*ic*isc*ip*in*;usb:v1901p0006d*dc*dsc*dp*ic*isc*ip*in*;usb:v1965p0018d*dc*dsc*dp*ic*isc*ip*in*;usb:v22B8p7000d*dc*dsc*dp*ic*isc*ip*in*;usb:v0803p3095d*dc*dsc*dp*ic*isc*ip*in*;usb:v0572p1321d*dc*dsc*dp*ic*isc*ip*in*;usb:v0572p1324d*dc*dsc*dp*ic*isc*ip*in*;usb:v0572p1328d*dc*dsc*dp*ic*isc*ip*in*;usb:v0572p1349d*dc*dsc*dp*ic*isc*ip*in*;usb:v20DFp0001d*dc*dsc*dp*ic*isc*ip*in*;usb:v2184p001Cd*dc*dsc*dp*ic*isc*ip*in*;usb:v2184p0036d*dc*dsc*dp*ic*isc*ip*in*;usb:v22B8p6425d*dc*dsc*dp*ic*isc*ip*in*;usb:v22B8p2D91d*dc*dsc*dp*ic*isc*ip*in*;usb:v22B8p2D92d*dc*dsc*dp*ic*isc*ip*in*;usb:v22B8p2D93d*dc*dsc*dp*ic*isc*ip*in*;usb:v22B8p2D95d*dc*dsc*dp*ic*isc*ip*in*;usb:v22B8p2D96d*dc*dsc*dp*ic*isc*ip*in*;usb:v22B8p2D97d*dc*dsc*dp*ic*isc*ip*in*;usb:v22B8p2D99d*dc*dsc*dp*ic*isc*ip*in*;usb:v22B8p2D9Ad*dc*dsc*dp*ic*isc*ip*in*;usb:v0572p1329d*dc*dsc*dp*ic*isc*ip*in*;usb:v0572p1340d*dc*dsc*dp*ic*isc*ip*in*;usb:v05F9p4002d*dc*dsc*dp*ic*isc*ip*in*;usb:v1BBBp0003d*dc*dsc*dp*ic*isc*ip*in*;usb:v1576p03B1d*dc*dsc*dp*ic*isc*ip*in*;usb:vFFF0p0100d*dc*dsc*dp*ic*isc*ip*in*;usb:v09D8p0320d*dc*dsc*dp*ic*isc*ip*in*;usb:v0C26p0020d*dc*dsc*dp*ic*isc*ip*in*;usb:v0CA6pA050d*dc*dsc*dp*ic*isc*ip*in*;usb:v2912p0001d*dc*dsc*dp*ic*isc*ip*in*;usb:v0421p042Dd*dc*dsc*dp*ic02isc02ipFFin*;usb:v0421p04D8d*dc*dsc*dp*ic02isc02ipFFin*;usb:v0421p04C9d*dc*dsc*dp*ic02isc02ipFFin*;usb:v0421p0419d*dc*dsc*dp*ic02isc02ipFFin*;usb:v0421p044Dd*dc*dsc*dp*ic02isc02ipFFin*;usb:v0421p0001d*dc*dsc*dp*ic02isc02ipFFin*;usb:v0421p0475d*dc*dsc*dp*ic02isc02ipFFin*;usb:v0421p0508d*dc*dsc*dp*ic02isc02ipFFin*;usb:v0421p0418d*dc*dsc*dp*ic02isc02ipFFin*;usb:v0421p0425d*dc*dsc*dp*ic02isc02ipFFin*;usb:v0421p0486d*dc*dsc*dp*ic02isc02ipFFin*;usb:v0421p04DFd*dc*dsc*dp*ic02isc02ipFFin*;usb:v0421p000Ed*dc*dsc*dp*ic02isc02ipFFin*;usb:v0421p0445d*dc*dsc*dp*ic02isc02ipFFin*;usb:v0421p042Fd*dc*dsc*dp*ic02isc02ipFFin*;usb:v0421p048Ed*dc*dsc*dp*ic02isc02ipFFin*;usb:v0421p0420d*dc*dsc*dp*ic02isc02ipFFin*;usb:v0421p04E6d*dc*dsc*dp*ic02isc02ipFFin*;usb:v0421p04B2d*dc*dsc*dp*ic02isc02ipFFin*;usb:v0421p0134d*dc*dsc*dp*ic02isc02ipFFin*;usb:v0421p046Ed*dc*dsc*dp*ic02isc02ipFFin*;usb:v0421p002Fd*dc*dsc*dp*ic02isc02ipFFin*;usb:v0421p0088d*dc*dsc*dp*ic02isc02ipFFin*;usb:v0421p00FCd*dc*dsc*dp*ic02isc02ipFFin*;usb:v0421p0042d*dc*dsc*dp*ic02isc02ipFFin*;usb:v0421p00B0d*dc*dsc*dp*ic02isc02ipFFin*;usb:v0421p00ABd*dc*dsc*dp*ic02isc02ipFFin*;usb:v0421p0481d*dc*dsc*dp*ic02isc02ipFFin*;usb:v0421p0007d*dc*dsc*dp*ic02isc02ipFFin*;usb:v0421p0071d*dc*dsc*dp*ic02isc02ipFFin*;usb:v0421p04F0d*dc*dsc*dp*ic02isc02ipFFin*;usb:v0421p0070d*dc*dsc*dp*ic02isc02ipFFin*;usb:v0421p0099d*dc*dsc*dp*ic02isc02ipFFin*;usb:v0421p0128d*dc*dsc*dp*ic02isc02ipFFin*;usb:v0421p008Fd*dc*dsc*dp*ic02isc02ipFFin*;usb:v0421p00A0d*dc*dsc*dp*ic02isc02ipFFin*;usb:v0421p007Bd*dc*dsc*dp*ic02isc02ipFFin*;usb:v0421p0094d*dc*dsc*dp*ic02isc02ipFFin*;usb:v0421p003Ad*dc*dsc*dp*ic02isc02ipFFin*;usb:v0421p00E9d*dc*dsc*dp*ic02isc02ipFFin*;usb:v0421p0108d*dc*dsc*dp*ic02isc02ipFFin*;usb:v0421p01F5d*dc*dsc*dp*ic02isc02ipFFin*;usb:v0421p02E3d*dc*dsc*dp*ic02isc02ipFFin*;usb:v0421p0178d*dc*dsc*dp*ic02isc02ipFFin*;usb:v0421p010Ed*dc*dsc*dp*ic02isc02ipFFin*;usb:v0421p02D9d*dc*dsc*dp*ic02isc02ipFFin*;usb:v0421p01D0d*dc*dsc*dp*ic02isc02ipFFin*;usb:v0421p0223d*dc*dsc*dp*ic02isc02ipFFin*;usb:v0421p0275d*dc*dsc*dp*ic02isc02ipFFin*;usb:v0421p026Cd*dc*dsc*dp*ic02isc02ipFFin*;usb:v0421p0154d*dc*dsc*dp*ic02isc02ipFFin*;usb:v0421p04CEd*dc*dsc*dp*ic02isc02ipFFin*;usb:v0421p01D4d*dc*dsc*dp*ic02isc02ipFFin*;usb:v0421p0302d*dc*dsc*dp*ic02isc02ipFFin*;usb:v0421p0335d*dc*dsc*dp*ic02isc02ipFFin*;usb:v0421p03CDd*dc*dsc*dp*ic02isc02ipFFin*;usb:v04E7p6651d*dc*dsc*dp*ic02isc02ipFFin*;usb:v03EBp0030d*dc*dsc*dp*ic*isc*ip*in*;usb:v04E8p685Dd*dc*dsc*dp*ic*isc*ip*in*;usb:v058Bp0041d*dc*dsc*dp*ic*isc*ip*in*;usb:v108Cp0159d*dc*dsc*dp*ic*isc*ip*in*;usb:v108Cp0168d*dc*dsc*dp*ic*isc*ip*in*;usb:v108Cp0169d*dc*dsc*dp*ic*isc*ip*in*;usb:v1BC7p0021d*dc*dsc*dp*ic*isc*ip*in*;usb:v1BC7p0023d*dc*dsc*dp*ic*isc*ip*in*;usb:v27C6p5395d*dc*dsc*dp*ic*isc*ip*in*;usb:v32A7p0000d*dc*dsc*dp*ic*isc*ip*in*;usb:v*p*d*dc*dsc*dp*ic02isc02ip00in*;usb:v*p*d*dc*dsc*dp*ic02isc02ip01in*;usb:v*p*d*dc*dsc*dp*ic02isc02ip02in*;usb:v*p*d*dc*dsc*dp*ic02isc02ip03in*;usb:v*p*d*dc*dsc*dp*ic02isc02ip04in*;usb:v*p*d*dc*dsc*dp*ic02isc02ip05in*;usb:v*p*d*dc*dsc*dp*ic02isc02ip06in*;usb:v1519p0452d*dc*dsc*dp*ic*isc*ip*in*,,GPL,USB Abstract Control Model driver for USB modems and ISDN adapters,,,AArch64,91,0,yes
system_dlkm,cdc_eem.ko,system_dlkm/lib/modules/cdc_eem.ko,b9c93c039f612d3a38bd1be1796ee208b449ec73e8c8383cc48bf26d1b07c5d5,49185,cdc_eem,6.1.115-android14-11-g6b18f0b574ab-ab12901745 SMP preempt mod_unload modversions aarch64,usbnet,usb:v*p*d*dc*dsc*dp*ic02isc0Cip07in*,,GPL,USB CDC EEM,,,AArch64,23,0,yes
system_dlkm,cdc_ether.ko,system_dlkm/lib/modules/cdc_ether.ko,686700a9209f9ab9a18d8e1e2fda84f65b11548c8b1a48ff59f2073d75f13230,45777,cdc_ether,6.1.115-android14-11-g6b18f0b574ab-ab12901745 SMP preempt mod_unload modversions aarch64,usbnet,usb:v04DDp8004d*dc*dsc*dp*ic02isc06ip00in*;usb:v04DDp8005d*dc*dsc*dp*ic02isc06ip00in*;usb:v04DDp8005d*dc*dsc*dp*ic02isc0Aip00in*;usb:v04DDp8006d*dc*dsc*dp*ic02isc06ip00in*;usb:v04DDp8006d*dc*dsc*dp*ic02isc0Aip00in*;usb:v04DDp8007d*dc*dsc*dp*ic02isc06ip00in*;usb:v04DDp8007d*dc*dsc*dp*ic02isc0Aip00in*;usb:v04DDp9031d*dc*dsc*dp*ic02isc06ip00in*;usb:v04DDp9032d*dc*dsc*dp*ic02isc06ip00in*;usb:v04DDp9032d*dc*dsc*dp*ic02isc0Aip00in*;usb:v04DDp9050d*dc*dsc*dp*ic02isc06ip00in*;usb:v07B4p0F02d*dc*dsc*dp*ic02isc06ip00in*;usb:v1004p61AAd*dc*dsc*dp*ic02isc06ip00in*;usb:v046DpC11Fd*dc*dsc*dp*ic02isc0Aip00in*;usb:v1410pB001d*dc*dsc*dp*ic02isc06ip00in*;usb:v1410p9010d*dc*dsc*dp*ic02isc06ip00in*;usb:v413Cp8195d*dc*dsc*dp*ic02isc06ip00in*;usb:v413Cp8196d*dc*dsc*dp*ic02isc06ip00in*;usb:v413Cp819Bd*dc*dsc*dp*ic02isc06ip00in*;usb:v1410p9011d*dc*dsc*dp*ic02isc06ip00in*;usb:v03F0p421Dd*dc*dsc*dp*ic02isc06ip00in*;usb:v16D5p650Ad*dc*dsc*dp*ic02isc06ip00in*;usb:v12D1p14ACd*dc*dsc*dp*ic*isc*ip*in01*;usb:v0BDAp8152d*dc*dsc*dp*ic02isc06ip00in*;usb:v0BDAp8153d*dc*dsc*dp*ic02isc06ip00in*;usb:v04E8pA101d*dc*dsc*dp*ic02isc06ip00in*;usb:v13B1p0041d*dc*dsc*dp*ic02isc06ip00in*;usb:v17EFp3054d*dc*dsc*dp*ic02isc06ip00in*;usb:v17EFp3062d*dc*dsc*dp*ic02isc06ip00in*;usb:v17EFp3069d*dc*dsc*dp*ic02isc06ip00in*;usb:v17EFp3082d*dc*dsc*dp*ic02isc06ip00in*;usb:v17EFp7205d*dc*dsc*dp*ic02isc06ip00in*;usb:v17EFp720Cd*dc*dsc*dp*ic02isc06ip00in*;usb:v17EFp7214d*dc*dsc*dp*ic02isc06ip00in*;usb:v17EFp721Ed*dc*dsc*dp*ic02isc06ip00in*;usb:v17EFpA387d*dc*dsc*dp*ic02isc06ip00in*;usb:v0955p09FFd*dc*dsc*dp*ic02isc06ip00in*;usb:v045Ep07ABd*dc*dsc*dp*ic02isc06ip00in*;usb:v045Ep07C6d*dc*dsc*dp*ic02isc06ip00in*;usb:v045Ep0927d*dc*dsc*dp*ic02isc06ip00in*;usb:v2357p0601d*dc*dsc*dp*ic02isc06ip00in*;usb:v2ECApC101d*dc*dsc*dp*ic02isc06ip00in*;usb:v0B95p2790d*dc*dsc*dp*ic02isc06ip00in*;usb:v0B95p2791d*dc*dsc*dp*ic02isc06ip00in*;usb:v20F4pE05Ad*dc*dsc*dp*ic02isc06ip00in*;usb:v1C04p0015d*dc*dsc*dp*ic02isc06ip00in*;usb:v19D2p1003d*dc*dsc*dp*ic02isc06ip00in*;usb:v19D2p1015d*dc*dsc*dp*ic02isc06ip00in*;usb:v19D2p1173d*dc*dsc*dp*ic02isc06ip00in*;usb:v19D2p1177d*dc*dsc*dp*ic02isc06ip00in*;usb:v19D2p1181d*dc*dsc*dp*ic02isc06ip00in*;usb:v1BC7p*d*dc*dsc*dp*ic02isc06ip00in*;usb:v413Cp81BAd*dc*dsc*dp*ic02isc06ip00in*;usb:v12D1p15C1d*dc*dsc*dp*ic02isc06ip00in*;usb:v19D2p*d*dc*dsc*dp*ic02isc06ip00in*;usb:v1546p1143d*dc*dsc*dp*ic02isc06ip00in*;usb:v1546p1104d*dc*dsc*dp*ic02isc06ip00in*;usb:v1E2Dp0061d*dc*dsc*dp*ic02isc06ip00in*;usb:v1E2Dp0055d*dc*dsc*dp*ic02isc06ip00in*;usb:v1E2Dp005Bd*dc*dsc*dp*ic02isc06ip00in*;usb:v1E2Dp0069d*dc*dsc*dp*ic02isc06ip00in*;usb:v*p*d*dc*dsc*dp*ic02isc06ip00in*;usb:v*p*d*dc*dsc*dp*ic02isc0Aip00in*;usb:v12D1p*d*dc*dsc*dp*ic02isc06ipFFin*,,GPL,USB CDC Ethernet devices,,,AArch64,29,7,yes
system_dlkm,cdc_ncm.ko,system_dlkm/lib/modules/cdc_ncm.ko,4507afb9c2a59edffb8fcee902e99be1d979ec0afefc5e2ab91a8c774f124869,96137,cdc_ncm,6.1.115-android14-11-g6b18f0b574ab-ab12901745 SMP preempt mod_unload modversions aarch64,"usbnet,cdc_ether",usb:v0BDBp*d*dc*dsc*dp*ic02isc0Dip00in*;usb:v1BC7p0036d*dc*dsc*dp*ic02isc0Dip00in*;usb:v413Cp81BBd*dc*dsc*dp*ic02isc0Dip00in*;usb:v413Cp81BCd*dc*dsc*dp*ic02isc0Dip00in*;usb:v413Cp*d*dc*dsc*dp*ic02isc0Dip00in*;usb:v0930p*d*dc*dsc*dp*ic02isc0Dip00in*;usb:v12D1p*d*dc*dsc*dp*ic02isc0Dip00in*;usb:v1519p0443d*dc*dsc*dp*ic02isc0Dip00in*;usb:v1546p1010d*dc*dsc*dp*ic02isc0Dip00in*;usb:v17E9p*d*dc*dsc*dp*ic02isc0Dip00in*;usb:v*p*d*dc*dsc*dp*ic02isc0Dip00in*,,Dual BSD/GPL,USB CDC NCM host driver,,,AArch64,70,11,yes
system_dlkm,diag.ko,system_dlkm/lib/modules/diag.ko,d8076e4286b4cb587af42fb15360f3e27c681fcc8f6ce4c20a8e69bc9d785833,14825,diag,6.1.115-android14-11-g6b18f0b574ab-ab12901745 SMP preempt mod_unload modversions aarch64,tipc,net-pf-16-proto-4-type-30,,Dual BSD/GPL,,,,AArch64,10,0,yes
system_dlkm,ftdi_sio.ko,system_dlkm/lib/modules/ftdi_sio.ko,a99861a9127230eea670938b8cc87e9e96db7e93a9d24104eb4d70d63dc29992,161777,ftdi_sio,6.1.115-android14-11-g6b18f0b574ab-ab12901745 SMP preempt mod_unload modversions aarch64,usbserial,usb:v0403p0000d*dc*dsc*dp*ic*isc*ip*in*;usb:v0403pF7C0d*dc*dsc*dp*ic*isc*ip*in*;usb:v0403pF608d*dc*dsc*dp*ic*isc*ip*in*;usb:v0403pF60Bd*dc*dsc*dp*ic*isc*ip*in*;usb:v0403pFF00d*dc*dsc*dp*ic*isc*ip*in*;usb:v0403pFFA8d*dc*dsc*dp*ic*isc*ip*in*;usb:v0403p9F80d*dc*dsc*dp*ic*isc*ip*in*;usb:v0403pA559d*dc*dsc*dp*ic*isc*ip*in*;usb:v0403pABB8d*dc*dsc*dp*ic*isc*ip*in*;usb:v0403pABB9d*dc*dsc*dp*ic*isc*ip*in*;usb:v0403pD010d*dc*dsc*dp*ic*isc*ip*in*;usb:v0403pD011d*dc*dsc*dp*ic*isc*ip*in*;usb:v0403pD012d*dc*dsc*dp*ic*isc*ip*in*;usb:v0403pD013d*dc*dsc*dp*ic*isc*ip*in*;usb:v0403pD014d*dc*dsc*dp*ic*isc*ip*in*;usb:v0403pD015d*dc*dsc*dp*ic*isc*ip*in*;usb:v0403pD016d*dc*dsc*dp*ic*isc*ip*in*;usb:v0403pD017d*dc*dsc*dp*ic*isc*ip*in*;usb:v0403pB810d*dc*dsc*dp*ic*isc*ip*in*;usb:v0403pB811d*dc*dsc*dp*ic*isc*ip*in*;usb:v0403pB812d*dc*dsc*dp*ic*isc*ip*in*;usb:v0403pF2D0d*dc*dsc*dp*ic*isc*ip*in*;usb:v0403pFC60d*dc*dsc*dp*ic*isc*ip*in*;usb:v0403pD070d*dc*dsc*dp*ic*isc*ip*in*;usb:v0403pD071d*dc*dsc*dp*ic*isc*ip*in*;usb:v0403pC850d*dc*dsc*dp*ic*isc*ip*in*;usb:v0403p8372d*dc*dsc*dp*ic*isc*ip*in*;usb:v0403p6001d*dc*dsc*dp*ic*isc*ip*in*;usb:v0403p6006d*dc*dsc*dp*ic*isc*ip*in*;usb:v0403pFBFAd*dc*dsc*dp*ic*isc*ip*in*;usb:v0403p6010d*dc*dsc*dp*ic*isc*ip*in*;usb:v0403p6011d*dc*dsc*dp*ic*isc*ip*in*;usb:v0403p6014d*dc*dsc*dp*ic*isc*ip*in*;usb:v0403p6015d*dc*dsc*dp*ic*isc*ip*in*;usb:v0403p6040d*dc*dsc*dp*ic*isc*ip*in*;usb:v0403p6041d*dc*dsc*dp*ic*isc*ip*in*;usb:v0403p6042d*dc*dsc*dp*ic*isc*ip*in*;usb:v0403p6043d*dc*dsc*dp*ic*isc*ip*in*;usb:v0403p6044d*dc*dsc*dp*ic*isc*ip*in*;usb:v0403p6045d*dc*dsc*dp*ic*isc*ip*in*;usb:v0403p6048d*dc*dsc*dp*ic*isc*ip*in*;usb:v0403pCAA0d*dc*dsc*dp*ic*isc*ip*in*;usb:v0403pFA10d*dc*dsc*dp*ic*isc*ip*in*;usb:v0403pBFD8d*dc*dsc*dp*ic*isc*ip*in*;usb:v0403pBFD9d*dc*dsc*dp*ic*isc*ip*in*;usb:v0403pBFDAd*dc*dsc*dp*ic*isc*ip*in*;usb:v0403pBFDBd*dc*dsc*dp*ic*isc*ip*in*;usb:v0403pBFDCd*dc*dsc*dp*ic*isc*ip*in*;usb:v0403pBFDDd*dc*dsc*dp*ic*isc*ip*in*;usb:v104Dp3000d*dc*dsc*dp*ic*isc*ip*in*;usb:v104Dp3002d*dc*dsc*dp*ic*isc*ip*in*;usb:v104Dp3006d*dc*dsc*dp*ic*isc*ip*in*;usb:v1209p1002d*dc*dsc*dp*ic*isc*ip*in*;usb:v1209p1006d*dc*dsc*dp*ic*isc*ip*in*;usb:v0403pF0C8d*dc*dsc*dp*ic*isc*ip*in*;usb:v0403pF0E9d*dc*dsc*dp*ic*isc*ip*in*;usb:v0403pF0EEd*dc*dsc*dp*ic*isc*ip*in*;usb:v0403pD780d*dc*dsc*dp*ic*isc*ip*in*;usb:v0403pFC08d*dc*dsc*dp*ic*isc*ip*in*;usb:v0403pFC09d*dc*dsc*dp*ic*isc*ip*in*;usb:v0403pFC0Ad*dc*dsc*dp*ic*isc*ip*in*;usb:v0403pFC0Bd*dc*dsc*dp*ic*isc*ip*in*;usb:v0403pFC0Cd*dc*dsc*dp*ic*isc*ip*in*;usb:v0403pFC0Dd*dc*dsc*dp*ic*isc*ip*in*;usb:v0403pFC0Ed*dc*dsc*dp*ic*isc*ip*in*;usb:v0403pFC0Fd*dc*dsc*dp*ic*isc*ip*in*;usb:v0403pFC82d*dc*dsc*dp*ic*isc*ip*in*;usb:v0403pFC8Ad*dc*dsc*dp*ic*isc*ip*in*;usb:v0403pFC8Bd*dc*dsc*dp*ic*isc*ip*in*;usb:v0DCDp0001d*dc*dsc*dp*ic*isc*ip*in*;usb:v0403pFE38d*dc*dsc*dp*ic*isc*ip*in*;usb:v0403pFA00d*dc*dsc*dp*ic*isc*ip*in*;usb:v0403pFA01d*dc*dsc*dp*ic*isc*ip*in*;usb:v0403pFA02d*dc*dsc*dp*ic*isc*ip*in*;usb:v0403pFA03d*dc*dsc*dp*ic*isc*ip*in*;usb:v0403pFA04d*dc*dsc*dp*ic*isc*ip*in*;usb:v0403pFA05d*dc*dsc*dp*ic*isc*ip*in*;usb:v0403pFA06d*dc*dsc*dp*ic*isc*ip*in*;usb:v0403pFB80d*dc*dsc*dp*ic*isc*ip*in*;usb:v0403pF070d*dc*dsc*dp*ic*isc*ip*in*;usb:v0403p4F50d*dc*dsc*dp*ic*isc*ip*in*;usb:v1B3Dp0100d*dc*dsc*dp*ic*isc*ip*in*;usb:v1B3Dp0101d*dc*dsc*dp*ic*isc*ip*in*;usb:v1B3Dp0102d*dc*dsc*dp*ic*isc*ip*in*;usb:v1B3Dp0103d*dc*dsc*dp*ic*isc*ip*in*;usb:v1B3Dp0104d*dc*dsc*dp*ic*isc*ip*in*;usb:v1B3Dp0105d*dc*dsc*dp*ic*isc*ip*in*;usb:v1B3Dp0106d*dc*dsc*dp*ic*isc*ip*in*;usb:v1B3Dp0107d*dc*dsc*dp*ic*isc*ip*in*;usb:v1B3Dp0108d*dc*dsc*dp*ic*isc*ip*in*;usb:v1B3Dp0109d*dc*dsc*dp*ic*isc*ip*in*;usb:v1B3Dp010Ad*dc*dsc*dp*ic*isc*ip*in*;usb:v1B3Dp010Bd*dc*dsc*dp*ic*isc*ip*in*;usb:v1B3Dp010Cd*dc*dsc*dp*ic*isc*ip*in*;usb:v1B3Dp010Dd*dc*dsc*dp*ic*isc*ip*in*;usb:v1B3Dp010Ed*dc*dsc*dp*ic*isc*ip*in*;usb:v1B3Dp010Fd*dc*dsc*dp*ic*isc*ip*in*;usb:v1B3Dp0110d*dc*dsc*dp*ic*isc*ip*in*;usb:v1B3Dp0111d*dc*dsc*dp*ic*isc*ip*in*;usb:v1B3Dp0112d*dc*dsc*dp*ic*isc*ip*in*;usb:v1B3Dp0113d*dc*dsc*dp*ic*isc*ip*in*;usb:v1B3Dp0114d*dc*dsc*dp*ic*isc*ip*in*;usb:v1B3Dp0115d*dc*dsc*dp*ic*isc*ip*in*;usb:v1B3Dp0116d*dc*dsc*dp*ic*isc*ip*in*;usb:v1B3Dp0117d*dc*dsc*dp*ic*isc*ip*in*;usb:v1B3Dp0118d*dc*dsc*dp*ic*isc*ip*in*;usb:v1B3Dp0119d*dc*dsc*dp*ic*isc*ip*in*;usb:v1B3Dp011Ad*dc*dsc*dp*ic*isc*ip*in*;usb:v1B3Dp011Bd*dc*dsc*dp*ic*isc*ip*in*;usb:v1B3Dp011Cd*dc*dsc*dp*ic*isc*ip*in*;usb:v1B3Dp011Dd*dc*dsc*dp*ic*isc*ip*in*;usb:v1B3Dp011Ed*dc*dsc*dp*ic*isc*ip*in*;usb:v1B3Dp011Fd*dc*dsc*dp*ic*isc*ip*in*;usb:v1B3Dp0120d*dc*dsc*dp*ic*isc*ip*in*;usb:v1B3Dp0121d*dc*dsc*dp*ic*isc*ip*in*;usb:v1B3Dp0122d*dc*dsc*dp*ic*isc*ip*in*;usb:v1B3Dp0123d*dc*dsc*dp*ic*isc*ip*in*;usb:v1B3Dp0124d*dc*dsc*dp*ic*isc*ip*in*;usb:v1B3Dp0125d*dc*dsc*dp*ic*isc*ip*in*;usb:v1B3Dp0126d*dc*dsc*dp*ic*isc*ip*in*;usb:v1B3Dp0127d*dc*dsc*dp*ic*isc*ip*in*;usb:v1B3Dp0128d*dc*dsc*dp*ic*isc*ip*in*;usb:v1B3Dp0129d*dc*dsc*dp*ic*isc*ip*in*;usb:v1B3Dp012Ad*dc*dsc*dp*ic*isc*ip*in*;usb:v1B3Dp012Bd*dc*dsc*dp*ic*isc*ip*in*;usb:v1B3Dp012Cd*dc*dsc*dp*ic*isc*ip*in*;usb:v1B3Dp012Dd*dc*dsc*dp*ic*isc*ip*in*;usb:v1B3Dp012Ed*dc*dsc*dp*ic*isc*ip*in*;usb:v1B3Dp012Fd*dc*dsc*dp*ic*isc*ip*in*;usb:v1B3Dp0130d*dc*dsc*dp*ic*isc*ip*in*;usb:v1B3Dp0131d*dc*dsc*dp*ic*isc*ip*in*;usb:v1B3Dp0132d*dc*dsc*dp*ic*isc*ip*in*;usb:v1B3Dp0133d*dc*dsc*dp*ic*isc*ip*in*;usb:v1B3Dp0134d*dc*dsc*dp*ic*isc*ip*in*;usb:v1B3Dp0135d*dc*dsc*dp*ic*isc*ip*in*;usb:v1B3Dp0136d*dc*dsc*dp*ic*isc*ip*in*;usb:v1B3Dp0137d*dc*dsc*dp*ic*isc*ip*in*;usb:v1B3Dp0138d*dc*dsc*dp*ic*isc*ip*in*;usb:v1B3Dp0139d*dc*dsc*dp*ic*isc*ip*in*;usb:v1B3Dp013Ad*dc*dsc*dp*ic*isc*ip*in*;usb:v1B3Dp013Bd*dc*dsc*dp*ic*isc*ip*in*;usb:v1B3Dp013Cd*dc*dsc*dp*ic*isc*ip*in*;usb:v1B3Dp013Dd*dc*dsc*dp*ic*isc*ip*in*;usb:v1B3Dp013Ed*dc*dsc*dp*ic*isc*ip*in*;usb:v1B3Dp013Fd*dc*dsc*dp*ic*isc*ip*in*;usb:v1B3Dp0140d*dc*dsc*dp*ic*isc*ip*in*;usb:v1B3Dp0141d*dc*dsc*dp*ic*isc*ip*in*;usb:v1B3Dp0142d*dc*dsc*dp*ic*isc*ip*in*;usb:v1B3Dp0143d*dc*dsc*dp*ic*isc*ip*in*;usb:v1B3Dp0144d*dc*dsc*dp*ic*isc*ip*in*;usb:v1B3Dp0145d*dc*dsc*dp*ic*isc*ip*in*;usb:v1B3Dp0146d*dc*dsc*dp*ic*isc*ip*in*;usb:v1B3Dp0147d*dc*dsc*dp*ic*isc*ip*in*;usb:v1B3Dp0148d*dc*dsc*dp*ic*isc*ip*in*;usb:v1B3Dp0149d*dc*dsc*dp*ic*isc*ip*in*;usb:v1B3Dp014Ad*dc*dsc*dp*ic*isc*ip*in*;usb:v1B3Dp014Bd*dc*dsc*dp*ic*isc*ip*in*;usb:v1B3Dp014Cd*dc*dsc*dp*ic*isc*ip*in*;usb:v1B3Dp014Dd*dc*dsc*dp*ic*isc*ip*in*;usb:v1B3Dp014Ed*dc*dsc*dp*ic*isc*ip*in*;usb:v1B3Dp014Fd*dc*dsc*dp*ic*isc*ip*in*;usb:v1B3Dp0150d*dc*dsc*dp*ic*isc*ip*in*;usb:v1B3Dp0151d*dc*dsc*dp*ic*isc*ip*in*;usb:v1B3Dp0152d*dc*dsc*dp*ic*isc*ip*in*;usb:v1B3Dp0153d*dc*dsc*dp*ic*isc*ip*in*;usb:v1B3Dp0154d*dc*dsc*dp*ic*isc*ip*in*;usb:v1B3Dp0155d*dc*dsc*dp*ic*isc*ip*in*;usb:v1B3Dp0156d*dc*dsc*dp*ic*isc*ip*in*;usb:v1B3Dp0157d*dc*dsc*dp*ic*isc*ip*in*;usb:v1B3Dp0158d*dc*dsc*dp*ic*isc*ip*in*;usb:v1B3Dp0159d*dc*dsc*dp*ic*isc*ip*in*;usb:v1B3Dp015Ad*dc*dsc*dp*ic*isc*ip*in*;usb:v1B3Dp015Bd*dc*dsc*dp*ic*isc*ip*in*;usb:v1B3Dp015Cd*dc*dsc*dp*ic*isc*ip*in*;usb:v1B3Dp015Dd*dc*dsc*dp*ic*isc*ip*in*;usb:v1B3Dp015Ed*dc*dsc*dp*ic*isc*ip*in*;usb:v1B3Dp015Fd*dc*dsc*dp*ic*isc*ip*in*;usb:v1B3Dp0160d*dc*dsc*dp*ic*isc*ip*in*;usb:v1B3Dp0161d*dc*dsc*dp*ic*isc*ip*in*;usb:v1B3Dp0162d*dc*dsc*dp*ic*isc*ip*in*;usb:v1B3Dp0163d*dc*dsc*dp*ic*isc*ip*in*;usb:v1B3Dp0164d*dc*dsc*dp*ic*isc*ip*in*;usb:v1B3Dp0165d*dc*dsc*dp*ic*isc*ip*in*;usb:v1B3Dp0166d*dc*dsc*dp*ic*isc*ip*in*;usb:v1B3Dp0167d*dc*dsc*dp*ic*isc*ip*in*;usb:v1B3Dp0168d*dc*dsc*dp*ic*isc*ip*in*;usb:v1B3Dp0169d*dc*dsc*dp*ic*isc*ip*in*;usb:v1B3Dp016Ad*dc*dsc*dp*ic*isc*ip*in*;usb:v1B3Dp016Bd*dc*dsc*dp*ic*isc*ip*in*;usb:v1B3Dp016Cd*dc*dsc*dp*ic*isc*ip*in*;usb:v1B3Dp016Dd*dc*dsc*dp*ic*isc*ip*in*;usb:v1B3Dp016Ed*dc*dsc*dp*ic*isc*ip*in*;usb:v1B3Dp016Fd*dc*dsc*dp*ic*isc*ip*in*;usb:v1B3Dp0170d*dc*dsc*dp*ic*isc*ip*in*;usb:v1B3Dp0171d*dc*dsc*dp*ic*isc*ip*in*;usb:v1B3Dp0172d*dc*dsc*dp*ic*isc*ip*in*;usb:v1B3Dp0173d*dc*dsc*dp*ic*isc*ip*in*;usb:v1B3Dp0174d*dc*dsc*dp*ic*isc*ip*in*;usb:v1B3Dp0175d*dc*dsc*dp*ic*isc*ip*in*;usb:v1B3Dp0176d*dc*dsc*dp*ic*isc*ip*in*;usb:v1B3Dp0177d*dc*dsc*dp*ic*isc*ip*in*;usb:v1B3Dp0178d*dc*dsc*dp*ic*isc*ip*in*;usb:v1B3Dp0179d*dc*dsc*dp*ic*isc*ip*in*;usb:v1B3Dp017Ad*dc*dsc*dp*ic*isc*ip*in*;usb:v1B3Dp017Bd*dc*dsc*dp*ic*isc*ip*in*;usb:v1B3Dp017Cd*dc*dsc*dp*ic*isc*ip*in*;usb:v1B3Dp017Dd*dc*dsc*dp*ic*isc*ip*in*;usb:v1B3Dp017Ed*dc*dsc*dp*ic*isc*ip*in*;usb:v1B3Dp017Fd*dc*dsc*dp*ic*isc*ip*in*;usb:v1B3Dp0180d*dc*dsc*dp*ic*isc*ip*in*;usb:v1B3Dp0181d*dc*dsc*dp*ic*isc*ip*in*;usb:v1B3Dp0182d*dc*dsc*dp*ic*isc*ip*in*;usb:v1B3Dp0183d*dc*dsc*dp*ic*isc*ip*in*;usb:v1B3Dp0184d*dc*dsc*dp*ic*isc*ip*in*;usb:v1B3Dp0185d*dc*dsc*dp*ic*isc*ip*in*;usb:v1B3Dp0186d*dc*dsc*dp*ic*isc*ip*in*;usb:v1B3Dp0187d*dc*dsc*dp*ic*isc*ip*in*;usb:v1B3Dp0188d*dc*dsc*dp*ic*isc*ip*in*;usb:v1B3Dp0189d*dc*dsc*dp*ic*isc*ip*in*;usb:v1B3Dp018Ad*dc*dsc*dp*ic*isc*ip*in*;usb:v1B3Dp018Bd*dc*dsc*dp*ic*isc*ip*in*;usb:v1B3Dp018Cd*dc*dsc*dp*ic*isc*ip*in*;usb:v1B3Dp018Dd*dc*dsc*dp*ic*isc*ip*in*;usb:v1B3Dp018Ed*dc*dsc*dp*ic*isc*ip*in*;usb:v1B3Dp018Fd*dc*dsc*dp*ic*isc*ip*in*;usb:v1B3Dp0190d*dc*dsc*dp*ic*isc*ip*in*;usb:v1B3Dp0191d*dc*dsc*dp*ic*isc*ip*in*;usb:v1B3Dp0192d*dc*dsc*dp*ic*isc*ip*in*;usb:v1B3Dp0193d*dc*dsc*dp*ic*isc*ip*in*;usb:v1B3Dp0194d*dc*dsc*dp*ic*isc*ip*in*;usb:v1B3Dp0195d*dc*dsc*dp*ic*isc*ip*in*;usb:v1B3Dp0196d*dc*dsc*dp*ic*isc*ip*in*;usb:v1B3Dp0197d*dc*dsc*dp*ic*isc*ip*in*;usb:v1B3Dp0198d*dc*dsc*dp*ic*isc*ip*in*;usb:v1B3Dp0199d*dc*dsc*dp*ic*isc*ip*in*;usb:v1B3Dp019Ad*dc*dsc*dp*ic*isc*ip*in*;usb:v1B3Dp019Bd*dc*dsc*dp*ic*isc*ip*in*;usb:v1B3Dp019Cd*dc*dsc*dp*ic*isc*ip*in*;usb:v1B3Dp019Dd*dc*dsc*dp*ic*isc*ip*in*;usb:v1B3Dp019Ed*dc*dsc*dp*ic*isc*ip*in*;usb:v1B3Dp019Fd*dc*dsc*dp*ic*isc*ip*in*;usb:v1B3Dp01A0d*dc*dsc*dp*ic*isc*ip*in*;usb:v1B3Dp01A1d*dc*dsc*dp*ic*isc*ip*in*;usb:v1B3Dp01A2d*dc*dsc*dp*ic*isc*ip*in*;usb:v1B3Dp01A3d*dc*dsc*dp*ic*isc*ip*in*;usb:v1B3Dp01A4d*dc*dsc*dp*ic*isc*ip*in*;usb:v1B3Dp01A5d*dc*dsc*dp*ic*isc*ip*in*;usb:v1B3Dp01A6d*dc*dsc*dp*ic*isc*ip*in*;usb:v1B3Dp01A7d*dc*dsc*dp*ic*isc*ip*in*;usb:v1B3Dp01A8d*dc*dsc*dp*ic*isc*ip*in*;usb:v1B3Dp01A9d*dc*dsc*dp*ic*isc*ip*in*;usb:v1B3Dp01AAd*dc*dsc*dp*ic*isc*ip*in*;usb:v1B3Dp01ABd*dc*dsc*dp*ic*isc*ip*in*;usb:v1B3Dp01ACd*dc*dsc*dp*ic*isc*ip*in*;usb:v1B3Dp01ADd*dc*dsc*dp*ic*isc*ip*in*;usb:v1B3Dp01AEd*dc*dsc*dp*ic*isc*ip*in*;usb:v1B3Dp01AFd*dc*dsc*dp*ic*isc*ip*in*;usb:v1B3Dp01B0d*dc*dsc*dp*ic*isc*ip*in*;usb:v1B3Dp01B1d*dc*dsc*dp*ic*isc*ip*in*;usb:v1B3Dp01B2d*dc*dsc*dp*ic*isc*ip*in*;usb:v1B3Dp01B3d*dc*dsc*dp*ic*isc*ip*in*;usb:v1B3Dp01B4d*dc*dsc*dp*ic*isc*ip*in*;usb:v1B3Dp01B5d*dc*dsc*dp*ic*isc*ip*in*;usb:v1B3Dp01B6d*dc*dsc*dp*ic*isc*ip*in*;usb:v1B3Dp01B7d*dc*dsc*dp*ic*isc*ip*in*;usb:v1B3Dp01B8d*dc*dsc*dp*ic*isc*ip*in*;usb:v1B3Dp01B9d*dc*dsc*dp*ic*isc*ip*in*;usb:v1B3Dp01BAd*dc*dsc*dp*ic*isc*ip*in*;usb:v1B3Dp01BBd*dc*dsc*dp*ic*isc*ip*in*;usb:v1B3Dp01BCd*dc*dsc*dp*ic*isc*ip*in*;usb:v1B3Dp01BDd*dc*dsc*dp*ic*isc*ip*in*;usb:v1B3Dp01BEd*dc*dsc*dp*ic*isc*ip*in*;usb:v1B3Dp01BFd*dc*dsc*dp*ic*isc*ip*in*;usb:v1B3Dp01C0d*dc*dsc*dp*ic*isc*ip*in*;usb:v1B3Dp01C1d*dc*dsc*dp*ic*isc*ip*in*;usb:v1B3Dp01C2d*dc*dsc*dp*ic*isc*ip*in*;usb:v1B3Dp01C3d*dc*dsc*dp*ic*isc*ip*in*;usb:v1B3Dp01C4d*dc*dsc*dp*ic*isc*ip*in*;usb:v1B3Dp01C5d*dc*dsc*dp*ic*isc*ip*in*;usb:v1B3Dp01C6d*dc*dsc*dp*ic*isc*ip*in*;usb:v1B3Dp01C7d*dc*dsc*dp*ic*isc*ip*in*;usb:v1B3Dp01C8d*dc*dsc*dp*ic*isc*ip*in*;usb:v1B3Dp01C9d*dc*dsc*dp*ic*isc*ip*in*;usb:v1B3Dp01CAd*dc*dsc*dp*ic*isc*ip*in*;usb:v1B3Dp01CBd*dc*dsc*dp*ic*isc*ip*in*;usb:v1B3Dp01CCd*dc*dsc*dp*ic*isc*ip*in*;usb:v1B3Dp01CDd*dc*dsc*dp*ic*isc*ip*in*;usb:v1B3Dp01CEd*dc*dsc*dp*ic*isc*ip*in*;usb:v1B3Dp01CFd*dc*dsc*dp*ic*isc*ip*in*;usb:v1B3Dp01D0d*dc*dsc*dp*ic*isc*ip*in*;usb:v1B3Dp01D1d*dc*dsc*dp*ic*isc*ip*in*;usb:v1B3Dp01D2d*dc*dsc*dp*ic*isc*ip*in*;usb:v1B3Dp01D3d*dc*dsc*dp*ic*isc*ip*in*;usb:v1B3Dp01D4d*dc*dsc*dp*ic*isc*ip*in*;usb:v1B3Dp01D5d*dc*dsc*dp*ic*isc*ip*in*;usb:v1B3Dp01D6d*dc*dsc*dp*ic*isc*ip*in*;usb:v1B3Dp01D7d*dc*dsc*dp*ic*isc*ip*in*;usb:v1B3Dp01D8d*dc*dsc*dp*ic*isc*ip*in*;usb:v1B3Dp01D9d*dc*dsc*dp*ic*isc*ip*in*;usb:v1B3Dp01DAd*dc*dsc*dp*ic*isc*ip*in*;usb:v1B3Dp01DBd*dc*dsc*dp*ic*isc*ip*in*;usb:v1B3Dp01DCd*dc*dsc*dp*ic*isc*ip*in*;usb:v1B3Dp01DDd*dc*dsc*dp*ic*isc*ip*in*;usb:v1B3Dp01DEd*dc*dsc*dp*ic*isc*ip*in*;usb:v1B3Dp01DFd*dc*dsc*dp*ic*isc*ip*in*;usb:v1B3Dp01E0d*dc*dsc*dp*ic*isc*ip*in*;usb:v1B3Dp01E1d*dc*dsc*dp*ic*isc*ip*in*;usb:v1B3Dp01E2d*dc*dsc*dp*ic*isc*ip*in*;usb:v1B3Dp01E3d*dc*dsc*dp*ic*isc*ip*in*;usb:v1B3Dp01E4d*dc*dsc*dp*ic*isc*ip*in*;usb:v1B3Dp01E5d*dc*dsc*dp*ic*isc*ip*in*;usb:v1B3Dp01E6d*dc*dsc*dp*ic*isc*ip*in*;usb:v1B3Dp01E7d*dc*dsc*dp*ic*isc*ip*in*;usb:v1B3Dp01E8d*dc*dsc*dp*ic*isc*ip*in*;usb:v1B3Dp01E9d*dc*dsc*dp*ic*isc*ip*in*;usb:v1B3Dp01EAd*dc*dsc*dp*ic*isc*ip*in*;usb:v1B3Dp01EBd*dc*dsc*dp*ic*isc*ip*in*;usb:v1B3Dp01ECd*dc*dsc*dp*ic*isc*ip*in*;usb:v1B3Dp01EDd*dc*dsc*dp*ic*isc*ip*in*;usb:v1B3Dp01EEd*dc*dsc*dp*ic*isc*ip*in*;usb:v1B3Dp01EFd*dc*dsc*dp*ic*isc*ip*in*;usb:v1B3Dp01F0d*dc*dsc*dp*ic*isc*ip*in*;usb:v1B3Dp01F1d*dc*dsc*dp*ic*isc*ip*in*;usb:v1B3Dp01F2d*dc*dsc*dp*ic*isc*ip*in*;usb:v1B3Dp01F3d*dc*dsc*dp*ic*isc*ip*in*;usb:v1B3Dp01F4d*dc*dsc*dp*ic*isc*ip*in*;usb:v1B3Dp01F5d*dc*dsc*dp*ic*isc*ip*in*;usb:v1B3Dp01F6d*dc*dsc*dp*ic*isc*ip*in*;usb:v1B3Dp01F7d*dc*dsc*dp*ic*isc*ip*in*;usb:v1B3Dp01F8d*dc*dsc*dp*ic*isc*ip*in*;usb:v1B3Dp01F9d*dc*dsc*dp*ic*isc*ip*in*;usb:v1B3Dp01FAd*dc*dsc*dp*ic*isc*ip*in*;usb:v1B3Dp01FBd*dc*dsc*dp*ic*isc*ip*in*;usb:v1B3Dp01FCd*dc*dsc*dp*ic*isc*ip*in*;usb:v1B3Dp01FDd*dc*dsc*dp*ic*isc*ip*in*;usb:v1B3Dp01FEd*dc*dsc*dp*ic*isc*ip*in*;usb:v1B3Dp01FFd*dc*dsc*dp*ic*isc*ip*in*;usb:v1B3Dp4701d*dc*dsc*dp*ic*isc*ip*in*;usb:v1B3Dp9300d*dc*dsc*dp*ic*isc*ip*in*;usb:v1B3Dp9301d*dc*dsc*dp*ic*isc*ip*in*;usb:v1B3Dp9302d*dc*dsc*dp*ic*isc*ip*in*;usb:v1B3Dp9303d*dc*dsc*dp*ic*isc*ip*in*;usb:v1B3Dp9304d*dc*dsc*dp*ic*isc*ip*in*;usb:v1B3Dp9305d*dc*dsc*dp*ic*isc*ip*in*;usb:v1B3Dp9306d*dc*dsc*dp*ic*isc*ip*in*;usb:v1B3Dp9307d*dc*dsc*dp*ic*isc*ip*in*;usb:v1B3Dp9308d*dc*dsc*dp*ic*isc*ip*in*;usb:v1B3Dp9309d*dc*dsc*dp*ic*isc*ip*in*;usb:v1B3Dp930Ad*dc*dsc*dp*ic*isc*ip*in*;usb:v1B3Dp930Bd*dc*dsc*dp*ic*isc*ip*in*;usb:v1B3Dp930Cd*dc*dsc*dp*ic*isc*ip*in*;usb:v1B3Dp930Dd*dc*dsc*dp*ic*isc*ip*in*;usb:v1B3Dp930Ed*dc*dsc*dp*ic*isc*ip*in*;usb:v1B3Dp930Fd*dc*dsc*dp*ic*isc*ip*in*;usb:v1B3Dp9310d*dc*dsc*dp*ic*isc*ip*in*;usb:v1B3Dp9311d*dc*dsc*dp*ic*isc*ip*in*;usb:v1B3Dp9312d*dc*dsc*dp*ic*isc*ip*in*;usb:v1B3Dp9313d*dc*dsc*dp*ic*isc*ip*in*;usb:v1B3Dp9314d*dc*dsc*dp*ic*isc*ip*in*;usb:v1B3Dp9315d*dc*dsc*dp*ic*isc*ip*in*;usb:v1B3Dp9316d*dc*dsc*dp*ic*isc*ip*in*;usb:v1B3Dp9317d*dc*dsc*dp*ic*isc*ip*in*;usb:v1B3Dp9318d*dc*dsc*dp*ic*isc*ip*in*;usb:v1B3Dp9319d*dc*dsc*dp*ic*isc*ip*in*;usb:v1B3Dp931Ad*dc*dsc*dp*ic*isc*ip*in*;usb:v1B3Dp931Bd*dc*dsc*dp*ic*isc*ip*in*;usb:v1B3Dp931Cd*dc*dsc*dp*ic*isc*ip*in*;usb:v1B3Dp931Dd*dc*dsc*dp*ic*isc*ip*in*;usb:v1B3Dp931Ed*dc*dsc*dp*ic*isc*ip*in*;usb:v1B3Dp931Fd*dc*dsc*dp*ic*isc*ip*in*;usb:v0403pF0C0d*dc*dsc*dp*ic*isc*ip*in*;usb:v0403pF208d*dc*dsc*dp*ic*isc*ip*in*;usb:v0403pEBE0d*dc*dsc*dp*ic*isc*ip*in*;usb:v0403pF857d*dc*dsc*dp*ic*isc*ip*in*;usb:v0C52p2101d*dc*dsc*dp*ic*isc*ip*in*;usb:v0C52p2102d*dc*dsc*dp*ic*isc*ip*in*;usb:v0C52p2103d*dc*dsc*dp*ic*isc*ip*in*;usb:v0C52p2104d*dc*dsc*dp*ic*isc*ip*in*;usb:v0C52p9020d*dc*dsc*dp*ic*isc*ip*in*;usb:v0C52p2211d*dc*dsc*dp*ic*isc*ip*in*;usb:v0C52p2221d*dc*dsc*dp*ic*isc*ip*in*;usb:v0C52p2212d*dc*dsc*dp*ic*isc*ip*in*;usb:v0C52p2222d*dc*dsc*dp*ic*isc*ip*in*;usb:v0C52p2213d*dc*dsc*dp*ic*isc*ip*in*;usb:v0C52p2223d*dc*dsc*dp*ic*isc*ip*in*;usb:v0C52p2411d*dc*dsc*dp*ic*isc*ip*in*;usb:v0C52p2421d*dc*dsc*dp*ic*isc*ip*in*;usb:v0C52p2431d*dc*dsc*dp*ic*isc*ip*in*;usb:v0C52p2441d*dc*dsc*dp*ic*isc*ip*in*;usb:v0C52p2412d*dc*dsc*dp*ic*isc*ip*in*;usb:v0C52p2422d*dc*dsc*dp*ic*isc*ip*in*;usb:v0C52p2432d*dc*dsc*dp*ic*isc*ip*in*;usb:v0C52p2442d*dc*dsc*dp*ic*isc*ip*in*;usb:v0C52p2413d*dc*dsc*dp*ic*isc*ip*in*;usb:v0C52p2423d*dc*dsc*dp*ic*isc*ip*in*;usb:v0C52p2433d*dc*dsc*dp*ic*isc*ip*in*;usb:v0C52p2443d*dc*dsc*dp*ic*isc*ip*in*;usb:v0C52p2811d*dc*dsc*dp*ic*isc*ip*in*;usb:v0C52p2821d*dc*dsc*dp*ic*isc*ip*in*;usb:v0C52p2831d*dc*dsc*dp*ic*isc*ip*in*;usb:v0C52p2841d*dc*dsc*dp*ic*isc*ip*in*;usb:v0C52p2851d*dc*dsc*dp*ic*isc*ip*in*;usb:v0C52p2861d*dc*dsc*dp*ic*isc*ip*in*;usb:v0C52p2871d*dc*dsc*dp*ic*isc*ip*in*;usb:v0C52p2881d*dc*dsc*dp*ic*isc*ip*in*;usb:v0C52p2812d*dc*dsc*dp*ic*isc*ip*in*;usb:v0C52p2822d*dc*dsc*dp*ic*isc*ip*in*;usb:v0C52p2832d*dc*dsc*dp*ic*isc*ip*in*;usb:v0C52p2842d*dc*dsc*dp*ic*isc*ip*in*;usb:v0C52p2852d*dc*dsc*dp*ic*isc*ip*in*;usb:v0C52p2862d*dc*dsc*dp*ic*isc*ip*in*;usb:v0C52p2872d*dc*dsc*dp*ic*isc*ip*in*;usb:v0C52p2882d*dc*dsc*dp*ic*isc*ip*in*;usb:v0C52p2813d*dc*dsc*dp*ic*isc*ip*in*;usb:v0C52p2823d*dc*dsc*dp*ic*isc*ip*in*;usb:v0C52p2833d*dc*dsc*dp*ic*isc*ip*in*;usb:v0C52p2843d*dc*dsc*dp*ic*isc*ip*in*;usb:v0C52p2853d*dc*dsc*dp*ic*isc*ip*in*;usb:v0C52p2863d*dc*dsc*dp*ic*isc*ip*in*;usb:v0C52p2873d*dc*dsc*dp*ic*isc*ip*in*;usb:v0C52p2883d*dc*dsc*dp*ic*isc*ip*in*;usb:v0C52pA02Ad*dc*dsc*dp*ic*isc*ip*in*;usb:v0C52pA02Bd*dc*dsc*dp*ic*isc*ip*in*;usb:v0C52pA02Cd*dc*dsc*dp*ic*isc*ip*in*;usb:v0C52pA02Dd*dc*dsc*dp*ic*isc*ip*in*;usb:v0ACDp0300d*dc*dsc*dp*ic*isc*ip*in*;usb:v0B39p0421d*dc*dsc*dp*ic*isc*ip*in*;usb:v0B39p0103d*dc*dsc*dp*ic*isc*ip*in*;usb:v0403pFA78d*dc*dsc*dp*ic*isc*ip*in*;usb:v0403pF850d*dc*dsc*dp*ic*isc*ip*in*;usb:v0403pFC70d*dc*dsc*dp*ic*isc*ip*in*;usb:v0403pFC71d*dc*dsc*dp*ic*isc*ip*in*;usb:v0403pFC72d*dc*dsc*dp*ic*isc*ip*in*;usb:v0403pFC73d*dc*dsc*dp*ic*isc*ip*in*;usb:v0403pE808d*dc*dsc*dp*ic*isc*ip*in*;usb:v0403pE809d*dc*dsc*dp*ic*isc*ip*in*;usb:v0403pE80Ad*dc*dsc*dp*ic*isc*ip*in*;usb:v0403pE80Bd*dc*dsc*dp*ic*isc*ip*in*;usb:v0403pE80Cd*dc*dsc*dp*ic*isc*ip*in*;usb:v0403pE80Dd*dc*dsc*dp*ic*isc*ip*in*;usb:v0403pE80Ed*dc*dsc*dp*ic*isc*ip*in*;usb:v0403pE80Fd*dc*dsc*dp*ic*isc*ip*in*;usb:v0403pE888d*dc*dsc*dp*ic*isc*ip*in*;usb:v0403pE889d*dc*dsc*dp*ic*isc*ip*in*;usb:v0403pE88Ad*dc*dsc*dp*ic*isc*ip*in*;usb:v0403pE88Bd*dc*dsc*dp*ic*isc*ip*in*;usb:v0403pE88Cd*dc*dsc*dp*ic*isc*ip*in*;usb:v0403pE88Dd*dc*dsc*dp*ic*isc*ip*in*;usb:v0403pE88Ed*dc*dsc*dp*ic*isc*ip*in*;usb:v0403pE88Fd*dc*dsc*dp*ic*isc*ip*in*;usb:v0403pFB5Bd*dc*dsc*dp*ic*isc*ip*in*;usb:v0403pFB5Ad*dc*dsc*dp*ic*isc*ip*in*;usb:v0403pFB58d*dc*dsc*dp*ic*isc*ip*in*;usb:v0403pF06Ed*dc*dsc*dp*ic*isc*ip*in*;usb:v0403pE6C8d*dc*dsc*dp*ic*isc*ip*in*;usb:v0403pF06Fd*dc*dsc*dp*ic*isc*ip*in*;usb:v0403pFF38d*dc*dsc*dp*ic*isc*ip*in*;usb:v0403pFF39d*dc*dsc*dp*ic*isc*ip*in*;usb:v0403pFF3Ad*dc*dsc*dp*ic*isc*ip*in*;usb:v0403pFF3Bd*dc*dsc*dp*ic*isc*ip*in*;usb:v0403pFF3Cd*dc*dsc*dp*ic*isc*ip*in*;usb:v0403pFF3Dd*dc*dsc*dp*ic*isc*ip*in*;usb:v0403pFF3Ed*dc*dsc*dp*ic*isc*ip*in*;usb:v0403pFF3Fd*dc*dsc*dp*ic*isc*ip*in*;usb:v0403pFA33d*dc*dsc*dp*ic*isc*ip*in*;usb:v0403p8A98d*dc*dsc*dp*ic*isc*ip*in*;usb:v0403p7C90d*dc*dsc*dp*ic*isc*ip*in*;usb:v0403p7C91d*dc*dsc*dp*ic*isc*ip*in*;usb:v0403p7C92d*dc*dsc*dp*ic*isc*ip*in*;usb:v0403p7C93d*dc*dsc*dp*ic*isc*ip*in*;usb:v0403p9090d*dc*dsc*dp*ic*isc*ip*in*;usb:v0403pFD48d*dc*dsc*dp*ic*isc*ip*in*;usb:v0403pFD49d*dc*dsc*dp*ic*isc*ip*in*;usb:v0403pFD4Ad*dc*dsc*dp*ic*isc*ip*in*;usb:v0403pFD4Bd*dc*dsc*dp*ic*isc*ip*in*;usb:v1B1FpC006d*dc*dsc*dp*ic*isc*ip*in*;usb:v0403pE000d*dc*dsc*dp*ic*isc*ip*in*;usb:v0403pE001d*dc*dsc*dp*ic*isc*ip*in*;usb:v0403pE002d*dc*dsc*dp*ic*isc*ip*in*;usb:v0403pE004d*dc*dsc*dp*ic*isc*ip*in*;usb:v0403pE006d*dc*dsc*dp*ic*isc*ip*in*;usb:v0403pE008d*dc*dsc*dp*ic*isc*ip*in*;usb:v0403pE009d*dc*dsc*dp*ic*isc*ip*in*;usb:v0403pE00Ad*dc*dsc*dp*ic*isc*ip*in*;usb:v0403pFB59d*dc*dsc*dp*ic*isc*ip*in*;usb:v0403pFB5Cd*dc*dsc*dp*ic*isc*ip*in*;usb:v0403pFB5Dd*dc*dsc*dp*ic*isc*ip*in*;usb:v0403pFB5Ed*dc*dsc*dp*ic*isc*ip*in*;usb:v0403pFB5Fd*dc*dsc*dp*ic*isc*ip*in*;usb:v0403pF068d*dc*dsc*dp*ic*isc*ip*in*;usb:v0403pF069d*dc*dsc*dp*ic*isc*ip*in*;usb:v0403pF06Ad*dc*dsc*dp*ic*isc*ip*in*;usb:v0403pF06Bd*dc*dsc*dp*ic*isc*ip*in*;usb:v0403pF06Cd*dc*dsc*dp*ic*isc*ip*in*;usb:v0403pF06Dd*dc*dsc*dp*ic*isc*ip*in*;usb:v0403pE0F0d*dc*dsc*dp*ic*isc*ip*in*;usb:v0403pE0F1d*dc*dsc*dp*ic*isc*ip*in*;usb:v0403pE0F2d*dc*dsc*dp*ic*isc*ip*in*;usb:v0403pE0F3d*dc*dsc*dp*ic*isc*ip*in*;usb:v0403pE0F4d*dc*dsc*dp*ic*isc*ip*in*;usb:v0403pE0F5d*dc*dsc*dp*ic*isc*ip*in*;usb:v0403pE0F6d*dc*dsc*dp*ic*isc*ip*in*;usb:v0403pE0F7d*dc*dsc*dp*ic*isc*ip*in*;usb:v0403pE0E8d*dc*dsc*dp*ic*isc*ip*in*;usb:v0403pE0EFd*dc*dsc*dp*ic*isc*ip*in*;usb:v0403pE0E9d*dc*dsc*dp*ic*isc*ip*in*;usb:v0403pE0EAd*dc*dsc*dp*ic*isc*ip*in*;usb:v0403pE0EBd*dc*dsc*dp*ic*isc*ip*in*;usb:v0403pE0ECd*dc*dsc*dp*ic*isc*ip*in*;usb:v0403pE0EDd*dc*dsc*dp*ic*isc*ip*in*;usb:v0403pE0EEd*dc*dsc*dp*ic*isc*ip*in*;usb:v0403pF440d*dc*dsc*dp*ic*isc*ip*in*;usb:v0403pF441d*dc*dsc*dp*ic*isc*ip*in*;usb:v0403pF448d*dc*dsc*dp*ic*isc*ip*in*;usb:v0403pF449d*dc*dsc*dp*ic*isc*ip*in*;usb:v0403pF44Ad*dc*dsc*dp*ic*isc*ip*in*;usb:v0403pF44Bd*dc*dsc*dp*ic*isc*ip*in*;usb:v0403pF44Cd*dc*dsc*dp*ic*isc*ip*in*;usb:v0403pF9D0d*dc*dsc*dp*ic*isc*ip*in*;usb:v0403pF9D1d*dc*dsc*dp*ic*isc*ip*in*;usb:v0403pF9D2d*dc*dsc*dp*ic*isc*ip*in*;usb:v0403pF9D3d*dc*dsc*dp*ic*isc*ip*in*;usb:v0403pF9D4d*dc*dsc*dp*ic*isc*ip*in*;usb:v0403pF9D5d*dc*dsc*dp*ic*isc*ip*in*;usb:v0403pFAD0d*dc*dsc*dp*ic*isc*ip*in*;usb:v093Cp0601d*dc*dsc*dp*ic*isc*ip*in*;usb:v093Cp0701d*dc*dsc*dp*ic*isc*ip*in*;usb:v0F94p0001d*dc*dsc*dp*ic*isc*ip*in*;usb:v0F94p0005d*dc*dsc*dp*ic*isc*ip*in*;usb:v0403pF680d*dc*dsc*dp*ic*isc*ip*in*;usb:v0403pF460d*dc*dsc*dp*ic*isc*ip*in*;usb:v103Ep03E8d*dc*dsc*dp*ic*isc*ip*in*;usb:v0403pFD60d*dc*dsc*dp*ic*isc*ip*in*;usb:v0647p0100d*dc*dsc*dp*ic*isc*ip*in*;usb:v06CEp8311d*dc*dsc*dp*ic*isc*ip*in*;usb:v06D3p0284d*dc*dsc*dp*ic*isc*ip*in*;usb:v0856pAC01d*dc*dsc*dp*ic*isc*ip*in*;usb:v0856pAC02d*dc*dsc*dp*ic*isc*ip*in*;usb:v0856pAC03d*dc*dsc*dp*ic*isc*ip*in*;usb:v0856pAC11d*dc*dsc*dp*ic*isc*ip*in*;usb:v0856pAC12d*dc*dsc*dp*ic*isc*ip*in*;usb:v0856pAC16d*dc*dsc*dp*ic*isc*ip*in*;usb:v0856pAC17d*dc*dsc*dp*ic*isc*ip*in*;usb:v0856pAC18d*dc*dsc*dp*ic*isc*ip*in*;usb:v0856pAC19d*dc*dsc*dp*ic*isc*ip*in*;usb:v0856pAC25d*dc*dsc*dp*ic*isc*ip*in*;usb:v0856pAC26d*dc*dsc*dp*ic*isc*ip*in*;usb:v0856pAC27d*dc*dsc*dp*ic*isc*ip*in*;usb:v0856pAC33d*dc*dsc*dp*ic*isc*ip*in*;usb:v0856pAC34d*dc*dsc*dp*ic*isc*ip*in*;usb:v0856pAC49d*dc*dsc*dp*ic*isc*ip*in*;usb:v0856pAC50d*dc*dsc*dp*ic*isc*ip*in*;usb:v0856pBA02d*dc*dsc*dp*ic*isc*ip*in*;usb:v0403pE520d*dc*dsc*dp*ic*isc*ip*in*;usb:v0403pF3C0d*dc*dsc*dp*ic*isc*ip*in*;usb:v0403pF3C1d*dc*dsc*dp*ic*isc*ip*in*;usb:v0403pF3C2d*dc*dsc*dp*ic*isc*ip*in*;usb:v0403pD388d*dc*dsc*dp*ic*isc*ip*in*;usb:v0403pD389d*dc*dsc*dp*ic*isc*ip*in*;usb:v0403pD38Ad*dc*dsc*dp*ic*isc*ip*in*;usb:v0403pD38Bd*dc*dsc*dp*ic*isc*ip*in*;usb:v0403pD38Cd*dc*dsc*dp*ic*isc*ip*in*;usb:v0403pD38Dd*dc*dsc*dp*ic*isc*ip*in*;usb:v0403pD38Ed*dc*dsc*dp*ic*isc*ip*in*;usb:v0403pD38Fd*dc*dsc*dp*ic*isc*ip*in*;usb:v2639p0102d*dc*dsc*dp*ic*isc*ip*in*;usb:v2639p0101d*dc*dsc*dp*ic*isc*ip*in*;usb:v2639pD00Dd*dc*dsc*dp*ic*isc*ip*in*;usb:v2639p0300d*dc*dsc*dp*ic*isc*ip*in*;usb:v2639p0301d*dc*dsc*dp*ic*isc*ip*in*;usb:v2639p0200d*dc*dsc*dp*ic*isc*ip*in*;usb:v0403pD491d*dc*dsc*dp*ic*isc*ip*in*;usb:v1342p0202d*dc*dsc*dp*ic*isc*ip*in*;usb:v0403pE548d*dc*dsc*dp*ic*isc*ip*in*;usb:v0403pEEE8d*dc*dsc*dp*ic*isc*ip*in*;usb:v0403pEEE9d*dc*dsc*dp*ic*isc*ip*in*;usb:v0403pEEEAd*dc*dsc*dp*ic*isc*ip*in*;usb:v0403pEEEBd*dc*dsc*dp*ic*isc*ip*in*;usb:v0403pEEECd*dc*dsc*dp*ic*isc*ip*in*;usb:v0403pEEEDd*dc*dsc*dp*ic*isc*ip*in*;usb:v0403pEEEEd*dc*dsc*dp*ic*isc*ip*in*;usb:v0403pEEEFd*dc*dsc*dp*ic*isc*ip*in*;usb:v0403pEC88d*dc*dsc*dp*ic*isc*ip*in*;usb:v0403pEC89d*dc*dsc*dp*ic*isc*ip*in*;usb:vDEEEp0300d*dc*dsc*dp*ic*isc*ip*in*;usb:vDEEEp0302d*dc*dsc*dp*ic*isc*ip*in*;usb:vDEEEp0303d*dc*dsc*dp*ic*isc*ip*in*;usb:v0403pDF28d*dc*dsc*dp*ic*isc*ip*in*;usb:v0403pDF30d*dc*dsc*dp*ic*isc*ip*in*;usb:v0403pDF32d*dc*dsc*dp*ic*isc*ip*in*;usb:v0403pDF31d*dc*dsc*dp*ic*isc*ip*in*;usb:v0403pDF33d*dc*dsc*dp*ic*isc*ip*in*;usb:v0403pDF35d*dc*dsc*dp*ic*isc*ip*in*;usb:v0D46p2020d*dc*dsc*dp*ic*isc*ip*in*;usb:v0D46p2021d*dc*dsc*dp*ic*isc*ip*in*;usb:v0D3Ap0300d*dc*dsc*dp*ic*isc*ip*in*;usb:v0403pFF20d*dc*dsc*dp*ic*isc*ip*in*;usb:v0403pEA90d*dc*dsc*dp*ic*isc*ip*in*;usb:v0403pDC00d*dc*dsc*dp*ic*isc*ip*in*;usb:v0403pDC01d*dc*dsc*dp*ic*isc*ip*in*;usb:v0403pFA88d*dc*dsc*dp*ic*isc*ip*in*;usb:v0403pC7D0d*dc*dsc*dp*ic*isc*ip*in*;usb:v0403pC991d*dc*dsc*dp*ic*isc*ip*in*;usb:v0403pC1E0d*dc*dsc*dp*ic*isc*ip*in*;usb:v0C26p0004d*dc*dsc*dp*ic*isc*ip*in*;usb:v0C26p0018d*dc*dsc*dp*ic*isc*ip*in*;usb:v0C26p0009d*dc*dsc*dp*ic*isc*ip*in*;usb:v0C26p000Ad*dc*dsc*dp*ic*isc*ip*in*;usb:v0C26p000Bd*dc*dsc*dp*ic*isc*ip*in*;usb:v0C26p000Cd*dc*dsc*dp*ic*isc*ip*in*;usb:v0C26p000Dd*dc*dsc*dp*ic*isc*ip*in*;usb:v0C26p0010d*dc*dsc*dp*ic*isc*ip*in*;usb:v0C26p0011d*dc*dsc*dp*ic*isc*ip*in*;usb:v0C26p0012d*dc*dsc*dp*ic*isc*ip*in*;usb:v0C26p0013d*dc*dsc*dp*ic*isc*ip*in*;usb:v0403pDD20d*dc*dsc*dp*ic*isc*ip*in*;usb:v0403pE050d*dc*dsc*dp*ic*isc*ip*in*;usb:v0403pFAF0d*dc*dsc*dp*ic*isc*ip*in*;usb:v128Dp0001d*dc*dsc*dp*ic*isc*ip*in*;usb:v128Dp0003d*dc*dsc*dp*ic*isc*ip*in*;usb:v0403pD678d*dc*dsc*dp*ic*isc*ip*in*;usb:v0403pCC48d*dc*dsc*dp*ic*isc*ip*in*;usb:v0403pCC49d*dc*dsc*dp*ic*isc*ip*in*;usb:v0403pCC4Ad*dc*dsc*dp*ic*isc*ip*in*;usb:v0C7Dp0005d*dc*dsc*dp*ic*isc*ip*in*;usb:v0403pDA70d*dc*dsc*dp*ic*isc*ip*in*;usb:v0403pDA71d*dc*dsc*dp*ic*isc*ip*in*;usb:v0403pDA72d*dc*dsc*dp*ic*isc*ip*in*;usb:v0403pDA73d*dc*dsc*dp*ic*isc*ip*in*;usb:v0403pDA74d*dc*dsc*dp*ic*isc*ip*in*;usb:v1781p0C30d*dc*dsc*dp*ic*isc*ip*in*;usb:v1A28p6010d*dc*dsc*dp*ic*isc*ip*in*;usb:v0403p9E50d*dc*dsc*dp*ic*isc*ip*in*;usb:v2100p9001d*dc*dsc*dp*ic*isc*ip*in*;usb:v2100p9E50d*dc*dsc*dp*ic*isc*ip*in*;usb:v2100p9E51d*dc*dsc*dp*ic*isc*ip*in*;usb:v2100p9E52d*dc*dsc*dp*ic*isc*ip*in*;usb:v2100p9E53d*dc*dsc*dp*ic*isc*ip*in*;usb:v2100p9E54d*dc*dsc*dp*ic*isc*ip*in*;usb:v2100p9E55d*dc*dsc*dp*ic*isc*ip*in*;usb:v2100p9E56d*dc*dsc*dp*ic*isc*ip*in*;usb:v2100p9E57d*dc*dsc*dp*ic*isc*ip*in*;usb:v2100p9E58d*dc*dsc*dp*ic*isc*ip*in*;usb:v2100p9E59d*dc*dsc*dp*ic*isc*ip*in*;usb:v2100p9E5Ad*dc*dsc*dp*ic*isc*ip*in*;usb:v2100p9E5Bd*dc*dsc*dp*ic*isc*ip*in*;usb:v2100p9E5Cd*dc*dsc*dp*ic*isc*ip*in*;usb:v2100p9E5Dd*dc*dsc*dp*ic*isc*ip*in*;usb:v2100p9E5Ed*dc*dsc*dp*ic*isc*ip*in*;usb:v2100p9E5Fd*dc*dsc*dp*ic*isc*ip*in*;usb:v2100p9E60d*dc*dsc*dp*ic*isc*ip*in*;usb:v2100p9E61d*dc*dsc*dp*ic*isc*ip*in*;usb:v2100p9E62d*dc*dsc*dp*ic*isc*ip*in*;usb:v2100p9E63d*dc*dsc*dp*ic*isc*ip*in*;usb:v2100p9E64d*dc*dsc*dp*ic*isc*ip*in*;usb:v2100p9E65d*dc*dsc*dp*ic*isc*ip*in*;usb:v2100p9E66d*dc*dsc*dp*ic*isc*ip*in*;usb:v2100p9E67d*dc*dsc*dp*ic*isc*ip*in*;usb:v2100p9E68d*dc*dsc*dp*ic*isc*ip*in*;usb:v2100p9E69d*dc*dsc*dp*ic*isc*ip*in*;usb:v2100p9E6Ad*dc*dsc*dp*ic*isc*ip*in*;usb:v0403pEE18d*dc*dsc*dp*ic*isc*ip*in*;usb:v0403pE40Bd*dc*dsc*dp*ic*isc*ip*in*;usb:v1B91p0064d*dc*dsc*dp*ic*isc*ip*in*;usb:v0403pE700d*dc*dsc*dp*ic*isc*ip*in*;usb:v0403pD738d*dc*dsc*dp*ic*isc*ip*in*;usb:v0403pD739d*dc*dsc*dp*ic*isc*ip*in*;usb:v0403p8698d*dc*dsc*dp*ic*isc*ip*in*;usb:v15BAp0003d*dc*dsc*dp*ic*isc*ip*in01*;usb:v15BAp002Bd*dc*dsc*dp*ic*isc*ip*in01*;usb:v15BAp0004d*dc*dsc*dp*ic*isc*ip*in01*;usb:v15BAp002Ad*dc*dsc*dp*ic*isc*ip*in01*;usb:v1457p5118d*dc*dsc*dp*ic*isc*ip*in*;usb:v0403pBAF8d*dc*dsc*dp*ic*isc*ip*in*;usb:v0403pBCD8d*dc*dsc*dp*ic*isc*ip*in*;usb:v0403pBCD9d*dc*dsc*dp*ic*isc*ip*in*;usb:v0403pBCDAd*dc*dsc*dp*ic*isc*ip*in*;usb:v0403pBDC8d*dc*dsc*dp*ic*isc*ip*in*;usb:v0584pB020d*dc*dsc*dp*ic*isc*ip*in*;usb:v0584pB03Ad*dc*dsc*dp*ic*isc*ip*in*;usb:v0403pED22d*dc*dsc*dp*ic*isc*ip*in*;usb:v5050p0100d*dc*dsc*dp*ic*isc*ip*in*;usb:v5050p0101d*dc*dsc*dp*ic*isc*ip*in*;usb:v5050p0102d*dc*dsc*dp*ic*isc*ip*in*;usb:v5050p0103d*dc*dsc*dp*ic*isc*ip*in*;usb:v5050p0104d*dc*dsc*dp*ic*isc*ip*in*;usb:v5050p0105d*dc*dsc*dp*ic*isc*ip*in*;usb:v5050p0106d*dc*dsc*dp*ic*isc*ip*in*;usb:v5050p0107d*dc*dsc*dp*ic*isc*ip*in*;usb:v5050p0300d*dc*dsc*dp*ic*isc*ip*in*;usb:v5050p0301d*dc*dsc*dp*ic*isc*ip*in*;usb:v5050p0400d*dc*dsc*dp*ic*isc*ip*in*;usb:v5050p0500d*dc*dsc*dp*ic*isc*ip*in*;usb:v5050p0700d*dc*dsc*dp*ic*isc*ip*in*;usb:v5050p0800d*dc*dsc*dp*ic*isc*ip*in*;usb:v5050p0900d*dc*dsc*dp*ic*isc*ip*in*;usb:v5050p0A00d*dc*dsc*dp*ic*isc*ip*in*;usb:v5050p0B00d*dc*dsc*dp*ic*isc*ip*in*;usb:v5050p0C00d*dc*dsc*dp*ic*isc*ip*in*;usb:v5050p0D00d*dc*dsc*dp*ic*isc*ip*in*;usb:v5050p0E00d*dc*dsc*dp*ic*isc*ip*in*;usb:v5050p0F00d*dc*dsc*dp*ic*isc*ip*in*;usb:v5050p1000d*dc*dsc*dp*ic*isc*ip*in*;usb:v5050p8000d*dc*dsc*dp*ic*isc*ip*in*;usb:v5050p8001d*dc*dsc*dp*ic*isc*ip*in*;usb:v5050p8002d*dc*dsc*dp*ic*isc*ip*in*;usb:v5050p8003d*dc*dsc*dp*ic*isc*ip*in*;usb:v5050p8004d*dc*dsc*dp*ic*isc*ip*in*;usb:v5050p8005d*dc*dsc*dp*ic*isc*ip*in*;usb:v0403pEF50d*dc*dsc*dp*ic*isc*ip*in*;usb:v0403pEF51d*dc*dsc*dp*ic*isc*ip*in*;usb:v1BC9p6001d*dc*dsc*dp*ic*isc*ip*in*;usb:v0403pFB99d*dc*dsc*dp*ic*isc*ip*in*;usb:v03EBp2109d*dc*dsc*dp*ic*isc*ip*in*;usb:v1CF1p0001d*dc*dsc*dp*ic*isc*ip*in*;usb:v1CF1p0004d*dc*dsc*dp*ic*isc*ip*in*;usb:v0456pF000d*dc*dsc*dp*ic*isc*ip*in*;usb:v0456pF001d*dc*dsc*dp*ic*isc*ip*in*;usb:v04D8p000Ad*dc*dsc*dp*icFFiscFFip00in*;usb:v1514p2008d*dc*dsc*dp*ic*isc*ip*in02*;usb:v0C6Cp04B2d*dc*dsc*dp*ic*isc*ip*in*;usb:v9E88p9E8Fd*dc*dsc*dp*ic*isc*ip*in*;usb:v0FD8p0001d*dc*dsc*dp*ic*isc*ip*in*;usb:v0C33p0010d*dc*dsc*dp*ic*isc*ip*in*;usb:v0403pE0A0d*dc*dsc*dp*ic*isc*ip*in*;usb:v0403pE0A1d*dc*dsc*dp*ic*isc*ip*in*;usb:v1A72p1000d*dc*dsc*dp*ic*isc*ip*in*;usb:v1A72p1001d*dc*dsc*dp*ic*isc*ip*in*;usb:v1A72p1002d*dc*dsc*dp*ic*isc*ip*in*;usb:v1A72p1005d*dc*dsc*dp*ic*isc*ip*in*;usb:v1A72p1007d*dc*dsc*dp*ic*isc*ip*in*;usb:v1A72p1008d*dc*dsc*dp*ic*isc*ip*in*;usb:v1A72p1009d*dc*dsc*dp*ic*isc*ip*in*;usb:v1A72p100Dd*dc*dsc*dp*ic*isc*ip*in*;usb:v1A72p100Ed*dc*dsc*dp*ic*isc*ip*in*;usb:v1A72p100Fd*dc*dsc*dp*ic*isc*ip*in*;usb:v1A72p1011d*dc*dsc*dp*ic*isc*ip*in*;usb:v1A72p1012d*dc*dsc*dp*ic*isc*ip*in*;usb:v1A72p1013d*dc*dsc*dp*ic*isc*ip*in*;usb:v1A72p1014d*dc*dsc*dp*ic*isc*ip*in*;usb:v1A72p1015d*dc*dsc*dp*ic*isc*ip*in*;usb:v1A72p1016d*dc*dsc*dp*ic*isc*ip*in*;usb:v165Cp0002d*dc*dsc*dp*ic*isc*ip*in*;usb:v1A79p6001d*dc*dsc*dp*ic*isc*ip*in*;usb:v0403p9E90d*dc*dsc*dp*ic*isc*ip*in*;usb:v0403pA6D0d*dc*dsc*dp*ic*isc*ip*in*;usb:v0403pED74d*dc*dsc*dp*ic*isc*ip*in*;usb:v0403pED72d*dc*dsc*dp*ic*isc*ip*in*;usb:v0403pED73d*dc*dsc*dp*ic*isc*ip*in*;usb:v0403pED71d*dc*dsc*dp*ic*isc*ip*in*;usb:v0403p9378d*dc*dsc*dp*ic*isc*ip*in*;usb:v0403p9379d*dc*dsc*dp*ic*isc*ip*in*;usb:v0403p937Cd*dc*dsc*dp*ic*isc*ip*in*;usb:v0403p937Ad*dc*dsc*dp*ic*isc*ip*in*;usb:v0403pBCA0d*dc*dsc*dp*ic*isc*ip*in*;usb:v0403pBCA1d*dc*dsc*dp*ic*isc*ip*in*;usb:v0403pBCA2d*dc*dsc*dp*ic*isc*ip*in*;usb:v0403pBCA4d*dc*dsc*dp*ic*isc*ip*in*;usb:v0403pE729d*dc*dsc*dp*ic*isc*ip*in*;usb:v0403pD578d*dc*dsc*dp*ic*isc*ip*in*;usb:v1C0Cp0102d*dc*dsc*dp*ic*isc*ip*in*;usb:v0403pDAF8d*dc*dsc*dp*ic*isc*ip*in*;usb:v0403pDAF9d*dc*dsc*dp*ic*isc*ip*in*;usb:v0403pDAFAd*dc*dsc*dp*ic*isc*ip*in*;usb:v0403pDAFBd*dc*dsc*dp*ic*isc*ip*in*;usb:v0403pDAFCd*dc*dsc*dp*ic*isc*ip*in*;usb:v0403pDAFDd*dc*dsc*dp*ic*isc*ip*in*;usb:v0403pDAFEd*dc*dsc*dp*ic*isc*ip*in*;usb:v0403pDAFFd*dc*dsc*dp*ic*isc*ip*in*;usb:v0403pFF18d*dc*dsc*dp*ic*isc*ip*in*;usb:v0403pFF1Cd*dc*dsc*dp*ic*isc*ip*in*;usb:v0403pFF1Dd*dc*dsc*dp*ic*isc*ip*in*;usb:v0403pA951d*dc*dsc*dp*ic*isc*ip*in*;usb:v0403pA9A0d*dc*dsc*dp*ic*isc*ip*in*;usb:v0403p9868d*dc*dsc*dp*ic*isc*ip*in*;usb:v20B7p0713d*dc*dsc*dp*ic*isc*ip*in*;usb:v0483p3746d*dc*dsc*dp*ic*isc*ip*in*;usb:v0483p3747d*dc*dsc*dp*ic*isc*ip*in*;usb:v0403p8A28d*dc*dsc*dp*ic*isc*ip*in*;usb:v0403pCFF8d*dc*dsc*dp*ic*isc*ip*in*;usb:v0403p6002d*dc*dsc*dp*ic*isc*ip*in*;usb:v0403p8E08d*dc*dsc*dp*ic*isc*ip*in*;usb:v0403p0011d*dc*dsc*dp*ic*isc*ip*in*;usb:v0403p87D0d*dc*dsc*dp*ic*isc*ip*in*;usb:v05D1p1001d*dc*dsc*dp*ic*isc*ip*in*;usb:v05D1p1002d*dc*dsc*dp*ic*isc*ip*in*;usb:v05D1p1003d*dc*dsc*dp*ic*isc*ip*in*;usb:v05D1p1004d*dc*dsc*dp*ic*isc*ip*in*;usb:v05D1p1011d*dc*dsc*dp*ic*isc*ip*in*;usb:v05D1p1021d*dc*dsc*dp*ic*isc*ip*in*;usb:v05D1p9001d*dc*dsc*dp*ic*isc*ip*in*;usb:v05D1p9002d*dc*dsc*dp*ic*isc*ip*in*;usb:v05D1p9003d*dc*dsc*dp*ic*isc*ip*in*;usb:v05D1p9004d*dc*dsc*dp*ic*isc*ip*in*;usb:v05D1p9005d*dc*dsc*dp*ic*isc*ip*in*;usb:v05D1p9006d*dc*dsc*dp*ic*isc*ip*in*;usb:v05D1p9007d*dc*dsc*dp*ic*isc*ip*in*;usb:v05D1p9008d*dc*dsc*dp*ic*isc*ip*in*;usb:v05D1p1017d*dc*dsc*dp*ic*isc*ip*in*;usb:v05D1p5001d*dc*dsc*dp*ic*isc*ip*in*;usb:v05D1p2021d*dc*dsc*dp*ic*isc*ip*in*;usb:v05D1p2022d*dc*dsc*dp*ic*isc*ip*in*;usb:v05D1p2023d*dc*dsc*dp*ic*isc*ip*in*;usb:v05D1p2024d*dc*dsc*dp*ic*isc*ip*in*;usb:v05D1p6001d*dc*dsc*dp*ic*isc*ip*in*;usb:v05D1p1019d*dc*dsc*dp*ic*isc*ip*in*;usb:v05D1p1013d*dc*dsc*dp*ic*isc*ip*in*;usb:v05D1p3011d*dc*dsc*dp*ic*isc*ip*in*;usb:v05D1p3012d*dc*dsc*dp*ic*isc*ip*in*;usb:v05D1p7001d*dc*dsc*dp*ic*isc*ip*in*;usb:v05D1p2001d*dc*dsc*dp*ic*isc*ip*in*;usb:v05D1p2002d*dc*dsc*dp*ic*isc*ip*in*;usb:v05D1p2003d*dc*dsc*dp*ic*isc*ip*in*;usb:v05D1p2011d*dc*dsc*dp*ic*isc*ip*in*;usb:v05D1p2012d*dc*dsc*dp*ic*isc*ip*in*;usb:v05D1p8001d*dc*dsc*dp*ic*isc*ip*in*;usb:v05D1p8002d*dc*dsc*dp*ic*isc*ip*in*;usb:v05D1p8003d*dc*dsc*dp*ic*isc*ip*in*;usb:v05D1p8004d*dc*dsc*dp*ic*isc*ip*in*;usb:v0403pCB08d*dc*dsc*dp*ic*isc*ip*in*;usb:v058Bp0028d*dc*dsc*dp*ic*isc*ip*in01*;usb:v058Bp0043d*dc*dsc*dp*ic*isc*ip*in01*;usb:v1901p0015d*dc*dsc*dp*ic*isc*ip*in*;usb:v0403pD9A8d*dc*dsc*dp*ic*isc*ip*in*;usb:v0403pD9A9d*dc*dsc*dp*ic*isc*ip*in*;usb:v0403pD9AAd*dc*dsc*dp*ic*isc*ip*in*;usb:v0403pD9ABd*dc*dsc*dp*ic*isc*ip*in*;usb:v0403pD9ACd*dc*dsc*dp*ic*isc*ip*in*;usb:v0403pD9ADd*dc*dsc*dp*ic*isc*ip*in*;usb:v0403pD9AEd*dc*dsc*dp*ic*isc*ip*in*;usb:v0403pD9AFd*dc*dsc*dp*ic*isc*ip*in*;usb:v0403pA548d*dc*dsc*dp*ic*isc*ip*in*;usb:v0403pA549d*dc*dsc*dp*ic*isc*ip*in*;usb:v0403pA54Ad*dc*dsc*dp*ic*isc*ip*in*;usb:v0403pA54Bd*dc*dsc*dp*ic*isc*ip*in*;usb:v0403pA5ACd*dc*dsc*dp*ic*isc*ip*in*;usb:v0403pA5ADd*dc*dsc*dp*ic*isc*ip*in*;usb:v0403pA5AEd*dc*dsc*dp*ic*isc*ip*in*;usb:v0403pA5AFd*dc*dsc*dp*ic*isc*ip*in*;usb:v0403p8050d*dc*dsc*dp*ic*isc*ip*in*;usb:v0403pC811d*dc*dsc*dp*ic*isc*ip*in*;usb:v1B5Cp0103d*dc*dsc*dp*ic*isc*ip*in*;usb:v1B5Cp0104d*dc*dsc*dp*ic*isc*ip*in*;usb:v1B5Cp0105d*dc*dsc*dp*ic*isc*ip*in*;usb:v0A5Cp6422d*dc*dsc*dp*ic*isc*ip*in*;usb:v0451pC32Ad*dc*dsc*dp*ic*isc*ip*in*;usb:v04B4p009Bd*dc*dsc*dp*ic*isc*ip*in*;usb:v04B4pF900d*dc*dsc*dp*ic*isc*ip*in*;usb:v1E8Ep6001d*dc*dsc*dp*ic*isc*ip*in*;usb:v1C40p0477d*dc*dsc*dp*ic*isc*ip*in*;usb:v22B7p150Dd*dc*dsc*dp*ic*isc*ip*in01*;usb:v0403p8348d*dc*dsc*dp*ic*isc*ip*in*;usb:v0920p7500d*dc*dsc*dp*ic*isc*ip*in*;usb:v2CAFp13A2d*dc*dsc*dp*ic*isc*ip*in*;usb:v2CAFp13A3d*dc*dsc*dp*ic*isc*ip*in*;usb:v0590p00B2d*dc*dsc*dp*ic*isc*ip*in*;usb:v1546p0502d*dc*dsc*dp*ic*isc*ip*in*;usb:v1546p0503d*dc*dsc*dp*ic*isc*ip*in*;usb:v0403p7150d*dc*dsc*dp*ic*isc*ip*in*;usb:v0403p7151d*dc*dsc*dp*ic*isc*ip*in*;usb:v1CD7p0217d*dc*dsc*dp*ic*isc*ip*in*,,GPL,USB FTDI Serial Converters Driver,,,AArch64,49,0,yes
system_dlkm,gzvm.ko,system_dlkm/lib/modules/gzvm.ko,bf6a018906f73c7de25f55f4c40a700c02045aa0c5c3eb24245d36fe6afd975f,93745,gzvm,6.1.115-android14-11-g6b18f0b574ab-ab12901745 SMP preempt mod_unload modversions aarch64,,"of:N*T*Cmediatek,geniezone-hyp;of:N*T*Cmediatek,geniezone-hypC*",,GPL,GenieZone interface for VMM,,,AArch64,71,0,yes
system_dlkm,hci_uart.ko,system_dlkm/lib/modules/hci_uart.ko,2cc97aac6e3cb0823de2f21f23f082f22fa8df747a4c64e855e413063adb710e,263473,hci_uart,6.1.115-android14-11-g6b18f0b574ab-ab12901745 SMP preempt mod_unload modversions aarch64,"bluetooth,btbcm,btqca","tty-ldisc-15;of:N*T*Cti,cc2560;of:N*T*Cti,cc2560C*;of:N*T*Cti,wl1271-st;of:N*T*Cti,wl1271-stC*;of:N*T*Cti,wl1273-st;of:N*T*Cti,wl1273-stC*;of:N*T*Cti,wl1281-st;of:N*T*Cti,wl1281-stC*;of:N*T*Cti,wl1283-st;of:N*T*Cti,wl1283-stC*;of:N*T*Cti,wl1285-st;of:N*T*Cti,wl1285-stC*;of:N*T*Cti,wl1801-st;of:N*T*Cti,wl1801-stC*;of:N*T*Cti,wl1805-st;of:N*T*Cti,wl1805-stC*;of:N*T*Cti,wl1807-st;of:N*T*Cti,wl1807-stC*;of:N*T*Cti,wl1831-st;of:N*T*Cti,wl1831-stC*;of:N*T*Cti,wl1835-st;of:N*T*Cti,wl1835-stC*;of:N*T*Cti,wl1837-st;of:N*T*Cti,wl1837-stC*;of:N*T*Cbrcm,bcm20702a1;of:N*T*Cbrcm,bcm20702a1C*;of:N*T*Cbrcm,bcm4329-bt;of:N*T*Cbrcm,bcm4329-btC*;of:N*T*Cbrcm,bcm4330-bt;of:N*T*Cbrcm,bcm4330-btC*;of:N*T*Cbrcm,bcm4334-bt;of:N*T*Cbrcm,bcm4334-btC*;of:N*T*Cbrcm,bcm4345c5;of:N*T*Cbrcm,bcm4345c5C*;of:N*T*Cbrcm,bcm43430a0-bt;of:N*T*Cbrcm,bcm43430a0-btC*;of:N*T*Cbrcm,bcm43430a1-bt;of:N*T*Cbrcm,bcm43430a1-btC*;of:N*T*Cbrcm,bcm43438-bt;of:N*T*Cbrcm,bcm43438-btC*;of:N*T*Cbrcm,bcm4349-bt;of:N*T*Cbrcm,bcm4349-btC*;of:N*T*Cbrcm,bcm43540-bt;of:N*T*Cbrcm,bcm43540-btC*;of:N*T*Cbrcm,bcm4335a0;of:N*T*Cbrcm,bcm4335a0C*;of:N*T*Ccypress,cyw4373a0-bt;of:N*T*Ccypress,cyw4373a0-btC*;of:N*T*Cinfineon,cyw55572-bt;of:N*T*Cinfineon,cyw55572-btC*;of:N*T*Cqcom,qca6174-bt;of:N*T*Cqcom,qca6174-btC*;of:N*T*Cqcom,qca6390-bt;of:N*T*Cqcom,qca6390-btC*;of:N*T*Cqcom,qca9377-bt;of:N*T*Cqcom,qca9377-btC*;of:N*T*Cqcom,wcn3990-bt;of:N*T*Cqcom,wcn3990-btC*;of:N*T*Cqcom,wcn3991-bt;of:N*T*Cqcom,wcn3991-btC*;of:N*T*Cqcom,wcn3998-bt;of:N*T*Cqcom,wcn3998-btC*;of:N*T*Cqcom,wcn6750-bt;of:N*T*Cqcom,wcn6750-btC*",,GPL,Bluetooth HCI UART driver ver 2.3,AC2F24F234E886A5323E887,,AArch64,167,4,yes
system_dlkm,hidp.ko,system_dlkm/lib/modules/hidp.ko,7602f04ae2d5912093d2f5f82163af7e95bdd5c6cfa811ef41bbf424e8743952,126825,hidp,6.1.115-android14-11-g6b18f0b574ab-ab12901745 SMP preempt mod_unload modversions aarch64,bluetooth,bt-proto-6,,GPL,Bluetooth HIDP ver 1.2,D6E1B785364CC2597761FD7,,AArch64,105,1,yes
system_dlkm,ieee802154.ko,system_dlkm/lib/modules/ieee802154.ko,44eccbec74f4b4f59ad3090811ee9b71eb5efac5a0cbbe0a17505c7315c7afb4,281681,ieee802154,6.1.115-android14-11-g6b18f0b574ab-ab12901745 SMP preempt mod_unload modversions aarch64,,,,GPL v2,IEEE 802.15.4 configuration interface,,,AArch64,85,11,yes
system_dlkm,ieee802154_6lowpan.ko,system_dlkm/lib/modules/ieee802154_6lowpan.ko,3056549e758fbdba8dd98b64c4d64e7e493c3e6836600f704ef53d1805a2b61a,64329,ieee802154_6lowpan,6.1.115-android14-11-g6b18f0b574ab-ab12901745 SMP preempt mod_unload modversions aarch64,"6lowpan,ieee802154",rtnl-link-lowpan,,GPL,,,,AArch64,63,0,yes
system_dlkm,ieee802154_socket.ko,system_dlkm/lib/modules/ieee802154_socket.ko,01b3782bb6c99b1b8e0a032a743ef497e0d313c634aff7b4828e0622ee3dd3b8,74545,ieee802154_socket,6.1.115-android14-11-g6b18f0b574ab-ab12901745 SMP preempt mod_unload modversions aarch64,ieee802154,net-pf-36,,GPL,,,,AArch64,75,0,yes
system_dlkm,kheaders.ko,system_dlkm/lib/modules/kheaders.ko,ff6e8d15fe67d201cc83273adfa7590cbaddb7c6a4d4768d37c50bde8c637d72,4013857,kheaders,6.1.115-android14-11-g6b18f0b574ab-ab12901745 SMP preempt mod_unload modversions aarch64,,,,GPL v2,Echo the kernel header artifacts used to build the kernel,,,AArch64,4,0,yes
system_dlkm,l2tp_core.ko,system_dlkm/lib/modules/l2tp_core.ko,26ad313b4497c36ce9775a3d3fde6b9ba40e3afe52aa68f7532dd08d5cdb2118,149681,l2tp_core,6.1.115-android14-11-g6b18f0b574ab-ab12901745 SMP preempt mod_unload modversions aarch64,,,,GPL,L2TP core,B94C74C337A77EE21F8F6EE,,AArch64,79,21,yes
system_dlkm,l2tp_ppp.ko,system_dlkm/lib/modules/l2tp_ppp.ko,db5951e264dbb289c66d1acd52a486609c03fc066b7dd9c721e64dc28dae5d19,111369,l2tp_ppp,6.1.115-android14-11-g6b18f0b574ab-ab12901745 SMP preempt mod_unload modversions aarch64,"pppox,l2tp_core,ppp_generic",net-pf-24-proto-1;net-l2tp-type-7,,GPL,PPP over L2TP over UDP,5D1BBDC7DB1D54FF8CEBE1E,,AArch64,81,0,yes
system_dlkm,libarc4.ko,system_dlkm/lib/modules/libarc4.ko,c2e2913908ee919dae1009aa1f483ced08fb8e1b85d64d34c58d2dd64b0f2a7f,11009,libarc4,6.1.115-android14-11-g6b18f0b574ab-ab12901745 SMP preempt mod_unload modversions aarch64,,,,GPL,,,,AArch64,0,2,yes
system_dlkm,mac802154.ko,system_dlkm/lib/modules/mac802154.ko,7300dce02e58e68ccf5134ba32a8fde0f3a650cc0e2e528be0c57f75e090edb0,240209,mac802154,6.1.115-android14-11-g6b18f0b574ab-ab12901745 SMP preempt mod_unload modversions aarch64,ieee802154,,,GPL v2,IEEE 802.15.4 subsystem,,,AArch64,107,11,yes
system_dlkm,mii.ko,system_dlkm/lib/modules/mii.ko,2869b6e3917b17d6b30ff7a83ec9fe27fed4d1ede3c7ba79c3ae0fb37bb4af91,30657,mii,6.1.115-android14-11-g6b18f0b574ab-ab12901745 SMP preempt mod_unload modversions aarch64,,,,GPL,MII hardware support library,,,AArch64,6,10,yes
system_dlkm,nfc.ko,system_dlkm/lib/modules/nfc.ko,959cebf1f02c7b60812054ec7065d48ff4641f27f7cdf22d8e63d96ea44a8f83,236201,nfc,6.1.115-android14-11-g6b18f0b574ab-ab12901745 SMP preempt mod_unload modversions aarch64,rfkill,net-pf-39;net-pf-16-proto-16-family-nfc,,GPL,NFC Core ver 0.1,CE8B4B0070127F0E7B892E4,,AArch64,128,25,yes
system_dlkm,nhc_dest.ko,system_dlkm/lib/modules/nhc_dest.ko,b86dcf5ba3236222a9e38af07d9b3122ba27ea68675ddda5708b6025142d0984,12145,nhc_dest,6.1.115-android14-11-g6b18f0b574ab-ab12901745 SMP preempt mod_unload modversions aarch64,6lowpan,,,GPL,6LoWPAN next header RFC6282 Destination Options compression,,,AArch64,2,0,yes
system_dlkm,nhc_fragment.ko,system_dlkm/lib/modules/nhc_fragment.ko,7046aacd2312db0030f6edc5b25aafe5f81af4243533d057959aedd4cd2be7ab,12089,nhc_fragment,6.1.115-android14-11-g6b18f0b574ab-ab12901745 SMP preempt mod_unload modversions aarch64,6lowpan,,,GPL,6LoWPAN next header RFC6282 Fragment compression,,,AArch64,2,0,yes
system_dlkm,nhc_hop.ko,system_dlkm/lib/modules/nhc_hop.ko,78a2f3898fb4c1cd77170e73d87d1513906cf49abe74b232cf5e17dab7925246,12145,nhc_hop,6.1.115-android14-11-g6b18f0b574ab-ab12901745 SMP preempt mod_unload modversions aarch64,6lowpan,,,GPL,6LoWPAN next header RFC6282 Hop-by-Hop Options compression,,,AArch64,2,0,yes
system_dlkm,nhc_ipv6.ko,system_dlkm/lib/modules/nhc_ipv6.ko,65bf62784bed15cd215c0356650481e48883fea80fc2b8bf19fba4fc319a23cb,12081,nhc_ipv6,6.1.115-android14-11-g6b18f0b574ab-ab12901745 SMP preempt mod_unload modversions aarch64,6lowpan,,,GPL,6LoWPAN next header RFC6282 IPv6 compression,,,AArch64,2,0,yes
system_dlkm,nhc_mobility.ko,system_dlkm/lib/modules/nhc_mobility.ko,3b22b2d57ac875f35d99e20879a6f9905fbf394089034d3b68a7606385e61af1,12089,nhc_mobility,6.1.115-android14-11-g6b18f0b574ab-ab12901745 SMP preempt mod_unload modversions aarch64,6lowpan,,,GPL,6LoWPAN next header RFC6282 Mobility compression,,,AArch64,2,0,yes
system_dlkm,nhc_routing.ko,system_dlkm/lib/modules/nhc_routing.ko,1a516a7dec9521b251cd29e7563522f288ad2da400662b19a47d4208676ecccc,12081,nhc_routing,6.1.115-android14-11-g6b18f0b574ab-ab12901745 SMP preempt mod_unload modversions aarch64,6lowpan,,,GPL,6LoWPAN next header RFC6282 Routing compression,,,AArch64,2,0,yes
system_dlkm,nhc_udp.ko,system_dlkm/lib/modules/nhc_udp.ko,92099fd393be7a26590121dd41bde85a9c7cf93bafa6b06d0a78050e28a93497,15505,nhc_udp,6.1.115-android14-11-g6b18f0b574ab-ab12901745 SMP preempt mod_unload modversions aarch64,6lowpan,,,GPL,6LoWPAN next header RFC6282 UDP compression,,,AArch64,6,0,yes
system_dlkm,ppp_deflate.ko,system_dlkm/lib/modules/ppp_deflate.ko,8526cf64a800c9c7a7cf960a88cd5b934e0e01320301cd90f9f57e037fbd838c,22537,ppp_deflate,6.1.115-android14-11-g6b18f0b574ab-ab12901745 SMP preempt mod_unload modversions aarch64,ppp_generic,ppp-compress-26;ppp-compress-24,,Dual BSD/GPL,,,,AArch64,19,0,yes
system_dlkm,ppp_generic.ko,system_dlkm/lib/modules/ppp_generic.ko,bd8ca23d52b6b0be01a269c7038f5ca9be7cf96939cab97bf15593ec7b27f6b5,157129,ppp_generic,6.1.115-android14-11-g6b18f0b574ab-ab12901745 SMP preempt mod_unload modversions aarch64,slhc,char-major-108-0;rtnl-link-ppp;devname:ppp,,GPL,,,,AArch64,111,11,yes
system_dlkm,ppp_mppe.ko,system_dlkm/lib/modules/ppp_mppe.ko,78c3a4aa75ddc6f79d6c1d98d5ad1eb64d3555f28e4ef37704a1d51f6a0d19f9,24905,ppp_mppe,6.1.115-android14-11-g6b18f0b574ab-ab12901745 SMP preempt mod_unload modversions aarch64,"ppp_generic,libarc4",ppp-compress-18,,Dual BSD/GPL,Point-to-Point Protocol Microsoft Point-to-Point Encryption support,65C81D3810F749C11EA8A6C,,AArch64,17,0,yes
system_dlkm,pppox.ko,system_dlkm/lib/modules/pppox.ko,41ccfd77c9ed5877b976ba432f29b9f005005792c05269a7260e341131a45def,64081,pppox,6.1.115-android14-11-g6b18f0b574ab-ab12901745 SMP preempt mod_unload modversions aarch64,ppp_generic,net-pf-24,,GPL,PPP over Ethernet driver (generic socket layer),,,AArch64,12,5,yes
system_dlkm,pptp.ko,system_dlkm/lib/modules/pptp.ko,b4e53427fa2a888a7fe8876bc057aba3d94672827c91c65b984ee4ead27703c5,66857,pptp,6.1.115-android14-11-g6b18f0b574ab-ab12901745 SMP preempt mod_unload modversions aarch64,"pppox,ppp_generic",net-pf-24-proto-2,,GPL,Point-to-Point Tunneling Protocol,,,AArch64,58,0,yes
system_dlkm,r8152.ko,system_dlkm/lib/modules/r8152.ko,be99ac4480fc568fbbdda6e9c7237fb9234326c21069c9e46cf5a3c57348eb88,255017,r8152,6.1.115-android14-11-g6b18f0b574ab-ab12901745 SMP preempt mod_unload modversions aarch64,mii,usb:v0BDAp8050d*dc*dsc*dp*ic*isc*ip*in*;usb:v0BDAp8053d*dc*dsc*dp*ic*isc*ip*in*;usb:v0BDAp8152d*dc*dsc*dp*ic*isc*ip*in*;usb:v0BDAp8153d*dc*dsc*dp*ic*isc*ip*in*;usb:v0BDAp8155d*dc*dsc*dp*ic*isc*ip*in*;usb:v0BDAp8156d*dc*dsc*dp*ic*isc*ip*in*;usb:v045Ep07ABd*dc*dsc*dp*ic*isc*ip*in*;usb:v045Ep07C6d*dc*dsc*dp*ic*isc*ip*in*;usb:v045Ep0927d*dc*dsc*dp*ic*isc*ip*in*;usb:v045Ep0C5Ed*dc*dsc*dp*ic*isc*ip*in*;usb:v04E8pA101d*dc*dsc*dp*ic*isc*ip*in*;usb:v17EFp304Fd*dc*dsc*dp*ic*isc*ip*in*;usb:v17EFp3054d*dc*dsc*dp*ic*isc*ip*in*;usb:v17EFp3062d*dc*dsc*dp*ic*isc*ip*in*;usb:v17EFp3069d*dc*dsc*dp*ic*isc*ip*in*;usb:v17EFp3082d*dc*dsc*dp*ic*isc*ip*in*;usb:v17EFp7205d*dc*dsc*dp*ic*isc*ip*in*;usb:v17EFp720Cd*dc*dsc*dp*ic*isc*ip*in*;usb:v17EFp7214d*dc*dsc*dp*ic*isc*ip*in*;usb:v17EFp721Ed*dc*dsc*dp*ic*isc*ip*in*;usb:v17EFpA387d*dc*dsc*dp*ic*isc*ip*in*;usb:v13B1p0041d*dc*dsc*dp*ic*isc*ip*in*;usb:v0955p09FFd*dc*dsc*dp*ic*isc*ip*in*;usb:v2357p0601d*dc*dsc*dp*ic*isc*ip*in*;usb:v2001pB301d*dc*dsc*dp*ic*isc*ip*in*;usb:v0B05p1976d*dc*dsc*dp*ic*isc*ip*in*,,GPL,Realtek RTL8152/RTL8153 Based USB Ethernet Adapters,9EF6AAF8105B570844E28AB,,AArch64,127,1,yes
system_dlkm,r8153_ecm.ko,system_dlkm/lib/modules/r8153_ecm.ko,bc37930c954d5845e6ba27e9d2b594735594bcdb69bc73875b536434b3c08006,47833,r8153_ecm,6.1.115-android14-11-g6b18f0b574ab-ab12901745 SMP preempt mod_unload modversions aarch64,"cdc_ether,usbnet,r8152",usb:v0BDAp8153d*dc*dsc*dp*ic02isc06ip00in*;usb:v17EFp721Ed*dc*dsc*dp*ic02isc06ip00in*,,GPL,Realtek USB ECM device,,,AArch64,14,0,yes
system_dlkm,rfcomm.ko,system_dlkm/lib/modules/rfcomm.ko,d4dcba7d9878ee4656f4b2e1c9563b154951fecaff658f8d6b2a34953ff81779,237833,rfcomm,6.1.115-android14-11-g6b18f0b574ab-ab12901745 SMP preempt mod_unload modversions aarch64,bluetooth,bt-proto-3,,GPL,Bluetooth RFCOMM ver 1.11,8A21C5E6DFE200039028E89,,AArch64,140,0,yes
system_dlkm,rfkill.ko,system_dlkm/lib/modules/rfkill.ko,26a5f7b50bc4a2e85d84584ace88b97a94b7d4c16c47a758d9b6a7b624a8a925,63817,rfkill,6.1.115-android14-11-g6b18f0b574ab-ab12901745 SMP preempt mod_unload modversions aarch64,,char-major-10-242;devname:rfkill,,GPL,RF switch support,,,AArch64,57,15,yes
system_dlkm,rtl8150.ko,system_dlkm/lib/modules/rtl8150.ko,9c44279a617b00038cc06869abae298a3f5af20a65f554431b6b19f6330ebf42,68153,rtl8150,6.1.115-android14-11-g6b18f0b574ab-ab12901745 SMP preempt mod_unload modversions aarch64,,usb:v0BDAp8150d*dc*dsc*dp*ic*isc*ip*in*;usb:v0411p0012d*dc*dsc*dp*ic*isc*ip*in*;usb:v3980p0003d*dc*dsc*dp*ic*isc*ip*in*;usb:v07B8p401Ad*dc*dsc*dp*ic*isc*ip*in*;usb:v1557p8150d*dc*dsc*dp*ic*isc*ip*in*;usb:v0586p401Ad*dc*dsc*dp*ic*isc*ip*in*,,GPL,rtl8150 based usb-ethernet driver,,,AArch64,50,0,yes
system_dlkm,slcan.ko,system_dlkm/lib/modules/slcan.ko,f6cc18e8f4070b49bb7d5a09e86234a921d3a8e078e9afb171c803f47b308c93,79425,slcan,6.1.115-android14-11-g6b18f0b574ab-ab12901745 SMP preempt mod_unload modversions aarch64,can-dev,tty-ldisc-17,,GPL,serial line CAN interface,,,AArch64,54,0,yes
system_dlkm,slhc.ko,system_dlkm/lib/modules/slhc.ko,52d32ecc1033e3458a0dfcca07353a8540a01667ac89648b60da218d63e17520,20649,slhc,6.1.115-android14-11-g6b18f0b574ab-ab12901745 SMP preempt mod_unload modversions aarch64,,,,Dual BSD/GPL,,,,AArch64,10,6,yes
system_dlkm,tipc.ko,system_dlkm/lib/modules/tipc.ko,bf1313d489288a3df2ff5fcf6570a817270911a50ef6be6fb4cc72b27c75ea7e,839761,tipc,6.1.115-android14-11-g6b18f0b574ab-ab12901745 SMP preempt mod_unload modversions aarch64,,,,Dual BSD/GPL,TIPC: Transparent Inter Process Communication,9E0E8F905E8471A1C38DDC9,,AArch64,249,4,yes
system_dlkm,usbnet.ko,system_dlkm/lib/modules/usbnet.ko,767ad56f225051b1081800f02d5b98adc6f1c4c3bb29416742f95c2d07c8724c,116377,usbnet,6.1.115-android14-11-g6b18f0b574ab-ab12901745 SMP preempt mod_unload modversions aarch64,mii,,,GPL,USB network driver framework,,,AArch64,97,37,yes
system_dlkm,usbserial.ko,system_dlkm/lib/modules/usbserial.ko,1bb1b4d9e911be31afb66f5633cb60e3ea15629de08cf37cb2f35670c5b2ebbb,88657,usbserial,6.1.115-android14-11-g6b18f0b574ab-ab12901745 SMP preempt mod_unload modversions aarch64,,,,GPL v2,USB Serial Driver core,,,AArch64,106,22,yes
system_dlkm,vcan.ko,system_dlkm/lib/modules/vcan.ko,3c060dcd5fa72e555ee04c19b96bb7eb0ecb626b28e7bba6eb6e3e7f306fb415,61369,vcan,6.1.115-android14-11-g6b18f0b574ab-ab12901745 SMP preempt mod_unload modversions aarch64,can-dev,rtnl-link-vcan,,Dual BSD/GPL,virtual CAN interface,,,AArch64,15,0,yes
system_dlkm,wwan.ko,system_dlkm/lib/modules/wwan.ko,091a62dbda1dec46d4f818cccde053a34942559bbaed8397d7f266a47554e97c,100225,wwan,6.1.115-android14-11-g6b18f0b574ab-ab12901745 SMP preempt mod_unload modversions aarch64,,,,GPL v2,WWAN core,,,AArch64,75,8,yes
system_dlkm,zram.ko,system_dlkm/lib/modules/zram.ko,a7d47e7475bc42fe25b6684386909c3948c8783029e83a3bc186cacab022f9c5,62065,zram,6.1.115-android14-11-g6b18f0b574ab-ab12901745 SMP preempt mod_unload modversions aarch64,zsmalloc,,,Dual BSD/GPL,Compressed RAM Block Device,,,AArch64,92,0,yes
system_dlkm,zsmalloc.ko,system_dlkm/lib/modules/zsmalloc.ko,5ed7c81da9e2fcb9db0c591d36c97fb4a7c59dbbb42c8b14e1fe725590ed56a1,52969,zsmalloc,6.1.115-android14-11-g6b18f0b574ab-ab12901745 SMP preempt mod_unload modversions aarch64,,,,Dual BSD/GPL,,,,AArch64,42,10,yes
vendor_dlkm,apu_top.ko,vendor_dlkm/lib/modules/apu_top.ko,260d2bba5e481bae3228398aa85018c14b09dda795962b379a772daa05758469,538192,apu_top,6.1.115-android14-11-g945dff7bc1bf SMP preempt mod_unload modversions aarch64,aee_aed,"of:N*T*Cmtk68xx,apurpc;of:N*T*Cmtk68xx,apurpcC*;of:N*T*Cmediatek,apusys_power;of:N*T*Cmediatek,apusys_powerC*;of:N*T*Cmtk6873,apucore;of:N*T*Cmtk6873,apucoreC*;of:N*T*Cmtk6853,apucore;of:N*T*Cmtk6853,apucoreC*;of:N*T*Cmtk688x,apucore;of:N*T*Cmtk688x,apucoreC*;of:N*T*Cmtk6873,apucon;of:N*T*Cmtk6873,apuconC*;of:N*T*Cmtk6853,apucon;of:N*T*Cmtk6853,apuconC*;of:N*T*Cmtk688x,apucon;of:N*T*Cmtk688x,apuconC*;of:N*T*Cmtk68x3,apuvpu;of:N*T*Cmtk68x3,apuvpuC*;of:N*T*Cmtk68x3,apuvpu0;of:N*T*Cmtk68x3,apuvpu0C*;of:N*T*Cmtk68x3,apuvpu1;of:N*T*Cmtk68x3,apuvpu1C*;of:N*T*Cmtk688x,apuvpu0;of:N*T*Cmtk688x,apuvpu0C*;of:N*T*Cmtk688x,apuvpu1;of:N*T*Cmtk688x,apuvpu1C*;of:N*T*Cmtk688x,apuvpu2;of:N*T*Cmtk688x,apuvpu2C*;of:N*T*Cmtk6873,apumdla;of:N*T*Cmtk6873,apumdlaC*;of:N*T*Cmtk6873,apumdla0;of:N*T*Cmtk6873,apumdla0C*;of:N*T*Cmtk688x,apumdla;of:N*T*Cmtk688x,apumdlaC*;of:N*T*Cmtk688x,apumdla0;of:N*T*Cmtk688x,apumdla0C*;of:N*T*Cmtk688x,apumdla1;of:N*T*Cmtk688x,apumdla1C*;of:N*T*Cmediatek,apusys_cb;of:N*T*Cmediatek,apusys_cbC*;of:N*T*Cmtk688x,apuiommu;of:N*T*Cmtk688x,apuiommuC*",,GPL,,,,AArch64,179,21,yes
vendor_dlkm,apusys.ko,vendor_dlkm/lib/modules/apusys.ko,d74f1d4bddef24cea1cbeb36aba906632f3dbede51e8e3957287b7c35d78d8b6,2465176,apusys,6.1.115-android14-11-g945dff7bc1bf SMP preempt mod_unload modversions aarch64,"apu_top,aee_aed,mtk_slbc,mtk_qos,mtk_peak_power_budget,mrdump,iommu_debug","of:N*T*Cmtk,edma;of:N*T*Cmtk,edmaC*;of:N*T*Cmtk,edma-sub;of:N*T*Cmtk,edma-subC*;of:N*T*Cmtk,edma-sub-v20;of:N*T*Cmtk,edma-sub-v20C*;of:N*T*Cmtk,edma-sub-v30;of:N*T*Cmtk,edma-sub-v30C*;of:N*T*Cmediatek,_mt6893-reviser;of:N*T*Cmediatek,_mt6893-reviserC*;of:N*T*Cmediatek,_mt6885-reviser;of:N*T*Cmediatek,_mt6885-reviserC*;of:N*T*Cmediatek,_mt6873-reviser;of:N*T*Cmediatek,_mt6873-reviserC*;of:N*T*Cmediatek,_mt6853-reviser;of:N*T*Cmediatek,_mt6853-reviserC*;of:N*T*Cmediatek,_rv-reviser-mt6886;of:N*T*Cmediatek,_rv-reviser-mt6886C*;of:N*T*Cmediatek,_rv-reviser;of:N*T*Cmediatek,_rv-reviserC*;of:N*T*Cmediatek,rv-apummu;of:N*T*Cmediatek,rv-apummuC*;of:N*T*Cmediatek,rv-apummu-mt6989;of:N*T*Cmediatek,rv-apummu-mt6989C*;of:N*T*Cmediatek,rv-apummu-mt6878;of:N*T*Cmediatek,rv-apummu-mt6878C*;of:N*T*Cmediatek,mt6853-mnoc;of:N*T*Cmediatek,mt6853-mnocC*;of:N*T*Cmediatek,mt6873-mnoc;of:N*T*Cmediatek,mt6873-mnocC*;of:N*T*Cmediatek,mt6885-mnoc;of:N*T*Cmediatek,mt6885-mnocC*;of:N*T*Cmediatek,mt6893-mnoc;of:N*T*Cmediatek,mt6893-mnocC*;of:N*T*Cmediatek,mt6853-debug;of:N*T*Cmediatek,mt6853-debugC*;of:N*T*Cmediatek,mt6873-debug;of:N*T*Cmediatek,mt6873-debugC*;of:N*T*Cmediatek,mt6885-debug;of:N*T*Cmediatek,mt6885-debugC*;of:N*T*Cmediatek,_mt6779-mdla;of:N*T*Cmediatek,_mt6779-mdlaC*;of:N*T*Cmediatek,_mt6873-mdla;of:N*T*Cmediatek,_mt6873-mdlaC*;of:N*T*Cmediatek,_mt6885-mdla;of:N*T*Cmediatek,_mt6885-mdlaC*;of:N*T*Cmediatek,_mt6893-mdla;of:N*T*Cmediatek,_mt6893-mdlaC*;of:N*T*Cmediatek,_mt6877-mdla;of:N*T*Cmediatek,_mt6877-mdlaC*;of:N*T*Cmediatek,_mt8195-mdla;of:N*T*Cmediatek,_mt8195-mdlaC*;of:N*T*Cmediatek,_mdla-rv;of:N*T*Cmediatek,_mdla-rvC*;of:N*T*Cmediatek,mt6885-vpu_core;of:N*T*Cmediatek,mt6885-vpu_coreC*;of:N*T*Cmediatek,mt6873-vpu_core;of:N*T*Cmediatek,mt6873-vpu_coreC*;of:N*T*Cmediatek,mt6853-vpu_core;of:N*T*Cmediatek,mt6853-vpu_coreC*;of:N*T*Cmediatek,mt6893-vpu_core;of:N*T*Cmediatek,mt6893-vpu_coreC*;of:N*T*Cmediatek,mt6785-vpu_core;of:N*T*Cmediatek,mt6785-vpu_coreC*;of:N*T*Cmediatek,mt6779-vpu_core;of:N*T*Cmediatek,mt6779-vpu_coreC*;of:N*T*Cmediatek,mt8188-vpu_core;of:N*T*Cmediatek,mt8188-vpu_coreC*;of:N*T*Cmediatek,mt6885-apusys_devapc;of:N*T*Cmediatek,mt6885-apusys_devapcC*;of:N*T*Cmediatek,mt6873-apusys_devapc;of:N*T*Cmediatek,mt6873-apusys_devapcC*;of:N*T*Cmediatek,mt6853-apusys_devapc;of:N*T*Cmediatek,mt6853-apusys_devapcC*;of:N*T*Cmediatek,mt6893-apusys_devapc;of:N*T*Cmediatek,mt6893-apusys_devapcC*;of:N*T*Cmediatek,apusys_sw_logger;of:N*T*Cmediatek,apusys_sw_loggerC*;of:N*T*Cmediatek,_mt6983-mvpu;of:N*T*Cmediatek,_mt6983-mvpuC*;of:N*T*Cmediatek,_mt8139-mvpu;of:N*T*Cmediatek,_mt8139-mvpuC*;of:N*T*Cmediatek,_mt6879-mvpu;of:N*T*Cmediatek,_mt6879-mvpuC*;of:N*T*Cmediatek,_mt6895-mvpu;of:N*T*Cmediatek,_mt6895-mvpuC*;of:N*T*Cmediatek,_mt6985-mvpu;of:N*T*Cmediatek,_mt6985-mvpuC*;of:N*T*Cmediatek,_mt6886-mvpu;of:N*T*Cmediatek,_mt6886-mvpuC*;of:N*T*Cmediatek,_mt6897-mvpu;of:N*T*Cmediatek,_mt6897-mvpuC*;of:N*T*Cmediatek,_mt6989-mvpu;of:N*T*Cmediatek,_mt6989-mvpuC*;of:N*T*Cmediatek,apusys-aov-smmu-device;of:N*T*Cmediatek,apusys-aov-smmu-deviceC*;of:N*T*Cmediatek,secure-apu-smmu-device;of:N*T*Cmediatek,secure-apu-smmu-deviceC*",,GPL;GPL v2,MTK APUSys Driver;MediaTek apu rpmsg driver,,,AArch64,374,11,yes
vendor_dlkm,atf_logger.ko,vendor_dlkm/lib/modules/atf_logger.ko,a1a79b9734c93584d219c8ebb09319e440315e373bbc473dd0ba03ee08b1b48f,56864,atf_logger,6.1.115-android14-11-g945dff7bc1bf SMP preempt mod_unload modversions aarch64,,,,GPL,MEDIATEK Module ATF Logging Driver,,,AArch64,37,0,yes
vendor_dlkm,audio_ipi.ko,vendor_dlkm/lib/modules/audio_ipi.ko,80533a946fbf75109888bf47a3e0ac6a575fdcf06a425fa4b783faad57679f5a,200864,audio_ipi,6.1.115-android14-11-g945dff7bc1bf SMP preempt mod_unload modversions aarch64,"adsp,scp,mtk-scp-audiocommon",,pre: adsp-v2,GPL,MTK AUDIO IPI Device Driver,,,AArch64,64,9,yes
vendor_dlkm,aw36515.ko,vendor_dlkm/lib/modules/aw36515.ko,85e5a860bc0ebae9c26e401ae333928ab8da9569b3892040da4f858cf6f643e8,34768,aw36515,6.1.115-android14-11-g945dff7bc1bf SMP preempt mod_unload modversions aarch64,flashlight,"i2c:aw36515;of:N*T*Cmediatek,aw36515;of:N*T*Cmediatek,aw36515C*",,GPL,Awinic AW36515 LED flash driver,,,AArch64,46,0,yes
vendor_dlkm,aw36518.ko,vendor_dlkm/lib/modules/aw36518.ko,7dcf64a7d25c657d1a0795cc89ad519c954561c6c757949c247d623f16976247,43128,aw36518,6.1.115-android14-11-g945dff7bc1bf SMP preempt mod_unload modversions aarch64,"yft_devinfo,flashlight","i2c:aw36518;of:N*T*Cmediatek,aw36518;of:N*T*Cmediatek,aw36518C*",,GPL,Awinic AW36518 LED flash driver,,,AArch64,46,0,yes
vendor_dlkm,aw36518_v2.ko,vendor_dlkm/lib/modules/aw36518_v2.ko,c7faa3ba4d8f14e4d24087f1dbd9f7c7c492e384214d571def17fb087de1458e,43168,aw36518_v2,6.1.115-android14-11-g945dff7bc1bf SMP preempt mod_unload modversions aarch64,flashlight,"i2c:aw36518_v2;of:N*T*Cmediatek,aw36518_v2;of:N*T*Cmediatek,aw36518_v2C*",,GPL,Awinic AW36518_V2 LED flash driver,,,AArch64,45,0,yes
vendor_dlkm,aw883xx_driver.ko,vendor_dlkm/lib/modules/aw883xx_driver.ko,3bc4722c6550abb9cfd75d06602c2a1bff8d0b6af58708324479ef6a0d22c9b4,331808,aw883xx_driver,6.1.115-android14-11-g945dff7bc1bf SMP preempt mod_unload modversions aarch64,,,,GPL v2,ASoC AW883XX Smart PA Driver,,,AArch64,73,2,yes
vendor_dlkm,backlight_cooling.ko,vendor_dlkm/lib/modules/backlight_cooling.ko,aea51b40f7d041c0057674ac18bb46358f8063138482def632268a394a710338,16232,backlight_cooling,6.1.115-android14-11-g945dff7bc1bf SMP preempt mod_unload modversions aarch64,leds-mtk,"of:N*T*Cmediatek,backlight-cooler;of:N*T*Cmediatek,backlight-coolerC*",,GPL v2,Mediatek backlight cooling driver,,,AArch64,11,0,yes
vendor_dlkm,bluetooth.ko,vendor_dlkm/lib/modules/bluetooth.ko,2df021ea9d5b0563ad21029a8cab1ba43d392b12af460ff3f0f7c36372b282fa,1403632,bluetooth,6.1.115-android14-11-g945dff7bc1bf SMP preempt mod_unload modversions aarch64,rfkill,net-pf-31,,GPL,Bluetooth Core ver 2.22,9E17CAE916EF8C636C6E105,,AArch64,218,72,yes
vendor_dlkm,board_temp.ko,vendor_dlkm/lib/modules/board_temp.ko,a5794f7e131f5ed5480ce8ede94c962e0de6b2212a83e3bbbc820d552dfd54de,18944,board_temp,6.1.115-android14-11-g945dff7bc1bf SMP preempt mod_unload modversions aarch64,,"of:N*T*Cmediatek,mt6685-tia-ntc;of:N*T*Cmediatek,mt6685-tia-ntcC*",,GPL v2,Mediatek on board NTC driver via TIA HW,,,AArch64,14,0,yes
vendor_dlkm,bt_drv_6878.ko,vendor_dlkm/lib/modules/bt_drv_6878.ko,4e6acf9af2959cd4f81695edc1e1ec10b26b808b2e47b92ef32aab1d9d0e68e3,523512,bt_drv_6878,6.1.115-android14-11-g945dff7bc1bf SMP preempt mod_unload modversions aarch64,"conninfra,bluetooth,connadp,mtk_disp_notify,connfem",,,Dual BSD/GPL;GPL,Mediatek Bluetooth Driver,2420E1C5069124661AF298D,,AArch64,186,1,yes
vendor_dlkm,c2k_usb.ko,vendor_dlkm/lib/modules/c2k_usb.ko,469355a7943e2dbf5becc8ed6d4c5b82a9448ba88f33516de2ad8bf30b4ba097,95040,c2k_usb,6.1.115-android14-11-g945dff7bc1bf SMP preempt mod_unload modversions aarch64,ccci_md_all,,,GPL;GPL,Rawbulk Gadget - transport data from CP to Gadget;Rawbulk Driver - perform bypass for QingCheng,C82E7C38185DEC65EE75D15,,AArch64,60,16,yes
vendor_dlkm,c2k_usb_f_via_atc.ko,vendor_dlkm/lib/modules/c2k_usb_f_via_atc.ko,a5ca9b26e12ecc2f816823125a2917cdafc2e51a4f7bf357e8107e5129d374fe,11408,c2k_usb_f_via_atc,6.1.115-android14-11-g945dff7bc1bf SMP preempt mod_unload modversions aarch64,c2k_usb,usbfunc:via_atc,,GPL,,,,AArch64,4,0,yes
vendor_dlkm,c2k_usb_f_via_ets.ko,vendor_dlkm/lib/modules/c2k_usb_f_via_ets.ko,8f2db4f2bc2cf445cd37996d5de090d52eb7d3ec20a7150dcaf40503050a31c2,11408,c2k_usb_f_via_ets,6.1.115-android14-11-g945dff7bc1bf SMP preempt mod_unload modversions aarch64,c2k_usb,usbfunc:via_ets,,GPL,,,,AArch64,4,0,yes
vendor_dlkm,c2k_usb_f_via_modem.ko,vendor_dlkm/lib/modules/c2k_usb_f_via_modem.ko,2cf75f2a97afa14aa259095b52cd126a96faabd869eb908c13124ac1a2ccd2e0,11472,c2k_usb_f_via_modem,6.1.115-android14-11-g945dff7bc1bf SMP preempt mod_unload modversions aarch64,c2k_usb,usbfunc:via_modem,,GPL,,,,AArch64,4,0,yes
vendor_dlkm,c2ps_perf_ioctl.ko,vendor_dlkm/lib/modules/c2ps_perf_ioctl.ko,bc99873254826f5370b211b69e19a4b454ba9808a894ae20dc921ae28444632f,22192,c2ps_perf_ioctl,6.1.115-android14-11-g945dff7bc1bf SMP preempt mod_unload modversions aarch64,,,,GPL,MediaTek C2PS c2ps_perf_ioctl,,,AArch64,13,10,yes
vendor_dlkm,camera_af_media.ko,vendor_dlkm/lib/modules/camera_af_media.ko,a87b6538b92c13af5c400f7df41b6f47d1cd2a52fbeff199b13e8e562b0d51a6,20416,camera_af_media,6.1.115-android14-11-g945dff7bc1bf SMP preempt mod_unload modversions aarch64,,"of:N*T*Cmediatek,mtk_composite_v4l2_2;of:N*T*Cmediatek,mtk_composite_v4l2_2C*",,GPL,MTK V4L2 Composite Driver,,,AArch64,22,0,yes
vendor_dlkm,camera_dpe_isp7sp.ko,vendor_dlkm/lib/modules/camera_dpe_isp7sp.ko,78f0a5f0a15acc2669ea9b0432e1342f8c79bc2ee37c9cb6c0b41e931730267e,301232,camera_dpe_isp7sp,6.1.115-android14-11-g945dff7bc1bf SMP preempt mod_unload modversions aarch64,"mtk-cmdq-drv-ext,mtk-mmdvfs-v3",,,GPL;GPL;GPL,Stand Alone Engine Request;Camera DPE driver;DMA-contig memory handling routines for videobuf2,,,AArch64,121,11,yes
vendor_dlkm,camera_eeprom_v4l2.ko,vendor_dlkm/lib/modules/camera_eeprom_v4l2.ko,0423196dc09885535bf6673e86cb8998653b164f28fe743a0f0da258118ee10a,194480,camera_eeprom_v4l2,6.1.115-android14-11-g945dff7bc1bf SMP preempt mod_unload modversions aarch64,,"of:N*T*Cmediatek,camera_eeprom;of:N*T*Cmediatek,camera_eepromC*",,GPL v2,camera eeprom driver,,,AArch64,37,0,yes
vendor_dlkm,ccci_auxadc.ko,vendor_dlkm/lib/modules/ccci_auxadc.ko,07cd113e2a67905dde80c39b6f1245286c1a2f607b77a09242eca6c2fbf1e597,17376,ccci_auxadc,6.1.115-android14-11-g945dff7bc1bf SMP preempt mod_unload modversions aarch64,ccci_util_lib,,,GPL,ccci auxadc driver,,,AArch64,8,3,yes
vendor_dlkm,ccci_ccif.ko,vendor_dlkm/lib/modules/ccci_ccif.ko,dc8b9746ad3a742318617c118f1ccc32bb19cb23096f9602101d08aa2df76ebc,114632,ccci_ccif,6.1.115-android14-11-g945dff7bc1bf SMP preempt mod_unload modversions aarch64,"ccci_util_lib,ccci_md_all,irq-dbg",,,GPL,ccci hif ccif driver,,,AArch64,63,0,yes
vendor_dlkm,ccci_dpmaif.ko,vendor_dlkm/lib/modules/ccci_dpmaif.ko,5e6399c7630cae6e5c310a9f6cdac95ea4294918508612e5f8c29f573f00fe49,353288,ccci_dpmaif,6.1.115-android14-11-g945dff7bc1bf SMP preempt mod_unload modversions aarch64,"ccci_util_lib,mtk-dvfsrc,ccmni,ccci_md_all,irq-dbg,mrdump",,,GPL,ccci dpmaif driver,,,AArch64,139,0,yes
vendor_dlkm,ccci_fsm_scp.ko,vendor_dlkm/lib/modules/ccci_fsm_scp.ko,32b8b933529b1db9f83df27089291ecb5891cea313c21a7db014a07d0feccf5f,39520,ccci_fsm_scp,6.1.115-android14-11-g945dff7bc1bf SMP preempt mod_unload modversions aarch64,"ccci_util_lib,ccci_md_all,scp,mtk_tinysys_ipi",,,GPL,ccci scp driver,,,AArch64,41,0,yes
vendor_dlkm,ccci_md_all.ko,vendor_dlkm/lib/modules/ccci_md_all.ko,07a4e26461ed83abc0acded32803e964db88b5a4a594ffca923f9c593fb403e2,907064,ccci_md_all,6.1.115-android14-11-g945dff7bc1bf SMP preempt mod_unload modversions aarch64,"ccci_util_lib,ccmni,ccci_auxadc,mediatek-drm,mtk_slbc,irq-dbg,emi-mpu,smpu,aee_aed,device-apc-common,mtk_mdpm,spmi-mtk-pmif,emi,mtk_pbm,mrdump",,,GPL,CCCI modem driver v0.1,,,AArch64,197,40,yes
vendor_dlkm,ccci_util_lib.ko,vendor_dlkm/lib/modules/ccci_util_lib.ko,bd23d2a5e901fe0698e4809c0a0623184bf506d417cbe41b237bd3225a292ed0,239408,ccci_util_lib,6.1.115-android14-11-g945dff7bc1bf SMP preempt mod_unload modversions aarch64,"aee_aed,mrdump",,,GPL,MTK CCCI UTIL Driver,,,AArch64,73,44,yes
vendor_dlkm,ccd_rpmsg.ko,vendor_dlkm/lib/modules/ccd_rpmsg.ko,87728684e86598e79c2152d1c4c80c9f1e43a9b9360cc0581fe960bf0b88c719,50840,ccd_rpmsg,6.1.115-android14-11-g945dff7bc1bf SMP preempt mod_unload modversions aarch64,,,,GPL v2;GPL v2,MediaTek ccd rpmsg driver;MediaTek ccd IPI interface,,,AArch64,47,13,yes
vendor_dlkm,ccmni.ko,vendor_dlkm/lib/modules/ccmni.ko,2145f1938cfb2f534c685a3abfe112539459d3086dcb8a8836cba4fcddbcf0a1,50328,ccmni,6.1.115-android14-11-g945dff7bc1bf SMP preempt mod_unload modversions aarch64,rps_perf,,,GPL,CCCI ccmni driver v0.1,,,AArch64,64,5,yes
vendor_dlkm,cfg80211.ko,vendor_dlkm/lib/modules/cfg80211.ko,cb214010dffb3975f5330d9c263b955e353f25f69f6a083922f0de326b179851,2071920,cfg80211,6.1.115-android14-11-g945dff7bc1bf SMP preempt mod_unload modversions aarch64,rfkill,net-pf-16-proto-16-family-nl80211,,GPL,wireless configuration support,,,AArch64,194,147,yes
vendor_dlkm,charger_cooling.ko,vendor_dlkm/lib/modules/charger_cooling.ko,6c4e88627123a57684ac5a5fe4648bb2b105140d05f23f2e469db4d1c2060362,22920,charger_cooling,6.1.115-android14-11-g945dff7bc1bf SMP preempt mod_unload modversions aarch64,mtk_charger_framework,"of:N*T*Cmediatek,mt6360-charger-cooler;of:N*T*Cmediatek,mt6360-charger-coolerC*;of:N*T*Cmediatek,mt6375-charger-cooler;of:N*T*Cmediatek,mt6375-charger-coolerC*",,GPL v2,Mediatek charger cooling driver,,,AArch64,22,0,yes
vendor_dlkm,clk-dbg-mt6878.ko,vendor_dlkm/lib/modules/clk-dbg-mt6878.ko,6b87f7104e8d3586dac910f9ef5d35283c125532146b4b9b810bb9e827567a7a,31424,clk_dbg_mt6878,6.1.115-android14-11-g945dff7bc1bf SMP preempt mod_unload modversions aarch64,clk-common,,,GPL,,,,AArch64,5,0,yes
vendor_dlkm,clk-disable-unused.ko,vendor_dlkm/lib/modules/clk-disable-unused.ko,a052e56535bc3441f92a52fadab064dd570e922c3081377f91ae89c89c6c4c9f,15376,clk_disable_unused,6.1.115-android14-11-g945dff7bc1bf SMP preempt mod_unload modversions aarch64,,"of:N*T*Cmediatek,clk-disable-unused;of:N*T*Cmediatek,clk-disable-unusedC*",,GPL,,,,AArch64,17,0,yes
vendor_dlkm,cmdq-sec-drv.ko,vendor_dlkm/lib/modules/cmdq-sec-drv.ko,3ac1eab54f0e9d9455cb3d184bc07edd2fb02924a6db408b2b1db323105e0ae3,97632,cmdq_sec_drv,6.1.115-android14-11-g945dff7bc1bf SMP preempt mod_unload modversions aarch64,"gz_tz_system,mtk-cmdq-drv-ext,mmprofile",,,GPL v2;GPL v2;GPL v2,,,,AArch64,103,21,yes
vendor_dlkm,cmdq-test.ko,vendor_dlkm/lib/modules/cmdq-test.ko,0b89a6428bed00b661f00296ca22cf6a5e69edafbcd4b201fe4b73942902e668,79256,cmdq_test,6.1.115-android14-11-g945dff7bc1bf SMP preempt mod_unload modversions aarch64,"mtk-cmdq-drv-ext,cmdq-sec-drv","of:N*T*Cmediatek,cmdq-test;of:N*T*Cmediatek,cmdq-testC*",,GPL v2,,,,AArch64,113,0,yes
vendor_dlkm,connadp.ko,vendor_dlkm/lib/modules/connadp.ko,84cc83dfbdb43095d3f4090fc734127cc2a71c024518bc8a5d46ed6260871c87,88968,connadp,6.1.115-android14-11-g945dff7bc1bf SMP preempt mod_unload modversions aarch64,mtk_low_battery_throttling,,,GPL,,,,AArch64,49,44,yes
vendor_dlkm,connfem.ko,vendor_dlkm/lib/modules/connfem.ko,6373afa19d09289400c8a1ae3ab8bf1edb1ba354fa92d16003285e4b79771710,206304,connfem,6.1.115-android14-11-g945dff7bc1bf SMP preempt mod_unload modversions aarch64,,,,GPL,Connsys FEM (Front-End-Module) Driver,,,AArch64,64,8,yes
vendor_dlkm,conninfra.ko,vendor_dlkm/lib/modules/conninfra.ko,f25211901030075c0314bf414fe127f13b54f7ef757e6f725ff82bd0eca50eab,1441296,conninfra,6.1.115-android14-11-g945dff7bc1bf SMP preempt mod_unload modversions aarch64,"connadp,aee_aed,mtk_disp_notify,device-apc-common,ccci_md_all",,,GPL,,,,AArch64,193,81,yes
vendor_dlkm,connscp.ko,vendor_dlkm/lib/modules/connscp.ko,1774ec78577b70e04118d3a1c110946db551adbc9830489fb4e79025188c1637,136272,connscp,6.1.115-android14-11-g945dff7bc1bf SMP preempt mod_unload modversions aarch64,"connadp,scp,mtk_tinysys_ipi",,,GPL,Conn SCP Bridge dev,,,AArch64,72,5,yes
vendor_dlkm,cpudvfs.ko,vendor_dlkm/lib/modules/cpudvfs.ko,d9d25d84fa99dd16223d6aa24d2016b5210ee9d8fa930ec394125366c925b1a4,22920,cpudvfs,6.1.115-android14-11-g945dff7bc1bf SMP preempt mod_unload modversions aarch64,cpufreq_sugov_ext,,,GPL v2,MTK CPU DVFS Platform Driver Helper v0.1.1,,,AArch64,30,2,yes
vendor_dlkm,cpufreq_sugov_ext.ko,vendor_dlkm/lib/modules/cpufreq_sugov_ext.ko,8a0044f1603aded6716050321c9e321a8fe1e2945b9637c36ea48528c5c69340,251664,cpufreq_sugov_ext,6.1.115-android14-11-g945dff7bc1bf SMP preempt mod_unload modversions aarch64,thermal_interface,,,GPL;GPL v2;GPL,MTK static power Platform Driver v2.1.1,,,AArch64,119,112,yes
vendor_dlkm,cpuqos_v3.ko,vendor_dlkm/lib/modules/cpuqos_v3.ko,7491b08703d2af7eeec5fd43bea721222617c87679b0fc9cbf86eb16ce75766a,95392,cpuqos_v3,6.1.115-android14-11-g945dff7bc1bf SMP preempt mod_unload modversions aarch64,mtk_slbc,,,GPL,,,,AArch64,74,7,yes
vendor_dlkm,custom-ldo-wl2868.ko,vendor_dlkm/lib/modules/custom-ldo-wl2868.ko,dab36e3d2593546d72b4fa7257b4a303c65c0ad4c507bbd1fbb50e1578111d48,35544,custom_ldo_wl2868,6.1.115-android14-11-g945dff7bc1bf SMP preempt mod_unload modversions aarch64,,,,GPL v2,WL2864 & WL2868 Power IC Driver,,,AArch64,26,2,yes
vendor_dlkm,custom-ldo.ko,vendor_dlkm/lib/modules/custom-ldo.ko,9d3d4a3786dd71af4fdee07e4bc332526816b62143925f4e5923f286c9d91556,10296,custom_ldo,6.1.115-android14-11-g945dff7bc1bf SMP preempt mod_unload modversions aarch64,custom-ldo-wl2868,,,GPL,Custom Ldo Driver,B1ACADEFB8818C27CA857AF,,AArch64,2,2,yes
vendor_dlkm,dw9781c.ko,vendor_dlkm/lib/modules/dw9781c.ko,5421b83cc767c5d57ee1db328189413d0e6f53eb6d272e418b52d83d76e7a61b,58208,dw9781c,6.1.115-android14-11-g945dff7bc1bf SMP preempt mod_unload modversions aarch64,hf_manager,"i2c:dw9781c;of:N*T*Cmediatek,dw9781c;of:N*T*Cmediatek,dw9781cC*",,GPL,DW9781C OIS driver,,,AArch64,37,0,yes
vendor_dlkm,emi-fake-eng.ko,vendor_dlkm/lib/modules/emi-fake-eng.ko,4541c81228ec0e70278e47d1f8bd6e81253aa28f9b3448c3f013a92ac7d19f86,25416,emi_fake_eng,6.1.115-android14-11-g945dff7bc1bf SMP preempt mod_unload modversions aarch64,,,,GPL v2,MediaTek EMI Fake Engine Driver,,,AArch64,27,0,yes
vendor_dlkm,fhctl.ko,vendor_dlkm/lib/modules/fhctl.ko,a7b8045ef8b091b4b50db28aafa73a8a3a3ecad4a7a361b3312d1685f119d7a0,109472,fhctl,6.1.115-android14-11-g945dff7bc1bf SMP preempt mod_unload modversions aarch64,"clk-common,aee_aed,mcupm,mtk_tinysys_ipi,gpueb",,,GPL v2,MediaTek FHCTL Driver,,,AArch64,45,0,yes
vendor_dlkm,flashlight.ko,vendor_dlkm/lib/modules/flashlight.ko,87b18cde1f47c857689602c3232f14874e84fb65b445e4308e80f04728bdefae,102368,flashlight,6.1.115-android14-11-g945dff7bc1bf SMP preempt mod_unload modversions aarch64,"mtk_pbm,mtk_peak_power_budget,mtk_low_battery_throttling,mtk_bp_thl","of:N*T*Cmediatek,flashlight_core;of:N*T*Cmediatek,flashlight_coreC*",,GPL,MTK Flashlight Core Driver,,,AArch64,46,19,yes
vendor_dlkm,fmradio_drv_connac2x.ko,vendor_dlkm/lib/modules/fmradio_drv_connac2x.ko,fcf8b27b90b18b7172956566751d80cd102d058627fbffebe1d88886d455f410,623832,fmradio_drv_connac2x,6.1.115-android14-11-g945dff7bc1bf SMP preempt mod_unload modversions aarch64,conninfra,,,GPL,MediaTek FM Driver,,,AArch64,114,1,yes
vendor_dlkm,focaltech_touch_spi_ft3680.ko,vendor_dlkm/lib/modules/focaltech_touch_spi_ft3680.ko,6629ec6148ac361a5f0085b8b19efa9d591426679f58262c4998345f41931162,400936,focaltech_touch_spi_ft3680,6.1.115-android14-11-g945dff7bc1bf SMP preempt mod_unload modversions aarch64,"yft_tpd_gesture,mtk_disp_notify,yft_devinfo","of:N*T*Cfocaltech,fts;of:N*T*Cfocaltech,ftsC*",,GPL v2,FocalTech Touchscreen Driver(SPI),,,AArch64,104,0,yes
vendor_dlkm,fpsgo.ko,vendor_dlkm/lib/modules/fpsgo.ko,e5ec5051d4431f3816e3900c9da52358eae5e62238fad3d71247fe1e08a8a635,59720,fpsgo,6.1.115-android14-11-g945dff7bc1bf SMP preempt mod_unload modversions aarch64,mtk_fpsgo,,,Proprietary,MediaTek FPSGO,,,AArch64,38,0,yes
vendor_dlkm,frs.ko,vendor_dlkm/lib/modules/frs.ko,e277fe9660d648cc36b29fc7b41ccf1c01e7c7419dc1271a39dd49037b7cdfb0,19976,frs,6.1.115-android14-11-g945dff7bc1bf SMP preempt mod_unload modversions aarch64,mtk_fpsgo,,,GPL,MediaTek Frame Rate Smoother,,,AArch64,21,0,yes
vendor_dlkm,ged.ko,vendor_dlkm/lib/modules/ged.ko,174d067296d66ad733ebb62e7cdea1e0798e12ac053900862b801ee7ed6211d3,712328,ged,6.1.115-android14-11-g945dff7bc1bf SMP preempt mod_unload modversions aarch64,"mtk_gpufreq_wrapper,mtk_gpu_hal,system_heap,mediatek-drm,gpueb,mtk_tinysys_ipi,sspm_v3,mtk_gpu_qos","of:N*T*Cmediatek,ged;of:N*T*Cmediatek,gedC*",,GPL,MediaTek GED Driver,,,AArch64,229,113,yes
vendor_dlkm,gps_drv_dl_v051.ko,vendor_dlkm/lib/modules/gps_drv_dl_v051.ko,a7940eb4bc07c58e46e56880955c553081c9e4cfc628a435d5680c3d16b28088,559160,gps_drv_dl_v051,6.1.115-android14-11-g945dff7bc1bf SMP preempt mod_unload modversions aarch64,conninfra,,,GPL;GPL,GPS FW log driver,,,AArch64,123,0,yes
vendor_dlkm,gps_pwr.ko,vendor_dlkm/lib/modules/gps_pwr.ko,abd60919a4381340acc26e2525339d09622a13259ba926efe119f5ae16338419,22232,gps_pwr,6.1.115-android14-11-g945dff7bc1bf SMP preempt mod_unload modversions aarch64,connadp,,,GPL,GPS_PWR dev,,,AArch64,23,0,yes
vendor_dlkm,gps_scp.ko,vendor_dlkm/lib/modules/gps_scp.ko,8449612f02225adeaf7e7547c37e28c45409e9439fd823568f064462bebd0e95,31136,gps_scp,6.1.115-android14-11-g945dff7bc1bf SMP preempt mod_unload modversions aarch64,connscp,,,GPL,GPS2SCP stp dev,,,AArch64,30,0,yes
vendor_dlkm,gpueb.ko,vendor_dlkm/lib/modules/gpueb.ko,260543bfa2e5ade98efd0dae151a4738be4a58adaddc674ba6cdfedfd7f103bd,109016,gpueb,6.1.115-android14-11-g945dff7bc1bf SMP preempt mod_unload modversions aarch64,"mtk_tinysys_ipi,mtk-mbox","of:N*T*Cmediatek,gpueb;of:N*T*Cmediatek,gpuebC*",,GPL,MediaTek GPUEB-PLAT driver,,,AArch64,67,14,yes
vendor_dlkm,gz_ipc_mod.ko,vendor_dlkm/lib/modules/gz_ipc_mod.ko,87d8a2a1eb8cb55bbf3bd372fc76e59fecfa8d8479bd931f714252cac60b6a19,78648,gz_ipc_mod,6.1.115-android14-11-g945dff7bc1bf SMP preempt mod_unload modversions aarch64,gz_trusty_mod,,,GPL v2,Trusty IPC driver,,,AArch64,81,15,yes
vendor_dlkm,gz_irq_mod.ko,vendor_dlkm/lib/modules/gz_irq_mod.ko,9972d4db32d99dd27bad631b1efff77d92e90fb06f250a9049a029333a6d3f9a,30800,gz_irq_mod,6.1.115-android14-11-g945dff7bc1bf SMP preempt mod_unload modversions aarch64,gz_trusty_mod,,,GPL,,,,AArch64,41,0,yes
vendor_dlkm,gz_log_mod.ko,vendor_dlkm/lib/modules/gz_log_mod.ko,194d1bd14a2cb5fd0b1af3400d0a64e9cced28f2de26842bd88e3f6c6469fc40,31872,gz_log_mod,6.1.115-android14-11-g945dff7bc1bf SMP preempt mod_unload modversions aarch64,gz_trusty_mod,,,GPL,,,,AArch64,39,1,yes
vendor_dlkm,gz_main_mod.ko,vendor_dlkm/lib/modules/gz_main_mod.ko,398ce0058798adf1d919dbd60856ed7b83e956f5d778ff6d3116e27468916fc7,159400,gz_main_mod,6.1.115-android14-11-g945dff7bc1bf SMP preempt mod_unload modversions aarch64,"gz_tz_system,gz_trusty_mod,gz_ipc_mod,ffa_v10,mtk_sec_heap,tmem_ffa","of:N*T*Cmediatek,trusty-mtee-v1;of:N*T*Cmediatek,trusty-mtee-v1C*",,GPL v2;GPL,,,,AArch64,76,0,yes
vendor_dlkm,gz_trusty_mod.ko,vendor_dlkm/lib/modules/gz_trusty_mod.ko,83e7e3d89b192ea6258db2cb6e5071492caf3badc289e03575661a03341bb5eb,53848,gz_trusty_mod,6.1.115-android14-11-g945dff7bc1bf SMP preempt mod_unload modversions aarch64,,,,GPL,,,,AArch64,59,14,yes
vendor_dlkm,gz_tz_system.ko,vendor_dlkm/lib/modules/gz_tz_system.ko,4b29f9b401c43fe98373d17c0360340c0c58f2cc15e2dfbfd536a60bb9484e38,79648,gz_tz_system,6.1.115-android14-11-g945dff7bc1bf SMP preempt mod_unload modversions aarch64,"gz_ipc_mod,gz_trusty_mod","of:N*T*Cmediatek,trusty-tz;of:N*T*Cmediatek,trusty-tzC*",,GPL v2,,,,AArch64,50,27,yes
vendor_dlkm,gz_virtio_mod.ko,vendor_dlkm/lib/modules/gz_virtio_mod.ko,46ab2c37de08b787844994abaa1ba3036adb9314fdbb2ab3c1737cb83142c9c0,43128,gz_virtio_mod,6.1.115-android14-11-g945dff7bc1bf SMP preempt mod_unload modversions aarch64,gz_trusty_mod,"of:N*T*Candroid,trusty-virtio-v1;of:N*T*Candroid,trusty-virtio-v1C*;of:N*T*Candroid,nebula-virtio-v1;of:N*T*Candroid,nebula-virtio-v1C*",,GPL v2,Trusty virtio driver,,,AArch64,60,0,yes
vendor_dlkm,hbt.ko,vendor_dlkm/lib/modules/hbt.ko,efc0bb5684c0429dab65ea3d17264f6dfc5fa2f987deb82c1da961a9d5e818ef,53064,hbt,6.1.115-android14-11-g945dff7bc1bf SMP preempt mod_unload modversions aarch64,,,,GPL,,,,AArch64,31,0,yes
vendor_dlkm,hf_manager.ko,vendor_dlkm/lib/modules/hf_manager.ko,74aeea4077df4a052a8c90657ea4a1b4e5241f4876543a808f306a6adc2ffa4b,78248,hf_manager,6.1.115-android14-11-g945dff7bc1bf SMP preempt mod_unload modversions aarch64,yft_devinfo,,,GPL v2,high frequency manager,,,AArch64,67,15,yes
vendor_dlkm,hynitron.ko,vendor_dlkm/lib/modules/hynitron.ko,860f28409fdd59458640cd067fec6eb83f3e5ec00ca12782c0e152323a351fb6,142528,hynitron,6.1.115-android14-11-g945dff7bc1bf SMP preempt mod_unload modversions aarch64,yft_devinfo,"i2c:hyn_ts;of:N*T*Chynitron,hyn_ts;of:N*T*Chynitron,hyn_tsC*",,GPL v2,Hynitron Touchscreen Driver,,,AArch64,53,2,yes
vendor_dlkm,imgsensor-glue.ko,vendor_dlkm/lib/modules/imgsensor-glue.ko,e21d8e0074f8440dcbb58b9558c3724ed0d45f3f6471c92f51aa86f8c01a04b9,13888,imgsensor_glue,6.1.115-android14-11-g945dff7bc1bf SMP preempt mod_unload modversions aarch64,,,,GPL v2,,,,AArch64,7,2,yes
vendor_dlkm,imgsensor.ko,vendor_dlkm/lib/modules/imgsensor.ko,9243061cec77e96e3072b19f14a4d0f893e768586585830fa86f0a5129ce3558,1140880,imgsensor,6.1.115-android14-11-g945dff7bc1bf SMP preempt mod_unload modversions aarch64,"aee_aed,custom-ldo,yft_devinfo,mtk_charger_framework,flashlight,mtk_ccu_mssv,imgsensor-glue","i2c:imgsensor;of:N*T*Cmediatek,imgsensor;of:N*T*Cmediatek,imgsensorC*",,GPL v2,,,,AArch64,131,1,yes
vendor_dlkm,iommu_test.ko,vendor_dlkm/lib/modules/iommu_test.ko,aa489fba54a5bce7208be0c1316b56a70da567ba50ec4dc2e42ab1656e7e146c,9536,iommu_test,6.1.115-android14-11-g945dff7bc1bf SMP preempt mod_unload modversions aarch64,,,,GPL v2,,,,AArch64,0,0,yes
vendor_dlkm,leds-ln2403.ko,vendor_dlkm/lib/modules/leds-ln2403.ko,211bda35ee3476c107d7e495a0463c27bbef114a031a6b81b8bb718bbe54ee94,39344,leds_ln2403,6.1.115-android14-11-g945dff7bc1bf SMP preempt mod_unload modversions aarch64,mtk-pwm,"of:N*T*Cmediatek,yft_camplight;of:N*T*Cmediatek,yft_camplightC*",,GPL,Module For PWM LN2403,,,AArch64,31,0,yes
vendor_dlkm,load_track.ko,vendor_dlkm/lib/modules/load_track.ko,54c83bbf52b87113b79892522a2c7427f81c5bac8bb29b768931ba7e6d5d39ca,21664,load_track,6.1.115-android14-11-g945dff7bc1bf SMP preempt mod_unload modversions aarch64,,,,GPL,MediaTek LOAD_TRACK,,,AArch64,22,2,yes
vendor_dlkm,lpm-gov-MHSP.ko,vendor_dlkm/lib/modules/lpm-gov-MHSP.ko,7d74a6d7557c01cedfac13cf20ec5263aa57e32ed3eb0f84bb977a597b818949,39936,lpm_gov_MHSP,6.1.115-android14-11-g945dff7bc1bf SMP preempt mod_unload modversions aarch64,,,,GPL,MTK cpuidle governor,,,AArch64,52,0,yes
vendor_dlkm,mac80211.ko,vendor_dlkm/lib/modules/mac80211.ko,7496ce42c408268b91dacf7a1114edda761902d6f620633f48753bddfc53aced,1975680,mac80211,6.1.115-android14-11-g945dff7bc1bf SMP preempt mod_unload modversions aarch64,"cfg80211,libarc4",,,GPL,IEEE 802.11 subsystem,,,AArch64,318,131,yes
vendor_dlkm,main2_vcm.ko,vendor_dlkm/lib/modules/main2_vcm.ko,7db2e9248c260f79b6dd37611c53907cac0e0e04b0f9550647c402cc6273d787,29456,main2_vcm,6.1.115-android14-11-g945dff7bc1bf SMP preempt mod_unload modversions aarch64,,"i2c:main2_vcm;of:N*T*Cmediatek,main2_vcm;of:N*T*Cmediatek,main2_vcmC*",,GPL,MAIN2_VCM VCM driver,,,AArch64,28,0,yes
vendor_dlkm,main3_vcm.ko,vendor_dlkm/lib/modules/main3_vcm.ko,6dc7458c47be8fecf6753bd5575ec1a90d4f5388d44165554588788e23751306,29456,main3_vcm,6.1.115-android14-11-g945dff7bc1bf SMP preempt mod_unload modversions aarch64,,"i2c:main3_vcm;of:N*T*Cmediatek,main3_vcm;of:N*T*Cmediatek,main3_vcmC*",,GPL,MAIN3_VCM VCM driver,,,AArch64,28,0,yes
vendor_dlkm,main4_vcm.ko,vendor_dlkm/lib/modules/main4_vcm.ko,9b36b90af67d0970ec9bf01a301ff1c27dd15c2e941704fe5f9c6f9b006f9ab9,29456,main4_vcm,6.1.115-android14-11-g945dff7bc1bf SMP preempt mod_unload modversions aarch64,,"i2c:main4_vcm;of:N*T*Cmediatek,main4_vcm;of:N*T*Cmediatek,main4_vcmC*",,GPL,MAIN4_VCM VCM driver,,,AArch64,28,0,yes
vendor_dlkm,main_vcm.ko,vendor_dlkm/lib/modules/main_vcm.ko,002ad3ef1927928c87cbddd2b27e926e59813ca2f62b5e3289655e0a6216a5e1,29568,main_vcm,6.1.115-android14-11-g945dff7bc1bf SMP preempt mod_unload modversions aarch64,,"i2c:main_vcm;of:N*T*Cmediatek,main_vcm;of:N*T*Cmediatek,main_vcmC*",,GPL,MAIN_VCM VCM driver,,,AArch64,28,0,yes
vendor_dlkm,mali_dmabuf_test_mt6878_r44.ko,vendor_dlkm/lib/modules/mali_dmabuf_test_mt6878_r44.ko,277f31e7614da86ae925cbf38f6fa8bb6ec565524124aa9bc242edb1d8dad39d,43512,mali_dmabuf_test_mt6878_r44,6.1.115-android14-11-g945dff7bc1bf SMP preempt mod_unload modversions aarch64,,,,GPL,,,,AArch64,48,0,yes
vendor_dlkm,mali_kbase_mt6878_r44.ko,vendor_dlkm/lib/modules/mali_kbase_mt6878_r44.ko,1633e3169242255a5714a4e3f4cfc525a5bbcc5393a3f7e7c6d8d76a1cf17092,2202264,mali_kbase_mt6878_r44,6.1.115-android14-11-g945dff7bc1bf SMP preempt mod_unload modversions aarch64,"aee_aed,irq-dbg,mtk_gpufreq_wrapper,ged,mtk_gpu_hal,tinysys-scmi,mrdump,emi,mtk_sec_heap,tmem_ffa","of:N*T*Carm,mali-valhall;of:N*T*Carm,mali-valhallC*",pre: memory_group_manager,GPL,,2DB292FCC397C627E83ED2F,,AArch64,442,161,yes
vendor_dlkm,mali_mgm_mt6878_r44.ko,vendor_dlkm/lib/modules/mali_mgm_mt6878_r44.ko,20c7c978860b40dbf4beee6ab30c779bc01661203dd32803a1d9739922af5ce8,57232,mali_mgm_mt6878_r44,6.1.115-android14-11-g945dff7bc1bf SMP preempt mod_unload modversions aarch64,emi,"of:N*T*Carm,physical-memory-group-manager;of:N*T*Carm,physical-memory-group-managerC*",,GPL,,04E00BE5176E1282B6F63CF,,AArch64,42,0,yes
vendor_dlkm,mali_prot_alloc_mt6878_r44.ko,vendor_dlkm/lib/modules/mali_prot_alloc_mt6878_r44.ko,970aa7d7ab217ca47db40b67f3ac1adda80fa497156b05e4ee60a341c3e1952a,22872,mali_prot_alloc_mt6878_r44,6.1.115-android14-11-g945dff7bc1bf SMP preempt mod_unload modversions aarch64,,"of:N*T*Carm,protected-memory-allocator;of:N*T*Carm,protected-memory-allocatorC*",,GPL,,C72AFDC31F88CEA57063F0F,,AArch64,15,0,yes
vendor_dlkm,mcupm.ko,vendor_dlkm/lib/modules/mcupm.ko,eb3cc083ac2539a6b8eda36198fb977ed08fda5aa6b348c92805aeff48862169,62616,mcupm,6.1.115-android14-11-g945dff7bc1bf SMP preempt mod_unload modversions aarch64,"mtk-mbox,mtk_tinysys_ipi",,,GPL v2,MEDIATEK Module MCUPM driver,,,AArch64,59,6,yes
vendor_dlkm,md_cooling_all.ko,vendor_dlkm/lib/modules/md_cooling_all.ko,d773c89fabcd5414f67c8e67dfdc46822bc4e78fab3237a4b4eb16314cf4e5b2,48928,md_cooling_all,6.1.115-android14-11-g945dff7bc1bf SMP preempt mod_unload modversions aarch64,"ccci_md_all,thermal_trace","of:N*T*Cmediatek,mt6295-md-cooler;of:N*T*Cmediatek,mt6295-md-coolerC*;of:N*T*Cmediatek,mt6297-md-cooler;of:N*T*Cmediatek,mt6297-md-coolerC*;of:N*T*Cmediatek,mt6298-md-cooler;of:N*T*Cmediatek,mt6298-md-coolerC*",,GPL v2,Mediatek modem cooling driver,,,AArch64,44,0,yes
vendor_dlkm,mddp.ko,vendor_dlkm/lib/modules/mddp.ko,7e6330051d462a09605638f69032fa94697589ca5c36573217931193e51964a2,183424,mddp,6.1.115-android14-11-g945dff7bc1bf SMP preempt mod_unload modversions aarch64,ccci_md_all,,,GPL v2,,,,AArch64,98,2,yes
vendor_dlkm,met.ko,vendor_dlkm/lib/modules/met.ko,eb664657a8cf3811b2acb49bcf5e8b5b98e6f9b45298791a5d74d1e1b08a421d,1260560,met,6.1.115-android14-11-g945dff7bc1bf SMP preempt mod_unload modversions aarch64,,,,GPL,MET_CORE,,,AArch64,147,165,yes
vendor_dlkm,met_backlight_api.ko,vendor_dlkm/lib/modules/met_backlight_api.ko,88e928eb42cb086ccbdd571a4e8c810289a7806b4a0ac83973641254c55e531a,11320,met_backlight_api,6.1.115-android14-11-g945dff7bc1bf SMP preempt mod_unload modversions aarch64,"met,leds-mtk,mtk_printk_ctrl",,,GPL,MET_CORE,,,AArch64,7,0,yes
vendor_dlkm,met_emi_api.ko,vendor_dlkm/lib/modules/met_emi_api.ko,345a9dabc4cae1833ac5a698e4aed529e1a93c1c1ead80bc38aa16f098e864ec,12008,met_emi_api,6.1.115-android14-11-g945dff7bc1bf SMP preempt mod_unload modversions aarch64,"met,mtk_dramc,mtk-dvfsrc-helper",,,GPL,MET_CORE,,,AArch64,10,0,yes
vendor_dlkm,met_gpu_adv_api.ko,vendor_dlkm/lib/modules/met_gpu_adv_api.ko,b932d3f10dbde84185af252ca1b6be6ddee3c92ad9002b5e612267cd70cf5b4b,11728,met_gpu_adv_api,6.1.115-android14-11-g945dff7bc1bf SMP preempt mod_unload modversions aarch64,"met,mtk_gpu_hal",,,GPL,MET_CORE,,,AArch64,9,0,yes
vendor_dlkm,met_gpu_api.ko,vendor_dlkm/lib/modules/met_gpu_api.ko,8eb8a4ab45bc9eef077608f9c9d9be823891d9b54fbef22a4053e2ef6d38d057,13880,met_gpu_api,6.1.115-android14-11-g945dff7bc1bf SMP preempt mod_unload modversions aarch64,"met,mtk_gpu_hal",,,GPL,MET_CORE,,,AArch64,19,0,yes
vendor_dlkm,met_gpueb_api.ko,vendor_dlkm/lib/modules/met_gpueb_api.ko,9386266457ea8b174aa660e779a971c51399f27ccc7d7054c91074aac9bf345f,13304,met_gpueb_api,6.1.115-android14-11-g945dff7bc1bf SMP preempt mod_unload modversions aarch64,"met,gpueb",,,GPL,MET_CORE,,,AArch64,17,0,yes
vendor_dlkm,met_ipi_api.ko,vendor_dlkm/lib/modules/met_ipi_api.ko,52b75f51b10a7685abe14d87e6c81ab2f6a1ca5e6c99b33932aa23db9e0d4adc,13344,met_ipi_api,6.1.115-android14-11-g945dff7bc1bf SMP preempt mod_unload modversions aarch64,"met,mtk_tinysys_ipi",,,GPL,MET_CORE,,,AArch64,19,0,yes
vendor_dlkm,met_mcupm_api.ko,vendor_dlkm/lib/modules/met_mcupm_api.ko,21fc400b187e909308ae72c1bb1e7d4f86d9c98ee698fa31564919f9bb28bc47,12392,met_mcupm_api,6.1.115-android14-11-g945dff7bc1bf SMP preempt mod_unload modversions aarch64,"met,mcupm",,,GPL,MET_CORE,,,AArch64,13,0,yes
vendor_dlkm,met_scmi_api.ko,vendor_dlkm/lib/modules/met_scmi_api.ko,c1ce8ab9b8d245088b5a0583e1ff656c1cf4a495f5d26989ec167cce8ab37015,13064,met_scmi_api,6.1.115-android14-11-g945dff7bc1bf SMP preempt mod_unload modversions aarch64,"met,tinysys-scmi",,,GPL,MET_CORE,,,AArch64,16,0,yes
vendor_dlkm,met_sspm_api.ko,vendor_dlkm/lib/modules/met_sspm_api.ko,c15db994628b983d7920f8e7d3e5b393cfcca212ef649126c508df06e001ac11,12640,met_sspm_api,6.1.115-android14-11-g945dff7bc1bf SMP preempt mod_unload modversions aarch64,"met,sspm_v3",,,GPL,MET_CORE,,,AArch64,14,0,yes
vendor_dlkm,met_vcore_api.ko,vendor_dlkm/lib/modules/met_vcore_api.ko,86f06cb80a4df1e427e5277cfc754ab295414945e932643b57b352e4cb04023a,13064,met_vcore_api,6.1.115-android14-11-g945dff7bc1bf SMP preempt mod_unload modversions aarch64,"met,mtk-dvfsrc-helper",,,GPL,MET_CORE,,,AArch64,15,0,yes
vendor_dlkm,msync2_frd.ko,vendor_dlkm/lib/modules/msync2_frd.ko,75405b2f0b7b61981f060ad7852b57e58a95b494bb251e8e49e0ac7c4de601f1,13536,msync2_frd,6.1.115-android14-11-g945dff7bc1bf SMP preempt mod_unload modversions aarch64,mediatek-drm,,,Proprietary,MediaTek MSYNC2,,,AArch64,3,0,yes
vendor_dlkm,mt6369-accdet.ko,vendor_dlkm/lib/modules/mt6369-accdet.ko,e4a9fd980e92c05185bb724d244146cd5c8792daafb83af1fd81f2688537a0c5,109720,mt6369_accdet,6.1.115-android14-11-g945dff7bc1bf SMP preempt mod_unload modversions aarch64,,"of:N*T*Cmediatek,mt6369-accdet;of:N*T*Cmediatek,mt6369-accdetC*",,GPL v2,MT6369 ALSA SoC accdet driver,,,AArch64,76,4,yes
vendor_dlkm,mt6878-mt6369.ko,vendor_dlkm/lib/modules/mt6878-mt6369.ko,7aa39793ea64964ae07417ed26f78eb0399264ca5179e6ce9a2ad1946a74cb96,103032,mt6878_mt6369,6.1.115-android14-11-g945dff7bc1bf SMP preempt mod_unload modversions aarch64,"mtk-sp-spk-amp,mtk_bp_thl,snd-soc-mt6878-afe,snd-soc-mt6369,mt6369-accdet",mt6878 mt6369 soc card,,GPL,MT6878 mt6369 ALSA SoC machine driver,,,AArch64,56,0,yes
vendor_dlkm,mtk-btcvsd.ko,vendor_dlkm/lib/modules/mtk-btcvsd.ko,f9241da174e22a85798f83f5a04083de2d3f42a6a8cc3f725740fea100e6cf59,55008,mtk_btcvsd,6.1.115-android14-11-g945dff7bc1bf SMP preempt mod_unload modversions aarch64,,"of:N*T*Cmediatek,mtk-btcvsd-snd;of:N*T*Cmediatek,mtk-btcvsd-sndC*",,GPL v2,Mediatek ALSA BT SCO CVSD/MSBC Driver,,,AArch64,49,0,yes
vendor_dlkm,mtk-cam-isp7sp.ko,vendor_dlkm/lib/modules/mtk-cam-isp7sp.ko,c25b2d66b69dc16855fa2c0e20beffb8a2915f9d57a82aa1127c33465f9b6ac5,1530424,mtk_cam_isp7sp,6.1.115-android14-11-g945dff7bc1bf SMP preempt mod_unload modversions aarch64,"mtk_slbc,system_heap,mtk-cmdq-drv-ext,ccd_rpmsg,aee_aed,mtk-smi-dbg,clk-common,mtk-mmdvfs-v3,gz_tz_system,mtk-smi,mtk_printk_ctrl,iommu_debug,mtk-icc-core,mmqos-common,mtk_sec_heap,mtk_ccu_mssv","of:N*T*Cmediatek,mt6878-camisp;of:N*T*Cmediatek,mt6878-camispC*;of:N*T*Cmediatek,mt6897-camisp;of:N*T*Cmediatek,mt6897-camispC*;of:N*T*Cmediatek,mt6989-camisp;of:N*T*Cmediatek,mt6989-camispC*;of:N*T*Cmediatek,seninf-core;of:N*T*Cmediatek,seninf-coreC*;of:N*T*Cmediatek,seninf;of:N*T*Cmediatek,seninfC*;of:N*T*Cmediatek,cam-raw;of:N*T*Cmediatek,cam-rawC*;of:N*T*Cmediatek,cam-yuv;of:N*T*Cmediatek,cam-yuvC*;of:N*T*Cmediatek,cam-rms;of:N*T*Cmediatek,cam-rmsC*;of:N*T*Cmediatek,camsv;of:N*T*Cmediatek,camsvC*;of:N*T*Cmediatek,mraw;of:N*T*Cmediatek,mrawC*",,GPL;GPL,Camera ISP driver;DMA-contig memory handling routines for mtk-cam videobuf2,,,AArch64,344,5,yes
vendor_dlkm,mtk-composite.ko,vendor_dlkm/lib/modules/mtk-composite.ko,1e41153e8cdcd3f7bf1a7789ea89849c0e09459439493af7910d756bdbc0cab0,20360,mtk_composite,6.1.115-android14-11-g945dff7bc1bf SMP preempt mod_unload modversions aarch64,,"of:N*T*Cmediatek,mtk_composite_v4l2_1;of:N*T*Cmediatek,mtk_composite_v4l2_1C*",,GPL,MTK V4L2 Composite Driver,,,AArch64,22,0,yes
vendor_dlkm,mtk-dvfsrc-start.ko,vendor_dlkm/lib/modules/mtk-dvfsrc-start.ko,543d986e2cd1e8959c759e2d9618664d8294997e2c073e377a721ad4329ed0d7,13656,mtk_dvfsrc_start,6.1.115-android14-11-g945dff7bc1bf SMP preempt mod_unload modversions aarch64,,,,GPL v2,MTK DVFSRC enable free run driver,,,AArch64,9,0,yes
vendor_dlkm,mtk-ipesys-me.ko,vendor_dlkm/lib/modules/mtk-ipesys-me.ko,cb3a3fb932684a551e218fed6725f6bd98d75e80b922288c7711b791f065e15c,22856,mtk_ipesys_me,6.1.115-android14-11-g945dff7bc1bf SMP preempt mod_unload modversions aarch64,,"of:N*T*Cmediatek,ipesys-me;of:N*T*Cmediatek,ipesys-meC*",,GPL v2,Mediatek ME driver,,,AArch64,17,4,yes
vendor_dlkm,mtk-lpm-dbg-common-v2.ko,vendor_dlkm/lib/modules/mtk-lpm-dbg-common-v2.ko,f1f0893e808ceec57c244a0efa3f1cccd9923814244d0c5438cd75728e36f0d9,188960,mtk_lpm_dbg_common_v2,6.1.115-android14-11-g945dff7bc1bf SMP preempt mod_unload modversions aarch64,"mtk-lpm,pinctrl-mtk-common-v2_debug","of:N*T*Cmediatek,mtk-lpm;of:N*T*Cmediatek,mtk-lpmC*",,GPL;GPL,low power debug module,,,AArch64,110,50,yes
vendor_dlkm,mtk-lpm-dbg-mt6878.ko,vendor_dlkm/lib/modules/mtk-lpm-dbg-mt6878.ko,16f0a9f1a9cf282b649307e6dc2b42fec7f4ea2e7549686f795f78604d35db3c,75416,mtk_lpm_dbg_mt6878,6.1.115-android14-11-g945dff7bc1bf SMP preempt mod_unload modversions aarch64,"mtk-lpm-dbg-common-v2,mtk-swpm",,,GPL,mt6878 low power debug module,,,AArch64,33,0,yes
vendor_dlkm,mtk-lpm-plat-v1.ko,vendor_dlkm/lib/modules/mtk-lpm-plat-v1.ko,7cfd45c42dcffe670e1fbe6a24c3d28fc9281a0bbcd02bc7819dc347269597b3,32936,mtk_lpm_plat_v1,6.1.115-android14-11-g945dff7bc1bf SMP preempt mod_unload modversions aarch64,"mtk-lpm-dbg-common-v2,mtk-lpm",,,GPL,MTK low power platform module,,,AArch64,42,0,yes
vendor_dlkm,mtk-lpm.ko,vendor_dlkm/lib/modules/mtk-lpm.ko,275b65d6694371b0019024d844b205112af4ed1d7ad7afee507111ed878decb0,101208,mtk_lpm,6.1.115-android14-11-g945dff7bc1bf SMP preempt mod_unload modversions aarch64,,,,GPL,mtk low power module,,,AArch64,80,48,yes
vendor_dlkm,mtk-mbox.ko,vendor_dlkm/lib/modules/mtk-mbox.ko,95e3aa8d68b69504ae273bbd1979ea6d8b9c958b57a97b423cc696218ebfbe7c,58824,mtk_mbox,6.1.115-android14-11-g945dff7bc1bf SMP preempt mod_unload modversions aarch64,,,,GPL v2,MediaTek Tinysys Mbox driver,,,AArch64,31,26,yes
vendor_dlkm,mtk-mmdvfs-v3-start.ko,vendor_dlkm/lib/modules/mtk-mmdvfs-v3-start.ko,9dec622840b1a279573fa71883202ed349f63218a195a2b639361ae74164b0a3,13992,mtk_mmdvfs_v3_start,6.1.115-android14-11-g945dff7bc1bf SMP preempt mod_unload modversions aarch64,"mtk-mmdvfs-debug,mtk-mmdvfs-v3",,,GPL,MMDVFS V3 start Driver,,,AArch64,8,0,yes
vendor_dlkm,mtk-pm-domain-disable-unused.ko,vendor_dlkm/lib/modules/mtk-pm-domain-disable-unused.ko,925e27ab14e1416489aec230255aa0cd98a12be10ce959938d4f574ceee28002,12160,mtk_pm_domain_disable_unused,6.1.115-android14-11-g945dff7bc1bf SMP preempt mod_unload modversions aarch64,,"of:N*T*Cmediatek,scpsys-disable-unused;of:N*T*Cmediatek,scpsys-disable-unusedC*",,GPL,,,,AArch64,3,0,yes
vendor_dlkm,mtk-pmic-oc-debug.ko,vendor_dlkm/lib/modules/mtk-pmic-oc-debug.ko,f8d4be0381387c561c9eff337499e667d4842962976a509db05e34dec476267c,30664,mtk_pmic_oc_debug,6.1.115-android14-11-g945dff7bc1bf SMP preempt mod_unload modversions aarch64,"ccci_md_all,aee_aed","of:N*T*Cmediatek,mt6878-oc-debug;of:N*T*Cmediatek,mt6878-oc-debugC*;of:N*T*Cmediatek,mt6835-oc-debug;of:N*T*Cmediatek,mt6835-oc-debugC*;of:N*T*Cmediatek,mt6879-oc-debug;of:N*T*Cmediatek,mt6879-oc-debugC*;of:N*T*Cmediatek,mt6895-oc-debug;of:N*T*Cmediatek,mt6895-oc-debugC*;of:N*T*Cmediatek,mt6983-oc-debug;of:N*T*Cmediatek,mt6983-oc-debugC*",,GPL v2,MediaTek PMIC Over Current Debug,,,AArch64,21,0,yes
vendor_dlkm,mtk-pwm.ko,vendor_dlkm/lib/modules/mtk-pwm.ko,06c68f5df7b7b2b8adb3957ec8fdfac0b551c209fbdacb52cd147f2ac056fa8b,77688,mtk_pwm,6.1.115-android14-11-g945dff7bc1bf SMP preempt mod_unload modversions aarch64,,,,GPL,This module is used for chip of mediatek,,,AArch64,26,5,yes
vendor_dlkm,mtk-scp-audiocommon.ko,vendor_dlkm/lib/modules/mtk-scp-audiocommon.ko,c672dd1ba09ab5b730ad11be96eb4403aa412d974b0f3b7f499de0d69476d1ec,48960,mtk_scp_audiocommon,6.1.115-android14-11-g945dff7bc1bf SMP preempt mod_unload modversions aarch64,"scp,mtk-mbox,adsp","of:N*T*Cmediatek,scp-audio-mbox;of:N*T*Cmediatek,scp-audio-mboxC*",,GPL v2,Mediatek common driver for scp audio mbox,,,AArch64,39,7,yes
vendor_dlkm,mtk-scp-ultra.ko,vendor_dlkm/lib/modules/mtk-scp-ultra.ko,d7a023ba4413e9366166a30a55331e74fa5c06d5cd78303571f1611474960f25,16240,mtk_scp_ultra,6.1.115-android14-11-g945dff7bc1bf SMP preempt mod_unload modversions aarch64,mtk-afe-external,,,GPL v2,Mediatek scp ultra platform driver,,,AArch64,5,4,yes
vendor_dlkm,mtk-scp-vow.ko,vendor_dlkm/lib/modules/mtk-scp-vow.ko,a365da73a1546884bd888f19280eb1a12f2f7a7bd4f06b460ddd6c08e84ac56d,12448,mtk_scp_vow,6.1.115-android14-11-g945dff7bc1bf SMP preempt mod_unload modversions aarch64,"scp,mtk-vow,mtk-afe-external",,,GPL v2,Mediatek SCP VoW Common Driver,,,AArch64,7,0,yes
vendor_dlkm,mtk-soc-offload-common.ko,vendor_dlkm/lib/modules/mtk-soc-offload-common.ko,170b7f2d4779a2d702369b8f7aae62af396e0b824b63d1f07f973ff13e87240d,55096,mtk_soc_offload_common,6.1.115-android14-11-g945dff7bc1bf SMP preempt mod_unload modversions aarch64,"snd-soc-audiodsp-common,mtk-afe-external,audio_ipi","of:N*T*Cmediatek,mt-soc-offload-common;of:N*T*Cmediatek,mt-soc-offload-commonC*",,GPL v2,MediaTek Offload Driver,,,AArch64,64,0,yes
vendor_dlkm,mtk-sp-spk-amp.ko,vendor_dlkm/lib/modules/mtk-sp-spk-amp.ko,082d1964cb08f5a13672e32fba910a99f6e5f7195834293819c2439ad6126043,26600,mtk_sp_spk_amp,6.1.115-android14-11-g945dff7bc1bf SMP preempt mod_unload modversions aarch64,"snd-soc-audiodsp-common,audio_ipi,aw883xx_driver","i2c:tfa9874;i2c:speaker_amp;of:N*T*Cmediatek,speaker_amp;of:N*T*Cmediatek,speaker_ampC*",,GPL v2,Mediatek speaker amp register driver,,,AArch64,12,11,yes
vendor_dlkm,mtk-ssc-dbg-v2.ko,vendor_dlkm/lib/modules/mtk-ssc-dbg-v2.ko,93b082d429112b4a3a925fcbcaac6c5837b05575a08f308cdc5c867b4ca4bddf,17224,mtk_ssc_dbg_v2,6.1.115-android14-11-g945dff7bc1bf SMP preempt mod_unload modversions aarch64,mtk-ssc,,,GPL,ssc v2 debug module,,,AArch64,11,0,yes
vendor_dlkm,mtk-ssc.ko,vendor_dlkm/lib/modules/mtk-ssc.ko,739dee896c60143b9c8e4092761ad8d217bcb0af24a848e31c60a9540a3e16d9,27840,mtk_ssc,6.1.115-android14-11-g945dff7bc1bf SMP preempt mod_unload modversions aarch64,"tinysys-scmi,aee_aed",,,GPL,mtk ssc module,,,AArch64,25,6,yes
vendor_dlkm,mtk-swpm-cpu-dbg-v6878.ko,vendor_dlkm/lib/modules/mtk-swpm-cpu-dbg-v6878.ko,81ee7c9c7f2b9ab8df3fa472cb0f2c7eb755696aaabd719c2ea4f37392b55851,15448,mtk_swpm_cpu_dbg_v6878,6.1.115-android14-11-g945dff7bc1bf SMP preempt mod_unload modversions aarch64,"mtk-swpm,sspm_v3,thermal_interface",,,GPL,v6878 SWPM cpu debug module,,,AArch64,11,0,yes
vendor_dlkm,mtk-swpm-dbg-common-v1.ko,vendor_dlkm/lib/modules/mtk-swpm-dbg-common-v1.ko,037175478603983d5a333186c803bc2d9e424939ad87f8e8d088062400e25386,20144,mtk_swpm_dbg_common_v1,6.1.115-android14-11-g945dff7bc1bf SMP preempt mod_unload modversions aarch64,"mtk-swpm,ged,mtk_gpu_hal,mtk-swpm-perf-arm-pmu",,,GPL,,,,AArch64,20,4,yes
vendor_dlkm,mtk-swpm-dbg-v6878.ko,vendor_dlkm/lib/modules/mtk-swpm-dbg-v6878.ko,8733c9a4b65b8f9dca7eda7912558be4796e288958ae51cdcce2d20efa80a5c0,64360,mtk_swpm_dbg_v6878,6.1.115-android14-11-g945dff7bc1bf SMP preempt mod_unload modversions aarch64,"mtk-swpm,sspm_v3,mtk-swpm-dbg-common-v1,mtk_qos",,,GPL,v6878 software power model debug module,,,AArch64,62,0,yes
vendor_dlkm,mtk-swpm.ko,vendor_dlkm/lib/modules/mtk-swpm.ko,6348174ce2b4c9f5aeac6f77a624aff7f0894624671e51ef74e4510bc02054c5,50136,mtk_swpm,6.1.115-android14-11-g945dff7bc1bf SMP preempt mod_unload modversions aarch64,"sspm_v3,mtk_qos",,,GPL,mtk swpm module,,,AArch64,32,34,yes
vendor_dlkm,mtk-vcodec-common.ko,vendor_dlkm/lib/modules/mtk-vcodec-common.ko,09570f1d7a46ddcc339cf09648373d0455e093c92f4d94d1286d744cfc27680e,143032,mtk_vcodec_common,6.1.115-android14-11-g945dff7bc1bf SMP preempt mod_unload modversions aarch64,"scheduler,system_heap",,,GPL v2;GPL v2,,,,AArch64,91,61,yes
vendor_dlkm,mtk-vcodec-dec-v1.ko,vendor_dlkm/lib/modules/mtk-vcodec-dec-v1.ko,01af3b923c3cde9ac85020a9e26cc40a5f5f8d807ec8ccf63a2b22e8275529d0,501760,mtk_vcodec_dec_v1,6.1.115-android14-11-g945dff7bc1bf SMP preempt mod_unload modversions aarch64,"mtk-vcodec-common,mtk-icc-core,vcp,mtk_tinysys_ipi,emi,mtk-mmdvfs-v3,vcp_status,system_heap,iommu_debug,mtk_slbc","of:N*T*Cmediatek,mt8173-vcodec-dec;of:N*T*Cmediatek,mt8173-vcodec-decC*;of:N*T*Cmediatek,mt2712-vcodec-dec;of:N*T*Cmediatek,mt2712-vcodec-decC*;of:N*T*Cmediatek,mt8167-vcodec-dec;of:N*T*Cmediatek,mt8167-vcodec-decC*;of:N*T*Cmediatek,mt6771-vcodec-dec;of:N*T*Cmediatek,mt6771-vcodec-decC*;of:N*T*Cmediatek,mt6885-vcodec-dec;of:N*T*Cmediatek,mt6885-vcodec-decC*;of:N*T*Cmediatek,mt6873-vcodec-dec;of:N*T*Cmediatek,mt6873-vcodec-decC*;of:N*T*Cmediatek,mt6853-vcodec-dec;of:N*T*Cmediatek,mt6853-vcodec-decC*;of:N*T*Cmediatek,mt6983-vcodec-dec;of:N*T*Cmediatek,mt6983-vcodec-decC*;of:N*T*Cmediatek,mt6879-vcodec-dec;of:N*T*Cmediatek,mt6879-vcodec-decC*;of:N*T*Cmediatek,mt6895-vcodec-dec;of:N*T*Cmediatek,mt6895-vcodec-decC*;of:N*T*Cmediatek,mt6855-vcodec-dec;of:N*T*Cmediatek,mt6855-vcodec-decC*;of:N*T*Cmediatek,mt6985-vcodec-dec;of:N*T*Cmediatek,mt6985-vcodec-decC*;of:N*T*Cmediatek,mt6886-vcodec-dec;of:N*T*Cmediatek,mt6886-vcodec-decC*;of:N*T*Cmediatek,mt8195-vcodec-dec;of:N*T*Cmediatek,mt8195-vcodec-decC*;of:N*T*Cmediatek,mt6835-vcodec-dec;of:N*T*Cmediatek,mt6835-vcodec-decC*;of:N*T*Cmediatek,mt6897-vcodec-dec;of:N*T*Cmediatek,mt6897-vcodec-decC*;of:N*T*Cmediatek,mt6989-vcodec-dec;of:N*T*Cmediatek,mt6989-vcodec-decC*;of:N*T*Cmediatek,mt6878-vcodec-dec;of:N*T*Cmediatek,mt6878-vcodec-decC*;of:N*T*Cmediatek,vdec_gcon;of:N*T*Cmediatek,vdec_gconC*",,GPL v2;GPL v2,Mediatek video codec V4L2 decoder driver,,,AArch64,253,0,yes
vendor_dlkm,mtk-vcodec-enc-v1.ko,vendor_dlkm/lib/modules/mtk-vcodec-enc-v1.ko,466da31c3f159ca13de20f9174463bc837baebbf45c21e63fc0213f7197f6f47,459424,mtk_vcodec_enc_v1,6.1.115-android14-11-g945dff7bc1bf SMP preempt mod_unload modversions aarch64,"mtk-vcodec-common,mtk-icc-core,mtk-mmdvfs-v3,mtk-smi-dbg,vcp,mtk_slbc,mtk_tinysys_ipi,emi,mtk-smi,iommu_debug","of:N*T*Cmediatek,mt8173-vcodec-enc;of:N*T*Cmediatek,mt8173-vcodec-encC*;of:N*T*Cmediatek,mt2712-vcodec-enc;of:N*T*Cmediatek,mt2712-vcodec-encC*;of:N*T*Cmediatek,mt8167-vcodec-enc;of:N*T*Cmediatek,mt8167-vcodec-encC*;of:N*T*Cmediatek,mt6771-vcodec-enc;of:N*T*Cmediatek,mt6771-vcodec-encC*;of:N*T*Cmediatek,mt6885-vcodec-enc;of:N*T*Cmediatek,mt6885-vcodec-encC*;of:N*T*Cmediatek,mt6873-vcodec-enc;of:N*T*Cmediatek,mt6873-vcodec-encC*;of:N*T*Cmediatek,mt6853-vcodec-enc;of:N*T*Cmediatek,mt6853-vcodec-encC*;of:N*T*Cmediatek,mt6983-vcodec-enc;of:N*T*Cmediatek,mt6983-vcodec-encC*;of:N*T*Cmediatek,mt6879-vcodec-enc;of:N*T*Cmediatek,mt6879-vcodec-encC*;of:N*T*Cmediatek,mt6895-vcodec-enc;of:N*T*Cmediatek,mt6895-vcodec-encC*;of:N*T*Cmediatek,mt6855-vcodec-enc;of:N*T*Cmediatek,mt6855-vcodec-encC*;of:N*T*Cmediatek,mt6985-vcodec-enc;of:N*T*Cmediatek,mt6985-vcodec-encC*;of:N*T*Cmediatek,mt6886-vcodec-enc;of:N*T*Cmediatek,mt6886-vcodec-encC*;of:N*T*Cmediatek,mt8195-vcodec-enc;of:N*T*Cmediatek,mt8195-vcodec-encC*;of:N*T*Cmediatek,mt6835-vcodec-enc;of:N*T*Cmediatek,mt6835-vcodec-encC*;of:N*T*Cmediatek,mt6897-vcodec-enc;of:N*T*Cmediatek,mt6897-vcodec-encC*;of:N*T*Cmediatek,mt6989-vcodec-enc;of:N*T*Cmediatek,mt6989-vcodec-encC*;of:N*T*Cmediatek,mt6878-vcodec-enc;of:N*T*Cmediatek,mt6878-vcodec-encC*;of:N*T*Cmediatek,venc_gcon;of:N*T*Cmediatek,venc_gconC*",,GPL v2;GPL v2,Mediatek video codec V4L2 encoder driver,,,AArch64,229,0,yes
vendor_dlkm,mtk-vcu.ko,vendor_dlkm/lib/modules/mtk-vcu.ko,2d54781fdc41f76dfdc0ae56dff4322df24e92793512e03456ffef1fbbb116d4,157472,mtk_vcu,6.1.115-android14-11-g945dff7bc1bf SMP preempt mod_unload modversions aarch64,"mtk-vcodec-common,mtk-cmdq-drv-ext,vcp","of:N*T*Cmediatek,mt8173-vcu;of:N*T*Cmediatek,mt8173-vcuC*;of:N*T*Cmediatek,mt2701-vpu;of:N*T*Cmediatek,mt2701-vpuC*;of:N*T*Cmediatek,mt2712-vcu;of:N*T*Cmediatek,mt2712-vcuC*;of:N*T*Cmediatek,mt6771-vcu;of:N*T*Cmediatek,mt6771-vcuC*;of:N*T*Cmediatek-vcu;of:N*T*Cmediatek-vcuC*;of:N*T*Cmediatek,vcu-io-venc;of:N*T*Cmediatek,vcu-io-vencC*",,GPL v2,Mediatek Video Communication And Controller Unit driver,,,AArch64,99,14,yes
vendor_dlkm,mtk-vmm-isp71-regulator.ko,vendor_dlkm/lib/modules/mtk-vmm-isp71-regulator.ko,44f71bdc995c2dee4f80559e3b1e9e65113648af9e0cf684957ec0da0b04fb6e,62752,mtk_vmm_isp71_regulator,6.1.115-android14-11-g945dff7bc1bf SMP preempt mod_unload modversions aarch64,"mtk_ccu_mssv,mtk_ccu",,,GPL v2,VMM regulator driver,,,AArch64,61,2,yes
vendor_dlkm,mtk-vmm-notifier.ko,vendor_dlkm/lib/modules/mtk-vmm-notifier.ko,c51a910a3df3db3d56f93d60e13c6b08f3263087f67c693dec1923a0bea96e37,19040,mtk_vmm_notifier,6.1.115-android14-11-g945dff7bc1bf SMP preempt mod_unload modversions aarch64,mtk-mmdvfs-v3,,,GPL v2,MTK VMM notifier driver,,,AArch64,16,1,yes
vendor_dlkm,mtk-vow.ko,vendor_dlkm/lib/modules/mtk-vow.ko,f364acc5a5198facb456295c1503927c75ca7f97b8f735164be19c90120235b7,180784,mtk_vow,6.1.115-android14-11-g945dff7bc1bf SMP preempt mod_unload modversions aarch64,"scp,mtk_tinysys_ipi",,,GPL v2,MediaTek VoW Driver,,,AArch64,48,1,yes
vendor_dlkm,mtk_aie.ko,vendor_dlkm/lib/modules/mtk_aie.ko,5d74d10d0e3fbbc8e426fa20f6af13c04ff0755afdfc58efa09b9675d5b96d14,283128,mtk_aie,6.1.115-android14-11-g945dff7bc1bf SMP preempt mod_unload modversions aarch64,"mtk-cmdq-drv-ext,cmdq-sec-drv,system_heap","of:N*T*Cmediatek,aie-isp7s;of:N*T*Cmediatek,aie-isp7sC*;of:N*T*Cmediatek,aie-isp7sp;of:N*T*Cmediatek,aie-isp7spC*;of:N*T*Cmediatek,aie-isp7sp-1;of:N*T*Cmediatek,aie-isp7sp-1C*;of:N*T*Cmediatek,aie-isp7sp-2;of:N*T*Cmediatek,aie-isp7sp-2C*",,GPL;GPL;GPL;GPL v2,AIE DMA-contig memory handling routines for videobuf2;AIE specific memory handling routines for aie_videobuf2;vmalloc memory handling routines for aie_videobuf2;Mediatek AIE driver,,,AArch64,189,9,yes
vendor_dlkm,mtk_aie_debug_7sp_2.ko,vendor_dlkm/lib/modules/mtk_aie_debug_7sp_2.ko,dbb3bbef82c51be7170bb04fc10884f4e527920dcfdf5deab38b6f2c79188b68,15968,mtk_aie_debug_7sp_2,6.1.115-android14-11-g945dff7bc1bf SMP preempt mod_unload modversions aarch64,"iommu_debug,mtk_aie",,,GPL v2,,,,AArch64,6,1,yes
vendor_dlkm,mtk_battery_oc_throttling.ko,vendor_dlkm/lib/modules/mtk_battery_oc_throttling.ko,c610fd72394b57c049aab933433126ac1a9d6eb362d8f1e3e26c156e9d793f8e,37712,mtk_battery_oc_throttling,6.1.115-android14-11-g945dff7bc1bf SMP preempt mod_unload modversions aarch64,,"of:N*T*Cmediatek,mt6359p-battery_oc_throttling;of:N*T*Cmediatek,mt6359p-battery_oc_throttlingC*;of:N*T*Cmediatek,mt6375-battery_oc_throttling;of:N*T*Cmediatek,mt6375-battery_oc_throttlingC*;of:N*T*Cmediatek,mt6377-battery_oc_throttling;of:N*T*Cmediatek,mt6377-battery_oc_throttlingC*;of:N*T*Cmediatek,mt6379-battery-oc-throttling-1;of:N*T*Cmediatek,mt6379-battery-oc-throttling-1C*",,GPL,MTK battery over current throttling driver,,,AArch64,33,2,yes
vendor_dlkm,mtk_c2ps.ko,vendor_dlkm/lib/modules/mtk_c2ps.ko,2a47b709d8edc8e8be6e662289f1f7e13d42be682cfc2b571fd2303446f35574,137744,mtk_c2ps,6.1.115-android14-11-g945dff7bc1bf SMP preempt mod_unload modversions aarch64,"cpufreq_sugov_ext,c2ps_perf_ioctl,scheduler",,,GPL,MediaTek C2PS,,,AArch64,115,0,yes
vendor_dlkm,mtk_ccd_remoteproc.ko,vendor_dlkm/lib/modules/mtk_ccd_remoteproc.ko,8ba14226b2badbbe6538b3d7395cf6656749919360cc7770f7b5e4384ac82acb,52424,mtk_ccd_remoteproc,6.1.115-android14-11-g945dff7bc1bf SMP preempt mod_unload modversions aarch64,ccd_rpmsg,"of:N*T*Cmediatek,ccd;of:N*T*Cmediatek,ccdC*",,GPL v2;GPL v2,MediaTek CCD driver;MediaTek ccd memory interface,,,AArch64,65,8,yes
vendor_dlkm,mtk_ccuv.ko,vendor_dlkm/lib/modules/mtk_ccuv.ko,430d7b0cfe560de3296e117f93b68f15d9d0e9f491c38960eff62448c53bb806,74248,mtk_ccuv,6.1.115-android14-11-g945dff7bc1bf SMP preempt mod_unload modversions aarch64,"mtk-smi-dbg,mtk-icc-core,system_heap,mrdump,aee_aed","of:N*T*Cmediatek,ccu_rproc;of:N*T*Cmediatek,ccu_rprocC*;of:N*T*Cmediatek,ccucammain;of:N*T*Cmediatek,ccucammainC*",,GPL v2;GPL v2;GPL v2,MTK CCU Rproc Driver;MTK CCU Rproc Driver;MTK CCU Rproc Driver,,,AArch64,96,6,yes
vendor_dlkm,mtk_cg_peak_power_throttling.ko,vendor_dlkm/lib/modules/mtk_cg_peak_power_throttling.ko,7363bd0fb4421573b256ffdf06fb15f47fa39913c66f91e0a3eeb2118b7491f9,96768,mtk_cg_peak_power_throttling,6.1.115-android14-11-g945dff7bc1bf SMP preempt mod_unload modversions aarch64,mtk_gpu_hal,"of:N*T*Cmediatek,cgppt;of:N*T*Cmediatek,cgpptC*",,GPL,MTK cg peak power throttling driver,,,AArch64,68,1,yes
vendor_dlkm,mtk_cm_ipi.ko,vendor_dlkm/lib/modules/mtk_cm_ipi.ko,92a0d91b3223f4f5786b100e4998de08ebd5e9ad76a30f212c90712ed8abbcdf,14280,mtk_cm_ipi,6.1.115-android14-11-g945dff7bc1bf SMP preempt mod_unload modversions aarch64,tinysys-scmi,,,GPL,CM ipi Driver v0.1,,,AArch64,6,4,yes
vendor_dlkm,mtk_cm_mgr.ko,vendor_dlkm/lib/modules/mtk_cm_mgr.ko,46dc950c2566b6a7a6b7dfafd34609ec240da46bb463aa7f89b26ea1e60a164d,79032,mtk_cm_mgr,6.1.115-android14-11-g945dff7bc1bf SMP preempt mod_unload modversions aarch64,"mtk_cm_ipi,mtk_disp_notify",,,GPL,,,,AArch64,37,42,yes
vendor_dlkm,mtk_cm_mgr_mt6878.ko,vendor_dlkm/lib/modules/mtk_cm_mgr_mt6878.ko,05b7ba5767dc0d0b82bc54066fafa86b8397899bb77150b6bfc566d14bb97025,37600,mtk_cm_mgr_mt6878,6.1.115-android14-11-g945dff7bc1bf SMP preempt mod_unload modversions aarch64,"mtk_cm_mgr,mtk-dvfsrc,mtk_dramc,mtk_cm_ipi",,,GPL,Mediatek cm_mgr driver,,,AArch64,68,0,yes
vendor_dlkm,mtk_core_ctl.ko,vendor_dlkm/lib/modules/mtk_core_ctl.ko,8a44c50e7a0ff171f81938d311458e233be010f78517fa0e899fe3b9f7e35d4c,148184,mtk_core_ctl,6.1.115-android14-11-g945dff7bc1bf SMP preempt mod_unload modversions aarch64,"cpufreq_sugov_ext,scheduler,thermal_interface",,,GPL,Mediatek core_ctl,,,AArch64,107,21,yes
vendor_dlkm,mtk_cpu_power_throttling.ko,vendor_dlkm/lib/modules/mtk_cpu_power_throttling.ko,d938d803815e1bd7e3651b9a104777cb0a53db9ba4185c56c82c40db4bfb135a,39864,mtk_cpu_power_throttling,6.1.115-android14-11-g945dff7bc1bf SMP preempt mod_unload modversions aarch64,"mtk_low_battery_throttling,mtk_battery_oc_throttling,mtk_bp_thl","of:N*T*Cmediatek,cpu-power-throttling;of:N*T*Cmediatek,cpu-power-throttlingC*",,GPL,MTK cpu power throttling driver,,,AArch64,38,0,yes
vendor_dlkm,mtk_disp_sec.ko,vendor_dlkm/lib/modules/mtk_disp_sec.ko,299bfdb69441c15b0b80121ea3a79f90fc447125a7f0b7593552f128b9be508d,27880,mtk_disp_sec,6.1.115-android14-11-g945dff7bc1bf SMP preempt mod_unload modversions aarch64,"mtk-cmdq-drv-ext,cmdq-sec-drv,mediatek-drm,mtk_sec_heap",,,GPL v2,MTK DRM secure Display,,,AArch64,20,0,yes
vendor_dlkm,mtk_dynamic_loading_throttling.ko,vendor_dlkm/lib/modules/mtk_dynamic_loading_throttling.ko,1d050f59ac0e31630921ae249ddf49382ccba0ecadcccdbe4485b90df3886b32,35472,mtk_dynamic_loading_throttling,6.1.115-android14-11-g945dff7bc1bf SMP preempt mod_unload modversions aarch64,mtk_low_battery_throttling,"of:N*T*Cmediatek,mt6359p-dynamic_loading_throttling;of:N*T*Cmediatek,mt6359p-dynamic_loading_throttlingC*;of:N*T*Cmediatek,mt6363-dynamic_loading_throttling;of:N*T*Cmediatek,mt6363-dynamic_loading_throttlingC*;of:N*T*Cmediatek,mt6377-dynamic_loading_throttling;of:N*T*Cmediatek,mt6377-dynamic_loading_throttlingC*",,GPL,MTK dynamic loading throttling driver,,,AArch64,40,1,yes
vendor_dlkm,mtk_fpsgo.ko,vendor_dlkm/lib/modules/mtk_fpsgo.ko,2cf061df48245d484e5f05a06c1e764627e05b4525e872efc9016454a127f0f9,954224,mtk_fpsgo,6.1.115-android14-11-g945dff7bc1bf SMP preempt mod_unload modversions aarch64,"cpufreq_sugov_ext,mtk_perf_ioctl,powerhal_cpu_ctrl,mtk_perf_ioctl_magt,mediatek-drm,scheduler,mtk_cm_mgr,mtk-dvfsrc,ged",,,GPL;GPL,MediaTek FPSGO;MediaTek GBE,7BD8FB967EDD84F6C17C8E2,,AArch64,176,63,yes
vendor_dlkm,mtk_gpu_hal.ko,vendor_dlkm/lib/modules/mtk_gpu_hal.ko,447ae8199bd3ad10647dfbbeaab0846b72002894dad4a72818d879d934bc5066,59208,mtk_gpu_hal,6.1.115-android14-11-g945dff7bc1bf SMP preempt mod_unload modversions aarch64,,,,GPL,MediaTek GPU HAL,,,AArch64,9,83,yes
vendor_dlkm,mtk_gpu_power_throttling.ko,vendor_dlkm/lib/modules/mtk_gpu_power_throttling.ko,bdcdf47d25cba8530562b4b21e887399c6ce6acdd3f44124cf31b104a3a87ee8,36416,mtk_gpu_power_throttling,6.1.115-android14-11-g945dff7bc1bf SMP preempt mod_unload modversions aarch64,"mtk_low_battery_throttling,mtk_battery_oc_throttling,mtk_bp_thl,mtk_gpufreq_wrapper","of:N*T*Cmediatek,gpu-power-throttling;of:N*T*Cmediatek,gpu-power-throttlingC*",,GPL,MTK gpu power throttling driver,,,AArch64,27,0,yes
vendor_dlkm,mtk_gpu_qos.ko,vendor_dlkm/lib/modules/mtk_gpu_qos.ko,bd73206abe478aa8c944cd37163df48ffd439eb69e3e866f91f0eecd08030775,27888,mtk_gpu_qos,6.1.115-android14-11-g945dff7bc1bf SMP preempt mod_unload modversions aarch64,"mtk_gpu_hal,mtk_gpufreq_wrapper,mtk_qos",,,GPL,MediaTek GPU QOS,,,AArch64,31,4,yes
vendor_dlkm,mtk_gpufreq_mt6878.ko,vendor_dlkm/lib/modules/mtk_gpufreq_mt6878.ko,54428c82358cc794f43c9fb3b62586766f9b892518a3f7fdbfcfaa1977f62ea4,68064,mtk_gpufreq_mt6878,6.1.115-android14-11-g945dff7bc1bf SMP preempt mod_unload modversions aarch64,"mtk_gpufreq_wrapper,mrdump","of:N*T*Cmediatek,gpufreq;of:N*T*Cmediatek,gpufreqC*",,GPL,MediaTek GPU-DVFS platform driver,,,AArch64,30,0,yes
vendor_dlkm,mtk_gpufreq_wrapper.ko,vendor_dlkm/lib/modules/mtk_gpufreq_wrapper.ko,7b047caf1a491693376d3b0f1f67240a202e5522c2211626d8857a6aaafc3139,164552,mtk_gpufreq_wrapper,6.1.115-android14-11-g945dff7bc1bf SMP preempt mod_unload modversions aarch64,"gpueb,mtk_tinysys_ipi,mtk_gpu_hal,mtk_pbm,device-apc-common","of:N*T*Cmediatek,gpufreq_wrapper;of:N*T*Cmediatek,gpufreq_wrapperC*",,GPL,MediaTek GPU-DVFS wrapper driver,,,AArch64,68,43,yes
vendor_dlkm,mtk_hcp.ko,vendor_dlkm/lib/modules/mtk_hcp.ko,2d58b9802107c82af95adb7dbec1b038db802b27f643ddf6c3264a3871437e9b,237640,mtk_hcp,6.1.115-android14-11-g945dff7bc1bf SMP preempt mod_unload modversions aarch64,"mtk_slbc,system_heap","of:N*T*Cmediatek,hcp;of:N*T*Cmediatek,hcpC*;of:N*T*Cmediatek,hcp7s;of:N*T*Cmediatek,hcp7sC*;of:N*T*Cmediatek,hcp7sp;of:N*T*Cmediatek,hcp7spC*",,GPL v2,Mediatek hetero control process driver,,,AArch64,88,112,yes
vendor_dlkm,mtk_heap_debug.ko,vendor_dlkm/lib/modules/mtk_heap_debug.ko,0ad019b0b81ce3a31d828aceb631f04cb7d1bf0f682ac307954588289f14288c,96480,mtk_heap_debug,6.1.115-android14-11-g945dff7bc1bf SMP preempt mod_unload modversions aarch64,"system_heap,mtk_sec_heap,mrdump,monitor_hang",,,GPL v2,,,,AArch64,91,0,yes
vendor_dlkm,mtk_imgsys_cmdq.ko,vendor_dlkm/lib/modules/mtk_imgsys_cmdq.ko,daefc888c27639800e1a8435d9d63a25b5f71a60d3ad73f403348a5b8ad5f6cc,562768,mtk_imgsys_cmdq,6.1.115-android14-11-g945dff7bc1bf SMP preempt mod_unload modversions aarch64,"mtk-mmdvfs-v3,mtk-cmdq-drv-ext,mtk-smi-dbg,mtk-icc-core,cmdq-sec-drv,aee_aed,vcp_status","of:N*T*Cmediatek,imgsys-cmdq-71;of:N*T*Cmediatek,imgsys-cmdq-71C*;of:N*T*Cmediatek,imgsys-cmdq-7s;of:N*T*Cmediatek,imgsys-cmdq-7sC*;of:N*T*Cmediatek,imgsys-cmdq-7sp;of:N*T*Cmediatek,imgsys-cmdq-7spC*",,GPL v2,Mediatek imgsys cmdq driver,,,AArch64,129,14,yes
vendor_dlkm,mtk_imgsys_isp7sp.ko,vendor_dlkm/lib/modules/mtk_imgsys_isp7sp.ko,ec40d0e3e727b86e52dee78707dad344352f1e5a92a1017b9c48c0cd73f1dfd9,241704,mtk_imgsys_isp7sp,6.1.115-android14-11-g945dff7bc1bf SMP preempt mod_unload modversions aarch64,"mtk_imgsys_v4l2,mtk-smi,mtk-cmdq-drv-ext,mtk_hcp","of:N*T*Cmediatek,imgsys-isp7sp-mt6897;of:N*T*Cmediatek,imgsys-isp7sp-mt6897C*;of:N*T*Cmediatek,imgsys-isp7sp-mt6989;of:N*T*Cmediatek,imgsys-isp7sp-mt6989C*;of:N*T*Cmediatek,imgsys-isp7sp-mt6878;of:N*T*Cmediatek,imgsys-isp7sp-mt6878C*",,GPL v2,Mediatek imgsys driver,,,AArch64,43,0,yes
vendor_dlkm,mtk_imgsys_v4l2.ko,vendor_dlkm/lib/modules/mtk_imgsys_v4l2.ko,06e6707e84347053dcef95a744b98f16a4592c99c3ac88b5e9a1bb773759d371,344376,mtk_imgsys_v4l2,6.1.115-android14-11-g945dff7bc1bf SMP preempt mod_unload modversions aarch64,"mtk_hcp,iommu_debug,mtk_imgsys_cmdq,mtk-ipesys-me,mtk-mmdvfs-v3,mtk-smi","of:N*T*Cmediatek,imgsys;of:N*T*Cmediatek,imgsysC*",,GPL v2,Mediatek DIP driver,,,AArch64,222,5,yes
vendor_dlkm,mtk_ioctl_powerhal.ko,vendor_dlkm/lib/modules/mtk_ioctl_powerhal.ko,27b4eb51f483c27af58f2a154fe8b063609da56a16ae80ff66a25a21887faee8,25888,mtk_ioctl_powerhal,6.1.115-android14-11-g945dff7bc1bf SMP preempt mod_unload modversions aarch64,,,,GPL,MediaTek POWERHAL perf_ioctl,,,AArch64,15,11,yes
vendor_dlkm,mtk_ioctl_touch_boost.ko,vendor_dlkm/lib/modules/mtk_ioctl_touch_boost.ko,56c1d502ace3ad4ab677dd63639df9df651d0418033071b640ed3075fa1118c1,18416,mtk_ioctl_touch_boost,6.1.115-android14-11-g945dff7bc1bf SMP preempt mod_unload modversions aarch64,,,,GPL,MediaTek TOUCH_BOOST perf_ioctl,,,AArch64,12,1,yes
vendor_dlkm,mtk_irtx_pwm.ko,vendor_dlkm/lib/modules/mtk_irtx_pwm.ko,9eaf53b9cb26a1d8b5016aff46950f3318d5dac11de7c4ac3e83c5ff99384d95,18560,mtk_irtx_pwm,6.1.115-android14-11-g945dff7bc1bf SMP preempt mod_unload modversions aarch64,mtk-pwm,,,GPL,MTK PWM IR Transmitter,,,AArch64,22,0,yes
vendor_dlkm,mtk_jpeg.ko,vendor_dlkm/lib/modules/mtk_jpeg.ko,fd6aa93126acf2a9fe9634d1f7d34d79958803faea00c46989bda7481a49cf7e,86744,mtk_jpeg,6.1.115-android14-11-g945dff7bc1bf SMP preempt mod_unload modversions aarch64,"mtk-icc-core,mtk-mmdvfs-v3","of:N*T*Cmediatek,mt8173-jpgdec;of:N*T*Cmediatek,mt8173-jpgdecC*;of:N*T*Cmediatek,mt2701-jpgdec;of:N*T*Cmediatek,mt2701-jpgdecC*;of:N*T*Cmediatek,mtk-jpgenc;of:N*T*Cmediatek,mtk-jpgencC*;of:N*T*Cmediatek,mtk-jpgenc_c1;of:N*T*Cmediatek,mtk-jpgenc_c1C*;of:N*T*Cmediatek,mtk-jpgenc_c0_c1;of:N*T*Cmediatek,mtk-jpgenc_c0_c1C*",,GPL v2,MediaTek JPEG codec driver,,,AArch64,115,0,yes
vendor_dlkm,mtk_low_battery_throttling.ko,vendor_dlkm/lib/modules/mtk_low_battery_throttling.ko,918cf48b4e37ea860d8b5d6e82a263437dd383ed8c86ff3e9482e73697982e18,84168,mtk_low_battery_throttling,6.1.115-android14-11-g945dff7bc1bf SMP preempt mod_unload modversions aarch64,"pmic_lbat_service,pmic_lvsys_notify","of:N*T*Cmediatek,low_battery_throttling;of:N*T*Cmediatek,low_battery_throttlingC*",,GPL,MTK low battery throttling driver,,,AArch64,59,4,yes
vendor_dlkm,mtk_mbraink.ko,vendor_dlkm/lib/modules/mtk_mbraink.ko,d382f5702aa114bd1edb79db57eec867b304af48e7cb31ecc113564c04442c21,223760,mtk_mbraink,6.1.115-android14-11-g945dff7bc1bf SMP preempt mod_unload modversions aarch64,"mtk-lpm-dbg-common-v2,mtk-swpm,scp,ccci_md_all,mtk-dvfsrc-helper,mtk_fpsgo,ged,mtk_gpufreq_wrapper,mtk-swpm-perf-arm-pmu",,,GPL,MBrainK Linux Device Driver,AFA6A4AA38A618B73A3017D,,AArch64,134,1,yes
vendor_dlkm,mtk_md_power_throttling.ko,vendor_dlkm/lib/modules/mtk_md_power_throttling.ko,d5a38a499f064af414da18290e7492947e1388ff64c021a70aa4c595f78f5c2b,20816,mtk_md_power_throttling,6.1.115-android14-11-g945dff7bc1bf SMP preempt mod_unload modversions aarch64,"mtk_low_battery_throttling,mtk_battery_oc_throttling,mtk_bp_thl,pmic_lbat_service,ccci_md_all","of:N*T*Cmediatek,md-power-throttling;of:N*T*Cmediatek,md-power-throttlingC*",,GPL,MTK modem power throttling driver,,,AArch64,14,0,yes
vendor_dlkm,mtk_mdpm.ko,vendor_dlkm/lib/modules/mtk_mdpm.ko,969f9a68833b3d1ac5ae7f3366690a93f5ff59d81917c83f15c7dbf7bb33a124,128480,mtk_mdpm,6.1.115-android14-11-g945dff7bc1bf SMP preempt mod_unload modversions aarch64,,"of:N*T*Cmediatek,mt6873-mdpm;of:N*T*Cmediatek,mt6873-mdpmC*;of:N*T*Cmediatek,mt6893-mdpm;of:N*T*Cmediatek,mt6893-mdpmC*;of:N*T*Cmediatek,mt6983-mdpm;of:N*T*Cmediatek,mt6983-mdpmC*;of:N*T*Cmediatek,mt6879-mdpm;of:N*T*Cmediatek,mt6879-mdpmC*;of:N*T*Cmediatek,mt6895-mdpm;of:N*T*Cmediatek,mt6895-mdpmC*;of:N*T*Cmediatek,mt6886-mdpm;of:N*T*Cmediatek,mt6886-mdpmC*;of:N*T*Cmediatek,mt6985-mdpm;of:N*T*Cmediatek,mt6985-mdpmC*;of:N*T*Cmediatek,mt6897-mdpm;of:N*T*Cmediatek,mt6897-mdpmC*;of:N*T*Cmediatek,mt6989-mdpm;of:N*T*Cmediatek,mt6989-mdpmC*;of:N*T*Cmediatek,mt6878-mdpm;of:N*T*Cmediatek,mt6878-mdpmC*",,GPL,MTK modem power meter driver,,,AArch64,25,2,yes
vendor_dlkm,mtk_pbm.ko,vendor_dlkm/lib/modules/mtk_pbm.ko,95616547e69d9b1d04bfbad63ee477e0a31b000f7e13544dc797e1e7ebf6f5ad,55880,mtk_pbm,6.1.115-android14-11-g945dff7bc1bf SMP preempt mod_unload modversions aarch64,"mtk_dynamic_loading_throttling,mtk_mdpm","of:N*T*Cmediatek,pbm;of:N*T*Cmediatek,pbmC*",,GPL,MTK power budget management,,,AArch64,57,4,yes
vendor_dlkm,mtk_peak_power_budget.ko,vendor_dlkm/lib/modules/mtk_peak_power_budget.ko,1a98df6a9e2f8a004ca3cf6cd373b650e26c2c3383ceb2c59467ba993028f11a,95872,mtk_peak_power_budget,6.1.115-android14-11-g945dff7bc1bf SMP preempt mod_unload modversions aarch64,mtk_low_battery_throttling,"of:N*T*Cmediatek,peak_power_budget;of:N*T*Cmediatek,peak_power_budgetC*",,GPL,MTK peak power budget,,,AArch64,60,1,yes
vendor_dlkm,mtk_perf_common.ko,vendor_dlkm/lib/modules/mtk_perf_common.ko,83213ec4765fe3c88e6bc68ab56ee435845b6e72c51041f53d1a020cf98000bc,118104,mtk_perf_common,6.1.115-android14-11-g945dff7bc1bf SMP preempt mod_unload modversions aarch64,"mtk-dvfsrc-helper,mtk_qos,cpufreq_sugov_ext,thermal_interface,blocktag,mtk_gpu_hal",,,GPL,MediaTek performance tracker,,,AArch64,88,2,yes
vendor_dlkm,mtk_perf_ioctl.ko,vendor_dlkm/lib/modules/mtk_perf_ioctl.ko,44ec0fd9a49be4e7e19ef01f125ba3406aa792183031268b488f9a8126e76098,37952,mtk_perf_ioctl,6.1.115-android14-11-g945dff7bc1bf SMP preempt mod_unload modversions aarch64,,,,GPL,MediaTek FPSGO perf_ioctl,,,AArch64,18,25,yes
vendor_dlkm,mtk_perf_ioctl_magt.ko,vendor_dlkm/lib/modules/mtk_perf_ioctl_magt.ko,76c6ac7ed99045cf0550347e03a21112b6da38258669875bd18e0a31b3ac011e,32504,mtk_perf_ioctl_magt,6.1.115-android14-11-g945dff7bc1bf SMP preempt mod_unload modversions aarch64,,,,GPL,MediaTek MAGT ioctl,,,AArch64,29,4,yes
vendor_dlkm,mtk_qos.ko,vendor_dlkm/lib/modules/mtk_qos.ko,bb63d614894cd8b605f6bb1f2304aa90e9c5848d235e30522414b7eb45dcce4f,54968,mtk_qos,6.1.115-android14-11-g945dff7bc1bf SMP preempt mod_unload modversions aarch64,"sspm_v3,mtk_dramc,emi,tinysys-scmi",,,GPL v2;GPL v2,MediaTek QoS driver;MediaTek QoS driver,,,AArch64,33,27,yes
vendor_dlkm,mtk_rpmsg_mbox.ko,vendor_dlkm/lib/modules/mtk_rpmsg_mbox.ko,cc2c852907b94c27da4d4478e315fd823fc7fab6849b71a76893e7087a513814,16272,mtk_rpmsg_mbox,6.1.115-android14-11-g945dff7bc1bf SMP preempt mod_unload modversions aarch64,mtk-mbox,,,GPL v2,MediaTek rpmsg driver,,,AArch64,13,3,yes
vendor_dlkm,mtk_sec_heap.ko,vendor_dlkm/lib/modules/mtk_sec_heap.ko,43e34c4502ef9f5c7243e3bfc7cb64c2692d9d222f8eaa2b033dd4ef74f08b4d,74840,mtk_sec_heap,6.1.115-android14-11-g945dff7bc1bf SMP preempt mod_unload modversions aarch64,"tmem_ffa,system_heap",,pre: apusys,GPL v2,,,,AArch64,73,3,yes
vendor_dlkm,mtk_tinysys_ipi.ko,vendor_dlkm/lib/modules/mtk_tinysys_ipi.ko,a64d819e0fde04f5c508c603d805838381550ca8012b899c5b91f8b4d7479834,31888,mtk_tinysys_ipi,6.1.115-android14-11-g945dff7bc1bf SMP preempt mod_unload modversions aarch64,"mtk_rpmsg_mbox,mtk-mbox",,,GPL v2,MediaTek Tinysys IPI driver,,,AArch64,27,10,yes
vendor_dlkm,mtk_u_ether.ko,vendor_dlkm/lib/modules/mtk_u_ether.ko,162726e0ba83220a4b64b6d847738a3d98c39f834f3e97892760750a882a8ea2,68616,mtk_u_ether,6.1.115-android14-11-g945dff7bc1bf SMP preempt mod_unload modversions aarch64,rps_perf,,,GPL v2,ethernet over USB driver,,,AArch64,62,19,yes
vendor_dlkm,mtk_usb_f_rndis.ko,vendor_dlkm/lib/modules/mtk_usb_f_rndis.ko,ac1e2c5203ab29e041e9dbfa8f2c6049d3774f2a9a78739713a4869f202e996b,68096,mtk_usb_f_rndis,6.1.115-android14-11-g945dff7bc1bf SMP preempt mod_unload modversions aarch64,mtk_u_ether,usbfunc:mtk_rndis,,GPL,,,,AArch64,74,15,yes
vendor_dlkm,nvmem-mt635x-efuse.ko,vendor_dlkm/lib/modules/nvmem-mt635x-efuse.ko,17da74bcc7ab59b01da4a7f37b3ae12a1401fe86483a3aa0eca6191bf3cbc6aa,18256,nvmem_mt635x_efuse,6.1.115-android14-11-g945dff7bc1bf SMP preempt mod_unload modversions aarch64,,,,GPL v2,MediaTek PMIC eFuse Driver for MT6359 PMIC,,,AArch64,18,0,yes
vendor_dlkm,pda_drv_mt6878.ko,vendor_dlkm/lib/modules/pda_drv_mt6878.ko,d0b09a5d6c6825134c7b6e9a59b3efe89c3f95a5000f074b559a9688f52e713e,116576,pda_drv_mt6878,6.1.115-android14-11-g945dff7bc1bf SMP preempt mod_unload modversions aarch64,"mtk-mmdvfs-v3,mtk-icc-core","of:N*T*Cmediatek,camera-pda;of:N*T*Cmediatek,camera-pdaC*;of:N*T*Cmediatek,camera-pda2;of:N*T*Cmediatek,camera-pda2C*",,GPL,Camera PDA driver,,,AArch64,63,0,yes
vendor_dlkm,pmic_temp.ko,vendor_dlkm/lib/modules/pmic_temp.ko,02d2b0536b1a84ebdd454894343b07044c151c5616452fd639ae48a139b75983,33824,pmic_temp,6.1.115-android14-11-g945dff7bc1bf SMP preempt mod_unload modversions aarch64,,"of:N*T*Cmediatek,mt6359-pmic-temp;of:N*T*Cmediatek,mt6359-pmic-tempC*;of:N*T*Cmediatek,mt6363-pmic-temp;of:N*T*Cmediatek,mt6363-pmic-tempC*;of:N*T*Cmediatek,mt6366-pmic-temp;of:N*T*Cmediatek,mt6366-pmic-tempC*;of:N*T*Cmediatek,mt6368-pmic-temp;of:N*T*Cmediatek,mt6368-pmic-tempC*;of:N*T*Cmediatek,mt6369-pmic-temp;of:N*T*Cmediatek,mt6369-pmic-tempC*;of:N*T*Cmediatek,mt6373-pmic-temp;of:N*T*Cmediatek,mt6373-pmic-tempC*;of:N*T*Cmediatek,mt6338-pmic-temp;of:N*T*Cmediatek,mt6338-pmic-tempC*",,GPL v2,Mediatek pmic temp sensor driver,,,AArch64,20,0,yes
vendor_dlkm,powerhal_cpu_ctrl.ko,vendor_dlkm/lib/modules/powerhal_cpu_ctrl.ko,e371ac6b3ff9b8ed3a8d25fdef4650b1a37fd607e955b946377e4a817a3e4fc6,72280,powerhal_cpu_ctrl,6.1.115-android14-11-g945dff7bc1bf SMP preempt mod_unload modversions aarch64,"cpudvfs,mtk_ioctl_powerhal",,,GPL,MediaTek POWERHAL_CPU_CTRL,,,AArch64,73,4,yes
vendor_dlkm,reboot-mode.ko,vendor_dlkm/lib/modules/reboot-mode.ko,313dc3182a1806334923562ca01dd1d6c43ebcc5a4fb38953f04ddf23b477883,16712,reboot_mode,6.1.115-android14-11-g945dff7bc1bf SMP preempt mod_unload modversions aarch64,,,,GPL v2,System reboot mode core library,,,AArch64,15,4,yes
vendor_dlkm,rps_perf.ko,vendor_dlkm/lib/modules/rps_perf.ko,d0c3107dac0ee8a3f2b09006a19234e51f13711eb42f4459cb6d60d1c9194286,11984,rps_perf,6.1.115-android14-11-g945dff7bc1bf SMP preempt mod_unload modversions aarch64,,,,GPL,,,,AArch64,13,1,yes
vendor_dlkm,sapu.ko,vendor_dlkm/lib/modules/sapu.ko,b769524e3852927cd3b906c9b774a3c2e886700eb8f8b3051d5703d865637617,47264,sapu,6.1.115-android14-11-g945dff7bc1bf SMP preempt mod_unload modversions aarch64,"gz_trusty_mod,gz_tz_system,mtk_sec_heap","of:N*T*Cmediatek,trusty-sapu;of:N*T*Cmediatek,trusty-sapuC*",,GPL v2,,,,AArch64,49,0,yes
vendor_dlkm,scheduler.ko,vendor_dlkm/lib/modules/scheduler.ko,6d7733c1cb95fb46235f7b12527b992a2833c891124f74d73765b7fbb3e93b02,828072,scheduler,6.1.115-android14-11-g945dff7bc1bf SMP preempt mod_unload modversions aarch64,"powerhal_cpu_ctrl,cpufreq_sugov_ext,thermal_interface,cpuqos_v3",,,GPL;GPL;GPL;GPL;GPL,MediaTek scheduler,,,AArch64,289,145,yes
vendor_dlkm,scheduler_ext.ko,vendor_dlkm/lib/modules/scheduler_ext.ko,2a49e36bb6d7c6b4ce5f6f9818b80f5de8b003a26377b3dcfc8476dc0f09722e,9648,scheduler_ext,6.1.115-android14-11-g945dff7bc1bf SMP preempt mod_unload modversions aarch64,,,,Proprietary,MediaTek scheduler,,,AArch64,0,0,yes
vendor_dlkm,scp.ko,vendor_dlkm/lib/modules/scp.ko,89280de5d6002d1d708df033b7c77cd40e399120c965771edd49343d04bdd61b,419808,scp,6.1.115-android14-11-g945dff7bc1bf SMP preempt mod_unload modversions aarch64,"mtk_tinysys_ipi,mtk-mbox,mtk-afe-external,aee_aed,clk-common",,,GPL,MEDIATEK Module SCP driver,,,AArch64,137,27,yes
vendor_dlkm,sensorhub.ko,vendor_dlkm/lib/modules/sensorhub.ko,9824c10f3d5d5bec18ad67df299189f07cc78c6b8905705daf1109af6316efd2,113008,sensorhub,6.1.115-android14-11-g945dff7bc1bf SMP preempt mod_unload modversions aarch64,"scp,mtk_tinysys_ipi,hf_manager,mtk_disp_notify",,,GPL,transceiver driver,,,AArch64,86,0,yes
vendor_dlkm,snd-soc-audiodsp-common.ko,vendor_dlkm/lib/modules/snd-soc-audiodsp-common.ko,bacfccf1eda2f6c2fd3165872ad09f8709a97f2df4a65ce2649a7eb568634ee4,227024,snd_soc_audiodsp_common,6.1.115-android14-11-g945dff7bc1bf SMP preempt mod_unload modversions aarch64,"aee_aed,audio_ipi,adsp,mtk-afe-external,scp,mtk_tinysys_ipi","of:N*T*Cmediatek,snd-audio-dsp;of:N*T*Cmediatek,snd-audio-dspC*",,GPL v2;GPL v2,Mediatek ALSA SoC dsp platform driver for audio dsp;Mediatek dsp platform driver,,,AArch64,103,36,yes
vendor_dlkm,snd-soc-mt6369.ko,vendor_dlkm/lib/modules/snd-soc-mt6369.ko,523e43835638432a64b5b62a1aa65c9c9d431ad97078ac45f7c250a069ba7603,276280,snd_soc_mt6369,6.1.115-android14-11-g945dff7bc1bf SMP preempt mod_unload modversions aarch64,"mt6685-audclk,mt6369-accdet","of:N*T*Cmediatek,mt6369-sound;of:N*T*Cmediatek,mt6369-soundC*",,GPL v2,MT6369 ALSA SoC codec driver,,,AArch64,58,5,yes
vendor_dlkm,snd-soc-mt6878-afe.ko,vendor_dlkm/lib/modules/snd-soc-mt6878-afe.ko,9b43496b8220052b6ac602be1b21bec981300bdf496d378cb71409dd5a2e1261,899760,snd_soc_mt6878_afe,6.1.115-android14-11-g945dff7bc1bf SMP preempt mod_unload modversions aarch64,"snd-soc-mtk-common,aee_aed,snd-soc-audiodsp-common,snd-soc-mtk-scp-ultra,mtk_peak_power_budget","of:N*T*Cmediatek,mt6878-sound;of:N*T*Cmediatek,mt6878-soundC*",,GPL;GPL,Mediatek ALSA SoC AFE platform driver for 6878;Mediatek afe cm,,,AArch64,128,13,yes
vendor_dlkm,snd-soc-mtk-common.ko,vendor_dlkm/lib/modules/snd-soc-mtk-common.ko,0675b943ec9255c8ca4adf8506ea247ae25a2e9175607aa9b2001cc87ef5fbd1,126072,snd_soc_mtk_common,6.1.115-android14-11-g945dff7bc1bf SMP preempt mod_unload modversions aarch64,"mtk-afe-external,snd-soc-audiodsp-common,aee_aed,mtk-scp-ultra,adsp,audio_ipi,scp,ccci_md_all,ccci_util_lib",,,GPL v2;GPL v2;GPL v2;GPL;GPL v2;GPL v2;GPL v2;GPL v2,Mediatek simple platform driver;Mediatek simple fe dai operator;Mediatek Smart Phone PCM Operation;Mediatek USB offload ops;Mediatek uSip memory control;Mediatek sram manager;Mediatek Smart Phone PCM Operation;Mediatek AFE Debug,,,AArch64,87,55,yes
vendor_dlkm,snd-soc-mtk-scp-ultra.ko,vendor_dlkm/lib/modules/snd-soc-mtk-scp-ultra.ko,d6e3a55e3e1174a75445f61e2e9ec4165331e2f47732736dad516709b46f9d56,64944,snd_soc_mtk_scp_ultra,6.1.115-android14-11-g945dff7bc1bf SMP preempt mod_unload modversions aarch64,"mtk-scp-ultra,scp,mtk-afe-external,mtk_tinysys_ipi","of:N*T*Cmediatek,snd-scp-ultra;of:N*T*Cmediatek,snd-scp-ultraC*",,GPL v2;GPL v2,Mediatek ALSA SoC scp ultrasound platform driver;Mediatek scp ultra platform driver,,,AArch64,50,2,yes
vendor_dlkm,snd-soc-tfa98xx.ko,vendor_dlkm/lib/modules/snd-soc-tfa98xx.ko,c89b74b83eed59dba189f681ac73a56ffcfb8152907f060413b562734c047eb8,314408,snd_soc_tfa98xx,6.1.115-android14-11-g945dff7bc1bf SMP preempt mod_unload modversions aarch64,,"of:N*T*Cgoodix,tfa9874;of:N*T*Cgoodix,tfa9874C*;i2c:tfa9874",,GPL v2,Goodix Speaker Amp Codec Driver,,,AArch64,95,0,yes
vendor_dlkm,soc_temp_lvts.ko,vendor_dlkm/lib/modules/soc_temp_lvts.ko,1b6ba20b2b871e18ef41c18dacaf0cb9713f7686dca998d1bf4c1018a1b71003,116856,soc_temp_lvts,6.1.115-android14-11-g945dff7bc1bf SMP preempt mod_unload modversions aarch64,thermal_interface,"of:N*T*Cmediatek,mt6873-lvts;of:N*T*Cmediatek,mt6873-lvtsC*;of:N*T*Cmediatek,mt6853-lvts;of:N*T*Cmediatek,mt6853-lvtsC*;of:N*T*Cmediatek,mt6893-lvts;of:N*T*Cmediatek,mt6893-lvtsC*;of:N*T*Cmediatek,mt6983-lvts;of:N*T*Cmediatek,mt6983-lvtsC*;of:N*T*Cmediatek,mt6985-lvts;of:N*T*Cmediatek,mt6985-lvtsC*;of:N*T*Cmediatek,mt6879-lvts;of:N*T*Cmediatek,mt6879-lvtsC*;of:N*T*Cmediatek,mt6895-lvts;of:N*T*Cmediatek,mt6895-lvtsC*;of:N*T*Cmediatek,mt6855-lvts;of:N*T*Cmediatek,mt6855-lvtsC*;of:N*T*Cmediatek,mt6833-lvts;of:N*T*Cmediatek,mt6833-lvtsC*;of:N*T*Cmediatek,mt6789-lvts;of:N*T*Cmediatek,mt6789-lvtsC*;of:N*T*Cmediatek,mt6886-lvts;of:N*T*Cmediatek,mt6886-lvtsC*;of:N*T*Cmediatek,mt6897-lvts;of:N*T*Cmediatek,mt6897-lvtsC*;of:N*T*Cmediatek,mt6989-lvts;of:N*T*Cmediatek,mt6989-lvtsC*;of:N*T*Cmediatek,mt6878-lvts;of:N*T*Cmediatek,mt6878-lvtsC*",,GPL v2,Mediatek soc temperature driver,,,AArch64,35,0,yes
vendor_dlkm,spi_tiny_co5300_lcd.ko,vendor_dlkm/lib/modules/spi_tiny_co5300_lcd.ko,39eecad8254c2fc69f9c8d52902b443b3adc64c79c4c6a529af19b4b1f2a9742,323128,spi_tiny_co5300_lcd,6.1.115-android14-11-g945dff7bc1bf SMP preempt mod_unload modversions aarch64,"yft_devinfo,hynitron","spi:SSD1317;of:N*T*Chxytech,_spi_tiny_lcd;of:N*T*Chxytech,_spi_tiny_lcdC*",,GPL v2,"SSD1317, OEL Display Module, QG-9696TSWXG04 VER B, 4-wire I SPI, 8bit 1-data-line",3058614C4D8DB62181261D9,,AArch64,57,0,yes
vendor_dlkm,spmi-mtk-mpu.ko,vendor_dlkm/lib/modules/spmi-mtk-mpu.ko,7f388ed26fbd55c5b6a6d522d320634ec0adfd47d62dccc8da31ffd438b3d23e,21824,spmi_mtk_mpu,6.1.115-android14-11-g945dff7bc1bf SMP preempt mod_unload modversions aarch64,,"of:N*T*Cmediatek,mt6878-spmi-pmif-mpu;of:N*T*Cmediatek,mt6878-spmi-pmif-mpuC*;of:N*T*Cmediatek,mt6886-spmi_pmif_mpu;of:N*T*Cmediatek,mt6886-spmi_pmif_mpuC*;of:N*T*Cmediatek,mt6895-spmi_pmif_mpu;of:N*T*Cmediatek,mt6895-spmi_pmif_mpuC*;of:N*T*Cmediatek,mt6897-spmi-pmif-mpu;of:N*T*Cmediatek,mt6897-spmi-pmif-mpuC*;of:N*T*Cmediatek,mt6983-spmi_pmif_mpu;of:N*T*Cmediatek,mt6983-spmi_pmif_mpuC*;of:N*T*Cmediatek,mt6985-spmi_pmif_mpu;of:N*T*Cmediatek,mt6985-spmi_pmif_mpuC*;of:N*T*Cmediatek,mt6989-spmi-pmif-mpu;of:N*T*Cmediatek,mt6989-spmi-pmif-mpuC*",,GPL,MediaTek SPMI PMIF MPU Driver,,,AArch64,17,0,yes
vendor_dlkm,sspm_v3.ko,vendor_dlkm/lib/modules/sspm_v3.ko,509a78cb69a7ec64547919908783532416c51c1bc3b0da14ff8057ff9bc6e906,48936,sspm_v3,6.1.115-android14-11-g945dff7bc1bf SMP preempt mod_unload modversions aarch64,tinysys-scmi,,pre: tinysys-scmi.ko,GPL v2,MEDIATEK Module SSPM platform driver,,,AArch64,49,4,yes
vendor_dlkm,sub_vcm.ko,vendor_dlkm/lib/modules/sub_vcm.ko,77aef22b818dbc19f2a06fbab9ccbeed901908dcc4e0eb75e3c2dbbe22f32c41,29360,sub_vcm,6.1.115-android14-11-g945dff7bc1bf SMP preempt mod_unload modversions aarch64,,"i2c:sub_vcm;of:N*T*Cmediatek,sub_vcm;of:N*T*Cmediatek,sub_vcmC*",,GPL,SUB_VCM VCM driver,,,AArch64,28,0,yes
vendor_dlkm,syscon-reboot-mode.ko,vendor_dlkm/lib/modules/syscon-reboot-mode.ko,9d695c0ebe5013be215848ab0c096762b5be63ff28a42e9923ab50d4bf0e4721,14464,syscon_reboot_mode,6.1.115-android14-11-g945dff7bc1bf SMP preempt mod_unload modversions aarch64,reboot-mode,of:N*T*Csyscon-reboot-mode;of:N*T*Csyscon-reboot-modeC*,,GPL v2,SYSCON reboot mode driver,,,AArch64,8,0,yes
vendor_dlkm,task_turbo.ko,vendor_dlkm/lib/modules/task_turbo.ko,2fef911274ce81337df13f55ee886dec895ba4ab4a8a5614ae951243d4bb9940,100752,task_turbo,6.1.115-android14-11-g945dff7bc1bf SMP preempt mod_unload modversions aarch64,cpufreq_sugov_ext,,,GPL,MediaTek task-turbo,,,AArch64,75,0,yes
vendor_dlkm,thermal-generic-adc.ko,vendor_dlkm/lib/modules/thermal-generic-adc.ko,d1a827e499d45203cfbb30fe8b8c6d7d8e60a6f60c42f5754d7ebd3e6dabc3dd,16176,thermal_generic_adc,6.1.115-android14-11-g945dff7bc1bf SMP preempt mod_unload modversions aarch64,,of:N*T*Cgeneric-adc-thermal;of:N*T*Cgeneric-adc-thermalC*,,GPL v2,Generic ADC thermal driver using IIO framework with DT,,,AArch64,12,0,yes
vendor_dlkm,thermal_interface.ko,vendor_dlkm/lib/modules/thermal_interface.ko,b7cf44b7609c215f2fb772e3c6e55b6de04ea311ccb5a8a0e9fde0b8ba20eeb6,124272,thermal_interface,6.1.115-android14-11-g945dff7bc1bf SMP preempt mod_unload modversions aarch64,"mediatek-drm,leds-mtk,mtk_gpufreq_wrapper,mtk_dramc","of:N*T*Cmediatek,therm_intf;of:N*T*Cmediatek,therm_intfC*",,GPL v2,Mediatek thermal interface driver,,,AArch64,72,25,yes
vendor_dlkm,thermal_trace.ko,vendor_dlkm/lib/modules/thermal_trace.ko,b7e09b0600c38d67fb8bc233327503c7e3be1d7dc5820c43d5eb775c45d75495,93376,thermal_trace,6.1.115-android14-11-g945dff7bc1bf SMP preempt mod_unload modversions aarch64,thermal_interface,,,GPL v2,Mediatek thermal trace driver,,,AArch64,56,18,yes
vendor_dlkm,tmem_ffa.ko,vendor_dlkm/lib/modules/tmem_ffa.ko,707e26674abbe7f9c695bb949d74fd5de04972d4bbb991cddc3a2ea9ab45f01b,151456,tmem_ffa,6.1.115-android14-11-g945dff7bc1bf SMP preempt mod_unload modversions aarch64,"gz_tz_system,tkcore,ffa_v10",,,GPL v2,MediaTek Trusted Memory Driver,,,AArch64,76,15,yes
vendor_dlkm,touch_boost.ko,vendor_dlkm/lib/modules/touch_boost.ko,cb5a72a30abedd671482c960d3e9c2dd7693e0df1ab6d001ba057beb9e031e85,111080,touch_boost,6.1.115-android14-11-g945dff7bc1bf SMP preempt mod_unload modversions aarch64,"scheduler,powerhal_cpu_ctrl,mtk_perf_ioctl,mtk_ioctl_touch_boost",,,GPL,MediaTek TOUCH_BOOST,,,AArch64,84,0,yes
vendor_dlkm,trace_mmstat.ko,vendor_dlkm/lib/modules/trace_mmstat.ko,1c9472add96bc70d9855bac5c3bf8c43d6c309ee2c9f404b0da67851eb6b8e9a,45952,trace_mmstat,6.1.115-android14-11-g945dff7bc1bf SMP preempt mod_unload modversions aarch64,mtk_gpu_hal,,,GPL,MediaTek mmstat tracer,,,AArch64,55,0,yes
vendor_dlkm,tui-common.ko,vendor_dlkm/lib/modules/tui-common.ko,c1f02c92e450fab8c0a68e2e637701df730c7a86a526d382cce5f9034e753384,13968,tui_common,6.1.115-android14-11-g945dff7bc1bf SMP preempt mod_unload modversions aarch64,,,,GPL,tui common,,,AArch64,1,3,yes
vendor_dlkm,uload_ind.ko,vendor_dlkm/lib/modules/uload_ind.ko,ca82fe20fd6db599a0f13b9dd77cea01958fe1ae978650cbbfc03f853a6e98da,47952,uload_ind,6.1.115-android14-11-g945dff7bc1bf SMP preempt mod_unload modversions aarch64,load_track,,,GPL,MediaTek ULOAD_IND,,,AArch64,38,0,yes
vendor_dlkm,usb_offload.ko,vendor_dlkm/lib/modules/usb_offload.ko,ab54fba1c0aba74665e93369c2f1506b6ff53172267a6a3de0b01a42c373bff8,143720,usb_offload,6.1.115-android14-11-g945dff7bc1bf SMP preempt mod_unload modversions aarch64,"audio_ipi,usb_boost,mtu3,adsp,scp,clk-common,xhci-mtk-hcd-v2,snd-soc-mtk-common","of:N*T*Cmediatek,usb-offload;of:N*T*Cmediatek,usb-offloadC*",,GPL,MediaTek USB Offload Driver,,,AArch64,73,8,yes
vendor_dlkm,vcp.ko,vendor_dlkm/lib/modules/vcp.ko,bc03ecf9402ba4313b23bf18f55e696d0d09f0197e0d21091a50d9bd5fbd5314,268776,vcp,6.1.115-android14-11-g945dff7bc1bf SMP preempt mod_unload modversions aarch64,"vcp_status,clk-common,mtk-smi-dbg,mtk_tinysys_ipi,irq-dbg,device-apc-common,mtk-mbox,system_heap,mrdump,aee_aed",,,GPL,MEDIATEK Module VCP driver,,,AArch64,133,27,yes
vendor_dlkm,vtskin_temp.ko,vendor_dlkm/lib/modules/vtskin_temp.ko,ca66d7fd5606bc2e12dd613a45a5fb657a0e282380d7b86a4458889d1797619a,22560,vtskin_temp,6.1.115-android14-11-g945dff7bc1bf SMP preempt mod_unload modversions aarch64,thermal_interface,"of:N*T*Cmediatek,mt6983-virtual-tskin;of:N*T*Cmediatek,mt6983-virtual-tskinC*;of:N*T*Cmediatek,mt6985-virtual-tskin;of:N*T*Cmediatek,mt6985-virtual-tskinC*;of:N*T*Cmediatek,mt6897-virtual-tskin;of:N*T*Cmediatek,mt6897-virtual-tskinC*;of:N*T*Cmediatek,mt6989-virtual-tskin;of:N*T*Cmediatek,mt6989-virtual-tskinC*;of:N*T*Cmediatek,mt6878-virtual-tskin;of:N*T*Cmediatek,mt6878-virtual-tskinC*",,GPL v2,Mediatek on virtual tskin driver,,,AArch64,11,0,yes
vendor_dlkm,widevine_driver.ko,vendor_dlkm/lib/modules/widevine_driver.ko,fc4bacd5c69c5a9bbe045774e613779c0c38799b22bf9f9fb35f428992b957c7,27984,widevine_driver,6.1.115-android14-11-g945dff7bc1bf SMP preempt mod_unload modversions aarch64,mtk_sec_heap,"of:N*T*Cmediatek,drm_wv;of:N*T*Cmediatek,drm_wvC*",,GPL,Widevine Drm Driver,,,AArch64,24,0,yes
vendor_dlkm,wifi_cooling.ko,vendor_dlkm/lib/modules/wifi_cooling.ko,203ac3196ff64ec728cb0fc750b1d72f22a725ea02f62371671dcdcc370ff1d0,16400,wifi_cooling,6.1.115-android14-11-g945dff7bc1bf SMP preempt mod_unload modversions aarch64,connadp,"of:N*T*Cmediatek,wifi-level-cooler;of:N*T*Cmediatek,wifi-level-coolerC*",,GPL v2,Mediatek wifi cooling driver,,,AArch64,12,0,yes
vendor_dlkm,wlan_drv_gen4m_6878.ko,vendor_dlkm/lib/modules/wlan_drv_gen4m_6878.ko,fc3e8a5d97296d8058965c444759e74415e871f0bbdabe2427f66aef3dd4179e,7066688,wlan_drv_gen4m_6878,6.1.115-android14-11-g945dff7bc1bf SMP preempt mod_unload modversions aarch64,"connadp,wmt_chrdev_wifi_connac2,aee_aed,cfg80211,mtk_disp_notify,pmic_lbat_service,conninfra,ccci_md_all,mddp,connfem",,,Dual BSD/GPL,NIC_DESC,,,AArch64,389,0,yes
vendor_dlkm,wmt_chrdev_wifi_connac2.ko,vendor_dlkm/lib/modules/wmt_chrdev_wifi_connac2.ko,b416d0b22a4728661ea44e9c9dedf2a2ec075afa21c712fa8e38b6f0896fb64c,68760,wmt_chrdev_wifi_connac2,6.1.115-android14-11-g945dff7bc1bf SMP preempt mod_unload modversions aarch64,,,,Dual BSD/GPL;Dual BSD/GPL,,,,AArch64,39,18,yes
vendor_dlkm,yft_devinfo.ko,vendor_dlkm/lib/modules/yft_devinfo.ko,0d5e547e3e6c313c88695b2c8f9aae04398e3c8822f16d57dff6aea011f821fe,98048,yft_devinfo,6.1.115-android14-11-g945dff7bc1bf SMP preempt mod_unload modversions aarch64,,,,GPL,YFT DEVICE INFO,,,AArch64,39,27,yes
vendor_dlkm,yft_tiny2c_usb.ko,vendor_dlkm/lib/modules/yft_tiny2c_usb.ko,77baeee8fa7c01d9b6ad9b3a9743caa69aa61b840c3d565d5263d3e965d63eed,30464,yft_tiny2c_usb,6.1.115-android14-11-g945dff7bc1bf SMP preempt mod_unload modversions aarch64,mt6375-charger,"i2c:tiny2c_usb-sensor;of:N*T*Cmediatek,yft_tiny2c_usb;of:N*T*Cmediatek,yft_tiny2c_usbC*",,GPL,Module For tiny2c_usb,,,AArch64,22,0,yes
