stock_sha256,stock_module,evidence_kind,term,nothing_root,path,line,text
03837d13863e3f6694918e2e049edbc3bd5ca5cb02e10d6f374620cca98ed226,tkcore,EXPORT,TEEC_InitializeContext,device_modules,drivers/tee/teei/510/tz_driver/teei_client_transfer_data.c,22,"ret = TEEC_InitializeContext(hostname, context);"
03837d13863e3f6694918e2e049edbc3bd5ca5cb02e10d6f374620cca98ed226,tkcore,EXPORT,TEEC_FinalizeContext,device_modules,drivers/tee/teei/510/tz_driver/teei_client_transfer_data.c,32,TEEC_FinalizeContext(context);
03837d13863e3f6694918e2e049edbc3bd5ca5cb02e10d6f374620cca98ed226,tkcore,EXPORT,TEEC_OpenSession,device_modules,drivers/tee/teei/510/tz_driver/teei_client_transfer_data.c,49,"result = TEEC_OpenSession(context, &session, uuid, TEEC_LOGIN_PUBLIC,"
03837d13863e3f6694918e2e049edbc3bd5ca5cb02e10d6f374620cca98ed226,tkcore,EXPORT,TEEC_RegisterSharedMemory,device_modules,drivers/tee/teei/510/tz_driver/teei_client_transfer_data.c,60,"result = TEEC_RegisterSharedMemory(context, &sharedmem);"
03837d13863e3f6694918e2e049edbc3bd5ca5cb02e10d6f374620cca98ed226,tkcore,EXPORT,TEEC_InvokeCommand,device_modules,drivers/tee/teei/510/tz_driver/teei_client_transfer_data.c,73,"result = TEEC_InvokeCommand(&session, command, &operation, NULL);"
03837d13863e3f6694918e2e049edbc3bd5ca5cb02e10d6f374620cca98ed226,tkcore,EXPORT,TEEC_ReleaseSharedMemory,device_modules,drivers/tee/teei/510/tz_driver/teei_client_transfer_data.c,80,TEEC_ReleaseSharedMemory(&sharedmem);
03837d13863e3f6694918e2e049edbc3bd5ca5cb02e10d6f374620cca98ed226,tkcore,EXPORT,TEEC_CloseSession,device_modules,drivers/tee/teei/510/tz_driver/teei_client_transfer_data.c,82,TEEC_CloseSession(&session);
03837d13863e3f6694918e2e049edbc3bd5ca5cb02e10d6f374620cca98ed226,tkcore,EXPORT,TEEC_OpenSession,device_modules,drivers/tee/teei/510/tz_driver/teei_client_transfer_data.c,102,"result = TEEC_OpenSession(context, &session, uuid, TEEC_LOGIN_PUBLIC,"
03837d13863e3f6694918e2e049edbc3bd5ca5cb02e10d6f374620cca98ed226,tkcore,EXPORT,TEEC_AllocateSharedMemory,device_modules,drivers/tee/teei/510/tz_driver/teei_client_transfer_data.c,111,"result = TEEC_AllocateSharedMemory(context, &sharedmem);"
03837d13863e3f6694918e2e049edbc3bd5ca5cb02e10d6f374620cca98ed226,tkcore,EXPORT,TEEC_InvokeCommand,device_modules,drivers/tee/teei/510/tz_driver/teei_client_transfer_data.c,130,"result = TEEC_InvokeCommand(&session, command, &operation, NULL);"
03837d13863e3f6694918e2e049edbc3bd5ca5cb02e10d6f374620cca98ed226,tkcore,EXPORT,TEEC_ReleaseSharedMemory,device_modules,drivers/tee/teei/510/tz_driver/teei_client_transfer_data.c,140,TEEC_ReleaseSharedMemory(&sharedmem);
03837d13863e3f6694918e2e049edbc3bd5ca5cb02e10d6f374620cca98ed226,tkcore,EXPORT,TEEC_CloseSession,device_modules,drivers/tee/teei/510/tz_driver/teei_client_transfer_data.c,142,TEEC_CloseSession(&session);
03837d13863e3f6694918e2e049edbc3bd5ca5cb02e10d6f374620cca98ed226,tkcore,EXPORT,TEEC_OpenSession,device_modules,drivers/tee/teei/510/tz_driver/sysfs.c,238,"res = TEEC_OpenSession(&ut_drv_context, session,"
03837d13863e3f6694918e2e049edbc3bd5ca5cb02e10d6f374620cca98ed226,tkcore,EXPORT,TEEC_InvokeCommand,device_modules,drivers/tee/teei/510/tz_driver/sysfs.c,261,"res = TEEC_InvokeCommand(&ut_drv->session,"
03837d13863e3f6694918e2e049edbc3bd5ca5cb02e10d6f374620cca98ed226,tkcore,EXPORT,TEEC_InitializeContext,device_modules,drivers/tee/teei/510/tz_driver/sysfs.c,293,"res = TEEC_InitializeContext(DRIVER_LOADER_HOSTNAME,"
03837d13863e3f6694918e2e049edbc3bd5ca5cb02e10d6f374620cca98ed226,tkcore,EXPORT,TEEC_CloseSession,device_modules,drivers/tee/teei/510/tz_driver/sysfs.c,346,TEEC_CloseSession(&new_entry->session);
03837d13863e3f6694918e2e049edbc3bd5ca5cb02e10d6f374620cca98ed226,tkcore,EXPORT,TEEC_CloseSession,device_modules,drivers/tee/teei/510/tz_driver/sysfs.c,439,TEEC_CloseSession(&entry->session);
03837d13863e3f6694918e2e049edbc3bd5ca5cb02e10d6f374620cca98ed226,tkcore,EXPORT,TEEC_FinalizeContext,device_modules,drivers/tee/teei/510/tz_driver/sysfs.c,647,TEEC_FinalizeContext(&ut_drv_context);
03837d13863e3f6694918e2e049edbc3bd5ca5cb02e10d6f374620cca98ed226,tkcore,EXPORT,TEEC_InvokeCommand,device_modules,drivers/tee/teei/510/tz_dcih/tz_dcih.c,51,"res = TEEC_InvokeCommand(&ut_drv->session, driver_param.cmd_id,"
03837d13863e3f6694918e2e049edbc3bd5ca5cb02e10d6f374620cca98ed226,tkcore,EXPORT,TEEC_InvokeCommand,device_modules,drivers/tee/teei/510/tz_dcih/tz_dcih.c,81,"res = TEEC_InvokeCommand(&ut_drv->session, driver_param.cmd_id,"
03837d13863e3f6694918e2e049edbc3bd5ca5cb02e10d6f374620cca98ed226,tkcore,EXPORT,TEEC_InvokeCommand,device_modules,drivers/tee/teei/510/tz_dcih/tz_dcih.c,235,"res = TEEC_InvokeCommand(&ut_drv->session, driver_param.cmd_id,"
03837d13863e3f6694918e2e049edbc3bd5ca5cb02e10d6f374620cca98ed226,tkcore,EXPORT,TEEC_InitializeContext,device_modules,drivers/tee/teei/510/tests/xtest_main.c,131,"TEEC_InitializeContext(BTA_LOADER_HOSTNAME, &xtest_isee_ctx_1000);"
03837d13863e3f6694918e2e049edbc3bd5ca5cb02e10d6f374620cca98ed226,tkcore,EXPORT,TEEC_FinalizeContext,device_modules,drivers/tee/teei/510/tests/xtest_main.c,133,TEEC_FinalizeContext(&xtest_isee_ctx_1000);
03837d13863e3f6694918e2e049edbc3bd5ca5cb02e10d6f374620cca98ed226,tkcore,EXPORT,TEEC_InitializeContext,device_modules,drivers/tee/teei/510/tests/xtest_main.c,143,"TEEC_InitializeContext(BTA_LOADER_HOSTNAME, &xtest_isee_ctx_3000);"
03837d13863e3f6694918e2e049edbc3bd5ca5cb02e10d6f374620cca98ed226,tkcore,EXPORT,TEEC_FinalizeContext,device_modules,drivers/tee/teei/510/tests/xtest_main.c,145,TEEC_FinalizeContext(&xtest_isee_ctx_3000);
03837d13863e3f6694918e2e049edbc3bd5ca5cb02e10d6f374620cca98ed226,tkcore,EXPORT,TEEC_InvokeCommand,device_modules,drivers/tee/teei/510/tests/xtest_isee_3000.c,120,"(void)ADBG_EXPECT_TEEC_SUCCESS(TEEC_InvokeCommand(&session,"
03837d13863e3f6694918e2e049edbc3bd5ca5cb02e10d6f374620cca98ed226,tkcore,EXPORT,TEEC_CloseSession,device_modules,drivers/tee/teei/510/tests/xtest_isee_3000.c,123,TEEC_CloseSession(&session);
03837d13863e3f6694918e2e049edbc3bd5ca5cb02e10d6f374620cca98ed226,tkcore,EXPORT,TEEC_InvokeCommand,device_modules,drivers/tee/teei/510/tests/xtest_isee_3000.c,173,"if (!ADBG_EXPECT_TEEC_SUCCESS(TEEC_InvokeCommand(&session,"
03837d13863e3f6694918e2e049edbc3bd5ca5cb02e10d6f374620cca98ed226,tkcore,EXPORT,TEEC_CloseSession,device_modules,drivers/tee/teei/510/tests/xtest_isee_3000.c,187,TEEC_CloseSession(&session);
03837d13863e3f6694918e2e049edbc3bd5ca5cb02e10d6f374620cca98ed226,tkcore,EXPORT,TEEC_InvokeCommand,device_modules,drivers/tee/teei/510/tests/xtest_isee_3000.c,210,"if (!ADBG_EXPECT_TEEC_SUCCESS(TEEC_InvokeCommand(&session,"
03837d13863e3f6694918e2e049edbc3bd5ca5cb02e10d6f374620cca98ed226,tkcore,EXPORT,TEEC_CloseSession,device_modules,drivers/tee/teei/510/tests/xtest_isee_3000.c,217,TEEC_CloseSession(&session);
03837d13863e3f6694918e2e049edbc3bd5ca5cb02e10d6f374620cca98ed226,tkcore,EXPORT,TEEC_InvokeCommand,device_modules,drivers/tee/teei/510/tests/xtest_isee_3000.c,276,"if (!ADBG_EXPECT_TEEC_SUCCESS(TEEC_InvokeCommand(&session,"
03837d13863e3f6694918e2e049edbc3bd5ca5cb02e10d6f374620cca98ed226,tkcore,EXPORT,TEEC_CloseSession,device_modules,drivers/tee/teei/510/tests/xtest_isee_3000.c,283,TEEC_CloseSession(&session);
03837d13863e3f6694918e2e049edbc3bd5ca5cb02e10d6f374620cca98ed226,tkcore,EXPORT,TEEC_InvokeCommand,device_modules,drivers/tee/teei/510/tests/xtest_isee_3000.c,345,"if (!ADBG_EXPECT_TEEC_SUCCESS(TEEC_InvokeCommand(&session,"
03837d13863e3f6694918e2e049edbc3bd5ca5cb02e10d6f374620cca98ed226,tkcore,EXPORT,TEEC_CloseSession,device_modules,drivers/tee/teei/510/tests/xtest_isee_3000.c,352,TEEC_CloseSession(&session);
03837d13863e3f6694918e2e049edbc3bd5ca5cb02e10d6f374620cca98ed226,tkcore,EXPORT,TEEC_InvokeCommand,device_modules,drivers/tee/teei/510/tests/xtest_isee_3000.c,413,"if (!ADBG_EXPECT_TEEC_SUCCESS(TEEC_InvokeCommand(&session,"
03837d13863e3f6694918e2e049edbc3bd5ca5cb02e10d6f374620cca98ed226,tkcore,EXPORT,TEEC_CloseSession,device_modules,drivers/tee/teei/510/tests/xtest_isee_3000.c,429,TEEC_CloseSession(&session);
03837d13863e3f6694918e2e049edbc3bd5ca5cb02e10d6f374620cca98ed226,tkcore,EXPORT,TEEC_OpenSession,device_modules,drivers/tee/teei/510/tests/xtest_isee_1000.c,31,"return TEEC_OpenSession(context, session, uuid, TEEC_LOGIN_PUBLIC,"
03837d13863e3f6694918e2e049edbc3bd5ca5cb02e10d6f374620cca98ed226,tkcore,EXPORT,TEEC_InvokeCommand,device_modules,drivers/tee/teei/510/tests/xtest_isee_1000.c,103,"(void)ADBG_EXPECT_TEEC_SUCCESS(TEEC_InvokeCommand(&session,"
03837d13863e3f6694918e2e049edbc3bd5ca5cb02e10d6f374620cca98ed226,tkcore,EXPORT,TEEC_CloseSession,device_modules,drivers/tee/teei/510/tests/xtest_isee_1000.c,105,TEEC_CloseSession(&session);
03837d13863e3f6694918e2e049edbc3bd5ca5cb02e10d6f374620cca98ed226,tkcore,EXPORT,TEEC_InvokeCommand,device_modules,drivers/tee/teei/510/tests/xtest_isee_1000.c,121,"TEEC_InvokeCommand(&session, TA_CORE_API_CMD_RET_VALUE,"
03837d13863e3f6694918e2e049edbc3bd5ca5cb02e10d6f374620cca98ed226,tkcore,EXPORT,TEEC_CloseSession,device_modules,drivers/tee/teei/510/tests/xtest_isee_1000.c,123,TEEC_CloseSession(&session);
03837d13863e3f6694918e2e049edbc3bd5ca5cb02e10d6f374620cca98ed226,tkcore,EXPORT,TEEC_InvokeCommand,device_modules,drivers/tee/teei/510/tests/xtest_isee_1000.c,139,"TEEC_InvokeCommand(&session, TA_CORE_API_UNSUPPORTED_CMD,"
03837d13863e3f6694918e2e049edbc3bd5ca5cb02e10d6f374620cca98ed226,tkcore,EXPORT,TEEC_CloseSession,device_modules,drivers/tee/teei/510/tests/xtest_isee_1000.c,141,TEEC_CloseSession(&session);
03837d13863e3f6694918e2e049edbc3bd5ca5cb02e10d6f374620cca98ed226,tkcore,EXPORT,TEEC_InvokeCommand,device_modules,drivers/tee/teei/510/tests/xtest_isee_1000.c,173,"TEEC_InvokeCommand(&session, TA_CORE_API_CMD_READ_CNTVCT,"
03837d13863e3f6694918e2e049edbc3bd5ca5cb02e10d6f374620cca98ed226,tkcore,EXPORT,TEEC_CloseSession,device_modules,drivers/tee/teei/510/tests/xtest_isee_1000.c,195,TEEC_CloseSession(&session);
03837d13863e3f6694918e2e049edbc3bd5ca5cb02e10d6f374620cca98ed226,tkcore,EXPORT,TEEC_InvokeCommand,device_modules,drivers/tee/teei/510/tests/xtest_isee_1000.c,212,"res |= TEEC_InvokeCommand(&session, TA_CORE_API_CMD_RET_VALUE,"
03837d13863e3f6694918e2e049edbc3bd5ca5cb02e10d6f374620cca98ed226,tkcore,EXPORT,TEEC_CloseSession,device_modules,drivers/tee/teei/510/tests/xtest_isee_1000.c,217,TEEC_CloseSession(&session);
03837d13863e3f6694918e2e049edbc3bd5ca5cb02e10d6f374620cca98ed226,tkcore,EXPORT,TEEC_InvokeCommand,device_modules,drivers/tee/teei/510/tests/xtest_isee_1000.c,250,"TEEC_InvokeCommand(&session,"
03837d13863e3f6694918e2e049edbc3bd5ca5cb02e10d6f374620cca98ed226,tkcore,EXPORT,TEEC_CloseSession,device_modules,drivers/tee/teei/510/tests/xtest_isee_1000.c,254,TEEC_CloseSession(&session);
03837d13863e3f6694918e2e049edbc3bd5ca5cb02e10d6f374620cca98ed226,tkcore,EXPORT,TEEC_InvokeCommand,device_modules,drivers/tee/teei/510/tests/xtest_isee_1000.c,280,"TEEC_InvokeCommand(&session,"
03837d13863e3f6694918e2e049edbc3bd5ca5cb02e10d6f374620cca98ed226,tkcore,EXPORT,TEEC_CloseSession,device_modules,drivers/tee/teei/510/tests/xtest_isee_1000.c,301,TEEC_CloseSession(&session);
03837d13863e3f6694918e2e049edbc3bd5ca5cb02e10d6f374620cca98ed226,tkcore,EXPORT,TEEC_InvokeCommand,device_modules,drivers/tee/teei/510/tests/xtest_isee_1000.c,331,"TEEC_InvokeCommand(&session,"
03837d13863e3f6694918e2e049edbc3bd5ca5cb02e10d6f374620cca98ed226,tkcore,EXPORT,TEEC_CloseSession,device_modules,drivers/tee/teei/510/tests/xtest_isee_1000.c,352,TEEC_CloseSession(&session);
03837d13863e3f6694918e2e049edbc3bd5ca5cb02e10d6f374620cca98ed226,tkcore,EXPORT,TEEC_InvokeCommand,device_modules,drivers/tee/teei/510/tests/xtest_isee_1000.c,381,"TEEC_InvokeCommand(&session, TA_CORE_API_CMD_PARAM_TYPE_VALUE_MIX,"
03837d13863e3f6694918e2e049edbc3bd5ca5cb02e10d6f374620cca98ed226,tkcore,EXPORT,TEEC_CloseSession,device_modules,drivers/tee/teei/510/tests/xtest_isee_1000.c,397,TEEC_CloseSession(&session);
03837d13863e3f6694918e2e049edbc3bd5ca5cb02e10d6f374620cca98ed226,tkcore,EXPORT,TEEC_InvokeCommand,device_modules,drivers/tee/teei/510/tests/xtest_isee_1000.c,443,"TEEC_InvokeCommand(&session,"
03837d13863e3f6694918e2e049edbc3bd5ca5cb02e10d6f374620cca98ed226,tkcore,EXPORT,TEEC_CloseSession,device_modules,drivers/tee/teei/510/tests/xtest_isee_1000.c,453,TEEC_CloseSession(&session);
03837d13863e3f6694918e2e049edbc3bd5ca5cb02e10d6f374620cca98ed226,tkcore,EXPORT,TEEC_InvokeCommand,device_modules,drivers/tee/teei/510/tests/xtest_isee_1000.c,491,"TEEC_InvokeCommand(&session,"
03837d13863e3f6694918e2e049edbc3bd5ca5cb02e10d6f374620cca98ed226,tkcore,EXPORT,TEEC_CloseSession,device_modules,drivers/tee/teei/510/tests/xtest_isee_1000.c,522,TEEC_CloseSession(&session);
4e6acf9af2959cd4f81695edc1e1ec10b26b808b2e47b92ef32aab1d9d0e68e3,bt_drv_6878,EXPORT,btmtk_set_country_code_from_wifi,kernel_modules,connectivity/wlan/core/gen4m/mgmt/rlm_domain.c,2804,"char *bt_func_name = ""btmtk_set_country_code_from_wifi"";"
4e6acf9af2959cd4f81695edc1e1ec10b26b808b2e47b92ef32aab1d9d0e68e3,bt_drv_6878,EXPORT,btmtk_set_country_code_from_wifi,kernel_modules,connectivity/wlan/core/gen4-mt79xx/mgmt/rlm_domain.c,2181,"char *bt_func_name = ""btmtk_set_country_code_from_wifi"";"
4e6acf9af2959cd4f81695edc1e1ec10b26b808b2e47b92ef32aab1d9d0e68e3,bt_drv_6878,EXPORT,btmtk_set_country_code_from_wifi,kernel_modules,connectivity/bt/mt66xx/include/btmtk_main.h,689,void btmtk_set_country_code_from_wifi(char *code);
4e6acf9af2959cd4f81695edc1e1ec10b26b808b2e47b92ef32aab1d9d0e68e3,bt_drv_6878,EXPORT,btmtk_set_country_code_from_wifi,kernel_modules,connectivity/bt/linux_v2/include/btmtk_main.h,971,void btmtk_set_country_code_from_wifi(char *code);
4e6acf9af2959cd4f81695edc1e1ec10b26b808b2e47b92ef32aab1d9d0e68e3,bt_drv_6878,EXPORT,btmtk_set_country_code_from_wifi,kernel_modules,connectivity/bt/linux_v2/btmtk_main.c,4191,void btmtk_set_country_code_from_wifi(char *code)
4e6acf9af2959cd4f81695edc1e1ec10b26b808b2e47b92ef32aab1d9d0e68e3,bt_drv_6878,EXPORT,btmtk_set_country_code_from_wifi,kernel_modules,connectivity/bt/linux_v2/btmtk_main.c,4217,EXPORT_SYMBOL_GPL(btmtk_set_country_code_from_wifi);
4e6acf9af2959cd4f81695edc1e1ec10b26b808b2e47b92ef32aab1d9d0e68e3,bt_drv_6878,EXPORT,btmtk_set_country_code_from_wifi,kernel_modules,connectivity/bt/mt66xx/btmtk_main.c,3241,void btmtk_set_country_code_from_wifi(char *code)
4e6acf9af2959cd4f81695edc1e1ec10b26b808b2e47b92ef32aab1d9d0e68e3,bt_drv_6878,EXPORT,btmtk_set_country_code_from_wifi,kernel_modules,connectivity/bt/mt66xx/btmtk_main.c,3265,EXPORT_SYMBOL_GPL(btmtk_set_country_code_from_wifi);
6373afa19d09289400c8a1ae3ab8bf1edb1ba354fa92d16003285e4b79771710,connfem,MODULE_NAME,connfem,device_modules,kernel/kleaf/mgk_64_k61.bzl,21,"""//vendor/mediatek/kernel_modules/connectivity/connfem:connfem"","
6373afa19d09289400c8a1ae3ab8bf1edb1ba354fa92d16003285e4b79771710,connfem,MODULE_NAME,connfem,device_modules,arch/arm64/boot/dts/mediatek/cust_mt6897_connfem.dtsi,6,&connfem {
6373afa19d09289400c8a1ae3ab8bf1edb1ba354fa92d16003285e4b79771710,connfem,MODULE_NAME,connfem,device_modules,arch/arm64/boot/dts/mediatek/cust_mt6878_connfem.dtsi,6,&connfem {
6373afa19d09289400c8a1ae3ab8bf1edb1ba354fa92d16003285e4b79771710,connfem,MODULE_NAME,connfem,device_modules,arch/arm64/boot/dts/mediatek/tb8796p1_64_sp.dts,302,&connfem {
6373afa19d09289400c8a1ae3ab8bf1edb1ba354fa92d16003285e4b79771710,connfem,MODULE_NAME,connfem,device_modules,arch/arm64/boot/dts/mediatek/tb8796p1_64_sp.dts,546,"#include ""mediatek/cust_k6989_connfem.dtsi"""
6373afa19d09289400c8a1ae3ab8bf1edb1ba354fa92d16003285e4b79771710,connfem,MODULE_NAME,connfem,device_modules,arch/arm64/boot/dts/mediatek/cust_k6989_connfem.dtsi,5,&connfem {
6373afa19d09289400c8a1ae3ab8bf1edb1ba354fa92d16003285e4b79771710,connfem,MODULE_NAME,connfem,device_modules,arch/arm64/boot/dts/mediatek/tb8792p1_64_sp.dts,34,&connfem {
6373afa19d09289400c8a1ae3ab8bf1edb1ba354fa92d16003285e4b79771710,connfem,MODULE_NAME,connfem,device_modules,arch/arm64/boot/dts/mediatek/tb8792p1_64_sp.dts,359,"#include ""mediatek/cust_k6897_connfem.dtsi"""
6373afa19d09289400c8a1ae3ab8bf1edb1ba354fa92d16003285e4b79771710,connfem,MODULE_NAME,connfem,device_modules,arch/arm64/boot/dts/mediatek/cust_k6985_connfem.dtsi,5,&connfem {
6373afa19d09289400c8a1ae3ab8bf1edb1ba354fa92d16003285e4b79771710,connfem,MODULE_NAME,connfem,device_modules,arch/arm64/boot/dts/mediatek/cust_k6897_connfem.dtsi,5,&connfem {
6373afa19d09289400c8a1ae3ab8bf1edb1ba354fa92d16003285e4b79771710,connfem,MODULE_NAME,connfem,device_modules,arch/arm64/boot/dts/mediatek/cust_k6886_connfem.dtsi,5,&connfem {
6373afa19d09289400c8a1ae3ab8bf1edb1ba354fa92d16003285e4b79771710,connfem,MODULE_NAME,connfem,device_modules,arch/arm64/boot/dts/mediatek/cust_k6878_connfem.dtsi,5,&connfem {
6373afa19d09289400c8a1ae3ab8bf1edb1ba354fa92d16003285e4b79771710,connfem,MODULE_NAME,connfem,device_modules,arch/arm64/boot/dts/mediatek/cust_mt6989_connfem.dtsi,6,&connfem {
6373afa19d09289400c8a1ae3ab8bf1edb1ba354fa92d16003285e4b79771710,connfem,MODULE_NAME,connfem,device_modules,arch/arm64/boot/dts/mediatek/mt6989.dts,2072,connfem: connfem {
6373afa19d09289400c8a1ae3ab8bf1edb1ba354fa92d16003285e4b79771710,connfem,MODULE_NAME,connfem,device_modules,arch/arm64/boot/dts/mediatek/mt6989.dts,2073,"compatible = ""mediatek,mt6989-connfem"";"
6373afa19d09289400c8a1ae3ab8bf1edb1ba354fa92d16003285e4b79771710,connfem,MODULE_NAME,connfem,device_modules,arch/arm64/boot/dts/mediatek/mt6989.dts,18425,"#include ""mediatek/cust_mt6989_connfem.dtsi"""
6373afa19d09289400c8a1ae3ab8bf1edb1ba354fa92d16003285e4b79771710,connfem,MODULE_NAME,connfem,device_modules,arch/arm64/boot/dts/mediatek/cust_mt6985_connfem.dtsi,6,&connfem {
6373afa19d09289400c8a1ae3ab8bf1edb1ba354fa92d16003285e4b79771710,connfem,MODULE_NAME,connfem,device_modules,arch/arm64/boot/dts/mediatek/k6989v1_64.dts,341,&connfem {
6373afa19d09289400c8a1ae3ab8bf1edb1ba354fa92d16003285e4b79771710,connfem,MODULE_NAME,connfem,device_modules,arch/arm64/boot/dts/mediatek/k6989v1_64.dts,619,"#include ""mediatek/cust_k6989_connfem.dtsi"""
6373afa19d09289400c8a1ae3ab8bf1edb1ba354fa92d16003285e4b79771710,connfem,MODULE_NAME,connfem,device_modules,arch/arm64/boot/dts/mediatek/mt6985.dts,13142,connfem: connfem {
6373afa19d09289400c8a1ae3ab8bf1edb1ba354fa92d16003285e4b79771710,connfem,MODULE_NAME,connfem,device_modules,arch/arm64/boot/dts/mediatek/mt6985.dts,13143,"compatible = ""mediatek,mt6985-connfem"";"
6373afa19d09289400c8a1ae3ab8bf1edb1ba354fa92d16003285e4b79771710,connfem,MODULE_NAME,connfem,device_modules,arch/arm64/boot/dts/mediatek/mt6985.dts,16417,"#include ""mediatek/cust_mt6985_connfem.dtsi"""
6373afa19d09289400c8a1ae3ab8bf1edb1ba354fa92d16003285e4b79771710,connfem,MODULE_NAME,connfem,device_modules,arch/arm64/boot/dts/mediatek/k6985v1_64_for_dx3.dts,30,&connfem {
6373afa19d09289400c8a1ae3ab8bf1edb1ba354fa92d16003285e4b79771710,connfem,MODULE_NAME,connfem,device_modules,arch/arm64/boot/dts/mediatek/k6897v1_64.dts,30,&connfem {
6373afa19d09289400c8a1ae3ab8bf1edb1ba354fa92d16003285e4b79771710,connfem,MODULE_NAME,connfem,device_modules,arch/arm64/boot/dts/mediatek/k6897v1_64.dts,354,"#include ""mediatek/cust_k6897_connfem.dtsi"""
6373afa19d09289400c8a1ae3ab8bf1edb1ba354fa92d16003285e4b79771710,connfem,MODULE_NAME,connfem,device_modules,arch/arm64/boot/dts/mediatek/k6878v1_64_flip.dts,48,&connfem {
6373afa19d09289400c8a1ae3ab8bf1edb1ba354fa92d16003285e4b79771710,connfem,MODULE_NAME,connfem,device_modules,arch/arm64/boot/dts/mediatek/k6878v1_64_flip.dts,402,"#include ""mediatek/cust_k6878_connfem.dtsi"""
6373afa19d09289400c8a1ae3ab8bf1edb1ba354fa92d16003285e4b79771710,connfem,MODULE_NAME,connfem,device_modules,arch/arm64/boot/dts/mediatek/k6878v1_64.dts,39,&connfem {
6373afa19d09289400c8a1ae3ab8bf1edb1ba354fa92d16003285e4b79771710,connfem,MODULE_NAME,connfem,device_modules,arch/arm64/boot/dts/mediatek/k6878v1_64.dts,359,"#include ""mediatek/cust_k6878_connfem.dtsi"""
6373afa19d09289400c8a1ae3ab8bf1edb1ba354fa92d16003285e4b79771710,connfem,MODULE_NAME,connfem,device_modules,arch/arm64/boot/dts/mediatek/mt6878.dts,13098,connfem: connfem {
6373afa19d09289400c8a1ae3ab8bf1edb1ba354fa92d16003285e4b79771710,connfem,MODULE_NAME,connfem,device_modules,arch/arm64/boot/dts/mediatek/mt6878.dts,13099,"compatible = ""mediatek,mt6878-connfem"";"
6373afa19d09289400c8a1ae3ab8bf1edb1ba354fa92d16003285e4b79771710,connfem,MODULE_NAME,connfem,device_modules,arch/arm64/boot/dts/mediatek/mt6878.dts,13934,"#include ""mediatek/cust_mt6878_connfem.dtsi"""
6373afa19d09289400c8a1ae3ab8bf1edb1ba354fa92d16003285e4b79771710,connfem,MODULE_NAME,connfem,device_modules,arch/arm64/boot/dts/mediatek/mt6897.dts,15721,connfem: connfem {
6373afa19d09289400c8a1ae3ab8bf1edb1ba354fa92d16003285e4b79771710,connfem,MODULE_NAME,connfem,device_modules,arch/arm64/boot/dts/mediatek/mt6897.dts,15722,"compatible = ""mediatek,mt6897-connfem"";"
6373afa19d09289400c8a1ae3ab8bf1edb1ba354fa92d16003285e4b79771710,connfem,MODULE_NAME,connfem,device_modules,arch/arm64/boot/dts/mediatek/mt6897.dts,15726,"#include ""mediatek/cust_mt6897_connfem.dtsi"""
6373afa19d09289400c8a1ae3ab8bf1edb1ba354fa92d16003285e4b79771710,connfem,MODULE_NAME,connfem,kernel_modules,connectivity/wlan/core/gen4m/Makefile,15,EXTRA_SYMBOLS += $(abspath $(CONNECTIVITY_OUT_PATH)/connfem/Module.symvers)
6373afa19d09289400c8a1ae3ab8bf1edb1ba354fa92d16003285e4b79771710,connfem,MODULE_NAME,connfem,kernel_modules,connectivity/wlan/core/gen4m/Makefile,23,EXTRA_SYMBOLS += $(MODULE_PWD)/../connfem/Module.symvers
6373afa19d09289400c8a1ae3ab8bf1edb1ba354fa92d16003285e4b79771710,connfem,MODULE_NAME,connfem,kernel_modules,connectivity/conninfra/Kbuild,233,"ifneq ($(wildcard $(TOP)/vendor/mediatek/internal/connfem_enable),)"
6373afa19d09289400c8a1ae3ab8bf1edb1ba354fa92d16003285e4b79771710,connfem,MODULE_NAME,connfem,kernel_modules,connectivity/connfem/include/connfem_test.h,27,extern void connfem_test(void);
6373afa19d09289400c8a1ae3ab8bf1edb1ba354fa92d16003285e4b79771710,connfem,MODULE_NAME,connfem,kernel_modules,connectivity/connfem/include/connfem_epaelna.h,19,*	- common: struct connfem_epaelna_flags_common *
6373afa19d09289400c8a1ae3ab8bf1edb1ba354fa92d16003285e4b79771710,connfem,MODULE_NAME,connfem,kernel_modules,connectivity/connfem/include/connfem_epaelna.h,20,*	- wifi: struct connfem_epaelna_flags_wifi *
6373afa19d09289400c8a1ae3ab8bf1edb1ba354fa92d16003285e4b79771710,connfem,MODULE_NAME,connfem,kernel_modules,connectivity/connfem/include/connfem_epaelna.h,21,*	- bt  : struct connfem_epaelna_flags_bt *
6373afa19d09289400c8a1ae3ab8bf1edb1ba354fa92d16003285e4b79771710,connfem,MODULE_NAME,connfem,kernel_modules,connectivity/connfem/include/connfem_epaelna.h,35,struct connfem_epaelna_pin_info pin_info;
6373afa19d09289400c8a1ae3ab8bf1edb1ba354fa92d16003285e4b79771710,connfem,MODULE_NAME,connfem,kernel_modules,connectivity/connfem/include/connfem_epaelna.h,36,struct connfem_epaelna_laa_pin_info laa_pin_info;
6373afa19d09289400c8a1ae3ab8bf1edb1ba354fa92d16003285e4b79771710,connfem,MODULE_NAME,connfem,kernel_modules,connectivity/connfem/include/connfem_epaelna.h,42,struct connfem_epaelna_fem_info fem_info;
6373afa19d09289400c8a1ae3ab8bf1edb1ba354fa92d16003285e4b79771710,connfem,MODULE_NAME,connfem,kernel_modules,connectivity/connfem/include/connfem_epaelna.h,43,struct connfem_epaelna_fem_info bt_fem_info;
6373afa19d09289400c8a1ae3ab8bf1edb1ba354fa92d16003285e4b79771710,connfem,MODULE_NAME,connfem,kernel_modules,connectivity/connfem/include/connfem_epaelna.h,54,extern struct connfem_epaelna_subsys_cb cfm_cm_epaelna_cb;
6373afa19d09289400c8a1ae3ab8bf1edb1ba354fa92d16003285e4b79771710,connfem,MODULE_NAME,connfem,kernel_modules,connectivity/connfem/include/connfem_epaelna.h,55,extern struct connfem_epaelna_subsys_cb cfm_wf_epaelna_cb;
6373afa19d09289400c8a1ae3ab8bf1edb1ba354fa92d16003285e4b79771710,connfem,MODULE_NAME,connfem,kernel_modules,connectivity/connfem/include/connfem_epaelna.h,56,extern struct connfem_epaelna_subsys_cb cfm_bt_epaelna_cb;
6373afa19d09289400c8a1ae3ab8bf1edb1ba354fa92d16003285e4b79771710,connfem,MODULE_NAME,connfem,kernel_modules,connectivity/connfem/include/connfem_epaelna.h,63,struct connfem_epaelna_fem_info *result);
6373afa19d09289400c8a1ae3ab8bf1edb1ba354fa92d16003285e4b79771710,connfem,MODULE_NAME,connfem,kernel_modules,connectivity/connfem/include/connfem_epaelna.h,81,extern void cfm_epaelna_feminfo_dump(struct connfem_epaelna_fem_info *fem_info);
6373afa19d09289400c8a1ae3ab8bf1edb1ba354fa92d16003285e4b79771710,connfem,MODULE_NAME,connfem,kernel_modules,connectivity/connfem/include/connfem_epaelna.h,83,extern void cfm_epaelna_pininfo_dump(struct connfem_epaelna_pin_info *pin_info);
6373afa19d09289400c8a1ae3ab8bf1edb1ba354fa92d16003285e4b79771710,connfem,MODULE_NAME,connfem,kernel_modules,connectivity/connfem/include/connfem_epaelna.h,85,extern void cfm_epaelna_laainfo_dump(struct connfem_epaelna_laa_pin_info *laa);
6373afa19d09289400c8a1ae3ab8bf1edb1ba354fa92d16003285e4b79771710,connfem,MODULE_NAME,connfem,kernel_modules,connectivity/connfem/include/connfem_epaelna.h,87,"extern void cfm_epaelna_flags_dump(enum connfem_subsys subsys,"
6373afa19d09289400c8a1ae3ab8bf1edb1ba354fa92d16003285e4b79771710,connfem,MODULE_NAME,connfem,kernel_modules,connectivity/connfem/include/connfem_epaelna.h,90,"extern void cfm_epaelna_flags_obj_dump(enum connfem_subsys subsys,"
6373afa19d09289400c8a1ae3ab8bf1edb1ba354fa92d16003285e4b79771710,connfem,MODULE_NAME,connfem,kernel_modules,connectivity/connfem/include/connfem_epaelna.h,93,"extern void cfm_epaelna_flags_pairs_dump(enum connfem_subsys subsys,"
6373afa19d09289400c8a1ae3ab8bf1edb1ba354fa92d16003285e4b79771710,connfem,MODULE_NAME,connfem,kernel_modules,connectivity/connfem/include/connfem_epaelna.h,96,extern struct connfem_epaelna_flag_tbl_entry* cfm_epaelna_flags_subsys_find(
6373afa19d09289400c8a1ae3ab8bf1edb1ba354fa92d16003285e4b79771710,connfem,MODULE_NAME,connfem,kernel_modules,connectivity/connfem/include/connfem_epaelna.h,98,struct connfem_epaelna_flag_tbl_entry *tbl);
6373afa19d09289400c8a1ae3ab8bf1edb1ba354fa92d16003285e4b79771710,connfem,MODULE_NAME,connfem,kernel_modules,connectivity/connfem/include/connfem_epaelna.h,100,extern struct connfem_epaelna_subsys_cb *cfm_epaelna_flags_subsys_cb_get(
6373afa19d09289400c8a1ae3ab8bf1edb1ba354fa92d16003285e4b79771710,connfem,MODULE_NAME,connfem,kernel_modules,connectivity/connfem/include/connfem_epaelna.h,101,enum connfem_subsys subsys);
6373afa19d09289400c8a1ae3ab8bf1edb1ba354fa92d16003285e4b79771710,connfem,MODULE_NAME,connfem,kernel_modules,connectivity/connfem/include/connfem_dt.h,107,struct connfem_context;
6373afa19d09289400c8a1ae3ab8bf1edb1ba354fa92d16003285e4b79771710,connfem,MODULE_NAME,connfem,kernel_modules,connectivity/connfem/include/connfem_dt.h,117,extern int cfm_dt_parse(struct connfem_context *cfm);
6373afa19d09289400c8a1ae3ab8bf1edb1ba354fa92d16003285e4b79771710,connfem,MODULE_NAME,connfem,kernel_modules,connectivity/connfem/include/connfem_dt.h,119,extern int cfm_dt_cfg_ext(struct connfem_context *cfm);
6373afa19d09289400c8a1ae3ab8bf1edb1ba354fa92d16003285e4b79771710,connfem,MODULE_NAME,connfem,kernel_modules,connectivity/connfem/include/connfem_cfg.h,7,* The header is provided for connfem kernel module internal used.
6373afa19d09289400c8a1ae3ab8bf1edb1ba354fa92d16003285e4b79771710,connfem,MODULE_NAME,connfem,kernel_modules,connectivity/connfem/include/connfem_cfg.h,13,"#include ""connfem_api.h"""
6373afa19d09289400c8a1ae3ab8bf1edb1ba354fa92d16003285e4b79771710,connfem,MODULE_NAME,connfem,kernel_modules,connectivity/connfem/include/connfem_api.h,20,enum connfem_type {
6373afa19d09289400c8a1ae3ab8bf1edb1ba354fa92d16003285e4b79771710,connfem,MODULE_NAME,connfem,kernel_modules,connectivity/connfem/include/connfem_api.h,26,enum connfem_subsys {
6373afa19d09289400c8a1ae3ab8bf1edb1ba354fa92d16003285e4b79771710,connfem,MODULE_NAME,connfem,kernel_modules,connectivity/connfem/include/connfem_api.h,33,enum connfem_rf_port {
6373afa19d09289400c8a1ae3ab8bf1edb1ba354fa92d16003285e4b79771710,connfem,MODULE_NAME,connfem,kernel_modules,connectivity/connfem/include/connfem_api.h,40,struct connfem_part {
6373afa19d09289400c8a1ae3ab8bf1edb1ba354fa92d16003285e4b79771710,connfem,MODULE_NAME,connfem,kernel_modules,connectivity/connfem/include/connfem_api.h,45,struct connfem_epaelna_pin {
6373afa19d09289400c8a1ae3ab8bf1edb1ba354fa92d16003285e4b79771710,connfem,MODULE_NAME,connfem,kernel_modules,connectivity/connfem/include/connfem_api.h,51,struct connfem_epaelna_fem_info {
6373afa19d09289400c8a1ae3ab8bf1edb1ba354fa92d16003285e4b79771710,connfem,MODULE_NAME,connfem,kernel_modules,connectivity/connfem/include/connfem_api.h,53,struct connfem_part part[CONNFEM_PORT_NUM];
6373afa19d09289400c8a1ae3ab8bf1edb1ba354fa92d16003285e4b79771710,connfem,MODULE_NAME,connfem,kernel_modules,connectivity/connfem/include/connfem_api.h,57,struct connfem_epaelna_pin_info {
6373afa19d09289400c8a1ae3ab8bf1edb1ba354fa92d16003285e4b79771710,connfem,MODULE_NAME,connfem,kernel_modules,connectivity/connfem/include/connfem_api.h,59,struct connfem_epaelna_pin pin[CONNFEM_EPAELNA_PIN_COUNT];
6373afa19d09289400c8a1ae3ab8bf1edb1ba354fa92d16003285e4b79771710,connfem,MODULE_NAME,connfem,kernel_modules,connectivity/connfem/include/connfem_api.h,62,struct connfem_epaelna_laa_pin {
6373afa19d09289400c8a1ae3ab8bf1edb1ba354fa92d16003285e4b79771710,connfem,MODULE_NAME,connfem,kernel_modules,connectivity/connfem/include/connfem_api.h,68,struct connfem_epaelna_laa_pin_info {
6373afa19d09289400c8a1ae3ab8bf1edb1ba354fa92d16003285e4b79771710,connfem,MODULE_NAME,connfem,kernel_modules,connectivity/connfem/include/connfem_api.h,71,struct connfem_epaelna_laa_pin pin[CONNFEM_EPAELNA_LAA_PIN_COUNT];
6373afa19d09289400c8a1ae3ab8bf1edb1ba354fa92d16003285e4b79771710,connfem,MODULE_NAME,connfem,kernel_modules,connectivity/connfem/include/connfem_api.h,74,struct connfem_epaelna_flags_common {
6373afa19d09289400c8a1ae3ab8bf1edb1ba354fa92d16003285e4b79771710,connfem,MODULE_NAME,connfem,kernel_modules,connectivity/connfem/include/connfem_api.h,83,struct connfem_epaelna_flags_wifi {
6373afa19d09289400c8a1ae3ab8bf1edb1ba354fa92d16003285e4b79771710,connfem,MODULE_NAME,connfem,kernel_modules,connectivity/connfem/include/connfem_api.h,90,struct connfem_epaelna_flags_bt {
6373afa19d09289400c8a1ae3ab8bf1edb1ba354fa92d16003285e4b79771710,connfem,MODULE_NAME,connfem,kernel_modules,connectivity/connfem/include/connfem_api.h,97,struct connfem_epaelna_flag_tbl_entry {
6373afa19d09289400c8a1ae3ab8bf1edb1ba354fa92d16003285e4b79771710,connfem,MODULE_NAME,connfem,kernel_modules,connectivity/connfem/include/connfem_api.h,102,struct connfem_epaelna_flag_pair {
6373afa19d09289400c8a1ae3ab8bf1edb1ba354fa92d16003285e4b79771710,connfem,MODULE_NAME,connfem,kernel_modules,connectivity/connfem/include/connfem_api.h,107,struct connfem_epaelna_subsys_cb {
6373afa19d09289400c8a1ae3ab8bf1edb1ba354fa92d16003285e4b79771710,connfem,MODULE_NAME,connfem,kernel_modules,connectivity/connfem/include/connfem_api.h,109,struct connfem_epaelna_flag_tbl_entry*(*flags_tbl_get)(void);
6373afa19d09289400c8a1ae3ab8bf1edb1ba354fa92d16003285e4b79771710,connfem,MODULE_NAME,connfem,kernel_modules,connectivity/connfem/include/connfem_api.h,121,extern bool connfem_is_available(enum connfem_type fem_type);
6373afa19d09289400c8a1ae3ab8bf1edb1ba354fa92d16003285e4b79771710,connfem,EXPORT,connfem_is_available,kernel_modules,connectivity/connfem/include/connfem_api.h,121,extern bool connfem_is_available(enum connfem_type fem_type);
6373afa19d09289400c8a1ae3ab8bf1edb1ba354fa92d16003285e4b79771710,connfem,MODULE_NAME,connfem,kernel_modules,connectivity/connfem/include/connfem_api.h,123,extern int connfem_epaelna_get_fem_info(
6373afa19d09289400c8a1ae3ab8bf1edb1ba354fa92d16003285e4b79771710,connfem,EXPORT,connfem_epaelna_get_fem_info,kernel_modules,connectivity/connfem/include/connfem_api.h,123,extern int connfem_epaelna_get_fem_info(
6373afa19d09289400c8a1ae3ab8bf1edb1ba354fa92d16003285e4b79771710,connfem,MODULE_NAME,connfem,kernel_modules,connectivity/connfem/include/connfem_api.h,124,struct connfem_epaelna_fem_info *fem_info);
6373afa19d09289400c8a1ae3ab8bf1edb1ba354fa92d16003285e4b79771710,connfem,MODULE_NAME,connfem,kernel_modules,connectivity/connfem/include/connfem_api.h,126,extern int connfem_epaelna_get_bt_fem_info(
6373afa19d09289400c8a1ae3ab8bf1edb1ba354fa92d16003285e4b79771710,connfem,EXPORT,connfem_epaelna_get_bt_fem_info,kernel_modules,connectivity/connfem/include/connfem_api.h,126,extern int connfem_epaelna_get_bt_fem_info(
6373afa19d09289400c8a1ae3ab8bf1edb1ba354fa92d16003285e4b79771710,connfem,MODULE_NAME,connfem,kernel_modules,connectivity/connfem/include/connfem_api.h,127,struct connfem_epaelna_fem_info *fem_info);
6373afa19d09289400c8a1ae3ab8bf1edb1ba354fa92d16003285e4b79771710,connfem,MODULE_NAME,connfem,kernel_modules,connectivity/connfem/include/connfem_api.h,129,extern int connfem_epaelna_get_pin_info(
6373afa19d09289400c8a1ae3ab8bf1edb1ba354fa92d16003285e4b79771710,connfem,EXPORT,connfem_epaelna_get_pin_info,kernel_modules,connectivity/connfem/include/connfem_api.h,129,extern int connfem_epaelna_get_pin_info(
6373afa19d09289400c8a1ae3ab8bf1edb1ba354fa92d16003285e4b79771710,connfem,MODULE_NAME,connfem,kernel_modules,connectivity/connfem/include/connfem_api.h,130,struct connfem_epaelna_pin_info *pin_info);
6373afa19d09289400c8a1ae3ab8bf1edb1ba354fa92d16003285e4b79771710,connfem,MODULE_NAME,connfem,kernel_modules,connectivity/connfem/include/connfem_api.h,132,extern int connfem_epaelna_laa_get_pin_info(
6373afa19d09289400c8a1ae3ab8bf1edb1ba354fa92d16003285e4b79771710,connfem,EXPORT,connfem_epaelna_laa_get_pin_info,kernel_modules,connectivity/connfem/include/connfem_api.h,132,extern int connfem_epaelna_laa_get_pin_info(
6373afa19d09289400c8a1ae3ab8bf1edb1ba354fa92d16003285e4b79771710,connfem,MODULE_NAME,connfem,kernel_modules,connectivity/connfem/include/connfem_api.h,133,struct connfem_epaelna_laa_pin_info *laa_pin_info);
6373afa19d09289400c8a1ae3ab8bf1edb1ba354fa92d16003285e4b79771710,connfem,MODULE_NAME,connfem,kernel_modules,connectivity/connfem/include/connfem_api.h,135,"extern int connfem_epaelna_get_flags(enum connfem_subsys subsys, void *flags);"
6373afa19d09289400c8a1ae3ab8bf1edb1ba354fa92d16003285e4b79771710,connfem,EXPORT,connfem_epaelna_get_flags,kernel_modules,connectivity/connfem/include/connfem_api.h,135,"extern int connfem_epaelna_get_flags(enum connfem_subsys subsys, void *flags);"
6373afa19d09289400c8a1ae3ab8bf1edb1ba354fa92d16003285e4b79771710,connfem,MODULE_NAME,connfem,kernel_modules,connectivity/connfem/include/connfem.h,7,* The header is provided for connfem kernel module internal used.
6373afa19d09289400c8a1ae3ab8bf1edb1ba354fa92d16003285e4b79771710,connfem,MODULE_NAME;PATH,connfem,device_modules,arch/arm64/boot/dts/mediatek/cust_mt6878_connfem.dtsi,,<path hit>
6373afa19d09289400c8a1ae3ab8bf1edb1ba354fa92d16003285e4b79771710,connfem,MODULE_NAME;PATH,connfem,device_modules,arch/arm64/boot/dts/mediatek/cust_k6989_connfem.dtsi,,<path hit>
6373afa19d09289400c8a1ae3ab8bf1edb1ba354fa92d16003285e4b79771710,connfem,MODULE_NAME;PATH,connfem,device_modules,arch/arm64/boot/dts/mediatek/cust_k6985_connfem.dtsi,,<path hit>
6373afa19d09289400c8a1ae3ab8bf1edb1ba354fa92d16003285e4b79771710,connfem,MODULE_NAME;PATH,connfem,device_modules,arch/arm64/boot/dts/mediatek/cust_k6897_connfem.dtsi,,<path hit>
6373afa19d09289400c8a1ae3ab8bf1edb1ba354fa92d16003285e4b79771710,connfem,MODULE_NAME;PATH,connfem,device_modules,arch/arm64/boot/dts/mediatek/cust_k6886_connfem.dtsi,,<path hit>
6373afa19d09289400c8a1ae3ab8bf1edb1ba354fa92d16003285e4b79771710,connfem,MODULE_NAME;PATH,connfem,device_modules,arch/arm64/boot/dts/mediatek/cust_k6878_connfem.dtsi,,<path hit>
6373afa19d09289400c8a1ae3ab8bf1edb1ba354fa92d16003285e4b79771710,connfem,MODULE_NAME;PATH,connfem,device_modules,arch/arm64/boot/dts/mediatek/cust_mt6985_connfem.dtsi,,<path hit>
6373afa19d09289400c8a1ae3ab8bf1edb1ba354fa92d16003285e4b79771710,connfem,MODULE_NAME;PATH,connfem,device_modules,arch/arm64/boot/dts/mediatek/cust_mt6897_connfem.dtsi,,<path hit>
6373afa19d09289400c8a1ae3ab8bf1edb1ba354fa92d16003285e4b79771710,connfem,MODULE_NAME;PATH,connfem,device_modules,arch/arm64/boot/dts/mediatek/cust_mt6989_connfem.dtsi,,<path hit>
6373afa19d09289400c8a1ae3ab8bf1edb1ba354fa92d16003285e4b79771710,connfem,MODULE_NAME;PATH,connfem,kernel_modules,connectivity/connfem/BUILD.bazel,,<path hit>
6373afa19d09289400c8a1ae3ab8bf1edb1ba354fa92d16003285e4b79771710,connfem,MODULE_NAME;PATH,connfem,kernel_modules,connectivity/connfem/Android.mk,,<path hit>
6373afa19d09289400c8a1ae3ab8bf1edb1ba354fa92d16003285e4b79771710,connfem,MODULE_NAME;PATH,connfem,kernel_modules,connectivity/connfem/Kbuild,,<path hit>
6373afa19d09289400c8a1ae3ab8bf1edb1ba354fa92d16003285e4b79771710,connfem,MODULE_NAME;PATH,connfem,kernel_modules,connectivity/connfem/Makefile,,<path hit>
6373afa19d09289400c8a1ae3ab8bf1edb1ba354fa92d16003285e4b79771710,connfem,MODULE_NAME;PATH,connfem,kernel_modules,connectivity/connfem/connfem.cfg,,<path hit>
6373afa19d09289400c8a1ae3ab8bf1edb1ba354fa92d16003285e4b79771710,connfem,MODULE_NAME;PATH,connfem,kernel_modules,connectivity/connfem/Makefile.x86,,<path hit>
6373afa19d09289400c8a1ae3ab8bf1edb1ba354fa92d16003285e4b79771710,connfem,MODULE_NAME;PATH,connfem,kernel_modules,connectivity/connfem/connfem_api.c,,<path hit>
6373afa19d09289400c8a1ae3ab8bf1edb1ba354fa92d16003285e4b79771710,connfem,MODULE_NAME;PATH,connfem,kernel_modules,connectivity/connfem/connfem_cfg.c,,<path hit>
6373afa19d09289400c8a1ae3ab8bf1edb1ba354fa92d16003285e4b79771710,connfem,MODULE_NAME;PATH,connfem,kernel_modules,connectivity/connfem/connfem_container.c,,<path hit>
6373afa19d09289400c8a1ae3ab8bf1edb1ba354fa92d16003285e4b79771710,connfem,MODULE_NAME;PATH,connfem,kernel_modules,connectivity/connfem/init.connfem.rc,,<path hit>
6373afa19d09289400c8a1ae3ab8bf1edb1ba354fa92d16003285e4b79771710,connfem,MODULE_NAME;PATH,connfem,kernel_modules,connectivity/connfem/connfem_module.c,,<path hit>
6373afa19d09289400c8a1ae3ab8bf1edb1ba354fa92d16003285e4b79771710,connfem,MODULE_NAME;PATH,connfem,kernel_modules,connectivity/connfem/connfem_internal.c,,<path hit>
6373afa19d09289400c8a1ae3ab8bf1edb1ba354fa92d16003285e4b79771710,connfem,MODULE_NAME;PATH,connfem,kernel_modules,connectivity/connfem/connfem_epaelna.c,,<path hit>
6373afa19d09289400c8a1ae3ab8bf1edb1ba354fa92d16003285e4b79771710,connfem,MODULE_NAME;PATH,connfem,kernel_modules,connectivity/connfem/connfem_dt_parser.c,,<path hit>
6373afa19d09289400c8a1ae3ab8bf1edb1ba354fa92d16003285e4b79771710,connfem,MODULE_NAME;PATH,connfem,kernel_modules,connectivity/connfem/connfem_subsys_common.c,,<path hit>
6373afa19d09289400c8a1ae3ab8bf1edb1ba354fa92d16003285e4b79771710,connfem,MODULE_NAME;PATH,connfem,kernel_modules,connectivity/connfem/connfem_subsys_wifi.c,,<path hit>
6373afa19d09289400c8a1ae3ab8bf1edb1ba354fa92d16003285e4b79771710,connfem,MODULE_NAME;PATH,connfem,kernel_modules,connectivity/connfem/connfem_subsys_bt.c,,<path hit>
6373afa19d09289400c8a1ae3ab8bf1edb1ba354fa92d16003285e4b79771710,connfem,MODULE_NAME;PATH,connfem,kernel_modules,connectivity/connfem/connfem_test.c,,<path hit>
6373afa19d09289400c8a1ae3ab8bf1edb1ba354fa92d16003285e4b79771710,connfem,MODULE_NAME;PATH,connfem,kernel_modules,connectivity/connfem/include/connfem_test.h,,<path hit>
6373afa19d09289400c8a1ae3ab8bf1edb1ba354fa92d16003285e4b79771710,connfem,MODULE_NAME;PATH,connfem,kernel_modules,connectivity/connfem/include/connfem_epaelna.h,,<path hit>
6373afa19d09289400c8a1ae3ab8bf1edb1ba354fa92d16003285e4b79771710,connfem,MODULE_NAME;PATH,connfem,kernel_modules,connectivity/connfem/include/connfem_dt.h,,<path hit>
6373afa19d09289400c8a1ae3ab8bf1edb1ba354fa92d16003285e4b79771710,connfem,MODULE_NAME;PATH,connfem,kernel_modules,connectivity/connfem/include/connfem_container.h,,<path hit>
6373afa19d09289400c8a1ae3ab8bf1edb1ba354fa92d16003285e4b79771710,connfem,MODULE_NAME;PATH,connfem,kernel_modules,connectivity/connfem/include/connfem_cfg.h,,<path hit>
6373afa19d09289400c8a1ae3ab8bf1edb1ba354fa92d16003285e4b79771710,connfem,MODULE_NAME;PATH,connfem,kernel_modules,connectivity/connfem/include/connfem_api.h,,<path hit>
6373afa19d09289400c8a1ae3ab8bf1edb1ba354fa92d16003285e4b79771710,connfem,MODULE_NAME;PATH,connfem,kernel_modules,connectivity/connfem/include/connfem.h,,<path hit>
8449612f02225adeaf7e7547c37e28c45409e9439fd823568f064462bebd0e95,gps_scp,MODULE_NAME,gps_scp,device_modules,kernel/kleaf/mgk_64_k61.bzl,31,"""//vendor/mediatek/kernel_modules/connectivity/gps/gps_scp:gps_scp"","
8449612f02225adeaf7e7547c37e28c45409e9439fd823568f064462bebd0e95,gps_scp,MODULE_NAME,gps_scp,kernel_modules,connectivity/gps/gps_scp/Kbuild,43,MODULE_NAME := gps_scp
8449612f02225adeaf7e7547c37e28c45409e9439fd823568f064462bebd0e95,gps_scp,MODULE_NAME,gps_scp,kernel_modules,connectivity/gps/gps_scp/Kbuild,50,$(warning gps_scp has been build)
8449612f02225adeaf7e7547c37e28c45409e9439fd823568f064462bebd0e95,gps_scp,MODULE_NAME;PATH,gps_scp,kernel_modules,connectivity/gps/gps_scp/init.gps_scp.rc,,<path hit>
8449612f02225adeaf7e7547c37e28c45409e9439fd823568f064462bebd0e95,gps_scp,MODULE_NAME;PATH,gps_scp,kernel_modules,connectivity/gps/gps_scp/gps2scp.c,,<path hit>
8449612f02225adeaf7e7547c37e28c45409e9439fd823568f064462bebd0e95,gps_scp,MODULE_NAME;PATH,gps_scp,kernel_modules,connectivity/gps/gps_scp/Makefile,,<path hit>
8449612f02225adeaf7e7547c37e28c45409e9439fd823568f064462bebd0e95,gps_scp,MODULE_NAME;PATH,gps_scp,kernel_modules,connectivity/gps/gps_scp/Kbuild,,<path hit>
8449612f02225adeaf7e7547c37e28c45409e9439fd823568f064462bebd0e95,gps_scp,MODULE_NAME;PATH,gps_scp,kernel_modules,connectivity/gps/gps_scp/BUILD.bazel,,<path hit>
8449612f02225adeaf7e7547c37e28c45409e9439fd823568f064462bebd0e95,gps_scp,MODULE_NAME;PATH,gps_scp,kernel_modules,connectivity/gps/gps_scp/Android.mk,,<path hit>
85e5a860bc0ebae9c26e401ae333928ab8da9569b3892040da4f858cf6f643e8,aw36515,ALIAS;CHIP_TOKEN;MODULE_NAME,aw36515,device_modules,arch/arm64/boot/dts/mediatek/cust_mt6985_alpha_camera_v4l2.dtsi,7,aw36515_pins_default: default {
85e5a860bc0ebae9c26e401ae333928ab8da9569b3892040da4f858cf6f643e8,aw36515,ALIAS;CHIP_TOKEN;MODULE_NAME,aw36515,device_modules,arch/arm64/boot/dts/mediatek/cust_mt6985_alpha_camera_v4l2.dtsi,10,aw36515_pins_hwen_high: hwen_high {
85e5a860bc0ebae9c26e401ae333928ab8da9569b3892040da4f858cf6f643e8,aw36515,ALIAS;CHIP_TOKEN;MODULE_NAME,aw36515,device_modules,arch/arm64/boot/dts/mediatek/cust_mt6985_alpha_camera_v4l2.dtsi,18,aw36515_pins_hwen_low: hwen_low {
85e5a860bc0ebae9c26e401ae333928ab8da9569b3892040da4f858cf6f643e8,aw36515,ALIAS;CHIP_TOKEN;MODULE_NAME,aw36515,device_modules,arch/arm64/boot/dts/mediatek/cust_mt6985_alpha_camera_v4l2.dtsi,504,aw36515:aw36515@63 {
85e5a860bc0ebae9c26e401ae333928ab8da9569b3892040da4f858cf6f643e8,aw36515,ALIAS;CHIP_TOKEN;MODULE_NAME,aw36515,device_modules,arch/arm64/boot/dts/mediatek/cust_mt6985_alpha_camera_v4l2.dtsi,505,"compatible = ""mediatek,aw36515"";"
85e5a860bc0ebae9c26e401ae333928ab8da9569b3892040da4f858cf6f643e8,aw36515,COMPATIBLE,"mediatek,aw36515",device_modules,arch/arm64/boot/dts/mediatek/cust_mt6985_alpha_camera_v4l2.dtsi,505,"compatible = ""mediatek,aw36515"";"
85e5a860bc0ebae9c26e401ae333928ab8da9569b3892040da4f858cf6f643e8,aw36515,ALIAS;CHIP_TOKEN;MODULE_NAME,aw36515,device_modules,arch/arm64/boot/dts/mediatek/cust_mt6985_alpha_camera_v4l2.dtsi,509,pinctrl-0 = <&aw36515_pins_default>;
85e5a860bc0ebae9c26e401ae333928ab8da9569b3892040da4f858cf6f643e8,aw36515,ALIAS;CHIP_TOKEN;MODULE_NAME,aw36515,device_modules,arch/arm64/boot/dts/mediatek/cust_mt6985_alpha_camera_v4l2.dtsi,510,pinctrl-1 = <&aw36515_pins_hwen_high>;
85e5a860bc0ebae9c26e401ae333928ab8da9569b3892040da4f858cf6f643e8,aw36515,ALIAS;CHIP_TOKEN;MODULE_NAME,aw36515,device_modules,arch/arm64/boot/dts/mediatek/cust_mt6985_alpha_camera_v4l2.dtsi,511,pinctrl-2 = <&aw36515_pins_hwen_low>;
97c86e3b3dd038c4fc90b73315aac966087a852d604f103fc166076bd28f7549,leds_rgb_aw2013,CHIP_TOKEN,aw2013,kernel,drivers/leds/leds-aw2013.c,54,struct aw2013;
97c86e3b3dd038c4fc90b73315aac966087a852d604f103fc166076bd28f7549,leds_rgb_aw2013,CHIP_TOKEN,aw2013,kernel,drivers/leds/leds-aw2013.c,56,struct aw2013_led {
97c86e3b3dd038c4fc90b73315aac966087a852d604f103fc166076bd28f7549,leds_rgb_aw2013,CHIP_TOKEN,aw2013,kernel,drivers/leds/leds-aw2013.c,57,struct aw2013 *chip;
97c86e3b3dd038c4fc90b73315aac966087a852d604f103fc166076bd28f7549,leds_rgb_aw2013,CHIP_TOKEN,aw2013,kernel,drivers/leds/leds-aw2013.c,63,struct aw2013 {
97c86e3b3dd038c4fc90b73315aac966087a852d604f103fc166076bd28f7549,leds_rgb_aw2013,CHIP_TOKEN,aw2013,kernel,drivers/leds/leds-aw2013.c,67,struct aw2013_led leds[AW2013_MAX_LEDS];
97c86e3b3dd038c4fc90b73315aac966087a852d604f103fc166076bd28f7549,leds_rgb_aw2013,CHIP_TOKEN,aw2013,kernel,drivers/leds/leds-aw2013.c,73,static int aw2013_chip_init(struct aw2013 *chip)
97c86e3b3dd038c4fc90b73315aac966087a852d604f103fc166076bd28f7549,leds_rgb_aw2013,CHIP_TOKEN,aw2013,kernel,drivers/leds/leds-aw2013.c,100,static void aw2013_chip_disable(struct aw2013 *chip)
97c86e3b3dd038c4fc90b73315aac966087a852d604f103fc166076bd28f7549,leds_rgb_aw2013,CHIP_TOKEN,aw2013,kernel,drivers/leds/leds-aw2013.c,119,static int aw2013_chip_enable(struct aw2013 *chip)
97c86e3b3dd038c4fc90b73315aac966087a852d604f103fc166076bd28f7549,leds_rgb_aw2013,CHIP_TOKEN,aw2013,kernel,drivers/leds/leds-aw2013.c,134,ret = aw2013_chip_init(chip);
97c86e3b3dd038c4fc90b73315aac966087a852d604f103fc166076bd28f7549,leds_rgb_aw2013,CHIP_TOKEN,aw2013,kernel,drivers/leds/leds-aw2013.c,136,aw2013_chip_disable(chip);
97c86e3b3dd038c4fc90b73315aac966087a852d604f103fc166076bd28f7549,leds_rgb_aw2013,CHIP_TOKEN,aw2013,kernel,drivers/leds/leds-aw2013.c,141,static bool aw2013_chip_in_use(struct aw2013 *chip)
97c86e3b3dd038c4fc90b73315aac966087a852d604f103fc166076bd28f7549,leds_rgb_aw2013,CHIP_TOKEN,aw2013,kernel,drivers/leds/leds-aw2013.c,152,"static int aw2013_brightness_set(struct led_classdev *cdev,"
97c86e3b3dd038c4fc90b73315aac966087a852d604f103fc166076bd28f7549,leds_rgb_aw2013,CHIP_TOKEN,aw2013,kernel,drivers/leds/leds-aw2013.c,155,"struct aw2013_led *led = container_of(cdev, struct aw2013_led, cdev);"
97c86e3b3dd038c4fc90b73315aac966087a852d604f103fc166076bd28f7549,leds_rgb_aw2013,CHIP_TOKEN,aw2013,kernel,drivers/leds/leds-aw2013.c,160,if (aw2013_chip_in_use(led->chip)) {
97c86e3b3dd038c4fc90b73315aac966087a852d604f103fc166076bd28f7549,leds_rgb_aw2013,CHIP_TOKEN,aw2013,kernel,drivers/leds/leds-aw2013.c,161,ret = aw2013_chip_enable(led->chip);
97c86e3b3dd038c4fc90b73315aac966087a852d604f103fc166076bd28f7549,leds_rgb_aw2013,CHIP_TOKEN,aw2013,kernel,drivers/leds/leds-aw2013.c,186,if (!aw2013_chip_in_use(led->chip))
97c86e3b3dd038c4fc90b73315aac966087a852d604f103fc166076bd28f7549,leds_rgb_aw2013,CHIP_TOKEN,aw2013,kernel,drivers/leds/leds-aw2013.c,187,aw2013_chip_disable(led->chip);
97c86e3b3dd038c4fc90b73315aac966087a852d604f103fc166076bd28f7549,leds_rgb_aw2013,CHIP_TOKEN,aw2013,kernel,drivers/leds/leds-aw2013.c,195,"static int aw2013_blink_set(struct led_classdev *cdev,"
97c86e3b3dd038c4fc90b73315aac966087a852d604f103fc166076bd28f7549,leds_rgb_aw2013,CHIP_TOKEN,aw2013,kernel,drivers/leds/leds-aw2013.c,198,"struct aw2013_led *led = container_of(cdev, struct aw2013_led, cdev);"
97c86e3b3dd038c4fc90b73315aac966087a852d604f103fc166076bd28f7549,leds_rgb_aw2013,CHIP_TOKEN,aw2013,kernel,drivers/leds/leds-aw2013.c,210,"ret = aw2013_brightness_set(&led->cdev, led->cdev.brightness);"
97c86e3b3dd038c4fc90b73315aac966087a852d604f103fc166076bd28f7549,leds_rgb_aw2013,CHIP_TOKEN,aw2013,kernel,drivers/leds/leds-aw2013.c,218,"return aw2013_brightness_set(&led->cdev, LED_OFF);"
97c86e3b3dd038c4fc90b73315aac966087a852d604f103fc166076bd28f7549,leds_rgb_aw2013,CHIP_TOKEN,aw2013,kernel,drivers/leds/leds-aw2013.c,262,static int aw2013_probe_dt(struct aw2013 *chip)
97c86e3b3dd038c4fc90b73315aac966087a852d604f103fc166076bd28f7549,leds_rgb_aw2013,CHIP_TOKEN,aw2013,kernel,drivers/leds/leds-aw2013.c,266,struct aw2013_led *led;
97c86e3b3dd038c4fc90b73315aac966087a852d604f103fc166076bd28f7549,leds_rgb_aw2013,CHIP_TOKEN,aw2013,kernel,drivers/leds/leds-aw2013.c,300,led->cdev.brightness_set_blocking = aw2013_brightness_set;
97c86e3b3dd038c4fc90b73315aac966087a852d604f103fc166076bd28f7549,leds_rgb_aw2013,CHIP_TOKEN,aw2013,kernel,drivers/leds/leds-aw2013.c,301,led->cdev.blink_set = aw2013_blink_set;
97c86e3b3dd038c4fc90b73315aac966087a852d604f103fc166076bd28f7549,leds_rgb_aw2013,CHIP_TOKEN,aw2013,kernel,drivers/leds/leds-aw2013.c,321,static const struct regmap_config aw2013_regmap_config = {
97c86e3b3dd038c4fc90b73315aac966087a852d604f103fc166076bd28f7549,leds_rgb_aw2013,CHIP_TOKEN,aw2013,kernel,drivers/leds/leds-aw2013.c,327,static int aw2013_probe(struct i2c_client *client)
97c86e3b3dd038c4fc90b73315aac966087a852d604f103fc166076bd28f7549,leds_rgb_aw2013,CHIP_TOKEN,aw2013,kernel,drivers/leds/leds-aw2013.c,329,struct aw2013 *chip;
97c86e3b3dd038c4fc90b73315aac966087a852d604f103fc166076bd28f7549,leds_rgb_aw2013,CHIP_TOKEN,aw2013,kernel,drivers/leds/leds-aw2013.c,343,"chip->regmap = devm_regmap_init_i2c(client, &aw2013_regmap_config);"
97c86e3b3dd038c4fc90b73315aac966087a852d604f103fc166076bd28f7549,leds_rgb_aw2013,CHIP_TOKEN,aw2013,kernel,drivers/leds/leds-aw2013.c,381,ret = aw2013_probe_dt(chip);
97c86e3b3dd038c4fc90b73315aac966087a852d604f103fc166076bd28f7549,leds_rgb_aw2013,CHIP_TOKEN,aw2013,kernel,drivers/leds/leds-aw2013.c,404,static void aw2013_remove(struct i2c_client *client)
97c86e3b3dd038c4fc90b73315aac966087a852d604f103fc166076bd28f7549,leds_rgb_aw2013,CHIP_TOKEN,aw2013,kernel,drivers/leds/leds-aw2013.c,406,struct aw2013 *chip = i2c_get_clientdata(client);
97c86e3b3dd038c4fc90b73315aac966087a852d604f103fc166076bd28f7549,leds_rgb_aw2013,CHIP_TOKEN,aw2013,kernel,drivers/leds/leds-aw2013.c,408,aw2013_chip_disable(chip);
97c86e3b3dd038c4fc90b73315aac966087a852d604f103fc166076bd28f7549,leds_rgb_aw2013,CHIP_TOKEN,aw2013,kernel,drivers/leds/leds-aw2013.c,413,static const struct of_device_id aw2013_match_table[] = {
97c86e3b3dd038c4fc90b73315aac966087a852d604f103fc166076bd28f7549,leds_rgb_aw2013,CHIP_TOKEN,aw2013,kernel,drivers/leds/leds-aw2013.c,414,"{ .compatible = ""awinic,aw2013"", },"
97c86e3b3dd038c4fc90b73315aac966087a852d604f103fc166076bd28f7549,leds_rgb_aw2013,CHIP_TOKEN,aw2013,kernel,drivers/leds/leds-aw2013.c,418,"MODULE_DEVICE_TABLE(of, aw2013_match_table);"
97c86e3b3dd038c4fc90b73315aac966087a852d604f103fc166076bd28f7549,leds_rgb_aw2013,CHIP_TOKEN,aw2013,kernel,drivers/leds/leds-aw2013.c,420,static struct i2c_driver aw2013_driver = {
97c86e3b3dd038c4fc90b73315aac966087a852d604f103fc166076bd28f7549,leds_rgb_aw2013,CHIP_TOKEN,aw2013,kernel,drivers/leds/leds-aw2013.c,422,".name = ""leds-aw2013"","
97c86e3b3dd038c4fc90b73315aac966087a852d604f103fc166076bd28f7549,leds_rgb_aw2013,CHIP_TOKEN,aw2013,kernel,drivers/leds/leds-aw2013.c,423,".of_match_table = of_match_ptr(aw2013_match_table),"
97c86e3b3dd038c4fc90b73315aac966087a852d604f103fc166076bd28f7549,leds_rgb_aw2013,CHIP_TOKEN,aw2013,kernel,drivers/leds/leds-aw2013.c,425,".probe_new = aw2013_probe,"
97c86e3b3dd038c4fc90b73315aac966087a852d604f103fc166076bd28f7549,leds_rgb_aw2013,CHIP_TOKEN,aw2013,kernel,drivers/leds/leds-aw2013.c,426,".remove = aw2013_remove,"
97c86e3b3dd038c4fc90b73315aac966087a852d604f103fc166076bd28f7549,leds_rgb_aw2013,CHIP_TOKEN,aw2013,kernel,drivers/leds/leds-aw2013.c,429,module_i2c_driver(aw2013_driver);
97c86e3b3dd038c4fc90b73315aac966087a852d604f103fc166076bd28f7549,leds_rgb_aw2013,CHIP_TOKEN,aw2013,kernel,drivers/leds/Makefile,18,obj-$(CONFIG_LEDS_AW2013)		+= leds-aw2013.o
97c86e3b3dd038c4fc90b73315aac966087a852d604f103fc166076bd28f7549,leds_rgb_aw2013,CHIP_TOKEN,aw2013,kernel,arch/arm64/boot/dts/qcom/msm8916-wingtech-wt88047.dts,97,"compatible = ""awinic,aw2013"";"
97c86e3b3dd038c4fc90b73315aac966087a852d604f103fc166076bd28f7549,leds_rgb_aw2013,CHIP_TOKEN,aw2013,kernel,arch/arm64/boot/dts/qcom/msm8916-longcheer-l8150.dts,83,"compatible = ""awinic,aw2013"";"
97c86e3b3dd038c4fc90b73315aac966087a852d604f103fc166076bd28f7549,leds_rgb_aw2013,CHIP_TOKEN;PATH,aw2013,kernel,Documentation/devicetree/bindings/leds/leds-aw2013.yaml,,<path hit>
97c86e3b3dd038c4fc90b73315aac966087a852d604f103fc166076bd28f7549,leds_rgb_aw2013,CHIP_TOKEN;PATH,aw2013,kernel,drivers/leds/leds-aw2013.c,,<path hit>
a7940eb4bc07c58e46e56880955c553081c9e4cfc628a435d5680c3d16b28088,gps_drv_dl_v051,MODULE_NAME,gps_drv_dl_v051,device_modules,kernel/kleaf/mgk_64_k61.bzl,27,"""//vendor/mediatek/kernel_modules/connectivity/gps/data_link/plat/v051:gps_drv_dl_v051"","
abd60919a4381340acc26e2525339d09622a13259ba926efe119f5ae16338419,gps_pwr,MODULE_NAME,gps_pwr,device_modules,kernel/kleaf/mgk_64_k61.bzl,30,"""//vendor/mediatek/kernel_modules/connectivity/gps/gps_pwr:gps_pwr"","
abd60919a4381340acc26e2525339d09622a13259ba926efe119f5ae16338419,gps_pwr,MODULE_NAME,gps_pwr,kernel_modules,connectivity/gps/gps_pwr/gpspwr.c,36,"#define GPS_PWR_DEVNAME            ""gps_pwr"""
abd60919a4381340acc26e2525339d09622a13259ba926efe119f5ae16338419,gps_pwr,MODULE_NAME,gps_pwr,kernel_modules,connectivity/gps/gps_pwr/gpspwr.c,41,struct gps_pwr_dev {
abd60919a4381340acc26e2525339d09622a13259ba926efe119f5ae16338419,gps_pwr,MODULE_NAME,gps_pwr,kernel_modules,connectivity/gps/gps_pwr/gpspwr.c,53,struct gps_pwr_dev *gps_pwr_devobj;
abd60919a4381340acc26e2525339d09622a13259ba926efe119f5ae16338419,gps_pwr,MODULE_NAME,gps_pwr,kernel_modules,connectivity/gps/gps_pwr/gpspwr.c,57,bool gps_pwr_open_state;
abd60919a4381340acc26e2525339d09622a13259ba926efe119f5ae16338419,gps_pwr,MODULE_NAME,gps_pwr,kernel_modules,connectivity/gps/gps_pwr/gpspwr.c,59,"int gps_pwr_msg_cb(enum conn_pwr_event_type event_type, void *level)"
abd60919a4381340acc26e2525339d09622a13259ba926efe119f5ae16338419,gps_pwr,MODULE_NAME,gps_pwr,kernel_modules,connectivity/gps/gps_pwr/gpspwr.c,64,"pr_info(""gps_pwr_msg_cb been called, level=%d, gps_pwr_open_state=%d\n"","
abd60919a4381340acc26e2525339d09622a13259ba926efe119f5ae16338419,gps_pwr,MODULE_NAME,gps_pwr,kernel_modules,connectivity/gps/gps_pwr/gpspwr.c,65,"*(enum conn_pwr_low_battery_level *)level, gps_pwr_open_state);"
abd60919a4381340acc26e2525339d09622a13259ba926efe119f5ae16338419,gps_pwr,MODULE_NAME,gps_pwr,kernel_modules,connectivity/gps/gps_pwr/gpspwr.c,74,"long gps_pwr_unlocked_ioctl(struct file *filp, unsigned int cmd, unsigned long arg)"
abd60919a4381340acc26e2525339d09622a13259ba926efe119f5ae16338419,gps_pwr,MODULE_NAME,gps_pwr,kernel_modules,connectivity/gps/gps_pwr/gpspwr.c,81,"long gps_pwr_compat_ioctl(struct file *filp, unsigned int cmd, unsigned long arg)"
abd60919a4381340acc26e2525339d09622a13259ba926efe119f5ae16338419,gps_pwr,MODULE_NAME,gps_pwr,kernel_modules,connectivity/gps/gps_pwr/gpspwr.c,83,"return gps_pwr_unlocked_ioctl(filp, cmd, arg);"
abd60919a4381340acc26e2525339d09622a13259ba926efe119f5ae16338419,gps_pwr,MODULE_NAME,gps_pwr,kernel_modules,connectivity/gps/gps_pwr/gpspwr.c,88,"static int gps_pwr_open(struct inode *inode, struct file *file)"
abd60919a4381340acc26e2525339d09622a13259ba926efe119f5ae16338419,gps_pwr,MODULE_NAME,gps_pwr,kernel_modules,connectivity/gps/gps_pwr/gpspwr.c,92,gps_pwr_open_state = true;
abd60919a4381340acc26e2525339d09622a13259ba926efe119f5ae16338419,gps_pwr,MODULE_NAME,gps_pwr,kernel_modules,connectivity/gps/gps_pwr/gpspwr.c,103,"static int gps_pwr_close(struct inode *inode, struct file *file)"
abd60919a4381340acc26e2525339d09622a13259ba926efe119f5ae16338419,gps_pwr,MODULE_NAME,gps_pwr,kernel_modules,connectivity/gps/gps_pwr/gpspwr.c,107,gps_pwr_open_state = false;
abd60919a4381340acc26e2525339d09622a13259ba926efe119f5ae16338419,gps_pwr,MODULE_NAME,gps_pwr,kernel_modules,connectivity/gps/gps_pwr/gpspwr.c,113,"static ssize_t gps_pwr_read(struct file *file, char __user *buf, size_t count, loff_t *ppos)"
abd60919a4381340acc26e2525339d09622a13259ba926efe119f5ae16338419,gps_pwr,MODULE_NAME,gps_pwr,kernel_modules,connectivity/gps/gps_pwr/gpspwr.c,117,"pr_info(""gps_pwr read\n"");"
abd60919a4381340acc26e2525339d09622a13259ba926efe119f5ae16338419,gps_pwr,MODULE_NAME,gps_pwr,kernel_modules,connectivity/gps/gps_pwr/gpspwr.c,123,"pr_info(""gps_pwr_read failed,because copy_to_user error\n"");"
abd60919a4381340acc26e2525339d09622a13259ba926efe119f5ae16338419,gps_pwr,MODULE_NAME,gps_pwr,kernel_modules,connectivity/gps/gps_pwr/gpspwr.c,135,"static ssize_t gps_pwr_write(struct file *filp, const char __user *buf, size_t count, loff_t *f_pos)"
abd60919a4381340acc26e2525339d09622a13259ba926efe119f5ae16338419,gps_pwr,MODULE_NAME,gps_pwr,kernel_modules,connectivity/gps/gps_pwr/gpspwr.c,142,"static unsigned int gps_pwr_poll(struct file *file, poll_table *wait)"
abd60919a4381340acc26e2525339d09622a13259ba926efe119f5ae16338419,gps_pwr,MODULE_NAME,gps_pwr,kernel_modules,connectivity/gps/gps_pwr/gpspwr.c,155,static const struct file_operations gps_pwr_fops = {
abd60919a4381340acc26e2525339d09622a13259ba926efe119f5ae16338419,gps_pwr,MODULE_NAME,gps_pwr,kernel_modules,connectivity/gps/gps_pwr/gpspwr.c,157,".unlocked_ioctl = gps_pwr_unlocked_ioctl,"
abd60919a4381340acc26e2525339d09622a13259ba926efe119f5ae16338419,gps_pwr,MODULE_NAME,gps_pwr,kernel_modules,connectivity/gps/gps_pwr/gpspwr.c,158,".compat_ioctl = gps_pwr_compat_ioctl,"
abd60919a4381340acc26e2525339d09622a13259ba926efe119f5ae16338419,gps_pwr,MODULE_NAME,gps_pwr,kernel_modules,connectivity/gps/gps_pwr/gpspwr.c,159,".open = gps_pwr_open,"
abd60919a4381340acc26e2525339d09622a13259ba926efe119f5ae16338419,gps_pwr,MODULE_NAME,gps_pwr,kernel_modules,connectivity/gps/gps_pwr/gpspwr.c,160,".read = gps_pwr_read,"
abd60919a4381340acc26e2525339d09622a13259ba926efe119f5ae16338419,gps_pwr,MODULE_NAME,gps_pwr,kernel_modules,connectivity/gps/gps_pwr/gpspwr.c,161,".write = gps_pwr_write,"
abd60919a4381340acc26e2525339d09622a13259ba926efe119f5ae16338419,gps_pwr,MODULE_NAME,gps_pwr,kernel_modules,connectivity/gps/gps_pwr/gpspwr.c,162,".release = gps_pwr_close,"
abd60919a4381340acc26e2525339d09622a13259ba926efe119f5ae16338419,gps_pwr,MODULE_NAME,gps_pwr,kernel_modules,connectivity/gps/gps_pwr/gpspwr.c,163,".poll = gps_pwr_poll,"
abd60919a4381340acc26e2525339d09622a13259ba926efe119f5ae16338419,gps_pwr,MODULE_NAME,gps_pwr,kernel_modules,connectivity/gps/gps_pwr/gpspwr.c,166,static int gps_pwr_init(void)
abd60919a4381340acc26e2525339d09622a13259ba926efe119f5ae16338419,gps_pwr,MODULE_NAME,gps_pwr,kernel_modules,connectivity/gps/gps_pwr/gpspwr.c,171,"gps_pwr_devobj = kzalloc(sizeof(*gps_pwr_devobj), GFP_KERNEL);"
abd60919a4381340acc26e2525339d09622a13259ba926efe119f5ae16338419,gps_pwr,MODULE_NAME,gps_pwr,kernel_modules,connectivity/gps/gps_pwr/gpspwr.c,172,if (gps_pwr_devobj == NULL) {
abd60919a4381340acc26e2525339d09622a13259ba926efe119f5ae16338419,gps_pwr,MODULE_NAME,gps_pwr,kernel_modules,connectivity/gps/gps_pwr/gpspwr.c,178,"pr_info(""Registering gps_pwr chardev\n"");"
abd60919a4381340acc26e2525339d09622a13259ba926efe119f5ae16338419,gps_pwr,MODULE_NAME,gps_pwr,kernel_modules,connectivity/gps/gps_pwr/gpspwr.c,179,"ret = alloc_chrdev_region(&gps_pwr_devobj->devno, 0, 1, GPS_PWR_DEVNAME);"
abd60919a4381340acc26e2525339d09622a13259ba926efe119f5ae16338419,gps_pwr,MODULE_NAME,gps_pwr,kernel_modules,connectivity/gps/gps_pwr/gpspwr.c,185,"pr_info(""major: %d, minor: %d\n"", MAJOR(gps_pwr_devobj->devno), MINOR(gps_pwr_devobj->devno));"
abd60919a4381340acc26e2525339d09622a13259ba926efe119f5ae16338419,gps_pwr,MODULE_NAME,gps_pwr,kernel_modules,connectivity/gps/gps_pwr/gpspwr.c,187,"cdev_init(&gps_pwr_devobj->chdev, &gps_pwr_fops);"
abd60919a4381340acc26e2525339d09622a13259ba926efe119f5ae16338419,gps_pwr,MODULE_NAME,gps_pwr,kernel_modules,connectivity/gps/gps_pwr/gpspwr.c,188,gps_pwr_devobj->chdev.owner = THIS_MODULE;
abd60919a4381340acc26e2525339d09622a13259ba926efe119f5ae16338419,gps_pwr,MODULE_NAME,gps_pwr,kernel_modules,connectivity/gps/gps_pwr/gpspwr.c,189,"err = cdev_add(&gps_pwr_devobj->chdev, gps_pwr_devobj->devno, 1);"
abd60919a4381340acc26e2525339d09622a13259ba926efe119f5ae16338419,gps_pwr,MODULE_NAME,gps_pwr,kernel_modules,connectivity/gps/gps_pwr/gpspwr.c,194,"gps_pwr_devobj->cls = class_create(THIS_MODULE, ""gps_pwr"");"
abd60919a4381340acc26e2525339d09622a13259ba926efe119f5ae16338419,gps_pwr,MODULE_NAME,gps_pwr,kernel_modules,connectivity/gps/gps_pwr/gpspwr.c,195,if (IS_ERR(gps_pwr_devobj->cls)) {
abd60919a4381340acc26e2525339d09622a13259ba926efe119f5ae16338419,gps_pwr,MODULE_NAME,gps_pwr,kernel_modules,connectivity/gps/gps_pwr/gpspwr.c,196,"pr_info(""Unable to create class, err = %d\n"", (int)PTR_ERR(gps_pwr_devobj->cls));"
abd60919a4381340acc26e2525339d09622a13259ba926efe119f5ae16338419,gps_pwr,MODULE_NAME,gps_pwr,kernel_modules,connectivity/gps/gps_pwr/gpspwr.c,202,gps_pwr_open_state = false;
abd60919a4381340acc26e2525339d09622a13259ba926efe119f5ae16338419,gps_pwr,MODULE_NAME,gps_pwr,kernel_modules,connectivity/gps/gps_pwr/gpspwr.c,203,"conn_pwr_register_event_cb(DRV_TYPE_GPS, (CONN_PWR_EVENT_CB)gps_pwr_msg_cb);"
abd60919a4381340acc26e2525339d09622a13259ba926efe119f5ae16338419,gps_pwr,MODULE_NAME,gps_pwr,kernel_modules,connectivity/gps/gps_pwr/gpspwr.c,205,"gps_pwr_devobj->dev = device_create(gps_pwr_devobj->cls,"
abd60919a4381340acc26e2525339d09622a13259ba926efe119f5ae16338419,gps_pwr,MODULE_NAME,gps_pwr,kernel_modules,connectivity/gps/gps_pwr/gpspwr.c,206,"NULL, gps_pwr_devobj->devno, gps_pwr_devobj, ""gps_pwr"");"
abd60919a4381340acc26e2525339d09622a13259ba926efe119f5ae16338419,gps_pwr,MODULE_NAME,gps_pwr,kernel_modules,connectivity/gps/gps_pwr/gpspwr.c,211,if (gps_pwr_devobj != NULL) {
abd60919a4381340acc26e2525339d09622a13259ba926efe119f5ae16338419,gps_pwr,MODULE_NAME,gps_pwr,kernel_modules,connectivity/gps/gps_pwr/gpspwr.c,213,cdev_del(&gps_pwr_devobj->chdev);
abd60919a4381340acc26e2525339d09622a13259ba926efe119f5ae16338419,gps_pwr,MODULE_NAME,gps_pwr,kernel_modules,connectivity/gps/gps_pwr/gpspwr.c,215,"unregister_chrdev_region(gps_pwr_devobj->devno, 1);"
abd60919a4381340acc26e2525339d09622a13259ba926efe119f5ae16338419,gps_pwr,MODULE_NAME,gps_pwr,kernel_modules,connectivity/gps/gps_pwr/gpspwr.c,216,kfree(gps_pwr_devobj);
abd60919a4381340acc26e2525339d09622a13259ba926efe119f5ae16338419,gps_pwr,MODULE_NAME,gps_pwr,kernel_modules,connectivity/gps/gps_pwr/gpspwr.c,217,gps_pwr_devobj = NULL;
abd60919a4381340acc26e2525339d09622a13259ba926efe119f5ae16338419,gps_pwr,MODULE_NAME,gps_pwr,kernel_modules,connectivity/gps/gps_pwr/gpspwr.c,223,static void gps_pwr_exit(void)
abd60919a4381340acc26e2525339d09622a13259ba926efe119f5ae16338419,gps_pwr,MODULE_NAME,gps_pwr,kernel_modules,connectivity/gps/gps_pwr/gpspwr.c,225,if (!gps_pwr_devobj) {
abd60919a4381340acc26e2525339d09622a13259ba926efe119f5ae16338419,gps_pwr,MODULE_NAME,gps_pwr,kernel_modules,connectivity/gps/gps_pwr/gpspwr.c,226,"pr_info(""null pointer: %p\n"", gps_pwr_devobj);"
abd60919a4381340acc26e2525339d09622a13259ba926efe119f5ae16338419,gps_pwr,MODULE_NAME,gps_pwr,kernel_modules,connectivity/gps/gps_pwr/gpspwr.c,230,"pr_info(""Unregistering gps_pwr chardev\n"");"
abd60919a4381340acc26e2525339d09622a13259ba926efe119f5ae16338419,gps_pwr,MODULE_NAME,gps_pwr,kernel_modules,connectivity/gps/gps_pwr/gpspwr.c,231,cdev_del(&gps_pwr_devobj->chdev);
abd60919a4381340acc26e2525339d09622a13259ba926efe119f5ae16338419,gps_pwr,MODULE_NAME,gps_pwr,kernel_modules,connectivity/gps/gps_pwr/gpspwr.c,232,"unregister_chrdev_region(gps_pwr_devobj->devno, 1);"
abd60919a4381340acc26e2525339d09622a13259ba926efe119f5ae16338419,gps_pwr,MODULE_NAME,gps_pwr,kernel_modules,connectivity/gps/gps_pwr/gpspwr.c,233,"device_destroy(gps_pwr_devobj->cls, gps_pwr_devobj->devno);"
abd60919a4381340acc26e2525339d09622a13259ba926efe119f5ae16338419,gps_pwr,MODULE_NAME,gps_pwr,kernel_modules,connectivity/gps/gps_pwr/gpspwr.c,234,class_destroy(gps_pwr_devobj->cls);
abd60919a4381340acc26e2525339d09622a13259ba926efe119f5ae16338419,gps_pwr,MODULE_NAME,gps_pwr,kernel_modules,connectivity/gps/gps_pwr/gpspwr.c,235,kfree(gps_pwr_devobj);
abd60919a4381340acc26e2525339d09622a13259ba926efe119f5ae16338419,gps_pwr,MODULE_NAME,gps_pwr,kernel_modules,connectivity/gps/gps_pwr/gpspwr.c,236,gps_pwr_devobj = NULL;
abd60919a4381340acc26e2525339d09622a13259ba926efe119f5ae16338419,gps_pwr,MODULE_NAME,gps_pwr,kernel_modules,connectivity/gps/gps_pwr/gpspwr.c,240,int mtk_gps_pwr_init(void)
abd60919a4381340acc26e2525339d09622a13259ba926efe119f5ae16338419,gps_pwr,MODULE_NAME,gps_pwr,kernel_modules,connectivity/gps/gps_pwr/gpspwr.c,242,"pr_info(""gps_pwr init begin"");"
abd60919a4381340acc26e2525339d09622a13259ba926efe119f5ae16338419,gps_pwr,MODULE_NAME;PATH,gps_pwr,kernel_modules,connectivity/gps/gps_pwr/init.gps_pwr.rc,,<path hit>
abd60919a4381340acc26e2525339d09622a13259ba926efe119f5ae16338419,gps_pwr,MODULE_NAME;PATH,gps_pwr,kernel_modules,connectivity/gps/gps_pwr/gpspwr.c,,<path hit>
abd60919a4381340acc26e2525339d09622a13259ba926efe119f5ae16338419,gps_pwr,MODULE_NAME;PATH,gps_pwr,kernel_modules,connectivity/gps/gps_pwr/Makefile,,<path hit>
abd60919a4381340acc26e2525339d09622a13259ba926efe119f5ae16338419,gps_pwr,MODULE_NAME;PATH,gps_pwr,kernel_modules,connectivity/gps/gps_pwr/Kbuild,,<path hit>
abd60919a4381340acc26e2525339d09622a13259ba926efe119f5ae16338419,gps_pwr,MODULE_NAME;PATH,gps_pwr,kernel_modules,connectivity/gps/gps_pwr/BUILD.bazel,,<path hit>
abd60919a4381340acc26e2525339d09622a13259ba926efe119f5ae16338419,gps_pwr,MODULE_NAME;PATH,gps_pwr,kernel_modules,connectivity/gps/gps_pwr/Android.mk,,<path hit>
b416d0b22a4728661ea44e9c9dedf2a2ec075afa21c712fa8e38b6f0896fb64c,wmt_chrdev_wifi_connac2,CHIP_TOKEN,connac2,kernel,drivers/net/wireless/mediatek/mt76/mt7921/usb.c,105,"ret = mt76_connac2_mcu_fill_message(mdev, skb, cmd, seq);"
b416d0b22a4728661ea44e9c9dedf2a2ec075afa21c712fa8e38b6f0896fb64c,wmt_chrdev_wifi_connac2,CHIP_TOKEN,connac2,kernel,drivers/net/wireless/mediatek/mt76/mt7921/usb.c,131,"sizeof(struct mt76_connac2_mcu_txd),"
b416d0b22a4728661ea44e9c9dedf2a2ec075afa21c712fa8e38b6f0896fb64c,wmt_chrdev_wifi_connac2,CHIP_TOKEN,connac2,kernel,drivers/net/wireless/mediatek/mt76/mt7921/sdio_mcu.c,32,"ret = mt76_connac2_mcu_fill_message(mdev, skb, cmd, seq);"
b416d0b22a4728661ea44e9c9dedf2a2ec075afa21c712fa8e38b6f0896fb64c,wmt_chrdev_wifi_connac2,CHIP_TOKEN,connac2,kernel,drivers/net/wireless/mediatek/mt76/mt7921/sdio_mcu.c,78,"sizeof(struct mt76_connac2_mcu_txd),"
b416d0b22a4728661ea44e9c9dedf2a2ec075afa21c712fa8e38b6f0896fb64c,wmt_chrdev_wifi_connac2,CHIP_TOKEN,connac2,kernel,drivers/net/wireless/mediatek/mt76/mt7921/pci_mcu.c,29,"ret = mt76_connac2_mcu_fill_message(mdev, skb, cmd, seq);"
b416d0b22a4728661ea44e9c9dedf2a2ec075afa21c712fa8e38b6f0896fb64c,wmt_chrdev_wifi_connac2,CHIP_TOKEN,connac2,kernel,drivers/net/wireless/mediatek/mt76/mt7921/pci_mcu.c,44,".headroom = sizeof(struct mt76_connac2_mcu_txd),"
b416d0b22a4728661ea44e9c9dedf2a2ec075afa21c712fa8e38b6f0896fb64c,wmt_chrdev_wifi_connac2,CHIP_TOKEN,connac2,kernel,drivers/net/wireless/mediatek/mt76/mt7921/pci_mac.c,44,"mt76_connac2_mac_write_txwi(mdev, txwi_ptr, tx_info->skb, wcid, key,"
b416d0b22a4728661ea44e9c9dedf2a2ec075afa21c712fa8e38b6f0896fb64c,wmt_chrdev_wifi_connac2,CHIP_TOKEN,connac2,kernel,drivers/net/wireless/mediatek/mt76/mt7921/mcu.c,23,struct mt76_connac2_mcu_rxd *rxd;
b416d0b22a4728661ea44e9c9dedf2a2ec075afa21c712fa8e38b6f0896fb64c,wmt_chrdev_wifi_connac2,CHIP_TOKEN,connac2,kernel,drivers/net/wireless/mediatek/mt76/mt7921/mcu.c,34,rxd = (struct mt76_connac2_mcu_rxd *)skb->data;
b416d0b22a4728661ea44e9c9dedf2a2ec075afa21c712fa8e38b6f0896fb64c,wmt_chrdev_wifi_connac2,CHIP_TOKEN,connac2,kernel,drivers/net/wireless/mediatek/mt76/mt7921/mcu.c,66,"skb_pull(skb, sizeof(struct mt76_connac2_mcu_rxd));"
b416d0b22a4728661ea44e9c9dedf2a2ec075afa21c712fa8e38b6f0896fb64c,wmt_chrdev_wifi_connac2,CHIP_TOKEN,connac2,kernel,drivers/net/wireless/mediatek/mt76/mt7921/mcu.c,174,"skb_pull(skb, sizeof(struct mt76_connac2_mcu_rxd));"
b416d0b22a4728661ea44e9c9dedf2a2ec075afa21c712fa8e38b6f0896fb64c,wmt_chrdev_wifi_connac2,CHIP_TOKEN,connac2,kernel,drivers/net/wireless/mediatek/mt76/mt7921/mcu.c,188,"skb_pull(skb, sizeof(struct mt76_connac2_mcu_rxd));"
b416d0b22a4728661ea44e9c9dedf2a2ec075afa21c712fa8e38b6f0896fb64c,wmt_chrdev_wifi_connac2,CHIP_TOKEN,connac2,kernel,drivers/net/wireless/mediatek/mt76/mt7921/mcu.c,208,"skb_pull(skb, sizeof(struct mt76_connac2_mcu_rxd));"
b416d0b22a4728661ea44e9c9dedf2a2ec075afa21c712fa8e38b6f0896fb64c,wmt_chrdev_wifi_connac2,CHIP_TOKEN,connac2,kernel,drivers/net/wireless/mediatek/mt76/mt7921/mcu.c,231,"skb_pull(skb, sizeof(struct mt76_connac2_mcu_rxd));"
b416d0b22a4728661ea44e9c9dedf2a2ec075afa21c712fa8e38b6f0896fb64c,wmt_chrdev_wifi_connac2,CHIP_TOKEN,connac2,kernel,drivers/net/wireless/mediatek/mt76/mt7921/mcu.c,242,"skb_pull(skb, sizeof(struct mt76_connac2_mcu_rxd));"
b416d0b22a4728661ea44e9c9dedf2a2ec075afa21c712fa8e38b6f0896fb64c,wmt_chrdev_wifi_connac2,CHIP_TOKEN,connac2,kernel,drivers/net/wireless/mediatek/mt76/mt7921/mcu.c,251,struct mt76_connac2_mcu_rxd *rxd;
b416d0b22a4728661ea44e9c9dedf2a2ec075afa21c712fa8e38b6f0896fb64c,wmt_chrdev_wifi_connac2,CHIP_TOKEN,connac2,kernel,drivers/net/wireless/mediatek/mt76/mt7921/mcu.c,253,rxd = (struct mt76_connac2_mcu_rxd *)skb->data;
b416d0b22a4728661ea44e9c9dedf2a2ec075afa21c712fa8e38b6f0896fb64c,wmt_chrdev_wifi_connac2,CHIP_TOKEN,connac2,kernel,drivers/net/wireless/mediatek/mt76/mt7921/mcu.c,287,struct mt76_connac2_mcu_rxd *rxd;
b416d0b22a4728661ea44e9c9dedf2a2ec075afa21c712fa8e38b6f0896fb64c,wmt_chrdev_wifi_connac2,CHIP_TOKEN,connac2,kernel,drivers/net/wireless/mediatek/mt76/mt7921/mcu.c,292,rxd = (struct mt76_connac2_mcu_rxd *)skb->data;
b416d0b22a4728661ea44e9c9dedf2a2ec075afa21c712fa8e38b6f0896fb64c,wmt_chrdev_wifi_connac2,CHIP_TOKEN,connac2,kernel,drivers/net/wireless/mediatek/mt76/mt7921/mcu.c,366,const struct mt76_connac2_fw_trailer *hdr;
b416d0b22a4728661ea44e9c9dedf2a2ec075afa21c712fa8e38b6f0896fb64c,wmt_chrdev_wifi_connac2,CHIP_TOKEN,connac2,kernel,drivers/net/wireless/mediatek/mt76/mt7921/mcu.c,367,const struct mt76_connac2_fw_region *region;
b416d0b22a4728661ea44e9c9dedf2a2ec075afa21c712fa8e38b6f0896fb64c,wmt_chrdev_wifi_connac2,CHIP_TOKEN,connac2,kernel,drivers/net/wireless/mediatek/mt76/mt7921/mcu.c,452,"ret = mt76_connac2_load_patch(&dev->mt76, mt7921_patch_name(dev));"
b416d0b22a4728661ea44e9c9dedf2a2ec075afa21c712fa8e38b6f0896fb64c,wmt_chrdev_wifi_connac2,CHIP_TOKEN,connac2,kernel,drivers/net/wireless/mediatek/mt76/mt7921/mcu.c,463,"ret = mt76_connac2_load_ram(&dev->mt76, mt7921_ram_name(dev), NULL);"
b416d0b22a4728661ea44e9c9dedf2a2ec075afa21c712fa8e38b6f0896fb64c,wmt_chrdev_wifi_connac2,CHIP_TOKEN,connac2,kernel,drivers/net/wireless/mediatek/mt76/mt7921/mcu.c,1003,"mt76_connac2_mac_write_txwi(&dev->mt76, (__le32 *)(req.beacon_tlv.pkt),"
b416d0b22a4728661ea44e9c9dedf2a2ec075afa21c712fa8e38b6f0896fb64c,wmt_chrdev_wifi_connac2,CHIP_TOKEN,connac2,kernel,drivers/net/wireless/mediatek/mt76/mt7921/main.c,1185,struct mt76_connac2_mcu_rxd *rxd;
b416d0b22a4728661ea44e9c9dedf2a2ec075afa21c712fa8e38b6f0896fb64c,wmt_chrdev_wifi_connac2,CHIP_TOKEN,connac2,kernel,drivers/net/wireless/mediatek/mt76/mt7921/main.c,1195,rxd = (struct mt76_connac2_mcu_rxd *)skb->data;
b416d0b22a4728661ea44e9c9dedf2a2ec075afa21c712fa8e38b6f0896fb64c,wmt_chrdev_wifi_connac2,CHIP_TOKEN,connac2,kernel,drivers/net/wireless/mediatek/mt76/mt7921/mac.h,7,"#include ""../mt76_connac2_mac.h"""
b416d0b22a4728661ea44e9c9dedf2a2ec075afa21c712fa8e38b6f0896fb64c,wmt_chrdev_wifi_connac2,CHIP_TOKEN,connac2,kernel,drivers/net/wireless/mediatek/mt76/mt7921/mac.c,399,"ret = mt76_connac2_mac_fill_rx_rate(&dev->mt76, status, sband,"
b416d0b22a4728661ea44e9c9dedf2a2ec075afa21c712fa8e38b6f0896fb64c,wmt_chrdev_wifi_connac2,CHIP_TOKEN,connac2,kernel,drivers/net/wireless/mediatek/mt76/mt7921/mac.c,453,"err = mt76_connac2_reverse_frag0_hdr_trans(vif, skb, hdr_gap);"
b416d0b22a4728661ea44e9c9dedf2a2ec075afa21c712fa8e38b6f0896fb64c,wmt_chrdev_wifi_connac2,CHIP_TOKEN,connac2,kernel,drivers/net/wireless/mediatek/mt76/mt7921/mac.c,489,"mt76_connac2_mac_decode_he_radiotap(&dev->mt76, skb, rxv, mode);"
b416d0b22a4728661ea44e9c9dedf2a2ec075afa21c712fa8e38b6f0896fb64c,wmt_chrdev_wifi_connac2,CHIP_TOKEN,connac2,kernel,drivers/net/wireless/mediatek/mt76/mt7921/mac.c,553,"mt76_connac2_mac_add_txs_skb(&dev->mt76, wcid, pid, txs_data);"
b416d0b22a4728661ea44e9c9dedf2a2ec075afa21c712fa8e38b6f0896fb64c,wmt_chrdev_wifi_connac2,CHIP_TOKEN,connac2,kernel,drivers/net/wireless/mediatek/mt76/mt7921/mac.c,1123,"skb_pull(skb, sizeof(struct mt76_connac2_mcu_rxd));"
b416d0b22a4728661ea44e9c9dedf2a2ec075afa21c712fa8e38b6f0896fb64c,wmt_chrdev_wifi_connac2,CHIP_TOKEN,connac2,kernel,drivers/net/wireless/mediatek/mt76/mt7921/mac.c,1152,"mt76_connac2_mac_write_txwi(&dev->mt76, txwi, skb, wcid, key, pid, qid, 0);"
b416d0b22a4728661ea44e9c9dedf2a2ec075afa21c712fa8e38b6f0896fb64c,wmt_chrdev_wifi_connac2,CHIP_TOKEN,connac2,kernel,drivers/net/wireless/mediatek/mt76/mt7915/mcu.h,32,struct mt76_connac2_mcu_rxd rxd;
b416d0b22a4728661ea44e9c9dedf2a2ec075afa21c712fa8e38b6f0896fb64c,wmt_chrdev_wifi_connac2,CHIP_TOKEN,connac2,kernel,drivers/net/wireless/mediatek/mt76/mt7915/mcu.h,40,struct mt76_connac2_mcu_rxd rxd;
b416d0b22a4728661ea44e9c9dedf2a2ec075afa21c712fa8e38b6f0896fb64c,wmt_chrdev_wifi_connac2,CHIP_TOKEN,connac2,kernel,drivers/net/wireless/mediatek/mt76/mt7915/mcu.h,49,struct mt76_connac2_mcu_rxd rxd;
b416d0b22a4728661ea44e9c9dedf2a2ec075afa21c712fa8e38b6f0896fb64c,wmt_chrdev_wifi_connac2,CHIP_TOKEN,connac2,kernel,drivers/net/wireless/mediatek/mt76/mt7915/mcu.h,58,struct mt76_connac2_mcu_rxd rxd;
b416d0b22a4728661ea44e9c9dedf2a2ec075afa21c712fa8e38b6f0896fb64c,wmt_chrdev_wifi_connac2,CHIP_TOKEN,connac2,kernel,drivers/net/wireless/mediatek/mt76/mt7915/mcu.c,153,struct mt76_connac2_mcu_rxd *rxd;
b416d0b22a4728661ea44e9c9dedf2a2ec075afa21c712fa8e38b6f0896fb64c,wmt_chrdev_wifi_connac2,CHIP_TOKEN,connac2,kernel,drivers/net/wireless/mediatek/mt76/mt7915/mcu.c,162,rxd = (struct mt76_connac2_mcu_rxd *)skb->data;
b416d0b22a4728661ea44e9c9dedf2a2ec075afa21c712fa8e38b6f0896fb64c,wmt_chrdev_wifi_connac2,CHIP_TOKEN,connac2,kernel,drivers/net/wireless/mediatek/mt76/mt7915/mcu.c,173,"skb_pull(skb, sizeof(struct mt76_connac2_mcu_rxd));"
b416d0b22a4728661ea44e9c9dedf2a2ec075afa21c712fa8e38b6f0896fb64c,wmt_chrdev_wifi_connac2,CHIP_TOKEN,connac2,kernel,drivers/net/wireless/mediatek/mt76/mt7915/mcu.c,187,"ret = mt76_connac2_mcu_fill_message(mdev, skb, cmd, wait_seq);"
b416d0b22a4728661ea44e9c9dedf2a2ec075afa21c712fa8e38b6f0896fb64c,wmt_chrdev_wifi_connac2,CHIP_TOKEN,connac2,kernel,drivers/net/wireless/mediatek/mt76/mt7915/mcu.c,280,struct mt76_connac2_mcu_rxd *rxd;
b416d0b22a4728661ea44e9c9dedf2a2ec075afa21c712fa8e38b6f0896fb64c,wmt_chrdev_wifi_connac2,CHIP_TOKEN,connac2,kernel,drivers/net/wireless/mediatek/mt76/mt7915/mcu.c,284,rxd = (struct mt76_connac2_mcu_rxd *)skb->data;
b416d0b22a4728661ea44e9c9dedf2a2ec075afa21c712fa8e38b6f0896fb64c,wmt_chrdev_wifi_connac2,CHIP_TOKEN,connac2,kernel,drivers/net/wireless/mediatek/mt76/mt7915/mcu.c,333,struct mt76_connac2_mcu_rxd *rxd;
b416d0b22a4728661ea44e9c9dedf2a2ec075afa21c712fa8e38b6f0896fb64c,wmt_chrdev_wifi_connac2,CHIP_TOKEN,connac2,kernel,drivers/net/wireless/mediatek/mt76/mt7915/mcu.c,335,rxd = (struct mt76_connac2_mcu_rxd *)skb->data;
b416d0b22a4728661ea44e9c9dedf2a2ec075afa21c712fa8e38b6f0896fb64c,wmt_chrdev_wifi_connac2,CHIP_TOKEN,connac2,kernel,drivers/net/wireless/mediatek/mt76/mt7915/mcu.c,360,struct mt76_connac2_mcu_rxd *rxd;
b416d0b22a4728661ea44e9c9dedf2a2ec075afa21c712fa8e38b6f0896fb64c,wmt_chrdev_wifi_connac2,CHIP_TOKEN,connac2,kernel,drivers/net/wireless/mediatek/mt76/mt7915/mcu.c,362,rxd = (struct mt76_connac2_mcu_rxd *)skb->data;
b416d0b22a4728661ea44e9c9dedf2a2ec075afa21c712fa8e38b6f0896fb64c,wmt_chrdev_wifi_connac2,CHIP_TOKEN,connac2,kernel,drivers/net/wireless/mediatek/mt76/mt7915/mcu.c,375,struct mt76_connac2_mcu_rxd *rxd;
b416d0b22a4728661ea44e9c9dedf2a2ec075afa21c712fa8e38b6f0896fb64c,wmt_chrdev_wifi_connac2,CHIP_TOKEN,connac2,kernel,drivers/net/wireless/mediatek/mt76/mt7915/mcu.c,377,rxd = (struct mt76_connac2_mcu_rxd *)skb->data;
b416d0b22a4728661ea44e9c9dedf2a2ec075afa21c712fa8e38b6f0896fb64c,wmt_chrdev_wifi_connac2,CHIP_TOKEN,connac2,kernel,drivers/net/wireless/mediatek/mt76/mt7915/mcu.c,2072,"ret = mt76_connac2_load_patch(&dev->mt76, fw_name_var(dev, ROM_PATCH));"
b416d0b22a4728661ea44e9c9dedf2a2ec075afa21c712fa8e38b6f0896fb64c,wmt_chrdev_wifi_connac2,CHIP_TOKEN,connac2,kernel,drivers/net/wireless/mediatek/mt76/mt7915/mcu.c,2076,"ret = mt76_connac2_load_ram(&dev->mt76, fw_name_var(dev, FIRMWARE_WM),"
b416d0b22a4728661ea44e9c9dedf2a2ec075afa21c712fa8e38b6f0896fb64c,wmt_chrdev_wifi_connac2,CHIP_TOKEN,connac2,kernel,drivers/net/wireless/mediatek/mt76/mt7915/mcu.c,2240,".headroom = sizeof(struct mt76_connac2_mcu_txd),"
b416d0b22a4728661ea44e9c9dedf2a2ec075afa21c712fa8e38b6f0896fb64c,wmt_chrdev_wifi_connac2,CHIP_TOKEN,connac2,kernel,drivers/net/wireless/mediatek/mt76/mt7915/mac.h,7,"#include ""../mt76_connac2_mac.h"""
b416d0b22a4728661ea44e9c9dedf2a2ec075afa21c712fa8e38b6f0896fb64c,wmt_chrdev_wifi_connac2,CHIP_TOKEN,connac2,kernel,drivers/net/wireless/mediatek/mt76/mt7915/mac.c,411,"ret = mt76_connac2_mac_fill_rx_rate(&dev->mt76, status,"
b416d0b22a4728661ea44e9c9dedf2a2ec075afa21c712fa8e38b6f0896fb64c,wmt_chrdev_wifi_connac2,CHIP_TOKEN,connac2,kernel,drivers/net/wireless/mediatek/mt76/mt7915/mac.c,435,"err = mt76_connac2_reverse_frag0_hdr_trans(vif, skb, hdr_gap);"
b416d0b22a4728661ea44e9c9dedf2a2ec075afa21c712fa8e38b6f0896fb64c,wmt_chrdev_wifi_connac2,CHIP_TOKEN,connac2,kernel,drivers/net/wireless/mediatek/mt76/mt7915/mac.c,488,"mt76_connac2_mac_decode_he_radiotap(&dev->mt76, skb, rxv, mode);"
b416d0b22a4728661ea44e9c9dedf2a2ec075afa21c712fa8e38b6f0896fb64c,wmt_chrdev_wifi_connac2,CHIP_TOKEN,connac2,kernel,drivers/net/wireless/mediatek/mt76/mt7915/mac.c,677,"mt76_connac2_mac_write_txwi(dev, txwi, skb, wcid, key, pid, qid, changed);"
b416d0b22a4728661ea44e9c9dedf2a2ec075afa21c712fa8e38b6f0896fb64c,wmt_chrdev_wifi_connac2,CHIP_TOKEN,connac2,kernel,drivers/net/wireless/mediatek/mt76/mt7915/mac.c,1018,"mt76_connac2_mac_fill_txs(&dev->mt76, wcid, txs_data);"
b416d0b22a4728661ea44e9c9dedf2a2ec075afa21c712fa8e38b6f0896fb64c,wmt_chrdev_wifi_connac2,CHIP_TOKEN,connac2,kernel,drivers/net/wireless/mediatek/mt76/mt7915/mac.c,1020,"mt76_connac2_mac_add_txs_skb(&dev->mt76, wcid, pid, txs_data);"
b416d0b22a4728661ea44e9c9dedf2a2ec075afa21c712fa8e38b6f0896fb64c,wmt_chrdev_wifi_connac2,CHIP_TOKEN,connac2,kernel,drivers/net/wireless/mediatek/mt76/mt76_connac_mcu.h,46,struct mt76_connac2_mcu_txd {
b416d0b22a4728661ea44e9c9dedf2a2ec075afa21c712fa8e38b6f0896fb64c,wmt_chrdev_wifi_connac2,CHIP_TOKEN,connac2,device_modules,kernel/kleaf/mgk_64_k61.bzl,34,"""//vendor/mediatek/kernel_modules/connectivity/wlan/adaptor/build/connac2x:wmt_chrdev_wifi_connac2"","
b416d0b22a4728661ea44e9c9dedf2a2ec075afa21c712fa8e38b6f0896fb64c,wmt_chrdev_wifi_connac2,MODULE_NAME,wmt_chrdev_wifi_connac2,device_modules,kernel/kleaf/mgk_64_k61.bzl,34,"""//vendor/mediatek/kernel_modules/connectivity/wlan/adaptor/build/connac2x:wmt_chrdev_wifi_connac2"","
b416d0b22a4728661ea44e9c9dedf2a2ec075afa21c712fa8e38b6f0896fb64c,wmt_chrdev_wifi_connac2,CHIP_TOKEN,connac2,device_modules,kernel/kleaf/mgk_64_k61.bzl,37,"""//vendor/mediatek/kernel_modules/connectivity/wlan/core/gen4m/build/connac2x/6878:wlan_drv_gen4m_6878"","
b416d0b22a4728661ea44e9c9dedf2a2ec075afa21c712fa8e38b6f0896fb64c,wmt_chrdev_wifi_connac2,CHIP_TOKEN,connac2,device_modules,kernel/kleaf/mgk_64_k61.bzl,38,"""//vendor/mediatek/kernel_modules/connectivity/wlan/core/gen4m/build/connac2x/6897:wlan_drv_gen4m_6897"","
b416d0b22a4728661ea44e9c9dedf2a2ec075afa21c712fa8e38b6f0896fb64c,wmt_chrdev_wifi_connac2,CHIP_TOKEN,connac2,kernel_modules,connectivity/wlan/core/gen4m/build/connac2x/6897/Makefile,4,_CONNAC_DENPENDENCY_SYMBOLS := wlan/adaptor/build/connac2x/Module.symvers
b416d0b22a4728661ea44e9c9dedf2a2ec075afa21c712fa8e38b6f0896fb64c,wmt_chrdev_wifi_connac2,CHIP_TOKEN,connac2,kernel_modules,connectivity/wlan/core/gen4m/build/connac2x/6893/Makefile,4,_CONNAC_DENPENDENCY_SYMBOLS := wlan/adaptor/build/connac2x/Module.symvers
b416d0b22a4728661ea44e9c9dedf2a2ec075afa21c712fa8e38b6f0896fb64c,wmt_chrdev_wifi_connac2,CHIP_TOKEN,connac2,kernel_modules,connectivity/wlan/core/gen4m/build/connac2x/6878/Makefile,4,_CONNAC_DENPENDENCY_SYMBOLS := wlan/adaptor/build/connac2x/Module.symvers
b416d0b22a4728661ea44e9c9dedf2a2ec075afa21c712fa8e38b6f0896fb64c,wmt_chrdev_wifi_connac2,EXPORT,wifi_reset_start,kernel_modules,connectivity/wlan/core/gen4-mt79xx/os/none/include/gl_rst.h,197,extern int wifi_reset_start(void);
b416d0b22a4728661ea44e9c9dedf2a2ec075afa21c712fa8e38b6f0896fb64c,wmt_chrdev_wifi_connac2,EXPORT,wifi_reset_end,kernel_modules,connectivity/wlan/core/gen4-mt79xx/os/none/include/gl_rst.h,198,extern int wifi_reset_end(enum ENUM_RESET_STATUS);
b416d0b22a4728661ea44e9c9dedf2a2ec075afa21c712fa8e38b6f0896fb64c,wmt_chrdev_wifi_connac2,EXPORT,wifi_reset_start,kernel_modules,connectivity/wlan/core/gen4m/os/none/include/gl_rst.h,127,extern int wifi_reset_start(void);
b416d0b22a4728661ea44e9c9dedf2a2ec075afa21c712fa8e38b6f0896fb64c,wmt_chrdev_wifi_connac2,EXPORT,wifi_reset_end,kernel_modules,connectivity/wlan/core/gen4m/os/none/include/gl_rst.h,128,extern int wifi_reset_end(enum ENUM_RESET_STATUS);
b416d0b22a4728661ea44e9c9dedf2a2ec075afa21c712fa8e38b6f0896fb64c,wmt_chrdev_wifi_connac2,EXPORT,register_set_p2p_mode_handler,kernel_modules,connectivity/wlan/core/gen4-mt79xx/os/none/include/gl_os.h,1264,extern void register_set_p2p_mode_handler(
b416d0b22a4728661ea44e9c9dedf2a2ec075afa21c712fa8e38b6f0896fb64c,wmt_chrdev_wifi_connac2,EXPORT,register_set_p2p_mode_handler,kernel_modules,connectivity/wlan/core/gen4m/os/none/include/gl_os.h,987,extern void register_set_p2p_mode_handler(
b416d0b22a4728661ea44e9c9dedf2a2ec075afa21c712fa8e38b6f0896fb64c,wmt_chrdev_wifi_connac2,CHIP_TOKEN,connac2,kernel_modules,connectivity/wlan/core/gen4-mt79xx/nic/nic_rx.c,1657,connac2x_rxv_correct_test(
b416d0b22a4728661ea44e9c9dedf2a2ec075afa21c712fa8e38b6f0896fb64c,wmt_chrdev_wifi_connac2,EXPORT,wifi_reset_start,kernel_modules,connectivity/wlan/core/gen4-mt79xx/os/linux/include/gl_rst.h,233,extern int wifi_reset_start(void);
b416d0b22a4728661ea44e9c9dedf2a2ec075afa21c712fa8e38b6f0896fb64c,wmt_chrdev_wifi_connac2,EXPORT,wifi_reset_end,kernel_modules,connectivity/wlan/core/gen4-mt79xx/os/linux/include/gl_rst.h,234,extern int wifi_reset_end(enum ENUM_RESET_STATUS);
b416d0b22a4728661ea44e9c9dedf2a2ec075afa21c712fa8e38b6f0896fb64c,wmt_chrdev_wifi_connac2,EXPORT,update_driver_reset_status,kernel_modules,connectivity/wlan/core/gen4-mt79xx/os/linux/include/gl_rst.h,238,extern void update_driver_reset_status(uint8_t fgIsResetting);
b416d0b22a4728661ea44e9c9dedf2a2ec075afa21c712fa8e38b6f0896fb64c,wmt_chrdev_wifi_connac2,EXPORT,get_wifi_process_status,kernel_modules,connectivity/wlan/core/gen4-mt79xx/os/linux/include/gl_rst.h,239,extern int32_t get_wifi_process_status(void);
b416d0b22a4728661ea44e9c9dedf2a2ec075afa21c712fa8e38b6f0896fb64c,wmt_chrdev_wifi_connac2,EXPORT,get_wifi_powered_status,kernel_modules,connectivity/wlan/core/gen4-mt79xx/os/linux/include/gl_rst.h,240,extern int32_t get_wifi_powered_status(void);
b416d0b22a4728661ea44e9c9dedf2a2ec075afa21c712fa8e38b6f0896fb64c,wmt_chrdev_wifi_connac2,EXPORT,update_driver_loaded_status,kernel_modules,connectivity/wlan/core/gen4-mt79xx/os/linux/include/gl_os.h,296,extern void update_driver_loaded_status(uint8_t loaded);
b416d0b22a4728661ea44e9c9dedf2a2ec075afa21c712fa8e38b6f0896fb64c,wmt_chrdev_wifi_connac2,EXPORT,register_set_p2p_mode_handler,kernel_modules,connectivity/wlan/core/gen4-mt79xx/os/linux/include/gl_os.h,1456,extern void register_set_p2p_mode_handler(
b416d0b22a4728661ea44e9c9dedf2a2ec075afa21c712fa8e38b6f0896fb64c,wmt_chrdev_wifi_connac2,EXPORT,register_file_buf_handler,kernel_modules,connectivity/wlan/core/gen4-mt79xx/os/linux/include/gl_os.h,1516,"extern void register_file_buf_handler(file_buf_handler handler,"
b416d0b22a4728661ea44e9c9dedf2a2ec075afa21c712fa8e38b6f0896fb64c,wmt_chrdev_wifi_connac2,EXPORT,register_file_buf_handler,kernel_modules,connectivity/wlan/core/gen4-mt79xx/os/linux/gl_init.c,2930,"register_file_buf_handler(wlanNvramBufHandler, (void *)NULL,"
b416d0b22a4728661ea44e9c9dedf2a2ec075afa21c712fa8e38b6f0896fb64c,wmt_chrdev_wifi_connac2,EXPORT,register_set_p2p_mode_handler,kernel_modules,connectivity/wlan/core/gen4-mt79xx/os/linux/gl_init.c,4952,register_set_p2p_mode_handler(set_p2p_mode_handler);
b416d0b22a4728661ea44e9c9dedf2a2ec075afa21c712fa8e38b6f0896fb64c,wmt_chrdev_wifi_connac2,EXPORT,update_driver_loaded_status,kernel_modules,connectivity/wlan/core/gen4-mt79xx/os/linux/gl_init.c,5042,update_driver_loaded_status(prGlueInfo->u4ReadyFlag);
b416d0b22a4728661ea44e9c9dedf2a2ec075afa21c712fa8e38b6f0896fb64c,wmt_chrdev_wifi_connac2,CHIP_TOKEN,connac2,kernel_modules,connectivity/wlan/core/gen4-mt79xx/os/linux/gl_init.c,5382,/* It is configured in mt66xx_chip_info_connac2x2.fw_dl_ops */
b416d0b22a4728661ea44e9c9dedf2a2ec075afa21c712fa8e38b6f0896fb64c,wmt_chrdev_wifi_connac2,EXPORT,update_driver_loaded_status,kernel_modules,connectivity/wlan/core/gen4-mt79xx/os/linux/gl_init.c,5674,update_driver_loaded_status(prGlueInfo->u4ReadyFlag);
b416d0b22a4728661ea44e9c9dedf2a2ec075afa21c712fa8e38b6f0896fb64c,wmt_chrdev_wifi_connac2,EXPORT,register_set_p2p_mode_handler,kernel_modules,connectivity/wlan/core/gen4-mt79xx/os/linux/gl_init.c,6290,register_set_p2p_mode_handler(NULL);
b416d0b22a4728661ea44e9c9dedf2a2ec075afa21c712fa8e38b6f0896fb64c,wmt_chrdev_wifi_connac2,EXPORT,update_driver_loaded_status,kernel_modules,connectivity/wlan/core/gen4-mt79xx/os/linux/gl_init.c,6321,update_driver_loaded_status(prGlueInfo->u4ReadyFlag);
b416d0b22a4728661ea44e9c9dedf2a2ec075afa21c712fa8e38b6f0896fb64c,wmt_chrdev_wifi_connac2,EXPORT,update_driver_reset_status,kernel_modules,connectivity/wlan/core/gen4-mt79xx/os/linux/gl_init.c,6508,update_driver_reset_status(fgIsResetting);
b416d0b22a4728661ea44e9c9dedf2a2ec075afa21c712fa8e38b6f0896fb64c,wmt_chrdev_wifi_connac2,EXPORT,update_driver_reset_status,kernel_modules,connectivity/wlan/core/gen4m/os/linux/include/gl_rst.h,170,extern void update_driver_reset_status(uint8_t fgIsResetting);
b416d0b22a4728661ea44e9c9dedf2a2ec075afa21c712fa8e38b6f0896fb64c,wmt_chrdev_wifi_connac2,EXPORT,get_wifi_process_status,kernel_modules,connectivity/wlan/core/gen4m/os/linux/include/gl_rst.h,171,extern int32_t get_wifi_process_status(void);
b416d0b22a4728661ea44e9c9dedf2a2ec075afa21c712fa8e38b6f0896fb64c,wmt_chrdev_wifi_connac2,EXPORT,get_wifi_powered_status,kernel_modules,connectivity/wlan/core/gen4m/os/linux/include/gl_rst.h,172,extern int32_t get_wifi_powered_status(void);
b416d0b22a4728661ea44e9c9dedf2a2ec075afa21c712fa8e38b6f0896fb64c,wmt_chrdev_wifi_connac2,EXPORT,wifi_reset_start,kernel_modules,connectivity/wlan/core/gen4m/os/linux/include/gl_rst.h,173,extern int wifi_reset_start(void);
b416d0b22a4728661ea44e9c9dedf2a2ec075afa21c712fa8e38b6f0896fb64c,wmt_chrdev_wifi_connac2,EXPORT,wifi_reset_end,kernel_modules,connectivity/wlan/core/gen4m/os/linux/include/gl_rst.h,174,extern int wifi_reset_end(enum ENUM_RESET_STATUS);
b416d0b22a4728661ea44e9c9dedf2a2ec075afa21c712fa8e38b6f0896fb64c,wmt_chrdev_wifi_connac2,EXPORT,register_set_p2p_mode_handler,kernel_modules,connectivity/wlan/core/gen4m/os/linux/include/gl_os.h,1603,extern void register_set_p2p_mode_handler(
b416d0b22a4728661ea44e9c9dedf2a2ec075afa21c712fa8e38b6f0896fb64c,wmt_chrdev_wifi_connac2,EXPORT,register_file_buf_handler,kernel_modules,connectivity/wlan/core/gen4m/os/linux/include/gl_os.h,1649,"extern void register_file_buf_handler(file_buf_handler handler,"
b416d0b22a4728661ea44e9c9dedf2a2ec075afa21c712fa8e38b6f0896fb64c,wmt_chrdev_wifi_connac2,EXPORT,get_low_latency_mode,kernel_modules,connectivity/wlan/core/gen4m/os/linux/include/gl_os.h,1653,extern uint32_t get_low_latency_mode(void);
b416d0b22a4728661ea44e9c9dedf2a2ec075afa21c712fa8e38b6f0896fb64c,wmt_chrdev_wifi_connac2,EXPORT,update_driver_loaded_status,kernel_modules,connectivity/wlan/core/gen4m/os/linux/include/gl_os.h,1696,extern void update_driver_loaded_status(uint8_t loaded);
b416d0b22a4728661ea44e9c9dedf2a2ec075afa21c712fa8e38b6f0896fb64c,wmt_chrdev_wifi_connac2,EXPORT,mtk_wcn_wlan_reg,kernel_modules,connectivity/wlan/core/gen4m/os/linux/include/gl_os.h,1700,extern int mtk_wcn_wlan_reg(
b416d0b22a4728661ea44e9c9dedf2a2ec075afa21c712fa8e38b6f0896fb64c,wmt_chrdev_wifi_connac2,EXPORT,mtk_wcn_wlan_unreg,kernel_modules,connectivity/wlan/core/gen4m/os/linux/include/gl_os.h,1702,extern int mtk_wcn_wlan_unreg(void);
b416d0b22a4728661ea44e9c9dedf2a2ec075afa21c712fa8e38b6f0896fb64c,wmt_chrdev_wifi_connac2,EXPORT,update_driver_reset_status,kernel_modules,connectivity/wlan/core/gen4-mt79xx/os/linux/gl_rst.c,245,update_driver_reset_status(fgIsResetting);
b416d0b22a4728661ea44e9c9dedf2a2ec075afa21c712fa8e38b6f0896fb64c,wmt_chrdev_wifi_connac2,EXPORT,update_driver_reset_status,kernel_modules,connectivity/wlan/core/gen4-mt79xx/os/linux/gl_rst.c,403,update_driver_reset_status(fgIsResetting);
b416d0b22a4728661ea44e9c9dedf2a2ec075afa21c712fa8e38b6f0896fb64c,wmt_chrdev_wifi_connac2,EXPORT,wifi_reset_end,kernel_modules,connectivity/wlan/core/gen4-mt79xx/os/linux/gl_rst.c,915,ret = wifi_reset_end(rst->rst_data);
b416d0b22a4728661ea44e9c9dedf2a2ec075afa21c712fa8e38b6f0896fb64c,wmt_chrdev_wifi_connac2,EXPORT,update_driver_reset_status,kernel_modules,connectivity/wlan/core/gen4-mt79xx/os/linux/gl_rst.c,917,update_driver_reset_status(fgIsResetting);
b416d0b22a4728661ea44e9c9dedf2a2ec075afa21c712fa8e38b6f0896fb64c,wmt_chrdev_wifi_connac2,EXPORT,wifi_reset_start,kernel_modules,connectivity/wlan/core/gen4-mt79xx/os/linux/gl_rst.c,1088,wifi_reset_start();
b416d0b22a4728661ea44e9c9dedf2a2ec075afa21c712fa8e38b6f0896fb64c,wmt_chrdev_wifi_connac2,EXPORT,wifi_reset_start,kernel_modules,connectivity/wlan/core/gen4-mt79xx/os/linux/gl_rst.c,1136,wifi_reset_start();
b416d0b22a4728661ea44e9c9dedf2a2ec075afa21c712fa8e38b6f0896fb64c,wmt_chrdev_wifi_connac2,EXPORT,wifi_reset_start,kernel_modules,connectivity/wlan/core/gen4-mt79xx/os/linux/gl_rst.c,1158,wifi_reset_start();
b416d0b22a4728661ea44e9c9dedf2a2ec075afa21c712fa8e38b6f0896fb64c,wmt_chrdev_wifi_connac2,EXPORT,get_wifi_process_status,kernel_modules,connectivity/wlan/core/gen4-mt79xx/os/linux/gl_rst.c,1209,while (get_wifi_process_status() == 1) {
b416d0b22a4728661ea44e9c9dedf2a2ec075afa21c712fa8e38b6f0896fb64c,wmt_chrdev_wifi_connac2,EXPORT,get_wifi_powered_status,kernel_modules,connectivity/wlan/core/gen4-mt79xx/os/linux/gl_rst.c,1214,if (!get_wifi_powered_status()) {
b416d0b22a4728661ea44e9c9dedf2a2ec075afa21c712fa8e38b6f0896fb64c,wmt_chrdev_wifi_connac2,EXPORT,get_wifi_process_status,kernel_modules,connectivity/wlan/core/gen4-mt79xx/os/linux/gl_rst.c,1262,while (get_wifi_process_status() == 1) {
b416d0b22a4728661ea44e9c9dedf2a2ec075afa21c712fa8e38b6f0896fb64c,wmt_chrdev_wifi_connac2,EXPORT,get_wifi_powered_status,kernel_modules,connectivity/wlan/core/gen4-mt79xx/os/linux/gl_rst.c,1267,if (!get_wifi_powered_status()) {
b416d0b22a4728661ea44e9c9dedf2a2ec075afa21c712fa8e38b6f0896fb64c,wmt_chrdev_wifi_connac2,EXPORT,get_wifi_standalone_log_mode,kernel_modules,connectivity/wlan/core/gen4m/os/linux/include/gl_kal.h,1261,((get_wifi_standalone_log_mode() == 1) \
b416d0b22a4728661ea44e9c9dedf2a2ec075afa21c712fa8e38b6f0896fb64c,wmt_chrdev_wifi_connac2,EXPORT,get_wifi_standalone_log_mode,kernel_modules,connectivity/wlan/core/gen4m/os/linux/include/gl_kal.h,1265,((get_wifi_standalone_log_mode() == 1) \
b416d0b22a4728661ea44e9c9dedf2a2ec075afa21c712fa8e38b6f0896fb64c,wmt_chrdev_wifi_connac2,CHIP_TOKEN,connac2,kernel_modules,connectivity/wlan/core/gen4-mt79xx/os/linux/hif/pcie/pcie.c,131,".driver_data = (kernel_ulong_t)&mt66xx_driver_data_connac2x2},"
b416d0b22a4728661ea44e9c9dedf2a2ec075afa21c712fa8e38b6f0896fb64c,wmt_chrdev_wifi_connac2,CHIP_TOKEN,connac2,kernel_modules,connectivity/wlan/core/gen4-mt79xx/include/precomp.h,138,"#include ""nic_connac2x_tx.h"""
b416d0b22a4728661ea44e9c9dedf2a2ec075afa21c712fa8e38b6f0896fb64c,wmt_chrdev_wifi_connac2,CHIP_TOKEN,connac2,kernel_modules,connectivity/wlan/core/gen4-mt79xx/include/precomp.h,154,"#include ""nic_connac2x_rx.h"""
b416d0b22a4728661ea44e9c9dedf2a2ec075afa21c712fa8e38b6f0896fb64c,wmt_chrdev_wifi_connac2,CHIP_TOKEN,connac2,kernel_modules,connectivity/wlan/core/gen4-mt79xx/include/precomp.h,204,"#include ""cmm_asic_connac2x.h"""
b416d0b22a4728661ea44e9c9dedf2a2ec075afa21c712fa8e38b6f0896fb64c,wmt_chrdev_wifi_connac2,EXPORT,mtk_wcn_wlan_reg,kernel_modules,connectivity/wlan/core/gen4-mt79xx/os/linux/hif/axi/include/hif.h,87,extern int mtk_wcn_wlan_reg(
b416d0b22a4728661ea44e9c9dedf2a2ec075afa21c712fa8e38b6f0896fb64c,wmt_chrdev_wifi_connac2,EXPORT,mtk_wcn_wlan_unreg,kernel_modules,connectivity/wlan/core/gen4-mt79xx/os/linux/hif/axi/include/hif.h,89,extern int mtk_wcn_wlan_unreg(void);
b416d0b22a4728661ea44e9c9dedf2a2ec075afa21c712fa8e38b6f0896fb64c,wmt_chrdev_wifi_connac2,CHIP_TOKEN,connac2,kernel_modules,connectivity/wlan/core/gen4-mt79xx/os/linux/hif/axi/axi.c,105,".driver_data = (kernel_ulong_t)&mt66xx_driver_data_connac2x2},"
b416d0b22a4728661ea44e9c9dedf2a2ec075afa21c712fa8e38b6f0896fb64c,wmt_chrdev_wifi_connac2,EXPORT,mtk_wcn_wlan_reg,kernel_modules,connectivity/wlan/core/gen4-mt79xx/os/linux/hif/axi/axi.c,650,mtk_wcn_wlan_reg(&rWlanCb);
b416d0b22a4728661ea44e9c9dedf2a2ec075afa21c712fa8e38b6f0896fb64c,wmt_chrdev_wifi_connac2,EXPORT,mtk_wcn_wlan_unreg,kernel_modules,connectivity/wlan/core/gen4-mt79xx/os/linux/hif/axi/axi.c,684,mtk_wcn_wlan_unreg();
b416d0b22a4728661ea44e9c9dedf2a2ec075afa21c712fa8e38b6f0896fb64c,wmt_chrdev_wifi_connac2,CHIP_TOKEN,connac2,kernel_modules,connectivity/wlan/core/gen4-mt79xx/os/linux/gl_wext_priv.c,15468,/* connac2x_show_rx_rate_info() */
b416d0b22a4728661ea44e9c9dedf2a2ec075afa21c712fa8e38b6f0896fb64c,wmt_chrdev_wifi_connac2,CHIP_TOKEN;PATH,connac2,kernel,drivers/net/wireless/mediatek/mt76/mt76_connac2_mac.h,,<path hit>
b416d0b22a4728661ea44e9c9dedf2a2ec075afa21c712fa8e38b6f0896fb64c,wmt_chrdev_wifi_connac2,CHIP_TOKEN;PATH,connac2,kernel_modules,connectivity/wlan/core/gen4m/build/connac2x/6897/Makefile,,<path hit>
b416d0b22a4728661ea44e9c9dedf2a2ec075afa21c712fa8e38b6f0896fb64c,wmt_chrdev_wifi_connac2,CHIP_TOKEN;PATH,connac2,kernel_modules,connectivity/wlan/core/gen4m/build/connac2x/6897/BUILD.bazel,,<path hit>
b416d0b22a4728661ea44e9c9dedf2a2ec075afa21c712fa8e38b6f0896fb64c,wmt_chrdev_wifi_connac2,CHIP_TOKEN;PATH,connac2,kernel_modules,connectivity/wlan/core/gen4m/build/connac2x/6893/Makefile,,<path hit>
b416d0b22a4728661ea44e9c9dedf2a2ec075afa21c712fa8e38b6f0896fb64c,wmt_chrdev_wifi_connac2,CHIP_TOKEN;PATH,connac2,kernel_modules,connectivity/wlan/core/gen4m/build/connac2x/6893/BUILD.bazel,,<path hit>
b416d0b22a4728661ea44e9c9dedf2a2ec075afa21c712fa8e38b6f0896fb64c,wmt_chrdev_wifi_connac2,CHIP_TOKEN;PATH,connac2,kernel_modules,connectivity/wlan/core/gen4m/build/connac2x/6878/Makefile,,<path hit>
b416d0b22a4728661ea44e9c9dedf2a2ec075afa21c712fa8e38b6f0896fb64c,wmt_chrdev_wifi_connac2,CHIP_TOKEN;PATH,connac2,kernel_modules,connectivity/wlan/core/gen4m/build/connac2x/6878/BUILD.bazel,,<path hit>
b416d0b22a4728661ea44e9c9dedf2a2ec075afa21c712fa8e38b6f0896fb64c,wmt_chrdev_wifi_connac2,CHIP_TOKEN;PATH,connac2,kernel_modules,connectivity/wlan/core/gen4m/include/nic/nic_connac2x_tx.h,,<path hit>
b416d0b22a4728661ea44e9c9dedf2a2ec075afa21c712fa8e38b6f0896fb64c,wmt_chrdev_wifi_connac2,CHIP_TOKEN;PATH,connac2,kernel_modules,connectivity/wlan/core/gen4m/include/nic/nic_connac2x_rx.h,,<path hit>
b416d0b22a4728661ea44e9c9dedf2a2ec075afa21c712fa8e38b6f0896fb64c,wmt_chrdev_wifi_connac2,CHIP_TOKEN;PATH,connac2,kernel_modules,connectivity/wlan/core/gen4-mt79xx/include/nic/nic_connac2x_tx.h,,<path hit>
b416d0b22a4728661ea44e9c9dedf2a2ec075afa21c712fa8e38b6f0896fb64c,wmt_chrdev_wifi_connac2,CHIP_TOKEN;PATH,connac2,kernel_modules,connectivity/wlan/core/gen4-mt79xx/include/nic/nic_connac2x_rx.h,,<path hit>
b416d0b22a4728661ea44e9c9dedf2a2ec075afa21c712fa8e38b6f0896fb64c,wmt_chrdev_wifi_connac2,CHIP_TOKEN;PATH,connac2,kernel_modules,connectivity/wlan/core/gen4-mt79xx/include/chips/connac2x2.h,,<path hit>
b416d0b22a4728661ea44e9c9dedf2a2ec075afa21c712fa8e38b6f0896fb64c,wmt_chrdev_wifi_connac2,CHIP_TOKEN;PATH,connac2,kernel_modules,connectivity/wlan/core/gen4m/include/chips/cmm_asic_connac2x.h,,<path hit>
b416d0b22a4728661ea44e9c9dedf2a2ec075afa21c712fa8e38b6f0896fb64c,wmt_chrdev_wifi_connac2,CHIP_TOKEN;PATH,connac2,kernel_modules,connectivity/wlan/core/gen4-mt79xx/include/chips/cmm_asic_connac2x.h,,<path hit>
b416d0b22a4728661ea44e9c9dedf2a2ec075afa21c712fa8e38b6f0896fb64c,wmt_chrdev_wifi_connac2,CHIP_TOKEN;PATH,connac2,kernel_modules,connectivity/wlan/core/gen4-mt79xx/chips/connac2x2/connac2x2.c,,<path hit>
b416d0b22a4728661ea44e9c9dedf2a2ec075afa21c712fa8e38b6f0896fb64c,wmt_chrdev_wifi_connac2,CHIP_TOKEN;PATH,connac2,kernel_modules,connectivity/wlan/core/gen4-mt79xx/chips/common/dbg_connac2x.c,,<path hit>
b416d0b22a4728661ea44e9c9dedf2a2ec075afa21c712fa8e38b6f0896fb64c,wmt_chrdev_wifi_connac2,CHIP_TOKEN;PATH,connac2,kernel_modules,connectivity/wlan/core/gen4-mt79xx/chips/common/cmm_asic_connac2x.c,,<path hit>
b416d0b22a4728661ea44e9c9dedf2a2ec075afa21c712fa8e38b6f0896fb64c,wmt_chrdev_wifi_connac2,CHIP_TOKEN;PATH,connac2,kernel_modules,connectivity/wlan/core/gen4m/chips/common/dbg_connac2x.c,,<path hit>
b416d0b22a4728661ea44e9c9dedf2a2ec075afa21c712fa8e38b6f0896fb64c,wmt_chrdev_wifi_connac2,CHIP_TOKEN;PATH,connac2,kernel_modules,connectivity/wlan/core/gen4m/chips/common/cmm_asic_connac2x.c,,<path hit>
b416d0b22a4728661ea44e9c9dedf2a2ec075afa21c712fa8e38b6f0896fb64c,wmt_chrdev_wifi_connac2,CHIP_TOKEN;PATH,connac2,kernel_modules,connectivity/fmradio/chips/connac2x/pub/connac2x_fm_lib.c,,<path hit>
b416d0b22a4728661ea44e9c9dedf2a2ec075afa21c712fa8e38b6f0896fb64c,wmt_chrdev_wifi_connac2,CHIP_TOKEN;PATH,connac2,kernel_modules,connectivity/fmradio/Build/connac2x/Kbuild,,<path hit>
b416d0b22a4728661ea44e9c9dedf2a2ec075afa21c712fa8e38b6f0896fb64c,wmt_chrdev_wifi_connac2,CHIP_TOKEN;PATH,connac2,kernel_modules,connectivity/wlan/adaptor/build/connac2x/Makefile,,<path hit>
b416d0b22a4728661ea44e9c9dedf2a2ec075afa21c712fa8e38b6f0896fb64c,wmt_chrdev_wifi_connac2,CHIP_TOKEN;PATH,connac2,kernel_modules,connectivity/wlan/adaptor/build/connac2x/Kbuild,,<path hit>
b416d0b22a4728661ea44e9c9dedf2a2ec075afa21c712fa8e38b6f0896fb64c,wmt_chrdev_wifi_connac2,CHIP_TOKEN;PATH,connac2,kernel_modules,connectivity/wlan/adaptor/build/connac2x/BUILD.bazel,,<path hit>
b416d0b22a4728661ea44e9c9dedf2a2ec075afa21c712fa8e38b6f0896fb64c,wmt_chrdev_wifi_connac2,CHIP_TOKEN;PATH,connac2,kernel_modules,connectivity/wlan/core/gen4-mt7663/chips/connac2x2/connac2x2.c,,<path hit>
b416d0b22a4728661ea44e9c9dedf2a2ec075afa21c712fa8e38b6f0896fb64c,wmt_chrdev_wifi_connac2,CHIP_TOKEN;PATH,connac2,kernel_modules,connectivity/wlan/core/gen4-mt7663/include/chips/connac2x2.h,,<path hit>
f25211901030075c0314bf414fe127f13b54f7ef757e6f725ff82bd0eca50eab,conninfra,MODULE_NAME,conninfra,kernel,drivers/net/wireless/mediatek/mt76/mt7915/soc.c,287,/* Set conninfra subsys PLL check */
f25211901030075c0314bf414fe127f13b54f7ef757e6f725ff82bd0eca50eab,conninfra,MODULE_NAME,conninfra,kernel,drivers/net/wireless/mediatek/mt76/mt7915/soc.c,301,/* Set conninfra sysram */
f25211901030075c0314bf414fe127f13b54f7ef757e6f725ff82bd0eca50eab,conninfra,MODULE_NAME,conninfra,device_modules,kernel/kleaf/mgk_64_k61.bzl,22,"""//vendor/mediatek/kernel_modules/connectivity/conninfra:conninfra"","
f25211901030075c0314bf414fe127f13b54f7ef757e6f725ff82bd0eca50eab,conninfra,MODULE_NAME,conninfra,device_modules,arch/arm64/boot/dts/mediatek/mt6989.dts,9174,conninfra-emi-addr = <0>;
f25211901030075c0314bf414fe127f13b54f7ef757e6f725ff82bd0eca50eab,conninfra,MODULE_NAME,conninfra,device_modules,arch/arm64/boot/dts/mediatek/mt6989.dts,9175,conninfra-emi-size = <0xc00000>;
f25211901030075c0314bf414fe127f13b54f7ef757e6f725ff82bd0eca50eab,conninfra,MODULE_NAME,conninfra,device_modules,arch/arm64/boot/dts/mediatek/mt6985.dts,7559,conninfra-emi-addr = <0>;
f25211901030075c0314bf414fe127f13b54f7ef757e6f725ff82bd0eca50eab,conninfra,MODULE_NAME,conninfra,device_modules,arch/arm64/boot/dts/mediatek/mt6985.dts,7560,conninfra-emi-size = <0xc00000>;
f25211901030075c0314bf414fe127f13b54f7ef757e6f725ff82bd0eca50eab,conninfra,MODULE_NAME,conninfra,device_modules,arch/arm64/boot/dts/mediatek/mt6897.dts,15693,"pinctrl-names = ""default"", ""conninfra_tcxo_set"", ""conninfra_tcxo_clr"";"
f25211901030075c0314bf414fe127f13b54f7ef757e6f725ff82bd0eca50eab,conninfra,MODULE_NAME,conninfra,device_modules,arch/arm64/boot/dts/mediatek/mt6897.dts,15694,pinctrl-0 = <&conninfra_pins_default>;
f25211901030075c0314bf414fe127f13b54f7ef757e6f725ff82bd0eca50eab,conninfra,MODULE_NAME,conninfra,device_modules,arch/arm64/boot/dts/mediatek/mt6897.dts,15695,pinctrl-1 = <&conninfra_pins_tcxo_set>;
f25211901030075c0314bf414fe127f13b54f7ef757e6f725ff82bd0eca50eab,conninfra,MODULE_NAME,conninfra,device_modules,arch/arm64/boot/dts/mediatek/mt6897.dts,15696,pinctrl-2 = <&conninfra_pins_tcxo_clr>;
f25211901030075c0314bf414fe127f13b54f7ef757e6f725ff82bd0eca50eab,conninfra,MODULE_NAME,conninfra,device_modules,arch/arm64/boot/dts/mediatek/mt6897.dts,16152,conninfra_pins_default: conninfra-pins-default {
f25211901030075c0314bf414fe127f13b54f7ef757e6f725ff82bd0eca50eab,conninfra,MODULE_NAME,conninfra,device_modules,arch/arm64/boot/dts/mediatek/mt6897.dts,16154,conninfra_pins_tcxo_set: conninfra-tcxo-set {
f25211901030075c0314bf414fe127f13b54f7ef757e6f725ff82bd0eca50eab,conninfra,MODULE_NAME,conninfra,device_modules,arch/arm64/boot/dts/mediatek/mt6897.dts,16159,conninfra_pins_tcxo_clr: conninfra-tcxo-clr {
f25211901030075c0314bf414fe127f13b54f7ef757e6f725ff82bd0eca50eab,conninfra,MODULE_NAME,conninfra,device_modules,drivers/misc/mediatek/connectivity/power_throttling/conn_power_throttling.h,134,/* called by WMT/conninfra */
f25211901030075c0314bf414fe127f13b54f7ef757e6f725ff82bd0eca50eab,conninfra,MODULE_NAME,conninfra,device_modules,drivers/misc/mediatek/connectivity/common/wmt_build_in_adapter.h,20,typedef int (*wmt_bridge_conninfra_reg_readable)(void);
f25211901030075c0314bf414fe127f13b54f7ef757e6f725ff82bd0eca50eab,conninfra,EXPORT,conninfra_reg_readable,device_modules,drivers/misc/mediatek/connectivity/common/wmt_build_in_adapter.h,20,typedef int (*wmt_bridge_conninfra_reg_readable)(void);
f25211901030075c0314bf414fe127f13b54f7ef757e6f725ff82bd0eca50eab,conninfra,MODULE_NAME,conninfra,device_modules,drivers/misc/mediatek/connectivity/common/wmt_build_in_adapter.h,21,typedef int (*wmt_bridge_conninfra_reg_is_bus_hang)(void);
f25211901030075c0314bf414fe127f13b54f7ef757e6f725ff82bd0eca50eab,conninfra,MODULE_NAME,conninfra,device_modules,drivers/misc/mediatek/connectivity/common/wmt_build_in_adapter.h,33,wmt_bridge_conninfra_reg_readable conninfra_reg_readable_cb;
f25211901030075c0314bf414fe127f13b54f7ef757e6f725ff82bd0eca50eab,conninfra,EXPORT,conninfra_reg_readable,device_modules,drivers/misc/mediatek/connectivity/common/wmt_build_in_adapter.h,33,wmt_bridge_conninfra_reg_readable conninfra_reg_readable_cb;
f25211901030075c0314bf414fe127f13b54f7ef757e6f725ff82bd0eca50eab,conninfra,MODULE_NAME,conninfra,device_modules,drivers/misc/mediatek/connectivity/common/wmt_build_in_adapter.h,34,wmt_bridge_conninfra_reg_is_bus_hang conninfra_reg_is_bus_hang_cb;
f25211901030075c0314bf414fe127f13b54f7ef757e6f725ff82bd0eca50eab,conninfra,MODULE_NAME,conninfra,device_modules,drivers/misc/mediatek/connectivity/common/wmt_build_in_adapter.c,370,bridge.conninfra_reg_readable_cb = cb->conninfra_reg_readable_cb;
f25211901030075c0314bf414fe127f13b54f7ef757e6f725ff82bd0eca50eab,conninfra,EXPORT,conninfra_reg_readable,device_modules,drivers/misc/mediatek/connectivity/common/wmt_build_in_adapter.c,370,bridge.conninfra_reg_readable_cb = cb->conninfra_reg_readable_cb;
f25211901030075c0314bf414fe127f13b54f7ef757e6f725ff82bd0eca50eab,conninfra,MODULE_NAME,conninfra,device_modules,drivers/misc/mediatek/connectivity/common/wmt_build_in_adapter.c,371,bridge.conninfra_reg_is_bus_hang_cb = cb->conninfra_reg_is_bus_hang_cb;
f25211901030075c0314bf414fe127f13b54f7ef757e6f725ff82bd0eca50eab,conninfra,MODULE_NAME,conninfra,device_modules,drivers/misc/mediatek/connectivity/common/wmt_build_in_adapter.c,437,int mtk_wcn_conninfra_reg_readable(void)
f25211901030075c0314bf414fe127f13b54f7ef757e6f725ff82bd0eca50eab,conninfra,EXPORT,conninfra_reg_readable,device_modules,drivers/misc/mediatek/connectivity/common/wmt_build_in_adapter.c,437,int mtk_wcn_conninfra_reg_readable(void)
f25211901030075c0314bf414fe127f13b54f7ef757e6f725ff82bd0eca50eab,conninfra,MODULE_NAME,conninfra,device_modules,drivers/misc/mediatek/connectivity/common/wmt_build_in_adapter.c,441,if (unlikely(!bridge.conninfra_reg_readable_cb)) {
f25211901030075c0314bf414fe127f13b54f7ef757e6f725ff82bd0eca50eab,conninfra,EXPORT,conninfra_reg_readable,device_modules,drivers/misc/mediatek/connectivity/common/wmt_build_in_adapter.c,441,if (unlikely(!bridge.conninfra_reg_readable_cb)) {
f25211901030075c0314bf414fe127f13b54f7ef757e6f725ff82bd0eca50eab,conninfra,MODULE_NAME,conninfra,device_modules,drivers/misc/mediatek/connectivity/common/wmt_build_in_adapter.c,446,return bridge.conninfra_reg_readable_cb();
f25211901030075c0314bf414fe127f13b54f7ef757e6f725ff82bd0eca50eab,conninfra,EXPORT,conninfra_reg_readable,device_modules,drivers/misc/mediatek/connectivity/common/wmt_build_in_adapter.c,446,return bridge.conninfra_reg_readable_cb();
f25211901030075c0314bf414fe127f13b54f7ef757e6f725ff82bd0eca50eab,conninfra,MODULE_NAME,conninfra,device_modules,drivers/misc/mediatek/connectivity/common/wmt_build_in_adapter.c,449,int mtk_wcn_conninfra_is_bus_hang(void)
f25211901030075c0314bf414fe127f13b54f7ef757e6f725ff82bd0eca50eab,conninfra,EXPORT,conninfra_is_bus_hang,device_modules,drivers/misc/mediatek/connectivity/common/wmt_build_in_adapter.c,449,int mtk_wcn_conninfra_is_bus_hang(void)
f25211901030075c0314bf414fe127f13b54f7ef757e6f725ff82bd0eca50eab,conninfra,MODULE_NAME,conninfra,device_modules,drivers/misc/mediatek/connectivity/common/wmt_build_in_adapter.c,453,if (unlikely(!bridge.conninfra_reg_is_bus_hang_cb)) {
f25211901030075c0314bf414fe127f13b54f7ef757e6f725ff82bd0eca50eab,conninfra,MODULE_NAME,conninfra,device_modules,drivers/misc/mediatek/connectivity/common/wmt_build_in_adapter.c,458,return bridge.conninfra_reg_is_bus_hang_cb();
f25211901030075c0314bf414fe127f13b54f7ef757e6f725ff82bd0eca50eab,conninfra,MODULE_NAME,conninfra,device_modules,drivers/misc/mediatek/connectivity/common/connectivity_build_in_adapter.c,65,/* conninfra init/deinit notifier */
f25211901030075c0314bf414fe127f13b54f7ef757e6f725ff82bd0eca50eab,conninfra,EXPORT,connsys_dedicated_log_path_apsoc_init,kernel_modules,connectivity/common/debug_utility/connsys_debug_utility.h,65,int connsys_dedicated_log_path_apsoc_init(
f25211901030075c0314bf414fe127f13b54f7ef757e6f725ff82bd0eca50eab,conninfra,EXPORT,connsys_dedicated_log_path_apsoc_deinit,kernel_modules,connectivity/common/debug_utility/connsys_debug_utility.h,69,void connsys_dedicated_log_path_apsoc_deinit(void);
f25211901030075c0314bf414fe127f13b54f7ef757e6f725ff82bd0eca50eab,conninfra,EXPORT,connsys_dedicated_log_set_log_mode,kernel_modules,connectivity/common/debug_utility/connsys_debug_utility.h,73,void connsys_dedicated_log_set_log_mode(int mode);
f25211901030075c0314bf414fe127f13b54f7ef757e6f725ff82bd0eca50eab,conninfra,EXPORT,connsys_dedicated_log_get_log_mode,kernel_modules,connectivity/common/debug_utility/connsys_debug_utility.h,74,int connsys_dedicated_log_get_log_mode(void);
f25211901030075c0314bf414fe127f13b54f7ef757e6f725ff82bd0eca50eab,conninfra,EXPORT,connsys_log_init,kernel_modules,connectivity/common/debug_utility/connsys_debug_utility.h,78,int connsys_log_init(int conn_type);
f25211901030075c0314bf414fe127f13b54f7ef757e6f725ff82bd0eca50eab,conninfra,EXPORT,connsys_log_deinit,kernel_modules,connectivity/common/debug_utility/connsys_debug_utility.h,79,int connsys_log_deinit(int conn_type);
f25211901030075c0314bf414fe127f13b54f7ef757e6f725ff82bd0eca50eab,conninfra,EXPORT,connsys_log_get_buf_size,kernel_modules,connectivity/common/debug_utility/connsys_debug_utility.h,80,unsigned int connsys_log_get_buf_size(int conn_type);
f25211901030075c0314bf414fe127f13b54f7ef757e6f725ff82bd0eca50eab,conninfra,EXPORT,connsys_log_register_event_cb,kernel_modules,connectivity/common/debug_utility/connsys_debug_utility.h,81,"int connsys_log_register_event_cb(int conn_type, CONNLOG_EVENT_CB func);"
f25211901030075c0314bf414fe127f13b54f7ef757e6f725ff82bd0eca50eab,conninfra,EXPORT,connsys_log_read,kernel_modules,connectivity/common/debug_utility/connsys_debug_utility.h,82,"ssize_t connsys_log_read_to_user(int conn_type, char __user *buf, size_t count);"
f25211901030075c0314bf414fe127f13b54f7ef757e6f725ff82bd0eca50eab,conninfra,EXPORT,connsys_log_read_to_user,kernel_modules,connectivity/common/debug_utility/connsys_debug_utility.h,82,"ssize_t connsys_log_read_to_user(int conn_type, char __user *buf, size_t count);"
f25211901030075c0314bf414fe127f13b54f7ef757e6f725ff82bd0eca50eab,conninfra,EXPORT,connsys_log_read,kernel_modules,connectivity/common/debug_utility/connsys_debug_utility.h,83,"ssize_t connsys_log_read(int conn_type, char *buf, size_t count);"
f25211901030075c0314bf414fe127f13b54f7ef757e6f725ff82bd0eca50eab,conninfra,EXPORT,connsys_dedicated_log_path_apsoc_init,kernel_modules,connectivity/common/debug_utility/connsys_debug_utility.c,1012,*  connsys_dedicated_log_path_apsoc_init
f25211901030075c0314bf414fe127f13b54f7ef757e6f725ff82bd0eca50eab,conninfra,EXPORT,connsys_dedicated_log_path_apsoc_init,kernel_modules,connectivity/common/debug_utility/connsys_debug_utility.c,1023,int connsys_dedicated_log_path_apsoc_init(
f25211901030075c0314bf414fe127f13b54f7ef757e6f725ff82bd0eca50eab,conninfra,EXPORT,connsys_dedicated_log_path_apsoc_init,kernel_modules,connectivity/common/debug_utility/connsys_debug_utility.c,1063,EXPORT_SYMBOL(connsys_dedicated_log_path_apsoc_init);
f25211901030075c0314bf414fe127f13b54f7ef757e6f725ff82bd0eca50eab,conninfra,EXPORT,connsys_dedicated_log_path_apsoc_deinit,kernel_modules,connectivity/common/debug_utility/connsys_debug_utility.c,1067,*  connsys_dedicated_log_path_apsoc_deinit
f25211901030075c0314bf414fe127f13b54f7ef757e6f725ff82bd0eca50eab,conninfra,EXPORT,connsys_dedicated_log_path_apsoc_deinit,kernel_modules,connectivity/common/debug_utility/connsys_debug_utility.c,1076,void connsys_dedicated_log_path_apsoc_deinit(void)
f25211901030075c0314bf414fe127f13b54f7ef757e6f725ff82bd0eca50eab,conninfra,EXPORT,connsys_dedicated_log_path_apsoc_deinit,kernel_modules,connectivity/common/debug_utility/connsys_debug_utility.c,1082,EXPORT_SYMBOL(connsys_dedicated_log_path_apsoc_deinit);
f25211901030075c0314bf414fe127f13b54f7ef757e6f725ff82bd0eca50eab,conninfra,EXPORT,connsys_log_init,kernel_modules,connectivity/common/debug_utility/connsys_debug_utility.c,1086,*  connsys_log_init
f25211901030075c0314bf414fe127f13b54f7ef757e6f725ff82bd0eca50eab,conninfra,EXPORT,connsys_log_init,kernel_modules,connectivity/common/debug_utility/connsys_debug_utility.c,1094,int connsys_log_init(int conn_type)
f25211901030075c0314bf414fe127f13b54f7ef757e6f725ff82bd0eca50eab,conninfra,EXPORT,connsys_log_init,kernel_modules,connectivity/common/debug_utility/connsys_debug_utility.c,1098,EXPORT_SYMBOL(connsys_log_init);
f25211901030075c0314bf414fe127f13b54f7ef757e6f725ff82bd0eca50eab,conninfra,EXPORT,connsys_log_deinit,kernel_modules,connectivity/common/debug_utility/connsys_debug_utility.c,1102,*  connsys_log_deinit
f25211901030075c0314bf414fe127f13b54f7ef757e6f725ff82bd0eca50eab,conninfra,EXPORT,connsys_log_deinit,kernel_modules,connectivity/common/debug_utility/connsys_debug_utility.c,1110,int connsys_log_deinit(int conn_type)
f25211901030075c0314bf414fe127f13b54f7ef757e6f725ff82bd0eca50eab,conninfra,EXPORT,connsys_log_deinit,kernel_modules,connectivity/common/debug_utility/connsys_debug_utility.c,1117,EXPORT_SYMBOL(connsys_log_deinit);
f25211901030075c0314bf414fe127f13b54f7ef757e6f725ff82bd0eca50eab,conninfra,EXPORT,connsys_log_get_buf_size,kernel_modules,connectivity/common/debug_utility/connsys_debug_utility.c,1121,*  connsys_log_get_buf_size
f25211901030075c0314bf414fe127f13b54f7ef757e6f725ff82bd0eca50eab,conninfra,EXPORT,connsys_log_get_buf_size,kernel_modules,connectivity/common/debug_utility/connsys_debug_utility.c,1129,unsigned int connsys_log_get_buf_size(int conn_type)
f25211901030075c0314bf414fe127f13b54f7ef757e6f725ff82bd0eca50eab,conninfra,EXPORT,connsys_log_get_buf_size,kernel_modules,connectivity/common/debug_utility/connsys_debug_utility.c,1135,EXPORT_SYMBOL(connsys_log_get_buf_size);
f25211901030075c0314bf414fe127f13b54f7ef757e6f725ff82bd0eca50eab,conninfra,EXPORT,connsys_log_register_event_cb,kernel_modules,connectivity/common/debug_utility/connsys_debug_utility.c,1139,*  connsys_log_register_event_cb
f25211901030075c0314bf414fe127f13b54f7ef757e6f725ff82bd0eca50eab,conninfra,EXPORT,connsys_log_register_event_cb,kernel_modules,connectivity/common/debug_utility/connsys_debug_utility.c,1148,"int connsys_log_register_event_cb(int conn_type, CONNLOG_EVENT_CB func)"
f25211901030075c0314bf414fe127f13b54f7ef757e6f725ff82bd0eca50eab,conninfra,EXPORT,connsys_log_register_event_cb,kernel_modules,connectivity/common/debug_utility/connsys_debug_utility.c,1155,EXPORT_SYMBOL(connsys_log_register_event_cb);
f25211901030075c0314bf414fe127f13b54f7ef757e6f725ff82bd0eca50eab,conninfra,EXPORT,connsys_log_read,kernel_modules,connectivity/common/debug_utility/connsys_debug_utility.c,1159,*  connsys_log_read
f25211901030075c0314bf414fe127f13b54f7ef757e6f725ff82bd0eca50eab,conninfra,EXPORT,connsys_log_read,kernel_modules,connectivity/common/debug_utility/connsys_debug_utility.c,1169,"ssize_t connsys_log_read(int conn_type, char *buf, size_t count)"
f25211901030075c0314bf414fe127f13b54f7ef757e6f725ff82bd0eca50eab,conninfra,EXPORT,connsys_log_read,kernel_modules,connectivity/common/debug_utility/connsys_debug_utility.c,1200,EXPORT_SYMBOL(connsys_log_read);
f25211901030075c0314bf414fe127f13b54f7ef757e6f725ff82bd0eca50eab,conninfra,EXPORT,connsys_log_read,kernel_modules,connectivity/common/debug_utility/connsys_debug_utility.c,1204,*  connsys_log_read_to_user
f25211901030075c0314bf414fe127f13b54f7ef757e6f725ff82bd0eca50eab,conninfra,EXPORT,connsys_log_read_to_user,kernel_modules,connectivity/common/debug_utility/connsys_debug_utility.c,1204,*  connsys_log_read_to_user
f25211901030075c0314bf414fe127f13b54f7ef757e6f725ff82bd0eca50eab,conninfra,EXPORT,connsys_log_read,kernel_modules,connectivity/common/debug_utility/connsys_debug_utility.c,1214,"ssize_t connsys_log_read_to_user(int conn_type, char __user *buf, size_t count)"
f25211901030075c0314bf414fe127f13b54f7ef757e6f725ff82bd0eca50eab,conninfra,EXPORT,connsys_log_read_to_user,kernel_modules,connectivity/common/debug_utility/connsys_debug_utility.c,1214,"ssize_t connsys_log_read_to_user(int conn_type, char __user *buf, size_t count)"
f25211901030075c0314bf414fe127f13b54f7ef757e6f725ff82bd0eca50eab,conninfra,EXPORT,connsys_log_read,kernel_modules,connectivity/common/debug_utility/connsys_debug_utility.c,1252,EXPORT_SYMBOL(connsys_log_read_to_user);
f25211901030075c0314bf414fe127f13b54f7ef757e6f725ff82bd0eca50eab,conninfra,EXPORT,connsys_log_read_to_user,kernel_modules,connectivity/common/debug_utility/connsys_debug_utility.c,1252,EXPORT_SYMBOL(connsys_log_read_to_user);
f25211901030075c0314bf414fe127f13b54f7ef757e6f725ff82bd0eca50eab,conninfra,EXPORT,connsys_dedicated_log_set_log_mode,kernel_modules,connectivity/common/debug_utility/connsys_debug_utility.c,1333,void connsys_dedicated_log_set_log_mode(int mode)
f25211901030075c0314bf414fe127f13b54f7ef757e6f725ff82bd0eca50eab,conninfra,EXPORT,connsys_dedicated_log_get_log_mode,kernel_modules,connectivity/common/debug_utility/connsys_debug_utility.c,1340,*  connsys_dedicated_log_get_log_mode
f25211901030075c0314bf414fe127f13b54f7ef757e6f725ff82bd0eca50eab,conninfra,EXPORT,connsys_dedicated_log_get_log_mode,kernel_modules,connectivity/common/debug_utility/connsys_debug_utility.c,1348,int connsys_dedicated_log_get_log_mode(void)
f25211901030075c0314bf414fe127f13b54f7ef757e6f725ff82bd0eca50eab,conninfra,EXPORT,connsys_dedicated_log_set_log_mode,kernel_modules,connectivity/common/common_main/linux/wmt_dbg.c,722,connsys_dedicated_log_set_log_mode(par2);
f25211901030075c0314bf414fe127f13b54f7ef757e6f725ff82bd0eca50eab,conninfra,EXPORT,connsys_log_read,kernel_modules,connectivity/common/common_main/linux/fw_log_wmt.c,51,"size = connsys_log_read_to_user(CONNLOG_TYPE_MCU, buf, count);"
f25211901030075c0314bf414fe127f13b54f7ef757e6f725ff82bd0eca50eab,conninfra,EXPORT,connsys_log_read_to_user,kernel_modules,connectivity/common/common_main/linux/fw_log_wmt.c,51,"size = connsys_log_read_to_user(CONNLOG_TYPE_MCU, buf, count);"
f25211901030075c0314bf414fe127f13b54f7ef757e6f725ff82bd0eca50eab,conninfra,EXPORT,connsys_log_get_buf_size,kernel_modules,connectivity/common/common_main/linux/fw_log_wmt.c,67,if (connsys_log_get_buf_size(CONNLOG_TYPE_MCU) > 0)
f25211901030075c0314bf414fe127f13b54f7ef757e6f725ff82bd0eca50eab,conninfra,EXPORT,connsys_log_init,kernel_modules,connectivity/common/common_main/linux/fw_log_wmt.c,153,ret = connsys_log_init(CONNLOG_TYPE_MCU);
f25211901030075c0314bf414fe127f13b54f7ef757e6f725ff82bd0eca50eab,conninfra,EXPORT,connsys_log_init,kernel_modules,connectivity/common/common_main/linux/fw_log_wmt.c,155,"pr_err(""fail to connsys_log_init\n"");"
f25211901030075c0314bf414fe127f13b54f7ef757e6f725ff82bd0eca50eab,conninfra,EXPORT,connsys_log_register_event_cb,kernel_modules,connectivity/common/common_main/linux/fw_log_wmt.c,157,"ret = connsys_log_register_event_cb(CONNLOG_TYPE_MCU,"
f25211901030075c0314bf414fe127f13b54f7ef757e6f725ff82bd0eca50eab,conninfra,EXPORT,connsys_log_register_event_cb,kernel_modules,connectivity/common/common_main/linux/fw_log_wmt.c,160,"pr_err(""fail to connsys_log_register_event_cb\n"");"
f25211901030075c0314bf414fe127f13b54f7ef757e6f725ff82bd0eca50eab,conninfra,EXPORT,connsys_log_deinit,kernel_modules,connectivity/common/common_main/linux/fw_log_wmt.c,183,connsys_log_deinit(CONNLOG_TYPE_MCU);
f25211901030075c0314bf414fe127f13b54f7ef757e6f725ff82bd0eca50eab,conninfra,MODULE_NAME,conninfra,kernel_modules,connectivity/wlan/core/gen4m/Makefile,14,EXTRA_SYMBOLS += $(abspath $(CONNECTIVITY_OUT_PATH)/conninfra/Module.symvers)
f25211901030075c0314bf414fe127f13b54f7ef757e6f725ff82bd0eca50eab,conninfra,MODULE_NAME,conninfra,kernel_modules,connectivity/wlan/core/gen4m/Makefile,21,EXTRA_SYMBOLS := $(MODULE_PWD)/../conninfra/Module.symvers
f25211901030075c0314bf414fe127f13b54f7ef757e6f725ff82bd0eca50eab,conninfra,MODULE_NAME,conninfra,kernel_modules,connectivity/wlan/core/gen4-mt79xx/os/linux/include/gl_rst.h,108,"#include ""conninfra.h"""
f25211901030075c0314bf414fe127f13b54f7ef757e6f725ff82bd0eca50eab,conninfra,EXPORT,connsys_log_get_buf_size,kernel_modules,connectivity/bt/mt66xx/wmt/fw_log_bt.c,167,if (connsys_log_get_buf_size(CONNLOG_TYPE_BT) > 0) {
f25211901030075c0314bf414fe127f13b54f7ef757e6f725ff82bd0eca50eab,conninfra,EXPORT,connsys_log_read,kernel_modules,connectivity/bt/mt66xx/wmt/fw_log_bt.c,233,"ret = connsys_log_read_to_user(CONNLOG_TYPE_BT, buf, len);"
f25211901030075c0314bf414fe127f13b54f7ef757e6f725ff82bd0eca50eab,conninfra,EXPORT,connsys_log_read_to_user,kernel_modules,connectivity/bt/mt66xx/wmt/fw_log_bt.c,233,"ret = connsys_log_read_to_user(CONNLOG_TYPE_BT, buf, len);"
f25211901030075c0314bf414fe127f13b54f7ef757e6f725ff82bd0eca50eab,conninfra,EXPORT,connsys_log_init,kernel_modules,connectivity/bt/mt66xx/wmt/fw_log_bt.c,265,connsys_log_init(CONNLOG_TYPE_BT);
f25211901030075c0314bf414fe127f13b54f7ef757e6f725ff82bd0eca50eab,conninfra,EXPORT,connsys_log_register_event_cb,kernel_modules,connectivity/bt/mt66xx/wmt/fw_log_bt.c,268,"connsys_log_register_event_cb(CONNLOG_TYPE_BT, fw_log_bt_event_cb);"
f25211901030075c0314bf414fe127f13b54f7ef757e6f725ff82bd0eca50eab,conninfra,EXPORT,connsys_log_deinit,kernel_modules,connectivity/bt/mt66xx/wmt/fw_log_bt.c,321,connsys_log_deinit(CONNLOG_TYPE_BT);
f25211901030075c0314bf414fe127f13b54f7ef757e6f725ff82bd0eca50eab,conninfra,MODULE_NAME,conninfra,kernel_modules,connectivity/wlan/core/gen4m/os/linux/include/gl_rst.h,30,"#include ""conninfra.h"""
f25211901030075c0314bf414fe127f13b54f7ef757e6f725ff82bd0eca50eab,conninfra,MODULE_NAME,conninfra,kernel_modules,connectivity/wlan/core/gen4m/os/linux/include/gl_rst.h,35,"#include ""conninfra.h"""
f25211901030075c0314bf414fe127f13b54f7ef757e6f725ff82bd0eca50eab,conninfra,MODULE_NAME,conninfra,kernel_modules,connectivity/bt/mt66xx/include/btif/platform_base.h,9,"#include ""conninfra.h"""
f25211901030075c0314bf414fe127f13b54f7ef757e6f725ff82bd0eca50eab,conninfra,MODULE_NAME,conninfra,kernel_modules,connectivity/wlan/core/gen4-mt79xx/os/linux/hif/axi/axi.c,157,static struct sub_drv_ops_cb g_conninfra_wf_cb;
f25211901030075c0314bf414fe127f13b54f7ef757e6f725ff82bd0eca50eab,conninfra,MODULE_NAME,conninfra,kernel_modules,connectivity/wlan/core/gen4-mt79xx/os/linux/hif/axi/axi.c,651,g_conninfra_wf_cb.rst_cb.pre_whole_chip_rst =
f25211901030075c0314bf414fe127f13b54f7ef757e6f725ff82bd0eca50eab,conninfra,MODULE_NAME,conninfra,kernel_modules,connectivity/wlan/core/gen4-mt79xx/os/linux/hif/axi/axi.c,653,g_conninfra_wf_cb.rst_cb.post_whole_chip_rst =
f25211901030075c0314bf414fe127f13b54f7ef757e6f725ff82bd0eca50eab,conninfra,MODULE_NAME,conninfra,kernel_modules,connectivity/wlan/core/gen4-mt79xx/os/linux/hif/axi/axi.c,656,/* Register conninfra call back */
f25211901030075c0314bf414fe127f13b54f7ef757e6f725ff82bd0eca50eab,conninfra,MODULE_NAME;PATH,conninfra,kernel_modules,connectivity/conninfra/test/connv3/include/connv3_test.h,,<path hit>
f25211901030075c0314bf414fe127f13b54f7ef757e6f725ff82bd0eca50eab,conninfra,MODULE_NAME;PATH,conninfra,kernel_modules,connectivity/conninfra/test/connv3/include/connv3_dump_test.h,,<path hit>
f25211901030075c0314bf414fe127f13b54f7ef757e6f725ff82bd0eca50eab,conninfra,MODULE_NAME;PATH,conninfra,kernel_modules,connectivity/conninfra/test/connv3/connv3_test.c,,<path hit>
f25211901030075c0314bf414fe127f13b54f7ef757e6f725ff82bd0eca50eab,conninfra,MODULE_NAME;PATH,conninfra,kernel_modules,connectivity/conninfra/test/connv3/connv3_dump_test.c,,<path hit>
f25211901030075c0314bf414fe127f13b54f7ef757e6f725ff82bd0eca50eab,conninfra,MODULE_NAME;PATH,conninfra,kernel_modules,connectivity/conninfra/adaptor/include/conn_kern_adaptor.h,,<path hit>
f25211901030075c0314bf414fe127f13b54f7ef757e6f725ff82bd0eca50eab,conninfra,MODULE_NAME;PATH,conninfra,kernel_modules,connectivity/conninfra/adaptor/include/conn_drv.h,,<path hit>
f25211901030075c0314bf414fe127f13b54f7ef757e6f725ff82bd0eca50eab,conninfra,MODULE_NAME;PATH,conninfra,kernel_modules,connectivity/conninfra/adaptor/include/conn_adaptor.h,,<path hit>
f25211901030075c0314bf414fe127f13b54f7ef757e6f725ff82bd0eca50eab,conninfra,MODULE_NAME;PATH,conninfra,kernel_modules,connectivity/conninfra/adaptor/coredump/coredump_macro.h,,<path hit>
f25211901030075c0314bf414fe127f13b54f7ef757e6f725ff82bd0eca50eab,conninfra,MODULE_NAME;PATH,conninfra,kernel_modules,connectivity/conninfra/adaptor/coredump/conndump_netlink.h,,<path hit>
f25211901030075c0314bf414fe127f13b54f7ef757e6f725ff82bd0eca50eab,conninfra,MODULE_NAME;PATH,conninfra,kernel_modules,connectivity/conninfra/adaptor/coredump/conndump_netlink.c,,<path hit>
f25211901030075c0314bf414fe127f13b54f7ef757e6f725ff82bd0eca50eab,conninfra,MODULE_NAME;PATH,conninfra,kernel_modules,connectivity/conninfra/test/connv2/msg_evt_test.c,,<path hit>
f25211901030075c0314bf414fe127f13b54f7ef757e6f725ff82bd0eca50eab,conninfra,MODULE_NAME;PATH,conninfra,kernel_modules,connectivity/conninfra/adaptor/connsyslog/fw_log_mcu.h,,<path hit>
f25211901030075c0314bf414fe127f13b54f7ef757e6f725ff82bd0eca50eab,conninfra,MODULE_NAME;PATH,conninfra,kernel_modules,connectivity/conninfra/adaptor/connsyslog/fw_log_mcu.c,,<path hit>
f25211901030075c0314bf414fe127f13b54f7ef757e6f725ff82bd0eca50eab,conninfra,MODULE_NAME;PATH,conninfra,kernel_modules,connectivity/conninfra/adaptor/connsyslog/connsyslog_to_user.h,,<path hit>
f25211901030075c0314bf414fe127f13b54f7ef757e6f725ff82bd0eca50eab,conninfra,MODULE_NAME;PATH,conninfra,kernel_modules,connectivity/conninfra/adaptor/connsyslog/connsyslog_to_user.c,,<path hit>
f25211901030075c0314bf414fe127f13b54f7ef757e6f725ff82bd0eca50eab,conninfra,MODULE_NAME;PATH,conninfra,kernel_modules,connectivity/conninfra/adaptor/connsyslog/connsyslog_macro.h,,<path hit>
f25211901030075c0314bf414fe127f13b54f7ef757e6f725ff82bd0eca50eab,conninfra,MODULE_NAME;PATH,conninfra,kernel_modules,connectivity/conninfra/adaptor/conninfra_dev.c,,<path hit>
f25211901030075c0314bf414fe127f13b54f7ef757e6f725ff82bd0eca50eab,conninfra,MODULE_NAME;PATH,conninfra,kernel_modules,connectivity/conninfra/adaptor/connadp_internal.c,,<path hit>
f25211901030075c0314bf414fe127f13b54f7ef757e6f725ff82bd0eca50eab,conninfra,MODULE_NAME;PATH,conninfra,kernel_modules,connectivity/conninfra/adaptor/conn_kern_adaptor.c,,<path hit>
f25211901030075c0314bf414fe127f13b54f7ef757e6f725ff82bd0eca50eab,conninfra,MODULE_NAME;PATH,conninfra,kernel_modules,connectivity/conninfra/NOTICE,,<path hit>
f25211901030075c0314bf414fe127f13b54f7ef757e6f725ff82bd0eca50eab,conninfra,MODULE_NAME;PATH,conninfra,kernel_modules,connectivity/conninfra/Makefile,,<path hit>
f25211901030075c0314bf414fe127f13b54f7ef757e6f725ff82bd0eca50eab,conninfra,MODULE_NAME;PATH,conninfra,kernel_modules,connectivity/conninfra/Kbuild,,<path hit>
f25211901030075c0314bf414fe127f13b54f7ef757e6f725ff82bd0eca50eab,conninfra,MODULE_NAME;PATH,conninfra,kernel_modules,connectivity/conninfra/BUILD.bazel,,<path hit>
f25211901030075c0314bf414fe127f13b54f7ef757e6f725ff82bd0eca50eab,conninfra,MODULE_NAME;PATH,conninfra,kernel_modules,connectivity/conninfra/Android.mk,,<path hit>
f25211901030075c0314bf414fe127f13b54f7ef757e6f725ff82bd0eca50eab,conninfra,MODULE_NAME;PATH,conninfra,kernel_modules,connectivity/conninfra/test/connv2/include/msg_evt_test.h,,<path hit>
f25211901030075c0314bf414fe127f13b54f7ef757e6f725ff82bd0eca50eab,conninfra,MODULE_NAME;PATH,conninfra,kernel_modules,connectivity/conninfra/test/connv2/include/coredump_test.h,,<path hit>
f25211901030075c0314bf414fe127f13b54f7ef757e6f725ff82bd0eca50eab,conninfra,MODULE_NAME;PATH,conninfra,kernel_modules,connectivity/conninfra/test/connv2/include/connv2_pos_test.h,,<path hit>
f25211901030075c0314bf414fe127f13b54f7ef757e6f725ff82bd0eca50eab,conninfra,MODULE_NAME;PATH,conninfra,kernel_modules,connectivity/conninfra/test/connv2/include/connsyslog_test.h,,<path hit>
f25211901030075c0314bf414fe127f13b54f7ef757e6f725ff82bd0eca50eab,conninfra,MODULE_NAME;PATH,conninfra,kernel_modules,connectivity/conninfra/test/connv2/include/conninfra_test.h,,<path hit>
f25211901030075c0314bf414fe127f13b54f7ef757e6f725ff82bd0eca50eab,conninfra,MODULE_NAME;PATH,conninfra,kernel_modules,connectivity/conninfra/test/connv2/include/conninfra_core_test.h,,<path hit>
f25211901030075c0314bf414fe127f13b54f7ef757e6f725ff82bd0eca50eab,conninfra,MODULE_NAME;PATH,conninfra,kernel_modules,connectivity/conninfra/test/connv2/include/conf_test.h,,<path hit>
f25211901030075c0314bf414fe127f13b54f7ef757e6f725ff82bd0eca50eab,conninfra,MODULE_NAME;PATH,conninfra,kernel_modules,connectivity/conninfra/test/connv2/include/chip_rst_test.h,,<path hit>
f25211901030075c0314bf414fe127f13b54f7ef757e6f725ff82bd0eca50eab,conninfra,MODULE_NAME;PATH,conninfra,kernel_modules,connectivity/conninfra/test/connv2/include/cal_test.h,,<path hit>
f25211901030075c0314bf414fe127f13b54f7ef757e6f725ff82bd0eca50eab,conninfra,MODULE_NAME;PATH,conninfra,kernel_modules,connectivity/conninfra/test/connv2/dump_test.c,,<path hit>
f25211901030075c0314bf414fe127f13b54f7ef757e6f725ff82bd0eca50eab,conninfra,MODULE_NAME;PATH,conninfra,kernel_modules,connectivity/conninfra/test/connv2/connv2_pos_test.c,,<path hit>
f25211901030075c0314bf414fe127f13b54f7ef757e6f725ff82bd0eca50eab,conninfra,MODULE_NAME;PATH,conninfra,kernel_modules,connectivity/conninfra/test/connv2/connsyslog_test.c,,<path hit>
f25211901030075c0314bf414fe127f13b54f7ef757e6f725ff82bd0eca50eab,conninfra,MODULE_NAME;PATH,conninfra,kernel_modules,connectivity/conninfra/test/connv2/conninfra_test.c,,<path hit>
f25211901030075c0314bf414fe127f13b54f7ef757e6f725ff82bd0eca50eab,conninfra,MODULE_NAME;PATH,conninfra,kernel_modules,connectivity/conninfra/test/connv2/conninfra_core_test.c,,<path hit>
f25211901030075c0314bf414fe127f13b54f7ef757e6f725ff82bd0eca50eab,conninfra,MODULE_NAME;PATH,conninfra,kernel_modules,connectivity/conninfra/test/connv2/conf_test.c,,<path hit>
f25211901030075c0314bf414fe127f13b54f7ef757e6f725ff82bd0eca50eab,conninfra,MODULE_NAME;PATH,conninfra,kernel_modules,connectivity/conninfra/test/connv2/chip_rst_test.c,,<path hit>
f25211901030075c0314bf414fe127f13b54f7ef757e6f725ff82bd0eca50eab,conninfra,MODULE_NAME;PATH,conninfra,kernel_modules,connectivity/conninfra/test/connv2/cal_test.c,,<path hit>
f25211901030075c0314bf414fe127f13b54f7ef757e6f725ff82bd0eca50eab,conninfra,MODULE_NAME;PATH,conninfra,kernel_modules,connectivity/conninfra/init.conninfra.rc,,<path hit>
f25211901030075c0314bf414fe127f13b54f7ef757e6f725ff82bd0eca50eab,conninfra,MODULE_NAME;PATH,conninfra,kernel_modules,connectivity/conninfra/include/connv3.h,,<path hit>
f25211901030075c0314bf414fe127f13b54f7ef757e6f725ff82bd0eca50eab,conninfra,MODULE_NAME;PATH,conninfra,kernel_modules,connectivity/conninfra/include/conninfra.h,,<path hit>
f25211901030075c0314bf414fe127f13b54f7ef757e6f725ff82bd0eca50eab,conninfra,MODULE_NAME;PATH,conninfra,kernel_modules,connectivity/conninfra/conf/conninfra_conf.c,,<path hit>
f25211901030075c0314bf414fe127f13b54f7ef757e6f725ff82bd0eca50eab,conninfra,MODULE_NAME;PATH,conninfra,kernel_modules,connectivity/conninfra/conf/include/conninfra_conf.h,,<path hit>
f25211901030075c0314bf414fe127f13b54f7ef757e6f725ff82bd0eca50eab,conninfra,MODULE_NAME;PATH,conninfra,kernel_modules,connectivity/conninfra/base/ring.c,,<path hit>
f25211901030075c0314bf414fe127f13b54f7ef757e6f725ff82bd0eca50eab,conninfra,MODULE_NAME;PATH,conninfra,kernel_modules,connectivity/conninfra/base/osal_dbg.c,,<path hit>
f25211901030075c0314bf414fe127f13b54f7ef757e6f725ff82bd0eca50eab,conninfra,MODULE_NAME;PATH,conninfra,kernel_modules,connectivity/conninfra/base/osal.c,,<path hit>
f25211901030075c0314bf414fe127f13b54f7ef757e6f725ff82bd0eca50eab,conninfra,MODULE_NAME;PATH,conninfra,kernel_modules,connectivity/conninfra/base/msg_thread.c,,<path hit>
f25211901030075c0314bf414fe127f13b54f7ef757e6f725ff82bd0eca50eab,conninfra,MODULE_NAME;PATH,conninfra,kernel_modules,connectivity/conninfra/conn_drv/connv3/src/connv3_drv.h,,<path hit>
f25211901030075c0314bf414fe127f13b54f7ef757e6f725ff82bd0eca50eab,conninfra,MODULE_NAME;PATH,conninfra,kernel_modules,connectivity/conninfra/conn_drv/connv3/src/connv3_drv.c,,<path hit>
f25211901030075c0314bf414fe127f13b54f7ef757e6f725ff82bd0eca50eab,conninfra,MODULE_NAME;PATH,conninfra,kernel_modules,connectivity/conninfra/conn_drv/connv3/src/connv3.c,,<path hit>
f25211901030075c0314bf414fe127f13b54f7ef757e6f725ff82bd0eca50eab,conninfra,MODULE_NAME;PATH,conninfra,kernel_modules,connectivity/conninfra/base/include/ring.h,,<path hit>
f25211901030075c0314bf414fe127f13b54f7ef757e6f725ff82bd0eca50eab,conninfra,MODULE_NAME;PATH,conninfra,kernel_modules,connectivity/conninfra/base/include/osal_dbg.h,,<path hit>
f25211901030075c0314bf414fe127f13b54f7ef757e6f725ff82bd0eca50eab,conninfra,MODULE_NAME;PATH,conninfra,kernel_modules,connectivity/conninfra/base/include/osal.h,,<path hit>
f25211901030075c0314bf414fe127f13b54f7ef757e6f725ff82bd0eca50eab,conninfra,MODULE_NAME;PATH,conninfra,kernel_modules,connectivity/conninfra/base/include/msg_thread.h,,<path hit>
f25211901030075c0314bf414fe127f13b54f7ef757e6f725ff82bd0eca50eab,conninfra,MODULE_NAME;PATH,conninfra,kernel_modules,connectivity/conninfra/base/include/consys_reg_util.h,,<path hit>
f25211901030075c0314bf414fe127f13b54f7ef757e6f725ff82bd0eca50eab,conninfra,MODULE_NAME;PATH,conninfra,kernel_modules,connectivity/conninfra/conn_drv/connv2/src/connv2_drv.h,,<path hit>
f25211901030075c0314bf414fe127f13b54f7ef757e6f725ff82bd0eca50eab,conninfra,MODULE_NAME;PATH,conninfra,kernel_modules,connectivity/conninfra/conn_drv/connv2/src/connv2_drv.c,,<path hit>
f25211901030075c0314bf414fe127f13b54f7ef757e6f725ff82bd0eca50eab,conninfra,MODULE_NAME;PATH,conninfra,kernel_modules,connectivity/conninfra/conn_drv/connv2/src/conninfra.c,,<path hit>
f25211901030075c0314bf414fe127f13b54f7ef757e6f725ff82bd0eca50eab,conninfra,MODULE_NAME;PATH,conninfra,kernel_modules,connectivity/conninfra/conn_drv/connv2/platform/pmic_mng.c,,<path hit>
f25211901030075c0314bf414fe127f13b54f7ef757e6f725ff82bd0eca50eab,conninfra,MODULE_NAME;PATH,conninfra,kernel_modules,connectivity/conninfra/conn_drv/connv3/core/include/connv3_core.h,,<path hit>
f25211901030075c0314bf414fe127f13b54f7ef757e6f725ff82bd0eca50eab,conninfra,MODULE_NAME;PATH,conninfra,kernel_modules,connectivity/conninfra/conn_drv/connv3/core/connv3_core.c,,<path hit>
f25211901030075c0314bf414fe127f13b54f7ef757e6f725ff82bd0eca50eab,conninfra,MODULE_NAME;PATH,conninfra,kernel_modules,connectivity/conninfra/conn_drv/connv3/platform/connv3_pinctrl_mng.c,,<path hit>
f25211901030075c0314bf414fe127f13b54f7ef757e6f725ff82bd0eca50eab,conninfra,MODULE_NAME;PATH,conninfra,kernel_modules,connectivity/conninfra/conn_drv/connv3/platform/connv3_hw_plat_data.c,,<path hit>
f25211901030075c0314bf414fe127f13b54f7ef757e6f725ff82bd0eca50eab,conninfra,MODULE_NAME;PATH,conninfra,kernel_modules,connectivity/conninfra/conn_drv/connv3/platform/connv3_hw_dbg.c,,<path hit>
f25211901030075c0314bf414fe127f13b54f7ef757e6f725ff82bd0eca50eab,conninfra,MODULE_NAME;PATH,conninfra,kernel_modules,connectivity/conninfra/conn_drv/connv3/platform/connv3_hw.c,,<path hit>
f25211901030075c0314bf414fe127f13b54f7ef757e6f725ff82bd0eca50eab,conninfra,MODULE_NAME;PATH,conninfra,kernel_modules,connectivity/conninfra/conn_drv/connv3/platform/mt6989/mt6989_pmic.c,,<path hit>
f25211901030075c0314bf414fe127f13b54f7ef757e6f725ff82bd0eca50eab,conninfra,MODULE_NAME;PATH,conninfra,kernel_modules,connectivity/conninfra/conn_drv/connv3/platform/mt6989/mt6989_pinctrl.c,,<path hit>
f25211901030075c0314bf414fe127f13b54f7ef757e6f725ff82bd0eca50eab,conninfra,MODULE_NAME;PATH,conninfra,kernel_modules,connectivity/conninfra/conn_drv/connv3/platform/mt6989/mt6989.c,,<path hit>
f25211901030075c0314bf414fe127f13b54f7ef757e6f725ff82bd0eca50eab,conninfra,MODULE_NAME;PATH,conninfra,kernel_modules,connectivity/conninfra/conn_drv/connv3/platform/mt6989/include/connv3_mt6989_pmic.h,,<path hit>
f25211901030075c0314bf414fe127f13b54f7ef757e6f725ff82bd0eca50eab,conninfra,MODULE_NAME;PATH,conninfra,kernel_modules,connectivity/conninfra/conn_drv/connv2/debug_utility/metlog/metlog.h,,<path hit>
f25211901030075c0314bf414fe127f13b54f7ef757e6f725ff82bd0eca50eab,conninfra,MODULE_NAME;PATH,conninfra,kernel_modules,connectivity/conninfra/conn_drv/connv2/debug_utility/metlog/metlog.c,,<path hit>
f25211901030075c0314bf414fe127f13b54f7ef757e6f725ff82bd0eca50eab,conninfra,MODULE_NAME;PATH,conninfra,kernel_modules,connectivity/conninfra/conn_drv/connv3/debug_utility/include/connv3_debug_utility.h,,<path hit>
f25211901030075c0314bf414fe127f13b54f7ef757e6f725ff82bd0eca50eab,conninfra,MODULE_NAME;PATH,conninfra,kernel_modules,connectivity/conninfra/conn_drv/connv2/platform/mt6989/mt6989_soc.c,,<path hit>
f25211901030075c0314bf414fe127f13b54f7ef757e6f725ff82bd0eca50eab,conninfra,MODULE_NAME;PATH,conninfra,kernel_modules,connectivity/conninfra/conn_drv/connv2/platform/mt6989/mt6989_pos_gen.c,,<path hit>
f25211901030075c0314bf414fe127f13b54f7ef757e6f725ff82bd0eca50eab,conninfra,MODULE_NAME;PATH,conninfra,kernel_modules,connectivity/conninfra/conn_drv/connv2/platform/mt6989/mt6989_pos.c,,<path hit>
f25211901030075c0314bf414fe127f13b54f7ef757e6f725ff82bd0eca50eab,conninfra,MODULE_NAME;PATH,conninfra,kernel_modules,connectivity/conninfra/conn_drv/connv2/platform/mt6989/mt6989_pmic.c,,<path hit>
f25211901030075c0314bf414fe127f13b54f7ef757e6f725ff82bd0eca50eab,conninfra,MODULE_NAME;PATH,conninfra,kernel_modules,connectivity/conninfra/conn_drv/connv2/platform/mt6989/mt6989_ops.c,,<path hit>
f25211901030075c0314bf414fe127f13b54f7ef757e6f725ff82bd0eca50eab,conninfra,MODULE_NAME;PATH,conninfra,kernel_modules,connectivity/conninfra/conn_drv/connv2/platform/mt6989/mt6989_emi.c,,<path hit>
f25211901030075c0314bf414fe127f13b54f7ef757e6f725ff82bd0eca50eab,conninfra,MODULE_NAME;PATH,conninfra,kernel_modules,connectivity/conninfra/conn_drv/connv2/platform/mt6989/mt6989_debug_gen.c,,<path hit>
f25211901030075c0314bf414fe127f13b54f7ef757e6f725ff82bd0eca50eab,conninfra,MODULE_NAME;PATH,conninfra,kernel_modules,connectivity/conninfra/conn_drv/connv2/platform/mt6989/mt6989_coredump_atf.c,,<path hit>
f25211901030075c0314bf414fe127f13b54f7ef757e6f725ff82bd0eca50eab,conninfra,MODULE_NAME;PATH,conninfra,kernel_modules,connectivity/conninfra/conn_drv/connv2/platform/mt6989/mt6989_coredump.c,,<path hit>
f25211901030075c0314bf414fe127f13b54f7ef757e6f725ff82bd0eca50eab,conninfra,MODULE_NAME;PATH,conninfra,kernel_modules,connectivity/conninfra/conn_drv/connv2/platform/mt6989/mt6989_consys_reg_atf.c,,<path hit>
f25211901030075c0314bf414fe127f13b54f7ef757e6f725ff82bd0eca50eab,conninfra,MODULE_NAME;PATH,conninfra,kernel_modules,connectivity/conninfra/conn_drv/connv2/platform/mt6989/mt6989_consys_reg.c,,<path hit>
f25211901030075c0314bf414fe127f13b54f7ef757e6f725ff82bd0eca50eab,conninfra,MODULE_NAME;PATH,conninfra,kernel_modules,connectivity/conninfra/conn_drv/connv2/platform/mt6989/mt6989_atf.c,,<path hit>
f25211901030075c0314bf414fe127f13b54f7ef757e6f725ff82bd0eca50eab,conninfra,MODULE_NAME;PATH,conninfra,kernel_modules,connectivity/conninfra/conn_drv/connv2/platform/mt6989/mt6989.c,,<path hit>
f25211901030075c0314bf414fe127f13b54f7ef757e6f725ff82bd0eca50eab,conninfra,MODULE_NAME;PATH,conninfra,kernel_modules,connectivity/conninfra/conn_drv/connv3/platform/mt6985/mt6985_pmic.c,,<path hit>
f25211901030075c0314bf414fe127f13b54f7ef757e6f725ff82bd0eca50eab,conninfra,MODULE_NAME;PATH,conninfra,kernel_modules,connectivity/conninfra/conn_drv/connv3/platform/mt6985/mt6985_pinctrl.c,,<path hit>
f25211901030075c0314bf414fe127f13b54f7ef757e6f725ff82bd0eca50eab,conninfra,MODULE_NAME;PATH,conninfra,kernel_modules,connectivity/conninfra/conn_drv/connv3/platform/mt6985/mt6985.c,,<path hit>
f25211901030075c0314bf414fe127f13b54f7ef757e6f725ff82bd0eca50eab,conninfra,MODULE_NAME;PATH,conninfra,kernel_modules,connectivity/conninfra/conn_drv/connv3/platform/include/connv3_pmic_mng.h,,<path hit>
f25211901030075c0314bf414fe127f13b54f7ef757e6f725ff82bd0eca50eab,conninfra,MODULE_NAME;PATH,conninfra,kernel_modules,connectivity/conninfra/conn_drv/connv3/platform/include/connv3_pinctrl_mng.h,,<path hit>
f25211901030075c0314bf414fe127f13b54f7ef757e6f725ff82bd0eca50eab,conninfra,MODULE_NAME;PATH,conninfra,kernel_modules,connectivity/conninfra/conn_drv/connv3/platform/include/connv3_hw_dbg.h,,<path hit>
f25211901030075c0314bf414fe127f13b54f7ef757e6f725ff82bd0eca50eab,conninfra,MODULE_NAME;PATH,conninfra,kernel_modules,connectivity/conninfra/conn_drv/connv3/platform/include/connv3_hw.h,,<path hit>
f25211901030075c0314bf414fe127f13b54f7ef757e6f725ff82bd0eca50eab,conninfra,MODULE_NAME;PATH,conninfra,kernel_modules,connectivity/conninfra/conn_drv/connv3/platform/include/connv3_coredump.h,,<path hit>
f25211901030075c0314bf414fe127f13b54f7ef757e6f725ff82bd0eca50eab,conninfra,MODULE_NAME;PATH,conninfra,kernel_modules,connectivity/conninfra/conn_drv/connv2/debug_utility/include/connsys_debug_utility.h,,<path hit>
f25211901030075c0314bf414fe127f13b54f7ef757e6f725ff82bd0eca50eab,conninfra,MODULE_NAME;PATH,conninfra,kernel_modules,connectivity/conninfra/conn_drv/connv3/platform/connv3_pmic_mng.c,,<path hit>
f25211901030075c0314bf414fe127f13b54f7ef757e6f725ff82bd0eca50eab,conninfra,MODULE_NAME;PATH,conninfra,kernel_modules,connectivity/conninfra/conn_drv/connv3/debug_utility/coredump/connv3_dump_mng.h,,<path hit>
f25211901030075c0314bf414fe127f13b54f7ef757e6f725ff82bd0eca50eab,conninfra,MODULE_NAME;PATH,conninfra,kernel_modules,connectivity/conninfra/conn_drv/connv3/platform/mt6639/mt6639_dbg.c,,<path hit>
f25211901030075c0314bf414fe127f13b54f7ef757e6f725ff82bd0eca50eab,conninfra,MODULE_NAME;PATH,conninfra,kernel_modules,connectivity/conninfra/conn_drv/connv3/debug_utility/coredump/connv3_dump_mng.c,,<path hit>
f25211901030075c0314bf414fe127f13b54f7ef757e6f725ff82bd0eca50eab,conninfra,MODULE_NAME;PATH,conninfra,kernel_modules,connectivity/conninfra/conn_drv/connv3/debug_utility/coredump/connv3_coredump.h,,<path hit>
f25211901030075c0314bf414fe127f13b54f7ef757e6f725ff82bd0eca50eab,conninfra,MODULE_NAME;PATH,conninfra,kernel_modules,connectivity/conninfra/conn_drv/connv3/debug_utility/coredump/connv3_coredump.c,,<path hit>
f25211901030075c0314bf414fe127f13b54f7ef757e6f725ff82bd0eca50eab,conninfra,MODULE_NAME;PATH,conninfra,kernel_modules,connectivity/conninfra/conn_drv/connv2/debug_utility/coredump/coredump_mng.h,,<path hit>
f25211901030075c0314bf414fe127f13b54f7ef757e6f725ff82bd0eca50eab,conninfra,MODULE_NAME;PATH,conninfra,kernel_modules,connectivity/conninfra/conn_drv/connv2/debug_utility/coredump/coredump_mng.c,,<path hit>
f25211901030075c0314bf414fe127f13b54f7ef757e6f725ff82bd0eca50eab,conninfra,MODULE_NAME;PATH,conninfra,kernel_modules,connectivity/conninfra/conn_drv/connv2/debug_utility/coredump/connsys_coredump_hw_config.h,,<path hit>
f25211901030075c0314bf414fe127f13b54f7ef757e6f725ff82bd0eca50eab,conninfra,MODULE_NAME;PATH,conninfra,kernel_modules,connectivity/conninfra/conn_drv/connv2/debug_utility/coredump/connsys_coredump_emi.h,,<path hit>
f25211901030075c0314bf414fe127f13b54f7ef757e6f725ff82bd0eca50eab,conninfra,MODULE_NAME;PATH,conninfra,kernel_modules,connectivity/conninfra/conn_drv/connv2/debug_utility/coredump/connsys_coredump.h,,<path hit>
f25211901030075c0314bf414fe127f13b54f7ef757e6f725ff82bd0eca50eab,conninfra,MODULE_NAME;PATH,conninfra,kernel_modules,connectivity/conninfra/conn_drv/connv2/debug_utility/coredump/connsys_coredump.c,,<path hit>
f25211901030075c0314bf414fe127f13b54f7ef757e6f725ff82bd0eca50eab,conninfra,MODULE_NAME;PATH,conninfra,kernel_modules,connectivity/conninfra/conn_drv/connv2/platform/mt6989/include/mt6989_soc.h,,<path hit>
f25211901030075c0314bf414fe127f13b54f7ef757e6f725ff82bd0eca50eab,conninfra,MODULE_NAME;PATH,conninfra,kernel_modules,connectivity/conninfra/conn_drv/connv2/platform/mt6989/include/mt6989_pos_gen.h,,<path hit>
f25211901030075c0314bf414fe127f13b54f7ef757e6f725ff82bd0eca50eab,conninfra,MODULE_NAME;PATH,conninfra,kernel_modules,connectivity/conninfra/conn_drv/connv3/platform/mt6639/include/mt6639_dbg.h,,<path hit>
f25211901030075c0314bf414fe127f13b54f7ef757e6f725ff82bd0eca50eab,conninfra,MODULE_NAME;PATH,conninfra,kernel_modules,connectivity/conninfra/conn_drv/connv2/platform/mt6989/include/mt6989_pos.h,,<path hit>
f25211901030075c0314bf414fe127f13b54f7ef757e6f725ff82bd0eca50eab,conninfra,MODULE_NAME;PATH,conninfra,kernel_modules,connectivity/conninfra/conn_drv/connv2/platform/mt6989/include/mt6989_pmic.h,,<path hit>
f25211901030075c0314bf414fe127f13b54f7ef757e6f725ff82bd0eca50eab,conninfra,MODULE_NAME;PATH,conninfra,kernel_modules,connectivity/conninfra/conn_drv/connv2/platform/mt6989/include/mt6989_debug_gen.h,,<path hit>
f25211901030075c0314bf414fe127f13b54f7ef757e6f725ff82bd0eca50eab,conninfra,MODULE_NAME;PATH,conninfra,kernel_modules,connectivity/conninfra/conn_drv/connv2/platform/mt6989/include/mt6989_coredump.h,,<path hit>
f25211901030075c0314bf414fe127f13b54f7ef757e6f725ff82bd0eca50eab,conninfra,MODULE_NAME;PATH,conninfra,kernel_modules,connectivity/conninfra/conn_drv/connv2/platform/mt6989/include/mt6989_consys_reg_offset.h,,<path hit>
f25211901030075c0314bf414fe127f13b54f7ef757e6f725ff82bd0eca50eab,conninfra,MODULE_NAME;PATH,conninfra,kernel_modules,connectivity/conninfra/conn_drv/connv2/platform/mt6989/include/mt6989_consys_reg.h,,<path hit>
f25211901030075c0314bf414fe127f13b54f7ef757e6f725ff82bd0eca50eab,conninfra,MODULE_NAME;PATH,conninfra,kernel_modules,connectivity/conninfra/conn_drv/connv2/platform/mt6989/include/mt6989_connsyslog.h,,<path hit>
f25211901030075c0314bf414fe127f13b54f7ef757e6f725ff82bd0eca50eab,conninfra,MODULE_NAME;PATH,conninfra,kernel_modules,connectivity/conninfra/conn_drv/connv2/platform/mt6989/include/mt6989_atf.h,,<path hit>
f25211901030075c0314bf414fe127f13b54f7ef757e6f725ff82bd0eca50eab,conninfra,MODULE_NAME;PATH,conninfra,kernel_modules,connectivity/conninfra/conn_drv/connv2/platform/mt6989/include/mt6989.h,,<path hit>
f25211901030075c0314bf414fe127f13b54f7ef757e6f725ff82bd0eca50eab,conninfra,MODULE_NAME;PATH,conninfra,kernel_modules,connectivity/conninfra/conn_drv/connv3/debug_utility/connsyslog/connv3_mcu_log.h,,<path hit>
f25211901030075c0314bf414fe127f13b54f7ef757e6f725ff82bd0eca50eab,conninfra,MODULE_NAME;PATH,conninfra,kernel_modules,connectivity/conninfra/conn_drv/connv3/debug_utility/connsyslog/connv3_mcu_log.c,,<path hit>
f25211901030075c0314bf414fe127f13b54f7ef757e6f725ff82bd0eca50eab,conninfra,MODULE_NAME;PATH,conninfra,kernel_modules,connectivity/conninfra/conn_drv/connv2/debug_utility/connsyslog/ring_emi.h,,<path hit>
f25211901030075c0314bf414fe127f13b54f7ef757e6f725ff82bd0eca50eab,conninfra,MODULE_NAME;PATH,conninfra,kernel_modules,connectivity/conninfra/conn_drv/connv2/debug_utility/connsyslog/ring_emi.c,,<path hit>
f25211901030075c0314bf414fe127f13b54f7ef757e6f725ff82bd0eca50eab,conninfra,MODULE_NAME;PATH,conninfra,kernel_modules,connectivity/conninfra/conn_drv/connv2/debug_utility/connsyslog/connsyslog_hw_config.h,,<path hit>
f25211901030075c0314bf414fe127f13b54f7ef757e6f725ff82bd0eca50eab,conninfra,MODULE_NAME;PATH,conninfra,kernel_modules,connectivity/conninfra/conn_drv/connv2/debug_utility/connsyslog/connsyslog_emi.h,,<path hit>
f25211901030075c0314bf414fe127f13b54f7ef757e6f725ff82bd0eca50eab,conninfra,MODULE_NAME;PATH,conninfra,kernel_modules,connectivity/conninfra/conn_drv/connv2/debug_utility/connsyslog/connsyslog.h,,<path hit>
f25211901030075c0314bf414fe127f13b54f7ef757e6f725ff82bd0eca50eab,conninfra,MODULE_NAME;PATH,conninfra,kernel_modules,connectivity/conninfra/conn_drv/connv2/debug_utility/connsyslog/connsyslog.c,,<path hit>
f25211901030075c0314bf414fe127f13b54f7ef757e6f725ff82bd0eca50eab,conninfra,MODULE_NAME;PATH,conninfra,kernel_modules,connectivity/conninfra/conn_drv/connv2/debug_utility/conninfra_dbg.h,,<path hit>
f25211901030075c0314bf414fe127f13b54f7ef757e6f725ff82bd0eca50eab,conninfra,MODULE_NAME;PATH,conninfra,kernel_modules,connectivity/conninfra/conn_drv/connv2/debug_utility/conninfra_dbg.c,,<path hit>
f25211901030075c0314bf414fe127f13b54f7ef757e6f725ff82bd0eca50eab,conninfra,MODULE_NAME;PATH,conninfra,kernel_modules,connectivity/conninfra/conn_drv/connv2/platform/mt6989/include/CODA/conn_wt_slp_ctl_reg_mt6989.h,,<path hit>
f25211901030075c0314bf414fe127f13b54f7ef757e6f725ff82bd0eca50eab,conninfra,MODULE_NAME;PATH,conninfra,kernel_modules,connectivity/conninfra/conn_drv/connv2/platform/mt6989/include/CODA/conn_semaphore_mt6989.h,,<path hit>
f25211901030075c0314bf414fe127f13b54f7ef757e6f725ff82bd0eca50eab,conninfra,MODULE_NAME;PATH,conninfra,kernel_modules,connectivity/conninfra/conn_drv/connv2/platform/mt6989/include/CODA/conn_rgu_on_mt6989.h,,<path hit>
f25211901030075c0314bf414fe127f13b54f7ef757e6f725ff82bd0eca50eab,conninfra,MODULE_NAME;PATH,conninfra,kernel_modules,connectivity/conninfra/conn_drv/connv2/platform/mt6989/include/CODA/conn_rf_spi_mst_reg_mt6989.h,,<path hit>
f25211901030075c0314bf414fe127f13b54f7ef757e6f725ff82bd0eca50eab,conninfra,MODULE_NAME;PATH,conninfra,kernel_modules,connectivity/conninfra/conn_drv/connv2/platform/mt6989/include/CODA/conn_off_debug_ctrl_ao_mt6989.h,,<path hit>
f25211901030075c0314bf414fe127f13b54f7ef757e6f725ff82bd0eca50eab,conninfra,MODULE_NAME;PATH,conninfra,kernel_modules,connectivity/conninfra/conn_drv/connv2/platform/mt6989/include/CODA/conn_host_csr_top_mt6989.h,,<path hit>
f25211901030075c0314bf414fe127f13b54f7ef757e6f725ff82bd0eca50eab,conninfra,MODULE_NAME;PATH,conninfra,kernel_modules,connectivity/conninfra/conn_drv/connv2/platform/mt6989/include/CODA/conn_dbg_ctl_mt6989.h,,<path hit>
f25211901030075c0314bf414fe127f13b54f7ef757e6f725ff82bd0eca50eab,conninfra,MODULE_NAME;PATH,conninfra,kernel_modules,connectivity/conninfra/conn_drv/connv2/platform/mt6989/include/CODA/conn_clkgen_top_mt6989.h,,<path hit>
f25211901030075c0314bf414fe127f13b54f7ef757e6f725ff82bd0eca50eab,conninfra,MODULE_NAME;PATH,conninfra,kernel_modules,connectivity/conninfra/conn_drv/connv2/platform/mt6989/include/CODA/conn_cfg_on_mt6989.h,,<path hit>
f25211901030075c0314bf414fe127f13b54f7ef757e6f725ff82bd0eca50eab,conninfra,MODULE_NAME;PATH,conninfra,kernel_modules,connectivity/conninfra/conn_drv/connv2/platform/mt6989/include/CODA/conn_cfg_mt6989.h,,<path hit>
f25211901030075c0314bf414fe127f13b54f7ef757e6f725ff82bd0eca50eab,conninfra,MODULE_NAME;PATH,conninfra,kernel_modules,connectivity/conninfra/conn_drv/connv2/platform/mt6989/include/CODA/conn_bus_cr_on_mt6989.h,,<path hit>
f25211901030075c0314bf414fe127f13b54f7ef757e6f725ff82bd0eca50eab,conninfra,MODULE_NAME;PATH,conninfra,kernel_modules,connectivity/conninfra/conn_drv/connv2/platform/mt6989/include/CODA/conn_bus_cr_mt6989.h,,<path hit>
f25211901030075c0314bf414fe127f13b54f7ef757e6f725ff82bd0eca50eab,conninfra,MODULE_NAME;PATH,conninfra,kernel_modules,connectivity/conninfra/conn_drv/connv2/platform/mt6989/include/CODA/conn_afe_ctl_mt6989.h,,<path hit>
f25211901030075c0314bf414fe127f13b54f7ef757e6f725ff82bd0eca50eab,conninfra,MODULE_NAME;PATH,conninfra,kernel_modules,connectivity/conninfra/conn_drv/connv2/core/include/conninfra_core.h,,<path hit>
f25211901030075c0314bf414fe127f13b54f7ef757e6f725ff82bd0eca50eab,conninfra,MODULE_NAME;PATH,conninfra,kernel_modules,connectivity/conninfra/conn_drv/connv2/core/conninfra_core.c,,<path hit>
f25211901030075c0314bf414fe127f13b54f7ef757e6f725ff82bd0eca50eab,conninfra,MODULE_NAME;PATH,conninfra,kernel_modules,connectivity/conninfra/conn_drv/connv2/platform/consys_reg_mng.c,,<path hit>
f25211901030075c0314bf414fe127f13b54f7ef757e6f725ff82bd0eca50eab,conninfra,MODULE_NAME;PATH,conninfra,kernel_modules,connectivity/conninfra/conn_drv/connv2/platform/consys_hw_plat_data.c,,<path hit>
f25211901030075c0314bf414fe127f13b54f7ef757e6f725ff82bd0eca50eab,conninfra,MODULE_NAME;PATH,conninfra,kernel_modules,connectivity/conninfra/conn_drv/connv2/platform/consys_hw.c,,<path hit>
f25211901030075c0314bf414fe127f13b54f7ef757e6f725ff82bd0eca50eab,conninfra,MODULE_NAME;PATH,conninfra,kernel_modules,connectivity/conninfra/conn_drv/connv2/platform/clock_mng.c,,<path hit>
f25211901030075c0314bf414fe127f13b54f7ef757e6f725ff82bd0eca50eab,conninfra,MODULE_NAME;PATH,conninfra,kernel_modules,connectivity/conninfra/conn_drv/connv2/platform/mt6985/mt6985_soc.c,,<path hit>
f25211901030075c0314bf414fe127f13b54f7ef757e6f725ff82bd0eca50eab,conninfra,MODULE_NAME;PATH,conninfra,kernel_modules,connectivity/conninfra/conn_drv/connv2/platform/mt6985/mt6985_pos_gen.c,,<path hit>
f25211901030075c0314bf414fe127f13b54f7ef757e6f725ff82bd0eca50eab,conninfra,MODULE_NAME;PATH,conninfra,kernel_modules,connectivity/conninfra/conn_drv/connv2/platform/mt6985/mt6985_pos.c,,<path hit>
f25211901030075c0314bf414fe127f13b54f7ef757e6f725ff82bd0eca50eab,conninfra,MODULE_NAME;PATH,conninfra,kernel_modules,connectivity/conninfra/conn_drv/connv2/platform/mt6985/mt6985_pmic.c,,<path hit>
f25211901030075c0314bf414fe127f13b54f7ef757e6f725ff82bd0eca50eab,conninfra,MODULE_NAME;PATH,conninfra,kernel_modules,connectivity/conninfra/conn_drv/connv2/platform/mt6985/mt6985_ops.c,,<path hit>
f25211901030075c0314bf414fe127f13b54f7ef757e6f725ff82bd0eca50eab,conninfra,MODULE_NAME;PATH,conninfra,kernel_modules,connectivity/conninfra/conn_drv/connv2/platform/mt6985/mt6985_emi.c,,<path hit>
f25211901030075c0314bf414fe127f13b54f7ef757e6f725ff82bd0eca50eab,conninfra,MODULE_NAME;PATH,conninfra,kernel_modules,connectivity/conninfra/conn_drv/connv2/platform/mt6985/mt6985_debug_gen.c,,<path hit>
f25211901030075c0314bf414fe127f13b54f7ef757e6f725ff82bd0eca50eab,conninfra,MODULE_NAME;PATH,conninfra,kernel_modules,connectivity/conninfra/conn_drv/connv2/drv_init/wlan_drv_init.c,,<path hit>
f25211901030075c0314bf414fe127f13b54f7ef757e6f725ff82bd0eca50eab,conninfra,MODULE_NAME;PATH,conninfra,kernel_modules,connectivity/conninfra/conn_drv/connv2/platform/mt6985/mt6985_coredump_atf.c,,<path hit>
f25211901030075c0314bf414fe127f13b54f7ef757e6f725ff82bd0eca50eab,conninfra,MODULE_NAME;PATH,conninfra,kernel_modules,connectivity/conninfra/conn_drv/connv2/platform/mt6985/mt6985_coredump.c,,<path hit>
f25211901030075c0314bf414fe127f13b54f7ef757e6f725ff82bd0eca50eab,conninfra,MODULE_NAME;PATH,conninfra,kernel_modules,connectivity/conninfra/conn_drv/connv2/platform/mt6985/mt6985_consys_reg_atf.c,,<path hit>
f25211901030075c0314bf414fe127f13b54f7ef757e6f725ff82bd0eca50eab,conninfra,MODULE_NAME;PATH,conninfra,kernel_modules,connectivity/conninfra/conn_drv/connv2/platform/mt6985/mt6985_consys_reg.c,,<path hit>
f25211901030075c0314bf414fe127f13b54f7ef757e6f725ff82bd0eca50eab,conninfra,MODULE_NAME;PATH,conninfra,kernel_modules,connectivity/conninfra/conn_drv/connv2/platform/mt6985/mt6985_atf.c,,<path hit>
f25211901030075c0314bf414fe127f13b54f7ef757e6f725ff82bd0eca50eab,conninfra,MODULE_NAME;PATH,conninfra,kernel_modules,connectivity/conninfra/conn_drv/connv2/platform/mt6985/mt6985.c,,<path hit>
f25211901030075c0314bf414fe127f13b54f7ef757e6f725ff82bd0eca50eab,conninfra,MODULE_NAME;PATH,conninfra,kernel_modules,connectivity/conninfra/conn_drv/connv2/drv_init/include/wlan_drv_init.h,,<path hit>
f25211901030075c0314bf414fe127f13b54f7ef757e6f725ff82bd0eca50eab,conninfra,MODULE_NAME;PATH,conninfra,kernel_modules,connectivity/conninfra/conn_drv/connv2/drv_init/include/gps_drv_init.h,,<path hit>
f25211901030075c0314bf414fe127f13b54f7ef757e6f725ff82bd0eca50eab,conninfra,MODULE_NAME;PATH,conninfra,kernel_modules,connectivity/conninfra/conn_drv/connv2/drv_init/include/fm_drv_init.h,,<path hit>
f25211901030075c0314bf414fe127f13b54f7ef757e6f725ff82bd0eca50eab,conninfra,MODULE_NAME;PATH,conninfra,kernel_modules,connectivity/conninfra/conn_drv/connv2/drv_init/include/conn_drv_init.h,,<path hit>
f25211901030075c0314bf414fe127f13b54f7ef757e6f725ff82bd0eca50eab,conninfra,MODULE_NAME;PATH,conninfra,kernel_modules,connectivity/conninfra/conn_drv/connv2/drv_init/include/bluetooth_drv_init.h,,<path hit>
f25211901030075c0314bf414fe127f13b54f7ef757e6f725ff82bd0eca50eab,conninfra,MODULE_NAME;PATH,conninfra,kernel_modules,connectivity/conninfra/conn_drv/connv2/drv_init/gps_drv_init.c,,<path hit>
f25211901030075c0314bf414fe127f13b54f7ef757e6f725ff82bd0eca50eab,conninfra,MODULE_NAME;PATH,conninfra,kernel_modules,connectivity/conninfra/conn_drv/connv2/drv_init/fm_drv_init.c,,<path hit>
f25211901030075c0314bf414fe127f13b54f7ef757e6f725ff82bd0eca50eab,conninfra,MODULE_NAME;PATH,conninfra,kernel_modules,connectivity/conninfra/conn_drv/connv2/drv_init/conn_drv_init.c,,<path hit>
f25211901030075c0314bf414fe127f13b54f7ef757e6f725ff82bd0eca50eab,conninfra,MODULE_NAME;PATH,conninfra,kernel_modules,connectivity/conninfra/conn_drv/connv2/drv_init/bluetooth_drv_init.c,,<path hit>
f25211901030075c0314bf414fe127f13b54f7ef757e6f725ff82bd0eca50eab,conninfra,MODULE_NAME;PATH,conninfra,kernel_modules,connectivity/conninfra/conn_drv/connv2/platform/mt6985/include/mt6985_soc.h,,<path hit>
f25211901030075c0314bf414fe127f13b54f7ef757e6f725ff82bd0eca50eab,conninfra,MODULE_NAME;PATH,conninfra,kernel_modules,connectivity/conninfra/conn_drv/connv2/platform/mt6985/include/mt6985_pos_gen.h,,<path hit>
f25211901030075c0314bf414fe127f13b54f7ef757e6f725ff82bd0eca50eab,conninfra,MODULE_NAME;PATH,conninfra,kernel_modules,connectivity/conninfra/conn_drv/connv2/platform/mt6985/include/mt6985_pos.h,,<path hit>
f25211901030075c0314bf414fe127f13b54f7ef757e6f725ff82bd0eca50eab,conninfra,MODULE_NAME;PATH,conninfra,kernel_modules,connectivity/conninfra/conn_drv/connv2/platform/mt6985/include/mt6985_pmic.h,,<path hit>
f25211901030075c0314bf414fe127f13b54f7ef757e6f725ff82bd0eca50eab,conninfra,MODULE_NAME;PATH,conninfra,kernel_modules,connectivity/conninfra/conn_drv/connv2/platform/mt6985/include/mt6985_debug_gen.h,,<path hit>
f25211901030075c0314bf414fe127f13b54f7ef757e6f725ff82bd0eca50eab,conninfra,MODULE_NAME;PATH,conninfra,kernel_modules,connectivity/conninfra/conn_drv/connv2/platform/mt6985/include/mt6985_coredump.h,,<path hit>
f25211901030075c0314bf414fe127f13b54f7ef757e6f725ff82bd0eca50eab,conninfra,MODULE_NAME;PATH,conninfra,kernel_modules,connectivity/conninfra/conn_drv/connv2/platform/emi_mng.c,,<path hit>
f25211901030075c0314bf414fe127f13b54f7ef757e6f725ff82bd0eca50eab,conninfra,MODULE_NAME;PATH,conninfra,kernel_modules,connectivity/conninfra/conn_drv/connv2/platform/mt6985/include/mt6985_consys_reg_offset.h,,<path hit>
f25211901030075c0314bf414fe127f13b54f7ef757e6f725ff82bd0eca50eab,conninfra,MODULE_NAME;PATH,conninfra,kernel_modules,connectivity/conninfra/conn_drv/connv2/platform/mt6985/include/mt6985_consys_reg.h,,<path hit>
f25211901030075c0314bf414fe127f13b54f7ef757e6f725ff82bd0eca50eab,conninfra,MODULE_NAME;PATH,conninfra,kernel_modules,connectivity/conninfra/conn_drv/connv2/platform/mt6985/include/mt6985_connsyslog.h,,<path hit>
f25211901030075c0314bf414fe127f13b54f7ef757e6f725ff82bd0eca50eab,conninfra,MODULE_NAME;PATH,conninfra,kernel_modules,connectivity/conninfra/conn_drv/connv2/platform/mt6985/include/mt6985_atf.h,,<path hit>
f25211901030075c0314bf414fe127f13b54f7ef757e6f725ff82bd0eca50eab,conninfra,MODULE_NAME;PATH,conninfra,kernel_modules,connectivity/conninfra/conn_drv/connv2/platform/mt6985/include/mt6985.h,,<path hit>
f25211901030075c0314bf414fe127f13b54f7ef757e6f725ff82bd0eca50eab,conninfra,MODULE_NAME;PATH,conninfra,kernel_modules,connectivity/conninfra/conn_drv/connv2/platform/mt6878/mt6878_coredump.c,,<path hit>
f25211901030075c0314bf414fe127f13b54f7ef757e6f725ff82bd0eca50eab,conninfra,MODULE_NAME;PATH,conninfra,kernel_modules,connectivity/conninfra/conn_drv/connv2/platform/mt6878/mt6878_consys_reg.c,,<path hit>
f25211901030075c0314bf414fe127f13b54f7ef757e6f725ff82bd0eca50eab,conninfra,MODULE_NAME;PATH,conninfra,kernel_modules,connectivity/conninfra/conn_drv/connv2/platform/mt6878/mt6878_atf.c,,<path hit>
f25211901030075c0314bf414fe127f13b54f7ef757e6f725ff82bd0eca50eab,conninfra,MODULE_NAME;PATH,conninfra,kernel_modules,connectivity/conninfra/conn_drv/connv2/platform/mt6878/mt6878.c,,<path hit>
f25211901030075c0314bf414fe127f13b54f7ef757e6f725ff82bd0eca50eab,conninfra,MODULE_NAME;PATH,conninfra,kernel_modules,connectivity/conninfra/conn_drv/connv2/platform/mt6878/mt6878_soc.c,,<path hit>
f25211901030075c0314bf414fe127f13b54f7ef757e6f725ff82bd0eca50eab,conninfra,MODULE_NAME;PATH,conninfra,kernel_modules,connectivity/conninfra/conn_drv/connv2/platform/mt6878/mt6878_pos_gen.c,,<path hit>
f25211901030075c0314bf414fe127f13b54f7ef757e6f725ff82bd0eca50eab,conninfra,MODULE_NAME;PATH,conninfra,kernel_modules,connectivity/conninfra/conn_drv/connv2/platform/mt6878/mt6878_pos.c,,<path hit>
f25211901030075c0314bf414fe127f13b54f7ef757e6f725ff82bd0eca50eab,conninfra,MODULE_NAME;PATH,conninfra,kernel_modules,connectivity/conninfra/conn_drv/connv2/platform/mt6878/mt6878_pmic.c,,<path hit>
f25211901030075c0314bf414fe127f13b54f7ef757e6f725ff82bd0eca50eab,conninfra,MODULE_NAME;PATH,conninfra,kernel_modules,connectivity/conninfra/conn_drv/connv2/platform/mt6878/mt6878_ops.c,,<path hit>
f25211901030075c0314bf414fe127f13b54f7ef757e6f725ff82bd0eca50eab,conninfra,MODULE_NAME;PATH,conninfra,kernel_modules,connectivity/conninfra/conn_drv/connv2/platform/mt6878/mt6878_emi.c,,<path hit>
f25211901030075c0314bf414fe127f13b54f7ef757e6f725ff82bd0eca50eab,conninfra,MODULE_NAME;PATH,conninfra,kernel_modules,connectivity/conninfra/conn_drv/connv2/platform/mt6878/mt6878_debug_gen.c,,<path hit>
f25211901030075c0314bf414fe127f13b54f7ef757e6f725ff82bd0eca50eab,conninfra,MODULE_NAME;PATH,conninfra,kernel_modules,connectivity/conninfra/conn_drv/connv2/platform/include/pmic_mng.h,,<path hit>
f25211901030075c0314bf414fe127f13b54f7ef757e6f725ff82bd0eca50eab,conninfra,MODULE_NAME;PATH,conninfra,kernel_modules,connectivity/conninfra/conn_drv/connv2/platform/include/plat_library.h,,<path hit>
f25211901030075c0314bf414fe127f13b54f7ef757e6f725ff82bd0eca50eab,conninfra,MODULE_NAME;PATH,conninfra,kernel_modules,connectivity/conninfra/conn_drv/connv2/platform/include/plat_def.h,,<path hit>
f25211901030075c0314bf414fe127f13b54f7ef757e6f725ff82bd0eca50eab,conninfra,MODULE_NAME;PATH,conninfra,kernel_modules,connectivity/conninfra/conn_drv/connv2/platform/include/emi_mng.h,,<path hit>
f25211901030075c0314bf414fe127f13b54f7ef757e6f725ff82bd0eca50eab,conninfra,MODULE_NAME;PATH,conninfra,kernel_modules,connectivity/conninfra/conn_drv/connv2/platform/include/consys_reg_mng.h,,<path hit>
f25211901030075c0314bf414fe127f13b54f7ef757e6f725ff82bd0eca50eab,conninfra,MODULE_NAME;PATH,conninfra,kernel_modules,connectivity/conninfra/conn_drv/connv2/platform/include/consys_reg_base.h,,<path hit>
f25211901030075c0314bf414fe127f13b54f7ef757e6f725ff82bd0eca50eab,conninfra,MODULE_NAME;PATH,conninfra,kernel_modules,connectivity/conninfra/conn_drv/connv2/platform/include/consys_hw.h,,<path hit>
f25211901030075c0314bf414fe127f13b54f7ef757e6f725ff82bd0eca50eab,conninfra,MODULE_NAME;PATH,conninfra,kernel_modules,connectivity/conninfra/conn_drv/connv2/platform/include/connsys_smc.h,,<path hit>
f25211901030075c0314bf414fe127f13b54f7ef757e6f725ff82bd0eca50eab,conninfra,MODULE_NAME;PATH,conninfra,kernel_modules,connectivity/conninfra/conn_drv/connv2/platform/include/connsys_library.h,,<path hit>
f25211901030075c0314bf414fe127f13b54f7ef757e6f725ff82bd0eca50eab,conninfra,MODULE_NAME;PATH,conninfra,kernel_modules,connectivity/conninfra/conn_drv/connv2/platform/include/clock_mng.h,,<path hit>
f25211901030075c0314bf414fe127f13b54f7ef757e6f725ff82bd0eca50eab,conninfra,MODULE_NAME;PATH,conninfra,kernel_modules,connectivity/conninfra/conn_drv/connv2/platform/mt6897/mt6897_consys_reg_atf.c,,<path hit>
f25211901030075c0314bf414fe127f13b54f7ef757e6f725ff82bd0eca50eab,conninfra,MODULE_NAME;PATH,conninfra,kernel_modules,connectivity/conninfra/conn_drv/connv2/platform/mt6897/mt6897_consys_reg.c,,<path hit>
f25211901030075c0314bf414fe127f13b54f7ef757e6f725ff82bd0eca50eab,conninfra,MODULE_NAME;PATH,conninfra,kernel_modules,connectivity/conninfra/conn_drv/connv2/platform/mt6897/mt6897_atf.c,,<path hit>
f25211901030075c0314bf414fe127f13b54f7ef757e6f725ff82bd0eca50eab,conninfra,MODULE_NAME;PATH,conninfra,kernel_modules,connectivity/conninfra/conn_drv/connv2/platform/mt6897/mt6897.c,,<path hit>
f25211901030075c0314bf414fe127f13b54f7ef757e6f725ff82bd0eca50eab,conninfra,MODULE_NAME;PATH,conninfra,kernel_modules,connectivity/conninfra/conn_drv/connv2/platform/mt6985/include/CODA/conn_wt_slp_ctl_reg_mt6985.h,,<path hit>
f25211901030075c0314bf414fe127f13b54f7ef757e6f725ff82bd0eca50eab,conninfra,MODULE_NAME;PATH,conninfra,kernel_modules,connectivity/conninfra/conn_drv/connv2/platform/mt6985/include/CODA/conn_semaphore_mt6985.h,,<path hit>
f25211901030075c0314bf414fe127f13b54f7ef757e6f725ff82bd0eca50eab,conninfra,MODULE_NAME;PATH,conninfra,kernel_modules,connectivity/conninfra/conn_drv/connv2/platform/mt6985/include/CODA/conn_rgu_on_mt6985.h,,<path hit>
f25211901030075c0314bf414fe127f13b54f7ef757e6f725ff82bd0eca50eab,conninfra,MODULE_NAME;PATH,conninfra,kernel_modules,connectivity/conninfra/conn_drv/connv2/platform/mt6985/include/CODA/conn_rf_spi_mst_reg_mt6985.h,,<path hit>
f25211901030075c0314bf414fe127f13b54f7ef757e6f725ff82bd0eca50eab,conninfra,MODULE_NAME;PATH,conninfra,kernel_modules,connectivity/conninfra/conn_drv/connv2/platform/mt6985/include/CODA/conn_off_debug_ctrl_ao_mt6985.h,,<path hit>
f25211901030075c0314bf414fe127f13b54f7ef757e6f725ff82bd0eca50eab,conninfra,MODULE_NAME;PATH,conninfra,kernel_modules,connectivity/conninfra/conn_drv/connv2/platform/mt6985/include/CODA/conn_host_csr_top_mt6985.h,,<path hit>
f25211901030075c0314bf414fe127f13b54f7ef757e6f725ff82bd0eca50eab,conninfra,MODULE_NAME;PATH,conninfra,kernel_modules,connectivity/conninfra/conn_drv/connv2/platform/mt6985/include/CODA/conn_dbg_ctl_mt6985.h,,<path hit>
f25211901030075c0314bf414fe127f13b54f7ef757e6f725ff82bd0eca50eab,conninfra,MODULE_NAME;PATH,conninfra,kernel_modules,connectivity/conninfra/conn_drv/connv2/platform/mt6985/include/CODA/conn_clkgen_top_mt6985.h,,<path hit>
f25211901030075c0314bf414fe127f13b54f7ef757e6f725ff82bd0eca50eab,conninfra,MODULE_NAME;PATH,conninfra,kernel_modules,connectivity/conninfra/conn_drv/connv2/platform/mt6985/include/CODA/conn_cfg_on_mt6985.h,,<path hit>
f25211901030075c0314bf414fe127f13b54f7ef757e6f725ff82bd0eca50eab,conninfra,MODULE_NAME;PATH,conninfra,kernel_modules,connectivity/conninfra/conn_drv/connv2/platform/mt6985/include/CODA/conn_cfg_mt6985.h,,<path hit>
f25211901030075c0314bf414fe127f13b54f7ef757e6f725ff82bd0eca50eab,conninfra,MODULE_NAME;PATH,conninfra,kernel_modules,connectivity/conninfra/conn_drv/connv2/platform/mt6985/include/CODA/conn_bus_cr_on_mt6985.h,,<path hit>
f25211901030075c0314bf414fe127f13b54f7ef757e6f725ff82bd0eca50eab,conninfra,MODULE_NAME;PATH,conninfra,kernel_modules,connectivity/conninfra/conn_drv/connv2/platform/mt6985/include/CODA/conn_bus_cr_mt6985.h,,<path hit>
f25211901030075c0314bf414fe127f13b54f7ef757e6f725ff82bd0eca50eab,conninfra,MODULE_NAME;PATH,conninfra,kernel_modules,connectivity/conninfra/conn_drv/connv2/platform/mt6985/include/CODA/conn_afe_ctl_mt6985.h,,<path hit>
f25211901030075c0314bf414fe127f13b54f7ef757e6f725ff82bd0eca50eab,conninfra,MODULE_NAME;PATH,conninfra,kernel_modules,connectivity/conninfra/conn_drv/connv2/platform/mt6897/mt6897_soc.c,,<path hit>
f25211901030075c0314bf414fe127f13b54f7ef757e6f725ff82bd0eca50eab,conninfra,MODULE_NAME;PATH,conninfra,kernel_modules,connectivity/conninfra/conn_drv/connv2/platform/mt6897/mt6897_pos_gen.c,,<path hit>
f25211901030075c0314bf414fe127f13b54f7ef757e6f725ff82bd0eca50eab,conninfra,MODULE_NAME;PATH,conninfra,kernel_modules,connectivity/conninfra/conn_drv/connv2/platform/mt6897/mt6897_pos.c,,<path hit>
f25211901030075c0314bf414fe127f13b54f7ef757e6f725ff82bd0eca50eab,conninfra,MODULE_NAME;PATH,conninfra,kernel_modules,connectivity/conninfra/conn_drv/connv2/platform/mt6897/mt6897_pmic.c,,<path hit>
f25211901030075c0314bf414fe127f13b54f7ef757e6f725ff82bd0eca50eab,conninfra,MODULE_NAME;PATH,conninfra,kernel_modules,connectivity/conninfra/conn_drv/connv2/platform/mt6897/mt6897_ops.c,,<path hit>
f25211901030075c0314bf414fe127f13b54f7ef757e6f725ff82bd0eca50eab,conninfra,MODULE_NAME;PATH,conninfra,kernel_modules,connectivity/conninfra/conn_drv/connv2/platform/mt6897/mt6897_emi_atf.c,,<path hit>
f25211901030075c0314bf414fe127f13b54f7ef757e6f725ff82bd0eca50eab,conninfra,MODULE_NAME;PATH,conninfra,kernel_modules,connectivity/conninfra/conn_drv/connv2/platform/mt6897/mt6897_emi.c,,<path hit>
f25211901030075c0314bf414fe127f13b54f7ef757e6f725ff82bd0eca50eab,conninfra,MODULE_NAME;PATH,conninfra,kernel_modules,connectivity/conninfra/conn_drv/connv2/platform/mt6897/mt6897_debug_gen.c,,<path hit>
f25211901030075c0314bf414fe127f13b54f7ef757e6f725ff82bd0eca50eab,conninfra,MODULE_NAME;PATH,conninfra,kernel_modules,connectivity/conninfra/conn_drv/connv2/platform/mt6897/mt6897_coredump_atf.c,,<path hit>
f25211901030075c0314bf414fe127f13b54f7ef757e6f725ff82bd0eca50eab,conninfra,MODULE_NAME;PATH,conninfra,kernel_modules,connectivity/conninfra/conn_drv/connv2/platform/mt6897/mt6897_coredump.c,,<path hit>
f25211901030075c0314bf414fe127f13b54f7ef757e6f725ff82bd0eca50eab,conninfra,MODULE_NAME;PATH,conninfra,kernel_modules,connectivity/conninfra/conn_drv/connv2/platform/mt6897/include/mt6897_soc.h,,<path hit>
f25211901030075c0314bf414fe127f13b54f7ef757e6f725ff82bd0eca50eab,conninfra,MODULE_NAME;PATH,conninfra,kernel_modules,connectivity/conninfra/conn_drv/connv2/platform/mt6897/include/mt6897_pos_gen.h,,<path hit>
f25211901030075c0314bf414fe127f13b54f7ef757e6f725ff82bd0eca50eab,conninfra,MODULE_NAME;PATH,conninfra,kernel_modules,connectivity/conninfra/conn_drv/connv2/platform/mt6897/include/mt6897_pos.h,,<path hit>
f25211901030075c0314bf414fe127f13b54f7ef757e6f725ff82bd0eca50eab,conninfra,MODULE_NAME;PATH,conninfra,kernel_modules,connectivity/conninfra/conn_drv/connv2/platform/mt6897/include/mt6897_pmic.h,,<path hit>
f25211901030075c0314bf414fe127f13b54f7ef757e6f725ff82bd0eca50eab,conninfra,MODULE_NAME;PATH,conninfra,kernel_modules,connectivity/conninfra/conn_drv/connv2/platform/mt6897/include/mt6897_emi.h,,<path hit>
f25211901030075c0314bf414fe127f13b54f7ef757e6f725ff82bd0eca50eab,conninfra,MODULE_NAME;PATH,conninfra,kernel_modules,connectivity/conninfra/conn_drv/connv2/platform/mt6897/include/mt6897_debug_gen.h,,<path hit>
f25211901030075c0314bf414fe127f13b54f7ef757e6f725ff82bd0eca50eab,conninfra,MODULE_NAME;PATH,conninfra,kernel_modules,connectivity/conninfra/conn_drv/connv2/platform/mt6897/include/mt6897_coredump.h,,<path hit>
f25211901030075c0314bf414fe127f13b54f7ef757e6f725ff82bd0eca50eab,conninfra,MODULE_NAME;PATH,conninfra,kernel_modules,connectivity/conninfra/conn_drv/connv2/platform/mt6897/include/mt6897_consys_reg_offset.h,,<path hit>
f25211901030075c0314bf414fe127f13b54f7ef757e6f725ff82bd0eca50eab,conninfra,MODULE_NAME;PATH,conninfra,kernel_modules,connectivity/conninfra/conn_drv/connv2/platform/mt6897/include/mt6897_consys_reg.h,,<path hit>
f25211901030075c0314bf414fe127f13b54f7ef757e6f725ff82bd0eca50eab,conninfra,MODULE_NAME;PATH,conninfra,kernel_modules,connectivity/conninfra/conn_drv/connv2/platform/mt6897/include/mt6897_connsyslog.h,,<path hit>
f25211901030075c0314bf414fe127f13b54f7ef757e6f725ff82bd0eca50eab,conninfra,MODULE_NAME;PATH,conninfra,kernel_modules,connectivity/conninfra/conn_drv/connv2/platform/mt6897/include/mt6897_atf.h,,<path hit>
f25211901030075c0314bf414fe127f13b54f7ef757e6f725ff82bd0eca50eab,conninfra,MODULE_NAME;PATH,conninfra,kernel_modules,connectivity/conninfra/conn_drv/connv2/platform/mt6897/include/mt6897.h,,<path hit>
f25211901030075c0314bf414fe127f13b54f7ef757e6f725ff82bd0eca50eab,conninfra,MODULE_NAME;PATH,conninfra,kernel_modules,connectivity/conninfra/conn_drv/connv2/platform/mt6878/include/mt6878_soc.h,,<path hit>
f25211901030075c0314bf414fe127f13b54f7ef757e6f725ff82bd0eca50eab,conninfra,MODULE_NAME;PATH,conninfra,kernel_modules,connectivity/conninfra/conn_drv/connv2/platform/mt6878/include/mt6878_pos_gen.h,,<path hit>
f25211901030075c0314bf414fe127f13b54f7ef757e6f725ff82bd0eca50eab,conninfra,MODULE_NAME;PATH,conninfra,kernel_modules,connectivity/conninfra/conn_drv/connv2/platform/mt6878/include/mt6878_pos.h,,<path hit>
f25211901030075c0314bf414fe127f13b54f7ef757e6f725ff82bd0eca50eab,conninfra,MODULE_NAME;PATH,conninfra,kernel_modules,connectivity/conninfra/conn_drv/connv2/platform/mt6878/include/mt6878_pmic.h,,<path hit>
f25211901030075c0314bf414fe127f13b54f7ef757e6f725ff82bd0eca50eab,conninfra,MODULE_NAME;PATH,conninfra,kernel_modules,connectivity/conninfra/conn_drv/connv2/platform/mt6878/include/mt6878_emi.h,,<path hit>
f25211901030075c0314bf414fe127f13b54f7ef757e6f725ff82bd0eca50eab,conninfra,MODULE_NAME;PATH,conninfra,kernel_modules,connectivity/conninfra/conn_drv/connv2/platform/mt6878/include/mt6878_debug_gen.h,,<path hit>
f25211901030075c0314bf414fe127f13b54f7ef757e6f725ff82bd0eca50eab,conninfra,MODULE_NAME;PATH,conninfra,kernel_modules,connectivity/conninfra/conn_drv/connv2/platform/mt6878/include/mt6878_coredump.h,,<path hit>
f25211901030075c0314bf414fe127f13b54f7ef757e6f725ff82bd0eca50eab,conninfra,MODULE_NAME;PATH,conninfra,kernel_modules,connectivity/conninfra/conn_drv/connv2/platform/mt6878/include/mt6878_consys_reg_offset.h,,<path hit>
f25211901030075c0314bf414fe127f13b54f7ef757e6f725ff82bd0eca50eab,conninfra,MODULE_NAME;PATH,conninfra,kernel_modules,connectivity/conninfra/conn_drv/connv2/platform/mt6878/include/mt6878_consys_reg.h,,<path hit>
f25211901030075c0314bf414fe127f13b54f7ef757e6f725ff82bd0eca50eab,conninfra,MODULE_NAME;PATH,conninfra,kernel_modules,connectivity/conninfra/conn_drv/connv2/platform/mt6878/include/mt6878_connsyslog.h,,<path hit>
f25211901030075c0314bf414fe127f13b54f7ef757e6f725ff82bd0eca50eab,conninfra,MODULE_NAME;PATH,conninfra,kernel_modules,connectivity/conninfra/conn_drv/connv2/platform/mt6878/include/mt6878_atf.h,,<path hit>
f25211901030075c0314bf414fe127f13b54f7ef757e6f725ff82bd0eca50eab,conninfra,MODULE_NAME;PATH,conninfra,kernel_modules,connectivity/conninfra/conn_drv/connv2/platform/mt6878/include/mt6878.h,,<path hit>
f25211901030075c0314bf414fe127f13b54f7ef757e6f725ff82bd0eca50eab,conninfra,MODULE_NAME;PATH,conninfra,kernel_modules,connectivity/conninfra/conn_drv/connv2/platform/mt6878/include/CODA/conn_wt_slp_ctl_reg.h,,<path hit>
f25211901030075c0314bf414fe127f13b54f7ef757e6f725ff82bd0eca50eab,conninfra,MODULE_NAME;PATH,conninfra,kernel_modules,connectivity/conninfra/conn_drv/connv2/platform/mt6878/include/CODA/conn_von_bus_bcrm.h,,<path hit>
f25211901030075c0314bf414fe127f13b54f7ef757e6f725ff82bd0eca50eab,conninfra,MODULE_NAME;PATH,conninfra,kernel_modules,connectivity/conninfra/conn_drv/connv2/platform/mt6878/include/CODA/conn_therm_ctl.h,,<path hit>
f25211901030075c0314bf414fe127f13b54f7ef757e6f725ff82bd0eca50eab,conninfra,MODULE_NAME;PATH,conninfra,kernel_modules,connectivity/conninfra/conn_drv/connv2/platform/mt6878/include/CODA/conn_semaphore.h,,<path hit>
f25211901030075c0314bf414fe127f13b54f7ef757e6f725ff82bd0eca50eab,conninfra,MODULE_NAME;PATH,conninfra,kernel_modules,connectivity/conninfra/conn_drv/connv2/platform/mt6878/include/CODA/conn_rgu_on.h,,<path hit>
f25211901030075c0314bf414fe127f13b54f7ef757e6f725ff82bd0eca50eab,conninfra,MODULE_NAME;PATH,conninfra,kernel_modules,connectivity/conninfra/conn_drv/connv2/platform/mt6878/include/CODA/conn_rf_spi_mst_reg.h,,<path hit>
f25211901030075c0314bf414fe127f13b54f7ef757e6f725ff82bd0eca50eab,conninfra,MODULE_NAME;PATH,conninfra,kernel_modules,connectivity/conninfra/conn_drv/connv2/platform/mt6878/include/CODA/conn_on_bus_bcrm.h,,<path hit>
f25211901030075c0314bf414fe127f13b54f7ef757e6f725ff82bd0eca50eab,conninfra,MODULE_NAME;PATH,conninfra,kernel_modules,connectivity/conninfra/conn_drv/connv2/platform/mt6878/include/CODA/conn_off_debug_ctrl_ao.h,,<path hit>
f25211901030075c0314bf414fe127f13b54f7ef757e6f725ff82bd0eca50eab,conninfra,MODULE_NAME;PATH,conninfra,kernel_modules,connectivity/conninfra/conn_drv/connv2/platform/mt6878/include/CODA/conn_off_bus_bcrm.h,,<path hit>
f25211901030075c0314bf414fe127f13b54f7ef757e6f725ff82bd0eca50eab,conninfra,MODULE_NAME;PATH,conninfra,kernel_modules,connectivity/conninfra/conn_drv/connv2/platform/mt6878/include/CODA/conn_host_csr_top.h,,<path hit>
f25211901030075c0314bf414fe127f13b54f7ef757e6f725ff82bd0eca50eab,conninfra,MODULE_NAME;PATH,conninfra,kernel_modules,connectivity/conninfra/conn_drv/connv2/platform/mt6878/include/CODA/conn_dbg_ctl.h,,<path hit>
f25211901030075c0314bf414fe127f13b54f7ef757e6f725ff82bd0eca50eab,conninfra,MODULE_NAME;PATH,conninfra,kernel_modules,connectivity/conninfra/conn_drv/connv2/platform/mt6878/include/CODA/conn_clkgen_top.h,,<path hit>
f25211901030075c0314bf414fe127f13b54f7ef757e6f725ff82bd0eca50eab,conninfra,MODULE_NAME;PATH,conninfra,kernel_modules,connectivity/conninfra/conn_drv/connv2/platform/mt6878/include/CODA/conn_cfg_on.h,,<path hit>
f25211901030075c0314bf414fe127f13b54f7ef757e6f725ff82bd0eca50eab,conninfra,MODULE_NAME;PATH,conninfra,kernel_modules,connectivity/conninfra/conn_drv/connv2/platform/mt6878/include/CODA/conn_cfg.h,,<path hit>
f25211901030075c0314bf414fe127f13b54f7ef757e6f725ff82bd0eca50eab,conninfra,MODULE_NAME;PATH,conninfra,kernel_modules,connectivity/conninfra/conn_drv/connv2/platform/mt6878/include/CODA/conn_bus_cr_on.h,,<path hit>
f25211901030075c0314bf414fe127f13b54f7ef757e6f725ff82bd0eca50eab,conninfra,MODULE_NAME;PATH,conninfra,kernel_modules,connectivity/conninfra/conn_drv/connv2/platform/mt6878/include/CODA/conn_bus_cr.h,,<path hit>
f25211901030075c0314bf414fe127f13b54f7ef757e6f725ff82bd0eca50eab,conninfra,MODULE_NAME;PATH,conninfra,kernel_modules,connectivity/conninfra/conn_drv/connv2/platform/mt6878/include/CODA/conn_afe_ctl.h,,<path hit>
f25211901030075c0314bf414fe127f13b54f7ef757e6f725ff82bd0eca50eab,conninfra,MODULE_NAME;PATH,conninfra,kernel_modules,connectivity/conninfra/conn_drv/connv2/platform/mt6897/include/CODA/conn_host_csr_top.h,,<path hit>
f25211901030075c0314bf414fe127f13b54f7ef757e6f725ff82bd0eca50eab,conninfra,MODULE_NAME;PATH,conninfra,kernel_modules,connectivity/conninfra/conn_drv/connv2/platform/mt6897/include/CODA/conn_dbg_ctl.h,,<path hit>
f25211901030075c0314bf414fe127f13b54f7ef757e6f725ff82bd0eca50eab,conninfra,MODULE_NAME;PATH,conninfra,kernel_modules,connectivity/conninfra/conn_drv/connv2/platform/mt6897/include/CODA/conn_clkgen_top.h,,<path hit>
f25211901030075c0314bf414fe127f13b54f7ef757e6f725ff82bd0eca50eab,conninfra,MODULE_NAME;PATH,conninfra,kernel_modules,connectivity/conninfra/conn_drv/connv2/platform/mt6897/include/CODA/conn_cfg_on.h,,<path hit>
f25211901030075c0314bf414fe127f13b54f7ef757e6f725ff82bd0eca50eab,conninfra,MODULE_NAME;PATH,conninfra,kernel_modules,connectivity/conninfra/conn_drv/connv2/platform/mt6897/include/CODA/conn_cfg.h,,<path hit>
f25211901030075c0314bf414fe127f13b54f7ef757e6f725ff82bd0eca50eab,conninfra,MODULE_NAME;PATH,conninfra,kernel_modules,connectivity/conninfra/conn_drv/connv2/platform/mt6897/include/CODA/conn_bus_cr_on.h,,<path hit>
f25211901030075c0314bf414fe127f13b54f7ef757e6f725ff82bd0eca50eab,conninfra,MODULE_NAME;PATH,conninfra,kernel_modules,connectivity/conninfra/conn_drv/connv2/platform/mt6897/include/CODA/conn_bus_cr.h,,<path hit>
f25211901030075c0314bf414fe127f13b54f7ef757e6f725ff82bd0eca50eab,conninfra,MODULE_NAME;PATH,conninfra,kernel_modules,connectivity/conninfra/conn_drv/connv2/platform/mt6897/include/CODA/conn_afe_ctl.h,,<path hit>
f25211901030075c0314bf414fe127f13b54f7ef757e6f725ff82bd0eca50eab,conninfra,MODULE_NAME;PATH,conninfra,kernel_modules,connectivity/conninfra/conn_drv/connv2/platform/mt6897/include/CODA/conn_rf_spi_mst_reg.h,,<path hit>
f25211901030075c0314bf414fe127f13b54f7ef757e6f725ff82bd0eca50eab,conninfra,MODULE_NAME;PATH,conninfra,kernel_modules,connectivity/conninfra/conn_drv/connv2/platform/mt6897/include/CODA/conn_on_bus_bcrm.h,,<path hit>
f25211901030075c0314bf414fe127f13b54f7ef757e6f725ff82bd0eca50eab,conninfra,MODULE_NAME;PATH,conninfra,kernel_modules,connectivity/conninfra/conn_drv/connv2/platform/mt6897/include/CODA/conn_off_debug_ctrl_ao.h,,<path hit>
f25211901030075c0314bf414fe127f13b54f7ef757e6f725ff82bd0eca50eab,conninfra,MODULE_NAME;PATH,conninfra,kernel_modules,connectivity/conninfra/conn_drv/connv2/platform/mt6897/include/CODA/conn_off_bus_bcrm.h,,<path hit>
f25211901030075c0314bf414fe127f13b54f7ef757e6f725ff82bd0eca50eab,conninfra,MODULE_NAME;PATH,conninfra,kernel_modules,connectivity/conninfra/conn_drv/connv2/platform/mt6897/include/CODA/conn_therm_ctl.h,,<path hit>
f25211901030075c0314bf414fe127f13b54f7ef757e6f725ff82bd0eca50eab,conninfra,MODULE_NAME;PATH,conninfra,kernel_modules,connectivity/conninfra/conn_drv/connv2/platform/mt6897/include/CODA/conn_semaphore.h,,<path hit>
f25211901030075c0314bf414fe127f13b54f7ef757e6f725ff82bd0eca50eab,conninfra,MODULE_NAME;PATH,conninfra,kernel_modules,connectivity/conninfra/conn_drv/connv2/platform/mt6897/include/CODA/conn_rgu_on.h,,<path hit>
f25211901030075c0314bf414fe127f13b54f7ef757e6f725ff82bd0eca50eab,conninfra,MODULE_NAME;PATH,conninfra,kernel_modules,connectivity/conninfra/conn_drv/connv2/platform/mt6897/include/CODA/conn_von_bus_bcrm.h,,<path hit>
f25211901030075c0314bf414fe127f13b54f7ef757e6f725ff82bd0eca50eab,conninfra,MODULE_NAME;PATH,conninfra,kernel_modules,connectivity/conninfra/conn_drv/connv2/platform/mt6897/include/CODA/conn_wt_slp_ctl_reg.h,,<path hit>
f5d4dde1f09ac1d67877c66dddf2839de1f496bb2b6b74f50fbe3cd1693b60dc,fingerprint,MODULE_NAME,fingerprint,kernel,include/uapi/linux/netfilter/nfnetlink_osf.h,15,#define NF_OSF_LOGLEVEL_ALL		0	/* log all matched fingerprints */
f5d4dde1f09ac1d67877c66dddf2839de1f496bb2b6b74f50fbe3cd1693b60dc,fingerprint,MODULE_NAME,fingerprint,kernel,include/uapi/linux/netfilter/nfnetlink_osf.h,16,#define NF_OSF_LOGLEVEL_FIRST		1	/* log only the first matced fingerprint */
f5d4dde1f09ac1d67877c66dddf2839de1f496bb2b6b74f50fbe3cd1693b60dc,fingerprint,MODULE_NAME,fingerprint,kernel,include/uapi/linux/netfilter/nfnetlink_osf.h,19,#define NF_OSF_TTL_TRUE			0	/* True ip and fingerprint TTL comparison */
f5d4dde1f09ac1d67877c66dddf2839de1f496bb2b6b74f50fbe3cd1693b60dc,fingerprint,MODULE_NAME,fingerprint,kernel,include/uapi/linux/netfilter/nfnetlink_osf.h,21,/* Check if ip TTL is less than fingerprint one */
f5d4dde1f09ac1d67877c66dddf2839de1f496bb2b6b74f50fbe3cd1693b60dc,fingerprint,MODULE_NAME,fingerprint,kernel,include/uapi/linux/netfilter/nfnetlink_osf.h,24,/* Do not compare ip and fingerprint TTL at all */
f5d4dde1f09ac1d67877c66dddf2839de1f496bb2b6b74f50fbe3cd1693b60dc,fingerprint,MODULE_NAME,fingerprint,kernel,include/uapi/linux/netfilter/nfnetlink_osf.h,112,* Add/remove fingerprint from the kernel.
f5d4dde1f09ac1d67877c66dddf2839de1f496bb2b6b74f50fbe3cd1693b60dc,fingerprint,MODULE_NAME,fingerprint,kernel,net/netfilter/xt_osf.c,53,"pr_err(""Failed to register OS fingerprint """
f5d4dde1f09ac1d67877c66dddf2839de1f496bb2b6b74f50fbe3cd1693b60dc,fingerprint,MODULE_NAME,fingerprint,kernel,net/netfilter/xt_osf.c,71,"MODULE_DESCRIPTION(""Passive OS fingerprint matching."");"
f5d4dde1f09ac1d67877c66dddf2839de1f496bb2b6b74f50fbe3cd1693b60dc,fingerprint,MODULE_NAME,fingerprint,kernel,net/netfilter/nft_osf.c,194,"MODULE_DESCRIPTION(""nftables passive OS fingerprint support"");"
f5d4dde1f09ac1d67877c66dddf2839de1f496bb2b6b74f50fbe3cd1693b60dc,fingerprint,MODULE_NAME,fingerprint,kernel,net/netfilter/nfnetlink_osf.c,26,* It is the only constant value in the fingerprint.
f5d4dde1f09ac1d67877c66dddf2839de1f496bb2b6b74f50fbe3cd1693b60dc,fingerprint,MODULE_NAME,fingerprint,kernel,net/netfilter/nfnetlink_osf.c,136,* and the one provided in the fingerprint MSS
f5d4dde1f09ac1d67877c66dddf2839de1f496bb2b6b74f50fbe3cd1693b60dc,fingerprint,MODULE_NAME,fingerprint,kernel,include/linux/platform_data/cros_ec_commands.h,6083,/* Clear the current fingerprint user context and set a new one */
f5d4dde1f09ac1d67877c66dddf2839de1f496bb2b6b74f50fbe3cd1693b60dc,fingerprint,MODULE_NAME,fingerprint,kernel,include/linux/netfilter/nfnetlink_osf.h,8,/* Packet does not match the fingerprint */
f5d4dde1f09ac1d67877c66dddf2839de1f496bb2b6b74f50fbe3cd1693b60dc,fingerprint,MODULE_NAME,fingerprint,kernel,include/linux/netfilter/nfnetlink_osf.h,10,/* Packet matches the fingerprint */
f5d4dde1f09ac1d67877c66dddf2839de1f496bb2b6b74f50fbe3cd1693b60dc,fingerprint,MODULE_NAME,fingerprint,kernel,include/linux/netfilter/nfnetlink_osf.h,12,"/* Options do not match the fingerprint, but header does */"
f5d4dde1f09ac1d67877c66dddf2839de1f496bb2b6b74f50fbe3cd1693b60dc,fingerprint,MODULE_NAME,fingerprint,kernel,arch/arm64/boot/dts/qcom/sdm632-fairphone-fp3.dts,168,* 135-138: fingerprint reader (SPI)
f5d4dde1f09ac1d67877c66dddf2839de1f496bb2b6b74f50fbe3cd1693b60dc,fingerprint,MODULE_NAME,fingerprint,kernel,arch/arm64/boot/dts/qcom/sc7280-herobrine.dtsi,128,* The userspace script for updating the fingerprint firmware
f5d4dde1f09ac1d67877c66dddf2839de1f496bb2b6b74f50fbe3cd1693b60dc,fingerprint,MODULE_NAME,fingerprint,kernel,arch/arm64/boot/dts/qcom/sc7280-herobrine.dtsi,243,* The userspace script for updating the fingerprint firmware
f5d4dde1f09ac1d67877c66dddf2839de1f496bb2b6b74f50fbe3cd1693b60dc,fingerprint,MODULE_NAME,fingerprint,kernel,arch/arm64/boot/dts/qcom/msm8994-sony-xperia-kitakami.dtsi,97,/* FPC fingerprint reader */
f5d4dde1f09ac1d67877c66dddf2839de1f496bb2b6b74f50fbe3cd1693b60dc,fingerprint,MODULE_NAME,fingerprint,kernel,crypto/asymmetric_keys/x509_cert_parser.c,564,/* Get hold of the key fingerprint */
f5d4dde1f09ac1d67877c66dddf2839de1f496bb2b6b74f50fbe3cd1693b60dc,fingerprint,MODULE_NAME,fingerprint,kernel,crypto/asymmetric_keys/x509_cert_parser.c,583,/* Get hold of the CA key fingerprint */
f5d4dde1f09ac1d67877c66dddf2839de1f496bb2b6b74f50fbe3cd1693b60dc,fingerprint,MODULE_NAME,fingerprint,kernel,crypto/asymmetric_keys/pkcs7_parser.c,432,"pr_debug(""- fingerprint %*phN\n"", x509->id->len, x509->id->data);"
f5d4dde1f09ac1d67877c66dddf2839de1f496bb2b6b74f50fbe3cd1693b60dc,fingerprint,MODULE_NAME,fingerprint,kernel,drivers/input/mouse/synaptics.h,102,*					contains a built-in fingerprint reader.
f5d4dde1f09ac1d67877c66dddf2839de1f496bb2b6b74f50fbe3cd1693b60dc,fingerprint,MODULE_NAME,fingerprint,kernel,drivers/input/mouse/synaptics.h,105,* 2	0xff	SecurePad width		the width of the SecurePad fingerprint
f5d4dde1f09ac1d67877c66dddf2839de1f496bb2b6b74f50fbe3cd1693b60dc,fingerprint,MODULE_NAME,fingerprint,kernel,drivers/input/mouse/synaptics.h,107,* 3	0xff	SecurePad height	the height of the SecurePad fingerprint
f5d4dde1f09ac1d67877c66dddf2839de1f496bb2b6b74f50fbe3cd1693b60dc,fingerprint,MODULE_NAME,fingerprint,kernel,drivers/usb/misc/idmouse.c,196,"dev_dbg(&dev->interface->dev, ""read %d bytes fingerprint data\n"","
f5d4dde1f09ac1d67877c66dddf2839de1f496bb2b6b74f50fbe3cd1693b60dc,fingerprint,MODULE_NAME,fingerprint,kernel,drivers/mtd/nand/raw/gpmi-nand/gpmi-nand.c,2031,"static const char  *fingerprint = ""STMP"";"
f5d4dde1f09ac1d67877c66dddf2839de1f496bb2b6b74f50fbe3cd1693b60dc,fingerprint,MODULE_NAME,fingerprint,kernel,drivers/mtd/nand/raw/gpmi-nand/gpmi-nand.c,2041,int found_an_ncb_fingerprint = false;
f5d4dde1f09ac1d67877c66dddf2839de1f496bb2b6b74f50fbe3cd1693b60dc,fingerprint,MODULE_NAME,fingerprint,kernel,drivers/mtd/nand/raw/gpmi-nand/gpmi-nand.c,2050,"* Loop through the first search area, looking for the NCB fingerprint."
f5d4dde1f09ac1d67877c66dddf2839de1f496bb2b6b74f50fbe3cd1693b60dc,fingerprint,MODULE_NAME,fingerprint,kernel,drivers/mtd/nand/raw/gpmi-nand/gpmi-nand.c,2052,"dev_dbg(dev, ""Scanning for an NCB fingerprint...\n"");"
f5d4dde1f09ac1d67877c66dddf2839de1f496bb2b6b74f50fbe3cd1693b60dc,fingerprint,MODULE_NAME,fingerprint,kernel,drivers/mtd/nand/raw/gpmi-nand/gpmi-nand.c,2058,"dev_dbg(dev, ""Looking for a fingerprint in page 0x%x\n"", page);"
f5d4dde1f09ac1d67877c66dddf2839de1f496bb2b6b74f50fbe3cd1693b60dc,fingerprint,MODULE_NAME,fingerprint,kernel,drivers/mtd/nand/raw/gpmi-nand/gpmi-nand.c,2061,* Read the NCB fingerprint. The fingerprint is four bytes long
f5d4dde1f09ac1d67877c66dddf2839de1f496bb2b6b74f50fbe3cd1693b60dc,fingerprint,MODULE_NAME,fingerprint,kernel,drivers/mtd/nand/raw/gpmi-nand/gpmi-nand.c,2065,strlen(fingerprint));
f5d4dde1f09ac1d67877c66dddf2839de1f496bb2b6b74f50fbe3cd1693b60dc,fingerprint,MODULE_NAME,fingerprint,kernel,drivers/mtd/nand/raw/gpmi-nand/gpmi-nand.c,2069,/* Look for the fingerprint. */
f5d4dde1f09ac1d67877c66dddf2839de1f496bb2b6b74f50fbe3cd1693b60dc,fingerprint,MODULE_NAME,fingerprint,kernel,drivers/mtd/nand/raw/gpmi-nand/gpmi-nand.c,2070,"if (!memcmp(buffer, fingerprint, strlen(fingerprint))) {"
f5d4dde1f09ac1d67877c66dddf2839de1f496bb2b6b74f50fbe3cd1693b60dc,fingerprint,MODULE_NAME,fingerprint,kernel,drivers/mtd/nand/raw/gpmi-nand/gpmi-nand.c,2071,found_an_ncb_fingerprint = true;
f5d4dde1f09ac1d67877c66dddf2839de1f496bb2b6b74f50fbe3cd1693b60dc,fingerprint,MODULE_NAME,fingerprint,kernel,drivers/mtd/nand/raw/gpmi-nand/gpmi-nand.c,2079,if (found_an_ncb_fingerprint)
f5d4dde1f09ac1d67877c66dddf2839de1f496bb2b6b74f50fbe3cd1693b60dc,fingerprint,MODULE_NAME,fingerprint,kernel,drivers/mtd/nand/raw/gpmi-nand/gpmi-nand.c,2080,"dev_dbg(dev, ""\tFound a fingerprint\n"");"
f5d4dde1f09ac1d67877c66dddf2839de1f496bb2b6b74f50fbe3cd1693b60dc,fingerprint,MODULE_NAME,fingerprint,kernel,drivers/mtd/nand/raw/gpmi-nand/gpmi-nand.c,2082,"dev_dbg(dev, ""\tNo fingerprint found\n"");"
f5d4dde1f09ac1d67877c66dddf2839de1f496bb2b6b74f50fbe3cd1693b60dc,fingerprint,MODULE_NAME,fingerprint,kernel,drivers/mtd/nand/raw/gpmi-nand/gpmi-nand.c,2083,return found_an_ncb_fingerprint;
f5d4dde1f09ac1d67877c66dddf2839de1f496bb2b6b74f50fbe3cd1693b60dc,fingerprint,MODULE_NAME,fingerprint,kernel,drivers/mtd/nand/raw/gpmi-nand/gpmi-nand.c,2130,/* Write the NCB fingerprint into the page buffer. */
f5d4dde1f09ac1d67877c66dddf2839de1f496bb2b6b74f50fbe3cd1693b60dc,fingerprint,MODULE_NAME,fingerprint,kernel,drivers/mtd/nand/raw/gpmi-nand/gpmi-nand.c,2132,"memcpy(buffer + 12, fingerprint, strlen(fingerprint));"
f5d4dde1f09ac1d67877c66dddf2839de1f496bb2b6b74f50fbe3cd1693b60dc,fingerprint,MODULE_NAME,fingerprint,kernel,drivers/mtd/nand/raw/gpmi-nand/gpmi-nand.c,2134,"/* Loop through the first search area, writing NCB fingerprints. */"
f5d4dde1f09ac1d67877c66dddf2839de1f496bb2b6b74f50fbe3cd1693b60dc,fingerprint,MODULE_NAME,fingerprint,kernel,drivers/mtd/nand/raw/gpmi-nand/gpmi-nand.c,2135,"dev_dbg(dev, ""Writing NCB fingerprints...\n"");"
f5d4dde1f09ac1d67877c66dddf2839de1f496bb2b6b74f50fbe3cd1693b60dc,fingerprint,MODULE_NAME,fingerprint,kernel,drivers/mtd/nand/raw/gpmi-nand/gpmi-nand.c,2141,"dev_dbg(dev, ""Writing an NCB fingerprint in page 0x%x\n"", page);"
f5d4dde1f09ac1d67877c66dddf2839de1f496bb2b6b74f50fbe3cd1693b60dc,fingerprint,MODULE_NAME,fingerprint,kernel,drivers/net/ethernet/mellanox/mlxfw/mlxfw_mfa2.c,78,"static const u8 mlxfw_mfa2_fingerprint[] = ""MLNX.MFA2.XZ.00!"";"
f5d4dde1f09ac1d67877c66dddf2839de1f496bb2b6b74f50fbe3cd1693b60dc,fingerprint,MODULE_NAME,fingerprint,kernel,drivers/net/ethernet/mellanox/mlxfw/mlxfw_mfa2.c,79,static const int mlxfw_mfa2_fingerprint_len =
f5d4dde1f09ac1d67877c66dddf2839de1f496bb2b6b74f50fbe3cd1693b60dc,fingerprint,MODULE_NAME,fingerprint,kernel,drivers/net/ethernet/mellanox/mlxfw/mlxfw_mfa2.c,80,sizeof(mlxfw_mfa2_fingerprint) - 1;
f5d4dde1f09ac1d67877c66dddf2839de1f496bb2b6b74f50fbe3cd1693b60dc,fingerprint,MODULE_NAME,fingerprint,kernel,drivers/net/ethernet/mellanox/mlxfw/mlxfw_mfa2.c,87,if (fw->size < sizeof(mlxfw_mfa2_fingerprint))
f5d4dde1f09ac1d67877c66dddf2839de1f496bb2b6b74f50fbe3cd1693b60dc,fingerprint,MODULE_NAME,fingerprint,kernel,drivers/net/ethernet/mellanox/mlxfw/mlxfw_mfa2.c,90,"return memcmp(fw->data, mlxfw_mfa2_fingerprint,"
f5d4dde1f09ac1d67877c66dddf2839de1f496bb2b6b74f50fbe3cd1693b60dc,fingerprint,MODULE_NAME,fingerprint,kernel,drivers/net/ethernet/mellanox/mlxfw/mlxfw_mfa2.c,91,mlxfw_mfa2_fingerprint_len) == 0;
f5d4dde1f09ac1d67877c66dddf2839de1f496bb2b6b74f50fbe3cd1693b60dc,fingerprint,MODULE_NAME,fingerprint,kernel,drivers/net/ethernet/mellanox/mlxfw/mlxfw_mfa2.c,275,first_tlv_ptr = fw->data + NLA_ALIGN(mlxfw_mfa2_fingerprint_len);
f5d4dde1f09ac1d67877c66dddf2839de1f496bb2b6b74f50fbe3cd1693b60dc,fingerprint,MODULE_NAME,fingerprint,device_modules,Kbuild,53,obj-y += drivers/input/fingerprint/goodix/
f5d4dde1f09ac1d67877c66dddf2839de1f496bb2b6b74f50fbe3cd1693b60dc,fingerprint,MODULE_NAME,fingerprint,device_modules,kernel/kleaf/mgk_64_k61.bzl,63,"""//vendor/mediatek/kernel_modules/mtk_input/fingerprint/goodix/5.10:gf_spi"","
f5d4dde1f09ac1d67877c66dddf2839de1f496bb2b6b74f50fbe3cd1693b60dc,fingerprint,MODULE_NAME,fingerprint,device_modules,kernel/kleaf/mgk_64_k61.bzl,207,"""drivers/input/fingerprint/goodix/goodix_fp.ko"","
f5d4dde1f09ac1d67877c66dddf2839de1f496bb2b6b74f50fbe3cd1693b60dc,fingerprint,MODULE_NAME,fingerprint,device_modules,arch/arm64/boot/dts/mediatek/goodix_fingerprint.dtsi,6,goodix: gffingerprint@spi1 {
f5d4dde1f09ac1d67877c66dddf2839de1f496bb2b6b74f50fbe3cd1693b60dc,fingerprint,MODULE_NAME,fingerprint,device_modules,arch/arm64/boot/dts/mediatek/goodix_fingerprint.dtsi,20,"""fingerprint_irq"","
f5d4dde1f09ac1d67877c66dddf2839de1f496bb2b6b74f50fbe3cd1693b60dc,fingerprint,MODULE_NAME,fingerprint,device_modules,arch/arm64/boot/dts/mediatek/mt6989.dts,4550,goodix_fp: fingerprint {
f5d4dde1f09ac1d67877c66dddf2839de1f496bb2b6b74f50fbe3cd1693b60dc,fingerprint,MODULE_NAME,fingerprint,device_modules,arch/arm64/boot/dts/mediatek/k6878v1_64.dts,362,"#include ""goodix_fingerprint.dtsi"""
f5d4dde1f09ac1d67877c66dddf2839de1f496bb2b6b74f50fbe3cd1693b60dc,fingerprint,MODULE_NAME,fingerprint,device_modules,arch/arm64/boot/dts/mediatek/mt6878.dts,12632,goodix_fp: fingerprint {
f5d4dde1f09ac1d67877c66dddf2839de1f496bb2b6b74f50fbe3cd1693b60dc,fingerprint,MODULE_NAME,fingerprint,device_modules,arch/arm64/boot/dts/mediatek/mt6897.dts,11115,goodix_fp: fingerprint {
f5d4dde1f09ac1d67877c66dddf2839de1f496bb2b6b74f50fbe3cd1693b60dc,fingerprint,MODULE_NAME,fingerprint,device_modules,arch/arm64/boot/dts/mediatek/mt6985.dts,5834,goodix_fp: fingerprint {
f5d4dde1f09ac1d67877c66dddf2839de1f496bb2b6b74f50fbe3cd1693b60dc,fingerprint,MODULE_NAME,fingerprint,device_modules,drivers/input/fingerprint/goodix/gf_spi_tee.c,2,*  fingerprint sensor linux driver for TEE
f5d4dde1f09ac1d67877c66dddf2839de1f496bb2b6b74f50fbe3cd1693b60dc,fingerprint,MODULE_NAME,fingerprint,device_modules,drivers/input/fingerprint/goodix/gf_spi_tee.c,111,"{ .compatible = ""mediatek,fingerprint"", },"
f5d4dde1f09ac1d67877c66dddf2839de1f496bb2b6b74f50fbe3cd1693b60dc,fingerprint,MODULE_NAME,fingerprint,device_modules,drivers/input/fingerprint/goodix/gf_spi_tee.c,114,"{ .compatible = ""mediatek,fingerprint-spi-dev"", },"
f5d4dde1f09ac1d67877c66dddf2839de1f496bb2b6b74f50fbe3cd1693b60dc,fingerprint,MODULE_NAME,fingerprint,device_modules,drivers/input/fingerprint/goodix/gf_spi_tee.c,204,/* fingerprint chip hardware configuration								  */
f5d4dde1f09ac1d67877c66dddf2839de1f496bb2b6b74f50fbe3cd1693b60dc,fingerprint,MODULE_NAME,fingerprint,device_modules,drivers/input/fingerprint/goodix/gf_spi_tee.c,217,"//node = of_find_compatible_node(NULL, NULL, ""mediatek,fingerprint"");"
f5d4dde1f09ac1d67877c66dddf2839de1f496bb2b6b74f50fbe3cd1693b60dc,fingerprint,MODULE_NAME,fingerprint,device_modules,drivers/input/fingerprint/goodix/gf_spi_tee.c,224,"gf_debug(ERR_LOG, ""%s can't find fingerprint pinctrl\n"", __func__);"
f5d4dde1f09ac1d67877c66dddf2839de1f496bb2b6b74f50fbe3cd1693b60dc,fingerprint,MODULE_NAME,fingerprint,device_modules,drivers/input/fingerprint/goodix/gf_spi_tee.c,234,"gf_dev->pins_irq = pinctrl_lookup_state(gf_dev->pinctrl_gpios, ""fingerprint_irq"");"
f5d4dde1f09ac1d67877c66dddf2839de1f496bb2b6b74f50fbe3cd1693b60dc,fingerprint,MODULE_NAME,fingerprint,device_modules,drivers/input/fingerprint/goodix/gf_spi_tee.c,238,"gf_debug(ERR_LOG, ""%s can't find fingerprint pinctrl irq\n"", __func__);"
f5d4dde1f09ac1d67877c66dddf2839de1f496bb2b6b74f50fbe3cd1693b60dc,fingerprint,MODULE_NAME,fingerprint,device_modules,drivers/input/fingerprint/goodix/gf_spi_tee.c,245,"gf_debug(ERR_LOG, ""%s can't find fingerprint pinctrl miso_spi\n"", __func__);"
f5d4dde1f09ac1d67877c66dddf2839de1f496bb2b6b74f50fbe3cd1693b60dc,fingerprint,MODULE_NAME,fingerprint,device_modules,drivers/input/fingerprint/goodix/gf_spi_tee.c,251,"gf_debug(ERR_LOG, ""%s can't find fingerprint pinctrl miso_pullhigh\n"", __func__);"
f5d4dde1f09ac1d67877c66dddf2839de1f496bb2b6b74f50fbe3cd1693b60dc,fingerprint,MODULE_NAME,fingerprint,device_modules,drivers/input/fingerprint/goodix/gf_spi_tee.c,257,"gf_debug(ERR_LOG, ""%s can't find fingerprint pinctrl miso_pulllow\n"", __func__);"
f5d4dde1f09ac1d67877c66dddf2839de1f496bb2b6b74f50fbe3cd1693b60dc,fingerprint,MODULE_NAME,fingerprint,device_modules,drivers/input/fingerprint/goodix/gf_spi_tee.c,264,"gf_debug(ERR_LOG, ""%s can't find fingerprint pinctrl reset_high\n"", __func__);"
f5d4dde1f09ac1d67877c66dddf2839de1f496bb2b6b74f50fbe3cd1693b60dc,fingerprint,MODULE_NAME,fingerprint,device_modules,drivers/input/fingerprint/goodix/gf_spi_tee.c,271,"gf_debug(ERR_LOG, ""%s can't find fingerprint pinctrl reset_low\n"", __func__);"
f5d4dde1f09ac1d67877c66dddf2839de1f496bb2b6b74f50fbe3cd1693b60dc,fingerprint,MODULE_NAME,fingerprint,device_modules,drivers/input/fingerprint/goodix/gf_spi_tee.c,303,"node = of_find_compatible_node(NULL, NULL, ""mediatek,fingerprint-spi-dev"");"
f5d4dde1f09ac1d67877c66dddf2839de1f496bb2b6b74f50fbe3cd1693b60dc,fingerprint,MODULE_NAME,fingerprint,device_modules,drivers/input/fingerprint/goodix/gf_spi_tee.c,1954,"status = mtk_disp_notifier_register(""fingerprint"", &gf_dev->notifier);"
f5d4dde1f09ac1d67877c66dddf2839de1f496bb2b6b74f50fbe3cd1693b60dc,fingerprint,MODULE_NAME,fingerprint,device_modules,drivers/input/fingerprint/goodix/gf_spi_ree.c,2,*  fingerprint sensor linux driver for REE and factory mode
f5d4dde1f09ac1d67877c66dddf2839de1f496bb2b6b74f50fbe3cd1693b60dc,fingerprint,MODULE_NAME,fingerprint,device_modules,drivers/input/fingerprint/goodix/gf_spi_factory.c,2,*  fingerprint sensor linux driver for factory test
f5d4dde1f09ac1d67877c66dddf2839de1f496bb2b6b74f50fbe3cd1693b60dc,fingerprint,MODULE_NAME,fingerprint,device_modules,drivers/input/fingerprint/goodix/Makefile,2,# Makefile for the fingerprint device.
f5d4dde1f09ac1d67877c66dddf2839de1f496bb2b6b74f50fbe3cd1693b60dc,fingerprint,MODULE_NAME,fingerprint,device_modules,drivers/gpu/drm/mediatek/mediatek_v2/mtk_panel_ext.h,750,void mtk_panel_update_lcm_state_to_fingerprint(void);
f5d4dde1f09ac1d67877c66dddf2839de1f496bb2b6b74f50fbe3cd1693b60dc,fingerprint,MODULE_NAME,fingerprint,device_modules,drivers/gpu/drm/mediatek/mediatek_v2/mtk_panel_ext.c,30,void mtk_panel_update_lcm_state_to_fingerprint(void)
f5d4dde1f09ac1d67877c66dddf2839de1f496bb2b6b74f50fbe3cd1693b60dc,fingerprint,MODULE_NAME,fingerprint,device_modules,drivers/gpu/drm/mediatek/mediatek_v2/mtk_panel_ext.c,56,EXPORT_SYMBOL(mtk_panel_update_lcm_state_to_fingerprint);
f5d4dde1f09ac1d67877c66dddf2839de1f496bb2b6b74f50fbe3cd1693b60dc,fingerprint,MODULE_NAME,fingerprint,device_modules,drivers/gpu/drm/mediatek/mediatek_v2/mtk_panel_ext.c,61,mtk_panel_update_lcm_state_to_fingerprint();
f5d4dde1f09ac1d67877c66dddf2839de1f496bb2b6b74f50fbe3cd1693b60dc,fingerprint,MODULE_NAME,fingerprint,device_modules,drivers/gpu/drm/mediatek/mediatek_v2/mtk_panel_ext.c,74,mtk_panel_update_lcm_state_to_fingerprint();
f5d4dde1f09ac1d67877c66dddf2839de1f496bb2b6b74f50fbe3cd1693b60dc,fingerprint,MODULE_NAME,fingerprint,device_modules,drivers/misc/mediatek/sensor/2.0/sensorhub/transceiver.c,282,"pr_info(""[SCP/AP] fingerprint_display_detect_event scp_ts 0x%llX hal_ts 0x%llX data %d\n"","
f5d4dde1f09ac1d67877c66dddf2839de1f496bb2b6b74f50fbe3cd1693b60dc,fingerprint,MODULE_NAME,fingerprint,kernel_modules,gpu/gpu_rgx/m1.15ED6070602/include/pvrsrv_tlcommon.h,96,"/*! Packet header reserved word fingerprint ""TLP1"" */"
f5d4dde1f09ac1d67877c66dddf2839de1f496bb2b6b74f50fbe3cd1693b60dc,fingerprint,MODULE_NAME;PATH,fingerprint,device_modules,arch/arm64/boot/dts/mediatek/goodix_fingerprint.dtsi,,<path hit>
f5d4dde1f09ac1d67877c66dddf2839de1f496bb2b6b74f50fbe3cd1693b60dc,fingerprint,MODULE_NAME;PATH,fingerprint,device_modules,drivers/input/fingerprint/goodix/gf_spi_tee.h,,<path hit>
f5d4dde1f09ac1d67877c66dddf2839de1f496bb2b6b74f50fbe3cd1693b60dc,fingerprint,MODULE_NAME;PATH,fingerprint,device_modules,drivers/input/fingerprint/goodix/gf_spi_tee.c,,<path hit>
f5d4dde1f09ac1d67877c66dddf2839de1f496bb2b6b74f50fbe3cd1693b60dc,fingerprint,MODULE_NAME;PATH,fingerprint,device_modules,drivers/input/fingerprint/goodix/gf_spi_ree.h,,<path hit>
f5d4dde1f09ac1d67877c66dddf2839de1f496bb2b6b74f50fbe3cd1693b60dc,fingerprint,MODULE_NAME;PATH,fingerprint,device_modules,drivers/input/fingerprint/goodix/gf_spi_ree.c,,<path hit>
f5d4dde1f09ac1d67877c66dddf2839de1f496bb2b6b74f50fbe3cd1693b60dc,fingerprint,MODULE_NAME;PATH,fingerprint,device_modules,drivers/input/fingerprint/goodix/gf_spi_factory.c,,<path hit>
f5d4dde1f09ac1d67877c66dddf2839de1f496bb2b6b74f50fbe3cd1693b60dc,fingerprint,MODULE_NAME;PATH,fingerprint,device_modules,drivers/input/fingerprint/goodix/Makefile,,<path hit>
f5d4dde1f09ac1d67877c66dddf2839de1f496bb2b6b74f50fbe3cd1693b60dc,fingerprint,MODULE_NAME;PATH,fingerprint,device_modules,drivers/input/fingerprint/goodix/Kconfig,,<path hit>
f5d4dde1f09ac1d67877c66dddf2839de1f496bb2b6b74f50fbe3cd1693b60dc,fingerprint,MODULE_NAME;PATH,fingerprint,device_modules,drivers/input/fingerprint/Makefile,,<path hit>
f5d4dde1f09ac1d67877c66dddf2839de1f496bb2b6b74f50fbe3cd1693b60dc,fingerprint,MODULE_NAME;PATH,fingerprint,device_modules,drivers/input/fingerprint/Kconfig,,<path hit>
fc3e8a5d97296d8058965c444759e74415e871f0bbdabe2427f66aef3dd4179e,wlan_drv_gen4m_6878,CHIP_TOKEN,gen4m,device_modules,kernel/kleaf/mgk_64_k61.bzl,37,"""//vendor/mediatek/kernel_modules/connectivity/wlan/core/gen4m/build/connac2x/6878:wlan_drv_gen4m_6878"","
fc3e8a5d97296d8058965c444759e74415e871f0bbdabe2427f66aef3dd4179e,wlan_drv_gen4m_6878,MODULE_NAME,wlan_drv_gen4m_6878,device_modules,kernel/kleaf/mgk_64_k61.bzl,37,"""//vendor/mediatek/kernel_modules/connectivity/wlan/core/gen4m/build/connac2x/6878:wlan_drv_gen4m_6878"","
fc3e8a5d97296d8058965c444759e74415e871f0bbdabe2427f66aef3dd4179e,wlan_drv_gen4m_6878,CHIP_TOKEN,gen4m,device_modules,kernel/kleaf/mgk_64_k61.bzl,38,"""//vendor/mediatek/kernel_modules/connectivity/wlan/core/gen4m/build/connac2x/6897:wlan_drv_gen4m_6897"","
fc3e8a5d97296d8058965c444759e74415e871f0bbdabe2427f66aef3dd4179e,wlan_drv_gen4m_6878,CHIP_TOKEN,gen4m,device_modules,kernel/kleaf/mgk_64_k61.bzl,39,"""//vendor/mediatek/kernel_modules/connectivity/wlan/core/gen4m/build/connac3x/6985_6639:wlan_drv_gen4m_6985_6639"","
fc3e8a5d97296d8058965c444759e74415e871f0bbdabe2427f66aef3dd4179e,wlan_drv_gen4m_6878,CHIP_TOKEN,gen4m,device_modules,kernel/kleaf/mgk_64_k61.bzl,40,"""//vendor/mediatek/kernel_modules/connectivity/wlan/core/gen4m/build/connac3x/6989_6639:wlan_drv_gen4m_6989_6639"","
fc3e8a5d97296d8058965c444759e74415e871f0bbdabe2427f66aef3dd4179e,wlan_drv_gen4m_6878,CHIP_TOKEN,gen4m,device_modules,kernel/kleaf/mgk_64_k61.bzl,41,"""//vendor/mediatek/kernel_modules/connectivity/wlan/core/gen4m/build/connac3x/6989_6639_dppm:wlan_drv_gen4m_6989_6639_dppm"","
fc3e8a5d97296d8058965c444759e74415e871f0bbdabe2427f66aef3dd4179e,wlan_drv_gen4m_6878,CHIP_TOKEN,gen4m,device_modules,kernel/kleaf/mgk_64_k61.bzl,42,"""//vendor/mediatek/kernel_modules/connectivity/wlan/core/gen4m/build/connac3x/6989_6639_offload:wlan_drv_gen4m_6989_6639_offload"","
fc3e8a5d97296d8058965c444759e74415e871f0bbdabe2427f66aef3dd4179e,wlan_drv_gen4m_6878,CHIP_TOKEN,gen4m,device_modules,kernel/kleaf/mgk_64_k61.bzl,43,"""//vendor/mediatek/kernel_modules/connectivity/wlan/core/gen4m/build/connac3x/6989_6639_mp2:wlan_drv_gen4m_6989_6639_mp2"","
fc3e8a5d97296d8058965c444759e74415e871f0bbdabe2427f66aef3dd4179e,wlan_drv_gen4m_6878,CHIP_TOKEN,gen4m,device_modules,drivers/misc/mediatek/connectivity/Makefile,50,PATH_TO_WLAN_DRV     = vendor/mediatek/kernel_modules/connectivity/wlan/core/gen4m
fc3e8a5d97296d8058965c444759e74415e871f0bbdabe2427f66aef3dd4179e,wlan_drv_gen4m_6878,CHIP_TOKEN,gen4m,device_modules,drivers/misc/mediatek/connectivity/Makefile,73,$(shell unlink $(srctree)/$(src)/wlan_drv_gen4m)
fc3e8a5d97296d8058965c444759e74415e871f0bbdabe2427f66aef3dd4179e,wlan_drv_gen4m_6878,CHIP_TOKEN,gen4m,device_modules,drivers/misc/mediatek/connectivity/Makefile,77,$(shell ln -s $(ABS_PATH_TO_WLAN_DRV)     $(srctree)/$(src)/wlan_drv_gen4m)
fc3e8a5d97296d8058965c444759e74415e871f0bbdabe2427f66aef3dd4179e,wlan_drv_gen4m_6878,CHIP_TOKEN,gen4m,device_modules,drivers/misc/mediatek/connectivity/Makefile,79,# for gen4m options
fc3e8a5d97296d8058965c444759e74415e871f0bbdabe2427f66aef3dd4179e,wlan_drv_gen4m_6878,CHIP_TOKEN,gen4m,device_modules,drivers/misc/mediatek/connectivity/Makefile,90,obj-y += wlan_drv_gen4m/
fc3e8a5d97296d8058965c444759e74415e871f0bbdabe2427f66aef3dd4179e,wlan_drv_gen4m_6878,CHIP_TOKEN,gen4m,device_modules,drivers/misc/mediatek/include/mt-plat/mtk_ccci_common.h,588,/*/vendor/mediatek/kernel_modules/connectivity/wlan/core/gen4m/mgmt/*/
fc3e8a5d97296d8058965c444759e74415e871f0bbdabe2427f66aef3dd4179e,wlan_drv_gen4m_6878,CHIP_TOKEN,gen4m,kernel_modules,connectivity/wlan/core/gen4m/wlan_service/glue/osal/include/sys_adaption.h,56,/*gen4m wlan oid call back function*/
fc3e8a5d97296d8058965c444759e74415e871f0bbdabe2427f66aef3dd4179e,wlan_drv_gen4m_6878,CHIP_TOKEN,gen4m,kernel_modules,connectivity/wlan/core/gen4m/wlan_service/glue/osal/include/net_adaption.h,1298,/*========== gen4m only ==========*/
fc3e8a5d97296d8058965c444759e74415e871f0bbdabe2427f66aef3dd4179e,wlan_drv_gen4m_6878,CHIP_TOKEN,gen4m,kernel_modules,connectivity/wlan/core/gen4m/wlan_service/glue/hal/include/operation.h,17,/* gen4m object id list */
fc3e8a5d97296d8058965c444759e74415e871f0bbdabe2427f66aef3dd4179e,wlan_drv_gen4m_6878,CHIP_TOKEN,gen4m,kernel_modules,connectivity/wlan/core/gen4m/wlan_service/glue/hal/include/operation.h,347,/* gen4m operation define */
fc3e8a5d97296d8058965c444759e74415e871f0bbdabe2427f66aef3dd4179e,wlan_drv_gen4m_6878,CHIP_TOKEN,gen4m,kernel_modules,connectivity/wlan/core/gen4m/wlan_service/glue/hal/gen4m/operation_gen4m.c,103,/* gen4m Function ID List */
fc3e8a5d97296d8058965c444759e74415e871f0bbdabe2427f66aef3dd4179e,wlan_drv_gen4m_6878,CHIP_TOKEN,gen4m,kernel_modules,connectivity/wlan/core/gen4m/wlan_service/glue/hal/gen4m/operation_gen4m.c,2526,#if (CFG_SUPPORT_CONNAC3X == 0) /* qatool will send phy idx to gen4m */
fc3e8a5d97296d8058965c444759e74415e871f0bbdabe2427f66aef3dd4179e,wlan_drv_gen4m_6878,CHIP_TOKEN,gen4m,kernel_modules,connectivity/wlan/core/gen4m/os/linux/gl_kal.c,3810,"* In gen4m, the txd is in the headroom (a pointer to the offset"
fc3e8a5d97296d8058965c444759e74415e871f0bbdabe2427f66aef3dd4179e,wlan_drv_gen4m_6878,CHIP_TOKEN,gen4m,kernel_modules,connectivity/wlan/core/gen4m/os/linux/gl_init.c,4460,"""[wlan][gen4m]No wireless dev exist, abort power on\n"");"
fc3e8a5d97296d8058965c444759e74415e871f0bbdabe2427f66aef3dd4179e,wlan_drv_gen4m_6878,CHIP_TOKEN,gen4m,kernel_modules,connectivity/wlan/core/gen4m/os/linux/gl_init.c,7457,"""[wlan][gen4m]WF MCU init failed\n"");"
fc3e8a5d97296d8058965c444759e74415e871f0bbdabe2427f66aef3dd4179e,wlan_drv_gen4m_6878,CHIP_TOKEN,gen4m,kernel_modules,connectivity/wlan/core/gen4m/common/wlan_lib.c,1299,"""[wlan][gen4m]wlanSetChipEcoInfo failed\n"");"
fc3e8a5d97296d8058965c444759e74415e871f0bbdabe2427f66aef3dd4179e,wlan_drv_gen4m_6878,CHIP_TOKEN,gen4m,kernel_modules,connectivity/wlan/core/gen4m/chips/common/fw_dl.c,2067,"""[wlan][gen4m]phyAction fail\n"");"
fc3e8a5d97296d8058965c444759e74415e871f0bbdabe2427f66aef3dd4179e,wlan_drv_gen4m_6878,CHIP_TOKEN,gen4m,kernel_modules,connectivity/wlan/core/gen4m/build/connac3x/eap_6639/Makefile,5,_MODULE_NAME := wlan_drv_gen4m_eap_6639
fc3e8a5d97296d8058965c444759e74415e871f0bbdabe2427f66aef3dd4179e,wlan_drv_gen4m_6878,CHIP_TOKEN,gen4m,kernel_modules,connectivity/wlan/core/gen4m/build/connac3x/6989_6639_offload/Makefile,5,_MODULE_NAME := wlan_drv_gen4m_6989_6639_offload
fc3e8a5d97296d8058965c444759e74415e871f0bbdabe2427f66aef3dd4179e,wlan_drv_gen4m_6878,CHIP_TOKEN,gen4m,kernel_modules,connectivity/wlan/core/gen4m/build/connac3x/6989_6639_mp2/Makefile,5,_MODULE_NAME := wlan_drv_gen4m_6989_6639_mp2
fc3e8a5d97296d8058965c444759e74415e871f0bbdabe2427f66aef3dd4179e,wlan_drv_gen4m_6878,CHIP_TOKEN,gen4m,kernel_modules,connectivity/wlan/core/gen4m/build/connac3x/6989_6639_dppm/Makefile,5,_MODULE_NAME := wlan_drv_gen4m_6989_6639_dppm
fc3e8a5d97296d8058965c444759e74415e871f0bbdabe2427f66aef3dd4179e,wlan_drv_gen4m_6878,CHIP_TOKEN,gen4m,kernel_modules,connectivity/wlan/core/gen4m/build/connac3x/6989_6639/Makefile,5,_MODULE_NAME := wlan_drv_gen4m_6989_6639
fc3e8a5d97296d8058965c444759e74415e871f0bbdabe2427f66aef3dd4179e,wlan_drv_gen4m_6878,CHIP_TOKEN,gen4m,kernel_modules,connectivity/wlan/core/gen4m/build/connac3x/6985_6639/Makefile,5,_MODULE_NAME := wlan_drv_gen4m_6985_6639
fc3e8a5d97296d8058965c444759e74415e871f0bbdabe2427f66aef3dd4179e,wlan_drv_gen4m_6878,CHIP_TOKEN,gen4m,kernel_modules,connectivity/wlan/core/gen4m/build/connac2x/6897/Makefile,5,_MODULE_NAME := wlan_drv_gen4m_6897
fc3e8a5d97296d8058965c444759e74415e871f0bbdabe2427f66aef3dd4179e,wlan_drv_gen4m_6878,CHIP_TOKEN,gen4m,kernel_modules,connectivity/wlan/core/gen4m/build/connac2x/6893/Makefile,5,_MODULE_NAME := wlan_drv_gen4m_6893
fc3e8a5d97296d8058965c444759e74415e871f0bbdabe2427f66aef3dd4179e,wlan_drv_gen4m_6878,CHIP_TOKEN,gen4m,kernel_modules,connectivity/wlan/core/gen4m/build/connac2x/6878/Makefile,5,_MODULE_NAME := wlan_drv_gen4m_6878
fc3e8a5d97296d8058965c444759e74415e871f0bbdabe2427f66aef3dd4179e,wlan_drv_gen4m_6878,MODULE_NAME,wlan_drv_gen4m_6878,kernel_modules,connectivity/wlan/core/gen4m/build/connac2x/6878/Makefile,5,_MODULE_NAME := wlan_drv_gen4m_6878
fc3e8a5d97296d8058965c444759e74415e871f0bbdabe2427f66aef3dd4179e,wlan_drv_gen4m_6878,CHIP_TOKEN,gen4m,kernel_modules,connectivity/wlan/core/gen4m/Makefile,25,MODULE_PWD=../vendor/mediatek/kernel_modules/connectivity/wlan/core/gen4m
fc3e8a5d97296d8058965c444759e74415e871f0bbdabe2427f66aef3dd4179e,wlan_drv_gen4m_6878,CHIP_TOKEN,gen4m,kernel_modules,connectivity/wlan/core/gen4m/Makefile,26,$(info gen4m depends on following symbols:[${EXTRA_SYMBOLS}])
fc3e8a5d97296d8058965c444759e74415e871f0bbdabe2427f66aef3dd4179e,wlan_drv_gen4m_6878,CHIP_TOKEN,gen4m,kernel_modules,connectivity/wlan/core/gen4m/Kbuild,10,"ifeq ($(MODULE_NAME), wlan_drv_gen4m_eap_6639)"
fc3e8a5d97296d8058965c444759e74415e871f0bbdabe2427f66aef3dd4179e,wlan_drv_gen4m_6878,CHIP_TOKEN,gen4m,kernel_modules,connectivity/wlan/core/gen4m/Kbuild,12,"else ifeq ($(MODULE_NAME), wlan_drv_gen4m_6985_6639)"
fc3e8a5d97296d8058965c444759e74415e871f0bbdabe2427f66aef3dd4179e,wlan_drv_gen4m_6878,CHIP_TOKEN,gen4m,kernel_modules,connectivity/wlan/core/gen4m/Kbuild,14,"else ifeq ($(MODULE_NAME), wlan_drv_gen4m_6989_6639)"
fc3e8a5d97296d8058965c444759e74415e871f0bbdabe2427f66aef3dd4179e,wlan_drv_gen4m_6878,CHIP_TOKEN,gen4m,kernel_modules,connectivity/wlan/core/gen4m/Kbuild,16,"else ifeq ($(MODULE_NAME), wlan_drv_gen4m_6989_6639_dppm)"
fc3e8a5d97296d8058965c444759e74415e871f0bbdabe2427f66aef3dd4179e,wlan_drv_gen4m_6878,CHIP_TOKEN,gen4m,kernel_modules,connectivity/wlan/core/gen4m/Kbuild,18,"else ifeq ($(MODULE_NAME), wlan_drv_gen4m_6989_6639_offload)"
fc3e8a5d97296d8058965c444759e74415e871f0bbdabe2427f66aef3dd4179e,wlan_drv_gen4m_6878,CHIP_TOKEN,gen4m,kernel_modules,connectivity/wlan/core/gen4m/Kbuild,20,"else ifeq ($(MODULE_NAME), wlan_drv_gen4m_6989_6639_mp2)"
fc3e8a5d97296d8058965c444759e74415e871f0bbdabe2427f66aef3dd4179e,wlan_drv_gen4m_6878,CHIP_TOKEN,gen4m,kernel_modules,connectivity/wlan/core/gen4m/Kbuild,22,"else ifeq ($(MODULE_NAME), wlan_drv_gen4m_6897)"
fc3e8a5d97296d8058965c444759e74415e871f0bbdabe2427f66aef3dd4179e,wlan_drv_gen4m_6878,CHIP_TOKEN,gen4m,kernel_modules,connectivity/wlan/core/gen4m/Kbuild,24,"else ifeq ($(MODULE_NAME), wlan_drv_gen4m_6893)"
fc3e8a5d97296d8058965c444759e74415e871f0bbdabe2427f66aef3dd4179e,wlan_drv_gen4m_6878,CHIP_TOKEN,gen4m,kernel_modules,connectivity/wlan/core/gen4m/Kbuild,26,"else ifeq ($(MODULE_NAME), wlan_drv_gen4m_6878)"
fc3e8a5d97296d8058965c444759e74415e871f0bbdabe2427f66aef3dd4179e,wlan_drv_gen4m_6878,MODULE_NAME,wlan_drv_gen4m_6878,kernel_modules,connectivity/wlan/core/gen4m/Kbuild,26,"else ifeq ($(MODULE_NAME), wlan_drv_gen4m_6878)"
fc3e8a5d97296d8058965c444759e74415e871f0bbdabe2427f66aef3dd4179e,wlan_drv_gen4m_6878,CHIP_TOKEN,gen4m,kernel_modules,connectivity/bt/linux_v2/makefile_example/DTV/Kbuild,12,ccflags-y += -I$(src)/../wlan_driver/gen4m_mt7961/reset/include/
fc3e8a5d97296d8058965c444759e74415e871f0bbdabe2427f66aef3dd4179e,wlan_drv_gen4m_6878,CHIP_TOKEN,gen4m,kernel_modules,connectivity/wlan/core/gen3/os/linux/gl_p2p_kal.c,1467,/*the same as gen4m*/
fc3e8a5d97296d8058965c444759e74415e871f0bbdabe2427f66aef3dd4179e,wlan_drv_gen4m_6878,CHIP_TOKEN,gen4m,kernel_modules,connectivity/wlan/core/gen3/nic/nic_cmd_event.c,2051,/*the same as gen4m*/
fc3e8a5d97296d8058965c444759e74415e871f0bbdabe2427f66aef3dd4179e,wlan_drv_gen4m_6878,CHIP_TOKEN,gen4m,kernel_modules,connectivity/wlan/core/gen4-mt79xx/os/linux/gl_init.c,5245,#if 0  /* Sample's gen4m code base doesn't support */
fc3e8a5d97296d8058965c444759e74415e871f0bbdabe2427f66aef3dd4179e,wlan_drv_gen4m_6878,CHIP_TOKEN,gen4m,kernel_modules,connectivity/wlan/core/gen4-mt79xx/os/linux/gl_init.c,5255,#if 0  /* Sample's gen4m code base doesn't support */
fc3e8a5d97296d8058965c444759e74415e871f0bbdabe2427f66aef3dd4179e,wlan_drv_gen4m_6878,CHIP_TOKEN,gen4m,kernel_modules,connectivity/wlan/core/gen4m/include/config.h,466,"#error ""NAPI should based on GRO in gen4m"""
fc3e8a5d97296d8058965c444759e74415e871f0bbdabe2427f66aef3dd4179e,wlan_drv_gen4m_6878,CHIP_TOKEN,gen4m,kernel_modules,connectivity/wlan/core/gen4m/include/config.h,473,"#error ""NAPI_WORK should based on NAPI in gen4m"""
fc3e8a5d97296d8058965c444759e74415e871f0bbdabe2427f66aef3dd4179e,wlan_drv_gen4m_6878,CHIP_TOKEN,gen4m,kernel_modules,connectivity/wlan/core/gen4m/include/config.h,1991,* for some code flow in mobile gen4m.
fc3e8a5d97296d8058965c444759e74415e871f0bbdabe2427f66aef3dd4179e,wlan_drv_gen4m_6878,CHIP_TOKEN,gen4m,kernel_modules,connectivity/wlan/core/gen3/mgmt/p2p_role_fsm.c,1892,"/*the same as gen2,because gen3 P_RF_CHANNEL_INFO_T has no parameters as gen4m*/"
fc3e8a5d97296d8058965c444759e74415e871f0bbdabe2427f66aef3dd4179e,wlan_drv_gen4m_6878,CHIP_TOKEN,gen4m,kernel_modules,connectivity/wlan/core/gen4-mt79xx/common/wlan_lib.c,11335,"* IS_WIFI_5G_SISO, do not implement in the gen4m driver."
fc3e8a5d97296d8058965c444759e74415e871f0bbdabe2427f66aef3dd4179e,wlan_drv_gen4m_6878,CHIP_TOKEN,gen4m,kernel_modules,connectivity/wlan/core/gen4-mt79xx/include/config.h,441,"#error ""NAPI should based on GRO in gen4m"""
fc3e8a5d97296d8058965c444759e74415e871f0bbdabe2427f66aef3dd4179e,wlan_drv_gen4m_6878,CHIP_TOKEN,gen4m,kernel_modules,connectivity/wlan/core/gen4-mt79xx/include/config.h,1680,* for some code flow in mobile gen4m.
fc3e8a5d97296d8058965c444759e74415e871f0bbdabe2427f66aef3dd4179e,wlan_drv_gen4m_6878,CHIP_TOKEN,gen4m,kernel_modules,connectivity/wlan/core/gen3/include/mgmt/p2p_role.h,304,/*the same with gen4m */
fc3e8a5d97296d8058965c444759e74415e871f0bbdabe2427f66aef3dd4179e,wlan_drv_gen4m_6878,CHIP_TOKEN,gen4m,kernel_modules,connectivity/wlan/core/gen4-mt79xx/Makefile,1222,$(SERVICE_DIR)glue/osal/gen4m/sys_adaption_gen4m.o \
fc3e8a5d97296d8058965c444759e74415e871f0bbdabe2427f66aef3dd4179e,wlan_drv_gen4m_6878,CHIP_TOKEN,gen4m,kernel_modules,connectivity/wlan/core/gen4-mt79xx/Makefile,1223,$(SERVICE_DIR)glue/osal/gen4m/net_adaption_gen4m.o \
fc3e8a5d97296d8058965c444759e74415e871f0bbdabe2427f66aef3dd4179e,wlan_drv_gen4m_6878,CHIP_TOKEN,gen4m,kernel_modules,connectivity/wlan/core/gen4-mt79xx/Makefile,1224,$(SERVICE_DIR)glue/hal/gen4m/operation_gen4m.o
fc3e8a5d97296d8058965c444759e74415e871f0bbdabe2427f66aef3dd4179e,wlan_drv_gen4m_6878,CHIP_TOKEN;PATH,gen4m,kernel_modules,connectivity/wlan/core/gen4m/wpa_supp/wpa_supplicant/wpas_glue.c,,<path hit>
fc3e8a5d97296d8058965c444759e74415e871f0bbdabe2427f66aef3dd4179e,wlan_drv_gen4m_6878,CHIP_TOKEN;PATH,gen4m,kernel_modules,connectivity/wlan/core/gen4m/wpa_supp/wpa_supplicant/wpa_supplicant.c,,<path hit>
fc3e8a5d97296d8058965c444759e74415e871f0bbdabe2427f66aef3dd4179e,wlan_drv_gen4m_6878,CHIP_TOKEN;PATH,gen4m,kernel_modules,connectivity/wlan/core/gen4m/wpa_supp/src/utils/common.c,,<path hit>
fc3e8a5d97296d8058965c444759e74415e871f0bbdabe2427f66aef3dd4179e,wlan_drv_gen4m_6878,CHIP_TOKEN;PATH,gen4m,kernel_modules,connectivity/wlan/core/gen4m/wpa_supp/src/rsn_supp/wpa.c,,<path hit>
fc3e8a5d97296d8058965c444759e74415e871f0bbdabe2427f66aef3dd4179e,wlan_drv_gen4m_6878,CHIP_TOKEN;PATH,gen4m,kernel_modules,connectivity/wlan/core/gen4m/wpa_supp/src/crypto/sha512-internal.c,,<path hit>
fc3e8a5d97296d8058965c444759e74415e871f0bbdabe2427f66aef3dd4179e,wlan_drv_gen4m_6878,CHIP_TOKEN;PATH,gen4m,kernel_modules,connectivity/wlan/core/gen4m/wpa_supp/src/crypto/sha384.c,,<path hit>
fc3e8a5d97296d8058965c444759e74415e871f0bbdabe2427f66aef3dd4179e,wlan_drv_gen4m_6878,CHIP_TOKEN;PATH,gen4m,kernel_modules,connectivity/wlan/core/gen4m/wpa_supp/src/crypto/sha384-prf.c,,<path hit>
fc3e8a5d97296d8058965c444759e74415e871f0bbdabe2427f66aef3dd4179e,wlan_drv_gen4m_6878,CHIP_TOKEN;PATH,gen4m,kernel_modules,connectivity/wlan/core/gen4m/wpa_supp/src/crypto/sha384-kdf.c,,<path hit>
fc3e8a5d97296d8058965c444759e74415e871f0bbdabe2427f66aef3dd4179e,wlan_drv_gen4m_6878,CHIP_TOKEN;PATH,gen4m,kernel_modules,connectivity/wlan/core/gen4m/wpa_supp/src/crypto/sha384-internal.c,,<path hit>
fc3e8a5d97296d8058965c444759e74415e871f0bbdabe2427f66aef3dd4179e,wlan_drv_gen4m_6878,CHIP_TOKEN;PATH,gen4m,kernel_modules,connectivity/wlan/core/gen4m/wpa_supp/src/crypto/sha256.c,,<path hit>
fc3e8a5d97296d8058965c444759e74415e871f0bbdabe2427f66aef3dd4179e,wlan_drv_gen4m_6878,CHIP_TOKEN;PATH,gen4m,kernel_modules,connectivity/wlan/core/gen4m/wpa_supp/src/crypto/sha256-prf.c,,<path hit>
fc3e8a5d97296d8058965c444759e74415e871f0bbdabe2427f66aef3dd4179e,wlan_drv_gen4m_6878,CHIP_TOKEN;PATH,gen4m,kernel_modules,connectivity/wlan/core/gen4m/wpa_supp/src/crypto/sha256-kdf.c,,<path hit>
fc3e8a5d97296d8058965c444759e74415e871f0bbdabe2427f66aef3dd4179e,wlan_drv_gen4m_6878,CHIP_TOKEN;PATH,gen4m,kernel_modules,connectivity/wlan/core/gen4m/wpa_supp/src/crypto/sha256-internal.c,,<path hit>
fc3e8a5d97296d8058965c444759e74415e871f0bbdabe2427f66aef3dd4179e,wlan_drv_gen4m_6878,CHIP_TOKEN;PATH,gen4m,kernel_modules,connectivity/wlan/core/gen4m/wpa_supp/src/crypto/sha1.c,,<path hit>
fc3e8a5d97296d8058965c444759e74415e871f0bbdabe2427f66aef3dd4179e,wlan_drv_gen4m_6878,CHIP_TOKEN;PATH,gen4m,kernel_modules,connectivity/wlan/core/gen4m/wpa_supp/src/crypto/sha1-prf.c,,<path hit>
fc3e8a5d97296d8058965c444759e74415e871f0bbdabe2427f66aef3dd4179e,wlan_drv_gen4m_6878,CHIP_TOKEN;PATH,gen4m,kernel_modules,connectivity/wlan/core/gen4m/wpa_supp/src/crypto/sha1-internal.c,,<path hit>
fc3e8a5d97296d8058965c444759e74415e871f0bbdabe2427f66aef3dd4179e,wlan_drv_gen4m_6878,CHIP_TOKEN;PATH,gen4m,kernel_modules,connectivity/wlan/core/gen4m/wpa_supp/src/crypto/pbkdf2-sha256.c,,<path hit>
fc3e8a5d97296d8058965c444759e74415e871f0bbdabe2427f66aef3dd4179e,wlan_drv_gen4m_6878,CHIP_TOKEN;PATH,gen4m,kernel_modules,connectivity/wlan/core/gen4m/wpa_supp/src/crypto/aes-wrap.c,,<path hit>
fc3e8a5d97296d8058965c444759e74415e871f0bbdabe2427f66aef3dd4179e,wlan_drv_gen4m_6878,CHIP_TOKEN;PATH,gen4m,kernel_modules,connectivity/wlan/core/gen4m/wpa_supp/src/crypto/aes-unwrap.c,,<path hit>
fc3e8a5d97296d8058965c444759e74415e871f0bbdabe2427f66aef3dd4179e,wlan_drv_gen4m_6878,CHIP_TOKEN;PATH,gen4m,kernel_modules,connectivity/wlan/core/gen4m/wpa_supp/src/crypto/aes-siv.c,,<path hit>
fc3e8a5d97296d8058965c444759e74415e871f0bbdabe2427f66aef3dd4179e,wlan_drv_gen4m_6878,CHIP_TOKEN;PATH,gen4m,kernel_modules,connectivity/wlan/core/gen4m/wpa_supp/src/crypto/aes-omac1.c,,<path hit>
fc3e8a5d97296d8058965c444759e74415e871f0bbdabe2427f66aef3dd4179e,wlan_drv_gen4m_6878,CHIP_TOKEN;PATH,gen4m,kernel_modules,connectivity/wlan/core/gen4m/wpa_supp/src/crypto/aes-internal.c,,<path hit>
fc3e8a5d97296d8058965c444759e74415e871f0bbdabe2427f66aef3dd4179e,wlan_drv_gen4m_6878,CHIP_TOKEN;PATH,gen4m,kernel_modules,connectivity/wlan/core/gen4m/wpa_supp/src/crypto/aes-internal-enc.c,,<path hit>
fc3e8a5d97296d8058965c444759e74415e871f0bbdabe2427f66aef3dd4179e,wlan_drv_gen4m_6878,CHIP_TOKEN;PATH,gen4m,kernel_modules,connectivity/wlan/core/gen4m/wpa_supp/src/crypto/aes-internal-dec.c,,<path hit>
fc3e8a5d97296d8058965c444759e74415e871f0bbdabe2427f66aef3dd4179e,wlan_drv_gen4m_6878,CHIP_TOKEN;PATH,gen4m,kernel_modules,connectivity/wlan/core/gen4m/wpa_supp/src/crypto/aes-ctr.c,,<path hit>
fc3e8a5d97296d8058965c444759e74415e871f0bbdabe2427f66aef3dd4179e,wlan_drv_gen4m_6878,CHIP_TOKEN;PATH,gen4m,kernel_modules,connectivity/wlan/core/gen4m/wpa_supp/src/common/wpa_common.c,,<path hit>
fc3e8a5d97296d8058965c444759e74415e871f0bbdabe2427f66aef3dd4179e,wlan_drv_gen4m_6878,CHIP_TOKEN;PATH,gen4m,kernel_modules,connectivity/wlan/core/gen4m/wpa_supp/src/ap/wpa_auth_ie.c,,<path hit>
fc3e8a5d97296d8058965c444759e74415e871f0bbdabe2427f66aef3dd4179e,wlan_drv_gen4m_6878,CHIP_TOKEN;PATH,gen4m,kernel_modules,connectivity/wlan/core/gen4m/wpa_supp/src/ap/wpa_auth_glue.c,,<path hit>
fc3e8a5d97296d8058965c444759e74415e871f0bbdabe2427f66aef3dd4179e,wlan_drv_gen4m_6878,CHIP_TOKEN;PATH,gen4m,kernel_modules,connectivity/wlan/core/gen4m/wpa_supp/src/ap/wpa_auth.c,,<path hit>
fc3e8a5d97296d8058965c444759e74415e871f0bbdabe2427f66aef3dd4179e,wlan_drv_gen4m_6878,CHIP_TOKEN;PATH,gen4m,kernel_modules,connectivity/wlan/core/gen4m/wpa_supp/FourWayHandShake.c,,<path hit>
fc3e8a5d97296d8058965c444759e74415e871f0bbdabe2427f66aef3dd4179e,wlan_drv_gen4m_6878,CHIP_TOKEN;PATH,gen4m,kernel_modules,connectivity/wlan/core/gen4m/wlan_service/service/test_engine.c,,<path hit>
fc3e8a5d97296d8058965c444759e74415e871f0bbdabe2427f66aef3dd4179e,wlan_drv_gen4m_6878,CHIP_TOKEN;PATH,gen4m,kernel_modules,connectivity/wlan/core/gen4m/wlan_service/service/service_test.c,,<path hit>
fc3e8a5d97296d8058965c444759e74415e871f0bbdabe2427f66aef3dd4179e,wlan_drv_gen4m_6878,CHIP_TOKEN;PATH,gen4m,kernel_modules,connectivity/wlan/core/gen4m/wlan_service/service/include/test_engine.h,,<path hit>
fc3e8a5d97296d8058965c444759e74415e871f0bbdabe2427f66aef3dd4179e,wlan_drv_gen4m_6878,CHIP_TOKEN;PATH,gen4m,kernel_modules,connectivity/wlan/core/gen4m/wlan_service/service/include/service_test.h,,<path hit>
fc3e8a5d97296d8058965c444759e74415e871f0bbdabe2427f66aef3dd4179e,wlan_drv_gen4m_6878,CHIP_TOKEN;PATH,gen4m,kernel_modules,connectivity/wlan/core/gen4m/wlan_service/include/agent.h,,<path hit>
fc3e8a5d97296d8058965c444759e74415e871f0bbdabe2427f66aef3dd4179e,wlan_drv_gen4m_6878,CHIP_TOKEN;PATH,gen4m,kernel_modules,connectivity/wlan/core/gen4m/wlan_service/glue/osal/include/sys_adaption.h,,<path hit>
fc3e8a5d97296d8058965c444759e74415e871f0bbdabe2427f66aef3dd4179e,wlan_drv_gen4m_6878,CHIP_TOKEN;PATH,gen4m,kernel_modules,connectivity/wlan/core/gen4m/wlan_service/glue/osal/include/net_adaption.h,,<path hit>
fc3e8a5d97296d8058965c444759e74415e871f0bbdabe2427f66aef3dd4179e,wlan_drv_gen4m_6878,CHIP_TOKEN;PATH,gen4m,kernel_modules,connectivity/wlan/core/gen4m/wlan_service/glue/osal/gen4m/sys_adaption_gen4m.c,,<path hit>
fc3e8a5d97296d8058965c444759e74415e871f0bbdabe2427f66aef3dd4179e,wlan_drv_gen4m_6878,CHIP_TOKEN;PATH,gen4m,kernel_modules,connectivity/wlan/core/gen4m/wlan_service/glue/osal/gen4m/net_adaption_gen4m.c,,<path hit>
fc3e8a5d97296d8058965c444759e74415e871f0bbdabe2427f66aef3dd4179e,wlan_drv_gen4m_6878,CHIP_TOKEN;PATH,gen4m,kernel_modules,connectivity/wlan/core/gen4m/wlan_service/glue/hal/include/test_mac.h,,<path hit>
fc3e8a5d97296d8058965c444759e74415e871f0bbdabe2427f66aef3dd4179e,wlan_drv_gen4m_6878,CHIP_TOKEN;PATH,gen4m,kernel_modules,connectivity/wlan/core/gen4m/wlan_service/glue/hal/include/operation.h,,<path hit>
fc3e8a5d97296d8058965c444759e74415e871f0bbdabe2427f66aef3dd4179e,wlan_drv_gen4m_6878,CHIP_TOKEN;PATH,gen4m,kernel_modules,connectivity/wlan/core/gen4m/wlan_service/glue/hal/gen4m/operation_gen4m.c,,<path hit>
fc3e8a5d97296d8058965c444759e74415e871f0bbdabe2427f66aef3dd4179e,wlan_drv_gen4m_6878,CHIP_TOKEN;PATH,gen4m,kernel_modules,connectivity/wlan/core/gen4m/wlan_service/agent/agent.c,,<path hit>
fc3e8a5d97296d8058965c444759e74415e871f0bbdabe2427f66aef3dd4179e,wlan_drv_gen4m_6878,CHIP_TOKEN;PATH,gen4m,kernel_modules,connectivity/wlan/core/gen4m/reset/reset_fsm_def.c,,<path hit>
fc3e8a5d97296d8058965c444759e74415e871f0bbdabe2427f66aef3dd4179e,wlan_drv_gen4m_6878,CHIP_TOKEN;PATH,gen4m,kernel_modules,connectivity/wlan/core/gen4m/reset/reset_fsm.c,,<path hit>
fc3e8a5d97296d8058965c444759e74415e871f0bbdabe2427f66aef3dd4179e,wlan_drv_gen4m_6878,CHIP_TOKEN;PATH,gen4m,kernel_modules,connectivity/wlan/core/gen4m/reset/reset.c,,<path hit>
fc3e8a5d97296d8058965c444759e74415e871f0bbdabe2427f66aef3dd4179e,wlan_drv_gen4m_6878,CHIP_TOKEN;PATH,gen4m,kernel_modules,connectivity/wlan/core/gen4m/reset/include/reset_fsm_def.h,,<path hit>
fc3e8a5d97296d8058965c444759e74415e871f0bbdabe2427f66aef3dd4179e,wlan_drv_gen4m_6878,CHIP_TOKEN;PATH,gen4m,kernel_modules,connectivity/wlan/core/gen4m/reset/include/reset_fsm.h,,<path hit>
fc3e8a5d97296d8058965c444759e74415e871f0bbdabe2427f66aef3dd4179e,wlan_drv_gen4m_6878,CHIP_TOKEN;PATH,gen4m,kernel_modules,connectivity/wlan/core/gen4m/reset/include/reset.h,,<path hit>
fc3e8a5d97296d8058965c444759e74415e871f0bbdabe2427f66aef3dd4179e,wlan_drv_gen4m_6878,CHIP_TOKEN;PATH,gen4m,kernel_modules,connectivity/wlan/core/gen4m/prealloc/prealloc.c,,<path hit>
fc3e8a5d97296d8058965c444759e74415e871f0bbdabe2427f66aef3dd4179e,wlan_drv_gen4m_6878,CHIP_TOKEN;PATH,gen4m,kernel_modules,connectivity/wlan/core/gen4m/prealloc/include/prealloc.h,,<path hit>
fc3e8a5d97296d8058965c444759e74415e871f0bbdabe2427f66aef3dd4179e,wlan_drv_gen4m_6878,CHIP_TOKEN;PATH,gen4m,kernel_modules,connectivity/wlan/core/gen4m/os/windows/make_rules/nic.rules,,<path hit>
fc3e8a5d97296d8058965c444759e74415e871f0bbdabe2427f66aef3dd4179e,wlan_drv_gen4m_6878,CHIP_TOKEN;PATH,gen4m,kernel_modules,connectivity/wlan/core/gen4m/os/windows/make_rules/mgmt.rules,,<path hit>
fc3e8a5d97296d8058965c444759e74415e871f0bbdabe2427f66aef3dd4179e,wlan_drv_gen4m_6878,CHIP_TOKEN;PATH,gen4m,kernel_modules,connectivity/wlan/core/gen4m/os/windows/make_rules/kal.rules,,<path hit>
fc3e8a5d97296d8058965c444759e74415e871f0bbdabe2427f66aef3dd4179e,wlan_drv_gen4m_6878,CHIP_TOKEN;PATH,gen4m,kernel_modules,connectivity/wlan/core/gen4m/os/windows/make_rules/common.rules,,<path hit>
fc3e8a5d97296d8058965c444759e74415e871f0bbdabe2427f66aef3dd4179e,wlan_drv_gen4m_6878,CHIP_TOKEN;PATH,gen4m,kernel_modules,connectivity/wlan/core/gen4m/os/windows/make_rules/chips.rules,,<path hit>
fc3e8a5d97296d8058965c444759e74415e871f0bbdabe2427f66aef3dd4179e,wlan_drv_gen4m_6878,CHIP_TOKEN;PATH,gen4m,kernel_modules,connectivity/wlan/core/gen4m/os/windows/include/gl_impl.h,,<path hit>
fc3e8a5d97296d8058965c444759e74415e871f0bbdabe2427f66aef3dd4179e,wlan_drv_gen4m_6878,CHIP_TOKEN;PATH,gen4m,kernel_modules,connectivity/wlan/core/gen4m/os/windows/include/gl_ics.h,,<path hit>
fc3e8a5d97296d8058965c444759e74415e871f0bbdabe2427f66aef3dd4179e,wlan_drv_gen4m_6878,CHIP_TOKEN;PATH,gen4m,kernel_modules,connectivity/wlan/core/gen4m/os/windows/gl_impl.c,,<path hit>
fc3e8a5d97296d8058965c444759e74415e871f0bbdabe2427f66aef3dd4179e,wlan_drv_gen4m_6878,CHIP_TOKEN;PATH,gen4m,kernel_modules,connectivity/wlan/core/gen4m/os/version.h,,<path hit>
fc3e8a5d97296d8058965c444759e74415e871f0bbdabe2427f66aef3dd4179e,wlan_drv_gen4m_6878,CHIP_TOKEN;PATH,gen4m,kernel_modules,connectivity/wlan/core/gen4m/os/uefi/include/gl_impl.h,,<path hit>
fc3e8a5d97296d8058965c444759e74415e871f0bbdabe2427f66aef3dd4179e,wlan_drv_gen4m_6878,CHIP_TOKEN;PATH,gen4m,kernel_modules,connectivity/wlan/core/gen4m/os/uefi/gl_impl.c,,<path hit>
fc3e8a5d97296d8058965c444759e74415e871f0bbdabe2427f66aef3dd4179e,wlan_drv_gen4m_6878,CHIP_TOKEN;PATH,gen4m,kernel_modules,connectivity/wlan/core/gen4m/os/none/include/wlan_pinctrl.h,,<path hit>
fc3e8a5d97296d8058965c444759e74415e871f0bbdabe2427f66aef3dd4179e,wlan_drv_gen4m_6878,CHIP_TOKEN;PATH,gen4m,kernel_modules,connectivity/wlan/core/gen4m/os/none/include/gl_wext_priv.h,,<path hit>
fc3e8a5d97296d8058965c444759e74415e871f0bbdabe2427f66aef3dd4179e,wlan_drv_gen4m_6878,CHIP_TOKEN;PATH,gen4m,kernel_modules,connectivity/wlan/core/gen4m/os/none/include/gl_vendor.h,,<path hit>
fc3e8a5d97296d8058965c444759e74415e871f0bbdabe2427f66aef3dd4179e,wlan_drv_gen4m_6878,CHIP_TOKEN;PATH,gen4m,kernel_modules,connectivity/wlan/core/gen4m/os/none/include/gl_typedef.h,,<path hit>
fc3e8a5d97296d8058965c444759e74415e871f0bbdabe2427f66aef3dd4179e,wlan_drv_gen4m_6878,CHIP_TOKEN;PATH,gen4m,kernel_modules,connectivity/wlan/core/gen4m/os/none/include/gl_sys_lock.h,,<path hit>
fc3e8a5d97296d8058965c444759e74415e871f0bbdabe2427f66aef3dd4179e,wlan_drv_gen4m_6878,CHIP_TOKEN;PATH,gen4m,kernel_modules,connectivity/wlan/core/gen4m/os/none/include/gl_rst.h,,<path hit>
fc3e8a5d97296d8058965c444759e74415e871f0bbdabe2427f66aef3dd4179e,wlan_drv_gen4m_6878,CHIP_TOKEN;PATH,gen4m,kernel_modules,connectivity/wlan/core/gen4m/os/none/include/gl_qa_agent.h,,<path hit>
fc3e8a5d97296d8058965c444759e74415e871f0bbdabe2427f66aef3dd4179e,wlan_drv_gen4m_6878,CHIP_TOKEN;PATH,gen4m,kernel_modules,connectivity/wlan/core/gen4m/os/none/include/gl_p2p_os.h,,<path hit>
fc3e8a5d97296d8058965c444759e74415e871f0bbdabe2427f66aef3dd4179e,wlan_drv_gen4m_6878,CHIP_TOKEN;PATH,gen4m,kernel_modules,connectivity/wlan/core/gen4m/os/none/include/gl_p2p_kal.h,,<path hit>
fc3e8a5d97296d8058965c444759e74415e871f0bbdabe2427f66aef3dd4179e,wlan_drv_gen4m_6878,CHIP_TOKEN;PATH,gen4m,kernel_modules,connectivity/wlan/core/gen4m/os/none/include/gl_p2p_ioctl.h,,<path hit>
fc3e8a5d97296d8058965c444759e74415e871f0bbdabe2427f66aef3dd4179e,wlan_drv_gen4m_6878,CHIP_TOKEN;PATH,gen4m,kernel_modules,connectivity/wlan/core/gen4m/os/none/include/gl_os.h,,<path hit>
fc3e8a5d97296d8058965c444759e74415e871f0bbdabe2427f66aef3dd4179e,wlan_drv_gen4m_6878,CHIP_TOKEN;PATH,gen4m,kernel_modules,connectivity/wlan/core/gen4m/os/none/include/gl_kal.h,,<path hit>
fc3e8a5d97296d8058965c444759e74415e871f0bbdabe2427f66aef3dd4179e,wlan_drv_gen4m_6878,CHIP_TOKEN;PATH,gen4m,kernel_modules,connectivity/wlan/core/gen4m/os/none/include/gl_ics.h,,<path hit>
fc3e8a5d97296d8058965c444759e74415e871f0bbdabe2427f66aef3dd4179e,wlan_drv_gen4m_6878,CHIP_TOKEN;PATH,gen4m,kernel_modules,connectivity/wlan/core/gen4m/os/none/include/gl_fw_dev.h,,<path hit>
fc3e8a5d97296d8058965c444759e74415e871f0bbdabe2427f66aef3dd4179e,wlan_drv_gen4m_6878,CHIP_TOKEN;PATH,gen4m,kernel_modules,connectivity/wlan/core/gen4m/os/none/include/gl_emi.h,,<path hit>
fc3e8a5d97296d8058965c444759e74415e871f0bbdabe2427f66aef3dd4179e,wlan_drv_gen4m_6878,CHIP_TOKEN;PATH,gen4m,kernel_modules,connectivity/wlan/core/gen4m/os/none/include/gl_dependent.h,,<path hit>
fc3e8a5d97296d8058965c444759e74415e871f0bbdabe2427f66aef3dd4179e,wlan_drv_gen4m_6878,CHIP_TOKEN;PATH,gen4m,kernel_modules,connectivity/wlan/core/gen4m/os/none/include/gl_csi.h,,<path hit>
fc3e8a5d97296d8058965c444759e74415e871f0bbdabe2427f66aef3dd4179e,wlan_drv_gen4m_6878,CHIP_TOKEN;PATH,gen4m,kernel_modules,connectivity/wlan/core/gen4m/os/none/include/gl_coredump.h,,<path hit>
fc3e8a5d97296d8058965c444759e74415e871f0bbdabe2427f66aef3dd4179e,wlan_drv_gen4m_6878,CHIP_TOKEN;PATH,gen4m,kernel_modules,connectivity/wlan/core/gen4m/os/none/include/gl_cfg80211.h,,<path hit>
fc3e8a5d97296d8058965c444759e74415e871f0bbdabe2427f66aef3dd4179e,wlan_drv_gen4m_6878,CHIP_TOKEN;PATH,gen4m,kernel_modules,connectivity/wlan/core/gen4m/os/none/include/gl_ate_agent.h,,<path hit>
fc3e8a5d97296d8058965c444759e74415e871f0bbdabe2427f66aef3dd4179e,wlan_drv_gen4m_6878,CHIP_TOKEN;PATH,gen4m,kernel_modules,connectivity/wlan/core/gen4m/os/none/hif/none/none.c,,<path hit>
fc3e8a5d97296d8058965c444759e74415e871f0bbdabe2427f66aef3dd4179e,wlan_drv_gen4m_6878,CHIP_TOKEN;PATH,gen4m,kernel_modules,connectivity/wlan/core/gen4m/os/none/hif/none/include/hif.h,,<path hit>
fc3e8a5d97296d8058965c444759e74415e871f0bbdabe2427f66aef3dd4179e,wlan_drv_gen4m_6878,CHIP_TOKEN;PATH,gen4m,kernel_modules,connectivity/wlan/core/gen4m/os/none/gl_sa_log.h,,<path hit>
fc3e8a5d97296d8058965c444759e74415e871f0bbdabe2427f66aef3dd4179e,wlan_drv_gen4m_6878,CHIP_TOKEN;PATH,gen4m,kernel_modules,connectivity/wlan/core/gen4m/os/none/gl_qa_agent.c,,<path hit>
fc3e8a5d97296d8058965c444759e74415e871f0bbdabe2427f66aef3dd4179e,wlan_drv_gen4m_6878,CHIP_TOKEN;PATH,gen4m,kernel_modules,connectivity/wlan/core/gen4m/os/none/gl_p2p_kal.c,,<path hit>
fc3e8a5d97296d8058965c444759e74415e871f0bbdabe2427f66aef3dd4179e,wlan_drv_gen4m_6878,CHIP_TOKEN;PATH,gen4m,kernel_modules,connectivity/wlan/core/gen4m/os/none/gl_kal.c,,<path hit>
fc3e8a5d97296d8058965c444759e74415e871f0bbdabe2427f66aef3dd4179e,wlan_drv_gen4m_6878,CHIP_TOKEN;PATH,gen4m,kernel_modules,connectivity/wlan/core/gen4m/os/none/gl_init.c,,<path hit>
fc3e8a5d97296d8058965c444759e74415e871f0bbdabe2427f66aef3dd4179e,wlan_drv_gen4m_6878,CHIP_TOKEN;PATH,gen4m,kernel_modules,connectivity/wlan/core/gen4m/os/none/gl_dependent.c,,<path hit>
fc3e8a5d97296d8058965c444759e74415e871f0bbdabe2427f66aef3dd4179e,wlan_drv_gen4m_6878,CHIP_TOKEN;PATH,gen4m,kernel_modules,connectivity/wlan/core/gen4m/os/none/gl_csi.c,,<path hit>
fc3e8a5d97296d8058965c444759e74415e871f0bbdabe2427f66aef3dd4179e,wlan_drv_gen4m_6878,CHIP_TOKEN;PATH,gen4m,kernel_modules,connectivity/wlan/core/gen4m/os/none/gl_ate_agent.c,,<path hit>
fc3e8a5d97296d8058965c444759e74415e871f0bbdabe2427f66aef3dd4179e,wlan_drv_gen4m_6878,CHIP_TOKEN;PATH,gen4m,kernel_modules,connectivity/wlan/core/gen4m/os/linux/platform.c,,<path hit>
fc3e8a5d97296d8058965c444759e74415e871f0bbdabe2427f66aef3dd4179e,wlan_drv_gen4m_6878,CHIP_TOKEN;PATH,gen4m,kernel_modules,connectivity/wlan/core/gen4m/os/linux/plat/mt6989/plat_priv.c,,<path hit>
fc3e8a5d97296d8058965c444759e74415e871f0bbdabe2427f66aef3dd4179e,wlan_drv_gen4m_6878,CHIP_TOKEN;PATH,gen4m,kernel_modules,connectivity/wlan/core/gen4m/os/linux/plat/mt6985/plat_priv.c,,<path hit>
fc3e8a5d97296d8058965c444759e74415e871f0bbdabe2427f66aef3dd4179e,wlan_drv_gen4m_6878,CHIP_TOKEN;PATH,gen4m,kernel_modules,connectivity/wlan/core/gen4m/os/linux/plat/mt6897/plat_priv.c,,<path hit>
fc3e8a5d97296d8058965c444759e74415e871f0bbdabe2427f66aef3dd4179e,wlan_drv_gen4m_6878,CHIP_TOKEN;PATH,gen4m,kernel_modules,connectivity/wlan/core/gen4m/os/linux/plat/mt6878/plat_priv.c,,<path hit>
fc3e8a5d97296d8058965c444759e74415e871f0bbdabe2427f66aef3dd4179e,wlan_drv_gen4m_6878,CHIP_TOKEN;PATH,gen4m,kernel_modules,connectivity/wlan/core/gen4m/os/linux/include/wlan_pinctrl.h,,<path hit>
fc3e8a5d97296d8058965c444759e74415e871f0bbdabe2427f66aef3dd4179e,wlan_drv_gen4m_6878,CHIP_TOKEN;PATH,gen4m,kernel_modules,connectivity/wlan/core/gen4m/os/linux/include/gl_wext_priv.h,,<path hit>
fc3e8a5d97296d8058965c444759e74415e871f0bbdabe2427f66aef3dd4179e,wlan_drv_gen4m_6878,CHIP_TOKEN;PATH,gen4m,kernel_modules,connectivity/wlan/core/gen4m/os/linux/include/gl_wext.h,,<path hit>
fc3e8a5d97296d8058965c444759e74415e871f0bbdabe2427f66aef3dd4179e,wlan_drv_gen4m_6878,CHIP_TOKEN;PATH,gen4m,kernel_modules,connectivity/wlan/core/gen4m/os/linux/include/gl_vendor_ndp.h,,<path hit>
fc3e8a5d97296d8058965c444759e74415e871f0bbdabe2427f66aef3dd4179e,wlan_drv_gen4m_6878,CHIP_TOKEN;PATH,gen4m,kernel_modules,connectivity/wlan/core/gen4m/os/linux/include/gl_vendor_nan.h,,<path hit>
fc3e8a5d97296d8058965c444759e74415e871f0bbdabe2427f66aef3dd4179e,wlan_drv_gen4m_6878,CHIP_TOKEN;PATH,gen4m,kernel_modules,connectivity/wlan/core/gen4m/os/linux/include/gl_vendor.h,,<path hit>
fc3e8a5d97296d8058965c444759e74415e871f0bbdabe2427f66aef3dd4179e,wlan_drv_gen4m_6878,CHIP_TOKEN;PATH,gen4m,kernel_modules,connectivity/wlan/core/gen4m/os/linux/include/gl_typedef.h,,<path hit>
fc3e8a5d97296d8058965c444759e74415e871f0bbdabe2427f66aef3dd4179e,wlan_drv_gen4m_6878,CHIP_TOKEN;PATH,gen4m,kernel_modules,connectivity/wlan/core/gen4m/os/linux/include/gl_sys_lock.h,,<path hit>
fc3e8a5d97296d8058965c444759e74415e871f0bbdabe2427f66aef3dd4179e,wlan_drv_gen4m_6878,CHIP_TOKEN;PATH,gen4m,kernel_modules,connectivity/wlan/core/gen4m/os/linux/include/gl_sec.h,,<path hit>
fc3e8a5d97296d8058965c444759e74415e871f0bbdabe2427f66aef3dd4179e,wlan_drv_gen4m_6878,CHIP_TOKEN;PATH,gen4m,kernel_modules,connectivity/wlan/core/gen4m/os/linux/include/gl_sa_log.h,,<path hit>
fc3e8a5d97296d8058965c444759e74415e871f0bbdabe2427f66aef3dd4179e,wlan_drv_gen4m_6878,CHIP_TOKEN;PATH,gen4m,kernel_modules,connectivity/wlan/core/gen4m/os/linux/include/gl_rst.h,,<path hit>
fc3e8a5d97296d8058965c444759e74415e871f0bbdabe2427f66aef3dd4179e,wlan_drv_gen4m_6878,CHIP_TOKEN;PATH,gen4m,kernel_modules,connectivity/wlan/core/gen4m/os/linux/include/gl_qa_agent.h,,<path hit>
fc3e8a5d97296d8058965c444759e74415e871f0bbdabe2427f66aef3dd4179e,wlan_drv_gen4m_6878,CHIP_TOKEN;PATH,gen4m,kernel_modules,connectivity/wlan/core/gen4m/os/linux/include/gl_p2p_os.h,,<path hit>
fc3e8a5d97296d8058965c444759e74415e871f0bbdabe2427f66aef3dd4179e,wlan_drv_gen4m_6878,CHIP_TOKEN;PATH,gen4m,kernel_modules,connectivity/wlan/core/gen4m/os/linux/include/gl_p2p_kal.h,,<path hit>
fc3e8a5d97296d8058965c444759e74415e871f0bbdabe2427f66aef3dd4179e,wlan_drv_gen4m_6878,CHIP_TOKEN;PATH,gen4m,kernel_modules,connectivity/wlan/core/gen4m/os/linux/include/gl_p2p_ioctl.h,,<path hit>
fc3e8a5d97296d8058965c444759e74415e871f0bbdabe2427f66aef3dd4179e,wlan_drv_gen4m_6878,CHIP_TOKEN;PATH,gen4m,kernel_modules,connectivity/wlan/core/gen4m/os/linux/include/gl_os.h,,<path hit>
fc3e8a5d97296d8058965c444759e74415e871f0bbdabe2427f66aef3dd4179e,wlan_drv_gen4m_6878,CHIP_TOKEN;PATH,gen4m,kernel_modules,connectivity/wlan/core/gen4m/os/linux/include/gl_nan_os.h,,<path hit>
fc3e8a5d97296d8058965c444759e74415e871f0bbdabe2427f66aef3dd4179e,wlan_drv_gen4m_6878,CHIP_TOKEN;PATH,gen4m,kernel_modules,connectivity/wlan/core/gen4m/os/linux/include/gl_met_log.h,,<path hit>
fc3e8a5d97296d8058965c444759e74415e871f0bbdabe2427f66aef3dd4179e,wlan_drv_gen4m_6878,CHIP_TOKEN;PATH,gen4m,kernel_modules,connectivity/wlan/core/gen4m/os/linux/include/gl_kal.h,,<path hit>
fc3e8a5d97296d8058965c444759e74415e871f0bbdabe2427f66aef3dd4179e,wlan_drv_gen4m_6878,CHIP_TOKEN;PATH,gen4m,kernel_modules,connectivity/wlan/core/gen4m/os/linux/include/gl_ics.h,,<path hit>
fc3e8a5d97296d8058965c444759e74415e871f0bbdabe2427f66aef3dd4179e,wlan_drv_gen4m_6878,CHIP_TOKEN;PATH,gen4m,kernel_modules,connectivity/wlan/core/gen4m/os/linux/include/gl_hook_api.h,,<path hit>
fc3e8a5d97296d8058965c444759e74415e871f0bbdabe2427f66aef3dd4179e,wlan_drv_gen4m_6878,CHIP_TOKEN;PATH,gen4m,kernel_modules,connectivity/wlan/core/gen4m/os/linux/include/gl_fw_log.h,,<path hit>
fc3e8a5d97296d8058965c444759e74415e871f0bbdabe2427f66aef3dd4179e,wlan_drv_gen4m_6878,CHIP_TOKEN;PATH,gen4m,kernel_modules,connectivity/wlan/core/gen4m/os/linux/include/gl_fw_dev.h,,<path hit>
fc3e8a5d97296d8058965c444759e74415e871f0bbdabe2427f66aef3dd4179e,wlan_drv_gen4m_6878,CHIP_TOKEN;PATH,gen4m,kernel_modules,connectivity/wlan/core/gen4m/os/linux/include/gl_emi.h,,<path hit>
fc3e8a5d97296d8058965c444759e74415e871f0bbdabe2427f66aef3dd4179e,wlan_drv_gen4m_6878,CHIP_TOKEN;PATH,gen4m,kernel_modules,connectivity/wlan/core/gen4m/os/linux/include/gl_csi.h,,<path hit>
fc3e8a5d97296d8058965c444759e74415e871f0bbdabe2427f66aef3dd4179e,wlan_drv_gen4m_6878,CHIP_TOKEN;PATH,gen4m,kernel_modules,connectivity/wlan/core/gen4m/os/linux/include/gl_coredump.h,,<path hit>
fc3e8a5d97296d8058965c444759e74415e871f0bbdabe2427f66aef3dd4179e,wlan_drv_gen4m_6878,CHIP_TOKEN;PATH,gen4m,kernel_modules,connectivity/wlan/core/gen4m/os/linux/include/gl_cmd_validate.h,,<path hit>
fc3e8a5d97296d8058965c444759e74415e871f0bbdabe2427f66aef3dd4179e,wlan_drv_gen4m_6878,CHIP_TOKEN;PATH,gen4m,kernel_modules,connectivity/wlan/core/gen4m/os/linux/include/gl_cfg80211.h,,<path hit>
fc3e8a5d97296d8058965c444759e74415e871f0bbdabe2427f66aef3dd4179e,wlan_drv_gen4m_6878,CHIP_TOKEN;PATH,gen4m,kernel_modules,connectivity/wlan/core/gen4m/os/linux/include/gl_ate_agent.h,,<path hit>
fc3e8a5d97296d8058965c444759e74415e871f0bbdabe2427f66aef3dd4179e,wlan_drv_gen4m_6878,CHIP_TOKEN;PATH,gen4m,kernel_modules,connectivity/wlan/core/gen4m/os/linux/hif/usb/usb.c,,<path hit>
fc3e8a5d97296d8058965c444759e74415e871f0bbdabe2427f66aef3dd4179e,wlan_drv_gen4m_6878,CHIP_TOKEN;PATH,gen4m,kernel_modules,connectivity/wlan/core/gen4m/os/linux/hif/usb/include/hif_usb.h,,<path hit>
fc3e8a5d97296d8058965c444759e74415e871f0bbdabe2427f66aef3dd4179e,wlan_drv_gen4m_6878,CHIP_TOKEN;PATH,gen4m,kernel_modules,connectivity/wlan/core/gen4m/os/linux/hif/usb/include/hif.h,,<path hit>
fc3e8a5d97296d8058965c444759e74415e871f0bbdabe2427f66aef3dd4179e,wlan_drv_gen4m_6878,CHIP_TOKEN;PATH,gen4m,kernel_modules,connectivity/wlan/core/gen4m/os/linux/hif/usb/include/cust_usb_id.h,,<path hit>
fc3e8a5d97296d8058965c444759e74415e871f0bbdabe2427f66aef3dd4179e,wlan_drv_gen4m_6878,CHIP_TOKEN;PATH,gen4m,kernel_modules,connectivity/wlan/core/gen4m/os/linux/hif/usb/hal_api.c,,<path hit>
fc3e8a5d97296d8058965c444759e74415e871f0bbdabe2427f66aef3dd4179e,wlan_drv_gen4m_6878,CHIP_TOKEN;PATH,gen4m,kernel_modules,connectivity/wlan/core/gen4m/os/linux/hif/sdio/x86.c,,<path hit>
fc3e8a5d97296d8058965c444759e74415e871f0bbdabe2427f66aef3dd4179e,wlan_drv_gen4m_6878,CHIP_TOKEN;PATH,gen4m,kernel_modules,connectivity/wlan/core/gen4m/os/linux/hif/sdio/sdio_test_driver_ops.c,,<path hit>
fc3e8a5d97296d8058965c444759e74415e871f0bbdabe2427f66aef3dd4179e,wlan_drv_gen4m_6878,CHIP_TOKEN;PATH,gen4m,kernel_modules,connectivity/wlan/core/gen4m/os/linux/hif/sdio/sdio_test_driver_core.c,,<path hit>
fc3e8a5d97296d8058965c444759e74415e871f0bbdabe2427f66aef3dd4179e,wlan_drv_gen4m_6878,CHIP_TOKEN;PATH,gen4m,kernel_modules,connectivity/wlan/core/gen4m/os/linux/hif/sdio/sdio.c,,<path hit>
fc3e8a5d97296d8058965c444759e74415e871f0bbdabe2427f66aef3dd4179e,wlan_drv_gen4m_6878,CHIP_TOKEN;PATH,gen4m,kernel_modules,connectivity/wlan/core/gen4m/build/connac3x/eap_6639/Makefile,,<path hit>
fc3e8a5d97296d8058965c444759e74415e871f0bbdabe2427f66aef3dd4179e,wlan_drv_gen4m_6878,CHIP_TOKEN;PATH,gen4m,kernel_modules,connectivity/wlan/core/gen4m/build/connac3x/eap_6639/BUILD.bazel,,<path hit>
fc3e8a5d97296d8058965c444759e74415e871f0bbdabe2427f66aef3dd4179e,wlan_drv_gen4m_6878,CHIP_TOKEN;PATH,gen4m,kernel_modules,connectivity/wlan/core/gen4m/os/linux/hif/sdio/include/test_driver_sdio_ops.h,,<path hit>
fc3e8a5d97296d8058965c444759e74415e871f0bbdabe2427f66aef3dd4179e,wlan_drv_gen4m_6878,CHIP_TOKEN;PATH,gen4m,kernel_modules,connectivity/wlan/core/gen4m/build/connac3x/dtv_connac3/Kbuild.dtv,,<path hit>
fc3e8a5d97296d8058965c444759e74415e871f0bbdabe2427f66aef3dd4179e,wlan_drv_gen4m_6878,CHIP_TOKEN;PATH,gen4m,kernel_modules,connectivity/wlan/core/gen4m/os/linux/hif/sdio/include/mtk_porting.h,,<path hit>
fc3e8a5d97296d8058965c444759e74415e871f0bbdabe2427f66aef3dd4179e,wlan_drv_gen4m_6878,CHIP_TOKEN;PATH,gen4m,kernel_modules,connectivity/wlan/core/gen4m/os/linux/hif/sdio/include/hif_sdio.h,,<path hit>
fc3e8a5d97296d8058965c444759e74415e871f0bbdabe2427f66aef3dd4179e,wlan_drv_gen4m_6878,CHIP_TOKEN;PATH,gen4m,kernel_modules,connectivity/wlan/core/gen4m/build/connac3x/Makefile,,<path hit>
fc3e8a5d97296d8058965c444759e74415e871f0bbdabe2427f66aef3dd4179e,wlan_drv_gen4m_6878,CHIP_TOKEN;PATH,gen4m,kernel_modules,connectivity/wlan/core/gen4m/os/linux/hif/sdio/include/hif.h,,<path hit>
fc3e8a5d97296d8058965c444759e74415e871f0bbdabe2427f66aef3dd4179e,wlan_drv_gen4m_6878,CHIP_TOKEN;PATH,gen4m,kernel_modules,connectivity/wlan/core/gen4m/os/linux/hif/sdio/hal_api.c,,<path hit>
fc3e8a5d97296d8058965c444759e74415e871f0bbdabe2427f66aef3dd4179e,wlan_drv_gen4m_6878,CHIP_TOKEN;PATH,gen4m,kernel_modules,connectivity/wlan/core/gen4m/os/linux/hif/sdio/arm.c,,<path hit>
fc3e8a5d97296d8058965c444759e74415e871f0bbdabe2427f66aef3dd4179e,wlan_drv_gen4m_6878,CHIP_TOKEN;PATH,gen4m,kernel_modules,connectivity/wlan/core/gen4m/build/connac3x/6989_6639_offload/Makefile,,<path hit>
fc3e8a5d97296d8058965c444759e74415e871f0bbdabe2427f66aef3dd4179e,wlan_drv_gen4m_6878,CHIP_TOKEN;PATH,gen4m,kernel_modules,connectivity/wlan/core/gen4m/build/connac3x/6989_6639_offload/BUILD.bazel,,<path hit>
fc3e8a5d97296d8058965c444759e74415e871f0bbdabe2427f66aef3dd4179e,wlan_drv_gen4m_6878,CHIP_TOKEN;PATH,gen4m,kernel_modules,connectivity/wlan/core/gen4m/os/linux/hif/pcie/pcie_msi.c,,<path hit>
fc3e8a5d97296d8058965c444759e74415e871f0bbdabe2427f66aef3dd4179e,wlan_drv_gen4m_6878,CHIP_TOKEN;PATH,gen4m,kernel_modules,connectivity/wlan/core/gen4m/os/linux/hif/pcie/pcie.c,,<path hit>
fc3e8a5d97296d8058965c444759e74415e871f0bbdabe2427f66aef3dd4179e,wlan_drv_gen4m_6878,CHIP_TOKEN;PATH,gen4m,kernel_modules,connectivity/wlan/core/gen4m/os/linux/hif/pcie/include/hif.h,,<path hit>
fc3e8a5d97296d8058965c444759e74415e871f0bbdabe2427f66aef3dd4179e,wlan_drv_gen4m_6878,CHIP_TOKEN;PATH,gen4m,kernel_modules,connectivity/wlan/core/gen4m/build/connac3x/6989_6639_mp2/Makefile,,<path hit>
fc3e8a5d97296d8058965c444759e74415e871f0bbdabe2427f66aef3dd4179e,wlan_drv_gen4m_6878,CHIP_TOKEN;PATH,gen4m,kernel_modules,connectivity/wlan/core/gen4m/build/connac3x/6989_6639_mp2/BUILD.bazel,,<path hit>
fc3e8a5d97296d8058965c444759e74415e871f0bbdabe2427f66aef3dd4179e,wlan_drv_gen4m_6878,CHIP_TOKEN;PATH,gen4m,kernel_modules,connectivity/wlan/core/gen4m/build/connac3x/6989_6639_dppm/Makefile,,<path hit>
fc3e8a5d97296d8058965c444759e74415e871f0bbdabe2427f66aef3dd4179e,wlan_drv_gen4m_6878,CHIP_TOKEN;PATH,gen4m,kernel_modules,connectivity/wlan/core/gen4m/build/connac3x/6989_6639_dppm/BUILD.bazel,,<path hit>
fc3e8a5d97296d8058965c444759e74415e871f0bbdabe2427f66aef3dd4179e,wlan_drv_gen4m_6878,CHIP_TOKEN;PATH,gen4m,kernel_modules,connectivity/wlan/core/gen4m/os/linux/hif/ehpi/include/hif.h,,<path hit>
fc3e8a5d97296d8058965c444759e74415e871f0bbdabe2427f66aef3dd4179e,wlan_drv_gen4m_6878,CHIP_TOKEN;PATH,gen4m,kernel_modules,connectivity/wlan/core/gen4m/build/connac3x/6989_6639/Makefile,,<path hit>
fc3e8a5d97296d8058965c444759e74415e871f0bbdabe2427f66aef3dd4179e,wlan_drv_gen4m_6878,CHIP_TOKEN;PATH,gen4m,kernel_modules,connectivity/wlan/core/gen4m/os/linux/hif/ehpi/include/colibri.h,,<path hit>
fc3e8a5d97296d8058965c444759e74415e871f0bbdabe2427f66aef3dd4179e,wlan_drv_gen4m_6878,CHIP_TOKEN;PATH,gen4m,kernel_modules,connectivity/wlan/core/gen4m/build/connac3x/6989_6639/BUILD.bazel,,<path hit>
fc3e8a5d97296d8058965c444759e74415e871f0bbdabe2427f66aef3dd4179e,wlan_drv_gen4m_6878,CHIP_TOKEN;PATH,gen4m,kernel_modules,connectivity/wlan/core/gen4m/os/linux/hif/ehpi/ehpi.c,,<path hit>
fc3e8a5d97296d8058965c444759e74415e871f0bbdabe2427f66aef3dd4179e,wlan_drv_gen4m_6878,CHIP_TOKEN;PATH,gen4m,kernel_modules,connectivity/wlan/core/gen4m/os/linux/hif/ehpi/colibri.c,,<path hit>
fc3e8a5d97296d8058965c444759e74415e871f0bbdabe2427f66aef3dd4179e,wlan_drv_gen4m_6878,CHIP_TOKEN;PATH,gen4m,kernel_modules,connectivity/wlan/core/gen4m/os/linux/hif/ehpi/arm.c,,<path hit>
fc3e8a5d97296d8058965c444759e74415e871f0bbdabe2427f66aef3dd4179e,wlan_drv_gen4m_6878,CHIP_TOKEN;PATH,gen4m,kernel_modules,connectivity/wlan/core/gen4m/build/connac3x/6985_6639/Makefile,,<path hit>
fc3e8a5d97296d8058965c444759e74415e871f0bbdabe2427f66aef3dd4179e,wlan_drv_gen4m_6878,CHIP_TOKEN;PATH,gen4m,kernel_modules,connectivity/wlan/core/gen4m/build/connac3x/6985_6639/BUILD.bazel,,<path hit>
fc3e8a5d97296d8058965c444759e74415e871f0bbdabe2427f66aef3dd4179e,wlan_drv_gen4m_6878,CHIP_TOKEN;PATH,gen4m,kernel_modules,connectivity/wlan/core/gen4m/os/linux/hif/common/sw_wfdma.c,,<path hit>
fc3e8a5d97296d8058965c444759e74415e871f0bbdabe2427f66aef3dd4179e,wlan_drv_gen4m_6878,CHIP_TOKEN;PATH,gen4m,kernel_modules,connectivity/wlan/core/gen4m/os/linux/hif/common/sw_emi_ring.c,,<path hit>
fc3e8a5d97296d8058965c444759e74415e871f0bbdabe2427f66aef3dd4179e,wlan_drv_gen4m_6878,CHIP_TOKEN;PATH,gen4m,kernel_modules,connectivity/wlan/core/gen4m/os/linux/hif/common/kal_pdma.c,,<path hit>
fc3e8a5d97296d8058965c444759e74415e871f0bbdabe2427f66aef3dd4179e,wlan_drv_gen4m_6878,CHIP_TOKEN;PATH,gen4m,kernel_modules,connectivity/wlan/core/gen4m/build/connac2x/6897/Makefile,,<path hit>
fc3e8a5d97296d8058965c444759e74415e871f0bbdabe2427f66aef3dd4179e,wlan_drv_gen4m_6878,CHIP_TOKEN;PATH,gen4m,kernel_modules,connectivity/wlan/core/gen4m/build/connac2x/6897/BUILD.bazel,,<path hit>
fc3e8a5d97296d8058965c444759e74415e871f0bbdabe2427f66aef3dd4179e,wlan_drv_gen4m_6878,CHIP_TOKEN;PATH,gen4m,kernel_modules,connectivity/wlan/core/gen4m/os/linux/hif/common/include/hif_pdma.h,,<path hit>
fc3e8a5d97296d8058965c444759e74415e871f0bbdabe2427f66aef3dd4179e,wlan_drv_gen4m_6878,CHIP_TOKEN;PATH,gen4m,kernel_modules,connectivity/wlan/core/gen4m/os/linux/hif/common/hif_mem.c,,<path hit>
fc3e8a5d97296d8058965c444759e74415e871f0bbdabe2427f66aef3dd4179e,wlan_drv_gen4m_6878,CHIP_TOKEN;PATH,gen4m,kernel_modules,connectivity/wlan/core/gen4m/os/linux/hif/common/hal_pdma.c,,<path hit>
fc3e8a5d97296d8058965c444759e74415e871f0bbdabe2427f66aef3dd4179e,wlan_drv_gen4m_6878,CHIP_TOKEN;PATH,gen4m,kernel_modules,connectivity/wlan/core/gen4m/os/linux/hif/common/hal_offload.c,,<path hit>
fc3e8a5d97296d8058965c444759e74415e871f0bbdabe2427f66aef3dd4179e,wlan_drv_gen4m_6878,CHIP_TOKEN;PATH,gen4m,kernel_modules,connectivity/wlan/core/gen4m/os/linux/hif/common/dbg_pdma.c,,<path hit>
fc3e8a5d97296d8058965c444759e74415e871f0bbdabe2427f66aef3dd4179e,wlan_drv_gen4m_6878,CHIP_TOKEN;PATH,gen4m,kernel_modules,connectivity/wlan/core/gen4m/build/connac2x/6893/Makefile,,<path hit>
fc3e8a5d97296d8058965c444759e74415e871f0bbdabe2427f66aef3dd4179e,wlan_drv_gen4m_6878,CHIP_TOKEN;PATH,gen4m,kernel_modules,connectivity/wlan/core/gen4m/build/connac2x/6893/BUILD.bazel,,<path hit>
fc3e8a5d97296d8058965c444759e74415e871f0bbdabe2427f66aef3dd4179e,wlan_drv_gen4m_6878,CHIP_TOKEN;PATH,gen4m,kernel_modules,connectivity/wlan/core/gen4m/build/connac2x/6878/Makefile,,<path hit>
fc3e8a5d97296d8058965c444759e74415e871f0bbdabe2427f66aef3dd4179e,wlan_drv_gen4m_6878,CHIP_TOKEN;PATH,gen4m,kernel_modules,connectivity/wlan/core/gen4m/build/connac2x/6878/BUILD.bazel,,<path hit>
fc3e8a5d97296d8058965c444759e74415e871f0bbdabe2427f66aef3dd4179e,wlan_drv_gen4m_6878,CHIP_TOKEN;PATH,gen4m,kernel_modules,connectivity/wlan/core/gen4m/Makefile.x86,,<path hit>
fc3e8a5d97296d8058965c444759e74415e871f0bbdabe2427f66aef3dd4179e,wlan_drv_gen4m_6878,CHIP_TOKEN;PATH,gen4m,kernel_modules,connectivity/wlan/core/gen4m/Makefile.openwrt,,<path hit>
fc3e8a5d97296d8058965c444759e74415e871f0bbdabe2427f66aef3dd4179e,wlan_drv_gen4m_6878,CHIP_TOKEN;PATH,gen4m,kernel_modules,connectivity/wlan/core/gen4m/Makefile.none_sta,,<path hit>
fc3e8a5d97296d8058965c444759e74415e871f0bbdabe2427f66aef3dd4179e,wlan_drv_gen4m_6878,CHIP_TOKEN;PATH,gen4m,kernel_modules,connectivity/wlan/core/gen4m/Makefile.none,,<path hit>
fc3e8a5d97296d8058965c444759e74415e871f0bbdabe2427f66aef3dd4179e,wlan_drv_gen4m_6878,CHIP_TOKEN;PATH,gen4m,kernel_modules,connectivity/wlan/core/gen4m/Makefile.ce,,<path hit>
fc3e8a5d97296d8058965c444759e74415e871f0bbdabe2427f66aef3dd4179e,wlan_drv_gen4m_6878,CHIP_TOKEN;PATH,gen4m,kernel_modules,connectivity/wlan/core/gen4m/Makefile,,<path hit>
fc3e8a5d97296d8058965c444759e74415e871f0bbdabe2427f66aef3dd4179e,wlan_drv_gen4m_6878,CHIP_TOKEN;PATH,gen4m,kernel_modules,connectivity/wlan/core/gen4m/Kbuild.main,,<path hit>
fc3e8a5d97296d8058965c444759e74415e871f0bbdabe2427f66aef3dd4179e,wlan_drv_gen4m_6878,CHIP_TOKEN;PATH,gen4m,kernel_modules,connectivity/wlan/core/gen4m/Kbuild.eap_6639,,<path hit>
fc3e8a5d97296d8058965c444759e74415e871f0bbdabe2427f66aef3dd4179e,wlan_drv_gen4m_6878,CHIP_TOKEN;PATH,gen4m,kernel_modules,connectivity/wlan/core/gen4m/Kbuild.6989_6639_offload,,<path hit>
fc3e8a5d97296d8058965c444759e74415e871f0bbdabe2427f66aef3dd4179e,wlan_drv_gen4m_6878,CHIP_TOKEN;PATH,gen4m,kernel_modules,connectivity/wlan/core/gen4m/Kbuild.6989_6639_mp2,,<path hit>
fc3e8a5d97296d8058965c444759e74415e871f0bbdabe2427f66aef3dd4179e,wlan_drv_gen4m_6878,CHIP_TOKEN;PATH,gen4m,kernel_modules,connectivity/wlan/core/gen4m/Kbuild.6989_6639_dppm,,<path hit>
fc3e8a5d97296d8058965c444759e74415e871f0bbdabe2427f66aef3dd4179e,wlan_drv_gen4m_6878,CHIP_TOKEN;PATH,gen4m,kernel_modules,connectivity/wlan/core/gen4m/Kbuild.6989_6639,,<path hit>
fc3e8a5d97296d8058965c444759e74415e871f0bbdabe2427f66aef3dd4179e,wlan_drv_gen4m_6878,CHIP_TOKEN;PATH,gen4m,kernel_modules,connectivity/wlan/core/gen4m/Kbuild.6985_6639,,<path hit>
fc3e8a5d97296d8058965c444759e74415e871f0bbdabe2427f66aef3dd4179e,wlan_drv_gen4m_6878,CHIP_TOKEN;PATH,gen4m,kernel_modules,connectivity/wlan/core/gen4m/Kbuild.6897,,<path hit>
fc3e8a5d97296d8058965c444759e74415e871f0bbdabe2427f66aef3dd4179e,wlan_drv_gen4m_6878,CHIP_TOKEN;PATH,gen4m,kernel_modules,connectivity/wlan/core/gen4m/Kbuild.6893,,<path hit>
fc3e8a5d97296d8058965c444759e74415e871f0bbdabe2427f66aef3dd4179e,wlan_drv_gen4m_6878,CHIP_TOKEN;PATH,gen4m,kernel_modules,connectivity/wlan/core/gen4m/Kbuild.6878,,<path hit>
fc3e8a5d97296d8058965c444759e74415e871f0bbdabe2427f66aef3dd4179e,wlan_drv_gen4m_6878,CHIP_TOKEN;PATH,gen4m,kernel_modules,connectivity/wlan/core/gen4m/Kbuild,,<path hit>
fc3e8a5d97296d8058965c444759e74415e871f0bbdabe2427f66aef3dd4179e,wlan_drv_gen4m_6878,CHIP_TOKEN;PATH,gen4m,kernel_modules,connectivity/wlan/core/gen4m/BUILD.bazel,,<path hit>
fc3e8a5d97296d8058965c444759e74415e871f0bbdabe2427f66aef3dd4179e,wlan_drv_gen4m_6878,CHIP_TOKEN;PATH,gen4m,kernel_modules,connectivity/wlan/core/gen4m/Android.mk,,<path hit>
fc3e8a5d97296d8058965c444759e74415e871f0bbdabe2427f66aef3dd4179e,wlan_drv_gen4m_6878,CHIP_TOKEN;PATH,gen4m,kernel_modules,connectivity/wlan/core/gen4m/os/linux/hif/axi/include/hif.h,,<path hit>
fc3e8a5d97296d8058965c444759e74415e871f0bbdabe2427f66aef3dd4179e,wlan_drv_gen4m_6878,CHIP_TOKEN;PATH,gen4m,kernel_modules,connectivity/wlan/core/gen4m/os/linux/hif/axi/axi.c,,<path hit>
fc3e8a5d97296d8058965c444759e74415e871f0bbdabe2427f66aef3dd4179e,wlan_drv_gen4m_6878,CHIP_TOKEN;PATH,gen4m,kernel_modules,connectivity/wlan/core/gen4m/os/linux/gl_wext_priv.c,,<path hit>
fc3e8a5d97296d8058965c444759e74415e871f0bbdabe2427f66aef3dd4179e,wlan_drv_gen4m_6878,CHIP_TOKEN;PATH,gen4m,kernel_modules,connectivity/wlan/core/gen4m/os/linux/gl_wext.c,,<path hit>
fc3e8a5d97296d8058965c444759e74415e871f0bbdabe2427f66aef3dd4179e,wlan_drv_gen4m_6878,CHIP_TOKEN;PATH,gen4m,kernel_modules,connectivity/wlan/core/gen4m/os/linux/gl_vendor_ndp.c,,<path hit>
fc3e8a5d97296d8058965c444759e74415e871f0bbdabe2427f66aef3dd4179e,wlan_drv_gen4m_6878,CHIP_TOKEN;PATH,gen4m,kernel_modules,connectivity/wlan/core/gen4m/os/linux/gl_vendor_nan.c,,<path hit>
fc3e8a5d97296d8058965c444759e74415e871f0bbdabe2427f66aef3dd4179e,wlan_drv_gen4m_6878,CHIP_TOKEN;PATH,gen4m,kernel_modules,connectivity/wlan/core/gen4m/os/linux/gl_vendor.c,,<path hit>
fc3e8a5d97296d8058965c444759e74415e871f0bbdabe2427f66aef3dd4179e,wlan_drv_gen4m_6878,CHIP_TOKEN;PATH,gen4m,kernel_modules,connectivity/wlan/core/gen4m/os/linux/gl_sys_lock.c,,<path hit>
fc3e8a5d97296d8058965c444759e74415e871f0bbdabe2427f66aef3dd4179e,wlan_drv_gen4m_6878,CHIP_TOKEN;PATH,gen4m,kernel_modules,connectivity/wlan/core/gen4m/os/linux/gl_sa_log.c,,<path hit>
fc3e8a5d97296d8058965c444759e74415e871f0bbdabe2427f66aef3dd4179e,wlan_drv_gen4m_6878,CHIP_TOKEN;PATH,gen4m,kernel_modules,connectivity/wlan/core/gen4m/os/linux/gl_rst.c,,<path hit>
fc3e8a5d97296d8058965c444759e74415e871f0bbdabe2427f66aef3dd4179e,wlan_drv_gen4m_6878,CHIP_TOKEN;PATH,gen4m,kernel_modules,connectivity/wlan/core/gen4m/os/linux/gl_reg_rule.c,,<path hit>
fc3e8a5d97296d8058965c444759e74415e871f0bbdabe2427f66aef3dd4179e,wlan_drv_gen4m_6878,CHIP_TOKEN;PATH,gen4m,kernel_modules,connectivity/wlan/core/gen4m/os/linux/gl_qa_agent.c,,<path hit>
fc3e8a5d97296d8058965c444759e74415e871f0bbdabe2427f66aef3dd4179e,wlan_drv_gen4m_6878,CHIP_TOKEN;PATH,gen4m,kernel_modules,connectivity/wlan/core/gen4m/os/linux/gl_proc.c,,<path hit>
fc3e8a5d97296d8058965c444759e74415e871f0bbdabe2427f66aef3dd4179e,wlan_drv_gen4m_6878,CHIP_TOKEN;PATH,gen4m,kernel_modules,connectivity/wlan/core/gen4m/os/linux/gl_p2p_kal.c,,<path hit>
fc3e8a5d97296d8058965c444759e74415e871f0bbdabe2427f66aef3dd4179e,wlan_drv_gen4m_6878,CHIP_TOKEN;PATH,gen4m,kernel_modules,connectivity/wlan/core/gen4m/os/linux/gl_p2p_init.c,,<path hit>
fc3e8a5d97296d8058965c444759e74415e871f0bbdabe2427f66aef3dd4179e,wlan_drv_gen4m_6878,CHIP_TOKEN;PATH,gen4m,kernel_modules,connectivity/wlan/core/gen4m/os/linux/gl_p2p_cfg80211.c,,<path hit>
fc3e8a5d97296d8058965c444759e74415e871f0bbdabe2427f66aef3dd4179e,wlan_drv_gen4m_6878,CHIP_TOKEN;PATH,gen4m,kernel_modules,connectivity/wlan/core/gen4m/os/linux/gl_p2p.c,,<path hit>
fc3e8a5d97296d8058965c444759e74415e871f0bbdabe2427f66aef3dd4179e,wlan_drv_gen4m_6878,CHIP_TOKEN;PATH,gen4m,kernel_modules,connectivity/wlan/core/gen4m/os/linux/gl_nan.c,,<path hit>
fc3e8a5d97296d8058965c444759e74415e871f0bbdabe2427f66aef3dd4179e,wlan_drv_gen4m_6878,CHIP_TOKEN;PATH,gen4m,kernel_modules,connectivity/wlan/core/gen4m/os/linux/gl_met_log.c,,<path hit>
fc3e8a5d97296d8058965c444759e74415e871f0bbdabe2427f66aef3dd4179e,wlan_drv_gen4m_6878,CHIP_TOKEN;PATH,gen4m,kernel_modules,connectivity/wlan/core/gen4m/os/linux/gl_kal.c,,<path hit>
fc3e8a5d97296d8058965c444759e74415e871f0bbdabe2427f66aef3dd4179e,wlan_drv_gen4m_6878,CHIP_TOKEN;PATH,gen4m,kernel_modules,connectivity/wlan/core/gen4m/os/linux/gl_init.c,,<path hit>
fc3e8a5d97296d8058965c444759e74415e871f0bbdabe2427f66aef3dd4179e,wlan_drv_gen4m_6878,CHIP_TOKEN;PATH,gen4m,kernel_modules,connectivity/wlan/core/gen4m/os/linux/gl_ics.c,,<path hit>
fc3e8a5d97296d8058965c444759e74415e871f0bbdabe2427f66aef3dd4179e,wlan_drv_gen4m_6878,CHIP_TOKEN;PATH,gen4m,kernel_modules,connectivity/wlan/core/gen4m/os/linux/gl_hook_api.c,,<path hit>
fc3e8a5d97296d8058965c444759e74415e871f0bbdabe2427f66aef3dd4179e,wlan_drv_gen4m_6878,CHIP_TOKEN;PATH,gen4m,kernel_modules,connectivity/wlan/core/gen4m/os/linux/gl_fw_log.c,,<path hit>
fc3e8a5d97296d8058965c444759e74415e871f0bbdabe2427f66aef3dd4179e,wlan_drv_gen4m_6878,CHIP_TOKEN;PATH,gen4m,kernel_modules,connectivity/wlan/core/gen4m/os/linux/gl_fw_dev.c,,<path hit>
fc3e8a5d97296d8058965c444759e74415e871f0bbdabe2427f66aef3dd4179e,wlan_drv_gen4m_6878,CHIP_TOKEN;PATH,gen4m,kernel_modules,connectivity/wlan/core/gen4m/os/linux/gl_emi.c,,<path hit>
fc3e8a5d97296d8058965c444759e74415e871f0bbdabe2427f66aef3dd4179e,wlan_drv_gen4m_6878,CHIP_TOKEN;PATH,gen4m,kernel_modules,connectivity/wlan/core/gen4m/os/linux/gl_custom.c,,<path hit>
fc3e8a5d97296d8058965c444759e74415e871f0bbdabe2427f66aef3dd4179e,wlan_drv_gen4m_6878,CHIP_TOKEN;PATH,gen4m,kernel_modules,connectivity/wlan/core/gen4m/os/linux/gl_csi.c,,<path hit>
fc3e8a5d97296d8058965c444759e74415e871f0bbdabe2427f66aef3dd4179e,wlan_drv_gen4m_6878,CHIP_TOKEN;PATH,gen4m,kernel_modules,connectivity/wlan/core/gen4m/os/linux/gl_coredump.c,,<path hit>
fc3e8a5d97296d8058965c444759e74415e871f0bbdabe2427f66aef3dd4179e,wlan_drv_gen4m_6878,CHIP_TOKEN;PATH,gen4m,kernel_modules,connectivity/wlan/core/gen4m/os/linux/gl_cmd_validate.c,,<path hit>
fc3e8a5d97296d8058965c444759e74415e871f0bbdabe2427f66aef3dd4179e,wlan_drv_gen4m_6878,CHIP_TOKEN;PATH,gen4m,kernel_modules,connectivity/wlan/core/gen4m/os/linux/gl_cfg80211.c,,<path hit>
fc3e8a5d97296d8058965c444759e74415e871f0bbdabe2427f66aef3dd4179e,wlan_drv_gen4m_6878,CHIP_TOKEN;PATH,gen4m,kernel_modules,connectivity/wlan/core/gen4m/os/linux/gl_bow.c,,<path hit>
fc3e8a5d97296d8058965c444759e74415e871f0bbdabe2427f66aef3dd4179e,wlan_drv_gen4m_6878,CHIP_TOKEN;PATH,gen4m,kernel_modules,connectivity/wlan/core/gen4m/os/linux/gl_ate_agent.c,,<path hit>
fc3e8a5d97296d8058965c444759e74415e871f0bbdabe2427f66aef3dd4179e,wlan_drv_gen4m_6878,CHIP_TOKEN;PATH,gen4m,kernel_modules,connectivity/wlan/core/gen4m/nic/radiotap.c,,<path hit>
fc3e8a5d97296d8058965c444759e74415e871f0bbdabe2427f66aef3dd4179e,wlan_drv_gen4m_6878,CHIP_TOKEN;PATH,gen4m,kernel_modules,connectivity/wlan/core/gen4m/nic/que_mgt.c,,<path hit>
fc3e8a5d97296d8058965c444759e74415e871f0bbdabe2427f66aef3dd4179e,wlan_drv_gen4m_6878,CHIP_TOKEN;PATH,gen4m,kernel_modules,connectivity/wlan/core/gen4m/nic/p2p_nic.c,,<path hit>
fc3e8a5d97296d8058965c444759e74415e871f0bbdabe2427f66aef3dd4179e,wlan_drv_gen4m_6878,CHIP_TOKEN;PATH,gen4m,kernel_modules,connectivity/wlan/core/gen4m/nic/nic_uni_cmd_event.c,,<path hit>
fc3e8a5d97296d8058965c444759e74415e871f0bbdabe2427f66aef3dd4179e,wlan_drv_gen4m_6878,CHIP_TOKEN;PATH,gen4m,kernel_modules,connectivity/wlan/core/gen4m/nic/nic_umac.c,,<path hit>
fc3e8a5d97296d8058965c444759e74415e871f0bbdabe2427f66aef3dd4179e,wlan_drv_gen4m_6878,CHIP_TOKEN;PATH,gen4m,kernel_modules,connectivity/wlan/core/gen4m/nic/nic_txd_v3.c,,<path hit>
fc3e8a5d97296d8058965c444759e74415e871f0bbdabe2427f66aef3dd4179e,wlan_drv_gen4m_6878,CHIP_TOKEN;PATH,gen4m,kernel_modules,connectivity/wlan/core/gen4m/nic/nic_txd_v2.c,,<path hit>
fc3e8a5d97296d8058965c444759e74415e871f0bbdabe2427f66aef3dd4179e,wlan_drv_gen4m_6878,CHIP_TOKEN;PATH,gen4m,kernel_modules,connectivity/wlan/core/gen4m/nic/nic_txd_v1.c,,<path hit>
fc3e8a5d97296d8058965c444759e74415e871f0bbdabe2427f66aef3dd4179e,wlan_drv_gen4m_6878,CHIP_TOKEN;PATH,gen4m,kernel_modules,connectivity/wlan/core/gen4m/nic/nic_tx.c,,<path hit>
fc3e8a5d97296d8058965c444759e74415e871f0bbdabe2427f66aef3dd4179e,wlan_drv_gen4m_6878,CHIP_TOKEN;PATH,gen4m,kernel_modules,connectivity/wlan/core/gen4m/nic/nic_rxd_v3.c,,<path hit>
fc3e8a5d97296d8058965c444759e74415e871f0bbdabe2427f66aef3dd4179e,wlan_drv_gen4m_6878,CHIP_TOKEN;PATH,gen4m,kernel_modules,connectivity/wlan/core/gen4m/nic/nic_rxd_v2.c,,<path hit>
fc3e8a5d97296d8058965c444759e74415e871f0bbdabe2427f66aef3dd4179e,wlan_drv_gen4m_6878,CHIP_TOKEN;PATH,gen4m,kernel_modules,connectivity/wlan/core/gen4m/nic/nic_rxd_v1.c,,<path hit>
fc3e8a5d97296d8058965c444759e74415e871f0bbdabe2427f66aef3dd4179e,wlan_drv_gen4m_6878,CHIP_TOKEN;PATH,gen4m,kernel_modules,connectivity/wlan/core/gen4m/nic/nic_rx.c,,<path hit>
fc3e8a5d97296d8058965c444759e74415e871f0bbdabe2427f66aef3dd4179e,wlan_drv_gen4m_6878,CHIP_TOKEN;PATH,gen4m,kernel_modules,connectivity/wlan/core/gen4m/nic/nic_rate.c,,<path hit>
fc3e8a5d97296d8058965c444759e74415e871f0bbdabe2427f66aef3dd4179e,wlan_drv_gen4m_6878,CHIP_TOKEN;PATH,gen4m,kernel_modules,connectivity/wlan/core/gen4m/nic/nic_pwr_mgt.c,,<path hit>
fc3e8a5d97296d8058965c444759e74415e871f0bbdabe2427f66aef3dd4179e,wlan_drv_gen4m_6878,CHIP_TOKEN;PATH,gen4m,kernel_modules,connectivity/wlan/core/gen4m/nic/nic_ext_cmd_event.c,,<path hit>
fc3e8a5d97296d8058965c444759e74415e871f0bbdabe2427f66aef3dd4179e,wlan_drv_gen4m_6878,CHIP_TOKEN;PATH,gen4m,kernel_modules,connectivity/wlan/core/gen4m/nic/nic_cmd_event.c,,<path hit>
fc3e8a5d97296d8058965c444759e74415e871f0bbdabe2427f66aef3dd4179e,wlan_drv_gen4m_6878,CHIP_TOKEN;PATH,gen4m,kernel_modules,connectivity/wlan/core/gen4m/nic/nic.c,,<path hit>
fc3e8a5d97296d8058965c444759e74415e871f0bbdabe2427f66aef3dd4179e,wlan_drv_gen4m_6878,CHIP_TOKEN;PATH,gen4m,kernel_modules,connectivity/wlan/core/gen4m/nic/cmd_buf.c,,<path hit>
fc3e8a5d97296d8058965c444759e74415e871f0bbdabe2427f66aef3dd4179e,wlan_drv_gen4m_6878,CHIP_TOKEN;PATH,gen4m,kernel_modules,connectivity/wlan/core/gen4m/nan/nan_txm.c,,<path hit>
fc3e8a5d97296d8058965c444759e74415e871f0bbdabe2427f66aef3dd4179e,wlan_drv_gen4m_6878,CHIP_TOKEN;PATH,gen4m,kernel_modules,connectivity/wlan/core/gen4m/nan/nan_sec.c,,<path hit>
fc3e8a5d97296d8058965c444759e74415e871f0bbdabe2427f66aef3dd4179e,wlan_drv_gen4m_6878,CHIP_TOKEN;PATH,gen4m,kernel_modules,connectivity/wlan/core/gen4m/nan/nan_ranging.c,,<path hit>
fc3e8a5d97296d8058965c444759e74415e871f0bbdabe2427f66aef3dd4179e,wlan_drv_gen4m_6878,CHIP_TOKEN;PATH,gen4m,kernel_modules,connectivity/wlan/core/gen4m/nan/nan_dev.c,,<path hit>
fc3e8a5d97296d8058965c444759e74415e871f0bbdabe2427f66aef3dd4179e,wlan_drv_gen4m_6878,CHIP_TOKEN;PATH,gen4m,kernel_modules,connectivity/wlan/core/gen4m/nan/nan_data_engine_util.c,,<path hit>
fc3e8a5d97296d8058965c444759e74415e871f0bbdabe2427f66aef3dd4179e,wlan_drv_gen4m_6878,CHIP_TOKEN;PATH,gen4m,kernel_modules,connectivity/wlan/core/gen4m/nan/nan_data_engine.c,,<path hit>
fc3e8a5d97296d8058965c444759e74415e871f0bbdabe2427f66aef3dd4179e,wlan_drv_gen4m_6878,CHIP_TOKEN;PATH,gen4m,kernel_modules,connectivity/wlan/core/gen4m/nan/nanScheduler.c,,<path hit>
fc3e8a5d97296d8058965c444759e74415e871f0bbdabe2427f66aef3dd4179e,wlan_drv_gen4m_6878,CHIP_TOKEN;PATH,gen4m,kernel_modules,connectivity/wlan/core/gen4m/nan/nanReg.c,,<path hit>
fc3e8a5d97296d8058965c444759e74415e871f0bbdabe2427f66aef3dd4179e,wlan_drv_gen4m_6878,CHIP_TOKEN;PATH,gen4m,kernel_modules,connectivity/wlan/core/gen4m/nan/nanDiscovery.c,,<path hit>
fc3e8a5d97296d8058965c444759e74415e871f0bbdabe2427f66aef3dd4179e,wlan_drv_gen4m_6878,CHIP_TOKEN;PATH,gen4m,kernel_modules,connectivity/wlan/core/gen4m/mgmt/wnm.c,,<path hit>
fc3e8a5d97296d8058965c444759e74415e871f0bbdabe2427f66aef3dd4179e,wlan_drv_gen4m_6878,CHIP_TOKEN;PATH,gen4m,kernel_modules,connectivity/wlan/core/gen4m/mgmt/wmm.c,,<path hit>
fc3e8a5d97296d8058965c444759e74415e871f0bbdabe2427f66aef3dd4179e,wlan_drv_gen4m_6878,CHIP_TOKEN;PATH,gen4m,kernel_modules,connectivity/wlan/core/gen4m/mgmt/wlan_ring.c,,<path hit>
fc3e8a5d97296d8058965c444759e74415e871f0bbdabe2427f66aef3dd4179e,wlan_drv_gen4m_6878,CHIP_TOKEN;PATH,gen4m,kernel_modules,connectivity/wlan/core/gen4m/mgmt/wapi.c,,<path hit>
fc3e8a5d97296d8058965c444759e74415e871f0bbdabe2427f66aef3dd4179e,wlan_drv_gen4m_6878,CHIP_TOKEN;PATH,gen4m,kernel_modules,connectivity/wlan/core/gen4m/mgmt/twt_req_fsm.c,,<path hit>
fc3e8a5d97296d8058965c444759e74415e871f0bbdabe2427f66aef3dd4179e,wlan_drv_gen4m_6878,CHIP_TOKEN;PATH,gen4m,kernel_modules,connectivity/wlan/core/gen4m/mgmt/p2p_assoc.c,,<path hit>
fc3e8a5d97296d8058965c444759e74415e871f0bbdabe2427f66aef3dd4179e,wlan_drv_gen4m_6878,CHIP_TOKEN;PATH,gen4m,kernel_modules,connectivity/wlan/core/gen4m/mgmt/twt_planner.c,,<path hit>
fc3e8a5d97296d8058965c444759e74415e871f0bbdabe2427f66aef3dd4179e,wlan_drv_gen4m_6878,CHIP_TOKEN;PATH,gen4m,kernel_modules,connectivity/wlan/core/gen4m/mgmt/twt.c,,<path hit>
fc3e8a5d97296d8058965c444759e74415e871f0bbdabe2427f66aef3dd4179e,wlan_drv_gen4m_6878,CHIP_TOKEN;PATH,gen4m,kernel_modules,connectivity/wlan/core/gen4m/mgmt/mscs.c,,<path hit>
fc3e8a5d97296d8058965c444759e74415e871f0bbdabe2427f66aef3dd4179e,wlan_drv_gen4m_6878,CHIP_TOKEN;PATH,gen4m,kernel_modules,connectivity/wlan/core/gen4m/mgmt/tkip_mic.c,,<path hit>
fc3e8a5d97296d8058965c444759e74415e871f0bbdabe2427f66aef3dd4179e,wlan_drv_gen4m_6878,CHIP_TOKEN;PATH,gen4m,kernel_modules,connectivity/wlan/core/gen4m/mgmt/mlr.c,,<path hit>
fc3e8a5d97296d8058965c444759e74415e871f0bbdabe2427f66aef3dd4179e,wlan_drv_gen4m_6878,CHIP_TOKEN;PATH,gen4m,kernel_modules,connectivity/wlan/core/gen4m/mgmt/thrm.c,,<path hit>
fc3e8a5d97296d8058965c444759e74415e871f0bbdabe2427f66aef3dd4179e,wlan_drv_gen4m_6878,CHIP_TOKEN;PATH,gen4m,kernel_modules,connectivity/wlan/core/gen4m/mgmt/mlo.c,,<path hit>
fc3e8a5d97296d8058965c444759e74415e871f0bbdabe2427f66aef3dd4179e,wlan_drv_gen4m_6878,CHIP_TOKEN;PATH,gen4m,kernel_modules,connectivity/wlan/core/gen4m/mgmt/mib.c,,<path hit>
fc3e8a5d97296d8058965c444759e74415e871f0bbdabe2427f66aef3dd4179e,wlan_drv_gen4m_6878,CHIP_TOKEN;PATH,gen4m,kernel_modules,connectivity/wlan/core/gen4m/mgmt/mddp.c,,<path hit>
fc3e8a5d97296d8058965c444759e74415e871f0bbdabe2427f66aef3dd4179e,wlan_drv_gen4m_6878,CHIP_TOKEN;PATH,gen4m,kernel_modules,connectivity/wlan/core/gen4m/mgmt/ie_sort.c,,<path hit>
fc3e8a5d97296d8058965c444759e74415e871f0bbdabe2427f66aef3dd4179e,wlan_drv_gen4m_6878,CHIP_TOKEN;PATH,gen4m,kernel_modules,connectivity/wlan/core/gen4m/mgmt/hs20.c,,<path hit>
fc3e8a5d97296d8058965c444759e74415e871f0bbdabe2427f66aef3dd4179e,wlan_drv_gen4m_6878,CHIP_TOKEN;PATH,gen4m,kernel_modules,connectivity/wlan/core/gen4m/mgmt/hem_mbox.c,,<path hit>
fc3e8a5d97296d8058965c444759e74415e871f0bbdabe2427f66aef3dd4179e,wlan_drv_gen4m_6878,CHIP_TOKEN;PATH,gen4m,kernel_modules,connectivity/wlan/core/gen4m/mgmt/he_rlm.c,,<path hit>
fc3e8a5d97296d8058965c444759e74415e871f0bbdabe2427f66aef3dd4179e,wlan_drv_gen4m_6878,CHIP_TOKEN;PATH,gen4m,kernel_modules,connectivity/wlan/core/gen4m/mgmt/he_ie.c,,<path hit>
fc3e8a5d97296d8058965c444759e74415e871f0bbdabe2427f66aef3dd4179e,wlan_drv_gen4m_6878,CHIP_TOKEN;PATH,gen4m,kernel_modules,connectivity/wlan/core/gen4m/mgmt/gcm.c,,<path hit>
fc3e8a5d97296d8058965c444759e74415e871f0bbdabe2427f66aef3dd4179e,wlan_drv_gen4m_6878,CHIP_TOKEN;PATH,gen4m,kernel_modules,connectivity/wlan/core/gen4m/mgmt/fils.c,,<path hit>
fc3e8a5d97296d8058965c444759e74415e871f0bbdabe2427f66aef3dd4179e,wlan_drv_gen4m_6878,CHIP_TOKEN;PATH,gen4m,kernel_modules,connectivity/wlan/core/gen4m/mgmt/epcs.c,,<path hit>
fc3e8a5d97296d8058965c444759e74415e871f0bbdabe2427f66aef3dd4179e,wlan_drv_gen4m_6878,CHIP_TOKEN;PATH,gen4m,kernel_modules,connectivity/wlan/core/gen4m/mgmt/eht_rlm.c,,<path hit>
fc3e8a5d97296d8058965c444759e74415e871f0bbdabe2427f66aef3dd4179e,wlan_drv_gen4m_6878,CHIP_TOKEN;PATH,gen4m,kernel_modules,connectivity/wlan/core/gen4m/mgmt/cnm_timer.c,,<path hit>
fc3e8a5d97296d8058965c444759e74415e871f0bbdabe2427f66aef3dd4179e,wlan_drv_gen4m_6878,CHIP_TOKEN;PATH,gen4m,kernel_modules,connectivity/wlan/core/gen4m/mgmt/cnm_mem.c,,<path hit>
fc3e8a5d97296d8058965c444759e74415e871f0bbdabe2427f66aef3dd4179e,wlan_drv_gen4m_6878,CHIP_TOKEN;PATH,gen4m,kernel_modules,connectivity/wlan/core/gen4m/mgmt/cnm.c,,<path hit>
fc3e8a5d97296d8058965c444759e74415e871f0bbdabe2427f66aef3dd4179e,wlan_drv_gen4m_6878,CHIP_TOKEN;PATH,gen4m,kernel_modules,connectivity/wlan/core/gen4m/mgmt/bss.c,,<path hit>
fc3e8a5d97296d8058965c444759e74415e871f0bbdabe2427f66aef3dd4179e,wlan_drv_gen4m_6878,CHIP_TOKEN;PATH,gen4m,kernel_modules,connectivity/wlan/core/gen4m/mgmt/auth.c,,<path hit>
fc3e8a5d97296d8058965c444759e74415e871f0bbdabe2427f66aef3dd4179e,wlan_drv_gen4m_6878,CHIP_TOKEN;PATH,gen4m,kernel_modules,connectivity/wlan/core/gen4m/mgmt/assoc.c,,<path hit>
fc3e8a5d97296d8058965c444759e74415e871f0bbdabe2427f66aef3dd4179e,wlan_drv_gen4m_6878,CHIP_TOKEN;PATH,gen4m,kernel_modules,connectivity/wlan/core/gen4m/mgmt/aps.c,,<path hit>
fc3e8a5d97296d8058965c444759e74415e871f0bbdabe2427f66aef3dd4179e,wlan_drv_gen4m_6878,CHIP_TOKEN;PATH,gen4m,kernel_modules,connectivity/wlan/core/gen4m/mgmt/ap_selection.c,,<path hit>
fc3e8a5d97296d8058965c444759e74415e871f0bbdabe2427f66aef3dd4179e,wlan_drv_gen4m_6878,CHIP_TOKEN;PATH,gen4m,kernel_modules,connectivity/wlan/core/gen4m/mgmt/ais_fsm.c,,<path hit>
fc3e8a5d97296d8058965c444759e74415e871f0bbdabe2427f66aef3dd4179e,wlan_drv_gen4m_6878,CHIP_TOKEN;PATH,gen4m,kernel_modules,connectivity/wlan/core/gen4m/mgmt/aaa_fsm.c,,<path hit>
fc3e8a5d97296d8058965c444759e74415e871f0bbdabe2427f66aef3dd4179e,wlan_drv_gen4m_6878,CHIP_TOKEN;PATH,gen4m,kernel_modules,connectivity/wlan/core/gen4m/mgmt/tdls.c,,<path hit>
fc3e8a5d97296d8058965c444759e74415e871f0bbdabe2427f66aef3dd4179e,wlan_drv_gen4m_6878,CHIP_TOKEN;PATH,gen4m,kernel_modules,connectivity/wlan/core/gen4m/mgmt/t2lm.c,,<path hit>
fc3e8a5d97296d8058965c444759e74415e871f0bbdabe2427f66aef3dd4179e,wlan_drv_gen4m_6878,CHIP_TOKEN;PATH,gen4m,kernel_modules,connectivity/wlan/core/gen4m/mgmt/swcr.c,,<path hit>
fc3e8a5d97296d8058965c444759e74415e871f0bbdabe2427f66aef3dd4179e,wlan_drv_gen4m_6878,CHIP_TOKEN;PATH,gen4m,kernel_modules,connectivity/wlan/core/gen4m/mgmt/stats.c,,<path hit>
fc3e8a5d97296d8058965c444759e74415e871f0bbdabe2427f66aef3dd4179e,wlan_drv_gen4m_6878,CHIP_TOKEN;PATH,gen4m,kernel_modules,connectivity/wlan/core/gen4m/mgmt/scan_fsm.c,,<path hit>
fc3e8a5d97296d8058965c444759e74415e871f0bbdabe2427f66aef3dd4179e,wlan_drv_gen4m_6878,CHIP_TOKEN;PATH,gen4m,kernel_modules,connectivity/wlan/core/gen4m/mgmt/scan_cache.c,,<path hit>
fc3e8a5d97296d8058965c444759e74415e871f0bbdabe2427f66aef3dd4179e,wlan_drv_gen4m_6878,CHIP_TOKEN;PATH,gen4m,kernel_modules,connectivity/wlan/core/gen4m/mgmt/scan.c,,<path hit>
fc3e8a5d97296d8058965c444759e74415e871f0bbdabe2427f66aef3dd4179e,wlan_drv_gen4m_6878,CHIP_TOKEN;PATH,gen4m,kernel_modules,connectivity/wlan/core/gen4m/mgmt/saa_fsm.c,,<path hit>
fc3e8a5d97296d8058965c444759e74415e871f0bbdabe2427f66aef3dd4179e,wlan_drv_gen4m_6878,CHIP_TOKEN;PATH,gen4m,kernel_modules,connectivity/wlan/core/gen4m/mgmt/rtt.c,,<path hit>
fc3e8a5d97296d8058965c444759e74415e871f0bbdabe2427f66aef3dd4179e,wlan_drv_gen4m_6878,CHIP_TOKEN;PATH,gen4m,kernel_modules,connectivity/wlan/core/gen4m/mgmt/rsn.c,,<path hit>
fc3e8a5d97296d8058965c444759e74415e871f0bbdabe2427f66aef3dd4179e,wlan_drv_gen4m_6878,CHIP_TOKEN;PATH,gen4m,kernel_modules,connectivity/wlan/core/gen4m/mgmt/rrm.c,,<path hit>
fc3e8a5d97296d8058965c444759e74415e871f0bbdabe2427f66aef3dd4179e,wlan_drv_gen4m_6878,CHIP_TOKEN;PATH,gen4m,kernel_modules,connectivity/wlan/core/gen4m/mgmt/roaming_fsm.c,,<path hit>
fc3e8a5d97296d8058965c444759e74415e871f0bbdabe2427f66aef3dd4179e,wlan_drv_gen4m_6878,CHIP_TOKEN;PATH,gen4m,kernel_modules,connectivity/wlan/core/gen4m/mgmt/rlm_protection.c,,<path hit>
fc3e8a5d97296d8058965c444759e74415e871f0bbdabe2427f66aef3dd4179e,wlan_drv_gen4m_6878,CHIP_TOKEN;PATH,gen4m,kernel_modules,connectivity/wlan/core/gen4m/mgmt/rlm_obss.c,,<path hit>
fc3e8a5d97296d8058965c444759e74415e871f0bbdabe2427f66aef3dd4179e,wlan_drv_gen4m_6878,CHIP_TOKEN;PATH,gen4m,kernel_modules,connectivity/wlan/core/gen4m/mgmt/rlm_domain.c,,<path hit>
fc3e8a5d97296d8058965c444759e74415e871f0bbdabe2427f66aef3dd4179e,wlan_drv_gen4m_6878,CHIP_TOKEN;PATH,gen4m,kernel_modules,connectivity/wlan/core/gen4m/mgmt/rlm.c,,<path hit>
fc3e8a5d97296d8058965c444759e74415e871f0bbdabe2427f66aef3dd4179e,wlan_drv_gen4m_6878,CHIP_TOKEN;PATH,gen4m,kernel_modules,connectivity/wlan/core/gen4m/mgmt/reg_rule.c,,<path hit>
fc3e8a5d97296d8058965c444759e74415e871f0bbdabe2427f66aef3dd4179e,wlan_drv_gen4m_6878,CHIP_TOKEN;PATH,gen4m,kernel_modules,connectivity/wlan/core/gen4m/mgmt/rate.c,,<path hit>
fc3e8a5d97296d8058965c444759e74415e871f0bbdabe2427f66aef3dd4179e,wlan_drv_gen4m_6878,CHIP_TOKEN;PATH,gen4m,kernel_modules,connectivity/wlan/core/gen4m/mgmt/qosmap.c,,<path hit>
fc3e8a5d97296d8058965c444759e74415e871f0bbdabe2427f66aef3dd4179e,wlan_drv_gen4m_6878,CHIP_TOKEN;PATH,gen4m,kernel_modules,connectivity/wlan/core/gen4m/mgmt/privacy.c,,<path hit>
fc3e8a5d97296d8058965c444759e74415e871f0bbdabe2427f66aef3dd4179e,wlan_drv_gen4m_6878,CHIP_TOKEN;PATH,gen4m,kernel_modules,connectivity/wlan/core/gen4m/mgmt/p2p_scan.c,,<path hit>
fc3e8a5d97296d8058965c444759e74415e871f0bbdabe2427f66aef3dd4179e,wlan_drv_gen4m_6878,CHIP_TOKEN;PATH,gen4m,kernel_modules,connectivity/wlan/core/gen4m/mgmt/p2p_role_state.c,,<path hit>
fc3e8a5d97296d8058965c444759e74415e871f0bbdabe2427f66aef3dd4179e,wlan_drv_gen4m_6878,CHIP_TOKEN;PATH,gen4m,kernel_modules,connectivity/wlan/core/gen4m/mgmt/p2p_role_fsm.c,,<path hit>
fc3e8a5d97296d8058965c444759e74415e871f0bbdabe2427f66aef3dd4179e,wlan_drv_gen4m_6878,CHIP_TOKEN;PATH,gen4m,kernel_modules,connectivity/wlan/core/gen4m/mgmt/p2p_rlm_obss.c,,<path hit>
fc3e8a5d97296d8058965c444759e74415e871f0bbdabe2427f66aef3dd4179e,wlan_drv_gen4m_6878,CHIP_TOKEN;PATH,gen4m,kernel_modules,connectivity/wlan/core/gen4m/mgmt/p2p_rlm.c,,<path hit>
fc3e8a5d97296d8058965c444759e74415e871f0bbdabe2427f66aef3dd4179e,wlan_drv_gen4m_6878,CHIP_TOKEN;PATH,gen4m,kernel_modules,connectivity/wlan/core/gen4m/mgmt/p2p_link.c,,<path hit>
fc3e8a5d97296d8058965c444759e74415e871f0bbdabe2427f66aef3dd4179e,wlan_drv_gen4m_6878,CHIP_TOKEN;PATH,gen4m,kernel_modules,connectivity/wlan/core/gen4m/mgmt/p2p_ie.c,,<path hit>
fc3e8a5d97296d8058965c444759e74415e871f0bbdabe2427f66aef3dd4179e,wlan_drv_gen4m_6878,CHIP_TOKEN;PATH,gen4m,kernel_modules,connectivity/wlan/core/gen4m/mgmt/p2p_func.c,,<path hit>
fc3e8a5d97296d8058965c444759e74415e871f0bbdabe2427f66aef3dd4179e,wlan_drv_gen4m_6878,CHIP_TOKEN;PATH,gen4m,kernel_modules,connectivity/wlan/core/gen4m/mgmt/p2p_fsm.c,,<path hit>
fc3e8a5d97296d8058965c444759e74415e871f0bbdabe2427f66aef3dd4179e,wlan_drv_gen4m_6878,CHIP_TOKEN;PATH,gen4m,kernel_modules,connectivity/wlan/core/gen4m/mgmt/p2p_dev_state.c,,<path hit>
fc3e8a5d97296d8058965c444759e74415e871f0bbdabe2427f66aef3dd4179e,wlan_drv_gen4m_6878,CHIP_TOKEN;PATH,gen4m,kernel_modules,connectivity/wlan/core/gen4m/mgmt/p2p_dev_fsm.c,,<path hit>
fc3e8a5d97296d8058965c444759e74415e871f0bbdabe2427f66aef3dd4179e,wlan_drv_gen4m_6878,CHIP_TOKEN;PATH,gen4m,kernel_modules,connectivity/wlan/core/gen4m/mgmt/p2p_bss.c,,<path hit>
fc3e8a5d97296d8058965c444759e74415e871f0bbdabe2427f66aef3dd4179e,wlan_drv_gen4m_6878,CHIP_TOKEN;PATH,gen4m,kernel_modules,connectivity/wlan/core/gen4m/include/wsys_cmd_handler_fw.h,,<path hit>
fc3e8a5d97296d8058965c444759e74415e871f0bbdabe2427f66aef3dd4179e,wlan_drv_gen4m_6878,CHIP_TOKEN;PATH,gen4m,kernel_modules,connectivity/wlan/core/gen4m/include/wpa_supp/wpa_supplicant/wpas_glue.h,,<path hit>
fc3e8a5d97296d8058965c444759e74415e871f0bbdabe2427f66aef3dd4179e,wlan_drv_gen4m_6878,CHIP_TOKEN;PATH,gen4m,kernel_modules,connectivity/wlan/core/gen4m/include/wpa_supp/wpa_supplicant/wpa_supplicant_i.h,,<path hit>
fc3e8a5d97296d8058965c444759e74415e871f0bbdabe2427f66aef3dd4179e,wlan_drv_gen4m_6878,CHIP_TOKEN;PATH,gen4m,kernel_modules,connectivity/wlan/core/gen4m/include/wpa_supp/src/utils/wpabuf.h,,<path hit>
fc3e8a5d97296d8058965c444759e74415e871f0bbdabe2427f66aef3dd4179e,wlan_drv_gen4m_6878,CHIP_TOKEN;PATH,gen4m,kernel_modules,connectivity/wlan/core/gen4m/include/wpa_supp/src/utils/state_machine.h,,<path hit>
fc3e8a5d97296d8058965c444759e74415e871f0bbdabe2427f66aef3dd4179e,wlan_drv_gen4m_6878,CHIP_TOKEN;PATH,gen4m,kernel_modules,connectivity/wlan/core/gen4m/include/wpa_supp/src/utils/list.h,,<path hit>
fc3e8a5d97296d8058965c444759e74415e871f0bbdabe2427f66aef3dd4179e,wlan_drv_gen4m_6878,CHIP_TOKEN;PATH,gen4m,kernel_modules,connectivity/wlan/core/gen4m/include/wpa_supp/src/utils/common.h,,<path hit>
fc3e8a5d97296d8058965c444759e74415e871f0bbdabe2427f66aef3dd4179e,wlan_drv_gen4m_6878,CHIP_TOKEN;PATH,gen4m,kernel_modules,connectivity/wlan/core/gen4m/include/wpa_supp/src/rsn_supp/wpa_ie.h,,<path hit>
fc3e8a5d97296d8058965c444759e74415e871f0bbdabe2427f66aef3dd4179e,wlan_drv_gen4m_6878,CHIP_TOKEN;PATH,gen4m,kernel_modules,connectivity/wlan/core/gen4m/include/wpa_supp/src/rsn_supp/wpa_i.h,,<path hit>
fc3e8a5d97296d8058965c444759e74415e871f0bbdabe2427f66aef3dd4179e,wlan_drv_gen4m_6878,CHIP_TOKEN;PATH,gen4m,kernel_modules,connectivity/wlan/core/gen4m/include/wpa_supp/src/rsn_supp/wpa.h,,<path hit>
fc3e8a5d97296d8058965c444759e74415e871f0bbdabe2427f66aef3dd4179e,wlan_drv_gen4m_6878,CHIP_TOKEN;PATH,gen4m,kernel_modules,connectivity/wlan/core/gen4m/include/wpa_supp/src/eapol_supp/eapol_supp_sm.h,,<path hit>
fc3e8a5d97296d8058965c444759e74415e871f0bbdabe2427f66aef3dd4179e,wlan_drv_gen4m_6878,CHIP_TOKEN;PATH,gen4m,kernel_modules,connectivity/wlan/core/gen4m/include/wpa_supp/src/eapol_auth/eapol_auth_sm_i.h,,<path hit>
fc3e8a5d97296d8058965c444759e74415e871f0bbdabe2427f66aef3dd4179e,wlan_drv_gen4m_6878,CHIP_TOKEN;PATH,gen4m,kernel_modules,connectivity/wlan/core/gen4m/include/wpa_supp/src/eapol_auth/eapol_auth_sm.h,,<path hit>
fc3e8a5d97296d8058965c444759e74415e871f0bbdabe2427f66aef3dd4179e,wlan_drv_gen4m_6878,CHIP_TOKEN;PATH,gen4m,kernel_modules,connectivity/wlan/core/gen4m/include/wpa_supp/src/crypto/sha512_i.h,,<path hit>
fc3e8a5d97296d8058965c444759e74415e871f0bbdabe2427f66aef3dd4179e,wlan_drv_gen4m_6878,CHIP_TOKEN;PATH,gen4m,kernel_modules,connectivity/wlan/core/gen4m/include/wpa_supp/src/crypto/sha384_i.h,,<path hit>
fc3e8a5d97296d8058965c444759e74415e871f0bbdabe2427f66aef3dd4179e,wlan_drv_gen4m_6878,CHIP_TOKEN;PATH,gen4m,kernel_modules,connectivity/wlan/core/gen4m/include/wpa_supp/src/crypto/sha384.h,,<path hit>
fc3e8a5d97296d8058965c444759e74415e871f0bbdabe2427f66aef3dd4179e,wlan_drv_gen4m_6878,CHIP_TOKEN;PATH,gen4m,kernel_modules,connectivity/wlan/core/gen4m/include/wpa_supp/src/crypto/sha256_i.h,,<path hit>
fc3e8a5d97296d8058965c444759e74415e871f0bbdabe2427f66aef3dd4179e,wlan_drv_gen4m_6878,CHIP_TOKEN;PATH,gen4m,kernel_modules,connectivity/wlan/core/gen4m/include/wpa_supp/src/crypto/sha256.h,,<path hit>
fc3e8a5d97296d8058965c444759e74415e871f0bbdabe2427f66aef3dd4179e,wlan_drv_gen4m_6878,CHIP_TOKEN;PATH,gen4m,kernel_modules,connectivity/wlan/core/gen4m/include/wpa_supp/src/crypto/sha1_i.h,,<path hit>
fc3e8a5d97296d8058965c444759e74415e871f0bbdabe2427f66aef3dd4179e,wlan_drv_gen4m_6878,CHIP_TOKEN;PATH,gen4m,kernel_modules,connectivity/wlan/core/gen4m/include/wpa_supp/src/crypto/sha1.h,,<path hit>
fc3e8a5d97296d8058965c444759e74415e871f0bbdabe2427f66aef3dd4179e,wlan_drv_gen4m_6878,CHIP_TOKEN;PATH,gen4m,kernel_modules,connectivity/wlan/core/gen4m/include/wpa_supp/src/crypto/random.h,,<path hit>
fc3e8a5d97296d8058965c444759e74415e871f0bbdabe2427f66aef3dd4179e,wlan_drv_gen4m_6878,CHIP_TOKEN;PATH,gen4m,kernel_modules,connectivity/wlan/core/gen4m/include/wpa_supp/src/crypto/crypto.h,,<path hit>
fc3e8a5d97296d8058965c444759e74415e871f0bbdabe2427f66aef3dd4179e,wlan_drv_gen4m_6878,CHIP_TOKEN;PATH,gen4m,kernel_modules,connectivity/wlan/core/gen4m/include/wpa_supp/src/crypto/aes_wrap.h,,<path hit>
fc3e8a5d97296d8058965c444759e74415e871f0bbdabe2427f66aef3dd4179e,wlan_drv_gen4m_6878,CHIP_TOKEN;PATH,gen4m,kernel_modules,connectivity/wlan/core/gen4m/include/wpa_supp/src/crypto/aes_siv.h,,<path hit>
fc3e8a5d97296d8058965c444759e74415e871f0bbdabe2427f66aef3dd4179e,wlan_drv_gen4m_6878,CHIP_TOKEN;PATH,gen4m,kernel_modules,connectivity/wlan/core/gen4m/include/wpa_supp/src/crypto/aes_i.h,,<path hit>
fc3e8a5d97296d8058965c444759e74415e871f0bbdabe2427f66aef3dd4179e,wlan_drv_gen4m_6878,CHIP_TOKEN;PATH,gen4m,kernel_modules,connectivity/wlan/core/gen4m/include/wpa_supp/src/crypto/aes.h,,<path hit>
fc3e8a5d97296d8058965c444759e74415e871f0bbdabe2427f66aef3dd4179e,wlan_drv_gen4m_6878,CHIP_TOKEN;PATH,gen4m,kernel_modules,connectivity/wlan/core/gen4m/include/nic_init_cmd_event.h,,<path hit>
fc3e8a5d97296d8058965c444759e74415e871f0bbdabe2427f66aef3dd4179e,wlan_drv_gen4m_6878,CHIP_TOKEN;PATH,gen4m,kernel_modules,connectivity/wlan/core/gen4m/include/nic_ext_cmd_event.h,,<path hit>
fc3e8a5d97296d8058965c444759e74415e871f0bbdabe2427f66aef3dd4179e,wlan_drv_gen4m_6878,CHIP_TOKEN;PATH,gen4m,kernel_modules,connectivity/wlan/core/gen4m/include/wpa_supp/src/common/wpa_ctrl.h,,<path hit>
fc3e8a5d97296d8058965c444759e74415e871f0bbdabe2427f66aef3dd4179e,wlan_drv_gen4m_6878,CHIP_TOKEN;PATH,gen4m,kernel_modules,connectivity/wlan/core/gen4m/include/nic_cmd_event.h,,<path hit>
fc3e8a5d97296d8058965c444759e74415e871f0bbdabe2427f66aef3dd4179e,wlan_drv_gen4m_6878,CHIP_TOKEN;PATH,gen4m,kernel_modules,connectivity/wlan/core/gen4m/include/wpa_supp/src/common/wpa_common.h,,<path hit>
fc3e8a5d97296d8058965c444759e74415e871f0bbdabe2427f66aef3dd4179e,wlan_drv_gen4m_6878,CHIP_TOKEN;PATH,gen4m,kernel_modules,connectivity/wlan/core/gen4m/include/wpa_supp/src/common/ieee802_11_defs.h,,<path hit>
fc3e8a5d97296d8058965c444759e74415e871f0bbdabe2427f66aef3dd4179e,wlan_drv_gen4m_6878,CHIP_TOKEN;PATH,gen4m,kernel_modules,connectivity/wlan/core/gen4m/include/wpa_supp/src/common/ieee802_11_common.h,,<path hit>
fc3e8a5d97296d8058965c444759e74415e871f0bbdabe2427f66aef3dd4179e,wlan_drv_gen4m_6878,CHIP_TOKEN;PATH,gen4m,kernel_modules,connectivity/wlan/core/gen4m/include/wpa_supp/src/common/eapol_common.h,,<path hit>
fc3e8a5d97296d8058965c444759e74415e871f0bbdabe2427f66aef3dd4179e,wlan_drv_gen4m_6878,CHIP_TOKEN;PATH,gen4m,kernel_modules,connectivity/wlan/core/gen4m/include/wpa_supp/src/common/defs.h,,<path hit>
fc3e8a5d97296d8058965c444759e74415e871f0bbdabe2427f66aef3dd4179e,wlan_drv_gen4m_6878,CHIP_TOKEN;PATH,gen4m,kernel_modules,connectivity/wlan/core/gen4m/include/wpa_supp/src/ap/wpa_auth_i.h,,<path hit>
fc3e8a5d97296d8058965c444759e74415e871f0bbdabe2427f66aef3dd4179e,wlan_drv_gen4m_6878,CHIP_TOKEN;PATH,gen4m,kernel_modules,connectivity/wlan/core/gen4m/include/wpa_supp/src/ap/wpa_auth_glue.h,,<path hit>
fc3e8a5d97296d8058965c444759e74415e871f0bbdabe2427f66aef3dd4179e,wlan_drv_gen4m_6878,CHIP_TOKEN;PATH,gen4m,kernel_modules,connectivity/wlan/core/gen4m/include/wpa_supp/src/ap/wpa_auth.h,,<path hit>
fc3e8a5d97296d8058965c444759e74415e871f0bbdabe2427f66aef3dd4179e,wlan_drv_gen4m_6878,CHIP_TOKEN;PATH,gen4m,kernel_modules,connectivity/wlan/core/gen4m/include/wpa_supp/src/ap/ieee802_1x.h,,<path hit>
fc3e8a5d97296d8058965c444759e74415e871f0bbdabe2427f66aef3dd4179e,wlan_drv_gen4m_6878,CHIP_TOKEN;PATH,gen4m,kernel_modules,connectivity/wlan/core/gen4m/include/wpa_supp/FourWayHandShake.h,,<path hit>
fc3e8a5d97296d8058965c444759e74415e871f0bbdabe2427f66aef3dd4179e,wlan_drv_gen4m_6878,CHIP_TOKEN;PATH,gen4m,kernel_modules,connectivity/wlan/core/gen4m/include/wlan_p2p.h,,<path hit>
fc3e8a5d97296d8058965c444759e74415e871f0bbdabe2427f66aef3dd4179e,wlan_drv_gen4m_6878,CHIP_TOKEN;PATH,gen4m,kernel_modules,connectivity/wlan/core/gen4m/include/wlan_oid.h,,<path hit>
fc3e8a5d97296d8058965c444759e74415e871f0bbdabe2427f66aef3dd4179e,wlan_drv_gen4m_6878,CHIP_TOKEN;PATH,gen4m,kernel_modules,connectivity/wlan/core/gen4m/include/wlan_lib.h,,<path hit>
fc3e8a5d97296d8058965c444759e74415e871f0bbdabe2427f66aef3dd4179e,wlan_drv_gen4m_6878,CHIP_TOKEN;PATH,gen4m,kernel_modules,connectivity/wlan/core/gen4m/include/wlan_he.h,,<path hit>
fc3e8a5d97296d8058965c444759e74415e871f0bbdabe2427f66aef3dd4179e,wlan_drv_gen4m_6878,CHIP_TOKEN;PATH,gen4m,kernel_modules,connectivity/wlan/core/gen4m/include/wlan_bow.h,,<path hit>
fc3e8a5d97296d8058965c444759e74415e871f0bbdabe2427f66aef3dd4179e,wlan_drv_gen4m_6878,CHIP_TOKEN;PATH,gen4m,kernel_modules,connectivity/wlan/core/gen4m/include/typedef.h,,<path hit>
fc3e8a5d97296d8058965c444759e74415e871f0bbdabe2427f66aef3dd4179e,wlan_drv_gen4m_6878,CHIP_TOKEN;PATH,gen4m,kernel_modules,connectivity/wlan/core/gen4m/include/rftest.h,,<path hit>
fc3e8a5d97296d8058965c444759e74415e871f0bbdabe2427f66aef3dd4179e,wlan_drv_gen4m_6878,CHIP_TOKEN;PATH,gen4m,kernel_modules,connectivity/wlan/core/gen4m/include/queue.h,,<path hit>
fc3e8a5d97296d8058965c444759e74415e871f0bbdabe2427f66aef3dd4179e,wlan_drv_gen4m_6878,CHIP_TOKEN;PATH,gen4m,kernel_modules,connectivity/wlan/core/gen4m/include/pwr_mgt.h,,<path hit>
fc3e8a5d97296d8058965c444759e74415e871f0bbdabe2427f66aef3dd4179e,wlan_drv_gen4m_6878,CHIP_TOKEN;PATH,gen4m,kernel_modules,connectivity/wlan/core/gen4m/include/precomp.h,,<path hit>
fc3e8a5d97296d8058965c444759e74415e871f0bbdabe2427f66aef3dd4179e,wlan_drv_gen4m_6878,CHIP_TOKEN;PATH,gen4m,kernel_modules,connectivity/wlan/core/gen4m/include/p2p_typedef.h,,<path hit>
fc3e8a5d97296d8058965c444759e74415e871f0bbdabe2427f66aef3dd4179e,wlan_drv_gen4m_6878,CHIP_TOKEN;PATH,gen4m,kernel_modules,connectivity/wlan/core/gen4m/include/p2p_precomp.h,,<path hit>
fc3e8a5d97296d8058965c444759e74415e871f0bbdabe2427f66aef3dd4179e,wlan_drv_gen4m_6878,CHIP_TOKEN;PATH,gen4m,kernel_modules,connectivity/wlan/core/gen4m/include/nic_uni_cmd_event.h,,<path hit>
fc3e8a5d97296d8058965c444759e74415e871f0bbdabe2427f66aef3dd4179e,wlan_drv_gen4m_6878,CHIP_TOKEN;PATH,gen4m,kernel_modules,connectivity/wlan/core/gen4m/include/nic/wlan_def.h,,<path hit>
fc3e8a5d97296d8058965c444759e74415e871f0bbdabe2427f66aef3dd4179e,wlan_drv_gen4m_6878,CHIP_TOKEN;PATH,gen4m,kernel_modules,connectivity/wlan/core/gen4m/include/nic/radiotap.h,,<path hit>
fc3e8a5d97296d8058965c444759e74415e871f0bbdabe2427f66aef3dd4179e,wlan_drv_gen4m_6878,CHIP_TOKEN;PATH,gen4m,kernel_modules,connectivity/wlan/core/gen4m/include/nic/que_mgt.h,,<path hit>
fc3e8a5d97296d8058965c444759e74415e871f0bbdabe2427f66aef3dd4179e,wlan_drv_gen4m_6878,CHIP_TOKEN;PATH,gen4m,kernel_modules,connectivity/wlan/core/gen4m/include/nic/p2p_nic_cmd_event.h,,<path hit>
fc3e8a5d97296d8058965c444759e74415e871f0bbdabe2427f66aef3dd4179e,wlan_drv_gen4m_6878,CHIP_TOKEN;PATH,gen4m,kernel_modules,connectivity/wlan/core/gen4m/include/nic/p2p_nic.h,,<path hit>
fc3e8a5d97296d8058965c444759e74415e871f0bbdabe2427f66aef3dd4179e,wlan_drv_gen4m_6878,CHIP_TOKEN;PATH,gen4m,kernel_modules,connectivity/wlan/core/gen4m/include/nic/p2p_mac.h,,<path hit>
fc3e8a5d97296d8058965c444759e74415e871f0bbdabe2427f66aef3dd4179e,wlan_drv_gen4m_6878,CHIP_TOKEN;PATH,gen4m,kernel_modules,connectivity/wlan/core/gen4m/include/nic/p2p_cmd_buf.h,,<path hit>
fc3e8a5d97296d8058965c444759e74415e871f0bbdabe2427f66aef3dd4179e,wlan_drv_gen4m_6878,CHIP_TOKEN;PATH,gen4m,kernel_modules,connectivity/wlan/core/gen4m/include/nic/p2p.h,,<path hit>
fc3e8a5d97296d8058965c444759e74415e871f0bbdabe2427f66aef3dd4179e,wlan_drv_gen4m_6878,CHIP_TOKEN;PATH,gen4m,kernel_modules,connectivity/wlan/core/gen4m/include/nic/nic_umac.h,,<path hit>
fc3e8a5d97296d8058965c444759e74415e871f0bbdabe2427f66aef3dd4179e,wlan_drv_gen4m_6878,CHIP_TOKEN;PATH,gen4m,kernel_modules,connectivity/wlan/core/gen4m/include/nic/nic_txd_v3.h,,<path hit>
fc3e8a5d97296d8058965c444759e74415e871f0bbdabe2427f66aef3dd4179e,wlan_drv_gen4m_6878,CHIP_TOKEN;PATH,gen4m,kernel_modules,connectivity/wlan/core/gen4m/include/nic/nic_txd_v2.h,,<path hit>
fc3e8a5d97296d8058965c444759e74415e871f0bbdabe2427f66aef3dd4179e,wlan_drv_gen4m_6878,CHIP_TOKEN;PATH,gen4m,kernel_modules,connectivity/wlan/core/gen4m/include/nic/nic_txd_v1.h,,<path hit>
fc3e8a5d97296d8058965c444759e74415e871f0bbdabe2427f66aef3dd4179e,wlan_drv_gen4m_6878,CHIP_TOKEN;PATH,gen4m,kernel_modules,connectivity/wlan/core/gen4m/include/nic/nic_tx.h,,<path hit>
fc3e8a5d97296d8058965c444759e74415e871f0bbdabe2427f66aef3dd4179e,wlan_drv_gen4m_6878,CHIP_TOKEN;PATH,gen4m,kernel_modules,connectivity/wlan/core/gen4m/include/nic/nic_rxd_v3.h,,<path hit>
fc3e8a5d97296d8058965c444759e74415e871f0bbdabe2427f66aef3dd4179e,wlan_drv_gen4m_6878,CHIP_TOKEN;PATH,gen4m,kernel_modules,connectivity/wlan/core/gen4m/include/nic/nic_rxd_v2.h,,<path hit>
fc3e8a5d97296d8058965c444759e74415e871f0bbdabe2427f66aef3dd4179e,wlan_drv_gen4m_6878,CHIP_TOKEN;PATH,gen4m,kernel_modules,connectivity/wlan/core/gen4m/include/nic/nic_rxd_v1.h,,<path hit>
fc3e8a5d97296d8058965c444759e74415e871f0bbdabe2427f66aef3dd4179e,wlan_drv_gen4m_6878,CHIP_TOKEN;PATH,gen4m,kernel_modules,connectivity/wlan/core/gen4m/include/nic/nic_rx.h,,<path hit>
fc3e8a5d97296d8058965c444759e74415e871f0bbdabe2427f66aef3dd4179e,wlan_drv_gen4m_6878,CHIP_TOKEN;PATH,gen4m,kernel_modules,connectivity/wlan/core/gen4m/include/nic/nic_rate.h,,<path hit>
fc3e8a5d97296d8058965c444759e74415e871f0bbdabe2427f66aef3dd4179e,wlan_drv_gen4m_6878,CHIP_TOKEN;PATH,gen4m,kernel_modules,connectivity/wlan/core/gen4m/include/nic/nic_connac3x_tx.h,,<path hit>
fc3e8a5d97296d8058965c444759e74415e871f0bbdabe2427f66aef3dd4179e,wlan_drv_gen4m_6878,CHIP_TOKEN;PATH,gen4m,kernel_modules,connectivity/wlan/core/gen4m/include/nic/nic_connac3x_rx.h,,<path hit>
fc3e8a5d97296d8058965c444759e74415e871f0bbdabe2427f66aef3dd4179e,wlan_drv_gen4m_6878,CHIP_TOKEN;PATH,gen4m,kernel_modules,connectivity/wlan/core/gen4m/include/nic/nic_connac2x_tx.h,,<path hit>
fc3e8a5d97296d8058965c444759e74415e871f0bbdabe2427f66aef3dd4179e,wlan_drv_gen4m_6878,CHIP_TOKEN;PATH,gen4m,kernel_modules,connectivity/wlan/core/gen4m/include/nic/nic_connac2x_rx.h,,<path hit>
fc3e8a5d97296d8058965c444759e74415e871f0bbdabe2427f66aef3dd4179e,wlan_drv_gen4m_6878,CHIP_TOKEN;PATH,gen4m,kernel_modules,connectivity/wlan/core/gen4m/include/nic/nic.h,,<path hit>
fc3e8a5d97296d8058965c444759e74415e871f0bbdabe2427f66aef3dd4179e,wlan_drv_gen4m_6878,CHIP_TOKEN;PATH,gen4m,kernel_modules,connectivity/wlan/core/gen4m/include/nic/mt66xx_reg.h,,<path hit>
fc3e8a5d97296d8058965c444759e74415e871f0bbdabe2427f66aef3dd4179e,wlan_drv_gen4m_6878,CHIP_TOKEN;PATH,gen4m,kernel_modules,connectivity/wlan/core/gen4m/include/nic/mac.h,,<path hit>
fc3e8a5d97296d8058965c444759e74415e871f0bbdabe2427f66aef3dd4179e,wlan_drv_gen4m_6878,CHIP_TOKEN;PATH,gen4m,kernel_modules,connectivity/wlan/core/gen4m/include/nic/hif_tx.h,,<path hit>
fc3e8a5d97296d8058965c444759e74415e871f0bbdabe2427f66aef3dd4179e,wlan_drv_gen4m_6878,CHIP_TOKEN;PATH,gen4m,kernel_modules,connectivity/wlan/core/gen4m/include/nic/hif_rx.h,,<path hit>
fc3e8a5d97296d8058965c444759e74415e871f0bbdabe2427f66aef3dd4179e,wlan_drv_gen4m_6878,CHIP_TOKEN;PATH,gen4m,kernel_modules,connectivity/wlan/core/gen4m/include/nic/hal.h,,<path hit>
fc3e8a5d97296d8058965c444759e74415e871f0bbdabe2427f66aef3dd4179e,wlan_drv_gen4m_6878,CHIP_TOKEN;PATH,gen4m,kernel_modules,connectivity/wlan/core/gen4m/include/nic/connac_reg.h,,<path hit>
fc3e8a5d97296d8058965c444759e74415e871f0bbdabe2427f66aef3dd4179e,wlan_drv_gen4m_6878,CHIP_TOKEN;PATH,gen4m,kernel_modules,connectivity/wlan/core/gen4m/include/nic/connac_dmashdl.h,,<path hit>
fc3e8a5d97296d8058965c444759e74415e871f0bbdabe2427f66aef3dd4179e,wlan_drv_gen4m_6878,CHIP_TOKEN;PATH,gen4m,kernel_modules,connectivity/wlan/core/gen4m/include/nic/cmd_buf.h,,<path hit>
fc3e8a5d97296d8058965c444759e74415e871f0bbdabe2427f66aef3dd4179e,wlan_drv_gen4m_6878,CHIP_TOKEN;PATH,gen4m,kernel_modules,connectivity/wlan/core/gen4m/include/nic/bow.h,,<path hit>
fc3e8a5d97296d8058965c444759e74415e871f0bbdabe2427f66aef3dd4179e,wlan_drv_gen4m_6878,CHIP_TOKEN;PATH,gen4m,kernel_modules,connectivity/wlan/core/gen4m/include/nic/adapter.h,,<path hit>
fc3e8a5d97296d8058965c444759e74415e871f0bbdabe2427f66aef3dd4179e,wlan_drv_gen4m_6878,CHIP_TOKEN;PATH,gen4m,kernel_modules,connectivity/wlan/core/gen4m/include/nan/nan_txm.h,,<path hit>
fc3e8a5d97296d8058965c444759e74415e871f0bbdabe2427f66aef3dd4179e,wlan_drv_gen4m_6878,CHIP_TOKEN;PATH,gen4m,kernel_modules,connectivity/wlan/core/gen4m/include/nan/nan_sec.h,,<path hit>
fc3e8a5d97296d8058965c444759e74415e871f0bbdabe2427f66aef3dd4179e,wlan_drv_gen4m_6878,CHIP_TOKEN;PATH,gen4m,kernel_modules,connectivity/wlan/core/gen4m/include/nan/nan_ranging.h,,<path hit>
fc3e8a5d97296d8058965c444759e74415e871f0bbdabe2427f66aef3dd4179e,wlan_drv_gen4m_6878,CHIP_TOKEN;PATH,gen4m,kernel_modules,connectivity/wlan/core/gen4m/include/nan/nan_intf.h,,<path hit>
fc3e8a5d97296d8058965c444759e74415e871f0bbdabe2427f66aef3dd4179e,wlan_drv_gen4m_6878,CHIP_TOKEN;PATH,gen4m,kernel_modules,connectivity/wlan/core/gen4m/include/nan/nan_dev.h,,<path hit>
fc3e8a5d97296d8058965c444759e74415e871f0bbdabe2427f66aef3dd4179e,wlan_drv_gen4m_6878,CHIP_TOKEN;PATH,gen4m,kernel_modules,connectivity/wlan/core/gen4m/include/nan/nan_data_engine.h,,<path hit>
fc3e8a5d97296d8058965c444759e74415e871f0bbdabe2427f66aef3dd4179e,wlan_drv_gen4m_6878,CHIP_TOKEN;PATH,gen4m,kernel_modules,connectivity/wlan/core/gen4m/include/nan/nan_base.h,,<path hit>
fc3e8a5d97296d8058965c444759e74415e871f0bbdabe2427f66aef3dd4179e,wlan_drv_gen4m_6878,CHIP_TOKEN;PATH,gen4m,kernel_modules,connectivity/wlan/core/gen4m/include/nan/nanScheduler.h,,<path hit>
fc3e8a5d97296d8058965c444759e74415e871f0bbdabe2427f66aef3dd4179e,wlan_drv_gen4m_6878,CHIP_TOKEN;PATH,gen4m,kernel_modules,connectivity/wlan/core/gen4m/include/nan/nanReg.h,,<path hit>
fc3e8a5d97296d8058965c444759e74415e871f0bbdabe2427f66aef3dd4179e,wlan_drv_gen4m_6878,CHIP_TOKEN;PATH,gen4m,kernel_modules,connectivity/wlan/core/gen4m/include/nan/nanDiscovery.h,,<path hit>
fc3e8a5d97296d8058965c444759e74415e871f0bbdabe2427f66aef3dd4179e,wlan_drv_gen4m_6878,CHIP_TOKEN;PATH,gen4m,kernel_modules,connectivity/wlan/core/gen4m/include/mgmt/wnm.h,,<path hit>
fc3e8a5d97296d8058965c444759e74415e871f0bbdabe2427f66aef3dd4179e,wlan_drv_gen4m_6878,CHIP_TOKEN;PATH,gen4m,kernel_modules,connectivity/wlan/core/gen4m/include/mgmt/wmm.h,,<path hit>
fc3e8a5d97296d8058965c444759e74415e871f0bbdabe2427f66aef3dd4179e,wlan_drv_gen4m_6878,CHIP_TOKEN;PATH,gen4m,kernel_modules,connectivity/wlan/core/gen4m/include/mgmt/wlan_typedef.h,,<path hit>
fc3e8a5d97296d8058965c444759e74415e871f0bbdabe2427f66aef3dd4179e,wlan_drv_gen4m_6878,CHIP_TOKEN;PATH,gen4m,kernel_modules,connectivity/wlan/core/gen4m/include/mgmt/wlan_ring.h,,<path hit>
fc3e8a5d97296d8058965c444759e74415e871f0bbdabe2427f66aef3dd4179e,wlan_drv_gen4m_6878,CHIP_TOKEN;PATH,gen4m,kernel_modules,connectivity/wlan/core/gen4m/include/mgmt/wapi.h,,<path hit>
fc3e8a5d97296d8058965c444759e74415e871f0bbdabe2427f66aef3dd4179e,wlan_drv_gen4m_6878,CHIP_TOKEN;PATH,gen4m,kernel_modules,connectivity/wlan/core/gen4m/include/mgmt/twt_req_fsm.h,,<path hit>
fc3e8a5d97296d8058965c444759e74415e871f0bbdabe2427f66aef3dd4179e,wlan_drv_gen4m_6878,CHIP_TOKEN;PATH,gen4m,kernel_modules,connectivity/wlan/core/gen4m/include/mgmt/twt_planner.h,,<path hit>
fc3e8a5d97296d8058965c444759e74415e871f0bbdabe2427f66aef3dd4179e,wlan_drv_gen4m_6878,CHIP_TOKEN;PATH,gen4m,kernel_modules,connectivity/wlan/core/gen4m/include/mgmt/twt.h,,<path hit>
fc3e8a5d97296d8058965c444759e74415e871f0bbdabe2427f66aef3dd4179e,wlan_drv_gen4m_6878,CHIP_TOKEN;PATH,gen4m,kernel_modules,connectivity/wlan/core/gen4m/include/mgmt/thrm.h,,<path hit>
fc3e8a5d97296d8058965c444759e74415e871f0bbdabe2427f66aef3dd4179e,wlan_drv_gen4m_6878,CHIP_TOKEN;PATH,gen4m,kernel_modules,connectivity/wlan/core/gen4m/include/mgmt/tdls.h,,<path hit>
fc3e8a5d97296d8058965c444759e74415e871f0bbdabe2427f66aef3dd4179e,wlan_drv_gen4m_6878,CHIP_TOKEN;PATH,gen4m,kernel_modules,connectivity/wlan/core/gen4m/include/mgmt/t2lm.h,,<path hit>
fc3e8a5d97296d8058965c444759e74415e871f0bbdabe2427f66aef3dd4179e,wlan_drv_gen4m_6878,CHIP_TOKEN;PATH,gen4m,kernel_modules,connectivity/wlan/core/gen4m/include/mgmt/swcr.h,,<path hit>
fc3e8a5d97296d8058965c444759e74415e871f0bbdabe2427f66aef3dd4179e,wlan_drv_gen4m_6878,CHIP_TOKEN;PATH,gen4m,kernel_modules,connectivity/wlan/core/gen4m/include/mgmt/stats.h,,<path hit>
fc3e8a5d97296d8058965c444759e74415e871f0bbdabe2427f66aef3dd4179e,wlan_drv_gen4m_6878,CHIP_TOKEN;PATH,gen4m,kernel_modules,connectivity/wlan/core/gen4m/include/mgmt/scan.h,,<path hit>
fc3e8a5d97296d8058965c444759e74415e871f0bbdabe2427f66aef3dd4179e,wlan_drv_gen4m_6878,CHIP_TOKEN;PATH,gen4m,kernel_modules,connectivity/wlan/core/gen4m/include/mgmt/rtt.h,,<path hit>
fc3e8a5d97296d8058965c444759e74415e871f0bbdabe2427f66aef3dd4179e,wlan_drv_gen4m_6878,CHIP_TOKEN;PATH,gen4m,kernel_modules,connectivity/wlan/core/gen4m/include/mgmt/rsn.h,,<path hit>
fc3e8a5d97296d8058965c444759e74415e871f0bbdabe2427f66aef3dd4179e,wlan_drv_gen4m_6878,CHIP_TOKEN;PATH,gen4m,kernel_modules,connectivity/wlan/core/gen4m/include/mgmt/rrm.h,,<path hit>
fc3e8a5d97296d8058965c444759e74415e871f0bbdabe2427f66aef3dd4179e,wlan_drv_gen4m_6878,CHIP_TOKEN;PATH,gen4m,kernel_modules,connectivity/wlan/core/gen4m/include/mgmt/roaming_fsm.h,,<path hit>
fc3e8a5d97296d8058965c444759e74415e871f0bbdabe2427f66aef3dd4179e,wlan_drv_gen4m_6878,CHIP_TOKEN;PATH,gen4m,kernel_modules,connectivity/wlan/core/gen4m/include/mgmt/rlm_txpwr_init.h,,<path hit>
fc3e8a5d97296d8058965c444759e74415e871f0bbdabe2427f66aef3dd4179e,wlan_drv_gen4m_6878,CHIP_TOKEN;PATH,gen4m,kernel_modules,connectivity/wlan/core/gen4m/include/mgmt/rlm_protection.h,,<path hit>
fc3e8a5d97296d8058965c444759e74415e871f0bbdabe2427f66aef3dd4179e,wlan_drv_gen4m_6878,CHIP_TOKEN;PATH,gen4m,kernel_modules,connectivity/wlan/core/gen4m/include/mgmt/rlm_obss.h,,<path hit>
fc3e8a5d97296d8058965c444759e74415e871f0bbdabe2427f66aef3dd4179e,wlan_drv_gen4m_6878,CHIP_TOKEN;PATH,gen4m,kernel_modules,connectivity/wlan/core/gen4m/include/mgmt/rlm_domain.h,,<path hit>
fc3e8a5d97296d8058965c444759e74415e871f0bbdabe2427f66aef3dd4179e,wlan_drv_gen4m_6878,CHIP_TOKEN;PATH,gen4m,kernel_modules,connectivity/wlan/core/gen4m/include/mgmt/rlm.h,,<path hit>
fc3e8a5d97296d8058965c444759e74415e871f0bbdabe2427f66aef3dd4179e,wlan_drv_gen4m_6878,CHIP_TOKEN;PATH,gen4m,kernel_modules,connectivity/wlan/core/gen4m/include/mgmt/rate.h,,<path hit>
fc3e8a5d97296d8058965c444759e74415e871f0bbdabe2427f66aef3dd4179e,wlan_drv_gen4m_6878,CHIP_TOKEN;PATH,gen4m,kernel_modules,connectivity/wlan/core/gen4m/include/mgmt/qosmap.h,,<path hit>
fc3e8a5d97296d8058965c444759e74415e871f0bbdabe2427f66aef3dd4179e,wlan_drv_gen4m_6878,CHIP_TOKEN;PATH,gen4m,kernel_modules,connectivity/wlan/core/gen4m/include/mgmt/privacy.h,,<path hit>
fc3e8a5d97296d8058965c444759e74415e871f0bbdabe2427f66aef3dd4179e,wlan_drv_gen4m_6878,CHIP_TOKEN;PATH,gen4m,kernel_modules,connectivity/wlan/core/gen4m/include/mgmt/p2p_scan.h,,<path hit>
fc3e8a5d97296d8058965c444759e74415e871f0bbdabe2427f66aef3dd4179e,wlan_drv_gen4m_6878,CHIP_TOKEN;PATH,gen4m,kernel_modules,connectivity/wlan/core/gen4m/include/mgmt/p2p_role_state.h,,<path hit>
fc3e8a5d97296d8058965c444759e74415e871f0bbdabe2427f66aef3dd4179e,wlan_drv_gen4m_6878,CHIP_TOKEN;PATH,gen4m,kernel_modules,connectivity/wlan/core/gen4m/include/mgmt/p2p_role.h,,<path hit>
fc3e8a5d97296d8058965c444759e74415e871f0bbdabe2427f66aef3dd4179e,wlan_drv_gen4m_6878,CHIP_TOKEN;PATH,gen4m,kernel_modules,connectivity/wlan/core/gen4m/include/mgmt/p2p_rlm_obss.h,,<path hit>
fc3e8a5d97296d8058965c444759e74415e871f0bbdabe2427f66aef3dd4179e,wlan_drv_gen4m_6878,CHIP_TOKEN;PATH,gen4m,kernel_modules,connectivity/wlan/core/gen4m/include/mgmt/p2p_rlm.h,,<path hit>
fc3e8a5d97296d8058965c444759e74415e871f0bbdabe2427f66aef3dd4179e,wlan_drv_gen4m_6878,CHIP_TOKEN;PATH,gen4m,kernel_modules,connectivity/wlan/core/gen4m/include/mgmt/p2p_link.h,,<path hit>
fc3e8a5d97296d8058965c444759e74415e871f0bbdabe2427f66aef3dd4179e,wlan_drv_gen4m_6878,CHIP_TOKEN;PATH,gen4m,kernel_modules,connectivity/wlan/core/gen4m/include/mgmt/p2p_ie.h,,<path hit>
fc3e8a5d97296d8058965c444759e74415e871f0bbdabe2427f66aef3dd4179e,wlan_drv_gen4m_6878,CHIP_TOKEN;PATH,gen4m,kernel_modules,connectivity/wlan/core/gen4m/include/mgmt/p2p_func.h,,<path hit>
fc3e8a5d97296d8058965c444759e74415e871f0bbdabe2427f66aef3dd4179e,wlan_drv_gen4m_6878,CHIP_TOKEN;PATH,gen4m,kernel_modules,connectivity/wlan/core/gen4m/include/mgmt/p2p_fsm.h,,<path hit>
fc3e8a5d97296d8058965c444759e74415e871f0bbdabe2427f66aef3dd4179e,wlan_drv_gen4m_6878,CHIP_TOKEN;PATH,gen4m,kernel_modules,connectivity/wlan/core/gen4m/include/mgmt/p2p_dev_state.h,,<path hit>
fc3e8a5d97296d8058965c444759e74415e871f0bbdabe2427f66aef3dd4179e,wlan_drv_gen4m_6878,CHIP_TOKEN;PATH,gen4m,kernel_modules,connectivity/wlan/core/gen4m/include/mgmt/p2p_dev.h,,<path hit>
fc3e8a5d97296d8058965c444759e74415e871f0bbdabe2427f66aef3dd4179e,wlan_drv_gen4m_6878,CHIP_TOKEN;PATH,gen4m,kernel_modules,connectivity/wlan/core/gen4m/include/mgmt/p2p_bss.h,,<path hit>
fc3e8a5d97296d8058965c444759e74415e871f0bbdabe2427f66aef3dd4179e,wlan_drv_gen4m_6878,CHIP_TOKEN;PATH,gen4m,kernel_modules,connectivity/wlan/core/gen4m/include/mgmt/p2p_assoc.h,,<path hit>
fc3e8a5d97296d8058965c444759e74415e871f0bbdabe2427f66aef3dd4179e,wlan_drv_gen4m_6878,CHIP_TOKEN;PATH,gen4m,kernel_modules,connectivity/wlan/core/gen4m/include/mgmt/mscs.h,,<path hit>
fc3e8a5d97296d8058965c444759e74415e871f0bbdabe2427f66aef3dd4179e,wlan_drv_gen4m_6878,CHIP_TOKEN;PATH,gen4m,kernel_modules,connectivity/wlan/core/gen4m/include/mgmt/mlr.h,,<path hit>
fc3e8a5d97296d8058965c444759e74415e871f0bbdabe2427f66aef3dd4179e,wlan_drv_gen4m_6878,CHIP_TOKEN;PATH,gen4m,kernel_modules,connectivity/wlan/core/gen4m/include/mgmt/mlo.h,,<path hit>
fc3e8a5d97296d8058965c444759e74415e871f0bbdabe2427f66aef3dd4179e,wlan_drv_gen4m_6878,CHIP_TOKEN;PATH,gen4m,kernel_modules,connectivity/wlan/core/gen4m/include/mgmt/mib.h,,<path hit>
fc3e8a5d97296d8058965c444759e74415e871f0bbdabe2427f66aef3dd4179e,wlan_drv_gen4m_6878,CHIP_TOKEN;PATH,gen4m,kernel_modules,connectivity/wlan/core/gen4m/include/mgmt/mddp.h,,<path hit>
fc3e8a5d97296d8058965c444759e74415e871f0bbdabe2427f66aef3dd4179e,wlan_drv_gen4m_6878,CHIP_TOKEN;PATH,gen4m,kernel_modules,connectivity/wlan/core/gen4m/include/mgmt/ie_sort.h,,<path hit>
fc3e8a5d97296d8058965c444759e74415e871f0bbdabe2427f66aef3dd4179e,wlan_drv_gen4m_6878,CHIP_TOKEN;PATH,gen4m,kernel_modules,connectivity/wlan/core/gen4m/include/mgmt/hs20.h,,<path hit>
fc3e8a5d97296d8058965c444759e74415e871f0bbdabe2427f66aef3dd4179e,wlan_drv_gen4m_6878,CHIP_TOKEN;PATH,gen4m,kernel_modules,connectivity/wlan/core/gen4m/include/mgmt/hem_mbox.h,,<path hit>
fc3e8a5d97296d8058965c444759e74415e871f0bbdabe2427f66aef3dd4179e,wlan_drv_gen4m_6878,CHIP_TOKEN;PATH,gen4m,kernel_modules,connectivity/wlan/core/gen4m/include/mgmt/he_rlm.h,,<path hit>
fc3e8a5d97296d8058965c444759e74415e871f0bbdabe2427f66aef3dd4179e,wlan_drv_gen4m_6878,CHIP_TOKEN;PATH,gen4m,kernel_modules,connectivity/wlan/core/gen4m/include/mgmt/he_ie.h,,<path hit>
fc3e8a5d97296d8058965c444759e74415e871f0bbdabe2427f66aef3dd4179e,wlan_drv_gen4m_6878,CHIP_TOKEN;PATH,gen4m,kernel_modules,connectivity/wlan/core/gen4m/include/mgmt/gcm.h,,<path hit>
fc3e8a5d97296d8058965c444759e74415e871f0bbdabe2427f66aef3dd4179e,wlan_drv_gen4m_6878,CHIP_TOKEN;PATH,gen4m,kernel_modules,connectivity/wlan/core/gen4m/include/mgmt/fils.h,,<path hit>
fc3e8a5d97296d8058965c444759e74415e871f0bbdabe2427f66aef3dd4179e,wlan_drv_gen4m_6878,CHIP_TOKEN;PATH,gen4m,kernel_modules,connectivity/wlan/core/gen4m/include/mgmt/epcs.h,,<path hit>
fc3e8a5d97296d8058965c444759e74415e871f0bbdabe2427f66aef3dd4179e,wlan_drv_gen4m_6878,CHIP_TOKEN;PATH,gen4m,kernel_modules,connectivity/wlan/core/gen4m/include/mgmt/eht_rlm.h,,<path hit>
fc3e8a5d97296d8058965c444759e74415e871f0bbdabe2427f66aef3dd4179e,wlan_drv_gen4m_6878,CHIP_TOKEN;PATH,gen4m,kernel_modules,connectivity/wlan/core/gen4m/include/mgmt/eht_ie.h,,<path hit>
fc3e8a5d97296d8058965c444759e74415e871f0bbdabe2427f66aef3dd4179e,wlan_drv_gen4m_6878,CHIP_TOKEN;PATH,gen4m,kernel_modules,connectivity/wlan/core/gen4m/include/mgmt/cnm_timer.h,,<path hit>
fc3e8a5d97296d8058965c444759e74415e871f0bbdabe2427f66aef3dd4179e,wlan_drv_gen4m_6878,CHIP_TOKEN;PATH,gen4m,kernel_modules,connectivity/wlan/core/gen4m/include/mgmt/cnm_scan.h,,<path hit>
fc3e8a5d97296d8058965c444759e74415e871f0bbdabe2427f66aef3dd4179e,wlan_drv_gen4m_6878,CHIP_TOKEN;PATH,gen4m,kernel_modules,connectivity/wlan/core/gen4m/include/mgmt/cnm_mem.h,,<path hit>
fc3e8a5d97296d8058965c444759e74415e871f0bbdabe2427f66aef3dd4179e,wlan_drv_gen4m_6878,CHIP_TOKEN;PATH,gen4m,kernel_modules,connectivity/wlan/core/gen4m/include/mgmt/cnm.h,,<path hit>
fc3e8a5d97296d8058965c444759e74415e871f0bbdabe2427f66aef3dd4179e,wlan_drv_gen4m_6878,CHIP_TOKEN;PATH,gen4m,kernel_modules,connectivity/wlan/core/gen4m/include/mgmt/bss.h,,<path hit>
fc3e8a5d97296d8058965c444759e74415e871f0bbdabe2427f66aef3dd4179e,wlan_drv_gen4m_6878,CHIP_TOKEN;PATH,gen4m,kernel_modules,connectivity/wlan/core/gen4m/include/mgmt/bow_fsm.h,,<path hit>
fc3e8a5d97296d8058965c444759e74415e871f0bbdabe2427f66aef3dd4179e,wlan_drv_gen4m_6878,CHIP_TOKEN;PATH,gen4m,kernel_modules,connectivity/wlan/core/gen4m/include/mgmt/auth.h,,<path hit>
fc3e8a5d97296d8058965c444759e74415e871f0bbdabe2427f66aef3dd4179e,wlan_drv_gen4m_6878,CHIP_TOKEN;PATH,gen4m,kernel_modules,connectivity/wlan/core/gen4m/include/mgmt/assoc.h,,<path hit>
fc3e8a5d97296d8058965c444759e74415e871f0bbdabe2427f66aef3dd4179e,wlan_drv_gen4m_6878,CHIP_TOKEN;PATH,gen4m,kernel_modules,connectivity/wlan/core/gen4m/include/mgmt/aps.h,,<path hit>
fc3e8a5d97296d8058965c444759e74415e871f0bbdabe2427f66aef3dd4179e,wlan_drv_gen4m_6878,CHIP_TOKEN;PATH,gen4m,kernel_modules,connectivity/wlan/core/gen4m/include/mgmt/ap_selection.h,,<path hit>
fc3e8a5d97296d8058965c444759e74415e871f0bbdabe2427f66aef3dd4179e,wlan_drv_gen4m_6878,CHIP_TOKEN;PATH,gen4m,kernel_modules,connectivity/wlan/core/gen4m/include/mgmt/ais_fsm.h,,<path hit>
fc3e8a5d97296d8058965c444759e74415e871f0bbdabe2427f66aef3dd4179e,wlan_drv_gen4m_6878,CHIP_TOKEN;PATH,gen4m,kernel_modules,connectivity/wlan/core/gen4m/include/mgmt/aa_fsm.h,,<path hit>
fc3e8a5d97296d8058965c444759e74415e871f0bbdabe2427f66aef3dd4179e,wlan_drv_gen4m_6878,CHIP_TOKEN;PATH,gen4m,kernel_modules,connectivity/wlan/core/gen4m/include/link_drv.h,,<path hit>
fc3e8a5d97296d8058965c444759e74415e871f0bbdabe2427f66aef3dd4179e,wlan_drv_gen4m_6878,CHIP_TOKEN;PATH,gen4m,kernel_modules,connectivity/wlan/core/gen4m/include/link.h,,<path hit>
fc3e8a5d97296d8058965c444759e74415e871f0bbdabe2427f66aef3dd4179e,wlan_drv_gen4m_6878,CHIP_TOKEN;PATH,gen4m,kernel_modules,connectivity/wlan/core/gen4m/include/hif_cmm.h,,<path hit>
fc3e8a5d97296d8058965c444759e74415e871f0bbdabe2427f66aef3dd4179e,wlan_drv_gen4m_6878,CHIP_TOKEN;PATH,gen4m,kernel_modules,connectivity/wlan/core/gen4m/include/dvt/dvt_phtput.h,,<path hit>
fc3e8a5d97296d8058965c444759e74415e871f0bbdabe2427f66aef3dd4179e,wlan_drv_gen4m_6878,CHIP_TOKEN;PATH,gen4m,kernel_modules,connectivity/wlan/core/gen4m/include/dvt/dvt_dmashdl.h,,<path hit>
fc3e8a5d97296d8058965c444759e74415e871f0bbdabe2427f66aef3dd4179e,wlan_drv_gen4m_6878,CHIP_TOKEN;PATH,gen4m,kernel_modules,connectivity/wlan/core/gen4m/include/dvt/dvt_common.h,,<path hit>
fc3e8a5d97296d8058965c444759e74415e871f0bbdabe2427f66aef3dd4179e,wlan_drv_gen4m_6878,CHIP_TOKEN;PATH,gen4m,kernel_modules,connectivity/wlan/core/gen4m/include/debug.h,,<path hit>
fc3e8a5d97296d8058965c444759e74415e871f0bbdabe2427f66aef3dd4179e,wlan_drv_gen4m_6878,CHIP_TOKEN;PATH,gen4m,kernel_modules,connectivity/wlan/core/gen4m/include/config.h,,<path hit>
fc3e8a5d97296d8058965c444759e74415e871f0bbdabe2427f66aef3dd4179e,wlan_drv_gen4m_6878,CHIP_TOKEN;PATH,gen4m,kernel_modules,connectivity/wlan/core/gen4m/configs/defconfig,,<path hit>
fc3e8a5d97296d8058965c444759e74415e871f0bbdabe2427f66aef3dd4179e,wlan_drv_gen4m_6878,CHIP_TOKEN;PATH,gen4m,kernel_modules,connectivity/wlan/core/gen4m/include/chips/cmm_asic_connac3x.h,,<path hit>
fc3e8a5d97296d8058965c444759e74415e871f0bbdabe2427f66aef3dd4179e,wlan_drv_gen4m_6878,CHIP_TOKEN;PATH,gen4m,kernel_modules,connectivity/wlan/core/gen4m/include/chips/cmm_asic_connac2x.h,,<path hit>
fc3e8a5d97296d8058965c444759e74415e871f0bbdabe2427f66aef3dd4179e,wlan_drv_gen4m_6878,CHIP_TOKEN;PATH,gen4m,kernel_modules,connectivity/wlan/core/gen4m/include/chips/cmm_asic_connac.h,,<path hit>
fc3e8a5d97296d8058965c444759e74415e871f0bbdabe2427f66aef3dd4179e,wlan_drv_gen4m_6878,CHIP_TOKEN;PATH,gen4m,kernel_modules,connectivity/wlan/core/gen4m/include/chips/cmm_asic_common.h,,<path hit>
fc3e8a5d97296d8058965c444759e74415e871f0bbdabe2427f66aef3dd4179e,wlan_drv_gen4m_6878,CHIP_TOKEN;PATH,gen4m,kernel_modules,connectivity/wlan/core/gen4m/include/chips/ccif.h,,<path hit>
fc3e8a5d97296d8058965c444759e74415e871f0bbdabe2427f66aef3dd4179e,wlan_drv_gen4m_6878,CHIP_TOKEN;PATH,gen4m,kernel_modules,connectivity/wlan/core/gen4m/include/chips/bellwether.h,,<path hit>
fc3e8a5d97296d8058965c444759e74415e871f0bbdabe2427f66aef3dd4179e,wlan_drv_gen4m_6878,CHIP_TOKEN;PATH,gen4m,kernel_modules,connectivity/wlan/core/gen4m/include/bitmap.h,,<path hit>
fc3e8a5d97296d8058965c444759e74415e871f0bbdabe2427f66aef3dd4179e,wlan_drv_gen4m_6878,CHIP_TOKEN;PATH,gen4m,kernel_modules,connectivity/wlan/core/gen4m/include/CFG_Wifi_File.h,,<path hit>
fc3e8a5d97296d8058965c444759e74415e871f0bbdabe2427f66aef3dd4179e,wlan_drv_gen4m_6878,CHIP_TOKEN;PATH,gen4m,kernel_modules,connectivity/wlan/core/gen4m/configs/MT7925/defconfig,,<path hit>
fc3e8a5d97296d8058965c444759e74415e871f0bbdabe2427f66aef3dd4179e,wlan_drv_gen4m_6878,CHIP_TOKEN;PATH,gen4m,kernel_modules,connectivity/wlan/core/gen4m/include/chips/fw_log_emi.h,,<path hit>
fc3e8a5d97296d8058965c444759e74415e871f0bbdabe2427f66aef3dd4179e,wlan_drv_gen4m_6878,CHIP_TOKEN;PATH,gen4m,kernel_modules,connectivity/wlan/core/gen4m/include/chips/fw_log.h,,<path hit>
fc3e8a5d97296d8058965c444759e74415e871f0bbdabe2427f66aef3dd4179e,wlan_drv_gen4m_6878,CHIP_TOKEN;PATH,gen4m,kernel_modules,connectivity/wlan/core/gen4m/include/chips/fw_dl.h,,<path hit>
fc3e8a5d97296d8058965c444759e74415e871f0bbdabe2427f66aef3dd4179e,wlan_drv_gen4m_6878,CHIP_TOKEN;PATH,gen4m,kernel_modules,connectivity/wlan/core/gen4m/include/chips/dma_sch.h,,<path hit>
fc3e8a5d97296d8058965c444759e74415e871f0bbdabe2427f66aef3dd4179e,wlan_drv_gen4m_6878,CHIP_TOKEN;PATH,gen4m,kernel_modules,connectivity/wlan/core/gen4m/include/chips/dbg_wtbl_connac3x.h,,<path hit>
fc3e8a5d97296d8058965c444759e74415e871f0bbdabe2427f66aef3dd4179e,wlan_drv_gen4m_6878,CHIP_TOKEN;PATH,gen4m,kernel_modules,connectivity/wlan/core/gen4m/include/chips/dbg_mt7925.h,,<path hit>
fc3e8a5d97296d8058965c444759e74415e871f0bbdabe2427f66aef3dd4179e,wlan_drv_gen4m_6878,CHIP_TOKEN;PATH,gen4m,kernel_modules,connectivity/wlan/core/gen4m/include/chips/dbg_mt6653.h,,<path hit>
fc3e8a5d97296d8058965c444759e74415e871f0bbdabe2427f66aef3dd4179e,wlan_drv_gen4m_6878,CHIP_TOKEN;PATH,gen4m,kernel_modules,connectivity/wlan/core/gen4m/include/chips/dbg_mt6639.h,,<path hit>
fc3e8a5d97296d8058965c444759e74415e871f0bbdabe2427f66aef3dd4179e,wlan_drv_gen4m_6878,CHIP_TOKEN;PATH,gen4m,kernel_modules,connectivity/wlan/core/gen4m/include/chips/connac.h,,<path hit>
fc3e8a5d97296d8058965c444759e74415e871f0bbdabe2427f66aef3dd4179e,wlan_drv_gen4m_6878,CHIP_TOKEN;PATH,gen4m,kernel_modules,connectivity/wlan/core/gen4m/include/chips/hal_dmashdl_mt6655.h,,<path hit>
fc3e8a5d97296d8058965c444759e74415e871f0bbdabe2427f66aef3dd4179e,wlan_drv_gen4m_6878,CHIP_TOKEN;PATH,gen4m,kernel_modules,connectivity/wlan/core/gen4m/include/chips/hal_dmashdl_mt6653.h,,<path hit>
fc3e8a5d97296d8058965c444759e74415e871f0bbdabe2427f66aef3dd4179e,wlan_drv_gen4m_6878,CHIP_TOKEN;PATH,gen4m,kernel_modules,connectivity/wlan/core/gen4m/include/chips/hal_dmashdl_mt6639.h,,<path hit>
fc3e8a5d97296d8058965c444759e74415e871f0bbdabe2427f66aef3dd4179e,wlan_drv_gen4m_6878,CHIP_TOKEN;PATH,gen4m,kernel_modules,connectivity/wlan/core/gen4m/include/chips/hal_dmashdl_bellwether.h,,<path hit>
fc3e8a5d97296d8058965c444759e74415e871f0bbdabe2427f66aef3dd4179e,wlan_drv_gen4m_6878,CHIP_TOKEN;PATH,gen4m,kernel_modules,connectivity/wlan/core/gen4m/include/chips/fw_log_parser.h,,<path hit>
fc3e8a5d97296d8058965c444759e74415e871f0bbdabe2427f66aef3dd4179e,wlan_drv_gen4m_6878,CHIP_TOKEN;PATH,gen4m,kernel_modules,connectivity/wlan/core/gen4m/include/chips/fw_log_mmio.h,,<path hit>
fc3e8a5d97296d8058965c444759e74415e871f0bbdabe2427f66aef3dd4179e,wlan_drv_gen4m_6878,CHIP_TOKEN;PATH,gen4m,kernel_modules,connectivity/wlan/core/gen4m/include/chips/hal_dmashdl_mt7990.h,,<path hit>
fc3e8a5d97296d8058965c444759e74415e871f0bbdabe2427f66aef3dd4179e,wlan_drv_gen4m_6878,CHIP_TOKEN;PATH,gen4m,kernel_modules,connectivity/wlan/core/gen4m/include/chips/hal_dmashdl_mt7961.h,,<path hit>
fc3e8a5d97296d8058965c444759e74415e871f0bbdabe2427f66aef3dd4179e,wlan_drv_gen4m_6878,CHIP_TOKEN;PATH,gen4m,kernel_modules,connectivity/wlan/core/gen4m/include/chips/hal_dmashdl_mt7925.h,,<path hit>
fc3e8a5d97296d8058965c444759e74415e871f0bbdabe2427f66aef3dd4179e,wlan_drv_gen4m_6878,CHIP_TOKEN;PATH,gen4m,kernel_modules,connectivity/wlan/core/gen4m/include/chips/hal_dmashdl_soc3_0.h,,<path hit>
fc3e8a5d97296d8058965c444759e74415e871f0bbdabe2427f66aef3dd4179e,wlan_drv_gen4m_6878,CHIP_TOKEN;PATH,gen4m,kernel_modules,connectivity/wlan/core/gen4m/dvt/dvt_common.c,,<path hit>
fc3e8a5d97296d8058965c444759e74415e871f0bbdabe2427f66aef3dd4179e,wlan_drv_gen4m_6878,CHIP_TOKEN;PATH,gen4m,kernel_modules,connectivity/wlan/core/gen4m/include/chips/hal_dmashdl_soc5_0.h,,<path hit>
fc3e8a5d97296d8058965c444759e74415e871f0bbdabe2427f66aef3dd4179e,wlan_drv_gen4m_6878,CHIP_TOKEN;PATH,gen4m,kernel_modules,connectivity/wlan/core/gen4m/dvt/dvt_phtput.c,,<path hit>
fc3e8a5d97296d8058965c444759e74415e871f0bbdabe2427f66aef3dd4179e,wlan_drv_gen4m_6878,CHIP_TOKEN;PATH,gen4m,kernel_modules,connectivity/wlan/core/gen4m/dvt/dvt_dmashdl.c,,<path hit>
fc3e8a5d97296d8058965c444759e74415e871f0bbdabe2427f66aef3dd4179e,wlan_drv_gen4m_6878,CHIP_TOKEN;PATH,gen4m,kernel_modules,connectivity/wlan/core/gen4m/configs/MT6655/mobile/defconfig,,<path hit>
fc3e8a5d97296d8058965c444759e74415e871f0bbdabe2427f66aef3dd4179e,wlan_drv_gen4m_6878,CHIP_TOKEN;PATH,gen4m,kernel_modules,connectivity/wlan/core/gen4m/configs/MT6655/defconfig,,<path hit>
fc3e8a5d97296d8058965c444759e74415e871f0bbdabe2427f66aef3dd4179e,wlan_drv_gen4m_6878,CHIP_TOKEN;PATH,gen4m,kernel_modules,connectivity/wlan/core/gen4m/configs/MT6655/ce/defconfig,,<path hit>
fc3e8a5d97296d8058965c444759e74415e871f0bbdabe2427f66aef3dd4179e,wlan_drv_gen4m_6878,CHIP_TOKEN;PATH,gen4m,kernel_modules,connectivity/wlan/core/gen4m/include/chips/hal_wfsys_reset_mt7961.h,,<path hit>
fc3e8a5d97296d8058965c444759e74415e871f0bbdabe2427f66aef3dd4179e,wlan_drv_gen4m_6878,CHIP_TOKEN;PATH,gen4m,kernel_modules,connectivity/wlan/core/gen4m/include/chips/hal_wfsys_reset_mt7925.h,,<path hit>
fc3e8a5d97296d8058965c444759e74415e871f0bbdabe2427f66aef3dd4179e,wlan_drv_gen4m_6878,CHIP_TOKEN;PATH,gen4m,kernel_modules,connectivity/wlan/core/gen4m/include/chips/hal_wfsys_reset_mt6639.h,,<path hit>
fc3e8a5d97296d8058965c444759e74415e871f0bbdabe2427f66aef3dd4179e,wlan_drv_gen4m_6878,CHIP_TOKEN;PATH,gen4m,kernel_modules,connectivity/wlan/core/gen4m/include/chips/hal_dmashdl_soc7_0.h,,<path hit>
fc3e8a5d97296d8058965c444759e74415e871f0bbdabe2427f66aef3dd4179e,wlan_drv_gen4m_6878,CHIP_TOKEN;PATH,gen4m,kernel_modules,connectivity/wlan/core/gen4m/include/chips/mt6632.h,,<path hit>
fc3e8a5d97296d8058965c444759e74415e871f0bbdabe2427f66aef3dd4179e,wlan_drv_gen4m_6878,CHIP_TOKEN;PATH,gen4m,kernel_modules,connectivity/wlan/core/gen4m/include/chips/met_log_emi.h,,<path hit>
fc3e8a5d97296d8058965c444759e74415e871f0bbdabe2427f66aef3dd4179e,wlan_drv_gen4m_6878,CHIP_TOKEN;PATH,gen4m,kernel_modules,connectivity/wlan/core/gen4m/include/chips/host_csr.h,,<path hit>
fc3e8a5d97296d8058965c444759e74415e871f0bbdabe2427f66aef3dd4179e,wlan_drv_gen4m_6878,CHIP_TOKEN;PATH,gen4m,kernel_modules,connectivity/wlan/core/gen4m/include/chips/mt6655.h,,<path hit>
fc3e8a5d97296d8058965c444759e74415e871f0bbdabe2427f66aef3dd4179e,wlan_drv_gen4m_6878,CHIP_TOKEN;PATH,gen4m,kernel_modules,connectivity/wlan/core/gen4m/include/chips/mt6653.h,,<path hit>
fc3e8a5d97296d8058965c444759e74415e871f0bbdabe2427f66aef3dd4179e,wlan_drv_gen4m_6878,CHIP_TOKEN;PATH,gen4m,kernel_modules,connectivity/wlan/core/gen4m/include/chips/mt6639.h,,<path hit>
fc3e8a5d97296d8058965c444759e74415e871f0bbdabe2427f66aef3dd4179e,wlan_drv_gen4m_6878,CHIP_TOKEN;PATH,gen4m,kernel_modules,connectivity/wlan/core/gen4m/include/chips/mt7668.h,,<path hit>
fc3e8a5d97296d8058965c444759e74415e871f0bbdabe2427f66aef3dd4179e,wlan_drv_gen4m_6878,CHIP_TOKEN;PATH,gen4m,kernel_modules,connectivity/wlan/core/gen4m/include/chips/mt7663.h,,<path hit>
fc3e8a5d97296d8058965c444759e74415e871f0bbdabe2427f66aef3dd4179e,wlan_drv_gen4m_6878,CHIP_TOKEN;PATH,gen4m,kernel_modules,connectivity/wlan/core/gen4m/include/chips/mt7915.h,,<path hit>
fc3e8a5d97296d8058965c444759e74415e871f0bbdabe2427f66aef3dd4179e,wlan_drv_gen4m_6878,CHIP_TOKEN;PATH,gen4m,kernel_modules,connectivity/wlan/core/gen4m/include/chips/mt7925.h,,<path hit>
fc3e8a5d97296d8058965c444759e74415e871f0bbdabe2427f66aef3dd4179e,wlan_drv_gen4m_6878,CHIP_TOKEN;PATH,gen4m,kernel_modules,connectivity/wlan/core/gen4m/configs/MT6653/mobile/defconfig,,<path hit>
fc3e8a5d97296d8058965c444759e74415e871f0bbdabe2427f66aef3dd4179e,wlan_drv_gen4m_6878,CHIP_TOKEN;PATH,gen4m,kernel_modules,connectivity/wlan/core/gen4m/configs/MT6653/defconfig,,<path hit>
fc3e8a5d97296d8058965c444759e74415e871f0bbdabe2427f66aef3dd4179e,wlan_drv_gen4m_6878,CHIP_TOKEN;PATH,gen4m,kernel_modules,connectivity/wlan/core/gen4m/include/chips/mt_dmac.h,,<path hit>
fc3e8a5d97296d8058965c444759e74415e871f0bbdabe2427f66aef3dd4179e,wlan_drv_gen4m_6878,CHIP_TOKEN;PATH,gen4m,kernel_modules,connectivity/wlan/core/gen4m/include/chips/mt7990.h,,<path hit>
fc3e8a5d97296d8058965c444759e74415e871f0bbdabe2427f66aef3dd4179e,wlan_drv_gen4m_6878,CHIP_TOKEN;PATH,gen4m,kernel_modules,connectivity/wlan/core/gen4m/include/chips/mt7961.h,,<path hit>
fc3e8a5d97296d8058965c444759e74415e871f0bbdabe2427f66aef3dd4179e,wlan_drv_gen4m_6878,CHIP_TOKEN;PATH,gen4m,kernel_modules,connectivity/wlan/core/gen4m/include/chips/pre_cal.h,,<path hit>
fc3e8a5d97296d8058965c444759e74415e871f0bbdabe2427f66aef3dd4179e,wlan_drv_gen4m_6878,CHIP_TOKEN;PATH,gen4m,kernel_modules,connectivity/wlan/core/gen4m/include/chips/pse.h,,<path hit>
fc3e8a5d97296d8058965c444759e74415e871f0bbdabe2427f66aef3dd4179e,wlan_drv_gen4m_6878,CHIP_TOKEN;PATH,gen4m,kernel_modules,connectivity/wlan/core/gen4m/include/chips/soc2_1x1.h,,<path hit>
fc3e8a5d97296d8058965c444759e74415e871f0bbdabe2427f66aef3dd4179e,wlan_drv_gen4m_6878,CHIP_TOKEN;PATH,gen4m,kernel_modules,connectivity/wlan/core/gen4m/include/chips/soc2_2x2.h,,<path hit>
fc3e8a5d97296d8058965c444759e74415e871f0bbdabe2427f66aef3dd4179e,wlan_drv_gen4m_6878,CHIP_TOKEN;PATH,gen4m,kernel_modules,connectivity/wlan/core/gen4m/include/chips/soc3_0.h,,<path hit>
fc3e8a5d97296d8058965c444759e74415e871f0bbdabe2427f66aef3dd4179e,wlan_drv_gen4m_6878,CHIP_TOKEN;PATH,gen4m,kernel_modules,connectivity/wlan/core/gen4m/include/chips/soc5_0.h,,<path hit>
fc3e8a5d97296d8058965c444759e74415e871f0bbdabe2427f66aef3dd4179e,wlan_drv_gen4m_6878,CHIP_TOKEN;PATH,gen4m,kernel_modules,connectivity/wlan/core/gen4m/include/chips/soc7_0.h,,<path hit>
fc3e8a5d97296d8058965c444759e74415e871f0bbdabe2427f66aef3dd4179e,wlan_drv_gen4m_6878,CHIP_TOKEN;PATH,gen4m,kernel_modules,connectivity/wlan/core/gen4m/include/chips/wf_ple.h,,<path hit>
fc3e8a5d97296d8058965c444759e74415e871f0bbdabe2427f66aef3dd4179e,wlan_drv_gen4m_6878,CHIP_TOKEN;PATH,gen4m,kernel_modules,connectivity/wlan/core/gen4m/include/chips/coda/soc7_0/wf_wfdma_host_dma0.h,,<path hit>
fc3e8a5d97296d8058965c444759e74415e871f0bbdabe2427f66aef3dd4179e,wlan_drv_gen4m_6878,CHIP_TOKEN;PATH,gen4m,kernel_modules,connectivity/wlan/core/gen4m/include/chips/coda/soc7_0/wf_top_slpprot_on.h,,<path hit>
fc3e8a5d97296d8058965c444759e74415e871f0bbdabe2427f66aef3dd4179e,wlan_drv_gen4m_6878,CHIP_TOKEN;PATH,gen4m,kernel_modules,connectivity/wlan/core/gen4m/include/chips/coda/soc7_0/wf_top_cfg_on.h,,<path hit>
fc3e8a5d97296d8058965c444759e74415e871f0bbdabe2427f66aef3dd4179e,wlan_drv_gen4m_6878,CHIP_TOKEN;PATH,gen4m,kernel_modules,connectivity/wlan/core/gen4m/include/chips/coda/soc7_0/wf_top_cfg.h,,<path hit>
fc3e8a5d97296d8058965c444759e74415e871f0bbdabe2427f66aef3dd4179e,wlan_drv_gen4m_6878,CHIP_TOKEN;PATH,gen4m,kernel_modules,connectivity/wlan/core/gen4m/include/chips/coda/soc7_0/wf_pse_top.h,,<path hit>
fc3e8a5d97296d8058965c444759e74415e871f0bbdabe2427f66aef3dd4179e,wlan_drv_gen4m_6878,CHIP_TOKEN;PATH,gen4m,kernel_modules,connectivity/wlan/core/gen4m/include/chips/coda/soc7_0/wf_pp_top.h,,<path hit>
fc3e8a5d97296d8058965c444759e74415e871f0bbdabe2427f66aef3dd4179e,wlan_drv_gen4m_6878,CHIP_TOKEN;PATH,gen4m,kernel_modules,connectivity/wlan/core/gen4m/configs/MT6639/mobile/defconfig,,<path hit>
fc3e8a5d97296d8058965c444759e74415e871f0bbdabe2427f66aef3dd4179e,wlan_drv_gen4m_6878,CHIP_TOKEN;PATH,gen4m,kernel_modules,connectivity/wlan/core/gen4m/include/chips/coda/soc7_0/wf_ple_top.h,,<path hit>
fc3e8a5d97296d8058965c444759e74415e871f0bbdabe2427f66aef3dd4179e,wlan_drv_gen4m_6878,CHIP_TOKEN;PATH,gen4m,kernel_modules,connectivity/wlan/core/gen4m/configs/MT6639/defconfig,,<path hit>
fc3e8a5d97296d8058965c444759e74415e871f0bbdabe2427f66aef3dd4179e,wlan_drv_gen4m_6878,CHIP_TOKEN;PATH,gen4m,kernel_modules,connectivity/wlan/core/gen4m/include/chips/coda/soc7_0/wf_mcusys_infra_bus_full_u_debug_ctrl_ao_wfmcu_pwa_debug_ctrl_ao.h,,<path hit>
fc3e8a5d97296d8058965c444759e74415e871f0bbdabe2427f66aef3dd4179e,wlan_drv_gen4m_6878,CHIP_TOKEN;PATH,gen4m,kernel_modules,connectivity/wlan/core/gen4m/include/chips/coda/soc7_0/wf_mcu_confg_ls.h,,<path hit>
fc3e8a5d97296d8058965c444759e74415e871f0bbdabe2427f66aef3dd4179e,wlan_drv_gen4m_6878,CHIP_TOKEN;PATH,gen4m,kernel_modules,connectivity/wlan/core/gen4m/include/chips/coda/soc7_0/wf_mcu_bus_cr.h,,<path hit>
fc3e8a5d97296d8058965c444759e74415e871f0bbdabe2427f66aef3dd4179e,wlan_drv_gen4m_6878,CHIP_TOKEN;PATH,gen4m,kernel_modules,connectivity/wlan/core/gen4m/include/chips/coda/soc7_0/wf_hif_dmashdl_top.h,,<path hit>
fc3e8a5d97296d8058965c444759e74415e871f0bbdabe2427f66aef3dd4179e,wlan_drv_gen4m_6878,CHIP_TOKEN;PATH,gen4m,kernel_modules,connectivity/wlan/core/gen4m/include/chips/coda/soc7_0/hal_common.h,,<path hit>
fc3e8a5d97296d8058965c444759e74415e871f0bbdabe2427f66aef3dd4179e,wlan_drv_gen4m_6878,CHIP_TOKEN;PATH,gen4m,kernel_modules,connectivity/wlan/core/gen4m/include/chips/coda/soc7_0/conn_wt_slp_ctl_reg.h,,<path hit>
fc3e8a5d97296d8058965c444759e74415e871f0bbdabe2427f66aef3dd4179e,wlan_drv_gen4m_6878,CHIP_TOKEN;PATH,gen4m,kernel_modules,connectivity/wlan/core/gen4m/include/chips/coda/soc7_0/conn_semaphore.h,,<path hit>
fc3e8a5d97296d8058965c444759e74415e871f0bbdabe2427f66aef3dd4179e,wlan_drv_gen4m_6878,CHIP_TOKEN;PATH,gen4m,kernel_modules,connectivity/wlan/core/gen4m/include/chips/coda/soc7_0/conn_infra_rgu_on.h,,<path hit>
fc3e8a5d97296d8058965c444759e74415e871f0bbdabe2427f66aef3dd4179e,wlan_drv_gen4m_6878,CHIP_TOKEN;PATH,gen4m,kernel_modules,connectivity/wlan/core/gen4m/include/chips/coda/soc7_0/conn_infra_clkgen_top.h,,<path hit>
fc3e8a5d97296d8058965c444759e74415e871f0bbdabe2427f66aef3dd4179e,wlan_drv_gen4m_6878,CHIP_TOKEN;PATH,gen4m,kernel_modules,connectivity/wlan/core/gen4m/include/chips/coda/soc7_0/conn_infra_cfg_on.h,,<path hit>
fc3e8a5d97296d8058965c444759e74415e871f0bbdabe2427f66aef3dd4179e,wlan_drv_gen4m_6878,CHIP_TOKEN;PATH,gen4m,kernel_modules,connectivity/wlan/core/gen4m/include/chips/coda/soc7_0/conn_infra_cfg.h,,<path hit>
fc3e8a5d97296d8058965c444759e74415e871f0bbdabe2427f66aef3dd4179e,wlan_drv_gen4m_6878,CHIP_TOKEN;PATH,gen4m,kernel_modules,connectivity/wlan/core/gen4m/include/chips/coda/soc7_0/conn_infra_bus_cr_on.h,,<path hit>
fc3e8a5d97296d8058965c444759e74415e871f0bbdabe2427f66aef3dd4179e,wlan_drv_gen4m_6878,CHIP_TOKEN;PATH,gen4m,kernel_modules,connectivity/wlan/core/gen4m/include/chips/coda/soc7_0/conn_host_csr_top.h,,<path hit>
fc3e8a5d97296d8058965c444759e74415e871f0bbdabe2427f66aef3dd4179e,wlan_drv_gen4m_6878,CHIP_TOKEN;PATH,gen4m,kernel_modules,connectivity/wlan/core/gen4m/include/chips/coda/soc7_0/ap2wf_conn_infra_on_ccif4.h,,<path hit>
fc3e8a5d97296d8058965c444759e74415e871f0bbdabe2427f66aef3dd4179e,wlan_drv_gen4m_6878,CHIP_TOKEN;PATH,gen4m,kernel_modules,connectivity/wlan/core/gen4m/configs/MT6639/ce/defconfig,,<path hit>
fc3e8a5d97296d8058965c444759e74415e871f0bbdabe2427f66aef3dd4179e,wlan_drv_gen4m_6878,CHIP_TOKEN;PATH,gen4m,kernel_modules,connectivity/wlan/core/gen4m/include/chips/coda/soc5_0/wf_wfdma_mcu_dma0.h,,<path hit>
fc3e8a5d97296d8058965c444759e74415e871f0bbdabe2427f66aef3dd4179e,wlan_drv_gen4m_6878,CHIP_TOKEN;PATH,gen4m,kernel_modules,connectivity/wlan/core/gen4m/include/chips/coda/soc5_0/wf_wfdma_host_dma0.h,,<path hit>
fc3e8a5d97296d8058965c444759e74415e871f0bbdabe2427f66aef3dd4179e,wlan_drv_gen4m_6878,CHIP_TOKEN;PATH,gen4m,kernel_modules,connectivity/wlan/core/gen4m/include/chips/coda/soc5_0/wf_pse_top.h,,<path hit>
fc3e8a5d97296d8058965c444759e74415e871f0bbdabe2427f66aef3dd4179e,wlan_drv_gen4m_6878,CHIP_TOKEN;PATH,gen4m,kernel_modules,connectivity/wlan/core/gen4m/include/chips/coda/soc5_0/wf_ple_top.h,,<path hit>
fc3e8a5d97296d8058965c444759e74415e871f0bbdabe2427f66aef3dd4179e,wlan_drv_gen4m_6878,CHIP_TOKEN;PATH,gen4m,kernel_modules,connectivity/wlan/core/gen4m/include/chips/coda/soc5_0/wf_hif_dmashdl_top.h,,<path hit>
fc3e8a5d97296d8058965c444759e74415e871f0bbdabe2427f66aef3dd4179e,wlan_drv_gen4m_6878,CHIP_TOKEN;PATH,gen4m,kernel_modules,connectivity/wlan/core/gen4m/include/chips/coda/soc5_0/conn_mcu_bus_cr.h,,<path hit>
fc3e8a5d97296d8058965c444759e74415e871f0bbdabe2427f66aef3dd4179e,wlan_drv_gen4m_6878,CHIP_TOKEN;PATH,gen4m,kernel_modules,connectivity/wlan/core/gen4m/include/chips/coda/soc5_0/conn_bus_cr.h,,<path hit>
fc3e8a5d97296d8058965c444759e74415e871f0bbdabe2427f66aef3dd4179e,wlan_drv_gen4m_6878,CHIP_TOKEN;PATH,gen4m,kernel_modules,connectivity/wlan/core/gen4m/common/wlan_bow.c,,<path hit>
fc3e8a5d97296d8058965c444759e74415e871f0bbdabe2427f66aef3dd4179e,wlan_drv_gen4m_6878,CHIP_TOKEN;PATH,gen4m,kernel_modules,connectivity/wlan/core/gen4m/common/dump.c,,<path hit>
fc3e8a5d97296d8058965c444759e74415e871f0bbdabe2427f66aef3dd4179e,wlan_drv_gen4m_6878,CHIP_TOKEN;PATH,gen4m,kernel_modules,connectivity/wlan/core/gen4m/common/debug.c,,<path hit>
fc3e8a5d97296d8058965c444759e74415e871f0bbdabe2427f66aef3dd4179e,wlan_drv_gen4m_6878,CHIP_TOKEN;PATH,gen4m,kernel_modules,connectivity/wlan/core/gen4m/include/chips/coda/soc3_0/wf_wfdma_mcu_dma1.h,,<path hit>
fc3e8a5d97296d8058965c444759e74415e871f0bbdabe2427f66aef3dd4179e,wlan_drv_gen4m_6878,CHIP_TOKEN;PATH,gen4m,kernel_modules,connectivity/wlan/core/gen4m/include/chips/coda/soc3_0/wf_wfdma_mcu_dma0.h,,<path hit>
fc3e8a5d97296d8058965c444759e74415e871f0bbdabe2427f66aef3dd4179e,wlan_drv_gen4m_6878,CHIP_TOKEN;PATH,gen4m,kernel_modules,connectivity/wlan/core/gen4m/include/chips/coda/soc3_0/wf_wfdma_host_dma1.h,,<path hit>
fc3e8a5d97296d8058965c444759e74415e871f0bbdabe2427f66aef3dd4179e,wlan_drv_gen4m_6878,CHIP_TOKEN;PATH,gen4m,kernel_modules,connectivity/wlan/core/gen4m/include/chips/coda/soc3_0/wf_wfdma_host_dma0.h,,<path hit>
fc3e8a5d97296d8058965c444759e74415e871f0bbdabe2427f66aef3dd4179e,wlan_drv_gen4m_6878,CHIP_TOKEN;PATH,gen4m,kernel_modules,connectivity/wlan/core/gen4m/include/chips/coda/soc3_0/wf_pse_top.h,,<path hit>
fc3e8a5d97296d8058965c444759e74415e871f0bbdabe2427f66aef3dd4179e,wlan_drv_gen4m_6878,CHIP_TOKEN;PATH,gen4m,kernel_modules,connectivity/wlan/core/gen4m/include/chips/coda/soc3_0/wf_ple_top.h,,<path hit>
fc3e8a5d97296d8058965c444759e74415e871f0bbdabe2427f66aef3dd4179e,wlan_drv_gen4m_6878,CHIP_TOKEN;PATH,gen4m,kernel_modules,connectivity/wlan/core/gen4m/include/chips/coda/soc3_0/wf_hif_dmashdl_top.h,,<path hit>
fc3e8a5d97296d8058965c444759e74415e871f0bbdabe2427f66aef3dd4179e,wlan_drv_gen4m_6878,CHIP_TOKEN;PATH,gen4m,kernel_modules,connectivity/wlan/core/gen4m/include/chips/coda/soc3_0/conn_infra_cfg.h,,<path hit>
fc3e8a5d97296d8058965c444759e74415e871f0bbdabe2427f66aef3dd4179e,wlan_drv_gen4m_6878,CHIP_TOKEN;PATH,gen4m,kernel_modules,connectivity/wlan/core/gen4m/include/chips/coda/mt6655/conn_mcu_bus_cr.h,,<path hit>
fc3e8a5d97296d8058965c444759e74415e871f0bbdabe2427f66aef3dd4179e,wlan_drv_gen4m_6878,CHIP_TOKEN;PATH,gen4m,kernel_modules,connectivity/wlan/core/gen4m/include/chips/coda/mt6655/conn_host_csr_top.h,,<path hit>
fc3e8a5d97296d8058965c444759e74415e871f0bbdabe2427f66aef3dd4179e,wlan_drv_gen4m_6878,CHIP_TOKEN;PATH,gen4m,kernel_modules,connectivity/wlan/core/gen4m/include/chips/coda/mt6655/conn_cfg.h,,<path hit>
fc3e8a5d97296d8058965c444759e74415e871f0bbdabe2427f66aef3dd4179e,wlan_drv_gen4m_6878,CHIP_TOKEN;PATH,gen4m,kernel_modules,connectivity/wlan/core/gen4m/include/chips/coda/mt6655/conn_bus_cr_von.h,,<path hit>
fc3e8a5d97296d8058965c444759e74415e871f0bbdabe2427f66aef3dd4179e,wlan_drv_gen4m_6878,CHIP_TOKEN;PATH,gen4m,kernel_modules,connectivity/wlan/core/gen4m/include/chips/coda/mt6655/conn_bus_cr_on.h,,<path hit>
fc3e8a5d97296d8058965c444759e74415e871f0bbdabe2427f66aef3dd4179e,wlan_drv_gen4m_6878,CHIP_TOKEN;PATH,gen4m,kernel_modules,connectivity/wlan/core/gen4m/include/chips/coda/mt6655/bn1_wf_mib_top.h,,<path hit>
fc3e8a5d97296d8058965c444759e74415e871f0bbdabe2427f66aef3dd4179e,wlan_drv_gen4m_6878,CHIP_TOKEN;PATH,gen4m,kernel_modules,connectivity/wlan/core/gen4m/include/chips/coda/mt6655/bn0_wf_mib_top.h,,<path hit>
fc3e8a5d97296d8058965c444759e74415e871f0bbdabe2427f66aef3dd4179e,wlan_drv_gen4m_6878,CHIP_TOKEN;PATH,gen4m,kernel_modules,connectivity/wlan/core/gen4m/include/chips/coda/mt6655/ap2wf_conn_infra_on_ccif4.h,,<path hit>
fc3e8a5d97296d8058965c444759e74415e871f0bbdabe2427f66aef3dd4179e,wlan_drv_gen4m_6878,CHIP_TOKEN;PATH,gen4m,kernel_modules,connectivity/wlan/core/gen4m/include/chips/coda/mt6655/wf_wtblon_top.h,,<path hit>
fc3e8a5d97296d8058965c444759e74415e871f0bbdabe2427f66aef3dd4179e,wlan_drv_gen4m_6878,CHIP_TOKEN;PATH,gen4m,kernel_modules,connectivity/wlan/core/gen4m/include/chips/coda/mt6655/wf_wfdma_mcu_dma0.h,,<path hit>
fc3e8a5d97296d8058965c444759e74415e871f0bbdabe2427f66aef3dd4179e,wlan_drv_gen4m_6878,CHIP_TOKEN;PATH,gen4m,kernel_modules,connectivity/wlan/core/gen4m/common/wlan_p2p.c,,<path hit>
fc3e8a5d97296d8058965c444759e74415e871f0bbdabe2427f66aef3dd4179e,wlan_drv_gen4m_6878,CHIP_TOKEN;PATH,gen4m,kernel_modules,connectivity/wlan/core/gen4m/include/chips/coda/mt6655/wf_wfdma_host_dma0.h,,<path hit>
fc3e8a5d97296d8058965c444759e74415e871f0bbdabe2427f66aef3dd4179e,wlan_drv_gen4m_6878,CHIP_TOKEN;PATH,gen4m,kernel_modules,connectivity/wlan/core/gen4m/common/wlan_oid.c,,<path hit>
fc3e8a5d97296d8058965c444759e74415e871f0bbdabe2427f66aef3dd4179e,wlan_drv_gen4m_6878,CHIP_TOKEN;PATH,gen4m,kernel_modules,connectivity/wlan/core/gen4m/include/chips/coda/mt6655/wf_wfdma_ext_wrap_csr.h,,<path hit>
fc3e8a5d97296d8058965c444759e74415e871f0bbdabe2427f66aef3dd4179e,wlan_drv_gen4m_6878,CHIP_TOKEN;PATH,gen4m,kernel_modules,connectivity/wlan/core/gen4m/common/wlan_lib.c,,<path hit>
fc3e8a5d97296d8058965c444759e74415e871f0bbdabe2427f66aef3dd4179e,wlan_drv_gen4m_6878,CHIP_TOKEN;PATH,gen4m,kernel_modules,connectivity/wlan/core/gen4m/include/chips/coda/mt6655/wf_uwtbl_top.h,,<path hit>
fc3e8a5d97296d8058965c444759e74415e871f0bbdabe2427f66aef3dd4179e,wlan_drv_gen4m_6878,CHIP_TOKEN;PATH,gen4m,kernel_modules,connectivity/wlan/core/gen4m/common/wlan_he.c,,<path hit>
fc3e8a5d97296d8058965c444759e74415e871f0bbdabe2427f66aef3dd4179e,wlan_drv_gen4m_6878,CHIP_TOKEN;PATH,gen4m,kernel_modules,connectivity/wlan/core/gen4m/include/chips/coda/mt6655/wf_umib_top.h,,<path hit>
fc3e8a5d97296d8058965c444759e74415e871f0bbdabe2427f66aef3dd4179e,wlan_drv_gen4m_6878,CHIP_TOKEN;PATH,gen4m,kernel_modules,connectivity/wlan/core/gen4m/include/chips/coda/mt6655/wf_rro_top.h,,<path hit>
fc3e8a5d97296d8058965c444759e74415e871f0bbdabe2427f66aef3dd4179e,wlan_drv_gen4m_6878,CHIP_TOKEN;PATH,gen4m,kernel_modules,connectivity/wlan/core/gen4m/include/chips/coda/mt6655/wf_pse_top.h,,<path hit>
fc3e8a5d97296d8058965c444759e74415e871f0bbdabe2427f66aef3dd4179e,wlan_drv_gen4m_6878,CHIP_TOKEN;PATH,gen4m,kernel_modules,connectivity/wlan/core/gen4m/include/chips/coda/mt6655/wf_ple_top.h,,<path hit>
fc3e8a5d97296d8058965c444759e74415e871f0bbdabe2427f66aef3dd4179e,wlan_drv_gen4m_6878,CHIP_TOKEN;PATH,gen4m,kernel_modules,connectivity/wlan/core/gen4m/include/chips/coda/mt6655/wf_hif_dmashdl_top.h,,<path hit>
fc3e8a5d97296d8058965c444759e74415e871f0bbdabe2427f66aef3dd4179e,wlan_drv_gen4m_6878,CHIP_TOKEN;PATH,gen4m,kernel_modules,connectivity/wlan/core/gen4m/include/chips/coda/mt6655/wf_ds_uwtbl.h,,<path hit>
fc3e8a5d97296d8058965c444759e74415e871f0bbdabe2427f66aef3dd4179e,wlan_drv_gen4m_6878,CHIP_TOKEN;PATH,gen4m,kernel_modules,connectivity/wlan/core/gen4m/include/chips/coda/mt6655/wf_ds_lwtbl.h,,<path hit>
fc3e8a5d97296d8058965c444759e74415e871f0bbdabe2427f66aef3dd4179e,wlan_drv_gen4m_6878,CHIP_TOKEN;PATH,gen4m,kernel_modules,connectivity/wlan/core/gen4m/include/chips/coda/mt6655/wf_cr_sw_def.h,,<path hit>
fc3e8a5d97296d8058965c444759e74415e871f0bbdabe2427f66aef3dd4179e,wlan_drv_gen4m_6878,CHIP_TOKEN;PATH,gen4m,kernel_modules,connectivity/wlan/core/gen4m/include/chips/coda/mt6655/wf2ap_conn_infra_on_ccif4.h,,<path hit>
fc3e8a5d97296d8058965c444759e74415e871f0bbdabe2427f66aef3dd4179e,wlan_drv_gen4m_6878,CHIP_TOKEN;PATH,gen4m,kernel_modules,connectivity/wlan/core/gen4m/include/chips/coda/mt6655/pcie_mac_ireg.h,,<path hit>
fc3e8a5d97296d8058965c444759e74415e871f0bbdabe2427f66aef3dd4179e,wlan_drv_gen4m_6878,CHIP_TOKEN;PATH,gen4m,kernel_modules,connectivity/wlan/core/gen4m/include/chips/coda/mt6655/mawd_reg.h,,<path hit>
fc3e8a5d97296d8058965c444759e74415e871f0bbdabe2427f66aef3dd4179e,wlan_drv_gen4m_6878,CHIP_TOKEN;PATH,gen4m,kernel_modules,connectivity/wlan/core/gen4m/include/chips/coda/mt6655/hal_common.h,,<path hit>
fc3e8a5d97296d8058965c444759e74415e871f0bbdabe2427f66aef3dd4179e,wlan_drv_gen4m_6878,CHIP_TOKEN;PATH,gen4m,kernel_modules,connectivity/wlan/core/gen4m/include/chips/coda/mt7915/wf_wfdma_host_dma1.h,,<path hit>
fc3e8a5d97296d8058965c444759e74415e871f0bbdabe2427f66aef3dd4179e,wlan_drv_gen4m_6878,CHIP_TOKEN;PATH,gen4m,kernel_modules,connectivity/wlan/core/gen4m/include/chips/coda/mt7915/wf_wfdma_host_dma0.h,,<path hit>
fc3e8a5d97296d8058965c444759e74415e871f0bbdabe2427f66aef3dd4179e,wlan_drv_gen4m_6878,CHIP_TOKEN;PATH,gen4m,kernel_modules,connectivity/wlan/core/gen4m/include/chips/coda/mt7915/wf_pse_top.h,,<path hit>
fc3e8a5d97296d8058965c444759e74415e871f0bbdabe2427f66aef3dd4179e,wlan_drv_gen4m_6878,CHIP_TOKEN;PATH,gen4m,kernel_modules,connectivity/wlan/core/gen4m/include/chips/coda/mt7915/wf_ple_top.h,,<path hit>
fc3e8a5d97296d8058965c444759e74415e871f0bbdabe2427f66aef3dd4179e,wlan_drv_gen4m_6878,CHIP_TOKEN;PATH,gen4m,kernel_modules,connectivity/wlan/core/gen4m/include/chips/coda/mt7915/wf_cr_sw_def.h,,<path hit>
fc3e8a5d97296d8058965c444759e74415e871f0bbdabe2427f66aef3dd4179e,wlan_drv_gen4m_6878,CHIP_TOKEN;PATH,gen4m,kernel_modules,connectivity/wlan/core/gen4m/include/chips/coda/mt7925/cb_infra_misc0.h,,<path hit>
fc3e8a5d97296d8058965c444759e74415e871f0bbdabe2427f66aef3dd4179e,wlan_drv_gen4m_6878,CHIP_TOKEN;PATH,gen4m,kernel_modules,connectivity/wlan/core/gen4m/include/chips/coda/mt7925/bn1_wf_mib_top.h,,<path hit>
fc3e8a5d97296d8058965c444759e74415e871f0bbdabe2427f66aef3dd4179e,wlan_drv_gen4m_6878,CHIP_TOKEN;PATH,gen4m,kernel_modules,connectivity/wlan/core/gen4m/include/chips/coda/mt7925/bn0_wf_mib_top.h,,<path hit>
fc3e8a5d97296d8058965c444759e74415e871f0bbdabe2427f66aef3dd4179e,wlan_drv_gen4m_6878,CHIP_TOKEN;PATH,gen4m,kernel_modules,connectivity/wlan/core/gen4m/include/chips/coda/mt7925/cb_infra_slp_ctrl.h,,<path hit>
fc3e8a5d97296d8058965c444759e74415e871f0bbdabe2427f66aef3dd4179e,wlan_drv_gen4m_6878,CHIP_TOKEN;PATH,gen4m,kernel_modules,connectivity/wlan/core/gen4m/include/chips/coda/mt7925/cb_infra_rgu.h,,<path hit>
fc3e8a5d97296d8058965c444759e74415e871f0bbdabe2427f66aef3dd4179e,wlan_drv_gen4m_6878,CHIP_TOKEN;PATH,gen4m,kernel_modules,connectivity/wlan/core/gen4m/include/chips/coda/mt7925/conn_bus_cr_on.h,,<path hit>
fc3e8a5d97296d8058965c444759e74415e871f0bbdabe2427f66aef3dd4179e,wlan_drv_gen4m_6878,CHIP_TOKEN;PATH,gen4m,kernel_modules,connectivity/wlan/core/gen4m/include/chips/coda/mt7925/conn_bus_cr.h,,<path hit>
fc3e8a5d97296d8058965c444759e74415e871f0bbdabe2427f66aef3dd4179e,wlan_drv_gen4m_6878,CHIP_TOKEN;PATH,gen4m,kernel_modules,connectivity/wlan/core/gen4m/include/chips/coda/mt7925/conn_bus_cr_von.h,,<path hit>
fc3e8a5d97296d8058965c444759e74415e871f0bbdabe2427f66aef3dd4179e,wlan_drv_gen4m_6878,CHIP_TOKEN;PATH,gen4m,kernel_modules,connectivity/wlan/core/gen4m/include/chips/coda/mt7925/conn_cfg.h,,<path hit>
fc3e8a5d97296d8058965c444759e74415e871f0bbdabe2427f66aef3dd4179e,wlan_drv_gen4m_6878,CHIP_TOKEN;PATH,gen4m,kernel_modules,connectivity/wlan/core/gen4m/include/chips/coda/mt7925/conn_cfg_on.h,,<path hit>
fc3e8a5d97296d8058965c444759e74415e871f0bbdabe2427f66aef3dd4179e,wlan_drv_gen4m_6878,CHIP_TOKEN;PATH,gen4m,kernel_modules,connectivity/wlan/core/gen4m/include/chips/coda/mt7990/wf_wtblon_top.h,,<path hit>
fc3e8a5d97296d8058965c444759e74415e871f0bbdabe2427f66aef3dd4179e,wlan_drv_gen4m_6878,CHIP_TOKEN;PATH,gen4m,kernel_modules,connectivity/wlan/core/gen4m/include/chips/coda/mt7925/conn_clkgen_top.h,,<path hit>
fc3e8a5d97296d8058965c444759e74415e871f0bbdabe2427f66aef3dd4179e,wlan_drv_gen4m_6878,CHIP_TOKEN;PATH,gen4m,kernel_modules,connectivity/wlan/core/gen4m/include/chips/coda/mt7990/wf_wfdma_mcu_dma0.h,,<path hit>
fc3e8a5d97296d8058965c444759e74415e871f0bbdabe2427f66aef3dd4179e,wlan_drv_gen4m_6878,CHIP_TOKEN;PATH,gen4m,kernel_modules,connectivity/wlan/core/gen4m/include/chips/coda/mt7990/wf_wfdma_host_dma0_pcie1.h,,<path hit>
fc3e8a5d97296d8058965c444759e74415e871f0bbdabe2427f66aef3dd4179e,wlan_drv_gen4m_6878,CHIP_TOKEN;PATH,gen4m,kernel_modules,connectivity/wlan/core/gen4m/include/chips/coda/mt7990/ip1_bn0_wf_mib_top.h,,<path hit>
fc3e8a5d97296d8058965c444759e74415e871f0bbdabe2427f66aef3dd4179e,wlan_drv_gen4m_6878,CHIP_TOKEN;PATH,gen4m,kernel_modules,connectivity/wlan/core/gen4m/include/chips/coda/mt7990/wf_wfdma_host_dma0.h,,<path hit>
fc3e8a5d97296d8058965c444759e74415e871f0bbdabe2427f66aef3dd4179e,wlan_drv_gen4m_6878,CHIP_TOKEN;PATH,gen4m,kernel_modules,connectivity/wlan/core/gen4m/include/chips/coda/mt7990/hal_common.h,,<path hit>
fc3e8a5d97296d8058965c444759e74415e871f0bbdabe2427f66aef3dd4179e,wlan_drv_gen4m_6878,CHIP_TOKEN;PATH,gen4m,kernel_modules,connectivity/wlan/core/gen4m/include/chips/coda/mt7990/wf_uwtbl_top.h,,<path hit>
fc3e8a5d97296d8058965c444759e74415e871f0bbdabe2427f66aef3dd4179e,wlan_drv_gen4m_6878,CHIP_TOKEN;PATH,gen4m,kernel_modules,connectivity/wlan/core/gen4m/include/chips/coda/mt7990/conn_rgu_on.h,,<path hit>
fc3e8a5d97296d8058965c444759e74415e871f0bbdabe2427f66aef3dd4179e,wlan_drv_gen4m_6878,CHIP_TOKEN;PATH,gen4m,kernel_modules,connectivity/wlan/core/gen4m/include/chips/coda/mt7990/wf_umib_top.h,,<path hit>
fc3e8a5d97296d8058965c444759e74415e871f0bbdabe2427f66aef3dd4179e,wlan_drv_gen4m_6878,CHIP_TOKEN;PATH,gen4m,kernel_modules,connectivity/wlan/core/gen4m/include/chips/coda/mt7990/conn_mcu_bus_cr.h,,<path hit>
fc3e8a5d97296d8058965c444759e74415e871f0bbdabe2427f66aef3dd4179e,wlan_drv_gen4m_6878,CHIP_TOKEN;PATH,gen4m,kernel_modules,connectivity/wlan/core/gen4m/include/chips/coda/mt7990/wf_top_cfg_on.h,,<path hit>
fc3e8a5d97296d8058965c444759e74415e871f0bbdabe2427f66aef3dd4179e,wlan_drv_gen4m_6878,CHIP_TOKEN;PATH,gen4m,kernel_modules,connectivity/wlan/core/gen4m/include/chips/coda/bellwether/wf_wtblon_top.h,,<path hit>
fc3e8a5d97296d8058965c444759e74415e871f0bbdabe2427f66aef3dd4179e,wlan_drv_gen4m_6878,CHIP_TOKEN;PATH,gen4m,kernel_modules,connectivity/wlan/core/gen4m/include/chips/coda/mt7990/conn_infra_rgu_on.h,,<path hit>
fc3e8a5d97296d8058965c444759e74415e871f0bbdabe2427f66aef3dd4179e,wlan_drv_gen4m_6878,CHIP_TOKEN;PATH,gen4m,kernel_modules,connectivity/wlan/core/gen4m/include/chips/coda/mt7990/wf_top_cfg.h,,<path hit>
fc3e8a5d97296d8058965c444759e74415e871f0bbdabe2427f66aef3dd4179e,wlan_drv_gen4m_6878,CHIP_TOKEN;PATH,gen4m,kernel_modules,connectivity/wlan/core/gen4m/include/chips/coda/bellwether/wf_wfdma_mcu_dma0.h,,<path hit>
fc3e8a5d97296d8058965c444759e74415e871f0bbdabe2427f66aef3dd4179e,wlan_drv_gen4m_6878,CHIP_TOKEN;PATH,gen4m,kernel_modules,connectivity/wlan/core/gen4m/include/chips/coda/mt7990/conn_infra_cfg_on.h,,<path hit>
fc3e8a5d97296d8058965c444759e74415e871f0bbdabe2427f66aef3dd4179e,wlan_drv_gen4m_6878,CHIP_TOKEN;PATH,gen4m,kernel_modules,connectivity/wlan/core/gen4m/include/chips/coda/mt7990/wf_pse_top.h,,<path hit>
fc3e8a5d97296d8058965c444759e74415e871f0bbdabe2427f66aef3dd4179e,wlan_drv_gen4m_6878,CHIP_TOKEN;PATH,gen4m,kernel_modules,connectivity/wlan/core/gen4m/include/chips/coda/bellwether/wf_wfdma_host_dma0.h,,<path hit>
fc3e8a5d97296d8058965c444759e74415e871f0bbdabe2427f66aef3dd4179e,wlan_drv_gen4m_6878,CHIP_TOKEN;PATH,gen4m,kernel_modules,connectivity/wlan/core/gen4m/include/chips/coda/mt7990/wf_ple_top.h,,<path hit>
fc3e8a5d97296d8058965c444759e74415e871f0bbdabe2427f66aef3dd4179e,wlan_drv_gen4m_6878,CHIP_TOKEN;PATH,gen4m,kernel_modules,connectivity/wlan/core/gen4m/include/chips/coda/bellwether/wf_uwtbl_top.h,,<path hit>
fc3e8a5d97296d8058965c444759e74415e871f0bbdabe2427f66aef3dd4179e,wlan_drv_gen4m_6878,CHIP_TOKEN;PATH,gen4m,kernel_modules,connectivity/wlan/core/gen4m/include/chips/coda/mt7990/conn_infra_cfg.h,,<path hit>
fc3e8a5d97296d8058965c444759e74415e871f0bbdabe2427f66aef3dd4179e,wlan_drv_gen4m_6878,CHIP_TOKEN;PATH,gen4m,kernel_modules,connectivity/wlan/core/gen4m/include/chips/coda/mt7990/wf_mcu_bus_cr.h,,<path hit>
fc3e8a5d97296d8058965c444759e74415e871f0bbdabe2427f66aef3dd4179e,wlan_drv_gen4m_6878,CHIP_TOKEN;PATH,gen4m,kernel_modules,connectivity/wlan/core/gen4m/include/chips/coda/bellwether/wf_umib_top.h,,<path hit>
fc3e8a5d97296d8058965c444759e74415e871f0bbdabe2427f66aef3dd4179e,wlan_drv_gen4m_6878,CHIP_TOKEN;PATH,gen4m,kernel_modules,connectivity/wlan/core/gen4m/include/chips/coda/mt7990/wf_hif_dmashdl_top.h,,<path hit>
fc3e8a5d97296d8058965c444759e74415e871f0bbdabe2427f66aef3dd4179e,wlan_drv_gen4m_6878,CHIP_TOKEN;PATH,gen4m,kernel_modules,connectivity/wlan/core/gen4m/include/chips/coda/bellwether/wf_top_cfg_on.h,,<path hit>
fc3e8a5d97296d8058965c444759e74415e871f0bbdabe2427f66aef3dd4179e,wlan_drv_gen4m_6878,CHIP_TOKEN;PATH,gen4m,kernel_modules,connectivity/wlan/core/gen4m/include/chips/coda/mt7990/wf_ds_uwtbl.h,,<path hit>
fc3e8a5d97296d8058965c444759e74415e871f0bbdabe2427f66aef3dd4179e,wlan_drv_gen4m_6878,CHIP_TOKEN;PATH,gen4m,kernel_modules,connectivity/wlan/core/gen4m/include/chips/coda/bellwether/wf_pse_top.h,,<path hit>
fc3e8a5d97296d8058965c444759e74415e871f0bbdabe2427f66aef3dd4179e,wlan_drv_gen4m_6878,CHIP_TOKEN;PATH,gen4m,kernel_modules,connectivity/wlan/core/gen4m/include/chips/coda/mt7990/wf_ds_lwtbl.h,,<path hit>
fc3e8a5d97296d8058965c444759e74415e871f0bbdabe2427f66aef3dd4179e,wlan_drv_gen4m_6878,CHIP_TOKEN;PATH,gen4m,kernel_modules,connectivity/wlan/core/gen4m/include/chips/coda/bellwether/wf_ple_top.h,,<path hit>
fc3e8a5d97296d8058965c444759e74415e871f0bbdabe2427f66aef3dd4179e,wlan_drv_gen4m_6878,CHIP_TOKEN;PATH,gen4m,kernel_modules,connectivity/wlan/core/gen4m/include/chips/coda/mt7990/pcie_mac_ireg.h,,<path hit>
fc3e8a5d97296d8058965c444759e74415e871f0bbdabe2427f66aef3dd4179e,wlan_drv_gen4m_6878,CHIP_TOKEN;PATH,gen4m,kernel_modules,connectivity/wlan/core/gen4m/include/chips/coda/bellwether/wf_mcu_bus_cr.h,,<path hit>
fc3e8a5d97296d8058965c444759e74415e871f0bbdabe2427f66aef3dd4179e,wlan_drv_gen4m_6878,CHIP_TOKEN;PATH,gen4m,kernel_modules,connectivity/wlan/core/gen4m/include/chips/coda/mt7990/conn_infra_bus_cr_on.h,,<path hit>
fc3e8a5d97296d8058965c444759e74415e871f0bbdabe2427f66aef3dd4179e,wlan_drv_gen4m_6878,CHIP_TOKEN;PATH,gen4m,kernel_modules,connectivity/wlan/core/gen4m/include/chips/coda/bellwether/wf_hif_dmashdl_top.h,,<path hit>
fc3e8a5d97296d8058965c444759e74415e871f0bbdabe2427f66aef3dd4179e,wlan_drv_gen4m_6878,CHIP_TOKEN;PATH,gen4m,kernel_modules,connectivity/wlan/core/gen4m/include/chips/coda/mt7990/conn_host_csr_top.h,,<path hit>
fc3e8a5d97296d8058965c444759e74415e871f0bbdabe2427f66aef3dd4179e,wlan_drv_gen4m_6878,CHIP_TOKEN;PATH,gen4m,kernel_modules,connectivity/wlan/core/gen4m/include/chips/coda/bellwether/wf_ds_uwtbl.h,,<path hit>
fc3e8a5d97296d8058965c444759e74415e871f0bbdabe2427f66aef3dd4179e,wlan_drv_gen4m_6878,CHIP_TOKEN;PATH,gen4m,kernel_modules,connectivity/wlan/core/gen4m/include/chips/coda/mt7990/conn_bus_cr_on.h,,<path hit>
fc3e8a5d97296d8058965c444759e74415e871f0bbdabe2427f66aef3dd4179e,wlan_drv_gen4m_6878,CHIP_TOKEN;PATH,gen4m,kernel_modules,connectivity/wlan/core/gen4m/include/chips/coda/bellwether/wf_ds_lwtbl.h,,<path hit>
fc3e8a5d97296d8058965c444759e74415e871f0bbdabe2427f66aef3dd4179e,wlan_drv_gen4m_6878,CHIP_TOKEN;PATH,gen4m,kernel_modules,connectivity/wlan/core/gen4m/include/chips/coda/mt7990/bn1_wf_mib_top.h,,<path hit>
fc3e8a5d97296d8058965c444759e74415e871f0bbdabe2427f66aef3dd4179e,wlan_drv_gen4m_6878,CHIP_TOKEN;PATH,gen4m,kernel_modules,connectivity/wlan/core/gen4m/include/chips/coda/bellwether/pcie_mac_ireg.h,,<path hit>
fc3e8a5d97296d8058965c444759e74415e871f0bbdabe2427f66aef3dd4179e,wlan_drv_gen4m_6878,CHIP_TOKEN;PATH,gen4m,kernel_modules,connectivity/wlan/core/gen4m/include/chips/coda/mt7990/bn0_wf_mib_top.h,,<path hit>
fc3e8a5d97296d8058965c444759e74415e871f0bbdabe2427f66aef3dd4179e,wlan_drv_gen4m_6878,CHIP_TOKEN;PATH,gen4m,kernel_modules,connectivity/wlan/core/gen4m/include/chips/coda/bellwether/ip1_bn0_wf_mib_top.h,,<path hit>
fc3e8a5d97296d8058965c444759e74415e871f0bbdabe2427f66aef3dd4179e,wlan_drv_gen4m_6878,CHIP_TOKEN;PATH,gen4m,kernel_modules,connectivity/wlan/core/gen4m/include/chips/coda/bellwether/hal_common.h,,<path hit>
fc3e8a5d97296d8058965c444759e74415e871f0bbdabe2427f66aef3dd4179e,wlan_drv_gen4m_6878,CHIP_TOKEN;PATH,gen4m,kernel_modules,connectivity/wlan/core/gen4m/include/chips/coda/bellwether/conn_infra_rgu_on.h,,<path hit>
fc3e8a5d97296d8058965c444759e74415e871f0bbdabe2427f66aef3dd4179e,wlan_drv_gen4m_6878,CHIP_TOKEN;PATH,gen4m,kernel_modules,connectivity/wlan/core/gen4m/include/chips/coda/bellwether/conn_infra_cfg_on.h,,<path hit>
fc3e8a5d97296d8058965c444759e74415e871f0bbdabe2427f66aef3dd4179e,wlan_drv_gen4m_6878,CHIP_TOKEN;PATH,gen4m,kernel_modules,connectivity/wlan/core/gen4m/include/chips/coda/bellwether/conn_infra_cfg.h,,<path hit>
fc3e8a5d97296d8058965c444759e74415e871f0bbdabe2427f66aef3dd4179e,wlan_drv_gen4m_6878,CHIP_TOKEN;PATH,gen4m,kernel_modules,connectivity/wlan/core/gen4m/include/chips/coda/bellwether/conn_infra_bus_cr_on.h,,<path hit>
fc3e8a5d97296d8058965c444759e74415e871f0bbdabe2427f66aef3dd4179e,wlan_drv_gen4m_6878,CHIP_TOKEN;PATH,gen4m,kernel_modules,connectivity/wlan/core/gen4m/include/chips/coda/bellwether/conn_host_csr_top.h,,<path hit>
fc3e8a5d97296d8058965c444759e74415e871f0bbdabe2427f66aef3dd4179e,wlan_drv_gen4m_6878,CHIP_TOKEN;PATH,gen4m,kernel_modules,connectivity/wlan/core/gen4m/include/chips/coda/bellwether/bn1_wf_mib_top.h,,<path hit>
fc3e8a5d97296d8058965c444759e74415e871f0bbdabe2427f66aef3dd4179e,wlan_drv_gen4m_6878,CHIP_TOKEN;PATH,gen4m,kernel_modules,connectivity/wlan/core/gen4m/include/chips/coda/bellwether/bn0_wf_mib_top.h,,<path hit>
fc3e8a5d97296d8058965c444759e74415e871f0bbdabe2427f66aef3dd4179e,wlan_drv_gen4m_6878,CHIP_TOKEN;PATH,gen4m,kernel_modules,connectivity/wlan/core/gen4m/include/chips/coda/WF_TX_FREE_DONE_EVENT_BESRA_c_header.h,,<path hit>
fc3e8a5d97296d8058965c444759e74415e871f0bbdabe2427f66aef3dd4179e,wlan_drv_gen4m_6878,CHIP_TOKEN;PATH,gen4m,kernel_modules,connectivity/wlan/core/gen4m/include/chips/coda/mt6653/conn_cfg_on.h,,<path hit>
fc3e8a5d97296d8058965c444759e74415e871f0bbdabe2427f66aef3dd4179e,wlan_drv_gen4m_6878,CHIP_TOKEN;PATH,gen4m,kernel_modules,connectivity/wlan/core/gen4m/include/chips/coda/mt6653/conn_cfg.h,,<path hit>
fc3e8a5d97296d8058965c444759e74415e871f0bbdabe2427f66aef3dd4179e,wlan_drv_gen4m_6878,CHIP_TOKEN;PATH,gen4m,kernel_modules,connectivity/wlan/core/gen4m/include/chips/coda/mt6653/conn_bus_cr_von.h,,<path hit>
fc3e8a5d97296d8058965c444759e74415e871f0bbdabe2427f66aef3dd4179e,wlan_drv_gen4m_6878,CHIP_TOKEN;PATH,gen4m,kernel_modules,connectivity/wlan/core/gen4m/include/chips/coda/mt6653/conn_bus_cr_on.h,,<path hit>
fc3e8a5d97296d8058965c444759e74415e871f0bbdabe2427f66aef3dd4179e,wlan_drv_gen4m_6878,CHIP_TOKEN;PATH,gen4m,kernel_modules,connectivity/wlan/core/gen4m/include/chips/coda/mt6653/conn_bus_cr.h,,<path hit>
fc3e8a5d97296d8058965c444759e74415e871f0bbdabe2427f66aef3dd4179e,wlan_drv_gen4m_6878,CHIP_TOKEN;PATH,gen4m,kernel_modules,connectivity/wlan/core/gen4m/include/chips/coda/mt6653/cbtop_gpio_sw_def.h,,<path hit>
fc3e8a5d97296d8058965c444759e74415e871f0bbdabe2427f66aef3dd4179e,wlan_drv_gen4m_6878,CHIP_TOKEN;PATH,gen4m,kernel_modules,connectivity/wlan/core/gen4m/include/chips/coda/mt6653/cb_infra_slp_ctrl.h,,<path hit>
fc3e8a5d97296d8058965c444759e74415e871f0bbdabe2427f66aef3dd4179e,wlan_drv_gen4m_6878,CHIP_TOKEN;PATH,gen4m,kernel_modules,connectivity/wlan/core/gen4m/include/chips/coda/mt6653/cb_infra_rgu.h,,<path hit>
fc3e8a5d97296d8058965c444759e74415e871f0bbdabe2427f66aef3dd4179e,wlan_drv_gen4m_6878,CHIP_TOKEN;PATH,gen4m,kernel_modules,connectivity/wlan/core/gen4m/include/chips/coda/mt6653/cb_infra_misc0.h,,<path hit>
fc3e8a5d97296d8058965c444759e74415e871f0bbdabe2427f66aef3dd4179e,wlan_drv_gen4m_6878,CHIP_TOKEN;PATH,gen4m,kernel_modules,connectivity/wlan/core/gen4m/include/chips/coda/mt6653/cb_ckgen_top.h,,<path hit>
fc3e8a5d97296d8058965c444759e74415e871f0bbdabe2427f66aef3dd4179e,wlan_drv_gen4m_6878,CHIP_TOKEN;PATH,gen4m,kernel_modules,connectivity/wlan/core/gen4m/include/chips/coda/mt6653/bn1_wf_mib_top.h,,<path hit>
fc3e8a5d97296d8058965c444759e74415e871f0bbdabe2427f66aef3dd4179e,wlan_drv_gen4m_6878,CHIP_TOKEN;PATH,gen4m,kernel_modules,connectivity/wlan/core/gen4m/include/chips/coda/mt6653/bn0_wf_mib_top.h,,<path hit>
fc3e8a5d97296d8058965c444759e74415e871f0bbdabe2427f66aef3dd4179e,wlan_drv_gen4m_6878,CHIP_TOKEN;PATH,gen4m,kernel_modules,connectivity/wlan/core/gen4m/include/chips/coda/mt6653/bcrm_on_pwr_wrapper_u_bcrm_on_pwr_bcrm.h,,<path hit>
fc3e8a5d97296d8058965c444759e74415e871f0bbdabe2427f66aef3dd4179e,wlan_drv_gen4m_6878,CHIP_TOKEN;PATH,gen4m,kernel_modules,connectivity/wlan/core/gen4m/include/chips/coda/mt6653/ap2wf_conn_infra_on_ccif4.h,,<path hit>
fc3e8a5d97296d8058965c444759e74415e871f0bbdabe2427f66aef3dd4179e,wlan_drv_gen4m_6878,CHIP_TOKEN;PATH,gen4m,kernel_modules,connectivity/wlan/core/gen4m/chips/soc7_0/soc7_0.c,,<path hit>
fc3e8a5d97296d8058965c444759e74415e871f0bbdabe2427f66aef3dd4179e,wlan_drv_gen4m_6878,CHIP_TOKEN;PATH,gen4m,kernel_modules,connectivity/wlan/core/gen4m/chips/soc7_0/hal_dmashdl_soc7_0.c,,<path hit>
fc3e8a5d97296d8058965c444759e74415e871f0bbdabe2427f66aef3dd4179e,wlan_drv_gen4m_6878,CHIP_TOKEN;PATH,gen4m,kernel_modules,connectivity/wlan/core/gen4m/chips/soc7_0/dbg_soc7_0.c,,<path hit>
fc3e8a5d97296d8058965c444759e74415e871f0bbdabe2427f66aef3dd4179e,wlan_drv_gen4m_6878,CHIP_TOKEN;PATH,gen4m,kernel_modules,connectivity/wlan/core/gen4m/include/chips/coda/mt6653/wf_wtblon_top.h,,<path hit>
fc3e8a5d97296d8058965c444759e74415e871f0bbdabe2427f66aef3dd4179e,wlan_drv_gen4m_6878,CHIP_TOKEN;PATH,gen4m,kernel_modules,connectivity/wlan/core/gen4m/include/chips/coda/mt6653/wf_wfdma_mcu_dma0.h,,<path hit>
fc3e8a5d97296d8058965c444759e74415e871f0bbdabe2427f66aef3dd4179e,wlan_drv_gen4m_6878,CHIP_TOKEN;PATH,gen4m,kernel_modules,connectivity/wlan/core/gen4m/include/chips/coda/mt6653/wf_wfdma_host_dma0.h,,<path hit>
fc3e8a5d97296d8058965c444759e74415e871f0bbdabe2427f66aef3dd4179e,wlan_drv_gen4m_6878,CHIP_TOKEN;PATH,gen4m,kernel_modules,connectivity/wlan/core/gen4m/include/chips/coda/mt6653/wf_wfdma_ext_wrap_csr.h,,<path hit>
fc3e8a5d97296d8058965c444759e74415e871f0bbdabe2427f66aef3dd4179e,wlan_drv_gen4m_6878,CHIP_TOKEN;PATH,gen4m,kernel_modules,connectivity/wlan/core/gen4m/include/chips/coda/mt6653/wf_uwtbl_top.h,,<path hit>
fc3e8a5d97296d8058965c444759e74415e871f0bbdabe2427f66aef3dd4179e,wlan_drv_gen4m_6878,CHIP_TOKEN;PATH,gen4m,kernel_modules,connectivity/wlan/core/gen4m/include/chips/coda/mt6653/wf_umib_top.h,,<path hit>
fc3e8a5d97296d8058965c444759e74415e871f0bbdabe2427f66aef3dd4179e,wlan_drv_gen4m_6878,CHIP_TOKEN;PATH,gen4m,kernel_modules,connectivity/wlan/core/gen4m/include/chips/coda/mt6653/wf_top_cfg_on.h,,<path hit>
fc3e8a5d97296d8058965c444759e74415e871f0bbdabe2427f66aef3dd4179e,wlan_drv_gen4m_6878,CHIP_TOKEN;PATH,gen4m,kernel_modules,connectivity/wlan/core/gen4m/include/chips/coda/mt7925/wf_wtblon_top.h,,<path hit>
fc3e8a5d97296d8058965c444759e74415e871f0bbdabe2427f66aef3dd4179e,wlan_drv_gen4m_6878,CHIP_TOKEN;PATH,gen4m,kernel_modules,connectivity/wlan/core/gen4m/include/chips/coda/mt6653/wf_top_cfg.h,,<path hit>
fc3e8a5d97296d8058965c444759e74415e871f0bbdabe2427f66aef3dd4179e,wlan_drv_gen4m_6878,CHIP_TOKEN;PATH,gen4m,kernel_modules,connectivity/wlan/core/gen4m/include/chips/coda/mt6653/wf_rro_top.h,,<path hit>
fc3e8a5d97296d8058965c444759e74415e871f0bbdabe2427f66aef3dd4179e,wlan_drv_gen4m_6878,CHIP_TOKEN;PATH,gen4m,kernel_modules,connectivity/wlan/core/gen4m/include/chips/coda/mt6653/wf_pse_top.h,,<path hit>
fc3e8a5d97296d8058965c444759e74415e871f0bbdabe2427f66aef3dd4179e,wlan_drv_gen4m_6878,CHIP_TOKEN;PATH,gen4m,kernel_modules,connectivity/wlan/core/gen4m/include/chips/coda/mt7925/wf_wfdma_mcu_dma0.h,,<path hit>
fc3e8a5d97296d8058965c444759e74415e871f0bbdabe2427f66aef3dd4179e,wlan_drv_gen4m_6878,CHIP_TOKEN;PATH,gen4m,kernel_modules,connectivity/wlan/core/gen4m/include/chips/coda/mt6653/wf_ple_top.h,,<path hit>
fc3e8a5d97296d8058965c444759e74415e871f0bbdabe2427f66aef3dd4179e,wlan_drv_gen4m_6878,CHIP_TOKEN;PATH,gen4m,kernel_modules,connectivity/wlan/core/gen4m/include/chips/coda/mt7925/wf_wfdma_host_dma0.h,,<path hit>
fc3e8a5d97296d8058965c444759e74415e871f0bbdabe2427f66aef3dd4179e,wlan_drv_gen4m_6878,CHIP_TOKEN;PATH,gen4m,kernel_modules,connectivity/wlan/core/gen4m/include/chips/coda/mt6653/wf_mcusys_vdnr_gen_bus_u_debug_ctrl_ao.h,,<path hit>
fc3e8a5d97296d8058965c444759e74415e871f0bbdabe2427f66aef3dd4179e,wlan_drv_gen4m_6878,CHIP_TOKEN;PATH,gen4m,kernel_modules,connectivity/wlan/core/gen4m/include/chips/coda/mt7925/wf_wfdma_ext_wrap_csr.h,,<path hit>
fc3e8a5d97296d8058965c444759e74415e871f0bbdabe2427f66aef3dd4179e,wlan_drv_gen4m_6878,CHIP_TOKEN;PATH,gen4m,kernel_modules,connectivity/wlan/core/gen4m/include/chips/coda/mt6653/wf_hif_dmashdl_top.h,,<path hit>
fc3e8a5d97296d8058965c444759e74415e871f0bbdabe2427f66aef3dd4179e,wlan_drv_gen4m_6878,CHIP_TOKEN;PATH,gen4m,kernel_modules,connectivity/wlan/core/gen4m/include/chips/coda/mt7925/wf_uwtbl_top.h,,<path hit>
fc3e8a5d97296d8058965c444759e74415e871f0bbdabe2427f66aef3dd4179e,wlan_drv_gen4m_6878,CHIP_TOKEN;PATH,gen4m,kernel_modules,connectivity/wlan/core/gen4m/include/chips/coda/mt6653/wf_ds_uwtbl.h,,<path hit>
fc3e8a5d97296d8058965c444759e74415e871f0bbdabe2427f66aef3dd4179e,wlan_drv_gen4m_6878,CHIP_TOKEN;PATH,gen4m,kernel_modules,connectivity/wlan/core/gen4m/include/chips/coda/mt6653/wf_ds_lwtbl.h,,<path hit>
fc3e8a5d97296d8058965c444759e74415e871f0bbdabe2427f66aef3dd4179e,wlan_drv_gen4m_6878,CHIP_TOKEN;PATH,gen4m,kernel_modules,connectivity/wlan/core/gen4m/include/chips/coda/mt7925/wf_umib_top.h,,<path hit>
fc3e8a5d97296d8058965c444759e74415e871f0bbdabe2427f66aef3dd4179e,wlan_drv_gen4m_6878,CHIP_TOKEN;PATH,gen4m,kernel_modules,connectivity/wlan/core/gen4m/include/chips/coda/mt6653/wf_cr_sw_def.h,,<path hit>
fc3e8a5d97296d8058965c444759e74415e871f0bbdabe2427f66aef3dd4179e,wlan_drv_gen4m_6878,CHIP_TOKEN;PATH,gen4m,kernel_modules,connectivity/wlan/core/gen4m/include/chips/coda/mt7925/wf_top_cfg_on.h,,<path hit>
fc3e8a5d97296d8058965c444759e74415e871f0bbdabe2427f66aef3dd4179e,wlan_drv_gen4m_6878,CHIP_TOKEN;PATH,gen4m,kernel_modules,connectivity/wlan/core/gen4m/include/chips/coda/mt6653/wf2ap_conn_infra_on_ccif4.h,,<path hit>
fc3e8a5d97296d8058965c444759e74415e871f0bbdabe2427f66aef3dd4179e,wlan_drv_gen4m_6878,CHIP_TOKEN;PATH,gen4m,kernel_modules,connectivity/wlan/core/gen4m/include/chips/coda/mt7925/wf_pse_top.h,,<path hit>
fc3e8a5d97296d8058965c444759e74415e871f0bbdabe2427f66aef3dd4179e,wlan_drv_gen4m_6878,CHIP_TOKEN;PATH,gen4m,kernel_modules,connectivity/wlan/core/gen4m/include/chips/coda/mt6653/vlp_uds_ctrl.h,,<path hit>
fc3e8a5d97296d8058965c444759e74415e871f0bbdabe2427f66aef3dd4179e,wlan_drv_gen4m_6878,CHIP_TOKEN;PATH,gen4m,kernel_modules,connectivity/wlan/core/gen4m/include/chips/coda/mt7925/wf_ple_top.h,,<path hit>
fc3e8a5d97296d8058965c444759e74415e871f0bbdabe2427f66aef3dd4179e,wlan_drv_gen4m_6878,CHIP_TOKEN;PATH,gen4m,kernel_modules,connectivity/wlan/core/gen4m/include/chips/coda/mt6653/top_misc.h,,<path hit>
fc3e8a5d97296d8058965c444759e74415e871f0bbdabe2427f66aef3dd4179e,wlan_drv_gen4m_6878,CHIP_TOKEN;PATH,gen4m,kernel_modules,connectivity/wlan/core/gen4m/include/chips/coda/mt7925/wf_mcusys_vdnr_gen_bus_u_debug_ctrl_ao.h,,<path hit>
fc3e8a5d97296d8058965c444759e74415e871f0bbdabe2427f66aef3dd4179e,wlan_drv_gen4m_6878,CHIP_TOKEN;PATH,gen4m,kernel_modules,connectivity/wlan/core/gen4m/include/chips/coda/mt6653/ssusb_epctl_csr.h,,<path hit>
fc3e8a5d97296d8058965c444759e74415e871f0bbdabe2427f66aef3dd4179e,wlan_drv_gen4m_6878,CHIP_TOKEN;PATH,gen4m,kernel_modules,connectivity/wlan/core/gen4m/include/chips/coda/mt7925/wf_hif_dmashdl_top.h,,<path hit>
fc3e8a5d97296d8058965c444759e74415e871f0bbdabe2427f66aef3dd4179e,wlan_drv_gen4m_6878,CHIP_TOKEN;PATH,gen4m,kernel_modules,connectivity/wlan/core/gen4m/include/chips/coda/mt7925/wf_ds_uwtbl.h,,<path hit>
fc3e8a5d97296d8058965c444759e74415e871f0bbdabe2427f66aef3dd4179e,wlan_drv_gen4m_6878,CHIP_TOKEN;PATH,gen4m,kernel_modules,connectivity/wlan/core/gen4m/include/chips/coda/mt6653/pcie_mac_ireg.h,,<path hit>
fc3e8a5d97296d8058965c444759e74415e871f0bbdabe2427f66aef3dd4179e,wlan_drv_gen4m_6878,CHIP_TOKEN;PATH,gen4m,kernel_modules,connectivity/wlan/core/gen4m/include/chips/coda/mt7925/wf_ds_lwtbl.h,,<path hit>
fc3e8a5d97296d8058965c444759e74415e871f0bbdabe2427f66aef3dd4179e,wlan_drv_gen4m_6878,CHIP_TOKEN;PATH,gen4m,kernel_modules,connectivity/wlan/core/gen4m/include/chips/coda/mt7961/wf_wfdma_host_dma0.h,,<path hit>
fc3e8a5d97296d8058965c444759e74415e871f0bbdabe2427f66aef3dd4179e,wlan_drv_gen4m_6878,CHIP_TOKEN;PATH,gen4m,kernel_modules,connectivity/wlan/core/gen4m/chips/soc5_0/soc5_0.c,,<path hit>
fc3e8a5d97296d8058965c444759e74415e871f0bbdabe2427f66aef3dd4179e,wlan_drv_gen4m_6878,CHIP_TOKEN;PATH,gen4m,kernel_modules,connectivity/wlan/core/gen4m/include/chips/coda/mt7961/wf_pse_top.h,,<path hit>
fc3e8a5d97296d8058965c444759e74415e871f0bbdabe2427f66aef3dd4179e,wlan_drv_gen4m_6878,CHIP_TOKEN;PATH,gen4m,kernel_modules,connectivity/wlan/core/gen4m/chips/soc5_0/hal_dmashdl_soc5_0.c,,<path hit>
fc3e8a5d97296d8058965c444759e74415e871f0bbdabe2427f66aef3dd4179e,wlan_drv_gen4m_6878,CHIP_TOKEN;PATH,gen4m,kernel_modules,connectivity/wlan/core/gen4m/include/chips/coda/mt6653/mawd_reg.h,,<path hit>
fc3e8a5d97296d8058965c444759e74415e871f0bbdabe2427f66aef3dd4179e,wlan_drv_gen4m_6878,CHIP_TOKEN;PATH,gen4m,kernel_modules,connectivity/wlan/core/gen4m/include/chips/coda/mt7961/wf_ple_top.h,,<path hit>
fc3e8a5d97296d8058965c444759e74415e871f0bbdabe2427f66aef3dd4179e,wlan_drv_gen4m_6878,CHIP_TOKEN;PATH,gen4m,kernel_modules,connectivity/wlan/core/gen4m/chips/soc5_0/dbg_soc5_0.c,,<path hit>
fc3e8a5d97296d8058965c444759e74415e871f0bbdabe2427f66aef3dd4179e,wlan_drv_gen4m_6878,CHIP_TOKEN;PATH,gen4m,kernel_modules,connectivity/wlan/core/gen4m/include/chips/coda/mt7925/wf_cr_sw_def.h,,<path hit>
fc3e8a5d97296d8058965c444759e74415e871f0bbdabe2427f66aef3dd4179e,wlan_drv_gen4m_6878,CHIP_TOKEN;PATH,gen4m,kernel_modules,connectivity/wlan/core/gen4m/include/chips/coda/mt7961/wf_hif_dmashdl_top.h,,<path hit>
fc3e8a5d97296d8058965c444759e74415e871f0bbdabe2427f66aef3dd4179e,wlan_drv_gen4m_6878,CHIP_TOKEN;PATH,gen4m,kernel_modules,connectivity/wlan/core/gen4m/include/chips/coda/mt6653/hal_common.h,,<path hit>
fc3e8a5d97296d8058965c444759e74415e871f0bbdabe2427f66aef3dd4179e,wlan_drv_gen4m_6878,CHIP_TOKEN;PATH,gen4m,kernel_modules,connectivity/wlan/core/gen4m/include/chips/coda/mt6653/conn_wt_slp_ctl_reg.h,,<path hit>
fc3e8a5d97296d8058965c444759e74415e871f0bbdabe2427f66aef3dd4179e,wlan_drv_gen4m_6878,CHIP_TOKEN;PATH,gen4m,kernel_modules,connectivity/wlan/core/gen4m/include/chips/coda/mt7925/top_misc.h,,<path hit>
fc3e8a5d97296d8058965c444759e74415e871f0bbdabe2427f66aef3dd4179e,wlan_drv_gen4m_6878,CHIP_TOKEN;PATH,gen4m,kernel_modules,connectivity/wlan/core/gen4m/include/chips/coda/mt7961/wf_cr_sw_def.h,,<path hit>
fc3e8a5d97296d8058965c444759e74415e871f0bbdabe2427f66aef3dd4179e,wlan_drv_gen4m_6878,CHIP_TOKEN;PATH,gen4m,kernel_modules,connectivity/wlan/core/gen4m/include/chips/coda/mt6653/conn_semaphore.h,,<path hit>
fc3e8a5d97296d8058965c444759e74415e871f0bbdabe2427f66aef3dd4179e,wlan_drv_gen4m_6878,CHIP_TOKEN;PATH,gen4m,kernel_modules,connectivity/wlan/core/gen4m/include/chips/coda/mt7925/ssusb_epctl_csr.h,,<path hit>
fc3e8a5d97296d8058965c444759e74415e871f0bbdabe2427f66aef3dd4179e,wlan_drv_gen4m_6878,CHIP_TOKEN;PATH,gen4m,kernel_modules,connectivity/wlan/core/gen4m/include/chips/coda/mt7961/ssusb_epctl_csr.h,,<path hit>
fc3e8a5d97296d8058965c444759e74415e871f0bbdabe2427f66aef3dd4179e,wlan_drv_gen4m_6878,CHIP_TOKEN;PATH,gen4m,kernel_modules,connectivity/wlan/core/gen4m/include/chips/coda/mt6653/conn_rgu_on.h,,<path hit>
fc3e8a5d97296d8058965c444759e74415e871f0bbdabe2427f66aef3dd4179e,wlan_drv_gen4m_6878,CHIP_TOKEN;PATH,gen4m,kernel_modules,connectivity/wlan/core/gen4m/include/chips/coda/mt7925/pcie_mac_ireg.h,,<path hit>
fc3e8a5d97296d8058965c444759e74415e871f0bbdabe2427f66aef3dd4179e,wlan_drv_gen4m_6878,CHIP_TOKEN;PATH,gen4m,kernel_modules,connectivity/wlan/core/gen4m/include/chips/coda/mt7961/cbtop_rgu.h,,<path hit>
fc3e8a5d97296d8058965c444759e74415e871f0bbdabe2427f66aef3dd4179e,wlan_drv_gen4m_6878,CHIP_TOKEN;PATH,gen4m,kernel_modules,connectivity/wlan/core/gen4m/include/chips/coda/mt6653/conn_rf_spi_mst_reg.h,,<path hit>
fc3e8a5d97296d8058965c444759e74415e871f0bbdabe2427f66aef3dd4179e,wlan_drv_gen4m_6878,CHIP_TOKEN;PATH,gen4m,kernel_modules,connectivity/wlan/core/gen4m/include/chips/coda/mt7925/hal_common.h,,<path hit>
fc3e8a5d97296d8058965c444759e74415e871f0bbdabe2427f66aef3dd4179e,wlan_drv_gen4m_6878,CHIP_TOKEN;PATH,gen4m,kernel_modules,connectivity/wlan/core/gen4m/include/chips/coda/mt7925/conn_wt_slp_ctl_reg.h,,<path hit>
fc3e8a5d97296d8058965c444759e74415e871f0bbdabe2427f66aef3dd4179e,wlan_drv_gen4m_6878,CHIP_TOKEN;PATH,gen4m,kernel_modules,connectivity/wlan/core/gen4m/include/chips/coda/mt6653/conn_mcu_confg_ls.h,,<path hit>
fc3e8a5d97296d8058965c444759e74415e871f0bbdabe2427f66aef3dd4179e,wlan_drv_gen4m_6878,CHIP_TOKEN;PATH,gen4m,kernel_modules,connectivity/wlan/core/gen4m/include/chips/coda/mt6653/conn_mcu_bus_cr.h,,<path hit>
fc3e8a5d97296d8058965c444759e74415e871f0bbdabe2427f66aef3dd4179e,wlan_drv_gen4m_6878,CHIP_TOKEN;PATH,gen4m,kernel_modules,connectivity/wlan/core/gen4m/include/chips/coda/mt7925/conn_rgu_on.h,,<path hit>
fc3e8a5d97296d8058965c444759e74415e871f0bbdabe2427f66aef3dd4179e,wlan_drv_gen4m_6878,CHIP_TOKEN;PATH,gen4m,kernel_modules,connectivity/wlan/core/gen4m/include/chips/coda/mt7925/conn_mcu_bus_cr.h,,<path hit>
fc3e8a5d97296d8058965c444759e74415e871f0bbdabe2427f66aef3dd4179e,wlan_drv_gen4m_6878,CHIP_TOKEN;PATH,gen4m,kernel_modules,connectivity/wlan/core/gen4m/include/chips/coda/mt6653/conn_host_csr_top.h,,<path hit>
fc3e8a5d97296d8058965c444759e74415e871f0bbdabe2427f66aef3dd4179e,wlan_drv_gen4m_6878,CHIP_TOKEN;PATH,gen4m,kernel_modules,connectivity/wlan/core/gen4m/include/chips/coda/mt7925/conn_rf_spi_mst_reg.h,,<path hit>
fc3e8a5d97296d8058965c444759e74415e871f0bbdabe2427f66aef3dd4179e,wlan_drv_gen4m_6878,CHIP_TOKEN;PATH,gen4m,kernel_modules,connectivity/wlan/core/gen4m/include/chips/coda/mt6653/conn_gpio.h,,<path hit>
fc3e8a5d97296d8058965c444759e74415e871f0bbdabe2427f66aef3dd4179e,wlan_drv_gen4m_6878,CHIP_TOKEN;PATH,gen4m,kernel_modules,connectivity/wlan/core/gen4m/include/chips/coda/mt7925/conn_mcu_confg_ls.h,,<path hit>
fc3e8a5d97296d8058965c444759e74415e871f0bbdabe2427f66aef3dd4179e,wlan_drv_gen4m_6878,CHIP_TOKEN;PATH,gen4m,kernel_modules,connectivity/wlan/core/gen4m/include/chips/coda/mt6653/conn_dbg_ctl.h,,<path hit>
fc3e8a5d97296d8058965c444759e74415e871f0bbdabe2427f66aef3dd4179e,wlan_drv_gen4m_6878,CHIP_TOKEN;PATH,gen4m,kernel_modules,connectivity/wlan/core/gen4m/include/chips/coda/mt6653/conn_clkgen_top.h,,<path hit>
fc3e8a5d97296d8058965c444759e74415e871f0bbdabe2427f66aef3dd4179e,wlan_drv_gen4m_6878,CHIP_TOKEN;PATH,gen4m,kernel_modules,connectivity/wlan/core/gen4m/include/chips/coda/mt7925/conn_dbg_ctl.h,,<path hit>
fc3e8a5d97296d8058965c444759e74415e871f0bbdabe2427f66aef3dd4179e,wlan_drv_gen4m_6878,CHIP_TOKEN;PATH,gen4m,kernel_modules,connectivity/wlan/core/gen4m/include/chips/coda/mt7925/conn_gpio.h,,<path hit>
fc3e8a5d97296d8058965c444759e74415e871f0bbdabe2427f66aef3dd4179e,wlan_drv_gen4m_6878,CHIP_TOKEN;PATH,gen4m,kernel_modules,connectivity/wlan/core/gen4m/include/chips/coda/mt7925/conn_host_csr_top.h,,<path hit>
fc3e8a5d97296d8058965c444759e74415e871f0bbdabe2427f66aef3dd4179e,wlan_drv_gen4m_6878,CHIP_TOKEN;PATH,gen4m,kernel_modules,connectivity/wlan/core/gen4m/include/chips/coda/mt6639/wf_wtblon_top.h,,<path hit>
fc3e8a5d97296d8058965c444759e74415e871f0bbdabe2427f66aef3dd4179e,wlan_drv_gen4m_6878,CHIP_TOKEN;PATH,gen4m,kernel_modules,connectivity/wlan/core/gen4m/include/chips/coda/mt6639/wf_wfdma_mcu_dma0.h,,<path hit>
fc3e8a5d97296d8058965c444759e74415e871f0bbdabe2427f66aef3dd4179e,wlan_drv_gen4m_6878,CHIP_TOKEN;PATH,gen4m,kernel_modules,connectivity/wlan/core/gen4m/include/chips/coda/mt6639/wf_wfdma_host_dma0.h,,<path hit>
fc3e8a5d97296d8058965c444759e74415e871f0bbdabe2427f66aef3dd4179e,wlan_drv_gen4m_6878,CHIP_TOKEN;PATH,gen4m,kernel_modules,connectivity/wlan/core/gen4m/include/chips/coda/mt6639/wf_wfdma_ext_wrap_csr.h,,<path hit>
fc3e8a5d97296d8058965c444759e74415e871f0bbdabe2427f66aef3dd4179e,wlan_drv_gen4m_6878,CHIP_TOKEN;PATH,gen4m,kernel_modules,connectivity/wlan/core/gen4m/include/chips/coda/mt6639/wf_uwtbl_top.h,,<path hit>
fc3e8a5d97296d8058965c444759e74415e871f0bbdabe2427f66aef3dd4179e,wlan_drv_gen4m_6878,CHIP_TOKEN;PATH,gen4m,kernel_modules,connectivity/wlan/core/gen4m/include/chips/coda/mt6639/wf_umib_top.h,,<path hit>
fc3e8a5d97296d8058965c444759e74415e871f0bbdabe2427f66aef3dd4179e,wlan_drv_gen4m_6878,CHIP_TOKEN;PATH,gen4m,kernel_modules,connectivity/wlan/core/gen4m/include/chips/coda/mt6639/wf_top_cfg_on.h,,<path hit>
fc3e8a5d97296d8058965c444759e74415e871f0bbdabe2427f66aef3dd4179e,wlan_drv_gen4m_6878,CHIP_TOKEN;PATH,gen4m,kernel_modules,connectivity/wlan/core/gen4m/include/chips/coda/mt6639/wf_top_cfg.h,,<path hit>
fc3e8a5d97296d8058965c444759e74415e871f0bbdabe2427f66aef3dd4179e,wlan_drv_gen4m_6878,CHIP_TOKEN;PATH,gen4m,kernel_modules,connectivity/wlan/core/gen4m/chips/soc3_0/soc3_0.c,,<path hit>
fc3e8a5d97296d8058965c444759e74415e871f0bbdabe2427f66aef3dd4179e,wlan_drv_gen4m_6878,CHIP_TOKEN;PATH,gen4m,kernel_modules,connectivity/wlan/core/gen4m/include/chips/coda/mt6639/wf_rro_top.h,,<path hit>
fc3e8a5d97296d8058965c444759e74415e871f0bbdabe2427f66aef3dd4179e,wlan_drv_gen4m_6878,CHIP_TOKEN;PATH,gen4m,kernel_modules,connectivity/wlan/core/gen4m/chips/soc3_0/hal_dmashdl_soc3_0.c,,<path hit>
fc3e8a5d97296d8058965c444759e74415e871f0bbdabe2427f66aef3dd4179e,wlan_drv_gen4m_6878,CHIP_TOKEN;PATH,gen4m,kernel_modules,connectivity/wlan/core/gen4m/include/chips/coda/mt6639/wf_pse_top.h,,<path hit>
fc3e8a5d97296d8058965c444759e74415e871f0bbdabe2427f66aef3dd4179e,wlan_drv_gen4m_6878,CHIP_TOKEN;PATH,gen4m,kernel_modules,connectivity/wlan/core/gen4m/include/chips/coda/mt6639/wf_ple_top.h,,<path hit>
fc3e8a5d97296d8058965c444759e74415e871f0bbdabe2427f66aef3dd4179e,wlan_drv_gen4m_6878,CHIP_TOKEN;PATH,gen4m,kernel_modules,connectivity/wlan/core/gen4m/chips/soc3_0/dbg_soc3_0.c,,<path hit>
fc3e8a5d97296d8058965c444759e74415e871f0bbdabe2427f66aef3dd4179e,wlan_drv_gen4m_6878,CHIP_TOKEN;PATH,gen4m,kernel_modules,connectivity/wlan/core/gen4m/include/chips/coda/mt6639/wf_mcusys_vdnr_gen_bus_u_debug_ctrl_ao.h,,<path hit>
fc3e8a5d97296d8058965c444759e74415e871f0bbdabe2427f66aef3dd4179e,wlan_drv_gen4m_6878,CHIP_TOKEN;PATH,gen4m,kernel_modules,connectivity/wlan/core/gen4m/include/chips/coda/mt6639/wf_hif_dmashdl_top.h,,<path hit>
fc3e8a5d97296d8058965c444759e74415e871f0bbdabe2427f66aef3dd4179e,wlan_drv_gen4m_6878,CHIP_TOKEN;PATH,gen4m,kernel_modules,connectivity/wlan/core/gen4m/include/chips/coda/mt6639/wf_ds_uwtbl.h,,<path hit>
fc3e8a5d97296d8058965c444759e74415e871f0bbdabe2427f66aef3dd4179e,wlan_drv_gen4m_6878,CHIP_TOKEN;PATH,gen4m,kernel_modules,connectivity/wlan/core/gen4m/include/chips/coda/mt6639/wf_ds_lwtbl.h,,<path hit>
fc3e8a5d97296d8058965c444759e74415e871f0bbdabe2427f66aef3dd4179e,wlan_drv_gen4m_6878,CHIP_TOKEN;PATH,gen4m,kernel_modules,connectivity/wlan/core/gen4m/include/chips/coda/mt6639/wf_cr_sw_def.h,,<path hit>
fc3e8a5d97296d8058965c444759e74415e871f0bbdabe2427f66aef3dd4179e,wlan_drv_gen4m_6878,CHIP_TOKEN;PATH,gen4m,kernel_modules,connectivity/wlan/core/gen4m/include/chips/coda/mt6639/wf2ap_conn_infra_on_ccif4.h,,<path hit>
fc3e8a5d97296d8058965c444759e74415e871f0bbdabe2427f66aef3dd4179e,wlan_drv_gen4m_6878,CHIP_TOKEN;PATH,gen4m,kernel_modules,connectivity/wlan/core/gen4m/include/chips/coda/mt6639/vlp_uds_ctrl.h,,<path hit>
fc3e8a5d97296d8058965c444759e74415e871f0bbdabe2427f66aef3dd4179e,wlan_drv_gen4m_6878,CHIP_TOKEN;PATH,gen4m,kernel_modules,connectivity/wlan/core/gen4m/include/chips/coda/mt6639/top_misc.h,,<path hit>
fc3e8a5d97296d8058965c444759e74415e871f0bbdabe2427f66aef3dd4179e,wlan_drv_gen4m_6878,CHIP_TOKEN;PATH,gen4m,kernel_modules,connectivity/wlan/core/gen4m/include/chips/coda/mt6639/ssusb_epctl_csr.h,,<path hit>
fc3e8a5d97296d8058965c444759e74415e871f0bbdabe2427f66aef3dd4179e,wlan_drv_gen4m_6878,CHIP_TOKEN;PATH,gen4m,kernel_modules,connectivity/wlan/core/gen4m/include/chips/coda/mt6639/pcie_mac_ireg.h,,<path hit>
fc3e8a5d97296d8058965c444759e74415e871f0bbdabe2427f66aef3dd4179e,wlan_drv_gen4m_6878,CHIP_TOKEN;PATH,gen4m,kernel_modules,connectivity/wlan/core/gen4m/include/chips/coda/mt6639/mawd_reg.h,,<path hit>
fc3e8a5d97296d8058965c444759e74415e871f0bbdabe2427f66aef3dd4179e,wlan_drv_gen4m_6878,CHIP_TOKEN;PATH,gen4m,kernel_modules,connectivity/wlan/core/gen4m/include/chips/coda/mt6639/hal_common.h,,<path hit>
fc3e8a5d97296d8058965c444759e74415e871f0bbdabe2427f66aef3dd4179e,wlan_drv_gen4m_6878,CHIP_TOKEN;PATH,gen4m,kernel_modules,connectivity/wlan/core/gen4m/include/chips/coda/mt6639/eef_top.h,,<path hit>
fc3e8a5d97296d8058965c444759e74415e871f0bbdabe2427f66aef3dd4179e,wlan_drv_gen4m_6878,CHIP_TOKEN;PATH,gen4m,kernel_modules,connectivity/wlan/core/gen4m/include/chips/coda/mt6639/conn_wt_slp_ctl_reg.h,,<path hit>
fc3e8a5d97296d8058965c444759e74415e871f0bbdabe2427f66aef3dd4179e,wlan_drv_gen4m_6878,CHIP_TOKEN;PATH,gen4m,kernel_modules,connectivity/wlan/core/gen4m/include/chips/coda/mt6639/conn_semaphore.h,,<path hit>
fc3e8a5d97296d8058965c444759e74415e871f0bbdabe2427f66aef3dd4179e,wlan_drv_gen4m_6878,CHIP_TOKEN;PATH,gen4m,kernel_modules,connectivity/wlan/core/gen4m/include/chips/coda/mt6639/conn_rgu_on.h,,<path hit>
fc3e8a5d97296d8058965c444759e74415e871f0bbdabe2427f66aef3dd4179e,wlan_drv_gen4m_6878,CHIP_TOKEN;PATH,gen4m,kernel_modules,connectivity/wlan/core/gen4m/include/chips/coda/mt6639/conn_rf_spi_mst_reg.h,,<path hit>
fc3e8a5d97296d8058965c444759e74415e871f0bbdabe2427f66aef3dd4179e,wlan_drv_gen4m_6878,CHIP_TOKEN;PATH,gen4m,kernel_modules,connectivity/wlan/core/gen4m/include/chips/coda/mt6639/conn_mcu_confg_ls.h,,<path hit>
fc3e8a5d97296d8058965c444759e74415e871f0bbdabe2427f66aef3dd4179e,wlan_drv_gen4m_6878,CHIP_TOKEN;PATH,gen4m,kernel_modules,connectivity/wlan/core/gen4m/include/chips/coda/mt6639/conn_mcu_bus_cr.h,,<path hit>
fc3e8a5d97296d8058965c444759e74415e871f0bbdabe2427f66aef3dd4179e,wlan_drv_gen4m_6878,CHIP_TOKEN;PATH,gen4m,kernel_modules,connectivity/wlan/core/gen4m/include/chips/coda/mt6639/conn_host_csr_top.h,,<path hit>
fc3e8a5d97296d8058965c444759e74415e871f0bbdabe2427f66aef3dd4179e,wlan_drv_gen4m_6878,CHIP_TOKEN;PATH,gen4m,kernel_modules,connectivity/wlan/core/gen4m/include/chips/coda/mt6639/conn_gpio.h,,<path hit>
fc3e8a5d97296d8058965c444759e74415e871f0bbdabe2427f66aef3dd4179e,wlan_drv_gen4m_6878,CHIP_TOKEN;PATH,gen4m,kernel_modules,connectivity/wlan/core/gen4m/include/chips/coda/mt6639/conn_dbg_ctl.h,,<path hit>
fc3e8a5d97296d8058965c444759e74415e871f0bbdabe2427f66aef3dd4179e,wlan_drv_gen4m_6878,CHIP_TOKEN;PATH,gen4m,kernel_modules,connectivity/wlan/core/gen4m/include/chips/coda/mt6639/conn_clkgen_top.h,,<path hit>
fc3e8a5d97296d8058965c444759e74415e871f0bbdabe2427f66aef3dd4179e,wlan_drv_gen4m_6878,CHIP_TOKEN;PATH,gen4m,kernel_modules,connectivity/wlan/core/gen4m/include/chips/coda/mt6639/conn_cfg_on.h,,<path hit>
fc3e8a5d97296d8058965c444759e74415e871f0bbdabe2427f66aef3dd4179e,wlan_drv_gen4m_6878,CHIP_TOKEN;PATH,gen4m,kernel_modules,connectivity/wlan/core/gen4m/include/chips/coda/mt6639/conn_cfg.h,,<path hit>
fc3e8a5d97296d8058965c444759e74415e871f0bbdabe2427f66aef3dd4179e,wlan_drv_gen4m_6878,CHIP_TOKEN;PATH,gen4m,kernel_modules,connectivity/wlan/core/gen4m/include/chips/coda/mt6639/conn_bus_cr_von.h,,<path hit>
fc3e8a5d97296d8058965c444759e74415e871f0bbdabe2427f66aef3dd4179e,wlan_drv_gen4m_6878,CHIP_TOKEN;PATH,gen4m,kernel_modules,connectivity/wlan/core/gen4m/include/chips/coda/mt6639/conn_bus_cr_on.h,,<path hit>
fc3e8a5d97296d8058965c444759e74415e871f0bbdabe2427f66aef3dd4179e,wlan_drv_gen4m_6878,CHIP_TOKEN;PATH,gen4m,kernel_modules,connectivity/wlan/core/gen4m/include/chips/coda/mt6639/conn_bus_cr.h,,<path hit>
fc3e8a5d97296d8058965c444759e74415e871f0bbdabe2427f66aef3dd4179e,wlan_drv_gen4m_6878,CHIP_TOKEN;PATH,gen4m,kernel_modules,connectivity/wlan/core/gen4m/include/chips/coda/mt6639/cbtop_gpio_sw_def.h,,<path hit>
fc3e8a5d97296d8058965c444759e74415e871f0bbdabe2427f66aef3dd4179e,wlan_drv_gen4m_6878,CHIP_TOKEN;PATH,gen4m,kernel_modules,connectivity/wlan/core/gen4m/include/chips/coda/mt6639/cb_infra_slp_ctrl.h,,<path hit>
fc3e8a5d97296d8058965c444759e74415e871f0bbdabe2427f66aef3dd4179e,wlan_drv_gen4m_6878,CHIP_TOKEN;PATH,gen4m,kernel_modules,connectivity/wlan/core/gen4m/include/chips/coda/mt6639/cb_infra_rgu.h,,<path hit>
fc3e8a5d97296d8058965c444759e74415e871f0bbdabe2427f66aef3dd4179e,wlan_drv_gen4m_6878,CHIP_TOKEN;PATH,gen4m,kernel_modules,connectivity/wlan/core/gen4m/include/chips/coda/mt6639/cb_infra_misc0.h,,<path hit>
fc3e8a5d97296d8058965c444759e74415e871f0bbdabe2427f66aef3dd4179e,wlan_drv_gen4m_6878,CHIP_TOKEN;PATH,gen4m,kernel_modules,connectivity/wlan/core/gen4m/include/chips/coda/mt6639/cb_ckgen_top.h,,<path hit>
fc3e8a5d97296d8058965c444759e74415e871f0bbdabe2427f66aef3dd4179e,wlan_drv_gen4m_6878,CHIP_TOKEN;PATH,gen4m,kernel_modules,connectivity/wlan/core/gen4m/include/chips/coda/mt6639/bn1_wf_mib_top.h,,<path hit>
fc3e8a5d97296d8058965c444759e74415e871f0bbdabe2427f66aef3dd4179e,wlan_drv_gen4m_6878,CHIP_TOKEN;PATH,gen4m,kernel_modules,connectivity/wlan/core/gen4m/include/chips/coda/mt6639/bn0_wf_mib_top.h,,<path hit>
fc3e8a5d97296d8058965c444759e74415e871f0bbdabe2427f66aef3dd4179e,wlan_drv_gen4m_6878,CHIP_TOKEN;PATH,gen4m,kernel_modules,connectivity/wlan/core/gen4m/include/chips/coda/mt6639/bcrm_on_pwr_wrapper_u_bcrm_on_pwr_bcrm.h,,<path hit>
fc3e8a5d97296d8058965c444759e74415e871f0bbdabe2427f66aef3dd4179e,wlan_drv_gen4m_6878,CHIP_TOKEN;PATH,gen4m,kernel_modules,connectivity/wlan/core/gen4m/include/chips/coda/mt6639/ap2wf_conn_infra_on_ccif4.h,,<path hit>
fc3e8a5d97296d8058965c444759e74415e871f0bbdabe2427f66aef3dd4179e,wlan_drv_gen4m_6878,CHIP_TOKEN;PATH,gen4m,kernel_modules,connectivity/wlan/core/gen4m/chips/soc2_2x2/soc2_2x2.c,,<path hit>
fc3e8a5d97296d8058965c444759e74415e871f0bbdabe2427f66aef3dd4179e,wlan_drv_gen4m_6878,CHIP_TOKEN;PATH,gen4m,kernel_modules,connectivity/wlan/core/gen4m/chips/soc2_1x1/soc2_1x1.c,,<path hit>
fc3e8a5d97296d8058965c444759e74415e871f0bbdabe2427f66aef3dd4179e,wlan_drv_gen4m_6878,CHIP_TOKEN;PATH,gen4m,kernel_modules,connectivity/wlan/core/gen4m/chips/mt7990/mt7990.c,,<path hit>
fc3e8a5d97296d8058965c444759e74415e871f0bbdabe2427f66aef3dd4179e,wlan_drv_gen4m_6878,CHIP_TOKEN;PATH,gen4m,kernel_modules,connectivity/wlan/core/gen4m/chips/mt7990/hal_dmashdl_mt7990.c,,<path hit>
fc3e8a5d97296d8058965c444759e74415e871f0bbdabe2427f66aef3dd4179e,wlan_drv_gen4m_6878,CHIP_TOKEN;PATH,gen4m,kernel_modules,connectivity/wlan/core/gen4m/chips/mt7990/dbg_mt7990.c,,<path hit>
fc3e8a5d97296d8058965c444759e74415e871f0bbdabe2427f66aef3dd4179e,wlan_drv_gen4m_6878,CHIP_TOKEN;PATH,gen4m,kernel_modules,connectivity/wlan/core/gen4m/chips/mt6653/mt6653.c,,<path hit>
fc3e8a5d97296d8058965c444759e74415e871f0bbdabe2427f66aef3dd4179e,wlan_drv_gen4m_6878,CHIP_TOKEN;PATH,gen4m,kernel_modules,connectivity/wlan/core/gen4m/chips/mt6653/hal_dmashdl_mt6653.c,,<path hit>
fc3e8a5d97296d8058965c444759e74415e871f0bbdabe2427f66aef3dd4179e,wlan_drv_gen4m_6878,CHIP_TOKEN;PATH,gen4m,kernel_modules,connectivity/wlan/core/gen4m/chips/mt6653/dbg_mt6653.c,,<path hit>
fc3e8a5d97296d8058965c444759e74415e871f0bbdabe2427f66aef3dd4179e,wlan_drv_gen4m_6878,CHIP_TOKEN;PATH,gen4m,kernel_modules,connectivity/wlan/core/gen4m/chips/mt7961/mt7961.c,,<path hit>
fc3e8a5d97296d8058965c444759e74415e871f0bbdabe2427f66aef3dd4179e,wlan_drv_gen4m_6878,CHIP_TOKEN;PATH,gen4m,kernel_modules,connectivity/wlan/core/gen4m/chips/mt7961/hal_wfsys_reset_mt7961.c,,<path hit>
fc3e8a5d97296d8058965c444759e74415e871f0bbdabe2427f66aef3dd4179e,wlan_drv_gen4m_6878,CHIP_TOKEN;PATH,gen4m,kernel_modules,connectivity/wlan/core/gen4m/chips/mt7961/hal_dmashdl_mt7961.c,,<path hit>
fc3e8a5d97296d8058965c444759e74415e871f0bbdabe2427f66aef3dd4179e,wlan_drv_gen4m_6878,CHIP_TOKEN;PATH,gen4m,kernel_modules,connectivity/wlan/core/gen4m/chips/mt7961/dbg_mt7961.c,,<path hit>
fc3e8a5d97296d8058965c444759e74415e871f0bbdabe2427f66aef3dd4179e,wlan_drv_gen4m_6878,CHIP_TOKEN;PATH,gen4m,kernel_modules,connectivity/wlan/core/gen4m/chips/common/pre_cal.c,,<path hit>
fc3e8a5d97296d8058965c444759e74415e871f0bbdabe2427f66aef3dd4179e,wlan_drv_gen4m_6878,CHIP_TOKEN;PATH,gen4m,kernel_modules,connectivity/wlan/core/gen4m/chips/common/met_log_emi.c,,<path hit>
fc3e8a5d97296d8058965c444759e74415e871f0bbdabe2427f66aef3dd4179e,wlan_drv_gen4m_6878,CHIP_TOKEN;PATH,gen4m,kernel_modules,connectivity/wlan/core/gen4m/chips/common/fw_log_parser.c,,<path hit>
fc3e8a5d97296d8058965c444759e74415e871f0bbdabe2427f66aef3dd4179e,wlan_drv_gen4m_6878,CHIP_TOKEN;PATH,gen4m,kernel_modules,connectivity/wlan/core/gen4m/chips/common/fw_log_mmio.c,,<path hit>
fc3e8a5d97296d8058965c444759e74415e871f0bbdabe2427f66aef3dd4179e,wlan_drv_gen4m_6878,CHIP_TOKEN;PATH,gen4m,kernel_modules,connectivity/wlan/core/gen4m/chips/common/fw_log_emi.c,,<path hit>
fc3e8a5d97296d8058965c444759e74415e871f0bbdabe2427f66aef3dd4179e,wlan_drv_gen4m_6878,CHIP_TOKEN;PATH,gen4m,kernel_modules,connectivity/wlan/core/gen4m/chips/common/fw_log.c,,<path hit>
fc3e8a5d97296d8058965c444759e74415e871f0bbdabe2427f66aef3dd4179e,wlan_drv_gen4m_6878,CHIP_TOKEN;PATH,gen4m,kernel_modules,connectivity/wlan/core/gen4m/chips/common/fw_dl.c,,<path hit>
fc3e8a5d97296d8058965c444759e74415e871f0bbdabe2427f66aef3dd4179e,wlan_drv_gen4m_6878,CHIP_TOKEN;PATH,gen4m,kernel_modules,connectivity/wlan/core/gen4m/chips/common/dbg_wtbl_connac3x.c,,<path hit>
fc3e8a5d97296d8058965c444759e74415e871f0bbdabe2427f66aef3dd4179e,wlan_drv_gen4m_6878,CHIP_TOKEN;PATH,gen4m,kernel_modules,connectivity/wlan/core/gen4m/chips/common/dbg_connac3x.c,,<path hit>
fc3e8a5d97296d8058965c444759e74415e871f0bbdabe2427f66aef3dd4179e,wlan_drv_gen4m_6878,CHIP_TOKEN;PATH,gen4m,kernel_modules,connectivity/wlan/core/gen4m/chips/common/dbg_connac2x.c,,<path hit>
fc3e8a5d97296d8058965c444759e74415e871f0bbdabe2427f66aef3dd4179e,wlan_drv_gen4m_6878,CHIP_TOKEN;PATH,gen4m,kernel_modules,connectivity/wlan/core/gen4m/chips/common/dbg_connac.c,,<path hit>
fc3e8a5d97296d8058965c444759e74415e871f0bbdabe2427f66aef3dd4179e,wlan_drv_gen4m_6878,CHIP_TOKEN;PATH,gen4m,kernel_modules,connectivity/wlan/core/gen4m/chips/common/cmm_asic_connac3x.c,,<path hit>
fc3e8a5d97296d8058965c444759e74415e871f0bbdabe2427f66aef3dd4179e,wlan_drv_gen4m_6878,CHIP_TOKEN;PATH,gen4m,kernel_modules,connectivity/wlan/core/gen4m/chips/common/cmm_asic_connac2x.c,,<path hit>
fc3e8a5d97296d8058965c444759e74415e871f0bbdabe2427f66aef3dd4179e,wlan_drv_gen4m_6878,CHIP_TOKEN;PATH,gen4m,kernel_modules,connectivity/wlan/core/gen4m/chips/common/cmm_asic_connac.c,,<path hit>
fc3e8a5d97296d8058965c444759e74415e871f0bbdabe2427f66aef3dd4179e,wlan_drv_gen4m_6878,CHIP_TOKEN;PATH,gen4m,kernel_modules,connectivity/wlan/core/gen4m/chips/common/cmm_asic_common.c,,<path hit>
fc3e8a5d97296d8058965c444759e74415e871f0bbdabe2427f66aef3dd4179e,wlan_drv_gen4m_6878,CHIP_TOKEN;PATH,gen4m,kernel_modules,connectivity/wlan/core/gen4m/chips/mt6639/mt6639.c,,<path hit>
fc3e8a5d97296d8058965c444759e74415e871f0bbdabe2427f66aef3dd4179e,wlan_drv_gen4m_6878,CHIP_TOKEN;PATH,gen4m,kernel_modules,connectivity/wlan/core/gen4m/chips/mt6639/hal_wfsys_reset_mt6639.c,,<path hit>
fc3e8a5d97296d8058965c444759e74415e871f0bbdabe2427f66aef3dd4179e,wlan_drv_gen4m_6878,CHIP_TOKEN;PATH,gen4m,kernel_modules,connectivity/wlan/core/gen4m/chips/mt6639/hal_dmashdl_mt6639.c,,<path hit>
fc3e8a5d97296d8058965c444759e74415e871f0bbdabe2427f66aef3dd4179e,wlan_drv_gen4m_6878,CHIP_TOKEN;PATH,gen4m,kernel_modules,connectivity/wlan/core/gen4m/chips/mt6639/dbg_mt6639.c,,<path hit>
fc3e8a5d97296d8058965c444759e74415e871f0bbdabe2427f66aef3dd4179e,wlan_drv_gen4m_6878,CHIP_TOKEN;PATH,gen4m,kernel_modules,connectivity/wlan/core/gen4m/chips/mt7925/mt7925.c,,<path hit>
fc3e8a5d97296d8058965c444759e74415e871f0bbdabe2427f66aef3dd4179e,wlan_drv_gen4m_6878,CHIP_TOKEN;PATH,gen4m,kernel_modules,connectivity/wlan/core/gen4m/chips/mt7925/hal_wfsys_reset_mt7925.c,,<path hit>
fc3e8a5d97296d8058965c444759e74415e871f0bbdabe2427f66aef3dd4179e,wlan_drv_gen4m_6878,CHIP_TOKEN;PATH,gen4m,kernel_modules,connectivity/wlan/core/gen4m/chips/mt7925/hal_dmashdl_mt7925.c,,<path hit>
fc3e8a5d97296d8058965c444759e74415e871f0bbdabe2427f66aef3dd4179e,wlan_drv_gen4m_6878,CHIP_TOKEN;PATH,gen4m,kernel_modules,connectivity/wlan/core/gen4m/chips/mt7925/dbg_mt7925.c,,<path hit>
fc3e8a5d97296d8058965c444759e74415e871f0bbdabe2427f66aef3dd4179e,wlan_drv_gen4m_6878,CHIP_TOKEN;PATH,gen4m,kernel_modules,connectivity/wlan/core/gen4m/chips/mt6632/mt6632.c,,<path hit>
fc3e8a5d97296d8058965c444759e74415e871f0bbdabe2427f66aef3dd4179e,wlan_drv_gen4m_6878,CHIP_TOKEN;PATH,gen4m,kernel_modules,connectivity/wlan/core/gen4m/chips/bellwether/hal_dmashdl_bellwether.c,,<path hit>
fc3e8a5d97296d8058965c444759e74415e871f0bbdabe2427f66aef3dd4179e,wlan_drv_gen4m_6878,CHIP_TOKEN;PATH,gen4m,kernel_modules,connectivity/wlan/core/gen4m/chips/bellwether/dbg_bellwether.c,,<path hit>
fc3e8a5d97296d8058965c444759e74415e871f0bbdabe2427f66aef3dd4179e,wlan_drv_gen4m_6878,CHIP_TOKEN;PATH,gen4m,kernel_modules,connectivity/wlan/core/gen4m/chips/bellwether/bellwether.c,,<path hit>
fc3e8a5d97296d8058965c444759e74415e871f0bbdabe2427f66aef3dd4179e,wlan_drv_gen4m_6878,CHIP_TOKEN;PATH,gen4m,kernel_modules,connectivity/wlan/core/gen4m/build_wlan_drv.mk,,<path hit>
fc3e8a5d97296d8058965c444759e74415e871f0bbdabe2427f66aef3dd4179e,wlan_drv_gen4m_6878,CHIP_TOKEN;PATH,gen4m,kernel_modules,connectivity/wlan/core/gen4m/chips/connac/connac.c,,<path hit>
fc3e8a5d97296d8058965c444759e74415e871f0bbdabe2427f66aef3dd4179e,wlan_drv_gen4m_6878,CHIP_TOKEN;PATH,gen4m,kernel_modules,connectivity/wlan/core/gen4m/chips/mt7915/dbg_mt7915.c,,<path hit>
fc3e8a5d97296d8058965c444759e74415e871f0bbdabe2427f66aef3dd4179e,wlan_drv_gen4m_6878,CHIP_TOKEN;PATH,gen4m,kernel_modules,connectivity/wlan/core/gen4m/chips/mt7915/mt7915.c,,<path hit>
fc3e8a5d97296d8058965c444759e74415e871f0bbdabe2427f66aef3dd4179e,wlan_drv_gen4m_6878,CHIP_TOKEN;PATH,gen4m,kernel_modules,connectivity/wlan/core/gen4m/chips/mt7663/mt7663.c,,<path hit>
fc3e8a5d97296d8058965c444759e74415e871f0bbdabe2427f66aef3dd4179e,wlan_drv_gen4m_6878,CHIP_TOKEN;PATH,gen4m,kernel_modules,connectivity/wlan/core/gen4m/chips/mt7668/mt7668.c,,<path hit>
fc3e8a5d97296d8058965c444759e74415e871f0bbdabe2427f66aef3dd4179e,wlan_drv_gen4m_6878,CHIP_TOKEN;PATH,gen4m,kernel_modules,connectivity/wlan/core/gen4m/chips/mt6655/mt6655.c,,<path hit>
fc3e8a5d97296d8058965c444759e74415e871f0bbdabe2427f66aef3dd4179e,wlan_drv_gen4m_6878,CHIP_TOKEN;PATH,gen4m,kernel_modules,connectivity/wlan/core/gen4m/chips/mt6655/hal_dmashdl_mt6655.c,,<path hit>
fc3e8a5d97296d8058965c444759e74415e871f0bbdabe2427f66aef3dd4179e,wlan_drv_gen4m_6878,CHIP_TOKEN;PATH,gen4m,kernel_modules,connectivity/wlan/core/gen4m/chips/mt6655/dbg_mt6655.c,,<path hit>
